item,path,interval_ms,gt,pred,margin,lpA,lpB,lpC,lpD,n_frames,queried,top_token,response
order_real,data/videos_v3/int_67ms/v3_67_00000.avi,67,1,0,-0.2996,-10.0028,-10.2519,-11.1259,-10.8762,8,b,NO,NO.
order_rev,data/videos_v3/int_67ms/v3_67_00000.avi,67,1,0,-0.0711,-7.7946,-10.5433,-11.2299,-10.8547,8,b,NO,NO.
order_forced,data/videos_v3/int_67ms/v3_67_00000.avi,67,1,1,0.1254,-1.7211,-1.8465,-4.3457,-8.2164,8,b,The,The cyan square moved first.
interval,data/videos_v3/int_67ms/v3_67_00000.avi,67,A,B,,-1.5639,-1.1666,-1.447,-1.5669,8,b,(B,(B) 1-2 seconds
order_32f,data/videos_v3/int_67ms/v3_67_00000.avi,67,1,0,-0.5444,-9.9195,-10.2928,-11.1672,-10.8552,32,b,NO,NO.
moved_real,data/videos_v3/int_67ms/v3_67_00000.avi,67,1,0,-0.5351,-10.1436,-11.2662,-11.0166,-10.8293,8,b,NO,NO.
moved_twin,data/twin_v3/v3_67_00000.avi,67,0,0,-3.6108,-10.4266,-11.7373,-11.1127,-10.8636,8,b,NO,NO.
still_real,data/videos_v3/int_67ms/v3_67_00000.avi,67,0,1,0.3425,-9.9214,-10.7331,-11.5436,-10.8573,8,b,YES,YES.
still_twin,data/twin_v3/v3_67_00000.avi,67,1,1,2.2798,-10.2415,-11.3034,-12.0507,-11.4885,8,b,YES,YES.
order_twin,data/twin_v3/v3_67_00000.avi,67,-1,0,-2.2824,-9.958,-10.3943,-11.0817,-10.8317,8,b,NO,NO.
moved_solo_hit,data/videos_v3/int_67ms/v3_67_00000_solob.avi,67,1,0,-0.5223,-10.26,-11.1958,-11.1329,-10.946,8,b,NO,NO.
moved_solo_fa,data/videos_v3/int_67ms/v3_67_00000_soloa.avi,67,0,0,-3.1242,-10.3022,-11.6128,-11.0508,-10.7389,8,b,NO,NO.
order_real,data/videos_v3/int_67ms/v3_67_00001.avi,67,1,0,-0.4264,-10.0172,-10.4535,-11.0781,-11.0155,8,b,NO,NO.
order_rev,data/videos_v3/int_67ms/v3_67_00001.avi,67,1,0,-0.0528,-8.0147,-10.7005,-11.0131,-10.9502,8,b,NO,NO.
order_forced,data/videos_v3/int_67ms/v3_67_00001.avi,67,1,1,0.0001,-1.3948,-1.3949,-3.7697,-9.2677,8,b,The,The cyan square moved first.
interval,data/videos_v3/int_67ms/v3_67_00001.avi,67,A,A,,-1.3059,-1.27,-1.6809,-1.5559,8,b,(A,(A) Less than 1 second
order_32f,data/videos_v3/int_67ms/v3_67_00001.avi,67,1,0,-0.6778,-10.0688,-10.5053,-11.2547,-11.005,32,b,NO,NO.
moved_real,data/videos_v3/int_67ms/v3_67_00001.avi,67,1,0,-1.117,-9.986,-11.3589,-10.9221,-10.9223,8,b,NO,NO.
moved_twin,data/twin_v3/v3_67_00001.avi,67,0,0,-3.0681,-10.5277,-11.9008,-11.339,-11.4017,8,b,NO,NO.
still_real,data/videos_v3/int_67ms/v3_67_00001.avi,67,0,0,-0.5111,-9.9654,-10.7148,-11.4008,-10.9011,8,b,NO,NO.
still_twin,data/twin_v3/v3_67_00001.avi,67,1,1,1.5383,-10.2988,-11.3605,-11.8592,-11.6712,8,b,YES,YES.
order_twin,data/twin_v3/v3_67_00001.avi,67,-1,0,-1.6604,-9.9847,-10.5459,-11.1705,-11.1702,8,b,NO,NO.
moved_solo_hit,data/videos_v3/int_67ms/v3_67_00001_solob.avi,67,1,0,-1.737,-10.2588,-11.4447,-11.2573,-11.1328,8,b,NO,NO.
moved_solo_fa,data/videos_v3/int_67ms/v3_67_00001_soloa.avi,67,0,0,-0.4183,-9.9507,-11.137,-10.8872,-10.8869,8,b,NO,NO.
order_real,data/videos_v3/int_67ms/v3_67_00002.avi,67,1,0,-0.6838,-9.7673,-10.0782,-11.3275,-10.7031,8,a,NO,NO.
order_rev,data/videos_v3/int_67ms/v3_67_00002.avi,67,1,0,-0.4658,-7.6243,-10.4351,-11.434,-10.8093,8,a,NO,NO.
order_forced,data/videos_v3/int_67ms/v3_67_00002.avi,67,1,1,0.1254,-1.8771,-2.0025,-7.2504,-8.9973,8,a,The,The magenta square moved first.
interval,data/videos_v3/int_67ms/v3_67_00002.avi,67,A,B,,-1.5141,-1.127,-1.3935,-1.6422,8,a,(B,(B) 1-2 seconds
order_32f,data/videos_v3/int_67ms/v3_67_00002.avi,67,1,0,-1.5626,-9.8287,-10.2019,-11.4514,-10.7021,32,a,NO,NO.
moved_real,data/videos_v3/int_67ms/v3_67_00002.avi,67,1,0,-1.3151,-9.9501,-11.0731,-11.572,-10.6361,8,a,NO,NO.
moved_twin,data/twin_v3/v3_67_00002.avi,67,0,0,-3.4008,-10.0419,-11.4772,-11.6645,-10.7283,8,a,NO,NO.
still_real,data/videos_v3/int_67ms/v3_67_00002.avi,67,0,1,1.1839,-9.9113,-10.7861,-11.7207,-11.0342,8,a,YES,YES.
still_twin,data/twin_v3/v3_67_00002.avi,67,1,1,2.4857,-10.07,-11.1319,-11.9412,-11.317,8,a,YES,YES.
order_twin,data/twin_v3/v3_67_00002.avi,67,-1,0,-1.7034,-9.6148,-10.051,-11.1756,-10.5507,8,a,NO,NO.
moved_solo_hit,data/videos_v3/int_67ms/v3_67_00002_soloa.avi,67,1,0,-1.1738,-9.9033,-11.1504,-11.525,-10.5892,8,a,NO,NO.
moved_solo_fa,data/videos_v3/int_67ms/v3_67_00002_solob.avi,67,0,0,-3.5498,-10.1621,-11.5975,-11.7848,-10.786,8,a,NO,NO.
order_real,data/videos_v3/int_67ms/v3_67_00003.avi,67,0,0,-1.2909,-9.8948,-10.2059,-11.268,-10.7683,8,a,NO,NO.
order_rev,data/videos_v3/int_67ms/v3_67_00003.avi,67,0,0,-0.2279,-7.5487,-10.422,-11.2341,-10.921,8,a,NO,NO.
order_forced,data/videos_v3/int_67ms/v3_67_00003.avi,67,0,1,0.1253,-1.7951,-1.9204,-5.4194,-8.9159,8,a,The,The magenta square moved first.
interval,data/videos_v3/int_67ms/v3_67_00003.avi,67,A,B,,-1.5143,-1.1303,-1.3949,-1.6425,8,a,(B,(B) 1-2 seconds
order_32f,data/videos_v3/int_67ms/v3_67_00003.avi,67,0,0,-2.4025,-10.0359,-10.534,-11.5338,-10.7846,32,a,NO,NO.
moved_real,data/videos_v3/int_67ms/v3_67_00003.avi,67,1,0,-2.4242,-10.217,-11.3401,-11.7143,-10.716,8,a,NO,NO.
moved_twin,data/twin_v3/v3_67_00003.avi,67,0,0,-3.5416,-10.3008,-11.6739,-11.7987,-10.8622,8,a,NO,NO.
still_real,data/videos_v3/int_67ms/v3_67_00003.avi,67,0,1,0.7082,-10.0695,-10.8192,-11.6921,-11.0051,8,a,YES,YES.
still_twin,data/twin_v3/v3_67_00003.avi,67,1,1,2.3748,-10.2537,-11.3156,-12.0627,-11.376,8,a,YES,YES.
order_twin,data/twin_v3/v3_67_00003.avi,67,-1,0,-2.0685,-9.9183,-10.4166,-11.2917,-10.7917,8,a,NO,NO.
moved_solo_hit,data/videos_v3/int_67ms/v3_67_00003_soloa.avi,67,1,0,-1.6601,-9.9806,-11.0405,-11.602,-10.6041,8,a,NO,NO.
moved_solo_fa,data/videos_v3/int_67ms/v3_67_00003_solob.avi,67,0,0,-3.6242,-10.4073,-11.8429,-11.9052,-10.9689,8,a,NO,NO.
order_real,data/videos_v3/int_67ms/v3_67_00004.avi,67,0,0,-1.2482,-9.9228,-10.2966,-11.3587,-10.9837,8,b,NO,NO.
order_rev,data/videos_v3/int_67ms/v3_67_00004.avi,67,0,0,-0.2997,-8.065,-10.6261,-11.4383,-10.9381,8,b,NO,NO.
order_forced,data/videos_v3/int_67ms/v3_67_00004.avi,67,0,1,-0.3748,-1.4883,-1.1135,-6.7368,-8.7334,8,b,The,The blue triangle moved first.
interval,data/videos_v3/int_67ms/v3_67_00004.avi,67,A,B,,-1.3169,-1.1668,-1.5734,-1.6919,8,b,(B,(B) 1-2 seconds
order_32f,data/videos_v3/int_67ms/v3_67_00004.avi,67,0,0,-1.3893,-9.812,-10.3104,-11.56,-10.9353,32,b,NO,NO.
moved_real,data/videos_v3/int_67ms/v3_67_00004.avi,67,1,1,0.5658,-10.1465,-11.2697,-11.5823,-11.2067,8,b,YES,YES.
moved_twin,data/twin_v3/v3_67_00004.avi,67,0,0,-2.3866,-10.3091,-11.5565,-11.6201,-10.9954,8,b,NO,NO.
still_real,data/videos_v3/int_67ms/v3_67_00004.avi,67,0,0,-1.08,-10.1008,-10.6627,-11.4739,-10.7245,8,b,NO,NO.
still_twin,data/twin_v3/v3_67_00004.avi,67,1,1,1.3992,-10.3024,-11.364,-12.0498,-11.4875,8,b,YES,YES.
order_twin,data/twin_v3/v3_67_00004.avi,67,-1,0,-2.1364,-9.9223,-10.3583,-11.3582,-11.0453,8,b,NO,NO.
moved_solo_hit,data/videos_v3/int_67ms/v3_67_00004_solob.avi,67,1,1,0.6717,-10.3825,-11.443,-11.7555,-11.2553,8,b,YES,YES.
moved_solo_fa,data/videos_v3/int_67ms/v3_67_00004_soloa.avi,67,0,0,-2.5016,-10.4139,-11.6614,-11.7249,-11.1002,8,b,NO,NO.
order_real,data/videos_v3/int_67ms/v3_67_00005.avi,67,0,0,-1.3152,-9.8299,-10.2038,-11.0785,-10.8285,8,a,NO,NO.
order_rev,data/videos_v3/int_67ms/v3_67_00005.avi,67,0,0,-0.6963,-7.668,-10.4167,-11.1037,-10.7285,8,a,NO,NO.
order_forced,data/videos_v3/int_67ms/v3_67_00005.avi,67,0,1,0.0004,-1.5195,-1.5199,-5.2685,-8.3901,8,a,The,The yellow square moved first.
interval,data/videos_v3/int_67ms/v3_67_00005.avi,67,A,A,,-1.2794,-1.2302,-1.6544,-1.7711,8,a,(A,(A) Less than 1 second
order_32f,data/videos_v3/int_67ms/v3_67_00005.avi,67,0,0,-1.5591,-9.8639,-10.3626,-11.4243,-10.8625,32,a,NO,NO.
moved_real,data/videos_v3/int_67ms/v3_67_00005.avi,67,1,0,-0.6839,-10.0168,-11.0776,-11.3895,-10.5779,8,a,NO,NO.
moved_twin,data/twin_v3/v3_67_00005.avi,67,0,0,-2.3979,-10.2766,-11.4002,-11.5873,-10.7133,8,a,NO,NO.
still_real,data/videos_v3/int_67ms/v3_67_00005.avi,67,0,1,0.9176,-10.1713,-11.108,-11.8565,-11.1694,8,a,YES,YES.
still_twin,data/twin_v3/v3_67_00005.avi,67,1,1,2.2498,-10.3272,-11.4515,-12.1991,-11.5126,8,a,YES,YES.
order_twin,data/twin_v3/v3_67_00005.avi,67,-1,0,-2.5521,-9.8948,-10.4559,-11.1435,-10.8935,8,a,NO,NO.
moved_solo_hit,data/videos_v3/int_67ms/v3_67_00005_soloa.avi,67,1,0,-0.3371,-9.8796,-11.0657,-11.5015,-10.5653,8,a,NO,NO.
moved_solo_fa,data/videos_v3/int_67ms/v3_67_00005_solob.avi,67,0,0,-2.2037,-10.1691,-11.3549,-11.6667,-10.668,8,a,NO,NO.
order_real,data/videos_v3/int_67ms/v3_67_00006.avi,67,1,0,-2.1155,-10.052,-10.6134,-11.5507,-11.1755,8,b,NO,NO.
order_rev,data/videos_v3/int_67ms/v3_67_00006.avi,67,1,0,-0.9322,-8.0797,-10.7036,-11.3282,-11.0155,8,b,NO,NO.
order_forced,data/videos_v3/int_67ms/v3_67_00006.avi,67,1,1,-0.1248,-1.3093,-1.1845,-6.9333,-9.4319,8,b,The,The red square moved first.
interval,data/videos_v3/int_67ms/v3_67_00006.avi,67,A,A,,-1.2588,-1.3429,-1.7588,-1.5038,8,b,(A,(A) Less than 1 second
order_32f,data/videos_v3/int_67ms/v3_67_00006.avi,67,1,0,-2.8225,-10.1924,-11.0038,-11.8789,-11.1914,32,b,NO,NO.
moved_real,data/videos_v3/int_67ms/v3_67_00006.avi,67,1,0,-2.9723,-10.2851,-11.7214,-11.6591,-11.2215,8,b,NO,NO.
moved_twin,data/twin_v3/v3_67_00006.avi,67,0,0,-2.8599,-10.3032,-11.7394,-11.8019,-11.3021,8,b,NO,NO.
still_real,data/videos_v3/int_67ms/v3_67_00006.avi,67,0,1,1.6465,-10.312,-11.4988,-12.1848,-11.7475,8,b,YES,YES.
still_twin,data/twin_v3/v3_67_00006.avi,67,1,1,1.5405,-10.2246,-11.4738,-12.0352,-11.7226,8,b,YES,YES.
order_twin,data/twin_v3/v3_67_00006.avi,67,-1,0,-2.0961,-10.0354,-10.7215,-11.5341,-11.2215,8,b,NO,NO.
moved_solo_hit,data/videos_v3/int_67ms/v3_67_00006_solob.avi,67,1,0,-2.8307,-10.3046,-11.7406,-11.8032,-11.3034,8,b,NO,NO.
moved_solo_fa,data/videos_v3/int_67ms/v3_67_00006_soloa.avi,67,0,0,-3.0973,-10.4027,-11.839,-11.7767,-11.2144,8,b,NO,NO.
order_real,data/videos_v3/int_67ms/v3_67_00007.avi,67,0,0,-1.5026,-9.8706,-10.3066,-11.4937,-10.869,8,b,NO,NO.
order_rev,data/videos_v3/int_67ms/v3_67_00007.avi,67,0,0,-0.5569,-7.3264,-10.2625,-11.2621,-10.7617,8,b,NO,NO.
order_forced,data/videos_v3/int_67ms/v3_67_00007.avi,67,0,1,-0.1245,-1.8434,-1.7189,-7.2155,-8.5865,8,b,The,The red square moved first.
interval,data/videos_v3/int_67ms/v3_67_00007.avi,67,A,B,,-1.4587,-1.1912,-1.4632,-1.5861,8,b,(B,(B) 1-2 seconds
order_32f,data/videos_v3/int_67ms/v3_67_00007.avi,67,0,0,-2.1513,-9.8737,-10.4346,-11.5594,-10.8722,32,b,NO,NO.
moved_real,data/videos_v3/int_67ms/v3_67_00007.avi,67,1,0,-1.687,-10.0563,-11.1797,-11.4295,-10.6178,8,b,NO,NO.
moved_twin,data/twin_v3/v3_67_00007.avi,67,0,0,-3.2054,-10.1052,-11.4159,-11.4164,-10.6044,8,b,NO,NO.
still_real,data/videos_v3/int_67ms/v3_67_00007.avi,67,0,1,0.7,-9.9859,-10.8602,-11.733,-10.9839,8,b,YES,YES.
still_twin,data/twin_v3/v3_67_00007.avi,67,1,1,1.9016,-10.0817,-11.2057,-12.0161,-11.2663,8,b,YES,YES.
order_twin,data/twin_v3/v3_67_00007.avi,67,-1,0,-2.5634,-9.7264,-10.3499,-11.2875,-10.7872,8,b,NO,NO.
moved_solo_hit,data/videos_v3/int_67ms/v3_67_00007_solob.avi,67,1,0,-1.3456,-10.0275,-11.1504,-11.3383,-10.6511,8,b,NO,NO.
moved_solo_fa,data/videos_v3/int_67ms/v3_67_00007_soloa.avi,67,0,0,-2.4705,-10.0636,-11.3116,-11.3746,-10.625,8,b,NO,NO.
order_real,data/videos_v3/int_67ms/v3_67_00008.avi,67,1,0,-1.7047,-10.167,-10.5401,-11.6025,-11.103,8,b,NO,NO.
order_rev,data/videos_v3/int_67ms/v3_67_00008.avi,67,1,0,-0.6661,-7.5668,-10.3777,-11.2523,-10.7526,8,b,NO,NO.
order_forced,data/videos_v3/int_67ms/v3_67_00008.avi,67,1,0,-0.4998,-1.785,-1.2852,-4.1598,-9.4059,8,b,The,The blue circle moved first.
interval,data/videos_v3/int_67ms/v3_67_00008.avi,67,A,A,,-1.178,-1.2831,-1.5551,-1.6756,8,b,(A,(A) Less than 1 second
order_32f,data/videos_v3/int_67ms/v3_67_00008.avi,67,1,0,-2.3749,-10.323,-10.7588,-11.7587,-11.1963,32,b,NO,NO.
moved_real,data/videos_v3/int_67ms/v3_67_00008.avi,67,1,0,-2.8983,-10.2632,-11.7616,-11.4496,-11.0125,8,b,NO,NO.
moved_twin,data/twin_v3/v3_67_00008.avi,67,0,0,-3.3766,-10.2437,-11.7422,-11.2427,-10.868,8,b,NO,NO.
still_real,data/videos_v3/int_67ms/v3_67_00008.avi,67,0,0,-0.2613,-9.8165,-10.6906,-11.6889,-11.0023,8,b,NO,NO.
still_twin,data/twin_v3/v3_67_00008.avi,67,1,1,2.2611,-9.9527,-11.1394,-12.1376,-11.4506,8,b,YES,YES.
order_twin,data/twin_v3/v3_67_00008.avi,67,-1,0,-2.7407,-10.0037,-10.5647,-11.3149,-11.0646,8,b,NO,NO.
moved_solo_hit,data/videos_v3/int_67ms/v3_67_00008_solob.avi,67,1,0,-2.8764,-10.3891,-11.8252,-11.4506,-11.0135,8,b,NO,NO.
moved_solo_fa,data/videos_v3/int_67ms/v3_67_00008_soloa.avi,67,0,0,-3.3524,-10.4931,-11.9292,-11.4921,-11.1174,8,b,NO,NO.
order_real,data/videos_v3/int_67ms/v3_67_00009.avi,67,0,0,-2.2622,-9.8149,-10.1257,-10.8764,-10.7509,8,b,NO,NO.
order_rev,data/videos_v3/int_67ms/v3_67_00009.avi,67,0,0,-1.2276,-7.2015,-10.262,-10.5126,-10.3869,8,b,NO,NO.
order_forced,data/videos_v3/int_67ms/v3_67_00009.avi,67,0,1,-0.4995,-2.1036,-1.6041,-5.8528,-8.3506,8,b,The,The blue triangle moved first.
interval,data/videos_v3/int_67ms/v3_67_00009.avi,67,A,B,,-1.6964,-1.1901,-1.328,-1.452,8,b,(B,(B) 1-2 seconds
order_32f,data/videos_v3/int_67ms/v3_67_00009.avi,67,0,0,-2.0086,-10.0756,-10.3858,-11.0743,-10.8242,32,b,NO,NO.
moved_real,data/videos_v3/int_67ms/v3_67_00009.avi,67,1,0,-2.9855,-10.0734,-11.2589,-11.6342,-10.6977,8,b,NO,NO.
moved_twin,data/twin_v3/v3_67_00009.avi,67,0,0,-3.2533,-10.0802,-11.2658,-11.6411,-10.7045,8,b,NO,NO.
still_real,data/videos_v3/int_67ms/v3_67_00009.avi,67,0,1,2.6091,-10.199,-11.2605,-12.0707,-11.446,8,b,YES,YES.
still_twin,data/twin_v3/v3_67_00009.avi,67,1,1,2.8376,-10.3245,-11.3867,-12.1957,-11.5091,8,b,YES,YES.
order_twin,data/twin_v3/v3_67_00009.avi,67,-1,0,-2.3874,-9.9277,-10.3011,-10.9893,-10.8638,8,b,NO,NO.
moved_solo_hit,data/videos_v3/int_67ms/v3_67_00009_solob.avi,67,1,0,-3.0228,-10.0466,-11.2318,-11.6071,-10.6708,8,b,NO,NO.
moved_solo_fa,data/videos_v3/int_67ms/v3_67_00009_soloa.avi,67,0,0,-3.2826,-10.1405,-11.3885,-11.7013,-10.7648,8,b,NO,NO.
order_real,data/videos_v3/int_67ms/v3_67_00010.avi,67,1,0,-1.705,-10.2917,-10.7902,-11.6023,-11.2276,8,b,NO,NO.
order_rev,data/videos_v3/int_67ms/v3_67_00010.avi,67,1,0,-0.8781,-8.1413,-10.7649,-11.3272,-10.9522,8,b,NO,NO.
order_forced,data/videos_v3/int_67ms/v3_67_00010.avi,67,1,1,0.2501,-0.967,-1.2171,-3.092,-9.0909,8,b,A,A
interval,data/videos_v3/int_67ms/v3_67_00010.avi,67,A,A,,-1.1598,-1.3875,-1.7848,-1.4155,8,b,(A,(A) Less than 1 second
order_32f,data/videos_v3/int_67ms/v3_67_00010.avi,67,1,0,-1.8222,-10.2221,-10.783,-11.6579,-11.283,32,b,NO,NO.
moved_real,data/videos_v3/int_67ms/v3_67_00010.avi,67,1,0,-2.0144,-10.2732,-11.6464,-11.3969,-11.0224,8,b,NO,NO.
moved_twin,data/twin_v3/v3_67_00010.avi,67,0,0,-2.3599,-10.3352,-11.7708,-11.2715,-11.1467,8,b,NO,NO.
still_real,data/videos_v3/int_67ms/v3_67_00010.avi,67,0,1,0.9548,-10.073,-11.2595,-11.8828,-11.3836,8,b,YES,YES.
still_twin,data/twin_v3/v3_67_00010.avi,67,1,1,1.7804,-10.3212,-11.5702,-12.1312,-11.694,8,b,YES,YES.
order_twin,data/twin_v3/v3_67_00010.avi,67,-1,0,-2.1281,-10.2796,-10.7781,-11.528,-11.3401,8,b,NO,NO.
moved_solo_hit,data/videos_v3/int_67ms/v3_67_00010_solob.avi,67,1,0,-2.1364,-10.356,-11.6668,-11.2297,-11.0427,8,b,NO,NO.
moved_solo_fa,data/videos_v3/int_67ms/v3_67_00010_soloa.avi,67,0,0,-2.2488,-10.2341,-11.6697,-11.2952,-11.0456,8,b,NO,NO.
order_real,data/videos_v3/int_67ms/v3_67_00011.avi,67,1,0,-0.4686,-9.9966,-10.0581,-11.3696,-10.8076,8,a,NO,NO.
order_rev,data/videos_v3/int_67ms/v3_67_00011.avi,67,1,0,-0.2819,-7.857,-10.4804,-11.2927,-10.8548,8,a,NO,NO.
order_forced,data/videos_v3/int_67ms/v3_67_00011.avi,67,1,1,-0.1247,-1.8324,-1.7077,-7.9558,-9.0784,8,a,The,The red triangle moved first.
interval,data/videos_v3/int_67ms/v3_67_00011.avi,67,A,B,,-1.5866,-1.0785,-1.3424,-1.713,8,a,(B,(B) 1-2 seconds
order_32f,data/videos_v3/int_67ms/v3_67_00011.avi,67,1,0,-0.8752,-9.9589,-10.1447,-11.5815,-10.8321,32,a,NO,NO.
moved_real,data/videos_v3/int_67ms/v3_67_00011.avi,67,1,1,0.4645,-10.1328,-11.2566,-11.5684,-10.9436,8,a,YES,YES.
moved_twin,data/twin_v3/v3_67_00011.avi,67,0,0,-3.2355,-10.4376,-11.7484,-11.8732,-10.999,8,a,NO,NO.
still_real,data/videos_v3/int_67ms/v3_67_00011.avi,67,0,1,0.2175,-10.1612,-10.9108,-11.7837,-11.0345,8,a,YES,YES.
still_twin,data/twin_v3/v3_67_00011.avi,67,1,1,2.7498,-10.3005,-11.4247,-12.1097,-11.5475,8,a,YES,YES.
order_twin,data/twin_v3/v3_67_00011.avi,67,-1,0,-1.9191,-9.7916,-10.1651,-11.29,-10.7273,8,a,NO,NO.
moved_solo_hit,data/videos_v3/int_67ms/v3_67_00011_soloa.avi,67,1,0,-0.0255,-10.0652,-11.2512,-11.5006,-10.8138,8,a,NO,NO.
moved_solo_fa,data/videos_v3/int_67ms/v3_67_00011_solob.avi,67,0,0,-2.8734,-10.4097,-11.658,-11.7829,-10.9089,8,a,NO,NO.
order_real,data/videos_v3/int_67ms/v3_67_00012.avi,67,0,0,-0.6573,-10.0858,-10.3344,-11.5833,-10.8967,8,b,NO,NO.
order_rev,data/videos_v3/int_67ms/v3_67_00012.avi,67,0,0,-1.0353,-7.6746,-10.6733,-11.5478,-10.8605,8,b,NO,NO.
order_forced,data/videos_v3/int_67ms/v3_67_00012.avi,67,0,1,0.3752,-1.4421,-1.8173,-7.6898,-9.4361,8,b,The,The yellow triangle moved first.
interval,data/videos_v3/int_67ms/v3_67_00012.avi,67,A,B,,-1.4832,-1.0991,-1.4863,-1.6099,8,b,(B,(B) 1-2 seconds
order_32f,data/videos_v3/int_67ms/v3_67_00012.avi,67,0,0,-1.4885,-9.9647,-10.2758,-11.6492,-10.7758,32,b,NO,NO.
moved_real,data/videos_v3/int_67ms/v3_67_00012.avi,67,1,1,0.7929,-10.2091,-11.3951,-11.7678,-11.0196,8,b,YES,YES.
moved_twin,data/twin_v3/v3_67_00012.avi,67,0,0,-2.1575,-10.3387,-11.5868,-11.6491,-10.7753,8,b,NO,NO.
still_real,data/videos_v3/int_67ms/v3_67_00012.avi,67,0,0,-0.4763,-10.0677,-10.7546,-11.6275,-10.8786,8,b,NO,NO.
still_twin,data/twin_v3/v3_67_00012.avi,67,1,1,2.2498,-10.3065,-11.431,-12.1157,-11.4915,8,b,YES,YES.
order_twin,data/twin_v3/v3_67_00012.avi,67,-1,0,-1.6477,-9.8663,-10.3023,-11.4886,-10.6772,8,b,NO,NO.
moved_solo_hit,data/videos_v3/int_67ms/v3_67_00012_solob.avi,67,1,1,1.1491,-10.4539,-11.5782,-11.8885,-11.2023,8,b,YES,YES.
moved_solo_fa,data/videos_v3/int_67ms/v3_67_00012_soloa.avi,67,0,0,-2.253,-10.3917,-11.5776,-11.7021,-10.8905,8,b,NO,NO.
order_real,data/videos_v3/int_67ms/v3_67_00013.avi,67,0,0,-1.8868,-9.9158,-10.352,-11.1017,-10.8515,8,a,NO,NO.
order_rev,data/videos_v3/int_67ms/v3_67_00013.avi,67,0,0,-1.6573,-7.9709,-10.657,-10.9697,-10.7192,8,a,NO,NO.
order_forced,data/videos_v3/int_67ms/v3_67_00013.avi,67,0,1,-0.2496,-1.7292,-1.4796,-4.3538,-8.7251,8,a,The,The cyan circle moved first.
interval,data/videos_v3/int_67ms/v3_67_00013.avi,67,A,B,,-1.3473,-1.2143,-1.6001,-1.4738,8,a,(B,(B) 1-2 seconds
order_32f,data/videos_v3/int_67ms/v3_67_00013.avi,67,0,0,-2.539,-10.1498,-10.5858,-11.3359,-10.9607,32,a,NO,NO.
moved_real,data/videos_v3/int_67ms/v3_67_00013.avi,67,1,0,-2.7347,-10.1834,-11.6193,-10.8075,-10.8701,8,a,NO,NO.
moved_twin,data/twin_v3/v3_67_00013.avi,67,0,0,-2.7615,-10.307,-11.6806,-10.9936,-10.994,8,a,NO,NO.
still_real,data/videos_v3/int_67ms/v3_67_00013.avi,67,0,1,2.0113,-9.854,-11.103,-11.851,-11.3509,8,a,YES,YES.
still_twin,data/twin_v3/v3_67_00013.avi,67,1,1,2.2499,-9.9417,-11.1907,-11.814,-11.4389,8,a,YES,YES.
order_twin,data/twin_v3/v3_67_00013.avi,67,-1,0,-2.1153,-9.9905,-10.4891,-11.2388,-10.9886,8,a,NO,NO.
moved_solo_hit,data/videos_v3/int_67ms/v3_67_00013_soloa.avi,67,1,0,-2.749,-10.4193,-11.793,-11.0435,-11.0437,8,a,NO,NO.
moved_solo_fa,data/videos_v3/int_67ms/v3_67_00013_solob.avi,67,0,0,-2.7349,-10.4329,-11.8062,-11.0572,-10.9949,8,a,NO,NO.
order_real,data/videos_v3/int_67ms/v3_67_00014.avi,67,1,0,-1.2526,-9.9218,-10.2956,-11.3575,-10.8575,8,b,NO,NO.
order_rev,data/videos_v3/int_67ms/v3_67_00014.avi,67,1,0,-0.5412,-7.8617,-10.5477,-11.2349,-10.7969,8,b,NO,NO.
order_forced,data/videos_v3/int_67ms/v3_67_00014.avi,67,1,0,0.0003,-1.5869,-1.5872,-7.3346,-8.707,8,b,The,The yellow triangle moved first.
interval,data/videos_v3/int_67ms/v3_67_00014.avi,67,A,B,,-1.4044,-1.1369,-1.5318,-1.6544,8,b,(B,(B) 1-2 seconds
order_32f,data/videos_v3/int_67ms/v3_67_00014.avi,67,1,0,-2.4381,-9.9198,-10.481,-11.6677,-10.8557,32,b,NO,NO.
moved_real,data/videos_v3/int_67ms/v3_67_00014.avi,67,1,0,-1.6278,-10.2242,-11.4095,-11.5346,-10.848,8,b,NO,NO.
moved_twin,data/twin_v3/v3_67_00014.avi,67,0,0,-2.9553,-10.3646,-11.6756,-11.6757,-10.864,8,b,NO,NO.
still_real,data/videos_v3/int_67ms/v3_67_00014.avi,67,0,1,0.6782,-10.1582,-11.0324,-11.7807,-11.0937,8,b,YES,YES.
still_twin,data/twin_v3/v3_67_00014.avi,67,1,1,2.4998,-10.38,-11.3797,-12.1265,-11.5648,8,b,YES,YES.
order_twin,data/twin_v3/v3_67_00014.avi,67,-1,0,-1.887,-9.7307,-10.3542,-11.3539,-10.7914,8,b,NO,NO.
moved_solo_hit,data/videos_v3/int_67ms/v3_67_00014_solob.avi,67,1,0,-0.7528,-10.1184,-11.2417,-11.429,-10.8669,8,b,NO,NO.
moved_solo_fa,data/videos_v3/int_67ms/v3_67_00014_soloa.avi,67,0,0,-2.9905,-10.3624,-11.6732,-11.6732,-10.8616,8,b,NO,NO.
order_real,data/videos_v3/int_67ms/v3_67_00015.avi,67,0,0,-0.9163,-9.9269,-10.3633,-11.4244,-10.9249,8,b,NO,NO.
order_rev,data/videos_v3/int_67ms/v3_67_00015.avi,67,0,0,-0.3156,-8.0751,-10.6989,-11.3232,-10.948,8,b,NO,NO.
order_forced,data/videos_v3/int_67ms/v3_67_00015.avi,67,0,1,-0.1247,-1.4213,-1.2966,-6.9191,-8.2918,8,b,The,The yellow square moved first.
interval,data/videos_v3/int_67ms/v3_67_00015.avi,67,A,B,,-1.4105,-1.1382,-1.5386,-1.6605,8,b,(B,(B) 1-2 seconds
order_32f,data/videos_v3/int_67ms/v3_67_00015.avi,67,0,0,-1.8654,-9.9599,-10.4584,-11.6451,-10.8959,32,b,NO,NO.
moved_real,data/videos_v3/int_67ms/v3_67_00015.avi,67,1,0,-1.677,-10.2988,-11.422,-11.4839,-10.7358,8,b,NO,NO.
moved_twin,data/twin_v3/v3_67_00015.avi,67,0,0,-2.5593,-10.3702,-11.6183,-11.6177,-10.8696,8,b,NO,NO.
still_real,data/videos_v3/int_67ms/v3_67_00015.avi,67,0,1,0.8103,-10.2826,-11.2196,-11.905,-11.3431,8,b,YES,YES.
still_twin,data/twin_v3/v3_67_00015.avi,67,1,1,1.7804,-10.3828,-11.4448,-12.1918,-11.5679,8,b,YES,YES.
order_twin,data/twin_v3/v3_67_00015.avi,67,-1,0,-1.5414,-9.8525,-10.4137,-11.2879,-10.9754,8,b,NO,NO.
moved_solo_hit,data/videos_v3/int_67ms/v3_67_00015_solob.avi,67,1,0,-2.651,-10.4546,-11.7029,-11.7024,-10.9542,8,b,NO,NO.
moved_solo_fa,data/videos_v3/int_67ms/v3_67_00015_soloa.avi,67,0,0,-2.4076,-10.3805,-11.6291,-11.6907,-10.8801,8,b,NO,NO.
order_real,data/videos_v3/int_67ms/v3_67_00016.avi,67,1,0,-2.5258,-9.9624,-10.3357,-11.5231,-11.0233,8,a,NO,NO.
order_rev,data/videos_v3/int_67ms/v3_67_00016.avi,67,1,0,-1.2995,-7.7529,-10.5014,-11.3138,-10.7513,8,a,NO,NO.
order_forced,data/videos_v3/int_67ms/v3_67_00016.avi,67,1,1,-0.3749,-1.5606,-1.1857,-6.1848,-8.5583,8,a,The,The blue circle moved first.
interval,data/videos_v3/int_67ms/v3_67_00016.avi,67,A,A,,-1.2933,-1.3986,-1.5484,-1.421,8,a,(A,(A) Less than 1 second
order_32f,data/videos_v3/int_67ms/v3_67_00016.avi,67,1,0,-2.7358,-9.9657,-10.464,-11.7139,-11.0267,32,a,NO,NO.
moved_real,data/videos_v3/int_67ms/v3_67_00016.avi,67,1,0,-2.4723,-10.1895,-11.3752,-11.6255,-10.9386,8,a,NO,NO.
moved_twin,data/twin_v3/v3_67_00016.avi,67,0,0,-2.6101,-10.1926,-11.3785,-11.5664,-10.9416,8,a,NO,NO.
still_real,data/videos_v3/int_67ms/v3_67_00016.avi,67,0,1,2.009,-10.0827,-11.3315,-12.1423,-11.5803,8,a,YES,YES.
still_twin,data/twin_v3/v3_67_00016.avi,67,1,1,2.2589,-10.1804,-11.4296,-12.3021,-11.678,8,a,YES,YES.
order_twin,data/twin_v3/v3_67_00016.avi,67,-1,0,-2.7759,-9.8227,-10.3833,-11.5083,-11.0707,8,a,NO,NO.
moved_solo_hit,data/videos_v3/int_67ms/v3_67_00016_soloa.avi,67,1,0,-2.374,-10.0734,-11.4463,-11.634,-11.0097,8,a,NO,NO.
moved_solo_fa,data/videos_v3/int_67ms/v3_67_00016_solob.avi,67,0,0,-2.5116,-10.1985,-11.4467,-11.6344,-10.8852,8,a,NO,NO.
order_real,data/videos_v3/int_67ms/v3_67_00017.avi,67,1,0,-1.677,-10.1737,-10.5469,-11.6712,-11.1093,8,b,NO,NO.
order_rev,data/videos_v3/int_67ms/v3_67_00017.avi,67,1,0,-0.9076,-7.7621,-10.573,-11.1979,-10.9475,8,b,NO,NO.
order_forced,data/videos_v3/int_67ms/v3_67_00017.avi,67,1,1,0.2501,-0.8805,-1.1306,-5.755,-8.8786,8,b,A,A
interval,data/videos_v3/int_67ms/v3_67_00017.avi,67,A,A,,-1.2425,-1.3436,-1.6219,-1.4969,8,b,(A,(A) Less than 1 second
order_32f,data/videos_v3/int_67ms/v3_67_00017.avi,67,1,0,-2.1435,-10.2753,-10.7735,-11.8984,-11.2114,32,b,NO,NO.
moved_real,data/videos_v3/int_67ms/v3_67_00017.avi,67,1,0,-2.3075,-10.343,-11.7158,-11.9034,-11.1544,8,b,NO,NO.
moved_twin,data/twin_v3/v3_67_00017.avi,67,0,0,-2.6508,-10.4541,-11.7649,-11.765,-11.1408,8,b,NO,NO.
still_real,data/videos_v3/int_67ms/v3_67_00017.avi,67,0,1,1.892,-10.2862,-11.4725,-12.0958,-11.7836,8,b,YES,YES.
still_twin,data/twin_v3/v3_67_00017.avi,67,1,1,1.8901,-10.3392,-11.4629,-12.1487,-11.774,8,b,YES,YES.
order_twin,data/twin_v3/v3_67_00017.avi,67,-1,0,-2.0521,-10.1232,-10.559,-11.5589,-11.1215,8,b,NO,NO.
moved_solo_hit,data/videos_v3/int_67ms/v3_67_00017_solob.avi,67,1,0,-2.4009,-10.3501,-11.7229,-11.661,-11.0992,8,b,NO,NO.
moved_solo_fa,data/videos_v3/int_67ms/v3_67_00017_soloa.avi,67,0,0,-2.5259,-10.4637,-11.7122,-11.837,-11.0881,8,b,NO,NO.
order_real,data/videos_v3/int_67ms/v3_67_00018.avi,67,0,0,-2.3217,-10.1037,-10.29,-11.4767,-10.8525,8,a,NO,NO.
order_rev,data/videos_v3/int_67ms/v3_67_00018.avi,67,0,0,-1.0768,-7.9153,-10.4141,-11.3507,-10.7261,8,a,NO,NO.
order_forced,data/videos_v3/int_67ms/v3_67_00018.avi,67,0,1,0.2501,-1.2029,-1.453,-6.077,-8.5749,8,a,The,The yellow circle moved first.
interval,data/videos_v3/int_67ms/v3_67_00018.avi,67,A,A,,-1.2588,-1.3476,-1.6377,-1.5088,8,a,(A,(A) Less than 1 second
order_32f,data/videos_v3/int_67ms/v3_67_00018.avi,67,0,0,-2.8159,-9.8384,-10.3368,-11.6481,-10.7742,32,a,NO,NO.
moved_real,data/videos_v3/int_67ms/v3_67_00018.avi,67,1,0,-2.4167,-10.2359,-11.3595,-11.5463,-10.6729,8,a,NO,NO.
moved_twin,data/twin_v3/v3_67_00018.avi,67,0,0,-2.6696,-10.153,-11.2766,-11.4634,-10.5275,8,a,NO,NO.
still_real,data/videos_v3/int_67ms/v3_67_00018.avi,67,0,1,1.885,-10.1705,-11.1697,-12.1042,-11.3553,8,a,YES,YES.
still_twin,data/twin_v3/v3_67_00018.avi,67,1,1,2.3623,-10.1918,-11.2536,-12.188,-11.4388,8,a,YES,YES.
order_twin,data/twin_v3/v3_67_00018.avi,67,-1,0,-2.6842,-9.9861,-10.3598,-11.4839,-10.7972,8,a,NO,NO.
moved_solo_hit,data/videos_v3/int_67ms/v3_67_00018_soloa.avi,67,1,0,-2.4165,-10.2364,-11.2974,-11.5467,-10.673,8,a,NO,NO.
moved_solo_fa,data/videos_v3/int_67ms/v3_67_00018_solob.avi,67,0,0,-2.6508,-10.2035,-11.3271,-11.4517,-10.7027,8,a,NO,NO.
order_real,data/videos_v3/int_67ms/v3_67_00019.avi,67,1,0,-0.5427,-10.2316,-10.6054,-11.6048,-11.1678,8,a,NO,NO.
order_rev,data/videos_v3/int_67ms/v3_67_00019.avi,67,1,0,-0.0642,-8.1448,-10.7687,-11.4558,-11.143,8,a,NO,NO.
order_forced,data/videos_v3/int_67ms/v3_67_00019.avi,67,1,1,0.0001,-1.2062,-1.2063,-6.7057,-9.4543,8,a,The,The yellow square moved first.
interval,data/videos_v3/int_67ms/v3_67_00019.avi,67,A,A,,-1.1353,-1.34,-1.6353,-1.7559,8,a,(A,(A) Less than 1 second
order_32f,data/videos_v3/int_67ms/v3_67_00019.avi,67,1,0,-1.8897,-10.1038,-10.6651,-11.6646,-10.9776,32,a,NO,NO.
moved_real,data/videos_v3/int_67ms/v3_67_00019.avi,67,1,0,-0.184,-10.175,-11.2992,-11.6113,-11.1739,8,a,NO,NO.
moved_twin,data/twin_v3/v3_67_00019.avi,67,0,0,-2.7516,-10.3967,-11.7703,-11.8955,-11.2084,8,a,NO,NO.
still_real,data/videos_v3/int_67ms/v3_67_00019.avi,67,0,0,-0.5113,-10.0038,-10.8156,-11.5645,-11.0023,8,a,NO,NO.
still_twin,data/twin_v3/v3_67_00019.avi,67,1,1,1.8964,-10.2126,-11.3996,-12.148,-11.7732,8,a,YES,YES.
order_twin,data/twin_v3/v3_67_00019.avi,67,-1,0,-2.0149,-10.089,-10.5878,-11.5875,-11.1499,8,a,NO,NO.
moved_solo_hit,data/videos_v3/int_67ms/v3_67_00019_soloa.avi,67,1,0,-0.9351,-10.0441,-11.2302,-11.6673,-11.0426,8,a,NO,NO.
moved_solo_fa,data/videos_v3/int_67ms/v3_67_00019_solob.avi,67,0,0,-2.5334,-10.2969,-11.7328,-11.8578,-11.0462,8,a,NO,NO.
order_real,data/videos_v3/int_67ms/v3_67_00020.avi,67,0,0,-1.2647,-9.9619,-10.4608,-11.3979,-10.8357,8,a,NO,NO.
order_rev,data/videos_v3/int_67ms/v3_67_00020.avi,67,0,0,-0.6662,-7.8167,-10.6275,-11.3146,-10.7522,8,a,NO,NO.
order_forced,data/videos_v3/int_67ms/v3_67_00020.avi,67,0,1,0.0002,-1.4444,-1.4446,-6.8182,-9.0633,8,a,The,The red triangle moved first.
interval,data/videos_v3/int_67ms/v3_67_00020.avi,67,A,B,,-1.6206,-1.1008,-1.4983,-1.4983,8,a,(B,(B) 1-2 seconds
order_real,data/videos_v3/int_67ms/v3_67_00021.avi,67,0,0,-1.3605,-10.0675,-10.5663,-11.5658,-11.1281,8,a,NO,NO.
order_rev,data/videos_v3/int_67ms/v3_67_00021.avi,67,0,0,-0.5324,-8.1321,-10.6308,-11.1305,-10.9426,8,a,NO,NO.
order_forced,data/videos_v3/int_67ms/v3_67_00021.avi,67,0,1,-0.1248,-1.5433,-1.4185,-7.0424,-9.1655,8,a,The,The green square moved first.
interval,data/videos_v3/int_67ms/v3_67_00021.avi,67,A,A,,-1.363,-1.3227,-1.6186,-1.4817,8,a,(A,(A) Less than 1 second
order_real,data/videos_v3/int_67ms/v3_67_00022.avi,67,0,0,-1.6276,-9.9742,-10.2231,-11.4726,-10.8478,8,b,NO,NO.
order_rev,data/videos_v3/int_67ms/v3_67_00022.avi,67,0,0,-0.8897,-7.872,-10.4331,-11.2453,-10.8076,8,b,NO,NO.
order_forced,data/videos_v3/int_67ms/v3_67_00022.avi,67,0,1,-0.1248,-1.693,-1.5682,-7.5664,-8.6908,8,b,The,The red square moved first.
interval,data/videos_v3/int_67ms/v3_67_00022.avi,67,A,B,,-1.5443,-1.2534,-1.431,-1.5443,8,b,(B,(B) 1-2 seconds
order_real,data/videos_v3/int_67ms/v3_67_00023.avi,67,1,0,-0.2612,-10.066,-10.3147,-11.3142,-10.9395,8,b,NO,NO.
order_rev,data/videos_v3/int_67ms/v3_67_00023.avi,67,1,0,-0.2017,-8.2185,-10.5923,-11.1542,-10.9038,8,b,NO,NO.
order_forced,data/videos_v3/int_67ms/v3_67_00023.avi,67,1,1,0.2503,-1.7797,-2.03,-6.0288,-9.2746,8,b,The,The red triangle moved first.
interval,data/videos_v3/int_67ms/v3_67_00023.avi,67,A,B,,-1.4173,-1.1578,-1.4208,-1.6673,8,b,(B,(B) 1-2 seconds
order_real,data/videos_v3/int_67ms/v3_67_00024.avi,67,1,0,-0.5348,-10.019,-10.2056,-11.5791,-10.8924,8,a,NO,NO.
order_rev,data/videos_v3/int_67ms/v3_67_00024.avi,67,1,0,-0.1476,-8.186,-10.5596,-11.4334,-10.8092,8,a,NO,NO.
order_forced,data/videos_v3/int_67ms/v3_67_00024.avi,67,1,1,-0.1249,-1.912,-1.7871,-6.5365,-9.1592,8,a,The,The red circle moved first.
interval,data/videos_v3/int_67ms/v3_67_00024.avi,67,A,B,,-1.2871,-1.1583,-1.539,-1.6635,8,a,(B,(B) 1-2 seconds
order_real,data/videos_v3/int_67ms/v3_67_00025.avi,67,1,0,-1.8869,-10.1021,-10.4758,-11.5377,-11.0378,8,a,NO,NO.
order_rev,data/videos_v3/int_67ms/v3_67_00025.avi,67,1,0,-0.8089,-8.04,-10.476,-11.1631,-10.7252,8,a,NO,NO.
order_forced,data/videos_v3/int_67ms/v3_67_00025.avi,67,1,1,-0.1247,-1.7723,-1.6476,-5.8959,-8.891,8,a,The,The yellow square moved first.
interval,data/videos_v3/int_67ms/v3_67_00025.avi,67,A,B,,-1.3578,-1.2197,-1.6124,-1.4852,8,a,(B,(B) 1-2 seconds
order_real,data/videos_v3/int_67ms/v3_67_00026.avi,67,0,0,-1.61,-10.5178,-10.7042,-11.641,-11.329,8,b,NO,NO.
order_rev,data/videos_v3/int_67ms/v3_67_00026.avi,67,0,0,-1.035,-7.8002,-10.5491,-11.3609,-10.9861,8,b,NO,NO.
order_forced,data/videos_v3/int_67ms/v3_67_00026.avi,67,0,0,-0.125,-0.9209,-0.7959,-2.9209,-9.6705,8,b,B,B
interval,data/videos_v3/int_67ms/v3_67_00026.avi,67,A,A,,-1.0886,-1.4533,-1.8386,-1.3421,8,b,(A,(A) Less than 1 second
order_real,data/videos_v3/int_67ms/v3_67_00027.avi,67,1,0,-0.9082,-9.8739,-10.2477,-11.4344,-10.9347,8,a,NO,NO.
order_rev,data/videos_v3/int_67ms/v3_67_00027.avi,67,1,0,-0.0706,-8.0065,-10.6298,-11.3793,-10.9419,8,a,NO,NO.
order_forced,data/videos_v3/int_67ms/v3_67_00027.avi,67,1,1,-0.3747,-1.6769,-1.3022,-6.0503,-8.9187,8,a,The,The magenta triangle moved first.
interval,data/videos_v3/int_67ms/v3_67_00027.avi,67,A,A,,-1.2895,-1.2611,-1.6684,-1.5395,8,a,(A,(A) Less than 1 second
order_real,data/videos_v3/int_67ms/v3_67_00028.avi,67,0,0,-2.1504,-10.1204,-10.6812,-11.5558,-11.1184,8,a,NO,NO.
order_rev,data/videos_v3/int_67ms/v3_67_00028.avi,67,0,0,-1.1964,-7.9016,-10.775,-11.2746,-10.9618,8,a,NO,NO.
order_forced,data/videos_v3/int_67ms/v3_67_00028.avi,67,0,1,0.2502,-1.2183,-1.4685,-6.3416,-8.588,8,a,The,The red circle moved first.
interval,data/videos_v3/int_67ms/v3_67_00028.avi,67,A,B,,-1.4365,-1.1715,-1.6938,-1.4438,8,a,(B,(B) 1-2 seconds
order_real,data/videos_v3/int_67ms/v3_67_00029.avi,67,1,0,-0.7487,-10.2095,-10.4581,-11.5821,-10.9579,8,b,NO,NO.
order_rev,data/videos_v3/int_67ms/v3_67_00029.avi,67,1,1,0.6552,-8.3184,-10.8793,-11.441,-11.1286,8,b,YES,YES.
order_forced,data/videos_v3/int_67ms/v3_67_00029.avi,67,1,0,-0.3747,-1.6077,-1.233,-5.3567,-8.8504,8,b,The,The yellow circle moved first.
interval,data/videos_v3/int_67ms/v3_67_00029.avi,67,A,A,,-1.2064,-1.1778,-1.5814,-1.8279,8,b,(A,(A) Less than 1 second
order_real,data/videos_v3/int_67ms/v3_67_00030.avi,67,0,0,-1.1394,-10.0544,-10.303,-11.5512,-10.9898,8,a,NO,NO.
order_rev,data/videos_v3/int_67ms/v3_67_00030.avi,67,0,0,-0.4661,-7.8737,-10.5594,-11.371,-10.8089,8,a,NO,NO.
order_forced,data/videos_v3/int_67ms/v3_67_00030.avi,67,0,1,0.0001,-1.3786,-1.3787,-6.1281,-9.0014,8,a,The,The yellow square moved first.
interval,data/videos_v3/int_67ms/v3_67_00030.avi,67,A,A,,-1.2053,-1.3148,-1.5843,-1.5803,8,a,(A,(A) Less than 1 second
order_real,data/videos_v3/int_67ms/v3_67_00031.avi,67,0,0,-1.1776,-9.9909,-10.2399,-11.4887,-10.9267,8,b,NO,NO.
order_rev,data/videos_v3/int_67ms/v3_67_00031.avi,67,0,0,-1.1821,-7.7649,-10.5763,-11.2011,-10.8882,8,b,NO,NO.
order_forced,data/videos_v3/int_67ms/v3_67_00031.avi,67,0,1,0.3751,-1.114,-1.4891,-6.4883,-9.2366,8,b,The,The red circle moved first.
interval,data/videos_v3/int_67ms/v3_67_00031.avi,67,A,A,,-1.362,-1.3396,-1.4934,-1.487,8,b,(A,(A) Less than 1 second
order_real,data/videos_v3/int_67ms/v3_67_00032.avi,67,0,0,-0.6361,-10.1075,-10.294,-11.6053,-10.9809,8,b,NO,NO.
order_rev,data/videos_v3/int_67ms/v3_67_00032.avi,67,0,1,0.1785,-8.1713,-10.4825,-11.4191,-11.0442,8,b,YES,YES.
order_forced,data/videos_v3/int_67ms/v3_67_00032.avi,67,0,1,-0.2497,-1.7186,-1.4689,-5.5932,-8.2157,8,b,The,The yellow circle moved first.
interval,data/videos_v3/int_67ms/v3_67_00032.avi,67,A,B,,-1.4035,-1.2704,-1.5312,-1.4049,8,b,(B,(B) 1-2 seconds
order_real,data/videos_v3/int_67ms/v3_67_00033.avi,67,0,0,-0.7486,-9.8096,-10.3706,-11.495,-10.9955,8,a,NO,NO.
order_rev,data/videos_v3/int_67ms/v3_67_00033.avi,67,0,0,-0.4277,-7.8507,-10.5364,-11.286,-10.9111,8,a,NO,NO.
order_forced,data/videos_v3/int_67ms/v3_67_00033.avi,67,0,1,-0.125,-1.2545,-1.1295,-5.7542,-8.8779,8,a,The,The blue square moved first.
interval,data/videos_v3/int_67ms/v3_67_00033.avi,67,A,A,,-1.3576,-1.3337,-1.6159,-1.4826,8,a,(A,(A) Less than 1 second
order_real,data/videos_v3/int_67ms/v3_67_00034.avi,67,0,0,-1.6604,-9.8611,-10.2975,-11.5466,-10.7969,8,b,NO,NO.
order_rev,data/videos_v3/int_67ms/v3_67_00034.avi,67,0,0,-1.2011,-7.7286,-10.4151,-11.2273,-10.6646,8,b,NO,NO.
order_forced,data/videos_v3/int_67ms/v3_67_00034.avi,67,0,1,0.2501,-1.1052,-1.3553,-7.2289,-8.9782,8,b,The,The yellow square moved first.
interval,data/videos_v3/int_67ms/v3_67_00034.avi,67,A,A,,-1.2921,-1.3387,-1.6671,-1.5287,8,b,(A,(A) Less than 1 second
order_real,data/videos_v3/int_67ms/v3_67_00035.avi,67,0,0,-0.7751,-9.8267,-10.2006,-11.449,-10.7627,8,b,NO,NO.
order_rev,data/videos_v3/int_67ms/v3_67_00035.avi,67,0,0,-0.6963,-8.0401,-10.6012,-11.413,-10.8509,8,b,NO,NO.
order_forced,data/videos_v3/int_67ms/v3_67_00035.avi,67,0,1,0.1251,-1.5507,-1.6758,-6.4251,-8.7991,8,b,The,The yellow circle moved first.
interval,data/videos_v3/int_67ms/v3_67_00035.avi,67,A,B,,-1.3728,-1.2394,-1.5008,-1.4989,8,b,(B,(B) 1-2 seconds
order_real,data/videos_v3/int_67ms/v3_67_00036.avi,67,1,0,-1.5319,-10.2383,-10.5494,-11.7363,-11.0495,8,a,NO,NO.
order_rev,data/videos_v3/int_67ms/v3_67_00036.avi,67,1,0,-1.3895,-8.2489,-10.685,-11.3723,-10.8725,8,a,NO,NO.
order_forced,data/videos_v3/int_67ms/v3_67_00036.avi,67,1,0,-0.3749,-1.3937,-1.0188,-6.5183,-9.3921,8,a,B,B
interval,data/videos_v3/int_67ms/v3_67_00036.avi,67,A,A,,-1.2803,-1.3991,-1.6565,-1.2825,8,a,(A,(A) Less than 1 second
order_real,data/videos_v3/int_67ms/v3_67_00037.avi,67,0,0,-0.7851,-9.8112,-10.3099,-11.3095,-10.9343,8,b,NO,NO.
order_rev,data/videos_v3/int_67ms/v3_67_00037.avi,67,0,0,-0.6693,-8.0235,-10.5845,-11.2094,-10.8341,8,b,NO,NO.
order_forced,data/videos_v3/int_67ms/v3_67_00037.avi,67,0,1,0.0001,-1.3223,-1.3224,-7.0715,-9.3201,8,b,The,The red square moved first.
interval,data/videos_v3/int_67ms/v3_67_00037.avi,67,A,A,,-1.2431,-1.3228,-1.6181,-1.6087,8,b,(A,(A) Less than 1 second
order_real,data/videos_v3/int_67ms/v3_67_00038.avi,67,1,0,-0.1746,-10.119,-10.4304,-11.6787,-11.0547,8,b,NO,NO.
order_rev,data/videos_v3/int_67ms/v3_67_00038.avi,67,1,0,-0.8211,-8.2493,-10.6854,-11.497,-10.8728,8,b,NO,NO.
order_forced,data/videos_v3/int_67ms/v3_67_00038.avi,67,1,1,-0.125,-1.4091,-1.2841,-6.0338,-9.1575,8,b,The,The magenta circle moved first.
interval,data/videos_v3/int_67ms/v3_67_00038.avi,67,A,A,,-1.2572,-1.2492,-1.635,-1.5072,8,b,(A,(A) Less than 1 second
order_real,data/videos_v3/int_67ms/v3_67_00039.avi,67,1,0,-0.4194,-9.8645,-10.1756,-11.1749,-10.8002,8,a,NO,NO.
order_rev,data/videos_v3/int_67ms/v3_67_00039.avi,67,1,0,-0.0909,-7.9096,-10.5329,-11.2199,-10.8448,8,a,NO,NO.
order_forced,data/videos_v3/int_67ms/v3_67_00039.avi,67,1,1,0.1252,-1.5575,-1.6827,-4.932,-8.5534,8,a,The,The magenta triangle moved first.
interval,data/videos_v3/int_67ms/v3_67_00039.avi,67,A,B,,-1.2716,-1.1267,-1.5237,-1.8942,8,a,(B,(B) 1-2 seconds
order_real,data/videos_v3/int_67ms/v3_67_00040.avi,67,0,0,-1.7482,-9.9823,-10.481,-11.6678,-11.0432,8,b,NO,NO.
order_rev,data/videos_v3/int_67ms/v3_67_00040.avi,67,0,0,-0.7349,-7.7935,-10.5421,-11.4164,-10.8541,8,b,NO,NO.
order_forced,data/videos_v3/int_67ms/v3_67_00040.avi,67,0,1,-0.1248,-1.6017,-1.4769,-6.101,-9.3476,8,b,The,The red circle moved first.
interval,data/videos_v3/int_67ms/v3_67_00040.avi,67,A,A,,-1.3653,-1.3331,-1.4968,-1.4864,8,b,(A,(A) Less than 1 second
order_real,data/videos_v3/int_67ms/v3_67_00041.avi,67,0,0,-0.8451,-9.8393,-10.0877,-11.2122,-10.8375,8,a,NO,NO.
order_rev,data/videos_v3/int_67ms/v3_67_00041.avi,67,0,0,-0.166,-7.7651,-10.4508,-11.1379,-10.8252,8,a,NO,NO.
order_forced,data/videos_v3/int_67ms/v3_67_00041.avi,67,0,1,-0.2497,-2.1122,-1.8625,-5.2366,-8.7317,8,a,The,The blue square moved first.
interval,data/videos_v3/int_67ms/v3_67_00041.avi,67,A,B,,-1.3616,-1.0979,-1.3679,-1.9885,8,a,(B,(B) 1-2 seconds
order_real,data/videos_v3/int_67ms/v3_67_00042.avi,67,1,0,-1.0254,-10.3776,-10.6889,-11.6878,-11.3757,8,b,NO,NO.
order_rev,data/videos_v3/int_67ms/v3_67_00042.avi,67,1,0,-1.0147,-7.9611,-10.8343,-11.4591,-11.1463,8,b,NO,NO.
order_forced,data/videos_v3/int_67ms/v3_67_00042.avi,67,1,1,0.3751,-0.8562,-1.2313,-2.6062,-9.1057,8,b,A,A
interval,data/videos_v3/int_67ms/v3_67_00042.avi,67,A,A,,-1.1471,-1.384,-1.6516,-1.5245,8,b,(A,(A) Less than 1 second
order_real,data/videos_v3/int_67ms/v3_67_00043.avi,67,0,0,-1.0109,-9.9939,-10.3679,-11.4919,-10.9922,8,a,NO,NO.
order_rev,data/videos_v3/int_67ms/v3_67_00043.avi,67,0,0,-0.4451,-7.9681,-10.5294,-11.0917,-10.9037,8,a,NO,NO.
order_forced,data/videos_v3/int_67ms/v3_67_00043.avi,67,0,0,-0.1249,-1.6832,-1.5583,-4.308,-9.4291,8,a,The,The cyan circle moved first.
interval,data/videos_v3/int_67ms/v3_67_00043.avi,67,A,B,,-1.4267,-1.2731,-1.5575,-1.4267,8,a,(B,(B) 1-2 seconds
order_real,data/videos_v3/int_67ms/v3_67_00044.avi,67,1,0,-1.8739,-9.9675,-10.4662,-11.5282,-10.9657,8,a,NO,NO.
order_rev,data/videos_v3/int_67ms/v3_67_00044.avi,67,1,0,-0.8214,-7.7525,-10.5633,-11.1259,-10.6882,8,a,NO,NO.
order_forced,data/videos_v3/int_67ms/v3_67_00044.avi,67,1,1,0.1251,-1.2915,-1.4166,-6.5403,-8.7883,8,a,The,The green triangle moved first.
interval,data/videos_v3/int_67ms/v3_67_00044.avi,67,A,B,,-1.3807,-1.2274,-1.6346,-1.5014,8,a,(B,(B) 1-2 seconds
order_real,data/videos_v3/int_67ms/v3_67_00045.avi,67,1,0,-1.0025,-9.7948,-9.8556,-11.2297,-10.6683,8,a,NO,NO.
order_rev,data/videos_v3/int_67ms/v3_67_00045.avi,67,1,0,-1.4898,-7.3929,-10.3909,-11.0783,-10.7033,8,a,NO,NO.
order_forced,data/videos_v3/int_67ms/v3_67_00045.avi,67,1,1,-0.1247,-2.1918,-2.0671,-5.1912,-9.3109,8,a,The,The blue circle moved first.
interval,data/videos_v3/int_67ms/v3_67_00045.avi,67,A,B,,-1.5498,-1.0454,-1.4287,-1.6779,8,a,(B,(B) 1-2 seconds
order_real,data/videos_v3/int_67ms/v3_67_00046.avi,67,1,0,-1.9856,-9.7211,-10.3446,-11.2195,-10.9066,8,a,NO,NO.
order_rev,data/videos_v3/int_67ms/v3_67_00046.avi,67,1,0,-1.1746,-7.783,-10.4688,-11.0937,-10.7809,8,a,NO,NO.
order_forced,data/videos_v3/int_67ms/v3_67_00046.avi,67,1,1,0.0001,-1.2226,-1.2227,-6.5964,-8.9696,8,a,The,The red square moved first.
interval,data/videos_v3/int_67ms/v3_67_00046.avi,67,A,B,,-1.4453,-1.2795,-1.5747,-1.5598,8,a,(B,(B) 1-2 seconds
order_real,data/videos_v3/int_67ms/v3_67_00047.avi,67,0,0,-1.2992,-9.8157,-10.1894,-11.1266,-10.8761,8,b,NO,NO.
order_rev,data/videos_v3/int_67ms/v3_67_00047.avi,67,0,1,0.1596,-8.1128,-10.6736,-11.1109,-10.9855,8,b,YES,YES.
order_forced,data/videos_v3/int_67ms/v3_67_00047.avi,67,0,1,-0.1248,-1.4161,-1.2913,-4.1659,-9.162,8,b,The,The magenta triangle moved first.
interval,data/videos_v3/int_67ms/v3_67_00047.avi,67,A,A,,-1.2938,-1.2715,-1.5468,-1.5438,8,b,(A,(A) Less than 1 second
order_real,data/videos_v3/int_67ms/v3_67_00048.avi,67,1,0,-1.2398,-10.0046,-10.2536,-11.4402,-10.7532,8,b,NO,NO.
order_rev,data/videos_v3/int_67ms/v3_67_00048.avi,67,1,0,-0.4402,-7.6491,-10.5849,-11.459,-10.8343,8,b,NO,NO.
order_forced,data/videos_v3/int_67ms/v3_67_00048.avi,67,1,0,0.1254,-1.8813,-2.0067,-6.505,-8.7497,8,b,The,The yellow triangle moved first.
interval,data/videos_v3/int_67ms/v3_67_00048.avi,67,A,B,,-1.3157,-1.0554,-1.5692,-1.8192,8,b,(B,(B) 1-2 seconds
order_real,data/videos_v3/int_67ms/v3_67_00049.avi,67,0,0,-0.9989,-9.9507,-10.387,-11.4487,-10.8867,8,a,NO,NO.
order_rev,data/videos_v3/int_67ms/v3_67_00049.avi,67,0,0,-0.0714,-7.7952,-10.5439,-11.1058,-10.7929,8,a,NO,NO.
order_forced,data/videos_v3/int_67ms/v3_67_00049.avi,67,0,1,0.1252,-1.4077,-1.5329,-6.4066,-9.0283,8,a,The,The green triangle moved first.
interval,data/videos_v3/int_67ms/v3_67_00049.avi,67,A,B,,-1.487,-1.2084,-1.49,-1.4835,8,a,(B,(B) 1-2 seconds
order_real,data/videos_v3/int_67ms/v3_67_00050.avi,67,1,0,-2.1236,-9.936,-10.3724,-10.9974,-10.8098,8,a,NO,NO.
order_rev,data/videos_v3/int_67ms/v3_67_00050.avi,67,1,0,-1.2851,-7.6173,-10.4284,-11.0531,-10.6779,8,a,NO,NO.
order_forced,data/videos_v3/int_67ms/v3_67_00050.avi,67,1,1,0.1253,-1.3018,-1.4271,-4.3014,-8.2981,8,a,The,The cyan square moved first.
interval,data/videos_v3/int_67ms/v3_67_00050.avi,67,A,B,,-1.3753,-1.2249,-1.5054,-1.6253,8,a,(B,(B) 1-2 seconds
order_real,data/videos_v3/int_67ms/v3_67_00051.avi,67,0,0,-0.4245,-9.8267,-10.2004,-11.2619,-10.8247,8,a,NO,NO.
order_rev,data/videos_v3/int_67ms/v3_67_00051.avi,67,0,0,-0.7647,-7.9092,-10.658,-11.2826,-10.8449,8,a,NO,NO.
order_forced,data/videos_v3/int_67ms/v3_67_00051.avi,67,0,1,0.0003,-1.586,-1.5863,-5.9598,-8.8296,8,a,The,The yellow circle moved first.
interval,data/videos_v3/int_67ms/v3_67_00051.avi,67,A,B,,-1.3319,-1.1894,-1.5843,-1.5819,8,a,(B,(B) 1-2 seconds
order_real,data/videos_v3/int_67ms/v3_67_00052.avi,67,0,0,-2.4699,-10.0919,-10.7153,-11.4654,-11.215,8,b,NO,NO.
order_rev,data/videos_v3/int_67ms/v3_67_00052.avi,67,0,0,-1.1746,-8.1559,-10.8415,-11.2167,-10.9037,8,b,NO,NO.
order_forced,data/videos_v3/int_67ms/v3_67_00052.avi,67,0,1,0.0001,-1.2173,-1.2174,-6.0915,-8.8381,8,b,The,The magenta triangle moved first.
interval,data/videos_v3/int_67ms/v3_67_00052.avi,67,A,A,,-1.2767,-1.2528,-1.7767,-1.5311,8,b,(A,(A) Less than 1 second
order_real,data/videos_v3/int_67ms/v3_67_00053.avi,67,1,1,0.168,-10.2621,-10.4489,-11.5095,-11.0728,8,a,YES,YES.
order_rev,data/videos_v3/int_67ms/v3_67_00053.avi,67,1,1,0.2002,-7.9334,-10.7443,-11.3683,-10.9934,8,a,YES,YES.
order_forced,data/videos_v3/int_67ms/v3_67_00053.avi,67,1,1,0.5004,-1.4248,-1.9252,-5.6736,-8.6672,8,a,The,The yellow circle moved first.
interval,data/videos_v3/int_67ms/v3_67_00053.avi,67,A,B,,-1.4899,-1.1047,-1.4934,-1.6168,8,a,(B,(B) 1-2 seconds
order_real,data/videos_v3/int_67ms/v3_67_00054.avi,67,1,0,-1.1361,-10.0871,-10.211,-11.5223,-10.8979,8,a,NO,NO.
order_rev,data/videos_v3/int_67ms/v3_67_00054.avi,67,1,0,-0.3238,-7.8818,-10.5048,-11.3168,-10.7544,8,a,NO,NO.
order_forced,data/videos_v3/int_67ms/v3_67_00054.avi,67,1,1,0.1252,-1.4122,-1.5374,-7.4104,-8.6587,8,a,The,The yellow triangle moved first.
interval,data/videos_v3/int_67ms/v3_67_00054.avi,67,A,B,,-1.5285,-1.138,-1.4092,-1.6557,8,a,(B,(B) 1-2 seconds
order_real,data/videos_v3/int_67ms/v3_67_00055.avi,67,1,0,-1.2617,-10.0843,-10.2705,-11.457,-10.8951,8,a,NO,NO.
order_rev,data/videos_v3/int_67ms/v3_67_00055.avi,67,1,0,0.0378,-7.9887,-10.5499,-11.3612,-10.9238,8,a,NO,NO.
order_forced,data/videos_v3/int_67ms/v3_67_00055.avi,67,1,1,-0.1247,-1.8366,-1.7119,-5.5858,-8.8314,8,a,The,The yellow square moved first.
interval,data/videos_v3/int_67ms/v3_67_00055.avi,67,A,B,,-1.4606,-1.0774,-1.5895,-1.5877,8,a,(B,(B) 1-2 seconds
order_real,data/videos_v3/int_67ms/v3_67_00056.avi,67,0,0,-0.7485,-10.0226,-10.2715,-11.5197,-10.9584,8,a,NO,NO.
order_rev,data/videos_v3/int_67ms/v3_67_00056.avi,67,0,1,0.4408,-8.1057,-10.7918,-11.4781,-11.0412,8,a,YES,YES.
order_forced,data/videos_v3/int_67ms/v3_67_00056.avi,67,0,0,-0.2498,-1.5768,-1.327,-5.9506,-9.1962,8,a,The,The yellow square moved first.
interval,data/videos_v3/int_67ms/v3_67_00056.avi,67,A,A,,-1.1296,-1.2224,-1.6361,-1.8796,8,a,(A,(A) Less than 1 second
order_real,data/videos_v3/int_67ms/v3_67_00057.avi,67,0,0,-1.6504,-9.8744,-10.1854,-11.2475,-10.9351,8,a,NO,NO.
order_rev,data/videos_v3/int_67ms/v3_67_00057.avi,67,0,0,-0.0862,-8.1238,-10.497,-11.1216,-10.9339,8,a,NO,NO.
order_forced,data/videos_v3/int_67ms/v3_67_00057.avi,67,0,0,-0.1248,-1.505,-1.3802,-3.6299,-8.7507,8,a,The,The cyan circle moved first.
interval,data/videos_v3/int_67ms/v3_67_00057.avi,67,A,A,,-1.3373,-1.309,-1.5947,-1.4623,8,a,(A,(A) Less than 1 second
order_real,data/videos_v3/int_67ms/v3_67_00058.avi,67,1,0,-1.3648,-9.9789,-10.2277,-11.2892,-10.8523,8,b,NO,NO.
order_rev,data/videos_v3/int_67ms/v3_67_00058.avi,67,1,0,-0.0713,-7.6697,-10.4183,-11.0426,-10.7924,8,b,NO,NO.
order_forced,data/videos_v3/int_67ms/v3_67_00058.avi,67,1,0,0.0002,-1.6792,-1.6794,-3.4291,-9.1736,8,b,The,The cyan circle moved first.
interval,data/videos_v3/int_67ms/v3_67_00058.avi,67,A,A,,-1.2316,-1.2091,-1.6111,-1.7289,8,b,(A,(A) Less than 1 second
order_real,data/videos_v3/int_67ms/v3_67_00059.avi,67,1,0,-0.7647,-9.7856,-10.159,-11.346,-10.7838,8,b,NO,NO.
order_rev,data/videos_v3/int_67ms/v3_67_00059.avi,67,1,0,-0.6836,-7.5794,-10.3277,-11.3272,-10.7024,8,b,NO,NO.
order_forced,data/videos_v3/int_67ms/v3_67_00059.avi,67,1,1,-0.2497,-1.7959,-1.5462,-7.4175,-8.2911,8,b,The,The blue square moved first.
interval,data/videos_v3/int_67ms/v3_67_00059.avi,67,A,B,,-1.3704,-1.2229,-1.4999,-1.6228,8,b,(B,(B) 1-2 seconds
order_real,data/videos_v3/int_67ms/v3_67_00060.avi,67,0,0,-2.4549,-10.0195,-10.5182,-11.5802,-11.0179,8,b,NO,NO.
order_rev,data/videos_v3/int_67ms/v3_67_00060.avi,67,0,0,-0.6661,-7.9413,-10.6274,-11.3771,-10.8144,8,b,NO,NO.
order_forced,data/videos_v3/int_67ms/v3_67_00060.avi,67,0,1,0.1255,-1.4853,-1.6108,-7.1063,-8.9734,8,b,The,The red triangle moved first.
interval,data/videos_v3/int_67ms/v3_67_00060.avi,67,A,B,,-1.5878,-1.0774,-1.47,-1.5929,8,b,(B,(B) 1-2 seconds
order_real,data/videos_v3/int_67ms/v3_67_00061.avi,67,1,0,-1.5799,-9.9373,-10.3735,-11.2483,-10.936,8,a,NO,NO.
order_rev,data/videos_v3/int_67ms/v3_67_00061.avi,67,1,0,-0.3781,-7.9402,-10.5638,-11.0635,-10.8758,8,a,NO,NO.
order_forced,data/videos_v3/int_67ms/v3_67_00061.avi,67,1,0,-0.2497,-1.7381,-1.4884,-3.2382,-8.9846,8,a,The,The cyan circle moved first.
interval,data/videos_v3/int_67ms/v3_67_00061.avi,67,A,B,,-1.3484,-1.2139,-1.4768,-1.5984,8,a,(B,(B) 1-2 seconds
order_real,data/videos_v3/int_67ms/v3_67_00062.avi,67,0,0,-2.6399,-9.8487,-10.4097,-11.2843,-10.7847,8,a,NO,NO.
order_rev,data/videos_v3/int_67ms/v3_67_00062.avi,67,0,0,-1.4465,-7.7257,-10.5365,-11.2234,-10.7235,8,a,NO,NO.
order_forced,data/videos_v3/int_67ms/v3_67_00062.avi,67,0,1,0.1253,-1.2987,-1.424,-6.1722,-8.5441,8,a,The,The yellow circle moved first.
interval,data/videos_v3/int_67ms/v3_67_00062.avi,67,A,B,,-1.4572,-1.1849,-1.463,-1.5822,8,a,(B,(B) 1-2 seconds
order_real,data/videos_v3/int_67ms/v3_67_00063.avi,67,0,0,-0.6571,-10.2114,-10.0225,-11.7081,-10.8349,8,b,NO,NO.
order_rev,data/videos_v3/int_67ms/v3_67_00063.avi,67,0,0,-0.0361,-7.6606,-10.2836,-11.5324,-10.7835,8,b,NO,NO.
order_forced,data/videos_v3/int_67ms/v3_67_00063.avi,67,0,0,-0.9995,-3.0879,-2.0884,-9.0849,-9.8318,8,b,The,The blue triangle moved first.
interval,data/videos_v3/int_67ms/v3_67_00063.avi,67,A,B,,-1.4412,-0.9385,-1.4451,-2.0701,8,b,(B,(B) 1-2 seconds
order_real,data/videos_v3/int_67ms/v3_67_00064.avi,67,1,0,-1.6397,-9.8295,-10.2655,-10.9528,-10.8899,8,a,NO,NO.
order_rev,data/videos_v3/int_67ms/v3_67_00064.avi,67,1,0,-1.291,-7.6468,-10.395,-10.8951,-10.7074,8,a,NO,NO.
order_forced,data/videos_v3/int_67ms/v3_67_00064.avi,67,1,1,0.2503,-1.4078,-1.6581,-4.0325,-8.5273,8,a,The,The cyan circle moved first.
interval,data/videos_v3/int_67ms/v3_67_00064.avi,67,A,B,,-1.3524,-1.2023,-1.6059,-1.6024,8,a,(B,(B) 1-2 seconds
order_real,data/videos_v3/int_67ms/v3_67_00065.avi,67,0,0,-1.5143,-9.8518,-10.4128,-11.4124,-10.7879,8,a,NO,NO.
order_rev,data/videos_v3/int_67ms/v3_67_00065.avi,67,0,0,-0.6963,-7.7922,-10.5406,-11.2278,-10.7276,8,a,NO,NO.
order_forced,data/videos_v3/int_67ms/v3_67_00065.avi,67,0,0,0.0002,-1.2727,-1.2729,-6.6463,-8.2694,8,a,The,The magenta triangle moved first.
interval,data/videos_v3/int_67ms/v3_67_00065.avi,67,A,B,,-1.4671,-1.1949,-1.4729,-1.5921,8,a,(B,(B) 1-2 seconds
order_real,data/videos_v3/int_67ms/v3_67_00066.avi,67,0,0,-1.0411,-9.7685,-10.2049,-10.8294,-10.7045,8,a,NO,NO.
order_rev,data/videos_v3/int_67ms/v3_67_00066.avi,67,0,0,-0.6745,-7.55,-10.4858,-10.9854,-10.673,8,a,NO,NO.
order_forced,data/videos_v3/int_67ms/v3_67_00066.avi,67,0,1,0.2504,-1.3451,-1.5955,-4.0947,-7.966,8,a,The,The cyan square moved first.
interval,data/videos_v3/int_67ms/v3_67_00066.avi,67,A,B,,-1.4663,-1.1877,-1.5944,-1.5913,8,a,(B,(B) 1-2 seconds
order_real,data/videos_v3/int_67ms/v3_67_00067.avi,67,1,0,-0.4102,-10.0674,-10.441,-11.627,-11.0653,8,a,NO,NO.
order_rev,data/videos_v3/int_67ms/v3_67_00067.avi,67,1,0,0.0482,-8.0889,-10.8371,-11.5861,-11.0865,8,a,NO,NO.
order_forced,data/videos_v3/int_67ms/v3_67_00067.avi,67,1,0,0.1252,-1.3575,-1.4827,-5.7316,-8.6029,8,a,The,The yellow square moved first.
interval,data/videos_v3/int_67ms/v3_67_00067.avi,67,A,A,,-1.3284,-1.3136,-1.5835,-1.4561,8,a,(A,(A) Less than 1 second
order_real,data/videos_v3/int_67ms/v3_67_00068.avi,67,0,0,-1.4268,-9.8447,-10.2183,-11.3421,-10.7802,8,b,NO,NO.
order_rev,data/videos_v3/int_67ms/v3_67_00068.avi,67,0,0,-0.9405,-8.1085,-10.6696,-11.2315,-10.8563,8,b,NO,NO.
order_forced,data/videos_v3/int_67ms/v3_67_00068.avi,67,0,1,0.1252,-1.3619,-1.4871,-6.3604,-8.7325,8,b,The,The red circle moved first.
interval,data/videos_v3/int_67ms/v3_67_00068.avi,67,A,B,,-1.4642,-1.3106,-1.595,-1.3392,8,b,(B,(B) 1-2 seconds
order_real,data/videos_v3/int_67ms/v3_67_00069.avi,67,0,0,-1.374,-9.8625,-10.4233,-11.1729,-10.9855,8,a,NO,NO.
order_rev,data/videos_v3/int_67ms/v3_67_00069.avi,67,0,0,-0.4321,-8.2471,-10.6205,-11.1824,-10.9949,8,a,NO,NO.
order_forced,data/videos_v3/int_67ms/v3_67_00069.avi,67,0,0,0.1252,-1.3647,-1.4899,-3.9894,-8.6104,8,a,The,The red square moved first.
interval,data/videos_v3/int_67ms/v3_67_00069.avi,67,A,B,,-1.4097,-1.2607,-1.668,-1.5391,8,a,(B,(B) 1-2 seconds
order_real,data/videos_v3/int_67ms/v3_67_00070.avi,67,1,0,-0.9852,-10.0322,-10.281,-11.2178,-10.9053,8,b,NO,NO.
order_rev,data/videos_v3/int_67ms/v3_67_00070.avi,67,1,0,-0.6663,-8.0668,-10.6279,-11.1276,-10.8149,8,b,NO,NO.
order_forced,data/videos_v3/int_67ms/v3_67_00070.avi,67,1,1,0.3757,-1.6784,-2.0541,-4.8026,-8.7962,8,b,The,The cyan triangle moved first.
interval,data/videos_v3/int_67ms/v3_67_00070.avi,67,A,B,,-1.4467,-1.1829,-1.4495,-1.5717,8,b,(B,(B) 1-2 seconds
order_real,data/videos_v3/int_67ms/v3_67_00071.avi,67,0,0,-2.1397,-9.8898,-10.3257,-11.3255,-10.9504,8,b,NO,NO.
order_rev,data/videos_v3/int_67ms/v3_67_00071.avi,67,0,0,-0.9462,-7.8419,-10.5274,-11.0277,-10.7146,8,b,NO,NO.
order_forced,data/videos_v3/int_67ms/v3_67_00071.avi,67,0,1,-0.1248,-1.4189,-1.2941,-6.6673,-8.6646,8,b,The,The blue triangle moved first.
interval,data/videos_v3/int_67ms/v3_67_00071.avi,67,A,B,,-1.3883,-1.235,-1.6422,-1.5133,8,b,(B,(B) 1-2 seconds
order_real,data/videos_v3/int_67ms/v3_67_00072.avi,67,1,0,-0.0148,-10.1484,-10.3972,-11.5211,-10.9595,8,a,NO,NO.
order_rev,data/videos_v3/int_67ms/v3_67_00072.avi,67,1,0,-0.1239,-8.018,-10.7664,-11.3908,-10.9534,8,a,NO,NO.
order_forced,data/videos_v3/int_67ms/v3_67_00072.avi,67,1,1,-0.1248,-1.9228,-1.798,-5.7974,-9.0439,8,a,The,The green circle moved first.
interval,data/videos_v3/int_67ms/v3_67_00072.avi,67,A,B,,-1.3161,-1.1848,-1.5683,-1.5673,8,a,(B,(B) 1-2 seconds
order_real,data/videos_v3/int_67ms/v3_67_00073.avi,67,0,0,-2.6577,-9.865,-10.3635,-11.1131,-10.801,8,b,NO,NO.
order_rev,data/videos_v3/int_67ms/v3_67_00073.avi,67,0,0,-1.5655,-7.9695,-10.5931,-11.0302,-10.7176,8,b,NO,NO.
order_forced,data/videos_v3/int_67ms/v3_67_00073.avi,67,0,1,0.2503,-1.4096,-1.6599,-4.409,-8.4059,8,b,The,The yellow circle moved first.
interval,data/videos_v3/int_67ms/v3_67_00073.avi,67,A,A,,-1.3909,-1.3456,-1.5232,-1.5115,8,b,(A,(A) Less than 1 second
order_real,data/videos_v3/int_67ms/v3_67_00074.avi,67,1,0,-0.4339,-9.7936,-10.0423,-11.291,-10.7296,8,a,NO,NO.
order_rev,data/videos_v3/int_67ms/v3_67_00074.avi,67,1,0,-0.407,-7.8046,-10.4282,-11.3023,-10.7401,8,a,NO,NO.
order_forced,data/videos_v3/int_67ms/v3_67_00074.avi,67,1,1,0.1253,-1.7867,-1.912,-6.1608,-9.2807,8,a,The,The yellow circle moved first.
interval,data/videos_v3/int_67ms/v3_67_00074.avi,67,A,B,,-1.2507,-1.1176,-1.5046,-1.8771,8,a,(B,(B) 1-2 seconds
order_real,data/videos_v3/int_67ms/v3_67_00075.avi,67,1,0,-2.2209,-10.0839,-10.5202,-11.6444,-11.0199,8,a,NO,NO.
order_rev,data/videos_v3/int_67ms/v3_67_00075.avi,67,1,0,-1.1663,-7.9249,-10.5486,-11.2356,-10.798,8,a,NO,NO.
order_forced,data/videos_v3/int_67ms/v3_67_00075.avi,67,1,1,0.0002,-1.5119,-1.5121,-6.2611,-8.7595,8,a,The,The red circle moved first.
interval,data/videos_v3/int_67ms/v3_67_00075.avi,67,A,A,,-1.29,-1.2769,-1.5445,-1.54,8,a,(A,(A) Less than 1 second
order_real,data/videos_v3/int_67ms/v3_67_00076.avi,67,0,0,-2.1284,-10.0923,-10.8404,-11.9026,-11.3404,8,a,NO,NO.
order_rev,data/videos_v3/int_67ms/v3_67_00076.avi,67,0,0,-1.0414,-7.7042,-10.8275,-11.5771,-11.077,8,a,NO,NO.
order_forced,data/videos_v3/int_67ms/v3_67_00076.avi,67,0,1,0.0,-0.9864,-0.9864,-4.7362,-8.7352,8,a,A,A
interval,data/videos_v3/int_67ms/v3_67_00076.avi,67,A,A,,-1.0757,-1.4374,-1.8322,-1.4599,8,a,(A,(A) Less than 1 second
order_real,data/videos_v3/int_67ms/v3_67_00077.avi,67,1,0,-0.2851,-9.9935,-10.3673,-11.4288,-10.9291,8,a,NO,NO.
order_rev,data/videos_v3/int_67ms/v3_67_00077.avi,67,1,1,0.5607,-7.7449,-10.7432,-11.43,-11.1174,8,a,YES,YES.
order_forced,data/videos_v3/int_67ms/v3_67_00077.avi,67,1,1,0.2503,-1.7028,-1.9531,-5.0773,-8.9456,8,a,The,The green circle moved first.
interval,data/videos_v3/int_67ms/v3_67_00077.avi,67,A,B,,-1.4517,-1.1869,-1.4589,-1.5794,8,a,(B,(B) 1-2 seconds
order_real,data/videos_v3/int_67ms/v3_67_00078.avi,67,1,0,-2.3979,-9.7786,-10.2147,-11.4021,-10.9022,8,a,NO,NO.
order_rev,data/videos_v3/int_67ms/v3_67_00078.avi,67,1,0,-1.3154,-7.5162,-10.5145,-11.3892,-10.8264,8,a,NO,NO.
order_forced,data/videos_v3/int_67ms/v3_67_00078.avi,67,1,1,-0.1247,-1.63,-1.5053,-7.2529,-8.3763,8,a,The,The blue square moved first.
interval,data/videos_v3/int_67ms/v3_67_00078.avi,67,A,A,,-1.3119,-1.2796,-1.5653,-1.5619,8,a,(A,(A) Less than 1 second
order_real,data/videos_v3/int_67ms/v3_67_00079.avi,67,1,0,-1.0113,-9.9319,-10.3682,-11.4921,-11.0549,8,a,NO,NO.
order_rev,data/videos_v3/int_67ms/v3_67_00079.avi,67,1,0,-0.7613,-8.0052,-10.6289,-11.3785,-11.0035,8,a,NO,NO.
order_forced,data/videos_v3/int_67ms/v3_67_00079.avi,67,1,1,0.0002,-1.3229,-1.3231,-5.5723,-8.944,8,a,The,The red circle moved first.
interval,data/videos_v3/int_67ms/v3_67_00079.avi,67,A,A,,-1.2445,-1.3409,-1.6226,-1.4911,8,a,(A,(A) Less than 1 second
order_real,data/videos_v3/int_67ms/v3_67_00080.avi,67,0,0,-1.1602,-10.0188,-10.3297,-11.017,-10.8919,8,a,NO,NO.
order_rev,data/videos_v3/int_67ms/v3_67_00080.avi,67,0,0,-0.69,-7.6844,-10.3701,-10.9949,-10.62,8,a,NO,NO.
order_forced,data/videos_v3/int_67ms/v3_67_00080.avi,67,0,1,0.2503,-1.8649,-2.1152,-4.9896,-8.7369,8,a,The,The cyan triangle moved first.
interval,data/videos_v3/int_67ms/v3_67_00080.avi,67,A,B,,-1.3409,-1.0828,-1.4686,-1.8423,8,a,(B,(B) 1-2 seconds
order_real,data/videos_v3/int_67ms/v3_67_00081.avi,67,0,0,-1.6276,-9.7876,-10.0983,-11.3476,-10.7857,8,a,NO,NO.
order_rev,data/videos_v3/int_67ms/v3_67_00081.avi,67,0,0,-1.2821,-7.4178,-10.4162,-11.1035,-10.6657,8,a,NO,NO.
order_forced,data/videos_v3/int_67ms/v3_67_00081.avi,67,0,1,-0.2496,-1.66,-1.4104,-6.2832,-7.9056,8,a,The,The blue circle moved first.
interval,data/videos_v3/int_67ms/v3_67_00081.avi,67,A,B,,-1.542,-1.1568,-1.422,-1.5455,8,a,(B,(B) 1-2 seconds
order_real,data/videos_v3/int_67ms/v3_67_00082.avi,67,1,0,-1.2914,-9.8358,-10.2095,-11.2709,-10.7712,8,a,NO,NO.
order_rev,data/videos_v3/int_67ms/v3_67_00082.avi,67,1,0,-0.8587,-7.868,-10.429,-10.9909,-10.6157,8,a,NO,NO.
order_forced,data/videos_v3/int_67ms/v3_67_00082.avi,67,1,1,0.1252,-1.2424,-1.3676,-6.3664,-8.3645,8,a,The,The magenta triangle moved first.
interval,data/videos_v3/int_67ms/v3_67_00082.avi,67,A,A,,-1.2801,-1.2482,-1.6595,-1.5301,8,a,(A,(A) Less than 1 second
order_real,data/videos_v3/int_67ms/v3_67_00083.avi,67,0,0,-2.1907,-9.8832,-10.3196,-11.3188,-10.9443,8,a,NO,NO.
order_rev,data/videos_v3/int_67ms/v3_67_00083.avi,67,0,0,-1.1746,-7.6578,-10.4065,-11.0312,-10.8437,8,a,NO,NO.
order_forced,data/videos_v3/int_67ms/v3_67_00083.avi,67,0,1,0.1251,-1.1013,-1.2264,-4.226,-8.9743,8,a,A,A
interval,data/videos_v3/int_67ms/v3_67_00083.avi,67,A,A,,-1.3019,-1.395,-1.5602,-1.4313,8,a,(A,(A) Less than 1 second
order_real,data/videos_v3/int_67ms/v3_67_00084.avi,67,0,0,-1.628,-9.8507,-10.2867,-11.4734,-10.8487,8,b,NO,NO.
order_rev,data/videos_v3/int_67ms/v3_67_00084.avi,67,0,0,-0.8019,-7.8131,-10.4368,-11.1863,-10.6236,8,b,NO,NO.
order_forced,data/videos_v3/int_67ms/v3_67_00084.avi,67,0,1,0.2504,-1.4011,-1.6515,-7.5223,-8.643,8,b,The,The yellow triangle moved first.
interval,data/videos_v3/int_67ms/v3_67_00084.avi,67,A,B,,-1.4575,-1.19,-1.5849,-1.4599,8,b,(B,(B) 1-2 seconds
order_real,data/videos_v3/int_67ms/v3_67_00085.avi,67,1,0,-0.1605,-10.1106,-10.422,-11.2961,-10.9844,8,b,NO,NO.
order_rev,data/videos_v3/int_67ms/v3_67_00085.avi,67,1,0,-0.761,-8.2537,-10.69,-11.2522,-10.8774,8,b,NO,NO.
order_forced,data/videos_v3/int_67ms/v3_67_00085.avi,67,1,1,0.0001,-1.5401,-1.5402,-3.1651,-8.7879,8,b,The,The cyan circle moved first.
interval,data/videos_v3/int_67ms/v3_67_00085.avi,67,A,B,,-1.5333,-1.277,-1.5377,-1.2865,8,b,(B,(B) 1-2 seconds
order_real,data/videos_v3/int_67ms/v3_67_00086.avi,67,1,0,-0.5497,-10.3383,-10.7122,-11.6486,-11.399,8,b,NO,NO.
order_rev,data/videos_v3/int_67ms/v3_67_00086.avi,67,1,0,-0.5737,-8.1558,-10.9042,-11.4665,-11.1541,8,b,NO,NO.
order_forced,data/videos_v3/int_67ms/v3_67_00086.avi,67,1,1,0.25,-0.8709,-1.1209,-2.9959,-8.9952,8,b,A,A
interval,data/videos_v3/int_67ms/v3_67_00086.avi,67,A,A,,-1.0349,-1.4009,-1.7866,-1.5366,8,b,(A,(A) Less than 1 second
order_real,data/videos_v3/int_67ms/v3_67_00087.avi,67,1,0,-1.485,-9.7942,-10.1052,-11.1676,-10.7303,8,a,NO,NO.
order_rev,data/videos_v3/int_67ms/v3_67_00087.avi,67,1,0,-0.1963,-7.7373,-10.4232,-11.1729,-10.7977,8,a,NO,NO.
order_forced,data/videos_v3/int_67ms/v3_67_00087.avi,67,1,1,-0.3744,-1.7446,-1.3702,-5.2436,-8.3636,8,a,The,The blue triangle moved first.
interval,data/videos_v3/int_67ms/v3_67_00087.avi,67,A,B,,-1.4553,-1.1922,-1.4617,-1.5848,8,a,(B,(B) 1-2 seconds
order_real,data/videos_v3/int_67ms/v3_67_00088.avi,67,1,0,-2.0229,-9.9829,-10.6064,-11.5436,-11.0437,8,a,NO,NO.
order_rev,data/videos_v3/int_67ms/v3_67_00088.avi,67,1,0,-1.2832,-7.9687,-10.6546,-11.2795,-10.8418,8,a,NO,NO.
order_forced,data/videos_v3/int_67ms/v3_67_00088.avi,67,1,1,0.0001,-1.273,-1.2731,-5.7726,-8.7708,8,a,The,The green square moved first.
interval,data/videos_v3/int_67ms/v3_67_00088.avi,67,A,A,,-1.2595,-1.3487,-1.7595,-1.504,8,a,(A,(A) Less than 1 second
order_real,data/videos_v3/int_67ms/v3_67_00089.avi,67,1,0,-1.5146,-10.0989,-10.4724,-11.4717,-10.9098,8,a,NO,NO.
order_rev,data/videos_v3/int_67ms/v3_67_00089.avi,67,1,0,-0.2649,-7.9708,-10.6567,-11.406,-10.9686,8,a,NO,NO.
order_forced,data/videos_v3/int_67ms/v3_67_00089.avi,67,1,1,0.1252,-1.4875,-1.6127,-5.8616,-8.7329,8,a,The,The yellow circle moved first.
interval,data/videos_v3/int_67ms/v3_67_00089.avi,67,A,B,,-1.5892,-1.0761,-1.4706,-1.5892,8,a,(B,(B) 1-2 seconds
order_real,data/videos_v3/int_67ms/v3_67_00090.avi,67,1,0,-0.6582,-10.0141,-10.3879,-11.3245,-11.0122,8,b,NO,NO.
order_rev,data/videos_v3/int_67ms/v3_67_00090.avi,67,1,0,-0.8071,-7.7416,-10.5527,-10.9901,-10.8646,8,b,NO,NO.
order_forced,data/videos_v3/int_67ms/v3_67_00090.avi,67,1,1,0.2501,-1.1467,-1.3968,-4.6463,-9.1435,8,b,The,The green circle moved first.
interval,data/videos_v3/int_67ms/v3_67_00090.avi,67,A,B,,-1.384,-1.2307,-1.6379,-1.6296,8,b,(B,(B) 1-2 seconds
order_real,data/videos_v3/int_67ms/v3_67_00091.avi,67,0,0,-1.874,-9.8426,-10.466,-11.4659,-10.9036,8,a,NO,NO.
order_rev,data/videos_v3/int_67ms/v3_67_00091.avi,67,0,0,-0.9321,-7.7054,-10.5789,-11.3286,-10.8283,8,a,NO,NO.
order_forced,data/videos_v3/int_67ms/v3_67_00091.avi,67,0,0,0.0002,-1.3218,-1.322,-7.1951,-8.818,8,a,The,The magenta triangle moved first.
interval,data/videos_v3/int_67ms/v3_67_00091.avi,67,A,A,,-1.2899,-1.2647,-1.5433,-1.661,8,a,(A,(A) Less than 1 second
order_real,data/videos_v3/int_67ms/v3_67_00092.avi,67,0,0,-0.9985,-9.9487,-10.2598,-11.5089,-10.8844,8,a,NO,NO.
order_rev,data/videos_v3/int_67ms/v3_67_00092.avi,67,0,0,0.0837,-8.1365,-10.6975,-11.3221,-11.0094,8,a,NO,NO.
order_forced,data/videos_v3/int_67ms/v3_67_00092.avi,67,0,0,-0.1249,-1.749,-1.6241,-6.3735,-9.121,8,a,The,The green square moved first.
interval,data/videos_v3/int_67ms/v3_67_00092.avi,67,A,B,,-1.4538,-1.1839,-1.4578,-1.5788,8,a,(B,(B) 1-2 seconds
order_real,data/videos_v3/int_67ms/v3_67_00093.avi,67,1,0,-0.2853,-9.9945,-10.1184,-11.1176,-10.868,8,b,NO,NO.
order_rev,data/videos_v3/int_67ms/v3_67_00093.avi,67,1,0,-0.3871,-7.7303,-10.4783,-11.2278,-10.7904,8,b,NO,NO.
order_forced,data/videos_v3/int_67ms/v3_67_00093.avi,67,1,1,0.2503,-1.7794,-2.0297,-4.9037,-8.8993,8,b,The,The cyan triangle moved first.
interval,data/videos_v3/int_67ms/v3_67_00093.avi,67,A,B,,-1.6491,-1.1354,-1.4054,-1.5291,8,b,(B,(B) 1-2 seconds
order_real,data/videos_v3/int_67ms/v3_67_00094.avi,67,0,0,-1.4103,-9.9057,-10.4043,-10.9041,-10.9039,8,a,NO,NO.
order_rev,data/videos_v3/int_67ms/v3_67_00094.avi,67,0,0,-0.8073,-7.8692,-10.5554,-10.8678,-10.8045,8,a,NO,NO.
order_forced,data/videos_v3/int_67ms/v3_67_00094.avi,67,0,0,0.0004,-1.4655,-1.4659,-4.7148,-8.087,8,a,The,The red triangle moved first.
interval,data/videos_v3/int_67ms/v3_67_00094.avi,67,A,B,,-1.5495,-1.1426,-1.5578,-1.5495,8,a,(B,(B) 1-2 seconds
order_real,data/videos_v3/int_67ms/v3_67_00095.avi,67,1,0,-2.0146,-10.0262,-10.525,-11.587,-10.9623,8,a,NO,NO.
order_rev,data/videos_v3/int_67ms/v3_67_00095.avi,67,1,0,-1.2755,-8.008,-10.6941,-11.3189,-10.8812,8,a,NO,NO.
order_forced,data/videos_v3/int_67ms/v3_67_00095.avi,67,1,1,-0.1248,-1.549,-1.4242,-6.1729,-8.9204,8,a,The,The green circle moved first.
interval,data/videos_v3/int_67ms/v3_67_00095.avi,67,A,A,,-1.3432,-1.3113,-1.6015,-1.4682,8,a,(A,(A) Less than 1 second
order_real,data/videos_v3/int_67ms/v3_67_00096.avi,67,0,0,-2.2644,-9.7517,-10.3126,-11.1877,-10.6877,8,a,NO,NO.
order_rev,data/videos_v3/int_67ms/v3_67_00096.avi,67,0,0,-1.2009,-7.3522,-10.4132,-11.1629,-10.7875,8,a,NO,NO.
order_forced,data/videos_v3/int_67ms/v3_67_00096.avi,67,0,1,0.1255,-1.4911,-1.6166,-4.9901,-8.4847,8,a,The,The magenta square moved first.
interval,data/videos_v3/int_67ms/v3_67_00096.avi,67,A,B,,-1.3497,-1.2024,-1.4829,-1.7278,8,a,(B,(B) 1-2 seconds
order_real,data/videos_v3/int_67ms/v3_67_00097.avi,67,0,0,-1.3301,-10.1098,-10.3583,-11.5453,-10.9831,8,a,NO,NO.
order_rev,data/videos_v3/int_67ms/v3_67_00097.avi,67,0,0,-0.5145,-7.7459,-10.3694,-11.3063,-10.8061,8,a,NO,NO.
order_forced,data/videos_v3/int_67ms/v3_67_00097.avi,67,0,1,-0.2494,-1.8762,-1.6268,-7.8721,-8.8666,8,a,The,The blue triangle moved first.
interval,data/videos_v3/int_67ms/v3_67_00097.avi,67,A,B,,-1.4172,-1.1569,-1.544,-1.544,8,a,(B,(B) 1-2 seconds
order_real,data/videos_v3/int_67ms/v3_67_00098.avi,67,0,0,-1.1239,-9.9172,-10.4157,-11.3531,-10.9154,8,b,NO,NO.
order_rev,data/videos_v3/int_67ms/v3_67_00098.avi,67,0,0,0.0535,-7.8567,-10.6676,-11.2924,-10.7922,8,b,NO,NO.
order_forced,data/videos_v3/int_67ms/v3_67_00098.avi,67,0,1,-0.1248,-1.5411,-1.4163,-6.6651,-8.787,8,b,The,The magenta triangle moved first.
interval,data/videos_v3/int_67ms/v3_67_00098.avi,67,A,B,,-1.3556,-1.1897,-1.4806,-1.7256,8,b,(B,(B) 1-2 seconds
order_real,data/videos_v3/int_67ms/v3_67_00099.avi,67,1,0,-1.1505,-9.9124,-10.2861,-11.4105,-10.8483,8,b,NO,NO.
order_rev,data/videos_v3/int_67ms/v3_67_00099.avi,67,1,0,-0.5768,-8.0697,-10.5686,-11.3179,-10.8805,8,b,NO,NO.
order_forced,data/videos_v3/int_67ms/v3_67_00099.avi,67,1,1,0.0002,-1.3336,-1.3338,-6.458,-8.5817,8,b,The,The red square moved first.
interval,data/videos_v3/int_67ms/v3_67_00099.avi,67,A,A,,-1.3243,-1.2839,-1.6993,-1.568,8,b,(A,(A) Less than 1 second
order_real,data/videos_v3/int_100ms/v3_100_00100.avi,100,0,0,-0.5639,-9.81,-10.1834,-11.4948,-10.8707,8,b,NO,NO.
order_rev,data/videos_v3/int_100ms/v3_100_00100.avi,100,0,0,-0.1964,-7.4876,-10.4858,-11.2979,-10.7977,8,b,NO,NO.
order_forced,data/videos_v3/int_100ms/v3_100_00100.avi,100,0,1,-0.2497,-1.5209,-1.2712,-6.8935,-8.2661,8,b,The,The blue square moved first.
interval,data/videos_v3/int_100ms/v3_100_00100.avi,100,A,B,,-1.4539,-1.1754,-1.4597,-1.7039,8,b,(B,(B) 1-2 seconds
order_32f,data/videos_v3/int_100ms/v3_100_00100.avi,100,0,0,-0.6662,-9.7565,-10.1294,-11.5661,-10.7549,32,b,NO,NO.
moved_real,data/videos_v3/int_100ms/v3_100_00100.avi,100,1,0,-1.2994,-10.0011,-11.1862,-11.4369,-10.7498,8,b,NO,NO.
moved_twin,data/twin_v3/v3_100_00100.avi,100,0,0,-2.5259,-10.2125,-11.5228,-11.5859,-10.899,8,b,NO,NO.
still_real,data/videos_v3/int_100ms/v3_100_00100.avi,100,0,1,0.5674,-9.9482,-10.885,-11.633,-10.9463,8,b,YES,YES.
still_twin,data/twin_v3/v3_100_00100.avi,100,1,1,1.8839,-10.3474,-11.5339,-12.2192,-11.5949,8,b,YES,YES.
order_twin,data/twin_v3/v3_100_00100.avi,100,-1,0,-1.8,-9.7929,-10.3538,-11.3536,-10.9783,8,b,NO,NO.
moved_solo_hit,data/videos_v3/int_100ms/v3_100_00100_solob.avi,100,1,0,-2.1607,-10.2299,-11.4776,-11.5408,-10.9162,8,b,NO,NO.
moved_solo_fa,data/videos_v3/int_100ms/v3_100_00100_soloa.avi,100,0,0,-2.4109,-10.0806,-11.5777,-11.6411,-10.8294,8,b,NO,NO.
order_real,data/videos_v3/int_100ms/v3_100_00101.avi,100,1,0,-0.2756,-9.8889,-10.3875,-11.2623,-10.8868,8,a,NO,NO.
order_rev,data/videos_v3/int_100ms/v3_100_00101.avi,100,1,0,-0.307,-8.0484,-10.6094,-11.234,-10.734,8,a,NO,NO.
order_forced,data/videos_v3/int_100ms/v3_100_00101.avi,100,1,1,0.1252,-1.6478,-1.773,-7.1465,-9.0176,8,a,The,The magenta triangle moved first.
interval,data/videos_v3/int_100ms/v3_100_00101.avi,100,A,B,,-1.3901,-1.1082,-1.6352,-1.6401,8,a,(B,(B) 1-2 seconds
order_32f,data/videos_v3/int_100ms/v3_100_00101.avi,100,1,0,-0.7613,-9.7562,-10.1922,-11.3789,-10.7543,32,a,NO,NO.
moved_real,data/videos_v3/int_100ms/v3_100_00101.avi,100,1,0,-0.6774,-10.0077,-11.2552,-11.4427,-10.7558,8,a,NO,NO.
moved_twin,data/twin_v3/v3_100_00101.avi,100,0,0,-3.11,-10.5393,-11.85,-11.9126,-11.2885,8,a,NO,NO.
still_real,data/videos_v3/int_100ms/v3_100_00101.avi,100,0,1,0.2143,-9.9875,-10.7993,-11.6094,-10.985,8,a,YES,YES.
still_twin,data/twin_v3/v3_100_00101.avi,100,1,1,1.6463,-10.4033,-11.4027,-12.0254,-11.5261,8,a,YES,YES.
order_twin,data/twin_v3/v3_100_00101.avi,100,-1,0,-1.7757,-9.8582,-10.4818,-11.2938,-10.9811,8,a,NO,NO.
moved_solo_hit,data/videos_v3/int_100ms/v3_100_00101_soloa.avi,100,1,0,-0.7942,-9.9819,-11.229,-11.3545,-10.7926,8,a,NO,NO.
moved_solo_fa,data/videos_v3/int_100ms/v3_100_00101_solob.avi,100,0,0,-2.2728,-10.4554,-11.641,-11.7661,-11.142,8,a,NO,NO.
order_real,data/videos_v3/int_100ms/v3_100_00102.avi,100,1,0,-0.2853,-10.0567,-10.4304,-11.4297,-10.9922,8,a,NO,NO.
order_rev,data/videos_v3/int_100ms/v3_100_00102.avi,100,1,1,0.2144,-8.1778,-10.6767,-11.2386,-10.9257,8,a,YES,YES.
order_forced,data/videos_v3/int_100ms/v3_100_00102.avi,100,1,1,-0.1248,-1.5473,-1.4225,-6.0466,-9.0423,8,a,The,The green circle moved first.
interval,data/videos_v3/int_100ms/v3_100_00102.avi,100,A,B,,-1.5688,-1.1619,-1.5771,-1.5688,8,a,(B,(B) 1-2 seconds
order_32f,data/videos_v3/int_100ms/v3_100_00102.avi,100,1,0,-0.3863,-10.0155,-10.3892,-11.6379,-10.8888,32,a,NO,NO.
moved_real,data/videos_v3/int_100ms/v3_100_00102.avi,100,1,0,-0.3763,-10.1113,-11.2966,-11.2966,-10.7969,8,a,NO,NO.
moved_twin,data/twin_v3/v3_100_00102.avi,100,0,0,-2.9379,-10.1895,-11.7496,-11.5005,-11.001,8,a,NO,NO.
still_real,data/videos_v3/int_100ms/v3_100_00102.avi,100,0,0,-0.0114,-9.9956,-10.8074,-11.493,-10.8685,8,a,NO,NO.
still_twin,data/twin_v3/v3_100_00102.avi,100,1,1,1.644,-10.3937,-11.5177,-12.0158,-11.6407,8,a,YES,YES.
order_twin,data/twin_v3/v3_100_00102.avi,100,-1,0,-1.7647,-9.9376,-10.6236,-11.4358,-11.0604,8,a,NO,NO.
moved_solo_hit,data/videos_v3/int_100ms/v3_100_00102_soloa.avi,100,1,0,-0.9695,-9.9599,-11.332,-11.3321,-10.7701,8,a,NO,NO.
moved_solo_fa,data/videos_v3/int_100ms/v3_100_00102_solob.avi,100,0,0,-1.3736,-10.2105,-11.3958,-11.5209,-10.959,8,a,NO,NO.
order_real,data/videos_v3/int_100ms/v3_100_00103.avi,100,0,0,-0.1695,-10.095,-10.3435,-11.4056,-11.0306,8,b,NO,NO.
order_rev,data/videos_v3/int_100ms/v3_100_00103.avi,100,0,1,0.1681,-8.1399,-10.701,-11.2006,-11.0124,8,b,YES,YES.
order_forced,data/videos_v3/int_100ms/v3_100_00103.avi,100,0,1,0.0002,-1.5002,-1.5004,-6.7492,-9.3706,8,b,The,The red triangle moved first.
interval,data/videos_v3/int_100ms/v3_100_00103.avi,100,A,A,,-1.2977,-1.2691,-1.5508,-1.5477,8,b,(A,(A) Less than 1 second
order_32f,data/videos_v3/int_100ms/v3_100_00103.avi,100,0,0,-0.7608,-9.8808,-10.1918,-11.5035,-10.8164,32,b,NO,NO.
moved_real,data/videos_v3/int_100ms/v3_100_00103.avi,100,1,0,-0.5526,-10.3007,-11.3617,-11.6115,-11.1118,8,b,NO,NO.
moved_twin,data/twin_v3/v3_100_00103.avi,100,0,0,-2.7754,-10.5066,-11.6929,-11.8179,-11.0682,8,b,NO,NO.
still_real,data/videos_v3/int_100ms/v3_100_00103.avi,100,0,0,0.1021,-10.0401,-10.7899,-11.6628,-11.0382,8,b,NO,NO.
still_twin,data/twin_v3/v3_100_00103.avi,100,1,1,2.135,-10.3273,-11.3894,-12.2622,-11.7,8,b,YES,YES.
order_twin,data/twin_v3/v3_100_00103.avi,100,-1,0,-2.0354,-9.9328,-10.3688,-11.4935,-10.9933,8,b,NO,NO.
moved_solo_hit,data/videos_v3/int_100ms/v3_100_00103_solob.avi,100,1,0,-0.6672,-10.1879,-11.2491,-11.5612,-10.999,8,b,NO,NO.
moved_solo_fa,data/videos_v3/int_100ms/v3_100_00103_soloa.avi,100,0,0,-1.8862,-10.3616,-11.6724,-11.735,-11.1105,8,b,NO,NO.
order_real,data/videos_v3/int_100ms/v3_100_00104.avi,100,0,0,-0.9163,-9.865,-10.301,-11.1756,-10.9254,8,b,NO,NO.
order_rev,data/videos_v3/int_100ms/v3_100_00104.avi,100,0,0,-0.5148,-7.8707,-10.6191,-11.2435,-10.8683,8,b,NO,NO.
order_forced,data/videos_v3/int_100ms/v3_100_00104.avi,100,0,1,0.3752,-1.3639,-1.7391,-6.2379,-8.7343,8,b,The,The magenta circle moved first.
interval,data/videos_v3/int_100ms/v3_100_00104.avi,100,A,B,,-1.3449,-1.1916,-1.5988,-1.5949,8,b,(B,(B) 1-2 seconds
order_32f,data/videos_v3/int_100ms/v3_100_00104.avi,100,0,0,-2.2406,-9.856,-10.3542,-11.4163,-10.7916,32,b,NO,NO.
moved_real,data/videos_v3/int_100ms/v3_100_00104.avi,100,1,0,-0.3031,-10.1503,-11.2734,-11.3356,-10.7115,8,b,NO,NO.
moved_twin,data/twin_v3/v3_100_00104.avi,100,0,0,-3.1667,-10.3179,-11.6911,-11.5666,-10.8173,8,b,NO,NO.
still_real,data/videos_v3/int_100ms/v3_100_00104.avi,100,0,0,0.0993,-10.0649,-10.8769,-11.625,-11.0005,8,b,NO,NO.
still_twin,data/twin_v3/v3_100_00104.avi,100,1,1,2.9997,-10.3992,-11.5862,-12.2709,-11.7712,8,b,YES,YES.
order_twin,data/twin_v3/v3_100_00104.avi,100,-1,0,-2.7535,-9.8602,-10.5461,-11.3586,-10.921,8,b,NO,NO.
moved_solo_hit,data/videos_v3/int_100ms/v3_100_00104_solob.avi,100,1,1,0.5344,-10.0818,-11.3301,-11.3918,-10.8925,8,b,YES,YES.
moved_solo_fa,data/videos_v3/int_100ms/v3_100_00104_soloa.avi,100,0,0,-3.026,-10.309,-11.7447,-11.4952,-10.8709,8,b,NO,NO.
order_real,data/videos_v3/int_100ms/v3_100_00105.avi,100,1,0,-1.8656,-10.084,-10.3951,-11.4572,-11.0818,8,b,NO,NO.
order_rev,data/videos_v3/int_100ms/v3_100_00105.avi,100,1,0,-0.934,-8.0026,-10.626,-11.3757,-10.813,8,b,NO,NO.
order_forced,data/videos_v3/int_100ms/v3_100_00105.avi,100,1,1,-0.1247,-1.4909,-1.3662,-7.3627,-8.7341,8,b,The,The blue triangle moved first.
interval,data/videos_v3/int_100ms/v3_100_00105.avi,100,A,B,,-1.5262,-1.1314,-1.5289,-1.5262,8,b,(B,(B) 1-2 seconds
order_32f,data/videos_v3/int_100ms/v3_100_00105.avi,100,1,0,-1.5322,-9.8674,-10.116,-11.4278,-10.8654,32,b,NO,NO.
moved_real,data/videos_v3/int_100ms/v3_100_00105.avi,100,1,0,-1.9074,-10.1834,-11.3058,-11.4317,-10.807,8,b,NO,NO.
moved_twin,data/twin_v3/v3_100_00105.avi,100,0,0,-2.7534,-10.3556,-11.6033,-11.6042,-10.9797,8,b,NO,NO.
still_real,data/videos_v3/int_100ms/v3_100_00105.avi,100,0,1,1.8963,-10.3669,-11.4289,-12.1142,-11.6141,8,b,YES,YES.
still_twin,data/twin_v3/v3_100_00105.avi,100,1,1,2.4999,-10.5436,-11.5428,-12.228,-11.8529,8,b,YES,YES.
order_twin,data/twin_v3/v3_100_00105.avi,100,-1,0,-2.8305,-10.0605,-10.5588,-11.5587,-11.1833,8,b,NO,NO.
moved_solo_hit,data/videos_v3/int_100ms/v3_100_00105_solob.avi,100,1,1,1.2842,-10.2376,-11.2978,-11.5483,-10.9861,8,b,YES,YES.
moved_solo_fa,data/videos_v3/int_100ms/v3_100_00105_soloa.avi,100,0,0,-2.5035,-10.2479,-11.4957,-11.559,-10.8719,8,b,NO,NO.
order_real,data/videos_v3/int_100ms/v3_100_00106.avi,100,1,0,-1.2197,-10.2676,-10.7037,-11.6405,-11.1411,8,a,NO,NO.
order_rev,data/videos_v3/int_100ms/v3_100_00106.avi,100,1,1,0.1927,-8.2897,-10.9132,-11.4128,-11.1001,8,a,YES,YES.
order_forced,data/videos_v3/int_100ms/v3_100_00106.avi,100,1,0,0.1252,-1.416,-1.5412,-5.7902,-9.2849,8,a,The,The green circle moved first.
interval,data/videos_v3/int_100ms/v3_100_00106.avi,100,A,B,,-1.5169,-1.1288,-1.5214,-1.5214,8,a,(B,(B) 1-2 seconds
order_32f,data/videos_v3/int_100ms/v3_100_00106.avi,100,1,0,-1.6852,-10.0266,-10.4627,-11.5251,-10.9001,32,a,NO,NO.
moved_real,data/videos_v3/int_100ms/v3_100_00106.avi,100,1,0,-2.374,-10.4732,-11.7842,-11.5347,-10.9727,8,a,NO,NO.
moved_twin,data/twin_v3/v3_100_00106.avi,100,0,0,-3.311,-10.4556,-11.954,-11.5796,-10.9552,8,a,NO,NO.
still_real,data/videos_v3/int_100ms/v3_100_00106.avi,100,0,1,0.4742,-10.1533,-11.0276,-11.6509,-11.0889,8,a,YES,YES.
still_twin,data/twin_v3/v3_100_00106.avi,100,1,1,2.1463,-10.4623,-11.5868,-12.2096,-11.7095,8,a,YES,YES.
order_twin,data/twin_v3/v3_100_00106.avi,100,-1,0,-2.5609,-10.1182,-10.8041,-11.5542,-11.2414,8,a,NO,NO.
moved_solo_hit,data/videos_v3/int_100ms/v3_100_00106_soloa.avi,100,1,0,-3.0787,-10.4462,-11.8823,-11.5079,-10.9456,8,a,NO,NO.
moved_solo_fa,data/videos_v3/int_100ms/v3_100_00106_solob.avi,100,0,0,-3.2057,-10.4102,-12.0331,-11.6589,-11.0971,8,a,NO,NO.
order_real,data/videos_v3/int_100ms/v3_100_00107.avi,100,0,0,-0.4271,-9.8802,-10.3787,-11.3157,-10.9407,8,a,NO,NO.
order_rev,data/videos_v3/int_100ms/v3_100_00107.avi,100,0,0,-1.1572,-7.4445,-10.5678,-11.1925,-10.755,8,a,NO,NO.
order_forced,data/videos_v3/int_100ms/v3_100_00107.avi,100,0,1,0.2502,-1.2009,-1.4511,-6.9489,-8.9456,8,a,The,The green square moved first.
interval,data/videos_v3/int_100ms/v3_100_00107.avi,100,A,B,,-1.4224,-1.2651,-1.5508,-1.5474,8,a,(B,(B) 1-2 seconds
order_32f,data/videos_v3/int_100ms/v3_100_00107.avi,100,0,0,-0.7727,-9.7592,-10.3825,-11.4446,-10.8199,32,a,NO,NO.
moved_real,data/videos_v3/int_100ms/v3_100_00107.avi,100,1,0,-0.6242,-10.0662,-11.3764,-11.3765,-10.8775,8,a,NO,NO.
moved_twin,data/twin_v3/v3_100_00107.avi,100,0,0,-3.7214,-10.4434,-12.0041,-11.7544,-10.9427,8,a,NO,NO.
still_real,data/videos_v3/int_100ms/v3_100_00107.avi,100,0,0,-0.0117,-10.1817,-10.9935,-11.6793,-11.0547,8,a,NO,NO.
still_twin,data/twin_v3/v3_100_00107.avi,100,1,1,2.0125,-10.1786,-11.3652,-11.9259,-11.4254,8,a,YES,YES.
order_twin,data/twin_v3/v3_100_00107.avi,100,-1,0,-2.2532,-9.896,-10.5822,-11.5194,-10.8946,8,a,NO,NO.
moved_solo_hit,data/videos_v3/int_100ms/v3_100_00107_soloa.avi,100,1,0,-0.4165,-9.9724,-11.2826,-11.4074,-10.721,8,a,NO,NO.
moved_solo_fa,data/videos_v3/int_100ms/v3_100_00107_solob.avi,100,0,0,-3.361,-10.3117,-11.9347,-11.6227,-10.936,8,a,NO,NO.
order_real,data/videos_v3/int_100ms/v3_100_00108.avi,100,1,0,-1.2486,-10.046,-10.6698,-11.7317,-11.2945,8,a,NO,NO.
order_rev,data/videos_v3/int_100ms/v3_100_00108.avi,100,1,0,-0.6777,-7.7573,-10.756,-11.5682,-11.0683,8,a,NO,NO.
order_forced,data/videos_v3/int_100ms/v3_100_00108.avi,100,1,1,0.125,-0.9937,-1.1187,-5.8686,-9.6176,8,a,A,A
interval,data/videos_v3/int_100ms/v3_100_00108.avi,100,A,A,,-1.1205,-1.3383,-1.7455,-1.6205,8,a,(A,(A) Less than 1 second.
order_32f,data/videos_v3/int_100ms/v3_100_00108.avi,100,1,0,-1.6154,-10.0556,-10.6791,-11.6792,-11.1167,32,a,NO,NO.
moved_real,data/videos_v3/int_100ms/v3_100_00108.avi,100,1,0,-0.9177,-9.7799,-11.0279,-11.6527,-10.9658,8,a,NO,NO.
moved_twin,data/twin_v3/v3_100_00108.avi,100,0,0,-2.6263,-10.0291,-11.5274,-11.9026,-11.0905,8,a,NO,NO.
still_real,data/videos_v3/int_100ms/v3_100_00108.avi,100,0,1,1.1681,-10.1378,-11.3869,-12.0108,-11.636,8,a,YES,YES.
still_twin,data/twin_v3/v3_100_00108.avi,100,1,1,1.9092,-10.23,-11.6043,-12.1031,-11.8531,8,a,YES,YES.
order_twin,data/twin_v3/v3_100_00108.avi,100,-1,0,-2.124,-10.1213,-10.8075,-11.7449,-11.3075,8,a,NO,NO.
moved_solo_hit,data/videos_v3/int_100ms/v3_100_00108_soloa.avi,100,1,0,-0.4339,-9.6317,-11.0047,-11.5047,-10.9426,8,a,NO,NO.
moved_solo_fa,data/videos_v3/int_100ms/v3_100_00108_solob.avi,100,0,0,-2.4086,-10.2856,-11.6589,-12.0342,-11.2221,8,a,NO,NO.
order_real,data/videos_v3/int_100ms/v3_100_00109.avi,100,0,0,-1.1664,-9.8635,-10.2997,-11.4238,-10.8616,8,a,NO,NO.
order_rev,data/videos_v3/int_100ms/v3_100_00109.avi,100,0,0,-0.6821,-7.5357,-10.2215,-10.971,-10.5958,8,a,NO,NO.
order_forced,data/videos_v3/int_100ms/v3_100_00109.avi,100,0,1,0.1252,-1.2979,-1.4231,-6.2962,-8.793,8,a,The,The yellow triangle moved first.
interval,data/videos_v3/int_100ms/v3_100_00109.avi,100,A,A,,-1.3229,-1.2871,-1.5779,-1.5674,8,a,(A,(A) Less than 1 second
order_32f,data/videos_v3/int_100ms/v3_100_00109.avi,100,0,0,-1.6474,-10.0534,-10.427,-11.8009,-10.9892,32,a,NO,NO.
moved_real,data/videos_v3/int_100ms/v3_100_00109.avi,100,1,0,-2.4458,-10.3035,-11.7392,-11.7392,-10.9276,8,a,NO,NO.
moved_twin,data/twin_v3/v3_100_00109.avi,100,0,0,-2.6766,-10.3923,-11.8907,-11.8282,-11.1415,8,a,NO,NO.
still_real,data/videos_v3/int_100ms/v3_100_00109.avi,100,0,1,1.4021,-9.938,-11.0619,-11.9352,-11.3105,8,a,YES,YES.
still_twin,data/twin_v3/v3_100_00109.avi,100,1,1,2.2562,-10.2812,-11.4679,-12.2788,-11.7787,8,a,YES,YES.
order_twin,data/twin_v3/v3_100_00109.avi,100,-1,0,-1.6605,-10.0475,-10.4837,-11.5454,-11.1082,8,a,NO,NO.
moved_solo_hit,data/videos_v3/int_100ms/v3_100_00109_soloa.avi,100,1,0,-2.3105,-10.4295,-11.8027,-11.7403,-11.116,8,a,NO,NO.
moved_solo_fa,data/videos_v3/int_100ms/v3_100_00109_solob.avi,100,0,0,-2.8018,-10.2601,-11.8829,-11.8829,-11.0716,8,a,NO,NO.
order_real,data/videos_v3/int_100ms/v3_100_00110.avi,100,0,0,-1.9543,-10.1307,-10.5046,-11.4415,-11.1292,8,b,NO,NO.
order_rev,data/videos_v3/int_100ms/v3_100_00110.avi,100,0,0,-0.182,-8.1017,-10.6006,-11.3498,-10.9126,8,b,NO,NO.
order_forced,data/videos_v3/int_100ms/v3_100_00110.avi,100,0,1,-0.2499,-1.7953,-1.5454,-3.6702,-8.6678,8,b,The,The cyan circle moved first.
interval,data/videos_v3/int_100ms/v3_100_00110.avi,100,A,B,,-1.298,-1.1646,-1.4261,-1.7992,8,b,(B,(B) 1-2 seconds
order_32f,data/videos_v3/int_100ms/v3_100_00110.avi,100,0,0,-2.5063,-10.1163,-10.6149,-11.4273,-11.0526,32,b,NO,NO.
moved_real,data/videos_v3/int_100ms/v3_100_00110.avi,100,1,1,0.1797,-10.0715,-11.2573,-11.0076,-11.0074,8,b,YES,YES.
moved_twin,data/twin_v3/v3_100_00110.avi,100,0,0,-2.6366,-10.2894,-11.7879,-11.1011,-10.9762,8,b,NO,NO.
still_real,data/videos_v3/int_100ms/v3_100_00110.avi,100,0,0,-0.7204,-9.8145,-10.6885,-11.437,-10.7502,8,b,NO,NO.
still_twin,data/twin_v3/v3_100_00110.avi,100,1,1,2.269,-9.9391,-11.3131,-12.2481,-11.5616,8,b,YES,YES.
order_twin,data/twin_v3/v3_100_00110.avi,100,-1,0,-2.7206,-10.2298,-10.8533,-11.6656,-11.2907,8,b,NO,NO.
moved_solo_hit,data/videos_v3/int_100ms/v3_100_00110_solob.avi,100,1,0,-0.1952,-9.885,-11.0709,-10.8837,-10.7588,8,b,NO,NO.
moved_solo_fa,data/videos_v3/int_100ms/v3_100_00110_soloa.avi,100,0,0,-2.4083,-10.306,-11.8046,-10.9929,-11.0552,8,b,NO,NO.
order_real,data/videos_v3/int_100ms/v3_100_00111.avi,100,1,0,-1.4245,-9.9179,-10.2918,-10.9792,-10.7912,8,b,NO,NO.
order_rev,data/videos_v3/int_100ms/v3_100_00111.avi,100,1,0,-1.2911,-7.647,-10.5831,-10.8957,-10.7077,8,b,NO,NO.
order_forced,data/videos_v3/int_100ms/v3_100_00111.avi,100,1,1,0.2503,-1.2696,-1.5199,-5.5183,-8.5147,8,b,The,The red square moved first.
interval,data/videos_v3/int_100ms/v3_100_00111.avi,100,A,B,,-1.3625,-1.2089,-1.6155,-1.6125,8,b,(B,(B) 1-2 seconds
order_32f,data/videos_v3/int_100ms/v3_100_00111.avi,100,1,0,-2.378,-9.8884,-10.4495,-11.3242,-10.8865,32,b,NO,NO.
moved_real,data/videos_v3/int_100ms/v3_100_00111.avi,100,1,0,-2.4709,-10.2497,-11.5606,-11.4982,-10.749,8,b,NO,NO.
moved_twin,data/twin_v3/v3_100_00111.avi,100,0,0,-3.1684,-10.3186,-11.6921,-11.5673,-10.8179,8,b,NO,NO.
still_real,data/videos_v3/int_100ms/v3_100_00111.avi,100,0,1,2.01,-10.3414,-11.2786,-12.1503,-11.4636,8,b,YES,YES.
still_twin,data/twin_v3/v3_100_00111.avi,100,1,1,2.3862,-10.3148,-11.3767,-12.1237,-11.4995,8,b,YES,YES.
order_twin,data/twin_v3/v3_100_00111.avi,100,-1,0,-2.1398,-9.893,-10.4542,-11.0792,-10.8912,8,b,NO,NO.
moved_solo_hit,data/videos_v3/int_100ms/v3_100_00111_solob.avi,100,1,0,-2.2033,-10.257,-11.4428,-11.4429,-10.7561,8,b,NO,NO.
moved_solo_fa,data/videos_v3/int_100ms/v3_100_00111_soloa.avi,100,0,0,-3.2034,-10.3155,-11.6887,-11.6263,-10.8146,8,b,NO,NO.
order_real,data/videos_v3/int_100ms/v3_100_00112.avi,100,1,0,-1.4853,-10.0428,-10.4791,-11.541,-10.9165,8,b,NO,NO.
order_rev,data/videos_v3/int_100ms/v3_100_00112.avi,100,1,0,-0.7018,-8.1507,-10.5869,-11.2738,-10.8361,8,b,NO,NO.
order_forced,data/videos_v3/int_100ms/v3_100_00112.avi,100,1,0,0.0003,-1.4532,-1.4535,-5.8265,-8.8215,8,b,The,The yellow circle moved first.
interval,data/videos_v3/int_100ms/v3_100_00112.avi,100,A,B,,-1.4901,-1.2115,-1.4932,-1.4901,8,b,(B,(B) 1-2 seconds
order_32f,data/videos_v3/int_100ms/v3_100_00112.avi,100,1,0,-1.7512,-10.0215,-10.4577,-11.7069,-10.8951,32,b,NO,NO.
moved_real,data/videos_v3/int_100ms/v3_100_00112.avi,100,1,0,-2.6242,-10.3291,-11.8269,-11.6401,-10.8908,8,b,NO,NO.
moved_twin,data/twin_v3/v3_100_00112.avi,100,0,0,-3.3288,-10.4344,-11.9327,-11.7454,-10.8712,8,b,NO,NO.
still_real,data/videos_v3/int_100ms/v3_100_00112.avi,100,0,1,1.6489,-10.2913,-11.2908,-12.0385,-11.4141,8,b,YES,YES.
still_twin,data/twin_v3/v3_100_00112.avi,100,1,1,2.3849,-10.3034,-11.4277,-12.1752,-11.6126,8,b,YES,YES.
order_twin,data/twin_v3/v3_100_00112.avi,100,-1,0,-2.0123,-10.0229,-10.5218,-11.5835,-10.8965,8,b,NO,NO.
moved_solo_hit,data/videos_v3/int_100ms/v3_100_00112_solob.avi,100,1,0,-1.8605,-10.1083,-11.4186,-11.4817,-10.7323,8,b,NO,NO.
moved_solo_fa,data/videos_v3/int_100ms/v3_100_00112_soloa.avi,100,0,0,-3.3452,-10.2943,-11.9171,-11.6676,-10.856,8,b,NO,NO.
order_real,data/videos_v3/int_100ms/v3_100_00113.avi,100,0,0,-1.6238,-10.0032,-10.4393,-11.3765,-11.0013,8,b,NO,NO.
order_rev,data/videos_v3/int_100ms/v3_100_00113.avi,100,0,1,0.2931,-7.9591,-10.6451,-11.2695,-10.9565,8,b,YES,YES.
order_forced,data/videos_v3/int_100ms/v3_100_00113.avi,100,0,1,-0.1248,-1.3593,-1.2345,-7.233,-9.1046,8,b,The,The magenta triangle moved first.
interval,data/videos_v3/int_100ms/v3_100_00113.avi,100,A,B,,-1.5291,-1.1373,-1.5374,-1.5335,8,b,(B,(B) 1-2 seconds
order_32f,data/videos_v3/int_100ms/v3_100_00113.avi,100,0,0,-2.08,-9.8082,-10.3692,-11.3691,-10.7441,32,b,NO,NO.
moved_real,data/videos_v3/int_100ms/v3_100_00113.avi,100,1,0,-2.6366,-10.4149,-11.788,-11.7882,-11.2263,8,b,NO,NO.
moved_twin,data/twin_v3/v3_100_00113.avi,100,0,0,-2.7617,-10.3063,-11.8039,-11.8667,-11.1179,8,b,NO,NO.
still_real,data/videos_v3/int_100ms/v3_100_00113.avi,100,0,1,0.197,-10.141,-10.8908,-11.7006,-11.0765,8,b,YES,YES.
still_twin,data/twin_v3/v3_100_00113.avi,100,1,1,1.6463,-10.2784,-11.2776,-12.0251,-11.4009,8,b,YES,YES.
order_twin,data/twin_v3/v3_100_00113.avi,100,-1,0,-1.7757,-9.8575,-10.4187,-11.2933,-10.9182,8,b,NO,NO.
moved_solo_hit,data/videos_v3/int_100ms/v3_100_00113_solob.avi,100,1,0,-2.8601,-10.4262,-11.7367,-11.7995,-11.1128,8,b,NO,NO.
moved_solo_fa,data/videos_v3/int_100ms/v3_100_00113_soloa.avi,100,0,0,-2.5117,-10.4238,-11.7338,-11.7344,-11.1103,8,b,NO,NO.
order_real,data/videos_v3/int_100ms/v3_100_00114.avi,100,0,0,-0.4528,-10.0805,-10.0788,-11.4537,-10.829,8,b,NO,NO.
order_rev,data/videos_v3/int_100ms/v3_100_00114.avi,100,0,0,-0.0514,-7.733,-10.294,-11.2933,-10.7309,8,b,NO,NO.
order_forced,data/videos_v3/int_100ms/v3_100_00114.avi,100,0,1,-0.6245,-2.6461,-2.0216,-8.7681,-9.5145,8,b,The,The blue triangle moved first.
interval,data/videos_v3/int_100ms/v3_100_00114.avi,100,A,B,,-1.3564,-1.102,-1.4845,-1.7336,8,b,(B,(B) 1-2 seconds
order_32f,data/videos_v3/int_100ms/v3_100_00114.avi,100,0,0,-0.8378,-10.1192,-10.2418,-11.7412,-10.9298,32,b,NO,NO.
moved_real,data/videos_v3/int_100ms/v3_100_00114.avi,100,1,0,-0.4191,-10.1738,-10.984,-11.6711,-10.8599,8,b,NO,NO.
moved_twin,data/twin_v3/v3_100_00114.avi,100,0,0,-3.1506,-10.2994,-11.4848,-11.8601,-10.9235,8,b,NO,NO.
still_real,data/videos_v3/int_100ms/v3_100_00114.avi,100,0,0,0.0793,-10.0285,-10.5906,-11.6508,-10.8397,8,b,NO,NO.
still_twin,data/twin_v3/v3_100_00114.avi,100,1,1,2.3748,-10.1259,-11.1251,-11.9979,-11.3111,8,b,YES,YES.
order_twin,data/twin_v3/v3_100_00114.avi,100,-1,0,-2.0122,-9.9028,-10.2757,-11.401,-10.7759,8,b,NO,NO.
moved_solo_hit,data/videos_v3/int_100ms/v3_100_00114_solob.avi,100,1,0,-1.3733,-10.1715,-11.044,-11.6691,-10.7951,8,b,NO,NO.
moved_solo_fa,data/videos_v3/int_100ms/v3_100_00114_soloa.avi,100,0,0,-2.7756,-10.3797,-11.4402,-11.878,-10.9414,8,b,NO,NO.
order_real,data/videos_v3/int_100ms/v3_100_00115.avi,100,0,0,-1.6154,-9.9356,-10.3094,-11.4336,-10.8088,8,b,NO,NO.
order_rev,data/videos_v3/int_100ms/v3_100_00115.avi,100,0,0,-0.9193,-7.6755,-10.4866,-11.2359,-10.6109,8,b,NO,NO.
order_forced,data/videos_v3/int_100ms/v3_100_00115.avi,100,0,1,0.2504,-1.4705,-1.7209,-7.4669,-8.7139,8,b,The,The yellow triangle moved first.
interval,data/videos_v3/int_100ms/v3_100_00115.avi,100,A,B,,-1.4593,-1.1896,-1.5894,-1.462,8,b,(B,(B) 1-2 seconds
order_32f,data/videos_v3/int_100ms/v3_100_00115.avi,100,0,0,-2.2686,-10.0189,-10.5176,-11.6418,-10.9549,32,b,NO,NO.
moved_real,data/videos_v3/int_100ms/v3_100_00115.avi,100,1,0,-2.4074,-10.3788,-11.5645,-11.5645,-10.7529,8,b,NO,NO.
moved_twin,data/twin_v3/v3_100_00115.avi,100,0,0,-2.9076,-10.4712,-11.7822,-11.7195,-10.8456,8,b,NO,NO.
still_real,data/videos_v3/int_100ms/v3_100_00115.avi,100,0,1,1.5267,-10.0151,-11.0771,-11.7622,-11.1375,8,b,YES,YES.
still_twin,data/twin_v3/v3_100_00115.avi,100,1,1,2.3748,-10.3049,-11.5539,-12.052,-11.614,8,b,YES,YES.
order_twin,data/twin_v3/v3_100_00115.avi,100,-1,0,-2.0229,-9.9424,-10.4412,-11.4404,-10.9405,8,b,NO,NO.
moved_solo_hit,data/videos_v3/int_100ms/v3_100_00115_solob.avi,100,1,0,-2.6577,-10.3613,-11.6097,-11.6095,-10.7357,8,b,NO,NO.
moved_solo_fa,data/videos_v3/int_100ms/v3_100_00115_soloa.avi,100,0,0,-2.8743,-10.4391,-11.8127,-11.6875,-10.8135,8,b,NO,NO.
order_real,data/videos_v3/int_100ms/v3_100_00116.avi,100,1,0,-2.4857,-9.8597,-10.2957,-11.233,-10.8583,8,b,NO,NO.
order_rev,data/videos_v3/int_100ms/v3_100_00116.avi,100,1,0,-1.7757,-7.6701,-10.5434,-11.1058,-10.7307,8,b,NO,NO.
order_forced,data/videos_v3/int_100ms/v3_100_00116.avi,100,1,1,-0.1248,-1.366,-1.2412,-6.6145,-8.4872,8,b,The,The blue circle moved first.
interval,data/videos_v3/int_100ms/v3_100_00116.avi,100,A,B,,-1.3845,-1.2232,-1.6345,-1.5051,8,b,(B,(B) 1-2 seconds
order_32f,data/videos_v3/int_100ms/v3_100_00116.avi,100,1,0,-3.1107,-9.8238,-10.3842,-11.5718,-10.9472,32,b,NO,NO.
moved_real,data/videos_v3/int_100ms/v3_100_00116.avi,100,1,0,-2.8452,-10.1938,-11.5037,-11.4423,-10.9431,8,b,NO,NO.
moved_twin,data/twin_v3/v3_100_00116.avi,100,0,0,-2.9078,-10.225,-11.5347,-11.4109,-10.9743,8,b,NO,NO.
still_real,data/videos_v3/int_100ms/v3_100_00116.avi,100,0,1,2.1418,-10.3161,-11.4403,-12.1248,-11.6256,8,b,YES,YES.
still_twin,data/twin_v3/v3_100_00116.avi,100,1,1,2.0169,-10.4551,-11.4542,-12.139,-11.6398,8,b,YES,YES.
order_twin,data/twin_v3/v3_100_00116.avi,100,-1,0,-2.4991,-9.8427,-10.4654,-11.2785,-10.9659,8,b,NO,NO.
moved_solo_hit,data/videos_v3/int_100ms/v3_100_00116_solob.avi,100,1,0,-2.6402,-10.0973,-11.4695,-11.4082,-10.9087,8,b,NO,NO.
moved_solo_fa,data/videos_v3/int_100ms/v3_100_00116_soloa.avi,100,0,0,-2.9714,-10.2224,-11.5323,-11.4085,-10.9716,8,b,NO,NO.
order_real,data/videos_v3/int_100ms/v3_100_00117.avi,100,1,0,-2.14,-10.1376,-10.7613,-11.3238,-11.261,8,b,NO,NO.
order_rev,data/videos_v3/int_100ms/v3_100_00117.avi,100,1,0,-1.1678,-8.358,-10.7943,-11.2315,-11.1687,8,b,NO,NO.
order_forced,data/videos_v3/int_100ms/v3_100_00117.avi,100,1,1,0.2501,-0.9707,-1.2208,-4.3456,-9.2196,8,b,A,A
interval,data/videos_v3/int_100ms/v3_100_00117.avi,100,A,A,,-1.1149,-1.4491,-1.7399,-1.6149,8,b,(A,(A) Less than 1 second
order_32f,data/videos_v3/int_100ms/v3_100_00117.avi,100,1,0,-1.8873,-10.1016,-10.7252,-11.4751,-11.1004,32,b,NO,NO.
moved_real,data/videos_v3/int_100ms/v3_100_00117.avi,100,1,0,-2.2728,-10.2072,-11.5804,-11.643,-11.0811,8,b,NO,NO.
moved_twin,data/twin_v3/v3_100_00117.avi,100,0,0,-2.4083,-10.3089,-11.6824,-11.6822,-11.1828,8,b,NO,NO.
still_real,data/videos_v3/int_100ms/v3_100_00117.avi,100,0,1,1.5271,-10.2706,-11.3947,-11.8936,-11.7684,8,b,YES,YES.
still_twin,data/twin_v3/v3_100_00117.avi,100,1,1,1.6441,-10.3673,-11.4914,-12.0524,-11.8028,8,b,YES,YES.
order_twin,data/twin_v3/v3_100_00117.avi,100,-1,0,-2.1664,-10.2594,-10.7584,-11.3831,-11.3829,8,b,NO,NO.
moved_solo_hit,data/videos_v3/int_100ms/v3_100_00117_solob.avi,100,1,0,-2.273,-10.3321,-11.6431,-11.7054,-11.2059,8,b,NO,NO.
moved_solo_fa,data/videos_v3/int_100ms/v3_100_00117_soloa.avi,100,0,0,-2.303,-10.1928,-11.5663,-11.691,-11.1291,8,b,NO,NO.
order_real,data/videos_v3/int_100ms/v3_100_00118.avi,100,1,0,-0.9106,-10.0212,-10.5198,-11.4567,-11.0195,8,b,NO,NO.
order_rev,data/videos_v3/int_100ms/v3_100_00118.avi,100,1,0,-0.9102,-7.7107,-10.5843,-11.2715,-10.8338,8,b,NO,NO.
order_forced,data/videos_v3/int_100ms/v3_100_00118.avi,100,1,1,0.0001,-1.3157,-1.3158,-5.5651,-8.9365,8,b,The,The green circle moved first.
interval,data/videos_v3/int_100ms/v3_100_00118.avi,100,A,B,,-1.5262,-1.1289,-1.5293,-1.5262,8,b,(B,(B) 1-2 seconds
order_32f,data/videos_v3/int_100ms/v3_100_00118.avi,100,1,0,-1.1604,-9.7704,-10.3311,-11.5179,-10.7688,32,b,NO,NO.
moved_real,data/videos_v3/int_100ms/v3_100_00118.avi,100,1,1,0.3302,-9.9815,-11.2921,-11.3543,-10.917,8,b,YES,YES.
moved_twin,data/twin_v3/v3_100_00118.avi,100,0,0,-2.9859,-10.2031,-11.8888,-11.452,-11.0771,8,b,NO,NO.
still_real,data/videos_v3/int_100ms/v3_100_00118.avi,100,0,1,0.3303,-10.1023,-11.1014,-11.7247,-11.1627,8,b,YES,YES.
still_twin,data/twin_v3/v3_100_00118.avi,100,1,1,2.3839,-10.5432,-11.73,-12.2282,-11.9152,8,b,YES,YES.
order_twin,data/twin_v3/v3_100_00118.avi,100,-1,0,-2.8743,-9.9433,-10.754,-11.4416,-11.0667,8,b,NO,NO.
moved_solo_hit,data/videos_v3/int_100ms/v3_100_00118_solob.avi,100,1,1,0.5644,-9.9779,-11.3509,-11.3509,-10.9758,8,b,YES,YES.
moved_solo_fa,data/videos_v3/int_100ms/v3_100_00118_soloa.avi,100,0,0,-2.986,-10.203,-11.764,-11.4519,-10.9523,8,b,NO,NO.
order_real,data/videos_v3/int_100ms/v3_100_00119.avi,100,1,0,-1.5941,-10.1326,-10.5689,-11.6934,-11.0685,8,a,NO,NO.
order_rev,data/videos_v3/int_100ms/v3_100_00119.avi,100,1,0,-0.9101,-7.9603,-10.5838,-11.3336,-10.8334,8,a,NO,NO.
order_forced,data/videos_v3/int_100ms/v3_100_00119.avi,100,1,0,-0.6247,-1.9492,-1.3245,-5.6984,-9.1943,8,a,The,The red circle moved first.
interval,data/videos_v3/int_100ms/v3_100_00119.avi,100,A,A,,-1.3306,-1.3055,-1.5841,-1.4556,8,a,(A,(A) Less than 1 second
order_32f,data/videos_v3/int_100ms/v3_100_00119.avi,100,1,0,-2.5621,-10.3336,-10.8949,-12.1444,-11.3321,32,a,NO,NO.
moved_real,data/videos_v3/int_100ms/v3_100_00119.avi,100,1,0,-3.1023,-10.3789,-11.8773,-11.8776,-11.0656,8,a,NO,NO.
moved_twin,data/twin_v3/v3_100_00119.avi,100,0,0,-3.4776,-10.2415,-11.9273,-11.9275,-11.0532,8,a,NO,NO.
still_real,data/videos_v3/int_100ms/v3_100_00119.avi,100,0,1,0.9235,-10.0289,-11.153,-12.0262,-11.3394,8,a,YES,YES.
still_twin,data/twin_v3/v3_100_00119.avi,100,1,1,2.1419,-10.3168,-11.5658,-12.3764,-11.7516,8,a,YES,YES.
order_twin,data/twin_v3/v3_100_00119.avi,100,-1,0,-1.8863,-10.0132,-10.5744,-11.7613,-11.074,8,a,NO,NO.
moved_solo_hit,data/videos_v3/int_100ms/v3_100_00119_soloa.avi,100,1,0,-3.0935,-10.3705,-11.9313,-11.9315,-11.0572,8,a,NO,NO.
moved_solo_fa,data/videos_v3/int_100ms/v3_100_00119_solob.avi,100,0,0,-3.7277,-10.3595,-12.0455,-11.9832,-11.1088,8,a,NO,NO.
order_real,data/videos_v3/int_100ms/v3_100_00120.avi,100,0,0,-2.4106,-10.0809,-10.5793,-11.6409,-11.2038,8,b,NO,NO.
order_rev,data/videos_v3/int_100ms/v3_100_00120.avi,100,0,0,-0.8316,-7.9712,-10.6566,-11.3434,-10.906,8,b,NO,NO.
order_forced,data/videos_v3/int_100ms/v3_100_00120.avi,100,0,0,-0.1248,-1.2142,-1.0894,-5.4636,-8.4613,8,b,B,B
interval,data/videos_v3/int_100ms/v3_100_00120.avi,100,A,B,,-1.3671,-1.2254,-1.6229,-1.4952,8,b,(B,(B) 1-2 seconds
order_real,data/videos_v3/int_100ms/v3_100_00121.avi,100,0,0,-1.6475,-9.8678,-10.3038,-11.4282,-10.8037,8,a,NO,NO.
order_rev,data/videos_v3/int_100ms/v3_100_00121.avi,100,0,0,-0.9535,-7.8931,-10.5167,-11.2662,-10.6412,8,a,NO,NO.
order_forced,data/videos_v3/int_100ms/v3_100_00121.avi,100,0,1,0.1253,-1.4989,-1.6242,-7.4957,-8.6191,8,a,The,The green triangle moved first.
interval,data/videos_v3/int_100ms/v3_100_00121.avi,100,A,B,,-1.5821,-1.1872,-1.461,-1.4592,8,a,(B,(B) 1-2 seconds
order_real,data/videos_v3/int_100ms/v3_100_00122.avi,100,1,0,-2.2618,-9.6876,-10.2489,-10.8117,-10.6863,8,b,NO,NO.
order_rev,data/videos_v3/int_100ms/v3_100_00122.avi,100,1,0,-1.6746,-7.8088,-10.5573,-10.9323,-10.6822,8,b,NO,NO.
order_forced,data/videos_v3/int_100ms/v3_100_00122.avi,100,1,1,-0.1247,-1.5572,-1.4325,-4.6816,-8.5524,8,b,The,The magenta triangle moved first.
interval,data/videos_v3/int_100ms/v3_100_00122.avi,100,A,B,,-1.6388,-1.1307,-1.3959,-1.5195,8,b,(B,(B) 1-2 seconds
order_real,data/videos_v3/int_100ms/v3_100_00123.avi,100,1,0,-1.7343,-10.0948,-10.4684,-11.5931,-10.9683,8,a,NO,NO.
order_rev,data/videos_v3/int_100ms/v3_100_00123.avi,100,1,0,-0.4161,-7.7834,-10.5317,-11.406,-10.7813,8,a,NO,NO.
order_forced,data/videos_v3/int_100ms/v3_100_00123.avi,100,1,0,-0.1247,-1.5348,-1.4101,-5.9089,-9.153,8,a,The,The magenta circle moved first.
interval,data/videos_v3/int_100ms/v3_100_00123.avi,100,A,B,,-1.4242,-1.1587,-1.4281,-1.6763,8,a,(B,(B) 1-2 seconds
order_real,data/videos_v3/int_100ms/v3_100_00124.avi,100,0,0,-1.5113,-10.2556,-10.6289,-11.6285,-11.3163,8,b,NO,NO.
order_rev,data/videos_v3/int_100ms/v3_100_00124.avi,100,0,0,-1.0572,-8.1688,-10.6674,-11.3544,-11.0421,8,b,NO,NO.
order_forced,data/videos_v3/int_100ms/v3_100_00124.avi,100,0,0,-0.25,-1.1549,-0.9049,-4.0298,-9.5286,8,b,B,B
interval,data/videos_v3/int_100ms/v3_100_00124.avi,100,A,A,,-1.1645,-1.405,-1.6669,-1.4169,8,b,(A,(A) Less than 1 second
order_real,data/videos_v3/int_100ms/v3_100_00125.avi,100,0,0,-0.8592,-10.2848,-10.7833,-11.6581,-11.2834,8,b,NO,NO.
order_rev,data/videos_v3/int_100ms/v3_100_00125.avi,100,0,0,-0.1478,-7.9803,-10.6665,-11.1665,-11.0412,8,b,NO,NO.
order_forced,data/videos_v3/int_100ms/v3_100_00125.avi,100,0,0,0.1251,-1.4739,-1.599,-2.599,-9.8479,8,b,The,The cyan square moved first.
interval,data/videos_v3/int_100ms/v3_100_00125.avi,100,A,A,,-1.3443,-1.308,-1.4766,-1.5982,8,b,(A,(A) Less than 1 second
order_real,data/videos_v3/int_100ms/v3_100_00126.avi,100,0,0,-0.86,-10.0664,-10.315,-11.3142,-10.877,8,b,NO,NO.
order_rev,data/videos_v3/int_100ms/v3_100_00126.avi,100,0,0,0.0536,-8.1057,-10.5421,-11.1037,-10.916,8,b,NO,NO.
order_forced,data/videos_v3/int_100ms/v3_100_00126.avi,100,0,1,0.1254,-1.8827,-2.0081,-5.3821,-9.1273,8,b,The,The red triangle moved first.
interval,data/videos_v3/int_100ms/v3_100_00126.avi,100,A,B,,-1.3485,-1.2127,-1.4757,-1.5985,8,b,(B,(B) 1-2 seconds
order_real,data/videos_v3/int_100ms/v3_100_00127.avi,100,0,0,-1.0319,-9.8509,-10.0995,-10.9738,-10.6619,8,a,NO,NO.
order_rev,data/videos_v3/int_100ms/v3_100_00127.avi,100,0,0,-0.6768,-7.7267,-10.475,-10.912,-10.6621,8,a,NO,NO.
order_forced,data/videos_v3/int_100ms/v3_100_00127.avi,100,0,1,-0.1243,-1.5619,-1.4376,-4.1867,-8.6801,8,a,The,The yellow triangle moved first.
interval,data/videos_v3/int_100ms/v3_100_00127.avi,100,A,B,,-1.5911,-1.0736,-1.4706,-1.5935,8,a,(B,(B) 1-2 seconds
order_real,data/videos_v3/int_100ms/v3_100_00128.avi,100,1,1,0.1927,-10.1009,-10.3498,-10.9743,-10.9741,8,a,YES,YES.
order_rev,data/videos_v3/int_100ms/v3_100_00128.avi,100,1,0,-0.2912,-7.9591,-10.5828,-11.0824,-10.7699,8,a,NO,NO.
order_forced,data/videos_v3/int_100ms/v3_100_00128.avi,100,1,1,0.2505,-2.0525,-2.303,-4.1775,-9.4218,8,a,The,The cyan triangle moved first.
interval,data/videos_v3/int_100ms/v3_100_00128.avi,100,A,B,,-1.5452,-1.1611,-1.3007,-1.6718,8,a,(B,(B) 1-2 seconds
order_real,data/videos_v3/int_100ms/v3_100_00129.avi,100,1,0,-1.2852,-10.1164,-10.4272,-11.6134,-11.1138,8,a,NO,NO.
order_rev,data/videos_v3/int_100ms/v3_100_00129.avi,100,1,0,-0.7756,-8.0163,-10.6398,-11.3267,-10.9515,8,a,NO,NO.
order_forced,data/videos_v3/int_100ms/v3_100_00129.avi,100,1,1,0.1251,-1.0914,-1.2165,-6.3404,-8.9637,8,a,A,A
interval,data/videos_v3/int_100ms/v3_100_00129.avi,100,A,A,,-1.3198,-1.2958,-1.703,-1.453,8,a,(A,(A) Less than 1 second
order_real,data/videos_v3/int_100ms/v3_100_00130.avi,100,0,0,-0.9173,-10.1089,-10.4204,-11.2322,-11.1072,8,a,NO,NO.
order_rev,data/videos_v3/int_100ms/v3_100_00130.avi,100,0,0,-0.0864,-7.9981,-10.6215,-11.3083,-10.9956,8,a,NO,NO.
order_forced,data/videos_v3/int_100ms/v3_100_00130.avi,100,0,1,0.1255,-1.2642,-1.3897,-3.389,-8.5081,8,a,The,The cyan triangle moved first.
interval,data/videos_v3/int_100ms/v3_100_00130.avi,100,A,B,,-1.3553,-1.2091,-1.6092,-1.6092,8,a,(B,(B) 1-2 seconds
order_real,data/videos_v3/int_100ms/v3_100_00131.avi,100,1,0,-1.3861,-9.9061,-10.5297,-11.6537,-10.967,8,a,NO,NO.
order_rev,data/videos_v3/int_100ms/v3_100_00131.avi,100,1,0,-0.5445,-8.0661,-10.6894,-11.4389,-11.0014,8,a,NO,NO.
order_forced,data/videos_v3/int_100ms/v3_100_00131.avi,100,1,1,-0.2499,-1.388,-1.1381,-6.1376,-8.8861,8,a,The,The green circle moved first.
interval,data/videos_v3/int_100ms/v3_100_00131.avi,100,A,B,,-1.44,-1.3047,-1.57,-1.3168,8,a,(B,(B) 1-2 seconds
order_real,data/videos_v3/int_100ms/v3_100_00132.avi,100,0,0,-0.9002,-10.1632,-10.4119,-11.5984,-11.099,8,b,NO,NO.
order_rev,data/videos_v3/int_100ms/v3_100_00132.avi,100,0,0,-0.7994,-8.1316,-10.6301,-11.2547,-10.8801,8,b,NO,NO.
order_forced,data/videos_v3/int_100ms/v3_100_00132.avi,100,0,0,-0.25,-1.228,-0.978,-3.9779,-9.2268,8,b,B,B
interval,data/videos_v3/int_100ms/v3_100_00132.avi,100,A,A,,-1.2469,-1.367,-1.6227,-1.3727,8,b,(A,(A) Less than 1 second
order_real,data/videos_v3/int_100ms/v3_100_00133.avi,100,1,0,-1.2753,-9.8841,-10.1954,-11.4446,-10.8823,8,b,NO,NO.
order_rev,data/videos_v3/int_100ms/v3_100_00133.avi,100,1,0,-0.7754,-7.7667,-10.4528,-11.2025,-10.7646,8,b,NO,NO.
order_forced,data/videos_v3/int_100ms/v3_100_00133.avi,100,1,1,-0.1246,-1.5569,-1.4323,-7.4285,-8.3025,8,b,The,The blue square moved first.
interval,data/videos_v3/int_100ms/v3_100_00133.avi,100,A,A,,-1.3316,-1.2953,-1.5889,-1.5816,8,b,(A,(A) Less than 1 second
order_real,data/videos_v3/int_100ms/v3_100_00134.avi,100,1,0,-0.8456,-9.9626,-10.5861,-11.461,-11.1483,8,b,NO,NO.
order_rev,data/videos_v3/int_100ms/v3_100_00134.avi,100,1,0,-0.4001,-8.1487,-10.585,-11.3345,-10.9593,8,b,NO,NO.
order_forced,data/videos_v3/int_100ms/v3_100_00134.avi,100,1,1,-0.2499,-1.6381,-1.3882,-6.6376,-9.6354,8,b,The,The red square moved first.
interval,data/videos_v3/int_100ms/v3_100_00134.avi,100,A,A,,-1.2116,-1.1847,-1.596,-1.8366,8,b,(A,(A) Less than 1 second
order_real,data/videos_v3/int_100ms/v3_100_00135.avi,100,0,0,-1.3599,-10.1911,-10.4399,-11.5642,-11.0025,8,b,NO,NO.
order_rev,data/videos_v3/int_100ms/v3_100_00135.avi,100,0,0,-0.916,-7.9881,-10.5493,-11.2363,-10.7992,8,b,NO,NO.
order_forced,data/videos_v3/int_100ms/v3_100_00135.avi,100,0,1,-0.3749,-1.5081,-1.1332,-4.1331,-8.8817,8,b,The,The blue circle moved first.
interval,data/videos_v3/int_100ms/v3_100_00135.avi,100,A,A,,-1.3066,-1.3003,-1.5587,-1.4337,8,b,(A,(A) Less than 1 second
order_real,data/videos_v3/int_100ms/v3_100_00136.avi,100,1,0,-1.3893,-10.0615,-10.5601,-11.6844,-10.9973,8,a,NO,NO.
order_rev,data/videos_v3/int_100ms/v3_100_00136.avi,100,1,0,-0.7755,-8.0151,-10.5764,-11.3884,-10.8884,8,a,NO,NO.
order_forced,data/videos_v3/int_100ms/v3_100_00136.avi,100,1,0,-0.2499,-1.5213,-1.2714,-7.2701,-9.3935,8,a,The,The yellow square moved first.
interval,data/videos_v3/int_100ms/v3_100_00136.avi,100,A,A,,-1.3405,-1.3042,-1.5944,-1.4655,8,a,(A,(A) Less than 1 second
order_real,data/videos_v3/int_100ms/v3_100_00137.avi,100,1,0,-0.908,-9.8131,-10.0619,-11.0616,-10.7488,8,b,NO,NO.
order_rev,data/videos_v3/int_100ms/v3_100_00137.avi,100,1,0,-0.4337,-8.0452,-10.5439,-11.2311,-10.7311,8,b,NO,NO.
order_forced,data/videos_v3/int_100ms/v3_100_00137.avi,100,1,1,0.0004,-1.7368,-1.7372,-5.4858,-8.7321,8,b,The,The cyan triangle moved first.
interval,data/videos_v3/int_100ms/v3_100_00137.avi,100,A,B,,-1.4084,-1.136,-1.5358,-1.6584,8,b,(B,(B) 1-2 seconds
order_real,data/videos_v3/int_100ms/v3_100_00138.avi,100,1,0,-1.2044,-10.199,-10.3227,-11.0726,-10.9476,8,a,NO,NO.
order_rev,data/videos_v3/int_100ms/v3_100_00138.avi,100,1,0,0.06,-7.6254,-10.4366,-11.186,-10.811,8,a,NO,NO.
order_forced,data/videos_v3/int_100ms/v3_100_00138.avi,100,1,0,-0.3742,-2.9238,-2.5496,-5.6731,-10.288,8,a,The,The red triangle moved first.
interval,data/videos_v3/int_100ms/v3_100_00138.avi,100,A,B,,-1.6035,-1.1004,-1.3579,-1.6079,8,a,(B,(B) 1-2 seconds
order_real,data/videos_v3/int_100ms/v3_100_00139.avi,100,0,0,-0.6745,-9.9225,-10.4836,-11.5452,-10.9207,8,a,NO,NO.
order_rev,data/videos_v3/int_100ms/v3_100_00139.avi,100,0,0,-0.3154,-7.7007,-10.574,-11.3235,-10.8858,8,a,NO,NO.
order_forced,data/videos_v3/int_100ms/v3_100_00139.avi,100,0,0,0.1252,-1.2341,-1.3593,-6.233,-8.4794,8,a,The,The yellow triangle moved first.
interval,data/videos_v3/int_100ms/v3_100_00139.avi,100,A,B,,-1.3671,-1.2102,-1.6215,-1.6171,8,a,(B,(B) 1-2 seconds
order_real,data/videos_v3/int_100ms/v3_100_00140.avi,100,1,0,-2.7376,-10.1578,-10.7817,-11.5943,-11.2818,8,b,NO,NO.
order_rev,data/videos_v3/int_100ms/v3_100_00140.avi,100,1,0,-1.273,-7.7098,-10.5211,-11.146,-11.0832,8,b,NO,NO.
order_forced,data/videos_v3/int_100ms/v3_100_00140.avi,100,1,0,-0.1249,-1.2431,-1.1182,-3.368,-9.3668,8,b,B,B
interval,data/videos_v3/int_100ms/v3_100_00140.avi,100,A,A,,-1.2688,-1.4546,-1.6494,-1.6305,8,b,(A,(A) Less than 1 second
order_real,data/videos_v3/int_100ms/v3_100_00141.avi,100,0,0,-1.2349,-10.0315,-10.3424,-11.5914,-10.9047,8,b,NO,NO.
order_rev,data/videos_v3/int_100ms/v3_100_00141.avi,100,0,0,-0.2821,-7.9816,-10.4176,-11.2295,-10.8543,8,b,NO,NO.
order_forced,data/videos_v3/int_100ms/v3_100_00141.avi,100,0,1,-0.1248,-1.4789,-1.3541,-6.1025,-8.7236,8,b,The,The red circle moved first.
interval,data/videos_v3/int_100ms/v3_100_00141.avi,100,A,A,,-1.2847,-1.2622,-1.5392,-1.657,8,b,(A,(A) Less than 1 second
order_real,data/videos_v3/int_100ms/v3_100_00142.avi,100,0,0,-1.453,-10.1116,-10.5477,-11.5471,-11.0474,8,a,NO,NO.
order_rev,data/videos_v3/int_100ms/v3_100_00142.avi,100,0,0,-0.4164,-8.1576,-10.7188,-11.4056,-10.9681,8,a,NO,NO.
order_forced,data/videos_v3/int_100ms/v3_100_00142.avi,100,0,1,0.2502,-1.4631,-1.7133,-6.8363,-8.5832,8,a,The,The green triangle moved first.
interval,data/videos_v3/int_100ms/v3_100_00142.avi,100,A,B,,-1.4596,-1.1898,-1.4647,-1.5873,8,a,(B,(B) 1-2 seconds
order_real,data/videos_v3/int_100ms/v3_100_00143.avi,100,1,0,-1.8871,-9.9142,-10.2879,-11.4123,-10.788,8,b,NO,NO.
order_rev,data/videos_v3/int_100ms/v3_100_00143.avi,100,1,0,-0.9162,-7.6142,-10.4252,-11.4246,-10.7999,8,b,NO,NO.
order_forced,data/videos_v3/int_100ms/v3_100_00143.avi,100,1,1,0.0001,-1.4502,-1.4503,-5.5746,-8.8227,8,b,The,The yellow circle moved first.
interval,data/videos_v3/int_100ms/v3_100_00143.avi,100,A,A,,-1.1929,-1.2857,-1.5714,-1.689,8,b,(A,(A) Less than 1 second
order_real,data/videos_v3/int_100ms/v3_100_00144.avi,100,0,0,-1.3593,-10.036,-10.3473,-11.5341,-10.8473,8,a,NO,NO.
order_rev,data/videos_v3/int_100ms/v3_100_00144.avi,100,0,0,-0.0817,-7.886,-10.6343,-11.5084,-10.9462,8,a,NO,NO.
order_forced,data/videos_v3/int_100ms/v3_100_00144.avi,100,0,0,0.0003,-2.0735,-2.0738,-8.3216,-9.8172,8,a,The,The magenta triangle moved first.
interval,data/videos_v3/int_100ms/v3_100_00144.avi,100,A,B,,-1.5077,-1.1265,-1.3858,-1.6349,8,a,(B,(B) 1-2 seconds
order_real,data/videos_v3/int_100ms/v3_100_00145.avi,100,1,0,-1.1238,-10.1041,-10.5401,-11.3522,-11.227,8,b,NO,NO.
order_rev,data/videos_v3/int_100ms/v3_100_00145.avi,100,1,0,-0.1822,-8.2285,-10.6642,-11.164,-10.9761,8,b,NO,NO.
order_forced,data/videos_v3/int_100ms/v3_100_00145.avi,100,1,1,0.2501,-1.2528,-1.5029,-6.0021,-8.8741,8,b,The,The red triangle moved first.
interval,data/videos_v3/int_100ms/v3_100_00145.avi,100,A,A,,-1.2487,-1.2262,-1.6237,-1.6237,8,b,(A,(A) Less than 1 second
order_real,data/videos_v3/int_100ms/v3_100_00146.avi,100,1,0,-1.4104,-9.9652,-10.4639,-11.4011,-10.9013,8,b,NO,NO.
order_rev,data/videos_v3/int_100ms/v3_100_00146.avi,100,1,0,-1.0111,-7.6828,-10.5563,-11.3062,-10.8061,8,b,NO,NO.
order_forced,data/videos_v3/int_100ms/v3_100_00146.avi,100,1,1,0.1252,-1.2331,-1.3583,-7.1061,-8.3535,8,b,The,The magenta square moved first.
interval,data/videos_v3/int_100ms/v3_100_00146.avi,100,A,B,,-1.3255,-1.1545,-1.7054,-1.8199,8,b,(B,(B) 1-2 seconds
order_real,data/videos_v3/int_100ms/v3_100_00147.avi,100,0,0,-1.032,-9.9738,-10.16,-11.0971,-10.8471,8,a,NO,NO.
order_rev,data/videos_v3/int_100ms/v3_100_00147.avi,100,0,0,-0.9191,-7.7978,-10.4837,-11.1708,-10.7333,8,a,NO,NO.
order_forced,data/videos_v3/int_100ms/v3_100_00147.avi,100,0,1,0.2505,-1.8654,-2.1159,-4.9895,-9.2347,8,a,The,The cyan triangle moved first.
interval,data/videos_v3/int_100ms/v3_100_00147.avi,100,A,B,,-1.719,-1.0876,-1.4755,-1.4745,8,a,(B,(B) 1-2 seconds
order_real,data/videos_v3/int_100ms/v3_100_00148.avi,100,0,0,-1.4707,-10.1887,-10.5621,-11.4995,-11.2493,8,b,NO,NO.
order_rev,data/videos_v3/int_100ms/v3_100_00148.avi,100,0,0,-1.1578,-7.8711,-10.5574,-11.1823,-10.9945,8,b,NO,NO.
order_forced,data/videos_v3/int_100ms/v3_100_00148.avi,100,0,0,-0.1249,-1.231,-1.1061,-3.8559,-9.4789,8,b,B,B
interval,data/videos_v3/int_100ms/v3_100_00148.avi,100,A,A,,-1.3288,-1.3035,-1.5815,-1.4538,8,b,(A,(A) Less than 1 second
order_real,data/videos_v3/int_100ms/v3_100_00149.avi,100,0,0,-2.1372,-10.3818,-10.8799,-11.6297,-11.3173,8,a,NO,NO.
order_rev,data/videos_v3/int_100ms/v3_100_00149.avi,100,0,0,-1.1745,-8.4043,-10.7153,-11.3394,-11.0275,8,a,NO,NO.
order_forced,data/videos_v3/int_100ms/v3_100_00149.avi,100,0,0,-0.125,-0.9697,-0.8447,-4.0946,-8.9689,8,a,B,B
interval,data/videos_v3/int_100ms/v3_100_00149.avi,100,A,A,,-1.0597,-1.4216,-1.8121,-1.4411,8,a,(A,(A) Less than 1 second
order_real,data/videos_v3/int_100ms/v3_100_00150.avi,100,0,0,-0.5228,-10.1967,-10.6326,-11.6944,-11.195,8,b,NO,NO.
order_rev,data/videos_v3/int_100ms/v3_100_00150.avi,100,0,0,-0.4194,-8.6124,-10.736,-11.5473,-11.1104,8,b,NO,NO.
order_forced,data/videos_v3/int_100ms/v3_100_00150.avi,100,0,1,0.0,-1.3179,-1.3179,-6.1924,-8.9408,8,b,The,The red circle moved first.
interval,data/videos_v3/int_100ms/v3_100_00150.avi,100,A,A,,-1.2874,-1.2752,-1.5429,-1.539,8,b,(A,(A) Less than 1 second
order_real,data/videos_v3/int_100ms/v3_100_00151.avi,100,1,0,-1.511,-10.0076,-10.3816,-11.4434,-10.9436,8,b,NO,NO.
order_rev,data/videos_v3/int_100ms/v3_100_00151.avi,100,1,0,-0.9078,-7.8115,-10.4979,-11.1225,-10.8723,8,b,NO,NO.
order_forced,data/videos_v3/int_100ms/v3_100_00151.avi,100,1,1,-0.1248,-1.483,-1.3582,-4.1078,-9.1046,8,b,The,The green circle moved first.
interval,data/videos_v3/int_100ms/v3_100_00151.avi,100,A,A,,-1.3815,-1.3362,-1.5104,-1.5065,8,b,(A,(A) Less than 1 second
order_real,data/videos_v3/int_100ms/v3_100_00152.avi,100,0,0,-1.8783,-9.8766,-10.4378,-11.3745,-10.8748,8,a,NO,NO.
order_rev,data/videos_v3/int_100ms/v3_100_00152.avi,100,0,0,-1.2823,-8.1655,-10.6639,-11.3506,-10.7886,8,a,NO,NO.
order_forced,data/videos_v3/int_100ms/v3_100_00152.avi,100,0,0,0.1253,-1.4254,-1.5507,-6.5485,-8.7955,8,a,The,The yellow square moved first.
interval,data/videos_v3/int_100ms/v3_100_00152.avi,100,A,B,,-1.4205,-1.2632,-1.6739,-1.4205,8,a,(B,(B) 1-2 seconds
order_real,data/videos_v3/int_100ms/v3_100_00153.avi,100,0,0,-1.387,-9.8104,-10.1842,-11.1214,-10.7466,8,b,NO,NO.
order_rev,data/videos_v3/int_100ms/v3_100_00153.avi,100,0,0,-0.8153,-7.6443,-10.393,-11.0802,-10.8296,8,b,NO,NO.
order_forced,data/videos_v3/int_100ms/v3_100_00153.avi,100,0,1,0.1254,-1.6453,-1.7707,-4.8946,-8.6403,8,b,The,The red square moved first.
interval,data/videos_v3/int_100ms/v3_100_00153.avi,100,A,B,,-1.7201,-1.082,-1.3531,-1.5996,8,b,(B,(B) 1-2 seconds
order_real,data/videos_v3/int_100ms/v3_100_00154.avi,100,1,0,0.126,-9.9552,-10.3914,-11.391,-10.9535,8,b,NO,NO.
order_rev,data/videos_v3/int_100ms/v3_100_00154.avi,100,1,0,-0.0146,-7.5867,-10.6477,-11.3349,-10.9597,8,b,NO,NO.
order_forced,data/videos_v3/int_100ms/v3_100_00154.avi,100,1,1,0.3752,-1.9431,-2.3183,-6.3171,-8.8138,8,b,The,The red circle moved first.
interval,data/videos_v3/int_100ms/v3_100_00154.avi,100,A,B,,-1.3881,-1.129,-1.5162,-1.6397,8,b,(B,(B) 1-2 seconds
order_real,data/videos_v3/int_100ms/v3_100_00155.avi,100,0,0,-1.0217,-9.933,-10.2441,-11.2434,-10.931,8,b,NO,NO.
order_rev,data/videos_v3/int_100ms/v3_100_00155.avi,100,0,0,-0.5145,-8.1196,-10.5556,-11.1174,-10.8677,8,b,NO,NO.
order_forced,data/videos_v3/int_100ms/v3_100_00155.avi,100,0,0,-0.3746,-1.9789,-1.6043,-3.9789,-8.3501,8,b,The,The cyan circle moved first.
interval,data/videos_v3/int_100ms/v3_100_00155.avi,100,A,B,,-1.2739,-1.1382,-1.5267,-1.7754,8,b,(B,(B) 1-2 seconds
order_real,data/videos_v3/int_100ms/v3_100_00156.avi,100,0,0,-0.761,-9.8176,-10.0038,-11.378,-10.8162,8,b,NO,NO.
order_rev,data/videos_v3/int_100ms/v3_100_00156.avi,100,0,0,-0.615,-7.373,-10.3714,-11.3085,-10.6833,8,b,NO,NO.
order_forced,data/videos_v3/int_100ms/v3_100_00156.avi,100,0,1,-0.4997,-1.7087,-1.209,-7.7067,-8.8299,8,b,The,The blue square moved first.
interval,data/videos_v3/int_100ms/v3_100_00156.avi,100,A,B,,-1.6728,-1.1606,-1.3043,-1.5509,8,b,(B,(B) 1-2 seconds
order_real,data/videos_v3/int_100ms/v3_100_00157.avi,100,0,0,-1.2726,-10.0421,-10.4158,-11.54,-10.978,8,a,NO,NO.
order_rev,data/videos_v3/int_100ms/v3_100_00157.avi,100,0,0,-0.785,-7.748,-10.4968,-11.3709,-10.7461,8,a,NO,NO.
order_forced,data/videos_v3/int_100ms/v3_100_00157.avi,100,0,1,0.0003,-1.5754,-1.5757,-5.8246,-9.0695,8,a,The,The red circle moved first.
interval,data/videos_v3/int_100ms/v3_100_00157.avi,100,A,B,,-1.3992,-1.2456,-1.53,-1.5242,8,a,(B,(B) 1-2 seconds
order_real,data/videos_v3/int_100ms/v3_100_00158.avi,100,1,0,-0.2824,-9.9721,-10.1584,-11.2824,-10.8455,8,a,NO,NO.
order_rev,data/videos_v3/int_100ms/v3_100_00158.avi,100,1,0,-0.1279,-7.551,-10.5493,-11.1741,-10.7992,8,a,NO,NO.
order_forced,data/videos_v3/int_100ms/v3_100_00158.avi,100,1,1,0.0004,-1.8077,-1.8081,-5.182,-8.678,8,a,The,The green triangle moved first.
interval,data/videos_v3/int_100ms/v3_100_00158.avi,100,A,A,,-1.2138,-1.1914,-1.4683,-1.9662,8,a,(A,(A) Less than 1 second
order_real,data/videos_v3/int_100ms/v3_100_00159.avi,100,1,0,-1.2728,-9.938,-10.3742,-11.3111,-10.8736,8,a,NO,NO.
order_rev,data/videos_v3/int_100ms/v3_100_00159.avi,100,1,0,-0.9248,-8.0949,-10.7188,-11.4057,-10.9057,8,a,NO,NO.
order_forced,data/videos_v3/int_100ms/v3_100_00159.avi,100,1,1,0.0002,-1.4462,-1.4464,-6.9446,-8.8171,8,a,The,The green triangle moved first.
interval,data/videos_v3/int_100ms/v3_100_00159.avi,100,A,B,,-1.435,-1.1598,-1.5665,-1.5634,8,a,(B,(B) 1-2 seconds
order_real,data/videos_v3/int_100ms/v3_100_00160.avi,100,0,0,-1.0318,-9.7893,-10.0382,-11.287,-10.6001,8,a,NO,NO.
order_rev,data/videos_v3/int_100ms/v3_100_00160.avi,100,0,0,-0.9725,-7.934,-10.4328,-11.1821,-10.6196,8,a,NO,NO.
order_forced,data/videos_v3/int_100ms/v3_100_00160.avi,100,0,1,0.1253,-1.7139,-1.8392,-7.8363,-9.0844,8,a,The,The red triangle moved first.
interval,data/videos_v3/int_100ms/v3_100_00160.avi,100,A,B,,-1.6141,-1.1038,-1.3704,-1.616,8,a,(B,(B) 1-2 seconds
order_real,data/videos_v3/int_100ms/v3_100_00161.avi,100,1,0,-1.3736,-10.0478,-10.5463,-11.4834,-10.9214,8,b,NO,NO.
order_rev,data/videos_v3/int_100ms/v3_100_00161.avi,100,1,0,-0.6744,-7.6726,-10.6086,-11.2333,-10.8579,8,b,NO,NO.
order_forced,data/videos_v3/int_100ms/v3_100_00161.avi,100,1,1,0.1253,-1.5598,-1.6851,-5.6838,-8.6785,8,b,The,The red circle moved first.
interval,data/videos_v3/int_100ms/v3_100_00161.avi,100,A,B,,-1.4288,-1.1591,-1.5565,-1.5538,8,b,(B,(B) 1-2 seconds
order_real,data/videos_v3/int_100ms/v3_100_00162.avi,100,0,0,-1.3738,-10.1734,-10.6093,-11.5468,-11.359,8,b,NO,NO.
order_rev,data/videos_v3/int_100ms/v3_100_00162.avi,100,0,0,-0.5526,-8.0517,-10.7376,-11.3624,-11.237,8,b,NO,NO.
order_forced,data/videos_v3/int_100ms/v3_100_00162.avi,100,0,0,-0.1249,-1.1226,-0.9977,-3.3726,-9.8717,8,b,B,B
interval,data/videos_v3/int_100ms/v3_100_00162.avi,100,A,A,,-1.1176,-1.3463,-1.7499,-1.6215,8,b,(A,(A) Less than 1 second
order_real,data/videos_v3/int_100ms/v3_100_00163.avi,100,1,0,-1.1664,-9.9231,-10.2345,-11.2964,-10.7967,8,a,NO,NO.
order_rev,data/videos_v3/int_100ms/v3_100_00163.avi,100,1,0,-0.5589,-7.997,-10.4955,-11.3076,-10.8076,8,a,NO,NO.
order_forced,data/videos_v3/int_100ms/v3_100_00163.avi,100,1,1,0.1252,-1.2414,-1.3666,-6.8641,-8.3612,8,a,The,The yellow triangle moved first.
interval,data/videos_v3/int_100ms/v3_100_00163.avi,100,A,B,,-1.4551,-1.1768,-1.5875,-1.5801,8,a,(B,(B) 1-2 seconds
order_real,data/videos_v3/int_100ms/v3_100_00164.avi,100,0,0,-0.4533,-10.1051,-10.6041,-11.8531,-11.1036,8,b,NO,NO.
order_rev,data/videos_v3/int_100ms/v3_100_00164.avi,100,0,0,-0.094,-8.0781,-10.8268,-11.5765,-11.1389,8,b,NO,NO.
order_forced,data/videos_v3/int_100ms/v3_100_00164.avi,100,0,0,0.0,-1.3164,-1.3164,-5.941,-9.0645,8,b,The,The magenta square moved first.
interval,data/videos_v3/int_100ms/v3_100_00164.avi,100,A,B,,-1.4993,-1.3101,-1.6243,-1.6109,8,b,(B,(B) 1-2 seconds
order_real,data/videos_v3/int_100ms/v3_100_00165.avi,100,0,0,-1.1745,-9.8449,-10.2183,-11.2182,-10.843,8,b,NO,NO.
order_rev,data/videos_v3/int_100ms/v3_100_00165.avi,100,0,0,-0.7997,-7.8847,-10.5706,-11.1953,-10.8201,8,b,NO,NO.
order_forced,data/videos_v3/int_100ms/v3_100_00165.avi,100,0,1,-0.1248,-1.314,-1.1892,-7.1867,-8.185,8,b,The,The blue square moved first.
interval,data/videos_v3/int_100ms/v3_100_00165.avi,100,A,B,,-1.5126,-1.2263,-1.3949,-1.6332,8,b,(B,(B) 1-2 seconds
order_real,data/videos_v3/int_100ms/v3_100_00166.avi,100,1,0,-1.6744,-9.8091,-10.3074,-11.245,-10.8698,8,a,NO,NO.
order_rev,data/videos_v3/int_100ms/v3_100_00166.avi,100,1,0,-1.3071,-7.6118,-10.6103,-11.3602,-10.9224,8,a,NO,NO.
order_forced,data/videos_v3/int_100ms/v3_100_00166.avi,100,1,1,0.0001,-1.5162,-1.5163,-6.64,-8.5131,8,a,The,The magenta circle moved first.
interval,data/videos_v3/int_100ms/v3_100_00166.avi,100,A,B,,-1.394,-1.2467,-1.5247,-1.519,8,a,(B,(B) 1-2 seconds
order_real,data/videos_v3/int_100ms/v3_100_00167.avi,100,0,0,-0.5651,-9.854,-10.1028,-11.2892,-10.7267,8,b,NO,NO.
order_rev,data/videos_v3/int_100ms/v3_100_00167.avi,100,0,0,-0.4488,-7.9573,-10.4561,-11.2055,-10.6428,8,b,NO,NO.
order_forced,data/videos_v3/int_100ms/v3_100_00167.avi,100,0,1,0.2502,-1.4702,-1.7204,-7.7176,-8.7159,8,b,The,The yellow triangle moved first.
interval,data/videos_v3/int_100ms/v3_100_00167.avi,100,A,B,,-1.4104,-1.1351,-1.5381,-1.6573,8,b,(B,(B) 1-2 seconds
order_real,data/videos_v3/int_100ms/v3_100_00168.avi,100,1,0,-1.7616,-10.0567,-10.3677,-11.1178,-10.8053,8,b,NO,NO.
order_rev,data/videos_v3/int_100ms/v3_100_00168.avi,100,1,0,-0.565,-7.6036,-10.4144,-10.9142,-10.664,8,b,NO,NO.
order_forced,data/videos_v3/int_100ms/v3_100_00168.avi,100,1,1,-0.1246,-2.3876,-2.263,-5.5121,-9.3831,8,b,The,The green triangle moved first.
interval,data/videos_v3/int_100ms/v3_100_00168.avi,100,A,B,,-1.4735,-1.095,-1.4759,-1.6015,8,b,(B,(B) 1-2 seconds
order_real,data/videos_v3/int_100ms/v3_100_00169.avi,100,1,0,-1.1581,-9.8713,-10.245,-11.3697,-10.9322,8,a,NO,NO.
order_rev,data/videos_v3/int_100ms/v3_100_00169.avi,100,1,0,-1.4173,-7.8044,-10.6153,-11.4277,-10.8653,8,a,NO,NO.
order_forced,data/videos_v3/int_100ms/v3_100_00169.avi,100,1,1,0.1251,-1.2981,-1.4232,-6.4224,-8.7965,8,a,The,The blue square moved first.
interval,data/videos_v3/int_100ms/v3_100_00169.avi,100,A,A,,-1.2708,-1.3449,-1.6502,-1.7603,8,a,(A,(A) Less than 1 second
order_real,data/videos_v3/int_100ms/v3_100_00170.avi,100,1,0,-1.8279,-10.174,-10.6101,-11.4224,-11.1102,8,b,NO,NO.
order_rev,data/videos_v3/int_100ms/v3_100_00170.avi,100,1,0,-0.9246,-7.9712,-10.5946,-11.0948,-10.9068,8,b,NO,NO.
order_forced,data/videos_v3/int_100ms/v3_100_00170.avi,100,1,0,-0.1249,-1.2225,-1.0976,-3.7224,-9.2203,8,b,B,B
interval,data/videos_v3/int_100ms/v3_100_00170.avi,100,A,A,,-1.2158,-1.3241,-1.5965,-1.5908,8,b,(A,(A) Less than 1 second
order_real,data/videos_v3/int_100ms/v3_100_00171.avi,100,0,0,-0.8775,-10.0151,-10.3889,-11.326,-10.9513,8,b,NO,NO.
order_rev,data/videos_v3/int_100ms/v3_100_00171.avi,100,0,0,-0.0226,-7.7445,-10.4931,-11.1177,-10.8052,8,b,NO,NO.
order_forced,data/videos_v3/int_100ms/v3_100_00171.avi,100,0,0,0.6254,-2.0316,-2.657,-3.6567,-9.0259,8,b,The,The cyan triangle moved first.
interval,data/videos_v3/int_100ms/v3_100_00171.avi,100,A,B,,-1.3477,-1.0869,-1.4754,-1.8477,8,b,(B,(B) 1-2 seconds
order_real,data/videos_v3/int_100ms/v3_100_00172.avi,100,1,0,-1.8299,-10.2104,-10.5213,-11.3336,-11.0836,8,a,NO,NO.
order_rev,data/videos_v3/int_100ms/v3_100_00172.avi,100,1,0,-1.4243,-8.1008,-10.6617,-11.1616,-10.9115,8,a,NO,NO.
order_forced,data/videos_v3/int_100ms/v3_100_00172.avi,100,1,1,0.1251,-1.3669,-1.492,-3.7418,-9.1146,8,a,The,The cyan circle moved first.
interval,data/videos_v3/int_100ms/v3_100_00172.avi,100,A,A,,-1.2608,-1.2517,-1.6389,-1.5124,8,a,(A,(A) Less than 1 second
order_real,data/videos_v3/int_100ms/v3_100_00173.avi,100,0,0,-1.7345,-10.2194,-10.6558,-11.468,-11.218,8,a,NO,NO.
order_rev,data/videos_v3/int_100ms/v3_100_00173.avi,100,0,0,-0.0604,-7.751,-10.5624,-11.1246,-10.8744,8,a,NO,NO.
order_forced,data/videos_v3/int_100ms/v3_100_00173.avi,100,0,0,-0.2498,-1.5887,-1.3389,-4.4634,-8.9615,8,a,The,The yellow square moved first.
interval,data/videos_v3/int_100ms/v3_100_00173.avi,100,A,A,,-1.3266,-1.2757,-1.7016,-1.6966,8,a,(A,(A) Less than 1 second
order_real,data/videos_v3/int_100ms/v3_100_00174.avi,100,0,0,-1.4004,-10.0437,-10.2921,-11.479,-10.9792,8,a,NO,NO.
order_rev,data/videos_v3/int_100ms/v3_100_00174.avi,100,0,0,-0.4464,-8.0069,-10.5677,-11.3171,-10.8793,8,a,NO,NO.
order_forced,data/videos_v3/int_100ms/v3_100_00174.avi,100,0,1,0.1252,-1.3631,-1.4883,-7.1101,-8.4817,8,a,The,The blue triangle moved first.
interval,data/videos_v3/int_100ms/v3_100_00174.avi,100,A,B,,-1.3454,-1.2037,-1.6011,-1.5984,8,a,(B,(B) 1-2 seconds
order_real,data/videos_v3/int_100ms/v3_100_00175.avi,100,0,0,-0.7613,-10.0046,-10.3782,-11.2528,-10.9401,8,a,NO,NO.
order_rev,data/videos_v3/int_100ms/v3_100_00175.avi,100,0,1,0.5385,-8.2187,-10.9047,-11.404,-11.0291,8,a,YES,YES.
order_forced,data/videos_v3/int_100ms/v3_100_00175.avi,100,0,1,0.0003,-1.4522,-1.4525,-6.3264,-9.0713,8,a,The,The magenta triangle moved first.
interval,data/videos_v3/int_100ms/v3_100_00175.avi,100,A,B,,-1.3815,-1.2428,-1.5101,-1.5065,8,a,(B,(B) 1-2 seconds
order_real,data/videos_v3/int_100ms/v3_100_00176.avi,100,0,0,-0.2942,-9.853,-10.1647,-11.351,-10.8513,8,a,NO,NO.
order_rev,data/videos_v3/int_100ms/v3_100_00176.avi,100,0,0,-0.0496,-7.556,-10.492,-11.2414,-10.7414,8,a,NO,NO.
order_forced,data/videos_v3/int_100ms/v3_100_00176.avi,100,0,1,0.1252,-1.627,-1.7522,-6.7504,-8.7471,8,a,The,The red square moved first.
interval,data/videos_v3/int_100ms/v3_100_00176.avi,100,A,B,,-1.4626,-1.1951,-1.4671,-1.5876,8,a,(B,(B) 1-2 seconds
order_real,data/videos_v3/int_100ms/v3_100_00177.avi,100,0,0,-1.5223,-10.0556,-10.3669,-11.3039,-10.9291,8,a,NO,NO.
order_rev,data/videos_v3/int_100ms/v3_100_00177.avi,100,0,0,-1.3999,-8.1063,-10.6052,-11.105,-10.7299,8,a,NO,NO.
order_forced,data/videos_v3/int_100ms/v3_100_00177.avi,100,0,1,0.0002,-1.403,-1.4032,-3.6529,-8.6505,8,a,The,The cyan circle moved first.
interval,data/videos_v3/int_100ms/v3_100_00177.avi,100,A,B,,-1.4618,-1.3288,-1.4657,-1.3407,8,a,(B,(B) 1-2 seconds
order_real,data/videos_v3/int_100ms/v3_100_00178.avi,100,0,0,-1.1746,-9.9681,-10.4042,-11.5284,-11.0291,8,b,NO,NO.
order_rev,data/videos_v3/int_100ms/v3_100_00178.avi,100,0,0,-0.6892,-7.8923,-10.4536,-11.3279,-10.8906,8,b,NO,NO.
order_forced,data/videos_v3/int_100ms/v3_100_00178.avi,100,0,1,0.0,-1.0386,-1.0386,-6.2882,-9.2874,8,b,A,A
interval,data/videos_v3/int_100ms/v3_100_00178.avi,100,A,A,,-1.1791,-1.3972,-1.6835,-1.5585,8,b,(A,(A) Less than 1 second
order_real,data/videos_v3/int_100ms/v3_100_00179.avi,100,0,0,-0.2855,-10.0568,-10.1182,-11.554,-10.8678,8,b,NO,NO.
order_rev,data/videos_v3/int_100ms/v3_100_00179.avi,100,0,0,-0.4245,-7.8904,-10.3263,-11.2632,-10.701,8,b,NO,NO.
order_forced,data/videos_v3/int_100ms/v3_100_00179.avi,100,0,1,-0.1249,-1.759,-1.6341,-5.8835,-8.631,8,b,The,The yellow circle moved first.
interval,data/videos_v3/int_100ms/v3_100_00179.avi,100,A,A,,-1.3368,-1.3284,-1.4648,-1.4629,8,b,(A,(A) Less than 1 second
order_real,data/videos_v3/int_100ms/v3_100_00180.avi,100,1,0,-1.3655,-10.227,-10.6627,-11.8498,-11.1633,8,b,NO,NO.
order_rev,data/videos_v3/int_100ms/v3_100_00180.avi,100,1,0,-0.5226,-8.1543,-10.7152,-11.5269,-10.9651,8,b,NO,NO.
order_forced,data/videos_v3/int_100ms/v3_100_00180.avi,100,1,0,-0.25,-1.3427,-1.0927,-5.9674,-9.4663,8,b,The,The yellow square moved first.
interval,data/videos_v3/int_100ms/v3_100_00180.avi,100,A,A,,-1.2639,-1.3758,-1.6434,-1.3934,8,b,(A,(A) Less than 1 second
order_real,data/videos_v3/int_100ms/v3_100_00181.avi,100,1,0,-2.5959,-9.8058,-10.3665,-11.3666,-10.8664,8,a,NO,NO.
order_rev,data/videos_v3/int_100ms/v3_100_00181.avi,100,1,0,-1.5353,-7.4439,-10.5048,-11.3172,-10.7542,8,a,NO,NO.
order_forced,data/videos_v3/int_100ms/v3_100_00181.avi,100,1,1,0.2504,-1.7031,-1.9535,-7.0759,-8.6974,8,a,The,The magenta square moved first.
interval,data/videos_v3/int_100ms/v3_100_00181.avi,100,A,B,,-1.4782,-1.2127,-1.4822,-1.4803,8,a,(B,(B) 1-2 seconds
order_real,data/videos_v3/int_100ms/v3_100_00182.avi,100,1,0,-1.6575,-9.7835,-10.1569,-11.1567,-10.7193,8,a,NO,NO.
order_rev,data/videos_v3/int_100ms/v3_100_00182.avi,100,1,0,-1.1904,-7.6694,-10.4799,-11.1675,-10.7296,8,a,NO,NO.
order_forced,data/videos_v3/int_100ms/v3_100_00182.avi,100,1,1,0.1252,-1.3609,-1.4861,-5.9847,-8.1066,8,a,The,The magenta circle moved first.
interval,data/videos_v3/int_100ms/v3_100_00182.avi,100,A,B,,-1.4373,-1.1676,-1.565,-1.5593,8,a,(B,(B) 1-2 seconds
order_real,data/videos_v3/int_100ms/v3_100_00183.avi,100,0,0,-0.5322,-10.0683,-10.1299,-11.1288,-10.817,8,b,NO,NO.
order_rev,data/videos_v3/int_100ms/v3_100_00183.avi,100,0,0,-0.6688,-7.7497,-10.5605,-11.1223,-10.7476,8,b,NO,NO.
order_forced,data/videos_v3/int_100ms/v3_100_00183.avi,100,0,1,-0.1244,-2.0987,-1.9743,-5.4728,-9.0927,8,b,The,The yellow triangle moved first.
interval,data/videos_v3/int_100ms/v3_100_00183.avi,100,A,B,,-1.5511,-1.0454,-1.431,-1.68,8,b,(B,(B) 1-2 seconds
order_real,data/videos_v3/int_100ms/v3_100_00184.avi,100,0,0,-1.6361,-9.9632,-10.3995,-11.5866,-10.9616,8,a,NO,NO.
order_rev,data/videos_v3/int_100ms/v3_100_00184.avi,100,0,0,-1.0527,-7.8981,-10.4596,-11.1469,-10.7715,8,a,NO,NO.
order_forced,data/videos_v3/int_100ms/v3_100_00184.avi,100,0,1,0.0001,-1.1716,-1.1717,-7.1708,-9.0449,8,a,The,The green square moved first.
interval,data/videos_v3/int_100ms/v3_100_00184.avi,100,A,A,,-1.3801,-1.308,-1.6301,-1.498,8,a,(A,(A) Less than 1 second
order_real,data/videos_v3/int_100ms/v3_100_00185.avi,100,0,0,-1.2026,-10.0999,-10.3489,-11.5356,-10.9733,8,a,NO,NO.
order_rev,data/videos_v3/int_100ms/v3_100_00185.avi,100,0,0,-0.3864,-7.889,-10.6377,-11.5119,-10.9492,8,a,NO,NO.
order_forced,data/videos_v3/int_100ms/v3_100_00185.avi,100,0,1,-0.2497,-2.2014,-1.9517,-8.574,-9.4451,8,a,The,The red triangle moved first.
interval,data/videos_v3/int_100ms/v3_100_00185.avi,100,A,A,,-1.2511,-1.2455,-1.5021,-1.6271,8,a,(A,(A) Less than 1 second
order_real,data/videos_v3/int_100ms/v3_100_00186.avi,100,1,0,-1.8897,-9.7351,-10.0464,-10.9839,-10.7334,8,a,NO,NO.
order_rev,data/videos_v3/int_100ms/v3_100_00186.avi,100,1,0,-1.0588,-7.7206,-10.3441,-10.9065,-10.7184,8,a,NO,NO.
order_forced,data/videos_v3/int_100ms/v3_100_00186.avi,100,1,0,-0.2496,-1.5897,-1.3401,-4.964,-8.0861,8,a,The,The cyan triangle moved first.
interval,data/videos_v3/int_100ms/v3_100_00186.avi,100,A,B,,-1.4782,-1.206,-1.4864,-1.6032,8,a,(B,(B) 1-2 seconds
order_real,data/videos_v3/int_100ms/v3_100_00187.avi,100,0,0,-1.0144,-9.9606,-10.2714,-10.8965,-10.7718,8,a,NO,NO.
order_rev,data/videos_v3/int_100ms/v3_100_00187.avi,100,0,0,-0.1902,-7.6298,-10.3782,-11.0651,-10.6904,8,a,NO,NO.
order_forced,data/videos_v3/int_100ms/v3_100_00187.avi,100,0,0,0.0004,-2.0748,-2.0752,-4.9494,-9.194,8,a,The,The magenta triangle moved first.
interval,data/videos_v3/int_100ms/v3_100_00187.avi,100,A,B,,-1.4668,-1.0828,-1.3474,-1.845,8,a,(B,(B) 1-2 seconds
order_real,data/videos_v3/int_100ms/v3_100_00188.avi,100,1,0,-2.7211,-9.9826,-10.6691,-11.544,-11.1689,8,b,NO,NO.
order_rev,data/videos_v3/int_100ms/v3_100_00188.avi,100,1,0,-1.1364,-7.901,-10.5873,-11.2744,-10.8993,8,b,NO,NO.
order_forced,data/videos_v3/int_100ms/v3_100_00188.avi,100,1,1,-0.2498,-1.348,-1.0982,-7.3467,-9.3452,8,b,The,The red square moved first.
interval,data/videos_v3/int_100ms/v3_100_00188.avi,100,A,A,,-1.4297,-1.3577,-1.6797,-1.6557,8,b,(A,(A) Less than 1 second
order_real,data/videos_v3/int_100ms/v3_100_00189.avi,100,0,0,-0.5321,-10.0059,-10.0042,-11.5655,-10.8166,8,b,NO,NO.
order_rev,data/videos_v3/int_100ms/v3_100_00189.avi,100,0,0,-0.2907,-7.7102,-10.3337,-11.4578,-10.7709,8,b,NO,NO.
order_forced,data/videos_v3/int_100ms/v3_100_00189.avi,100,0,1,-0.4994,-2.6271,-2.1277,-8.9988,-9.4952,8,b,The,The blue triangle moved first.
interval,data/videos_v3/int_100ms/v3_100_00189.avi,100,A,B,,-1.3075,-1.0545,-1.5596,-1.809,8,b,(B,(B) 1-2 seconds
order_real,data/videos_v3/int_100ms/v3_100_00190.avi,100,1,0,-1.3278,-10.1341,-10.445,-11.6318,-11.0073,8,a,NO,NO.
order_rev,data/videos_v3/int_100ms/v3_100_00190.avi,100,1,0,-0.0146,-7.7119,-10.6477,-11.3968,-10.8349,8,a,NO,NO.
order_forced,data/videos_v3/int_100ms/v3_100_00190.avi,100,1,1,0.0002,-1.821,-1.8212,-4.9458,-8.1922,8,a,The,The green circle moved first.
interval,data/videos_v3/int_100ms/v3_100_00190.avi,100,A,B,,-1.372,-1.2399,-1.5005,-1.4983,8,a,(B,(B) 1-2 seconds
order_real,data/videos_v3/int_100ms/v3_100_00191.avi,100,1,0,-0.5112,-10.1518,-10.3383,-11.4627,-10.9629,8,a,NO,NO.
order_rev,data/videos_v3/int_100ms/v3_100_00191.avi,100,1,0,-0.4337,-8.0428,-10.5417,-11.4159,-10.7911,8,a,NO,NO.
order_forced,data/videos_v3/int_100ms/v3_100_00191.avi,100,1,1,-0.1248,-1.6118,-1.487,-7.3607,-8.9827,8,a,The,The magenta triangle moved first.
interval,data/videos_v3/int_100ms/v3_100_00191.avi,100,A,B,,-1.3616,-1.1045,-1.489,-1.7366,8,a,(B,(B) 1-2 seconds
order_real,data/videos_v3/int_100ms/v3_100_00192.avi,100,1,0,-1.4706,-10.0021,-10.5006,-11.5623,-11.1249,8,a,NO,NO.
order_rev,data/videos_v3/int_100ms/v3_100_00192.avi,100,1,0,-1.0493,-7.9369,-10.5606,-11.2477,-10.8725,8,a,NO,NO.
order_forced,data/videos_v3/int_100ms/v3_100_00192.avi,100,1,0,-0.2498,-1.5758,-1.326,-5.9498,-9.4455,8,a,The,The green circle moved first.
interval,data/videos_v3/int_100ms/v3_100_00192.avi,100,A,A,,-1.3411,-1.3128,-1.5985,-1.4661,8,a,(A,(A) Less than 1 second
order_real,data/videos_v3/int_100ms/v3_100_00193.avi,100,1,0,-1.7724,-9.9699,-10.4061,-11.3427,-10.8437,8,a,NO,NO.
order_rev,data/videos_v3/int_100ms/v3_100_00193.avi,100,1,0,-0.8025,-7.9689,-10.4678,-11.1546,-10.7798,8,a,NO,NO.
order_forced,data/videos_v3/int_100ms/v3_100_00193.avi,100,1,1,0.0001,-1.3392,-1.3393,-3.7141,-9.0876,8,a,The,The yellow circle moved first.
interval,data/videos_v3/int_100ms/v3_100_00193.avi,100,A,A,,-1.3154,-1.3051,-1.5689,-1.4423,8,a,(A,(A) Less than 1 second
order_real,data/videos_v3/int_100ms/v3_100_00194.avi,100,1,0,-1.4549,-10.0844,-10.458,-11.5824,-11.0204,8,a,NO,NO.
order_rev,data/videos_v3/int_100ms/v3_100_00194.avi,100,1,0,-0.7486,-8.2722,-10.7083,-11.3951,-10.9578,8,a,NO,NO.
order_forced,data/videos_v3/int_100ms/v3_100_00194.avi,100,1,1,-0.1248,-1.5449,-1.4201,-5.7942,-8.6652,8,a,The,The red circle moved first.
interval,data/videos_v3/int_100ms/v3_100_00194.avi,100,A,B,,-1.4726,-1.211,-1.4782,-1.4766,8,a,(B,(B) 1-2 seconds
order_real,data/videos_v3/int_100ms/v3_100_00195.avi,100,1,0,-1.0225,-10.1647,-10.5384,-11.4131,-11.1006,8,a,NO,NO.
order_rev,data/videos_v3/int_100ms/v3_100_00195.avi,100,1,0,-0.5425,-7.796,-10.5447,-11.2319,-10.9815,8,a,NO,NO.
order_forced,data/videos_v3/int_100ms/v3_100_00195.avi,100,1,1,0.1252,-1.2614,-1.3866,-3.3864,-9.0097,8,a,The,The cyan square moved first.
interval,data/videos_v3/int_100ms/v3_100_00195.avi,100,A,A,,-1.3078,-1.2626,-1.5578,-1.6735,8,a,(A,(A) Less than 1 second
order_real,data/videos_v3/int_100ms/v3_100_00196.avi,100,0,0,-0.1602,-9.9865,-10.3598,-11.2962,-11.0471,8,a,NO,NO.
order_rev,data/videos_v3/int_100ms/v3_100_00196.avi,100,0,0,-0.6598,-7.9138,-10.5375,-11.0995,-10.7249,8,a,NO,NO.
order_forced,data/videos_v3/int_100ms/v3_100_00196.avi,100,0,1,-0.2499,-1.5982,-1.3483,-3.2232,-9.2217,8,a,The,The cyan circle moved first.
interval,data/videos_v3/int_100ms/v3_100_00196.avi,100,A,A,,-1.2495,-1.3665,-1.6273,-1.376,8,a,(A,(A) Less than 1 second
order_real,data/videos_v3/int_100ms/v3_100_00197.avi,100,1,0,-1.6395,-9.8298,-10.0158,-11.2654,-10.7655,8,a,NO,NO.
order_rev,data/videos_v3/int_100ms/v3_100_00197.avi,100,1,0,-0.6903,-8.0592,-10.4323,-11.3069,-10.7444,8,a,NO,NO.
order_forced,data/videos_v3/int_100ms/v3_100_00197.avi,100,1,1,-0.1248,-1.6796,-1.5548,-6.8031,-8.6747,8,a,The,The blue triangle moved first.
interval,data/videos_v3/int_100ms/v3_100_00197.avi,100,A,B,,-1.4252,-1.1553,-1.5523,-1.5502,8,a,(B,(B) 1-2 seconds
order_real,data/videos_v3/int_100ms/v3_100_00198.avi,100,1,0,-1.3896,-10.1242,-10.4977,-11.6848,-11.2476,8,a,NO,NO.
order_rev,data/videos_v3/int_100ms/v3_100_00198.avi,100,1,0,-0.1575,-8.0366,-10.7222,-11.4096,-11.1596,8,a,NO,NO.
order_forced,data/videos_v3/int_100ms/v3_100_00198.avi,100,1,1,0.0,-1.0752,-1.0752,-5.825,-9.6984,8,a,A,A
interval,data/videos_v3/int_100ms/v3_100_00198.avi,100,A,A,,-1.2095,-1.3156,-1.591,-1.5879,8,a,(A,(A) Less than 1 second
order_real,data/videos_v3/int_100ms/v3_100_00199.avi,100,0,0,-1.9005,-9.9614,-10.3975,-11.5843,-11.0222,8,b,NO,NO.
order_rev,data/videos_v3/int_100ms/v3_100_00199.avi,100,0,0,-0.8861,-7.7168,-10.5278,-11.4023,-10.9025,8,b,NO,NO.
order_forced,data/videos_v3/int_100ms/v3_100_00199.avi,100,0,1,-0.2498,-1.5226,-1.2728,-6.1461,-8.7673,8,b,The,The green circle moved first.
interval,data/videos_v3/int_100ms/v3_100_00199.avi,100,A,A,,-1.363,-1.3347,-1.4984,-1.488,8,b,(A,(A) Less than 1 second
order_real,data/videos_v3/int_200ms/v3_200_00200.avi,200,0,0,-0.719,-10.2191,-10.2181,-11.7158,-10.8426,8,b,NO,NO.
order_rev,data/videos_v3/int_200ms/v3_200_00200.avi,200,0,0,-0.1834,-7.9008,-10.3995,-11.3982,-10.7111,8,b,NO,NO.
order_forced,data/videos_v3/int_200ms/v3_200_00200.avi,200,0,1,-0.3745,-2.7081,-2.3336,-8.9553,-10.0773,8,b,The,The yellow triangle moved first.
interval,data/videos_v3/int_200ms/v3_200_00200.avi,200,A,B,,-1.5037,-1.001,-1.3832,-1.8818,8,b,(B,(B) 1-2 seconds
order_32f,data/videos_v3/int_200ms/v3_200_00200.avi,200,0,0,-0.7866,-10.2712,-10.332,-11.7672,-10.7697,32,b,NO,NO.
moved_real,data/videos_v3/int_200ms/v3_200_00200.avi,200,1,0,-0.3212,-10.2404,-11.2388,-11.8611,-10.8019,8,b,NO,NO.
moved_twin,data/twin_v3/v3_200_00200.avi,200,0,0,-2.6839,-10.4806,-11.7915,-11.978,-10.9797,8,b,NO,NO.
still_real,data/videos_v3/int_200ms/v3_200_00200.avi,200,0,0,-0.2131,-10.225,-10.7872,-11.7842,-10.9113,8,b,NO,NO.
still_twin,data/twin_v3/v3_200_00200.avi,200,1,1,2.6248,-10.6041,-11.5416,-12.349,-11.6637,8,b,YES,YES.
order_twin,data/twin_v3/v3_200_00200.avi,200,-1,0,-1.6474,-10.1154,-10.302,-11.6133,-10.8014,8,b,NO,NO.
moved_solo_hit,data/videos_v3/int_200ms/v3_200_00200_solob.avi,200,1,0,-0.2994,-10.1871,-11.1858,-11.7457,-10.8107,8,b,NO,NO.
moved_solo_fa,data/videos_v3/int_200ms/v3_200_00200_soloa.avi,200,0,0,-2.5652,-10.4707,-11.7191,-11.968,-10.9075,8,b,NO,NO.
order_real,data/videos_v3/int_200ms/v3_200_00201.avi,200,0,0,-1.4984,-9.7746,-10.0857,-11.0857,-10.7733,8,a,NO,NO.
order_rev,data/videos_v3/int_200ms/v3_200_00201.avi,200,0,0,-0.7849,-7.8728,-10.4338,-11.1212,-10.7462,8,a,NO,NO.
order_forced,data/videos_v3/int_200ms/v3_200_00201.avi,200,0,1,-0.3746,-1.6182,-1.2436,-5.6174,-8.3628,8,a,The,The blue triangle moved first.
interval,data/videos_v3/int_200ms/v3_200_00201.avi,200,A,B,,-1.4577,-1.0652,-1.4641,-1.83,8,a,(B,(B) 1-2 seconds
order_32f,data/videos_v3/int_200ms/v3_200_00201.avi,200,0,0,-1.5008,-9.6883,-10.0615,-11.0616,-10.6869,32,a,NO,NO.
moved_real,data/videos_v3/int_200ms/v3_200_00201.avi,200,1,1,0.6826,-9.9798,-11.0403,-11.4778,-10.978,8,a,YES,YES.
moved_twin,data/twin_v3/v3_200_00201.avi,200,0,0,-2.9858,-10.1999,-11.3852,-11.5111,-10.8239,8,a,NO,NO.
still_real,data/videos_v3/int_200ms/v3_200_00201.avi,200,0,0,-0.4708,-9.9662,-10.5907,-11.401,-10.7768,8,a,NO,NO.
still_twin,data/twin_v3/v3_200_00201.avi,200,1,1,2.3748,-10.3037,-11.4279,-12.0509,-11.5512,8,a,YES,YES.
order_twin,data/twin_v3/v3_200_00201.avi,200,-1,0,-2.7409,-9.8794,-10.3154,-11.0658,-10.878,8,a,NO,NO.
moved_solo_hit,data/videos_v3/int_200ms/v3_200_00201_soloa.avi,200,1,1,0.6794,-9.8097,-10.9326,-11.4322,-10.8699,8,a,YES,YES.
moved_solo_fa,data/videos_v3/int_200ms/v3_200_00201_solob.avi,200,0,0,-2.8901,-10.2047,-11.4524,-11.4535,-10.8286,8,a,NO,NO.
order_real,data/videos_v3/int_200ms/v3_200_00202.avi,200,1,0,-1.6361,-10.0483,-10.4216,-11.609,-10.9842,8,a,NO,NO.
order_rev,data/videos_v3/int_200ms/v3_200_00202.avi,200,1,0,-1.3779,-7.6444,-10.5803,-11.3927,-10.8302,8,a,NO,NO.
order_forced,data/videos_v3/int_200ms/v3_200_00202.avi,200,1,1,-0.2499,-1.7191,-1.4692,-6.0934,-9.3404,8,a,The,The blue circle moved first.
interval,data/videos_v3/int_200ms/v3_200_00202.avi,200,A,A,,-1.3032,-1.2749,-1.5606,-1.5532,8,a,(A,(A) Less than 1 second
order_32f,data/videos_v3/int_200ms/v3_200_00202.avi,200,1,0,-2.0955,-10.0967,-10.6574,-11.845,-11.0328,32,a,NO,NO.
moved_real,data/videos_v3/int_200ms/v3_200_00202.avi,200,1,0,-1.4192,-9.9514,-11.2614,-11.4497,-10.9498,8,a,NO,NO.
moved_twin,data/twin_v3/v3_200_00202.avi,200,0,0,-2.86,-10.0519,-11.4872,-11.5505,-10.8633,8,a,NO,NO.
still_real,data/videos_v3/int_200ms/v3_200_00202.avi,200,0,1,0.9182,-9.9539,-11.1401,-11.951,-11.3267,8,a,YES,YES.
still_twin,data/twin_v3/v3_200_00202.avi,200,1,1,2.0101,-10.0925,-11.3415,-12.0899,-11.4655,8,a,YES,YES.
order_twin,data/twin_v3/v3_200_00202.avi,200,-1,0,-2.1103,-10.0155,-10.4512,-11.6386,-10.9512,8,a,NO,NO.
moved_solo_hit,data/videos_v3/int_200ms/v3_200_00202_soloa.avi,200,1,0,-1.5353,-9.8179,-11.1281,-11.3161,-10.8162,8,a,NO,NO.
moved_solo_fa,data/videos_v3/int_200ms/v3_200_00202_solob.avi,200,0,0,-2.874,-10.1624,-11.6603,-11.6613,-11.0363,8,a,NO,NO.
order_real,data/videos_v3/int_200ms/v3_200_00203.avi,200,1,0,-0.6501,-9.8685,-10.1167,-11.3661,-10.8043,8,a,NO,NO.
order_rev,data/videos_v3/int_200ms/v3_200_00203.avi,200,1,0,0.0535,-7.7312,-10.4791,-11.3532,-10.8534,8,a,NO,NO.
order_forced,data/videos_v3/int_200ms/v3_200_00203.avi,200,1,1,-0.1247,-1.6799,-1.5552,-6.8035,-8.5504,8,a,The,The blue square moved first.
interval,data/videos_v3/int_200ms/v3_200_00203.avi,200,A,B,,-1.4743,-1.0856,-1.3556,-1.8512,8,a,(B,(B) 1-2 seconds
order_32f,data/videos_v3/int_200ms/v3_200_00203.avi,200,1,0,-1.2523,-9.8589,-10.1067,-11.4811,-10.8566,32,a,NO,NO.
moved_real,data/videos_v3/int_200ms/v3_200_00203.avi,200,1,0,0.0804,-10.1528,-11.0882,-11.5878,-10.9639,8,a,NO,NO.
moved_twin,data/twin_v3/v3_200_00203.avi,200,0,0,-2.7536,-10.3576,-11.5426,-11.5434,-10.9817,8,a,NO,NO.
still_real,data/videos_v3/int_200ms/v3_200_00203.avi,200,0,0,-0.8296,-9.9875,-10.6116,-11.5471,-10.7361,8,a,NO,NO.
still_twin,data/twin_v3/v3_200_00203.avi,200,1,1,1.8862,-10.3685,-11.4303,-12.1156,-11.6159,8,a,YES,YES.
order_twin,data/twin_v3/v3_200_00203.avi,200,-1,0,-2.0034,-9.8009,-10.2366,-11.1741,-10.8615,8,a,NO,NO.
moved_solo_hit,data/videos_v3/int_200ms/v3_200_00203_soloa.avi,200,1,0,-0.9162,-10.1763,-11.0494,-11.3617,-10.8003,8,a,NO,NO.
moved_solo_fa,data/videos_v3/int_200ms/v3_200_00203_solob.avi,200,0,0,-1.2643,-10.0876,-11.0855,-11.398,-10.7115,8,a,NO,NO.
order_real,data/videos_v3/int_200ms/v3_200_00204.avi,200,1,0,-0.7847,-9.8733,-9.9969,-11.3712,-10.6843,8,a,NO,NO.
order_rev,data/videos_v3/int_200ms/v3_200_00204.avi,200,1,0,-0.5651,-7.4779,-10.3513,-11.3507,-10.6635,8,a,NO,NO.
order_forced,data/videos_v3/int_200ms/v3_200_00204.avi,200,1,1,-0.3746,-2.3205,-1.9459,-8.5676,-9.4384,8,a,The,The blue triangle moved first.
interval,data/videos_v3/int_200ms/v3_200_00204.avi,200,A,B,,-1.6294,-1.125,-1.3832,-1.5082,8,a,(B,(B) 1-2 seconds
order_32f,data/videos_v3/int_200ms/v3_200_00204.avi,200,1,0,-1.0871,-10.0871,-10.2099,-11.7093,-10.8981,32,a,NO,NO.
moved_real,data/videos_v3/int_200ms/v3_200_00204.avi,200,1,0,-1.0327,-10.0872,-11.1469,-11.647,-10.7734,8,a,NO,NO.
moved_twin,data/twin_v3/v3_200_00204.avi,200,0,0,-3.3306,-10.2784,-11.5886,-11.8389,-10.9651,8,a,NO,NO.
still_real,data/videos_v3/int_200ms/v3_200_00204.avi,200,0,1,1.6621,-10.0443,-10.9809,-11.9163,-11.1672,8,a,YES,YES.
still_twin,data/twin_v3/v3_200_00204.avi,200,1,1,2.8621,-10.2815,-11.4679,-12.2778,-11.6535,8,a,YES,YES.
order_twin,data/twin_v3/v3_200_00204.avi,200,-1,0,-1.8972,-9.8321,-10.1429,-11.3305,-10.7055,8,a,NO,NO.
moved_solo_hit,data/videos_v3/int_200ms/v3_200_00204_soloa.avi,200,1,0,-1.8859,-10.1355,-11.1332,-11.6329,-10.7593,8,a,NO,NO.
moved_solo_fa,data/videos_v3/int_200ms/v3_200_00204_solob.avi,200,0,0,-3.11,-10.1621,-11.5345,-11.7851,-10.8487,8,a,NO,NO.
order_real,data/videos_v3/int_200ms/v3_200_00205.avi,200,1,0,-1.1891,-9.8157,-10.1894,-11.0015,-10.7513,8,a,NO,NO.
order_rev,data/videos_v3/int_200ms/v3_200_00205.avi,200,1,0,-0.3319,-8.1516,-10.5876,-10.9626,-10.7745,8,a,NO,NO.
order_forced,data/videos_v3/int_200ms/v3_200_00205.avi,200,1,1,0.1253,-1.4213,-1.5466,-5.2955,-8.4174,8,a,The,The magenta triangle moved first.
interval,data/videos_v3/int_200ms/v3_200_00205.avi,200,A,B,,-1.3506,-1.197,-1.6006,-1.5972,8,a,(B,(B) 1-2 seconds
order_32f,data/videos_v3/int_200ms/v3_200_00205.avi,200,1,0,-1.7997,-9.8547,-10.4155,-11.3528,-10.8529,32,a,NO,NO.
moved_real,data/videos_v3/int_200ms/v3_200_00205.avi,200,1,0,-1.9275,-10.2309,-11.4164,-11.7283,-10.9171,8,a,NO,NO.
moved_twin,data/twin_v3/v3_200_00205.avi,200,0,0,-3.148,-10.3987,-11.834,-11.8343,-11.0228,8,a,NO,NO.
still_real,data/videos_v3/int_200ms/v3_200_00205.avi,200,0,1,1.2613,-10.1655,-11.2273,-11.9128,-11.3505,8,a,YES,YES.
still_twin,data/twin_v3/v3_200_00205.avi,200,1,1,1.894,-10.2305,-11.4171,-12.0394,-11.5393,8,a,YES,YES.
order_twin,data/twin_v3/v3_200_00205.avi,200,-1,0,-1.9106,-9.8905,-10.389,-11.0141,-10.8262,8,a,NO,NO.
moved_solo_hit,data/videos_v3/int_200ms/v3_200_00205_soloa.avi,200,1,0,-1.9193,-10.1812,-11.4287,-11.6784,-10.8673,8,a,NO,NO.
moved_solo_fa,data/videos_v3/int_200ms/v3_200_00205_solob.avi,200,0,0,-3.023,-10.2802,-11.7157,-11.6535,-10.9044,8,a,NO,NO.
order_real,data/videos_v3/int_200ms/v3_200_00206.avi,200,1,0,-0.7723,-9.8648,-10.0511,-11.1129,-10.8005,8,b,NO,NO.
order_rev,data/videos_v3/int_200ms/v3_200_00206.avi,200,1,0,-0.6747,-7.5488,-10.5473,-11.0471,-10.7346,8,b,NO,NO.
order_forced,data/videos_v3/int_200ms/v3_200_00206.avi,200,1,1,-0.1247,-1.4849,-1.3602,-4.4844,-8.4801,8,b,The,The blue circle moved first.
interval,data/videos_v3/int_200ms/v3_200_00206.avi,200,A,B,,-1.5562,-1.1615,-1.4385,-1.5562,8,b,(B,(B) 1-2 seconds
order_32f,data/videos_v3/int_200ms/v3_200_00206.avi,200,1,0,-2.0253,-9.7639,-10.1372,-11.1995,-10.7621,32,b,NO,NO.
moved_real,data/videos_v3/int_200ms/v3_200_00206.avi,200,1,0,-0.7853,-9.9356,-11.0583,-11.308,-10.6841,8,b,NO,NO.
moved_twin,data/twin_v3/v3_200_00206.avi,200,0,0,-2.5962,-10.2412,-11.4889,-11.4272,-10.8029,8,b,NO,NO.
still_real,data/videos_v3/int_200ms/v3_200_00206.avi,200,0,1,0.9178,-10.0463,-10.9829,-11.7312,-11.1689,8,b,YES,YES.
still_twin,data/twin_v3/v3_200_00206.avi,200,1,1,2.0112,-10.1655,-11.2273,-11.9126,-11.4125,8,b,YES,YES.
order_twin,data/twin_v3/v3_200_00206.avi,200,-1,0,-2.3899,-9.8667,-10.3028,-11.1778,-10.865,8,b,NO,NO.
moved_solo_hit,data/videos_v3/int_200ms/v3_200_00206_solob.avi,200,1,0,-0.9337,-9.939,-11.0616,-11.2491,-10.5629,8,b,NO,NO.
moved_solo_fa,data/videos_v3/int_200ms/v3_200_00206_soloa.avi,200,0,0,-2.4993,-10.2143,-11.5246,-11.4628,-10.8387,8,b,NO,NO.
order_real,data/videos_v3/int_200ms/v3_200_00207.avi,200,0,0,-0.5225,-9.9494,-10.1983,-11.3225,-10.9472,8,b,NO,NO.
order_rev,data/videos_v3/int_200ms/v3_200_00207.avi,200,0,1,0.1909,-7.9633,-10.649,-11.2111,-10.8361,8,b,YES,YES.
order_forced,data/videos_v3/int_200ms/v3_200_00207.avi,200,0,1,-0.1249,-1.3544,-1.2295,-6.6034,-8.6003,8,b,The,The magenta triangle moved first.
interval,data/videos_v3/int_200ms/v3_200_00207.avi,200,A,B,,-1.4085,-1.141,-1.4149,-1.7835,8,b,(B,(B) 1-2 seconds
order_32f,data/videos_v3/int_200ms/v3_200_00207.avi,200,0,0,-1.235,-9.7827,-10.2187,-11.4056,-10.7811,32,b,NO,NO.
moved_real,data/videos_v3/int_200ms/v3_200_00207.avi,200,1,0,0.0578,-10.1119,-11.2977,-11.4849,-10.8604,8,b,NO,NO.
moved_twin,data/twin_v3/v3_200_00207.avi,200,0,0,-2.5355,-10.322,-11.6949,-11.6955,-11.0087,8,b,NO,NO.
still_real,data/videos_v3/int_200ms/v3_200_00207.avi,200,0,0,-1.2717,-10.0407,-10.7276,-11.4759,-10.7891,8,b,NO,NO.
still_twin,data/twin_v3/v3_200_00207.avi,200,1,1,1.8963,-10.3046,-11.4288,-12.114,-11.5518,8,b,YES,YES.
order_twin,data/twin_v3/v3_200_00207.avi,200,-1,0,-2.3741,-9.9776,-10.4763,-11.4135,-11.1006,8,b,NO,NO.
moved_solo_hit,data/videos_v3/int_200ms/v3_200_00207_solob.avi,200,1,0,-1.2926,-10.1431,-11.3288,-11.516,-10.8295,8,b,NO,NO.
moved_solo_fa,data/videos_v3/int_200ms/v3_200_00207_soloa.avi,200,0,0,-1.4321,-10.2101,-11.3955,-11.5209,-10.8343,8,b,NO,NO.
order_real,data/videos_v3/int_200ms/v3_200_00208.avi,200,0,0,-1.9007,-9.7769,-10.2753,-11.2755,-11.0877,8,b,NO,NO.
order_rev,data/videos_v3/int_200ms/v3_200_00208.avi,200,0,0,-1.0643,-8.1577,-10.4063,-11.1558,-10.9057,8,b,NO,NO.
order_forced,data/videos_v3/int_200ms/v3_200_00208.avi,200,0,0,-0.1249,-1.107,-0.9821,-7.2312,-8.8557,8,b,B,B
interval,data/videos_v3/int_200ms/v3_200_00208.avi,200,A,A,,-1.3141,-1.4032,-1.6891,-1.4335,8,b,(A,(A) Less than 1 second
order_32f,data/videos_v3/int_200ms/v3_200_00208.avi,200,0,0,-1.9076,-9.8097,-10.3708,-11.4333,-10.9957,32,b,NO,NO.
moved_real,data/videos_v3/int_200ms/v3_200_00208.avi,200,1,0,-2.5234,-10.1644,-11.3498,-11.6626,-11.1631,8,b,NO,NO.
moved_twin,data/twin_v3/v3_200_00208.avi,200,0,0,-2.5118,-9.8282,-11.1382,-11.451,-10.8893,8,b,NO,NO.
still_real,data/videos_v3/int_200ms/v3_200_00208.avi,200,0,1,1.2741,-9.8318,-10.893,-11.6419,-11.3292,8,b,YES,YES.
still_twin,data/twin_v3/v3_200_00208.avi,200,1,1,1.527,-9.7918,-10.9775,-11.6636,-11.4139,8,b,YES,YES.
order_twin,data/twin_v3/v3_200_00208.avi,200,-1,0,-2.1284,-9.7841,-10.4073,-11.3448,-11.0947,8,b,NO,NO.
moved_solo_hit,data/videos_v3/int_200ms/v3_200_00208_solob.avi,200,1,0,-2.5017,-10.0424,-11.3523,-11.6029,-11.1032,8,b,NO,NO.
moved_solo_fa,data/videos_v3/int_200ms/v3_200_00208_soloa.avi,200,0,0,-2.5118,-9.9514,-11.199,-11.5119,-11.0125,8,b,NO,NO.
order_real,data/videos_v3/int_200ms/v3_200_00209.avi,200,1,0,-1.1505,-10.0971,-10.4709,-11.4705,-11.158,8,a,NO,NO.
order_rev,data/videos_v3/int_200ms/v3_200_00209.avi,200,1,0,-0.8863,-7.7175,-10.4661,-11.216,-10.9033,8,a,NO,NO.
order_forced,data/videos_v3/int_200ms/v3_200_00209.avi,200,1,1,0.5001,-0.9268,-1.4269,-3.1768,-9.3,8,a,A,A
interval,data/videos_v3/int_200ms/v3_200_00209.avi,200,A,A,,-1.2675,-1.3736,-1.649,-1.3959,8,a,(A,(A) Less than 1 second
order_32f,data/videos_v3/int_200ms/v3_200_00209.avi,200,1,0,-1.8455,-10.0647,-10.6256,-11.5632,-11.1259,32,a,NO,NO.
moved_real,data/videos_v3/int_200ms/v3_200_00209.avi,200,1,0,-1.2826,-9.7798,-11.1528,-11.1533,-10.8411,8,a,NO,NO.
moved_twin,data/twin_v3/v3_200_00209.avi,200,0,0,-2.3978,-10.1724,-11.5454,-11.1713,-10.9215,8,a,NO,NO.
still_real,data/videos_v3/int_200ms/v3_200_00209.avi,200,0,1,1.1762,-10.0739,-11.1356,-11.8845,-11.3846,8,a,YES,YES.
still_twin,data/twin_v3/v3_200_00209.avi,200,1,1,1.899,-10.221,-11.4699,-12.2187,-11.6564,8,a,YES,YES.
order_twin,data/twin_v3/v3_200_00209.avi,200,-1,0,-2.1364,-10.1064,-10.6672,-11.4798,-11.1673,8,a,NO,NO.
moved_solo_hit,data/videos_v3/int_200ms/v3_200_00209_soloa.avi,200,1,0,-1.5008,-9.9132,-11.2861,-11.1619,-10.9744,8,a,NO,NO.
moved_solo_fa,data/videos_v3/int_200ms/v3_200_00209_solob.avi,200,0,0,-2.2729,-10.0585,-11.4941,-11.1823,-10.9323,8,a,NO,NO.
order_real,data/videos_v3/int_200ms/v3_200_00210.avi,200,1,0,-1.9707,-9.9263,-10.175,-11.4247,-10.8622,8,a,NO,NO.
order_rev,data/videos_v3/int_200ms/v3_200_00210.avi,200,1,0,-1.1473,-7.8422,-10.4658,-11.3404,-10.7154,8,a,NO,NO.
order_forced,data/videos_v3/int_200ms/v3_200_00210.avi,200,1,1,-0.2496,-1.6491,-1.3995,-7.5205,-8.5179,8,a,The,The blue triangle moved first.
interval,data/videos_v3/int_200ms/v3_200_00210.avi,200,A,B,,-1.5449,-1.1561,-1.4248,-1.5467,8,a,(B,(B) 1-2 seconds
order_32f,data/videos_v3/int_200ms/v3_200_00210.avi,200,1,0,-3.4316,-9.8295,-10.4527,-11.7026,-11.0777,32,a,NO,NO.
moved_real,data/videos_v3/int_200ms/v3_200_00210.avi,200,1,0,-1.0254,-9.9443,-10.9419,-11.442,-10.6927,8,a,NO,NO.
moved_twin,data/twin_v3/v3_200_00210.avi,200,0,0,-2.8785,-10.2237,-11.4716,-11.6598,-10.8476,8,a,NO,NO.
still_real,data/videos_v3/int_200ms/v3_200_00210.avi,200,0,1,1.6582,-10.1505,-11.1498,-11.96,-11.3356,8,a,YES,YES.
still_twin,data/twin_v3/v3_200_00210.avi,200,1,1,2.7385,-10.2779,-11.527,-12.2121,-11.6499,8,a,YES,YES.
order_twin,data/twin_v3/v3_200_00210.avi,200,-1,0,-3.2214,-9.9611,-10.5223,-11.5849,-11.0846,8,a,NO,NO.
moved_solo_hit,data/videos_v3/int_200ms/v3_200_00210_soloa.avi,200,1,0,-0.6504,-9.8078,-10.868,-11.4302,-10.6185,8,a,NO,NO.
moved_solo_fa,data/videos_v3/int_200ms/v3_200_00210_solob.avi,200,0,0,-2.765,-10.3371,-11.4601,-11.6483,-10.8362,8,a,NO,NO.
order_real,data/videos_v3/int_200ms/v3_200_00211.avi,200,0,0,-1.2943,-10.1002,-10.4114,-11.6603,-11.0363,8,b,NO,NO.
order_rev,data/videos_v3/int_200ms/v3_200_00211.avi,200,0,0,-0.557,-7.8257,-10.4495,-11.3237,-10.8239,8,b,NO,NO.
order_forced,data/videos_v3/int_200ms/v3_200_00211.avi,200,0,1,-0.1248,-1.4857,-1.3609,-6.2348,-8.9823,8,b,The,The blue circle moved first.
interval,data/videos_v3/int_200ms/v3_200_00211.avi,200,A,B,,-1.4794,-1.3321,-1.4875,-1.3574,8,b,(B,(B) 1-2 seconds
order_32f,data/videos_v3/int_200ms/v3_200_00211.avi,200,0,0,-1.6362,-10.1113,-10.4227,-11.7344,-10.9849,32,b,NO,NO.
moved_real,data/videos_v3/int_200ms/v3_200_00211.avi,200,1,0,-1.4081,-10.3169,-11.2524,-11.5652,-11.0036,8,b,NO,NO.
moved_twin,data/twin_v3/v3_200_00211.avi,200,0,0,-2.7224,-10.1727,-11.4202,-11.6083,-10.9844,8,b,NO,NO.
still_real,data/videos_v3/int_200ms/v3_200_00211.avi,200,0,1,0.4325,-10.009,-10.8832,-11.7561,-11.0699,8,b,YES,YES.
still_twin,data/twin_v3/v3_200_00211.avi,200,1,1,1.4055,-9.9901,-10.9891,-11.9243,-11.363,8,b,YES,YES.
order_twin,data/twin_v3/v3_200_00211.avi,200,-1,0,-1.8072,-9.9613,-10.3973,-11.7088,-11.0222,8,b,NO,NO.
moved_solo_hit,data/videos_v3/int_200ms/v3_200_00211_solob.avi,200,1,0,-1.4082,-10.1924,-11.315,-11.5653,-11.066,8,b,NO,NO.
moved_solo_fa,data/videos_v3/int_200ms/v3_200_00211_soloa.avi,200,0,0,-3.0017,-10.2603,-11.5705,-11.696,-11.0096,8,b,NO,NO.
order_real,data/videos_v3/int_200ms/v3_200_00212.avi,200,0,0,-0.7851,-10.1214,-10.4322,-11.6808,-11.057,8,a,NO,NO.
order_rev,data/videos_v3/int_200ms/v3_200_00212.avi,200,0,0,-0.6503,-7.9315,-10.4925,-11.3664,-10.8669,8,a,NO,NO.
order_forced,data/videos_v3/int_200ms/v3_200_00212.avi,200,0,1,0.1251,-1.4254,-1.5505,-5.9246,-9.0467,8,a,The,The yellow circle moved first.
interval,data/videos_v3/int_200ms/v3_200_00212.avi,200,A,A,,-1.2841,-1.2555,-1.5371,-1.6556,8,a,(A,(A) Less than 1 second
order_32f,data/videos_v3/int_200ms/v3_200_00212.avi,200,0,0,-1.3872,-9.9959,-10.4944,-11.681,-10.9316,32,a,NO,NO.
moved_real,data/videos_v3/int_200ms/v3_200_00212.avi,200,1,0,-0.5443,-9.8203,-11.0675,-11.2546,-10.7559,8,a,NO,NO.
moved_twin,data/twin_v3/v3_200_00212.avi,200,0,0,-2.9994,-10.3113,-11.8092,-11.6218,-11.0605,8,a,NO,NO.
still_real,data/videos_v3/int_200ms/v3_200_00212.avi,200,0,0,-0.4846,-9.7889,-10.6008,-11.4738,-10.7873,8,a,NO,NO.
still_twin,data/twin_v3/v3_200_00212.avi,200,1,1,2.027,-10.0911,-11.3399,-12.0251,-11.5258,8,a,YES,YES.
order_twin,data/twin_v3/v3_200_00212.avi,200,-1,0,-2.0325,-9.9824,-10.5435,-11.4179,-10.9805,8,a,NO,NO.
moved_solo_hit,data/videos_v3/int_200ms/v3_200_00212_soloa.avi,200,1,0,-0.908,-9.8139,-11.124,-11.2483,-10.7499,8,a,NO,NO.
moved_solo_fa,data/videos_v3/int_200ms/v3_200_00212_solob.avi,200,0,0,-2.9994,-10.3105,-11.7462,-11.6212,-10.935,8,a,NO,NO.
order_real,data/videos_v3/int_200ms/v3_200_00213.avi,200,1,0,-2.3603,-9.7446,-10.4308,-11.4305,-10.8678,8,b,NO,NO.
order_rev,data/videos_v3/int_200ms/v3_200_00213.avi,200,1,0,-1.5031,-7.6241,-10.5602,-11.1851,-10.6845,8,b,NO,NO.
order_forced,data/videos_v3/int_200ms/v3_200_00213.avi,200,1,1,0.2503,-1.3532,-1.6035,-7.1001,-8.2227,8,b,The,The red square moved first.
interval,data/videos_v3/int_200ms/v3_200_00213.avi,200,A,B,,-1.4802,-1.205,-1.6086,-1.4802,8,b,(B,(B) 1-2 seconds
order_32f,data/videos_v3/int_200ms/v3_200_00213.avi,200,1,0,-2.9553,-9.7443,-10.4929,-11.7422,-10.8679,32,b,NO,NO.
moved_real,data/videos_v3/int_200ms/v3_200_00213.avi,200,1,0,-3.1859,-10.2114,-11.7095,-11.6471,-10.7731,8,b,NO,NO.
moved_twin,data/twin_v3/v3_200_00213.avi,200,0,0,-3.5609,-10.1977,-11.6958,-11.6958,-10.7593,8,b,NO,NO.
still_real,data/videos_v3/int_200ms/v3_200_00213.avi,200,0,1,2.2499,-10.2532,-11.4399,-12.2494,-11.563,8,b,YES,YES.
still_twin,data/twin_v3/v3_200_00213.avi,200,1,1,2.3748,-10.1905,-11.3773,-12.1245,-11.4381,8,b,YES,YES.
order_twin,data/twin_v3/v3_200_00213.avi,200,-1,0,-2.5031,-9.69,-10.3761,-11.3135,-10.6884,8,b,NO,NO.
moved_solo_hit,data/videos_v3/int_200ms/v3_200_00213_solob.avi,200,1,0,-3.3285,-10.312,-11.7478,-11.7479,-10.8113,8,b,NO,NO.
moved_solo_fa,data/videos_v3/int_200ms/v3_200_00213_soloa.avi,200,0,0,-3.4183,-10.3101,-11.6837,-11.6212,-10.8094,8,b,NO,NO.
order_real,data/videos_v3/int_200ms/v3_200_00214.avi,200,1,0,-1.0351,-9.9271,-10.1135,-11.4874,-10.8004,8,b,NO,NO.
order_rev,data/videos_v3/int_200ms/v3_200_00214.avi,200,1,0,-0.8152,-7.8953,-10.3318,-11.2062,-10.706,8,b,NO,NO.
order_forced,data/videos_v3/int_200ms/v3_200_00214.avi,200,1,1,-0.2499,-1.8864,-1.6365,-7.6349,-8.5099,8,b,The,The blue square moved first.
interval,data/videos_v3/int_200ms/v3_200_00214.avi,200,A,B,,-1.5347,-1.2525,-1.4189,-1.5347,8,b,(B,(B) 1-2 seconds
order_32f,data/videos_v3/int_200ms/v3_200_00214.avi,200,1,0,-1.7685,-10.0144,-10.388,-11.7627,-10.9505,32,b,NO,NO.
moved_real,data/videos_v3/int_200ms/v3_200_00214.avi,200,1,0,-1.6235,-10.1006,-11.2235,-11.7232,-10.8496,8,b,NO,NO.
moved_twin,data/twin_v3/v3_200_00214.avi,200,0,0,-3.1107,-10.0696,-11.4427,-11.8178,-10.7566,8,b,NO,NO.
still_real,data/videos_v3/int_200ms/v3_200_00214.avi,200,0,1,1.399,-10.0254,-11.0247,-12.0226,-11.2734,8,b,YES,YES.
still_twin,data/twin_v3/v3_200_00214.avi,200,1,1,2.4998,-10.0455,-11.2324,-12.2305,-11.4812,8,b,YES,YES.
order_twin,data/twin_v3/v3_200_00214.avi,200,-1,0,-2.0414,-9.9026,-10.3386,-11.5885,-10.8387,8,b,NO,NO.
moved_solo_hit,data/videos_v3/int_200ms/v3_200_00214_solob.avi,200,1,0,-1.6235,-10.0027,-11.1881,-11.6257,-10.8139,8,b,NO,NO.
moved_solo_fa,data/videos_v3/int_200ms/v3_200_00214_soloa.avi,200,0,0,-3.2492,-10.1722,-11.5452,-11.9205,-10.8591,8,b,NO,NO.
order_real,data/videos_v3/int_200ms/v3_200_00215.avi,200,1,0,-1.035,-10.0505,-10.1747,-11.4858,-10.8616,8,b,NO,NO.
order_rev,data/videos_v3/int_200ms/v3_200_00215.avi,200,1,0,-0.0768,-7.9023,-10.5881,-11.4002,-10.9625,8,b,NO,NO.
order_forced,data/videos_v3/int_200ms/v3_200_00215.avi,200,1,1,-0.2495,-1.517,-1.2675,-6.39,-8.8828,8,b,The,The yellow triangle moved first.
interval,data/videos_v3/int_200ms/v3_200_00215.avi,200,A,B,,-1.3682,-1.2179,-1.4959,-1.6182,8,b,(B,(B) 1-2 seconds
order_32f,data/videos_v3/int_200ms/v3_200_00215.avi,200,1,0,-1.166,-9.9861,-10.2348,-11.671,-10.8594,32,b,NO,NO.
moved_real,data/videos_v3/int_200ms/v3_200_00215.avi,200,1,0,-1.2993,-10.1257,-11.3113,-11.561,-10.7495,8,b,NO,NO.
moved_twin,data/twin_v3/v3_200_00215.avi,200,0,0,-2.5657,-10.349,-11.5975,-11.7225,-10.8482,8,b,NO,NO.
still_real,data/videos_v3/int_200ms/v3_200_00215.avi,200,0,0,-0.2611,-10.0658,-10.8151,-11.6883,-10.9391,8,b,NO,NO.
still_twin,data/twin_v3/v3_200_00215.avi,200,1,1,2.3648,-10.295,-11.4193,-12.2919,-11.6667,8,b,YES,YES.
order_twin,data/twin_v3/v3_200_00215.avi,200,-1,0,-2.8659,-9.996,-10.4323,-11.5568,-11.0569,8,b,NO,NO.
moved_solo_hit,data/videos_v3/int_200ms/v3_200_00215_solob.avi,200,1,0,-0.557,-10.074,-11.1975,-11.5719,-10.7601,8,b,NO,NO.
moved_solo_fa,data/videos_v3/int_200ms/v3_200_00215_soloa.avi,200,0,0,-2.6607,-10.3118,-11.6225,-11.685,-10.8734,8,b,NO,NO.
order_real,data/videos_v3/int_200ms/v3_200_00216.avi,200,1,0,-1.0108,-10.1178,-10.4914,-11.4908,-10.9911,8,a,NO,NO.
order_rev,data/videos_v3/int_200ms/v3_200_00216.avi,200,1,1,0.1785,-8.171,-10.7323,-11.2941,-10.919,8,a,YES,YES.
order_forced,data/videos_v3/int_200ms/v3_200_00216.avi,200,1,1,0.2501,-1.3792,-1.6293,-6.3785,-9.2503,8,a,The,The green triangle moved first.
interval,data/videos_v3/int_200ms/v3_200_00216.avi,200,A,B,,-1.5453,-1.1566,-1.4239,-1.5453,8,a,(B,(B) 1-2 seconds
order_32f,data/videos_v3/int_200ms/v3_200_00216.avi,200,1,0,-2.1232,-10.1579,-10.4692,-11.7812,-11.0314,32,a,NO,NO.
moved_real,data/videos_v3/int_200ms/v3_200_00216.avi,200,1,1,0.3156,-10.4934,-11.6172,-11.6795,-11.1174,8,a,YES,YES.
moved_twin,data/twin_v3/v3_200_00216.avi,200,0,0,-3.4378,-10.5402,-12.0386,-11.9136,-11.1021,8,a,NO,NO.
still_real,data/videos_v3/int_200ms/v3_200_00216.avi,200,0,0,-1.1245,-10.1556,-10.8425,-11.5908,-10.8418,8,a,NO,NO.
still_twin,data/twin_v3/v3_200_00216.avi,200,1,1,2.2738,-10.3375,-11.4619,-12.0846,-11.6474,8,a,YES,YES.
order_twin,data/twin_v3/v3_200_00216.avi,200,-1,0,-2.9857,-10.0754,-10.7615,-11.7612,-11.1988,8,a,NO,NO.
moved_solo_hit,data/videos_v3/int_200ms/v3_200_00216_soloa.avi,200,1,0,-1.1477,-10.321,-11.5069,-11.6317,-10.8825,8,a,NO,NO.
moved_solo_fa,data/videos_v3/int_200ms/v3_200_00216_solob.avi,200,0,0,-3.2224,-10.396,-11.8941,-11.7693,-11.02,8,a,NO,NO.
order_real,data/videos_v3/int_200ms/v3_200_00217.avi,200,0,0,-1.2831,-10.1527,-10.4016,-11.5255,-11.0885,8,b,NO,NO.
order_rev,data/videos_v3/int_200ms/v3_200_00217.avi,200,0,0,-0.6504,-7.9308,-10.5546,-11.2418,-10.8666,8,b,NO,NO.
order_forced,data/videos_v3/int_200ms/v3_200_00217.avi,200,0,1,0.2501,-1.341,-1.5911,-3.4659,-9.2135,8,b,The,The cyan circle moved first.
interval,data/videos_v3/int_200ms/v3_200_00217.avi,200,A,A,,-1.3342,-1.3019,-1.5876,-1.4592,8,b,(A,(A) Less than 1 second
order_32f,data/videos_v3/int_200ms/v3_200_00217.avi,200,0,0,-2.1872,-10.1157,-10.5517,-11.5516,-11.0516,32,b,NO,NO.
moved_real,data/videos_v3/int_200ms/v3_200_00217.avi,200,1,0,-0.6584,-9.9955,-11.1813,-10.9316,-10.6819,8,b,NO,NO.
moved_twin,data/twin_v3/v3_200_00217.avi,200,0,0,-2.3866,-10.2094,-11.5827,-10.9585,-10.8337,8,b,NO,NO.
still_real,data/videos_v3/int_200ms/v3_200_00217.avi,200,0,1,0.322,-10.0867,-10.9609,-11.7713,-11.1474,8,b,YES,YES.
still_twin,data/twin_v3/v3_200_00217.avi,200,1,1,1.885,-10.1709,-11.2949,-11.9183,-11.4807,8,b,YES,YES.
order_twin,data/twin_v3/v3_200_00217.avi,200,-1,0,-2.374,-10.0996,-10.4736,-11.2858,-11.0356,8,b,NO,NO.
moved_solo_hit,data/videos_v3/int_200ms/v3_200_00217_solob.avi,200,1,1,0.1828,-9.9294,-11.1153,-10.9279,-10.7405,8,b,YES,YES.
moved_solo_fa,data/videos_v3/int_200ms/v3_200_00217_soloa.avi,200,0,0,-2.8767,-10.3897,-11.8879,-11.2636,-11.2012,8,b,NO,NO.
order_real,data/videos_v3/int_200ms/v3_200_00218.avi,200,1,0,-0.6693,-9.8361,-10.085,-11.3341,-10.7097,8,a,NO,NO.
order_rev,data/videos_v3/int_200ms/v3_200_00218.avi,200,1,0,-0.1839,-7.6515,-10.4001,-11.2118,-10.5871,8,a,NO,NO.
order_forced,data/videos_v3/int_200ms/v3_200_00218.avi,200,1,1,0.1252,-1.552,-1.6772,-6.5511,-8.4237,8,a,The,The magenta square moved first.
interval,data/videos_v3/int_200ms/v3_200_00218.avi,200,A,B,,-1.6441,-1.1304,-1.3991,-1.521,8,a,(B,(B) 1-2 seconds
order_32f,data/videos_v3/int_200ms/v3_200_00218.avi,200,1,0,-1.5409,-10.0331,-10.4689,-11.7179,-10.8441,32,a,NO,NO.
moved_real,data/videos_v3/int_200ms/v3_200_00218.avi,200,1,0,-1.0602,-10.0079,-11.3182,-11.7552,-10.7567,8,a,NO,NO.
moved_twin,data/twin_v3/v3_200_00218.avi,200,0,0,-2.5448,-10.1826,-11.5557,-11.868,-10.8068,8,a,NO,NO.
still_real,data/videos_v3/int_200ms/v3_200_00218.avi,200,0,0,-1.0628,-9.8209,-10.5077,-11.3186,-10.5695,8,a,NO,NO.
still_twin,data/twin_v3/v3_200_00218.avi,200,1,1,1.9998,-10.1179,-11.1799,-11.9901,-11.3654,8,a,YES,YES.
order_twin,data/twin_v3/v3_200_00218.avi,200,-1,0,-2.0591,-9.6701,-10.2312,-11.3557,-10.7309,8,a,NO,NO.
moved_solo_hit,data/videos_v3/int_200ms/v3_200_00218_soloa.avi,200,1,0,-1.0639,-10.0287,-11.2144,-11.6513,-10.7151,8,a,NO,NO.
moved_solo_fa,data/videos_v3/int_200ms/v3_200_00218_solob.avi,200,0,0,-2.9357,-10.2611,-11.7595,-12.0716,-11.0103,8,a,NO,NO.
order_real,data/videos_v3/int_200ms/v3_200_00219.avi,200,1,0,-2.4713,-10.002,-10.6256,-11.5003,-11.0629,8,b,NO,NO.
order_rev,data/videos_v3/int_200ms/v3_200_00219.avi,200,1,0,-1.7824,-7.7032,-10.7642,-11.1392,-10.8263,8,b,NO,NO.
order_forced,data/videos_v3/int_200ms/v3_200_00219.avi,200,1,1,0.0002,-1.4577,-1.4579,-6.2062,-8.5786,8,b,The,The green circle moved first.
interval,data/videos_v3/int_200ms/v3_200_00219.avi,200,A,B,,-1.4773,-1.2034,-1.6067,-1.4773,8,b,(B,(B) 1-2 seconds
order_32f,data/videos_v3/int_200ms/v3_200_00219.avi,200,1,0,-3.616,-9.8461,-10.6571,-11.719,-10.9072,32,b,NO,NO.
moved_real,data/videos_v3/int_200ms/v3_200_00219.avi,200,1,0,-2.9702,-10.3113,-11.8098,-11.6225,-11.0604,8,b,NO,NO.
moved_twin,data/twin_v3/v3_200_00219.avi,200,0,0,-2.8902,-10.2056,-11.7665,-11.6418,-11.0172,8,b,NO,NO.
still_real,data/videos_v3/int_200ms/v3_200_00219.avi,200,0,1,2.0213,-10.3516,-11.4758,-12.1608,-11.5364,8,b,YES,YES.
still_twin,data/twin_v3/v3_200_00219.avi,200,1,1,2.3748,-10.4287,-11.4909,-12.3631,-11.738,8,b,YES,YES.
order_twin,data/twin_v3/v3_200_00219.avi,200,-1,0,-2.5033,-9.8756,-10.4991,-11.4363,-10.9366,8,b,NO,NO.
moved_solo_hit,data/videos_v3/int_200ms/v3_200_00219_solob.avi,200,1,0,-2.8786,-10.2256,-11.7239,-11.412,-10.8499,8,b,NO,NO.
moved_solo_fa,data/videos_v3/int_200ms/v3_200_00219_soloa.avi,200,0,0,-2.9853,-10.2947,-11.9182,-11.7309,-11.1688,8,b,NO,NO.
order_real,data/videos_v3/int_200ms/v3_200_00220.avi,200,0,0,-0.6397,-10.0752,-10.3864,-11.3857,-10.9485,8,b,NO,NO.
order_rev,data/videos_v3/int_200ms/v3_200_00220.avi,200,0,0,-0.0654,-8.313,-10.6866,-11.2484,-10.8732,8,b,NO,NO.
order_forced,data/videos_v3/int_200ms/v3_200_00220.avi,200,0,1,0.1252,-1.3585,-1.4837,-7.1067,-8.7291,8,b,The,The yellow triangle moved first.
interval,data/videos_v3/int_200ms/v3_200_00220.avi,200,A,B,,-1.3455,-1.1919,-1.4763,-1.7205,8,b,(B,(B) 1-2 seconds
order_real,data/videos_v3/int_200ms/v3_200_00221.avi,200,1,0,-1.9984,-10.1714,-10.5452,-11.6072,-11.1075,8,a,NO,NO.
order_rev,data/videos_v3/int_200ms/v3_200_00221.avi,200,1,0,-1.1774,-7.9908,-10.6146,-11.2391,-10.989,8,a,NO,NO.
order_forced,data/videos_v3/int_200ms/v3_200_00221.avi,200,1,1,-0.2499,-1.4109,-1.161,-3.9108,-9.0345,8,a,The,The green circle moved first.
interval,data/videos_v3/int_200ms/v3_200_00221.avi,200,A,D,,-1.4068,-1.3947,-1.5349,-1.2818,8,a,(D,(D) More than 5 seconds.
order_real,data/videos_v3/int_200ms/v3_200_00222.avi,200,1,0,-1.5496,-10.0165,-10.4524,-11.4515,-10.9521,8,b,NO,NO.
order_rev,data/videos_v3/int_200ms/v3_200_00222.avi,200,1,0,-1.0655,-7.8247,-10.6979,-11.1978,-10.8849,8,b,NO,NO.
order_forced,data/videos_v3/int_200ms/v3_200_00222.avi,200,1,1,0.1252,-1.1498,-1.275,-6.5232,-8.6451,8,b,The,The yellow circle moved first.
interval,data/videos_v3/int_200ms/v3_200_00222.avi,200,A,B,,-1.4031,-1.1382,-1.657,-1.5355,8,b,(B,(B) 1-2 seconds
order_real,data/videos_v3/int_200ms/v3_200_00223.avi,200,1,0,-1.7728,-9.9542,-10.5779,-11.4524,-11.015,8,a,NO,NO.
order_rev,data/videos_v3/int_200ms/v3_200_00223.avi,200,1,0,-1.2019,-7.7628,-10.5739,-11.0736,-10.7606,8,a,NO,NO.
order_forced,data/videos_v3/int_200ms/v3_200_00223.avi,200,1,1,0.1252,-1.1455,-1.2707,-6.7689,-8.2672,8,a,The,The green square moved first.
interval,data/videos_v3/int_200ms/v3_200_00223.avi,200,A,B,,-1.3917,-1.2428,-1.6461,-1.5211,8,a,(B,(B) 1-2 seconds
order_real,data/videos_v3/int_200ms/v3_200_00224.avi,200,1,0,-0.7926,-10.0226,-10.5213,-11.5834,-11.0834,8,a,NO,NO.
order_rev,data/videos_v3/int_200ms/v3_200_00224.avi,200,1,1,0.2889,-7.6673,-10.8532,-11.478,-11.2277,8,a,YES,YES.
order_forced,data/videos_v3/int_200ms/v3_200_00224.avi,200,1,0,-0.1249,-1.3472,-1.2223,-6.7212,-9.0933,8,a,The,The magenta triangle moved first.
interval,data/videos_v3/int_200ms/v3_200_00224.avi,200,A,A,,-1.1896,-1.2637,-1.6846,-1.8041,8,a,(A,(A) Less than 1 second
order_real,data/videos_v3/int_200ms/v3_200_00225.avi,200,0,0,-0.3976,-9.8103,-9.9968,-10.9961,-10.7464,8,a,NO,NO.
order_rev,data/videos_v3/int_200ms/v3_200_00225.avi,200,0,0,-0.3018,-7.7432,-10.4291,-11.1787,-10.8037,8,a,NO,NO.
order_forced,data/videos_v3/int_200ms/v3_200_00225.avi,200,0,1,0.0005,-1.7381,-1.7386,-4.6125,-8.6081,8,a,The,The cyan triangle moved first.
interval,data/videos_v3/int_200ms/v3_200_00225.avi,200,A,B,,-1.594,-1.0803,-1.474,-1.5958,8,a,(B,(B) 1-2 seconds
order_real,data/videos_v3/int_200ms/v3_200_00226.avi,200,0,0,-2.6576,-9.8654,-10.4891,-10.9892,-10.8016,8,b,NO,NO.
order_rev,data/videos_v3/int_200ms/v3_200_00226.avi,200,0,0,-1.7913,-7.6837,-10.6198,-11.0572,-10.6819,8,b,NO,NO.
order_forced,data/videos_v3/int_200ms/v3_200_00226.avi,200,0,0,0.1254,-1.4407,-1.5661,-4.5651,-8.061,8,b,The,The yellow triangle moved first.
interval,data/videos_v3/int_200ms/v3_200_00226.avi,200,A,B,,-1.4793,-1.201,-1.6116,-1.4832,8,b,(B,(B) 1-2 seconds
order_real,data/videos_v3/int_200ms/v3_200_00227.avi,200,0,0,-1.1006,-10.0595,-10.2456,-11.2451,-10.8081,8,b,NO,NO.
order_rev,data/videos_v3/int_200ms/v3_200_00227.avi,200,0,0,-0.3998,-7.7733,-10.5217,-11.2713,-10.8963,8,b,NO,NO.
order_forced,data/videos_v3/int_200ms/v3_200_00227.avi,200,0,0,-0.2495,-2.5965,-2.347,-4.5963,-10.0896,8,b,The,The cyan triangle moved first.
interval,data/videos_v3/int_200ms/v3_200_00227.avi,200,A,B,,-1.2758,-1.1434,-1.4027,-1.9027,8,b,(B,(B) 1-2 seconds
order_real,data/videos_v3/int_200ms/v3_200_00228.avi,200,1,0,-2.3446,-10.1004,-10.5366,-11.5988,-11.099,8,a,NO,NO.
order_rev,data/videos_v3/int_200ms/v3_200_00228.avi,200,1,0,-0.2755,-8.0749,-10.6986,-11.3855,-10.948,8,a,NO,NO.
order_forced,data/videos_v3/int_200ms/v3_200_00228.avi,200,1,0,-0.3748,-1.5486,-1.1738,-5.6729,-9.0429,8,a,The,The green circle moved first.
interval,data/videos_v3/int_200ms/v3_200_00228.avi,200,A,B,,-1.451,-1.1862,-1.4561,-1.5787,8,a,(B,(B) 1-2 seconds
order_real,data/videos_v3/int_200ms/v3_200_00229.avi,200,1,0,-0.5706,-10.045,-10.3563,-11.4175,-10.9807,8,a,NO,NO.
order_rev,data/videos_v3/int_200ms/v3_200_00229.avi,200,1,0,-0.8141,-7.7272,-10.663,-11.2251,-10.8499,8,a,NO,NO.
order_forced,data/videos_v3/int_200ms/v3_200_00229.avi,200,1,1,0.0002,-1.1658,-1.166,-5.9148,-8.9117,8,a,The,The yellow circle moved first.
interval,data/videos_v3/int_200ms/v3_200_00229.avi,200,A,B,,-1.3746,-1.2213,-1.6246,-1.4996,8,a,(B,(B) 1-2 seconds
order_real,data/videos_v3/int_200ms/v3_200_00230.avi,200,1,0,-0.761,-10.1286,-10.5024,-11.6262,-11.0643,8,b,NO,NO.
order_rev,data/videos_v3/int_200ms/v3_200_00230.avi,200,1,0,-0.4163,-7.7836,-10.657,-11.3437,-10.844,8,b,NO,NO.
order_forced,data/videos_v3/int_200ms/v3_200_00230.avi,200,1,1,0.0003,-1.5863,-1.5866,-5.5854,-8.7041,8,b,The,The green circle moved first.
interval,data/videos_v3/int_200ms/v3_200_00230.avi,200,A,B,,-1.4677,-1.0796,-1.5951,-1.5951,8,b,(B,(B) 1-2 seconds
order_real,data/videos_v3/int_200ms/v3_200_00231.avi,200,0,0,-1.7852,-10.4609,-10.8345,-11.6466,-11.5842,8,b,NO,NO.
order_rev,data/videos_v3/int_200ms/v3_200_00231.avi,200,0,0,-1.0355,-8.2994,-10.7357,-11.5474,-11.2972,8,b,NO,NO.
order_forced,data/videos_v3/int_200ms/v3_200_00231.avi,200,0,1,0.1251,-0.873,-0.9981,-2.998,-9.1224,8,b,A,A
interval,data/videos_v3/int_200ms/v3_200_00231.avi,200,A,A,,-1.0256,-1.5068,-1.7791,-1.5291,8,b,(A,(A) Less than 1 second
order_real,data/videos_v3/int_200ms/v3_200_00232.avi,200,0,0,-0.7851,-9.8123,-10.0613,-11.2479,-10.7477,8,a,NO,NO.
order_rev,data/videos_v3/int_200ms/v3_200_00232.avi,200,0,1,0.1627,-8.0559,-10.4295,-11.1166,-10.6789,8,a,YES,YES.
order_forced,data/videos_v3/int_200ms/v3_200_00232.avi,200,0,1,0.1252,-1.418,-1.5432,-6.9167,-8.5389,8,a,The,The magenta triangle moved first.
interval,data/videos_v3/int_200ms/v3_200_00232.avi,200,A,B,,-1.4527,-1.0579,-1.4578,-1.8246,8,a,(B,(B) 1-2 seconds
order_real,data/videos_v3/int_200ms/v3_200_00233.avi,200,1,0,-1.6155,-9.5625,-10.1235,-11.1859,-10.6234,8,b,NO,NO.
order_rev,data/videos_v3/int_200ms/v3_200_00233.avi,200,1,0,-1.1505,-7.4138,-10.3498,-11.2247,-10.6618,8,b,NO,NO.
order_forced,data/videos_v3/int_200ms/v3_200_00233.avi,200,1,1,-0.1246,-1.6928,-1.5682,-7.4395,-8.5621,8,b,The,The red square moved first.
interval,data/videos_v3/int_200ms/v3_200_00233.avi,200,A,B,,-1.3725,-1.2073,-1.6259,-1.6186,8,b,(B,(B) 1-2 seconds
order_real,data/videos_v3/int_200ms/v3_200_00234.avi,200,0,0,-2.1236,-10.1581,-10.7194,-11.9065,-11.2194,8,a,NO,NO.
order_rev,data/videos_v3/int_200ms/v3_200_00234.avi,200,0,0,-1.0361,-7.7421,-10.6158,-11.615,-11.0527,8,a,NO,NO.
order_forced,data/videos_v3/int_200ms/v3_200_00234.avi,200,0,0,-0.3749,-1.4408,-1.0659,-7.315,-9.4391,8,a,The,The yellow square moved first.
interval,data/videos_v3/int_200ms/v3_200_00234.avi,200,A,A,,-1.2813,-1.349,-1.6563,-1.6507,8,a,(A,(A) Less than 1 second
order_real,data/videos_v3/int_200ms/v3_200_00235.avi,200,1,0,-0.5409,-9.9851,-10.1714,-11.1081,-10.7338,8,b,NO,NO.
order_rev,data/videos_v3/int_200ms/v3_200_00235.avi,200,1,0,-0.2017,-7.8439,-10.5298,-11.0918,-10.8419,8,b,NO,NO.
order_forced,data/videos_v3/int_200ms/v3_200_00235.avi,200,1,1,0.0004,-2.0823,-2.0827,-5.332,-9.3272,8,b,The,The magenta triangle moved first.
interval,data/videos_v3/int_200ms/v3_200_00235.avi,200,A,B,,-1.4522,-1.0716,-1.4541,-1.7032,8,b,(B,(B) 1-2 seconds
order_real,data/videos_v3/int_200ms/v3_200_00236.avi,200,1,0,-1.7754,-9.7959,-10.1067,-11.3566,-10.6693,8,a,NO,NO.
order_rev,data/videos_v3/int_200ms/v3_200_00236.avi,200,1,0,-0.5872,-7.9709,-10.4069,-11.2191,-10.6566,8,a,NO,NO.
order_forced,data/videos_v3/int_200ms/v3_200_00236.avi,200,1,1,-0.1248,-1.4288,-1.304,-7.3018,-8.1753,8,a,The,The blue triangle moved first.
interval,data/videos_v3/int_200ms/v3_200_00236.avi,200,A,B,,-1.6061,-1.0863,-1.4862,-1.6061,8,a,(B,(B) 1-2 seconds
order_real,data/videos_v3/int_200ms/v3_200_00237.avi,200,1,0,-1.7645,-10.0578,-10.6186,-11.6183,-11.0561,8,b,NO,NO.
order_rev,data/videos_v3/int_200ms/v3_200_00237.avi,200,1,0,-0.9001,-8.1018,-10.6003,-11.3494,-10.912,8,b,NO,NO.
order_forced,data/videos_v3/int_200ms/v3_200_00237.avi,200,1,0,-0.1249,-1.3495,-1.2246,-6.9737,-9.0972,8,b,The,The magenta circle moved first.
interval,data/videos_v3/int_200ms/v3_200_00237.avi,200,A,A,,-1.3498,-1.3343,-1.4805,-1.477,8,b,(A,(A) Less than 1 second
order_real,data/videos_v3/int_200ms/v3_200_00238.avi,200,0,0,-1.4846,-10.5398,-10.6638,-11.7879,-11.3512,8,b,NO,NO.
order_rev,data/videos_v3/int_200ms/v3_200_00238.avi,200,0,0,-0.9983,-8.1984,-10.6346,-11.5088,-11.0718,8,b,NO,NO.
order_forced,data/videos_v3/int_200ms/v3_200_00238.avi,200,0,0,-0.375,-1.0846,-0.7096,-4.0846,-10.0841,8,b,B,B
interval,data/videos_v3/int_200ms/v3_200_00238.avi,200,A,A,,-1.0783,-1.4442,-1.7064,-1.4564,8,b,(A,(A) Less than 1 second
order_real,data/videos_v3/int_200ms/v3_200_00239.avi,200,1,0,-0.7912,-9.839,-10.2122,-11.5242,-10.8373,8,b,NO,NO.
order_rev,data/videos_v3/int_200ms/v3_200_00239.avi,200,1,0,-0.44,-7.7747,-10.4607,-11.4601,-10.8354,8,b,NO,NO.
order_forced,data/videos_v3/int_200ms/v3_200_00239.avi,200,1,1,-0.2496,-1.7939,-1.5443,-7.1669,-8.0406,8,b,The,The blue square moved first.
interval,data/videos_v3/int_200ms/v3_200_00239.avi,200,A,B,,-1.3711,-1.2236,-1.5006,-1.6211,8,b,(B,(B) 1-2 seconds
order_real,data/videos_v3/int_200ms/v3_200_00240.avi,200,1,0,-1.3736,-9.925,-10.4859,-11.3606,-10.9854,8,a,NO,NO.
order_rev,data/videos_v3/int_200ms/v3_200_00240.avi,200,1,0,-1.4005,-7.8577,-10.7937,-11.1687,-10.9182,8,a,NO,NO.
order_forced,data/videos_v3/int_200ms/v3_200_00240.avi,200,1,1,0.2501,-1.2013,-1.4514,-6.6996,-8.8222,8,a,The,The red circle moved first.
interval,data/videos_v3/int_200ms/v3_200_00240.avi,200,A,A,,-1.2894,-1.2611,-1.6644,-1.5394,8,a,(A,(A) Less than 1 second
order_real,data/videos_v3/int_200ms/v3_200_00241.avi,200,0,0,-0.9245,-9.9706,-10.0945,-11.4058,-10.8438,8,a,NO,NO.
order_rev,data/videos_v3/int_200ms/v3_200_00241.avi,200,0,0,-0.5785,-7.8862,-10.3848,-11.259,-10.6965,8,a,NO,NO.
order_forced,data/videos_v3/int_200ms/v3_200_00241.avi,200,0,1,0.0003,-1.5174,-1.5177,-7.0149,-8.3866,8,a,The,The blue triangle moved first.
interval,data/videos_v3/int_200ms/v3_200_00241.avi,200,A,B,,-1.6289,-1.1122,-1.512,-1.5069,8,a,(B,(B) 1-2 seconds
order_real,data/videos_v3/int_200ms/v3_200_00242.avi,200,0,0,-1.4165,-9.871,-10.3073,-11.2442,-10.7445,8,b,NO,NO.
order_rev,data/videos_v3/int_200ms/v3_200_00242.avi,200,0,0,-0.9246,-7.5974,-10.4084,-11.1579,-10.7202,8,b,NO,NO.
order_forced,data/videos_v3/int_200ms/v3_200_00242.avi,200,0,1,0.1252,-1.3512,-1.4764,-5.9755,-8.5984,8,b,The,The magenta circle moved first.
interval,data/videos_v3/int_200ms/v3_200_00242.avi,200,A,B,,-1.4588,-1.1865,-1.4669,-1.5838,8,b,(B,(B) 1-2 seconds
order_real,data/videos_v3/int_200ms/v3_200_00243.avi,200,0,0,-2.4857,-9.9819,-10.3552,-11.4805,-11.0428,8,a,NO,NO.
order_rev,data/videos_v3/int_200ms/v3_200_00243.avi,200,0,0,-1.0653,-7.951,-10.4491,-11.199,-10.6988,8,a,NO,NO.
order_forced,data/videos_v3/int_200ms/v3_200_00243.avi,200,0,1,-0.2497,-1.6524,-1.4027,-6.7757,-8.7718,8,a,The,The blue triangle moved first.
interval,data/videos_v3/int_200ms/v3_200_00243.avi,200,A,B,,-1.4464,-1.1827,-1.45,-1.5715,8,a,(B,(B) 1-2 seconds
order_real,data/videos_v3/int_200ms/v3_200_00244.avi,200,0,0,-0.3316,-9.8373,-10.0858,-11.3975,-10.7109,8,a,NO,NO.
order_rev,data/videos_v3/int_200ms/v3_200_00244.avi,200,0,0,-0.3268,-7.4162,-10.3518,-11.2888,-10.7262,8,a,NO,NO.
order_forced,data/videos_v3/int_200ms/v3_200_00244.avi,200,0,1,0.0003,-1.6565,-1.6568,-6.9048,-8.2771,8,a,The,The magenta square moved first.
interval,data/videos_v3/int_200ms/v3_200_00244.avi,200,A,B,,-1.5025,-1.112,-1.5065,-1.6296,8,a,(B,(B) 1-2 seconds
order_real,data/videos_v3/int_200ms/v3_200_00245.avi,200,0,0,-0.1658,-10.0145,-10.0763,-11.4497,-10.8258,8,a,NO,NO.
order_rev,data/videos_v3/int_200ms/v3_200_00245.avi,200,0,1,0.1846,-7.5672,-10.2534,-11.3147,-10.815,8,a,YES,YES.
order_forced,data/videos_v3/int_200ms/v3_200_00245.avi,200,0,1,-0.2497,-2.1099,-1.8602,-5.9843,-8.9806,8,a,The,The yellow circle moved first.
interval,data/videos_v3/int_200ms/v3_200_00245.avi,200,A,B,,-1.608,-1.1009,-1.3623,-1.6104,8,a,(B,(B) 1-2 seconds
order_real,data/videos_v3/int_200ms/v3_200_00246.avi,200,1,0,-1.4684,-10.2158,-10.2142,-11.6509,-10.9643,8,b,NO,NO.
order_rev,data/videos_v3/int_200ms/v3_200_00246.avi,200,1,0,0.0838,-8.011,-10.6342,-11.571,-10.9464,8,b,NO,NO.
order_forced,data/videos_v3/int_200ms/v3_200_00246.avi,200,1,0,-0.6246,-2.6369,-2.0123,-8.3846,-10.1282,8,b,The,The green triangle moved first.
interval,data/videos_v3/int_200ms/v3_200_00246.avi,200,A,B,,-1.5574,-1.054,-1.3104,-1.8098,8,b,(B,(B) 1-2 seconds
order_real,data/videos_v3/int_200ms/v3_200_00247.avi,200,0,0,-0.7487,-10.0228,-10.3964,-11.4582,-10.9585,8,a,NO,NO.
order_rev,data/videos_v3/int_200ms/v3_200_00247.avi,200,0,0,-0.5144,-7.8704,-10.5563,-11.2437,-10.9308,8,a,NO,NO.
order_forced,data/videos_v3/int_200ms/v3_200_00247.avi,200,0,1,-0.1248,-1.6115,-1.4867,-5.8609,-8.7321,8,a,The,The red circle moved first.
interval,data/videos_v3/int_200ms/v3_200_00247.avi,200,A,B,,-1.4532,-1.1857,-1.4577,-1.5782,8,a,(B,(B) 1-2 seconds
order_real,data/videos_v3/int_200ms/v3_200_00248.avi,200,0,0,-2.7492,-9.8237,-10.5098,-11.572,-11.0719,8,b,NO,NO.
order_rev,data/videos_v3/int_200ms/v3_200_00248.avi,200,0,0,-1.3266,-7.7348,-10.4206,-11.233,-10.6704,8,b,NO,NO.
order_forced,data/videos_v3/int_200ms/v3_200_00248.avi,200,0,1,-0.1248,-1.3738,-1.249,-6.3718,-8.6178,8,b,The,The magenta square moved first.
interval,data/videos_v3/int_200ms/v3_200_00248.avi,200,A,B,,-1.4307,-1.2806,-1.5622,-1.4307,8,b,(B,(B) 1-2 seconds
order_real,data/videos_v3/int_200ms/v3_200_00249.avi,200,1,0,-0.3862,-10.1387,-10.325,-11.1373,-11.012,8,a,NO,NO.
order_rev,data/videos_v3/int_200ms/v3_200_00249.avi,200,1,1,0.3177,-8.2353,-10.609,-11.2336,-10.9829,8,a,YES,YES.
order_forced,data/videos_v3/int_200ms/v3_200_00249.avi,200,1,1,0.2503,-1.7773,-2.0276,-4.4021,-9.3964,8,a,The,The cyan triangle moved first.
interval,data/videos_v3/int_200ms/v3_200_00249.avi,200,A,B,,-1.4232,-1.1616,-1.4271,-1.6732,8,a,(B,(B) 1-2 seconds
order_real,data/videos_v3/int_200ms/v3_200_00250.avi,200,0,0,-1.7487,-10.0461,-10.4822,-11.6064,-11.0441,8,b,NO,NO.
order_rev,data/videos_v3/int_200ms/v3_200_00250.avi,200,0,0,-0.682,-8.032,-10.5931,-11.28,-10.9048,8,b,NO,NO.
order_forced,data/videos_v3/int_200ms/v3_200_00250.avi,200,0,1,-0.1249,-1.4801,-1.3552,-5.8545,-8.7275,8,b,The,The red circle moved first.
interval,data/videos_v3/int_200ms/v3_200_00250.avi,200,A,A,,-1.3183,-1.3067,-1.5723,-1.4433,8,b,(A,(A) Less than 1 second
order_real,data/videos_v3/int_200ms/v3_200_00251.avi,200,0,0,-1.2943,-9.8523,-10.1633,-11.1626,-10.7879,8,b,NO,NO.
order_rev,data/videos_v3/int_200ms/v3_200_00251.avi,200,0,0,-0.4623,-7.7683,-10.5167,-11.1413,-10.7037,8,b,NO,NO.
order_forced,data/videos_v3/int_200ms/v3_200_00251.avi,200,0,1,0.2503,-1.3921,-1.6424,-4.8912,-8.5126,8,b,The,The cyan triangle moved first.
interval,data/videos_v3/int_200ms/v3_200_00251.avi,200,A,B,,-1.5747,-1.18,-1.457,-1.5774,8,b,(B,(B) 1-2 seconds
order_real,data/videos_v3/int_200ms/v3_200_00252.avi,200,1,0,-1.2484,-10.0755,-10.2618,-11.4486,-10.9486,8,b,NO,NO.
order_rev,data/videos_v3/int_200ms/v3_200_00252.avi,200,1,0,-0.2912,-7.7112,-10.3344,-11.2712,-10.709,8,b,NO,NO.
order_forced,data/videos_v3/int_200ms/v3_200_00252.avi,200,1,1,-0.1246,-1.9169,-1.7923,-7.0401,-9.4107,8,b,The,The red triangle moved first.
interval,data/videos_v3/int_200ms/v3_200_00252.avi,200,A,B,,-1.505,-1.1237,-1.5081,-1.5072,8,b,(B,(B) 1-2 seconds
order_real,data/videos_v3/int_200ms/v3_200_00253.avi,200,0,0,-0.4195,-10.1133,-10.4246,-11.4858,-11.0489,8,a,NO,NO.
order_rev,data/videos_v3/int_200ms/v3_200_00253.avi,200,0,0,-0.0655,-8.1871,-10.8106,-11.4975,-10.9976,8,a,NO,NO.
order_forced,data/videos_v3/int_200ms/v3_200_00253.avi,200,0,1,0.2501,-1.1451,-1.3952,-7.0187,-9.0159,8,a,The,The yellow triangle moved first.
interval,data/videos_v3/int_200ms/v3_200_00253.avi,200,A,A,,-1.3204,-1.2885,-1.5748,-1.5704,8,a,(A,(A) Less than 1 second
order_real,data/videos_v3/int_200ms/v3_200_00254.avi,200,1,0,-0.5225,-10.1354,-10.4467,-11.5708,-11.071,8,a,NO,NO.
order_rev,data/videos_v3/int_200ms/v3_200_00254.avi,200,1,0,-0.0356,-8.0467,-10.6704,-11.2948,-10.9821,8,a,NO,NO.
order_forced,data/videos_v3/int_200ms/v3_200_00254.avi,200,1,1,0.0002,-1.6586,-1.6588,-6.1579,-9.03,8,a,The,The green circle moved first.
interval,data/videos_v3/int_200ms/v3_200_00254.avi,200,A,A,,-1.2564,-1.2312,-1.6348,-1.6314,8,a,(A,(A) Less than 1 second
order_real,data/videos_v3/int_200ms/v3_200_00255.avi,200,0,0,-0.5491,-10.0903,-10.214,-11.2133,-10.9633,8,b,NO,NO.
order_rev,data/videos_v3/int_200ms/v3_200_00255.avi,200,0,0,-0.3328,-7.5851,-10.521,-11.2704,-10.8329,8,b,NO,NO.
order_forced,data/videos_v3/int_200ms/v3_200_00255.avi,200,0,1,0.0005,-1.9911,-1.9916,-4.4909,-9.1104,8,b,The,The cyan circle moved first.
interval,data/videos_v3/int_200ms/v3_200_00255.avi,200,A,B,,-1.4125,-1.1554,-1.4159,-1.6649,8,b,(B,(B) 1-2 seconds
order_real,data/videos_v3/int_200ms/v3_200_00256.avi,200,0,1,0.3219,-10.1517,-10.463,-11.5245,-11.0876,8,a,YES,YES.
order_rev,data/videos_v3/int_200ms/v3_200_00256.avi,200,0,1,0.2886,-8.0695,-10.8804,-11.4427,-11.1298,8,a,YES,YES.
order_forced,data/videos_v3/int_200ms/v3_200_00256.avi,200,0,1,0.0002,-1.3199,-1.3201,-6.4436,-8.8156,8,a,The,The yellow square moved first.
interval,data/videos_v3/int_200ms/v3_200_00256.avi,200,A,B,,-1.3855,-1.2286,-1.6399,-1.6355,8,a,(B,(B) 1-2 seconds
order_real,data/videos_v3/int_200ms/v3_200_00257.avi,200,1,0,-0.8456,-10.1494,-10.6478,-11.7718,-11.0852,8,a,NO,NO.
order_rev,data/videos_v3/int_200ms/v3_200_00257.avi,200,1,0,-0.6476,-8.4031,-10.9016,-11.651,-11.1512,8,a,NO,NO.
order_forced,data/videos_v3/int_200ms/v3_200_00257.avi,200,1,1,0.0,-1.1665,-1.1665,-5.5413,-9.1652,8,a,The,The red circle moved first.
interval,data/videos_v3/int_200ms/v3_200_00257.avi,200,A,A,,-1.2004,-1.3123,-1.5799,-1.5799,8,a,(A,(A) Less than 1 second
order_real,data/videos_v3/int_200ms/v3_200_00258.avi,200,0,0,-0.6901,-9.8718,-9.9956,-11.057,-10.7452,8,b,NO,NO.
order_rev,data/videos_v3/int_200ms/v3_200_00258.avi,200,0,0,-0.4701,-7.8755,-10.4365,-11.1856,-10.6237,8,b,NO,NO.
order_forced,data/videos_v3/int_200ms/v3_200_00258.avi,200,0,1,-0.1242,-2.0941,-1.9699,-5.5928,-9.2114,8,b,The,The cyan triangle moved first.
interval,data/videos_v3/int_200ms/v3_200_00258.avi,200,A,B,,-1.5558,-1.0477,-1.4357,-1.6847,8,b,(B,(B) 1-2 seconds
order_real,data/videos_v3/int_200ms/v3_200_00259.avi,200,1,0,-0.439,-9.9815,-10.1681,-11.4166,-10.9172,8,a,NO,NO.
order_rev,data/videos_v3/int_200ms/v3_200_00259.avi,200,1,1,0.1857,-8.1481,-10.5842,-11.5206,-11.0834,8,a,YES,YES.
order_forced,data/videos_v3/int_200ms/v3_200_00259.avi,200,1,1,-0.2499,-1.5825,-1.3326,-5.7066,-8.4539,8,a,The,The yellow circle moved first.
interval,data/videos_v3/int_200ms/v3_200_00259.avi,200,A,A,,-1.2966,-1.2564,-1.55,-1.6677,8,a,(A,(A) Less than 1 second
order_real,data/videos_v3/int_200ms/v3_200_00260.avi,200,1,0,-0.9072,-9.8838,-10.2577,-11.3818,-10.8196,8,b,NO,NO.
order_rev,data/videos_v3/int_200ms/v3_200_00260.avi,200,1,0,-1.3776,-7.8939,-10.5174,-11.3296,-10.6423,8,b,NO,NO.
order_forced,data/videos_v3/int_200ms/v3_200_00260.avi,200,1,1,-0.2496,-1.7912,-1.5416,-7.2893,-9.0341,8,b,The,The magenta triangle moved first.
interval,data/videos_v3/int_200ms/v3_200_00260.avi,200,A,B,,-1.5083,-1.1253,-1.3882,-1.6361,8,b,(B,(B) 1-2 seconds
order_real,data/videos_v3/int_200ms/v3_200_00261.avi,200,1,0,-1.1574,-9.9437,-10.2551,-11.1917,-10.7547,8,b,NO,NO.
order_rev,data/videos_v3/int_200ms/v3_200_00261.avi,200,1,0,-1.0652,-7.8244,-10.5105,-11.0727,-10.7602,8,b,NO,NO.
order_forced,data/videos_v3/int_200ms/v3_200_00261.avi,200,1,1,0.1253,-1.4207,-1.546,-5.1702,-8.5422,8,b,The,The yellow triangle moved first.
interval,data/videos_v3/int_200ms/v3_200_00261.avi,200,A,B,,-1.5094,-1.1121,-1.5151,-1.6374,8,b,(B,(B) 1-2 seconds
order_real,data/videos_v3/int_200ms/v3_200_00262.avi,200,0,0,-0.5571,-10.1982,-10.5095,-11.5706,-11.1341,8,b,NO,NO.
order_rev,data/videos_v3/int_200ms/v3_200_00262.avi,200,0,0,-1.1281,-7.8248,-10.6358,-11.3853,-10.8857,8,b,NO,NO.
order_forced,data/videos_v3/int_200ms/v3_200_00262.avi,200,0,1,0.2501,-0.9731,-1.2232,-2.8481,-9.222,8,b,A,A
interval,data/videos_v3/int_200ms/v3_200_00262.avi,200,A,A,,-1.0646,-1.4174,-1.6927,-1.5704,8,b,(A,(A) Less than 1 second
order_real,data/videos_v3/int_200ms/v3_200_00263.avi,200,0,0,-1.9105,-9.8847,-10.5083,-11.1957,-11.0083,8,a,NO,NO.
order_rev,data/videos_v3/int_200ms/v3_200_00263.avi,200,0,0,-0.6954,-7.8782,-10.4392,-11.0016,-10.8139,8,a,NO,NO.
order_forced,data/videos_v3/int_200ms/v3_200_00263.avi,200,0,0,0.1252,-1.188,-1.3132,-4.1879,-8.9361,8,a,The,The magenta square moved first.
interval,data/videos_v3/int_200ms/v3_200_00263.avi,200,A,A,,-1.1447,-1.3488,-1.7697,-1.6391,8,a,(A,(A) Less than 1 second
order_real,data/videos_v3/int_200ms/v3_200_00264.avi,200,0,1,0.5428,-9.9839,-10.233,-11.4193,-10.9194,8,a,YES,YES.
order_rev,data/videos_v3/int_200ms/v3_200_00264.avi,200,0,0,-0.0911,-8.1601,-10.5337,-11.3453,-10.8454,8,a,NO,NO.
order_forced,data/videos_v3/int_200ms/v3_200_00264.avi,200,0,1,0.5001,-1.4939,-1.994,-7.3678,-9.3644,8,a,The,The magenta triangle moved first.
interval,data/videos_v3/int_200ms/v3_200_00264.avi,200,A,B,,-1.3985,-1.1348,-1.527,-1.6464,8,a,(B,(B) 1-2 seconds
order_real,data/videos_v3/int_200ms/v3_200_00265.avi,200,0,0,-1.2348,-10.1553,-10.4663,-11.5907,-10.9039,8,b,NO,NO.
order_rev,data/videos_v3/int_200ms/v3_200_00265.avi,200,0,0,-0.3019,-7.9921,-10.6782,-11.3651,-10.8651,8,b,NO,NO.
order_forced,data/videos_v3/int_200ms/v3_200_00265.avi,200,0,1,0.1253,-1.7118,-1.8371,-7.4601,-9.4545,8,b,The,The green triangle moved first.
interval,data/videos_v3/int_200ms/v3_200_00265.avi,200,A,B,,-1.3868,-1.1277,-1.5149,-1.6384,8,b,(B,(B) 1-2 seconds
order_real,data/videos_v3/int_200ms/v3_200_00266.avi,200,1,0,-0.8865,-9.9049,-10.216,-11.2778,-10.7779,8,b,NO,NO.
order_rev,data/videos_v3/int_200ms/v3_200_00266.avi,200,1,0,-0.708,-7.9473,-10.6332,-11.2578,-10.7576,8,b,NO,NO.
order_forced,data/videos_v3/int_200ms/v3_200_00266.avi,200,1,1,0.3752,-1.3671,-1.7423,-7.3653,-8.8633,8,b,The,The magenta triangle moved first.
interval,data/videos_v3/int_200ms/v3_200_00266.avi,200,A,B,,-1.6339,-1.1172,-1.517,-1.5119,8,b,(B,(B) 1-2 seconds
order_real,data/videos_v3/int_200ms/v3_200_00267.avi,200,0,0,-2.2615,-9.8498,-10.5358,-10.9108,-10.8482,8,a,NO,NO.
order_rev,data/videos_v3/int_200ms/v3_200_00267.avi,200,0,0,-1.0768,-7.7948,-10.6053,-10.8553,-10.6675,8,a,NO,NO.
order_forced,data/videos_v3/int_200ms/v3_200_00267.avi,200,0,1,0.2502,-1.0718,-1.322,-4.8212,-8.0689,8,a,A,A
interval,data/videos_v3/int_200ms/v3_200_00267.avi,200,A,B,,-1.4226,-1.2657,-1.5559,-1.5476,8,a,(B,(B) 1-2 seconds
order_real,data/videos_v3/int_200ms/v3_200_00268.avi,200,0,0,-0.9982,-10.136,-10.322,-11.5711,-10.8218,8,b,NO,NO.
order_rev,data/videos_v3/int_200ms/v3_200_00268.avi,200,0,1,0.4411,-7.7309,-10.6668,-11.4785,-10.9162,8,b,YES,YES.
order_forced,data/videos_v3/int_200ms/v3_200_00268.avi,200,0,0,-0.3748,-2.1316,-1.7568,-7.1307,-9.1275,8,b,The,The red triangle moved first.
interval,data/videos_v3/int_200ms/v3_200_00268.avi,200,A,B,,-1.2903,-1.0353,-1.5438,-1.9178,8,b,(B,(B) 1-2 seconds
order_real,data/videos_v3/int_200ms/v3_200_00269.avi,200,0,0,-1.4693,-10.093,-10.654,-11.5912,-11.2158,8,a,NO,NO.
order_rev,data/videos_v3/int_200ms/v3_200_00269.avi,200,0,0,-1.5956,-7.9785,-10.7896,-11.3522,-11.1017,8,a,NO,NO.
order_forced,data/videos_v3/int_200ms/v3_200_00269.avi,200,0,1,-0.125,-1.258,-1.133,-6.6323,-9.506,8,a,The,The green square moved first.
interval,data/videos_v3/int_200ms/v3_200_00269.avi,200,A,A,,-1.2733,-1.3524,-1.6533,-1.6483,8,a,(A,(A) Less than 1 second
order_real,data/videos_v3/int_200ms/v3_200_00270.avi,200,1,0,-1.1368,-9.9267,-10.1753,-10.7381,-10.8001,8,b,NO,NO.
order_rev,data/videos_v3/int_200ms/v3_200_00270.avi,200,1,0,-0.8895,-7.7463,-10.4323,-11.0571,-10.7442,8,b,NO,NO.
order_forced,data/videos_v3/int_200ms/v3_200_00270.avi,200,1,1,-0.1243,-2.2931,-2.1688,-4.5427,-9.6586,8,b,The,The cyan triangle moved first.
interval,data/videos_v3/int_200ms/v3_200_00270.avi,200,A,B,,-1.5057,-1.125,-1.3846,-1.6346,8,b,(B,(B) 1-2 seconds
order_real,data/videos_v3/int_200ms/v3_200_00271.avi,200,1,0,-1.2529,-10.0442,-10.6675,-11.7918,-11.2922,8,b,NO,NO.
order_rev,data/videos_v3/int_200ms/v3_200_00271.avi,200,1,0,-0.202,-7.9685,-10.7792,-11.466,-11.0911,8,b,NO,NO.
order_forced,data/videos_v3/int_200ms/v3_200_00271.avi,200,1,1,0.0,-0.9458,-0.9458,-5.1956,-9.4445,8,b,A,A
interval,data/videos_v3/int_200ms/v3_200_00271.avi,200,A,A,,-1.066,-1.4319,-1.8177,-1.441,8,b,(A,(A) Less than 1 second
order_real,data/videos_v3/int_200ms/v3_200_00272.avi,200,1,0,-0.9988,-10.0118,-10.323,-11.3224,-10.9477,8,a,NO,NO.
order_rev,data/videos_v3/int_200ms/v3_200_00272.avi,200,1,1,0.3252,-7.8787,-10.627,-11.252,-11.0016,8,a,YES,YES.
order_forced,data/videos_v3/int_200ms/v3_200_00272.avi,200,1,1,0.0001,-1.5071,-1.5072,-5.6315,-8.1289,8,a,The,The magenta circle moved first.
interval,data/videos_v3/int_200ms/v3_200_00272.avi,200,A,A,,-1.2304,-1.2053,-1.6088,-1.7265,8,a,(A,(A) Less than 1 second
order_real,data/videos_v3/int_200ms/v3_200_00273.avi,200,1,0,-2.7409,-9.8784,-10.5642,-11.6264,-11.0638,8,b,NO,NO.
order_rev,data/videos_v3/int_200ms/v3_200_00273.avi,200,1,0,-1.2913,-7.7726,-10.5212,-11.2709,-10.7083,8,b,NO,NO.
order_forced,data/videos_v3/int_200ms/v3_200_00273.avi,200,1,1,0.1253,-1.4414,-1.5667,-7.4377,-8.6837,8,b,The,The green triangle moved first.
interval,data/videos_v3/int_200ms/v3_200_00273.avi,200,A,B,,-1.4821,-1.2154,-1.4903,-1.4852,8,b,(B,(B) 1-2 seconds
order_real,data/videos_v3/int_200ms/v3_200_00274.avi,200,0,0,-1.0104,-10.0556,-10.1794,-11.0539,-10.867,8,b,NO,NO.
order_rev,data/videos_v3/int_200ms/v3_200_00274.avi,200,0,0,-0.61,-7.9596,-10.5831,-11.2704,-10.8332,8,b,NO,NO.
order_forced,data/videos_v3/int_200ms/v3_200_00274.avi,200,0,1,-0.3746,-2.5111,-2.1365,-4.5111,-9.631,8,b,The,The cyan triangle moved first.
interval,data/videos_v3/int_200ms/v3_200_00274.avi,200,A,B,,-1.5591,-1.0552,-1.3125,-1.8118,8,b,(B,(B) 1-2 seconds
order_real,data/videos_v3/int_200ms/v3_200_00275.avi,200,1,0,-1.6019,-10.2661,-10.7018,-11.8885,-11.2644,8,a,NO,NO.
order_rev,data/videos_v3/int_200ms/v3_200_00275.avi,200,1,0,-1.2728,-8.2288,-10.9146,-11.7268,-11.1022,8,a,NO,NO.
order_forced,data/videos_v3/int_200ms/v3_200_00275.avi,200,1,0,-0.375,-1.2224,-0.8474,-5.8472,-9.2215,8,a,B,B
interval,data/videos_v3/int_200ms/v3_200_00275.avi,200,A,A,,-1.2477,-1.3656,-1.6251,-1.3761,8,a,(A,(A) Less than 1 second
order_real,data/videos_v3/int_200ms/v3_200_00276.avi,200,1,0,-1.8598,-10.1072,-10.4179,-11.5421,-11.0428,8,a,NO,NO.
order_rev,data/videos_v3/int_200ms/v3_200_00276.avi,200,1,1,0.1785,-7.9216,-10.6693,-11.2944,-10.9817,8,a,YES,YES.
order_forced,data/videos_v3/int_200ms/v3_200_00276.avi,200,1,0,-0.3748,-1.6077,-1.2329,-5.7317,-8.8531,8,a,The,The blue circle moved first.
interval,data/videos_v3/int_200ms/v3_200_00276.avi,200,A,A,,-1.2533,-1.2311,-1.6314,-1.6314,8,a,(A,(A) Less than 1 second
order_real,data/videos_v3/int_200ms/v3_200_00277.avi,200,0,0,-1.4103,-9.9031,-10.1518,-11.4012,-10.8389,8,b,NO,NO.
order_rev,data/videos_v3/int_200ms/v3_200_00277.avi,200,0,0,-1.3973,-7.6622,-10.5358,-11.2234,-10.7231,8,b,NO,NO.
order_forced,data/videos_v3/int_200ms/v3_200_00277.avi,200,0,1,-0.2498,-1.7167,-1.4669,-6.8401,-9.2126,8,b,The,The blue circle moved first.
interval,data/videos_v3/int_200ms/v3_200_00277.avi,200,A,B,,-1.4237,-1.2671,-1.4264,-1.5456,8,b,(B,(B) 1-2 seconds
order_real,data/videos_v3/int_200ms/v3_200_00278.avi,200,1,0,-1.7945,-9.8881,-10.3866,-11.5113,-11.0114,8,b,NO,NO.
order_rev,data/videos_v3/int_200ms/v3_200_00278.avi,200,1,0,-1.2854,-7.6183,-10.6167,-11.2416,-10.9286,8,b,NO,NO.
order_forced,data/videos_v3/int_200ms/v3_200_00278.avi,200,1,1,-0.2498,-1.5978,-1.348,-6.3464,-8.2187,8,b,The,The blue circle moved first.
interval,data/videos_v3/int_200ms/v3_200_00278.avi,200,A,A,,-1.2995,-1.2807,-1.678,-1.428,8,b,(A,(A) Less than 1 second
order_real,data/videos_v3/int_200ms/v3_200_00279.avi,200,1,0,-0.5226,-9.9488,-10.3227,-11.1971,-11.0096,8,a,NO,NO.
order_rev,data/videos_v3/int_200ms/v3_200_00279.avi,200,1,0,-0.4275,-8.0992,-10.5982,-11.223,-10.9103,8,a,NO,NO.
order_forced,data/videos_v3/int_200ms/v3_200_00279.avi,200,1,1,-0.1248,-1.4888,-1.364,-3.7387,-9.1115,8,a,The,The cyan square moved first.
interval,data/videos_v3/int_200ms/v3_200_00279.avi,200,A,B,,-1.4029,-1.227,-1.5323,-1.648,8,a,(B,(B) 1-2 seconds
order_real,data/videos_v3/int_200ms/v3_200_00280.avi,200,0,0,-1.0251,-10.315,-10.6259,-11.8749,-11.1261,8,a,NO,NO.
order_rev,data/videos_v3/int_200ms/v3_200_00280.avi,200,0,0,-0.4247,-8.1394,-10.5752,-11.3874,-10.8876,8,a,NO,NO.
order_forced,data/videos_v3/int_200ms/v3_200_00280.avi,200,0,0,-0.25,-1.2075,-0.9575,-5.8322,-9.331,8,a,B,B
interval,data/videos_v3/int_200ms/v3_200_00280.avi,200,A,A,,-1.3067,-1.3004,-1.5588,-1.4328,8,a,(A,(A) Less than 1 second
order_real,data/videos_v3/int_200ms/v3_200_00281.avi,200,1,0,-1.2613,-9.9341,-10.5575,-11.4946,-11.182,8,b,NO,NO.
order_rev,data/videos_v3/int_200ms/v3_200_00281.avi,200,1,0,-0.908,-7.812,-10.5607,-11.2481,-10.8727,8,b,NO,NO.
order_forced,data/videos_v3/int_200ms/v3_200_00281.avi,200,1,1,0.1251,-0.9984,-1.1235,-7.2478,-9.4966,8,b,A,A
interval,data/videos_v3/int_200ms/v3_200_00281.avi,200,A,A,,-1.2634,-1.3475,-1.6384,-1.5178,8,b,(A,(A) Less than 1 second
order_real,data/videos_v3/int_200ms/v3_200_00282.avi,200,0,0,-1.2751,-10.0687,-10.3174,-11.3793,-10.942,8,b,NO,NO.
order_rev,data/videos_v3/int_200ms/v3_200_00282.avi,200,0,0,-0.7994,-8.1319,-10.5058,-11.0678,-10.8176,8,b,NO,NO.
order_forced,data/videos_v3/int_200ms/v3_200_00282.avi,200,0,1,-0.1248,-1.6189,-1.4941,-4.3688,-8.6166,8,b,The,The green circle moved first.
interval,data/videos_v3/int_200ms/v3_200_00282.avi,200,A,B,,-1.3759,-1.2388,-1.5053,-1.5026,8,b,(B,(B) 1-2 seconds
order_real,data/videos_v3/int_200ms/v3_200_00283.avi,200,1,0,-0.7484,-9.8989,-10.0853,-11.2718,-10.7099,8,a,NO,NO.
order_rev,data/videos_v3/int_200ms/v3_200_00283.avi,200,1,0,-0.1838,-7.8996,-10.5231,-11.2724,-10.7724,8,a,NO,NO.
order_forced,data/videos_v3/int_200ms/v3_200_00283.avi,200,1,1,0.1253,-1.4788,-1.6041,-6.2274,-8.9716,8,a,The,The magenta triangle moved first.
interval,data/videos_v3/int_200ms/v3_200_00283.avi,200,A,B,,-1.5166,-1.1313,-1.3965,-1.6434,8,a,(B,(B) 1-2 seconds
order_real,data/videos_v3/int_200ms/v3_200_00284.avi,200,0,0,-2.374,-9.85,-10.4738,-11.2236,-10.9736,8,a,NO,NO.
order_rev,data/videos_v3/int_200ms/v3_200_00284.avi,200,0,0,-1.1675,-7.9843,-10.5456,-11.1077,-10.9198,8,a,NO,NO.
order_forced,data/videos_v3/int_200ms/v3_200_00284.avi,200,0,1,0.1251,-1.2484,-1.3735,-5.2479,-8.8711,8,a,The,The red square moved first.
interval,data/videos_v3/int_200ms/v3_200_00284.avi,200,A,A,,-1.4037,-1.3678,-1.663,-1.4037,8,a,(A,(A) Less than 1 second
order_real,data/videos_v3/int_200ms/v3_200_00285.avi,200,0,0,-2.0149,-9.7806,-10.3412,-11.216,-10.7789,8,a,NO,NO.
order_rev,data/videos_v3/int_200ms/v3_200_00285.avi,200,0,0,-0.6892,-7.3931,-10.4536,-11.2655,-10.7653,8,a,NO,NO.
order_forced,data/videos_v3/int_200ms/v3_200_00285.avi,200,0,0,0.3752,-1.2417,-1.6169,-6.3653,-8.2374,8,a,The,The yellow triangle moved first.
interval,data/videos_v3/int_200ms/v3_200_00285.avi,200,A,A,,-1.2956,-1.2671,-1.6706,-1.5422,8,a,(A,(A) Less than 1 second
order_real,data/videos_v3/int_200ms/v3_200_00286.avi,200,1,0,-2.5962,-9.9916,-10.6777,-11.4903,-11.24,8,b,NO,NO.
order_rev,data/videos_v3/int_200ms/v3_200_00286.avi,200,1,0,-1.3071,-7.9879,-10.7364,-11.2363,-10.923,8,b,NO,NO.
order_forced,data/videos_v3/int_200ms/v3_200_00286.avi,200,1,0,0.0001,-1.2858,-1.2859,-6.0345,-9.0304,8,b,The,The green circle moved first.
interval,data/videos_v3/int_200ms/v3_200_00286.avi,200,A,A,,-1.382,-1.3537,-1.6359,-1.382,8,b,(A,(A) Less than 1 second
order_real,data/videos_v3/int_200ms/v3_200_00287.avi,200,0,0,-1.2485,-10.0125,-10.3862,-11.3236,-10.9486,8,a,NO,NO.
order_rev,data/videos_v3/int_200ms/v3_200_00287.avi,200,0,0,-0.2017,-7.9685,-10.717,-11.2168,-11.0287,8,a,NO,NO.
order_forced,data/videos_v3/int_200ms/v3_200_00287.avi,200,0,1,0.0003,-1.8171,-1.8174,-4.8167,-9.0604,8,a,The,The green triangle moved first.
interval,data/videos_v3/int_200ms/v3_200_00287.avi,200,A,B,,-1.35,-1.2143,-1.4765,-1.6,8,a,(B,(B) 1-2 seconds
order_real,data/videos_v3/int_200ms/v3_200_00288.avi,200,1,0,-1.3601,-10.2532,-10.5644,-11.8128,-11.064,8,a,NO,NO.
order_rev,data/videos_v3/int_200ms/v3_200_00288.avi,200,1,0,-0.94,-8.1067,-10.6055,-11.4171,-10.8548,8,a,NO,NO.
order_forced,data/videos_v3/int_200ms/v3_200_00288.avi,200,1,1,-0.1249,-1.4818,-1.3569,-6.4809,-8.8548,8,a,The,The yellow circle moved first.
interval,data/videos_v3/int_200ms/v3_200_00288.avi,200,A,A,,-1.2485,-1.3661,-1.6245,-1.3745,8,a,(A,(A) Less than 1 second
order_real,data/videos_v3/int_200ms/v3_200_00289.avi,200,0,0,-1.2265,-9.9055,-10.0915,-11.4035,-10.7163,8,a,NO,NO.
order_rev,data/videos_v3/int_200ms/v3_200_00289.avi,200,0,0,-0.7911,-7.5269,-10.3375,-11.3374,-10.7122,8,a,NO,NO.
order_forced,data/videos_v3/int_200ms/v3_200_00289.avi,200,0,1,-0.2497,-2.1245,-1.8748,-8.6217,-9.1196,8,a,The,The red triangle moved first.
interval,data/videos_v3/int_200ms/v3_200_00289.avi,200,A,B,,-1.291,-1.1576,-1.5421,-1.6671,8,a,(B,(B) 1-2 seconds
order_real,data/videos_v3/int_200ms/v3_200_00290.avi,200,1,0,-0.4987,-10.0477,-10.2967,-11.5455,-10.8588,8,a,NO,NO.
order_rev,data/videos_v3/int_200ms/v3_200_00290.avi,200,1,1,0.1845,-7.8162,-10.565,-11.3767,-10.8767,8,a,YES,YES.
order_forced,data/videos_v3/int_200ms/v3_200_00290.avi,200,1,1,0.2503,-1.7797,-2.03,-6.9029,-8.6492,8,a,The,The green square moved first.
interval,data/videos_v3/int_200ms/v3_200_00290.avi,200,A,B,,-1.5533,-1.1584,-1.4323,-1.5533,8,a,(B,(B) 1-2 seconds
order_real,data/videos_v3/int_200ms/v3_200_00291.avi,200,0,0,-1.0255,-10.0687,-10.5674,-11.3792,-11.1918,8,b,NO,NO.
order_rev,data/videos_v3/int_200ms/v3_200_00291.avi,200,0,0,-0.932,-7.8303,-10.5164,-11.2034,-10.891,8,b,NO,NO.
order_forced,data/videos_v3/int_200ms/v3_200_00291.avi,200,0,1,0.0,-1.0244,-1.0244,-3.8992,-9.5229,8,b,A,A
interval,data/videos_v3/int_200ms/v3_200_00291.avi,200,A,A,,-1.0449,-1.5226,-1.8007,-1.4257,8,b,(A,(A) Less than 1 second
order_real,data/videos_v3/int_200ms/v3_200_00292.avi,200,0,0,-1.6237,-9.8187,-10.2547,-11.129,-10.7541,8,a,NO,NO.
order_rev,data/videos_v3/int_200ms/v3_200_00292.avi,200,0,0,-0.5714,-8.2116,-10.5224,-10.9598,-10.7096,8,a,NO,NO.
order_forced,data/videos_v3/int_200ms/v3_200_00292.avi,200,0,1,0.3751,-1.2345,-1.6096,-6.9831,-8.9816,8,a,The,The red circle moved first.
interval,data/videos_v3/int_200ms/v3_200_00292.avi,200,A,B,,-1.4567,-1.2998,-1.59,-1.4567,8,a,(B,(B) 1-2 seconds
order_real,data/videos_v3/int_200ms/v3_200_00293.avi,200,1,0,-2.2053,-10.0428,-10.5413,-11.4791,-11.2288,8,b,NO,NO.
order_rev,data/videos_v3/int_200ms/v3_200_00293.avi,200,1,0,-1.0329,-7.9027,-10.4639,-11.2137,-11.0258,8,b,NO,NO.
order_forced,data/videos_v3/int_200ms/v3_200_00293.avi,200,1,0,-0.125,-1.225,-1.1,-4.3498,-9.3485,8,b,B,B
interval,data/videos_v3/int_200ms/v3_200_00293.avi,200,A,A,,-1.166,-1.3644,-1.666,-1.666,8,b,(A,(A) Less than 1 second
order_real,data/videos_v3/int_200ms/v3_200_00294.avi,200,1,1,0.5718,-10.0532,-10.3645,-11.3638,-10.9891,8,b,YES,YES.
order_rev,data/videos_v3/int_200ms/v3_200_00294.avi,200,1,1,0.293,-7.7089,-10.7071,-11.2694,-10.8943,8,b,YES,YES.
order_forced,data/videos_v3/int_200ms/v3_200_00294.avi,200,1,1,0.2502,-1.3242,-1.5744,-6.948,-8.8204,8,b,The,The red square moved first.
interval,data/videos_v3/int_200ms/v3_200_00294.avi,200,A,B,,-1.5671,-1.1668,-1.3243,-1.6891,8,b,(B,(B) 1-2 seconds
order_real,data/videos_v3/int_200ms/v3_200_00295.avi,200,1,0,-1.4323,-9.9617,-10.3354,-11.3971,-10.8351,8,a,NO,NO.
order_rev,data/videos_v3/int_200ms/v3_200_00295.avi,200,1,0,-0.5714,-7.8357,-10.4591,-11.2086,-10.8334,8,a,NO,NO.
order_forced,data/videos_v3/int_200ms/v3_200_00295.avi,200,1,0,0.1252,-1.176,-1.3012,-6.9243,-9.0467,8,a,The,The magenta triangle moved first.
interval,data/videos_v3/int_200ms/v3_200_00295.avi,200,A,A,,-1.2709,-1.2457,-1.5243,-1.6459,8,a,(A,(A) Less than 1 second
order_real,data/videos_v3/int_200ms/v3_200_00296.avi,200,0,0,-1.9167,-10.5725,-10.8212,-11.821,-11.4463,8,a,NO,NO.
order_rev,data/videos_v3/int_200ms/v3_200_00296.avi,200,0,0,-1.2645,-8.2734,-10.8347,-11.2723,-11.0846,8,a,NO,NO.
order_forced,data/videos_v3/int_200ms/v3_200_00296.avi,200,0,0,-0.25,-1.032,-0.782,-3.657,-9.6565,8,a,B,B
interval,data/videos_v3/int_200ms/v3_200_00296.avi,200,A,A,,-1.1115,-1.4785,-1.7393,-1.363,8,a,(A,(A) Less than 1 second
order_real,data/videos_v3/int_200ms/v3_200_00297.avi,200,0,0,-1.4103,-10.2134,-10.6494,-11.7112,-11.1495,8,a,NO,NO.
order_rev,data/videos_v3/int_200ms/v3_200_00297.avi,200,0,0,-0.7855,-7.9968,-10.8077,-11.4326,-11.1201,8,a,NO,NO.
order_forced,data/videos_v3/int_200ms/v3_200_00297.avi,200,0,1,0.25,-0.9124,-1.1624,-3.5373,-9.1616,8,a,A,A
interval,data/videos_v3/int_200ms/v3_200_00297.avi,200,A,A,,-1.1442,-1.3702,-1.6559,-1.6486,8,a,(A,(A) Less than 1 second
order_real,data/videos_v3/int_200ms/v3_200_00298.avi,200,1,0,-1.2531,-9.9831,-10.3565,-11.4186,-10.9811,8,a,NO,NO.
order_rev,data/videos_v3/int_200ms/v3_200_00298.avi,200,1,0,-0.6841,-7.9545,-10.5779,-11.2028,-10.7651,8,a,NO,NO.
order_forced,data/videos_v3/int_200ms/v3_200_00298.avi,200,1,1,-0.1248,-1.5471,-1.4223,-6.6703,-8.9153,8,a,The,The blue triangle moved first.
interval,data/videos_v3/int_200ms/v3_200_00298.avi,200,A,B,,-1.4527,-1.1852,-1.4572,-1.5777,8,a,(B,(B) 1-2 seconds
order_real,data/videos_v3/int_200ms/v3_200_00299.avi,200,1,0,-0.9988,-10.1354,-10.5714,-11.321,-11.0709,8,a,NO,NO.
order_rev,data/videos_v3/int_200ms/v3_200_00299.avi,200,1,0,-0.2018,-8.2191,-10.7177,-11.2797,-10.9667,8,a,NO,NO.
order_forced,data/videos_v3/int_200ms/v3_200_00299.avi,200,1,1,0.1255,-1.4963,-1.6218,-4.1211,-8.9893,8,a,The,The cyan triangle moved first.
interval,data/videos_v3/int_200ms/v3_200_00299.avi,200,A,B,,-1.5842,-1.0726,-1.4632,-1.5864,8,a,(B,(B) 1-2 seconds
order_real,data/videos_v3/int_333ms/v3_333_00300.avi,333,1,1,0.6853,-10.1368,-10.6352,-11.5723,-11.1973,8,b,YES,YES.
order_rev,data/videos_v3/int_333ms/v3_333_00300.avi,333,1,0,-0.0445,-7.6548,-10.6531,-11.3401,-10.9026,8,b,NO,NO.
order_forced,data/videos_v3/int_333ms/v3_333_00300.avi,333,1,1,0.1251,-1.4785,-1.6036,-6.7278,-8.9746,8,b,The,The green triangle moved first.
interval,data/videos_v3/int_333ms/v3_333_00300.avi,333,A,B,,-1.3264,-1.1876,-1.4549,-1.7014,8,b,(B,(B) 1-2 seconds
order_32f,data/videos_v3/int_333ms/v3_333_00300.avi,333,1,1,0.4424,-9.9336,-10.494,-11.556,-10.9942,32,b,YES,YES.
moved_real,data/videos_v3/int_333ms/v3_333_00300.avi,333,1,1,1.4092,-10.2109,-11.5218,-11.7086,-11.3339,8,b,YES,YES.
moved_twin,data/twin_v3/v3_333_00300.avi,333,0,0,-3.3284,-10.4335,-11.9941,-12.0567,-11.1827,8,b,NO,NO.
still_real,data/videos_v3/int_333ms/v3_333_00300.avi,333,0,0,-1.2495,-10.0012,-10.7506,-11.4989,-10.8124,8,b,NO,NO.
still_twin,data/twin_v3/v3_333_00300.avi,333,1,1,2.3748,-10.3895,-11.5139,-12.3225,-11.7614,8,b,YES,YES.
order_twin,data/twin_v3/v3_333_00300.avi,333,-1,0,-2.0494,-9.9457,-10.5069,-11.5686,-10.8814,8,b,NO,NO.
moved_solo_hit,data/videos_v3/int_333ms/v3_333_00300_solob.avi,333,1,1,1.0573,-10.1811,-11.4916,-11.6787,-11.2415,8,b,YES,YES.
moved_solo_fa,data/videos_v3/int_333ms/v3_333_00300_soloa.avi,333,0,0,-1.1359,-10.186,-11.3715,-11.746,-10.9347,8,b,NO,NO.
order_real,data/videos_v3/int_333ms/v3_333_00301.avi,333,0,0,-1.4852,-10.1043,-10.5403,-11.6024,-11.1024,8,a,NO,NO.
order_rev,data/videos_v3/int_333ms/v3_333_00301.avi,333,0,0,-0.3409,-7.9231,-10.6091,-11.3586,-10.8586,8,a,NO,NO.
order_forced,data/videos_v3/int_333ms/v3_333_00301.avi,333,0,0,-0.125,-1.2048,-1.0798,-6.2044,-9.3278,8,a,B,B
interval,data/videos_v3/int_333ms/v3_333_00301.avi,333,A,B,,-1.4382,-1.3041,-1.5676,-1.3163,8,a,(B,(B) 1-2 seconds
order_32f,data/videos_v3/int_333ms/v3_333_00301.avi,333,0,0,-1.8101,-10.1935,-10.692,-11.8787,-11.1295,32,a,NO,NO.
moved_real,data/videos_v3/int_333ms/v3_333_00301.avi,333,1,0,-2.6391,-10.3942,-11.8298,-11.9547,-11.2682,8,a,NO,NO.
moved_twin,data/twin_v3/v3_333_00301.avi,333,0,0,-3.0973,-10.2756,-11.7735,-11.8985,-11.2119,8,a,NO,NO.
still_real,data/videos_v3/int_333ms/v3_333_00301.avi,333,0,1,0.8041,-10.0802,-11.1416,-11.8896,-11.2657,8,a,YES,YES.
still_twin,data/twin_v3/v3_333_00301.avi,333,1,1,1.9053,-10.4909,-11.6147,-12.1749,-11.8007,8,a,YES,YES.
order_twin,data/twin_v3/v3_333_00301.avi,333,-1,0,-1.7823,-10.3231,-10.7591,-11.821,-11.3213,8,a,NO,NO.
moved_solo_hit,data/videos_v3/int_333ms/v3_333_00301_soloa.avi,333,1,0,-2.0256,-10.3202,-11.6307,-11.8808,-11.1318,8,a,NO,NO.
moved_solo_fa,data/videos_v3/int_333ms/v3_333_00301_solob.avi,333,0,0,-3.2378,-10.3836,-12.0068,-12.0068,-11.3828,8,a,NO,NO.
order_real,data/videos_v3/int_333ms/v3_333_00302.avi,333,0,0,-1.5407,-9.97,-10.1563,-11.5926,-10.7812,8,a,NO,NO.
order_rev,data/videos_v3/int_333ms/v3_333_00302.avi,333,0,0,-0.5567,-7.4509,-10.2618,-11.3859,-10.6987,8,a,NO,NO.
order_forced,data/videos_v3/int_333ms/v3_333_00302.avi,333,0,1,-0.3743,-2.1451,-1.7708,-8.141,-9.0133,8,a,The,The yellow triangle moved first.
interval,data/videos_v3/int_333ms/v3_333_00302.avi,333,A,B,,-1.3618,-1.1011,-1.4895,-1.7383,8,a,(B,(B) 1-2 seconds
order_32f,data/videos_v3/int_333ms/v3_333_00302.avi,333,0,0,-1.2581,-10.0115,-10.1352,-11.7581,-10.8226,32,a,NO,NO.
moved_real,data/videos_v3/int_333ms/v3_333_00302.avi,333,1,0,-1.0248,-10.0042,-11.002,-11.5624,-10.5652,8,a,NO,NO.
moved_twin,data/twin_v3/v3_333_00302.avi,333,0,0,-2.1576,-10.3393,-11.4001,-11.7121,-10.7758,8,a,NO,NO.
still_real,data/videos_v3/int_333ms/v3_333_00302.avi,333,0,1,0.2272,-10.062,-10.6867,-11.7456,-10.8733,8,a,YES,YES.
still_twin,data/twin_v3/v3_333_00302.avi,333,1,1,2.2499,-10.1657,-11.227,-12.0984,-11.4749,8,a,YES,YES.
order_twin,data/twin_v3/v3_333_00302.avi,333,-1,0,-2.6022,-9.9075,-10.2187,-11.5303,-10.7811,8,a,NO,NO.
moved_solo_hit,data/videos_v3/int_333ms/v3_333_00302_soloa.avi,333,1,0,-0.5494,-9.9042,-10.9643,-11.4625,-10.5279,8,a,NO,NO.
moved_solo_fa,data/videos_v3/int_333ms/v3_333_00302_solob.avi,333,0,0,-1.3892,-10.123,-11.0588,-11.6195,-10.6218,8,a,NO,NO.
order_real,data/videos_v3/int_333ms/v3_333_00303.avi,333,0,0,-0.594,-10.0733,-10.197,-11.5712,-10.884,8,a,NO,NO.
order_rev,data/videos_v3/int_333ms/v3_333_00303.avi,333,0,0,-0.36,-7.8048,-10.4904,-11.5518,-10.9275,8,a,NO,NO.
order_forced,data/videos_v3/int_333ms/v3_333_00303.avi,333,0,1,-0.4997,-2.4223,-1.9226,-7.4213,-9.2917,8,a,The,The green triangle moved first.
interval,data/videos_v3/int_333ms/v3_333_00303.avi,333,A,B,,-1.2841,-1.0285,-1.4117,-2.161,8,a,(B,(B) 1-2 seconds
order_32f,data/videos_v3/int_333ms/v3_333_00303.avi,333,0,0,-0.2389,-10.3388,-10.3995,-11.8985,-11.1498,32,a,NO,NO.
moved_real,data/videos_v3/int_333ms/v3_333_00303.avi,333,1,1,1.4325,-10.0928,-11.3408,-11.8393,-11.0277,8,a,YES,YES.
moved_twin,data/twin_v3/v3_333_00303.avi,333,0,0,-2.8459,-10.2226,-11.5954,-11.7832,-10.8466,8,a,NO,NO.
still_real,data/videos_v3/int_333ms/v3_333_00303.avi,333,0,0,-1.8253,-10.2557,-10.7548,-11.6278,-10.817,8,a,NO,NO.
still_twin,data/twin_v3/v3_333_00303.avi,333,1,1,2.8621,-10.5303,-11.6539,-12.3385,-11.8394,8,a,YES,YES.
order_twin,data/twin_v3/v3_333_00303.avi,333,-1,0,-2.7268,-10.0234,-10.5218,-11.5843,-10.9591,8,a,NO,NO.
moved_solo_hit,data/videos_v3/int_333ms/v3_333_00303_soloa.avi,333,1,1,1.5269,-10.1384,-11.4476,-11.7597,-11.073,8,a,YES,YES.
moved_solo_fa,data/videos_v3/int_333ms/v3_333_00303_solob.avi,333,0,1,0.1929,-10.0999,-11.1602,-11.6594,-10.973,8,a,YES,YES.
order_real,data/videos_v3/int_333ms/v3_333_00304.avi,333,0,0,-0.8103,-10.204,-10.3274,-11.5133,-11.0145,8,a,NO,NO.
order_rev,data/videos_v3/int_333ms/v3_333_00304.avi,333,0,0,-0.5571,-8.1991,-10.6349,-11.5087,-11.0093,8,a,NO,NO.
order_forced,data/videos_v3/int_333ms/v3_333_00304.avi,333,0,1,0.5001,-0.8925,-1.3926,-6.2667,-9.0151,8,a,A,A
interval,data/videos_v3/int_333ms/v3_333_00304.avi,333,A,A,,-1.3042,-1.2791,-1.5607,-1.5577,8,a,(A,(A) Less than 1 second
order_32f,data/videos_v3/int_333ms/v3_333_00304.avi,333,0,0,-1.0496,-9.9977,-10.3087,-11.495,-10.8711,32,a,NO,NO.
moved_real,data/videos_v3/int_333ms/v3_333_00304.avi,333,1,1,0.6683,-10.0359,-11.1594,-11.4078,-11.0339,8,a,YES,YES.
moved_twin,data/twin_v3/v3_333_00304.avi,333,0,0,-2.14,-10.2629,-11.511,-11.4483,-10.8868,8,a,NO,NO.
still_real,data/videos_v3/int_333ms/v3_333_00304.avi,333,0,0,-0.3978,-9.9357,-10.6222,-11.4326,-10.871,8,a,NO,NO.
still_twin,data/twin_v3/v3_333_00304.avi,333,1,1,1.894,-10.2938,-11.3555,-12.0405,-11.5409,8,a,YES,YES.
order_twin,data/twin_v3/v3_333_00304.avi,333,-1,0,-2.1749,-10.1186,-10.4297,-11.4287,-10.9919,8,a,NO,NO.
moved_solo_hit,data/videos_v3/int_333ms/v3_333_00304_soloa.avi,333,1,1,0.4327,-10.1358,-11.197,-11.5079,-11.134,8,a,YES,YES.
moved_solo_fa,data/videos_v3/int_333ms/v3_333_00304_solob.avi,333,0,0,-2.1507,-10.3712,-11.4946,-11.4319,-10.8707,8,a,NO,NO.
order_real,data/videos_v3/int_333ms/v3_333_00305.avi,333,1,0,-1.4074,-10.1369,-10.4481,-11.26,-10.948,8,a,NO,NO.
order_rev,data/videos_v3/int_333ms/v3_333_00305.avi,333,1,0,-1.0767,-7.9154,-10.5391,-11.1634,-10.7886,8,a,NO,NO.
order_forced,data/videos_v3/int_333ms/v3_333_00305.avi,333,1,1,-0.1249,-1.5645,-1.4396,-3.4394,-8.6881,8,a,The,The cyan circle moved first.
interval,data/videos_v3/int_333ms/v3_333_00305.avi,333,A,A,,-1.2483,-1.3638,-1.6257,-1.3767,8,a,(A,(A) Less than 1 second
order_32f,data/videos_v3/int_333ms/v3_333_00305.avi,333,1,0,-1.4763,-10.1641,-10.6002,-11.4742,-10.9753,32,a,NO,NO.
moved_real,data/videos_v3/int_333ms/v3_333_00305.avi,333,1,0,-1.908,-10.2338,-11.4195,-10.92,-10.9204,8,a,NO,NO.
moved_twin,data/twin_v3/v3_333_00305.avi,333,0,0,-3.1368,-10.5124,-11.8858,-11.0115,-11.1368,8,a,NO,NO.
still_real,data/videos_v3/int_333ms/v3_333_00305.avi,333,0,1,1.6464,-10.0297,-11.0915,-11.9643,-11.4026,8,a,YES,YES.
still_twin,data/twin_v3/v3_333_00305.avi,333,1,1,2.6249,-10.3999,-11.5238,-12.2721,-11.8349,8,a,YES,YES.
order_twin,data/twin_v3/v3_333_00305.avi,333,-1,0,-2.3657,-10.1521,-10.6507,-11.3379,-11.1504,8,a,NO,NO.
moved_solo_hit,data/videos_v3/int_333ms/v3_333_00305_soloa.avi,333,1,0,-1.8863,-10.1365,-11.3846,-10.8853,-10.8855,8,a,NO,NO.
moved_solo_fa,data/videos_v3/int_333ms/v3_333_00305_solob.avi,333,0,0,-3.0116,-10.2922,-11.7281,-10.7915,-10.9165,8,a,NO,NO.
order_real,data/videos_v3/int_333ms/v3_333_00306.avi,333,0,0,-2.3863,-10.0836,-10.5824,-11.3324,-11.2695,8,b,NO,NO.
order_rev,data/videos_v3/int_333ms/v3_333_00306.avi,333,0,0,-1.2945,-7.9765,-10.6004,-11.1628,-11.0373,8,b,NO,NO.
order_forced,data/videos_v3/int_333ms/v3_333_00306.avi,333,0,1,0.2501,-1.0666,-1.3167,-3.9414,-9.0644,8,b,A,A
interval,data/videos_v3/int_333ms/v3_333_00306.avi,333,A,A,,-1.366,-1.3376,-1.6198,-1.366,8,b,(A,(A) Less than 1 second
order_32f,data/videos_v3/int_333ms/v3_333_00306.avi,333,0,0,-2.9554,-9.9889,-10.7999,-11.4876,-11.175,32,b,NO,NO.
moved_real,data/videos_v3/int_333ms/v3_333_00306.avi,333,1,0,-2.7731,-10.2727,-11.7087,-11.0219,-11.2095,8,b,NO,NO.
moved_twin,data/twin_v3/v3_333_00306.avi,333,0,0,-2.749,-10.4495,-11.8228,-11.0739,-11.3237,8,b,NO,NO.
still_real,data/videos_v3/int_333ms/v3_333_00306.avi,333,0,1,1.5191,-10.3261,-11.2629,-12.0111,-11.6366,8,b,YES,YES.
still_twin,data/twin_v3/v3_333_00306.avi,333,1,1,1.7805,-10.4255,-11.4873,-12.1731,-11.861,8,b,YES,YES.
order_twin,data/twin_v3/v3_333_00306.avi,333,-1,0,-2.503,-10.309,-10.8701,-11.5575,-11.4948,8,b,NO,NO.
moved_solo_hit,data/videos_v3/int_333ms/v3_333_00306_solob.avi,333,1,0,-2.3978,-10.3219,-11.6952,-11.1335,-11.2582,8,b,NO,NO.
moved_solo_fa,data/videos_v3/int_333ms/v3_333_00306_soloa.avi,333,0,0,-2.8739,-10.2898,-11.7255,-10.914,-11.1641,8,b,NO,NO.
order_real,data/videos_v3/int_333ms/v3_333_00307.avi,333,0,0,-0.1239,-9.8934,-10.0794,-11.4536,-10.7667,8,a,NO,NO.
order_rev,data/videos_v3/int_333ms/v3_333_00307.avi,333,0,0,0.0597,-8.124,-10.6223,-11.4969,-10.8097,8,a,NO,NO.
order_forced,data/videos_v3/int_333ms/v3_333_00307.avi,333,0,1,-0.2498,-2.1974,-1.9476,-7.8206,-9.4417,8,a,The,The blue triangle moved first.
interval,data/videos_v3/int_333ms/v3_333_00307.avi,333,A,B,,-1.3438,-1.0843,-1.4723,-1.8451,8,a,(B,(B) 1-2 seconds
order_32f,data/videos_v3/int_333ms/v3_333_00307.avi,333,0,0,-0.1372,-10.1482,-10.2715,-11.8327,-10.8342,32,a,NO,NO.
moved_real,data/videos_v3/int_333ms/v3_333_00307.avi,333,1,1,1.6555,-10.0279,-11.2127,-11.6497,-10.8381,8,a,YES,YES.
moved_twin,data/twin_v3/v3_333_00307.avi,333,0,0,-3.1107,-10.4426,-11.5654,-11.8782,-10.9415,8,a,NO,NO.
still_real,data/videos_v3/int_333ms/v3_333_00307.avi,333,0,0,-1.3744,-9.9593,-10.5835,-11.5196,-10.6458,8,a,NO,NO.
still_twin,data/twin_v3/v3_333_00307.avi,333,1,1,2.9664,-10.4277,-11.6765,-12.2994,-11.6748,8,a,YES,YES.
order_twin,data/twin_v3/v3_333_00307.avi,333,-1,0,-2.4772,-9.9856,-10.359,-11.4838,-10.9837,8,a,NO,NO.
moved_solo_hit,data/videos_v3/int_333ms/v3_333_00307_soloa.avi,333,1,1,1.2842,-9.9864,-11.172,-11.6716,-10.9218,8,a,YES,YES.
moved_solo_fa,data/videos_v3/int_333ms/v3_333_00307_solob.avi,333,0,0,-1.3972,-10.3269,-11.1997,-11.762,-10.9505,8,a,NO,NO.
order_real,data/videos_v3/int_333ms/v3_333_00308.avi,333,0,0,-1.1099,-10.1219,-10.433,-11.5574,-10.9954,8,a,NO,NO.
order_rev,data/videos_v3/int_333ms/v3_333_00308.avi,333,0,1,0.2086,-8.0777,-10.826,-11.4505,-11.0131,8,a,YES,YES.
order_forced,data/videos_v3/int_333ms/v3_333_00308.avi,333,0,0,0.1252,-1.6401,-1.7653,-5.2644,-8.8833,8,a,The,The red circle moved first.
interval,data/videos_v3/int_333ms/v3_333_00308.avi,333,A,B,,-1.4389,-1.0567,-1.4424,-1.8158,8,a,(B,(B) 1-2 seconds
order_32f,data/videos_v3/int_333ms/v3_333_00308.avi,333,0,0,-1.0951,-10.0825,-10.2687,-11.5805,-10.8935,32,a,NO,NO.
moved_real,data/videos_v3/int_333ms/v3_333_00308.avi,333,1,0,-0.5226,-10.238,-11.4238,-11.6733,-10.924,8,a,NO,NO.
moved_twin,data/twin_v3/v3_333_00308.avi,333,0,0,-2.7758,-10.3191,-11.8796,-11.6928,-10.8807,8,a,NO,NO.
still_real,data/videos_v3/int_333ms/v3_333_00308.avi,333,0,0,-0.9993,-10.0465,-10.671,-11.4816,-10.7327,8,a,NO,NO.
still_twin,data/twin_v3/v3_333_00308.avi,333,1,1,2.4999,-10.3673,-11.4918,-12.1144,-11.6764,8,a,YES,YES.
order_twin,data/twin_v3/v3_333_00308.avi,333,-1,0,-3.0803,-10.2324,-10.8558,-11.6686,-11.2307,8,a,NO,NO.
moved_solo_hit,data/videos_v3/int_333ms/v3_333_00308_soloa.avi,333,1,1,0.5544,-10.2277,-11.4761,-11.6633,-11.1014,8,a,YES,YES.
moved_solo_fa,data/videos_v3/int_333ms/v3_333_00308_solob.avi,333,0,0,-2.6481,-10.2782,-11.8386,-11.6518,-10.9021,8,a,NO,NO.
order_real,data/videos_v3/int_333ms/v3_333_00309.avi,333,1,0,-2.7533,-9.8565,-10.4801,-11.2922,-10.9798,8,a,NO,NO.
order_rev,data/videos_v3/int_333ms/v3_333_00309.avi,333,1,0,-0.9658,-7.8355,-10.5839,-11.0836,-10.7707,8,a,NO,NO.
order_forced,data/videos_v3/int_333ms/v3_333_00309.avi,333,1,1,0.1254,-1.5022,-1.6276,-4.6266,-8.8701,8,a,The,The yellow triangle moved first.
interval,data/videos_v3/int_333ms/v3_333_00309.avi,333,A,B,,-1.417,-1.2745,-1.5465,-1.4194,8,a,(B,(B) 1-2 seconds
order_32f,data/videos_v3/int_333ms/v3_333_00309.avi,333,1,0,-2.602,-9.9103,-10.4087,-11.3458,-10.7841,32,a,NO,NO.
moved_real,data/videos_v3/int_333ms/v3_333_00309.avi,333,1,0,-2.7651,-10.2117,-11.5851,-11.4602,-10.7734,8,a,NO,NO.
moved_twin,data/twin_v3/v3_333_00309.avi,333,0,0,-3.0417,-10.322,-11.7577,-11.5705,-10.8214,8,a,NO,NO.
still_real,data/videos_v3/int_333ms/v3_333_00309.avi,333,0,1,1.635,-10.0823,-11.2063,-11.8917,-11.3919,8,a,YES,YES.
still_twin,data/twin_v3/v3_333_00309.avi,333,1,1,1.769,-10.1858,-11.2478,-11.9331,-11.4955,8,a,YES,YES.
order_twin,data/twin_v3/v3_333_00309.avi,333,-1,0,-3.0962,-9.8397,-10.5257,-11.2754,-11.0254,8,a,NO,NO.
moved_solo_hit,data/videos_v3/int_333ms/v3_333_00309_soloa.avi,333,1,0,-1.5785,-10.0025,-11.1259,-11.3128,-10.626,8,a,NO,NO.
moved_solo_fa,data/videos_v3/int_333ms/v3_333_00309_solob.avi,333,0,0,-3.0417,-10.3218,-11.7574,-11.5702,-10.8211,8,a,NO,NO.
order_real,data/videos_v3/int_333ms/v3_333_00310.avi,333,0,0,-2.4076,-10.0059,-10.3797,-11.1294,-10.8795,8,a,NO,NO.
order_rev,data/videos_v3/int_333ms/v3_333_00310.avi,333,0,0,-1.4074,-7.8901,-10.5137,-11.0134,-10.7009,8,a,NO,NO.
order_forced,data/videos_v3/int_333ms/v3_333_00310.avi,333,0,1,0.0004,-1.6019,-1.6023,-4.6013,-8.2228,8,a,The,The yellow circle moved first.
interval,data/videos_v3/int_333ms/v3_333_00310.avi,333,A,A,,-1.3352,-1.3066,-1.5909,-1.4632,8,a,(A,(A) Less than 1 second
order_32f,data/videos_v3/int_333ms/v3_333_00310.avi,333,0,0,-2.5013,-9.8195,-10.3803,-11.1301,-10.6932,32,a,NO,NO.
moved_real,data/videos_v3/int_333ms/v3_333_00310.avi,333,1,0,-1.5323,-9.9917,-11.0523,-11.2396,-10.6158,8,a,NO,NO.
moved_twin,data/twin_v3/v3_333_00310.avi,333,0,0,-2.7534,-10.2313,-11.4173,-11.4173,-10.6683,8,a,NO,NO.
still_real,data/videos_v3/int_333ms/v3_333_00310.avi,333,0,1,1.6464,-10.1546,-11.1539,-11.9639,-11.3399,8,a,YES,YES.
still_twin,data/twin_v3/v3_333_00310.avi,333,1,1,2.385,-10.1785,-11.2406,-12.1123,-11.4884,8,a,YES,YES.
order_twin,data/twin_v3/v3_333_00310.avi,333,-1,0,-3.0327,-9.9678,-10.529,-11.2163,-10.9041,8,a,NO,NO.
moved_solo_hit,data/videos_v3/int_333ms/v3_333_00310_soloa.avi,333,1,0,-1.559,-9.9875,-10.986,-11.2352,-10.5491,8,a,NO,NO.
moved_solo_fa,data/videos_v3/int_333ms/v3_333_00310_solob.avi,333,0,0,-2.7212,-10.2332,-11.4192,-11.4813,-10.6701,8,a,NO,NO.
order_real,data/videos_v3/int_333ms/v3_333_00311.avi,333,0,0,-1.0254,-9.8182,-10.1296,-11.2539,-10.7542,8,a,NO,NO.
order_rev,data/videos_v3/int_333ms/v3_333_00311.avi,333,0,0,-0.0768,-7.5282,-10.4014,-11.2761,-10.8384,8,a,NO,NO.
order_forced,data/videos_v3/int_333ms/v3_333_00311.avi,333,0,1,0.0004,-1.6581,-1.6585,-5.7822,-8.277,8,a,The,The magenta circle moved first.
interval,data/videos_v3/int_333ms/v3_333_00311.avi,333,A,B,,-1.4513,-1.1858,-1.4569,-1.5763,8,a,(B,(B) 1-2 seconds
order_32f,data/videos_v3/int_333ms/v3_333_00311.avi,333,0,0,-1.0653,-9.9485,-10.3221,-11.5713,-10.8845,32,a,NO,NO.
moved_real,data/videos_v3/int_333ms/v3_333_00311.avi,333,1,0,-0.6888,-9.8919,-11.0146,-11.2643,-10.5777,8,a,NO,NO.
moved_twin,data/twin_v3/v3_333_00311.avi,333,0,0,-3.0151,-10.1998,-11.4483,-11.5108,-10.7617,8,a,NO,NO.
still_real,data/videos_v3/int_333ms/v3_333_00311.avi,333,0,1,0.3177,-10.0455,-10.9197,-11.7303,-11.0436,8,a,YES,YES.
still_twin,data/twin_v3/v3_333_00311.avi,333,1,1,2.2589,-10.3048,-11.429,-12.1143,-11.6146,8,a,YES,YES.
order_twin,data/twin_v3/v3_333_00311.avi,333,-1,0,-3.1401,-9.8226,-10.5084,-11.4457,-10.9459,8,a,NO,NO.
moved_solo_hit,data/videos_v3/int_333ms/v3_333_00311_soloa.avi,333,1,0,-1.1819,-9.9529,-11.0134,-11.3257,-10.6392,8,a,NO,NO.
moved_solo_fa,data/videos_v3/int_333ms/v3_333_00311_solob.avi,333,0,0,-2.2911,-10.1222,-11.3702,-11.4333,-10.7463,8,a,NO,NO.
order_real,data/videos_v3/int_333ms/v3_333_00312.avi,333,0,0,-2.362,-10.6212,-10.9324,-11.7448,-11.6198,8,b,NO,NO.
order_rev,data/videos_v3/int_333ms/v3_333_00312.avi,333,0,0,-1.4259,-7.6675,-10.6662,-11.4163,-11.2285,8,b,NO,NO.
order_forced,data/videos_v3/int_333ms/v3_333_00312.avi,333,0,1,0.125,-1.0565,-1.1815,-3.5564,-9.8055,8,b,A,A
interval,data/videos_v3/int_333ms/v3_333_00312.avi,333,A,A,,-1.2442,-1.3289,-1.6298,-1.7498,8,b,(A,(A) Less than 1 second
order_32f,data/videos_v3/int_333ms/v3_333_00312.avi,333,0,0,-2.7054,-10.5577,-10.9314,-11.5568,-11.5563,32,b,NO,NO.
moved_real,data/videos_v3/int_333ms/v3_333_00312.avi,333,1,0,-1.9914,-10.3901,-11.3883,-11.5761,-11.2639,8,b,NO,NO.
moved_twin,data/twin_v3/v3_333_00312.avi,333,0,0,-2.7369,-10.5929,-11.7162,-11.5916,-11.4667,8,b,NO,NO.
still_real,data/videos_v3/int_333ms/v3_333_00312.avi,333,0,1,1.6464,-10.6084,-11.7952,-12.3565,-11.9821,8,b,YES,YES.
still_twin,data/twin_v3/v3_333_00312.avi,333,1,1,2.0213,-10.681,-11.9305,-12.4291,-12.1792,8,b,YES,YES.
order_twin,data/twin_v3/v3_333_00312.avi,333,-1,0,-2.5013,-10.7247,-11.0357,-11.7235,-11.7234,8,b,NO,NO.
moved_solo_hit,data/videos_v3/int_333ms/v3_333_00312_solob.avi,333,1,0,-1.8883,-10.341,-11.4014,-11.589,-11.3395,8,b,NO,NO.
moved_solo_fa,data/videos_v3/int_333ms/v3_333_00312_soloa.avi,333,0,0,-2.8666,-10.6909,-11.8143,-11.6897,-11.5646,8,b,NO,NO.
order_real,data/videos_v3/int_333ms/v3_333_00313.avi,333,1,0,-1.469,-10.2157,-10.3398,-11.464,-11.027,8,a,NO,NO.
order_rev,data/videos_v3/int_333ms/v3_333_00313.avi,333,1,0,-0.5408,-7.86,-10.4835,-11.1701,-10.7954,8,a,NO,NO.
order_forced,data/videos_v3/int_333ms/v3_333_00313.avi,333,1,1,0.1253,-2.0612,-2.1865,-4.6859,-10.0553,8,a,The,The red triangle moved first.
interval,data/videos_v3/int_333ms/v3_333_00313.avi,333,A,B,,-1.6055,-1.1005,-1.3606,-1.6089,8,a,(B,(B) 1-2 seconds
order_32f,data/videos_v3/int_333ms/v3_333_00313.avi,333,1,0,-1.7502,-10.0824,-10.2685,-11.3305,-10.8311,32,a,NO,NO.
moved_real,data/videos_v3/int_333ms/v3_333_00313.avi,333,1,0,-1.5247,-10.3919,-11.3903,-11.5776,-10.8286,8,a,NO,NO.
moved_twin,data/twin_v3/v3_333_00313.avi,333,0,0,-3.2051,-10.7185,-11.8422,-11.8423,-11.1552,8,a,NO,NO.
still_real,data/videos_v3/int_333ms/v3_333_00313.avi,333,0,0,-0.646,-10.1302,-10.6923,-11.5653,-10.8788,8,a,NO,NO.
still_twin,data/twin_v3/v3_333_00313.avi,333,1,1,2.2716,-10.4261,-11.4255,-11.9862,-11.4865,8,a,YES,YES.
order_twin,data/twin_v3/v3_333_00313.avi,333,-1,0,-2.8222,-10.1938,-10.6298,-11.5047,-11.0673,8,a,NO,NO.
moved_solo_hit,data/videos_v3/int_333ms/v3_333_00313_soloa.avi,333,1,0,-1.4977,-10.3967,-11.2702,-11.5822,-10.8953,8,a,NO,NO.
moved_solo_fa,data/videos_v3/int_333ms/v3_333_00313_solob.avi,333,0,0,-3.5946,-10.6578,-11.9064,-11.8442,-11.1569,8,a,NO,NO.
order_real,data/videos_v3/int_333ms/v3_333_00314.avi,333,1,0,-2.7732,-10.0457,-10.4198,-11.2946,-11.1693,8,a,NO,NO.
order_rev,data/videos_v3/int_333ms/v3_333_00314.avi,333,1,0,-1.7945,-7.8911,-10.3272,-10.8897,-10.7021,8,a,NO,NO.
order_forced,data/videos_v3/int_333ms/v3_333_00314.avi,333,1,0,-0.3746,-1.6399,-1.2653,-4.3892,-8.5095,8,a,The,The blue circle moved first.
interval,data/videos_v3/int_333ms/v3_333_00314.avi,333,A,A,,-1.3983,-1.3523,-1.6576,-1.3983,8,a,(A,(A) Less than 1 second
order_32f,data/videos_v3/int_333ms/v3_333_00314.avi,333,1,0,-3.762,-10.0245,-10.6484,-11.5858,-11.1483,32,a,NO,NO.
moved_real,data/videos_v3/int_333ms/v3_333_00314.avi,333,1,0,-3.4188,-10.2263,-11.6621,-10.9753,-10.8507,8,a,NO,NO.
moved_twin,data/twin_v3/v3_333_00314.avi,333,0,0,-3.3896,-10.2357,-11.6091,-10.9848,-10.86,8,a,NO,NO.
still_real,data/videos_v3/int_333ms/v3_333_00314.avi,333,0,1,2.2562,-10.1567,-11.3432,-12.2784,-11.5293,8,a,YES,YES.
still_twin,data/twin_v3/v3_333_00314.avi,333,1,1,2.382,-10.0277,-11.2143,-12.149,-11.4625,8,a,YES,YES.
order_twin,data/twin_v3/v3_333_00314.avi,333,-1,0,-2.9992,-9.9099,-10.5336,-11.2213,-11.1585,8,a,NO,NO.
moved_solo_hit,data/videos_v3/int_333ms/v3_333_00314_soloa.avi,333,1,0,-3.2762,-10.3563,-11.6672,-10.9804,-10.8558,8,a,NO,NO.
moved_solo_fa,data/videos_v3/int_333ms/v3_333_00314_solob.avi,333,0,0,-3.6768,-10.1027,-11.6008,-10.8516,-10.727,8,a,NO,NO.
order_real,data/videos_v3/int_333ms/v3_333_00315.avi,333,1,0,-2.4849,-10.2001,-10.4489,-11.6361,-11.1362,8,a,NO,NO.
order_rev,data/videos_v3/int_333ms/v3_333_00315.avi,333,1,0,-0.8897,-8.1213,-10.62,-11.3695,-10.807,8,a,NO,NO.
order_forced,data/videos_v3/int_333ms/v3_333_00315.avi,333,1,1,-0.2497,-1.46,-1.2103,-7.2082,-8.4563,8,a,The,The blue triangle moved first.
interval,data/videos_v3/int_333ms/v3_333_00315.avi,333,A,B,,-1.5281,-1.2459,-1.5346,-1.4066,8,a,(B,(B) 1-2 seconds
order_32f,data/videos_v3/int_333ms/v3_333_00315.avi,333,1,0,-3.042,-9.8634,-10.4242,-11.7364,-10.9869,32,a,NO,NO.
moved_real,data/videos_v3/int_333ms/v3_333_00315.avi,333,1,0,-2.6506,-10.2026,-11.4505,-11.576,-10.7642,8,a,NO,NO.
moved_twin,data/twin_v3/v3_333_00315.avi,333,0,0,-2.7492,-10.3208,-11.5064,-11.6321,-10.8201,8,a,NO,NO.
still_real,data/videos_v3/int_333ms/v3_333_00315.avi,333,0,1,1.7739,-10.2099,-11.3339,-12.1439,-11.3949,8,a,YES,YES.
still_twin,data/twin_v3/v3_333_00315.avi,333,1,1,2.4998,-10.3054,-11.4919,-12.1766,-11.5519,8,a,YES,YES.
order_twin,data/twin_v3/v3_333_00315.avi,333,-1,0,-3.0962,-9.964,-10.525,-11.6499,-11.0873,8,a,NO,NO.
moved_solo_hit,data/videos_v3/int_333ms/v3_333_00315_soloa.avi,333,1,0,-2.6665,-10.2175,-11.4653,-11.591,-10.7166,8,a,NO,NO.
moved_solo_fa,data/videos_v3/int_333ms/v3_333_00315_solob.avi,333,0,0,-2.86,-10.1755,-11.4858,-11.6115,-10.7372,8,a,NO,NO.
order_real,data/videos_v3/int_333ms/v3_333_00316.avi,333,1,0,-0.6602,-9.9132,-10.099,-11.4111,-10.7864,8,b,NO,NO.
order_rev,data/videos_v3/int_333ms/v3_333_00316.avi,333,1,1,0.5595,-7.788,-10.3488,-11.2855,-10.7859,8,b,YES,YES.
order_forced,data/videos_v3/int_333ms/v3_333_00316.avi,333,1,1,-0.3748,-1.9067,-1.5319,-7.1553,-9.0261,8,b,The,The magenta triangle moved first.
interval,data/videos_v3/int_333ms/v3_333_00316.avi,333,A,B,,-1.6835,-1.0493,-1.4399,-1.563,8,b,(B,(B) 1-2 seconds
order_32f,data/videos_v3/int_333ms/v3_333_00316.avi,333,1,0,-1.3889,-9.9366,-10.1847,-11.6835,-10.8724,32,b,NO,NO.
moved_real,data/videos_v3/int_333ms/v3_333_00316.avi,333,1,0,-1.4274,-10.1217,-11.2441,-11.8063,-10.8706,8,b,NO,NO.
moved_twin,data/twin_v3/v3_333_00316.avi,333,0,0,-2.61,-10.3773,-11.563,-11.8753,-11.0639,8,b,NO,NO.
still_real,data/videos_v3/int_333ms/v3_333_00316.avi,333,0,0,-0.1278,-9.9242,-10.6109,-11.5463,-10.8597,8,b,NO,NO.
still_twin,data/twin_v3/v3_333_00316.avi,333,1,1,2.0112,-10.2894,-11.2885,-12.0982,-11.5986,8,b,YES,YES.
order_twin,data/twin_v3/v3_333_00316.avi,333,-1,0,-1.7825,-9.7664,-10.2649,-11.2647,-10.8268,8,b,NO,NO.
moved_solo_hit,data/videos_v3/int_333ms/v3_333_00316_solob.avi,333,1,0,-1.5351,-10.1261,-11.1866,-11.7482,-10.9371,8,b,NO,NO.
moved_solo_fa,data/videos_v3/int_333ms/v3_333_00316_soloa.avi,333,0,0,-1.9276,-10.3545,-11.5398,-11.9149,-11.041,8,b,NO,NO.
order_real,data/videos_v3/int_333ms/v3_333_00317.avi,333,1,0,-0.4103,-10.3156,-10.5015,-11.8125,-11.1886,8,a,NO,NO.
order_rev,data/videos_v3/int_333ms/v3_333_00317.avi,333,1,0,-0.1892,-8.4602,-10.8336,-11.7077,-11.208,8,a,NO,NO.
order_forced,data/videos_v3/int_333ms/v3_333_00317.avi,333,1,0,-0.375,-1.3421,-0.9671,-6.2168,-8.9657,8,a,B,B
interval,data/videos_v3/int_333ms/v3_333_00317.avi,333,A,A,,-1.2556,-1.2475,-1.6333,-1.507,8,a,(A,(A) Less than 1 second
order_32f,data/videos_v3/int_333ms/v3_333_00317.avi,333,1,0,-0.9004,-10.2242,-10.5352,-11.8467,-11.1601,32,a,NO,NO.
moved_real,data/videos_v3/int_333ms/v3_333_00317.avi,333,1,0,-0.658,-10.3269,-11.2624,-11.7618,-11.1379,8,a,NO,NO.
moved_twin,data/twin_v3/v3_333_00317.avi,333,0,0,-2.2615,-10.6317,-11.7544,-12.1295,-11.4428,8,a,NO,NO.
still_real,data/videos_v3/int_333ms/v3_333_00317.avi,333,0,0,-0.4985,-10.0814,-10.8302,-11.703,-11.0168,8,a,NO,NO.
still_twin,data/twin_v3/v3_333_00317.avi,333,1,1,2.152,-10.8236,-11.8846,-12.5691,-12.1951,8,a,YES,YES.
order_twin,data/twin_v3/v3_333_00317.avi,333,-1,0,-1.5497,-10.3266,-10.6372,-11.949,-11.3244,8,a,NO,NO.
moved_solo_hit,data/videos_v3/int_333ms/v3_333_00317_soloa.avi,333,1,0,-0.8861,-10.2534,-11.2517,-11.6889,-11.0646,8,a,NO,NO.
moved_solo_fa,data/videos_v3/int_333ms/v3_333_00317_solob.avi,333,0,0,-2.1479,-10.5922,-11.715,-12.0273,-11.4034,8,a,NO,NO.
order_real,data/videos_v3/int_333ms/v3_333_00318.avi,333,1,0,-1.0224,-10.5566,-10.6181,-11.8037,-11.4297,8,b,NO,NO.
order_rev,data/videos_v3/int_333ms/v3_333_00318.avi,333,1,0,-0.4072,-8.3041,-10.6778,-11.4266,-11.2394,8,b,NO,NO.
order_forced,data/videos_v3/int_333ms/v3_333_00318.avi,333,1,1,0.1251,-0.777,-0.9021,-3.777,-9.5265,8,b,A,A
interval,data/videos_v3/int_333ms/v3_333_00318.avi,333,A,A,,-1.0473,-1.537,-1.5508,-1.5492,8,b,(A,(A) Less than 1 second
order_32f,data/videos_v3/int_333ms/v3_333_00318.avi,333,1,0,-1.5004,-10.7448,-10.6816,-11.7429,-11.431,32,b,NO,NO.
moved_real,data/videos_v3/int_333ms/v3_333_00318.avi,333,1,0,-1.7611,-10.713,-11.5246,-12.0232,-11.462,8,b,NO,NO.
moved_twin,data/twin_v3/v3_333_00318.avi,333,0,0,-2.4906,-10.7628,-11.7619,-12.1361,-11.637,8,b,NO,NO.
still_real,data/videos_v3/int_333ms/v3_333_00318.avi,333,0,1,1.6518,-10.6803,-11.4299,-12.178,-11.866,8,b,YES,YES.
still_twin,data/twin_v3/v3_333_00318.avi,333,1,1,2.4999,-10.8806,-11.6931,-12.3785,-12.1287,8,b,YES,YES.
order_twin,data/twin_v3/v3_333_00318.avi,333,-1,0,-1.364,-10.5487,-10.7351,-11.7964,-11.4845,8,b,NO,NO.
moved_solo_hit,data/videos_v3/int_333ms/v3_333_00318_solob.avi,333,1,0,-2.3099,-10.7584,-11.6325,-12.1311,-11.6322,8,b,NO,NO.
moved_solo_fa,data/videos_v3/int_333ms/v3_333_00318_soloa.avi,333,0,0,-2.1575,-10.649,-11.6477,-11.9595,-11.523,8,b,NO,NO.
order_real,data/videos_v3/int_333ms/v3_333_00319.avi,333,0,0,-0.8027,-9.8428,-10.279,-11.1534,-10.9034,8,b,NO,NO.
order_rev,data/videos_v3/int_333ms/v3_333_00319.avi,333,0,0,-0.8203,-7.9633,-10.4619,-11.0866,-10.7741,8,b,NO,NO.
order_forced,data/videos_v3/int_333ms/v3_333_00319.avi,333,0,1,0.1251,-1.1503,-1.2754,-3.4002,-9.2736,8,b,The,The cyan square moved first.
interval,data/videos_v3/int_333ms/v3_333_00319.avi,333,A,A,,-1.3425,-1.2916,-1.5925,-1.5875,8,b,(A,(A) Less than 1 second
order_32f,data/videos_v3/int_333ms/v3_333_00319.avi,333,0,0,-1.4163,-9.8694,-10.3683,-11.2429,-10.8682,32,b,NO,NO.
moved_real,data/videos_v3/int_333ms/v3_333_00319.avi,333,1,0,-0.9181,-10.0296,-11.2155,-11.4027,-11.0281,8,b,NO,NO.
moved_twin,data/twin_v3/v3_333_00319.avi,333,0,0,-2.5231,-10.0378,-11.4112,-11.3488,-10.9115,8,b,NO,NO.
still_real,data/videos_v3/int_333ms/v3_333_00319.avi,333,0,0,-0.0528,-9.7637,-10.7004,-11.5111,-10.9494,8,b,NO,NO.
still_twin,data/twin_v3/v3_333_00319.avi,333,1,1,2.024,-10.0809,-11.2053,-12.0163,-11.5162,8,b,YES,YES.
order_twin,data/twin_v3/v3_333_00319.avi,333,-1,0,-2.4105,-9.8959,-10.5196,-11.2693,-11.0192,8,b,NO,NO.
moved_solo_hit,data/videos_v3/int_333ms/v3_333_00319_solob.avi,333,1,0,-1.7728,-9.9933,-11.2413,-11.3664,-10.9292,8,b,NO,NO.
moved_solo_fa,data/videos_v3/int_333ms/v3_333_00319_soloa.avi,333,0,0,-2.3891,-10.1634,-11.5993,-11.412,-11.0373,8,b,NO,NO.
order_real,data/videos_v3/int_333ms/v3_333_00320.avi,333,1,0,-2.3657,-10.1532,-10.5268,-11.4019,-11.1515,8,b,NO,NO.
order_rev,data/videos_v3/int_333ms/v3_333_00320.avi,333,1,0,-1.0414,-8.0815,-10.6421,-11.2045,-10.7668,8,b,NO,NO.
order_forced,data/videos_v3/int_333ms/v3_333_00320.avi,333,1,1,-0.1248,-1.4243,-1.2995,-5.9232,-8.6694,8,b,The,The blue triangle moved first.
interval,data/videos_v3/int_333ms/v3_333_00320.avi,333,A,B,,-1.5712,-1.171,-1.5777,-1.4462,8,b,(B,(B) 1-2 seconds
order_real,data/videos_v3/int_333ms/v3_333_00321.avi,333,1,0,-1.3779,-9.894,-10.3303,-11.3919,-10.7674,8,a,NO,NO.
order_rev,data/videos_v3/int_333ms/v3_333_00321.avi,333,1,0,-0.932,-7.704,-10.5774,-11.3269,-10.8267,8,a,NO,NO.
order_forced,data/videos_v3/int_333ms/v3_333_00321.avi,333,1,1,0.3752,-1.3666,-1.7418,-7.3649,-8.986,8,a,The,The red triangle moved first.
interval,data/videos_v3/int_333ms/v3_333_00321.avi,333,A,B,,-1.4452,-1.1815,-1.4502,-1.5721,8,a,(B,(B) 1-2 seconds
order_real,data/videos_v3/int_333ms/v3_333_00322.avi,333,1,0,-1.2209,-9.8657,-10.239,-11.3638,-10.9263,8,b,NO,NO.
order_rev,data/videos_v3/int_333ms/v3_333_00322.avi,333,1,0,-1.2526,-7.4224,-10.4209,-11.1707,-10.6707,8,b,NO,NO.
order_forced,data/videos_v3/int_333ms/v3_333_00322.avi,333,1,1,-0.2498,-1.7124,-1.4626,-5.9613,-8.7068,8,b,The,The blue circle moved first.
interval,data/videos_v3/int_333ms/v3_333_00322.avi,333,A,B,,-1.4525,-1.185,-1.457,-1.5799,8,b,(B,(B) 1-2 seconds
order_real,data/videos_v3/int_333ms/v3_333_00323.avi,333,0,0,-0.6951,-9.9394,-10.2505,-11.2498,-10.9376,8,b,NO,NO.
order_rev,data/videos_v3/int_333ms/v3_333_00323.avi,333,0,0,-0.307,-7.6745,-10.2358,-11.0478,-10.7974,8,b,NO,NO.
order_forced,data/videos_v3/int_333ms/v3_333_00323.avi,333,0,1,-0.2498,-1.8731,-1.6233,-3.9978,-8.8679,8,b,The,The cyan circle moved first.
interval,data/videos_v3/int_333ms/v3_333_00323.avi,333,A,B,,-1.4506,-1.1831,-1.4551,-1.5756,8,b,(B,(B) 1-2 seconds
order_real,data/videos_v3/int_333ms/v3_333_00324.avi,333,1,0,-1.6233,-9.9764,-10.4749,-11.537,-11.037,8,a,NO,NO.
order_rev,data/videos_v3/int_333ms/v3_333_00324.avi,333,1,0,-0.4196,-7.7394,-10.675,-11.3626,-10.987,8,a,NO,NO.
order_forced,data/videos_v3/int_333ms/v3_333_00324.avi,333,1,1,0.0002,-1.2678,-1.268,-7.6395,-8.8868,8,a,The,The green triangle moved first.
interval,data/videos_v3/int_333ms/v3_333_00324.avi,333,A,A,,-1.2825,-1.2316,-1.7775,-1.7719,8,a,(A,(A) Less than 1 second
order_real,data/videos_v3/int_333ms/v3_333_00325.avi,333,0,0,-2.1105,-10.1393,-10.6381,-11.3254,-11.138,8,b,NO,NO.
order_rev,data/videos_v3/int_333ms/v3_333_00325.avi,333,0,0,-1.1695,-8.2548,-10.5656,-11.0657,-10.8778,8,b,NO,NO.
order_forced,data/videos_v3/int_333ms/v3_333_00325.avi,333,0,0,-0.1248,-1.4221,-1.2973,-4.1718,-8.9185,8,b,The,The magenta circle moved first.
interval,data/videos_v3/int_333ms/v3_333_00325.avi,333,A,A,,-1.2538,-1.3502,-1.6288,-1.5004,8,b,(A,(A) Less than 1 second
order_real,data/videos_v3/int_333ms/v3_333_00326.avi,333,0,0,-1.1395,-10.1157,-10.3645,-11.6134,-10.9264,8,a,NO,NO.
order_rev,data/videos_v3/int_333ms/v3_333_00326.avi,333,0,0,-0.5651,-8.2269,-10.5383,-11.3498,-10.7877,8,a,NO,NO.
order_forced,data/videos_v3/int_333ms/v3_333_00326.avi,333,0,0,-0.2498,-1.7897,-1.5399,-5.6642,-8.6604,8,a,The,The yellow circle moved first.
interval,data/videos_v3/int_333ms/v3_333_00326.avi,333,A,B,,-1.3743,-1.2385,-1.502,-1.4993,8,a,(B,(B) 1-2 seconds
order_real,data/videos_v3/int_333ms/v3_333_00327.avi,333,1,0,-2.3521,-10.4247,-10.8609,-11.7359,-11.5485,8,b,NO,NO.
order_rev,data/videos_v3/int_333ms/v3_333_00327.avi,333,1,0,-1.2833,-7.6978,-10.5714,-11.3216,-11.1961,8,b,NO,NO.
order_forced,data/videos_v3/int_333ms/v3_333_00327.avi,333,1,0,-0.1249,-1.1451,-1.0202,-3.6451,-9.8939,8,b,B,B
interval,data/videos_v3/int_333ms/v3_333_00327.avi,333,A,A,,-1.2554,-1.3445,-1.6398,-1.6304,8,b,(A,(A) Less than 1 second
order_real,data/videos_v3/int_333ms/v3_333_00328.avi,333,1,0,-1.4552,-9.8382,-10.2744,-11.4612,-10.8364,8,b,NO,NO.
order_rev,data/videos_v3/int_333ms/v3_333_00328.avi,333,1,0,-1.0409,-8.2052,-10.4542,-11.3284,-10.7038,8,b,NO,NO.
order_forced,data/videos_v3/int_333ms/v3_333_00328.avi,333,1,1,-0.3748,-1.8934,-1.5186,-7.6424,-9.1413,8,b,The,The green square moved first.
interval,data/videos_v3/int_333ms/v3_333_00328.avi,333,A,B,,-1.4767,-1.1945,-1.4832,-1.6017,8,b,(B,(B) 1-2 seconds
order_real,data/videos_v3/int_333ms/v3_333_00329.avi,333,1,0,-1.5142,-9.8526,-9.9766,-11.1012,-10.8508,8,b,NO,NO.
order_rev,data/videos_v3/int_333ms/v3_333_00329.avi,333,1,0,-1.2644,-8.0269,-10.4008,-11.0257,-10.7131,8,b,NO,NO.
order_forced,data/videos_v3/int_333ms/v3_333_00329.avi,333,1,1,-0.2498,-1.6477,-1.3979,-5.1472,-8.6453,8,b,The,The blue square moved first.
interval,data/videos_v3/int_333ms/v3_333_00329.avi,333,A,B,,-1.4831,-1.2045,-1.4934,-1.6081,8,b,(B,(B) 1-2 seconds
order_real,data/videos_v3/int_333ms/v3_333_00330.avi,333,0,0,-1.624,-10.1897,-10.6885,-11.6877,-11.2507,8,a,NO,NO.
order_rev,data/videos_v3/int_333ms/v3_333_00330.avi,333,0,0,-0.6819,-8.1562,-10.655,-11.3422,-10.9672,8,a,NO,NO.
order_forced,data/videos_v3/int_333ms/v3_333_00330.avi,333,0,1,0.0001,-1.1242,-1.1243,-7.2481,-9.7468,8,a,A,A
interval,data/videos_v3/int_333ms/v3_333_00330.avi,333,A,A,,-1.2574,-1.3422,-1.6324,-1.5074,8,a,(A,(A) Less than 1 second
order_real,data/videos_v3/int_333ms/v3_333_00331.avi,333,1,0,-0.9365,-10.0898,-10.3387,-11.6498,-10.8386,8,b,NO,NO.
order_rev,data/videos_v3/int_333ms/v3_333_00331.avi,333,1,0,-0.0653,-7.5628,-10.5612,-11.56,-10.8731,8,b,NO,NO.
order_forced,data/videos_v3/int_333ms/v3_333_00331.avi,333,1,1,-0.4996,-2.5181,-2.0185,-7.8911,-9.8854,8,b,The,The green triangle moved first.
interval,data/videos_v3/int_333ms/v3_333_00331.avi,333,A,B,,-1.5472,-1.0438,-1.4246,-1.6746,8,b,(B,(B) 1-2 seconds
order_real,data/videos_v3/int_333ms/v3_333_00332.avi,333,0,0,-1.1279,-10.0733,-10.5092,-11.7582,-11.0093,8,a,NO,NO.
order_rev,data/videos_v3/int_333ms/v3_333_00332.avi,333,0,0,-0.6503,-7.931,-10.492,-11.4289,-10.8044,8,a,NO,NO.
order_forced,data/videos_v3/int_333ms/v3_333_00332.avi,333,0,1,-0.2499,-1.3979,-1.148,-5.6476,-8.6457,8,a,The,The magenta circle moved first.
interval,data/videos_v3/int_333ms/v3_333_00332.avi,333,A,A,,-1.193,-1.3077,-1.5715,-1.5699,8,a,(A,(A) Less than 1 second
order_real,data/videos_v3/int_333ms/v3_333_00333.avi,333,0,0,-1.8893,-10.1651,-10.4763,-11.4757,-10.9763,8,b,NO,NO.
order_rev,data/videos_v3/int_333ms/v3_333_00333.avi,333,0,0,-0.5571,-8.0742,-10.5103,-11.1345,-10.76,8,b,NO,NO.
order_forced,data/videos_v3/int_333ms/v3_333_00333.avi,333,0,1,-0.1249,-1.5456,-1.4207,-3.9205,-9.0437,8,b,The,The magenta circle moved first.
interval,data/videos_v3/int_333ms/v3_333_00333.avi,333,A,A,,-1.2191,-1.3357,-1.5962,-1.4712,8,b,(A,(A) Less than 1 second
order_real,data/videos_v3/int_333ms/v3_333_00334.avi,333,1,0,-1.2353,-9.9698,-10.3435,-11.4056,-10.8433,8,b,NO,NO.
order_rev,data/videos_v3/int_333ms/v3_333_00334.avi,333,1,0,-0.9244,-7.9712,-10.532,-11.2819,-10.7817,8,b,NO,NO.
order_forced,data/videos_v3/int_333ms/v3_333_00334.avi,333,1,1,-0.2496,-1.7238,-1.4742,-6.3471,-8.8422,8,b,The,The green triangle moved first.
interval,data/videos_v3/int_333ms/v3_333_00334.avi,333,A,B,,-1.4988,-1.1014,-1.5012,-1.6211,8,b,(B,(B) 1-2 seconds
order_real,data/videos_v3/int_333ms/v3_333_00335.avi,333,0,0,-1.3604,-10.0661,-10.5649,-11.5021,-11.3144,8,b,NO,NO.
order_rev,data/videos_v3/int_333ms/v3_333_00335.avi,333,0,0,-0.9193,-7.9441,-10.6304,-11.4426,-11.0051,8,b,NO,NO.
order_forced,data/videos_v3/int_333ms/v3_333_00335.avi,333,0,1,-0.1249,-1.2458,-1.1209,-6.1206,-9.6194,8,b,The,The magenta square moved first.
interval,data/videos_v3/int_333ms/v3_333_00335.avi,333,A,A,,-1.2916,-1.2633,-1.5455,-1.6666,8,b,(A,(A) Less than 1 second
order_real,data/videos_v3/int_333ms/v3_333_00336.avi,333,0,0,-1.0114,-9.9336,-10.2448,-11.0571,-10.8069,8,b,NO,NO.
order_rev,data/videos_v3/int_333ms/v3_333_00336.avi,333,0,0,-0.6398,-7.9513,-10.6373,-10.8874,-10.762,8,b,NO,NO.
order_forced,data/videos_v3/int_333ms/v3_333_00336.avi,333,0,1,0.2502,-1.2636,-1.5138,-5.263,-8.5098,8,b,The,The green triangle moved first.
interval,data/videos_v3/int_333ms/v3_333_00336.avi,333,A,B,,-1.3299,-1.1798,-1.5834,-1.701,8,b,(B,(B) 1-2 seconds
order_real,data/videos_v3/int_333ms/v3_333_00337.avi,333,1,0,-1.2526,-9.9829,-10.2316,-11.1065,-10.919,8,a,NO,NO.
order_rev,data/videos_v3/int_333ms/v3_333_00337.avi,333,1,0,-0.61,-7.587,-10.4604,-11.2101,-10.7726,8,a,NO,NO.
order_forced,data/videos_v3/int_333ms/v3_333_00337.avi,333,1,1,-0.3747,-2.2274,-1.8527,-5.2271,-9.2234,8,a,The,The cyan square moved first.
interval,data/videos_v3/int_333ms/v3_333_00337.avi,333,A,B,,-1.4902,-1.1089,-1.369,-1.7423,8,a,(B,(B) 1-2 seconds
order_real,data/videos_v3/int_333ms/v3_333_00338.avi,333,1,0,0.0804,-10.0302,-10.4667,-11.5281,-11.1534,8,b,NO,NO.
order_rev,data/videos_v3/int_333ms/v3_333_00338.avi,333,1,0,-0.4162,-7.7839,-10.5949,-11.282,-10.9069,8,b,NO,NO.
order_forced,data/videos_v3/int_333ms/v3_333_00338.avi,333,1,1,0.125,-1.2855,-1.4105,-5.1603,-9.5329,8,b,The,The magenta circle moved first.
interval,data/videos_v3/int_333ms/v3_333_00338.avi,333,A,A,,-1.3045,-1.2793,-1.561,-1.5545,8,b,(A,(A) Less than 1 second
order_real,data/videos_v3/int_333ms/v3_333_00339.avi,333,0,0,-1.7528,-9.9539,-10.3271,-11.2645,-10.952,8,a,NO,NO.
order_rev,data/videos_v3/int_333ms/v3_333_00339.avi,333,0,0,-0.23,-8.0048,-10.5031,-11.1274,-10.6903,8,a,NO,NO.
order_forced,data/videos_v3/int_333ms/v3_333_00339.avi,333,0,0,0.1252,-1.6305,-1.7557,-4.7551,-8.7506,8,a,The,The magenta circle moved first.
interval,data/videos_v3/int_333ms/v3_333_00339.avi,333,A,B,,-1.3695,-1.1073,-1.4976,-1.7445,8,a,(B,(B) 1-2 seconds
order_real,data/videos_v3/int_333ms/v3_333_00340.avi,333,1,0,-0.2754,-10.1364,-10.3227,-11.5716,-10.8848,8,b,NO,NO.
order_rev,data/videos_v3/int_333ms/v3_333_00340.avi,333,1,0,-0.5492,-7.716,-10.4645,-11.4011,-10.7764,8,b,NO,NO.
order_forced,data/videos_v3/int_333ms/v3_333_00340.avi,333,1,1,0.1253,-2.0575,-2.1828,-7.8061,-9.5512,8,b,The,The red triangle moved first.
interval,data/videos_v3/int_333ms/v3_333_00340.avi,333,A,B,,-1.6494,-1.0194,-1.4038,-1.6529,8,b,(B,(B) 1-2 seconds
order_real,data/videos_v3/int_333ms/v3_333_00341.avi,333,1,0,-1.157,-9.8171,-10.1908,-10.9404,-10.7532,8,b,NO,NO.
order_rev,data/videos_v3/int_333ms/v3_333_00341.avi,333,1,0,-0.4402,-7.5245,-10.3983,-11.1475,-10.7725,8,b,NO,NO.
order_forced,data/videos_v3/int_333ms/v3_333_00341.avi,333,1,1,0.1256,-1.6605,-1.7861,-3.4106,-8.1553,8,b,The,The cyan circle moved first.
interval,data/videos_v3/int_333ms/v3_333_00341.avi,333,A,B,,-1.2914,-1.1489,-1.5438,-1.7914,8,b,(B,(B) 1-2 seconds
order_real,data/videos_v3/int_333ms/v3_333_00342.avi,333,0,0,-0.6694,-10.0224,-10.3336,-11.0835,-10.8335,8,a,NO,NO.
order_rev,data/videos_v3/int_333ms/v3_333_00342.avi,333,0,0,-0.4006,-7.8989,-10.6472,-10.9598,-10.8344,8,a,NO,NO.
order_forced,data/videos_v3/int_333ms/v3_333_00342.avi,333,0,1,0.1253,-1.2961,-1.4214,-4.1707,-8.5409,8,a,The,The green triangle moved first.
interval,data/videos_v3/int_333ms/v3_333_00342.avi,333,A,B,,-1.3752,-1.2139,-1.5075,-1.7458,8,a,(B,(B) 1-2 seconds
order_real,data/videos_v3/int_333ms/v3_333_00343.avi,333,1,0,-1.7648,-9.997,-10.4957,-11.4331,-10.9954,8,b,NO,NO.
order_rev,data/videos_v3/int_333ms/v3_333_00343.avi,333,1,0,-0.5769,-7.9445,-10.5052,-11.1923,-10.8172,8,b,NO,NO.
order_forced,data/videos_v3/int_333ms/v3_333_00343.avi,333,1,1,0.0003,-1.3413,-1.3416,-5.4653,-8.335,8,b,The,The magenta triangle moved first.
interval,data/videos_v3/int_333ms/v3_333_00343.avi,333,A,B,,-1.4652,-1.1899,-1.4703,-1.5902,8,b,(B,(B) 1-2 seconds
order_real,data/videos_v3/int_333ms/v3_333_00344.avi,333,0,0,-1.6394,-9.831,-10.1422,-11.2044,-10.7041,8,b,NO,NO.
order_rev,data/videos_v3/int_333ms/v3_333_00344.avi,333,0,0,-1.0254,-7.944,-10.4426,-11.2545,-10.7541,8,b,NO,NO.
order_forced,data/videos_v3/int_333ms/v3_333_00344.avi,333,0,1,0.1252,-1.4181,-1.5433,-7.6662,-8.7893,8,b,The,The red triangle moved first.
interval,data/videos_v3/int_333ms/v3_333_00344.avi,333,A,B,,-1.5509,-1.1604,-1.4315,-1.5549,8,b,(B,(B) 1-2 seconds
order_real,data/videos_v3/int_333ms/v3_333_00345.avi,333,0,0,-0.4195,-9.9874,-10.4239,-11.5483,-11.1108,8,a,NO,NO.
order_rev,data/videos_v3/int_333ms/v3_333_00345.avi,333,0,0,-0.1748,-7.8703,-10.6187,-11.4309,-10.9308,8,a,NO,NO.
order_forced,data/videos_v3/int_333ms/v3_333_00345.avi,333,0,1,-0.1248,-1.4158,-1.291,-6.6643,-8.7848,8,a,The,The green triangle moved first.
interval,data/videos_v3/int_333ms/v3_333_00345.avi,333,A,B,,-1.3344,-1.1843,-1.5879,-1.7055,8,a,(B,(B) 1-2 seconds
order_real,data/videos_v3/int_333ms/v3_333_00346.avi,333,1,0,-1.5323,-9.804,-10.3648,-11.1772,-10.8025,8,b,NO,NO.
order_rev,data/videos_v3/int_333ms/v3_333_00346.avi,333,1,0,-0.7996,-7.5087,-10.507,-11.1319,-10.819,8,b,NO,NO.
order_forced,data/videos_v3/int_333ms/v3_333_00346.avi,333,1,1,0.1251,-1.3416,-1.4667,-6.3406,-8.588,8,b,The,The magenta circle moved first.
interval,data/videos_v3/int_333ms/v3_333_00346.avi,333,A,B,,-1.386,-1.2251,-1.5204,-1.641,8,b,(B,(B) 1-2 seconds
order_real,data/videos_v3/int_333ms/v3_333_00347.avi,333,0,0,-1.3739,-9.7372,-10.2982,-11.2356,-10.8604,8,b,NO,NO.
order_rev,data/videos_v3/int_333ms/v3_333_00347.avi,333,0,0,-0.5253,-7.7257,-10.599,-11.2238,-10.911,8,b,NO,NO.
order_forced,data/videos_v3/int_333ms/v3_333_00347.avi,333,0,1,0.0002,-1.4407,-1.4409,-5.815,-8.4369,8,b,The,The magenta circle moved first.
interval,data/videos_v3/int_333ms/v3_333_00347.avi,333,A,A,,-1.2347,-1.3238,-1.6097,-1.6041,8,b,(A,(A) Less than 1 second
order_real,data/videos_v3/int_333ms/v3_333_00348.avi,333,0,0,-0.7756,-9.8898,-10.3259,-11.2005,-10.888,8,b,NO,NO.
order_rev,data/videos_v3/int_333ms/v3_333_00348.avi,333,0,0,-1.1504,-7.7879,-10.5365,-11.0987,-10.7858,8,b,NO,NO.
order_forced,data/videos_v3/int_333ms/v3_333_00348.avi,333,0,1,0.2502,-1.317,-1.5672,-6.6909,-9.3129,8,b,The,The red circle moved first.
interval,data/videos_v3/int_333ms/v3_333_00348.avi,333,A,B,,-1.4332,-1.162,-1.5656,-1.5621,8,b,(B,(B) 1-2 seconds
order_real,data/videos_v3/int_333ms/v3_333_00349.avi,333,0,0,-1.999,-9.8256,-10.3866,-11.5113,-10.949,8,b,NO,NO.
order_rev,data/videos_v3/int_333ms/v3_333_00349.avi,333,0,0,-0.4517,-7.7402,-10.5512,-11.2385,-10.8631,8,b,NO,NO.
order_forced,data/videos_v3/int_333ms/v3_333_00349.avi,333,0,0,-0.2497,-1.5237,-1.274,-6.8965,-8.1445,8,b,The,The green triangle moved first.
interval,data/videos_v3/int_333ms/v3_333_00349.avi,333,A,B,,-1.3612,-1.2043,-1.6156,-1.6112,8,b,(B,(B) 1-2 seconds
order_real,data/videos_v3/int_333ms/v3_333_00350.avi,333,0,0,-1.4103,-9.7189,-10.0297,-11.0918,-10.6544,8,b,NO,NO.
order_rev,data/videos_v3/int_333ms/v3_333_00350.avi,333,0,0,0.0304,-7.9573,-10.4558,-11.0179,-10.7049,8,b,NO,NO.
order_forced,data/videos_v3/int_333ms/v3_333_00350.avi,333,0,1,0.0002,-1.27,-1.2702,-7.3934,-8.3917,8,b,The,The blue triangle moved first.
interval,data/videos_v3/int_333ms/v3_333_00350.avi,333,A,A,,-1.3034,-1.2462,-1.6784,-1.6665,8,b,(A,(A) Less than 1 second
order_real,data/videos_v3/int_333ms/v3_333_00351.avi,333,0,0,-1.1823,-10.1379,-10.5741,-11.698,-11.1987,8,b,NO,NO.
order_rev,data/videos_v3/int_333ms/v3_333_00351.avi,333,0,0,-0.6694,-8.022,-10.7705,-11.5827,-11.1452,8,b,NO,NO.
order_forced,data/videos_v3/int_333ms/v3_333_00351.avi,333,0,1,0.1251,-1.0932,-1.2183,-4.9679,-8.966,8,b,A,A
interval,data/videos_v3/int_333ms/v3_333_00351.avi,333,A,A,,-1.1981,-1.4306,-1.5795,-1.4481,8,b,(A,(A) Less than 1 second
order_real,data/videos_v3/int_333ms/v3_333_00352.avi,333,0,0,-0.6502,-9.9307,-10.367,-11.4283,-10.8664,8,b,NO,NO.
order_rev,data/videos_v3/int_333ms/v3_333_00352.avi,333,0,1,0.2084,-7.9544,-10.6403,-11.2647,-10.8272,8,b,YES,YES.
order_forced,data/videos_v3/int_333ms/v3_333_00352.avi,333,0,0,-0.1247,-1.6841,-1.5594,-6.4329,-8.3042,8,b,The,The yellow triangle moved first.
interval,data/videos_v3/int_333ms/v3_333_00352.avi,333,A,B,,-1.2974,-1.1527,-1.5502,-1.7974,8,b,(B,(B) 1-2 seconds
order_real,data/videos_v3/int_333ms/v3_333_00353.avi,333,1,0,-2.8107,-10.163,-10.5993,-11.599,-11.1615,8,a,NO,NO.
order_rev,data/videos_v3/int_333ms/v3_333_00353.avi,333,1,0,-1.0571,-7.922,-10.5452,-11.1701,-10.7947,8,a,NO,NO.
order_forced,data/videos_v3/int_333ms/v3_333_00353.avi,333,1,1,-0.1248,-1.4898,-1.365,-6.6128,-8.7345,8,a,The,The red triangle moved first.
interval,data/videos_v3/int_333ms/v3_333_00353.avi,333,A,B,,-1.4236,-1.2735,-1.5551,-1.4271,8,a,(B,(B) 1-2 seconds
order_real,data/videos_v3/int_333ms/v3_333_00354.avi,333,0,0,-0.7199,-9.9393,-10.0629,-10.9999,-10.8756,8,b,NO,NO.
order_rev,data/videos_v3/int_333ms/v3_333_00354.avi,333,0,0,0.066,-7.77,-10.3932,-11.2675,-10.8931,8,b,NO,NO.
order_forced,data/videos_v3/int_333ms/v3_333_00354.avi,333,0,1,-0.4994,-2.4368,-1.9374,-4.6866,-9.1804,8,b,The,The cyan triangle moved first.
interval,data/videos_v3/int_333ms/v3_333_00354.avi,333,A,B,,-1.4357,-1.0543,-1.4401,-1.8151,8,b,(B,(B) 1-2 seconds
order_real,data/videos_v3/int_333ms/v3_333_00355.avi,333,0,0,-1.014,-9.8361,-10.2722,-11.1469,-10.7096,8,a,NO,NO.
order_rev,data/videos_v3/int_333ms/v3_333_00355.avi,333,0,0,-0.432,-7.872,-10.4958,-11.1203,-10.87,8,a,NO,NO.
order_forced,data/videos_v3/int_333ms/v3_333_00355.avi,333,0,1,0.1255,-1.8105,-1.936,-4.0604,-8.5552,8,a,The,The red circle moved first.
interval,data/videos_v3/int_333ms/v3_333_00355.avi,333,A,B,,-1.4679,-1.0798,-1.4724,-1.7179,8,a,(B,(B) 1-2 seconds
order_real,data/videos_v3/int_333ms/v3_333_00356.avi,333,1,0,-0.628,-9.8485,-10.2221,-11.0967,-10.7842,8,b,NO,NO.
order_rev,data/videos_v3/int_333ms/v3_333_00356.avi,333,1,0,-0.4248,-8.1397,-10.7004,-11.2003,-10.8253,8,b,NO,NO.
order_forced,data/videos_v3/int_333ms/v3_333_00356.avi,333,1,1,0.0001,-1.3156,-1.3157,-6.8144,-9.3105,8,b,The,The magenta triangle moved first.
interval,data/videos_v3/int_333ms/v3_333_00356.avi,333,A,B,,-1.4424,-1.1641,-1.4498,-1.6924,8,b,(B,(B) 1-2 seconds
order_real,data/videos_v3/int_333ms/v3_333_00357.avi,333,1,0,-1.1604,-10.0186,-10.4548,-11.3293,-11.1418,8,b,NO,NO.
order_rev,data/videos_v3/int_333ms/v3_333_00357.avi,333,1,0,-0.7943,-8.1069,-10.6681,-11.3553,-11.0426,8,b,NO,NO.
order_forced,data/videos_v3/int_333ms/v3_333_00357.avi,333,1,1,0.2501,-1.1184,-1.3685,-3.3684,-9.366,8,b,The,The cyan circle moved first.
interval,data/videos_v3/int_333ms/v3_333_00357.avi,333,A,A,,-1.2195,-1.3193,-1.601,-1.5945,8,b,(A,(A) Less than 1 second
order_real,data/videos_v3/int_333ms/v3_333_00358.avi,333,0,0,-1.1393,-9.9291,-10.3027,-11.4893,-10.8649,8,a,NO,NO.
order_rev,data/videos_v3/int_333ms/v3_333_00358.avi,333,0,0,-0.7821,-7.5474,-10.5458,-11.2332,-10.7953,8,a,NO,NO.
order_forced,data/videos_v3/int_333ms/v3_333_00358.avi,333,0,1,0.1255,-1.639,-1.7645,-6.7618,-8.7565,8,a,The,The green square moved first.
interval,data/videos_v3/int_333ms/v3_333_00358.avi,333,A,B,,-1.5949,-1.0818,-1.4744,-1.5949,8,a,(B,(B) 1-2 seconds
order_real,data/videos_v3/int_333ms/v3_333_00359.avi,333,1,0,-1.7029,-10.0063,-10.4425,-11.5045,-11.1295,8,b,NO,NO.
order_rev,data/videos_v3/int_333ms/v3_333_00359.avi,333,1,0,-0.9245,-7.8464,-10.4076,-11.1574,-10.9069,8,b,NO,NO.
order_forced,data/videos_v3/int_333ms/v3_333_00359.avi,333,1,0,-0.3749,-1.3516,-0.9767,-6.6007,-9.2238,8,b,B,B
interval,data/videos_v3/int_333ms/v3_333_00359.avi,333,A,A,,-1.277,-1.3701,-1.6564,-1.527,8,b,(A,(A) Less than 1 second
order_real,data/videos_v3/int_333ms/v3_333_00360.avi,333,1,0,-0.6746,-9.8593,-10.1706,-11.1073,-10.7952,8,a,NO,NO.
order_rev,data/videos_v3/int_333ms/v3_333_00360.avi,333,1,0,-1.0409,-7.7046,-10.3905,-11.0778,-10.6404,8,a,NO,NO.
order_forced,data/videos_v3/int_333ms/v3_333_00360.avi,333,1,1,0.0003,-1.5893,-1.5896,-3.8391,-8.9594,8,a,The,The cyan circle moved first.
interval,data/videos_v3/int_333ms/v3_333_00360.avi,333,A,B,,-1.3113,-1.0476,-1.4413,-2.0613,8,a,(B,(B) 1-2 seconds
order_real,data/videos_v3/int_333ms/v3_333_00361.avi,333,1,0,-2.3654,-10.214,-10.6499,-11.7748,-11.3998,8,a,NO,NO.
order_rev,data/videos_v3/int_333ms/v3_333_00361.avi,333,1,0,-1.0571,-7.9214,-10.6074,-11.4197,-11.0444,8,a,NO,NO.
order_forced,data/videos_v3/int_333ms/v3_333_00361.avi,333,1,0,-0.2499,-1.2284,-0.9785,-6.1028,-9.4759,8,a,B,B
interval,data/videos_v3/int_333ms/v3_333_00361.avi,333,A,A,,-1.3335,-1.3147,-1.59,-1.4585,8,a,(A,(A) Less than 1 second
order_real,data/videos_v3/int_333ms/v3_333_00362.avi,333,1,0,-0.0441,-9.9674,-10.1537,-11.0907,-10.841,8,a,NO,NO.
order_rev,data/videos_v3/int_333ms/v3_333_00362.avi,333,1,1,0.3108,-7.5947,-10.406,-10.7806,-10.7804,8,a,YES,YES.
order_forced,data/videos_v3/int_333ms/v3_333_00362.avi,333,1,1,-0.2497,-2.2985,-2.0488,-5.7982,-9.4197,8,a,The,The green triangle moved first.
interval,data/videos_v3/int_333ms/v3_333_00362.avi,333,A,B,,-1.6031,-1.0992,-1.3558,-1.6058,8,a,(B,(B) 1-2 seconds
order_real,data/videos_v3/int_333ms/v3_333_00363.avi,333,0,0,-0.8898,-10.1203,-10.4939,-11.4307,-11.1808,8,a,NO,NO.
order_rev,data/videos_v3/int_333ms/v3_333_00363.avi,333,0,0,-0.5227,-8.1543,-10.6528,-11.2774,-11.0272,8,a,NO,NO.
order_forced,data/videos_v3/int_333ms/v3_333_00363.avi,333,0,1,0.25,-0.8205,-1.0705,-3.0704,-9.0698,8,a,A,A
interval,data/videos_v3/int_333ms/v3_333_00363.avi,333,A,A,,-1.0362,-1.3945,-1.7862,-1.5392,8,a,(A,(A) Less than 1 second
order_real,data/videos_v3/int_333ms/v3_333_00364.avi,333,1,0,-1.7352,-9.8151,-10.3135,-11.1261,-10.7509,8,a,NO,NO.
order_rev,data/videos_v3/int_333ms/v3_333_00364.avi,333,1,0,-1.6503,-7.5622,-10.6234,-11.1233,-10.8728,8,a,NO,NO.
order_forced,data/videos_v3/int_333ms/v3_333_00364.avi,333,1,1,0.1252,-1.6464,-1.7716,-4.1461,-8.7665,8,a,The,The green circle moved first.
interval,data/videos_v3/int_333ms/v3_333_00364.avi,333,A,B,,-1.3318,-1.1893,-1.5842,-1.5819,8,a,(B,(B) 1-2 seconds
order_real,data/videos_v3/int_333ms/v3_333_00365.avi,333,1,0,-1.5954,-10.104,-10.5402,-11.4771,-11.1023,8,a,NO,NO.
order_rev,data/videos_v3/int_333ms/v3_333_00365.avi,333,1,0,-1.1502,-7.9116,-10.5353,-11.16,-10.8471,8,a,NO,NO.
order_forced,data/videos_v3/int_333ms/v3_333_00365.avi,333,1,0,-0.1248,-1.6234,-1.4986,-4.1231,-9.2443,8,a,The,The red circle moved first.
interval,data/videos_v3/int_333ms/v3_333_00365.avi,333,A,A,,-1.305,-1.2853,-1.5601,-1.552,8,a,(A,(A) Less than 1 second
order_real,data/videos_v3/int_333ms/v3_333_00366.avi,333,1,0,-1.3029,-10.0252,-10.4614,-11.5233,-11.0861,8,b,NO,NO.
order_rev,data/videos_v3/int_333ms/v3_333_00366.avi,333,1,0,-0.4513,-7.956,-10.5794,-11.3288,-10.9541,8,b,NO,NO.
order_forced,data/videos_v3/int_333ms/v3_333_00366.avi,333,1,1,0.1251,-1.0361,-1.1612,-6.6606,-9.4094,8,b,A,A
interval,data/videos_v3/int_333ms/v3_333_00366.avi,333,A,A,,-1.2887,-1.3818,-1.6681,-1.5431,8,b,(A,(A) Less than 1 second
order_real,data/videos_v3/int_333ms/v3_333_00367.avi,333,0,0,-1.1358,-10.0001,-10.3736,-11.6855,-10.9984,8,a,NO,NO.
order_rev,data/videos_v3/int_333ms/v3_333_00367.avi,333,0,0,-0.9984,-7.7006,-10.4491,-11.3236,-10.7613,8,a,NO,NO.
order_forced,data/videos_v3/int_333ms/v3_333_00367.avi,333,0,1,-0.2499,-1.7113,-1.4614,-6.4605,-9.5824,8,a,The,The blue circle moved first.
interval,data/videos_v3/int_333ms/v3_333_00367.avi,333,A,B,,-1.3986,-1.2414,-1.5301,-1.5197,8,a,(B,(B) 1-2 seconds
order_real,data/videos_v3/int_333ms/v3_333_00368.avi,333,0,0,-2.1279,-10.0319,-10.5929,-11.4054,-11.0302,8,a,NO,NO.
order_rev,data/videos_v3/int_333ms/v3_333_00368.avi,333,0,0,-0.8216,-8.1277,-10.6887,-11.1884,-10.8132,8,a,NO,NO.
order_forced,data/videos_v3/int_333ms/v3_333_00368.avi,333,0,0,0.0003,-1.5235,-1.5238,-6.7715,-8.7687,8,a,The,The yellow circle moved first.
interval,data/videos_v3/int_333ms/v3_333_00368.avi,333,A,B,,-1.4343,-1.162,-1.5624,-1.5593,8,a,(B,(B) 1-2 seconds
order_real,data/videos_v3/int_333ms/v3_333_00369.avi,333,0,0,-2.3741,-10.0993,-10.535,-11.4726,-11.1602,8,a,NO,NO.
order_rev,data/videos_v3/int_333ms/v3_333_00369.avi,333,0,0,-1.4166,-7.8708,-10.6819,-10.9946,-10.9316,8,a,NO,NO.
order_forced,data/videos_v3/int_333ms/v3_333_00369.avi,333,0,1,0.0001,-1.2933,-1.2934,-4.6679,-8.7905,8,a,The,The blue circle moved first.
interval,data/videos_v3/int_333ms/v3_333_00369.avi,333,A,A,,-1.3178,-1.4065,-1.5752,-1.4428,8,a,(A,(A) Less than 1 second
order_real,data/videos_v3/int_333ms/v3_333_00370.avi,333,0,0,-1.7508,-9.8342,-10.2078,-10.8331,-10.77,8,a,NO,NO.
order_rev,data/videos_v3/int_333ms/v3_333_00370.avi,333,0,0,-1.0518,-7.6172,-10.2405,-10.8658,-10.5527,8,a,NO,NO.
order_forced,data/videos_v3/int_333ms/v3_333_00370.avi,333,0,1,-0.499,-2.0961,-1.5971,-4.471,-8.5887,8,a,The,The cyan triangle moved first.
interval,data/videos_v3/int_333ms/v3_333_00370.avi,333,A,B,,-1.5379,-1.1507,-1.416,-1.541,8,a,(B,(B) 1-2 seconds
order_real,data/videos_v3/int_333ms/v3_333_00371.avi,333,0,0,-1.6092,-10.1148,-10.3011,-11.6753,-10.9258,8,b,NO,NO.
order_rev,data/videos_v3/int_333ms/v3_333_00371.avi,333,0,0,-0.5254,-8.1009,-10.3493,-11.2237,-10.7862,8,b,NO,NO.
order_forced,data/videos_v3/int_333ms/v3_333_00371.avi,333,0,0,-0.7499,-1.8538,-1.1039,-5.9783,-8.7265,8,b,The,The blue circle moved first.
interval,data/videos_v3/int_333ms/v3_333_00371.avi,333,A,B,,-1.4284,-1.2963,-1.4327,-1.4297,8,b,(B,(B) 1-2 seconds
order_real,data/videos_v3/int_333ms/v3_333_00372.avi,333,0,0,-1.7614,-9.9062,-10.3423,-11.1542,-10.9042,8,b,NO,NO.
order_rev,data/videos_v3/int_333ms/v3_333_00372.avi,333,0,0,-0.9247,-7.9719,-10.5328,-11.0948,-10.7823,8,b,NO,NO.
order_forced,data/videos_v3/int_333ms/v3_333_00372.avi,333,0,0,0.2502,-1.4092,-1.6594,-4.1587,-8.5311,8,b,The,The yellow square moved first.
interval,data/videos_v3/int_333ms/v3_333_00372.avi,333,A,A,,-1.325,-1.2966,-1.7039,-1.45,8,b,(A,(A) Less than 1 second
order_real,data/videos_v3/int_333ms/v3_333_00373.avi,333,0,0,-1.5426,-9.905,-10.4663,-11.6532,-11.0911,8,b,NO,NO.
order_rev,data/videos_v3/int_333ms/v3_333_00373.avi,333,0,0,-1.0519,-7.6128,-10.5492,-11.4863,-10.9238,8,b,NO,NO.
order_forced,data/videos_v3/int_333ms/v3_333_00373.avi,333,0,1,0.0001,-1.1631,-1.1632,-6.0377,-9.1612,8,b,The,The magenta square moved first.
interval,data/videos_v3/int_333ms/v3_333_00373.avi,333,A,A,,-1.4096,-1.3579,-1.6651,-1.5346,8,b,(A,(A) Less than 1 second
order_real,data/videos_v3/int_333ms/v3_333_00374.avi,333,0,0,-0.9083,-9.9362,-10.3724,-11.4343,-11.0594,8,b,NO,NO.
order_rev,data/videos_v3/int_333ms/v3_333_00374.avi,333,0,0,-0.6694,-8.0218,-10.7702,-11.5199,-11.02,8,b,NO,NO.
order_forced,data/videos_v3/int_333ms/v3_333_00374.avi,333,0,1,0.0002,-1.1625,-1.1627,-6.6614,-8.6582,8,b,The,The magenta triangle moved first.
interval,data/videos_v3/int_333ms/v3_333_00374.avi,333,A,A,,-1.1843,-1.273,-1.6843,-1.6799,8,b,(A,(A) Less than 1 second
order_real,data/videos_v3/int_333ms/v3_333_00375.avi,333,1,0,-2.2493,-9.8611,-10.4841,-11.4842,-11.1091,8,a,NO,NO.
order_rev,data/videos_v3/int_333ms/v3_333_00375.avi,333,1,0,-0.9462,-7.9652,-10.5261,-11.2132,-10.7758,8,a,NO,NO.
order_forced,data/videos_v3/int_333ms/v3_333_00375.avi,333,1,0,-0.1248,-1.3142,-1.1894,-5.5633,-8.3096,8,a,The,The magenta circle moved first.
interval,data/videos_v3/int_333ms/v3_333_00375.avi,333,A,B,,-1.4254,-1.1587,-1.5561,-1.5534,8,a,(B,(B) 1-2 seconds
order_real,data/videos_v3/int_333ms/v3_333_00376.avi,333,1,0,-1.9382,-9.9686,-10.467,-11.4669,-10.9671,8,b,NO,NO.
order_rev,data/videos_v3/int_333ms/v3_333_00376.avi,333,1,1,0.1908,-7.8377,-10.6481,-11.2104,-10.8977,8,b,YES,YES.
order_forced,data/videos_v3/int_333ms/v3_333_00376.avi,333,1,0,-0.4997,-1.7722,-1.2725,-5.1465,-9.1404,8,b,The,The green circle moved first.
interval,data/videos_v3/int_333ms/v3_333_00376.avi,333,A,B,,-1.3251,-1.1789,-1.5824,-1.7001,8,b,(B,(B) 1-2 seconds
order_real,data/videos_v3/int_333ms/v3_333_00377.avi,333,1,0,-0.4103,-10.005,-10.1916,-11.4396,-10.8781,8,b,NO,NO.
order_rev,data/videos_v3/int_333ms/v3_333_00377.avi,333,1,0,-0.0591,-7.8329,-10.6439,-11.393,-10.9555,8,b,NO,NO.
order_forced,data/videos_v3/int_333ms/v3_333_00377.avi,333,1,1,0.3755,-1.4477,-1.8232,-6.0709,-8.5647,8,b,The,The yellow circle moved first.
interval,data/videos_v3/int_333ms/v3_333_00377.avi,333,A,B,,-1.4849,-1.1027,-1.4899,-1.6135,8,b,(B,(B) 1-2 seconds
order_real,data/videos_v3/int_333ms/v3_333_00378.avi,333,1,0,-2.7616,-10.0332,-10.5945,-11.6569,-11.1568,8,b,NO,NO.
order_rev,data/videos_v3/int_333ms/v3_333_00378.avi,333,1,0,-1.7614,-7.2573,-10.6933,-11.3185,-10.8804,8,b,NO,NO.
order_forced,data/videos_v3/int_333ms/v3_333_00378.avi,333,1,0,-0.1248,-1.2207,-1.0959,-7.2191,-8.343,8,b,B,B
interval,data/videos_v3/int_333ms/v3_333_00378.avi,333,A,A,,-1.2915,-1.2399,-1.7915,-1.6531,8,b,(A,(A) Less than 1 second
order_real,data/videos_v3/int_333ms/v3_333_00379.avi,333,1,0,-1.749,-9.8001,-10.2983,-11.2357,-10.798,8,b,NO,NO.
order_rev,data/videos_v3/int_333ms/v3_333_00379.avi,333,1,0,-0.5652,-7.9782,-10.5393,-11.1637,-10.726,8,b,NO,NO.
order_forced,data/videos_v3/int_333ms/v3_333_00379.avi,333,1,1,0.1252,-1.4251,-1.5503,-7.2978,-8.6695,8,b,The,The magenta triangle moved first.
interval,data/videos_v3/int_333ms/v3_333_00379.avi,333,A,B,,-1.5081,-1.1109,-1.5139,-1.6331,8,b,(B,(B) 1-2 seconds
order_real,data/videos_v3/int_333ms/v3_333_00380.avi,333,1,0,-1.1472,-10.0091,-10.2579,-11.3823,-11.0698,8,a,NO,NO.
order_rev,data/videos_v3/int_333ms/v3_333_00380.avi,333,1,0,-0.7835,-7.9554,-10.4541,-11.1413,-10.8911,8,a,NO,NO.
order_forced,data/videos_v3/int_333ms/v3_333_00380.avi,333,1,0,-0.1249,-1.1876,-1.0627,-3.6875,-9.3101,8,a,B,B
interval,data/videos_v3/int_333ms/v3_333_00380.avi,333,A,A,,-1.2699,-1.3695,-1.525,-1.5199,8,a,(A,(A) Less than 1 second
order_real,data/videos_v3/int_333ms/v3_333_00381.avi,333,1,0,-1.2193,-10.2673,-10.7032,-11.6403,-11.2653,8,a,NO,NO.
order_rev,data/videos_v3/int_333ms/v3_333_00381.avi,333,1,0,-1.1476,-8.2589,-10.7573,-11.5068,-11.0693,8,a,NO,NO.
order_forced,data/videos_v3/int_333ms/v3_333_00381.avi,333,1,1,0.0001,-1.2681,-1.2682,-5.3926,-8.8896,8,a,The,The green square moved first.
interval,data/videos_v3/int_333ms/v3_333_00381.avi,333,A,B,,-1.4275,-1.2875,-1.5629,-1.4314,8,a,(B,(B) 1-2 seconds
order_real,data/videos_v3/int_333ms/v3_333_00382.avi,333,1,0,-2.1504,-9.9951,-10.5561,-11.1187,-10.9312,8,a,NO,NO.
order_rev,data/videos_v3/int_333ms/v3_333_00382.avi,333,1,0,-0.1823,-7.7279,-10.6639,-11.1013,-10.9132,8,a,NO,NO.
order_forced,data/videos_v3/int_333ms/v3_333_00382.avi,333,1,0,-0.1247,-1.5529,-1.4282,-5.1772,-8.1743,8,a,The,The green triangle moved first.
interval,data/videos_v3/int_333ms/v3_333_00382.avi,333,A,B,,-1.3991,-1.2518,-1.5298,-1.5271,8,a,(B,(B) 1-2 seconds
order_real,data/videos_v3/int_333ms/v3_333_00383.avi,333,0,0,-1.1474,-9.9029,-10.2766,-11.4008,-10.7762,8,a,NO,NO.
order_rev,data/videos_v3/int_333ms/v3_333_00383.avi,333,0,0,-0.434,-7.9202,-10.6062,-11.2309,-10.7309,8,a,NO,NO.
order_forced,data/videos_v3/int_333ms/v3_333_00383.avi,333,0,1,-0.1246,-1.683,-1.5584,-7.556,-8.8025,8,a,The,The green triangle moved first.
interval,data/videos_v3/int_333ms/v3_333_00383.avi,333,A,B,,-1.6242,-1.1075,-1.505,-1.5023,8,a,(B,(B) 1-2 seconds
order_real,data/videos_v3/int_333ms/v3_333_00384.avi,333,0,0,-1.4102,-9.7791,-10.215,-11.3393,-10.7149,8,b,NO,NO.
order_rev,data/videos_v3/int_333ms/v3_333_00384.avi,333,0,0,-0.5942,-7.688,-10.4987,-11.2484,-10.6857,8,b,NO,NO.
order_forced,data/videos_v3/int_333ms/v3_333_00384.avi,333,0,1,0.0006,-1.5858,-1.5864,-6.7082,-8.4524,8,b,The,The magenta square moved first.
interval,data/videos_v3/int_333ms/v3_333_00384.avi,333,A,B,,-1.5301,-1.1328,-1.4108,-1.6581,8,b,(B,(B) 1-2 seconds
order_real,data/videos_v3/int_333ms/v3_333_00385.avi,333,1,0,-1.3734,-10.0831,-10.5193,-11.5186,-11.1438,8,a,NO,NO.
order_rev,data/videos_v3/int_333ms/v3_333_00385.avi,333,1,0,-0.1954,-7.6981,-10.5716,-11.1963,-10.8834,8,a,NO,NO.
order_forced,data/videos_v3/int_333ms/v3_333_00385.avi,333,1,0,-0.2498,-1.4586,-1.2088,-4.3333,-9.3283,8,a,The,The green circle moved first.
interval,data/videos_v3/int_333ms/v3_333_00385.avi,333,A,A,,-1.28,-1.2481,-1.6594,-1.655,8,a,(A,(A) Less than 1 second
order_real,data/videos_v3/int_333ms/v3_333_00386.avi,333,0,0,-1.562,-10.0743,-10.573,-11.6352,-11.0729,8,b,NO,NO.
order_rev,data/videos_v3/int_333ms/v3_333_00386.avi,333,0,0,0.0545,-8.1919,-10.7531,-11.3775,-10.94,8,b,NO,NO.
order_forced,data/videos_v3/int_333ms/v3_333_00386.avi,333,0,1,-0.3748,-1.6686,-1.2938,-5.6682,-9.0406,8,b,The,The magenta circle moved first.
interval,data/videos_v3/int_333ms/v3_333_00386.avi,333,A,B,,-1.4469,-1.1814,-1.4526,-1.574,8,b,(B,(B) 1-2 seconds
order_real,data/videos_v3/int_333ms/v3_333_00387.avi,333,1,1,0.3045,-10.5134,-10.7627,-12.0733,-11.5743,8,a,YES,YES.
order_rev,data/videos_v3/int_333ms/v3_333_00387.avi,333,1,0,0.0677,-8.3466,-10.9079,-11.7819,-11.345,8,a,NO,NO.
order_forced,data/videos_v3/int_333ms/v3_333_00387.avi,333,1,0,-0.125,-0.9276,-0.8026,-5.8025,-9.4271,8,a,B,B
interval,data/videos_v3/int_333ms/v3_333_00387.avi,333,A,A,,-1.0717,-1.4417,-1.5741,-1.5741,8,a,(A,(A) Less than 1 second
order_real,data/videos_v3/int_333ms/v3_333_00388.avi,333,1,0,-1.5505,-10.0156,-10.2642,-11.2638,-10.7648,8,b,NO,NO.
order_rev,data/videos_v3/int_333ms/v3_333_00388.avi,333,1,0,-0.8183,-7.6025,-10.4132,-11.1005,-10.6008,8,b,NO,NO.
order_forced,data/videos_v3/int_333ms/v3_333_00388.avi,333,1,1,0.0005,-2.4681,-2.4686,-5.3423,-9.3366,8,b,The,The yellow square moved first.
interval,data/videos_v3/int_333ms/v3_333_00388.avi,333,A,B,,-1.7535,-1.002,-1.3843,-1.6328,8,b,(B,(B) 1-2 seconds
order_real,data/videos_v3/int_333ms/v3_333_00389.avi,333,0,0,-1.5147,-9.853,-10.2891,-11.1637,-10.8513,8,b,NO,NO.
order_rev,data/videos_v3/int_333ms/v3_333_00389.avi,333,0,0,-0.5498,-7.8441,-10.4676,-11.03,-10.7796,8,b,NO,NO.
order_forced,data/videos_v3/int_333ms/v3_333_00389.avi,333,0,1,-0.1248,-1.3118,-1.187,-6.0607,-8.183,8,b,The,The magenta circle moved first.
interval,data/videos_v3/int_333ms/v3_333_00389.avi,333,A,B,,-1.4805,-1.1986,-1.6099,-1.4756,8,b,(B,(B) 1-2 seconds
order_real,data/videos_v3/int_333ms/v3_333_00390.avi,333,0,0,-1.3978,-9.9121,-10.4104,-11.4103,-11.0353,8,b,NO,NO.
order_rev,data/videos_v3/int_333ms/v3_333_00390.avi,333,0,0,-1.1747,-8.1565,-10.6549,-11.2175,-10.9044,8,b,NO,NO.
order_forced,data/videos_v3/int_333ms/v3_333_00390.avi,333,0,1,-0.1247,-1.3878,-1.2631,-6.136,-8.6319,8,b,The,The blue square moved first.
interval,data/videos_v3/int_333ms/v3_333_00390.avi,333,A,B,,-1.3998,-1.2497,-1.5313,-1.5209,8,b,(B,(B) 1-2 seconds
order_real,data/videos_v3/int_333ms/v3_333_00391.avi,333,0,0,-1.8154,-9.9913,-10.4899,-11.489,-10.9896,8,b,NO,NO.
order_rev,data/videos_v3/int_333ms/v3_333_00391.avi,333,0,0,-1.2995,-8.0034,-10.752,-11.3767,-11.0015,8,b,NO,NO.
order_forced,data/videos_v3/int_333ms/v3_333_00391.avi,333,0,1,0.1251,-1.0982,-1.2233,-5.8473,-9.0949,8,b,A,A
interval,data/videos_v3/int_333ms/v3_333_00391.avi,333,A,A,,-1.2762,-1.3789,-1.657,-1.4043,8,b,(A,(A) Less than 1 second
order_real,data/videos_v3/int_333ms/v3_333_00392.avi,333,1,0,-0.1696,-9.8463,-10.1575,-11.2814,-10.844,8,b,NO,NO.
order_rev,data/videos_v3/int_333ms/v3_333_00392.avi,333,1,0,0.0751,-7.742,-10.5528,-11.3026,-10.9275,8,b,NO,NO.
order_forced,data/videos_v3/int_333ms/v3_333_00392.avi,333,1,1,0.3752,-1.4338,-1.809,-5.5582,-8.6792,8,b,The,The magenta circle moved first.
interval,data/videos_v3/int_333ms/v3_333_00392.avi,333,A,B,,-1.3964,-1.2392,-1.5279,-1.5248,8,b,(B,(B) 1-2 seconds
order_real,data/videos_v3/int_333ms/v3_333_00393.avi,333,1,0,-1.1503,-9.9108,-10.2217,-11.159,-10.9091,8,a,NO,NO.
order_rev,data/videos_v3/int_333ms/v3_333_00393.avi,333,1,0,0.048,-8.0887,-10.6493,-10.9619,-10.9614,8,a,NO,NO.
order_forced,data/videos_v3/int_333ms/v3_333_00393.avi,333,1,0,-0.1248,-1.486,-1.3612,-3.9858,-8.8567,8,a,The,The cyan circle moved first.
interval,data/videos_v3/int_333ms/v3_333_00393.avi,333,A,B,,-1.3232,-1.173,-1.5766,-1.6943,8,a,(B,(B) 1-2 seconds
order_real,data/videos_v3/int_333ms/v3_333_00394.avi,333,0,0,-2.221,-10.0844,-10.4578,-11.5204,-11.0829,8,b,NO,NO.
order_rev,data/videos_v3/int_333ms/v3_333_00394.avi,333,0,0,-1.6104,-7.8339,-10.7075,-11.4572,-10.9572,8,b,NO,NO.
order_forced,data/videos_v3/int_333ms/v3_333_00394.avi,333,0,1,-0.2499,-1.6481,-1.3982,-6.1472,-9.1447,8,b,The,The blue circle moved first.
interval,data/videos_v3/int_333ms/v3_333_00394.avi,333,A,A,,-1.3479,-1.3304,-1.4774,-1.4729,8,b,(A,(A) Less than 1 second
order_real,data/videos_v3/int_333ms/v3_333_00395.avi,333,1,0,-1.4854,-10.042,-10.6031,-11.6026,-11.1028,8,a,NO,NO.
order_rev,data/videos_v3/int_333ms/v3_333_00395.avi,333,1,0,-0.7753,-8.0142,-10.7004,-11.4499,-10.9501,8,a,NO,NO.
order_forced,data/videos_v3/int_333ms/v3_333_00395.avi,333,1,1,-0.1249,-1.3061,-1.1812,-5.3056,-9.0528,8,a,The,The green circle moved first.
interval,data/videos_v3/int_333ms/v3_333_00395.avi,333,A,A,,-1.3282,-1.3093,-1.5847,-1.4566,8,a,(A,(A) Less than 1 second
order_real,data/videos_v3/int_333ms/v3_333_00396.avi,333,1,0,-0.6838,-9.8922,-10.0787,-11.0781,-10.7658,8,b,NO,NO.
order_rev,data/videos_v3/int_333ms/v3_333_00396.avi,333,1,0,-0.712,-7.678,-10.4266,-11.051,-10.7386,8,b,NO,NO.
order_forced,data/videos_v3/int_333ms/v3_333_00396.avi,333,1,1,0.0004,-1.904,-1.9044,-5.2785,-8.7752,8,b,The,The yellow square moved first.
interval,data/videos_v3/int_333ms/v3_333_00396.avi,333,A,B,,-1.611,-1.1029,-1.3659,-1.6137,8,b,(B,(B) 1-2 seconds
order_real,data/videos_v3/int_333ms/v3_333_00397.avi,333,0,0,-1.3024,-9.9007,-10.2115,-11.5233,-10.9611,8,a,NO,NO.
order_rev,data/videos_v3/int_333ms/v3_333_00397.avi,333,0,0,-0.7853,-7.7493,-10.3726,-11.247,-10.7473,8,a,NO,NO.
order_forced,data/videos_v3/int_333ms/v3_333_00397.avi,333,0,1,0.0,-1.1191,-1.1191,-6.3684,-9.1165,8,a,A,A
interval,data/videos_v3/int_333ms/v3_333_00397.avi,333,A,A,,-1.1365,-1.3581,-1.6438,-1.6365,8,a,(A,(A) Less than 1 second
order_real,data/videos_v3/int_333ms/v3_333_00398.avi,333,0,0,-0.6502,-9.9927,-10.2414,-11.5525,-10.8037,8,b,NO,NO.
order_rev,data/videos_v3/int_333ms/v3_333_00398.avi,333,0,0,-0.0415,-8.1989,-10.635,-11.4464,-10.8222,8,b,NO,NO.
order_forced,data/videos_v3/int_333ms/v3_333_00398.avi,333,0,1,-0.25,-1.6327,-1.3827,-6.2573,-9.2558,8,b,The,The red circle moved first.
interval,data/videos_v3/int_333ms/v3_333_00398.avi,333,A,A,,-1.2751,-1.2707,-1.5272,-1.5266,8,b,(A,(A) Less than 1 second
order_real,data/videos_v3/int_333ms/v3_333_00399.avi,333,0,0,-1.7188,-9.9871,-10.4232,-11.5475,-10.9228,8,b,NO,NO.
order_rev,data/videos_v3/int_333ms/v3_333_00399.avi,333,0,0,-0.4246,-7.7655,-10.514,-11.2012,-10.7633,8,b,NO,NO.
order_forced,data/videos_v3/int_333ms/v3_333_00399.avi,333,0,1,-0.1246,-1.6814,-1.5568,-6.0547,-8.7978,8,b,The,The green triangle moved first.
interval,data/videos_v3/int_333ms/v3_333_00399.avi,333,A,B,,-1.328,-1.1899,-1.5804,-1.5825,8,b,(B,(B) 1-2 seconds
order_real,data/videos_v3/int_500ms/v3_500_00400.avi,500,0,0,-0.0255,-10.1271,-10.3133,-11.5622,-10.9378,8,b,NO,NO.
order_rev,data/videos_v3/int_500ms/v3_500_00400.avi,500,0,1,0.3157,-8.1561,-10.7796,-11.4667,-11.029,8,b,YES,YES.
order_forced,data/videos_v3/int_500ms/v3_500_00400.avi,500,0,1,0.2502,-1.6064,-1.8566,-6.9805,-8.9775,8,b,The,The red triangle moved first.
interval,data/videos_v3/int_500ms/v3_500_00400.avi,500,A,B,,-1.3329,-1.0698,-1.4643,-1.9603,8,b,(B,(B) 1-2 seconds
order_32f,data/videos_v3/int_500ms/v3_500_00400.avi,500,0,0,-0.3517,-10.0557,-10.2416,-11.4908,-10.8662,32,b,NO,NO.
moved_real,data/videos_v3/int_500ms/v3_500_00400.avi,500,1,0,-0.0336,-10.3143,-11.4375,-11.6865,-11.0627,8,b,NO,NO.
moved_twin,data/twin_v3/v3_500_00400.avi,500,0,0,-3.0627,-10.4908,-11.8642,-11.864,-10.9901,8,b,NO,NO.
still_real,data/videos_v3/int_500ms/v3_500_00400.avi,500,0,0,-1.4538,-10.0847,-10.7091,-11.4573,-10.7708,8,b,NO,NO.
still_twin,data/twin_v3/v3_500_00400.avi,500,1,1,2.6248,-10.6696,-11.6693,-12.2909,-11.7917,8,b,YES,YES.
order_twin,data/twin_v3/v3_500_00400.avi,500,-1,0,-1.7531,-10.0186,-10.3297,-11.5167,-10.8915,8,b,NO,NO.
moved_solo_hit,data/videos_v3/int_500ms/v3_500_00400_solob.avi,500,1,0,-0.5224,-10.2601,-11.3207,-11.5076,-10.8212,8,b,NO,NO.
moved_solo_fa,data/videos_v3/int_500ms/v3_500_00400_soloa.avi,500,0,0,-1.9983,-10.5446,-11.7302,-11.7925,-11.0433,8,b,NO,NO.
order_real,data/videos_v3/int_500ms/v3_500_00401.avi,500,0,0,-2.5259,-9.8407,-10.4016,-11.2762,-10.7768,8,b,NO,NO.
order_rev,data/videos_v3/int_500ms/v3_500_00401.avi,500,0,0,-1.5496,-7.8317,-10.455,-11.0796,-10.6422,8,b,NO,NO.
order_forced,data/videos_v3/int_500ms/v3_500_00401.avi,500,0,0,0.2503,-1.3238,-1.5741,-6.1975,-8.5696,8,b,The,The magenta triangle moved first.
interval,data/videos_v3/int_500ms/v3_500_00401.avi,500,A,B,,-1.4301,-1.2688,-1.559,-1.4301,8,b,(B,(B) 1-2 seconds
order_32f,data/videos_v3/int_500ms/v3_500_00401.avi,500,0,0,-3.175,-9.8061,-10.3671,-11.4288,-10.6175,32,b,NO,NO.
moved_real,data/videos_v3/int_500ms/v3_500_00401.avi,500,1,0,-2.175,-10.2446,-11.4931,-11.4302,-10.8687,8,b,NO,NO.
moved_twin,data/twin_v3/v3_500_00401.avi,500,0,0,-2.5418,-10.2289,-11.5399,-11.3524,-10.7286,8,b,NO,NO.
still_real,data/videos_v3/int_500ms/v3_500_00401.avi,500,0,1,1.519,-10.1648,-11.0396,-11.9116,-11.2873,8,b,YES,YES.
still_twin,data/twin_v3/v3_500_00401.avi,500,1,1,1.894,-10.1062,-11.2305,-12.0397,-11.4151,8,b,YES,YES.
order_twin,data/twin_v3/v3_500_00401.avi,500,-1,0,-2.8001,-9.8229,-10.4465,-11.3206,-10.8214,8,b,NO,NO.
moved_solo_hit,data/videos_v3/int_500ms/v3_500_00401_solob.avi,500,1,0,-1.0714,-10.0576,-11.1808,-11.3049,-10.6188,8,b,NO,NO.
moved_solo_fa,data/videos_v3/int_500ms/v3_500_00401_soloa.avi,500,0,0,-2.5417,-10.2297,-11.5407,-11.4154,-10.8542,8,b,NO,NO.
order_real,data/videos_v3/int_500ms/v3_500_00402.avi,500,1,0,-1.7643,-10.0594,-10.3705,-11.3698,-10.8706,8,b,NO,NO.
order_rev,data/videos_v3/int_500ms/v3_500_00402.avi,500,1,0,-0.6693,-7.8763,-10.4376,-11.1868,-10.6873,8,b,NO,NO.
order_forced,data/videos_v3/int_500ms/v3_500_00402.avi,500,1,0,-0.1247,-1.9285,-1.8038,-4.4281,-9.0495,8,b,The,The yellow square moved first.
interval,data/videos_v3/int_500ms/v3_500_00402.avi,500,A,B,,-1.3841,-1.2416,-1.5136,-1.5115,8,b,(B,(B) 1-2 seconds
order_32f,data/videos_v3/int_500ms/v3_500_00402.avi,500,1,0,-1.6967,-10.1179,-10.5537,-11.5533,-10.9916,32,b,NO,NO.
moved_real,data/videos_v3/int_500ms/v3_500_00402.avi,500,1,0,-2.6236,-10.3019,-11.6127,-11.0511,-10.8015,8,b,NO,NO.
moved_twin,data/twin_v3/v3_500_00402.avi,500,0,0,-2.7615,-10.3063,-11.7422,-11.1803,-11.118,8,b,NO,NO.
still_real,data/videos_v3/int_500ms/v3_500_00402.avi,500,0,1,0.4643,-9.9465,-10.8209,-11.6316,-11.0699,8,b,YES,YES.
still_twin,data/twin_v3/v3_500_00402.avi,500,1,1,1.7771,-10.1234,-11.3101,-11.9337,-11.6213,8,b,YES,YES.
order_twin,data/twin_v3/v3_500_00402.avi,500,-1,0,-2.1238,-10.1234,-10.6221,-11.434,-11.1843,8,b,NO,NO.
moved_solo_hit,data/videos_v3/int_500ms/v3_500_00402_solob.avi,500,1,0,-2.6236,-10.3022,-11.6755,-11.1761,-11.0513,8,b,NO,NO.
moved_solo_fa,data/videos_v3/int_500ms/v3_500_00402_soloa.avi,500,0,0,-2.8739,-10.4114,-11.8472,-11.1603,-10.9734,8,b,NO,NO.
order_real,data/videos_v3/int_500ms/v3_500_00403.avi,500,1,0,-0.2829,-10.1563,-10.3425,-11.2169,-11.092,8,a,NO,NO.
order_rev,data/videos_v3/int_500ms/v3_500_00403.avi,500,1,0,0.0308,-7.8287,-10.7018,-11.3888,-10.8891,8,a,NO,NO.
order_forced,data/videos_v3/int_500ms/v3_500_00403.avi,500,1,1,-0.4994,-2.7254,-2.226,-4.4754,-10.0925,8,a,The,The cyan triangle moved first.
interval,data/videos_v3/int_500ms/v3_500_00403.avi,500,A,B,,-1.4099,-1.0305,-1.4137,-1.9129,8,a,(B,(B) 1-2 seconds
order_32f,data/videos_v3/int_500ms/v3_500_00403.avi,500,1,0,-0.1259,-10.301,-10.362,-11.112,-11.0497,32,a,NO,NO.
moved_real,data/videos_v3/int_500ms/v3_500_00403.avi,500,1,1,1.0347,-10.3949,-11.3314,-11.0811,-11.3305,8,a,YES,YES.
moved_twin,data/twin_v3/v3_500_00403.avi,500,0,0,-2.9194,-10.7182,-11.8417,-11.2172,-11.2175,8,a,NO,NO.
still_real,data/videos_v3/int_500ms/v3_500_00403.avi,500,0,0,-0.554,-10.2119,-10.6489,-11.584,-10.8978,8,a,NO,NO.
still_twin,data/twin_v3/v3_500_00403.avi,500,1,1,2.6248,-10.6075,-11.544,-12.3535,-11.6674,8,a,YES,YES.
order_twin,data/twin_v3/v3_500_00403.avi,500,-1,0,-2.5442,-10.3461,-10.6572,-11.3448,-11.0946,8,a,NO,NO.
moved_solo_hit,data/videos_v3/int_500ms/v3_500_00403_soloa.avi,500,1,1,1.0308,-10.5942,-11.5932,-11.2807,-11.4056,8,a,YES,YES.
moved_solo_fa,data/videos_v3/int_500ms/v3_500_00403_solob.avi,500,0,0,-2.2827,-10.4398,-11.4384,-10.9387,-10.939,8,a,NO,NO.
order_real,data/videos_v3/int_500ms/v3_500_00404.avi,500,1,0,-0.7945,-10.168,-10.4792,-11.6659,-11.1039,8,a,NO,NO.
order_rev,data/videos_v3/int_500ms/v3_500_00404.avi,500,1,0,-1.1474,-7.8845,-10.5709,-11.3827,-10.9455,8,a,NO,NO.
order_forced,data/videos_v3/int_500ms/v3_500_00404.avi,500,1,1,0.0001,-1.4364,-1.4365,-5.5611,-9.8086,8,a,The,The green circle moved first.
interval,data/videos_v3/int_500ms/v3_500_00404.avi,500,A,A,,-1.2636,-1.3499,-1.6386,-1.5071,8,a,(A,(A) Less than 1 second
order_32f,data/videos_v3/int_500ms/v3_500_00404.avi,500,1,0,-1.5111,-10.194,-10.7554,-12.0047,-11.1928,32,a,NO,NO.
moved_real,data/videos_v3/int_500ms/v3_500_00404.avi,500,1,0,-0.668,-9.9841,-11.2949,-11.6069,-11.045,8,a,NO,NO.
moved_twin,data/twin_v3/v3_500_00404.avi,500,0,0,-2.8738,-10.1634,-11.724,-11.7866,-11.162,8,a,NO,NO.
still_real,data/videos_v3/int_500ms/v3_500_00404.avi,500,0,0,-0.0337,-10.1275,-10.9393,-11.8749,-11.1886,8,a,NO,NO.
still_twin,data/twin_v3/v3_500_00404.avi,500,1,1,1.6554,-10.2165,-11.3407,-12.0264,-11.6516,8,a,YES,YES.
order_twin,data/twin_v3/v3_500_00404.avi,500,-1,0,-1.9848,-10.2487,-10.7475,-11.7471,-11.2473,8,a,NO,NO.
moved_solo_hit,data/videos_v3/int_500ms/v3_500_00404_soloa.avi,500,1,0,-0.7924,-9.9613,-11.2722,-11.5843,-11.0846,8,a,NO,NO.
moved_solo_fa,data/videos_v3/int_500ms/v3_500_00404_solob.avi,500,0,0,-2.7616,-10.1574,-11.718,-11.8431,-11.1558,8,a,NO,NO.
order_real,data/videos_v3/int_500ms/v3_500_00405.avi,500,1,0,-0.5116,-10.1168,-10.1155,-11.6766,-10.9272,8,a,NO,NO.
order_rev,data/videos_v3/int_500ms/v3_500_00405.avi,500,1,0,-0.3893,-7.6697,-10.2305,-11.417,-10.6676,8,a,NO,NO.
order_forced,data/videos_v3/int_500ms/v3_500_00405.avi,500,1,1,-0.3746,-2.7128,-2.3382,-9.0851,-9.707,8,a,The,The red triangle moved first.
interval,data/videos_v3/int_500ms/v3_500_00405.avi,500,A,B,,-1.4097,-1.0297,-1.414,-1.9131,8,a,(B,(B) 1-2 seconds
order_32f,data/videos_v3/int_500ms/v3_500_00405.avi,500,1,0,-1.0901,-10.2718,-10.3319,-11.8313,-10.9574,32,a,NO,NO.
moved_real,data/videos_v3/int_500ms/v3_500_00405.avi,500,1,0,-0.6229,-10.1876,-11.1231,-11.7471,-10.8112,8,a,NO,NO.
moved_twin,data/twin_v3/v3_500_00405.avi,500,0,0,-2.8654,-10.4899,-11.6134,-11.8008,-10.8642,8,a,NO,NO.
still_real,data/videos_v3/int_500ms/v3_500_00405.avi,500,0,0,-0.0559,-10.2036,-10.7652,-11.7628,-10.8896,8,a,NO,NO.
still_twin,data/twin_v3/v3_500_00405.avi,500,1,1,2.603,-10.501,-11.4381,-12.247,-11.5609,8,a,YES,YES.
order_twin,data/twin_v3/v3_500_00405.avi,500,-1,0,-1.9888,-10.0161,-10.2643,-11.5764,-10.8264,8,a,NO,NO.
moved_solo_hit,data/videos_v3/int_500ms/v3_500_00405_soloa.avi,500,1,0,-0.6232,-10.1871,-11.1228,-11.7468,-10.873,8,a,NO,NO.
moved_solo_fa,data/videos_v3/int_500ms/v3_500_00405_solob.avi,500,0,0,-2.0023,-10.3544,-11.415,-11.7898,-10.8534,8,a,NO,NO.
order_real,data/videos_v3/int_500ms/v3_500_00406.avi,500,1,0,-1.0109,-9.8708,-10.1823,-11.1192,-10.7444,8,a,NO,NO.
order_rev,data/videos_v3/int_500ms/v3_500_00406.avi,500,1,0,-0.1893,-7.7126,-10.5864,-11.0235,-10.8357,8,a,NO,NO.
order_forced,data/videos_v3/int_500ms/v3_500_00406.avi,500,1,1,0.1253,-1.2919,-1.4172,-5.4159,-8.5374,8,a,The,The red square moved first.
interval,data/videos_v3/int_500ms/v3_500_00406.avi,500,A,B,,-1.4535,-1.1718,-1.4562,-1.7004,8,a,(B,(B) 1-2 seconds
order_32f,data/videos_v3/int_500ms/v3_500_00406.avi,500,1,0,-2.0952,-9.9116,-10.4102,-11.3474,-10.7851,32,a,NO,NO.
moved_real,data/videos_v3/int_500ms/v3_500_00406.avi,500,1,0,-2.0944,-10.1268,-11.5624,-11.6247,-10.8134,8,a,NO,NO.
moved_twin,data/twin_v3/v3_500_00406.avi,500,0,0,-3.0628,-10.306,-11.7419,-11.6169,-10.8053,8,a,NO,NO.
still_real,data/videos_v3/int_500ms/v3_500_00406.avi,500,0,0,0.0894,-10.0456,-10.7952,-11.605,-10.9188,8,a,NO,NO.
still_twin,data/twin_v3/v3_500_00406.avi,500,1,1,2.01,-10.4037,-11.528,-12.2752,-11.5887,8,a,YES,YES.
order_twin,data/twin_v3/v3_500_00406.avi,500,-1,0,-2.166,-9.8882,-10.4494,-11.0744,-10.8242,8,a,NO,NO.
moved_solo_hit,data/videos_v3/int_500ms/v3_500_00406_soloa.avi,500,1,0,-2.0781,-10.2079,-11.4565,-11.394,-10.7072,8,a,NO,NO.
moved_solo_fa,data/videos_v3/int_500ms/v3_500_00406_solob.avi,500,0,0,-3.1733,-10.2854,-11.8462,-11.8461,-10.9721,8,a,NO,NO.
order_real,data/videos_v3/int_500ms/v3_500_00407.avi,500,1,0,-1.2725,-9.9195,-10.2307,-11.2299,-10.8552,8,a,NO,NO.
order_rev,data/videos_v3/int_500ms/v3_500_00407.avi,500,1,0,-0.814,-7.8523,-10.4133,-10.913,-10.7876,8,a,NO,NO.
order_forced,data/videos_v3/int_500ms/v3_500_00407.avi,500,1,1,0.2501,-1.1976,-1.4477,-5.3219,-8.9437,8,a,The,The magenta triangle moved first.
interval,data/videos_v3/int_500ms/v3_500_00407.avi,500,A,A,,-1.2741,-1.2528,-1.6564,-1.528,8,a,(A,(A) Less than 1 second
order_32f,data/videos_v3/int_500ms/v3_500_00407.avi,500,1,0,-2.3442,-10.1016,-10.6001,-11.5997,-10.9752,32,a,NO,NO.
moved_real,data/videos_v3/int_500ms/v3_500_00407.avi,500,1,0,-1.1608,-10.0843,-11.3325,-11.6442,-10.9579,8,a,NO,NO.
moved_twin,data/twin_v3/v3_500_00407.avi,500,0,0,-3.1314,-10.2356,-11.7965,-11.859,-11.1098,8,a,NO,NO.
still_real,data/videos_v3/int_500ms/v3_500_00407.avi,500,0,1,0.6683,-9.9694,-10.9686,-11.7792,-11.2172,8,a,YES,YES.
still_twin,data/twin_v3/v3_500_00407.avi,500,1,1,2.0079,-10.1976,-11.3222,-12.1324,-11.5701,8,a,YES,YES.
order_twin,data/twin_v3/v3_500_00407.avi,500,-1,0,-1.7997,-9.6693,-10.2304,-11.0426,-10.7922,8,a,NO,NO.
moved_solo_hit,data/videos_v3/int_500ms/v3_500_00407_soloa.avi,500,1,0,-1.1681,-10.0895,-11.3378,-11.5874,-10.9007,8,a,NO,NO.
moved_solo_fa,data/videos_v3/int_500ms/v3_500_00407_solob.avi,500,0,0,-3.0339,-10.248,-11.6839,-11.8087,-11.0597,8,a,NO,NO.
order_real,data/videos_v3/int_500ms/v3_500_00408.avi,500,1,0,-0.2831,-10.0351,-10.3468,-11.2831,-10.9706,8,b,NO,NO.
order_rev,data/videos_v3/int_500ms/v3_500_00408.avi,500,1,0,-0.1508,-8.3807,-10.8795,-11.4414,-11.0039,8,b,NO,NO.
order_forced,data/videos_v3/int_500ms/v3_500_00408.avi,500,1,1,0.1251,-1.2939,-1.419,-6.9177,-8.6657,8,b,The,The yellow triangle moved first.
interval,data/videos_v3/int_500ms/v3_500_00408.avi,500,A,B,,-1.3473,-1.1814,-1.6017,-1.7173,8,b,(B,(B) 1-2 seconds
order_32f,data/videos_v3/int_500ms/v3_500_00408.avi,500,1,0,-0.4989,-9.8014,-10.1753,-11.299,-10.7994,32,b,NO,NO.
moved_real,data/videos_v3/int_500ms/v3_500_00408.avi,500,1,1,0.8154,-10.2509,-11.438,-11.4994,-11.1247,8,b,YES,YES.
moved_twin,data/twin_v3/v3_500_00408.avi,500,0,0,-2.5152,-10.3552,-11.6663,-11.6037,-10.917,8,b,NO,NO.
still_real,data/videos_v3/int_500ms/v3_500_00408.avi,500,0,0,-1.0944,-10.0495,-10.7362,-11.36,-10.7356,8,b,NO,NO.
still_twin,data/twin_v3/v3_500_00408.avi,500,1,1,2.1339,-10.5046,-11.5666,-12.189,-11.6893,8,b,YES,YES.
order_twin,data/twin_v3/v3_500_00408.avi,500,-1,0,-2.515,-10.1058,-10.6045,-11.5412,-11.104,8,b,NO,NO.
moved_solo_hit,data/videos_v3/int_500ms/v3_500_00408_solob.avi,500,1,1,0.4236,-10.2015,-11.3878,-11.5118,-11.0127,8,b,YES,YES.
moved_solo_fa,data/videos_v3/int_500ms/v3_500_00408_soloa.avi,500,0,0,-2.4007,-10.3468,-11.6577,-11.595,-10.9085,8,b,NO,NO.
order_real,data/videos_v3/int_500ms/v3_500_00409.avi,500,1,0,-1.0497,-10.2478,-10.559,-11.4328,-11.1211,8,b,NO,NO.
order_rev,data/videos_v3/int_500ms/v3_500_00409.avi,500,1,0,-0.8072,-8.1159,-10.6769,-11.1765,-10.8643,8,b,NO,NO.
order_forced,data/videos_v3/int_500ms/v3_500_00409.avi,500,1,1,0.3751,-0.8445,-1.2196,-3.4695,-9.5933,8,b,A,A
interval,data/videos_v3/int_500ms/v3_500_00409.avi,500,A,A,,-1.0882,-1.4516,-1.7172,-1.4672,8,b,(A,(A) Less than 1 second
order_32f,data/videos_v3/int_500ms/v3_500_00409.avi,500,1,0,-1.5445,-10.1533,-10.6519,-11.5263,-11.1516,32,b,NO,NO.
moved_real,data/videos_v3/int_500ms/v3_500_00409.avi,500,1,0,-1.5329,-10.2278,-11.3509,-11.1635,-11.1641,8,b,NO,NO.
moved_twin,data/twin_v3/v3_500_00409.avi,500,0,0,-2.793,-10.5187,-11.8915,-11.3297,-11.3302,8,b,NO,NO.
still_real,data/videos_v3/int_500ms/v3_500_00409.avi,500,0,1,1.2882,-10.0002,-11.1865,-11.6849,-11.4359,8,b,YES,YES.
still_twin,data/twin_v3/v3_500_00409.avi,500,1,1,1.759,-10.3025,-11.4886,-12.0489,-11.7372,8,b,YES,YES.
order_twin,data/twin_v3/v3_500_00409.avi,500,-1,0,-1.5256,-10.207,-10.643,-11.3924,-11.1426,8,b,NO,NO.
moved_solo_hit,data/videos_v3/int_500ms/v3_500_00409_solob.avi,500,1,0,-1.5329,-10.1031,-11.3508,-11.1008,-11.0393,8,b,NO,NO.
moved_solo_fa,data/videos_v3/int_500ms/v3_500_00409_soloa.avi,500,0,0,-2.5143,-10.5281,-11.7762,-11.3393,-11.2773,8,b,NO,NO.
order_real,data/videos_v3/int_500ms/v3_500_00410.avi,500,0,0,-0.8978,-9.8665,-10.1777,-11.3643,-10.9895,8,a,NO,NO.
order_rev,data/videos_v3/int_500ms/v3_500_00410.avi,500,0,0,-0.783,-7.5991,-10.5353,-11.1602,-10.9724,8,a,NO,NO.
order_forced,data/videos_v3/int_500ms/v3_500_00410.avi,500,0,1,0.1251,-1.3612,-1.4863,-4.3609,-8.9832,8,a,The,The blue circle moved first.
interval,data/videos_v3/int_500ms/v3_500_00410.avi,500,A,A,,-1.2275,-1.3242,-1.6064,-1.6025,8,a,(A,(A) Less than 1 second
order_32f,data/videos_v3/int_500ms/v3_500_00410.avi,500,0,0,-1.3862,-9.9082,-10.3442,-11.5313,-10.9066,32,a,NO,NO.
moved_real,data/videos_v3/int_500ms/v3_500_00410.avi,500,1,0,-0.5335,-9.8532,-11.101,-11.538,-10.9137,8,a,NO,NO.
moved_twin,data/twin_v3/v3_500_00410.avi,500,0,0,-2.8601,-10.0518,-11.5495,-11.6751,-11.1131,8,a,NO,NO.
still_real,data/videos_v3/int_500ms/v3_500_00410.avi,500,0,1,0.5458,-10.0,-11.0616,-11.9348,-11.373,8,a,YES,YES.
still_twin,data/twin_v3/v3_500_00410.avi,500,1,1,1.7651,-10.1681,-11.4171,-12.1031,-11.6655,8,a,YES,YES.
order_twin,data/twin_v3/v3_500_00410.avi,500,-1,0,-2.2728,-10.0199,-10.5183,-11.4559,-11.1433,8,a,NO,NO.
moved_solo_hit,data/videos_v3/int_500ms/v3_500_00410_soloa.avi,500,1,0,-0.4261,-9.7688,-11.0169,-11.516,-10.8292,8,a,NO,NO.
moved_solo_fa,data/videos_v3/int_500ms/v3_500_00410_solob.avi,500,0,0,-2.749,-10.1697,-11.5424,-11.6681,-11.106,8,a,NO,NO.
order_real,data/videos_v3/int_500ms/v3_500_00411.avi,500,0,0,-1.775,-10.2903,-10.6637,-11.5386,-11.1636,8,b,NO,NO.
order_rev,data/videos_v3/int_500ms/v3_500_00411.avi,500,0,0,-1.0253,-8.1914,-10.7524,-11.2521,-11.0022,8,b,NO,NO.
order_forced,data/videos_v3/int_500ms/v3_500_00411.avi,500,0,0,-0.1249,-1.1481,-1.0232,-3.648,-9.2721,8,b,B,B
interval,data/videos_v3/int_500ms/v3_500_00411.avi,500,A,A,,-1.25,-1.3693,-1.6289,-1.3789,8,b,(A,(A) Less than 1 second
order_32f,data/videos_v3/int_500ms/v3_500_00411.avi,500,0,0,-2.2402,-10.4117,-10.9103,-11.8475,-11.2854,32,b,NO,NO.
moved_real,data/videos_v3/int_500ms/v3_500_00411.avi,500,1,0,-2.6367,-10.5387,-12.0371,-12.0372,-11.4128,8,b,NO,NO.
moved_twin,data/twin_v3/v3_500_00411.avi,500,0,0,-2.9431,-10.4079,-12.0312,-12.0315,-11.407,8,b,NO,NO.
still_real,data/videos_v3/int_500ms/v3_500_00411.avi,500,0,1,1.1681,-10.3863,-11.3853,-12.0705,-11.5718,8,b,YES,YES.
still_twin,data/twin_v3/v3_500_00411.avi,500,1,1,2.152,-10.4502,-11.6366,-12.3221,-11.8231,8,b,YES,YES.
order_twin,data/twin_v3/v3_500_00411.avi,500,-1,0,-1.7353,-10.188,-10.6866,-11.499,-11.124,8,b,NO,NO.
moved_solo_hit,data/videos_v3/int_500ms/v3_500_00411_solob.avi,500,1,0,-2.568,-10.3061,-11.8668,-11.9294,-11.3051,8,b,NO,NO.
moved_solo_fa,data/videos_v3/int_500ms/v3_500_00411_soloa.avi,500,0,0,-2.9776,-10.5088,-12.132,-12.0698,-11.3832,8,b,NO,NO.
order_real,data/videos_v3/int_500ms/v3_500_00412.avi,500,0,0,-0.8738,-10.0817,-10.3306,-11.33,-10.9555,8,b,NO,NO.
order_rev,data/videos_v3/int_500ms/v3_500_00412.avi,500,0,0,-0.0354,-7.9214,-10.67,-11.2319,-11.0443,8,b,NO,NO.
order_forced,data/videos_v3/int_500ms/v3_500_00412.avi,500,0,0,0.0002,-1.5974,-1.5976,-3.5974,-8.9696,8,b,The,The cyan square moved first.
interval,data/videos_v3/int_500ms/v3_500_00412.avi,500,A,A,,-1.3166,-1.2883,-1.5739,-1.5622,8,b,(A,(A) Less than 1 second
order_32f,data/videos_v3/int_500ms/v3_500_00412.avi,500,0,0,-0.886,-10.0291,-10.4029,-11.4648,-10.9651,32,b,NO,NO.
moved_real,data/videos_v3/int_500ms/v3_500_00412.avi,500,1,0,-0.2727,-9.8021,-11.0505,-11.3003,-10.738,8,b,NO,NO.
moved_twin,data/twin_v3/v3_500_00412.avi,500,0,0,-2.811,-10.23,-11.5408,-11.4788,-10.7917,8,b,NO,NO.
still_real,data/videos_v3/int_500ms/v3_500_00412.avi,500,0,0,-0.9351,-9.8757,-10.6247,-11.4357,-10.7489,8,b,NO,NO.
still_twin,data/twin_v3/v3_500_00412.avi,500,1,1,2.1375,-10.102,-11.2264,-11.9114,-11.4121,8,b,YES,YES.
order_twin,data/twin_v3/v3_500_00412.avi,500,-1,0,-2.6281,-9.8686,-10.4921,-11.0549,-10.8669,8,b,NO,NO.
moved_solo_hit,data/videos_v3/int_500ms/v3_500_00412_solob.avi,500,1,1,0.5485,-9.8434,-11.1542,-11.341,-10.7791,8,b,YES,YES.
moved_solo_fa,data/videos_v3/int_500ms/v3_500_00412_soloa.avi,500,0,0,-2.3448,-10.1033,-11.539,-11.4767,-10.8524,8,b,NO,NO.
order_real,data/videos_v3/int_500ms/v3_500_00413.avi,500,0,0,-1.7354,-9.8152,-10.1887,-11.3135,-10.8135,8,b,NO,NO.
order_rev,data/videos_v3/int_500ms/v3_500_00413.avi,500,0,0,-0.8779,-7.5187,-10.3923,-11.0797,-10.7041,8,b,NO,NO.
order_forced,data/videos_v3/int_500ms/v3_500_00413.avi,500,0,1,-0.2498,-1.7148,-1.465,-6.5881,-8.4596,8,b,The,The blue circle moved first.
interval,data/videos_v3/int_500ms/v3_500_00413.avi,500,A,B,,-1.4663,-1.18,-1.4702,-1.5913,8,b,(B,(B) 1-2 seconds
order_32f,data/videos_v3/int_500ms/v3_500_00413.avi,500,0,0,-2.9531,-9.9533,-10.5143,-11.5142,-10.9518,32,b,NO,NO.
moved_real,data/videos_v3/int_500ms/v3_500_00413.avi,500,1,0,-1.7756,-10.2289,-11.2892,-11.4148,-10.7902,8,b,NO,NO.
moved_twin,data/twin_v3/v3_500_00413.avi,500,0,0,-3.1107,-10.3176,-11.5658,-11.6288,-10.9418,8,b,NO,NO.
still_real,data/videos_v3/int_500ms/v3_500_00413.avi,500,0,1,0.8103,-10.0335,-10.9078,-11.7188,-11.0939,8,b,YES,YES.
still_twin,data/twin_v3/v3_500_00413.avi,500,1,1,2.6361,-10.2956,-11.2952,-12.1056,-11.543,8,b,YES,YES.
order_twin,data/twin_v3/v3_500_00413.avi,500,-1,0,-2.596,-9.9297,-10.366,-11.4908,-10.9283,8,b,NO,NO.
moved_solo_hit,data/videos_v3/int_500ms/v3_500_00413_solob.avi,500,1,0,-1.2755,-10.1315,-11.1919,-11.3797,-10.7553,8,b,NO,NO.
moved_solo_fa,data/videos_v3/int_500ms/v3_500_00413_soloa.avi,500,0,0,-2.9008,-10.1871,-11.4352,-11.4982,-10.8114,8,b,NO,NO.
order_real,data/videos_v3/int_500ms/v3_500_00414.avi,500,0,0,-1.953,-10.283,-10.7816,-11.5942,-11.3438,8,a,NO,NO.
order_rev,data/videos_v3/int_500ms/v3_500_00414.avi,500,0,0,-1.1361,-8.0243,-10.7106,-11.273,-11.1474,8,a,NO,NO.
order_forced,data/videos_v3/int_500ms/v3_500_00414.avi,500,0,0,-0.125,-1.1617,-1.0367,-3.1617,-10.0355,8,a,B,B
interval,data/videos_v3/int_500ms/v3_500_00414.avi,500,A,A,,-1.1295,-1.3647,-1.7572,-1.5072,8,a,(A,(A) Less than 1 second
order_32f,data/videos_v3/int_500ms/v3_500_00414.avi,500,0,0,-2.0802,-10.3052,-10.8664,-11.6791,-11.4286,32,a,NO,NO.
moved_real,data/videos_v3/int_500ms/v3_500_00414.avi,500,1,0,-2.9557,-10.2932,-11.854,-12.1667,-11.2923,8,a,NO,NO.
moved_twin,data/twin_v3/v3_500_00414.avi,500,0,0,-2.9723,-10.1555,-11.7788,-12.1539,-11.217,8,a,NO,NO.
still_real,data/videos_v3/int_500ms/v3_500_00414.avi,500,0,1,1.5511,-10.1838,-11.4331,-12.0567,-11.6819,8,a,YES,YES.
still_twin,data/twin_v3/v3_500_00414.avi,500,1,1,1.7905,-10.3083,-11.6199,-12.1811,-11.8063,8,a,YES,YES.
order_twin,data/twin_v3/v3_500_00414.avi,500,-1,0,-1.8896,-10.1664,-10.7899,-11.5402,-11.2898,8,a,NO,NO.
moved_solo_hit,data/videos_v3/int_500ms/v3_500_00414_soloa.avi,500,1,0,-2.735,-10.1808,-11.7416,-12.0544,-11.1799,8,a,NO,NO.
moved_solo_fa,data/videos_v3/int_500ms/v3_500_00414_solob.avi,500,0,0,-2.9723,-10.1558,-11.779,-12.0917,-11.1549,8,a,NO,NO.
order_real,data/videos_v3/int_500ms/v3_500_00415.avi,500,1,0,-0.2926,-9.9586,-10.2696,-11.4567,-10.9567,8,b,NO,NO.
order_rev,data/videos_v3/int_500ms/v3_500_00415.avi,500,1,0,-0.2943,-7.6665,-10.5401,-11.4769,-10.9767,8,b,NO,NO.
order_forced,data/videos_v3/int_500ms/v3_500_00415.avi,500,1,1,-0.2497,-1.6445,-1.3948,-7.5171,-8.89,8,b,The,The blue square moved first.
interval,data/videos_v3/int_500ms/v3_500_00415.avi,500,A,A,,-1.2063,-1.286,-1.7019,-1.6969,8,b,(A,(A) Less than 1 second
order_32f,data/videos_v3/int_500ms/v3_500_00415.avi,500,1,0,-1.0569,-9.9832,-10.4192,-11.8555,-11.0439,32,b,NO,NO.
moved_real,data/videos_v3/int_500ms/v3_500_00415.avi,500,1,0,-1.0328,-10.0882,-11.2109,-11.6485,-10.8994,8,b,NO,NO.
moved_twin,data/twin_v3/v3_500_00415.avi,500,0,0,-3.0258,-10.3064,-11.6166,-11.9919,-10.9928,8,b,NO,NO.
still_real,data/videos_v3/int_500ms/v3_500_00415.avi,500,0,1,0.5607,-10.0561,-10.9926,-11.8036,-11.1165,8,b,YES,YES.
still_twin,data/twin_v3/v3_500_00415.avi,500,1,1,2.0112,-10.1658,-11.29,-12.1629,-11.476,8,b,YES,YES.
order_twin,data/twin_v3/v3_500_00415.avi,500,-1,0,-1.6904,-9.763,-10.1989,-11.3861,-10.8236,8,b,NO,NO.
moved_solo_hit,data/videos_v3/int_500ms/v3_500_00415_solob.avi,500,1,0,-1.5112,-10.07,-11.1928,-11.6928,-10.8812,8,b,NO,NO.
moved_solo_fa,data/videos_v3/int_500ms/v3_500_00415_soloa.avi,500,0,0,-2.9007,-10.4368,-11.5598,-11.8728,-11.0608,8,b,NO,NO.
order_real,data/videos_v3/int_500ms/v3_500_00416.avi,500,1,0,-0.9074,-10.1974,-10.5708,-11.6951,-11.2577,8,a,NO,NO.
order_rev,data/videos_v3/int_500ms/v3_500_00416.avi,500,1,0,-0.8781,-7.8937,-10.5796,-11.3919,-11.0168,8,a,NO,NO.
order_forced,data/videos_v3/int_500ms/v3_500_00416.avi,500,1,0,-0.125,-1.0991,-0.9741,-6.0988,-9.4731,8,a,B,B
interval,data/videos_v3/int_500ms/v3_500_00416.avi,500,A,A,,-1.1214,-1.3475,-1.7547,-1.6258,8,a,(A,(A) Less than 1 second
order_32f,data/videos_v3/int_500ms/v3_500_00416.avi,500,1,0,-1.1525,-10.2861,-10.5968,-11.7213,-11.2217,32,a,NO,NO.
moved_real,data/videos_v3/int_500ms/v3_500_00416.avi,500,1,0,-1.9005,-10.3369,-11.4601,-11.8977,-11.0239,8,a,NO,NO.
moved_twin,data/twin_v3/v3_500_00416.avi,500,0,0,-1.9162,-10.2875,-11.4728,-11.8482,-11.0367,8,a,NO,NO.
still_real,data/videos_v3/int_500ms/v3_500_00416.avi,500,0,1,1.6591,-10.2293,-11.4785,-12.1021,-11.7276,8,a,YES,YES.
still_twin,data/twin_v3/v3_500_00416.avi,500,1,1,1.774,-10.087,-11.3984,-12.0219,-11.6475,8,a,YES,YES.
order_twin,data/twin_v3/v3_500_00416.avi,500,-1,0,-0.7915,-10.2762,-10.7118,-11.7738,-11.2742,8,a,NO,NO.
moved_solo_hit,data/videos_v3/int_500ms/v3_500_00416_soloa.avi,500,1,0,-2.0252,-10.3835,-11.5067,-11.944,-11.0704,8,a,NO,NO.
moved_solo_fa,data/videos_v3/int_500ms/v3_500_00416_solob.avi,500,0,0,-1.9988,-10.2618,-11.4474,-11.9472,-11.0733,8,a,NO,NO.
order_real,data/videos_v3/int_500ms/v3_500_00417.avi,500,0,0,-2.2355,-10.4366,-11.1225,-12.0601,-11.4354,8,a,NO,NO.
order_rev,data/videos_v3/int_500ms/v3_500_00417.avi,500,0,0,-0.8013,-7.8234,-10.7595,-11.6341,-11.1341,8,a,NO,NO.
order_forced,data/videos_v3/int_500ms/v3_500_00417.avi,500,0,1,-0.1249,-1.2495,-1.1246,-5.9992,-9.3733,8,a,The,The magenta square moved first.
interval,data/videos_v3/int_500ms/v3_500_00417.avi,500,A,A,,-1.2102,-1.2993,-1.7152,-1.7102,8,a,(A,(A) Less than 1 second
order_32f,data/videos_v3/int_500ms/v3_500_00417.avi,500,0,0,-1.9988,-10.4469,-10.9456,-12.0082,-11.3207,32,a,NO,NO.
moved_real,data/videos_v3/int_500ms/v3_500_00417.avi,500,1,0,-3.0143,-10.4958,-12.0569,-12.3696,-11.4949,8,a,NO,NO.
moved_twin,data/twin_v3/v3_500_00417.avi,500,0,0,-2.6365,-10.5987,-11.9721,-12.3473,-11.4729,8,a,NO,NO.
still_real,data/videos_v3/int_500ms/v3_500_00417.avi,500,0,1,1.899,-10.5154,-11.8274,-12.3263,-12.0137,8,a,YES,YES.
still_twin,data/twin_v3/v3_500_00417.avi,500,1,1,2.269,-10.5364,-11.9735,-12.3472,-12.0971,8,a,YES,YES.
order_twin,data/twin_v3/v3_500_00417.avi,500,-1,0,-2.1105,-10.6366,-11.1973,-12.0726,-11.635,8,a,NO,NO.
moved_solo_hit,data/videos_v3/int_500ms/v3_500_00417_soloa.avi,500,1,0,-2.8865,-10.646,-12.0196,-12.3947,-11.5203,8,a,NO,NO.
moved_solo_fa,data/videos_v3/int_500ms/v3_500_00417_solob.avi,500,0,0,-3.0142,-10.4959,-11.9945,-12.3073,-11.495,8,a,NO,NO.
order_real,data/videos_v3/int_500ms/v3_500_00418.avi,500,1,0,-0.9984,-10.1985,-10.3844,-11.6954,-11.0092,8,b,NO,NO.
order_rev,data/videos_v3/int_500ms/v3_500_00418.avi,500,1,0,-0.202,-7.7194,-10.4676,-11.466,-10.842,8,b,NO,NO.
order_forced,data/videos_v3/int_500ms/v3_500_00418.avi,500,1,1,-0.1249,-1.2946,-1.1697,-5.4191,-8.9171,8,b,The,The magenta square moved first.
interval,data/videos_v3/int_500ms/v3_500_00418.avi,500,A,A,,-1.1003,-1.3217,-1.6033,-1.7283,8,b,(A,(A) Less than 1 second
order_32f,data/videos_v3/int_500ms/v3_500_00418.avi,500,1,0,-1.6017,-10.2681,-10.579,-11.7658,-11.0166,32,b,NO,NO.
moved_real,data/videos_v3/int_500ms/v3_500_00418.avi,500,1,0,-2.1585,-10.0602,-11.433,-11.8078,-11.0589,8,b,NO,NO.
moved_twin,data/twin_v3/v3_500_00418.avi,500,0,0,-3.1586,-10.1365,-11.6972,-11.8845,-10.9482,8,b,NO,NO.
still_real,data/videos_v3/int_500ms/v3_500_00418.avi,500,0,0,-0.7193,-9.8458,-10.4701,-11.4678,-10.7815,8,b,NO,NO.
still_twin,data/twin_v3/v3_500_00418.avi,500,1,1,2.2499,-10.1812,-11.243,-12.2402,-11.5537,8,b,YES,YES.
order_twin,data/twin_v3/v3_500_00418.avi,500,-1,0,-2.0326,-10.0436,-10.4797,-11.6039,-10.917,8,b,NO,NO.
moved_solo_hit,data/videos_v3/int_500ms/v3_500_00418_solob.avi,500,1,0,-1.4175,-10.1147,-11.3005,-11.7998,-10.9261,8,b,NO,NO.
moved_solo_fa,data/videos_v3/int_500ms/v3_500_00418_soloa.avi,500,0,0,-3.5342,-10.1045,-11.7275,-11.9149,-11.1658,8,b,NO,NO.
order_real,data/videos_v3/int_500ms/v3_500_00419.avi,500,1,0,-0.9244,-9.9702,-10.3437,-11.4673,-10.9677,8,a,NO,NO.
order_rev,data/videos_v3/int_500ms/v3_500_00419.avi,500,1,0,-0.7994,-8.0087,-10.5699,-11.2567,-10.8192,8,a,NO,NO.
order_forced,data/videos_v3/int_500ms/v3_500_00419.avi,500,1,1,0.2501,-1.2631,-1.5132,-6.2619,-8.6347,8,a,The,The red circle moved first.
interval,data/videos_v3/int_500ms/v3_500_00419.avi,500,A,A,,-1.2838,-1.264,-1.6615,-1.5307,8,a,(A,(A) Less than 1 second
order_32f,data/videos_v3/int_500ms/v3_500_00419.avi,500,1,0,-1.6151,-10.0574,-10.4312,-11.6178,-10.9309,32,a,NO,NO.
moved_real,data/videos_v3/int_500ms/v3_500_00419.avi,500,1,0,-1.5855,-10.3464,-11.4694,-11.6563,-11.0328,8,a,NO,NO.
moved_twin,data/twin_v3/v3_500_00419.avi,500,0,0,-2.8181,-10.5414,-11.8522,-11.7897,-11.2904,8,a,NO,NO.
still_real,data/videos_v3/int_500ms/v3_500_00419.avi,500,0,1,0.6825,-10.2288,-11.0408,-11.8509,-11.2268,8,a,YES,YES.
still_twin,data/twin_v3/v3_500_00419.avi,500,1,1,1.5271,-10.2267,-11.2257,-11.9733,-11.5361,8,a,YES,YES.
order_twin,data/twin_v3/v3_500_00419.avi,500,-1,0,-1.9164,-10.0406,-10.4766,-11.476,-11.0388,8,a,NO,NO.
moved_solo_hit,data/videos_v3/int_500ms/v3_500_00419_soloa.avi,500,1,0,-1.7346,-10.2843,-11.4074,-11.5322,-11.0331,8,a,NO,NO.
moved_solo_fa,data/videos_v3/int_500ms/v3_500_00419_solob.avi,500,0,0,-2.5971,-10.5542,-11.8024,-11.74,-11.1782,8,a,NO,NO.
order_real,data/videos_v3/int_500ms/v3_500_00420.avi,500,0,0,-2.3655,-10.1524,-10.5883,-11.6509,-11.2133,8,b,NO,NO.
order_rev,data/videos_v3/int_500ms/v3_500_00420.avi,500,0,0,-1.4987,-7.9632,-10.5869,-11.3367,-10.8365,8,b,NO,NO.
order_forced,data/videos_v3/int_500ms/v3_500_00420.avi,500,0,1,-0.3749,-1.4471,-1.0722,-7.3212,-9.3206,8,b,The,The blue square moved first.
interval,data/videos_v3/int_500ms/v3_500_00420.avi,500,A,A,,-1.3405,-1.3042,-1.4728,-1.5905,8,b,(A,(A) Less than 1 second
order_real,data/videos_v3/int_500ms/v3_500_00421.avi,500,1,0,-1.3452,-10.0867,-10.3351,-11.6466,-10.835,8,b,NO,NO.
order_rev,data/videos_v3/int_500ms/v3_500_00421.avi,500,1,0,-0.6571,-7.7116,-10.585,-11.3969,-10.772,8,b,NO,NO.
order_forced,data/videos_v3/int_500ms/v3_500_00421.avi,500,1,1,0.0003,-1.6583,-1.6586,-7.9062,-9.2781,8,b,The,The red triangle moved first.
interval,data/videos_v3/int_500ms/v3_500_00421.avi,500,A,B,,-1.4801,-1.0987,-1.4845,-1.6095,8,b,(B,(B) 1-2 seconds
order_real,data/videos_v3/int_500ms/v3_500_00422.avi,500,1,0,-0.4988,-10.2952,-10.6686,-11.7299,-11.1684,8,b,NO,NO.
order_rev,data/videos_v3/int_500ms/v3_500_00422.avi,500,1,0,-0.0767,-8.1511,-10.8368,-11.5235,-10.9614,8,b,NO,NO.
order_forced,data/videos_v3/int_500ms/v3_500_00422.avi,500,1,1,0.0003,-1.3964,-1.3967,-4.7709,-8.6392,8,b,The,The green triangle moved first.
interval,data/videos_v3/int_500ms/v3_500_00422.avi,500,A,B,,-1.4458,-1.0575,-1.5773,-1.7023,8,b,(B,(B) 1-2 seconds
order_real,data/videos_v3/int_500ms/v3_500_00423.avi,500,1,0,-2.3106,-10.0123,-10.3859,-11.4481,-11.011,8,b,NO,NO.
order_rev,data/videos_v3/int_500ms/v3_500_00423.avi,500,1,0,-0.4277,-7.7251,-10.5359,-11.3479,-10.8481,8,b,NO,NO.
order_forced,data/videos_v3/int_500ms/v3_500_00423.avi,500,1,1,-0.2498,-1.4598,-1.21,-5.9587,-9.0791,8,b,The,The blue square moved first.
interval,data/videos_v3/int_500ms/v3_500_00423.avi,500,A,B,,-1.4019,-1.241,-1.6613,-1.5269,8,b,(B,(B) 1-2 seconds
order_real,data/videos_v3/int_500ms/v3_500_00424.avi,500,0,0,-1.4159,-10.117,-10.4284,-11.3025,-11.0528,8,b,NO,NO.
order_rev,data/videos_v3/int_500ms/v3_500_00424.avi,500,0,0,-0.5443,-8.0666,-10.3781,-11.1271,-10.8148,8,b,NO,NO.
order_forced,data/videos_v3/int_500ms/v3_500_00424.avi,500,0,0,-0.2498,-1.7256,-1.4758,-3.8505,-8.8484,8,b,The,The yellow circle moved first.
interval,data/videos_v3/int_500ms/v3_500_00424.avi,500,A,A,,-1.2857,-1.2719,-1.5392,-1.5357,8,b,(A,(A) Less than 1 second
order_real,data/videos_v3/int_500ms/v3_500_00425.avi,500,1,0,-0.2646,-9.9696,-10.2186,-11.5301,-10.9057,8,a,NO,NO.
order_rev,data/videos_v3/int_500ms/v3_500_00425.avi,500,1,0,-0.5349,-7.832,-10.5181,-11.4551,-10.8926,8,a,NO,NO.
order_forced,data/videos_v3/int_500ms/v3_500_00425.avi,500,1,1,0.1252,-1.8749,-2.0001,-7.6237,-9.6211,8,a,The,The red square moved first.
interval,data/videos_v3/int_500ms/v3_500_00425.avi,500,A,B,,-1.3388,-1.0826,-1.4669,-1.84,8,a,(B,(B) 1-2 seconds
order_real,data/videos_v3/int_500ms/v3_500_00426.avi,500,1,0,-1.31,-9.9698,-10.2185,-11.5926,-10.9054,8,a,NO,NO.
order_rev,data/videos_v3/int_500ms/v3_500_00426.avi,500,1,0,-0.764,-7.535,-10.2832,-11.3451,-10.7203,8,a,NO,NO.
order_forced,data/videos_v3/int_500ms/v3_500_00426.avi,500,1,1,-0.2498,-2.2959,-2.0461,-8.419,-9.4159,8,a,The,The green triangle moved first.
interval,data/videos_v3/int_500ms/v3_500_00426.avi,500,A,B,,-1.335,-1.0811,-1.4619,-1.8369,8,a,(B,(B) 1-2 seconds
order_real,data/videos_v3/int_500ms/v3_500_00427.avi,500,1,0,-0.1779,-9.9557,-10.3294,-11.079,-10.954,8,b,NO,NO.
order_rev,data/videos_v3/int_500ms/v3_500_00427.avi,500,1,0,-0.0573,-7.7878,-10.4739,-11.0363,-10.9107,8,b,NO,NO.
order_forced,data/videos_v3/int_500ms/v3_500_00427.avi,500,1,1,0.1253,-1.4229,-1.5482,-4.2974,-8.7924,8,b,The,The cyan square moved first.
interval,data/videos_v3/int_500ms/v3_500_00427.avi,500,A,B,,-1.4001,-1.2342,-1.6545,-1.6395,8,b,(B,(B) 1-2 seconds
order_real,data/videos_v3/int_500ms/v3_500_00428.avi,500,1,0,-1.3024,-9.9631,-10.3992,-11.3359,-10.9612,8,b,NO,NO.
order_rev,data/videos_v3/int_500ms/v3_500_00428.avi,500,1,0,-0.9193,-8.0707,-10.5071,-11.0693,-10.8189,8,b,NO,NO.
order_forced,data/videos_v3/int_500ms/v3_500_00428.avi,500,1,1,0.1252,-1.4314,-1.5566,-4.0561,-9.0528,8,b,The,The cyan circle moved first.
interval,data/videos_v3/int_500ms/v3_500_00428.avi,500,A,A,,-1.3147,-1.2784,-1.6936,-1.5603,8,b,(A,(A) Less than 1 second
order_real,data/videos_v3/int_500ms/v3_500_00429.avi,500,0,0,-1.5032,-9.9952,-10.5563,-11.3062,-11.0563,8,b,NO,NO.
order_rev,data/videos_v3/int_500ms/v3_500_00429.avi,500,0,0,-0.7946,-8.1073,-10.6061,-11.1682,-10.9806,8,b,NO,NO.
order_forced,data/videos_v3/int_500ms/v3_500_00429.avi,500,0,1,0.1251,-1.016,-1.1411,-4.016,-9.1398,8,b,A,A
interval,data/videos_v3/int_500ms/v3_500_00429.avi,500,A,A,,-1.1991,-1.4208,-1.703,-1.4491,8,b,(A,(A) Less than 1 second
order_real,data/videos_v3/int_500ms/v3_500_00430.avi,500,1,0,-1.2531,-9.9208,-10.3568,-10.9193,-10.9189,8,a,NO,NO.
order_rev,data/videos_v3/int_500ms/v3_500_00430.avi,500,1,0,-1.0321,-7.8498,-10.4107,-10.9108,-10.7231,8,a,NO,NO.
order_forced,data/videos_v3/int_500ms/v3_500_00430.avi,500,1,1,0.0004,-1.5403,-1.5407,-3.6652,-8.4114,8,a,The,The cyan triangle moved first.
interval,data/videos_v3/int_500ms/v3_500_00430.avi,500,A,B,,-1.6249,-1.1082,-1.5057,-1.503,8,a,(B,(B) 1-2 seconds
order_real,data/videos_v3/int_500ms/v3_500_00431.avi,500,1,0,-1.6664,-10.0757,-10.5116,-11.5103,-11.0735,8,b,NO,NO.
order_rev,data/videos_v3/int_500ms/v3_500_00431.avi,500,1,0,-0.8069,-8.1167,-10.6152,-11.4269,-11.0519,8,b,NO,NO.
order_forced,data/videos_v3/int_500ms/v3_500_00431.avi,500,1,1,0.1251,-1.0508,-1.1759,-5.675,-8.7975,8,b,A,A
interval,data/videos_v3/int_500ms/v3_500_00431.avi,500,A,A,,-1.2839,-1.2599,-1.6672,-1.5339,8,b,(A,(A) Less than 1 second
order_real,data/videos_v3/int_500ms/v3_500_00432.avi,500,1,0,-0.9246,-9.7866,-10.1605,-11.0347,-10.7845,8,b,NO,NO.
order_rev,data/videos_v3/int_500ms/v3_500_00432.avi,500,1,0,-0.9248,-7.9724,-10.6585,-11.0957,-10.7831,8,b,NO,NO.
order_forced,data/videos_v3/int_500ms/v3_500_00432.avi,500,1,1,0.2502,-1.3328,-1.583,-5.5819,-8.3285,8,b,The,The magenta circle moved first.
interval,data/videos_v3/int_500ms/v3_500_00432.avi,500,A,B,,-1.4353,-1.157,-1.5642,-1.5603,8,b,(B,(B) 1-2 seconds
order_real,data/videos_v3/int_500ms/v3_500_00433.avi,500,1,0,-0.9989,-10.1358,-10.5718,-11.3209,-11.2587,8,a,NO,NO.
order_rev,data/videos_v3/int_500ms/v3_500_00433.avi,500,1,0,-0.4569,-8.3502,-10.6611,-11.098,-11.0355,8,a,NO,NO.
order_forced,data/videos_v3/int_500ms/v3_500_00433.avi,500,1,1,0.0002,-1.3383,-1.3385,-3.9629,-8.96,8,a,The,The cyan square moved first.
interval,data/videos_v3/int_500ms/v3_500_00433.avi,500,A,A,,-1.3112,-1.3954,-1.6906,-1.4362,8,a,(A,(A) Less than 1 second
order_real,data/videos_v3/int_500ms/v3_500_00434.avi,500,1,0,-0.8974,-9.9498,-10.3861,-11.5105,-10.8859,8,a,NO,NO.
order_rev,data/videos_v3/int_500ms/v3_500_00434.avi,500,1,0,-0.7755,-7.7649,-10.4509,-11.3253,-10.7006,8,a,NO,NO.
order_forced,data/videos_v3/int_500ms/v3_500_00434.avi,500,1,1,0.0002,-1.8962,-1.8964,-7.5196,-9.3894,8,a,The,The red triangle moved first.
interval,data/videos_v3/int_500ms/v3_500_00434.avi,500,A,B,,-1.5328,-1.1515,-1.4108,-1.5349,8,a,(B,(B) 1-2 seconds
order_real,data/videos_v3/int_500ms/v3_500_00435.avi,500,0,0,-2.2351,-10.188,-10.6239,-11.749,-11.3117,8,a,NO,NO.
order_rev,data/videos_v3/int_500ms/v3_500_00435.avi,500,0,0,-1.1475,-7.6349,-10.5085,-11.5082,-11.0706,8,a,NO,NO.
order_forced,data/videos_v3/int_500ms/v3_500_00435.avi,500,0,0,-0.25,-1.2055,-0.9555,-6.4553,-9.9545,8,a,B,B
interval,data/videos_v3/int_500ms/v3_500_00435.avi,500,A,A,,-1.222,-1.3167,-1.7326,-1.6026,8,a,(A,(A) Less than 1 second
order_real,data/videos_v3/int_500ms/v3_500_00436.avi,500,1,0,-1.078,-10.0077,-10.2564,-11.5055,-10.9436,8,b,NO,NO.
order_rev,data/videos_v3/int_500ms/v3_500_00436.avi,500,1,0,-1.0318,-7.7264,-10.3501,-11.2246,-10.6623,8,b,NO,NO.
order_forced,data/videos_v3/int_500ms/v3_500_00436.avi,500,1,1,-0.2499,-1.5802,-1.3303,-5.9545,-8.828,8,b,The,The blue square moved first.
interval,data/videos_v3/int_500ms/v3_500_00436.avi,500,A,A,,-1.3288,-1.3034,-1.4589,-1.5788,8,b,(A,(A) Less than 1 second
order_real,data/videos_v3/int_500ms/v3_500_00437.avi,500,0,0,-1.7646,-9.8739,-10.3102,-11.1851,-10.8101,8,b,NO,NO.
order_rev,data/videos_v3/int_500ms/v3_500_00437.avi,500,0,0,-1.5253,-7.4586,-10.5198,-11.1446,-10.7693,8,b,NO,NO.
order_forced,data/videos_v3/int_500ms/v3_500_00437.avi,500,0,1,0.0003,-1.5204,-1.5207,-4.895,-8.5165,8,b,The,The green square moved first.
interval,data/videos_v3/int_500ms/v3_500_00437.avi,500,A,B,,-1.5822,-1.1897,-1.4636,-1.4596,8,b,(B,(B) 1-2 seconds
order_real,data/videos_v3/int_500ms/v3_500_00438.avi,500,1,0,-1.7647,-9.873,-10.3716,-10.9341,-10.8713,8,a,NO,NO.
order_rev,data/videos_v3/int_500ms/v3_500_00438.avi,500,1,0,-0.8266,-8.237,-10.611,-11.0482,-10.8602,8,a,NO,NO.
order_forced,data/videos_v3/int_500ms/v3_500_00438.avi,500,1,1,0.3752,-1.3768,-1.752,-4.3764,-8.8731,8,a,The,The cyan triangle moved first.
interval,data/videos_v3/int_500ms/v3_500_00438.avi,500,A,B,,-1.5329,-1.2506,-1.4144,-1.5329,8,a,(B,(B) 1-2 seconds
order_real,data/videos_v3/int_500ms/v3_500_00439.avi,500,0,0,-2.0962,-10.0973,-10.6585,-11.5332,-11.0334,8,b,NO,NO.
order_rev,data/videos_v3/int_500ms/v3_500_00439.avi,500,0,0,-1.0829,-8.0872,-10.7107,-11.148,-10.8354,8,b,NO,NO.
order_forced,data/videos_v3/int_500ms/v3_500_00439.avi,500,0,0,0.0002,-1.336,-1.3362,-5.4599,-8.7053,8,b,The,The yellow circle moved first.
interval,data/videos_v3/int_500ms/v3_500_00439.avi,500,A,B,,-1.5919,-1.1946,-1.4726,-1.4699,8,b,(B,(B) 1-2 seconds
order_real,data/videos_v3/int_500ms/v3_500_00440.avi,500,1,0,-1.3779,-10.0811,-10.517,-11.5789,-11.0169,8,a,NO,NO.
order_rev,data/videos_v3/int_500ms/v3_500_00440.avi,500,1,0,-0.4404,-8.0252,-10.5236,-11.2105,-10.773,8,a,NO,NO.
order_forced,data/videos_v3/int_500ms/v3_500_00440.avi,500,1,0,-0.1248,-1.4789,-1.3541,-5.2281,-9.3475,8,a,The,The green circle moved first.
interval,data/videos_v3/int_500ms/v3_500_00440.avi,500,A,B,,-1.3761,-1.2192,-1.6261,-1.6212,8,a,(B,(B) 1-2 seconds
order_real,data/videos_v3/int_500ms/v3_500_00441.avi,500,0,0,-1.0319,-9.9122,-10.1609,-11.5346,-10.7857,8,b,NO,NO.
order_rev,data/videos_v3/int_500ms/v3_500_00441.avi,500,0,0,-0.0908,-7.9107,-10.3465,-11.283,-10.7209,8,b,NO,NO.
order_forced,data/videos_v3/int_500ms/v3_500_00441.avi,500,0,0,-0.3747,-1.9615,-1.5868,-5.9608,-8.5837,8,b,The,The yellow circle moved first.
interval,data/videos_v3/int_500ms/v3_500_00441.avi,500,A,A,,-1.1877,-1.174,-1.5642,-1.8111,8,b,(A,(A) Less than 1 second
order_real,data/videos_v3/int_500ms/v3_500_00442.avi,500,1,0,-1.6661,-10.2616,-10.5731,-11.51,-11.1353,8,b,NO,NO.
order_rev,data/videos_v3/int_500ms/v3_500_00442.avi,500,1,0,-1.282,-7.915,-10.5388,-11.0387,-10.8509,8,b,NO,NO.
order_forced,data/videos_v3/int_500ms/v3_500_00442.avi,500,1,1,0.2502,-1.1768,-1.427,-3.9267,-8.8002,8,b,The,The yellow square moved first.
interval,data/videos_v3/int_500ms/v3_500_00442.avi,500,A,A,,-1.1796,-1.3724,-1.6741,-1.6678,8,b,(A,(A) Less than 1 second
order_real,data/videos_v3/int_500ms/v3_500_00443.avi,500,0,0,-2.5151,-10.104,-10.6027,-11.5398,-11.165,8,b,NO,NO.
order_rev,data/videos_v3/int_500ms/v3_500_00443.avi,500,0,0,-1.4164,-7.9967,-10.6202,-11.1202,-10.7447,8,b,NO,NO.
order_forced,data/videos_v3/int_500ms/v3_500_00443.avi,500,0,1,-0.2497,-1.5928,-1.3431,-6.341,-8.8369,8,b,The,The yellow triangle moved first.
interval,data/videos_v3/int_500ms/v3_500_00443.avi,500,A,A,,-1.3294,-1.3071,-1.5825,-1.4544,8,b,(A,(A) Less than 1 second
order_real,data/videos_v3/int_500ms/v3_500_00444.avi,500,0,0,-1.1581,-9.7461,-10.1196,-11.244,-10.9318,8,a,NO,NO.
order_rev,data/videos_v3/int_500ms/v3_500_00444.avi,500,0,0,-0.3102,-7.6381,-10.5744,-11.1989,-11.0112,8,a,NO,NO.
order_forced,data/videos_v3/int_500ms/v3_500_00444.avi,500,0,0,-0.1247,-1.5577,-1.433,-3.6825,-8.9282,8,a,The,The cyan triangle moved first.
interval,data/videos_v3/int_500ms/v3_500_00444.avi,500,A,B,,-1.4347,-1.2778,-1.5641,-1.4347,8,a,(B,(B) 1-2 seconds
order_real,data/videos_v3/int_500ms/v3_500_00445.avi,500,1,0,-1.503,-9.9952,-10.5564,-11.3061,-11.0562,8,a,NO,NO.
order_rev,data/videos_v3/int_500ms/v3_500_00445.avi,500,1,0,-0.9322,-7.9554,-10.5164,-10.9539,-10.7661,8,a,NO,NO.
order_forced,data/videos_v3/int_500ms/v3_500_00445.avi,500,1,0,0.0001,-1.1727,-1.1728,-4.4225,-9.1708,8,a,The,The magenta circle moved first.
interval,data/videos_v3/int_500ms/v3_500_00445.avi,500,A,A,,-1.2495,-1.3494,-1.628,-1.4995,8,a,(A,(A) Less than 1 second
order_real,data/videos_v3/int_500ms/v3_500_00446.avi,500,1,0,-0.3869,-10.0411,-10.1024,-11.2266,-10.9147,8,a,NO,NO.
order_rev,data/videos_v3/int_500ms/v3_500_00446.avi,500,1,0,-0.0441,-7.6326,-10.443,-11.3172,-10.8176,8,a,NO,NO.
order_forced,data/videos_v3/int_500ms/v3_500_00446.avi,500,1,1,-0.2497,-2.1119,-1.8622,-4.8615,-9.4817,8,a,The,The cyan triangle moved first.
interval,data/videos_v3/int_500ms/v3_500_00446.avi,500,A,B,,-1.2162,-1.0828,-1.4693,-2.0924,8,a,(B,(B) 1-2 seconds
order_real,data/videos_v3/int_500ms/v3_500_00447.avi,500,0,0,-0.2612,-10.0432,-10.5418,-11.4161,-10.9789,8,a,NO,NO.
order_rev,data/videos_v3/int_500ms/v3_500_00447.avi,500,0,0,-0.4082,-7.9815,-10.73,-11.4169,-10.9794,8,a,NO,NO.
order_forced,data/videos_v3/int_500ms/v3_500_00447.avi,500,0,0,0.1253,-1.4215,-1.5468,-6.4203,-8.5416,8,a,The,The red triangle moved first.
interval,data/videos_v3/int_500ms/v3_500_00447.avi,500,A,B,,-1.4478,-1.1726,-1.5793,-1.5728,8,a,(B,(B) 1-2 seconds
order_real,data/videos_v3/int_500ms/v3_500_00448.avi,500,0,0,-1.2645,-10.15,-10.5238,-11.523,-11.0235,8,b,NO,NO.
order_rev,data/videos_v3/int_500ms/v3_500_00448.avi,500,0,0,-0.5324,-8.1326,-10.6312,-11.2557,-10.8182,8,b,NO,NO.
order_forced,data/videos_v3/int_500ms/v3_500_00448.avi,500,0,1,-0.1247,-1.5615,-1.4368,-6.9346,-8.6828,8,b,The,The yellow square moved first.
interval,data/videos_v3/int_500ms/v3_500_00448.avi,500,A,B,,-1.4579,-1.1796,-1.5868,-1.5785,8,b,(B,(B) 1-2 seconds
order_real,data/videos_v3/int_500ms/v3_500_00449.avi,500,0,0,-2.3305,-9.9115,-10.4722,-11.2223,-10.9097,8,a,NO,NO.
order_rev,data/videos_v3/int_500ms/v3_500_00449.avi,500,0,0,-1.4164,-7.6222,-10.6203,-11.1203,-10.745,8,a,NO,NO.
order_forced,data/videos_v3/int_500ms/v3_500_00449.avi,500,0,1,0.3751,-1.1827,-1.5578,-6.9311,-8.3043,8,a,The,The magenta square moved first.
interval,data/videos_v3/int_500ms/v3_500_00449.avi,500,A,B,,-1.3746,-1.2273,-1.6276,-1.4996,8,a,(B,(B) 1-2 seconds
order_real,data/videos_v3/int_500ms/v3_500_00450.avi,500,1,0,-0.4244,-10.3239,-10.4478,-11.8836,-11.1351,8,b,NO,NO.
order_rev,data/videos_v3/int_500ms/v3_500_00450.avi,500,1,0,-0.2528,-7.8688,-10.4297,-11.4288,-10.8669,8,b,NO,NO.
order_forced,data/videos_v3/int_500ms/v3_500_00450.avi,500,1,1,-0.1249,-1.6125,-1.4876,-6.1119,-9.2346,8,b,The,The yellow circle moved first.
interval,data/videos_v3/int_500ms/v3_500_00450.avi,500,A,A,,-1.0352,-1.2771,-1.6629,-1.7866,8,b,(A,(A) Less than 1 second
order_real,data/videos_v3/int_500ms/v3_500_00451.avi,500,1,0,-1.8234,-9.8,-10.2356,-11.3606,-10.7982,8,a,NO,NO.
order_rev,data/videos_v3/int_500ms/v3_500_00451.avi,500,1,0,-1.2298,-7.9311,-10.3667,-11.1788,-10.6162,8,a,NO,NO.
order_forced,data/videos_v3/int_500ms/v3_500_00451.avi,500,1,1,-0.2498,-1.9477,-1.6979,-7.4459,-9.5674,8,a,The,The magenta triangle moved first.
interval,data/videos_v3/int_500ms/v3_500_00451.avi,500,A,B,,-1.5345,-1.1533,-1.4126,-1.5367,8,a,(B,(B) 1-2 seconds
order_real,data/videos_v3/int_500ms/v3_500_00452.avi,500,1,0,-1.2749,-9.8207,-10.0069,-11.1314,-10.7565,8,b,NO,NO.
order_rev,data/videos_v3/int_500ms/v3_500_00452.avi,500,1,0,-1.1573,-7.6944,-10.5056,-10.9431,-10.8176,8,b,NO,NO.
order_forced,data/videos_v3/int_500ms/v3_500_00452.avi,500,1,1,-0.2496,-1.7238,-1.4742,-4.4733,-8.4687,8,b,The,The blue circle moved first.
interval,data/videos_v3/int_500ms/v3_500_00452.avi,500,A,B,,-1.5514,-1.1597,-1.4346,-1.5545,8,b,(B,(B) 1-2 seconds
order_real,data/videos_v3/int_500ms/v3_500_00453.avi,500,0,0,-1.365,-10.0401,-10.3513,-11.5375,-10.8514,8,b,NO,NO.
order_rev,data/videos_v3/int_500ms/v3_500_00453.avi,500,0,1,0.409,-7.8031,-10.6144,-11.4883,-10.9883,8,b,YES,YES.
order_forced,data/videos_v3/int_500ms/v3_500_00453.avi,500,0,0,-0.1244,-2.28,-2.1556,-7.0281,-9.0236,8,b,The,The red triangle moved first.
interval,data/videos_v3/int_500ms/v3_500_00453.avi,500,A,B,,-1.4716,-1.0845,-1.3522,-1.8483,8,b,(B,(B) 1-2 seconds
order_real,data/videos_v3/int_500ms/v3_500_00454.avi,500,1,0,-1.0768,-9.792,-10.1655,-11.4152,-10.8525,8,a,NO,NO.
order_rev,data/videos_v3/int_500ms/v3_500_00454.avi,500,1,0,-0.5766,-7.6945,-10.3803,-11.3177,-10.7548,8,a,NO,NO.
order_forced,data/videos_v3/int_500ms/v3_500_00454.avi,500,1,1,-0.1248,-1.4839,-1.3591,-6.9824,-8.2306,8,a,The,The magenta square moved first.
interval,data/videos_v3/int_500ms/v3_500_00454.avi,500,A,B,,-1.3584,-1.2111,-1.6115,-1.605,8,a,(B,(B) 1-2 seconds
order_real,data/videos_v3/int_500ms/v3_500_00455.avi,500,0,0,-1.6602,-10.2313,-10.6675,-11.6047,-11.1672,8,b,NO,NO.
order_rev,data/videos_v3/int_500ms/v3_500_00455.avi,500,0,0,-0.6604,-8.0378,-10.7865,-11.4112,-10.9737,8,b,NO,NO.
order_forced,data/videos_v3/int_500ms/v3_500_00455.avi,500,0,1,0.125,-1.0971,-1.2221,-3.9719,-9.4702,8,b,A,A
interval,data/videos_v3/int_500ms/v3_500_00455.avi,500,A,A,,-1.2648,-1.37,-1.6425,-1.3925,8,b,(A,(A) Less than 1 second
order_real,data/videos_v3/int_500ms/v3_500_00456.avi,500,0,0,-1.9854,-10.0284,-10.5891,-11.6519,-11.277,8,a,NO,NO.
order_rev,data/videos_v3/int_500ms/v3_500_00456.avi,500,0,0,-0.8978,-7.9507,-10.5741,-11.5735,-11.074,8,a,NO,NO.
order_forced,data/videos_v3/int_500ms/v3_500_00456.avi,500,0,0,-0.25,-1.1029,-0.8529,-6.2277,-9.602,8,a,B,B
interval,data/videos_v3/int_500ms/v3_500_00456.avi,500,A,A,,-1.1335,-1.3566,-1.7635,-1.6385,8,a,(A,(A) Less than 1 second
order_real,data/videos_v3/int_500ms/v3_500_00457.avi,500,0,0,-1.8595,-10.0145,-10.5134,-11.4506,-11.1381,8,b,NO,NO.
order_rev,data/videos_v3/int_500ms/v3_500_00457.avi,500,0,0,-0.7063,-7.8552,-10.4789,-11.2909,-10.8533,8,b,NO,NO.
order_forced,data/videos_v3/int_500ms/v3_500_00457.avi,500,0,1,-0.1248,-1.3561,-1.2313,-6.48,-9.1025,8,b,The,The magenta square moved first.
interval,data/videos_v3/int_500ms/v3_500_00457.avi,500,A,B,,-1.4282,-1.2624,-1.5615,-1.5483,8,b,(B,(B) 1-2 seconds
order_real,data/videos_v3/int_500ms/v3_500_00458.avi,500,1,0,-1.5029,-9.9957,-10.4319,-11.4316,-10.8691,8,a,NO,NO.
order_rev,data/videos_v3/int_500ms/v3_500_00458.avi,500,1,0,-0.091,-8.035,-10.7212,-11.3457,-10.9703,8,a,NO,NO.
order_forced,data/videos_v3/int_500ms/v3_500_00458.avi,500,1,1,0.1252,-1.4161,-1.5413,-7.5391,-8.9122,8,a,The,The green triangle moved first.
interval,data/videos_v3/int_500ms/v3_500_00458.avi,500,A,B,,-1.5085,-1.2299,-1.5115,-1.5085,8,a,(B,(B) 1-2 seconds
order_real,data/videos_v3/int_500ms/v3_500_00459.avi,500,1,0,-1.1577,-10.1205,-10.3691,-11.6188,-10.9942,8,a,NO,NO.
order_rev,data/videos_v3/int_500ms/v3_500_00459.avi,500,1,0,-0.6692,-7.8978,-10.5838,-11.3961,-10.8962,8,a,NO,NO.
order_forced,data/videos_v3/int_500ms/v3_500_00459.avi,500,1,1,-0.2499,-1.4564,-1.2065,-6.7057,-9.2044,8,a,The,The blue square moved first.
interval,data/videos_v3/int_500ms/v3_500_00459.avi,500,A,A,,-1.3149,-1.2689,-1.5698,-1.6843,8,a,(A,(A) Less than 1 second
order_real,data/videos_v3/int_500ms/v3_500_00460.avi,500,1,0,-0.9247,-10.0318,-10.2806,-11.4667,-10.9049,8,a,NO,NO.
order_rev,data/videos_v3/int_500ms/v3_500_00460.avi,500,1,0,-0.6068,-7.7128,-10.4614,-11.2731,-10.7732,8,a,NO,NO.
order_forced,data/videos_v3/int_500ms/v3_500_00460.avi,500,1,1,0.1255,-1.5623,-1.6878,-5.9354,-8.5548,8,a,The,The yellow circle moved first.
interval,data/videos_v3/int_500ms/v3_500_00460.avi,500,A,B,,-1.4643,-1.08,-1.4706,-1.7167,8,a,(B,(B) 1-2 seconds
order_real,data/videos_v3/int_500ms/v3_500_00461.avi,500,1,0,-0.2648,-10.0322,-10.3432,-11.343,-11.0927,8,b,NO,NO.
order_rev,data/videos_v3/int_500ms/v3_500_00461.avi,500,1,1,0.5376,-8.2723,-10.8334,-11.52,-11.2076,8,b,YES,YES.
order_forced,data/videos_v3/int_500ms/v3_500_00461.avi,500,1,1,-0.3748,-1.7366,-1.3618,-5.861,-9.1066,8,b,The,The blue triangle moved first.
interval,data/videos_v3/int_500ms/v3_500_00461.avi,500,A,B,,-1.4249,-1.1574,-1.4313,-1.6773,8,b,(B,(B) 1-2 seconds
order_real,data/videos_v3/int_500ms/v3_500_00462.avi,500,1,0,-0.0601,-9.812,-10.0604,-11.4971,-10.9353,8,a,NO,NO.
order_rev,data/videos_v3/int_500ms/v3_500_00462.avi,500,1,0,0.0897,-7.734,-10.7322,-11.6687,-10.9818,8,a,NO,NO.
order_forced,data/videos_v3/int_500ms/v3_500_00462.avi,500,1,1,-0.3747,-2.2201,-1.8454,-7.3438,-9.4649,8,a,The,The blue square moved first.
interval,data/videos_v3/int_500ms/v3_500_00462.avi,500,A,B,,-1.5861,-1.0777,-1.3406,-1.7141,8,a,(B,(B) 1-2 seconds
order_real,data/videos_v3/int_500ms/v3_500_00463.avi,500,0,0,-1.4846,-10.0766,-10.575,-11.5119,-11.1995,8,a,NO,NO.
order_rev,data/videos_v3/int_500ms/v3_500_00463.avi,500,0,0,-0.9324,-7.8307,-10.6415,-11.2037,-10.8909,8,a,NO,NO.
order_forced,data/videos_v3/int_500ms/v3_500_00463.avi,500,0,1,0.0001,-1.0833,-1.0834,-6.4574,-8.8308,8,a,A,A
interval,data/videos_v3/int_500ms/v3_500_00463.avi,500,A,A,,-1.3224,-1.3012,-1.7048,-1.4513,8,a,(A,(A) Less than 1 second.
order_real,data/videos_v3/int_500ms/v3_500_00464.avi,500,1,0,-1.8975,-9.9551,-10.2034,-11.4532,-10.7661,8,a,NO,NO.
order_rev,data/videos_v3/int_500ms/v3_500_00464.avi,500,1,0,-1.0829,-7.8387,-10.2744,-11.1494,-10.5865,8,a,NO,NO.
order_forced,data/videos_v3/int_500ms/v3_500_00464.avi,500,1,1,0.0002,-1.8277,-1.8279,-8.3261,-9.3239,8,a,The,The magenta triangle moved first.
interval,data/videos_v3/int_500ms/v3_500_00464.avi,500,A,B,,-1.5053,-1.1253,-1.5077,-1.5087,8,a,(B,(B) 1-2 seconds
order_real,data/videos_v3/int_500ms/v3_500_00465.avi,500,0,0,-1.8298,-9.8377,-10.0862,-11.336,-10.7736,8,b,NO,NO.
order_rev,data/videos_v3/int_500ms/v3_500_00465.avi,500,0,0,-0.7644,-7.9094,-10.4705,-11.3452,-10.7825,8,b,NO,NO.
order_forced,data/videos_v3/int_500ms/v3_500_00465.avi,500,0,1,-0.3747,-2.0545,-1.6798,-8.3022,-8.9258,8,b,The,The blue triangle moved first.
interval,data/videos_v3/int_500ms/v3_500_00465.avi,500,A,B,,-1.3215,-1.1858,-1.4493,-1.6965,8,b,(B,(B) 1-2 seconds
order_real,data/videos_v3/int_500ms/v3_500_00466.avi,500,0,0,-1.3739,-9.9852,-10.5464,-11.5458,-10.9213,8,a,NO,NO.
order_rev,data/videos_v3/int_500ms/v3_500_00466.avi,500,0,0,-0.4246,-7.765,-10.4512,-11.2631,-10.7006,8,a,NO,NO.
order_forced,data/videos_v3/int_500ms/v3_500_00466.avi,500,0,1,-0.1248,-1.4818,-1.357,-6.6059,-8.8522,8,a,The,The magenta triangle moved first.
interval,data/videos_v3/int_500ms/v3_500_00466.avi,500,A,B,,-1.6126,-1.101,-1.3682,-1.6147,8,a,(B,(B) 1-2 seconds
order_real,data/videos_v3/int_500ms/v3_500_00467.avi,500,1,0,-1.2722,-9.9809,-10.292,-11.5414,-10.7919,8,a,NO,NO.
order_rev,data/videos_v3/int_500ms/v3_500_00467.avi,500,1,0,-0.0572,-7.912,-10.5357,-11.2854,-10.7852,8,a,NO,NO.
order_forced,data/videos_v3/int_500ms/v3_500_00467.avi,500,1,1,0.0001,-1.5775,-1.5776,-7.5761,-8.6993,8,a,The,The green triangle moved first.
interval,data/videos_v3/int_500ms/v3_500_00467.avi,500,A,B,,-1.5859,-1.0737,-1.4653,-1.5875,8,a,(B,(B) 1-2 seconds
order_real,data/videos_v3/int_500ms/v3_500_00468.avi,500,0,0,-1.2646,-9.9621,-10.3358,-11.46,-10.9603,8,b,NO,NO.
order_rev,data/videos_v3/int_500ms/v3_500_00468.avi,500,0,0,-1.0113,-7.8065,-10.6176,-11.3672,-10.9297,8,b,NO,NO.
order_forced,data/videos_v3/int_500ms/v3_500_00468.avi,500,0,1,0.1251,-1.4825,-1.6076,-5.357,-8.9793,8,b,The,The green circle moved first.
interval,data/videos_v3/int_500ms/v3_500_00468.avi,500,A,A,,-1.348,-1.3117,-1.6019,-1.473,8,b,(A,(A) Less than 1 second
order_real,data/videos_v3/int_500ms/v3_500_00469.avi,500,0,0,-1.2829,-10.0912,-10.4024,-11.5891,-11.0271,8,b,NO,NO.
order_rev,data/videos_v3/int_500ms/v3_500_00469.avi,500,0,0,-0.6505,-7.8062,-10.4923,-11.242,-10.8668,8,b,NO,NO.
order_forced,data/videos_v3/int_500ms/v3_500_00469.avi,500,0,1,-0.1248,-1.4212,-1.2964,-6.0452,-9.1662,8,b,The,The green circle moved first.
interval,data/videos_v3/int_500ms/v3_500_00469.avi,500,A,B,,-1.4023,-1.2451,-1.5307,-1.5234,8,b,(B,(B) 1-2 seconds
order_real,data/videos_v3/int_500ms/v3_500_00470.avi,500,1,0,-3.3108,-10.2033,-10.7644,-11.3895,-11.2642,8,b,NO,NO.
order_rev,data/videos_v3/int_500ms/v3_500_00470.avi,500,1,0,-1.6395,-7.9556,-10.704,-11.2041,-10.766,8,b,NO,NO.
order_forced,data/videos_v3/int_500ms/v3_500_00470.avi,500,1,1,0.1255,-1.6615,-1.787,-4.4109,-8.7781,8,b,The,The cyan triangle moved first.
interval,data/videos_v3/int_500ms/v3_500_00470.avi,500,A,B,,-1.3257,-1.1885,-1.5773,-1.5757,8,b,(B,(B) 1-2 seconds
order_real,data/videos_v3/int_500ms/v3_500_00471.avi,500,1,0,-0.8975,-9.9918,-10.3654,-11.5523,-11.1148,8,a,NO,NO.
order_rev,data/videos_v3/int_500ms/v3_500_00471.avi,500,1,0,-0.8137,-7.9765,-10.5377,-11.3496,-10.9748,8,a,NO,NO.
order_forced,data/videos_v3/int_500ms/v3_500_00471.avi,500,1,0,-0.1249,-1.1305,-1.0056,-7.13,-9.5042,8,a,B,B
interval,data/videos_v3/int_500ms/v3_500_00471.avi,500,A,A,,-1.2555,-1.3486,-1.6388,-1.5099,8,a,(A,(A) Less than 1 second
order_real,data/videos_v3/int_500ms/v3_500_00472.avi,500,1,0,-1.2854,-10.1161,-10.5523,-11.3645,-11.1768,8,a,NO,NO.
order_rev,data/videos_v3/int_500ms/v3_500_00472.avi,500,1,0,-0.9463,-8.09,-10.5263,-11.0885,-10.8383,8,a,NO,NO.
order_forced,data/videos_v3/int_500ms/v3_500_00472.avi,500,1,1,0.0002,-1.2937,-1.2939,-3.7935,-8.792,8,a,The,The cyan square moved first.
interval,data/videos_v3/int_500ms/v3_500_00472.avi,500,A,A,,-1.2515,-1.3356,-1.6309,-1.6215,8,a,(A,(A) Less than 1 second
order_real,data/videos_v3/int_500ms/v3_500_00473.avi,500,0,0,-1.1504,-9.9113,-10.2846,-11.1591,-10.9095,8,b,NO,NO.
order_rev,data/videos_v3/int_500ms/v3_500_00473.avi,500,0,0,0.0486,-8.4295,-10.6779,-10.9899,-11.0522,8,b,NO,NO.
order_forced,data/videos_v3/int_500ms/v3_500_00473.avi,500,0,0,0.0002,-1.3388,-1.339,-3.5887,-8.8356,8,b,The,The cyan circle moved first.
interval,data/videos_v3/int_500ms/v3_500_00473.avi,500,A,A,,-1.3084,-1.2624,-1.6883,-1.5528,8,b,(A,(A) Less than 1 second
order_real,data/videos_v3/int_500ms/v3_500_00474.avi,500,0,0,-1.8297,-9.962,-10.1481,-11.5225,-10.898,8,b,NO,NO.
order_rev,data/videos_v3/int_500ms/v3_500_00474.avi,500,0,0,-0.4161,-7.6595,-10.283,-11.3446,-10.7822,8,b,NO,NO.
order_forced,data/videos_v3/int_500ms/v3_500_00474.avi,500,0,0,-0.3747,-1.9749,-1.6002,-6.0987,-9.0953,8,b,The,The yellow circle moved first.
interval,data/videos_v3/int_500ms/v3_500_00474.avi,500,A,B,,-1.2926,-1.1478,-1.5477,-1.7895,8,b,(B,(B) 1-2 seconds
order_real,data/videos_v3/int_500ms/v3_500_00475.avi,500,0,0,-0.8024,-10.1539,-10.3405,-11.5893,-10.9648,8,b,NO,NO.
order_rev,data/videos_v3/int_500ms/v3_500_00475.avi,500,0,0,-0.0413,-7.6992,-10.5728,-11.4467,-10.822,8,b,NO,NO.
order_forced,data/videos_v3/int_500ms/v3_500_00475.avi,500,0,1,-0.1247,-2.0943,-1.9696,-7.8424,-9.4647,8,b,The,The yellow triangle moved first.
interval,data/videos_v3/int_500ms/v3_500_00475.avi,500,A,B,,-1.5821,-1.0741,-1.336,-1.7086,8,b,(B,(B) 1-2 seconds
order_real,data/videos_v3/int_500ms/v3_500_00476.avi,500,1,0,-1.2611,-9.8091,-10.308,-11.1822,-10.8077,8,a,NO,NO.
order_rev,data/videos_v3/int_500ms/v3_500_00476.avi,500,1,0,-1.0332,-7.903,-10.6516,-11.0264,-10.8388,8,a,NO,NO.
order_forced,data/videos_v3/int_500ms/v3_500_00476.avi,500,1,1,0.2502,-1.3257,-1.5759,-4.8251,-8.6966,8,a,The,The red circle moved first.
interval,data/videos_v3/int_500ms/v3_500_00476.avi,500,A,B,,-1.4871,-1.3302,-1.6204,-1.3621,8,a,(B,(B) 1-2 seconds
order_real,data/videos_v3/int_500ms/v3_500_00477.avi,500,1,0,-1.0955,-9.9563,-10.2052,-11.3918,-10.8923,8,a,NO,NO.
order_rev,data/videos_v3/int_500ms/v3_500_00477.avi,500,1,0,-0.4161,-8.0323,-10.5307,-11.4676,-10.9054,8,a,NO,NO.
order_forced,data/videos_v3/int_500ms/v3_500_00477.avi,500,1,1,-0.1246,-1.8389,-1.7143,-5.9625,-8.7047,8,a,The,The red triangle moved first.
interval,data/videos_v3/int_500ms/v3_500_00477.avi,500,A,B,,-1.5563,-1.0473,-1.4357,-1.683,8,a,(B,(B) 1-2 seconds
order_real,data/videos_v3/int_500ms/v3_500_00478.avi,500,1,0,-1.7204,-9.9585,-10.3324,-11.3943,-10.7695,8,a,NO,NO.
order_rev,data/videos_v3/int_500ms/v3_500_00478.avi,500,1,0,-0.8025,-7.8432,-10.5292,-11.2789,-10.7787,8,a,NO,NO.
order_forced,data/videos_v3/int_500ms/v3_500_00478.avi,500,1,1,0.2502,-1.6151,-1.8653,-7.3635,-9.1095,8,a,The,The red triangle moved first.
interval,data/videos_v3/int_500ms/v3_500_00478.avi,500,A,B,,-1.6138,-1.1022,-1.3694,-1.6178,8,a,(B,(B) 1-2 seconds
order_real,data/videos_v3/int_500ms/v3_500_00479.avi,500,1,0,-1.5113,-9.8831,-10.1942,-11.5058,-10.9439,8,a,NO,NO.
order_rev,data/videos_v3/int_500ms/v3_500_00479.avi,500,1,0,-1.0816,-7.9023,-10.4009,-11.3375,-10.7754,8,a,NO,NO.
order_forced,data/videos_v3/int_500ms/v3_500_00479.avi,500,1,1,-0.1248,-1.5539,-1.4291,-5.9278,-8.5506,8,a,The,The blue square moved first.
interval,data/videos_v3/int_500ms/v3_500_00479.avi,500,A,A,,-1.3773,-1.3313,-1.5116,-1.5023,8,a,(A,(A) Less than 1 second
order_real,data/videos_v3/int_500ms/v3_500_00480.avi,500,0,0,-1.5148,-9.9794,-10.353,-11.2904,-10.9777,8,b,NO,NO.
order_rev,data/videos_v3/int_500ms/v3_500_00480.avi,500,0,0,-0.4405,-8.0258,-10.4619,-11.0868,-10.7737,8,b,NO,NO.
order_forced,data/videos_v3/int_500ms/v3_500_00480.avi,500,0,1,-0.2497,-1.5799,-1.3302,-6.8278,-8.6997,8,b,The,The blue triangle moved first.
interval,data/videos_v3/int_500ms/v3_500_00480.avi,500,A,B,,-1.3856,-1.1167,-1.639,-1.6317,8,b,(B,(B) 1-2 seconds
order_real,data/videos_v3/int_500ms/v3_500_00481.avi,500,0,0,-2.2404,-10.2252,-10.7862,-11.4742,-11.3489,8,a,NO,NO.
order_rev,data/videos_v3/int_500ms/v3_500_00481.avi,500,0,0,-1.2487,-8.111,-10.6094,-11.2346,-11.1091,8,a,NO,NO.
order_forced,data/videos_v3/int_500ms/v3_500_00481.avi,500,0,0,-0.125,-1.1867,-1.0617,-3.9366,-9.5602,8,a,B,B
interval,data/videos_v3/int_500ms/v3_500_00481.avi,500,A,A,,-1.1432,-1.3574,-1.7683,-1.6377,8,a,(A,(A) Less than 1 second
order_real,data/videos_v3/int_500ms/v3_500_00482.avi,500,0,0,-1.3073,-9.863,-10.2366,-11.2981,-10.7365,8,b,NO,NO.
order_rev,data/videos_v3/int_500ms/v3_500_00482.avi,500,0,0,-0.6963,-7.7926,-10.5408,-11.2902,-10.728,8,b,NO,NO.
order_forced,data/videos_v3/int_500ms/v3_500_00482.avi,500,0,0,-0.1248,-1.209,-1.0842,-6.9574,-8.3313,8,b,B,B
interval,data/videos_v3/int_500ms/v3_500_00482.avi,500,A,A,,-1.2169,-1.3011,-1.7169,-1.5919,8,b,(A,(A) Less than 1 second
order_real,data/videos_v3/int_500ms/v3_500_00483.avi,500,0,0,-2.346,-10.1341,-10.6951,-11.5075,-11.1326,8,a,NO,NO.
order_rev,data/videos_v3/int_500ms/v3_500_00483.avi,500,0,0,-1.0428,-7.89,-10.5761,-11.2633,-10.8882,8,a,NO,NO.
order_forced,data/videos_v3/int_500ms/v3_500_00483.avi,500,0,1,0.0,-1.1047,-1.1047,-3.4796,-9.3528,8,a,A,A
interval,data/videos_v3/int_500ms/v3_500_00483.avi,500,A,A,,-1.1438,-1.3783,-1.6478,-1.5209,8,a,(A,(A) Less than 1 second
order_real,data/videos_v3/int_500ms/v3_500_00484.avi,500,0,0,-1.5146,-9.9766,-10.4128,-11.2249,-11.0374,8,a,NO,NO.
order_rev,data/videos_v3/int_500ms/v3_500_00484.avi,500,0,0,-1.0111,-7.8089,-10.4326,-10.9323,-10.682,8,a,NO,NO.
order_forced,data/videos_v3/int_500ms/v3_500_00484.avi,500,0,1,0.0003,-1.4568,-1.4571,-4.2064,-8.9516,8,a,The,The cyan square moved first.
interval,data/videos_v3/int_500ms/v3_500_00484.avi,500,A,B,,-1.4236,-1.2623,-1.5559,-1.5442,8,a,(B,(B) 1-2 seconds
order_real,data/videos_v3/int_500ms/v3_500_00485.avi,500,0,0,-0.3777,-10.0659,-10.252,-11.688,-10.9393,8,a,NO,NO.
order_rev,data/videos_v3/int_500ms/v3_500_00485.avi,500,0,1,0.191,-7.838,-10.4613,-11.3981,-10.8359,8,a,YES,YES.
order_forced,data/videos_v3/int_500ms/v3_500_00485.avi,500,0,1,-0.6245,-2.4469,-1.8224,-7.4448,-9.0662,8,a,The,The yellow square moved first.
interval,data/videos_v3/int_500ms/v3_500_00485.avi,500,A,B,,-1.4072,-1.0251,-1.5356,-1.7856,8,a,(B,(B) 1-2 seconds
order_real,data/videos_v3/int_500ms/v3_500_00486.avi,500,0,0,-1.4895,-10.0156,-10.2645,-11.1391,-10.7646,8,a,NO,NO.
order_rev,data/videos_v3/int_500ms/v3_500_00486.avi,500,0,0,-0.6658,-7.8158,-10.5017,-11.1888,-10.8138,8,a,NO,NO.
order_forced,data/videos_v3/int_500ms/v3_500_00486.avi,500,0,0,-0.3745,-2.8183,-2.4438,-5.0681,-9.6879,8,a,The,The cyan triangle moved first.
interval,data/videos_v3/int_500ms/v3_500_00486.avi,500,A,B,,-1.6463,-1.0182,-1.4007,-1.6507,8,a,(B,(B) 1-2 seconds
order_real,data/videos_v3/int_500ms/v3_500_00487.avi,500,0,0,-1.8442,-10.0934,-10.467,-11.7167,-11.0917,8,a,NO,NO.
order_rev,data/videos_v3/int_500ms/v3_500_00487.avi,500,0,0,-0.66,-7.7892,-10.4752,-11.3498,-10.8494,8,a,NO,NO.
order_forced,data/videos_v3/int_500ms/v3_500_00487.avi,500,0,1,-0.2496,-1.5825,-1.3329,-6.2055,-9.0726,8,a,The,The green triangle moved first.
interval,data/videos_v3/int_500ms/v3_500_00487.avi,500,A,B,,-1.3276,-1.1895,-1.5821,-1.5821,8,a,(B,(B) 1-2 seconds
order_real,data/videos_v3/int_500ms/v3_500_00488.avi,500,1,0,-1.1363,-10.0239,-10.3979,-11.272,-10.8976,8,a,NO,NO.
order_rev,data/videos_v3/int_500ms/v3_500_00488.avi,500,1,0,-0.5713,-7.709,-10.5203,-11.2071,-10.8944,8,a,NO,NO.
order_forced,data/videos_v3/int_500ms/v3_500_00488.avi,500,1,1,-0.1245,-1.4854,-1.3609,-4.36,-8.4804,8,a,The,The yellow circle moved first.
interval,data/videos_v3/int_500ms/v3_500_00488.avi,500,A,B,,-1.5707,-1.0532,-1.4502,-1.6957,8,a,(B,(B) 1-2 seconds
order_real,data/videos_v3/int_500ms/v3_500_00489.avi,500,1,0,-1.5944,-10.1936,-10.7549,-11.5049,-11.3173,8,a,NO,NO.
order_rev,data/videos_v3/int_500ms/v3_500_00489.avi,500,1,0,-1.1476,-8.0091,-10.6953,-11.2577,-11.1325,8,a,NO,NO.
order_forced,data/videos_v3/int_500ms/v3_500_00489.avi,500,1,1,0.125,-1.0711,-1.1961,-3.3211,-9.5702,8,a,A,A
interval,data/videos_v3/int_500ms/v3_500_00489.avi,500,A,A,,-1.1486,-1.37,-1.6516,-1.6451,8,a,(A,(A) Less than 1 second
order_real,data/videos_v3/int_500ms/v3_500_00490.avi,500,0,0,-0.5352,-10.0199,-10.1439,-11.4551,-10.8935,8,a,NO,NO.
order_rev,data/videos_v3/int_500ms/v3_500_00490.avi,500,0,0,-0.1503,-8.0069,-10.5676,-11.3794,-10.8798,8,a,NO,NO.
order_forced,data/videos_v3/int_500ms/v3_500_00490.avi,500,0,1,-0.1248,-1.5439,-1.4191,-6.9174,-8.0408,8,a,The,The blue triangle moved first.
interval,data/videos_v3/int_500ms/v3_500_00490.avi,500,A,B,,-1.5106,-1.1189,-1.5188,-1.6387,8,a,(B,(B) 1-2 seconds
order_real,data/videos_v3/int_500ms/v3_500_00491.avi,500,1,0,-1.0112,-10.0569,-10.3681,-11.4919,-10.9922,8,a,NO,NO.
order_rev,data/videos_v3/int_500ms/v3_500_00491.avi,500,1,0,-0.8269,-7.8602,-10.6713,-11.4205,-10.983,8,a,NO,NO.
order_forced,data/videos_v3/int_500ms/v3_500_00491.avi,500,1,1,0.5001,-1.2098,-1.7099,-6.3336,-8.8314,8,a,The,The red circle moved first.
interval,data/videos_v3/int_500ms/v3_500_00491.avi,500,A,A,,-1.2565,-1.3529,-1.6345,-1.5065,8,a,(A,(A) Less than 1 second
order_real,data/videos_v3/int_500ms/v3_500_00492.avi,500,0,0,-1.2907,-10.0199,-10.3937,-11.5805,-10.9556,8,a,NO,NO.
order_rev,data/videos_v3/int_500ms/v3_500_00492.avi,500,0,0,-1.157,-7.9437,-10.5675,-11.4419,-10.8169,8,a,NO,NO.
order_forced,data/videos_v3/int_500ms/v3_500_00492.avi,500,0,1,-0.3748,-1.6223,-1.2475,-7.3709,-8.8704,8,a,The,The red square moved first.
interval,data/videos_v3/int_500ms/v3_500_00492.avi,500,A,A,,-1.2345,-1.3158,-1.4845,-1.7271,8,a,(A,(A) Less than 1 second
order_real,data/videos_v3/int_500ms/v3_500_00493.avi,500,1,0,-1.2353,-10.0315,-10.3426,-11.6545,-11.03,8,b,NO,NO.
order_rev,data/videos_v3/int_500ms/v3_500_00493.avi,500,1,0,-0.2122,-7.871,-10.432,-11.3064,-10.8064,8,b,NO,NO.
order_forced,data/videos_v3/int_500ms/v3_500_00493.avi,500,1,0,-0.2497,-1.7205,-1.4708,-5.7196,-8.592,8,b,The,The yellow circle moved first.
interval,data/videos_v3/int_500ms/v3_500_00493.avi,500,A,A,,-1.2942,-1.2579,-1.5481,-1.6599,8,b,(A,(A) Less than 1 second
order_real,data/videos_v3/int_500ms/v3_500_00494.avi,500,0,0,-1.4848,-9.9179,-10.2292,-11.4159,-10.7914,8,a,NO,NO.
order_rev,data/videos_v3/int_500ms/v3_500_00494.avi,500,0,0,-0.4162,-7.9089,-10.4702,-11.407,-10.782,8,a,NO,NO.
order_forced,data/videos_v3/int_500ms/v3_500_00494.avi,500,0,1,-0.1247,-1.6117,-1.487,-7.2345,-8.6065,8,a,The,The red triangle moved first.
interval,data/videos_v3/int_500ms/v3_500_00494.avi,500,A,B,,-1.4925,-1.1059,-1.3747,-1.7447,8,a,(B,(B) 1-2 seconds
order_real,data/videos_v3/int_500ms/v3_500_00495.avi,500,1,0,-1.234,-10.1875,-10.4365,-11.5607,-10.9359,8,a,NO,NO.
order_rev,data/videos_v3/int_500ms/v3_500_00495.avi,500,1,0,-0.2943,-7.7898,-10.6634,-11.4754,-10.9129,8,a,NO,NO.
order_forced,data/videos_v3/int_500ms/v3_500_00495.avi,500,1,1,-0.2498,-1.6364,-1.3866,-6.3858,-8.6328,8,a,The,The red triangle moved first.
interval,data/videos_v3/int_500ms/v3_500_00495.avi,500,A,B,,-1.3217,-1.1872,-1.4492,-1.6992,8,a,(B,(B) 1-2 seconds
order_real,data/videos_v3/int_500ms/v3_500_00496.avi,500,1,0,-0.6821,-9.7841,-9.9703,-10.9695,-10.7196,8,b,NO,NO.
order_rev,data/videos_v3/int_500ms/v3_500_00496.avi,500,1,0,-0.0655,-7.6908,-10.3142,-11.0012,-10.6886,8,b,NO,NO.
order_forced,data/videos_v3/int_500ms/v3_500_00496.avi,500,1,1,0.3758,-1.5205,-1.8963,-4.7692,-8.5113,8,b,The,The cyan triangle moved first.
interval,data/videos_v3/int_500ms/v3_500_00496.avi,500,A,B,,-1.3726,-1.2074,-1.501,-1.7437,8,b,(B,(B) 1-2 seconds
order_real,data/videos_v3/int_500ms/v3_500_00497.avi,500,1,0,-1.2644,-9.9623,-10.2736,-11.0232,-10.7735,8,b,NO,NO.
order_rev,data/videos_v3/int_500ms/v3_500_00497.avi,500,1,0,-0.8262,-7.611,-10.3594,-11.0463,-10.6714,8,b,NO,NO.
order_forced,data/videos_v3/int_500ms/v3_500_00497.avi,500,1,1,-0.374,-2.1403,-1.7663,-5.0147,-8.6328,8,b,The,The yellow triangle moved first.
interval,data/videos_v3/int_500ms/v3_500_00497.avi,500,A,B,,-1.4816,-1.095,-1.4856,-1.6106,8,b,(B,(B) 1-2 seconds
order_real,data/videos_v3/int_500ms/v3_500_00498.avi,500,0,0,-1.3976,-9.9553,-10.1415,-11.5154,-10.8912,8,a,NO,NO.
order_rev,data/videos_v3/int_500ms/v3_500_00498.avi,500,0,0,-0.583,-7.7402,-10.3013,-11.1755,-10.6135,8,a,NO,NO.
order_forced,data/videos_v3/int_500ms/v3_500_00498.avi,500,0,0,-0.1248,-1.619,-1.4942,-6.2425,-8.6144,8,a,The,The yellow square moved first.
interval,data/videos_v3/int_500ms/v3_500_00498.avi,500,A,B,,-1.4197,-1.2663,-1.5551,-1.5403,8,a,(B,(B) 1-2 seconds
order_real,data/videos_v3/int_500ms/v3_500_00499.avi,500,0,0,-0.9001,-9.9144,-10.1633,-10.9754,-10.7877,8,b,NO,NO.
order_rev,data/videos_v3/int_500ms/v3_500_00499.avi,500,0,0,-0.6602,-7.9127,-10.5362,-11.0358,-10.7858,8,b,NO,NO.
order_forced,data/videos_v3/int_500ms/v3_500_00499.avi,500,0,1,-0.1247,-1.6255,-1.5008,-4.1254,-8.6216,8,b,The,The magenta triangle moved first.
interval,data/videos_v3/int_500ms/v3_500_00499.avi,500,A,B,,-1.6533,-1.0201,-1.4104,-1.6573,8,b,(B,(B) 1-2 seconds
order_real,data/videos_v3/int_1000ms/v3_1000_00500.avi,1000,1,0,-1.7645,-10.0592,-10.4329,-11.4951,-10.9951,8,b,NO,NO.
order_rev,data/videos_v3/int_1000ms/v3_1000_00500.avi,1000,1,0,-1.5495,-8.0786,-10.7021,-11.3893,-10.8268,8,b,NO,NO.
order_forced,data/videos_v3/int_1000ms/v3_1000_00500.avi,1000,1,1,-0.1249,-1.3674,-1.2425,-6.8662,-8.9892,8,b,The,The magenta circle moved first.
interval,data/videos_v3/int_1000ms/v3_1000_00500.avi,1000,B,D,,-1.4057,-1.3941,-1.5363,-1.2847,8,b,(D,(D) More than 5 seconds.
order_32f,data/videos_v3/int_1000ms/v3_1000_00500.avi,1000,1,0,-2.8457,-10.2238,-10.785,-11.9097,-11.2223,32,b,NO,NO.
moved_real,data/videos_v3/int_1000ms/v3_1000_00500.avi,1000,1,0,-2.6677,-10.5257,-11.8992,-12.0866,-11.3374,8,b,NO,NO.
moved_twin,data/twin_v3/v3_1000_00500.avi,1000,0,0,-3.0144,-10.6224,-11.9959,-12.1208,-11.3716,8,b,NO,NO.
still_real,data/videos_v3/int_1000ms/v3_1000_00500.avi,1000,0,1,1.8901,-10.3378,-11.3374,-12.2102,-11.6483,8,b,YES,YES.
still_twin,data/twin_v3/v3_1000_00500.avi,1000,1,1,2.265,-10.2954,-11.3574,-12.2297,-11.6679,8,b,YES,YES.
order_twin,data/twin_v3/v3_1000_00500.avi,1000,-1,0,-2.1504,-10.1817,-10.5556,-11.6799,-11.1174,8,b,NO,NO.
moved_solo_hit,data/videos_v3/int_1000ms/v3_1000_00500_solob.avi,1000,1,0,-2.5338,-10.5258,-11.8367,-12.0243,-11.275,8,b,NO,NO.
moved_solo_fa,data/videos_v3/int_1000ms/v3_1000_00500_soloa.avi,1000,0,0,-3.0429,-10.5052,-11.9411,-12.0662,-11.3168,8,b,NO,NO.
order_real,data/videos_v3/int_1000ms/v3_1000_00501.avi,1000,0,0,-1.7209,-10.2079,-10.6438,-11.6437,-11.2063,8,a,NO,NO.
order_rev,data/videos_v3/int_1000ms/v3_1000_00501.avi,1000,0,0,-1.2355,-8.2823,-10.6557,-11.4683,-11.1556,8,a,NO,NO.
order_forced,data/videos_v3/int_1000ms/v3_1000_00501.avi,1000,0,0,-0.375,-1.3904,-1.0154,-6.1401,-9.6393,8,a,B,B
interval,data/videos_v3/int_1000ms/v3_1000_00501.avi,1000,B,A,,-1.0255,-1.3817,-1.782,-1.654,8,a,(A,(A) Less than 1 second
order_32f,data/videos_v3/int_1000ms/v3_1000_00501.avi,1000,0,0,-2.346,-10.26,-10.696,-11.7588,-11.1963,32,a,NO,NO.
moved_real,data/videos_v3/int_1000ms/v3_1000_00501.avi,1000,1,0,-2.6126,-10.2277,-11.5384,-11.9757,-11.1639,8,a,NO,NO.
moved_twin,data/twin_v3/v3_1000_00501.avi,1000,0,0,-2.6649,-10.3645,-11.6128,-12.1131,-11.2381,8,a,NO,NO.
still_real,data/videos_v3/int_1000ms/v3_1000_00501.avi,1000,0,1,1.5385,-10.3603,-11.4222,-12.1085,-11.6712,8,a,YES,YES.
still_twin,data/twin_v3/v3_1000_00501.avi,1000,1,1,1.7634,-10.5779,-11.7645,-12.5135,-11.9506,8,a,YES,YES.
order_twin,data/twin_v3/v3_1000_00501.avi,1000,-1,0,-1.7728,-10.1811,-10.6173,-11.6796,-11.1793,8,a,NO,NO.
moved_solo_hit,data/videos_v3/int_1000ms/v3_1000_00501_soloa.avi,1000,1,0,-2.5297,-10.1927,-11.5034,-12.0037,-11.1287,8,a,NO,NO.
moved_solo_fa,data/videos_v3/int_1000ms/v3_1000_00501_solob.avi,1000,0,0,-2.7514,-10.2709,-11.5817,-12.0191,-11.207,8,a,NO,NO.
order_real,data/videos_v3/int_1000ms/v3_1000_00502.avi,1000,1,0,-1.6471,-10.2827,-10.7189,-11.7186,-11.2813,8,a,NO,NO.
order_rev,data/videos_v3/int_1000ms/v3_1000_00502.avi,1000,1,0,-0.9082,-7.9161,-10.665,-11.2899,-11.1021,8,a,NO,NO.
order_forced,data/videos_v3/int_1000ms/v3_1000_00502.avi,1000,1,0,-0.1249,-1.2626,-1.1377,-4.0125,-10.0108,8,a,The,The cyan square moved first.
interval,data/videos_v3/int_1000ms/v3_1000_00502.avi,1000,B,A,,-1.1151,-1.4329,-1.745,-1.7401,8,a,(A,(A) Less than 1 second
order_32f,data/videos_v3/int_1000ms/v3_1000_00502.avi,1000,1,0,-1.761,-10.2779,-10.7765,-11.7141,-11.339,32,a,NO,NO.
moved_real,data/videos_v3/int_1000ms/v3_1000_00502.avi,1000,1,0,-2.6169,-10.1441,-11.705,-12.0801,-11.3928,8,a,NO,NO.
moved_twin,data/twin_v3/v3_1000_00502.avi,1000,0,0,-2.3519,-10.299,-11.61,-12.1097,-11.2353,8,a,NO,NO.
still_real,data/videos_v3/int_1000ms/v3_1000_00502.avi,1000,0,1,1.0363,-10.1995,-11.2614,-11.8853,-11.5106,8,a,YES,YES.
still_twin,data/twin_v3/v3_1000_00502.avi,1000,1,1,1.8963,-10.3222,-11.5716,-12.1332,-11.8206,8,a,YES,YES.
order_twin,data/twin_v3/v3_1000_00502.avi,1000,-1,0,-1.7612,-10.3167,-10.6906,-11.7527,-11.3777,8,a,NO,NO.
moved_solo_hit,data/videos_v3/int_1000ms/v3_1000_00502_soloa.avi,1000,1,0,-2.6017,-10.2793,-11.6529,-12.0902,-11.403,8,a,NO,NO.
moved_solo_fa,data/videos_v3/int_1000ms/v3_1000_00502_solob.avi,1000,0,0,-2.0134,-10.1995,-11.6354,-12.0728,-11.1984,8,a,NO,NO.
order_real,data/videos_v3/int_1000ms/v3_1000_00503.avi,1000,0,0,-1.307,-9.8643,-10.1754,-11.05,-10.7373,8,a,NO,NO.
order_rev,data/videos_v3/int_1000ms/v3_1000_00503.avi,1000,0,0,-0.6965,-8.0433,-10.4793,-10.9166,-10.6663,8,a,NO,NO.
order_forced,data/videos_v3/int_1000ms/v3_1000_00503.avi,1000,0,1,0.3752,-1.1789,-1.5541,-5.8032,-8.8005,8,a,The,The magenta triangle moved first.
interval,data/videos_v3/int_1000ms/v3_1000_00503.avi,1000,B,B,,-1.4812,-1.2029,-1.4916,-1.6062,8,a,(B,(B) 1-2 seconds
order_32f,data/videos_v3/int_1000ms/v3_1000_00503.avi,1000,0,0,-2.4075,-9.8856,-10.509,-11.3838,-10.8839,32,a,NO,NO.
moved_real,data/videos_v3/int_1000ms/v3_1000_00503.avi,1000,1,0,-2.0112,-10.1591,-11.4692,-11.6567,-10.9078,8,a,NO,NO.
moved_twin,data/twin_v3/v3_1000_00503.avi,1000,0,0,-3.6102,-10.2724,-11.7704,-11.8327,-10.9591,8,a,NO,NO.
still_real,data/videos_v3/int_1000ms/v3_1000_00503.avi,1000,0,1,1.635,-10.1446,-11.2689,-12.0163,-11.392,8,a,YES,YES.
still_twin,data/twin_v3/v3_1000_00503.avi,1000,1,1,2.6248,-10.2745,-11.4614,-12.2077,-11.6461,8,a,YES,YES.
order_twin,data/twin_v3/v3_1000_00503.avi,1000,-1,0,-2.1822,-9.7985,-10.2972,-10.9846,-10.7966,8,a,NO,NO.
moved_solo_hit,data/videos_v3/int_1000ms/v3_1000_00503_soloa.avi,1000,1,0,-1.408,-10.0038,-11.2516,-11.4388,-10.6902,8,a,NO,NO.
moved_solo_fa,data/videos_v3/int_1000ms/v3_1000_00503_solob.avi,1000,0,0,-3.3981,-10.2651,-11.7008,-11.8255,-10.9518,8,a,NO,NO.
order_real,data/videos_v3/int_1000ms/v3_1000_00504.avi,1000,1,0,-1.1395,-9.8067,-10.1805,-10.8673,-10.6173,8,b,NO,NO.
order_rev,data/videos_v3/int_1000ms/v3_1000_00504.avi,1000,1,0,-0.8016,-8.0607,-10.4969,-10.9341,-10.6214,8,b,NO,NO.
order_forced,data/videos_v3/int_1000ms/v3_1000_00504.avi,1000,1,1,0.1256,-1.7292,-1.8548,-4.229,-8.9728,8,b,The,The cyan triangle moved first.
interval,data/videos_v3/int_1000ms/v3_1000_00504.avi,1000,B,B,,-1.483,-1.2077,-1.4857,-1.4857,8,b,(B,(B) 1-2 seconds
order_32f,data/videos_v3/int_1000ms/v3_1000_00504.avi,1000,1,0,-1.8638,-9.8464,-10.2822,-10.9698,-10.7198,32,b,NO,NO.
moved_real,data/videos_v3/int_1000ms/v3_1000_00504.avi,1000,1,0,-2.6098,-10.4393,-11.6872,-10.9382,-10.9386,8,b,NO,NO.
moved_twin,data/twin_v3/v3_1000_00504.avi,1000,0,0,-2.985,-10.4182,-11.7911,-10.855,-10.9801,8,b,NO,NO.
still_real,data/videos_v3/int_1000ms/v3_1000_00504.avi,1000,0,1,1.28,-10.0788,-11.0157,-11.7623,-11.1385,8,b,YES,YES.
still_twin,data/twin_v3/v3_1000_00504.avi,1000,1,1,2.1374,-10.163,-11.1624,-11.9093,-11.3472,8,b,YES,YES.
order_twin,data/twin_v3/v3_1000_00504.avi,1000,-1,0,-1.3896,-9.8155,-10.2516,-10.8139,-10.6262,8,b,NO,NO.
moved_solo_hit,data/videos_v3/int_1000ms/v3_1000_00504_solob.avi,1000,1,0,-2.624,-10.3898,-11.6379,-10.9514,-10.9517,8,b,NO,NO.
moved_solo_fa,data/videos_v3/int_1000ms/v3_1000_00504_soloa.avi,1000,0,0,-2.874,-10.5355,-11.8462,-10.972,-11.035,8,b,NO,NO.
order_real,data/videos_v3/int_1000ms/v3_1000_00505.avi,1000,1,0,-0.1507,-10.1306,-10.3793,-11.441,-11.0039,8,b,NO,NO.
order_rev,data/videos_v3/int_1000ms/v3_1000_00505.avi,1000,1,0,0.0537,-8.1058,-10.6664,-11.3531,-10.916,8,b,NO,NO.
order_forced,data/videos_v3/int_1000ms/v3_1000_00505.avi,1000,1,1,0.1253,-1.4771,-1.6024,-6.1012,-8.9719,8,b,The,The magenta triangle moved first.
interval,data/videos_v3/int_1000ms/v3_1000_00505.avi,1000,B,B,,-1.4588,-1.0766,-1.4638,-1.7124,8,b,(B,(B) 1-2 seconds
order_32f,data/videos_v3/int_1000ms/v3_1000_00505.avi,1000,1,0,-0.2648,-9.9095,-10.2204,-11.4692,-10.845,32,b,NO,NO.
moved_real,data/videos_v3/int_1000ms/v3_1000_00505.avi,1000,1,0,-0.5603,-10.349,-11.3473,-11.6592,-10.9729,8,b,NO,NO.
moved_twin,data/twin_v3/v3_1000_00505.avi,1000,0,0,-3.2494,-10.5482,-11.9213,-11.7343,-11.0479,8,b,NO,NO.
still_real,data/videos_v3/int_1000ms/v3_1000_00505.avi,1000,0,0,-0.7913,-9.9377,-10.6243,-11.3726,-10.7484,8,b,NO,NO.
still_twin,data/twin_v3/v3_1000_00505.avi,1000,1,1,1.894,-10.4187,-11.4185,-12.1033,-11.6036,8,b,YES,YES.
order_twin,data/twin_v3/v3_1000_00505.avi,1000,-1,0,-2.221,-10.0246,-10.648,-11.3981,-11.1477,8,b,NO,NO.
moved_solo_hit,data/videos_v3/int_1000ms/v3_1000_00505_solob.avi,1000,1,0,-0.8029,-10.2174,-11.4028,-11.5278,-10.9039,8,b,NO,NO.
moved_solo_fa,data/videos_v3/int_1000ms/v3_1000_00505_soloa.avi,1000,0,0,-2.8978,-10.285,-11.6576,-11.7205,-10.9089,8,b,NO,NO.
order_real,data/videos_v3/int_1000ms/v3_1000_00506.avi,1000,1,0,-1.4003,-10.1671,-10.5409,-11.6026,-11.0408,8,b,NO,NO.
order_rev,data/videos_v3/int_1000ms/v3_1000_00506.avi,1000,1,0,-0.5572,-8.1993,-10.6977,-11.2599,-10.9476,8,b,NO,NO.
order_forced,data/videos_v3/int_1000ms/v3_1000_00506.avi,1000,1,0,-0.125,-1.1368,-1.0118,-4.0117,-9.0109,8,b,B,B
interval,data/videos_v3/int_1000ms/v3_1000_00506.avi,1000,B,A,,-1.1459,-1.3868,-1.7726,-1.3976,8,b,(A,(A) Less than 1 second
order_32f,data/videos_v3/int_1000ms/v3_1000_00506.avi,1000,1,0,-1.83,-10.3351,-10.709,-11.7079,-11.0839,32,b,NO,NO.
moved_real,data/videos_v3/int_1000ms/v3_1000_00506.avi,1000,1,0,-3.2378,-10.3827,-12.0061,-11.2569,-11.1947,8,b,NO,NO.
moved_twin,data/twin_v3/v3_1000_00506.avi,1000,0,0,-2.8627,-10.5256,-11.8992,-11.2749,-11.0877,8,b,NO,NO.
still_real,data/videos_v3/int_1000ms/v3_1000_00506.avi,1000,0,1,0.6791,-9.9331,-11.0571,-11.6804,-11.1812,8,b,YES,YES.
still_twin,data/twin_v3/v3_1000_00506.avi,1000,1,1,2.269,-10.1894,-11.6255,-12.1243,-11.6874,8,b,YES,YES.
order_twin,data/twin_v3/v3_1000_00506.avi,1000,-1,0,-1.7824,-10.1368,-10.6979,-11.4476,-11.0102,8,b,NO,NO.
moved_solo_hit,data/videos_v3/int_1000ms/v3_1000_00506_solob.avi,1000,1,0,-2.7375,-10.4076,-11.9059,-11.2818,-11.1569,8,b,NO,NO.
moved_solo_fa,data/videos_v3/int_1000ms/v3_1000_00506_soloa.avi,1000,0,0,-3.1368,-10.263,-11.824,-11.1371,-11.0125,8,b,NO,NO.
order_real,data/videos_v3/int_1000ms/v3_1000_00507.avi,1000,0,0,-2.1476,-9.9872,-10.4234,-11.5478,-10.7985,8,a,NO,NO.
order_rev,data/videos_v3/int_1000ms/v3_1000_00507.avi,1000,0,0,-1.1765,-7.7098,-10.396,-11.2703,-10.7076,8,a,NO,NO.
order_forced,data/videos_v3/int_1000ms/v3_1000_00507.avi,1000,0,1,-0.1245,-2.1941,-2.0696,-7.9411,-9.3125,8,a,The,The yellow square moved first.
interval,data/videos_v3/int_1000ms/v3_1000_00507.avi,1000,B,B,,-1.6059,-1.1009,-1.361,-1.6102,8,a,(B,(B) 1-2 seconds
order_32f,data/videos_v3/int_1000ms/v3_1000_00507.avi,1000,0,0,-2.884,-10.1901,-10.6886,-11.813,-10.8765,32,a,NO,NO.
moved_real,data/videos_v3/int_1000ms/v3_1000_00507.avi,1000,1,0,-2.184,-10.2737,-11.2725,-11.5841,-10.648,8,a,NO,NO.
moved_twin,data/twin_v3/v3_1000_00507.avi,1000,0,0,-2.9249,-10.4346,-11.5582,-11.8074,-10.8714,8,a,NO,NO.
still_real,data/videos_v3/int_1000ms/v3_1000_00507.avi,1000,0,1,1.4403,-10.1293,-11.0665,-11.9392,-11.1901,8,a,YES,YES.
still_twin,data/twin_v3/v3_1000_00507.avi,1000,1,1,2.4999,-10.3478,-11.2852,-12.0951,-11.5325,8,a,YES,YES.
order_twin,data/twin_v3/v3_1000_00507.avi,1000,-1,0,-2.6155,-10.1349,-10.5088,-11.6329,-10.9461,8,a,NO,NO.
moved_solo_hit,data/videos_v3/int_1000ms/v3_1000_00507_soloa.avi,1000,1,0,-0.8268,-10.2333,-11.1067,-11.6055,-10.7321,8,a,NO,NO.
moved_solo_fa,data/videos_v3/int_1000ms/v3_1000_00507_solob.avi,1000,0,0,-2.7998,-10.6279,-11.6892,-11.8761,-10.9398,8,a,NO,NO.
order_real,data/videos_v3/int_1000ms/v3_1000_00508.avi,1000,0,0,-1.3861,-9.9691,-10.4052,-11.4671,-10.9674,8,b,NO,NO.
order_rev,data/videos_v3/int_1000ms/v3_1000_00508.avi,1000,0,0,-1.0226,-7.7473,-10.4959,-11.1831,-10.8079,8,b,NO,NO.
order_forced,data/videos_v3/int_1000ms/v3_1000_00508.avi,1000,0,1,0.2501,-1.145,-1.3951,-5.7694,-9.2667,8,b,The,The magenta circle moved first.
interval,data/videos_v3/int_1000ms/v3_1000_00508.avi,1000,B,A,,-1.2414,-1.3381,-1.5018,-1.6164,8,b,(A,(A) Less than 1 second
order_32f,data/videos_v3/int_1000ms/v3_1000_00508.avi,1000,0,0,-2.2917,-10.0343,-10.7203,-11.6577,-10.9702,32,b,NO,NO.
moved_real,data/videos_v3/int_1000ms/v3_1000_00508.avi,1000,1,0,-0.442,-9.7615,-11.0718,-11.3841,-10.7595,8,b,NO,NO.
moved_twin,data/twin_v3/v3_1000_00508.avi,1000,0,0,-2.8868,-10.1528,-11.5256,-11.4012,-10.9019,8,b,NO,NO.
still_real,data/videos_v3/int_1000ms/v3_1000_00508.avi,1000,0,1,0.3218,-9.7754,-10.8993,-11.6475,-11.0859,8,b,YES,YES.
still_twin,data/twin_v3/v3_1000_00508.avi,1000,1,1,1.894,-9.9831,-11.2318,-11.9168,-11.4796,8,b,YES,YES.
order_twin,data/twin_v3/v3_1000_00508.avi,1000,-1,0,-2.1398,-9.8289,-10.3273,-11.2022,-10.8893,8,b,NO,NO.
moved_solo_hit,data/videos_v3/int_1000ms/v3_1000_00508_solob.avi,1000,1,0,-0.4261,-9.8322,-11.0172,-11.1423,-10.5803,8,b,NO,NO.
moved_solo_fa,data/videos_v3/int_1000ms/v3_1000_00508_soloa.avi,1000,0,0,-2.9876,-10.1446,-11.6424,-11.6431,-11.081,8,b,NO,NO.
order_real,data/videos_v3/int_1000ms/v3_1000_00509.avi,1000,0,0,-0.2645,-10.2818,-10.2809,-11.3425,-10.9057,8,a,NO,NO.
order_rev,data/videos_v3/int_1000ms/v3_1000_00509.avi,1000,0,1,0.3038,-7.7413,-10.5523,-11.3015,-10.9891,8,a,YES,YES.
order_forced,data/videos_v3/int_1000ms/v3_1000_00509.avi,1000,0,0,-0.3743,-3.0271,-2.6528,-5.5267,-10.1432,8,a,The,The cyan triangle moved first.
interval,data/videos_v3/int_1000ms/v3_1000_00509.avi,1000,B,B,,-1.5076,-1.0032,-1.3865,-1.8857,8,a,(B,(B) 1-2 seconds
order_32f,data/videos_v3/int_1000ms/v3_1000_00509.avi,1000,0,0,-0.6844,-10.4269,-10.363,-11.4246,-10.9882,32,a,NO,NO.
moved_real,data/videos_v3/int_1000ms/v3_1000_00509.avi,1000,1,0,0.0921,-10.3952,-11.3944,-11.8304,-11.0195,8,a,NO,NO.
moved_twin,data/twin_v3/v3_1000_00509.avi,1000,0,0,-2.8651,-10.6766,-11.8626,-11.9875,-11.0508,8,a,NO,NO.
still_real,data/videos_v3/int_1000ms/v3_1000_00509.avi,1000,0,0,-0.3397,-10.3294,-10.8913,-11.8886,-11.0157,8,a,NO,NO.
still_twin,data/twin_v3/v3_1000_00509.avi,1000,1,1,2.4614,-10.493,-11.4919,-12.2393,-11.5527,8,a,YES,YES.
order_twin,data/twin_v3/v3_1000_00509.avi,1000,-1,0,-1.9888,-10.3259,-10.5745,-11.4493,-11.0116,8,a,NO,NO.
moved_solo_hit,data/videos_v3/int_1000ms/v3_1000_00509_soloa.avi,1000,1,0,-0.6739,-10.2946,-11.1685,-11.6673,-10.8558,8,a,NO,NO.
moved_solo_fa,data/videos_v3/int_1000ms/v3_1000_00509_solob.avi,1000,0,0,-2.0017,-10.6034,-11.602,-11.9141,-11.0401,8,a,NO,NO.
order_real,data/videos_v3/int_1000ms/v3_1000_00510.avi,1000,0,0,-1.4853,-10.1669,-10.6652,-11.7278,-11.3527,8,a,NO,NO.
order_rev,data/videos_v3/int_1000ms/v3_1000_00510.avi,1000,0,0,-0.9079,-8.0612,-10.6849,-11.4348,-11.1842,8,a,NO,NO.
order_forced,data/videos_v3/int_1000ms/v3_1000_00510.avi,1000,0,0,-0.3749,-1.2996,-0.9247,-6.6743,-9.9233,8,a,B,B
interval,data/videos_v3/int_1000ms/v3_1000_00510.avi,1000,B,A,,-1.1092,-1.4523,-1.7425,-1.6136,8,a,(A,(A) Less than 1 second
order_32f,data/videos_v3/int_1000ms/v3_1000_00510.avi,1000,0,0,-1.5029,-10.43,-10.8036,-12.0534,-11.3662,32,a,NO,NO.
moved_real,data/videos_v3/int_1000ms/v3_1000_00510.avi,1000,1,0,-2.6237,-10.3008,-11.5485,-11.9244,-11.2997,8,a,NO,NO.
moved_twin,data/twin_v3/v3_1000_00510.avi,1000,0,0,-2.3735,-10.3816,-11.5668,-12.005,-11.3178,8,a,NO,NO.
still_real,data/videos_v3/int_1000ms/v3_1000_00510.avi,1000,0,1,1.7804,-10.3624,-11.6116,-12.1735,-11.8609,8,a,YES,YES.
still_twin,data/twin_v3/v3_1000_00510.avi,1000,1,1,1.676,-10.35,-11.5991,-12.1606,-11.7233,8,a,YES,YES.
order_twin,data/twin_v3/v3_1000_00510.avi,1000,-1,0,-1.124,-10.3528,-10.7263,-11.8509,-11.4135,8,a,NO,NO.
moved_solo_hit,data/videos_v3/int_1000ms/v3_1000_00510_soloa.avi,1000,1,0,-2.3594,-10.3955,-11.5184,-11.9566,-11.3319,8,a,NO,NO.
moved_solo_fa,data/videos_v3/int_1000ms/v3_1000_00510_solob.avi,1000,0,0,-2.7613,-10.4051,-11.6529,-12.0286,-11.4039,8,a,NO,NO.
order_real,data/videos_v3/int_1000ms/v3_1000_00511.avi,1000,1,0,-1.1015,-9.811,-9.9964,-11.1215,-10.7469,8,b,NO,NO.
order_rev,data/videos_v3/int_1000ms/v3_1000_00511.avi,1000,1,0,-1.0513,-7.3657,-10.2387,-11.1134,-10.6761,8,b,NO,NO.
order_forced,data/videos_v3/int_1000ms/v3_1000_00511.avi,1000,1,1,-0.4994,-2.7312,-2.2318,-6.4802,-9.4744,8,b,The,The blue triangle moved first.
interval,data/videos_v3/int_1000ms/v3_1000_00511.avi,1000,B,B,,-1.4854,-1.1033,-1.3639,-1.7379,8,b,(B,(B) 1-2 seconds
order_32f,data/videos_v3/int_1000ms/v3_1000_00511.avi,1000,1,0,-1.1618,-9.9829,-10.1053,-11.1682,-10.7315,32,b,NO,NO.
moved_real,data/videos_v3/int_1000ms/v3_1000_00511.avi,1000,1,0,-0.8891,-9.7455,-10.6806,-11.4299,-10.6189,8,b,NO,NO.
moved_twin,data/twin_v3/v3_1000_00511.avi,1000,0,0,-2.5802,-10.1354,-11.0706,-11.5087,-10.697,8,b,NO,NO.
still_real,data/videos_v3/int_1000ms/v3_1000_00511.avi,1000,0,1,0.3025,-9.9896,-10.6763,-11.7358,-10.8629,8,b,YES,YES.
still_twin,data/twin_v3/v3_1000_00511.avi,1000,1,1,1.912,-10.0704,-11.0072,-11.88,-11.1931,8,b,YES,YES.
order_twin,data/twin_v3/v3_1000_00511.avi,1000,-1,0,-2.1883,-9.8204,-10.1312,-10.9443,-10.8188,8,b,NO,NO.
moved_solo_hit,data/videos_v3/int_1000ms/v3_1000_00511_solob.avi,1000,1,0,-0.8997,-9.8508,-10.7236,-11.4105,-10.6617,8,b,NO,NO.
moved_solo_fa,data/videos_v3/int_1000ms/v3_1000_00511_soloa.avi,1000,0,0,-2.3302,-10.092,-11.1517,-11.5276,-10.7782,8,b,NO,NO.
order_real,data/videos_v3/int_1000ms/v3_1000_00512.avi,1000,1,0,-0.5571,-10.0745,-10.3859,-11.6347,-11.0103,8,b,NO,NO.
order_rev,data/videos_v3/int_1000ms/v3_1000_00512.avi,1000,1,0,-0.6662,-8.0665,-10.5652,-11.377,-10.8772,8,b,NO,NO.
order_forced,data/videos_v3/int_1000ms/v3_1000_00512.avi,1000,1,1,0.0002,-1.3917,-1.3919,-7.0155,-9.0143,8,b,The,The yellow square moved first.
interval,data/videos_v3/int_1000ms/v3_1000_00512.avi,1000,B,B,,-1.3891,-1.2232,-1.5224,-1.6341,8,b,(B,(B) 1-2 seconds
order_32f,data/videos_v3/int_1000ms/v3_1000_00512.avi,1000,1,0,-1.0322,-10.0367,-10.5355,-11.7846,-11.0352,32,b,NO,NO.
moved_real,data/videos_v3/int_1000ms/v3_1000_00512.avi,1000,1,0,-1.0445,-10.1607,-11.4091,-11.7208,-10.9723,8,b,NO,NO.
moved_twin,data/twin_v3/v3_1000_00512.avi,1000,0,0,-3.0119,-10.4196,-11.8557,-11.9178,-11.0441,8,b,NO,NO.
still_real,data/videos_v3/int_1000ms/v3_1000_00512.avi,1000,0,0,-0.1603,-9.8,-10.7369,-11.6094,-10.8608,8,b,NO,NO.
still_twin,data/twin_v3/v3_1000_00512.avi,1000,1,1,2.2579,-10.1717,-11.4833,-12.1682,-11.5446,8,b,YES,YES.
order_twin,data/twin_v3/v3_1000_00512.avi,1000,-1,0,-1.9164,-10.0394,-10.6006,-11.6624,-11.1001,8,b,NO,NO.
moved_solo_hit,data/videos_v3/int_1000ms/v3_1000_00512_solob.avi,1000,1,0,-0.5603,-10.1635,-11.412,-11.7856,-11.0375,8,b,NO,NO.
moved_solo_fa,data/videos_v3/int_1000ms/v3_1000_00512_soloa.avi,1000,0,0,-3.0119,-10.2935,-11.8545,-11.9789,-11.0429,8,b,NO,NO.
order_real,data/videos_v3/int_1000ms/v3_1000_00513.avi,1000,0,0,-1.1472,-9.9467,-10.0704,-11.4444,-10.7575,8,a,NO,NO.
order_rev,data/videos_v3/int_1000ms/v3_1000_00513.avi,1000,0,0,-0.1902,-7.6294,-10.5025,-11.4394,-10.7522,8,a,NO,NO.
order_forced,data/videos_v3/int_1000ms/v3_1000_00513.avi,1000,0,1,0.0002,-1.7256,-1.7258,-7.7238,-9.2212,8,a,The,The red triangle moved first.
interval,data/videos_v3/int_1000ms/v3_1000_00513.avi,1000,B,B,,-1.5303,-1.0231,-1.5353,-1.6588,8,a,(B,(B) 1-2 seconds
order_32f,data/videos_v3/int_1000ms/v3_1000_00513.avi,1000,0,0,-1.4984,-10.0244,-10.1482,-11.5847,-10.773,32,a,NO,NO.
moved_real,data/videos_v3/int_1000ms/v3_1000_00513.avi,1000,1,0,-0.8854,-10.0904,-11.0889,-11.5876,-10.6518,8,a,NO,NO.
moved_twin,data/twin_v3/v3_1000_00513.avi,1000,0,0,-3.078,-10.3808,-11.6917,-11.8168,-10.9424,8,a,NO,NO.
still_real,data/videos_v3/int_1000ms/v3_1000_00513.avi,1000,0,0,-0.1017,-9.9156,-10.6652,-11.6002,-10.7266,8,a,NO,NO.
still_twin,data/twin_v3/v3_1000_00513.avi,1000,1,1,2.3924,-10.187,-11.3737,-12.0584,-11.3717,8,a,YES,YES.
order_twin,data/twin_v3/v3_1000_00513.avi,1000,-1,0,-2.3896,-9.9291,-10.3026,-11.4275,-10.8025,8,a,NO,NO.
moved_solo_hit,data/videos_v3/int_1000ms/v3_1000_00513_soloa.avi,1000,1,0,-0.5223,-10.1357,-11.1966,-11.5084,-10.7592,8,a,NO,NO.
moved_solo_fa,data/videos_v3/int_1000ms/v3_1000_00513_solob.avi,1000,0,0,-2.6092,-10.4385,-11.5619,-11.7494,-10.8752,8,a,NO,NO.
order_real,data/videos_v3/int_1000ms/v3_1000_00514.avi,1000,1,0,-0.0815,-10.2919,-10.603,-11.7887,-11.1651,8,b,NO,NO.
order_rev,data/videos_v3/int_1000ms/v3_1000_00514.avi,1000,1,0,-0.1892,-8.4604,-10.7716,-11.5828,-11.146,8,b,NO,NO.
order_forced,data/videos_v3/int_1000ms/v3_1000_00514.avi,1000,1,0,-0.125,-1.2075,-1.0825,-5.9571,-8.831,8,b,B,B
interval,data/videos_v3/int_1000ms/v3_1000_00514.avi,1000,B,A,,-1.1637,-1.403,-1.6665,-1.4152,8,b,(A,(A) Less than 1 second
order_32f,data/videos_v3/int_1000ms/v3_1000_00514.avi,1000,1,0,-0.6956,-10.1248,-10.4987,-11.7472,-11.0607,32,b,NO,NO.
moved_real,data/videos_v3/int_1000ms/v3_1000_00514.avi,1000,1,0,-0.4183,-10.2005,-11.2619,-11.6357,-11.0118,8,b,NO,NO.
moved_twin,data/twin_v3/v3_1000_00514.avi,1000,0,0,-2.2617,-10.4704,-11.7185,-11.7183,-11.2194,8,b,NO,NO.
still_real,data/videos_v3/int_1000ms/v3_1000_00514.avi,1000,0,0,-0.0447,-9.9657,-10.777,-11.5872,-10.9635,8,b,NO,NO.
still_twin,data/twin_v3/v3_1000_00514.avi,1000,1,1,2.1419,-10.628,-11.689,-12.3728,-11.999,8,b,YES,YES.
order_twin,data/twin_v3/v3_1000_00514.avi,1000,-1,0,-1.6824,-10.29,-10.7259,-11.7871,-11.2878,8,b,NO,NO.
moved_solo_hit,data/videos_v3/int_1000ms/v3_1000_00514_solob.avi,1000,1,1,0.6493,-10.381,-11.6295,-11.7539,-11.3173,8,b,YES,YES.
moved_solo_fa,data/videos_v3/int_1000ms/v3_1000_00514_soloa.avi,1000,0,0,-1.4277,-10.4353,-11.7458,-11.9321,-11.3092,8,b,NO,NO.
order_real,data/videos_v3/int_1000ms/v3_1000_00515.avi,1000,0,0,-0.969,-9.8946,-10.3308,-11.3302,-10.8932,8,b,NO,NO.
order_rev,data/videos_v3/int_1000ms/v3_1000_00515.avi,1000,0,0,-0.0228,-7.6667,-10.6028,-11.2897,-10.852,8,b,NO,NO.
order_forced,data/videos_v3/int_1000ms/v3_1000_00515.avi,1000,0,0,0.0002,-1.5834,-1.5836,-6.0825,-8.4545,8,b,The,The green triangle moved first.
interval,data/videos_v3/int_1000ms/v3_1000_00515.avi,1000,B,B,,-1.3031,-1.1558,-1.5561,-1.8031,8,b,(B,(B) 1-2 seconds
order_32f,data/videos_v3/int_1000ms/v3_1000_00515.avi,1000,0,0,-1.47,-9.8136,-10.3746,-11.3745,-10.8123,32,b,NO,NO.
moved_real,data/videos_v3/int_1000ms/v3_1000_00515.avi,1000,1,1,0.3635,-10.052,-11.2387,-11.3631,-11.0507,8,b,YES,YES.
moved_twin,data/twin_v3/v3_1000_00515.avi,1000,0,0,-3.0628,-10.1847,-11.6828,-11.5578,-10.9338,8,b,NO,NO.
still_real,data/videos_v3/int_1000ms/v3_1000_00515.avi,1000,0,0,-2.1467,-10.0904,-10.9017,-11.4633,-10.7764,8,b,NO,NO.
still_twin,data/twin_v3/v3_1000_00515.avi,1000,1,1,1.894,-10.4184,-11.5429,-12.1656,-11.6034,8,b,YES,YES.
order_twin,data/twin_v3/v3_1000_00515.avi,1000,-1,0,-2.5032,-9.8761,-10.4998,-11.3744,-10.9368,8,b,NO,NO.
moved_solo_hit,data/videos_v3/int_1000ms/v3_1000_00515_solob.avi,1000,1,1,0.572,-10.055,-11.3038,-11.3656,-10.9908,8,b,YES,YES.
moved_solo_fa,data/videos_v3/int_1000ms/v3_1000_00515_soloa.avi,1000,0,0,-2.2196,-10.2389,-11.6746,-11.5496,-10.9254,8,b,NO,NO.
order_real,data/videos_v3/int_1000ms/v3_1000_00516.avi,1000,1,0,-0.1477,-10.1053,-10.2919,-11.5402,-10.854,8,a,NO,NO.
order_rev,data/videos_v3/int_1000ms/v3_1000_00516.avi,1000,1,0,-0.059,-7.8331,-10.7065,-11.5184,-10.8314,8,a,NO,NO.
order_forced,data/videos_v3/int_1000ms/v3_1000_00516.avi,1000,1,1,0.0002,-1.4494,-1.4496,-7.0725,-8.8183,8,a,The,The yellow triangle moved first.
interval,data/videos_v3/int_1000ms/v3_1000_00516.avi,1000,B,B,,-1.3793,-1.1118,-1.5088,-1.7567,8,a,(B,(B) 1-2 seconds
order_32f,data/videos_v3/int_1000ms/v3_1000_00516.avi,1000,1,0,-0.3893,-10.0441,-10.2305,-11.6663,-10.8552,32,a,NO,NO.
moved_real,data/videos_v3/int_1000ms/v3_1000_00516.avi,1000,1,1,0.9236,-10.3409,-11.4652,-11.7136,-11.0897,8,a,YES,YES.
moved_twin,data/twin_v3/v3_1000_00516.avi,1000,0,0,-2.3092,-10.3883,-11.5745,-11.6368,-10.8875,8,a,NO,NO.
still_real,data/videos_v3/int_1000ms/v3_1000_00516.avi,1000,0,0,-1.7911,-10.0291,-10.6533,-11.4018,-10.6528,8,a,NO,NO.
still_twin,data/twin_v3/v3_1000_00516.avi,1000,1,1,2.1361,-10.2763,-11.5251,-12.2106,-11.5859,8,a,YES,YES.
order_twin,data/twin_v3/v3_1000_00516.avi,1000,-1,0,-2.0326,-9.919,-10.4176,-11.4796,-10.9172,8,a,NO,NO.
moved_solo_hit,data/videos_v3/int_1000ms/v3_1000_00516_soloa.avi,1000,1,0,0.0482,-10.0893,-11.2133,-11.462,-10.7132,8,a,NO,NO.
moved_solo_fa,data/videos_v3/int_1000ms/v3_1000_00516_solob.avi,1000,0,0,-0.6502,-9.9942,-10.993,-11.3043,-10.6804,8,a,NO,NO.
order_real,data/videos_v3/int_1000ms/v3_1000_00517.avi,1000,1,0,-0.5413,-9.8606,-10.2966,-11.421,-10.921,8,b,NO,NO.
order_rev,data/videos_v3/int_1000ms/v3_1000_00517.avi,1000,1,0,-0.1746,-7.6205,-10.6187,-11.4309,-10.9932,8,b,NO,NO.
order_forced,data/videos_v3/int_1000ms/v3_1000_00517.avi,1000,1,1,0.1252,-1.3583,-1.4835,-6.732,-8.3547,8,b,The,The green square moved first.
interval,data/videos_v3/int_1000ms/v3_1000_00517.avi,1000,B,B,,-1.429,-1.1642,-1.5567,-1.5567,8,b,(B,(B) 1-2 seconds
order_32f,data/videos_v3/int_1000ms/v3_1000_00517.avi,1000,1,0,-1.1392,-9.8061,-10.1796,-11.4914,-10.8042,32,b,NO,NO.
moved_real,data/videos_v3/int_1000ms/v3_1000_00517.avi,1000,1,0,-0.6581,-10.2016,-11.4496,-11.6991,-10.8251,8,b,NO,NO.
moved_twin,data/twin_v3/v3_1000_00517.avi,1000,0,0,-2.7036,-10.3408,-11.6514,-11.6517,-10.84,8,b,NO,NO.
still_real,data/videos_v3/int_1000ms/v3_1000_00517.avi,1000,0,1,0.2242,-10.0694,-10.9437,-11.6918,-11.0673,8,b,YES,YES.
still_twin,data/twin_v3/v3_1000_00517.avi,1000,1,1,1.6489,-10.1664,-11.2903,-11.9129,-11.4131,8,b,YES,YES.
order_twin,data/twin_v3/v3_1000_00517.avi,1000,-1,0,-2.0227,-9.8156,-10.4392,-11.4389,-10.8762,8,b,NO,NO.
moved_solo_hit,data/videos_v3/int_1000ms/v3_1000_00517_solob.avi,1000,1,0,-1.0445,-10.222,-11.4703,-11.6575,-10.9084,8,b,NO,NO.
moved_solo_fa,data/videos_v3/int_1000ms/v3_1000_00517_soloa.avi,1000,0,0,-1.8601,-10.0459,-11.2937,-11.6057,-10.7316,8,b,NO,NO.
order_real,data/videos_v3/int_1000ms/v3_1000_00518.avi,1000,0,0,-2.0148,-10.0272,-10.4632,-11.3381,-11.0256,8,a,NO,NO.
order_rev,data/videos_v3/int_1000ms/v3_1000_00518.avi,1000,0,0,-1.2997,-7.8778,-10.6261,-11.1885,-10.8758,8,a,NO,NO.
order_forced,data/videos_v3/int_1000ms/v3_1000_00518.avi,1000,0,1,0.0002,-1.2817,-1.2819,-5.9057,-8.2779,8,a,The,The blue circle moved first.
interval,data/videos_v3/int_1000ms/v3_1000_00518.avi,1000,B,B,,-1.4661,-1.2011,-1.5984,-1.47,8,a,(B,(B) 1-2 seconds
order_32f,data/videos_v3/int_1000ms/v3_1000_00518.avi,1000,0,0,-2.221,-9.8367,-10.2103,-11.2726,-10.7727,32,a,NO,NO.
moved_real,data/videos_v3/int_1000ms/v3_1000_00518.avi,1000,1,0,-1.4247,-10.3509,-11.3491,-11.4744,-11.1,8,a,NO,NO.
moved_twin,data/twin_v3/v3_1000_00518.avi,1000,0,0,-2.6509,-10.4536,-11.6389,-11.6397,-11.1402,8,a,NO,NO.
still_real,data/videos_v3/int_1000ms/v3_1000_00518.avi,1000,0,1,1.1555,-10.1904,-11.1272,-11.813,-11.3757,8,a,YES,YES.
still_twin,data/twin_v3/v3_1000_00518.avi,1000,1,1,1.899,-10.4703,-11.4695,-12.1552,-11.7801,8,a,YES,YES.
order_twin,data/twin_v3/v3_1000_00518.avi,1000,-1,0,-2.6402,-9.973,-10.596,-11.3461,-11.096,8,a,NO,NO.
moved_solo_hit,data/videos_v3/int_1000ms/v3_1000_00518_soloa.avi,1000,1,0,-0.9323,-10.0803,-11.0782,-11.2661,-10.8915,8,a,NO,NO.
moved_solo_fa,data/videos_v3/int_1000ms/v3_1000_00518_solob.avi,1000,0,0,-1.2997,-10.2517,-11.3123,-11.4376,-11.0629,8,a,NO,NO.
order_real,data/videos_v3/int_1000ms/v3_1000_00519.avi,1000,0,0,-1.1239,-9.9808,-10.3544,-11.3538,-10.9786,8,a,NO,NO.
order_rev,data/videos_v3/int_1000ms/v3_1000_00519.avi,1000,0,0,-0.0769,-8.1527,-10.6511,-11.2131,-10.9004,8,a,NO,NO.
order_forced,data/videos_v3/int_1000ms/v3_1000_00519.avi,1000,0,1,0.1253,-1.4134,-1.5387,-6.1621,-8.7812,8,a,The,The magenta triangle moved first.
interval,data/videos_v3/int_1000ms/v3_1000_00519.avi,1000,B,B,,-1.4009,-1.1334,-1.5304,-1.6509,8,a,(B,(B) 1-2 seconds
order_32f,data/videos_v3/int_1000ms/v3_1000_00519.avi,1000,0,0,-1.9707,-9.8647,-10.2382,-11.3628,-10.8004,32,a,NO,NO.
moved_real,data/videos_v3/int_1000ms/v3_1000_00519.avi,1000,1,0,-2.2946,-10.39,-11.5755,-11.7003,-10.9517,8,a,NO,NO.
moved_twin,data/twin_v3/v3_1000_00519.avi,1000,0,0,-3.2619,-10.4092,-11.8447,-11.7822,-11.0962,8,a,NO,NO.
still_real,data/videos_v3/int_1000ms/v3_1000_00519.avi,1000,0,1,0.929,-10.2295,-11.1043,-11.8514,-11.2896,8,a,YES,YES.
still_twin,data/twin_v3/v3_1000_00519.avi,1000,1,1,2.027,-10.3396,-11.5263,-12.1489,-11.7738,8,a,YES,YES.
order_twin,data/twin_v3/v3_1000_00519.avi,1000,-1,0,-2.1399,-10.0157,-10.6392,-11.4513,-11.2009,8,a,NO,NO.
moved_solo_hit,data/videos_v3/int_1000ms/v3_1000_00519_soloa.avi,1000,1,0,-2.6366,-10.3155,-11.6258,-11.6881,-11.0645,8,a,NO,NO.
moved_solo_fa,data/videos_v3/int_1000ms/v3_1000_00519_solob.avi,1000,0,0,-3.1482,-10.3985,-11.7715,-11.7715,-10.9603,8,a,NO,NO.
order_real,data/videos_v3/int_1000ms/v3_1000_00520.avi,1000,0,0,-1.7607,-9.842,-10.2782,-11.3404,-10.8404,8,b,NO,NO.
order_rev,data/videos_v3/int_1000ms/v3_1000_00520.avi,1000,0,0,-1.0351,-7.8009,-10.4869,-11.3616,-10.7989,8,b,NO,NO.
order_forced,data/videos_v3/int_1000ms/v3_1000_00520.avi,1000,0,1,0.1251,-1.4173,-1.5424,-7.4154,-9.0379,8,b,The,The red triangle moved first.
interval,data/videos_v3/int_1000ms/v3_1000_00520.avi,1000,B,B,,-1.4533,-1.1858,-1.4578,-1.5807,8,b,(B,(B) 1-2 seconds
order_real,data/videos_v3/int_1000ms/v3_1000_00521.avi,1000,0,0,-0.7484,-10.1823,-10.4312,-11.3674,-11.0558,8,b,NO,NO.
order_rev,data/videos_v3/int_1000ms/v3_1000_00521.avi,1000,0,0,-0.3261,-8.2557,-10.6292,-11.253,-11.0036,8,b,NO,NO.
order_forced,data/videos_v3/int_1000ms/v3_1000_00521.avi,1000,0,0,-0.1248,-1.4904,-1.3656,-3.99,-8.4866,8,b,The,The yellow circle moved first.
interval,data/videos_v3/int_1000ms/v3_1000_00521.avi,1000,B,A,,-1.2354,-1.3282,-1.6169,-1.6065,8,b,(A,(A) Less than 1 second
order_real,data/videos_v3/int_1000ms/v3_1000_00522.avi,1000,1,0,-1.0143,-10.0226,-10.2088,-11.5203,-10.8334,8,b,NO,NO.
order_rev,data/videos_v3/int_1000ms/v3_1000_00522.avi,1000,1,0,-0.6395,-7.6996,-10.5731,-11.4476,-10.8851,8,b,NO,NO.
order_forced,data/videos_v3/int_1000ms/v3_1000_00522.avi,1000,1,1,0.3752,-1.8464,-2.2216,-6.2204,-9.215,8,b,The,The red circle moved first.
interval,data/videos_v3/int_1000ms/v3_1000_00522.avi,1000,B,B,,-1.3101,-1.0546,-1.5621,-1.8112,8,b,(B,(B) 1-2 seconds
order_real,data/videos_v3/int_1000ms/v3_1000_00523.avi,1000,1,0,-0.41,-10.3149,-10.5636,-11.8126,-11.1884,8,b,NO,NO.
order_rev,data/videos_v3/int_1000ms/v3_1000_00523.avi,1000,1,0,-0.2488,-8.336,-10.7094,-11.4588,-10.9593,8,b,NO,NO.
order_forced,data/videos_v3/int_1000ms/v3_1000_00523.avi,1000,1,1,-0.4999,-1.5928,-1.0929,-5.4675,-8.5908,8,b,The,The red circle moved first.
interval,data/videos_v3/int_1000ms/v3_1000_00523.avi,1000,B,A,,-1.2047,-1.1991,-1.5836,-1.7062,8,b,(A,(A) Less than 1 second
order_real,data/videos_v3/int_1000ms/v3_1000_00524.avi,1000,0,0,-1.2611,-9.7475,-10.0588,-10.9959,-10.6835,8,b,NO,NO.
order_rev,data/videos_v3/int_1000ms/v3_1000_00524.avi,1000,0,0,-0.6889,-7.6412,-10.4523,-11.1394,-10.8265,8,b,NO,NO.
order_forced,data/videos_v3/int_1000ms/v3_1000_00524.avi,1000,0,1,0.1253,-1.4176,-1.5429,-4.9171,-8.2886,8,b,The,The magenta square moved first.
interval,data/videos_v3/int_1000ms/v3_1000_00524.avi,1000,B,B,,-1.6358,-1.1135,-1.396,-1.6358,8,b,(B,(B) 1-2 seconds
order_real,data/videos_v3/int_1000ms/v3_1000_00525.avi,1000,1,0,-0.9101,-10.332,-10.6432,-11.7044,-11.2056,8,a,NO,NO.
order_rev,data/videos_v3/int_1000ms/v3_1000_00525.avi,1000,1,1,0.1786,-8.2961,-10.6701,-11.2939,-11.107,8,a,YES,YES.
order_forced,data/videos_v3/int_1000ms/v3_1000_00525.avi,1000,1,1,0.125,-1.0699,-1.1949,-3.1948,-9.4439,8,a,A,A
interval,data/videos_v3/int_1000ms/v3_1000_00525.avi,1000,B,A,,-1.1327,-1.4993,-1.6338,-1.3838,8,a,(A,(A) Less than 1 second
order_real,data/videos_v3/int_1000ms/v3_1000_00526.avi,1000,1,0,-2.1283,-9.9083,-10.3443,-11.3442,-10.9065,8,b,NO,NO.
order_rev,data/videos_v3/int_1000ms/v3_1000_00526.avi,1000,1,0,-1.1397,-7.9311,-10.4923,-11.2418,-10.8043,8,b,NO,NO.
order_forced,data/videos_v3/int_1000ms/v3_1000_00526.avi,1000,1,1,0.0002,-1.3357,-1.3359,-6.334,-8.5814,8,b,The,The red circle moved first.
interval,data/videos_v3/int_1000ms/v3_1000_00526.avi,1000,B,B,,-1.3987,-1.2485,-1.5302,-1.5198,8,b,(B,(B) 1-2 seconds
order_real,data/videos_v3/int_1000ms/v3_1000_00527.avi,1000,1,0,-0.6674,-9.939,-10.3127,-11.3748,-10.9371,8,a,NO,NO.
order_rev,data/videos_v3/int_1000ms/v3_1000_00527.avi,1000,1,0,-0.4463,-8.1301,-10.6912,-11.3786,-10.9409,8,a,NO,NO.
order_forced,data/videos_v3/int_1000ms/v3_1000_00527.avi,1000,1,1,-0.1248,-1.3565,-1.2317,-6.9797,-8.7255,8,a,The,The magenta triangle moved first.
interval,data/videos_v3/int_1000ms/v3_1000_00527.avi,1000,B,B,,-1.3734,-1.2075,-1.5067,-1.7434,8,a,(B,(B) 1-2 seconds
order_real,data/videos_v3/int_1000ms/v3_1000_00528.avi,1000,1,0,-1.624,-10.1269,-10.5633,-11.8121,-11.1253,8,b,NO,NO.
order_rev,data/videos_v3/int_1000ms/v3_1000_00528.avi,1000,1,0,-0.5641,-7.9342,-10.6201,-11.4318,-10.8073,8,b,NO,NO.
order_forced,data/videos_v3/int_1000ms/v3_1000_00528.avi,1000,1,0,-0.1248,-1.6121,-1.4873,-5.3615,-9.2327,8,b,The,The green circle moved first.
interval,data/videos_v3/int_1000ms/v3_1000_00528.avi,1000,B,B,,-1.432,-1.2666,-1.6925,-1.4376,8,b,(B,(B) 1-2 seconds
order_real,data/videos_v3/int_1000ms/v3_1000_00529.avi,1000,0,0,-1.0944,-9.9862,-10.6096,-11.4222,-11.1095,8,a,NO,NO.
order_rev,data/videos_v3/int_1000ms/v3_1000_00529.avi,1000,0,0,-0.2854,-8.0576,-10.6811,-11.2434,-11.0553,8,a,NO,NO.
order_forced,data/videos_v3/int_1000ms/v3_1000_00529.avi,1000,0,1,-0.1248,-1.4159,-1.2911,-5.6656,-9.0383,8,a,The,The green square moved first.
interval,data/videos_v3/int_1000ms/v3_1000_00529.avi,1000,B,A,,-1.3261,-1.292,-1.7073,-1.5761,8,a,(A,(A) Less than 1 second
order_real,data/videos_v3/int_1000ms/v3_1000_00530.avi,1000,0,0,-0.86,-10.1904,-10.5638,-11.5634,-11.0634,8,b,NO,NO.
order_rev,data/videos_v3/int_1000ms/v3_1000_00530.avi,1000,0,0,-0.2913,-7.959,-10.7699,-11.3945,-10.9568,8,b,NO,NO.
order_forced,data/videos_v3/int_1000ms/v3_1000_00530.avi,1000,0,1,0.1253,-1.484,-1.6093,-5.9829,-9.1013,8,b,The,The green triangle moved first.
interval,data/videos_v3/int_1000ms/v3_1000_00530.avi,1000,B,B,,-1.4673,-1.0807,-1.4713,-1.7173,8,b,(B,(B) 1-2 seconds
order_real,data/videos_v3/int_1000ms/v3_1000_00531.avi,1000,0,0,-0.2725,-10.0493,-10.2355,-11.1722,-10.9225,8,a,NO,NO.
order_rev,data/videos_v3/int_1000ms/v3_1000_00531.avi,1000,0,1,0.3035,-7.9924,-10.5536,-11.1154,-10.8652,8,a,YES,YES.
order_forced,data/videos_v3/int_1000ms/v3_1000_00531.avi,1000,0,1,0.2506,-1.6202,-1.8708,-3.9951,-8.8624,8,a,The,The cyan triangle moved first.
interval,data/videos_v3/int_1000ms/v3_1000_00531.avi,1000,B,B,,-1.5241,-1.1336,-1.4047,-1.6512,8,a,(B,(B) 1-2 seconds
order_real,data/videos_v3/int_1000ms/v3_1000_00532.avi,1000,1,0,-2.4711,-10.3728,-10.9341,-11.4968,-11.434,8,b,NO,NO.
order_rev,data/videos_v3/int_1000ms/v3_1000_00532.avi,1000,1,0,-1.1695,-8.1286,-10.7524,-11.4396,-11.1893,8,b,NO,NO.
order_forced,data/videos_v3/int_1000ms/v3_1000_00532.avi,1000,1,1,0.0001,-1.1965,-1.1966,-3.4464,-9.1953,8,b,The,The cyan square moved first.
interval,data/videos_v3/int_1000ms/v3_1000_00532.avi,1000,B,A,,-1.2809,-1.3656,-1.6615,-1.6559,8,b,(A,(A) Less than 1 second
order_real,data/videos_v3/int_1000ms/v3_1000_00533.avi,1000,0,0,-2.0323,-9.9811,-10.4799,-11.3545,-10.9166,8,a,NO,NO.
order_rev,data/videos_v3/int_1000ms/v3_1000_00533.avi,1000,0,0,-1.6903,-7.8221,-10.6957,-11.3202,-10.8824,8,a,NO,NO.
order_forced,data/videos_v3/int_1000ms/v3_1000_00533.avi,1000,0,1,0.1253,-1.4971,-1.6224,-6.4948,-8.4899,8,a,The,The red circle moved first.
interval,data/videos_v3/int_1000ms/v3_1000_00533.avi,1000,B,B,,-1.4505,-1.185,-1.5776,-1.4526,8,a,(B,(B) 1-2 seconds
order_real,data/videos_v3/int_1000ms/v3_1000_00534.avi,1000,1,0,0.0544,-10.0058,-10.3793,-11.4416,-11.0041,8,a,NO,NO.
order_rev,data/videos_v3/int_1000ms/v3_1000_00534.avi,1000,1,1,0.3043,-7.9535,-10.6394,-11.4516,-11.0764,8,a,YES,YES.
order_forced,data/videos_v3/int_1000ms/v3_1000_00534.avi,1000,1,1,0.0001,-1.4378,-1.4379,-6.9367,-8.6839,8,a,The,The magenta square moved first.
interval,data/videos_v3/int_1000ms/v3_1000_00534.avi,1000,B,A,,-1.2823,-1.2421,-1.6573,-1.6534,8,a,(A,(A) Less than 1 second
order_real,data/videos_v3/int_1000ms/v3_1000_00535.avi,1000,0,0,-0.8861,-9.9049,-10.2162,-11.0283,-10.7783,8,a,NO,NO.
order_rev,data/videos_v3/int_1000ms/v3_1000_00535.avi,1000,0,0,-0.4246,-8.015,-10.4509,-11.013,-10.7629,8,a,NO,NO.
order_forced,data/videos_v3/int_1000ms/v3_1000_00535.avi,1000,0,1,0.0002,-1.4422,-1.4424,-4.6918,-8.6881,8,a,The,The magenta triangle moved first.
interval,data/videos_v3/int_1000ms/v3_1000_00535.avi,1000,B,B,,-1.4293,-1.1542,-1.4358,-1.8004,8,a,(B,(B) 1-2 seconds
order_real,data/videos_v3/int_1000ms/v3_1000_00536.avi,1000,0,0,-1.5144,-10.2855,-10.5342,-11.8457,-11.1591,8,b,NO,NO.
order_rev,data/videos_v3/int_1000ms/v3_1000_00536.avi,1000,0,0,-1.8596,-8.2634,-10.9494,-11.824,-11.137,8,b,NO,NO.
order_forced,data/videos_v3/int_1000ms/v3_1000_00536.avi,1000,0,0,-0.125,-0.9727,-0.8477,-6.4725,-9.722,8,b,B,B
interval,data/videos_v3/int_1000ms/v3_1000_00536.avi,1000,B,A,,-1.1321,-1.373,-1.6352,-1.5115,8,b,(A,(A) Less than 1 second
order_real,data/videos_v3/int_1000ms/v3_1000_00537.avi,1000,1,0,-2.0031,-10.1089,-10.4824,-11.4823,-11.1071,8,b,NO,NO.
order_rev,data/videos_v3/int_1000ms/v3_1000_00537.avi,1000,1,0,-1.0831,-8.0886,-10.587,-11.087,-10.7739,8,b,NO,NO.
order_forced,data/videos_v3/int_1000ms/v3_1000_00537.avi,1000,1,1,0.0003,-1.3983,-1.3986,-6.6459,-8.7661,8,b,The,The blue triangle moved first.
interval,data/videos_v3/int_1000ms/v3_1000_00537.avi,1000,B,B,,-1.3693,-1.222,-1.6224,-1.4943,8,b,(B,(B) 1-2 seconds
order_real,data/videos_v3/int_1000ms/v3_1000_00538.avi,1000,0,0,-1.503,-10.0573,-10.6183,-11.4309,-10.9934,8,a,NO,NO.
order_rev,data/videos_v3/int_1000ms/v3_1000_00538.avi,1000,0,0,-1.2754,-7.8819,-10.6928,-11.3177,-10.8177,8,a,NO,NO.
order_forced,data/videos_v3/int_1000ms/v3_1000_00538.avi,1000,0,1,0.1252,-1.4201,-1.5453,-7.0438,-9.0398,8,a,The,The magenta triangle moved first.
interval,data/videos_v3/int_1000ms/v3_1000_00538.avi,1000,B,B,,-1.6238,-1.1063,-1.5012,-1.4988,8,a,(B,(B) 1-2 seconds
order_real,data/videos_v3/int_1000ms/v3_1000_00539.avi,1000,1,0,-1.1234,-9.918,-10.2916,-11.0414,-10.7914,8,a,NO,NO.
order_rev,data/videos_v3/int_1000ms/v3_1000_00539.avi,1000,1,0,0.0546,-7.5688,-10.5674,-11.1297,-10.9416,8,a,NO,NO.
order_forced,data/videos_v3/int_1000ms/v3_1000_00539.avi,1000,1,0,0.0004,-1.7403,-1.7407,-4.8648,-8.8612,8,a,The,The red triangle moved first.
interval,data/videos_v3/int_1000ms/v3_1000_00539.avi,1000,B,B,,-1.6457,-1.1309,-1.4048,-1.5234,8,a,(B,(B) 1-2 seconds
order_real,data/videos_v3/int_1000ms/v3_1000_00540.avi,1000,0,0,-2.3783,-9.7611,-10.3845,-11.3218,-10.8221,8,a,NO,NO.
order_rev,data/videos_v3/int_1000ms/v3_1000_00540.avi,1000,0,0,-1.1964,-7.4036,-10.4642,-11.1519,-10.5891,8,a,NO,NO.
order_forced,data/videos_v3/int_1000ms/v3_1000_00540.avi,1000,0,1,0.1254,-1.4361,-1.5615,-7.0579,-8.055,8,a,The,The magenta square moved first.
interval,data/videos_v3/int_1000ms/v3_1000_00540.avi,1000,B,A,,-1.3034,-1.2677,-1.6749,-1.546,8,a,(A,(A) Less than 1 second
order_real,data/videos_v3/int_1000ms/v3_1000_00541.avi,1000,1,0,-1.4003,-10.1052,-10.4788,-11.4162,-10.9787,8,b,NO,NO.
order_rev,data/videos_v3/int_1000ms/v3_1000_00541.avi,1000,1,0,-0.1906,-7.8796,-10.5655,-11.1901,-10.8149,8,b,NO,NO.
order_forced,data/videos_v3/int_1000ms/v3_1000_00541.avi,1000,1,0,-0.1248,-1.4075,-1.2827,-5.9069,-9.1532,8,b,The,The magenta circle moved first.
interval,data/videos_v3/int_1000ms/v3_1000_00541.avi,1000,B,B,,-1.3733,-1.22,-1.5057,-1.6233,8,b,(B,(B) 1-2 seconds
order_real,data/videos_v3/int_1000ms/v3_1000_00542.avi,1000,1,0,-1.3894,-9.8762,-10.1876,-11.0621,-10.7498,8,b,NO,NO.
order_rev,data/videos_v3/int_1000ms/v3_1000_00542.avi,1000,1,0,-0.6664,-7.943,-10.4417,-10.8789,-10.6912,8,b,NO,NO.
order_forced,data/videos_v3/int_1000ms/v3_1000_00542.avi,1000,1,1,0.0003,-1.5945,-1.5948,-4.3442,-8.5923,8,b,The,The yellow square moved first.
interval,data/videos_v3/int_1000ms/v3_1000_00542.avi,1000,B,A,,-1.3358,-1.2849,-1.5902,-1.7003,8,b,(A,(A) Less than 1 second
order_real,data/videos_v3/int_1000ms/v3_1000_00543.avi,1000,0,0,-0.5253,-9.9759,-10.2246,-11.4108,-10.8489,8,b,NO,NO.
order_rev,data/videos_v3/int_1000ms/v3_1000_00543.avi,1000,0,0,-0.1661,-8.0149,-10.5758,-11.2626,-10.8252,8,b,NO,NO.
order_forced,data/videos_v3/int_1000ms/v3_1000_00543.avi,1000,0,1,0.1252,-1.5492,-1.6744,-6.7982,-8.9201,8,b,The,The magenta triangle moved first.
interval,data/videos_v3/int_1000ms/v3_1000_00543.avi,1000,B,B,,-1.608,-1.0913,-1.3702,-1.7361,8,b,(B,(B) 1-2 seconds
order_real,data/videos_v3/int_1000ms/v3_1000_00544.avi,1000,0,0,-0.9104,-9.9603,-10.3963,-11.3334,-10.8962,8,b,NO,NO.
order_rev,data/videos_v3/int_1000ms/v3_1000_00544.avi,1000,0,0,-0.5715,-7.8349,-10.646,-11.1459,-10.8953,8,b,NO,NO.
order_forced,data/videos_v3/int_1000ms/v3_1000_00544.avi,1000,0,1,0.0001,-1.3744,-1.3745,-6.3734,-9.2446,8,b,The,The green circle moved first.
interval,data/videos_v3/int_1000ms/v3_1000_00544.avi,1000,B,B,,-1.4131,-1.1312,-1.5425,-1.6581,8,b,(B,(B) 1-2 seconds
order_real,data/videos_v3/int_1000ms/v3_1000_00545.avi,1000,0,0,-1.7943,-10.238,-10.674,-11.7359,-11.2987,8,a,NO,NO.
order_rev,data/videos_v3/int_1000ms/v3_1000_00545.avi,1000,0,0,-1.0496,-8.3108,-10.8091,-11.6835,-11.121,8,a,NO,NO.
order_forced,data/videos_v3/int_1000ms/v3_1000_00545.avi,1000,0,1,0.0,-0.8312,-0.8312,-5.331,-9.2055,8,a,A,A
interval,data/videos_v3/int_1000ms/v3_1000_00545.avi,1000,B,A,,-0.9956,-1.4789,-1.8706,-1.5013,8,a,(A,(A) Less than 1 second
order_real,data/videos_v3/int_1000ms/v3_1000_00546.avi,1000,0,0,-1.1096,-10.0611,-10.3098,-11.4341,-10.8098,8,b,NO,NO.
order_rev,data/videos_v3/int_1000ms/v3_1000_00546.avi,1000,0,0,-0.1838,-7.7753,-10.5237,-11.3352,-10.7731,8,b,NO,NO.
order_forced,data/videos_v3/int_1000ms/v3_1000_00546.avi,1000,0,1,0.1253,-1.483,-1.6083,-5.857,-9.2257,8,b,The,The green triangle moved first.
interval,data/videos_v3/int_1000ms/v3_1000_00546.avi,1000,B,B,,-1.6186,-1.1031,-1.3742,-1.6207,8,b,(B,(B) 1-2 seconds
order_real,data/videos_v3/int_1000ms/v3_1000_00547.avi,1000,1,0,-0.3898,-10.105,-10.4786,-11.5404,-11.0407,8,a,NO,NO.
order_rev,data/videos_v3/int_1000ms/v3_1000_00547.avi,1000,1,0,-0.064,-8.0202,-10.644,-11.3307,-10.9555,8,a,NO,NO.
order_forced,data/videos_v3/int_1000ms/v3_1000_00547.avi,1000,1,1,0.1251,-1.4091,-1.5342,-6.1582,-8.9049,8,a,The,The green triangle moved first.
interval,data/videos_v3/int_1000ms/v3_1000_00547.avi,1000,B,B,,-1.4672,-1.0791,-1.4717,-1.7172,8,a,(B,(B) 1-2 seconds
order_real,data/videos_v3/int_1000ms/v3_1000_00548.avi,1000,1,0,-0.5654,-10.3493,-10.7855,-11.8469,-11.2851,8,b,NO,NO.
order_rev,data/videos_v3/int_1000ms/v3_1000_00548.avi,1000,1,0,-0.2069,-8.2028,-10.889,-11.7006,-11.2009,8,b,NO,NO.
order_forced,data/videos_v3/int_1000ms/v3_1000_00548.avi,1000,1,1,0.0,-0.9075,-0.9075,-5.5323,-8.7818,8,b,A,A
interval,data/videos_v3/int_1000ms/v3_1000_00548.avi,1000,B,A,,-1.0264,-1.5215,-1.7764,-1.4023,8,b,(A,(A) Less than 1 second.
order_real,data/videos_v3/int_1000ms/v3_1000_00549.avi,1000,1,0,-1.157,-9.8805,-10.0666,-11.1912,-10.8162,8,b,NO,NO.
order_rev,data/videos_v3/int_1000ms/v3_1000_00549.avi,1000,1,0,-0.565,-7.8533,-10.2891,-10.7892,-10.6638,8,b,NO,NO.
order_forced,data/videos_v3/int_1000ms/v3_1000_00549.avi,1000,1,1,-0.1247,-1.6861,-1.5614,-5.1855,-8.6813,8,b,The,The blue triangle moved first.
interval,data/videos_v3/int_1000ms/v3_1000_00549.avi,1000,B,B,,-1.3565,-1.2178,-1.485,-1.6065,8,b,(B,(B) 1-2 seconds
order_real,data/videos_v3/int_1000ms/v3_1000_00550.avi,1000,1,0,-1.0348,-9.9267,-10.2379,-11.4244,-10.8622,8,b,NO,NO.
order_rev,data/videos_v3/int_1000ms/v3_1000_00550.avi,1000,1,0,-0.5586,-7.9982,-10.6217,-11.3714,-10.8087,8,b,NO,NO.
order_forced,data/videos_v3/int_1000ms/v3_1000_00550.avi,1000,1,1,0.0004,-1.39,-1.3904,-7.5116,-8.7595,8,b,The,The yellow triangle moved first.
interval,data/videos_v3/int_1000ms/v3_1000_00550.avi,1000,B,B,,-1.3515,-1.1902,-1.6054,-1.7221,8,b,(B,(B) 1-2 seconds
order_real,data/videos_v3/int_1000ms/v3_1000_00551.avi,1000,0,0,-1.5958,-10.1027,-10.664,-11.4762,-11.0389,8,b,NO,NO.
order_rev,data/videos_v3/int_1000ms/v3_1000_00551.avi,1000,0,0,-0.5146,-8.1197,-10.8057,-11.368,-10.9926,8,b,NO,NO.
order_forced,data/videos_v3/int_1000ms/v3_1000_00551.avi,1000,0,1,0.0001,-1.3846,-1.3847,-7.0086,-9.1302,8,b,The,The red triangle moved first.
interval,data/videos_v3/int_1000ms/v3_1000_00551.avi,1000,B,B,,-1.4824,-1.2157,-1.4882,-1.4824,8,b,(B,(B) 1-2 seconds
order_real,data/videos_v3/int_1000ms/v3_1000_00552.avi,1000,1,0,-2.721,-9.8603,-10.5464,-11.4215,-10.7967,8,b,NO,NO.
order_rev,data/videos_v3/int_1000ms/v3_1000_00552.avi,1000,1,0,-1.4247,-7.6065,-10.6051,-11.1052,-10.7296,8,b,NO,NO.
order_forced,data/videos_v3/int_1000ms/v3_1000_00552.avi,1000,1,1,0.1251,-1.4209,-1.546,-7.2942,-8.7923,8,b,The,The green square moved first.
interval,data/videos_v3/int_1000ms/v3_1000_00552.avi,1000,B,B,,-1.4702,-1.1916,-1.4759,-1.5917,8,b,(B,(B) 1-2 seconds
order_real,data/videos_v3/int_1000ms/v3_1000_00553.avi,1000,0,0,-0.4392,-9.9187,-10.0423,-11.3537,-10.7922,8,b,NO,NO.
order_rev,data/videos_v3/int_1000ms/v3_1000_00553.avi,1000,0,0,-0.0653,-7.5634,-10.5611,-11.3109,-10.8107,8,b,NO,NO.
order_forced,data/videos_v3/int_1000ms/v3_1000_00553.avi,1000,0,0,-0.1249,-1.6783,-1.5534,-6.9273,-8.6749,8,b,The,The magenta triangle moved first.
interval,data/videos_v3/int_1000ms/v3_1000_00553.avi,1000,B,B,,-1.4345,-1.1621,-1.439,-1.6845,8,b,(B,(B) 1-2 seconds
order_real,data/videos_v3/int_1000ms/v3_1000_00554.avi,1000,0,0,-0.1361,-10.1226,-10.0586,-11.6195,-10.9331,8,b,NO,NO.
order_rev,data/videos_v3/int_1000ms/v3_1000_00554.avi,1000,0,1,0.4506,-7.7037,-10.452,-11.4513,-10.8888,8,b,YES,YES.
order_forced,data/videos_v3/int_1000ms/v3_1000_00554.avi,1000,0,1,-0.4996,-2.8242,-2.3246,-8.6963,-9.5675,8,b,The,The blue triangle moved first.
interval,data/videos_v3/int_1000ms/v3_1000_00554.avi,1000,B,B,,-1.2998,-1.0459,-1.4275,-2.0517,8,b,(B,(B) 1-2 seconds
order_real,data/videos_v3/int_1000ms/v3_1000_00555.avi,1000,1,0,-1.1276,-9.9495,-10.1358,-11.0104,-10.8232,8,a,NO,NO.
order_rev,data/videos_v3/int_1000ms/v3_1000_00555.avi,1000,1,0,-0.302,-7.6183,-10.3667,-11.1163,-10.8036,8,a,NO,NO.
order_forced,data/videos_v3/int_1000ms/v3_1000_00555.avi,1000,1,1,-0.1246,-1.934,-1.8094,-4.5586,-8.552,8,a,The,The cyan circle moved first.
interval,data/videos_v3/int_1000ms/v3_1000_00555.avi,1000,B,B,,-1.4606,-1.0753,-1.4656,-1.7125,8,a,(B,(B) 1-2 seconds
order_real,data/videos_v3/int_1000ms/v3_1000_00556.avi,1000,0,0,-1.1599,-10.1435,-10.4546,-11.3917,-11.0794,8,b,NO,NO.
order_rev,data/videos_v3/int_1000ms/v3_1000_00556.avi,1000,0,0,-0.6692,-7.5229,-10.3966,-11.1463,-10.7711,8,b,NO,NO.
order_forced,data/videos_v3/int_1000ms/v3_1000_00556.avi,1000,0,0,-0.2498,-1.5884,-1.3386,-3.7133,-9.5835,8,b,The,The green circle moved first.
interval,data/videos_v3/int_1000ms/v3_1000_00556.avi,1000,B,A,,-1.2895,-1.2611,-1.5468,-1.6684,8,b,(A,(A) Less than 1 second
order_real,data/videos_v3/int_1000ms/v3_1000_00557.avi,1000,1,0,-2.346,-9.8859,-10.322,-11.5092,-11.0092,8,a,NO,NO.
order_rev,data/videos_v3/int_1000ms/v3_1000_00557.avi,1000,1,0,-0.6695,-7.7728,-10.5837,-11.3334,-10.8332,8,a,NO,NO.
order_forced,data/videos_v3/int_1000ms/v3_1000_00557.avi,1000,1,0,-0.3748,-1.8212,-1.4464,-5.4454,-9.6897,8,a,The,The green circle moved first.
interval,data/videos_v3/int_1000ms/v3_1000_00557.avi,1000,B,A,,-1.3466,-1.3064,-1.4781,-1.5883,8,a,(A,(A) Less than 1 second
order_real,data/videos_v3/int_1000ms/v3_1000_00558.avi,1000,1,0,-1.4904,-9.9544,-10.3906,-11.4525,-10.828,8,a,NO,NO.
order_rev,data/videos_v3/int_1000ms/v3_1000_00558.avi,1000,1,0,-1.4986,-7.9617,-10.5852,-11.3975,-10.7726,8,a,NO,NO.
order_forced,data/videos_v3/int_1000ms/v3_1000_00558.avi,1000,1,1,-0.2496,-1.7191,-1.4695,-6.9673,-8.9615,8,a,The,The red triangle moved first.
interval,data/videos_v3/int_1000ms/v3_1000_00558.avi,1000,B,B,,-1.5394,-1.1523,-1.5425,-1.4175,8,a,(B,(B) 1-2 seconds
order_real,data/videos_v3/int_1000ms/v3_1000_00559.avi,1000,1,0,-0.9465,-9.6561,-10.1546,-10.9667,-10.7168,8,b,NO,NO.
order_rev,data/videos_v3/int_1000ms/v3_1000_00559.avi,1000,1,0,-0.6954,-7.5036,-10.4396,-11.1891,-10.814,8,b,NO,NO.
order_forced,data/videos_v3/int_1000ms/v3_1000_00559.avi,1000,1,1,0.1254,-1.295,-1.4204,-4.9193,-8.2903,8,b,The,The magenta square moved first.
interval,data/videos_v3/int_1000ms/v3_1000_00559.avi,1000,B,A,,-1.2328,-1.1965,-1.6078,-1.8484,8,b,(A,(A) Less than 1 second
order_real,data/videos_v3/int_1000ms/v3_1000_00560.avi,1000,1,0,-1.6239,-9.9412,-10.44,-11.3767,-11.0019,8,a,NO,NO.
order_rev,data/videos_v3/int_1000ms/v3_1000_00560.avi,1000,1,0,-0.9072,-8.0093,-10.6327,-11.3818,-10.8196,8,a,NO,NO.
order_forced,data/videos_v3/int_1000ms/v3_1000_00560.avi,1000,1,1,0.0002,-1.3248,-1.325,-6.3235,-8.821,8,a,The,The red circle moved first.
interval,data/videos_v3/int_1000ms/v3_1000_00560.avi,1000,B,A,,-1.32,-1.2881,-1.6994,-1.5651,8,a,(A,(A) Less than 1 second
order_real,data/videos_v3/int_1000ms/v3_1000_00561.avi,1000,1,0,-1.5143,-10.0995,-10.4107,-11.5974,-11.0974,8,a,NO,NO.
order_rev,data/videos_v3/int_1000ms/v3_1000_00561.avi,1000,1,0,-0.7943,-7.9829,-10.4188,-11.2935,-10.9181,8,a,NO,NO.
order_forced,data/videos_v3/int_1000ms/v3_1000_00561.avi,1000,1,1,-0.3748,-1.5557,-1.1809,-6.0548,-8.9271,8,a,The,The red square moved first.
interval,data/videos_v3/int_1000ms/v3_1000_00561.avi,1000,B,A,,-1.3348,-1.3125,-1.5906,-1.4598,8,a,(A,(A) Less than 1 second
order_real,data/videos_v3/int_1000ms/v3_1000_00562.avi,1000,0,0,-1.684,-9.7799,-10.2788,-11.2157,-10.7785,8,a,NO,NO.
order_rev,data/videos_v3/int_1000ms/v3_1000_00562.avi,1000,0,0,-0.6964,-7.4177,-10.416,-11.2279,-10.7278,8,a,NO,NO.
order_forced,data/videos_v3/int_1000ms/v3_1000_00562.avi,1000,0,1,0.1252,-1.3541,-1.4793,-6.6026,-8.1006,8,a,The,The magenta square moved first.
interval,data/videos_v3/int_1000ms/v3_1000_00562.avi,1000,B,A,,-1.3415,-1.2962,-1.5915,-1.5821,8,a,(A,(A) Less than 1 second
order_real,data/videos_v3/int_1000ms/v3_1000_00563.avi,1000,0,0,-1.1573,-9.9439,-10.3176,-11.4419,-10.8798,8,b,NO,NO.
order_rev,data/videos_v3/int_1000ms/v3_1000_00563.avi,1000,0,0,-0.6742,-7.9238,-10.4225,-11.2345,-10.7971,8,b,NO,NO.
order_forced,data/videos_v3/int_1000ms/v3_1000_00563.avi,1000,0,0,-0.3749,-1.4588,-1.0839,-6.9577,-9.0814,8,b,The,The blue square moved first.
interval,data/videos_v3/int_1000ms/v3_1000_00563.avi,1000,B,A,,-1.3587,-1.3178,-1.617,-1.6037,8,b,(A,(A) Less than 1 second
order_real,data/videos_v3/int_1000ms/v3_1000_00564.avi,1000,0,0,-1.6361,-10.1724,-10.4837,-11.4829,-11.0463,8,b,NO,NO.
order_rev,data/videos_v3/int_1000ms/v3_1000_00564.avi,1000,0,0,-0.5492,-7.7171,-10.4034,-11.2777,-10.9029,8,b,NO,NO.
order_forced,data/videos_v3/int_1000ms/v3_1000_00564.avi,1000,0,1,0.0002,-1.4496,-1.4498,-4.1994,-8.822,8,b,The,The yellow circle moved first.
interval,data/videos_v3/int_1000ms/v3_1000_00564.avi,1000,B,A,,-1.2114,-1.3042,-1.5898,-1.7075,8,b,(A,(A) Less than 1 second
order_real,data/videos_v3/int_1000ms/v3_1000_00565.avi,1000,0,0,-0.9103,-10.0222,-10.3959,-11.5203,-11.0829,8,b,NO,NO.
order_rev,data/videos_v3/int_1000ms/v3_1000_00565.avi,1000,0,0,-0.0764,-8.1187,-10.6173,-11.3667,-10.9916,8,b,NO,NO.
order_forced,data/videos_v3/int_1000ms/v3_1000_00565.avi,1000,0,1,-0.1249,-1.418,-1.2931,-5.7924,-9.1648,8,b,The,The blue square moved first.
interval,data/videos_v3/int_1000ms/v3_1000_00565.avi,1000,B,A,,-1.2432,-1.3431,-1.6247,-1.4967,8,b,(A,(A) Less than 1 second
order_real,data/videos_v3/int_1000ms/v3_1000_00566.avi,1000,1,0,-0.1606,-10.1108,-10.5472,-11.4215,-11.2343,8,a,NO,NO.
order_rev,data/videos_v3/int_1000ms/v3_1000_00566.avi,1000,1,0,-0.1892,-8.2113,-10.7726,-11.4594,-11.1471,8,a,NO,NO.
order_forced,data/videos_v3/int_1000ms/v3_1000_00566.avi,1000,1,1,0.0002,-1.3583,-1.3585,-3.1083,-9.2311,8,a,The,The cyan square moved first.
interval,data/videos_v3/int_1000ms/v3_1000_00566.avi,1000,B,A,,-1.2125,-1.3016,-1.5969,-1.7125,8,a,(A,(A) Less than 1 second
order_real,data/videos_v3/int_1000ms/v3_1000_00567.avi,1000,1,0,-1.2646,-10.0254,-10.3993,-11.4612,-10.9612,8,a,NO,NO.
order_rev,data/videos_v3/int_1000ms/v3_1000_00567.avi,1000,1,0,-0.6662,-7.9427,-10.4411,-11.1909,-10.7532,8,a,NO,NO.
order_forced,data/videos_v3/int_1000ms/v3_1000_00567.avi,1000,1,1,-0.2499,-1.5841,-1.3342,-6.0831,-8.58,8,a,The,The green triangle moved first.
interval,data/videos_v3/int_1000ms/v3_1000_00567.avi,1000,B,B,,-1.4802,-1.2147,-1.4842,-1.4802,8,a,(B,(B) 1-2 seconds
order_real,data/videos_v3/int_1000ms/v3_1000_00568.avi,1000,1,0,-0.1477,-10.1042,-10.4776,-11.6643,-11.1646,8,a,NO,NO.
order_rev,data/videos_v3/int_1000ms/v3_1000_00568.avi,1000,1,0,-0.775,-8.0144,-10.6379,-11.3874,-10.8253,8,a,NO,NO.
order_forced,data/videos_v3/int_1000ms/v3_1000_00568.avi,1000,1,1,-0.25,-1.3509,-1.1009,-5.8503,-9.0982,8,a,The,The blue circle moved first.
interval,data/videos_v3/int_1000ms/v3_1000_00568.avi,1000,B,A,,-1.317,-1.3039,-1.5715,-1.442,8,a,(A,(A) Less than 1 second
order_real,data/videos_v3/int_1000ms/v3_1000_00569.avi,1000,1,0,-0.9,-10.2248,-10.6606,-11.9097,-11.2855,8,b,NO,NO.
order_rev,data/videos_v3/int_1000ms/v3_1000_00569.avi,1000,1,0,-0.6744,-8.0473,-10.7331,-11.5452,-11.1078,8,b,NO,NO.
order_forced,data/videos_v3/int_1000ms/v3_1000_00569.avi,1000,1,0,-0.25,-1.1769,-0.9269,-5.4268,-9.676,8,b,B,B
interval,data/videos_v3/int_1000ms/v3_1000_00569.avi,1000,B,A,,-1.0193,-1.3795,-1.7744,-1.647,8,b,(A,(A) Less than 1 second
order_real,data/videos_v3/int_1000ms/v3_1000_00570.avi,1000,1,0,-1.1694,-9.8182,-10.2544,-11.004,-10.7543,8,a,NO,NO.
order_rev,data/videos_v3/int_1000ms/v3_1000_00570.avi,1000,1,0,-0.4452,-7.3448,-10.4058,-11.0305,-10.7176,8,a,NO,NO.
order_forced,data/videos_v3/int_1000ms/v3_1000_00570.avi,1000,1,1,0.1257,-1.5042,-1.6299,-4.1288,-8.247,8,a,The,The cyan square moved first.
interval,data/videos_v3/int_1000ms/v3_1000_00570.avi,1000,B,A,,-1.2833,-1.2261,-1.6583,-1.8964,8,a,(A,(A) Less than 1 second
order_real,data/videos_v3/int_1000ms/v3_1000_00571.avi,1000,0,0,-0.8896,-10.0565,-10.3053,-11.4918,-10.9302,8,a,NO,NO.
order_rev,data/videos_v3/int_1000ms/v3_1000_00571.avi,1000,0,0,-0.1839,-7.9002,-10.5232,-11.3355,-10.8356,8,a,NO,NO.
order_forced,data/videos_v3/int_1000ms/v3_1000_00571.avi,1000,0,1,-0.1246,-1.6199,-1.4953,-5.9935,-8.6123,8,a,The,The yellow triangle moved first.
interval,data/videos_v3/int_1000ms/v3_1000_00571.avi,1000,B,B,,-1.3969,-1.1314,-1.5259,-1.649,8,a,(B,(B) 1-2 seconds
order_real,data/videos_v3/int_1000ms/v3_1000_00572.avi,1000,0,0,-0.7994,-9.9447,-10.1937,-11.0683,-10.818,8,a,NO,NO.
order_rev,data/videos_v3/int_1000ms/v3_1000_00572.avi,1000,0,0,-0.5766,-7.9419,-10.6276,-11.1274,-10.8772,8,a,NO,NO.
order_forced,data/videos_v3/int_1000ms/v3_1000_00572.avi,1000,0,1,0.1253,-1.6348,-1.7601,-4.3845,-8.3807,8,a,The,The magenta triangle moved first.
interval,data/videos_v3/int_1000ms/v3_1000_00572.avi,1000,B,B,,-1.4991,-1.1093,-1.5081,-1.6292,8,a,(B,(B) 1-2 seconds
order_real,data/videos_v3/int_1000ms/v3_1000_00573.avi,1000,0,0,-0.9986,-9.9496,-10.1984,-11.2596,-10.823,8,a,NO,NO.
order_rev,data/videos_v3/int_1000ms/v3_1000_00573.avi,1000,0,0,-0.3156,-7.7011,-10.5118,-11.0739,-10.6992,8,a,NO,NO.
order_forced,data/videos_v3/int_1000ms/v3_1000_00573.avi,1000,0,1,0.5003,-1.4967,-1.997,-4.4962,-8.7413,8,a,The,The cyan triangle moved first.
interval,data/videos_v3/int_1000ms/v3_1000_00573.avi,1000,B,B,,-1.5043,-1.1138,-1.385,-1.7543,8,a,(B,(B) 1-2 seconds
order_real,data/videos_v3/int_1000ms/v3_1000_00574.avi,1000,0,0,-1.9855,-10.0282,-10.7141,-11.7138,-11.2141,8,a,NO,NO.
order_rev,data/videos_v3/int_1000ms/v3_1000_00574.avi,1000,0,0,-0.4355,-7.8361,-10.7091,-11.4584,-11.021,8,a,NO,NO.
order_forced,data/videos_v3/int_1000ms/v3_1000_00574.avi,1000,0,1,0.0,-1.1196,-1.1196,-5.2442,-8.9925,8,a,A,A
interval,data/videos_v3/int_1000ms/v3_1000_00574.avi,1000,B,A,,-1.2627,-1.3514,-1.6377,-1.5083,8,a,(A,(A) Less than 1 second
order_real,data/videos_v3/int_1000ms/v3_1000_00575.avi,1000,1,0,-1.7725,-9.9526,-10.3259,-11.5131,-10.8883,8,b,NO,NO.
order_rev,data/videos_v3/int_1000ms/v3_1000_00575.avi,1000,1,0,-0.1892,-7.9615,-10.6475,-11.3347,-10.9593,8,b,NO,NO.
order_forced,data/videos_v3/int_1000ms/v3_1000_00575.avi,1000,1,0,-0.2498,-1.4471,-1.1973,-6.4462,-8.9435,8,b,The,The magenta square moved first.
interval,data/videos_v3/int_1000ms/v3_1000_00575.avi,1000,B,B,,-1.4089,-1.252,-1.5422,-1.5339,8,b,(B,(B) 1-2 seconds
order_real,data/videos_v3/int_1000ms/v3_1000_00576.avi,1000,0,0,-0.7822,-10.2928,-10.7291,-11.5403,-11.229,8,b,NO,NO.
order_rev,data/videos_v3/int_1000ms/v3_1000_00576.avi,1000,0,0,-0.3316,-8.0239,-10.8348,-11.4586,-11.0844,8,b,NO,NO.
order_forced,data/videos_v3/int_1000ms/v3_1000_00576.avi,1000,0,1,0.0,-1.165,-1.165,-3.0399,-9.0387,8,b,A,A
interval,data/videos_v3/int_1000ms/v3_1000_00576.avi,1000,B,A,,-1.1005,-1.4689,-1.6014,-1.4755,8,b,(A,(A) Less than 1 second
order_real,data/videos_v3/int_1000ms/v3_1000_00577.avi,1000,0,0,-1.8974,-10.0613,-10.4351,-11.7471,-10.9973,8,b,NO,NO.
order_rev,data/videos_v3/int_1000ms/v3_1000_00577.avi,1000,0,0,-1.3975,-7.6642,-10.4127,-11.1003,-10.7873,8,b,NO,NO.
order_forced,data/videos_v3/int_1000ms/v3_1000_00577.avi,1000,0,1,-0.2499,-1.5755,-1.3256,-6.6995,-9.5718,8,b,The,The green circle moved first.
interval,data/videos_v3/int_1000ms/v3_1000_00577.avi,1000,B,B,,-1.4167,-1.2598,-1.55,-1.5417,8,b,(B,(B) 1-2 seconds
order_real,data/videos_v3/int_1000ms/v3_1000_00578.avi,1000,1,0,-0.2528,-9.9304,-10.304,-11.5529,-10.8039,8,a,NO,NO.
order_rev,data/videos_v3/int_1000ms/v3_1000_00578.avi,1000,1,0,-0.2351,-8.1083,-10.5443,-11.294,-10.8567,8,a,NO,NO.
order_forced,data/videos_v3/int_1000ms/v3_1000_00578.avi,1000,1,1,-0.3749,-1.9707,-1.5958,-5.2204,-8.7173,8,a,The,The green circle moved first.
interval,data/videos_v3/int_1000ms/v3_1000_00578.avi,1000,B,B,,-1.317,-1.1871,-1.445,-1.6937,8,a,(B,(B) 1-2 seconds
order_real,data/videos_v3/int_1000ms/v3_1000_00579.avi,1000,0,0,-1.8597,-10.0153,-10.5766,-11.3263,-11.2013,8,b,NO,NO.
order_rev,data/videos_v3/int_1000ms/v3_1000_00579.avi,1000,0,0,-0.7926,-7.8365,-10.5226,-11.0849,-10.897,8,b,NO,NO.
order_forced,data/videos_v3/int_1000ms/v3_1000_00579.avi,1000,0,0,0.1252,-1.1946,-1.3198,-3.9442,-9.3149,8,b,The,The green circle moved first.
interval,data/videos_v3/int_1000ms/v3_1000_00579.avi,1000,B,A,,-1.3169,-1.266,-1.6919,-1.6751,8,b,(A,(A) Less than 1 second
order_real,data/videos_v3/int_1000ms/v3_1000_00580.avi,1000,0,0,-1.6154,-10.1802,-10.5534,-11.678,-11.116,8,a,NO,NO.
order_rev,data/videos_v3/int_1000ms/v3_1000_00580.avi,1000,0,1,0.5415,-8.1674,-10.7903,-11.4769,-10.9773,8,a,YES,YES.
order_forced,data/videos_v3/int_1000ms/v3_1000_00580.avi,1000,0,0,-0.1246,-1.8454,-1.7208,-4.9696,-8.4638,8,a,The,The yellow circle moved first.
interval,data/videos_v3/int_1000ms/v3_1000_00580.avi,1000,B,B,,-1.3773,-0.9931,-1.5087,-2.0047,8,a,(B,(B) 1-2 seconds
order_real,data/videos_v3/int_1000ms/v3_1000_00581.avi,1000,1,0,-1.3014,-9.9309,-10.1799,-11.2416,-10.8046,8,a,NO,NO.
order_rev,data/videos_v3/int_1000ms/v3_1000_00581.avi,1000,1,0,-0.7822,-7.5488,-10.36,-11.047,-10.7343,8,a,NO,NO.
order_forced,data/videos_v3/int_1000ms/v3_1000_00581.avi,1000,1,1,0.0004,-1.9068,-1.9072,-5.4061,-8.6529,8,a,The,The yellow square moved first.
interval,data/videos_v3/int_1000ms/v3_1000_00581.avi,1000,B,B,,-1.5778,-1.1891,-1.3341,-1.5813,8,a,(B,(B) 1-2 seconds
order_real,data/videos_v3/int_1000ms/v3_1000_00582.avi,1000,1,0,-0.0639,-10.0197,-10.2066,-11.5177,-10.9555,8,b,NO,NO.
order_rev,data/videos_v3/int_1000ms/v3_1000_00582.avi,1000,1,1,0.1763,-7.9956,-10.6192,-11.4927,-10.8686,8,b,YES,YES.
order_forced,data/videos_v3/int_1000ms/v3_1000_00582.avi,1000,1,1,0.1252,-2.0644,-2.1896,-6.3133,-8.9354,8,b,The,The red circle moved first.
interval,data/videos_v3/int_1000ms/v3_1000_00582.avi,1000,B,B,,-1.3239,-1.1881,-1.5766,-1.5739,8,b,(B,(B) 1-2 seconds
order_real,data/videos_v3/int_1000ms/v3_1000_00583.avi,1000,1,0,-0.6889,-9.8293,-10.1404,-10.9524,-10.7025,8,a,NO,NO.
order_rev,data/videos_v3/int_1000ms/v3_1000_00583.avi,1000,1,0,-0.0768,-8.1519,-10.5879,-11.0874,-10.7753,8,a,NO,NO.
order_forced,data/videos_v3/int_1000ms/v3_1000_00583.avi,1000,1,1,0.3753,-1.3694,-1.7447,-4.3689,-8.241,8,a,The,The cyan triangle moved first.
interval,data/videos_v3/int_1000ms/v3_1000_00583.avi,1000,B,B,,-1.4934,-1.0961,-1.5016,-1.7434,8,a,(B,(B) 1-2 seconds
order_real,data/videos_v3/int_1000ms/v3_1000_00584.avi,1000,1,0,-0.2854,-10.0551,-10.5535,-11.615,-11.1157,8,a,NO,NO.
order_rev,data/videos_v3/int_1000ms/v3_1000_00584.avi,1000,1,0,-0.3027,-8.2744,-10.8353,-11.5219,-11.0225,8,a,NO,NO.
order_forced,data/videos_v3/int_1000ms/v3_1000_00584.avi,1000,1,1,0.375,-1.3597,-1.7347,-5.9843,-9.2325,8,a,The,The green circle moved first.
interval,data/videos_v3/int_1000ms/v3_1000_00584.avi,1000,B,A,,-1.3536,-1.3361,-1.485,-1.4786,8,a,(A,(A) Less than 1 second
order_real,data/videos_v3/int_1000ms/v3_1000_00585.avi,1000,1,0,-1.0872,-10.4609,-10.5846,-11.8329,-11.5211,8,a,NO,NO.
order_rev,data/videos_v3/int_1000ms/v3_1000_00585.avi,1000,1,0,-0.6151,-7.7454,-10.5564,-11.4929,-11.3054,8,a,NO,NO.
order_forced,data/videos_v3/int_1000ms/v3_1000_00585.avi,1000,1,0,-0.125,-0.9689,-0.8439,-2.4689,-10.8427,8,a,B,B
interval,data/videos_v3/int_1000ms/v3_1000_00585.avi,1000,B,A,,-1.253,-1.4861,-1.5147,-1.3824,8,a,(A,(A) Less than 1 second
order_real,data/videos_v3/int_1000ms/v3_1000_00586.avi,1000,1,0,-1.5254,-9.899,-10.3354,-10.8977,-10.8348,8,b,NO,NO.
order_rev,data/videos_v3/int_1000ms/v3_1000_00586.avi,1000,1,0,-0.9106,-7.5872,-10.5859,-10.9608,-10.7727,8,b,NO,NO.
order_forced,data/videos_v3/int_1000ms/v3_1000_00586.avi,1000,1,1,0.2505,-1.349,-1.5995,-4.8482,-7.9697,8,b,The,The cyan square moved first.
interval,data/videos_v3/int_1000ms/v3_1000_00586.avi,1000,B,B,,-1.5795,-1.1806,-1.5878,-1.4589,8,b,(B,(B) 1-2 seconds
order_real,data/videos_v3/int_1000ms/v3_1000_00587.avi,1000,1,0,-1.7032,-10.006,-10.3171,-11.3794,-10.8795,8,a,NO,NO.
order_rev,data/videos_v3/int_1000ms/v3_1000_00587.avi,1000,1,0,-0.307,-7.6753,-10.4236,-11.111,-10.673,8,a,NO,NO.
order_forced,data/videos_v3/int_1000ms/v3_1000_00587.avi,1000,1,1,-0.2495,-1.788,-1.5385,-6.2857,-9.0276,8,a,The,The blue triangle moved first.
interval,data/videos_v3/int_1000ms/v3_1000_00587.avi,1000,B,B,,-1.396,-1.1285,-1.521,-1.646,8,a,(B,(B) 1-2 seconds
order_real,data/videos_v3/int_1000ms/v3_1000_00588.avi,1000,1,0,-1.541,-9.8471,-10.2831,-11.0949,-10.7828,8,b,NO,NO.
order_rev,data/videos_v3/int_1000ms/v3_1000_00588.avi,1000,1,0,-0.7067,-7.8866,-10.5728,-11.1347,-10.8843,8,b,NO,NO.
order_forced,data/videos_v3/int_1000ms/v3_1000_00588.avi,1000,1,1,0.0005,-1.4629,-1.4634,-4.2122,-8.5814,8,b,The,The yellow circle moved first.
interval,data/videos_v3/int_1000ms/v3_1000_00588.avi,1000,B,B,,-1.439,-1.1702,-1.5705,-1.5674,8,b,(B,(B) 1-2 seconds
order_real,data/videos_v3/int_1000ms/v3_1000_00589.avi,1000,0,0,-1.1583,-10.181,-10.6169,-11.8031,-11.179,8,b,NO,NO.
order_rev,data/videos_v3/int_1000ms/v3_1000_00589.avi,1000,0,0,-0.5768,-8.0671,-10.6904,-11.5646,-11.0651,8,b,NO,NO.
order_forced,data/videos_v3/int_1000ms/v3_1000_00589.avi,1000,0,1,0.5,-0.7508,-1.2508,-5.2505,-8.8744,8,b,A,A
interval,data/videos_v3/int_1000ms/v3_1000_00589.avi,1000,B,A,,-1.1461,-1.3813,-1.6512,-1.5238,8,b,(A,(A) Less than 1 second
order_real,data/videos_v3/int_1000ms/v3_1000_00590.avi,1000,1,0,-1.5958,-10.2897,-10.7256,-11.788,-11.3503,8,a,NO,NO.
order_rev,data/videos_v3/int_1000ms/v3_1000_00590.avi,1000,1,0,-1.0029,-7.7322,-10.5432,-11.3556,-11.1052,8,a,NO,NO.
order_forced,data/videos_v3/int_1000ms/v3_1000_00590.avi,1000,1,0,-0.2499,-1.1452,-0.8953,-6.145,-9.894,8,a,B,B
interval,data/videos_v3/int_1000ms/v3_1000_00590.avi,1000,B,A,,-1.1354,-1.3551,-1.7709,-1.641,8,a,(A,(A) Less than 1 second
order_real,data/videos_v3/int_1000ms/v3_1000_00591.avi,1000,0,0,-1.5027,-9.9326,-10.3064,-11.3061,-10.8063,8,b,NO,NO.
order_rev,data/videos_v3/int_1000ms/v3_1000_00591.avi,1000,0,0,-0.7726,-7.8186,-10.5672,-11.3167,-10.879,8,b,NO,NO.
order_forced,data/videos_v3/int_1000ms/v3_1000_00591.avi,1000,0,1,0.0003,-1.5881,-1.5884,-6.2119,-8.583,8,b,The,The red circle moved first.
interval,data/videos_v3/int_1000ms/v3_1000_00591.avi,1000,B,B,,-1.3687,-1.1071,-1.4977,-1.7437,8,b,(B,(B) 1-2 seconds
order_real,data/videos_v3/int_1000ms/v3_1000_00592.avi,1000,0,0,-1.7647,-10.1215,-10.5573,-11.7442,-11.182,8,a,NO,NO.
order_rev,data/videos_v3/int_1000ms/v3_1000_00592.avi,1000,0,0,-1.1903,-7.9196,-10.3556,-11.1675,-10.6678,8,a,NO,NO.
order_forced,data/videos_v3/int_1000ms/v3_1000_00592.avi,1000,0,0,-0.2498,-1.4765,-1.2267,-6.3498,-8.7224,8,a,The,The yellow circle moved first.
interval,data/videos_v3/int_1000ms/v3_1000_00592.avi,1000,B,A,,-1.2545,-1.3476,-1.6339,-1.5045,8,a,(A,(A) Less than 1 second
order_real,data/videos_v3/int_1000ms/v3_1000_00593.avi,1000,0,0,-1.2644,-9.9005,-10.2741,-11.3987,-10.961,8,a,NO,NO.
order_rev,data/videos_v3/int_1000ms/v3_1000_00593.avi,1000,0,0,-1.7609,-7.9049,-10.5908,-11.4031,-10.8407,8,a,NO,NO.
order_forced,data/videos_v3/int_1000ms/v3_1000_00593.avi,1000,0,1,-0.2498,-1.7201,-1.4703,-7.0936,-8.9675,8,a,The,The blue square moved first.
interval,data/videos_v3/int_1000ms/v3_1000_00593.avi,1000,B,A,,-1.3425,-1.3017,-1.6008,-1.5876,8,a,(A,(A) Less than 1 second
order_real,data/videos_v3/int_1000ms/v3_1000_00594.avi,1000,0,0,-0.6695,-10.0226,-10.2089,-11.5202,-10.8335,8,a,NO,NO.
order_rev,data/videos_v3/int_1000ms/v3_1000_00594.avi,1000,0,0,-0.666,-7.6921,-10.5655,-11.3152,-10.7529,8,a,NO,NO.
order_forced,data/videos_v3/int_1000ms/v3_1000_00594.avi,1000,0,1,0.0003,-1.6559,-1.6562,-6.6543,-8.7757,8,a,The,The yellow circle moved first.
interval,data/videos_v3/int_1000ms/v3_1000_00594.avi,1000,B,A,,-1.2712,-1.2487,-1.5236,-1.6435,8,a,(A,(A) Less than 1 second
order_real,data/videos_v3/int_1000ms/v3_1000_00595.avi,1000,0,0,-1.1229,-10.1395,-10.3886,-11.5747,-11.013,8,a,NO,NO.
order_rev,data/videos_v3/int_1000ms/v3_1000_00595.avi,1000,0,0,-0.5444,-7.693,-10.4413,-11.2533,-10.8783,8,a,NO,NO.
order_forced,data/videos_v3/int_1000ms/v3_1000_00595.avi,1000,0,1,0.2503,-1.3268,-1.5771,-6.3254,-8.9459,8,a,The,The yellow triangle moved first.
interval,data/videos_v3/int_1000ms/v3_1000_00595.avi,1000,B,B,,-1.3604,-1.2206,-1.6155,-1.4881,8,a,(B,(B) 1-2 seconds
order_real,data/videos_v3/int_1000ms/v3_1000_00596.avi,1000,0,0,-2.1107,-10.0155,-10.4517,-11.3265,-11.0766,8,a,NO,NO.
order_rev,data/videos_v3/int_1000ms/v3_1000_00596.avi,1000,0,0,-1.1822,-7.8899,-10.6383,-11.0759,-10.888,8,a,NO,NO.
order_forced,data/videos_v3/int_1000ms/v3_1000_00596.avi,1000,0,1,-0.2497,-1.5289,-1.2792,-4.2785,-8.6487,8,a,The,The blue triangle moved first.
interval,data/videos_v3/int_1000ms/v3_1000_00596.avi,1000,B,B,,-1.4826,-1.2151,-1.4871,-1.4826,8,a,(B,(B) 1-2 seconds
order_real,data/videos_v3/int_1000ms/v3_1000_00597.avi,1000,1,0,-2.8109,-10.1028,-10.6013,-11.4139,-11.2258,8,b,NO,NO.
order_rev,data/videos_v3/int_1000ms/v3_1000_00597.avi,1000,1,0,-1.1664,-8.3002,-10.6738,-11.1736,-10.8605,8,b,NO,NO.
order_forced,data/videos_v3/int_1000ms/v3_1000_00597.avi,1000,1,1,-0.2498,-1.407,-1.1572,-6.4057,-8.6526,8,b,The,The blue triangle moved first.
interval,data/videos_v3/int_1000ms/v3_1000_00597.avi,1000,B,B,,-1.3536,-1.2073,-1.7286,-1.4786,8,b,(B,(B) 1-2 seconds
order_real,data/videos_v3/int_1000ms/v3_1000_00598.avi,1000,0,0,-0.6578,-9.9516,-10.2627,-11.5123,-11.0123,8,b,NO,NO.
order_rev,data/videos_v3/int_1000ms/v3_1000_00598.avi,1000,0,0,-0.5439,-7.3176,-10.3161,-11.4406,-10.8779,8,b,NO,NO.
order_forced,data/videos_v3/int_1000ms/v3_1000_00598.avi,1000,0,1,-0.2497,-1.6484,-1.3987,-7.3958,-8.6439,8,b,The,The blue square moved first.
interval,data/videos_v3/int_1000ms/v3_1000_00598.avi,1000,B,B,,-1.3307,-1.1735,-1.5842,-1.7057,8,b,(B,(B) 1-2 seconds
order_real,data/videos_v3/int_1000ms/v3_1000_00599.avi,1000,0,0,-1.0348,-9.9883,-10.1748,-11.4232,-10.6744,8,a,NO,NO.
order_rev,data/videos_v3/int_1000ms/v3_1000_00599.avi,1000,0,0,-0.337,-7.8164,-10.5024,-11.3765,-10.7519,8,a,NO,NO.
order_forced,data/videos_v3/int_1000ms/v3_1000_00599.avi,1000,0,1,0.0002,-1.7324,-1.7326,-7.8555,-8.9783,8,a,The,The yellow triangle moved first.
interval,data/videos_v3/int_1000ms/v3_1000_00599.avi,1000,B,B,,-1.4539,-1.0718,-1.4563,-1.7052,8,a,(B,(B) 1-2 seconds
order_real,data/videos_v3/int_1500ms/v3_1500_00600.avi,1500,0,0,-0.7852,-9.935,-10.3089,-11.2459,-10.9331,8,a,NO,NO.
order_rev,data/videos_v3/int_1500ms/v3_1500_00600.avi,1500,0,0,0.0608,-7.9582,-10.5821,-11.0817,-10.9561,8,a,NO,NO.
order_forced,data/videos_v3/int_1500ms/v3_1500_00600.avi,1500,0,1,-0.1247,-1.6178,-1.4931,-4.1176,-8.9879,8,a,The,The green triangle moved first.
interval,data/videos_v3/int_1500ms/v3_1500_00600.avi,1500,B,B,,-1.4495,-1.1864,-1.454,-1.5769,8,a,(B,(B) 1-2 seconds
order_32f,data/videos_v3/int_1500ms/v3_1500_00600.avi,1500,0,0,-1.7403,-9.915,-10.476,-11.4134,-10.8511,32,a,NO,NO.
moved_real,data/videos_v3/int_1500ms/v3_1500_00600.avi,1500,1,0,-2.985,-10.2939,-11.9167,-11.6051,-10.9804,8,a,NO,NO.
moved_twin,data/twin_v3/v3_1500_00600.avi,1500,0,0,-3.4537,-10.3061,-11.9289,-11.6173,-10.9302,8,a,NO,NO.
still_real,data/videos_v3/int_1500ms/v3_1500_00600.avi,1500,0,1,0.7141,-10.0435,-10.918,-11.6659,-11.1039,8,a,YES,YES.
still_twin,data/twin_v3/v3_1500_00600.avi,1500,1,1,2.1588,-10.2241,-11.3485,-12.0337,-11.5335,8,a,YES,YES.
order_twin,data/twin_v3/v3_1500_00600.avi,1500,-1,0,-2.2356,-9.9413,-10.6274,-11.315,-11.0645,8,a,NO,NO.
moved_solo_hit,data/videos_v3/int_1500ms/v3_1500_00600_soloa.avi,1500,1,0,-3.345,-10.2934,-11.979,-11.7294,-11.0423,8,a,NO,NO.
moved_solo_fa,data/videos_v3/int_1500ms/v3_1500_00600_solob.avi,1500,0,0,-3.2199,-10.2973,-11.9827,-11.6709,-11.0463,8,a,NO,NO.
order_real,data/videos_v3/int_1500ms/v3_1500_00601.avi,1500,1,0,-0.5445,-9.9418,-10.253,-11.1273,-10.8776,8,b,NO,NO.
order_rev,data/videos_v3/int_1500ms/v3_1500_00601.avi,1500,1,0,-0.0715,-7.6693,-10.6677,-11.2295,-10.9171,8,b,NO,NO.
order_forced,data/videos_v3/int_1500ms/v3_1500_00601.avi,1500,1,1,0.1254,-1.3789,-1.5043,-3.7537,-8.1235,8,b,The,The cyan square moved first.
interval,data/videos_v3/int_1500ms/v3_1500_00601.avi,1500,B,B,,-1.5196,-1.1194,-1.4062,-1.773,8,b,(B,(B) 1-2 seconds
order_32f,data/videos_v3/int_1500ms/v3_1500_00601.avi,1500,1,0,-1.6396,-9.9561,-10.3922,-11.1418,-10.8919,32,b,NO,NO.
moved_real,data/videos_v3/int_1500ms/v3_1500_00601.avi,1500,1,0,-1.7856,-10.15,-11.523,-10.961,-10.7743,8,b,NO,NO.
moved_twin,data/twin_v3/v3_1500_00601.avi,1500,0,0,-2.7493,-10.3209,-11.7566,-11.0074,-10.9452,8,b,NO,NO.
still_real,data/videos_v3/int_1500ms/v3_1500_00601.avi,1500,0,0,-0.1398,-9.9637,-10.713,-11.5229,-10.8369,8,b,NO,NO.
still_twin,data/twin_v3/v3_1500_00601.avi,1500,1,1,2.2499,-10.3269,-11.3892,-12.1363,-11.6366,8,b,YES,YES.
order_twin,data/twin_v3/v3_1500_00601.avi,1500,-1,0,-1.9076,-9.8118,-10.373,-10.9352,-10.8724,8,b,NO,NO.
moved_solo_hit,data/videos_v3/int_1500ms/v3_1500_00601_solob.avi,1500,1,0,-1.5148,-10.2246,-11.4727,-10.9735,-10.8489,8,b,NO,NO.
moved_solo_fa,data/videos_v3/int_1500ms/v3_1500_00601_soloa.avi,1500,0,0,-3.0117,-10.2922,-11.8526,-11.0408,-10.9166,8,b,NO,NO.
order_real,data/videos_v3/int_1500ms/v3_1500_00602.avi,1500,1,0,-1.8976,-9.8305,-10.3914,-11.2663,-10.8909,8,a,NO,NO.
order_rev,data/videos_v3/int_1500ms/v3_1500_00602.avi,1500,1,0,-1.2488,-7.8897,-10.5757,-11.2629,-10.8253,8,a,NO,NO.
order_forced,data/videos_v3/int_1500ms/v3_1500_00602.avi,1500,1,1,0.0001,-1.4508,-1.4509,-6.1991,-8.6961,8,a,The,The red circle moved first.
interval,data/videos_v3/int_1500ms/v3_1500_00602.avi,1500,B,B,,-1.3963,-1.2524,-1.6528,-1.3997,8,a,(B,(B) 1-2 seconds
order_32f,data/videos_v3/int_1500ms/v3_1500_00602.avi,1500,1,0,-2.4388,-9.7972,-10.4206,-11.6078,-10.9204,32,a,NO,NO.
moved_real,data/videos_v3/int_1500ms/v3_1500_00602.avi,1500,1,0,-1.6097,-10.0579,-11.1815,-11.244,-10.8069,8,a,NO,NO.
moved_twin,data/twin_v3/v3_1500_00602.avi,1500,0,0,-2.9537,-10.2059,-11.5792,-11.4547,-10.955,8,a,NO,NO.
still_real,data/videos_v3/int_1500ms/v3_1500_00602.avi,1500,0,1,1.1681,-10.076,-11.1377,-11.8858,-11.3238,8,a,YES,YES.
still_twin,data/twin_v3/v3_1500_00602.avi,1500,1,1,1.769,-10.1255,-11.3118,-11.935,-11.4978,8,a,YES,YES.
order_twin,data/twin_v3/v3_1500_00602.avi,1500,-1,0,-2.4909,-9.8972,-10.458,-11.2706,-10.9577,8,a,NO,NO.
moved_solo_hit,data/videos_v3/int_1500ms/v3_1500_00602_soloa.avi,1500,1,0,-1.6361,-10.0533,-11.2392,-11.2395,-10.8021,8,a,NO,NO.
moved_solo_fa,data/videos_v3/int_1500ms/v3_1500_00602_solob.avi,1500,0,0,-2.9536,-10.3299,-11.6407,-11.4539,-11.0166,8,a,NO,NO.
order_real,data/videos_v3/int_1500ms/v3_1500_00603.avi,1500,1,0,-2.4383,-10.3534,-10.9768,-11.914,-11.4145,8,b,NO,NO.
order_rev,data/videos_v3/int_1500ms/v3_1500_00603.avi,1500,1,0,-1.3863,-8.2193,-10.7805,-11.4678,-11.1551,8,b,NO,NO.
order_forced,data/videos_v3/int_1500ms/v3_1500_00603.avi,1500,1,0,-0.1249,-1.0274,-0.9025,-6.7771,-9.9012,8,b,B,B
interval,data/videos_v3/int_1500ms/v3_1500_00603.avi,1500,B,D,,-1.3185,-1.4408,-1.6973,-1.1966,8,b,(D,(D) More than 5 seconds.
order_32f,data/videos_v3/int_1500ms/v3_1500_00603.avi,1500,1,0,-2.806,-10.4078,-11.0314,-12.0938,-11.3442,32,b,NO,NO.
moved_real,data/videos_v3/int_1500ms/v3_1500_00603.avi,1500,1,0,-2.4989,-10.339,-11.7752,-11.8378,-11.2131,8,b,NO,NO.
moved_twin,data/twin_v3/v3_1500_00603.avi,1500,0,0,-2.6238,-10.4901,-11.8638,-11.9888,-11.3017,8,b,NO,NO.
still_real,data/videos_v3/int_1500ms/v3_1500_00603.avi,1500,0,1,1.543,-10.3096,-11.4958,-12.1818,-11.6827,8,b,YES,YES.
still_twin,data/twin_v3/v3_1500_00603.avi,1500,1,1,1.8863,-10.4309,-11.6172,-12.2407,-11.8038,8,b,YES,YES.
order_twin,data/twin_v3/v3_1500_00603.avi,1500,-1,0,-2.2619,-10.3064,-10.8674,-11.9293,-11.305,8,b,NO,NO.
moved_solo_hit,data/videos_v3/int_1500ms/v3_1500_00603_solob.avi,1500,1,0,-2.3864,-10.3343,-11.8326,-11.8331,-11.2084,8,b,NO,NO.
moved_solo_fa,data/videos_v3/int_1500ms/v3_1500_00603_soloa.avi,1500,0,0,-2.6364,-10.4394,-11.8754,-11.9382,-11.2509,8,b,NO,NO.
order_real,data/videos_v3/int_1500ms/v3_1500_00604.avi,1500,1,0,-0.3138,-9.9702,-10.2815,-11.468,-10.8438,8,a,NO,NO.
order_rev,data/videos_v3/int_1500ms/v3_1500_00604.avi,1500,1,0,-0.4003,-7.6486,-10.6473,-11.4592,-10.8344,8,a,NO,NO.
order_forced,data/videos_v3/int_1500ms/v3_1500_00604.avi,1500,1,1,0.1253,-1.6356,-1.7609,-7.0088,-8.6307,8,a,The,The yellow square moved first.
interval,data/videos_v3/int_1500ms/v3_1500_00604.avi,1500,B,B,,-1.5439,-1.1552,-1.4239,-1.5458,8,a,(B,(B) 1-2 seconds
order_32f,data/videos_v3/int_1500ms/v3_1500_00604.avi,1500,1,0,-0.8895,-10.059,-10.5573,-11.6816,-10.9949,32,a,NO,NO.
moved_real,data/videos_v3/int_1500ms/v3_1500_00604.avi,1500,1,0,-0.3027,-10.2121,-11.3355,-11.7712,-10.7735,8,a,NO,NO.
moved_twin,data/twin_v3/v3_1500_00604.avi,1500,0,0,-2.3021,-10.2854,-11.4716,-11.5961,-10.7223,8,a,NO,NO.
still_real,data/videos_v3/int_1500ms/v3_1500_00604.avi,1500,0,0,-1.0797,-9.9808,-10.6053,-11.4161,-10.6671,8,a,NO,NO.
still_twin,data/twin_v3/v3_1500_00604.avi,1500,1,1,2.2611,-10.3257,-11.5124,-12.1972,-11.5729,8,a,YES,YES.
order_twin,data/twin_v3/v3_1500_00604.avi,1500,-1,0,-2.4078,-9.8836,-10.5074,-11.5692,-10.9447,8,a,NO,NO.
moved_solo_hit,data/videos_v3/int_1500ms/v3_1500_00604_soloa.avi,1500,1,0,-0.0498,-10.1788,-11.3024,-11.6759,-10.7401,8,a,NO,NO.
moved_solo_fa,data/videos_v3/int_1500ms/v3_1500_00604_solob.avi,1500,0,0,-2.1823,-10.4763,-11.787,-11.9118,-10.9755,8,a,NO,NO.
order_real,data/videos_v3/int_1500ms/v3_1500_00605.avi,1500,0,0,-1.5956,-10.1019,-10.3504,-11.6623,-11.0378,8,a,NO,NO.
order_rev,data/videos_v3/int_1500ms/v3_1500_00605.avi,1500,0,0,-1.4979,-8.3087,-10.6201,-11.5569,-10.9947,8,a,NO,NO.
order_forced,data/videos_v3/int_1500ms/v3_1500_00605.avi,1500,0,1,-0.4999,-1.6563,-1.1564,-6.5305,-9.0283,8,a,The,The blue circle moved first.
interval,data/videos_v3/int_1500ms/v3_1500_00605.avi,1500,B,B,,-1.3154,-1.1859,-1.5692,-1.5675,8,a,(B,(B) 1-2 seconds
order_32f,data/videos_v3/int_1500ms/v3_1500_00605.avi,1500,0,0,-2.0952,-10.0956,-10.4692,-11.7188,-11.0318,32,a,NO,NO.
moved_real,data/videos_v3/int_1500ms/v3_1500_00605.avi,1500,1,0,-0.5524,-10.0525,-11.1753,-11.6126,-10.926,8,a,NO,NO.
moved_twin,data/twin_v3/v3_1500_00605.avi,1500,0,0,-2.5116,-10.4238,-11.6095,-11.8597,-11.1729,8,a,NO,NO.
still_real,data/videos_v3/int_1500ms/v3_1500_00605.avi,1500,0,0,0.0895,-9.8585,-10.7327,-11.6059,-10.9195,8,a,NO,NO.
still_twin,data/twin_v3/v3_1500_00605.avi,1500,1,1,2.1441,-10.0772,-11.2637,-12.0746,-11.5123,8,a,YES,YES.
order_twin,data/twin_v3/v3_1500_00605.avi,1500,-1,0,-2.5032,-10.1833,-10.5569,-11.7441,-11.2441,8,a,NO,NO.
moved_solo_hit,data/videos_v3/int_1500ms/v3_1500_00605_soloa.avi,1500,1,0,-1.2923,-10.2672,-11.2026,-11.6402,-11.016,8,a,NO,NO.
moved_solo_fa,data/videos_v3/int_1500ms/v3_1500_00605_solob.avi,1500,0,0,-2.499,-10.4364,-11.6219,-11.8099,-11.1231,8,a,NO,NO.
order_real,data/videos_v3/int_1500ms/v3_1500_00606.avi,1500,0,0,-1.8896,-9.9803,-10.3536,-11.6032,-10.9785,8,b,NO,NO.
order_rev,data/videos_v3/int_1500ms/v3_1500_00606.avi,1500,0,0,-0.3444,-7.6585,-10.2817,-11.1563,-10.7811,8,b,NO,NO.
order_forced,data/videos_v3/int_1500ms/v3_1500_00606.avi,1500,0,0,-0.4997,-1.7772,-1.2775,-5.7759,-8.7717,8,b,The,The blue circle moved first.
interval,data/videos_v3/int_1500ms/v3_1500_00606.avi,1500,B,A,,-1.1886,-1.2913,-1.5694,-1.6886,8,b,(A,(A) Less than 1 second
order_32f,data/videos_v3/int_1500ms/v3_1500_00606.avi,1500,0,0,-2.5961,-9.9937,-10.4919,-11.8043,-11.0544,32,b,NO,NO.
moved_real,data/videos_v3/int_1500ms/v3_1500_00606.avi,1500,1,0,-3.8816,-10.4627,-11.9609,-12.0234,-11.2119,8,b,NO,NO.
moved_twin,data/twin_v3/v3_1500_00606.avi,1500,0,0,-3.7428,-10.3496,-11.7854,-11.8479,-11.0988,8,b,NO,NO.
still_real,data/videos_v3/int_1500ms/v3_1500_00606.avi,1500,0,1,0.7985,-10.0041,-10.9405,-11.8137,-11.2517,8,b,YES,YES.
still_twin,data/twin_v3/v3_1500_00606.avi,1500,1,1,2.1401,-10.0589,-11.2453,-12.0556,-11.618,8,b,YES,YES.
order_twin,data/twin_v3/v3_1500_00606.avi,1500,-1,0,-2.1664,-9.9493,-10.3854,-11.5099,-11.01,8,b,NO,NO.
moved_solo_hit,data/videos_v3/int_1500ms/v3_1500_00606_solob.avi,1500,1,0,-3.6179,-10.3525,-11.8506,-11.9131,-11.1017,8,b,NO,NO.
moved_solo_fa,data/videos_v3/int_1500ms/v3_1500_00606_soloa.avi,1500,0,0,-3.8816,-10.4631,-11.8989,-11.9612,-11.0875,8,b,NO,NO.
order_real,data/videos_v3/int_1500ms/v3_1500_00607.avi,1500,1,0,-2.2208,-9.9599,-10.521,-11.4582,-10.8957,8,b,NO,NO.
order_rev,data/videos_v3/int_1500ms/v3_1500_00607.avi,1500,1,0,-1.2645,-7.7763,-10.5873,-11.2743,-10.7743,8,b,NO,NO.
order_forced,data/videos_v3/int_1500ms/v3_1500_00607.avi,1500,1,0,0.2503,-1.4717,-1.722,-6.2203,-8.5908,8,b,The,The yellow triangle moved first.
interval,data/videos_v3/int_1500ms/v3_1500_00607.avi,1500,B,B,,-1.3646,-1.2221,-1.6146,-1.4896,8,b,(B,(B) 1-2 seconds
order_32f,data/videos_v3/int_1500ms/v3_1500_00607.avi,1500,1,0,-3.1156,-9.8602,-10.6087,-11.546,-10.734,32,b,NO,NO.
moved_real,data/videos_v3/int_1500ms/v3_1500_00607.avi,1500,1,0,-3.1244,-10.4293,-11.8029,-11.6156,-10.9287,8,b,NO,NO.
moved_twin,data/twin_v3/v3_1500_00607.avi,1500,0,0,-3.5963,-10.5712,-12.0071,-11.6952,-11.0706,8,b,NO,NO.
still_real,data/videos_v3/int_1500ms/v3_1500_00607.avi,1500,0,1,0.8104,-10.0957,-10.9702,-11.7801,-11.0932,8,b,YES,YES.
still_twin,data/twin_v3/v3_1500_00607.avi,1500,1,1,2.1552,-10.3367,-11.3987,-12.0836,-11.646,8,b,YES,YES.
order_twin,data/twin_v3/v3_1500_00607.avi,1500,-1,0,-2.6283,-10.1147,-10.7384,-11.5505,-11.0506,8,b,NO,NO.
moved_solo_hit,data/videos_v3/int_1500ms/v3_1500_00607_solob.avi,1500,1,0,-3.2036,-10.442,-11.753,-11.5035,-10.9413,8,b,NO,NO.
moved_solo_fa,data/videos_v3/int_1500ms/v3_1500_00607_soloa.avi,1500,0,0,-3.4379,-10.5422,-11.9157,-11.666,-11.0416,8,b,NO,NO.
order_real,data/videos_v3/int_1500ms/v3_1500_00608.avi,1500,0,0,-1.011,-10.0322,-10.3434,-11.6547,-10.9057,8,a,NO,NO.
order_rev,data/videos_v3/int_1500ms/v3_1500_00608.avi,1500,0,0,-0.4163,-7.9087,-10.5322,-11.3444,-10.8444,8,a,NO,NO.
order_forced,data/videos_v3/int_1500ms/v3_1500_00608.avi,1500,0,1,0.0002,-1.4479,-1.4481,-5.9467,-9.1906,8,a,The,The green circle moved first.
interval,data/videos_v3/int_1500ms/v3_1500_00608.avi,1500,B,B,,-1.4349,-1.2813,-1.4407,-1.5565,8,a,(B,(B) 1-2 seconds
order_32f,data/videos_v3/int_1500ms/v3_1500_00608.avi,1500,0,0,-1.025,-9.9439,-10.3174,-11.6912,-10.8171,32,a,NO,NO.
moved_real,data/videos_v3/int_1500ms/v3_1500_00608.avi,1500,1,0,-0.398,-10.0401,-11.2257,-11.4752,-10.7264,8,a,NO,NO.
moved_twin,data/twin_v3/v3_1500_00608.avi,1500,0,0,-2.9725,-10.283,-11.8434,-11.7189,-10.9696,8,a,NO,NO.
still_real,data/videos_v3/int_1500ms/v3_1500_00608.avi,1500,0,0,-0.2487,-9.934,-10.8082,-11.6814,-10.9325,8,a,NO,NO.
still_twin,data/twin_v3/v3_1500_00608.avi,1500,1,1,1.8901,-10.0884,-11.3997,-12.1472,-11.585,8,a,YES,YES.
order_twin,data/twin_v3/v3_1500_00608.avi,1500,-1,0,-1.7756,-9.8567,-10.4175,-11.4795,-10.917,8,a,NO,NO.
moved_solo_hit,data/videos_v3/int_1500ms/v3_1500_00608_soloa.avi,1500,1,0,-0.4081,-9.8601,-11.1701,-11.2949,-10.6085,8,a,NO,NO.
moved_solo_fa,data/videos_v3/int_1500ms/v3_1500_00608_solob.avi,1500,0,0,-3.0116,-10.2937,-11.7919,-11.6673,-10.9178,8,a,NO,NO.
order_real,data/videos_v3/int_1500ms/v3_1500_00609.avi,1500,0,0,-1.8777,-10.06,-10.5585,-11.6207,-10.9959,8,b,NO,NO.
order_rev,data/videos_v3/int_1500ms/v3_1500_00609.avi,1500,0,0,-0.7849,-8.372,-10.6833,-11.3078,-10.8701,8,b,NO,NO.
order_forced,data/videos_v3/int_1500ms/v3_1500_00609.avi,1500,0,1,-0.2498,-1.5124,-1.2626,-6.5115,-8.8846,8,b,The,The red circle moved first.
interval,data/videos_v3/int_1500ms/v3_1500_00609.avi,1500,B,B,,-1.4698,-1.3317,-1.4762,-1.3472,8,b,(B,(B) 1-2 seconds
order_32f,data/videos_v3/int_1500ms/v3_1500_00609.avi,1500,0,0,-2.6881,-10.0876,-10.7735,-11.8981,-11.0238,32,b,NO,NO.
moved_real,data/videos_v3/int_1500ms/v3_1500_00609.avi,1500,1,0,-2.7056,-10.3109,-11.8096,-11.747,-11.185,8,b,NO,NO.
moved_twin,data/twin_v3/v3_1500_00609.avi,1500,0,0,-3.1929,-10.3986,-11.8973,-11.8349,-11.2104,8,b,NO,NO.
still_real,data/videos_v3/int_1500ms/v3_1500_00609.avi,1500,0,1,1.3964,-9.9501,-11.2615,-12.0099,-11.2607,8,b,YES,YES.
still_twin,data/twin_v3/v3_1500_00609.avi,1500,1,1,2.0303,-9.9762,-11.3502,-12.1608,-11.4741,8,b,YES,YES.
order_twin,data/twin_v3/v3_1500_00609.avi,1500,-1,0,-2.2611,-10.1562,-10.6548,-11.8418,-11.1545,8,b,NO,NO.
moved_solo_hit,data/videos_v3/int_1500ms/v3_1500_00609_solob.avi,1500,1,0,-2.8471,-10.4141,-11.8502,-11.7877,-11.1633,8,b,NO,NO.
moved_solo_fa,data/videos_v3/int_1500ms/v3_1500_00609_soloa.avi,1500,0,0,-3.1099,-10.4149,-11.976,-11.8511,-11.289,8,b,NO,NO.
order_real,data/videos_v3/int_1500ms/v3_1500_00610.avi,1500,1,0,-0.4103,-10.0046,-10.2536,-11.3152,-10.878,8,a,NO,NO.
order_rev,data/videos_v3/int_1500ms/v3_1500_00610.avi,1500,1,0,-0.4103,-7.881,-10.5047,-11.1291,-10.8166,8,a,NO,NO.
order_forced,data/videos_v3/int_1500ms/v3_1500_00610.avi,1500,1,1,0.3751,-1.5169,-1.892,-4.6416,-8.5137,8,a,The,The red circle moved first.
interval,data/videos_v3/int_1500ms/v3_1500_00610.avi,1500,B,A,,-1.2593,-1.234,-1.5144,-1.7563,8,a,(A,(A) Less than 1 second
order_32f,data/videos_v3/int_1500ms/v3_1500_00610.avi,1500,1,0,-0.1694,-9.9485,-10.2594,-11.3838,-10.7595,32,a,NO,NO.
moved_real,data/videos_v3/int_1500ms/v3_1500_00610.avi,1500,1,0,0.0721,-10.0777,-11.139,-11.3879,-10.8264,8,a,NO,NO.
moved_twin,data/twin_v3/v3_1500_00610.avi,1500,0,0,-3.4377,-10.5413,-11.8524,-11.79,-11.0406,8,a,NO,NO.
still_real,data/videos_v3/int_1500ms/v3_1500_00610.avi,1500,0,0,-0.6675,-9.9409,-10.5029,-11.4383,-10.7518,8,a,NO,NO.
still_twin,data/twin_v3/v3_1500_00610.avi,1500,1,1,2.01,-10.0926,-11.1545,-12.0268,-11.4649,8,a,YES,YES.
order_twin,data/twin_v3/v3_1500_00610.avi,1500,-1,0,-2.2754,-9.9854,-10.3594,-11.2964,-10.8587,8,a,NO,NO.
moved_solo_hit,data/videos_v3/int_1500ms/v3_1500_00610_soloa.avi,1500,1,0,-0.1477,-10.0431,-11.1664,-11.4161,-10.7916,8,a,NO,NO.
moved_solo_fa,data/videos_v3/int_1500ms/v3_1500_00610_solob.avi,1500,0,0,-2.8445,-10.4409,-11.6269,-11.5644,-10.9401,8,a,NO,NO.
order_real,data/videos_v3/int_1500ms/v3_1500_00611.avi,1500,0,0,-1.5031,-10.0581,-10.3068,-11.5562,-10.8692,8,b,NO,NO.
order_rev,data/videos_v3/int_1500ms/v3_1500_00611.avi,1500,0,0,-1.0149,-7.8377,-10.399,-11.2737,-10.7111,8,b,NO,NO.
order_forced,data/videos_v3/int_1500ms/v3_1500_00611.avi,1500,0,1,0.1252,-1.369,-1.4942,-7.2423,-8.7415,8,b,The,The yellow square moved first.
interval,data/videos_v3/int_1500ms/v3_1500_00611.avi,1500,B,A,,-1.3251,-1.2842,-1.5795,-1.5701,8,b,(A,(A) Less than 1 second
order_32f,data/videos_v3/int_1500ms/v3_1500_00611.avi,1500,0,0,-2.0009,-10.0502,-10.4863,-11.6735,-10.924,32,b,NO,NO.
moved_real,data/videos_v3/int_1500ms/v3_1500_00611.avi,1500,1,0,-1.7854,-10.1515,-11.3374,-11.6497,-10.7758,8,b,NO,NO.
moved_twin,data/twin_v3/v3_1500_00611.avi,1500,0,0,-2.5592,-10.1182,-11.5542,-11.8039,-10.805,8,b,NO,NO.
still_real,data/videos_v3/int_1500ms/v3_1500_00611.avi,1500,0,1,1.6362,-9.9078,-11.0318,-11.9674,-11.2807,8,b,YES,YES.
still_twin,data/twin_v3/v3_1500_00611.avi,1500,1,1,2.1516,-9.9908,-11.1775,-12.1129,-11.3638,8,b,YES,YES.
order_twin,data/twin_v3/v3_1500_00611.avi,1500,-1,0,-2.2623,-10.061,-10.4349,-11.6842,-10.9346,8,b,NO,NO.
moved_solo_hit,data/videos_v3/int_1500ms/v3_1500_00611_solob.avi,1500,1,0,-1.4463,-10.0976,-11.2213,-11.5957,-10.7218,8,b,NO,NO.
moved_solo_fa,data/videos_v3/int_1500ms/v3_1500_00611_soloa.avi,1500,0,0,-2.7651,-10.2115,-11.6477,-11.8974,-10.8359,8,b,NO,NO.
order_real,data/videos_v3/int_1500ms/v3_1500_00612.avi,1500,0,0,-1.6152,-10.0563,-10.43,-11.6168,-10.9297,8,b,NO,NO.
order_rev,data/videos_v3/int_1500ms/v3_1500_00612.avi,1500,0,0,-0.0686,-7.8949,-10.3937,-11.2053,-10.7676,8,b,NO,NO.
order_forced,data/videos_v3/int_1500ms/v3_1500_00612.avi,1500,0,0,-0.3747,-2.0542,-1.6795,-5.6786,-8.3002,8,b,The,The yellow circle moved first.
interval,data/videos_v3/int_1500ms/v3_1500_00612.avi,1500,B,B,,-1.2464,-1.1107,-1.6229,-1.7464,8,b,(B,(B) 1-2 seconds
order_32f,data/videos_v3/int_1500ms/v3_1500_00612.avi,1500,0,0,-2.1339,-9.9374,-10.4359,-11.6856,-10.7488,32,b,NO,NO.
moved_real,data/videos_v3/int_1500ms/v3_1500_00612.avi,1500,1,0,-2.5959,-10.1152,-11.6132,-11.5512,-10.8018,8,b,NO,NO.
moved_twin,data/twin_v3/v3_1500_00612.avi,1500,0,0,-3.1858,-10.2099,-11.7082,-11.6458,-10.8342,8,b,NO,NO.
still_real,data/videos_v3/int_1500ms/v3_1500_00612.avi,1500,0,0,-0.3281,-9.757,-10.6312,-11.442,-10.6927,8,b,NO,NO.
still_twin,data/twin_v3/v3_1500_00612.avi,1500,1,1,2.3988,-10.0769,-11.2637,-12.0112,-11.3865,8,b,YES,YES.
order_twin,data/twin_v3/v3_1500_00612.avi,1500,-1,0,-2.1157,-9.9291,-10.5528,-11.49,-10.865,8,b,NO,NO.
moved_solo_hit,data/videos_v3/int_1500ms/v3_1500_00612_solob.avi,1500,1,0,-3.1684,-10.1928,-11.6911,-11.6288,-10.8794,8,b,NO,NO.
moved_solo_fa,data/videos_v3/int_1500ms/v3_1500_00612_soloa.avi,1500,0,0,-2.8285,-10.0838,-11.6444,-11.5824,-10.7706,8,b,NO,NO.
order_real,data/videos_v3/int_1500ms/v3_1500_00613.avi,1500,0,0,-1.7028,-10.0675,-10.2536,-11.4409,-10.9412,8,a,NO,NO.
order_rev,data/videos_v3/int_1500ms/v3_1500_00613.avi,1500,0,0,-0.3153,-8.1998,-10.4484,-11.3227,-10.7605,8,a,NO,NO.
order_forced,data/videos_v3/int_1500ms/v3_1500_00613.avi,1500,0,0,-0.3746,-1.7494,-1.3748,-5.6233,-8.7422,8,a,The,The yellow circle moved first.
interval,data/videos_v3/int_1500ms/v3_1500_00613.avi,1500,B,B,,-1.3329,-1.1881,-1.5856,-1.5856,8,a,(B,(B) 1-2 seconds
order_32f,data/videos_v3/int_1500ms/v3_1500_00613.avi,1500,0,0,-2.4381,-9.982,-10.2927,-11.6048,-10.918,32,a,NO,NO.
moved_real,data/videos_v3/int_1500ms/v3_1500_00613.avi,1500,1,0,-1.1691,-10.1282,-11.0637,-11.4388,-10.7521,8,a,NO,NO.
moved_twin,data/twin_v3/v3_1500_00613.avi,1500,0,0,-2.3865,-10.3324,-11.3931,-11.6436,-10.9563,8,a,NO,NO.
still_real,data/videos_v3/int_1500ms/v3_1500_00613.avi,1500,0,0,-0.7203,-10.0028,-10.5646,-11.438,-10.689,8,a,NO,NO.
still_twin,data/twin_v3/v3_1500_00613.avi,1500,1,1,2.0125,-10.178,-11.1775,-12.0501,-11.4257,8,a,YES,YES.
order_twin,data/twin_v3/v3_1500_00613.avi,1500,-1,0,-2.765,-10.2114,-10.585,-11.7098,-11.2099,8,a,NO,NO.
moved_solo_hit,data/videos_v3/int_1500ms/v3_1500_00613_soloa.avi,1500,1,0,-1.0225,-10.1032,-11.0387,-11.4137,-10.8516,8,a,NO,NO.
moved_solo_fa,data/videos_v3/int_1500ms/v3_1500_00613_solob.avi,1500,0,0,-2.6605,-10.3112,-11.4341,-11.6846,-10.8728,8,a,NO,NO.
order_real,data/videos_v3/int_1500ms/v3_1500_00614.avi,1500,1,0,-0.4002,-10.0856,-10.1469,-11.3333,-10.8964,8,b,NO,NO.
order_rev,data/videos_v3/int_1500ms/v3_1500_00614.avi,1500,1,1,0.1845,-7.9403,-10.564,-11.2508,-10.9383,8,b,YES,YES.
order_forced,data/videos_v3/int_1500ms/v3_1500_00614.avi,1500,1,1,0.1255,-2.2529,-2.3784,-5.1274,-9.6205,8,b,The,The red triangle moved first.
interval,data/videos_v3/int_1500ms/v3_1500_00614.avi,1500,B,B,,-1.5613,-1.0563,-1.3164,-1.8147,8,b,(B,(B) 1-2 seconds
order_32f,data/videos_v3/int_1500ms/v3_1500_00614.avi,1500,1,0,-0.3868,-10.228,-10.2263,-11.351,-10.8517,32,b,NO,NO.
moved_real,data/videos_v3/int_1500ms/v3_1500_00614.avi,1500,1,0,-0.8856,-10.2762,-11.2746,-11.6487,-10.9001,8,b,NO,NO.
moved_twin,data/twin_v3/v3_1500_00614.avi,1500,0,0,-2.9177,-10.3881,-11.574,-11.6993,-10.9498,8,b,NO,NO.
still_real,data/videos_v3/int_1500ms/v3_1500_00614.avi,1500,0,0,-1.0493,-9.9985,-10.6229,-11.4333,-10.6847,8,b,NO,NO.
still_twin,data/twin_v3/v3_1500_00614.avi,1500,1,1,2.0333,-10.1604,-11.222,-11.845,-11.3453,8,b,YES,YES.
order_twin,data/twin_v3/v3_1500_00614.avi,1500,-1,0,-2.3519,-9.9307,-10.3042,-11.2418,-10.9289,8,b,NO,NO.
moved_solo_hit,data/videos_v3/int_1500ms/v3_1500_00614_solob.avi,1500,1,0,-1.123,-10.2275,-11.2258,-11.5378,-10.7888,8,b,NO,NO.
moved_solo_fa,data/videos_v3/int_1500ms/v3_1500_00614_soloa.avi,1500,0,0,-0.8854,-10.1516,-11.0873,-11.5864,-10.8997,8,b,NO,NO.
order_real,data/videos_v3/int_1500ms/v3_1500_00615.avi,1500,1,0,0.0806,-9.9667,-10.2779,-11.5269,-10.9025,8,a,NO,NO.
order_rev,data/videos_v3/int_1500ms/v3_1500_00615.avi,1500,1,0,-0.3859,-7.7647,-10.6381,-11.5747,-10.8877,8,a,NO,NO.
order_forced,data/videos_v3/int_1500ms/v3_1500_00615.avi,1500,1,1,0.0001,-2.0802,-2.0803,-7.5791,-9.7005,8,a,The,The magenta triangle moved first.
interval,data/videos_v3/int_1500ms/v3_1500_00615.avi,1500,B,B,,-1.3924,-1.0125,-1.3948,-2.0183,8,a,(B,(B) 1-2 seconds
order_32f,data/videos_v3/int_1500ms/v3_1500_00615.avi,1500,1,0,-0.7045,-10.2135,-10.462,-11.8359,-11.0246,32,a,NO,NO.
moved_real,data/videos_v3/int_1500ms/v3_1500_00615.avi,1500,1,1,0.7934,-9.9897,-11.3003,-11.799,-11.0502,8,a,YES,YES.
moved_twin,data/twin_v3/v3_1500_00615.avi,1500,0,0,-2.1503,-10.1173,-11.3655,-11.6778,-10.8037,8,a,NO,NO.
still_real,data/videos_v3/int_1500ms/v3_1500_00615.avi,1500,0,0,-1.4533,-10.0617,-10.6234,-11.497,-10.6857,8,a,NO,NO.
still_twin,data/twin_v3/v3_1500_00615.avi,1500,1,1,2.1466,-10.3755,-11.3749,-12.1222,-11.4979,8,a,YES,YES.
order_twin,data/twin_v3/v3_1500_00615.avi,1500,-1,0,-2.1152,-9.991,-10.3643,-11.5514,-10.9264,8,a,NO,NO.
moved_solo_hit,data/videos_v3/int_1500ms/v3_1500_00615_soloa.avi,1500,1,1,0.4295,-10.0232,-11.2716,-11.77,-10.9586,8,a,YES,YES.
moved_solo_fa,data/videos_v3/int_1500ms/v3_1500_00615_solob.avi,1500,0,0,-3.0229,-10.2764,-11.7118,-11.9616,-11.0253,8,a,NO,NO.
order_real,data/videos_v3/int_1500ms/v3_1500_00616.avi,1500,0,0,-0.8589,-10.1605,-10.2841,-11.5955,-10.8464,8,b,NO,NO.
order_rev,data/videos_v3/int_1500ms/v3_1500_00616.avi,1500,0,0,0.0754,-7.8663,-10.6771,-11.4889,-10.9265,8,b,NO,NO.
order_forced,data/videos_v3/int_1500ms/v3_1500_00616.avi,1500,0,0,0.0002,-2.164,-2.1642,-7.4133,-8.9111,8,b,The,The magenta triangle moved first.
interval,data/videos_v3/int_1500ms/v3_1500_00616.avi,1500,B,B,,-1.3035,-1.0464,-1.4319,-2.0548,8,b,(B,(B) 1-2 seconds
order_32f,data/videos_v3/int_1500ms/v3_1500_00616.avi,1500,0,0,-1.2339,-10.0929,-10.2165,-11.6527,-10.8414,32,b,NO,NO.
moved_real,data/videos_v3/int_1500ms/v3_1500_00616.avi,1500,1,0,-0.0109,-10.4298,-11.3665,-11.8029,-11.1786,8,b,NO,NO.
moved_twin,data/twin_v3/v3_1500_00616.avi,1500,0,0,-2.3132,-10.3641,-11.4878,-11.6752,-10.8634,8,b,NO,NO.
still_real,data/videos_v3/int_1500ms/v3_1500_00616.avi,1500,0,0,-1.5784,-10.101,-10.6626,-11.4735,-10.7246,8,b,NO,NO.
still_twin,data/twin_v3/v3_1500_00616.avi,1500,1,1,2.162,-10.4139,-11.4132,-12.2218,-11.5983,8,b,YES,YES.
order_twin,data/twin_v3/v3_1500_00616.avi,1500,-1,0,-2.2267,-10.0004,-10.3739,-11.4985,-10.8736,8,b,NO,NO.
moved_solo_hit,data/videos_v3/int_1500ms/v3_1500_00616_solob.avi,1500,1,1,0.8322,-10.4008,-11.5246,-11.836,-11.2116,8,b,YES,YES.
moved_solo_fa,data/videos_v3/int_1500ms/v3_1500_00616_soloa.avi,1500,0,0,-1.8097,-10.3787,-11.4398,-11.8137,-11.0024,8,b,NO,NO.
order_real,data/videos_v3/int_1500ms/v3_1500_00617.avi,1500,0,0,-1.7943,-9.8886,-10.2621,-11.137,-10.8243,8,a,NO,NO.
order_rev,data/videos_v3/int_1500ms/v3_1500_00617.avi,1500,0,0,-0.7295,-7.6911,-10.3144,-11.064,-10.6263,8,a,NO,NO.
order_forced,data/videos_v3/int_1500ms/v3_1500_00617.avi,1500,0,1,0.1254,-1.5648,-1.6902,-5.4385,-8.4357,8,a,The,The cyan triangle moved first.
interval,data/videos_v3/int_1500ms/v3_1500_00617.avi,1500,B,B,,-1.3687,-1.23,-1.4973,-1.6206,8,a,(B,(B) 1-2 seconds
order_32f,data/videos_v3/int_1500ms/v3_1500_00617.avi,1500,0,0,-2.8978,-9.9945,-10.6801,-11.4301,-10.9927,32,a,NO,NO.
moved_real,data/videos_v3/int_1500ms/v3_1500_00617.avi,1500,1,0,-2.3735,-10.32,-11.5055,-11.193,-10.8817,8,a,NO,NO.
moved_twin,data/twin_v3/v3_1500_00617.avi,1500,0,0,-3.3867,-10.2785,-11.7765,-11.2142,-10.9027,8,a,NO,NO.
still_real,data/videos_v3/int_1500ms/v3_1500_00617.avi,1500,0,1,2.014,-10.2539,-11.2534,-12.0633,-11.3765,8,a,YES,YES.
still_twin,data/twin_v3/v3_1500_00617.avi,1500,1,1,2.2499,-10.3266,-11.3883,-12.1358,-11.449,8,a,YES,YES.
order_twin,data/twin_v3/v3_1500_00617.avi,1500,-1,0,-2.1698,-9.8452,-10.4063,-11.0937,-10.8435,8,a,NO,NO.
moved_solo_hit,data/videos_v3/int_1500ms/v3_1500_00617_soloa.avi,1500,1,0,-2.6363,-10.3132,-11.5612,-11.1865,-10.8124,8,a,NO,NO.
moved_solo_fa,data/videos_v3/int_1500ms/v3_1500_00617_solob.avi,1500,0,0,-3.3741,-10.3904,-11.8257,-11.264,-10.9522,8,a,NO,NO.
order_real,data/videos_v3/int_1500ms/v3_1500_00618.avi,1500,1,0,-1.753,-10.0152,-10.6387,-11.3884,-11.1388,8,b,NO,NO.
order_rev,data/videos_v3/int_1500ms/v3_1500_00618.avi,1500,1,0,-0.9102,-7.9596,-10.5834,-11.2082,-11.0207,8,b,NO,NO.
order_forced,data/videos_v3/int_1500ms/v3_1500_00618.avi,1500,1,1,0.2501,-1.0211,-1.2712,-3.646,-9.3949,8,b,A,A
interval,data/videos_v3/int_1500ms/v3_1500_00618.avi,1500,B,A,,-1.2382,-1.3269,-1.6132,-1.6088,8,b,(A,(A) Less than 1 second
order_32f,data/videos_v3/int_1500ms/v3_1500_00618.avi,1500,1,0,-1.3777,-10.1425,-10.7037,-11.5158,-11.1413,32,b,NO,NO.
moved_real,data/videos_v3/int_1500ms/v3_1500_00618.avi,1500,1,0,-1.6676,-10.1362,-11.3224,-11.6347,-11.0103,8,b,NO,NO.
moved_twin,data/twin_v3/v3_1500_00618.avi,1500,0,0,-2.2928,-10.1841,-11.5576,-11.6827,-11.1206,8,b,NO,NO.
still_real,data/videos_v3/int_1500ms/v3_1500_00618.avi,1500,0,1,0.3156,-9.9944,-10.9312,-11.6798,-11.3052,8,b,YES,YES.
still_twin,data/twin_v3/v3_1500_00618.avi,1500,1,1,1.5271,-10.1454,-11.3322,-11.8934,-11.706,8,b,YES,YES.
order_twin,data/twin_v3/v3_1500_00618.avi,1500,-1,0,-2.3899,-10.2371,-10.9234,-11.5482,-11.361,8,b,NO,NO.
moved_solo_hit,data/videos_v3/int_1500ms/v3_1500_00618_solob.avi,1500,1,0,-1.1853,-9.9815,-11.23,-11.6046,-10.9805,8,b,NO,NO.
moved_solo_fa,data/videos_v3/int_1500ms/v3_1500_00618_soloa.avi,1500,0,0,-2.4264,-10.2861,-11.6595,-11.8471,-11.2225,8,b,NO,NO.
order_real,data/videos_v3/int_1500ms/v3_1500_00619.avi,1500,1,0,-0.8458,-10.026,-10.3373,-11.3991,-10.9619,8,b,NO,NO.
order_rev,data/videos_v3/int_1500ms/v3_1500_00619.avi,1500,1,0,-0.1964,-8.2362,-10.5473,-11.1719,-10.8592,8,b,NO,NO.
order_forced,data/videos_v3/int_1500ms/v3_1500_00619.avi,1500,1,1,0.1252,-1.3432,-1.4684,-6.3424,-8.9648,8,b,The,The red triangle moved first.
interval,data/videos_v3/int_1500ms/v3_1500_00619.avi,1500,B,B,,-1.4308,-1.1611,-1.438,-1.6808,8,b,(B,(B) 1-2 seconds
order_32f,data/videos_v3/int_1500ms/v3_1500_00619.avi,1500,1,0,-2.137,-9.7622,-10.2607,-11.3233,-10.7606,32,b,NO,NO.
moved_real,data/videos_v3/int_1500ms/v3_1500_00619.avi,1500,1,0,-1.1239,-10.2294,-11.3526,-11.5399,-10.916,8,b,NO,NO.
moved_twin,data/twin_v3/v3_1500_00619.avi,1500,0,0,-3.4537,-10.6804,-12.0537,-11.8044,-11.055,8,b,NO,NO.
still_real,data/videos_v3/int_1500ms/v3_1500_00619.avi,1500,0,0,-0.5606,-9.995,-10.6817,-11.4924,-10.8681,8,b,NO,NO.
still_twin,data/twin_v3/v3_1500_00619.avi,1500,1,1,2.1548,-10.2544,-11.1918,-11.9392,-11.4394,8,b,YES,YES.
order_twin,data/twin_v3/v3_1500_00619.avi,1500,-1,0,-2.2532,-9.9576,-10.581,-11.3936,-11.0184,8,b,NO,NO.
moved_solo_hit,data/videos_v3/int_1500ms/v3_1500_00619_solob.avi,1500,1,0,-0.7753,-10.2018,-11.2628,-11.5123,-10.8882,8,b,NO,NO.
moved_solo_fa,data/videos_v3/int_1500ms/v3_1500_00619_soloa.avi,1500,0,0,-3.3128,-10.5445,-11.9805,-11.7933,-11.1064,8,b,NO,NO.
order_real,data/videos_v3/int_1500ms/v3_1500_00620.avi,1500,0,0,-2.0775,-9.9566,-10.268,-11.2675,-10.7679,8,a,NO,NO.
order_rev,data/videos_v3/int_1500ms/v3_1500_00620.avi,1500,0,0,-0.4247,-7.8902,-10.4513,-10.951,-10.7008,8,a,NO,NO.
order_forced,data/videos_v3/int_1500ms/v3_1500_00620.avi,1500,0,0,-0.1249,-1.4994,-1.3745,-3.6243,-8.7474,8,a,The,The cyan square moved first.
interval,data/videos_v3/int_1500ms/v3_1500_00620.avi,1500,B,A,,-1.3256,-1.2847,-1.58,-1.5756,8,a,(A,(A) Less than 1 second
order_real,data/videos_v3/int_1500ms/v3_1500_00621.avi,1500,0,0,-0.2724,-10.1102,-10.2963,-11.2336,-11.0463,8,a,NO,NO.
order_rev,data/videos_v3/int_1500ms/v3_1500_00621.avi,1500,0,0,0.0565,-7.9555,-10.6412,-11.3904,-10.8908,8,a,NO,NO.
order_forced,data/videos_v3/int_1500ms/v3_1500_00621.avi,1500,0,1,0.2506,-2.1437,-2.3943,-5.143,-9.5114,8,a,The,The cyan triangle moved first.
interval,data/videos_v3/int_1500ms/v3_1500_00621.avi,1500,B,B,,-1.6695,-1.0381,-1.3019,-1.7976,8,a,(B,(B) 1-2 seconds
order_real,data/videos_v3/int_1500ms/v3_1500_00622.avi,1500,1,0,-0.8898,-9.9954,-10.619,-11.6184,-11.1812,8,b,NO,NO.
order_rev,data/videos_v3/int_1500ms/v3_1500_00622.avi,1500,1,0,-0.6822,-7.7805,-10.7789,-11.5287,-11.0911,8,b,NO,NO.
order_forced,data/videos_v3/int_1500ms/v3_1500_00622.avi,1500,1,1,0.0,-1.0088,-1.0088,-5.1337,-9.383,8,b,A,A
interval,data/videos_v3/int_1500ms/v3_1500_00622.avi,1500,B,A,,-1.2133,-1.3235,-1.5934,-1.5883,8,b,(A,(A) Less than 1 second
order_real,data/videos_v3/int_1500ms/v3_1500_00623.avi,1500,1,0,-1.6691,-9.8246,-10.1981,-11.2602,-10.6975,8,b,NO,NO.
order_rev,data/videos_v3/int_1500ms/v3_1500_00623.avi,1500,1,0,-1.0589,-7.8453,-10.4689,-11.2183,-10.5933,8,b,NO,NO.
order_forced,data/videos_v3/int_1500ms/v3_1500_00623.avi,1500,1,1,0.3753,-1.6153,-1.9906,-7.8622,-8.8605,8,b,The,The red triangle moved first.
interval,data/videos_v3/int_1500ms/v3_1500_00623.avi,1500,B,B,,-1.4843,-1.1002,-1.4874,-1.6109,8,b,(B,(B) 1-2 seconds
order_real,data/videos_v3/int_1500ms/v3_1500_00624.avi,1500,1,0,-1.4896,-9.9536,-10.1397,-10.827,-10.7648,8,a,NO,NO.
order_rev,data/videos_v3/int_1500ms/v3_1500_00624.avi,1500,1,0,-0.7857,-7.6118,-10.235,-10.9851,-10.5476,8,a,NO,NO.
order_forced,data/videos_v3/int_1500ms/v3_1500_00624.avi,1500,1,1,-0.6243,-2.9445,-2.3202,-5.1941,-9.8123,8,a,The,The cyan triangle moved first.
interval,data/videos_v3/int_1500ms/v3_1500_00624.avi,1500,B,B,,-1.726,-0.9746,-1.3569,-1.7312,8,a,(B,(B) 1-2 seconds
order_real,data/videos_v3/int_1500ms/v3_1500_00625.avi,1500,1,0,-0.3898,-9.9806,-10.6043,-11.5408,-11.2284,8,b,NO,NO.
order_rev,data/videos_v3/int_1500ms/v3_1500_00625.avi,1500,1,1,0.3034,-8.2429,-10.8036,-11.3654,-11.1152,8,b,YES,YES.
order_forced,data/videos_v3/int_1500ms/v3_1500_00625.avi,1500,1,0,-0.1249,-1.2092,-1.0843,-6.7086,-9.3315,8,b,B,B
interval,data/videos_v3/int_1500ms/v3_1500_00625.avi,1500,B,A,,-1.2742,-1.2423,-1.6575,-1.6492,8,b,(A,(A) Less than 1 second
order_real,data/videos_v3/int_1500ms/v3_1500_00626.avi,1500,1,0,-0.5253,-10.1616,-10.3478,-11.2224,-10.9721,8,a,NO,NO.
order_rev,data/videos_v3/int_1500ms/v3_1500_00626.avi,1500,1,0,-0.1506,-8.1308,-10.5669,-11.1289,-10.8787,8,a,NO,NO.
order_forced,data/videos_v3/int_1500ms/v3_1500_00626.avi,1500,1,1,0.3754,-1.7676,-2.143,-4.5174,-8.3886,8,a,The,The red triangle moved first.
interval,data/videos_v3/int_1500ms/v3_1500_00626.avi,1500,B,B,,-1.4818,-1.0913,-1.3652,-1.8589,8,a,(B,(B) 1-2 seconds
order_real,data/videos_v3/int_1500ms/v3_1500_00627.avi,1500,0,0,-1.544,-10.0518,-10.3629,-11.6745,-10.9878,8,b,NO,NO.
order_rev,data/videos_v3/int_1500ms/v3_1500_00627.avi,1500,0,0,-1.2995,-7.6284,-10.5022,-11.3143,-10.8144,8,b,NO,NO.
order_forced,data/videos_v3/int_1500ms/v3_1500_00627.avi,1500,0,1,0.0,-1.1326,-1.1326,-6.132,-9.2555,8,b,A,A
interval,data/videos_v3/int_1500ms/v3_1500_00627.avi,1500,B,A,,-1.1525,-1.3772,-1.6552,-1.5275,8,b,(A,(A) Less than 1 second
order_real,data/videos_v3/int_1500ms/v3_1500_00628.avi,1500,1,0,-0.4319,-9.8715,-10.12,-11.182,-10.8073,8,b,NO,NO.
order_rev,data/videos_v3/int_1500ms/v3_1500_00628.avi,1500,1,0,-0.3211,-7.5567,-10.4299,-11.1795,-10.8043,8,b,NO,NO.
order_forced,data/videos_v3/int_1500ms/v3_1500_00628.avi,1500,1,1,0.2501,-1.6078,-1.8579,-5.7321,-8.9792,8,b,The,The magenta square moved first.
interval,data/videos_v3/int_1500ms/v3_1500_00628.avi,1500,B,B,,-1.5228,-1.1341,-1.4028,-1.6497,8,b,(B,(B) 1-2 seconds
order_real,data/videos_v3/int_1500ms/v3_1500_00629.avi,1500,1,0,-1.749,-10.0476,-10.6084,-11.4828,-11.0454,8,b,NO,NO.
order_rev,data/videos_v3/int_1500ms/v3_1500_00629.avi,1500,1,0,-0.5715,-8.2099,-10.7708,-11.3325,-10.8328,8,b,NO,NO.
order_forced,data/videos_v3/int_1500ms/v3_1500_00629.avi,1500,1,1,0.3751,-1.0762,-1.4513,-7.0744,-8.5723,8,b,The,The yellow triangle moved first.
interval,data/videos_v3/int_1500ms/v3_1500_00629.avi,1500,B,B,,-1.4782,-1.2013,-1.6126,-1.4782,8,b,(B,(B) 1-2 seconds
order_real,data/videos_v3/int_1500ms/v3_1500_00630.avi,1500,0,0,-1.9194,-9.8738,-10.3101,-11.1225,-10.872,8,a,NO,NO.
order_rev,data/videos_v3/int_1500ms/v3_1500_00630.avi,1500,0,0,-1.0656,-7.5788,-10.3274,-10.89,-10.6393,8,a,NO,NO.
order_forced,data/videos_v3/int_1500ms/v3_1500_00630.avi,1500,0,1,0.3753,-1.3174,-1.6927,-5.0666,-8.314,8,a,The,The cyan triangle moved first.
interval,data/videos_v3/int_1500ms/v3_1500_00630.avi,1500,B,A,,-1.3634,-1.3271,-1.6207,-1.4884,8,a,(A,(A) Less than 1 second
order_real,data/videos_v3/int_1500ms/v3_1500_00631.avi,1500,1,0,-2.3598,-10.0852,-10.6463,-11.6456,-11.0838,8,a,NO,NO.
order_rev,data/videos_v3/int_1500ms/v3_1500_00631.avi,1500,1,0,-0.9081,-8.1865,-10.6852,-11.3718,-10.9969,8,a,NO,NO.
order_forced,data/videos_v3/int_1500ms/v3_1500_00631.avi,1500,1,1,0.0002,-1.2287,-1.2289,-6.2276,-8.9744,8,a,The,The green circle moved first.
interval,data/videos_v3/int_1500ms/v3_1500_00631.avi,1500,B,A,,-1.2951,-1.3918,-1.674,-1.4201,8,a,(A,(A) Less than 1 second
order_real,data/videos_v3/int_1500ms/v3_1500_00632.avi,1500,1,0,-1.0226,-9.9956,-10.4317,-11.431,-10.9313,8,a,NO,NO.
order_rev,data/videos_v3/int_1500ms/v3_1500_00632.avi,1500,1,0,-1.3653,-7.5418,-10.6652,-11.2276,-10.8524,8,a,NO,NO.
order_forced,data/videos_v3/int_1500ms/v3_1500_00632.avi,1500,1,1,0.0002,-1.4439,-1.4441,-5.568,-8.9375,8,a,The,The green circle moved first.
interval,data/videos_v3/int_1500ms/v3_1500_00632.avi,1500,B,B,,-1.4022,-1.1374,-1.6573,-1.5299,8,a,(B,(B) 1-2 seconds
order_real,data/videos_v3/int_1500ms/v3_1500_00633.avi,1500,1,0,-1.8892,-9.9177,-10.4163,-11.416,-10.9783,8,a,NO,NO.
order_rev,data/videos_v3/int_1500ms/v3_1500_00633.avi,1500,1,0,-0.3317,-7.6507,-10.5863,-11.2734,-10.8357,8,a,NO,NO.
order_forced,data/videos_v3/int_1500ms/v3_1500_00633.avi,1500,1,1,-0.1248,-1.5348,-1.41,-5.6589,-9.1538,8,a,The,The magenta square moved first.
interval,data/videos_v3/int_1500ms/v3_1500_00633.avi,1500,B,A,,-1.2585,-1.2299,-1.6365,-1.63,8,a,(A,(A) Less than 1 second
order_real,data/videos_v3/int_1500ms/v3_1500_00634.avi,1500,0,0,-1.1394,-10.0541,-10.2407,-11.2395,-10.8028,8,a,NO,NO.
order_rev,data/videos_v3/int_1500ms/v3_1500_00634.avi,1500,0,0,-0.7754,-7.8901,-10.6387,-11.1383,-10.8882,8,a,NO,NO.
order_forced,data/videos_v3/int_1500ms/v3_1500_00634.avi,1500,0,1,0.2503,-1.4708,-1.7211,-4.4703,-8.3416,8,a,The,The yellow circle moved first.
interval,data/videos_v3/int_1500ms/v3_1500_00634.avi,1500,B,B,,-1.4966,-1.1085,-1.5012,-1.6216,8,a,(B,(B) 1-2 seconds
order_real,data/videos_v3/int_1500ms/v3_1500_00635.avi,1500,0,0,-1.3976,-9.954,-10.3902,-11.2023,-10.8899,8,b,NO,NO.
order_rev,data/videos_v3/int_1500ms/v3_1500_00635.avi,1500,0,0,-0.4339,-7.92,-10.4812,-11.1683,-10.7306,8,b,NO,NO.
order_forced,data/videos_v3/int_1500ms/v3_1500_00635.avi,1500,0,1,0.0008,-1.5245,-1.5253,-4.5231,-8.3908,8,b,The,The cyan triangle moved first.
interval,data/videos_v3/int_1500ms/v3_1500_00635.avi,1500,B,B,,-1.512,-1.2334,-1.3951,-1.637,8,b,(B,(B) 1-2 seconds
order_real,data/videos_v3/int_1500ms/v3_1500_00636.avi,1500,1,0,-1.6095,-10.2386,-10.6748,-11.5499,-11.2999,8,a,NO,NO.
order_rev,data/videos_v3/int_1500ms/v3_1500_00636.avi,1500,1,0,-1.0109,-7.7827,-10.4066,-11.2815,-10.9687,8,a,NO,NO.
order_forced,data/videos_v3/int_1500ms/v3_1500_00636.avi,1500,1,1,-0.1249,-1.437,-1.3121,-3.6869,-9.4347,8,a,The,The cyan square moved first.
interval,data/videos_v3/int_1500ms/v3_1500_00636.avi,1500,B,A,,-1.2197,-1.3038,-1.5991,-1.7147,8,a,(A,(A) Less than 1 second
order_real,data/videos_v3/int_1500ms/v3_1500_00637.avi,1500,1,0,-1.9991,-9.8889,-10.5126,-11.2002,-10.8873,8,b,NO,NO.
order_rev,data/videos_v3/int_1500ms/v3_1500_00637.avi,1500,1,0,-1.6241,-7.6931,-10.6291,-10.8793,-10.8162,8,b,NO,NO.
order_forced,data/videos_v3/int_1500ms/v3_1500_00637.avi,1500,1,1,0.1252,-1.3107,-1.4359,-4.4351,-8.6805,8,b,The,The green circle moved first.
interval,data/videos_v3/int_1500ms/v3_1500_00637.avi,1500,B,B,,-1.4144,-1.2611,-1.6644,-1.4183,8,b,(B,(B) 1-2 seconds
order_real,data/videos_v3/int_1500ms/v3_1500_00638.avi,1500,0,0,-1.5353,-9.943,-10.1918,-11.3787,-10.754,8,a,NO,NO.
order_rev,data/videos_v3/int_1500ms/v3_1500_00638.avi,1500,0,0,-0.833,-7.6589,-10.3448,-11.1569,-10.6568,8,a,NO,NO.
order_forced,data/videos_v3/int_1500ms/v3_1500_00638.avi,1500,0,1,0.2503,-1.2797,-1.53,-7.4019,-8.276,8,a,The,The yellow triangle moved first.
interval,data/videos_v3/int_1500ms/v3_1500_00638.avi,1500,B,B,,-1.391,-1.2297,-1.5199,-1.6366,8,a,(B,(B) 1-2 seconds
order_real,data/videos_v3/int_1500ms/v3_1500_00639.avi,1500,1,0,-0.2996,-10.0033,-10.3146,-11.251,-10.9389,8,a,NO,NO.
order_rev,data/videos_v3/int_1500ms/v3_1500_00639.avi,1500,1,0,-0.4454,-8.0933,-10.6542,-11.0914,-10.9659,8,a,NO,NO.
order_forced,data/videos_v3/int_1500ms/v3_1500_00639.avi,1500,1,1,0.3752,-1.1726,-1.5478,-5.047,-8.9195,8,a,The,The yellow triangle moved first.
interval,data/videos_v3/int_1500ms/v3_1500_00639.avi,1500,B,A,,-1.1846,-1.2777,-1.6846,-1.6797,8,a,(A,(A) Less than 1 second
order_real,data/videos_v3/int_1500ms/v3_1500_00640.avi,1500,1,0,-1.4104,-9.8409,-10.152,-11.2767,-10.9015,8,a,NO,NO.
order_rev,data/videos_v3/int_1500ms/v3_1500_00640.avi,1500,1,0,-1.7489,-7.6724,-10.6085,-11.2333,-10.9206,8,a,NO,NO.
order_forced,data/videos_v3/int_1500ms/v3_1500_00640.avi,1500,1,1,-0.2498,-1.5164,-1.2666,-6.7647,-8.7624,8,a,The,The blue circle moved first.
interval,data/videos_v3/int_1500ms/v3_1500_00640.avi,1500,B,A,,-1.27,-1.2341,-1.65,-1.6394,8,a,(A,(A) Less than 1 second
order_real,data/videos_v3/int_1500ms/v3_1500_00641.avi,1500,1,0,-1.9989,-10.1984,-10.6344,-11.7589,-11.1343,8,a,NO,NO.
order_rev,data/videos_v3/int_1500ms/v3_1500_00641.avi,1500,1,0,-0.9193,-8.1945,-10.7556,-11.4424,-10.9426,8,a,NO,NO.
order_forced,data/videos_v3/int_1500ms/v3_1500_00641.avi,1500,1,1,-0.1249,-1.2613,-1.1364,-7.26,-9.1336,8,a,The,The red circle moved first.
interval,data/videos_v3/int_1500ms/v3_1500_00641.avi,1500,B,A,,-1.3428,-1.3346,-1.5984,-1.3468,8,a,(A,(A) Less than 1 second
order_real,data/videos_v3/int_1500ms/v3_1500_00642.avi,1500,0,0,-1.8466,-10.1909,-10.6269,-11.5018,-11.2518,8,a,NO,NO.
order_rev,data/videos_v3/int_1500ms/v3_1500_00642.avi,1500,0,0,-0.8977,-7.95,-10.574,-11.2614,-11.0109,8,a,NO,NO.
order_forced,data/videos_v3/int_1500ms/v3_1500_00642.avi,1500,0,0,-0.1249,-1.2681,-1.1432,-3.893,-9.7663,8,a,The,The green square moved first.
interval,data/videos_v3/int_1500ms/v3_1500_00642.avi,1500,B,A,,-1.2288,-1.2917,-1.6039,-1.8433,8,a,(A,(A) Less than 1 second
order_real,data/videos_v3/int_1500ms/v3_1500_00643.avi,1500,0,0,-1.6277,-10.0976,-10.3463,-11.2832,-10.9085,8,a,NO,NO.
order_rev,data/videos_v3/int_1500ms/v3_1500_00643.avi,1500,0,0,-0.5652,-7.7287,-10.4148,-11.1014,-10.6639,8,a,NO,NO.
order_forced,data/videos_v3/int_1500ms/v3_1500_00643.avi,1500,0,1,0.0006,-1.7407,-1.7413,-4.3652,-8.4848,8,a,The,The cyan triangle moved first.
interval,data/videos_v3/int_1500ms/v3_1500_00643.avi,1500,B,B,,-1.4904,-1.2179,-1.3717,-1.6154,8,a,(B,(B) 1-2 seconds
order_real,data/videos_v3/int_1500ms/v3_1500_00644.avi,1500,1,0,-1.5937,-10.0083,-10.2569,-11.2568,-10.7569,8,b,NO,NO.
order_rev,data/videos_v3/int_1500ms/v3_1500_00644.avi,1500,1,0,-0.0588,-7.7088,-10.5198,-11.1444,-10.7694,8,b,NO,NO.
order_forced,data/videos_v3/int_1500ms/v3_1500_00644.avi,1500,1,1,-0.2498,-2.2047,-1.9549,-5.2043,-9.2007,8,b,The,The green triangle moved first.
interval,data/videos_v3/int_1500ms/v3_1500_00644.avi,1500,B,B,,-1.6547,-1.0241,-1.4105,-1.6596,8,b,(B,(B) 1-2 seconds
order_real,data/videos_v3/int_1500ms/v3_1500_00645.avi,1500,0,0,-2.2208,-9.9625,-10.3985,-11.461,-10.8986,8,a,NO,NO.
order_rev,data/videos_v3/int_1500ms/v3_1500_00645.avi,1500,0,0,-1.5228,-7.6406,-10.5141,-11.1392,-10.5764,8,a,NO,NO.
order_forced,data/videos_v3/int_1500ms/v3_1500_00645.avi,1500,0,1,-0.3746,-1.697,-1.3224,-8.1925,-8.5661,8,a,The,The blue triangle moved first.
interval,data/videos_v3/int_1500ms/v3_1500_00645.avi,1500,B,B,,-1.6373,-1.127,-1.5141,-1.3908,8,a,(B,(B) 1-2 seconds
order_real,data/videos_v3/int_1500ms/v3_1500_00646.avi,1500,0,0,-0.7216,-10.0657,-10.2514,-11.4381,-11.0013,8,b,NO,NO.
order_rev,data/videos_v3/int_1500ms/v3_1500_00646.avi,1500,0,0,0.0537,-7.9801,-10.6657,-11.2903,-11.0404,8,b,NO,NO.
order_forced,data/videos_v3/int_1500ms/v3_1500_00646.avi,1500,0,1,0.0001,-1.3289,-1.329,-4.2037,-8.7009,8,b,The,The blue triangle moved first.
interval,data/videos_v3/int_1500ms/v3_1500_00646.avi,1500,B,A,,-1.1875,-1.1773,-1.5661,-1.8125,8,b,(A,(A) Less than 1 second
order_real,data/videos_v3/int_1500ms/v3_1500_00647.avi,1500,1,0,-1.1095,-9.9354,-9.9966,-11.558,-10.8714,8,b,NO,NO.
order_rev,data/videos_v3/int_1500ms/v3_1500_00647.avi,1500,1,0,-0.525,-7.6006,-10.4739,-11.5356,-10.7861,8,b,NO,NO.
order_forced,data/videos_v3/int_1500ms/v3_1500_00647.avi,1500,1,1,-0.6247,-2.5392,-1.9145,-8.7865,-9.6575,8,b,The,The blue triangle moved first.
interval,data/videos_v3/int_1500ms/v3_1500_00647.avi,1500,B,B,,-1.527,-1.0242,-1.4058,-1.7791,8,b,(B,(B) 1-2 seconds
order_real,data/videos_v3/int_1500ms/v3_1500_00648.avi,1500,0,0,-0.8778,-10.0778,-10.2642,-11.2009,-10.889,8,b,NO,NO.
order_rev,data/videos_v3/int_1500ms/v3_1500_00648.avi,1500,0,1,0.3157,-8.156,-10.6545,-11.092,-11.0291,8,b,YES,YES.
order_forced,data/videos_v3/int_1500ms/v3_1500_00648.avi,1500,0,1,0.0003,-1.668,-1.6683,-3.668,-9.0382,8,b,The,The yellow triangle moved first.
interval,data/videos_v3/int_1500ms/v3_1500_00648.avi,1500,B,B,,-1.3068,-1.0437,-1.5614,-1.9318,8,b,(B,(B) 1-2 seconds
order_real,data/videos_v3/int_1500ms/v3_1500_00649.avi,1500,0,0,-0.3861,-9.9548,-10.1413,-10.9531,-10.6409,8,b,NO,NO.
order_rev,data/videos_v3/int_1500ms/v3_1500_00649.avi,1500,0,1,0.143,-7.9199,-10.6061,-10.9185,-10.7931,8,b,YES,YES.
order_forced,data/videos_v3/int_1500ms/v3_1500_00649.avi,1500,0,1,0.2502,-1.3247,-1.5749,-4.9493,-8.3224,8,b,The,The yellow triangle moved first.
interval,data/videos_v3/int_1500ms/v3_1500_00649.avi,1500,B,B,,-1.4922,-1.21,-1.6238,-1.4923,8,b,(B,(B) 1-2 seconds
order_real,data/videos_v3/int_1500ms/v3_1500_00650.avi,1500,1,0,-0.307,-10.2338,-10.4824,-11.8559,-11.2942,8,a,NO,NO.
order_rev,data/videos_v3/int_1500ms/v3_1500_00650.avi,1500,1,0,-0.8735,-8.2335,-10.7321,-11.544,-11.0443,8,a,NO,NO.
order_forced,data/videos_v3/int_1500ms/v3_1500_00650.avi,1500,1,1,0.0,-0.8424,-0.8424,-6.2172,-9.8416,8,a,A,A
interval,data/videos_v3/int_1500ms/v3_1500_00650.avi,1500,B,A,,-1.1288,-1.4981,-1.6315,-1.3827,8,a,(A,(A) Less than 1 second
order_real,data/videos_v3/int_1500ms/v3_1500_00651.avi,1500,1,0,-1.1836,-9.9993,-10.1856,-10.9974,-10.7474,8,a,NO,NO.
order_rev,data/videos_v3/int_1500ms/v3_1500_00651.avi,1500,1,0,-0.541,-7.8603,-10.4842,-11.1087,-10.7958,8,a,NO,NO.
order_forced,data/videos_v3/int_1500ms/v3_1500_00651.avi,1500,1,1,0.0005,-1.9923,-1.9928,-4.867,-9.362,8,a,The,The cyan triangle moved first.
interval,data/videos_v3/int_1500ms/v3_1500_00651.avi,1500,B,B,,-1.5724,-1.0689,-1.4523,-1.5773,8,a,(B,(B) 1-2 seconds
order_real,data/videos_v3/int_1500ms/v3_1500_00652.avi,1500,1,0,-0.5147,-10.0569,-10.3681,-11.4922,-10.9302,8,a,NO,NO.
order_rev,data/videos_v3/int_1500ms/v3_1500_00652.avi,1500,1,0,-0.1902,-7.8789,-10.5651,-11.3143,-10.8145,8,a,NO,NO.
order_forced,data/videos_v3/int_1500ms/v3_1500_00652.avi,1500,1,1,0.2502,-1.5354,-1.7856,-7.4085,-8.9051,8,a,The,The green triangle moved first.
interval,data/videos_v3/int_1500ms/v3_1500_00652.avi,1500,B,B,,-1.442,-1.0578,-1.45,-1.8215,8,a,(B,(B) 1-2 seconds
order_real,data/videos_v3/int_1500ms/v3_1500_00653.avi,1500,1,0,-0.7644,-10.0332,-10.0941,-11.5929,-10.9062,8,b,NO,NO.
order_rev,data/videos_v3/int_1500ms/v3_1500_00653.avi,1500,1,0,-0.0828,-7.9468,-10.3822,-11.4439,-10.8193,8,b,NO,NO.
order_forced,data/videos_v3/int_1500ms/v3_1500_00653.avi,1500,1,1,-0.3747,-2.3059,-1.9312,-6.9295,-9.9221,8,b,The,The magenta triangle moved first.
interval,data/videos_v3/int_1500ms/v3_1500_00653.avi,1500,B,B,,-1.4102,-1.0308,-1.414,-1.9132,8,b,(B,(B) 1-2 seconds
order_real,data/videos_v3/int_1500ms/v3_1500_00654.avi,1500,1,0,-0.6579,-10.2622,-10.573,-11.4472,-11.1976,8,b,NO,NO.
order_rev,data/videos_v3/int_1500ms/v3_1500_00654.avi,1500,1,0,-0.4196,-8.4874,-10.7982,-11.4225,-11.1104,8,b,NO,NO.
order_forced,data/videos_v3/int_1500ms/v3_1500_00654.avi,1500,1,1,0.0,-1.2327,-1.2327,-3.4826,-8.9812,8,b,The,The cyan circle moved first.
interval,data/videos_v3/int_1500ms/v3_1500_00654.avi,1500,B,A,,-1.1114,-1.3533,-1.7391,-1.4891,8,b,(A,(A) Less than 1 second
order_real,data/videos_v3/int_1500ms/v3_1500_00655.avi,1500,1,0,-1.0144,-10.2084,-10.6444,-11.4562,-11.2065,8,b,NO,NO.
order_rev,data/videos_v3/int_1500ms/v3_1500_00655.avi,1500,1,0,-0.5638,-8.1829,-10.744,-11.3685,-11.0562,8,b,NO,NO.
order_forced,data/videos_v3/int_1500ms/v3_1500_00655.avi,1500,1,1,-0.125,-1.3294,-1.2044,-3.3294,-9.3279,8,b,The,The cyan circle moved first.
interval,data/videos_v3/int_1500ms/v3_1500_00655.avi,1500,B,A,,-1.1677,-1.2847,-1.6705,-1.5442,8,b,(A,(A) Less than 1 second
order_real,data/videos_v3/int_1500ms/v3_1500_00656.avi,1500,1,0,-0.6965,-10.1014,-10.4749,-11.5981,-11.0996,8,b,NO,NO.
order_rev,data/videos_v3/int_1500ms/v3_1500_00656.avi,1500,1,0,-0.6746,-8.0469,-10.6704,-11.4817,-10.9826,8,b,NO,NO.
order_forced,data/videos_v3/int_1500ms/v3_1500_00656.avi,1500,1,1,0.375,-0.9287,-1.3037,-5.6782,-8.5519,8,b,A,A
interval,data/videos_v3/int_1500ms/v3_1500_00656.avi,1500,B,A,,-1.1151,-1.3398,-1.7401,-1.6151,8,b,(A,(A) Less than 1 second.
order_real,data/videos_v3/int_1500ms/v3_1500_00657.avi,1500,1,0,-1.0413,-9.893,-10.2665,-11.3283,-10.8283,8,b,NO,NO.
order_rev,data/videos_v3/int_1500ms/v3_1500_00657.avi,1500,1,0,-1.0589,-7.8442,-10.5929,-11.2173,-10.7796,8,b,NO,NO.
order_forced,data/videos_v3/int_1500ms/v3_1500_00657.avi,1500,1,1,0.2503,-1.4689,-1.7192,-6.3422,-8.8387,8,b,The,The red circle moved first.
interval,data/videos_v3/int_1500ms/v3_1500_00657.avi,1500,B,B,,-1.3963,-1.2538,-1.5258,-1.5213,8,b,(B,(B) 1-2 seconds
order_real,data/videos_v3/int_1500ms/v3_1500_00658.avi,1500,0,0,-1.9706,-10.0499,-10.4237,-11.4234,-10.9857,8,b,NO,NO.
order_rev,data/videos_v3/int_1500ms/v3_1500_00658.avi,1500,0,0,-1.1154,-7.9737,-10.66,-11.2847,-10.7845,8,b,NO,NO.
order_forced,data/videos_v3/int_1500ms/v3_1500_00658.avi,1500,0,1,0.1252,-1.3526,-1.4778,-7.7249,-8.9727,8,b,The,The red triangle moved first.
interval,data/videos_v3/int_1500ms/v3_1500_00658.avi,1500,B,B,,-1.4945,-1.2192,-1.4996,-1.4972,8,b,(B,(B) 1-2 seconds
order_real,data/videos_v3/int_1500ms/v3_1500_00659.avi,1500,1,1,0.3147,-10.1348,-10.3213,-11.5701,-11.008,8,a,YES,YES.
order_rev,data/videos_v3/int_1500ms/v3_1500_00659.avi,1500,1,0,0.0724,-7.7016,-10.5754,-11.4493,-10.9493,8,a,NO,NO.
order_forced,data/videos_v3/int_1500ms/v3_1500_00659.avi,1500,1,1,0.3752,-2.0399,-2.4151,-6.4142,-9.1605,8,a,The,The red circle moved first.
interval,data/videos_v3/int_1500ms/v3_1500_00659.avi,1500,B,B,,-1.3834,-1.0021,-1.5105,-1.8855,8,a,(B,(B) 1-2 seconds
order_real,data/videos_v3/int_1500ms/v3_1500_00660.avi,1500,0,0,-2.5948,-10.0815,-10.6428,-11.3303,-11.1429,8,a,NO,NO.
order_rev,data/videos_v3/int_1500ms/v3_1500_00660.avi,1500,0,0,-0.8102,-7.8311,-10.4549,-11.0173,-10.8294,8,a,NO,NO.
order_forced,data/videos_v3/int_1500ms/v3_1500_00660.avi,1500,0,0,0.0001,-1.3936,-1.3937,-4.0184,-9.2656,8,a,The,The green circle moved first.
interval,data/videos_v3/int_1500ms/v3_1500_00660.avi,1500,B,A,,-1.3317,-1.2915,-1.5852,-1.5734,8,a,(A,(A) Less than 1 second
order_real,data/videos_v3/int_1500ms/v3_1500_00661.avi,1500,1,0,-1.8896,-9.6717,-10.1077,-11.1698,-10.6073,8,a,NO,NO.
order_rev,data/videos_v3/int_1500ms/v3_1500_00661.avi,1500,1,0,-0.5871,-7.7221,-10.4081,-11.1575,-10.5948,8,a,NO,NO.
order_forced,data/videos_v3/int_1500ms/v3_1500_00661.avi,1500,1,1,0.1253,-1.4258,-1.5511,-7.9228,-8.6721,8,a,The,The red triangle moved first.
interval,data/videos_v3/int_1500ms/v3_1500_00661.avi,1500,B,B,,-1.581,-1.1885,-1.4623,-1.4583,8,a,(B,(B) 1-2 seconds
order_real,data/videos_v3/int_1500ms/v3_1500_00662.avi,1500,0,0,-2.499,-9.9648,-10.3383,-11.3384,-10.9632,8,b,NO,NO.
order_rev,data/videos_v3/int_1500ms/v3_1500_00662.avi,1500,0,0,-1.6236,-7.4161,-10.4145,-11.0396,-10.7891,8,b,NO,NO.
order_forced,data/videos_v3/int_1500ms/v3_1500_00662.avi,1500,0,1,-0.1246,-1.7698,-1.6452,-4.5192,-8.639,8,b,The,The blue circle moved first.
interval,data/videos_v3/int_1500ms/v3_1500_00662.avi,1500,B,A,,-1.2972,-1.2775,-1.5523,-1.5499,8,b,(A,(A) Less than 1 second
order_real,data/videos_v3/int_1500ms/v3_1500_00663.avi,1500,0,0,-1.685,-9.901,-10.3369,-11.5863,-10.8993,8,a,NO,NO.
order_rev,data/videos_v3/int_1500ms/v3_1500_00663.avi,1500,0,0,-0.9068,-7.7596,-10.3829,-11.3201,-10.7576,8,a,NO,NO.
order_forced,data/videos_v3/int_1500ms/v3_1500_00663.avi,1500,0,1,-0.6248,-2.0329,-1.4081,-6.1573,-8.4055,8,a,The,The green circle moved first.
interval,data/videos_v3/int_1500ms/v3_1500_00663.avi,1500,B,B,,-1.3687,-1.2382,-1.4964,-1.4956,8,a,(B,(B) 1-2 seconds
order_real,data/videos_v3/int_1500ms/v3_1500_00664.avi,1500,0,0,-1.8018,-9.7809,-10.2169,-11.4038,-10.717,8,a,NO,NO.
order_rev,data/videos_v3/int_1500ms/v3_1500_00664.avi,1500,0,0,-1.3285,-7.5529,-10.3637,-11.2382,-10.613,8,a,NO,NO.
order_forced,data/videos_v3/int_1500ms/v3_1500_00664.avi,1500,0,1,-0.2495,-1.5958,-1.3463,-7.4673,-8.2155,8,a,The,The yellow square moved first.
interval,data/videos_v3/int_1500ms/v3_1500_00664.avi,1500,B,B,,-1.6428,-1.1312,-1.4,-1.5218,8,a,(B,(B) 1-2 seconds
order_real,data/videos_v3/int_1500ms/v3_1500_00665.avi,1500,1,0,-2.7651,-9.7166,-10.4649,-11.3398,-10.9647,8,a,NO,NO.
order_rev,data/videos_v3/int_1500ms/v3_1500_00665.avi,1500,1,0,-1.4405,-7.7435,-10.4918,-11.0542,-10.6165,8,a,NO,NO.
order_forced,data/videos_v3/int_1500ms/v3_1500_00665.avi,1500,1,1,0.1251,-1.2482,-1.3733,-5.8722,-8.2448,8,a,The,The magenta circle moved first.
interval,data/videos_v3/int_1500ms/v3_1500_00665.avi,1500,B,A,,-1.3744,-1.3461,-1.6283,-1.37,8,a,(A,(A) Less than 1 second
order_real,data/videos_v3/int_1500ms/v3_1500_00666.avi,1500,0,0,-0.2927,-9.8947,-10.0186,-10.9551,-10.7057,8,b,NO,NO.
order_rev,data/videos_v3/int_1500ms/v3_1500_00666.avi,1500,0,0,0.0535,-7.9808,-10.6043,-11.1663,-10.8539,8,b,NO,NO.
order_forced,data/videos_v3/int_1500ms/v3_1500_00666.avi,1500,0,1,0.2502,-1.4601,-1.7103,-4.4597,-8.457,8,b,The,The cyan triangle moved first.
interval,data/videos_v3/int_1500ms/v3_1500_00666.avi,1500,B,B,,-1.3153,-1.1704,-1.5674,-1.6903,8,b,(B,(B) 1-2 seconds
order_real,data/videos_v3/int_1500ms/v3_1500_00667.avi,1500,1,0,-0.8898,-9.8126,-10.2487,-11.2483,-11.0604,8,a,NO,NO.
order_rev,data/videos_v3/int_1500ms/v3_1500_00667.avi,1500,1,0,-0.5655,-8.2287,-10.4772,-11.1644,-10.9144,8,a,NO,NO.
order_forced,data/videos_v3/int_1500ms/v3_1500_00667.avi,1500,1,0,-0.1249,-1.1891,-1.0642,-6.9384,-8.9375,8,a,B,B
interval,data/videos_v3/int_1500ms/v3_1500_00667.avi,1500,B,A,,-1.2292,-1.4473,-1.6086,-1.4792,8,a,(A,(A) Less than 1 second
order_real,data/videos_v3/int_1500ms/v3_1500_00668.avi,1500,1,0,-1.032,-9.9108,-10.1599,-11.2217,-10.8467,8,b,NO,NO.
order_rev,data/videos_v3/int_1500ms/v3_1500_00668.avi,1500,1,0,-1.1659,-7.7978,-10.609,-11.2337,-10.9208,8,b,NO,NO.
order_forced,data/videos_v3/int_1500ms/v3_1500_00668.avi,1500,1,1,-0.1246,-1.9223,-1.7977,-5.5467,-9.0425,8,b,The,The red circle moved first.
interval,data/videos_v3/int_1500ms/v3_1500_00668.avi,1500,B,B,,-1.3434,-1.0839,-1.4719,-1.8434,8,b,(B,(B) 1-2 seconds
order_real,data/videos_v3/int_1500ms/v3_1500_00669.avi,1500,1,0,-2.1239,-9.8127,-10.3111,-11.3734,-10.8733,8,b,NO,NO.
order_rev,data/videos_v3/int_1500ms/v3_1500_00669.avi,1500,1,0,-1.7648,-7.6858,-10.6843,-11.2469,-10.8712,8,b,NO,NO.
order_forced,data/videos_v3/int_1500ms/v3_1500_00669.avi,1500,1,1,-0.2497,-1.5429,-1.2932,-6.9156,-8.5377,8,b,The,The blue circle moved first.
interval,data/videos_v3/int_1500ms/v3_1500_00669.avi,1500,B,B,,-1.4497,-1.1849,-1.5774,-1.4547,8,b,(B,(B) 1-2 seconds
order_real,data/videos_v3/int_1500ms/v3_1500_00670.avi,1500,1,0,-1.4002,-9.9815,-10.4178,-11.5421,-10.9796,8,b,NO,NO.
order_rev,data/videos_v3/int_1500ms/v3_1500_00670.avi,1500,1,0,-1.3896,-7.8749,-10.6238,-11.186,-10.8732,8,b,NO,NO.
order_forced,data/videos_v3/int_1500ms/v3_1500_00670.avi,1500,1,1,0.2501,-1.2689,-1.519,-7.2676,-9.1412,8,b,The,The green square moved first.
interval,data/videos_v3/int_1500ms/v3_1500_00670.avi,1500,B,A,,-1.32,-1.3878,-1.575,-1.5581,8,b,(A,(A) Less than 1 second
order_real,data/videos_v3/int_1500ms/v3_1500_00671.avi,1500,0,0,-1.0354,-9.9882,-10.4243,-11.4236,-10.9864,8,b,NO,NO.
order_rev,data/videos_v3/int_1500ms/v3_1500_00671.avi,1500,0,0,-0.1822,-7.8536,-10.6022,-11.2889,-10.9139,8,b,NO,NO.
order_forced,data/videos_v3/int_1500ms/v3_1500_00671.avi,1500,0,1,0.0002,-1.332,-1.3322,-5.5812,-8.5779,8,b,The,The yellow circle moved first.
interval,data/videos_v3/int_1500ms/v3_1500_00671.avi,1500,B,B,,-1.381,-1.2241,-1.6354,-1.5104,8,b,(B,(B) 1-2 seconds
order_real,data/videos_v3/int_1500ms/v3_1500_00672.avi,1500,0,0,-1.5955,-10.0402,-10.539,-11.5386,-10.9762,8,a,NO,NO.
order_rev,data/videos_v3/int_1500ms/v3_1500_00672.avi,1500,0,0,-0.4902,-7.9167,-10.6653,-11.2901,-10.9772,8,a,NO,NO.
order_forced,data/videos_v3/int_1500ms/v3_1500_00672.avi,1500,0,0,-0.3749,-1.5424,-1.1675,-5.9172,-9.4156,8,a,The,The red square moved first.
interval,data/videos_v3/int_1500ms/v3_1500_00672.avi,1500,B,A,,-1.2235,-1.3082,-1.6091,-1.6041,8,a,(A,(A) Less than 1 second
order_real,data/videos_v3/int_1500ms/v3_1500_00673.avi,1500,0,0,-1.9988,-10.1714,-10.8575,-11.8574,-11.1701,8,a,NO,NO.
order_rev,data/videos_v3/int_1500ms/v3_1500_00673.avi,1500,0,0,-1.0329,-8.0264,-10.7125,-11.5246,-10.9621,8,a,NO,NO.
order_forced,data/videos_v3/int_1500ms/v3_1500_00673.avi,1500,0,1,-0.125,-1.356,-1.231,-6.1056,-9.2291,8,a,The,The green square moved first.
interval,data/videos_v3/int_1500ms/v3_1500_00673.avi,1500,B,A,,-1.2447,-1.3238,-1.6247,-1.6142,8,a,(A,(A) Less than 1 second
order_real,data/videos_v3/int_1500ms/v3_1500_00674.avi,1500,1,0,-0.5514,-10.0192,-9.9552,-11.5165,-10.7054,8,a,NO,NO.
order_rev,data/videos_v3/int_1500ms/v3_1500_00674.avi,1500,1,0,-0.5513,-7.5211,-10.3939,-11.3931,-10.644,8,a,NO,NO.
order_forced,data/videos_v3/int_1500ms/v3_1500_00674.avi,1500,1,1,-0.4995,-2.8297,-2.3302,-9.0771,-9.5743,8,a,The,The blue triangle moved first.
interval,data/videos_v3/int_1500ms/v3_1500_00674.avi,1500,B,B,,-1.5518,-0.9243,-1.4301,-1.9294,8,a,(B,(B) 1-2 seconds
order_real,data/videos_v3/int_1500ms/v3_1500_00675.avi,1500,0,0,-1.4318,-9.714,-10.0251,-11.212,-10.7121,8,b,NO,NO.
order_rev,data/videos_v3/int_1500ms/v3_1500_00675.avi,1500,0,0,-1.4245,-7.7304,-10.479,-11.1039,-10.7286,8,b,NO,NO.
order_forced,data/videos_v3/int_1500ms/v3_1500_00675.avi,1500,0,1,-0.1248,-1.4265,-1.3017,-6.6751,-8.6729,8,b,The,The blue circle moved first.
interval,data/videos_v3/int_1500ms/v3_1500_00675.avi,1500,B,A,,-1.3322,-1.3039,-1.5861,-1.4611,8,b,(A,(A) Less than 1 second
order_real,data/videos_v3/int_1500ms/v3_1500_00676.avi,1500,1,0,-1.515,-9.8533,-10.4144,-11.2889,-10.9139,8,a,NO,NO.
order_rev,data/videos_v3/int_1500ms/v3_1500_00676.avi,1500,1,0,-1.6506,-7.6894,-10.6252,-11.1251,-10.7498,8,a,NO,NO.
order_forced,data/videos_v3/int_1500ms/v3_1500_00676.avi,1500,1,1,0.1251,-1.2336,-1.3587,-6.6075,-8.6052,8,a,The,The green square moved first.
interval,data/videos_v3/int_1500ms/v3_1500_00676.avi,1500,B,B,,-1.4029,-1.2319,-1.5372,-1.6473,8,a,(B,(B) 1-2 seconds
order_real,data/videos_v3/int_1500ms/v3_1500_00677.avi,1500,1,0,-0.4845,-10.4119,-10.536,-11.9716,-11.3477,8,a,NO,NO.
order_rev,data/videos_v3/int_1500ms/v3_1500_00677.avi,1500,1,0,-0.7398,-7.953,-10.7017,-11.6384,-11.0763,8,a,NO,NO.
order_forced,data/videos_v3/int_1500ms/v3_1500_00677.avi,1500,1,1,0.0,-0.7416,-0.7416,-5.9916,-10.3662,8,a,A,A
interval,data/videos_v3/int_1500ms/v3_1500_00677.avi,1500,B,A,,-1.1623,-1.5349,-1.665,-1.2892,8,a,(A,(A) Less than 1 second
order_real,data/videos_v3/int_1500ms/v3_1500_00678.avi,1500,0,0,-1.4623,-10.1297,-10.5032,-11.6901,-11.1906,8,a,NO,NO.
order_rev,data/videos_v3/int_1500ms/v3_1500_00678.avi,1500,0,0,-0.7911,-7.9013,-10.4621,-11.1495,-10.8372,8,a,NO,NO.
order_forced,data/videos_v3/int_1500ms/v3_1500_00678.avi,1500,0,0,-0.2499,-1.2061,-0.9562,-3.2061,-9.8294,8,a,B,B
interval,data/videos_v3/int_1500ms/v3_1500_00678.avi,1500,B,A,,-1.1514,-1.3839,-1.6559,-1.5264,8,a,(A,(A) Less than 1 second
order_real,data/videos_v3/int_1500ms/v3_1500_00679.avi,1500,1,0,-1.3738,-10.1103,-10.5465,-11.4831,-11.1707,8,b,NO,NO.
order_rev,data/videos_v3/int_1500ms/v3_1500_00679.avi,1500,1,0,-0.81,-8.0817,-10.5801,-11.2669,-11.0169,8,b,NO,NO.
order_forced,data/videos_v3/int_1500ms/v3_1500_00679.avi,1500,1,1,-0.1249,-1.3321,-1.2072,-3.582,-8.9539,8,b,The,The red square moved first.
interval,data/videos_v3/int_1500ms/v3_1500_00679.avi,1500,B,A,,-1.3105,-1.2853,-1.6889,-1.4389,8,b,(A,(A) Less than 1 second
order_real,data/videos_v3/int_1500ms/v3_1500_00680.avi,1500,1,0,-0.7913,-10.0253,-10.5238,-11.5229,-11.0235,8,a,NO,NO.
order_rev,data/videos_v3/int_1500ms/v3_1500_00680.avi,1500,1,0,-0.332,-8.0258,-10.7112,-11.3979,-10.9608,8,a,NO,NO.
order_forced,data/videos_v3/int_1500ms/v3_1500_00680.avi,1500,1,1,0.0002,-1.2219,-1.2221,-4.9715,-8.8435,8,a,The,The magenta square moved first.
interval,data/videos_v3/int_1500ms/v3_1500_00680.avi,1500,B,A,,-1.1595,-1.3907,-1.666,-1.538,8,a,(A,(A) Less than 1 second
order_real,data/videos_v3/int_1500ms/v3_1500_00681.avi,1500,1,0,-1.7192,-10.0494,-10.4854,-11.6724,-11.0478,8,b,NO,NO.
order_rev,data/videos_v3/int_1500ms/v3_1500_00681.avi,1500,1,0,-0.7645,-7.9095,-10.4705,-11.2826,-10.9078,8,b,NO,NO.
order_forced,data/videos_v3/int_1500ms/v3_1500_00681.avi,1500,1,1,-0.1249,-1.2982,-1.1733,-6.2978,-9.5463,8,b,The,The green circle moved first.
interval,data/videos_v3/int_1500ms/v3_1500_00681.avi,1500,B,A,,-1.3249,-1.3082,-1.5806,-1.4499,8,b,(A,(A) Less than 1 second
order_real,data/videos_v3/int_1500ms/v3_1500_00682.avi,1500,1,0,-0.8606,-10.0657,-10.5018,-11.1889,-11.0639,8,a,NO,NO.
order_rev,data/videos_v3/int_1500ms/v3_1500_00682.avi,1500,1,0,-0.1891,-8.0866,-10.7101,-11.1474,-10.9597,8,a,NO,NO.
order_forced,data/videos_v3/int_1500ms/v3_1500_00682.avi,1500,1,1,0.2502,-1.4736,-1.7238,-3.9735,-8.9693,8,a,The,The cyan triangle moved first.
interval,data/videos_v3/int_1500ms/v3_1500_00682.avi,1500,B,B,,-1.3316,-1.1891,-1.5861,-1.584,8,a,(B,(B) 1-2 seconds
order_real,data/videos_v3/int_1500ms/v3_1500_00683.avi,1500,0,0,-1.7728,-9.8489,-10.4724,-11.347,-10.8473,8,b,NO,NO.
order_rev,data/videos_v3/int_1500ms/v3_1500_00683.avi,1500,0,0,-0.9164,-7.6158,-10.4893,-11.1763,-10.6761,8,b,NO,NO.
order_forced,data/videos_v3/int_1500ms/v3_1500_00683.avi,1500,0,0,0.2503,-1.406,-1.6563,-6.9039,-8.4011,8,b,The,The yellow triangle moved first.
interval,data/videos_v3/int_1500ms/v3_1500_00683.avi,1500,B,B,,-1.377,-1.2203,-1.5047,-1.6239,8,b,(B,(B) 1-2 seconds
order_real,data/videos_v3/int_1500ms/v3_1500_00684.avi,1500,0,0,-2.2122,-9.9002,-10.2739,-10.899,-10.7738,8,a,NO,NO.
order_rev,data/videos_v3/int_1500ms/v3_1500_00684.avi,1500,0,0,-1.0222,-7.4978,-10.3088,-10.9959,-10.6207,8,a,NO,NO.
order_forced,data/videos_v3/int_1500ms/v3_1500_00684.avi,1500,0,1,-0.1245,-2.2907,-2.1662,-5.0405,-9.4107,8,a,The,The cyan triangle moved first.
interval,data/videos_v3/int_1500ms/v3_1500_00684.avi,1500,B,B,,-1.3897,-1.1317,-1.3936,-1.7675,8,a,(B,(B) 1-2 seconds
order_real,data/videos_v3/int_1500ms/v3_1500_00685.avi,1500,1,0,-2.2032,-10.1923,-10.7533,-11.7532,-11.1907,8,b,NO,NO.
order_rev,data/videos_v3/int_1500ms/v3_1500_00685.avi,1500,1,0,-1.1396,-7.9302,-10.6164,-11.3038,-10.8661,8,b,NO,NO.
order_forced,data/videos_v3/int_1500ms/v3_1500_00685.avi,1500,1,1,0.0,-1.2681,-1.2681,-5.7675,-9.2654,8,b,The,The green circle moved first.
interval,data/videos_v3/int_1500ms/v3_1500_00685.avi,1500,B,A,,-1.2832,-1.3831,-1.6617,-1.4082,8,b,(A,(A) Less than 1 second
order_real,data/videos_v3/int_1500ms/v3_1500_00686.avi,1500,0,0,-1.9706,-9.9863,-10.6098,-11.547,-11.172,8,a,NO,NO.
order_rev,data/videos_v3/int_1500ms/v3_1500_00686.avi,1500,0,0,-0.9102,-7.8363,-10.5849,-11.3342,-10.959,8,a,NO,NO.
order_forced,data/videos_v3/int_1500ms/v3_1500_00686.avi,1500,0,1,-0.1249,-1.3032,-1.1783,-5.6777,-9.4252,8,a,The,The red square moved first.
interval,data/videos_v3/int_1500ms/v3_1500_00686.avi,1500,B,A,,-1.3684,-1.3496,-1.6276,-1.3719,8,a,(A,(A) Less than 1 second
order_real,data/videos_v3/int_1500ms/v3_1500_00687.avi,1500,1,0,-1.3972,-10.2215,-10.4701,-11.3442,-10.97,8,b,NO,NO.
order_rev,data/videos_v3/int_1500ms/v3_1500_00687.avi,1500,1,0,-1.1745,-8.2799,-10.6535,-11.0907,-10.9655,8,b,NO,NO.
order_forced,data/videos_v3/int_1500ms/v3_1500_00687.avi,1500,1,1,-0.1248,-1.2656,-1.1408,-4.5154,-8.5144,8,b,The,The yellow circle moved first.
interval,data/videos_v3/int_1500ms/v3_1500_00687.avi,1500,B,A,,-1.2223,-1.3393,-1.6,-1.4738,8,b,(A,(A) Less than 1 second
order_real,data/videos_v3/int_1500ms/v3_1500_00688.avi,1500,0,0,-1.0347,-9.9883,-10.1119,-11.5488,-10.7993,8,a,NO,NO.
order_rev,data/videos_v3/int_1500ms/v3_1500_00688.avi,1500,0,0,0.0661,-8.0206,-10.5191,-11.3939,-10.9562,8,a,NO,NO.
order_forced,data/videos_v3/int_1500ms/v3_1500_00688.avi,1500,0,0,-0.4997,-1.7704,-1.2707,-7.7687,-9.1417,8,a,The,The blue square moved first.
interval,data/videos_v3/int_1500ms/v3_1500_00688.avi,1500,B,B,,-1.3677,-1.2203,-1.4991,-1.6177,8,a,(B,(B) 1-2 seconds
order_real,data/videos_v3/int_1500ms/v3_1500_00689.avi,1500,0,0,-1.735,-9.9388,-10.4372,-11.4996,-10.8123,8,a,NO,NO.
order_rev,data/videos_v3/int_1500ms/v3_1500_00689.avi,1500,0,0,-0.6822,-7.7814,-10.5301,-11.3424,-10.7172,8,a,NO,NO.
order_forced,data/videos_v3/int_1500ms/v3_1500_00689.avi,1500,0,1,0.1252,-1.5581,-1.6833,-7.3064,-9.0521,8,a,The,The magenta triangle moved first.
interval,data/videos_v3/int_1500ms/v3_1500_00689.avi,1500,B,B,,-1.5398,-1.1546,-1.4184,-1.5434,8,a,(B,(B) 1-2 seconds
order_real,data/videos_v3/int_1500ms/v3_1500_00690.avi,1500,1,0,-0.9104,-9.9603,-10.2715,-11.2712,-10.8962,8,a,NO,NO.
order_rev,data/videos_v3/int_1500ms/v3_1500_00690.avi,1500,1,0,-0.6694,-7.648,-10.5215,-11.3339,-10.8335,8,a,NO,NO.
order_forced,data/videos_v3/int_1500ms/v3_1500_00690.avi,1500,1,1,-0.1246,-1.3528,-1.2282,-6.9758,-8.5977,8,a,The,The magenta square moved first.
interval,data/videos_v3/int_1500ms/v3_1500_00690.avi,1500,B,A,,-1.2833,-1.2431,-1.6583,-1.6544,8,a,(A,(A) Less than 1 second
order_real,data/videos_v3/int_1500ms/v3_1500_00691.avi,1500,1,0,-1.427,-9.9061,-10.2795,-11.2791,-10.9664,8,a,NO,NO.
order_rev,data/videos_v3/int_1500ms/v3_1500_00691.avi,1500,1,0,-0.4519,-8.3643,-10.6752,-11.2995,-10.9246,8,a,NO,NO.
order_forced,data/videos_v3/int_1500ms/v3_1500_00691.avi,1500,1,1,0.0003,-1.285,-1.2853,-6.1586,-8.4048,8,a,The,The blue triangle moved first.
interval,data/videos_v3/int_1500ms/v3_1500_00691.avi,1500,B,B,,-1.4002,-1.1354,-1.6529,-1.5252,8,a,(B,(B) 1-2 seconds
order_real,data/videos_v3/int_1500ms/v3_1500_00692.avi,1500,1,0,-1.3602,-10.1281,-10.5641,-11.7507,-11.064,8,b,NO,NO.
order_rev,data/videos_v3/int_1500ms/v3_1500_00692.avi,1500,1,0,-0.8738,-7.9846,-10.5457,-11.4202,-10.9204,8,b,NO,NO.
order_forced,data/videos_v3/int_1500ms/v3_1500_00692.avi,1500,1,1,0.3751,-1.1714,-1.5465,-5.5459,-9.6677,8,b,The,The yellow circle moved first.
interval,data/videos_v3/int_1500ms/v3_1500_00692.avi,1500,B,A,,-1.2903,-1.262,-1.5477,-1.6692,8,b,(A,(A) Less than 1 second
order_real,data/videos_v3/int_1500ms/v3_1500_00693.avi,1500,1,0,-0.8976,-9.9057,-10.3419,-11.4662,-10.8418,8,b,NO,NO.
order_rev,data/videos_v3/int_1500ms/v3_1500_00693.avi,1500,1,0,-0.5145,-7.4958,-10.4941,-11.3683,-10.8058,8,b,NO,NO.
order_forced,data/videos_v3/int_1500ms/v3_1500_00693.avi,1500,1,1,0.1252,-1.6383,-1.7635,-7.0114,-8.7577,8,b,The,The green square moved first.
interval,data/videos_v3/int_1500ms/v3_1500_00693.avi,1500,B,B,,-1.4074,-1.1376,-1.5375,-1.6601,8,b,(B,(B) 1-2 seconds
order_real,data/videos_v3/int_1500ms/v3_1500_00694.avi,1500,1,0,-0.9004,-9.9152,-10.2262,-11.4131,-10.7261,8,b,NO,NO.
order_rev,data/videos_v3/int_1500ms/v3_1500_00694.avi,1500,1,0,-0.4003,-7.7746,-10.3982,-11.2102,-10.7725,8,b,NO,NO.
order_forced,data/videos_v3/int_1500ms/v3_1500_00694.avi,1500,1,0,-0.1248,-1.6844,-1.5596,-6.1836,-8.8044,8,b,The,The blue triangle moved first.
interval,data/videos_v3/int_1500ms/v3_1500_00694.avi,1500,B,B,,-1.5371,-1.153,-1.4165,-1.5387,8,b,(B,(B) 1-2 seconds
order_real,data/videos_v3/int_1500ms/v3_1500_00695.avi,1500,0,0,-1.0567,-9.9824,-10.356,-11.1058,-10.9805,8,b,NO,NO.
order_rev,data/videos_v3/int_1500ms/v3_1500_00695.avi,1500,0,0,-0.5637,-7.8102,-10.4963,-11.121,-10.8706,8,b,NO,NO.
order_forced,data/videos_v3/int_1500ms/v3_1500_00695.avi,1500,0,1,0.1252,-1.4936,-1.6188,-4.1182,-8.9887,8,b,The,The cyan circle moved first.
interval,data/videos_v3/int_1500ms/v3_1500_00695.avi,1500,B,A,,-1.31,-1.2817,-1.5674,-1.56,8,b,(A,(A) Less than 1 second
order_real,data/videos_v3/int_1500ms/v3_1500_00696.avi,1500,0,0,-1.5955,-10.1015,-10.6001,-11.5367,-11.0376,8,b,NO,NO.
order_rev,data/videos_v3/int_1500ms/v3_1500_00696.avi,1500,0,0,-0.6603,-8.1627,-10.6612,-11.4104,-10.911,8,b,NO,NO.
order_forced,data/videos_v3/int_1500ms/v3_1500_00696.avi,1500,0,1,-0.1249,-1.2993,-1.1744,-5.1739,-9.2964,8,b,The,The yellow square moved first.
interval,data/videos_v3/int_1500ms/v3_1500_00696.avi,1500,B,A,,-1.2254,-1.3251,-1.6031,-1.6004,8,b,(A,(A) Less than 1 second
order_real,data/videos_v3/int_1500ms/v3_1500_00697.avi,1500,0,0,-1.4101,-9.9032,-10.2764,-11.5258,-10.9636,8,a,NO,NO.
order_rev,data/videos_v3/int_1500ms/v3_1500_00697.avi,1500,0,0,-0.8895,-7.7471,-10.5581,-11.3078,-10.8701,8,a,NO,NO.
order_forced,data/videos_v3/int_1500ms/v3_1500_00697.avi,1500,0,1,-0.2499,-1.5806,-1.3307,-6.5793,-9.2011,8,a,The,The blue circle moved first.
interval,data/videos_v3/int_1500ms/v3_1500_00697.avi,1500,B,A,,-1.355,-1.3267,-1.4874,-1.4839,8,a,(A,(A) Less than 1 second
order_real,data/videos_v3/int_1500ms/v3_1500_00698.avi,1500,0,0,-0.9692,-9.9567,-10.4554,-11.3923,-11.0797,8,a,NO,NO.
order_rev,data/videos_v3/int_1500ms/v3_1500_00698.avi,1500,0,0,-0.1778,-8.2055,-10.6418,-11.1414,-11.0785,8,a,NO,NO.
order_forced,data/videos_v3/int_1500ms/v3_1500_00698.avi,1500,0,0,-0.1249,-1.5766,-1.4517,-3.0766,-9.5736,8,a,The,The cyan circle moved first.
interval,data/videos_v3/int_1500ms/v3_1500_00698.avi,1500,B,A,,-1.2779,-1.2528,-1.6529,-1.524,8,a,(A,(A) Less than 1 second
order_real,data/videos_v3/int_1500ms/v3_1500_00699.avi,1500,1,0,-0.6569,-10.3349,-10.5834,-11.7072,-11.0832,8,b,NO,NO.
order_rev,data/videos_v3/int_1500ms/v3_1500_00699.avi,1500,1,0,-0.4269,-8.3141,-10.9377,-11.7491,-11.0627,8,b,NO,NO.
order_forced,data/videos_v3/int_1500ms/v3_1500_00699.avi,1500,1,0,-0.2499,-1.2135,-0.9636,-5.7134,-9.3376,8,b,B,B
interval,data/videos_v3/int_1500ms/v3_1500_00699.avi,1500,B,A,,-1.1291,-1.3752,-1.6317,-1.5067,8,b,(A,(A) Less than 1 second.
order_real,data/videos_v3/int_2000ms/v3_2000_00700.avi,2000,0,0,-1.1473,-10.275,-10.6487,-11.6477,-11.0861,8,b,NO,NO.
order_rev,data/videos_v3/int_2000ms/v3_2000_00700.avi,2000,0,0,-0.9245,-8.344,-10.7803,-11.28,-10.9675,8,b,NO,NO.
order_forced,data/videos_v3/int_2000ms/v3_2000_00700.avi,2000,0,1,0.125,-0.9131,-1.0381,-4.288,-9.1624,8,b,A,A
interval,data/videos_v3/int_2000ms/v3_2000_00700.avi,2000,C,A,,-1.0603,-1.4246,-1.8103,-1.4368,8,b,(A,(A) Less than 1 second.
order_32f,data/videos_v3/int_2000ms/v3_2000_00700.avi,2000,0,0,-2.1966,-10.4882,-10.7993,-11.7367,-11.1747,32,b,NO,NO.
moved_real,data/videos_v3/int_2000ms/v3_2000_00700.avi,2000,1,0,-1.764,-10.3057,-11.4917,-11.8662,-11.1173,8,b,NO,NO.
moved_twin,data/twin_v3/v3_2000_00700.avi,2000,0,0,-2.8736,-10.5334,-11.9071,-12.0946,-11.2829,8,b,NO,NO.
still_real,data/videos_v3/int_2000ms/v3_2000_00700.avi,2000,0,1,1.5269,-10.3259,-11.4499,-12.0732,-11.5742,8,b,YES,YES.
still_twin,data/twin_v3/v3_2000_00700.avi,2000,1,1,2.269,-10.6252,-11.8117,-12.3106,-11.8111,8,b,YES,YES.
order_twin,data/twin_v3/v3_2000_00700.avi,2000,-1,0,-1.5413,-10.3431,-10.7794,-11.6538,-11.2168,8,b,NO,NO.
moved_solo_hit,data/videos_v3/int_2000ms/v3_2000_00700_solob.avi,2000,1,0,-1.5222,-10.4267,-11.488,-11.987,-11.176,8,b,NO,NO.
moved_solo_fa,data/videos_v3/int_2000ms/v3_2000_00700_soloa.avi,2000,0,0,-2.7613,-10.3032,-11.7393,-11.9891,-11.1774,8,b,NO,NO.
order_real,data/videos_v3/int_2000ms/v3_2000_00701.avi,2000,1,0,-0.5225,-10.1525,-10.2134,-11.0259,-10.9638,8,b,NO,NO.
order_rev,data/videos_v3/int_2000ms/v3_2000_00701.avi,2000,1,0,-0.4336,-7.5446,-10.2928,-11.1674,-10.7924,8,b,NO,NO.
order_forced,data/videos_v3/int_2000ms/v3_2000_00701.avi,2000,1,1,-0.1244,-2.5854,-2.461,-4.7101,-9.953,8,b,The,The cyan triangle moved first.
interval,data/videos_v3/int_2000ms/v3_2000_00701.avi,2000,C,B,,-1.7067,-0.9536,-1.3369,-1.8361,8,b,(B,(B) 1-2 seconds
order_32f,data/videos_v3/int_2000ms/v3_2000_00701.avi,2000,1,0,-1.0085,-10.1948,-10.1929,-11.0055,-10.8187,32,b,NO,NO.
moved_real,data/videos_v3/int_2000ms/v3_2000_00701.avi,2000,1,0,-0.1888,-10.0837,-11.0818,-10.7697,-10.7699,8,b,NO,NO.
moved_twin,data/twin_v3/v3_2000_00701.avi,2000,0,0,-2.749,-10.3807,-11.6288,-10.63,-10.88,8,b,NO,NO.
still_real,data/videos_v3/int_2000ms/v3_2000_00701.avi,2000,0,0,-0.2359,-10.1521,-10.7138,-11.7108,-10.9007,8,b,NO,NO.
still_twin,data/twin_v3/v3_2000_00701.avi,2000,1,1,2.3747,-10.3085,-11.3697,-12.0551,-11.4309,8,b,YES,YES.
order_twin,data/twin_v3/v3_2000_00701.avi,2000,-1,0,-1.8934,-9.9954,-10.3684,-10.7444,-10.8066,8,b,NO,NO.
moved_solo_hit,data/videos_v3/int_2000ms/v3_2000_00701_solob.avi,2000,1,0,-0.3138,-10.1538,-11.1517,-10.8399,-10.7776,8,b,NO,NO.
moved_solo_fa,data/videos_v3/int_2000ms/v3_2000_00701_soloa.avi,2000,0,0,-2.4002,-10.2808,-11.404,-10.5301,-10.78,8,b,NO,NO.
order_real,data/videos_v3/int_2000ms/v3_2000_00702.avi,2000,0,0,-1.1474,-9.9474,-10.2586,-11.5078,-10.8833,8,b,NO,NO.
order_rev,data/videos_v3/int_2000ms/v3_2000_00702.avi,2000,0,0,-0.6961,-7.6674,-10.3531,-11.1653,-10.7276,8,b,NO,NO.
order_forced,data/videos_v3/int_2000ms/v3_2000_00702.avi,2000,0,1,-0.1248,-1.4727,-1.3479,-6.8458,-9.0928,8,b,The,The green triangle moved first.
interval,data/videos_v3/int_2000ms/v3_2000_00702.avi,2000,C,A,,-1.3323,-1.2966,-1.5854,-1.4573,8,b,(A,(A) Less than 1 second
order_32f,data/videos_v3/int_2000ms/v3_2000_00702.avi,2000,0,0,-1.272,-10.0435,-10.3545,-11.7912,-10.9172,32,b,NO,NO.
moved_real,data/videos_v3/int_2000ms/v3_2000_00702.avi,2000,1,0,-0.926,-10.0983,-11.3462,-11.6585,-10.8469,8,b,NO,NO.
moved_twin,data/twin_v3/v3_2000_00702.avi,2000,0,0,-2.6484,-10.4034,-11.8392,-11.8397,-11.0278,8,b,NO,NO.
still_real,data/videos_v3/int_2000ms/v3_2000_00702.avi,2000,0,1,0.5604,-9.9931,-10.9295,-11.8028,-11.1161,8,b,YES,YES.
still_twin,data/twin_v3/v3_2000_00702.avi,2000,1,1,2.7347,-10.3685,-11.6801,-12.3659,-11.8033,8,b,YES,YES.
order_twin,data/twin_v3/v3_2000_00702.avi,2000,-1,0,-1.5228,-9.995,-10.4937,-11.6182,-11.0557,8,b,NO,NO.
moved_solo_hit,data/videos_v3/int_2000ms/v3_2000_00702_solob.avi,2000,1,0,-1.2927,-10.1415,-11.3897,-11.6395,-10.8281,8,b,NO,NO.
moved_solo_fa,data/videos_v3/int_2000ms/v3_2000_00702_soloa.avi,2000,0,0,-2.5515,-10.1513,-11.8369,-11.7748,-10.9629,8,b,NO,NO.
order_real,data/videos_v3/int_2000ms/v3_2000_00703.avi,2000,1,0,-0.1747,-10.1199,-10.4313,-11.4303,-10.9931,8,b,NO,NO.
order_rev,data/videos_v3/int_2000ms/v3_2000_00703.avi,2000,1,0,-0.6237,-7.9401,-10.751,-11.2507,-10.938,8,b,NO,NO.
order_forced,data/videos_v3/int_2000ms/v3_2000_00703.avi,2000,1,1,0.2502,-1.3885,-1.6387,-5.7628,-9.1335,8,b,The,The green circle moved first.
interval,data/videos_v3/int_2000ms/v3_2000_00703.avi,2000,C,B,,-1.6737,-1.1589,-1.4309,-1.4288,8,b,(B,(B) 1-2 seconds
order_32f,data/videos_v3/int_2000ms/v3_2000_00703.avi,2000,1,0,-0.9159,-9.8656,-10.2392,-11.4882,-10.739,32,b,NO,NO.
moved_real,data/videos_v3/int_2000ms/v3_2000_00703.avi,2000,1,0,-0.8738,-10.2075,-11.5179,-11.5179,-10.8319,8,b,NO,NO.
moved_twin,data/twin_v3/v3_2000_00703.avi,2000,0,0,-2.6109,-10.3471,-11.7831,-11.471,-10.9715,8,b,NO,NO.
still_real,data/videos_v3/int_2000ms/v3_2000_00703.avi,2000,0,1,0.2243,-10.0703,-10.9448,-11.6304,-11.0684,8,b,YES,YES.
still_twin,data/twin_v3/v3_2000_00703.avi,2000,1,1,2.2769,-10.5625,-11.6245,-12.1848,-11.7476,8,b,YES,YES.
order_twin,data/twin_v3/v3_2000_00703.avi,2000,-1,0,-1.6576,-9.8474,-10.5334,-11.2831,-10.9079,8,b,NO,NO.
moved_solo_hit,data/videos_v3/int_2000ms/v3_2000_00703_solob.avi,2000,1,0,-0.5148,-10.0581,-11.3687,-11.3685,-10.807,8,b,NO,NO.
moved_solo_fa,data/videos_v3/int_2000ms/v3_2000_00703_soloa.avi,2000,0,0,-2.7351,-10.3089,-11.8692,-11.495,-10.9956,8,b,NO,NO.
order_real,data/videos_v3/int_2000ms/v3_2000_00704.avi,2000,1,0,-2.5946,-9.8952,-10.3312,-11.456,-10.9561,8,a,NO,NO.
order_rev,data/videos_v3/int_2000ms/v3_2000_00704.avi,2000,1,0,-1.1502,-7.5369,-10.473,-11.2229,-10.7225,8,a,NO,NO.
order_forced,data/videos_v3/int_2000ms/v3_2000_00704.avi,2000,1,1,-0.1246,-1.8444,-1.7198,-6.7177,-8.7128,8,a,The,The blue circle moved first.
interval,data/videos_v3/int_2000ms/v3_2000_00704.avi,2000,C,B,,-1.3762,-1.239,-1.5028,-1.5028,8,a,(B,(B) 1-2 seconds
order_32f,data/videos_v3/int_2000ms/v3_2000_00704.avi,2000,1,0,-2.9554,-9.742,-10.4275,-11.6149,-10.8655,32,a,NO,NO.
moved_real,data/videos_v3/int_2000ms/v3_2000_00704.avi,2000,1,0,-2.4698,-10.2167,-11.3398,-11.4653,-10.7785,8,a,NO,NO.
moved_twin,data/twin_v3/v3_2000_00704.avi,2000,0,0,-3.1401,-10.1953,-11.5056,-11.444,-10.882,8,a,NO,NO.
still_real,data/videos_v3/int_2000ms/v3_2000_00704.avi,2000,0,1,1.1852,-9.9942,-10.9934,-11.8041,-11.1796,8,a,YES,YES.
still_twin,data/twin_v3/v3_2000_00704.avi,2000,1,1,2.3849,-10.1791,-11.4281,-12.114,-11.6139,8,a,YES,YES.
order_twin,data/twin_v3/v3_2000_00704.avi,2000,-1,0,-2.9992,-9.9356,-10.5591,-11.5591,-11.059,8,a,NO,NO.
moved_solo_hit,data/videos_v3/int_2000ms/v3_2000_00704_soloa.avi,2000,1,0,-3.2359,-10.1907,-11.4388,-11.5019,-10.7524,8,a,NO,NO.
moved_solo_fa,data/videos_v3/int_2000ms/v3_2000_00704_solob.avi,2000,0,0,-2.1399,-10.1395,-11.3247,-11.388,-10.8883,8,a,NO,NO.
order_real,data/videos_v3/int_2000ms/v3_2000_00705.avi,2000,1,0,-1.9076,-9.9342,-10.5577,-11.4325,-11.1197,8,b,NO,NO.
order_rev,data/videos_v3/int_2000ms/v3_2000_00705.avi,2000,1,0,-1.0787,-7.8588,-10.6696,-11.232,-10.7944,8,b,NO,NO.
order_forced,data/videos_v3/int_2000ms/v3_2000_00705.avi,2000,1,1,0.1252,-1.2013,-1.3265,-7.1992,-8.6975,8,b,The,The green triangle moved first.
interval,data/videos_v3/int_2000ms/v3_2000_00705.avi,2000,C,B,,-1.3475,-1.2013,-1.7264,-1.4764,8,b,(B,(B) 1-2 seconds
order_32f,data/videos_v3/int_2000ms/v3_2000_00705.avi,2000,1,0,-2.7625,-9.7779,-10.464,-11.5885,-10.9012,32,b,NO,NO.
moved_real,data/videos_v3/int_2000ms/v3_2000_00705.avi,2000,1,0,-2.6401,-10.3453,-11.7809,-11.6564,-11.0319,8,b,NO,NO.
moved_twin,data/twin_v3/v3_2000_00705.avi,2000,0,0,-2.7532,-10.1057,-11.6037,-11.604,-10.7297,8,b,NO,NO.
still_real,data/videos_v3/int_2000ms/v3_2000_00705.avi,2000,0,1,2.1249,-10.5784,-11.7028,-12.2634,-11.8258,8,b,YES,YES.
still_twin,data/twin_v3/v3_2000_00705.avi,2000,1,1,2.7371,-10.4132,-11.5998,-12.2221,-11.7225,8,b,YES,YES.
order_twin,data/twin_v3/v3_2000_00705.avi,2000,-1,0,-2.2826,-10.0175,-10.5163,-11.5783,-11.0158,8,b,NO,NO.
moved_solo_hit,data/videos_v3/int_2000ms/v3_2000_00705_solob.avi,2000,1,0,-2.7359,-10.2146,-11.7749,-11.6504,-11.0259,8,b,NO,NO.
moved_solo_fa,data/videos_v3/int_2000ms/v3_2000_00705_soloa.avi,2000,0,0,-2.2754,-10.2325,-11.6058,-11.6059,-10.7941,8,b,NO,NO.
order_real,data/videos_v3/int_2000ms/v3_2000_00706.avi,2000,0,0,-1.5147,-9.8515,-10.3504,-11.4749,-10.8501,8,a,NO,NO.
order_rev,data/videos_v3/int_2000ms/v3_2000_00706.avi,2000,0,0,-1.3974,-7.9544,-10.6408,-11.4528,-10.8281,8,a,NO,NO.
order_forced,data/videos_v3/int_2000ms/v3_2000_00706.avi,2000,0,1,-0.2499,-1.6419,-1.392,-7.2657,-9.1396,8,a,The,The green square moved first.
interval,data/videos_v3/int_2000ms/v3_2000_00706.avi,2000,C,A,,-1.4113,-1.3414,-1.6613,-1.5244,8,a,(A,(A) Less than 1 second
order_32f,data/videos_v3/int_2000ms/v3_2000_00706.avi,2000,0,0,-2.5034,-10.1233,-10.6848,-11.9967,-11.1222,32,a,NO,NO.
moved_real,data/videos_v3/int_2000ms/v3_2000_00706.avi,2000,1,0,-1.0333,-9.6341,-11.1323,-11.5066,-10.6322,8,a,NO,NO.
moved_twin,data/twin_v3/v3_2000_00706.avi,2000,0,0,-2.874,-10.0375,-11.6611,-11.7236,-10.849,8,a,NO,NO.
still_real,data/videos_v3/int_2000ms/v3_2000_00706.avi,2000,0,1,0.4469,-9.788,-10.8497,-11.7849,-10.911,8,a,YES,YES.
still_twin,data/twin_v3/v3_2000_00706.avi,2000,1,1,2.3748,-10.2862,-11.5354,-12.3458,-11.5966,8,a,YES,YES.
order_twin,data/twin_v3/v3_2000_00706.avi,2000,-1,0,-2.2648,-10.0632,-10.6248,-11.7492,-10.9994,8,a,NO,NO.
moved_solo_hit,data/videos_v3/int_2000ms/v3_2000_00706_soloa.avi,2000,1,0,-1.1583,-9.7271,-11.1626,-11.5371,-10.7255,8,a,NO,NO.
moved_solo_fa,data/videos_v3/int_2000ms/v3_2000_00706_solob.avi,2000,0,0,-3.0117,-10.0188,-11.7672,-11.7674,-10.8303,8,a,NO,NO.
order_real,data/videos_v3/int_2000ms/v3_2000_00707.avi,2000,0,0,-1.5254,-10.2058,-10.642,-11.7037,-11.1417,8,a,NO,NO.
order_rev,data/videos_v3/int_2000ms/v3_2000_00707.avi,2000,0,0,-0.4405,-7.8992,-10.71,-11.3347,-10.897,8,a,NO,NO.
order_forced,data/videos_v3/int_2000ms/v3_2000_00707.avi,2000,0,1,-0.1246,-1.4829,-1.3583,-5.8565,-9.2242,8,a,The,The yellow triangle moved first.
interval,data/videos_v3/int_2000ms/v3_2000_00707.avi,2000,C,B,,-1.4126,-1.2513,-1.5415,-1.5376,8,a,(B,(B) 1-2 seconds
order_32f,data/videos_v3/int_2000ms/v3_2000_00707.avi,2000,0,0,-2.0603,-10.0396,-10.4759,-11.7249,-10.9756,32,a,NO,NO.
moved_real,data/videos_v3/int_2000ms/v3_2000_00707.avi,2000,1,0,-2.2856,-10.3411,-11.7143,-11.5894,-10.9027,8,a,NO,NO.
moved_twin,data/twin_v3/v3_2000_00707.avi,2000,0,0,-2.6609,-10.3136,-11.7494,-11.6246,-10.9379,8,a,NO,NO.
still_real,data/videos_v3/int_2000ms/v3_2000_00707.avi,2000,0,1,1.0484,-10.1191,-11.1807,-11.8664,-11.242,8,a,YES,YES.
still_twin,data/twin_v3/v3_2000_00707.avi,2000,1,1,2.14,-10.4325,-11.619,-12.2422,-11.8046,8,a,YES,YES.
order_twin,data/twin_v3/v3_2000_00707.avi,2000,-1,0,-2.6367,-10.1905,-10.7519,-11.6264,-11.2516,8,a,NO,NO.
moved_solo_hit,data/videos_v3/int_2000ms/v3_2000_00707_soloa.avi,2000,1,0,-2.6368,-10.1905,-11.6264,-11.564,-10.9395,8,a,NO,NO.
moved_solo_fa,data/videos_v3/int_2000ms/v3_2000_00707_solob.avi,2000,0,0,-2.2997,-10.3543,-11.7275,-11.6028,-10.8535,8,a,NO,NO.
order_real,data/videos_v3/int_2000ms/v3_2000_00708.avi,2000,0,0,-1.1601,-9.9569,-10.2054,-11.2045,-10.8303,8,a,NO,NO.
order_rev,data/videos_v3/int_2000ms/v3_2000_00708.avi,2000,0,0,-0.4005,-7.8991,-10.5225,-11.0222,-10.897,8,a,NO,NO.
order_forced,data/videos_v3/int_2000ms/v3_2000_00708.avi,2000,0,0,0.0001,-1.2845,-1.2846,-3.6593,-8.9063,8,a,The,The cyan square moved first.
interval,data/videos_v3/int_2000ms/v3_2000_00708.avi,2000,C,A,,-1.2289,-1.308,-1.6089,-1.7289,8,a,(A,(A) Less than 1 second
order_32f,data/videos_v3/int_2000ms/v3_2000_00708.avi,2000,0,0,-1.7646,-10.0599,-10.4334,-11.4952,-10.8711,32,a,NO,NO.
moved_real,data/videos_v3/int_2000ms/v3_2000_00708.avi,2000,1,0,-1.0224,-10.2901,-11.226,-11.537,-10.9762,8,a,NO,NO.
moved_twin,data/twin_v3/v3_2000_00708.avi,2000,0,0,-2.7494,-10.1995,-11.5723,-11.5098,-10.9484,8,a,NO,NO.
still_real,data/videos_v3/int_2000ms/v3_2000_00708.avi,2000,0,0,-0.9694,-9.9579,-10.5817,-11.393,-10.7064,8,a,NO,NO.
still_twin,data/twin_v3/v3_2000_00708.avi,2000,1,1,1.7713,-10.1978,-11.2595,-11.9442,-11.4449,8,a,YES,YES.
order_twin,data/twin_v3/v3_2000_00708.avi,2000,-1,0,-1.9249,-9.9013,-10.3997,-11.0868,-10.8994,8,a,NO,NO.
moved_solo_hit,data/videos_v3/int_2000ms/v3_2000_00708_soloa.avi,2000,1,0,-0.4175,-10.0943,-11.1553,-11.4043,-10.9677,8,a,NO,NO.
moved_solo_fa,data/videos_v3/int_2000ms/v3_2000_00708_solob.avi,2000,0,0,-2.1506,-10.2454,-11.4928,-11.5549,-10.9317,8,a,NO,NO.
order_real,data/videos_v3/int_2000ms/v3_2000_00709.avi,2000,0,0,-1.0226,-9.979,-10.2903,-11.0402,-10.8525,8,b,NO,NO.
order_rev,data/videos_v3/int_2000ms/v3_2000_00709.avi,2000,0,0,-0.2914,-8.084,-10.7074,-11.0825,-10.8948,8,b,NO,NO.
order_forced,data/videos_v3/int_2000ms/v3_2000_00709.avi,2000,0,0,0.0002,-1.332,-1.3322,-3.9569,-8.8285,8,b,The,The cyan square moved first.
interval,data/videos_v3/int_2000ms/v3_2000_00709.avi,2000,C,B,,-1.4498,-1.1715,-1.5822,-1.5787,8,b,(B,(B) 1-2 seconds
order_32f,data/videos_v3/int_2000ms/v3_2000_00709.avi,2000,0,0,-1.7354,-9.9428,-10.3166,-11.1913,-10.8165,32,b,NO,NO.
moved_real,data/videos_v3/int_2000ms/v3_2000_00709.avi,2000,1,0,-0.648,-10.1337,-11.3195,-11.5065,-10.8199,8,b,NO,NO.
moved_twin,data/twin_v3/v3_2000_00709.avi,2000,0,0,-3.0435,-10.199,-11.697,-11.5102,-10.8232,8,b,NO,NO.
still_real,data/videos_v3/int_2000ms/v3_2000_00709.avi,2000,0,0,0.0009,-10.0772,-10.8265,-11.5125,-10.9504,8,b,NO,NO.
still_twin,data/twin_v3/v3_2000_00709.avi,2000,1,1,2.1362,-10.276,-11.338,-11.9604,-11.5232,8,b,YES,YES.
order_twin,data/twin_v3/v3_2000_00709.avi,2000,-1,0,-2.4859,-10.109,-10.6702,-11.1704,-11.1072,8,b,NO,NO.
moved_solo_hit,data/videos_v3/int_2000ms/v3_2000_00709_solob.avi,2000,1,1,0.5656,-10.1468,-11.3955,-11.5199,-11.0204,8,b,YES,YES.
moved_solo_fa,data/videos_v3/int_2000ms/v3_2000_00709_soloa.avi,2000,0,0,-2.4848,-10.3256,-11.6361,-11.5739,-10.9494,8,b,NO,NO.
order_real,data/videos_v3/int_2000ms/v3_2000_00710.avi,2000,1,0,-0.5496,-9.9051,-10.2163,-11.2777,-10.7781,8,a,NO,NO.
order_rev,data/videos_v3/int_2000ms/v3_2000_00710.avi,2000,1,0,-0.2319,-7.9865,-10.61,-11.297,-10.7972,8,a,NO,NO.
order_forced,data/videos_v3/int_2000ms/v3_2000_00710.avi,2000,1,1,0.3752,-1.2299,-1.6051,-7.2284,-8.8515,8,a,The,The yellow triangle moved first.
interval,data/videos_v3/int_2000ms/v3_2000_00710.avi,2000,C,B,,-1.2962,-1.1489,-1.552,-1.7928,8,a,(B,(B) 1-2 seconds
order_32f,data/videos_v3/int_2000ms/v3_2000_00710.avi,2000,1,0,0.0606,-9.8968,-10.1457,-11.5183,-10.7693,32,a,NO,NO.
moved_real,data/videos_v3/int_2000ms/v3_2000_00710.avi,2000,1,0,0.0606,-10.2691,-11.3307,-11.6413,-11.0173,8,a,NO,NO.
moved_twin,data/twin_v3/v3_2000_00710.avi,2000,0,0,-2.8092,-10.2284,-11.5391,-11.7261,-10.7275,8,a,NO,NO.
still_real,data/videos_v3/int_2000ms/v3_2000_00710.avi,2000,0,0,-0.4854,-10.0674,-10.7547,-11.5652,-10.8784,8,a,NO,NO.
still_twin,data/twin_v3/v3_2000_00710.avi,2000,1,1,2.3748,-10.3038,-11.491,-12.2378,-11.6136,8,a,YES,YES.
order_twin,data/twin_v3/v3_2000_00710.avi,2000,-1,0,-2.1747,-9.7499,-10.3108,-11.3727,-10.748,8,a,NO,NO.
moved_solo_hit,data/videos_v3/int_2000ms/v3_2000_00710_soloa.avi,2000,1,0,-0.202,-10.1564,-11.2798,-11.5287,-10.8418,8,a,NO,NO.
moved_solo_fa,data/videos_v3/int_2000ms/v3_2000_00710_solob.avi,2000,0,0,-1.689,-10.4015,-11.5246,-11.8361,-10.9004,8,a,NO,NO.
order_real,data/videos_v3/int_2000ms/v3_2000_00711.avi,2000,0,0,-0.6273,-10.034,-10.22,-11.5314,-10.7823,8,a,NO,NO.
order_rev,data/videos_v3/int_2000ms/v3_2000_00711.avi,2000,0,1,0.4557,-7.9065,-10.5299,-11.2792,-10.7795,8,a,YES,YES.
order_forced,data/videos_v3/int_2000ms/v3_2000_00711.avi,2000,0,0,-0.3748,-2.3153,-1.9405,-6.3146,-8.9359,8,a,The,The red circle moved first.
interval,data/videos_v3/int_2000ms/v3_2000_00711.avi,2000,C,B,,-1.3157,-1.1844,-1.5687,-1.5678,8,a,(B,(B) 1-2 seconds
order_32f,data/videos_v3/int_2000ms/v3_2000_00711.avi,2000,0,0,-1.0002,-10.048,-10.109,-11.6083,-10.8588,32,a,NO,NO.
moved_real,data/videos_v3/int_2000ms/v3_2000_00711.avi,2000,1,0,-1.3857,-10.2174,-11.4654,-11.7152,-10.9038,8,a,NO,NO.
moved_twin,data/twin_v3/v3_2000_00711.avi,2000,0,0,-3.2931,-10.1893,-11.7497,-11.7498,-10.9383,8,a,NO,NO.
still_real,data/videos_v3/int_2000ms/v3_2000_00711.avi,2000,0,0,-1.0204,-9.8307,-10.5799,-11.3908,-10.6417,8,a,NO,NO.
still_twin,data/twin_v3/v3_2000_00711.avi,2000,1,1,1.899,-10.1296,-11.2539,-12.0013,-11.5016,8,a,YES,YES.
order_twin,data/twin_v3/v3_2000_00711.avi,2000,-1,0,-2.2404,-10.103,-10.664,-11.6637,-11.1636,8,a,NO,NO.
moved_solo_hit,data/videos_v3/int_2000ms/v3_2000_00711_soloa.avi,2000,1,0,-1.234,-10.1888,-11.3741,-11.6864,-10.9998,8,a,NO,NO.
moved_solo_fa,data/videos_v3/int_2000ms/v3_2000_00711_solob.avi,2000,0,0,-1.9844,-10.2476,-11.6829,-11.7457,-10.9341,8,a,NO,NO.
order_real,data/videos_v3/int_2000ms/v3_2000_00712.avi,2000,1,0,-1.3454,-10.0871,-10.4603,-11.5224,-11.0225,8,a,NO,NO.
order_rev,data/videos_v3/int_2000ms/v3_2000_00712.avi,2000,1,1,0.4231,-8.1725,-10.8583,-11.3579,-11.0452,8,a,YES,YES.
order_forced,data/videos_v3/int_2000ms/v3_2000_00712.avi,2000,1,1,0.2503,-1.4562,-1.7065,-6.0802,-9.4498,8,a,The,The red triangle moved first.
interval,data/videos_v3/int_2000ms/v3_2000_00712.avi,2000,C,B,,-1.5202,-1.1348,-1.5253,-1.5229,8,a,(B,(B) 1-2 seconds
order_32f,data/videos_v3/int_2000ms/v3_2000_00712.avi,2000,1,0,-0.7485,-9.9602,-10.2088,-11.5204,-10.8335,32,a,NO,NO.
moved_real,data/videos_v3/int_2000ms/v3_2000_00712.avi,2000,1,0,-2.4873,-10.5491,-11.86,-11.7972,-11.111,8,a,NO,NO.
moved_twin,data/twin_v3/v3_2000_00712.avi,2000,0,0,-2.7211,-10.4816,-11.8545,-11.7299,-11.0434,8,a,NO,NO.
still_real,data/videos_v3/int_2000ms/v3_2000_00712.avi,2000,0,0,-0.3304,-10.1606,-10.91,-11.6577,-11.0335,8,a,NO,NO.
still_twin,data/twin_v3/v3_2000_00712.avi,2000,1,1,2.034,-10.4865,-11.6106,-12.1705,-11.6713,8,a,YES,YES.
order_twin,data/twin_v3/v3_2000_00712.avi,2000,-1,0,-2.1156,-10.1149,-10.6133,-11.6129,-11.1754,8,a,NO,NO.
moved_solo_hit,data/videos_v3/int_2000ms/v3_2000_00712_soloa.avi,2000,1,0,-2.7198,-10.4478,-11.8208,-11.6959,-11.0718,8,a,NO,NO.
moved_solo_fa,data/videos_v3/int_2000ms/v3_2000_00712_solob.avi,2000,0,0,-2.4988,-10.5601,-11.8706,-11.8084,-11.1842,8,a,NO,NO.
order_real,data/videos_v3/int_2000ms/v3_2000_00713.avi,2000,0,0,-1.8605,-10.0461,-10.545,-11.6062,-11.107,8,a,NO,NO.
order_rev,data/videos_v3/int_2000ms/v3_2000_00713.avi,2000,0,0,-0.689,-8.0172,-10.5159,-11.3273,-10.7654,8,a,NO,NO.
order_forced,data/videos_v3/int_2000ms/v3_2000_00713.avi,2000,0,1,0.0003,-1.4505,-1.4508,-5.1996,-8.6956,8,a,The,The yellow square moved first.
interval,data/videos_v3/int_2000ms/v3_2000_00713.avi,2000,C,A,,-1.3583,-1.322,-1.6157,-1.4789,8,a,(A,(A) Less than 1 second
order_32f,data/videos_v3/int_2000ms/v3_2000_00713.avi,2000,0,0,-2.4909,-9.8979,-10.4589,-11.5831,-10.8966,32,a,NO,NO.
moved_real,data/videos_v3/int_2000ms/v3_2000_00713.avi,2000,1,0,-2.8902,-10.0834,-11.5187,-11.5184,-10.7076,8,a,NO,NO.
moved_twin,data/twin_v3/v3_2000_00713.avi,2000,0,0,-2.6668,-10.2208,-11.5939,-11.5312,-10.7824,8,a,NO,NO.
still_real,data/videos_v3/int_2000ms/v3_2000_00713.avi,2000,0,1,0.7984,-10.0044,-10.9414,-11.8138,-11.1272,8,a,YES,YES.
still_twin,data/twin_v3/v3_2000_00713.avi,2000,1,1,1.6553,-10.091,-11.2778,-11.9631,-11.463,8,a,YES,YES.
order_twin,data/twin_v3/v3_2000_00713.avi,2000,-1,0,-2.1157,-10.0537,-10.6147,-11.6137,-11.1766,8,a,NO,NO.
moved_solo_hit,data/videos_v3/int_2000ms/v3_2000_00713_soloa.avi,2000,1,0,-2.6402,-10.3474,-11.6581,-11.5953,-10.8466,8,a,NO,NO.
moved_solo_fa,data/videos_v3/int_2000ms/v3_2000_00713_solob.avi,2000,0,0,-3.0419,-10.0777,-11.5752,-11.5746,-10.7019,8,a,NO,NO.
order_real,data/videos_v3/int_2000ms/v3_2000_00714.avi,2000,0,0,-0.8867,-10.056,-10.0541,-11.0545,-10.7423,8,b,NO,NO.
order_rev,data/videos_v3/int_2000ms/v3_2000_00714.avi,2000,0,0,0.0466,-7.6561,-10.4668,-11.0913,-10.8414,8,b,NO,NO.
order_forced,data/videos_v3/int_2000ms/v3_2000_00714.avi,2000,0,1,-0.4995,-2.5233,-2.0238,-5.398,-9.643,8,b,The,The blue triangle moved first.
interval,data/videos_v3/int_2000ms/v3_2000_00714.avi,2000,C,B,,-1.6052,-0.9763,-1.3579,-1.8579,8,b,(B,(B) 1-2 seconds
order_32f,data/videos_v3/int_2000ms/v3_2000_00714.avi,2000,0,0,-0.5503,-10.2152,-10.0879,-11.1508,-10.7763,32,b,NO,NO.
moved_real,data/videos_v3/int_2000ms/v3_2000_00714.avi,2000,1,0,-1.2993,-10.1232,-11.0582,-11.683,-10.8096,8,b,NO,NO.
moved_twin,data/twin_v3/v3_2000_00714.avi,2000,0,0,-2.9857,-10.3223,-11.5074,-11.758,-10.9467,8,b,NO,NO.
still_real,data/videos_v3/int_2000ms/v3_2000_00714.avi,2000,0,1,0.4115,-10.1766,-10.863,-11.7976,-10.987,8,b,YES,YES.
still_twin,data/twin_v3/v3_2000_00714.avi,2000,1,1,2.6136,-10.5964,-11.6576,-12.3421,-11.843,8,b,YES,YES.
order_twin,data/twin_v3/v3_2000_00714.avi,2000,-1,0,-1.9194,-9.9139,-10.2248,-11.0375,-10.8495,8,b,NO,NO.
moved_solo_hit,data/videos_v3/int_2000ms/v3_2000_00714_solob.avi,2000,1,0,-1.2612,-10.1803,-11.1153,-11.6151,-10.8665,8,b,NO,NO.
moved_solo_fa,data/videos_v3/int_2000ms/v3_2000_00714_soloa.avi,2000,0,0,-2.2613,-10.2784,-11.4009,-11.7141,-10.9025,8,b,NO,NO.
order_real,data/videos_v3/int_2000ms/v3_2000_00715.avi,2000,1,0,-1.1372,-9.8023,-10.1757,-11.3625,-10.8,8,b,NO,NO.
order_rev,data/videos_v3/int_2000ms/v3_2000_00715.avi,2000,1,0,-0.8328,-7.9066,-10.5301,-11.4041,-10.8418,8,b,NO,NO.
order_forced,data/videos_v3/int_2000ms/v3_2000_00715.avi,2000,1,1,0.3754,-1.6009,-1.9763,-6.3495,-8.7205,8,b,The,The red circle moved first.
interval,data/videos_v3/int_2000ms/v3_2000_00715.avi,2000,C,B,,-1.3702,-1.1086,-1.5008,-1.7452,8,b,(B,(B) 1-2 seconds
order_32f,data/videos_v3/int_2000ms/v3_2000_00715.avi,2000,1,0,-1.3004,-9.8174,-10.1905,-11.5646,-10.8154,32,b,NO,NO.
moved_real,data/videos_v3/int_2000ms/v3_2000_00715.avi,2000,1,0,-0.6571,-9.9632,-10.9619,-11.2739,-10.6493,8,b,NO,NO.
moved_twin,data/twin_v3/v3_2000_00715.avi,2000,0,0,-2.5638,-10.1623,-11.4105,-11.4106,-10.8489,8,b,NO,NO.
still_real,data/videos_v3/int_2000ms/v3_2000_00715.avi,2000,0,1,0.3335,-9.9615,-10.7112,-11.5215,-10.897,8,b,YES,YES.
still_twin,data/twin_v3/v3_2000_00715.avi,2000,1,1,1.4233,-10.097,-11.0965,-11.7812,-11.2819,8,b,YES,YES.
order_twin,data/twin_v3/v3_2000_00715.avi,2000,-1,0,-2.2623,-9.8134,-10.3741,-11.2486,-10.8737,8,b,NO,NO.
moved_solo_hit,data/videos_v3/int_2000ms/v3_2000_00715_solob.avi,2000,1,0,-1.0026,-9.9212,-10.9819,-11.2316,-10.6074,8,b,NO,NO.
moved_solo_fa,data/videos_v3/int_2000ms/v3_2000_00715_soloa.avi,2000,0,0,-1.6279,-10.1018,-11.1001,-11.2249,-10.7258,8,b,NO,NO.
order_real,data/videos_v3/int_2000ms/v3_2000_00716.avi,2000,1,0,-0.9987,-9.8255,-10.1988,-11.3234,-10.8236,8,b,NO,NO.
order_rev,data/videos_v3/int_2000ms/v3_2000_00716.avi,2000,1,0,0.0596,-7.6259,-10.4994,-11.2488,-10.8111,8,b,NO,NO.
order_forced,data/videos_v3/int_2000ms/v3_2000_00716.avi,2000,1,1,-0.1245,-1.6195,-1.495,-6.492,-7.988,8,b,The,The blue square moved first.
interval,data/videos_v3/int_2000ms/v3_2000_00716.avi,2000,C,B,,-1.602,-1.0853,-1.4851,-1.605,8,b,(B,(B) 1-2 seconds
order_32f,data/videos_v3/int_2000ms/v3_2000_00716.avi,2000,1,0,-1.49,-9.8323,-10.2056,-11.4554,-10.7682,32,b,NO,NO.
moved_real,data/videos_v3/int_2000ms/v3_2000_00716.avi,2000,1,0,-2.124,-10.1861,-11.371,-11.5591,-10.6854,8,b,NO,NO.
moved_twin,data/twin_v3/v3_2000_00716.avi,2000,0,0,-3.1108,-10.0723,-11.444,-11.4453,-10.6341,8,b,NO,NO.
still_real,data/videos_v3/int_2000ms/v3_2000_00716.avi,2000,0,1,0.2243,-10.0076,-10.8816,-11.6295,-10.9429,8,b,YES,YES.
still_twin,data/twin_v3/v3_2000_00716.avi,2000,1,1,2.2599,-10.2522,-11.3139,-11.9982,-11.4366,8,b,YES,YES.
order_twin,data/twin_v3/v3_2000_00716.avi,2000,-1,0,-2.0257,-9.7647,-10.3259,-11.2631,-10.7631,8,b,NO,NO.
moved_solo_hit,data/videos_v3/int_2000ms/v3_2000_00716_solob.avi,2000,1,0,-1.9857,-10.3422,-11.4024,-11.5902,-10.8414,8,b,NO,NO.
moved_solo_fa,data/videos_v3/int_2000ms/v3_2000_00716_soloa.avi,2000,0,0,-3.0259,-10.1846,-11.432,-11.4954,-10.6216,8,b,NO,NO.
order_real,data/videos_v3/int_2000ms/v3_2000_00717.avi,2000,1,0,-0.3892,-10.043,-10.0423,-11.6022,-10.8537,8,a,NO,NO.
order_rev,data/videos_v3/int_2000ms/v3_2000_00717.avi,2000,1,0,-0.2909,-7.8348,-10.4579,-11.5818,-10.8949,8,a,NO,NO.
order_forced,data/videos_v3/int_2000ms/v3_2000_00717.avi,2000,1,1,-0.6247,-2.3543,-1.7296,-7.7279,-8.9748,8,a,The,The yellow triangle moved first.
interval,data/videos_v3/int_2000ms/v3_2000_00717.avi,2000,C,B,,-1.2556,-1.0,-1.5075,-2.1316,8,a,(B,(B) 1-2 seconds
order_32f,data/videos_v3/int_2000ms/v3_2000_00717.avi,2000,1,0,-0.4763,-10.2096,-10.2084,-11.8934,-10.9583,32,a,NO,NO.
moved_real,data/videos_v3/int_2000ms/v3_2000_00717.avi,2000,1,1,1.168,-10.2907,-11.1643,-11.9114,-11.1011,8,a,YES,YES.
moved_twin,data/twin_v3/v3_2000_00717.avi,2000,0,0,-1.7033,-10.2288,-11.1644,-11.6636,-10.6652,8,a,NO,NO.
still_real,data/videos_v3/int_2000ms/v3_2000_00717.avi,2000,0,0,-1.2716,-10.2234,-10.5975,-11.5958,-10.7844,8,a,NO,NO.
still_twin,data/twin_v3/v3_2000_00717.avi,2000,1,1,2.3748,-10.3748,-11.3111,-12.1833,-11.4971,8,a,YES,YES.
order_twin,data/twin_v3/v3_2000_00717.avi,2000,-1,0,-2.2724,-10.0363,-10.2849,-11.6589,-10.8473,8,a,NO,NO.
moved_solo_hit,data/videos_v3/int_2000ms/v3_2000_00717_soloa.avi,2000,1,1,0.4168,-10.2127,-11.0861,-11.8336,-10.961,8,a,YES,YES.
moved_solo_fa,data/videos_v3/int_2000ms/v3_2000_00717_solob.avi,2000,0,0,-1.0493,-10.1843,-10.9326,-11.6808,-10.7453,8,a,NO,NO.
order_real,data/videos_v3/int_2000ms/v3_2000_00718.avi,2000,1,0,-1.1663,-10.047,-10.358,-11.4195,-10.8579,8,b,NO,NO.
order_rev,data/videos_v3/int_2000ms/v3_2000_00718.avi,2000,1,0,-0.2911,-7.9594,-10.5832,-11.3946,-10.8949,8,b,NO,NO.
order_forced,data/videos_v3/int_2000ms/v3_2000_00718.avi,2000,1,1,0.1254,-1.4906,-1.616,-5.6148,-8.7347,8,b,The,The yellow circle moved first.
interval,data/videos_v3/int_2000ms/v3_2000_00718.avi,2000,C,B,,-1.3051,-1.1646,-1.5591,-1.6801,8,b,(B,(B) 1-2 seconds
order_32f,data/videos_v3/int_2000ms/v3_2000_00718.avi,2000,1,0,-2.126,-9.9116,-10.3476,-11.5342,-10.7226,32,b,NO,NO.
moved_real,data/videos_v3/int_2000ms/v3_2000_00718.avi,2000,1,0,-0.4322,-10.1221,-11.1204,-11.4315,-10.6834,8,b,NO,NO.
moved_twin,data/twin_v3/v3_2000_00718.avi,2000,0,0,-2.6843,-10.3594,-11.6703,-11.5453,-10.8588,8,b,NO,NO.
still_real,data/videos_v3/int_2000ms/v3_2000_00718.avi,2000,0,0,-0.3281,-10.1295,-10.7542,-11.6266,-10.9403,8,b,NO,NO.
still_twin,data/twin_v3/v3_2000_00718.avi,2000,1,1,2.3962,-10.4376,-11.4376,-12.1217,-11.6221,8,b,YES,YES.
order_twin,data/twin_v3/v3_2000_00718.avi,2000,-1,0,-3.0034,-9.9681,-10.6541,-11.5283,-11.0288,8,b,NO,NO.
moved_solo_hit,data/videos_v3/int_2000ms/v3_2000_00718_solob.avi,2000,1,0,-1.4405,-10.2393,-11.3002,-11.4246,-10.7386,8,b,NO,NO.
moved_solo_fa,data/videos_v3/int_2000ms/v3_2000_00718_soloa.avi,2000,0,0,-2.4407,-10.3587,-11.607,-11.5443,-10.7955,8,b,NO,NO.
order_real,data/videos_v3/int_2000ms/v3_2000_00719.avi,2000,1,0,-2.0445,-10.1041,-10.6653,-11.4773,-11.2273,8,b,NO,NO.
order_rev,data/videos_v3/int_2000ms/v3_2000_00719.avi,2000,1,0,-1.5354,-7.942,-10.6281,-11.1902,-10.94,8,b,NO,NO.
order_forced,data/videos_v3/int_2000ms/v3_2000_00719.avi,2000,1,1,0.2501,-1.2188,-1.4689,-3.9685,-8.8406,8,b,The,The cyan circle moved first.
interval,data/videos_v3/int_2000ms/v3_2000_00719.avi,2000,C,A,,-1.2943,-1.3942,-1.6759,-1.4194,8,b,(A,(A) Less than 1 second
order_32f,data/videos_v3/int_2000ms/v3_2000_00719.avi,2000,1,0,-2.7036,-9.967,-10.7155,-11.4656,-11.0905,32,b,NO,NO.
moved_real,data/videos_v3/int_2000ms/v3_2000_00719.avi,2000,1,0,-3.1028,-10.3811,-11.8169,-11.13,-11.2552,8,b,NO,NO.
moved_twin,data/twin_v3/v3_2000_00719.avi,2000,0,0,-3.1368,-10.2658,-11.7015,-10.8899,-11.015,8,b,NO,NO.
still_real,data/videos_v3/int_2000ms/v3_2000_00719.avi,2000,0,1,0.8013,-10.1143,-11.1136,-11.7995,-11.3624,8,b,YES,YES.
still_twin,data/twin_v3/v3_2000_00719.avi,2000,1,1,1.4205,-10.1952,-11.2571,-11.9426,-11.5056,8,b,YES,YES.
order_twin,data/twin_v3/v3_2000_00719.avi,2000,-1,0,-2.3737,-10.0716,-10.7575,-11.4449,-11.2571,8,b,NO,NO.
moved_solo_hit,data/videos_v3/int_2000ms/v3_2000_00719_solob.avi,2000,1,0,-2.9878,-10.3967,-11.8324,-11.0207,-11.146,8,b,NO,NO.
moved_solo_fa,data/videos_v3/int_2000ms/v3_2000_00719_soloa.avi,2000,0,0,-3.2276,-10.3754,-11.8113,-11.1243,-11.1248,8,b,NO,NO.
order_real,data/videos_v3/int_2000ms/v3_2000_00720.avi,2000,1,0,-1.6394,-10.2035,-10.5147,-11.5137,-11.0766,8,b,NO,NO.
order_rev,data/videos_v3/int_2000ms/v3_2000_00720.avi,2000,1,0,-0.5712,-7.959,-10.645,-11.3316,-10.8942,8,b,NO,NO.
order_forced,data/videos_v3/int_2000ms/v3_2000_00720.avi,2000,1,1,0.0003,-1.382,-1.3823,-6.0059,-9.1264,8,b,The,The yellow triangle moved first.
interval,data/videos_v3/int_2000ms/v3_2000_00720.avi,2000,C,B,,-1.3929,-1.2546,-1.6494,-1.3994,8,b,(B,(B) 1-2 seconds
order_real,data/videos_v3/int_2000ms/v3_2000_00721.avi,2000,1,0,-1.6239,-10.0036,-10.502,-11.3143,-11.0019,8,a,NO,NO.
order_rev,data/videos_v3/int_2000ms/v3_2000_00721.avi,2000,1,0,-0.3316,-8.1499,-10.5861,-11.0232,-10.8978,8,a,NO,NO.
order_forced,data/videos_v3/int_2000ms/v3_2000_00721.avi,2000,1,1,0.3751,-1.2972,-1.6723,-5.1717,-9.0422,8,a,The,The magenta triangle moved first.
interval,data/videos_v3/int_2000ms/v3_2000_00721.avi,2000,C,A,,-1.3014,-1.2817,-1.5541,-1.5514,8,a,(A,(A) Less than 1 second
order_real,data/videos_v3/int_2000ms/v3_2000_00722.avi,2000,1,0,-0.5227,-9.8867,-10.1356,-11.3844,-10.8847,8,a,NO,NO.
order_rev,data/videos_v3/int_2000ms/v3_2000_00722.avi,2000,1,0,-0.7911,-7.7766,-10.4627,-11.2748,-10.8371,8,a,NO,NO.
order_forced,data/videos_v3/int_2000ms/v3_2000_00722.avi,2000,1,1,0.2501,-1.4628,-1.7129,-6.0866,-8.9578,8,a,The,The red circle moved first.
interval,data/videos_v3/int_2000ms/v3_2000_00722.avi,2000,C,B,,-1.3988,-1.2452,-1.5296,-1.5203,8,a,(B,(B) 1-2 seconds
order_real,data/videos_v3/int_2000ms/v3_2000_00723.avi,2000,0,0,-1.9005,-9.963,-10.3364,-11.4608,-10.774,8,a,NO,NO.
order_rev,data/videos_v3/int_2000ms/v3_2000_00723.avi,2000,0,0,-1.0591,-7.8443,-10.4678,-11.2177,-10.7177,8,a,NO,NO.
order_forced,data/videos_v3/int_2000ms/v3_2000_00723.avi,2000,0,1,0.0001,-1.3367,-1.3368,-5.8359,-8.9587,8,a,The,The yellow circle moved first.
interval,data/videos_v3/int_2000ms/v3_2000_00723.avi,2000,C,A,,-1.3593,-1.3271,-1.4908,-1.4843,8,a,(A,(A) Less than 1 second
order_real,data/videos_v3/int_2000ms/v3_2000_00724.avi,2000,0,0,-1.5222,-10.0724,-10.2586,-11.5693,-10.821,8,a,NO,NO.
order_rev,data/videos_v3/int_2000ms/v3_2000_00724.avi,2000,0,0,-0.8085,-7.6628,-10.5362,-11.5351,-10.8484,8,a,NO,NO.
order_forced,data/videos_v3/int_2000ms/v3_2000_00724.avi,2000,0,1,0.1257,-2.3551,-2.4808,-7.2269,-9.5968,8,a,The,The yellow circle moved first.
interval,data/videos_v3/int_2000ms/v3_2000_00724.avi,2000,C,B,,-1.4301,-1.0507,-1.434,-1.8073,8,a,(B,(B) 1-2 seconds
order_real,data/videos_v3/int_2000ms/v3_2000_00725.avi,2000,0,0,-1.2193,-10.0813,-10.3923,-11.5792,-11.0169,8,a,NO,NO.
order_rev,data/videos_v3/int_2000ms/v3_2000_00725.avi,2000,0,0,-0.1576,-8.0363,-10.6596,-11.3467,-10.8467,8,a,NO,NO.
order_forced,data/videos_v3/int_2000ms/v3_2000_00725.avi,2000,0,0,-0.1248,-1.4738,-1.349,-5.723,-9.3419,8,a,The,The green circle moved first.
interval,data/videos_v3/int_2000ms/v3_2000_00725.avi,2000,C,B,,-1.4334,-1.1636,-1.5611,-1.5584,8,a,(B,(B) 1-2 seconds
order_real,data/videos_v3/int_2000ms/v3_2000_00726.avi,2000,0,0,-1.2193,-10.0805,-10.204,-11.5161,-10.8916,8,a,NO,NO.
order_rev,data/videos_v3/int_2000ms/v3_2000_00726.avi,2000,0,0,-0.6361,-7.9202,-10.5437,-11.4806,-10.8558,8,a,NO,NO.
order_forced,data/videos_v3/int_2000ms/v3_2000_00726.avi,2000,0,1,-0.3746,-1.8857,-1.5111,-7.509,-9.1295,8,a,The,The blue triangle moved first.
interval,data/videos_v3/int_2000ms/v3_2000_00726.avi,2000,C,B,,-1.4372,-1.181,-1.4403,-1.5634,8,a,(B,(B) 1-2 seconds
order_real,data/videos_v3/int_2000ms/v3_2000_00727.avi,2000,0,0,-1.7195,-10.1111,-10.5471,-11.5468,-11.2343,8,a,NO,NO.
order_rev,data/videos_v3/int_2000ms/v3_2000_00727.avi,2000,0,0,-0.077,-8.0271,-10.6506,-11.2753,-11.0248,8,a,NO,NO.
order_forced,data/videos_v3/int_2000ms/v3_2000_00727.avi,2000,0,0,-0.2498,-1.3994,-1.1496,-5.7735,-9.1434,8,a,The,The green circle moved first.
interval,data/videos_v3/int_2000ms/v3_2000_00727.avi,2000,C,B,,-1.4004,-1.2471,-1.5328,-1.5254,8,a,(B,(B) 1-2 seconds
order_real,data/videos_v3/int_2000ms/v3_2000_00728.avi,2000,1,0,-1.0654,-10.135,-10.5087,-11.6949,-11.1956,8,b,NO,NO.
order_rev,data/videos_v3/int_2000ms/v3_2000_00728.avi,2000,1,0,-1.0496,-7.9365,-10.6226,-11.4968,-11.0594,8,b,NO,NO.
order_forced,data/videos_v3/int_2000ms/v3_2000_00728.avi,2000,1,1,0.1251,-1.0018,-1.1269,-5.6266,-9.0011,8,b,A,A
interval,data/videos_v3/int_2000ms/v3_2000_00728.avi,2000,C,A,,-1.0636,-1.4102,-1.6959,-1.6925,8,b,(A,(A) Less than 1 second
order_real,data/videos_v3/int_2000ms/v3_2000_00729.avi,2000,1,0,-0.6103,-10.0843,-10.6455,-11.5199,-11.1449,8,b,NO,NO.
order_rev,data/videos_v3/int_2000ms/v3_2000_00729.avi,2000,1,0,-0.6394,-8.3245,-10.8235,-11.448,-11.073,8,b,NO,NO.
order_forced,data/videos_v3/int_2000ms/v3_2000_00729.avi,2000,1,1,-0.1249,-1.4814,-1.3565,-6.7308,-8.9795,8,b,The,The red square moved first.
interval,data/videos_v3/int_2000ms/v3_2000_00729.avi,2000,C,A,,-1.0708,-1.2924,-1.6997,-1.8208,8,b,(A,(A) Less than 1 second
order_real,data/videos_v3/int_2000ms/v3_2000_00730.avi,2000,1,0,-1.1571,-9.8818,-10.2555,-11.0678,-10.7551,8,a,NO,NO.
order_rev,data/videos_v3/int_2000ms/v3_2000_00730.avi,2000,1,0,-0.9268,-7.8992,-10.5851,-11.0847,-10.772,8,a,NO,NO.
order_forced,data/videos_v3/int_2000ms/v3_2000_00730.avi,2000,1,1,0.0004,-1.82,-1.8204,-5.3194,-8.5662,8,a,The,The red triangle moved first.
interval,data/videos_v3/int_2000ms/v3_2000_00730.avi,2000,C,B,,-1.5242,-1.1376,-1.4063,-1.6532,8,a,(B,(B) 1-2 seconds
order_real,data/videos_v3/int_2000ms/v3_2000_00731.avi,2000,1,0,-0.791,-9.9638,-10.2125,-11.3992,-10.8367,8,b,NO,NO.
order_rev,data/videos_v3/int_2000ms/v3_2000_00731.avi,2000,1,0,-0.4568,-7.9774,-10.5382,-11.2874,-10.7874,8,b,NO,NO.
order_forced,data/videos_v3/int_2000ms/v3_2000_00731.avi,2000,1,1,-0.2496,-1.6523,-1.4027,-7.0248,-8.8969,8,b,The,The blue triangle moved first.
interval,data/videos_v3/int_2000ms/v3_2000_00731.avi,2000,C,B,,-1.506,-1.2385,-1.3874,-1.506,8,b,(B,(B) 1-2 seconds
order_real,data/videos_v3/int_2000ms/v3_2000_00732.avi,2000,1,0,-1.5354,-10.0677,-10.5036,-11.5653,-11.1904,8,b,NO,NO.
order_rev,data/videos_v3/int_2000ms/v3_2000_00732.avi,2000,1,0,-0.7011,-8.242,-10.6152,-11.3018,-10.9269,8,b,NO,NO.
order_forced,data/videos_v3/int_2000ms/v3_2000_00732.avi,2000,1,0,-0.2498,-1.3506,-1.1008,-5.4751,-8.598,8,b,The,The yellow circle moved first.
interval,data/videos_v3/int_2000ms/v3_2000_00732.avi,2000,C,A,,-1.2714,-1.3775,-1.6556,-1.4029,8,b,(A,(A) Less than 1 second
order_real,data/videos_v3/int_2000ms/v3_2000_00733.avi,2000,1,0,-2.9771,-9.8873,-10.5112,-11.1364,-10.8236,8,a,NO,NO.
order_rev,data/videos_v3/int_2000ms/v3_2000_00733.avi,2000,1,0,-1.3894,-7.8759,-10.4996,-11.1241,-10.7489,8,a,NO,NO.
order_forced,data/videos_v3/int_2000ms/v3_2000_00733.avi,2000,1,0,0.1256,-1.8966,-2.0222,-4.5209,-8.7657,8,a,The,The cyan triangle moved first.
interval,data/videos_v3/int_2000ms/v3_2000_00733.avi,2000,C,B,,-1.4492,-1.1738,-1.5793,-1.5742,8,a,(B,(B) 1-2 seconds
order_real,data/videos_v3/int_2000ms/v3_2000_00734.avi,2000,0,0,-1.8863,-10.0118,-10.1978,-11.5722,-10.9477,8,b,NO,NO.
order_rev,data/videos_v3/int_2000ms/v3_2000_00734.avi,2000,0,0,-1.3318,-7.8438,-10.4049,-11.4042,-10.7797,8,b,NO,NO.
order_forced,data/videos_v3/int_2000ms/v3_2000_00734.avi,2000,0,0,-0.3749,-1.2105,-0.8356,-7.2094,-8.9587,8,b,B,B
interval,data/videos_v3/int_2000ms/v3_2000_00734.avi,2000,C,A,,-1.1738,-1.4156,-1.8028,-1.3044,8,b,(A,(A) Less than 1 second
order_real,data/videos_v3/int_2000ms/v3_2000_00735.avi,2000,1,0,-0.5143,-9.9326,-9.9939,-11.4302,-10.7437,8,b,NO,NO.
order_rev,data/videos_v3/int_2000ms/v3_2000_00735.avi,2000,1,0,-0.4069,-7.6806,-10.3036,-11.3029,-10.6785,8,b,NO,NO.
order_forced,data/videos_v3/int_2000ms/v3_2000_00735.avi,2000,1,1,-0.2496,-2.3015,-2.0519,-8.0494,-9.4199,8,b,The,The magenta triangle moved first.
interval,data/videos_v3/int_2000ms/v3_2000_00735.avi,2000,C,B,,-1.5015,-0.9951,-1.5059,-1.7559,8,b,(B,(B) 1-2 seconds
order_real,data/videos_v3/int_2000ms/v3_2000_00736.avi,2000,1,0,-2.7199,-9.9492,-10.5725,-11.5101,-11.2598,8,b,NO,NO.
order_rev,data/videos_v3/int_2000ms/v3_2000_00736.avi,2000,1,0,-0.9197,-7.946,-10.5071,-11.1941,-10.8191,8,b,NO,NO.
order_forced,data/videos_v3/int_2000ms/v3_2000_00736.avi,2000,1,0,0.0001,-1.222,-1.2221,-5.9712,-9.2183,8,b,The,The green circle moved first.
interval,data/videos_v3/int_2000ms/v3_2000_00736.avi,2000,C,B,,-1.4107,-1.2587,-1.545,-1.5357,8,b,(B,(B) 1-2 seconds
order_real,data/videos_v3/int_2000ms/v3_2000_00737.avi,2000,1,0,-2.0325,-9.7944,-10.3552,-11.292,-10.7928,8,a,NO,NO.
order_rev,data/videos_v3/int_2000ms/v3_2000_00737.avi,2000,1,0,-1.0768,-7.6683,-10.5416,-11.2288,-10.7286,8,a,NO,NO.
order_forced,data/videos_v3/int_2000ms/v3_2000_00737.avi,2000,1,1,0.2502,-1.2634,-1.5136,-6.8865,-8.6338,8,a,The,The yellow square moved first.
interval,data/videos_v3/int_2000ms/v3_2000_00737.avi,2000,C,B,,-1.446,-1.1737,-1.5768,-1.571,8,a,(B,(B) 1-2 seconds
order_real,data/videos_v3/int_2000ms/v3_2000_00738.avi,2000,1,0,-1.666,-10.1361,-10.4475,-11.6339,-10.9471,8,b,NO,NO.
order_rev,data/videos_v3/int_2000ms/v3_2000_00738.avi,2000,1,0,-0.6836,-8.2032,-10.577,-11.3885,-10.8263,8,b,NO,NO.
order_forced,data/videos_v3/int_2000ms/v3_2000_00738.avi,2000,1,1,-0.2498,-1.6429,-1.3931,-6.3919,-8.5154,8,b,The,The yellow circle moved first.
interval,data/videos_v3/int_2000ms/v3_2000_00738.avi,2000,C,B,,-1.4012,-1.2667,-1.5286,-1.4036,8,b,(B,(B) 1-2 seconds
order_real,data/videos_v3/int_2000ms/v3_2000_00739.avi,2000,1,0,-2.0779,-9.9566,-10.3928,-11.455,-10.8925,8,b,NO,NO.
order_rev,data/videos_v3/int_2000ms/v3_2000_00739.avi,2000,1,0,-0.7643,-7.9085,-10.5946,-11.5316,-10.7816,8,b,NO,NO.
order_forced,data/videos_v3/int_2000ms/v3_2000_00739.avi,2000,1,1,-0.2497,-1.7956,-1.5459,-8.043,-9.0404,8,b,The,The magenta triangle moved first.
interval,data/videos_v3/int_2000ms/v3_2000_00739.avi,2000,C,B,,-1.4223,-1.1568,-1.5494,-1.5473,8,b,(B,(B) 1-2 seconds
order_real,data/videos_v3/int_2000ms/v3_2000_00740.avi,2000,0,0,-2.3604,-10.1147,-10.6132,-11.7379,-11.1132,8,a,NO,NO.
order_rev,data/videos_v3/int_2000ms/v3_2000_00740.avi,2000,0,0,-1.2853,-8.116,-10.5519,-11.3641,-10.8018,8,a,NO,NO.
order_forced,data/videos_v3/int_2000ms/v3_2000_00740.avi,2000,0,1,-0.3749,-1.4995,-1.1246,-6.3738,-8.6221,8,a,The,The magenta circle moved first.
interval,data/videos_v3/int_2000ms/v3_2000_00740.avi,2000,C,B,,-1.4628,-1.3287,-1.4672,-1.3409,8,a,(B,(B) 1-2 seconds
order_real,data/videos_v3/int_2000ms/v3_2000_00741.avi,2000,0,0,-0.9191,-9.9444,-10.2558,-11.255,-11.005,8,b,NO,NO.
order_rev,data/videos_v3/int_2000ms/v3_2000_00741.avi,2000,0,0,-0.7911,-7.9016,-10.463,-11.0875,-10.7127,8,b,NO,NO.
order_forced,data/videos_v3/int_2000ms/v3_2000_00741.avi,2000,0,1,0.2501,-1.4043,-1.6544,-3.9041,-9.0271,8,b,The,The cyan circle moved first.
interval,data/videos_v3/int_2000ms/v3_2000_00741.avi,2000,C,A,,-1.2815,-1.2531,-1.5388,-1.6521,8,b,(A,(A) Less than 1 second
order_real,data/videos_v3/int_2000ms/v3_2000_00742.avi,2000,0,0,-2.2355,-10.1262,-10.7499,-11.8122,-11.3747,8,a,NO,NO.
order_rev,data/videos_v3/int_2000ms/v3_2000_00742.avi,2000,0,0,-1.1696,-7.8798,-10.566,-11.3784,-11.0031,8,a,NO,NO.
order_forced,data/videos_v3/int_2000ms/v3_2000_00742.avi,2000,0,1,-0.125,-1.303,-1.178,-6.4275,-9.1764,8,a,The,The magenta square moved first.
interval,data/videos_v3/int_2000ms/v3_2000_00742.avi,2000,C,A,,-1.1504,-1.3595,-1.6548,-1.7704,8,a,(A,(A) Less than 1 second
order_real,data/videos_v3/int_2000ms/v3_2000_00743.avi,2000,1,0,-1.0351,-9.8016,-10.1125,-11.2995,-10.7374,8,a,NO,NO.
order_rev,data/videos_v3/int_2000ms/v3_2000_00743.avi,2000,1,0,-0.6745,-7.6738,-10.2972,-11.1096,-10.6719,8,a,NO,NO.
order_forced,data/videos_v3/int_2000ms/v3_2000_00743.avi,2000,1,1,0.0004,-1.6585,-1.6589,-6.0323,-8.4027,8,a,The,The magenta circle moved first.
interval,data/videos_v3/int_2000ms/v3_2000_00743.avi,2000,C,B,,-1.4887,-1.1046,-1.4918,-1.6137,8,a,(B,(B) 1-2 seconds
order_real,data/videos_v3/int_2000ms/v3_2000_00744.avi,2000,1,0,-1.7995,-9.916,-10.2273,-10.9771,-10.852,8,a,NO,NO.
order_rev,data/videos_v3/int_2000ms/v3_2000_00744.avi,2000,1,0,-0.9192,-7.696,-10.4446,-11.1318,-10.8187,8,a,NO,NO.
order_forced,data/videos_v3/int_2000ms/v3_2000_00744.avi,2000,1,0,0.0004,-1.5825,-1.5829,-5.0819,-8.578,8,a,The,The magenta triangle moved first.
interval,data/videos_v3/int_2000ms/v3_2000_00744.avi,2000,C,B,,-1.6511,-1.138,-1.4091,-1.5285,8,a,(B,(B) 1-2 seconds
order_real,data/videos_v3/int_2000ms/v3_2000_00745.avi,2000,1,0,-1.6604,-9.7357,-10.1715,-11.1713,-10.8586,8,a,NO,NO.
order_rev,data/videos_v3/int_2000ms/v3_2000_00745.avi,2000,1,0,-0.4454,-7.8439,-10.5299,-11.2168,-10.9042,8,a,NO,NO.
order_forced,data/videos_v3/int_2000ms/v3_2000_00745.avi,2000,1,1,-0.2499,-1.5181,-1.2682,-6.8919,-8.5155,8,a,The,The blue circle moved first.
interval,data/videos_v3/int_2000ms/v3_2000_00745.avi,2000,C,B,,-1.4598,-1.3109,-1.5931,-1.3392,8,a,(B,(B) 1-2 seconds
order_real,data/videos_v3/int_2000ms/v3_2000_00746.avi,2000,1,0,-1.4854,-10.1039,-10.54,-11.2276,-11.1647,8,b,NO,NO.
order_rev,data/videos_v3/int_2000ms/v3_2000_00746.avi,2000,1,0,-0.6904,-7.9341,-10.6202,-11.1825,-10.8698,8,b,NO,NO.
order_forced,data/videos_v3/int_2000ms/v3_2000_00746.avi,2000,1,1,0.1252,-1.3653,-1.4905,-3.865,-8.8607,8,b,The,The cyan triangle moved first.
interval,data/videos_v3/int_2000ms/v3_2000_00746.avi,2000,C,B,,-1.4011,-1.1286,-1.5285,-1.6511,8,b,(B,(B) 1-2 seconds
order_real,data/videos_v3/int_2000ms/v3_2000_00747.avi,2000,1,0,-1.6237,-9.9405,-10.3141,-11.251,-10.9388,8,b,NO,NO.
order_rev,data/videos_v3/int_2000ms/v3_2000_00747.avi,2000,1,1,0.2929,-8.0835,-10.5197,-11.0818,-10.9564,8,b,YES,YES.
order_forced,data/videos_v3/int_2000ms/v3_2000_00747.avi,2000,1,0,-0.2496,-1.5822,-1.3326,-4.4568,-8.7017,8,b,The,The blue circle moved first.
interval,data/videos_v3/int_2000ms/v3_2000_00747.avi,2000,C,B,,-1.4539,-1.1717,-1.5824,-1.575,8,b,(B,(B) 1-2 seconds
order_real,data/videos_v3/int_2000ms/v3_2000_00748.avi,2000,1,0,-1.4164,-10.18,-10.6787,-11.5529,-11.1786,8,b,NO,NO.
order_rev,data/videos_v3/int_2000ms/v3_2000_00748.avi,2000,1,0,-1.1768,-8.0825,-10.7686,-11.2683,-10.8936,8,b,NO,NO.
order_forced,data/videos_v3/int_2000ms/v3_2000_00748.avi,2000,1,1,0.1251,-1.0161,-1.1412,-3.891,-9.5145,8,b,A,A
interval,data/videos_v3/int_2000ms/v3_2000_00748.avi,2000,C,A,,-1.1818,-1.4163,-1.6858,-1.4339,8,b,(A,(A) Less than 1 second
order_real,data/videos_v3/int_2000ms/v3_2000_00749.avi,2000,0,0,-1.1501,-9.9121,-10.0981,-11.4102,-10.7854,8,b,NO,NO.
order_rev,data/videos_v3/int_2000ms/v3_2000_00749.avi,2000,0,0,-0.5225,-7.9059,-10.467,-11.3417,-10.779,8,b,NO,NO.
order_forced,data/videos_v3/int_2000ms/v3_2000_00749.avi,2000,0,1,0.0002,-1.5216,-1.5218,-7.7693,-8.767,8,b,The,The blue triangle moved first.
interval,data/videos_v3/int_2000ms/v3_2000_00749.avi,2000,C,B,,-1.305,-1.1644,-1.5566,-1.6781,8,b,(B,(B) 1-2 seconds
order_real,data/videos_v3/int_2000ms/v3_2000_00750.avi,2000,1,0,-0.2939,-10.2277,-10.1642,-11.7244,-10.8512,8,b,NO,NO.
order_rev,data/videos_v3/int_2000ms/v3_2000_00750.avi,2000,1,1,0.1847,-7.8154,-10.6889,-11.6876,-11.0008,8,b,YES,YES.
order_forced,data/videos_v3/int_2000ms/v3_2000_00750.avi,2000,1,1,-0.3744,-2.8139,-2.4395,-9.06,-10.056,8,b,The,The yellow triangle moved first.
interval,data/videos_v3/int_2000ms/v3_2000_00750.avi,2000,C,B,,-1.5033,-1.0006,-1.3822,-1.8814,8,b,(B,(B) 1-2 seconds
order_real,data/videos_v3/int_2000ms/v3_2000_00751.avi,2000,1,0,-1.2642,-9.9631,-10.2741,-11.3987,-10.8364,8,a,NO,NO.
order_rev,data/videos_v3/int_2000ms/v3_2000_00751.avi,2000,1,0,-0.5144,-7.7465,-10.3075,-11.1819,-10.6819,8,a,NO,NO.
order_forced,data/videos_v3/int_2000ms/v3_2000_00751.avi,2000,1,1,-0.1247,-1.7576,-1.6329,-6.7562,-9.0024,8,a,The,The red triangle moved first.
interval,data/videos_v3/int_2000ms/v3_2000_00751.avi,2000,C,B,,-1.3843,-1.1287,-1.5132,-1.6371,8,a,(B,(B) 1-2 seconds
order_real,data/videos_v3/int_2000ms/v3_2000_00752.avi,2000,0,0,-2.253,-10.0191,-10.5177,-11.5174,-11.0799,8,b,NO,NO.
order_rev,data/videos_v3/int_2000ms/v3_2000_00752.avi,2000,0,0,-0.9391,-7.6903,-10.3763,-11.1883,-10.7508,8,b,NO,NO.
order_forced,data/videos_v3/int_2000ms/v3_2000_00752.avi,2000,0,0,0.0003,-1.5872,-1.5875,-5.3363,-8.4577,8,b,The,The red circle moved first.
interval,data/videos_v3/int_2000ms/v3_2000_00752.avi,2000,C,A,,-1.3051,-1.2798,-1.5602,-1.5551,8,b,(A,(A) Less than 1 second
order_real,data/videos_v3/int_2000ms/v3_2000_00753.avi,2000,1,0,-0.8977,-10.0119,-10.4479,-11.5722,-11.1347,8,a,NO,NO.
order_rev,data/videos_v3/int_2000ms/v3_2000_00753.avi,2000,1,0,-0.6746,-7.7983,-10.5468,-11.2965,-10.9214,8,a,NO,NO.
order_forced,data/videos_v3/int_2000ms/v3_2000_00753.avi,2000,1,1,0.2501,-1.1486,-1.3987,-6.2726,-9.1449,8,a,The,The red circle moved first.
interval,data/videos_v3/int_2000ms/v3_2000_00753.avi,2000,C,A,,-1.3019,-1.2736,-1.6808,-1.5475,8,a,(A,(A) Less than 1 second
order_real,data/videos_v3/int_2000ms/v3_2000_00754.avi,2000,1,0,-0.6502,-9.9939,-10.2426,-11.4917,-10.7422,8,a,NO,NO.
order_rev,data/videos_v3/int_2000ms/v3_2000_00754.avi,2000,1,0,0.0597,-7.8754,-10.4993,-11.4354,-10.811,8,a,NO,NO.
order_forced,data/videos_v3/int_2000ms/v3_2000_00754.avi,2000,1,1,-0.1248,-2.0957,-1.9709,-7.9687,-9.0916,8,a,The,The green triangle moved first.
interval,data/videos_v3/int_2000ms/v3_2000_00754.avi,2000,C,B,,-1.515,-1.1293,-1.3939,-1.64,8,a,(B,(B) 1-2 seconds
order_real,data/videos_v3/int_2000ms/v3_2000_00755.avi,2000,1,0,-2.3657,-10.0913,-10.5899,-11.5894,-11.0898,8,a,NO,NO.
order_rev,data/videos_v3/int_2000ms/v3_2000_00755.avi,2000,1,0,-1.1904,-8.1683,-10.6047,-11.2293,-10.9164,8,a,NO,NO.
order_forced,data/videos_v3/int_2000ms/v3_2000_00755.avi,2000,1,1,0.0002,-1.3959,-1.3961,-7.2689,-8.8933,8,a,The,The yellow square moved first.
interval,data/videos_v3/int_2000ms/v3_2000_00755.avi,2000,C,B,,-1.4832,-1.3123,-1.4926,-1.4776,8,a,(B,(B) 1-2 seconds
order_real,data/videos_v3/int_2000ms/v3_2000_00756.avi,2000,1,0,-1.6397,-9.7675,-10.2036,-11.1412,-10.9533,8,b,NO,NO.
order_rev,data/videos_v3/int_2000ms/v3_2000_00756.avi,2000,1,0,-0.9079,-7.9372,-10.4359,-10.9982,-10.8731,8,b,NO,NO.
order_forced,data/videos_v3/int_2000ms/v3_2000_00756.avi,2000,1,1,-0.1249,-1.2701,-1.1452,-4.145,-9.0187,8,b,The,The blue square moved first.
interval,data/videos_v3/int_2000ms/v3_2000_00756.avi,2000,C,A,,-1.2818,-1.3609,-1.6568,-1.5199,8,b,(A,(A) Less than 1 second
order_real,data/videos_v3/int_2000ms/v3_2000_00757.avi,2000,1,0,-0.7648,-10.0947,-10.5935,-11.5298,-11.0932,8,b,NO,NO.
order_rev,data/videos_v3/int_2000ms/v3_2000_00757.avi,2000,1,0,-0.4163,-8.2817,-10.7803,-11.3424,-11.0299,8,b,NO,NO.
order_forced,data/videos_v3/int_2000ms/v3_2000_00757.avi,2000,1,1,0.125,-0.8336,-0.9586,-2.9586,-9.2081,8,b,A,A
interval,data/videos_v3/int_2000ms/v3_2000_00757.avi,2000,C,A,,-0.9234,-1.5377,-1.7984,-1.5484,8,b,(A,(A) Less than 1 second.
order_real,data/videos_v3/int_2000ms/v3_2000_00758.avi,2000,1,0,-2.0115,-9.8722,-10.3704,-11.5577,-11.058,8,b,NO,NO.
order_rev,data/videos_v3/int_2000ms/v3_2000_00758.avi,2000,1,0,-1.1821,-7.7657,-10.514,-11.2639,-10.8262,8,b,NO,NO.
order_forced,data/videos_v3/int_2000ms/v3_2000_00758.avi,2000,1,0,-0.25,-1.2119,-0.9619,-6.2114,-8.9605,8,b,B,B
interval,data/videos_v3/int_2000ms/v3_2000_00758.avi,2000,C,A,,-1.2464,-1.3491,-1.6272,-1.4964,8,b,(A,(A) Less than 1 second
order_real,data/videos_v3/int_2000ms/v3_2000_00759.avi,2000,0,0,-1.666,-10.2623,-10.5736,-11.6357,-11.1983,8,a,NO,NO.
order_rev,data/videos_v3/int_2000ms/v3_2000_00759.avi,2000,0,0,-0.8267,-8.1112,-10.735,-11.4843,-11.1091,8,a,NO,NO.
order_forced,data/videos_v3/int_2000ms/v3_2000_00759.avi,2000,0,1,0.0001,-1.0914,-1.0915,-6.5908,-9.3397,8,a,A,A
interval,data/videos_v3/int_2000ms/v3_2000_00759.avi,2000,C,A,,-1.226,-1.3298,-1.726,-1.4833,8,a,(A,(A) Less than 1 second
order_real,data/videos_v3/int_2000ms/v3_2000_00760.avi,2000,1,0,-0.5253,-9.851,-10.0998,-10.9118,-10.7246,8,a,NO,NO.
order_rev,data/videos_v3/int_2000ms/v3_2000_00760.avi,2000,1,0,-0.5735,-7.6598,-10.346,-10.9082,-10.5332,8,a,NO,NO.
order_forced,data/videos_v3/int_2000ms/v3_2000_00760.avi,2000,1,1,-0.1244,-2.2871,-2.1627,-4.7868,-9.4068,8,a,The,The cyan triangle moved first.
interval,data/videos_v3/int_2000ms/v3_2000_00760.avi,2000,C,B,,-1.55,-1.0444,-1.4289,-1.6789,8,a,(B,(B) 1-2 seconds
order_real,data/videos_v3/int_2000ms/v3_2000_00761.avi,2000,1,0,-0.8862,-9.7798,-10.2161,-11.0905,-10.903,8,b,NO,NO.
order_rev,data/videos_v3/int_2000ms/v3_2000_00761.avi,2000,1,0,-0.6604,-7.6641,-10.5378,-11.0377,-10.8498,8,b,NO,NO.
order_forced,data/videos_v3/int_2000ms/v3_2000_00761.avi,2000,1,1,-0.1246,-1.492,-1.3674,-3.7418,-8.6129,8,b,The,The cyan circle moved first.
interval,data/videos_v3/int_2000ms/v3_2000_00761.avi,2000,C,A,,-1.3108,-1.2649,-1.6908,-1.5608,8,b,(A,(A) Less than 1 second
order_real,data/videos_v3/int_2000ms/v3_2000_00762.avi,2000,0,0,-1.4352,-10.0066,-10.3181,-11.1927,-10.8802,8,a,NO,NO.
order_rev,data/videos_v3/int_2000ms/v3_2000_00762.avi,2000,0,0,-0.4191,-7.7387,-10.4875,-11.1742,-10.924,8,a,NO,NO.
order_forced,data/videos_v3/int_2000ms/v3_2000_00762.avi,2000,0,0,0.0005,-2.2807,-2.2812,-4.2806,-9.3992,8,a,The,The cyan triangle moved first.
interval,data/videos_v3/int_2000ms/v3_2000_00762.avi,2000,C,B,,-1.6106,-1.1015,-1.365,-1.6137,8,a,(B,(B) 1-2 seconds
order_real,data/videos_v3/int_2000ms/v3_2000_00763.avi,2000,0,0,-1.3858,-10.093,-10.4044,-11.5912,-10.9668,8,b,NO,NO.
order_rev,data/videos_v3/int_2000ms/v3_2000_00763.avi,2000,0,0,-0.314,-7.9072,-10.5932,-11.4051,-10.8429,8,b,NO,NO.
order_forced,data/videos_v3/int_2000ms/v3_2000_00763.avi,2000,0,1,0.0001,-1.6496,-1.6497,-6.2739,-9.0207,8,b,The,The green triangle moved first.
interval,data/videos_v3/int_2000ms/v3_2000_00763.avi,2000,C,B,,-1.3858,-1.1277,-1.5135,-1.6372,8,b,(B,(B) 1-2 seconds
order_real,data/videos_v3/int_2000ms/v3_2000_00764.avi,2000,0,0,-1.5412,-10.3435,-10.4669,-11.7158,-11.0917,8,b,NO,NO.
order_rev,data/videos_v3/int_2000ms/v3_2000_00764.avi,2000,0,0,-1.1666,-8.1719,-10.6702,-11.4821,-11.0449,8,b,NO,NO.
order_forced,data/videos_v3/int_2000ms/v3_2000_00764.avi,2000,0,1,-0.1248,-1.3699,-1.2451,-6.9937,-8.8675,8,b,The,The yellow circle moved first.
interval,data/videos_v3/int_2000ms/v3_2000_00764.avi,2000,C,A,,-1.2847,-1.2756,-1.5378,-1.5364,8,b,(A,(A) Less than 1 second
order_real,data/videos_v3/int_2000ms/v3_2000_00765.avi,2000,1,0,-2.1363,-10.1075,-10.5436,-11.5435,-11.2306,8,a,NO,NO.
order_rev,data/videos_v3/int_2000ms/v3_2000_00765.avi,2000,1,0,-0.9162,-7.6142,-10.5504,-11.1751,-10.9248,8,a,NO,NO.
order_forced,data/videos_v3/int_2000ms/v3_2000_00765.avi,2000,1,0,-0.3748,-1.3959,-1.0211,-6.6445,-8.6423,8,a,B,B
interval,data/videos_v3/int_2000ms/v3_2000_00765.avi,2000,C,B,,-1.4381,-1.288,-1.5666,-1.4381,8,a,(B,(B) 1-2 seconds
order_real,data/videos_v3/int_2000ms/v3_2000_00766.avi,2000,1,0,-0.4854,-9.8191,-10.1299,-11.3169,-10.8797,8,a,NO,NO.
order_rev,data/videos_v3/int_2000ms/v3_2000_00766.avi,2000,1,0,-0.4192,-7.9892,-10.4879,-11.2374,-10.8626,8,a,NO,NO.
order_forced,data/videos_v3/int_2000ms/v3_2000_00766.avi,2000,1,1,-0.1249,-1.6176,-1.4927,-4.3674,-9.24,8,a,The,The blue square moved first.
interval,data/videos_v3/int_2000ms/v3_2000_00766.avi,2000,C,B,,-1.334,-1.1892,-1.4662,-1.709,8,a,(B,(B) 1-2 seconds
order_real,data/videos_v3/int_2000ms/v3_2000_00767.avi,2000,0,0,-1.2723,-9.981,-10.292,-11.5414,-10.8544,8,b,NO,NO.
order_rev,data/videos_v3/int_2000ms/v3_2000_00767.avi,2000,0,0,-0.4245,-7.6402,-10.5759,-11.3256,-10.7631,8,b,NO,NO.
order_forced,data/videos_v3/int_2000ms/v3_2000_00767.avi,2000,0,1,0.2502,-1.2594,-1.5096,-7.1329,-8.6306,8,b,The,The green triangle moved first.
interval,data/videos_v3/int_2000ms/v3_2000_00767.avi,2000,C,B,,-1.3355,-1.182,-1.5886,-1.7071,8,b,(B,(B) 1-2 seconds
order_real,data/videos_v3/int_2000ms/v3_2000_00768.avi,2000,0,0,-1.3087,-9.9103,-10.2212,-10.8461,-10.7211,8,b,NO,NO.
order_rev,data/videos_v3/int_2000ms/v3_2000_00768.avi,2000,0,0,-1.1835,-7.8128,-10.4985,-10.9983,-10.6856,8,b,NO,NO.
order_forced,data/videos_v3/int_2000ms/v3_2000_00768.avi,2000,0,1,-0.1245,-2.2834,-2.1589,-5.5328,-9.4038,8,b,The,The cyan triangle moved first.
interval,data/videos_v3/int_2000ms/v3_2000_00768.avi,2000,C,B,,-1.4783,-1.0971,-1.4805,-1.6055,8,b,(B,(B) 1-2 seconds
order_real,data/videos_v3/int_2000ms/v3_2000_00769.avi,2000,0,0,-0.8444,-10.117,-10.4907,-11.5525,-11.1775,8,b,NO,NO.
order_rev,data/videos_v3/int_2000ms/v3_2000_00769.avi,2000,0,0,-0.9192,-8.1943,-10.6304,-11.4421,-10.9424,8,b,NO,NO.
order_forced,data/videos_v3/int_2000ms/v3_2000_00769.avi,2000,0,1,0.0002,-1.5134,-1.5136,-5.8874,-8.7593,8,b,The,The green square moved first.
interval,data/videos_v3/int_2000ms/v3_2000_00769.avi,2000,C,B,,-1.4034,-1.2532,-1.5376,-1.5245,8,b,(B,(B) 1-2 seconds
order_real,data/videos_v3/int_2000ms/v3_2000_00770.avi,2000,0,0,-2.6106,-9.9734,-10.5345,-11.3469,-10.9717,8,b,NO,NO.
order_rev,data/videos_v3/int_2000ms/v3_2000_00770.avi,2000,0,0,-1.3073,-8.1125,-10.7362,-11.2361,-10.8607,8,b,NO,NO.
order_forced,data/videos_v3/int_2000ms/v3_2000_00770.avi,2000,0,1,0.1251,-1.2414,-1.3665,-7.1149,-8.4884,8,b,The,The red triangle moved first.
interval,data/videos_v3/int_2000ms/v3_2000_00770.avi,2000,C,B,,-1.5039,-1.2287,-1.5104,-1.5073,8,b,(B,(B) 1-2 seconds
order_real,data/videos_v3/int_2000ms/v3_2000_00771.avi,2000,0,0,-1.0324,-9.9143,-10.4123,-11.2876,-11.0373,8,a,NO,NO.
order_rev,data/videos_v3/int_2000ms/v3_2000_00771.avi,2000,0,0,-0.7997,-8.0094,-10.5703,-11.0703,-10.9448,8,a,NO,NO.
order_forced,data/videos_v3/int_2000ms/v3_2000_00771.avi,2000,0,1,0.0,-1.0758,-1.0758,-3.5758,-9.0749,8,a,A,A
interval,data/videos_v3/int_2000ms/v3_2000_00771.avi,2000,C,A,,-1.1301,-1.3613,-1.7586,-1.5086,8,a,(A,(A) Less than 1 second
order_real,data/videos_v3/int_2000ms/v3_2000_00772.avi,2000,1,0,-0.5495,-9.905,-10.2786,-11.4648,-10.716,8,a,NO,NO.
order_rev,data/videos_v3/int_2000ms/v3_2000_00772.avi,2000,1,0,-0.1838,-8.0251,-10.6485,-11.4601,-10.8356,8,a,NO,NO.
order_forced,data/videos_v3/int_2000ms/v3_2000_00772.avi,2000,1,1,0.2503,-1.6976,-1.9479,-7.3205,-8.817,8,a,The,The green triangle moved first.
interval,data/videos_v3/int_2000ms/v3_2000_00772.avi,2000,C,B,,-1.3757,-1.1082,-1.5052,-1.7531,8,a,(B,(B) 1-2 seconds
order_real,data/videos_v3/int_2000ms/v3_2000_00773.avi,2000,0,0,-1.2527,-9.6746,-10.1105,-11.1099,-10.6727,8,a,NO,NO.
order_rev,data/videos_v3/int_2000ms/v3_2000_00773.avi,2000,0,0,-0.0715,-7.7966,-10.5451,-11.1072,-10.7945,8,a,NO,NO.
order_forced,data/videos_v3/int_2000ms/v3_2000_00773.avi,2000,0,0,0.0001,-1.3752,-1.3753,-6.3742,-8.7461,8,a,The,The magenta triangle moved first.
interval,data/videos_v3/int_2000ms/v3_2000_00773.avi,2000,C,B,,-1.4906,-1.0943,-1.501,-1.7406,8,a,(B,(B) 1-2 seconds
order_real,data/videos_v3/int_2000ms/v3_2000_00774.avi,2000,0,0,-2.2614,-10.1562,-10.6549,-11.4671,-11.1548,8,b,NO,NO.
order_rev,data/videos_v3/int_2000ms/v3_2000_00774.avi,2000,0,0,-1.6603,-7.9203,-10.7315,-11.2936,-10.9188,8,b,NO,NO.
order_forced,data/videos_v3/int_2000ms/v3_2000_00774.avi,2000,0,1,0.0002,-1.2391,-1.2393,-3.614,-8.7375,8,b,The,The cyan circle moved first.
interval,data/videos_v3/int_2000ms/v3_2000_00774.avi,2000,C,A,,-1.2707,-1.3734,-1.6514,-1.3987,8,b,(A,(A) Less than 1 second
order_real,data/videos_v3/int_2000ms/v3_2000_00775.avi,2000,1,0,-2.2531,-9.8944,-10.4556,-11.3928,-11.0179,8,b,NO,NO.
order_rev,data/videos_v3/int_2000ms/v3_2000_00775.avi,2000,1,0,-0.5592,-7.8984,-10.5221,-11.209,-10.8339,8,b,NO,NO.
order_forced,data/videos_v3/int_2000ms/v3_2000_00775.avi,2000,1,0,0.0002,-1.5256,-1.5258,-3.7753,-9.1466,8,b,The,The cyan circle moved first.
interval,data/videos_v3/int_2000ms/v3_2000_00775.avi,2000,C,A,,-1.3406,-1.3083,-1.469,-1.5867,8,b,(A,(A) Less than 1 second
order_real,data/videos_v3/int_2000ms/v3_2000_00776.avi,2000,1,0,-1.0354,-10.0506,-10.6115,-11.3614,-11.1737,8,b,NO,NO.
order_rev,data/videos_v3/int_2000ms/v3_2000_00776.avi,2000,1,0,-1.0353,-7.9268,-10.6752,-11.1752,-10.9874,8,b,NO,NO.
order_forced,data/videos_v3/int_2000ms/v3_2000_00776.avi,2000,1,1,0.125,-1.0501,-1.1751,-2.9251,-9.5491,8,b,A,A
interval,data/videos_v3/int_2000ms/v3_2000_00776.avi,2000,C,A,,-1.1492,-1.2574,-1.7825,-1.6536,8,b,(A,(A) Less than 1 second
order_real,data/videos_v3/int_2000ms/v3_2000_00777.avi,2000,1,0,-2.6021,-9.969,-10.5301,-11.5294,-10.9052,8,b,NO,NO.
order_rev,data/videos_v3/int_2000ms/v3_2000_00777.avi,2000,1,0,-1.9113,-7.7483,-10.6217,-11.3714,-10.809,8,b,NO,NO.
order_forced,data/videos_v3/int_2000ms/v3_2000_00777.avi,2000,1,1,0.0007,-1.9191,-1.9198,-6.7909,-8.6608,8,b,The,The yellow circle moved first.
interval,data/videos_v3/int_2000ms/v3_2000_00777.avi,2000,C,B,,-1.325,-1.1879,-1.5767,-1.5767,8,b,(B,(B) 1-2 seconds
order_real,data/videos_v3/int_2000ms/v3_2000_00778.avi,2000,0,0,-0.1585,-9.9025,-10.1515,-10.9636,-10.8384,8,a,NO,NO.
order_rev,data/videos_v3/int_2000ms/v3_2000_00778.avi,2000,0,0,0.0677,-7.8495,-10.5355,-11.0353,-10.8474,8,a,NO,NO.
order_forced,data/videos_v3/int_2000ms/v3_2000_00778.avi,2000,0,1,0.5002,-1.288,-1.7882,-4.1626,-8.0349,8,a,The,The cyan triangle moved first.
interval,data/videos_v3/int_2000ms/v3_2000_00778.avi,2000,C,B,,-1.4537,-1.168,-1.4594,-1.7037,8,a,(B,(B) 1-2 seconds
order_real,data/videos_v3/int_2000ms/v3_2000_00779.avi,2000,0,0,-1.2726,-10.1853,-10.6836,-11.8081,-11.371,8,a,NO,NO.
order_rev,data/videos_v3/int_2000ms/v3_2000_00779.avi,2000,0,0,-0.4196,-7.9892,-10.5501,-11.4248,-10.9873,8,a,NO,NO.
order_forced,data/videos_v3/int_2000ms/v3_2000_00779.avi,2000,0,0,-0.375,-1.1872,-0.8122,-5.562,-9.5613,8,a,B,B
interval,data/videos_v3/int_2000ms/v3_2000_00779.avi,2000,C,A,,-1.1546,-1.3897,-1.665,-1.537,8,a,(A,(A) Less than 1 second
order_real,data/videos_v3/int_2000ms/v3_2000_00780.avi,2000,1,0,-1.6153,-9.8101,-10.2461,-11.3707,-10.8083,8,b,NO,NO.
order_rev,data/videos_v3/int_2000ms/v3_2000_00780.avi,2000,1,0,-0.9006,-7.3543,-10.4151,-11.3525,-10.7273,8,b,NO,NO.
order_forced,data/videos_v3/int_2000ms/v3_2000_00780.avi,2000,1,1,-0.1247,-1.6976,-1.5729,-7.0704,-8.4421,8,b,The,The green square moved first.
interval,data/videos_v3/int_2000ms/v3_2000_00780.avi,2000,C,B,,-1.3186,-1.1738,-1.5713,-1.6905,8,b,(B,(B) 1-2 seconds
order_real,data/videos_v3/int_2000ms/v3_2000_00781.avi,2000,1,0,-0.3737,-10.0957,-10.3447,-11.5937,-10.9068,8,b,NO,NO.
order_rev,data/videos_v3/int_2000ms/v3_2000_00781.avi,2000,1,0,-0.2943,-7.7916,-10.4153,-11.2896,-10.7896,8,b,NO,NO.
order_forced,data/videos_v3/int_2000ms/v3_2000_00781.avi,2000,1,1,-0.2498,-1.9514,-1.7016,-6.4505,-8.948,8,b,The,The green square moved first.
interval,data/videos_v3/int_2000ms/v3_2000_00781.avi,2000,C,B,,-1.3853,-1.2404,-1.3909,-1.6353,8,b,(B,(B) 1-2 seconds
order_real,data/videos_v3/int_2000ms/v3_2000_00782.avi,2000,0,0,-1.931,-10.1114,-10.797,-11.7969,-11.2347,8,a,NO,NO.
order_rev,data/videos_v3/int_2000ms/v3_2000_00782.avi,2000,0,0,-1.0324,-8.0995,-10.7229,-11.4723,-10.9723,8,a,NO,NO.
order_forced,data/videos_v3/int_2000ms/v3_2000_00782.avi,2000,0,0,-0.2499,-1.1142,-0.8643,-6.114,-9.488,8,a,B,B
interval,data/videos_v3/int_2000ms/v3_2000_00782.avi,2000,C,A,,-1.1545,-1.3941,-1.7846,-1.4096,8,a,(A,(A) Less than 1 second
order_real,data/videos_v3/int_2000ms/v3_2000_00783.avi,2000,0,0,-1.503,-9.9318,-10.4927,-11.5548,-11.1174,8,b,NO,NO.
order_rev,data/videos_v3/int_2000ms/v3_2000_00783.avi,2000,0,0,-0.576,-8.0332,-10.5941,-11.4688,-11.0311,8,b,NO,NO.
order_forced,data/videos_v3/int_2000ms/v3_2000_00783.avi,2000,0,1,-0.2499,-1.4481,-1.1982,-6.4471,-9.1939,8,b,The,The magenta square moved first.
interval,data/videos_v3/int_2000ms/v3_2000_00783.avi,2000,C,A,,-1.2283,-1.3385,-1.6084,-1.481,8,b,(A,(A) Less than 1 second
order_real,data/videos_v3/int_2000ms/v3_2000_00784.avi,2000,0,0,-1.1277,-10.0742,-10.2602,-11.5097,-10.8228,8,b,NO,NO.
order_rev,data/videos_v3/int_2000ms/v3_2000_00784.avi,2000,0,1,0.2918,-7.8941,-10.4549,-11.2667,-10.7668,8,b,YES,YES.
order_forced,data/videos_v3/int_2000ms/v3_2000_00784.avi,2000,0,0,-0.4996,-1.7841,-1.2845,-6.7823,-8.4033,8,b,The,The yellow triangle moved first.
interval,data/videos_v3/int_2000ms/v3_2000_00784.avi,2000,C,B,,-1.4651,-1.0746,-1.4691,-1.7151,8,b,(B,(B) 1-2 seconds
order_real,data/videos_v3/int_2000ms/v3_2000_00785.avi,2000,1,0,-0.7348,-10.1041,-10.2904,-11.2893,-10.9152,8,b,NO,NO.
order_rev,data/videos_v3/int_2000ms/v3_2000_00785.avi,2000,1,0,-0.8972,-8.0745,-10.6358,-11.3852,-10.8856,8,b,NO,NO.
order_forced,data/videos_v3/int_2000ms/v3_2000_00785.avi,2000,1,1,0.2501,-1.7096,-1.9597,-3.4596,-8.8333,8,b,The,The cyan circle moved first.
interval,data/videos_v3/int_2000ms/v3_2000_00785.avi,2000,C,A,,-1.1874,-1.3066,-1.5639,-1.5632,8,b,(A,(A) Less than 1 second
order_real,data/videos_v3/int_2000ms/v3_2000_00786.avi,2000,1,0,-2.1502,-9.9953,-10.2439,-11.4311,-10.8686,8,b,NO,NO.
order_rev,data/videos_v3/int_2000ms/v3_2000_00786.avi,2000,1,0,-0.815,-7.7685,-10.4546,-11.3291,-10.8289,8,b,NO,NO.
order_forced,data/videos_v3/int_2000ms/v3_2000_00786.avi,2000,1,0,-0.2496,-2.0268,-1.7772,-7.6499,-9.1467,8,b,The,The red triangle moved first.
interval,data/videos_v3/int_2000ms/v3_2000_00786.avi,2000,C,B,,-1.5616,-1.1804,-1.4397,-1.4388,8,b,(B,(B) 1-2 seconds
order_real,data/videos_v3/int_2000ms/v3_2000_00787.avi,2000,1,1,0.1842,-10.1265,-10.3754,-11.6861,-11.0622,8,a,YES,YES.
order_rev,data/videos_v3/int_2000ms/v3_2000_00787.avi,2000,1,0,-0.2017,-8.2181,-10.4668,-11.4655,-10.9664,8,a,NO,NO.
order_forced,data/videos_v3/int_2000ms/v3_2000_00787.avi,2000,1,1,-0.1248,-1.6194,-1.4946,-5.3691,-8.242,8,a,The,The yellow circle moved first.
interval,data/videos_v3/int_2000ms/v3_2000_00787.avi,2000,C,A,,-1.2592,-1.2471,-1.5136,-1.6342,8,a,(A,(A) Less than 1 second
order_real,data/videos_v3/int_2000ms/v3_2000_00788.avi,2000,0,0,-1.4694,-9.9668,-10.3405,-11.4649,-11.0279,8,b,NO,NO.
order_rev,data/videos_v3/int_2000ms/v3_2000_00788.avi,2000,0,0,-0.4103,-7.6314,-10.3176,-11.1298,-10.7546,8,b,NO,NO.
order_forced,data/videos_v3/int_2000ms/v3_2000_00788.avi,2000,0,0,-0.3747,-1.9089,-1.5342,-4.0337,-9.0291,8,b,The,The blue circle moved first.
interval,data/videos_v3/int_2000ms/v3_2000_00788.avi,2000,C,A,,-1.2792,-1.2511,-1.5337,-1.6515,8,b,(A,(A) Less than 1 second
order_real,data/videos_v3/int_2000ms/v3_2000_00789.avi,2000,0,0,-1.3974,-9.8932,-10.142,-11.3914,-10.829,8,b,NO,NO.
order_rev,data/videos_v3/int_2000ms/v3_2000_00789.avi,2000,0,0,-0.9405,-7.7339,-10.4197,-11.1696,-10.6695,8,b,NO,NO.
order_forced,data/videos_v3/int_2000ms/v3_2000_00789.avi,2000,0,1,0.1252,-1.294,-1.4192,-7.4175,-8.7897,8,b,The,The magenta triangle moved first.
interval,data/videos_v3/int_2000ms/v3_2000_00789.avi,2000,C,A,,-1.2911,-1.2509,-1.5445,-1.6578,8,b,(A,(A) Less than 1 second
order_real,data/videos_v3/int_2000ms/v3_2000_00790.avi,2000,1,0,-0.5357,-9.7707,-10.2694,-11.2685,-10.8939,8,b,NO,NO.
order_rev,data/videos_v3/int_2000ms/v3_2000_00790.avi,2000,1,0,-0.5862,-7.792,-10.5405,-11.2899,-10.8527,8,b,NO,NO.
order_forced,data/videos_v3/int_2000ms/v3_2000_00790.avi,2000,1,1,0.5001,-1.0394,-1.5395,-6.9135,-9.0372,8,b,The,The magenta square moved first.
interval,data/videos_v3/int_2000ms/v3_2000_00790.avi,2000,C,A,,-1.2369,-1.3166,-1.7432,-1.7299,8,b,(A,(A) Less than 1 second
order_real,data/videos_v3/int_2000ms/v3_2000_00791.avi,2000,0,0,-1.347,-10.2133,-10.7744,-11.5242,-11.3366,8,a,NO,NO.
order_rev,data/videos_v3/int_2000ms/v3_2000_00791.avi,2000,0,0,-0.6602,-7.913,-10.6614,-11.1616,-10.9738,8,a,NO,NO.
order_forced,data/videos_v3/int_2000ms/v3_2000_00791.avi,2000,0,1,0.0,-1.2217,-1.2217,-4.0966,-9.9702,8,a,The,The cyan square moved first.
interval,data/videos_v3/int_2000ms/v3_2000_00791.avi,2000,C,A,,-1.2458,-1.3389,-1.7502,-1.5002,8,a,(A,(A) Less than 1 second
order_real,data/videos_v3/int_2000ms/v3_2000_00792.avi,2000,1,0,-1.3863,-10.032,-10.4054,-11.405,-10.9678,8,b,NO,NO.
order_rev,data/videos_v3/int_2000ms/v3_2000_00792.avi,2000,1,0,-0.5255,-8.1014,-10.5377,-11.1622,-10.912,8,b,NO,NO.
order_forced,data/videos_v3/int_2000ms/v3_2000_00792.avi,2000,1,1,-0.1248,-1.3634,-1.2386,-6.4872,-8.9843,8,b,The,The green circle moved first.
interval,data/videos_v3/int_2000ms/v3_2000_00792.avi,2000,C,B,,-1.3995,-1.2386,-1.6545,-1.5189,8,b,(B,(B) 1-2 seconds
order_real,data/videos_v3/int_2000ms/v3_2000_00793.avi,2000,1,0,-2.2954,-10.0168,-10.3905,-11.5775,-10.828,8,a,NO,NO.
order_rev,data/videos_v3/int_2000ms/v3_2000_00793.avi,2000,1,0,-0.6572,-8.0873,-10.4609,-11.3973,-10.7728,8,a,NO,NO.
order_forced,data/videos_v3/int_2000ms/v3_2000_00793.avi,2000,1,1,-0.3746,-2.2295,-1.8549,-7.1026,-8.974,8,a,The,The red circle moved first.
interval,data/videos_v3/int_2000ms/v3_2000_00793.avi,2000,C,B,,-1.3808,-1.1269,-1.5085,-1.6318,8,a,(B,(B) 1-2 seconds
order_real,data/videos_v3/int_2000ms/v3_2000_00794.avi,2000,1,0,-1.1279,-9.8289,-10.2652,-11.4519,-11.0769,8,a,NO,NO.
order_rev,data/videos_v3/int_2000ms/v3_2000_00794.avi,2000,1,0,-1.0637,-7.7826,-10.3438,-11.2184,-10.7186,8,a,NO,NO.
order_forced,data/videos_v3/int_2000ms/v3_2000_00794.avi,2000,1,0,-0.1249,-1.0293,-0.9044,-6.9039,-9.9028,8,a,B,B
interval,data/videos_v3/int_2000ms/v3_2000_00794.avi,2000,C,A,,-1.1198,-1.48,-1.7499,-1.3698,8,a,(A,(A) Less than 1 second.
order_real,data/videos_v3/int_2000ms/v3_2000_00795.avi,2000,1,0,-1.7192,-9.9247,-10.2984,-11.0482,-10.8607,8,b,NO,NO.
order_rev,data/videos_v3/int_2000ms/v3_2000_00795.avi,2000,1,0,-0.91,-7.4609,-10.397,-11.1467,-10.7713,8,b,NO,NO.
order_forced,data/videos_v3/int_2000ms/v3_2000_00795.avi,2000,1,1,0.1257,-1.894,-2.0197,-4.5186,-8.7628,8,b,The,The cyan square moved first.
interval,data/videos_v3/int_2000ms/v3_2000_00795.avi,2000,C,B,,-1.5198,-1.131,-1.3997,-1.6448,8,b,(B,(B) 1-2 seconds
order_real,data/videos_v3/int_2000ms/v3_2000_00796.avi,2000,0,0,-0.783,-10.2846,-10.5956,-11.7825,-11.3452,8,a,NO,NO.
order_rev,data/videos_v3/int_2000ms/v3_2000_00796.avi,2000,0,0,-0.9099,-7.8348,-10.7083,-11.5205,-11.0831,8,a,NO,NO.
order_forced,data/videos_v3/int_2000ms/v3_2000_00796.avi,2000,0,0,-0.2499,-1.2951,-1.0452,-5.5449,-9.668,8,a,B,B
interval,data/videos_v3/int_2000ms/v3_2000_00796.avi,2000,C,A,,-1.2675,-1.3777,-1.6476,-1.3952,8,a,(A,(A) Less than 1 second
order_real,data/videos_v3/int_2000ms/v3_2000_00797.avi,2000,1,0,-2.0225,-10.355,-10.7287,-11.6652,-11.2909,8,b,NO,NO.
order_rev,data/videos_v3/int_2000ms/v3_2000_00797.avi,2000,1,0,-0.8975,-8.4499,-10.7609,-11.3229,-11.0106,8,b,NO,NO.
order_forced,data/videos_v3/int_2000ms/v3_2000_00797.avi,2000,1,1,0.0,-0.9577,-0.9577,-3.9577,-9.7071,8,b,A,A
interval,data/videos_v3/int_2000ms/v3_2000_00797.avi,2000,C,A,,-1.2252,-1.3463,-1.7279,-1.3521,8,b,(A,(A) Less than 1 second
order_real,data/videos_v3/int_2000ms/v3_2000_00798.avi,2000,0,0,-1.6605,-9.9215,-10.4203,-11.2323,-10.9824,8,a,NO,NO.
order_rev,data/videos_v3/int_2000ms/v3_2000_00798.avi,2000,0,0,-1.2755,-7.5097,-10.6333,-11.0708,-10.8204,8,a,NO,NO.
order_forced,data/videos_v3/int_2000ms/v3_2000_00798.avi,2000,0,0,-0.1246,-1.4291,-1.3045,-4.5536,-8.3006,8,a,The,The yellow triangle moved first.
interval,data/videos_v3/int_2000ms/v3_2000_00798.avi,2000,C,A,,-1.3373,-1.292,-1.5873,-1.7079,8,a,(A,(A) Less than 1 second
order_real,data/videos_v3/int_2000ms/v3_2000_00799.avi,2000,1,0,-0.3074,-9.9225,-10.2961,-11.1081,-10.9207,8,b,NO,NO.
order_rev,data/videos_v3/int_2000ms/v3_2000_00799.avi,2000,1,0,-0.2997,-7.8153,-10.6265,-11.0636,-10.876,8,b,NO,NO.
order_forced,data/videos_v3/int_2000ms/v3_2000_00799.avi,2000,1,1,0.3752,-1.2361,-1.6113,-4.4856,-8.4823,8,b,The,The magenta circle moved first.
interval,data/videos_v3/int_2000ms/v3_2000_00799.avi,2000,C,B,,-1.3544,-1.2071,-1.4851,-1.7259,8,b,(B,(B) 1-2 seconds
order_real,data/videos_v3/int_3000ms/v3_3000_00800.avi,3000,0,0,-1.1105,-9.9374,-10.3735,-11.1859,-10.9355,8,a,NO,NO.
order_rev,data/videos_v3/int_3000ms/v3_3000_00800.avi,3000,0,0,-0.5493,-7.9666,-10.6527,-11.215,-10.9021,8,a,NO,NO.
order_forced,data/videos_v3/int_3000ms/v3_3000_00800.avi,3000,0,1,0.0002,-1.4449,-1.4451,-5.1943,-8.6906,8,a,The,The green triangle moved first.
interval,data/videos_v3/int_3000ms/v3_3000_00800.avi,3000,C,B,,-1.3514,-1.2012,-1.6048,-1.6014,8,a,(B,(B) 1-2 seconds
order_32f,data/videos_v3/int_3000ms/v3_3000_00800.avi,3000,0,0,-1.9771,-9.7836,-10.2822,-11.2196,-10.8444,32,a,NO,NO.
moved_real,data/videos_v3/int_3000ms/v3_3000_00800.avi,3000,1,0,-1.3603,-10.0052,-11.3159,-11.4407,-10.7538,8,a,NO,NO.
moved_twin,data/twin_v3/v3_3000_00800.avi,3000,0,0,-2.2209,-10.209,-11.4572,-11.52,-10.8328,8,a,NO,NO.
still_real,data/videos_v3/int_3000ms/v3_3000_00800.avi,3000,0,1,0.7978,-10.2241,-11.2231,-11.9086,-11.2845,8,a,YES,YES.
still_twin,data/twin_v3/v3_3000_00800.avi,3000,1,1,2.0298,-10.2057,-11.3299,-11.9521,-11.4529,8,a,YES,YES.
order_twin,data/twin_v3/v3_3000_00800.avi,3000,-1,0,-1.8784,-9.9383,-10.437,-11.2494,-10.9363,8,a,NO,NO.
moved_solo_hit,data/videos_v3/int_3000ms/v3_3000_00800_soloa.avi,3000,1,0,-0.1582,-10.0266,-11.3372,-11.5867,-10.7127,8,a,NO,NO.
moved_solo_fa,data/videos_v3/int_3000ms/v3_3000_00800_solob.avi,3000,0,0,-1.5957,-10.1028,-11.4133,-11.5386,-10.8514,8,a,NO,NO.
order_real,data/videos_v3/int_3000ms/v3_3000_00801.avi,3000,1,0,-1.6501,-9.814,-10.0002,-11.0,-10.6873,8,a,NO,NO.
order_rev,data/videos_v3/int_3000ms/v3_3000_00801.avi,3000,1,0,-0.9404,-7.7333,-10.4194,-10.9818,-10.7314,8,a,NO,NO.
order_forced,data/videos_v3/int_3000ms/v3_3000_00801.avi,3000,1,1,-0.1247,-1.558,-1.4333,-4.3076,-8.5525,8,a,The,The blue circle moved first.
interval,data/videos_v3/int_3000ms/v3_3000_00801.avi,3000,C,B,,-1.3936,-1.2463,-1.5268,-1.5186,8,a,(B,(B) 1-2 seconds
order_32f,data/videos_v3/int_3000ms/v3_3000_00801.avi,3000,1,0,-2.0275,-9.7688,-10.1418,-11.1421,-10.7047,32,a,NO,NO.
moved_real,data/videos_v3/int_3000ms/v3_3000_00801.avi,3000,1,0,-2.3447,-10.3514,-11.3495,-11.662,-10.913,8,a,NO,NO.
moved_twin,data/twin_v3/v3_3000_00801.avi,3000,0,0,-2.9558,-10.2968,-11.5446,-11.6699,-11.0458,8,a,NO,NO.
still_real,data/videos_v3/int_3000ms/v3_3000_00801.avi,3000,0,1,1.274,-10.0514,-10.9883,-11.7987,-11.2367,8,a,YES,YES.
still_twin,data/twin_v3/v3_3000_00801.avi,3000,1,1,1.642,-10.1963,-11.2582,-11.9439,-11.5063,8,a,YES,YES.
order_twin,data/twin_v3/v3_3000_00801.avi,3000,-1,0,-2.273,-9.959,-10.3326,-11.2076,-11.0198,8,a,NO,NO.
moved_solo_hit,data/videos_v3/int_3000ms/v3_3000_00801_soloa.avi,3000,1,0,-2.5949,-10.3317,-11.4545,-11.6425,-10.9557,8,a,NO,NO.
moved_solo_fa,data/videos_v3/int_3000ms/v3_3000_00801_solob.avi,3000,0,0,-2.7492,-10.3227,-11.508,-11.5713,-11.0094,8,a,NO,NO.
order_real,data/videos_v3/int_3000ms/v3_3000_00802.avi,3000,0,0,-1.6906,-9.8234,-10.3846,-11.3213,-10.8844,8,a,NO,NO.
order_rev,data/videos_v3/int_3000ms/v3_3000_00802.avi,3000,0,0,-1.189,-7.7517,-10.5005,-11.3123,-10.8124,8,a,NO,NO.
order_forced,data/videos_v3/int_3000ms/v3_3000_00802.avi,3000,0,1,0.0002,-1.2679,-1.2681,-6.8914,-8.6394,8,a,The,The yellow square moved first.
interval,data/videos_v3/int_3000ms/v3_3000_00802.avi,3000,C,B,,-1.4673,-1.181,-1.5962,-1.5879,8,a,(B,(B) 1-2 seconds
order_32f,data/videos_v3/int_3000ms/v3_3000_00802.avi,3000,0,0,-2.0789,-9.8131,-10.4362,-11.6227,-10.8739,32,a,NO,NO.
moved_real,data/videos_v3/int_3000ms/v3_3000_00802.avi,3000,1,0,-0.4197,-9.9918,-11.2397,-11.4887,-10.8025,8,a,NO,NO.
moved_twin,data/twin_v3/v3_3000_00802.avi,3000,0,0,-2.8001,-10.444,-11.8798,-11.8171,-11.068,8,a,NO,NO.
still_real,data/videos_v3/int_3000ms/v3_3000_00802.avi,3000,0,1,0.6792,-10.1208,-11.0576,-11.8677,-11.1189,8,a,YES,YES.
still_twin,data/twin_v3/v3_3000_00802.avi,3000,1,1,2.0071,-10.5642,-11.626,-12.3733,-11.8115,8,a,YES,YES.
order_twin,data/twin_v3/v3_3000_00802.avi,3000,-1,0,-2.4249,-9.8491,-10.535,-11.3473,-11.0349,8,a,NO,NO.
moved_solo_hit,data/videos_v3/int_3000ms/v3_3000_00802_soloa.avi,3000,1,0,-2.4249,-10.3457,-11.6566,-11.6559,-10.9697,8,a,NO,NO.
moved_solo_fa,data/videos_v3/int_3000ms/v3_3000_00802_solob.avi,3000,0,0,-2.6844,-10.236,-11.734,-11.7338,-10.9226,8,a,NO,NO.
order_real,data/videos_v3/int_3000ms/v3_3000_00803.avi,3000,0,0,-1.2997,-9.7569,-10.2553,-10.9429,-10.6925,8,a,NO,NO.
order_rev,data/videos_v3/int_3000ms/v3_3000_00803.avi,3000,0,0,-1.0574,-7.9229,-10.609,-10.9213,-10.8583,8,a,NO,NO.
order_forced,data/videos_v3/int_3000ms/v3_3000_00803.avi,3000,0,1,0.3751,-1.3103,-1.6854,-4.9347,-8.6809,8,a,The,The magenta circle moved first.
interval,data/videos_v3/int_3000ms/v3_3000_00803.avi,3000,C,B,,-1.4096,-1.2524,-1.538,-1.5307,8,a,(B,(B) 1-2 seconds
order_32f,data/videos_v3/int_3000ms/v3_3000_00803.avi,3000,0,0,-2.7614,-9.8145,-10.3758,-11.313,-10.8131,32,a,NO,NO.
moved_real,data/videos_v3/int_3000ms/v3_3000_00803.avi,3000,1,0,-1.9847,-10.2498,-11.4972,-11.4354,-10.8736,8,a,NO,NO.
moved_twin,data/twin_v3/v3_3000_00803.avi,3000,0,0,-3.2358,-10.192,-11.752,-11.5026,-11.0659,8,a,NO,NO.
still_real,data/videos_v3/int_3000ms/v3_3000_00803.avi,3000,0,1,1.885,-10.2944,-11.2941,-11.9789,-11.4792,8,a,YES,YES.
still_twin,data/twin_v3/v3_3000_00803.avi,3000,1,1,2.019,-10.3401,-11.4646,-12.0248,-11.7117,8,a,YES,YES.
order_twin,data/twin_v3/v3_3000_00803.avi,3000,-1,0,-1.8741,-9.7857,-10.3465,-10.9715,-10.8462,8,a,NO,NO.
moved_solo_hit,data/videos_v3/int_3000ms/v3_3000_00803_soloa.avi,3000,1,0,-2.1103,-10.2672,-11.5148,-11.3901,-10.8914,8,a,NO,NO.
moved_solo_fa,data/videos_v3/int_3000ms/v3_3000_00803_solob.avi,3000,0,0,-3.1507,-10.178,-11.6134,-11.4887,-10.8647,8,a,NO,NO.
order_real,data/videos_v3/int_3000ms/v3_3000_00804.avi,3000,1,0,-0.8776,-9.8918,-10.2032,-11.265,-10.8903,8,b,NO,NO.
order_rev,data/videos_v3/int_3000ms/v3_3000_00804.avi,3000,1,0,-0.2945,-7.79,-10.6013,-11.3505,-11.0378,8,b,NO,NO.
order_forced,data/videos_v3/int_3000ms/v3_3000_00804.avi,3000,1,1,-0.1248,-1.9243,-1.7995,-5.1739,-9.1705,8,b,The,The red square moved first.
interval,data/videos_v3/int_3000ms/v3_3000_00804.avi,3000,C,B,,-1.3998,-1.136,-1.4037,-1.7748,8,b,(B,(B) 1-2 seconds
order_32f,data/videos_v3/int_3000ms/v3_3000_00804.avi,3000,1,0,-1.0118,-9.8965,-10.1452,-11.3323,-10.8325,32,b,NO,NO.
moved_real,data/videos_v3/int_3000ms/v3_3000_00804.avi,3000,1,0,-0.748,-10.0575,-11.0565,-11.4308,-10.8683,8,b,NO,NO.
moved_twin,data/twin_v3/v3_3000_00804.avi,3000,0,0,-2.5635,-10.0967,-11.2826,-11.4077,-10.7205,8,b,NO,NO.
still_real,data/videos_v3/int_3000ms/v3_3000_00804.avi,3000,0,0,-0.0802,-10.0905,-10.7775,-11.6501,-10.9016,8,b,NO,NO.
still_twin,data/twin_v3/v3_3000_00804.avi,3000,1,1,2.4841,-10.2703,-11.3945,-12.0793,-11.5797,8,b,YES,YES.
order_twin,data/twin_v3/v3_3000_00804.avi,3000,-1,0,-3.1019,-9.7586,-10.3823,-11.1949,-10.8821,8,b,NO,NO.
moved_solo_hit,data/videos_v3/int_3000ms/v3_3000_00804_solob.avi,3000,1,0,-0.9702,-9.9275,-10.9886,-11.3628,-10.7382,8,b,NO,NO.
moved_solo_fa,data/videos_v3/int_3000ms/v3_3000_00804_soloa.avi,3000,0,0,-1.3437,-10.2407,-11.1771,-11.5517,-10.8022,8,b,NO,NO.
order_real,data/videos_v3/int_3000ms/v3_3000_00805.avi,3000,1,0,-1.8453,-9.7538,-10.2524,-11.1896,-10.8148,8,a,NO,NO.
order_rev,data/videos_v3/int_3000ms/v3_3000_00805.avi,3000,1,0,-1.0222,-7.2933,-10.3543,-11.104,-10.6665,8,a,NO,NO.
order_forced,data/videos_v3/int_3000ms/v3_3000_00805.avi,3000,1,1,0.0004,-1.5983,-1.5987,-4.4729,-8.5929,8,a,The,The red square moved first.
interval,data/videos_v3/int_3000ms/v3_3000_00805.avi,3000,C,A,,-1.2704,-1.2382,-1.6454,-1.6415,8,a,(A,(A) Less than 1 second
order_32f,data/videos_v3/int_3000ms/v3_3000_00805.avi,3000,1,0,-2.688,-9.6552,-10.3412,-11.3411,-10.8412,32,a,NO,NO.
moved_real,data/videos_v3/int_3000ms/v3_3000_00805.avi,3000,1,0,-2.1869,-9.9925,-11.1785,-11.3658,-10.679,8,a,NO,NO.
moved_twin,data/twin_v3/v3_3000_00805.avi,3000,0,0,-2.6873,-10.2005,-11.449,-11.4493,-10.8245,8,a,NO,NO.
still_real,data/videos_v3/int_3000ms/v3_3000_00805.avi,3000,0,1,0.8042,-10.0175,-11.0166,-11.827,-11.1404,8,a,YES,YES.
still_twin,data/twin_v3/v3_3000_00805.avi,3000,1,1,1.6464,-10.0295,-11.1535,-11.9637,-11.3389,8,a,YES,YES.
order_twin,data/twin_v3/v3_3000_00805.avi,3000,-1,0,-2.3281,-9.7465,-10.3078,-11.1827,-10.8698,8,a,NO,NO.
moved_solo_hit,data/videos_v3/int_3000ms/v3_3000_00805_soloa.avi,3000,1,0,-1.7027,-9.9449,-11.1308,-11.3184,-10.6937,8,a,NO,NO.
moved_solo_fa,data/videos_v3/int_3000ms/v3_3000_00805_solob.avi,3000,0,0,-2.9105,-10.2854,-11.4717,-11.5966,-10.8471,8,a,NO,NO.
order_real,data/videos_v3/int_3000ms/v3_3000_00806.avi,3000,0,0,-1.4845,-9.8562,-10.0423,-11.4167,-10.7297,8,b,NO,NO.
order_rev,data/videos_v3/int_3000ms/v3_3000_00806.avi,3000,0,0,-0.4069,-7.3071,-10.2427,-11.2423,-10.6174,8,b,NO,NO.
order_forced,data/videos_v3/int_3000ms/v3_3000_00806.avi,3000,0,1,-0.1246,-2.0083,-1.8837,-7.881,-9.1275,8,b,The,The red triangle moved first.
interval,data/videos_v3/int_3000ms/v3_3000_00806.avi,3000,C,B,,-1.6151,-1.1061,-1.3707,-1.6183,8,b,(B,(B) 1-2 seconds
order_32f,data/videos_v3/int_3000ms/v3_3000_00806.avi,3000,0,0,-1.851,-10.062,-10.3102,-11.685,-10.8731,32,b,NO,NO.
moved_real,data/videos_v3/int_3000ms/v3_3000_00806.avi,3000,1,0,-0.9838,-10.125,-11.1237,-11.6228,-10.7488,8,b,NO,NO.
moved_twin,data/twin_v3/v3_3000_00806.avi,3000,0,0,-2.8457,-10.2859,-11.5967,-11.6595,-10.8475,8,b,NO,NO.
still_real,data/videos_v3/int_3000ms/v3_3000_00806.avi,3000,0,1,0.2594,-9.9561,-10.7051,-11.7026,-10.8293,8,b,YES,YES.
still_twin,data/twin_v3/v3_3000_00806.avi,3000,1,1,2.1375,-10.0396,-11.1636,-11.974,-11.2871,8,b,YES,YES.
order_twin,data/twin_v3/v3_3000_00806.avi,3000,-1,0,-2.2267,-9.8168,-10.1905,-11.3154,-10.8772,8,b,NO,NO.
moved_solo_hit,data/videos_v3/int_3000ms/v3_3000_00806_solob.avi,3000,1,0,-1.4979,-10.0865,-11.0849,-11.5216,-10.6476,8,b,NO,NO.
moved_solo_fa,data/videos_v3/int_3000ms/v3_3000_00806_soloa.avi,3000,0,0,-2.6394,-10.2799,-11.5908,-11.7159,-10.8414,8,b,NO,NO.
order_real,data/videos_v3/int_3000ms/v3_3000_00807.avi,3000,1,0,-1.6118,-10.3393,-10.6508,-11.4632,-11.338,8,b,NO,NO.
order_rev,data/videos_v3/int_3000ms/v3_3000_00807.avi,3000,1,0,-0.8038,-7.9204,-10.6694,-11.2317,-11.1686,8,b,NO,NO.
order_forced,data/videos_v3/int_3000ms/v3_3000_00807.avi,3000,1,1,-0.2499,-1.4007,-1.1508,-4.0255,-10.0222,8,b,The,The cyan square moved first.
interval,data/videos_v3/int_3000ms/v3_3000_00807.avi,3000,C,B,,-1.4962,-1.214,-1.5027,-1.6212,8,b,(B,(B) 1-2 seconds
order_32f,data/videos_v3/int_3000ms/v3_3000_00807.avi,3000,1,0,-2.2342,-10.3463,-10.7827,-11.5327,-11.2824,32,b,NO,NO.
moved_real,data/videos_v3/int_3000ms/v3_3000_00807.avi,3000,1,0,-3.0183,-10.3568,-11.9799,-11.5432,-11.4805,8,b,NO,NO.
moved_twin,data/twin_v3/v3_3000_00807.avi,3000,0,0,-3.5018,-10.3641,-11.9876,-11.2382,-11.2382,8,b,NO,NO.
still_real,data/videos_v3/int_3000ms/v3_3000_00807.avi,3000,0,1,0.1956,-10.3437,-11.1554,-11.9667,-11.3422,8,b,YES,YES.
still_twin,data/twin_v3/v3_3000_00807.avi,3000,1,1,2.0151,-10.4473,-11.5714,-12.2575,-11.7577,8,b,YES,YES.
order_twin,data/twin_v3/v3_3000_00807.avi,3000,-1,0,-2.6366,-10.1891,-10.8129,-11.3754,-11.3752,8,b,NO,NO.
moved_solo_hit,data/videos_v3/int_3000ms/v3_3000_00807_solob.avi,3000,1,0,-2.0057,-10.3193,-11.5052,-11.4431,-11.193,8,b,NO,NO.
moved_solo_fa,data/videos_v3/int_3000ms/v3_3000_00807_soloa.avi,3000,0,0,-4.0939,-10.4663,-12.2148,-11.3405,-11.4656,8,b,NO,NO.
order_real,data/videos_v3/int_3000ms/v3_3000_00808.avi,3000,1,0,-1.7348,-10.1869,-10.5603,-11.5597,-11.0604,8,a,NO,NO.
order_rev,data/videos_v3/int_3000ms/v3_3000_00808.avi,3000,1,0,-0.3071,-8.0478,-10.5464,-11.2957,-10.8585,8,a,NO,NO.
order_forced,data/videos_v3/int_3000ms/v3_3000_00808.avi,3000,1,0,-0.6249,-1.548,-0.9231,-3.9229,-9.1712,8,a,B,B
interval,data/videos_v3/int_3000ms/v3_3000_00808.avi,3000,C,A,,-1.1902,-1.3096,-1.5691,-1.568,8,a,(A,(A) Less than 1 second
order_32f,data/videos_v3/int_3000ms/v3_3000_00808.avi,3000,1,0,-2.313,-10.5512,-10.9249,-11.862,-11.2998,32,a,NO,NO.
moved_real,data/videos_v3/int_3000ms/v3_3000_00808.avi,3000,1,0,-1.987,-10.3481,-11.596,-11.4093,-11.0348,8,a,NO,NO.
moved_twin,data/twin_v3/v3_3000_00808.avi,3000,0,0,-3.2224,-10.3954,-11.8937,-11.207,-11.1447,8,a,NO,NO.
still_real,data/videos_v3/int_3000ms/v3_3000_00808.avi,3000,0,1,0.8105,-9.7219,-10.9707,-11.6566,-11.0327,8,a,YES,YES.
still_twin,data/twin_v3/v3_3000_00808.avi,3000,1,1,2.4999,-9.9201,-11.4189,-12.1671,-11.6051,8,a,YES,YES.
order_twin,data/twin_v3/v3_3000_00808.avi,3000,-1,0,-1.9072,-10.0575,-10.5559,-11.3684,-11.0558,8,a,NO,NO.
moved_solo_hit,data/videos_v3/int_3000ms/v3_3000_00808_soloa.avi,3000,1,0,-2.722,-10.2957,-11.669,-11.1696,-11.045,8,a,NO,NO.
moved_solo_fa,data/videos_v3/int_3000ms/v3_3000_00808_solob.avi,3000,0,0,-2.8738,-10.4108,-11.909,-11.2849,-11.2224,8,a,NO,NO.
order_real,data/videos_v3/int_3000ms/v3_3000_00809.avi,3000,1,0,-1.6399,-9.8943,-10.4554,-11.1425,-10.8923,8,a,NO,NO.
order_rev,data/videos_v3/int_3000ms/v3_3000_00809.avi,3000,1,0,-0.4248,-8.0152,-10.7013,-11.0762,-10.8883,8,a,NO,NO.
order_forced,data/videos_v3/int_3000ms/v3_3000_00809.avi,3000,1,1,0.1253,-1.3529,-1.4782,-5.852,-8.4739,8,a,The,The magenta circle moved first.
interval,data/videos_v3/int_3000ms/v3_3000_00809.avi,3000,C,B,,-1.5885,-1.1895,-1.4752,-1.4679,8,a,(B,(B) 1-2 seconds
order_32f,data/videos_v3/int_3000ms/v3_3000_00809.avi,3000,1,0,-2.7407,-9.7594,-10.5076,-11.2576,-10.8825,32,a,NO,NO.
moved_real,data/videos_v3/int_3000ms/v3_3000_00809.avi,3000,1,0,-2.9086,-10.3992,-11.8973,-11.7101,-11.211,8,a,NO,NO.
moved_twin,data/twin_v3/v3_3000_00809.avi,3000,0,0,-2.7759,-10.3201,-11.7558,-11.5685,-11.1319,8,a,NO,NO.
still_real,data/videos_v3/int_3000ms/v3_3000_00809.avi,3000,0,1,1.1732,-10.2761,-11.2131,-11.836,-11.3366,8,a,YES,YES.
still_twin,data/twin_v3/v3_3000_00809.avi,3000,1,1,2.0169,-10.5179,-11.4553,-12.0777,-11.7029,8,a,YES,YES.
order_twin,data/twin_v3/v3_3000_00809.avi,3000,-1,0,-1.9164,-9.7935,-10.4793,-11.1666,-10.9165,8,a,NO,NO.
moved_solo_hit,data/videos_v3/int_3000ms/v3_3000_00809_soloa.avi,3000,1,0,-2.7494,-10.3216,-11.8195,-11.57,-11.1332,8,a,NO,NO.
moved_solo_fa,data/videos_v3/int_3000ms/v3_3000_00809_solob.avi,3000,0,0,-2.887,-10.2765,-11.7743,-11.5871,-11.0883,8,a,NO,NO.
order_real,data/videos_v3/int_3000ms/v3_3000_00810.avi,3000,1,0,-0.5147,-10.0562,-10.4299,-11.1172,-11.0545,8,a,NO,NO.
order_rev,data/videos_v3/int_3000ms/v3_3000_00810.avi,3000,1,0,-0.4462,-8.1298,-10.6286,-11.0659,-10.8783,8,a,NO,NO.
order_forced,data/videos_v3/int_3000ms/v3_3000_00810.avi,3000,1,1,0.0002,-1.5341,-1.5343,-3.4091,-8.6572,8,a,The,The cyan circle moved first.
interval,data/videos_v3/int_3000ms/v3_3000_00810.avi,3000,C,B,,-1.4158,-1.271,-1.548,-1.4185,8,a,(B,(B) 1-2 seconds
order_32f,data/videos_v3/int_3000ms/v3_3000_00810.avi,3000,1,0,-1.3453,-10.0254,-10.4614,-11.336,-11.0237,32,a,NO,NO.
moved_real,data/videos_v3/int_3000ms/v3_3000_00810.avi,3000,1,0,-0.7727,-10.1133,-11.3613,-10.7371,-10.9248,8,a,NO,NO.
moved_twin,data/twin_v3/v3_3000_00810.avi,3000,0,0,-2.9993,-10.1854,-11.6838,-10.5598,-10.8099,8,a,NO,NO.
still_real,data/videos_v3/int_3000ms/v3_3000_00810.avi,3000,0,1,0.58,-9.7562,-10.8178,-11.5038,-10.942,8,a,YES,YES.
still_twin,data/twin_v3/v3_3000_00810.avi,3000,1,1,2.5189,-10.0435,-11.2924,-12.0399,-11.5406,8,a,YES,YES.
order_twin,data/twin_v3/v3_3000_00810.avi,3000,-1,0,-2.3654,-10.0302,-10.529,-11.154,-11.0287,8,a,NO,NO.
moved_solo_hit,data/videos_v3/int_3000ms/v3_3000_00810_soloa.avi,3000,1,0,-0.8863,-10.0928,-11.2786,-10.7166,-10.842,8,a,NO,NO.
moved_solo_fa,data/videos_v3/int_3000ms/v3_3000_00810_solob.avi,3000,0,0,-3.124,-10.2766,-11.7749,-10.651,-11.026,8,a,NO,NO.
order_real,data/videos_v3/int_3000ms/v3_3000_00811.avi,3000,0,0,-1.261,-9.9331,-10.3693,-11.4311,-10.869,8,b,NO,NO.
order_rev,data/videos_v3/int_3000ms/v3_3000_00811.avi,3000,0,0,-0.7725,-7.7384,-10.6121,-11.4242,-10.924,8,b,NO,NO.
order_forced,data/videos_v3/int_3000ms/v3_3000_00811.avi,3000,0,1,0.0003,-1.4451,-1.4454,-6.4438,-8.5656,8,b,The,The green square moved first.
interval,data/videos_v3/int_3000ms/v3_3000_00811.avi,3000,C,B,,-1.3353,-1.1781,-1.5888,-1.7064,8,b,(B,(B) 1-2 seconds
order_32f,data/videos_v3/int_3000ms/v3_3000_00811.avi,3000,0,0,-1.8454,-9.8787,-10.5023,-11.6267,-10.8774,32,b,NO,NO.
moved_real,data/videos_v3/int_3000ms/v3_3000_00811.avi,3000,1,0,-0.1587,-9.9469,-11.1954,-11.3202,-10.7578,8,b,NO,NO.
moved_twin,data/twin_v3/v3_3000_00811.avi,3000,0,0,-2.5949,-10.208,-11.7687,-11.7065,-10.9569,8,b,NO,NO.
still_real,data/videos_v3/int_3000ms/v3_3000_00811.avi,3000,0,0,-0.6093,-10.1169,-10.866,-11.552,-10.8652,8,b,NO,NO.
still_twin,data/twin_v3/v3_3000_00811.avi,3000,1,1,1.652,-10.3292,-11.5158,-12.1387,-11.5143,8,b,YES,YES.
order_twin,data/twin_v3/v3_3000_00811.avi,3000,-1,0,-2.3739,-9.8504,-10.5988,-11.5364,-11.0362,8,b,NO,NO.
moved_solo_hit,data/videos_v3/int_3000ms/v3_3000_00811_solob.avi,3000,1,0,-0.658,-10.1395,-11.3254,-11.5127,-10.8881,8,b,NO,NO.
moved_solo_fa,data/videos_v3/int_3000ms/v3_3000_00811_soloa.avi,3000,0,0,-2.624,-10.3311,-11.642,-11.6422,-10.8927,8,b,NO,NO.
order_real,data/videos_v3/int_3000ms/v3_3000_00812.avi,3000,1,0,-0.4004,-10.085,-10.1459,-11.645,-10.9585,8,b,NO,NO.
order_rev,data/videos_v3/int_3000ms/v3_3000_00812.avi,3000,1,0,-0.2724,-7.8797,-10.5655,-11.6271,-10.8779,8,b,NO,NO.
order_forced,data/videos_v3/int_3000ms/v3_3000_00812.avi,3000,1,1,-0.2498,-2.3893,-2.1395,-8.3869,-9.634,8,b,The,The blue triangle moved first.
interval,data/videos_v3/int_3000ms/v3_3000_00812.avi,3000,C,B,,-1.3197,-1.0641,-1.4481,-1.9474,8,b,(B,(B) 1-2 seconds
order_32f,data/videos_v3/int_3000ms/v3_3000_00812.avi,3000,1,0,-0.1142,-10.2726,-10.2083,-11.8944,-10.9588,32,b,NO,NO.
moved_real,data/videos_v3/int_3000ms/v3_3000_00812.avi,3000,1,1,0.5577,-10.0858,-11.0841,-11.6463,-10.8971,8,b,YES,YES.
moved_twin,data/twin_v3/v3_3000_00812.avi,3000,0,0,-3.0257,-10.3059,-11.4287,-11.7419,-10.8051,8,b,NO,NO.
still_real,data/videos_v3/int_3000ms/v3_3000_00812.avi,3000,0,0,-0.6792,-10.1688,-10.7304,-11.6665,-10.7927,8,b,NO,NO.
still_twin,data/twin_v3/v3_3000_00812.avi,3000,1,1,2.6443,-10.2501,-11.499,-12.0602,-11.4979,8,b,YES,YES.
order_twin,data/twin_v3/v3_3000_00812.avi,3000,-1,0,-3.0014,-9.9123,-10.3481,-11.5979,-10.973,8,b,NO,NO.
moved_solo_hit,data/videos_v3/int_3000ms/v3_3000_00812_solob.avi,3000,1,1,0.1974,-10.2032,-11.1386,-11.7629,-10.9517,8,b,YES,YES.
moved_solo_fa,data/videos_v3/int_3000ms/v3_3000_00812_soloa.avi,3000,0,0,-2.3862,-10.2077,-11.2056,-11.581,-10.769,8,b,NO,NO.
order_real,data/videos_v3/int_3000ms/v3_3000_00813.avi,3000,0,0,-1.4984,-9.9626,-10.3984,-11.5233,-10.9608,8,a,NO,NO.
order_rev,data/videos_v3/int_3000ms/v3_3000_00813.avi,3000,0,0,-0.309,-7.4707,-10.4687,-11.2188,-10.7811,8,a,NO,NO.
order_forced,data/videos_v3/int_3000ms/v3_3000_00813.avi,3000,0,0,-0.3747,-1.6841,-1.3094,-5.8075,-9.1748,8,a,The,The blue circle moved first.
interval,data/videos_v3/int_3000ms/v3_3000_00813.avi,3000,C,B,,-1.3107,-1.1659,-1.5634,-1.6826,8,a,(B,(B) 1-2 seconds
order_32f,data/videos_v3/int_3000ms/v3_3000_00813.avi,3000,0,0,-2.521,-10.0393,-10.5375,-11.7872,-11.0377,32,a,NO,NO.
moved_real,data/videos_v3/int_3000ms/v3_3000_00813.avi,3000,1,0,-2.3977,-10.1934,-11.6289,-11.6917,-10.8797,8,a,NO,NO.
moved_twin,data/twin_v3/v3_3000_00813.avi,3000,0,0,-2.7616,-10.1817,-11.6798,-11.6179,-10.8681,8,a,NO,NO.
still_real,data/videos_v3/int_3000ms/v3_3000_00813.avi,3000,0,1,0.2086,-9.9524,-10.7641,-11.6999,-10.9506,8,a,YES,YES.
still_twin,data/twin_v3/v3_3000_00813.avi,3000,1,1,2.4998,-10.1691,-11.3557,-12.1037,-11.5407,8,a,YES,YES.
order_twin,data/twin_v3/v3_3000_00813.avi,3000,-1,0,-2.4712,-9.9385,-10.4995,-11.4993,-11.0615,8,a,NO,NO.
moved_solo_hit,data/videos_v3/int_3000ms/v3_3000_00813_soloa.avi,3000,1,0,-1.1693,-10.1284,-11.3143,-11.5641,-10.8144,8,a,NO,NO.
moved_solo_fa,data/videos_v3/int_3000ms/v3_3000_00813_solob.avi,3000,0,0,-2.7487,-10.0439,-11.6669,-11.6673,-10.8552,8,a,NO,NO.
order_real,data/videos_v3/int_3000ms/v3_3000_00814.avi,3000,0,0,-2.0149,-10.026,-10.5247,-11.2118,-11.0867,8,a,NO,NO.
order_rev,data/videos_v3/int_3000ms/v3_3000_00814.avi,3000,0,0,-0.7195,-7.8959,-10.5193,-11.019,-10.7688,8,a,NO,NO.
order_forced,data/videos_v3/int_3000ms/v3_3000_00814.avi,3000,0,0,-0.1246,-1.4404,-1.3158,-3.9398,-8.5596,8,a,The,The yellow circle moved first.
interval,data/videos_v3/int_3000ms/v3_3000_00814.avi,3000,C,B,,-1.3602,-1.2139,-1.6141,-1.6102,8,a,(B,(B) 1-2 seconds
order_32f,data/videos_v3/int_3000ms/v3_3000_00814.avi,3000,0,0,-2.6281,-9.9909,-10.4272,-11.2394,-10.927,32,a,NO,NO.
moved_real,data/videos_v3/int_3000ms/v3_3000_00814.avi,3000,1,0,-3.5975,-10.3829,-11.9435,-11.1321,-11.0697,8,a,NO,NO.
moved_twin,data/twin_v3/v3_3000_00814.avi,3000,0,0,-3.2616,-10.4061,-11.8419,-11.2175,-10.9678,8,a,NO,NO.
still_real,data/videos_v3/int_3000ms/v3_3000_00814.avi,3000,0,1,1.284,-10.1731,-11.1101,-11.92,-11.2957,8,a,YES,YES.
still_twin,data/twin_v3/v3_3000_00814.avi,3000,1,1,1.8962,-10.1797,-11.2415,-12.0518,-11.4891,8,a,YES,YES.
order_twin,data/twin_v3/v3_3000_00814.avi,3000,-1,0,-2.3739,-9.9758,-10.4745,-11.0994,-11.0366,8,a,NO,NO.
moved_solo_hit,data/videos_v3/int_3000ms/v3_3000_00814_soloa.avi,3000,1,0,-3.2857,-10.2813,-11.8417,-11.0303,-10.9054,8,a,NO,NO.
moved_solo_fa,data/videos_v3/int_3000ms/v3_3000_00814_solob.avi,3000,0,0,-3.3867,-10.4016,-11.9621,-11.1507,-11.026,8,a,NO,NO.
order_real,data/videos_v3/int_3000ms/v3_3000_00815.avi,3000,1,0,-2.1504,-10.3062,-10.5549,-11.8048,-11.3673,8,a,NO,NO.
order_rev,data/videos_v3/int_3000ms/v3_3000_00815.avi,3000,1,0,-1.1852,-8.1032,-10.6644,-11.7264,-11.2264,8,a,NO,NO.
order_forced,data/videos_v3/int_3000ms/v3_3000_00815.avi,3000,1,0,-0.25,-0.9923,-0.7423,-5.4922,-9.7413,8,a,B,B
interval,data/videos_v3/int_3000ms/v3_3000_00815.avi,3000,C,A,,-1.2242,-1.4638,-1.6065,-1.3543,8,a,(A,(A) Less than 1 second.
order_32f,data/videos_v3/int_3000ms/v3_3000_00815.avi,3000,1,0,-2.5961,-10.3635,-10.5496,-11.7999,-11.3623,32,a,NO,NO.
moved_real,data/videos_v3/int_3000ms/v3_3000_00815.avi,3000,1,0,-2.764,-10.3857,-11.3843,-12.0095,-11.3224,8,a,NO,NO.
moved_twin,data/twin_v3/v3_3000_00815.avi,3000,0,0,-2.6481,-10.0917,-11.2149,-11.8404,-11.0906,8,a,NO,NO.
still_real,data/videos_v3/int_3000ms/v3_3000_00815.avi,3000,0,1,1.4322,-10.2824,-11.1573,-12.0307,-11.5936,8,a,YES,YES.
still_twin,data/twin_v3/v3_3000_00815.avi,3000,1,1,1.1824,-10.1494,-11.149,-11.9599,-11.5226,8,a,YES,YES.
order_twin,data/twin_v3/v3_3000_00815.avi,3000,-1,0,-2.2612,-10.2573,-10.5683,-11.8183,-11.3809,8,a,NO,NO.
moved_solo_hit,data/videos_v3/int_3000ms/v3_3000_00815_soloa.avi,3000,1,0,-2.5113,-10.2351,-11.2338,-11.8588,-11.1718,8,a,NO,NO.
moved_solo_fa,data/videos_v3/int_3000ms/v3_3000_00815_solob.avi,3000,0,0,-2.7514,-10.2712,-11.2697,-11.9575,-11.1455,8,a,NO,NO.
order_real,data/videos_v3/int_3000ms/v3_3000_00816.avi,3000,1,0,-1.5348,-9.8794,-10.3151,-11.2525,-10.8775,8,a,NO,NO.
order_rev,data/videos_v3/int_3000ms/v3_3000_00816.avi,3000,1,0,-0.5411,-7.7366,-10.5476,-11.2348,-10.7348,8,a,NO,NO.
order_forced,data/videos_v3/int_3000ms/v3_3000_00816.avi,3000,1,1,0.1256,-1.7248,-1.8504,-4.7242,-8.7184,8,a,The,The cyan triangle moved first.
interval,data/videos_v3/int_3000ms/v3_3000_00816.avi,3000,C,B,,-1.4263,-1.1608,-1.5553,-1.5513,8,a,(B,(B) 1-2 seconds
order_32f,data/videos_v3/int_3000ms/v3_3000_00816.avi,3000,1,0,-1.7266,-9.9376,-10.4358,-11.3734,-10.9359,32,a,NO,NO.
moved_real,data/videos_v3/int_3000ms/v3_3000_00816.avi,3000,1,0,-2.283,-10.3166,-11.5646,-11.2526,-10.8782,8,a,NO,NO.
moved_twin,data/twin_v3/v3_3000_00816.avi,3000,0,0,-3.1365,-10.4113,-11.7841,-11.2226,-10.9104,8,a,NO,NO.
still_real,data/videos_v3/int_3000ms/v3_3000_00816.avi,3000,0,1,0.575,-10.029,-10.9031,-11.7134,-10.9646,8,a,YES,YES.
still_twin,data/twin_v3/v3_3000_00816.avi,3000,1,1,2.3861,-10.3138,-11.376,-12.0608,-11.4986,8,a,YES,YES.
order_twin,data/twin_v3/v3_3000_00816.avi,3000,-1,0,-2.1239,-9.7519,-10.2505,-11.0629,-10.8125,8,a,NO,NO.
moved_solo_hit,data/videos_v3/int_3000ms/v3_3000_00816_soloa.avi,3000,1,0,-2.2996,-10.2912,-11.6015,-11.2273,-10.9151,8,a,NO,NO.
moved_solo_fa,data/videos_v3/int_3000ms/v3_3000_00816_solob.avi,3000,0,0,-2.8867,-10.399,-11.7095,-11.2102,-10.898,8,a,NO,NO.
order_real,data/videos_v3/int_3000ms/v3_3000_00817.avi,3000,0,0,-0.6903,-10.0581,-10.3067,-11.5561,-10.8691,8,b,NO,NO.
order_rev,data/videos_v3/int_3000ms/v3_3000_00817.avi,3000,0,0,-0.4577,-7.7856,-10.4715,-11.4082,-10.7834,8,b,NO,NO.
order_forced,data/videos_v3/int_3000ms/v3_3000_00817.avi,3000,0,1,0.0004,-2.1702,-2.1706,-7.9175,-9.4144,8,b,The,The green triangle moved first.
interval,data/videos_v3/int_3000ms/v3_3000_00817.avi,3000,C,B,,-1.8144,-1.0587,-1.3202,-1.5683,8,b,(B,(B) 1-2 seconds
order_32f,data/videos_v3/int_3000ms/v3_3000_00817.avi,3000,0,0,-1.1525,-10.0992,-10.5349,-11.7219,-10.7853,32,b,NO,NO.
moved_real,data/videos_v3/int_3000ms/v3_3000_00817.avi,3000,1,0,-0.6691,-10.0833,-11.2066,-11.5806,-10.7068,8,b,NO,NO.
moved_twin,data/twin_v3/v3_3000_00817.avi,3000,0,0,-2.9857,-10.4479,-11.8209,-11.8212,-10.8221,8,b,NO,NO.
still_real,data/videos_v3/int_3000ms/v3_3000_00817.avi,3000,0,1,0.2946,-9.9756,-10.7252,-11.66,-10.8491,8,b,YES,YES.
still_twin,data/twin_v3/v3_3000_00817.avi,3000,1,1,2.2674,-10.2607,-11.3227,-11.946,-11.3834,8,b,YES,YES.
order_twin,data/twin_v3/v3_3000_00817.avi,3000,-1,0,-1.7624,-9.934,-10.4326,-11.4325,-10.8076,8,b,NO,NO.
moved_solo_hit,data/videos_v3/int_3000ms/v3_3000_00817_solob.avi,3000,1,0,-0.8026,-10.2157,-11.3388,-11.7132,-10.7771,8,b,NO,NO.
moved_solo_fa,data/videos_v3/int_3000ms/v3_3000_00817_soloa.avi,3000,0,0,-2.8283,-10.3311,-11.6416,-11.7666,-10.7678,8,b,NO,NO.
order_real,data/videos_v3/int_3000ms/v3_3000_00818.avi,3000,1,0,-1.6601,-10.108,-10.3569,-11.4187,-10.8569,8,a,NO,NO.
order_rev,data/videos_v3/int_3000ms/v3_3000_00818.avi,3000,1,0,-0.8102,-7.9568,-10.4556,-11.0178,-10.7675,8,a,NO,NO.
order_forced,data/videos_v3/int_3000ms/v3_3000_00818.avi,3000,1,0,0.2502,-1.1107,-1.3609,-3.9856,-8.9844,8,a,The,The cyan square moved first.
interval,data/videos_v3/int_3000ms/v3_3000_00818.avi,3000,C,A,,-1.3524,-1.3116,-1.6068,-1.5975,8,a,(A,(A) Less than 1 second
order_32f,data/videos_v3/int_3000ms/v3_3000_00818.avi,3000,1,0,-2.1506,-10.1831,-10.6196,-11.7438,-10.9946,32,a,NO,NO.
moved_real,data/videos_v3/int_3000ms/v3_3000_00818.avi,3000,1,0,-2.9266,-10.1268,-11.6879,-11.9997,-11.1258,8,a,NO,NO.
moved_twin,data/twin_v3/v3_3000_00818.avi,3000,0,0,-2.928,-10.1471,-11.6457,-11.8324,-11.021,8,a,NO,NO.
still_real,data/videos_v3/int_3000ms/v3_3000_00818.avi,3000,0,1,0.6825,-9.9175,-10.9168,-11.7276,-11.1033,8,a,YES,YES.
still_twin,data/twin_v3/v3_3000_00818.avi,3000,1,1,2.0079,-9.9491,-11.2604,-12.071,-11.384,8,a,YES,YES.
order_twin,data/twin_v3/v3_3000_00818.avi,3000,-1,0,-1.8154,-9.9308,-10.3049,-11.3042,-10.8045,8,a,NO,NO.
moved_solo_hit,data/videos_v3/int_3000ms/v3_3000_00818_soloa.avi,3000,1,0,-2.8105,-10.1424,-11.641,-11.9528,-11.079,8,a,NO,NO.
moved_solo_fa,data/videos_v3/int_3000ms/v3_3000_00818_solob.avi,3000,0,0,-3.293,-10.245,-11.7437,-11.993,-11.1193,8,a,NO,NO.
order_real,data/videos_v3/int_3000ms/v3_3000_00819.avi,3000,0,0,-0.7852,-9.9974,-10.3712,-11.3704,-10.9332,8,b,NO,NO.
order_rev,data/videos_v3/int_3000ms/v3_3000_00819.avi,3000,0,0,-0.2915,-8.085,-10.7087,-11.2084,-10.9581,8,b,NO,NO.
order_forced,data/videos_v3/int_3000ms/v3_3000_00819.avi,3000,0,0,0.1251,-1.2839,-1.409,-6.1582,-9.0297,8,b,The,The magenta triangle moved first.
interval,data/videos_v3/int_3000ms/v3_3000_00819.avi,3000,C,B,,-1.4577,-1.1794,-1.4651,-1.5866,8,b,(B,(B) 1-2 seconds
order_32f,data/videos_v3/int_3000ms/v3_3000_00819.avi,3000,0,0,-1.4986,-9.901,-10.3373,-11.4617,-10.7747,32,b,NO,NO.
moved_real,data/videos_v3/int_3000ms/v3_3000_00819.avi,3000,1,0,-0.0446,-10.2806,-11.4041,-11.466,-10.9668,8,b,NO,NO.
moved_twin,data/twin_v3/v3_3000_00819.avi,3000,0,0,-3.1861,-10.3344,-11.9577,-11.7079,-11.0836,8,b,NO,NO.
still_real,data/videos_v3/int_3000ms/v3_3000_00819.avi,3000,0,0,0.0144,-10.1622,-10.9117,-11.6601,-11.098,8,b,NO,NO.
still_twin,data/twin_v3/v3_3000_00819.avi,3000,1,1,2.269,-10.5633,-11.6877,-12.3106,-11.8105,8,b,YES,YES.
order_twin,data/twin_v3/v3_3000_00819.avi,3000,-1,0,-2.0324,-9.7954,-10.4191,-11.3563,-10.8563,8,b,NO,NO.
moved_solo_hit,data/videos_v3/int_3000ms/v3_3000_00819_solob.avi,3000,1,1,0.4236,-10.3255,-11.5115,-11.5112,-11.1364,8,b,YES,YES.
moved_solo_fa,data/videos_v3/int_3000ms/v3_3000_00819_soloa.avi,3000,0,0,-2.5787,-10.3495,-11.8477,-11.5981,-11.0364,8,b,NO,NO.
order_real,data/videos_v3/int_3000ms/v3_3000_00820.avi,3000,0,0,-1.7611,-9.9675,-10.5287,-11.5282,-11.0284,8,a,NO,NO.
order_rev,data/videos_v3/int_3000ms/v3_3000_00820.avi,3000,0,0,-1.1694,-7.6308,-10.6293,-11.2542,-10.8789,8,a,NO,NO.
order_forced,data/videos_v3/int_3000ms/v3_3000_00820.avi,3000,0,1,0.1252,-1.0868,-1.212,-7.3353,-8.8334,8,a,A,A
interval,data/videos_v3/int_3000ms/v3_3000_00820.avi,3000,C,A,,-1.1699,-1.3913,-1.6699,-1.5449,8,a,(A,(A) Less than 1 second
order_real,data/videos_v3/int_3000ms/v3_3000_00821.avi,3000,0,0,-1.1671,-10.2327,-10.5441,-11.5432,-11.1685,8,a,NO,NO.
order_rev,data/videos_v3/int_3000ms/v3_3000_00821.avi,3000,0,0,-1.5328,-7.9177,-10.6664,-11.3538,-10.9163,8,a,NO,NO.
order_forced,data/videos_v3/int_3000ms/v3_3000_00821.avi,3000,0,1,0.2501,-1.0611,-1.3112,-3.8109,-9.5596,8,a,A,A
interval,data/videos_v3/int_3000ms/v3_3000_00821.avi,3000,C,A,,-1.2531,-1.3418,-1.632,-1.632,8,a,(A,(A) Less than 1 second
order_real,data/videos_v3/int_3000ms/v3_3000_00822.avi,3000,1,0,-1.735,-10.0631,-10.5615,-11.5609,-11.0612,8,a,NO,NO.
order_rev,data/videos_v3/int_3000ms/v3_3000_00822.avi,3000,1,0,-0.9195,-7.9454,-10.6312,-11.3184,-10.943,8,a,NO,NO.
order_forced,data/videos_v3/int_3000ms/v3_3000_00822.avi,3000,1,0,-0.1249,-1.2046,-1.0797,-5.704,-9.5759,8,a,B,B
interval,data/videos_v3/int_3000ms/v3_3000_00822.avi,3000,C,A,,-1.2957,-1.2782,-1.6731,-1.4231,8,a,(A,(A) Less than 1 second
order_real,data/videos_v3/int_3000ms/v3_3000_00823.avi,3000,1,0,-1.4097,-10.0893,-10.2757,-11.3996,-10.9004,8,b,NO,NO.
order_rev,data/videos_v3/int_3000ms/v3_3000_00823.avi,3000,1,0,-0.9319,-8.079,-10.5153,-11.1396,-10.765,8,b,NO,NO.
order_forced,data/videos_v3/int_3000ms/v3_3000_00823.avi,3000,1,0,-0.2498,-1.587,-1.3372,-3.837,-8.5849,8,b,The,The yellow circle moved first.
interval,data/videos_v3/int_3000ms/v3_3000_00823.avi,3000,C,B,,-1.3836,-1.2431,-1.5126,-1.5086,8,b,(B,(B) 1-2 seconds
order_real,data/videos_v3/int_3000ms/v3_3000_00824.avi,3000,0,0,-1.4843,-10.1371,-10.5106,-11.7604,-11.2605,8,a,NO,NO.
order_rev,data/videos_v3/int_3000ms/v3_3000_00824.avi,3000,0,0,-1.0351,-7.9253,-10.5489,-11.4861,-10.9861,8,a,NO,NO.
order_forced,data/videos_v3/int_3000ms/v3_3000_00824.avi,3000,0,0,-0.125,-1.2515,-1.1265,-6.1262,-9.625,8,a,The,The magenta square moved first.
interval,data/videos_v3/int_3000ms/v3_3000_00824.avi,3000,C,A,,-1.1271,-1.3412,-1.7571,-1.7521,8,a,(A,(A) Less than 1 second
order_real,data/videos_v3/int_3000ms/v3_3000_00825.avi,3000,0,0,-2.1665,-10.0122,-10.3235,-11.1355,-10.8858,8,b,NO,NO.
order_rev,data/videos_v3/int_3000ms/v3_3000_00825.avi,3000,0,0,-1.0413,-7.9562,-10.5176,-10.8923,-10.767,8,b,NO,NO.
order_forced,data/videos_v3/int_3000ms/v3_3000_00825.avi,3000,0,1,0.1252,-1.3607,-1.4859,-4.4852,-8.6074,8,b,The,The yellow circle moved first.
interval,data/videos_v3/int_3000ms/v3_3000_00825.avi,3000,C,A,,-1.3626,-1.3224,-1.616,-1.4837,8,b,(A,(A) Less than 1 second
order_real,data/videos_v3/int_3000ms/v3_3000_00826.avi,3000,1,0,-1.557,-9.9997,-10.4984,-11.6851,-11.0606,8,b,NO,NO.
order_rev,data/videos_v3/int_3000ms/v3_3000_00826.avi,3000,1,0,-1.0496,-7.8116,-10.6853,-11.4349,-10.9349,8,b,NO,NO.
order_forced,data/videos_v3/int_3000ms/v3_3000_00826.avi,3000,1,0,-0.1248,-1.3547,-1.2299,-6.1037,-8.9761,8,b,The,The yellow square moved first.
interval,data/videos_v3/int_3000ms/v3_3000_00826.avi,3000,C,A,,-1.2633,-1.366,-1.5214,-1.5163,8,b,(A,(A) Less than 1 second
order_real,data/videos_v3/int_3000ms/v3_3000_00827.avi,3000,1,0,-0.3869,-10.0397,-10.4758,-11.5997,-10.9756,8,a,NO,NO.
order_rev,data/videos_v3/int_3000ms/v3_3000_00827.avi,3000,1,0,-0.6502,-8.055,-10.6784,-11.5528,-11.053,8,a,NO,NO.
order_forced,data/videos_v3/int_3000ms/v3_3000_00827.avi,3000,1,1,-0.3749,-1.4927,-1.1178,-5.8674,-9.3659,8,a,The,The red circle moved first.
interval,data/videos_v3/int_3000ms/v3_3000_00827.avi,3000,C,A,,-0.9999,-1.3693,-1.7509,-1.6259,8,a,(A,(A) Less than 1 second
order_real,data/videos_v3/int_3000ms/v3_3000_00828.avi,3000,1,0,-0.5443,-10.0655,-10.3767,-11.5634,-11.0013,8,a,NO,NO.
order_rev,data/videos_v3/int_3000ms/v3_3000_00828.avi,3000,1,0,-0.0713,-7.7941,-10.5427,-11.2921,-10.8546,8,a,NO,NO.
order_forced,data/videos_v3/int_3000ms/v3_3000_00828.avi,3000,1,1,-0.1248,-1.4876,-1.3628,-7.1111,-8.6089,8,a,The,The green triangle moved first.
interval,data/videos_v3/int_3000ms/v3_3000_00828.avi,3000,C,B,,-1.5561,-1.1525,-1.4369,-1.6811,8,a,(B,(B) 1-2 seconds
order_real,data/videos_v3/int_3000ms/v3_3000_00829.avi,3000,0,0,-1.7485,-10.2315,-10.6048,-11.7922,-11.355,8,a,NO,NO.
order_rev,data/videos_v3/int_3000ms/v3_3000_00829.avi,3000,0,0,-0.908,-7.8114,-10.5599,-11.6221,-11.0598,8,a,NO,NO.
order_forced,data/videos_v3/int_3000ms/v3_3000_00829.avi,3000,0,0,-0.2499,-1.2458,-0.9959,-6.1207,-9.745,8,a,B,B
interval,data/videos_v3/int_3000ms/v3_3000_00829.avi,3000,C,A,,-1.1492,-1.3533,-1.6542,-1.7686,8,a,(A,(A) Less than 1 second
order_real,data/videos_v3/int_3000ms/v3_3000_00830.avi,3000,1,0,-1.4695,-9.9682,-10.2166,-11.5284,-10.8414,8,b,NO,NO.
order_rev,data/videos_v3/int_3000ms/v3_3000_00830.avi,3000,1,0,-0.6572,-7.7134,-10.3369,-11.2115,-10.5866,8,b,NO,NO.
order_forced,data/videos_v3/int_3000ms/v3_3000_00830.avi,3000,1,1,-0.1247,-1.6955,-1.5708,-8.1923,-8.9396,8,b,The,The blue triangle moved first.
interval,data/videos_v3/int_3000ms/v3_3000_00830.avi,3000,C,B,,-1.3877,-1.1286,-1.5158,-1.6393,8,b,(B,(B) 1-2 seconds
order_real,data/videos_v3/int_3000ms/v3_3000_00831.avi,3000,1,0,-1.1601,-10.0187,-10.4546,-11.3915,-10.892,8,b,NO,NO.
order_rev,data/videos_v3/int_3000ms/v3_3000_00831.avi,3000,1,0,-0.5256,-7.9755,-10.7239,-11.2237,-10.9111,8,b,NO,NO.
order_forced,data/videos_v3/int_3000ms/v3_3000_00831.avi,3000,1,0,0.1251,-1.231,-1.3561,-5.7303,-8.9765,8,b,The,The magenta triangle moved first.
interval,data/videos_v3/int_3000ms/v3_3000_00831.avi,3000,C,B,,-1.4077,-1.1389,-1.5392,-1.6577,8,b,(B,(B) 1-2 seconds
order_real,data/videos_v3/int_3000ms/v3_3000_00832.avi,3000,1,0,-1.2726,-9.8561,-10.2922,-11.4168,-10.9168,8,a,NO,NO.
order_rev,data/videos_v3/int_3000ms/v3_3000_00832.avi,3000,1,0,-0.5146,-7.7461,-10.5571,-11.1822,-10.8693,8,a,NO,NO.
order_forced,data/videos_v3/int_3000ms/v3_3000_00832.avi,3000,1,1,-0.2497,-1.6394,-1.3897,-7.0125,-8.8839,8,a,The,The blue circle moved first.
interval,data/videos_v3/int_3000ms/v3_3000_00832.avi,3000,C,B,,-1.3722,-1.2109,-1.5011,-1.6178,8,a,(B,(B) 1-2 seconds
order_real,data/videos_v3/int_3000ms/v3_3000_00833.avi,3000,0,0,-1.3976,-10.2035,-10.7018,-11.5769,-11.3267,8,a,NO,NO.
order_rev,data/videos_v3/int_3000ms/v3_3000_00833.avi,3000,0,0,-1.1691,-7.754,-10.6273,-11.3152,-11.1273,8,a,NO,NO.
order_forced,data/videos_v3/int_3000ms/v3_3000_00833.avi,3000,0,1,0.0001,-1.0369,-1.037,-3.5369,-9.7859,8,a,A,A
interval,data/videos_v3/int_3000ms/v3_3000_00833.avi,3000,C,A,,-1.1778,-1.3825,-1.6897,-1.6841,8,a,(A,(A) Less than 1 second
order_real,data/videos_v3/int_3000ms/v3_3000_00834.avi,3000,0,0,-1.8603,-9.9209,-10.482,-11.4191,-10.9817,8,a,NO,NO.
order_rev,data/videos_v3/int_3000ms/v3_3000_00834.avi,3000,0,0,-0.7946,-7.4832,-10.4815,-11.2937,-10.7935,8,a,NO,NO.
order_forced,data/videos_v3/int_3000ms/v3_3000_00834.avi,3000,0,1,0.2502,-1.3238,-1.574,-6.4477,-8.5704,8,a,The,The green square moved first.
interval,data/videos_v3/int_3000ms/v3_3000_00834.avi,3000,C,A,,-1.3179,-1.2894,-1.571,-1.5679,8,a,(A,(A) Less than 1 second
order_real,data/videos_v3/int_3000ms/v3_3000_00835.avi,3000,1,0,-1.3653,-9.8557,-10.3542,-11.291,-10.7914,8,a,NO,NO.
order_rev,data/videos_v3/int_3000ms/v3_3000_00835.avi,3000,1,0,-0.6279,-7.8481,-10.5343,-11.1585,-10.7833,8,a,NO,NO.
order_forced,data/videos_v3/int_3000ms/v3_3000_00835.avi,3000,1,0,0.1253,-1.4213,-1.5466,-6.1703,-8.7917,8,a,The,The yellow triangle moved first.
interval,data/videos_v3/int_3000ms/v3_3000_00835.avi,3000,C,B,,-1.5014,-1.1066,-1.6264,-1.5014,8,a,(B,(B) 1-2 seconds
order_real,data/videos_v3/int_3000ms/v3_3000_00836.avi,3000,0,0,-1.1476,-9.9648,-10.4009,-11.4627,-10.9005,8,b,NO,NO.
order_rev,data/videos_v3/int_3000ms/v3_3000_00836.avi,3000,0,0,-1.1902,-7.792,-10.6031,-11.415,-10.8525,8,b,NO,NO.
order_forced,data/videos_v3/int_3000ms/v3_3000_00836.avi,3000,0,0,0.2504,-1.5453,-1.7957,-7.292,-8.5387,8,b,The,The yellow triangle moved first.
interval,data/videos_v3/int_3000ms/v3_3000_00836.avi,3000,C,B,,-1.5534,-1.1586,-1.4356,-1.5561,8,b,(B,(B) 1-2 seconds
order_real,data/videos_v3/int_3000ms/v3_3000_00837.avi,3000,0,0,-1.551,-10.2688,-10.7047,-11.5796,-11.3921,8,a,NO,NO.
order_rev,data/videos_v3/int_3000ms/v3_3000_00837.avi,3000,0,0,-1.4079,-7.6912,-10.5023,-11.19,-11.0645,8,a,NO,NO.
order_forced,data/videos_v3/int_3000ms/v3_3000_00837.avi,3000,0,1,0.0001,-1.0521,-1.0522,-4.4269,-9.9256,8,a,A,A
interval,data/videos_v3/int_3000ms/v3_3000_00837.avi,3000,C,A,,-1.303,-1.3876,-1.5679,-1.678,8,a,(A,(A) Less than 1 second
order_real,data/videos_v3/int_3000ms/v3_3000_00838.avi,3000,0,0,-1.4696,-10.2147,-10.9006,-11.9002,-11.2759,8,a,NO,NO.
order_rev,data/videos_v3/int_3000ms/v3_3000_00838.avi,3000,0,0,-0.8864,-8.3396,-11.0255,-11.7125,-11.2131,8,a,NO,NO.
order_forced,data/videos_v3/int_3000ms/v3_3000_00838.avi,3000,0,1,0.0,-1.0391,-1.0391,-5.414,-9.0383,8,a,A,A
interval,data/videos_v3/int_3000ms/v3_3000_00838.avi,3000,C,A,,-1.0422,-1.5342,-1.9172,-1.2937,8,a,(A,(A) Less than 1 second.
order_real,data/videos_v3/int_3000ms/v3_3000_00839.avi,3000,1,0,-1.6884,-10.1292,-10.6899,-11.6267,-11.1274,8,b,NO,NO.
order_rev,data/videos_v3/int_3000ms/v3_3000_00839.avi,3000,1,0,-1.1745,-8.0295,-10.7155,-11.2778,-10.9029,8,b,NO,NO.
order_forced,data/videos_v3/int_3000ms/v3_3000_00839.avi,3000,1,1,0.0,-1.1086,-1.1086,-3.4835,-8.9816,8,b,A,A
interval,data/videos_v3/int_3000ms/v3_3000_00839.avi,3000,C,A,,-1.0675,-1.4226,-1.6925,-1.5675,8,b,(A,(A) Less than 1 second
order_real,data/videos_v3/int_3000ms/v3_3000_00840.avi,3000,1,0,-2.705,-10.1275,-10.7511,-11.5635,-11.3759,8,b,NO,NO.
order_rev,data/videos_v3/int_3000ms/v3_3000_00840.avi,3000,1,0,-0.9079,-8.1867,-10.6229,-11.3099,-11.1222,8,b,NO,NO.
order_forced,data/videos_v3/int_3000ms/v3_3000_00840.avi,3000,1,0,0.0001,-1.1943,-1.1944,-3.3193,-10.0671,8,b,The,The cyan circle moved first.
interval,data/videos_v3/int_3000ms/v3_3000_00840.avi,3000,C,A,,-1.2969,-1.2802,-1.675,-1.425,8,b,(A,(A) Less than 1 second
order_real,data/videos_v3/int_3000ms/v3_3000_00841.avi,3000,1,0,-1.2533,-10.0484,-10.5468,-11.4837,-11.109,8,a,NO,NO.
order_rev,data/videos_v3/int_3000ms/v3_3000_00841.avi,3000,1,0,-0.6823,-7.7829,-10.5938,-11.3432,-10.9683,8,a,NO,NO.
order_forced,data/videos_v3/int_3000ms/v3_3000_00841.avi,3000,1,1,0.125,-0.9627,-1.0877,-6.0874,-9.0866,8,a,A,A
interval,data/videos_v3/int_3000ms/v3_3000_00841.avi,3000,C,A,,-1.1141,-1.3389,-1.7425,-1.6175,8,a,(A,(A) Less than 1 second
order_real,data/videos_v3/int_3000ms/v3_3000_00842.avi,3000,0,0,-2.0228,-10.0636,-10.5001,-11.4371,-10.9375,8,b,NO,NO.
order_rev,data/videos_v3/int_3000ms/v3_3000_00842.avi,3000,0,0,-1.0492,-7.6895,-10.3131,-10.9378,-10.5628,8,b,NO,NO.
order_forced,data/videos_v3/int_3000ms/v3_3000_00842.avi,3000,0,1,-0.2497,-1.8111,-1.5614,-4.061,-8.5594,8,b,The,The yellow square moved first.
interval,data/videos_v3/int_3000ms/v3_3000_00842.avi,3000,C,A,,-1.2913,-1.2511,-1.5448,-1.783,8,b,(A,(A) Less than 1 second
order_real,data/videos_v3/int_3000ms/v3_3000_00843.avi,3000,0,0,-1.6102,-10.4552,-10.8911,-12.0778,-11.391,8,a,NO,NO.
order_rev,data/videos_v3/int_3000ms/v3_3000_00843.avi,3000,0,0,-1.1581,-8.2439,-10.8676,-11.7419,-11.1173,8,a,NO,NO.
order_forced,data/videos_v3/int_3000ms/v3_3000_00843.avi,3000,0,1,0.0,-0.8767,-0.8767,-6.2515,-9.5008,8,a,A,A
interval,data/videos_v3/int_3000ms/v3_3000_00843.avi,3000,C,A,,-1.0055,-1.4999,-1.8815,-1.3824,8,a,(A,(A) Less than 1 second
order_real,data/videos_v3/int_3000ms/v3_3000_00844.avi,3000,0,0,-1.9369,-10.2681,-10.6417,-11.7664,-11.3291,8,a,NO,NO.
order_rev,data/videos_v3/int_3000ms/v3_3000_00844.avi,3000,0,0,-1.1357,-7.751,-10.5621,-11.437,-11.0616,8,a,NO,NO.
order_forced,data/videos_v3/int_3000ms/v3_3000_00844.avi,3000,0,1,-0.25,-1.3383,-1.0883,-6.7128,-9.9614,8,a,The,The red square moved first.
interval,data/videos_v3/int_3000ms/v3_3000_00844.avi,3000,C,B,,-1.3844,-1.2275,-1.6426,-1.6344,8,a,(B,(B) 1-2 seconds
order_real,data/videos_v3/int_3000ms/v3_3000_00845.avi,3000,0,0,-1.8653,-9.9576,-10.3937,-11.4556,-10.8311,8,b,NO,NO.
order_rev,data/videos_v3/int_3000ms/v3_3000_00845.avi,3000,0,0,-0.6962,-7.9155,-10.5394,-11.3513,-10.8511,8,b,NO,NO.
order_forced,data/videos_v3/int_3000ms/v3_3000_00845.avi,3000,0,0,0.1252,-1.4879,-1.6131,-6.8614,-8.8586,8,b,The,The green triangle moved first.
interval,data/videos_v3/int_3000ms/v3_3000_00845.avi,3000,C,B,,-1.4505,-1.185,-1.4544,-1.5776,8,b,(B,(B) 1-2 seconds
order_real,data/videos_v3/int_3000ms/v3_3000_00846.avi,3000,1,0,-1.5354,-9.942,-10.3784,-11.5021,-10.9404,8,a,NO,NO.
order_rev,data/videos_v3/int_3000ms/v3_3000_00846.avi,3000,1,0,-0.5768,-8.3178,-10.5668,-11.2534,-10.8784,8,a,NO,NO.
order_forced,data/videos_v3/int_3000ms/v3_3000_00846.avi,3000,1,1,0.1252,-1.1915,-1.3167,-7.1896,-8.9382,8,a,The,The yellow square moved first.
interval,data/videos_v3/int_3000ms/v3_3000_00846.avi,3000,C,A,,-1.3842,-1.3389,-1.6461,-1.5021,8,a,(A,(A) Less than 1 second
order_real,data/videos_v3/int_3000ms/v3_3000_00847.avi,3000,0,0,-1.2481,-9.8613,-10.2352,-11.3596,-10.7973,8,a,NO,NO.
order_rev,data/videos_v3/int_3000ms/v3_3000_00847.avi,3000,0,0,-0.6603,-7.6648,-10.4757,-11.2253,-10.7876,8,a,NO,NO.
order_forced,data/videos_v3/int_3000ms/v3_3000_00847.avi,3000,0,0,0.1252,-1.3394,-1.4646,-6.8382,-9.21,8,a,The,The magenta triangle moved first.
interval,data/videos_v3/int_3000ms/v3_3000_00847.avi,3000,C,B,,-1.3325,-1.1852,-1.5856,-1.5856,8,a,(B,(B) 1-2 seconds
order_real,data/videos_v3/int_3000ms/v3_3000_00848.avi,3000,0,0,-2.1235,-10.3712,-10.8075,-11.8074,-11.3697,8,b,NO,NO.
order_rev,data/videos_v3/int_3000ms/v3_3000_00848.avi,3000,0,0,-1.3863,-7.8199,-10.7559,-11.5682,-11.1307,8,b,NO,NO.
order_forced,data/videos_v3/int_3000ms/v3_3000_00848.avi,3000,0,1,-0.3749,-1.4399,-1.065,-7.0642,-9.8133,8,b,The,The green square moved first.
interval,data/videos_v3/int_3000ms/v3_3000_00848.avi,3000,C,A,,-1.2842,-1.3576,-1.6648,-1.6648,8,b,(A,(A) Less than 1 second
order_real,data/videos_v3/int_3000ms/v3_3000_00849.avi,3000,0,0,-1.15,-10.0977,-10.2844,-11.5953,-10.9088,8,b,NO,NO.
order_rev,data/videos_v3/int_3000ms/v3_3000_00849.avi,3000,0,0,-0.3087,-7.9701,-10.5935,-11.4674,-10.8429,8,b,NO,NO.
order_forced,data/videos_v3/int_3000ms/v3_3000_00849.avi,3000,0,1,0.2503,-1.397,-1.6473,-7.0197,-9.0147,8,b,The,The yellow triangle moved first.
interval,data/videos_v3/int_3000ms/v3_3000_00849.avi,3000,C,B,,-1.5406,-1.154,-1.4213,-1.5446,8,b,(B,(B) 1-2 seconds
order_real,data/videos_v3/int_3000ms/v3_3000_00850.avi,3000,1,0,-0.8069,-9.6797,-10.1781,-11.1152,-10.7402,8,a,NO,NO.
order_rev,data/videos_v3/int_3000ms/v3_3000_00850.avi,3000,1,0,-0.4277,-7.6008,-10.4745,-11.0366,-10.7865,8,a,NO,NO.
order_forced,data/videos_v3/int_3000ms/v3_3000_00850.avi,3000,1,1,0.1252,-1.4164,-1.5416,-4.541,-8.7873,8,a,The,The magenta circle moved first.
interval,data/videos_v3/int_3000ms/v3_3000_00850.avi,3000,C,B,,-1.381,-1.2238,-1.5095,-1.6271,8,a,(B,(B) 1-2 seconds
order_real,data/videos_v3/int_3000ms/v3_3000_00851.avi,3000,1,0,-1.057,-9.7958,-10.1068,-11.3561,-10.794,8,b,NO,NO.
order_rev,data/videos_v3/int_3000ms/v3_3000_00851.avi,3000,1,0,-0.8091,-7.4158,-10.3516,-11.2263,-10.7263,8,b,NO,NO.
order_forced,data/videos_v3/int_3000ms/v3_3000_00851.avi,3000,1,1,-0.2496,-1.8607,-1.6111,-6.1099,-8.6049,8,b,The,The magenta circle moved first.
interval,data/videos_v3/int_3000ms/v3_3000_00851.avi,3000,C,A,,-1.2601,-1.2463,-1.5115,-1.6351,8,b,(A,(A) Less than 1 second
order_real,data/videos_v3/int_3000ms/v3_3000_00852.avi,3000,1,0,-1.2828,-10.0287,-10.4647,-11.6514,-11.0271,8,b,NO,NO.
order_rev,data/videos_v3/int_3000ms/v3_3000_00852.avi,3000,1,0,-0.4277,-8.2238,-10.7849,-11.4717,-11.0967,8,b,NO,NO.
order_forced,data/videos_v3/int_3000ms/v3_3000_00852.avi,3000,1,0,0.0001,-1.2611,-1.2612,-6.1358,-9.259,8,b,The,The magenta circle moved first.
interval,data/videos_v3/int_3000ms/v3_3000_00852.avi,3000,C,A,,-1.2996,-1.2798,-1.6773,-1.4246,8,b,(A,(A) Less than 1 second
order_real,data/videos_v3/int_3000ms/v3_3000_00853.avi,3000,0,0,-1.1743,-10.6527,-10.7147,-12.1498,-11.5261,8,a,NO,NO.
order_rev,data/videos_v3/int_3000ms/v3_3000_00853.avi,3000,0,0,-0.5493,-8.3407,-10.7147,-11.7756,-11.2759,8,a,NO,NO.
order_forced,data/videos_v3/int_3000ms/v3_3000_00853.avi,3000,0,0,-0.4999,-1.0921,-0.5922,-6.2169,-9.7164,8,a,B,B
interval,data/videos_v3/int_3000ms/v3_3000_00853.avi,3000,C,A,,-1.0453,-1.6535,-1.6821,-1.4286,8,a,(A,(A) Less than 1 second
order_real,data/videos_v3/int_3000ms/v3_3000_00854.avi,3000,0,0,-2.3447,-9.9786,-10.4146,-11.352,-11.1018,8,a,NO,NO.
order_rev,data/videos_v3/int_3000ms/v3_3000_00854.avi,3000,0,0,-1.4322,-7.8385,-10.5245,-10.8997,-10.7117,8,a,NO,NO.
order_forced,data/videos_v3/int_3000ms/v3_3000_00854.avi,3000,0,1,-0.3747,-1.5157,-1.141,-4.7651,-8.6365,8,a,The,The blue triangle moved first.
interval,data/videos_v3/int_3000ms/v3_3000_00854.avi,3000,C,A,,-1.3273,-1.305,-1.583,-1.4553,8,a,(A,(A) Less than 1 second
order_real,data/videos_v3/int_3000ms/v3_3000_00855.avi,3000,0,0,-1.3737,-9.8629,-10.1738,-11.4859,-10.8612,8,a,NO,NO.
order_rev,data/videos_v3/int_3000ms/v3_3000_00855.avi,3000,0,0,-0.4339,-7.9203,-10.4187,-11.3554,-10.7932,8,a,NO,NO.
order_forced,data/videos_v3/int_3000ms/v3_3000_00855.avi,3000,0,1,-0.2497,-1.5785,-1.3288,-7.201,-8.2,8,a,The,The blue triangle moved first.
interval,data/videos_v3/int_3000ms/v3_3000_00855.avi,3000,C,B,,-1.3854,-1.235,-1.5155,-1.6354,8,a,(B,(B) 1-2 seconds
order_real,data/videos_v3/int_3000ms/v3_3000_00856.avi,3000,1,0,-0.9078,-10.06,-10.4336,-11.6202,-10.9332,8,b,NO,NO.
order_rev,data/videos_v3/int_3000ms/v3_3000_00856.avi,3000,1,0,-0.5354,-7.9577,-10.5813,-11.2681,-10.7685,8,b,NO,NO.
order_forced,data/videos_v3/int_3000ms/v3_3000_00856.avi,3000,1,1,0.0001,-1.5051,-1.5052,-6.2544,-9.0021,8,b,The,The green circle moved first.
interval,data/videos_v3/int_3000ms/v3_3000_00856.avi,3000,C,B,,-1.4084,-1.2697,-1.5369,-1.4084,8,b,(B,(B) 1-2 seconds
order_real,data/videos_v3/int_3000ms/v3_3000_00857.avi,3000,0,0,-1.8758,-10.0016,-10.4377,-11.5621,-10.9376,8,b,NO,NO.
order_rev,data/videos_v3/int_3000ms/v3_3000_00857.avi,3000,0,0,-0.5322,-8.1329,-10.4442,-11.2559,-10.7559,8,b,NO,NO.
order_forced,data/videos_v3/int_3000ms/v3_3000_00857.avi,3000,0,1,-0.3748,-1.8934,-1.5186,-6.3923,-8.8898,8,b,The,The yellow circle moved first.
interval,data/videos_v3/int_3000ms/v3_3000_00857.avi,3000,C,B,,-1.3493,-1.2121,-1.6009,-1.4743,8,b,(B,(B) 1-2 seconds
order_real,data/videos_v3/int_3000ms/v3_3000_00858.avi,3000,0,0,-1.6236,-10.1262,-10.3123,-11.6861,-10.8752,8,a,NO,NO.
order_rev,data/videos_v3/int_3000ms/v3_3000_00858.avi,3000,0,0,-0.9,-7.8514,-10.4125,-11.4746,-10.7873,8,a,NO,NO.
order_forced,data/videos_v3/int_3000ms/v3_3000_00858.avi,3000,0,1,-0.4995,-2.4314,-1.9319,-8.6781,-9.5498,8,a,The,The yellow triangle moved first.
interval,data/videos_v3/int_3000ms/v3_3000_00858.avi,3000,C,B,,-1.6779,-1.0495,-1.3064,-1.6803,8,a,(B,(B) 1-2 seconds
order_real,data/videos_v3/int_3000ms/v3_3000_00859.avi,3000,0,0,-1.0524,-9.9587,-10.2076,-11.207,-10.8947,8,a,NO,NO.
order_rev,data/videos_v3/int_3000ms/v3_3000_00859.avi,3000,0,0,-0.3371,-7.8152,-10.626,-11.3133,-10.8756,8,a,NO,NO.
order_forced,data/videos_v3/int_3000ms/v3_3000_00859.avi,3000,0,1,0.1253,-1.414,-1.5393,-4.9134,-8.4103,8,a,The,The cyan triangle moved first.
interval,data/videos_v3/int_3000ms/v3_3000_00859.avi,3000,C,B,,-1.3841,-1.1166,-1.5136,-1.7564,8,a,(B,(B) 1-2 seconds
order_real,data/videos_v3/int_3000ms/v3_3000_00860.avi,3000,1,0,-1.5227,-9.8697,-10.3682,-11.3051,-10.8679,8,b,NO,NO.
order_rev,data/videos_v3/int_3000ms/v3_3000_00860.avi,3000,1,1,0.168,-7.7641,-10.7,-11.3246,-10.9492,8,b,YES,YES.
order_forced,data/videos_v3/int_3000ms/v3_3000_00860.avi,3000,1,0,-0.2498,-1.2917,-1.0419,-6.6657,-8.6633,8,b,B,B
interval,data/videos_v3/int_3000ms/v3_3000_00860.avi,3000,C,A,,-1.268,-1.2317,-1.6469,-1.7636,8,b,(A,(A) Less than 1 second
order_real,data/videos_v3/int_3000ms/v3_3000_00861.avi,3000,1,0,-0.3073,-10.1105,-10.4845,-11.6081,-11.1707,8,a,NO,NO.
order_rev,data/videos_v3/int_3000ms/v3_3000_00861.avi,3000,1,0,-0.6745,-7.6739,-10.7346,-11.4842,-11.0465,8,a,NO,NO.
order_forced,data/videos_v3/int_3000ms/v3_3000_00861.avi,3000,1,1,0.5,-0.6828,-1.1828,-4.5577,-8.807,8,a,A,A
interval,data/videos_v3/int_3000ms/v3_3000_00861.avi,3000,C,A,,-1.1488,-1.3884,-1.7789,-1.4039,8,a,(A,(A) Less than 1 second
order_real,data/videos_v3/int_3000ms/v3_3000_00862.avi,3000,0,0,-1.1498,-9.9733,-10.0972,-11.2834,-10.7847,8,a,NO,NO.
order_rev,data/videos_v3/int_3000ms/v3_3000_00862.avi,3000,0,0,0.0659,-8.0216,-10.4577,-11.2067,-10.7696,8,a,NO,NO.
order_forced,data/videos_v3/int_3000ms/v3_3000_00862.avi,3000,0,0,-0.1245,-1.999,-1.8745,-5.6231,-8.8686,8,a,The,The yellow square moved first.
interval,data/videos_v3/int_3000ms/v3_3000_00862.avi,3000,C,B,,-1.6708,-1.0377,-1.4292,-1.6765,8,a,(B,(B) 1-2 seconds
order_real,data/videos_v3/int_3000ms/v3_3000_00863.avi,3000,1,0,-2.0223,-10.0001,-10.3116,-10.9987,-10.8115,8,a,NO,NO.
order_rev,data/videos_v3/int_3000ms/v3_3000_00863.avi,3000,1,0,-0.587,-7.7201,-10.4061,-11.0928,-10.7178,8,a,NO,NO.
order_forced,data/videos_v3/int_3000ms/v3_3000_00863.avi,3000,1,1,-0.2492,-2.126,-1.8768,-4.6258,-8.9956,8,a,The,The yellow triangle moved first.
interval,data/videos_v3/int_3000ms/v3_3000_00863.avi,3000,C,B,,-1.4376,-1.1805,-1.441,-1.565,8,a,(B,(B) 1-2 seconds
order_real,data/videos_v3/int_3000ms/v3_3000_00864.avi,3000,0,0,-1.5145,-9.976,-10.5367,-11.4741,-11.0991,8,a,NO,NO.
order_rev,data/videos_v3/int_3000ms/v3_3000_00864.avi,3000,0,0,0.0479,-8.2141,-10.8377,-11.5872,-11.212,8,a,NO,NO.
order_forced,data/videos_v3/int_3000ms/v3_3000_00864.avi,3000,0,0,-0.2499,-1.2039,-0.954,-5.5788,-9.7026,8,a,B,B
interval,data/videos_v3/int_3000ms/v3_3000_00864.avi,3000,C,A,,-1.0812,-1.3124,-1.7127,-1.7097,8,a,(A,(A) Less than 1 second
order_real,data/videos_v3/int_3000ms/v3_3000_00865.avi,3000,1,0,-2.2354,-9.8807,-10.4416,-11.4415,-10.9413,8,a,NO,NO.
order_rev,data/videos_v3/int_3000ms/v3_3000_00865.avi,3000,1,0,-1.1966,-7.7788,-10.5894,-11.0896,-10.7143,8,a,NO,NO.
order_forced,data/videos_v3/int_3000ms/v3_3000_00865.avi,3000,1,1,0.1252,-1.3592,-1.4844,-6.982,-8.8539,8,a,The,The green triangle moved first.
interval,data/videos_v3/int_3000ms/v3_3000_00865.avi,3000,C,B,,-1.3716,-1.2214,-1.6216,-1.4966,8,a,(B,(B) 1-2 seconds
order_real,data/videos_v3/int_3000ms/v3_3000_00866.avi,3000,0,0,-1.1504,-9.9097,-10.2833,-11.1576,-10.9079,8,b,NO,NO.
order_rev,data/videos_v3/int_3000ms/v3_3000_00866.avi,3000,0,0,-1.7911,-7.5555,-10.5539,-11.0538,-10.7415,8,b,NO,NO.
order_forced,data/videos_v3/int_3000ms/v3_3000_00866.avi,3000,0,1,0.3752,-1.5283,-1.9035,-3.6532,-8.899,8,b,The,The cyan circle moved first.
interval,data/videos_v3/int_3000ms/v3_3000_00866.avi,3000,C,B,,-1.3381,-1.1983,-1.5932,-1.5909,8,b,(B,(B) 1-2 seconds
order_real,data/videos_v3/int_3000ms/v3_3000_00867.avi,3000,0,0,-1.1746,-10.0295,-10.4654,-11.7142,-10.9653,8,b,NO,NO.
order_rev,data/videos_v3/int_3000ms/v3_3000_00867.avi,3000,0,0,-0.7757,-7.8904,-10.6388,-11.3882,-10.8885,8,b,NO,NO.
order_forced,data/videos_v3/int_3000ms/v3_3000_00867.avi,3000,0,1,0.2501,-1.0033,-1.2534,-5.2531,-9.1268,8,b,A,A
interval,data/videos_v3/int_3000ms/v3_3000_00867.avi,3000,C,A,,-1.2139,-1.3241,-1.594,-1.5916,8,b,(A,(A) Less than 1 second.
order_real,data/videos_v3/int_3000ms/v3_3000_00868.avi,3000,0,0,-2.2855,-10.0921,-10.5284,-11.4656,-11.0906,8,a,NO,NO.
order_rev,data/videos_v3/int_3000ms/v3_3000_00868.avi,3000,0,0,-1.3072,-7.8615,-10.6099,-11.1099,-10.7973,8,a,NO,NO.
order_forced,data/videos_v3/int_3000ms/v3_3000_00868.avi,3000,0,0,0.1252,-1.3644,-1.4896,-3.8642,-8.7356,8,a,The,The cyan square moved first.
interval,data/videos_v3/int_3000ms/v3_3000_00868.avi,3000,C,A,,-1.274,-1.3538,-1.5279,-1.6397,8,a,(A,(A) Less than 1 second
order_real,data/videos_v3/int_3000ms/v3_3000_00869.avi,3000,0,0,-1.1095,-9.9699,-10.4058,-11.4052,-10.968,8,b,NO,NO.
order_rev,data/videos_v3/int_3000ms/v3_3000_00869.avi,3000,0,0,-0.309,-8.095,-10.7808,-11.3432,-10.968,8,b,NO,NO.
order_forced,data/videos_v3/int_3000ms/v3_3000_00869.avi,3000,0,1,0.1252,-1.2318,-1.357,-7.3545,-8.8522,8,b,The,The green triangle moved first.
interval,data/videos_v3/int_3000ms/v3_3000_00869.avi,3000,C,B,,-1.305,-1.1517,-1.68,-1.8006,8,b,(B,(B) 1-2 seconds
order_real,data/videos_v3/int_3000ms/v3_3000_00870.avi,3000,0,0,-0.6503,-10.0558,-10.1173,-11.4913,-10.8044,8,a,NO,NO.
order_rev,data/videos_v3/int_3000ms/v3_3000_00870.avi,3000,0,0,-0.2753,-7.5768,-10.2627,-11.3243,-10.7621,8,a,NO,NO.
order_forced,data/videos_v3/int_3000ms/v3_3000_00870.avi,3000,0,0,-0.3746,-1.825,-1.4504,-7.4486,-8.447,8,a,The,The blue triangle moved first.
interval,data/videos_v3/int_3000ms/v3_3000_00870.avi,3000,C,B,,-1.6807,-1.0466,-1.4351,-1.5574,8,a,(B,(B) 1-2 seconds
order_real,data/videos_v3/int_3000ms/v3_3000_00871.avi,3000,1,0,-0.7486,-10.0843,-10.5827,-11.7066,-11.0824,8,a,NO,NO.
order_rev,data/videos_v3/int_3000ms/v3_3000_00871.avi,3000,1,0,-0.6691,-8.2719,-10.7078,-11.3949,-11.02,8,a,NO,NO.
order_forced,data/videos_v3/int_3000ms/v3_3000_00871.avi,3000,1,1,-0.3748,-1.5502,-1.1754,-6.9243,-9.5468,8,a,The,The green circle moved first.
interval,data/videos_v3/int_3000ms/v3_3000_00871.avi,3000,C,A,,-1.3157,-1.3019,-1.5692,-1.4407,8,a,(A,(A) Less than 1 second
order_real,data/videos_v3/int_3000ms/v3_3000_00872.avi,3000,0,0,-1.7201,-10.0203,-10.3315,-11.6432,-10.9563,8,b,NO,NO.
order_rev,data/videos_v3/int_3000ms/v3_3000_00872.avi,3000,0,0,-0.1841,-7.9007,-10.3365,-11.1486,-10.7112,8,b,NO,NO.
order_forced,data/videos_v3/int_3000ms/v3_3000_00872.avi,3000,0,0,-0.7497,-2.0646,-1.3149,-5.5639,-9.184,8,b,The,The blue circle moved first.
interval,data/videos_v3/int_3000ms/v3_3000_00872.avi,3000,C,B,,-1.3032,-1.1593,-1.5624,-1.6847,8,b,(B,(B) 1-2 seconds
order_real,data/videos_v3/int_3000ms/v3_3000_00873.avi,3000,0,0,-1.3859,-10.2559,-10.6918,-11.7541,-11.2546,8,a,NO,NO.
order_rev,data/videos_v3/int_3000ms/v3_3000_00873.avi,3000,0,0,-0.4261,-7.954,-10.7651,-11.3275,-11.14,8,a,NO,NO.
order_forced,data/videos_v3/int_3000ms/v3_3000_00873.avi,3000,0,0,-0.1249,-1.3901,-1.2652,-3.0152,-9.7638,8,a,The,The cyan square moved first.
interval,data/videos_v3/int_3000ms/v3_3000_00873.avi,3000,C,A,,-1.1875,-1.2873,-1.6909,-1.6836,8,a,(A,(A) Less than 1 second
order_real,data/videos_v3/int_3000ms/v3_3000_00874.avi,3000,0,0,-1.7528,-9.7718,-10.0827,-11.0203,-10.8324,8,b,NO,NO.
order_rev,data/videos_v3/int_3000ms/v3_3000_00874.avi,3000,0,0,-0.9536,-7.8963,-10.3949,-10.7074,-10.6442,8,b,NO,NO.
order_forced,data/videos_v3/int_3000ms/v3_3000_00874.avi,3000,0,1,0.0004,-1.531,-1.5314,-5.7799,-8.2763,8,b,The,The blue triangle moved first.
interval,data/videos_v3/int_3000ms/v3_3000_00874.avi,3000,C,B,,-1.4021,-1.2546,-1.5295,-1.5271,8,b,(B,(B) 1-2 seconds
order_real,data/videos_v3/int_3000ms/v3_3000_00875.avi,3000,0,0,-0.7996,-9.8829,-10.2565,-11.3183,-10.8189,8,a,NO,NO.
order_rev,data/videos_v3/int_3000ms/v3_3000_00875.avi,3000,0,0,-0.4462,-7.6312,-10.5046,-11.3163,-10.7541,8,a,NO,NO.
order_forced,data/videos_v3/int_3000ms/v3_3000_00875.avi,3000,0,1,0.2502,-1.4639,-1.7141,-5.4633,-8.2101,8,a,The,The magenta circle moved first.
interval,data/videos_v3/int_3000ms/v3_3000_00875.avi,3000,C,B,,-1.4603,-1.185,-1.4654,-1.5853,8,a,(B,(B) 1-2 seconds
order_real,data/videos_v3/int_3000ms/v3_3000_00876.avi,3000,0,0,-0.7486,-9.9613,-10.46,-11.6464,-10.9597,8,b,NO,NO.
order_rev,data/videos_v3/int_3000ms/v3_3000_00876.avi,3000,0,0,-0.6663,-7.9421,-10.5658,-11.3151,-10.8153,8,b,NO,NO.
order_forced,data/videos_v3/int_3000ms/v3_3000_00876.avi,3000,0,1,-0.1249,-1.3594,-1.2345,-5.484,-9.4816,8,b,The,The green square moved first.
interval,data/videos_v3/int_3000ms/v3_3000_00876.avi,3000,C,A,,-1.4011,-1.3648,-1.5335,-1.4011,8,b,(A,(A) Less than 1 second
order_real,data/videos_v3/int_3000ms/v3_3000_00877.avi,3000,1,0,-1.6676,-10.196,-10.57,-11.3822,-11.2569,8,b,NO,NO.
order_rev,data/videos_v3/int_3000ms/v3_3000_00877.avi,3000,1,0,-0.9082,-7.9169,-10.6033,-11.1032,-10.9777,8,b,NO,NO.
order_forced,data/videos_v3/int_3000ms/v3_3000_00877.avi,3000,1,1,0.0001,-1.2215,-1.2216,-4.4713,-9.3449,8,b,The,The cyan square moved first.
interval,data/videos_v3/int_3000ms/v3_3000_00877.avi,3000,C,A,,-1.3127,-1.386,-1.6932,-1.6877,8,b,(A,(A) Less than 1 second
order_real,data/videos_v3/int_3000ms/v3_3000_00878.avi,3000,0,0,-0.8214,-10.1245,-10.4982,-11.6225,-11.0604,8,b,NO,NO.
order_rev,data/videos_v3/int_3000ms/v3_3000_00878.avi,3000,0,0,-0.8154,-7.8932,-10.8291,-11.5786,-10.9538,8,b,NO,NO.
order_forced,data/videos_v3/int_3000ms/v3_3000_00878.avi,3000,0,1,0.0001,-1.3761,-1.3762,-6.1255,-9.2486,8,b,The,The magenta circle moved first.
interval,data/videos_v3/int_3000ms/v3_3000_00878.avi,3000,C,A,,-1.3128,-1.3037,-1.5659,-1.4395,8,b,(A,(A) Less than 1 second
order_real,data/videos_v3/int_3000ms/v3_3000_00879.avi,3000,0,0,-1.4985,-10.0233,-10.2718,-11.3961,-10.9592,8,a,NO,NO.
order_rev,data/videos_v3/int_3000ms/v3_3000_00879.avi,3000,0,0,-0.5641,-7.934,-10.4326,-11.2445,-10.8073,8,a,NO,NO.
order_forced,data/videos_v3/int_3000ms/v3_3000_00879.avi,3000,0,1,-0.1248,-1.6321,-1.5073,-3.3821,-8.88,8,a,The,The cyan circle moved first.
interval,data/videos_v3/int_3000ms/v3_3000_00879.avi,3000,C,A,,-1.2186,-1.3362,-1.5955,-1.4696,8,a,(A,(A) Less than 1 second
order_real,data/videos_v3/int_3000ms/v3_3000_00880.avi,3000,0,0,-1.7489,-10.3562,-10.7922,-11.8544,-11.2298,8,b,NO,NO.
order_rev,data/videos_v3/int_3000ms/v3_3000_00880.avi,3000,0,0,-1.3656,-8.1666,-10.7275,-11.2902,-10.9774,8,b,NO,NO.
order_forced,data/videos_v3/int_3000ms/v3_3000_00880.avi,3000,0,0,-0.2499,-1.0811,-0.8312,-6.3309,-9.5801,8,b,B,B
interval,data/videos_v3/int_3000ms/v3_3000_00880.avi,3000,C,A,,-1.1695,-1.4155,-1.7976,-1.2989,8,b,(A,(A) Less than 1 second
order_real,data/videos_v3/int_3000ms/v3_3000_00881.avi,3000,0,0,-1.0319,-10.2847,-10.4713,-11.5951,-11.2207,8,b,NO,NO.
order_rev,data/videos_v3/int_3000ms/v3_3000_00881.avi,3000,0,0,-0.6601,-8.1624,-10.7238,-11.4104,-11.1607,8,b,NO,NO.
order_forced,data/videos_v3/int_3000ms/v3_3000_00881.avi,3000,0,1,0.125,-0.7613,-0.8863,-4.0113,-9.6359,8,b,A,A
interval,data/videos_v3/int_3000ms/v3_3000_00881.avi,3000,C,A,,-1.08,-1.4479,-1.7075,-1.4575,8,b,(A,(A) Less than 1 second
order_real,data/videos_v3/int_3000ms/v3_3000_00882.avi,3000,0,0,-1.7752,-10.0425,-10.4785,-11.4156,-11.0404,8,b,NO,NO.
order_rev,data/videos_v3/int_3000ms/v3_3000_00882.avi,3000,0,0,-1.2997,-7.7538,-10.752,-11.2519,-10.939,8,b,NO,NO.
order_forced,data/videos_v3/int_3000ms/v3_3000_00882.avi,3000,0,1,0.2501,-1.1569,-1.407,-6.9051,-8.7772,8,b,The,The red circle moved first.
interval,data/videos_v3/int_3000ms/v3_3000_00882.avi,3000,C,B,,-1.4365,-1.1716,-1.6904,-1.4439,8,b,(B,(B) 1-2 seconds
order_real,data/videos_v3/int_3000ms/v3_3000_00883.avi,3000,1,0,-1.8733,-10.0626,-10.3741,-11.3736,-11.0612,8,a,NO,NO.
order_rev,data/videos_v3/int_3000ms/v3_3000_00883.avi,3000,1,0,-0.7909,-8.0255,-10.5867,-11.3985,-10.8986,8,a,NO,NO.
order_forced,data/videos_v3/int_3000ms/v3_3000_00883.avi,3000,1,1,-0.2495,-1.7133,-1.4638,-5.212,-8.8326,8,a,The,The cyan triangle moved first.
interval,data/videos_v3/int_3000ms/v3_3000_00883.avi,3000,C,B,,-1.3577,-1.219,-1.4877,-1.6096,8,a,(B,(B) 1-2 seconds
order_real,data/videos_v3/int_3000ms/v3_3000_00884.avi,3000,0,0,-2.0143,-10.0254,-10.3987,-11.7109,-11.0237,8,a,NO,NO.
order_rev,data/videos_v3/int_3000ms/v3_3000_00884.avi,3000,0,0,-1.0495,-8.0612,-10.4971,-11.434,-10.8091,8,a,NO,NO.
order_forced,data/videos_v3/int_3000ms/v3_3000_00884.avi,3000,0,0,-0.6248,-1.6876,-1.0628,-6.437,-8.9355,8,a,The,The magenta circle moved first.
interval,data/videos_v3/int_3000ms/v3_3000_00884.avi,3000,C,A,,-1.2458,-1.365,-1.6216,-1.3723,8,a,(A,(A) Less than 1 second
order_real,data/videos_v3/int_3000ms/v3_3000_00885.avi,3000,1,0,-1.2486,-10.0136,-10.1999,-11.5741,-10.9496,8,a,NO,NO.
order_rev,data/videos_v3/int_3000ms/v3_3000_00885.avi,3000,1,0,-0.7944,-7.8573,-10.4812,-11.418,-10.7934,8,a,NO,NO.
order_forced,data/videos_v3/int_3000ms/v3_3000_00885.avi,3000,1,0,-0.4999,-1.4983,-0.9984,-6.6221,-8.9958,8,a,B,B
interval,data/videos_v3/int_3000ms/v3_3000_00885.avi,3000,C,A,,-1.3578,-1.2957,-1.6122,-1.7223,8,a,(A,(A) Less than 1 second
order_real,data/videos_v3/int_3000ms/v3_3000_00886.avi,3000,0,0,-2.3979,-9.8209,-10.3817,-11.319,-11.0689,8,b,NO,NO.
order_rev,data/videos_v3/int_3000ms/v3_3000_00886.avi,3000,0,0,-1.8979,-7.3757,-10.6241,-11.0616,-10.9362,8,b,NO,NO.
order_forced,data/videos_v3/int_3000ms/v3_3000_00886.avi,3000,0,1,-0.1248,-1.494,-1.3692,-4.4934,-8.3653,8,b,The,The blue circle moved first.
interval,data/videos_v3/int_3000ms/v3_3000_00886.avi,3000,C,A,,-1.3375,-1.3123,-1.5909,-1.4659,8,b,(A,(A) Less than 1 second
order_real,data/videos_v3/int_3000ms/v3_3000_00887.avi,3000,1,0,-1.6501,-10.1226,-10.4337,-11.4328,-10.9336,8,b,NO,NO.
order_rev,data/videos_v3/int_3000ms/v3_3000_00887.avi,3000,1,0,-0.5413,-8.1106,-10.547,-11.296,-10.8588,8,b,NO,NO.
order_forced,data/videos_v3/int_3000ms/v3_3000_00887.avi,3000,1,0,0.0003,-1.5943,-1.5946,-4.0939,-8.9638,8,b,The,The yellow square moved first.
interval,data/videos_v3/int_3000ms/v3_3000_00887.avi,3000,C,B,,-1.4025,-1.2552,-1.5357,-1.5275,8,b,(B,(B) 1-2 seconds
order_real,data/videos_v3/int_3000ms/v3_3000_00888.avi,3000,0,0,-1.3733,-9.9868,-10.4227,-11.3601,-10.9851,8,b,NO,NO.
order_rev,data/videos_v3/int_3000ms/v3_3000_00888.avi,3000,0,0,-0.7942,-8.1072,-10.6058,-11.3552,-10.8552,8,b,NO,NO.
order_forced,data/videos_v3/int_3000ms/v3_3000_00888.avi,3000,0,1,-0.2497,-1.7172,-1.4675,-6.3408,-8.712,8,b,The,The blue triangle moved first.
interval,data/videos_v3/int_3000ms/v3_3000_00888.avi,3000,C,A,,-1.3013,-1.2838,-1.5537,-1.5486,8,b,(A,(A) Less than 1 second
order_real,data/videos_v3/int_3000ms/v3_3000_00889.avi,3000,1,0,-2.1696,-10.0686,-10.5047,-11.5043,-11.0046,8,b,NO,NO.
order_rev,data/videos_v3/int_3000ms/v3_3000_00889.avi,3000,1,0,-0.7915,-8.1508,-10.5243,-11.3363,-10.8988,8,b,NO,NO.
order_forced,data/videos_v3/int_3000ms/v3_3000_00889.avi,3000,1,1,-0.1248,-1.2781,-1.1533,-6.9014,-8.65,8,b,The,The yellow square moved first.
interval,data/videos_v3/int_3000ms/v3_3000_00889.avi,3000,C,A,,-1.3468,-1.3149,-1.6012,-1.4718,8,b,(A,(A) Less than 1 second
order_real,data/videos_v3/int_3000ms/v3_3000_00890.avi,3000,1,0,-1.3456,-9.9621,-10.4606,-11.585,-11.0228,8,a,NO,NO.
order_rev,data/videos_v3/int_3000ms/v3_3000_00890.avi,3000,1,0,-0.91,-8.0846,-10.5833,-11.3953,-10.8328,8,a,NO,NO.
order_forced,data/videos_v3/int_3000ms/v3_3000_00890.avi,3000,1,1,-0.2499,-1.3938,-1.1439,-6.5181,-9.1406,8,a,The,The magenta circle moved first.
interval,data/videos_v3/int_3000ms/v3_3000_00890.avi,3000,C,B,,-1.3805,-1.24,-1.5112,-1.5076,8,a,(B,(B) 1-2 seconds
order_real,data/videos_v3/int_3000ms/v3_3000_00891.avi,3000,0,0,-1.261,-10.0576,-10.4312,-11.6179,-10.9311,8,b,NO,NO.
order_rev,data/videos_v3/int_3000ms/v3_3000_00891.avi,3000,0,0,-0.9242,-7.9703,-10.4691,-11.2184,-10.7186,8,b,NO,NO.
order_forced,data/videos_v3/int_3000ms/v3_3000_00891.avi,3000,0,0,-0.3748,-1.8119,-1.4371,-6.3112,-8.9341,8,b,The,The yellow circle moved first.
interval,data/videos_v3/int_3000ms/v3_3000_00891.avi,3000,C,B,,-1.4987,-1.2395,-1.5067,-1.3782,8,b,(B,(B) 1-2 seconds
order_real,data/videos_v3/int_3000ms/v3_3000_00892.avi,3000,0,0,-1.8736,-9.9048,-10.2786,-11.2155,-10.7785,8,a,NO,NO.
order_rev,data/videos_v3/int_3000ms/v3_3000_00892.avi,3000,0,0,-0.7994,-7.7584,-10.4445,-11.2563,-10.7563,8,a,NO,NO.
order_forced,data/videos_v3/int_3000ms/v3_3000_00892.avi,3000,0,1,0.0005,-1.5152,-1.5157,-5.1393,-8.5095,8,a,The,The yellow triangle moved first.
interval,data/videos_v3/int_3000ms/v3_3000_00892.avi,3000,C,B,,-1.3729,-1.2226,-1.503,-1.6229,8,a,(B,(B) 1-2 seconds
order_real,data/videos_v3/int_3000ms/v3_3000_00893.avi,3000,0,0,-1.398,-9.8316,-10.3928,-11.2052,-10.955,8,a,NO,NO.
order_rev,data/videos_v3/int_3000ms/v3_3000_00893.avi,3000,0,0,-0.8027,-7.5942,-10.5301,-11.1551,-10.8421,8,a,NO,NO.
order_forced,data/videos_v3/int_3000ms/v3_3000_00893.avi,3000,0,1,0.0002,-1.2652,-1.2654,-6.8887,-8.2619,8,a,The,The magenta square moved first.
interval,data/videos_v3/int_3000ms/v3_3000_00893.avi,3000,C,A,,-1.2279,-1.4137,-1.8529,-1.7146,8,a,(A,(A) Less than 1 second
order_real,data/videos_v3/int_3000ms/v3_3000_00894.avi,3000,0,0,-1.7482,-10.5781,-10.827,-11.8884,-11.3894,8,b,NO,NO.
order_rev,data/videos_v3/int_3000ms/v3_3000_00894.avi,3000,0,0,-1.2724,-8.4781,-10.9145,-11.6641,-11.2268,8,b,NO,NO.
order_forced,data/videos_v3/int_3000ms/v3_3000_00894.avi,3000,0,1,0.0,-0.9315,-0.9315,-3.1815,-9.6809,8,b,A,A
interval,data/videos_v3/int_3000ms/v3_3000_00894.avi,3000,C,A,,-1.1065,-1.4766,-1.7324,-1.3589,8,b,(A,(A) Less than 1 second
order_real,data/videos_v3/int_3000ms/v3_3000_00895.avi,3000,0,0,-1.5146,-9.9145,-10.2257,-11.3498,-10.7251,8,b,NO,NO.
order_rev,data/videos_v3/int_3000ms/v3_3000_00895.avi,3000,0,0,-1.1903,-7.9181,-10.6667,-11.3539,-10.7288,8,b,NO,NO.
order_forced,data/videos_v3/int_3000ms/v3_3000_00895.avi,3000,0,1,0.3753,-1.4427,-1.818,-7.8143,-9.0622,8,b,The,The yellow triangle moved first.
interval,data/videos_v3/int_3000ms/v3_3000_00895.avi,3000,C,B,,-1.4285,-1.1637,-1.5586,-1.5562,8,b,(B,(B) 1-2 seconds
order_real,data/videos_v3/int_3000ms/v3_3000_00896.avi,3000,0,0,-1.3652,-9.9162,-10.3527,-11.477,-10.9149,8,a,NO,NO.
order_rev,data/videos_v3/int_3000ms/v3_3000_00896.avi,3000,0,0,-0.1744,-8.121,-10.5572,-11.3066,-10.8692,8,a,NO,NO.
order_forced,data/videos_v3/int_3000ms/v3_3000_00896.avi,3000,0,0,-0.2498,-1.7178,-1.468,-7.3415,-8.9655,8,a,The,The yellow square moved first.
interval,data/videos_v3/int_3000ms/v3_3000_00896.avi,3000,C,B,,-1.3747,-1.2211,-1.5027,-1.6212,8,a,(B,(B) 1-2 seconds
order_real,data/videos_v3/int_3000ms/v3_3000_00897.avi,3000,0,0,-1.6605,-9.8006,-10.2994,-11.2986,-10.7989,8,a,NO,NO.
order_rev,data/videos_v3/int_3000ms/v3_3000_00897.avi,3000,0,0,-1.0656,-7.7031,-10.3893,-11.1384,-10.6385,8,a,NO,NO.
order_forced,data/videos_v3/int_3000ms/v3_3000_00897.avi,3000,0,0,0.0003,-1.3948,-1.3951,-6.8931,-8.0165,8,a,The,The yellow triangle moved first.
interval,data/videos_v3/int_3000ms/v3_3000_00897.avi,3000,C,B,,-1.4093,-1.2524,-1.5387,-1.5343,8,a,(B,(B) 1-2 seconds
order_real,data/videos_v3/int_3000ms/v3_3000_00898.avi,3000,0,0,-0.6153,-10.4922,-10.7411,-11.8023,-11.366,8,b,NO,NO.
order_rev,data/videos_v3/int_3000ms/v3_3000_00898.avi,3000,0,0,-0.8859,-8.0902,-10.7764,-11.5881,-11.1513,8,b,NO,NO.
order_forced,data/videos_v3/int_3000ms/v3_3000_00898.avi,3000,0,1,0.0,-1.0808,-1.0808,-3.0807,-9.9546,8,b,A,A
interval,data/videos_v3/int_3000ms/v3_3000_00898.avi,3000,C,A,,-1.1297,-1.3754,-1.6312,-1.5055,8,b,(A,(A) Less than 1 second
order_real,data/videos_v3/int_3000ms/v3_3000_00899.avi,3000,1,0,-0.5518,-10.143,-10.3291,-11.2661,-10.8917,8,b,NO,NO.
order_rev,data/videos_v3/int_3000ms/v3_3000_00899.avi,3000,1,0,-0.1244,-7.6469,-10.3327,-11.2067,-10.6449,8,b,NO,NO.
order_forced,data/videos_v3/int_3000ms/v3_3000_00899.avi,3000,1,1,-0.3741,-2.9141,-2.54,-6.4123,-9.9054,8,b,The,The cyan triangle moved first.
interval,data/videos_v3/int_3000ms/v3_3000_00899.avi,3000,C,B,,-1.4556,-1.0767,-1.459,-1.7075,8,b,(B,(B) 1-2 seconds
order_real,data/videos_v3/int_5000ms/v3_5000_00900.avi,5000,1,0,-1.2531,-9.9206,-10.544,-11.1691,-10.9813,8,b,NO,NO.
order_rev,data/videos_v3/int_5000ms/v3_5000_00900.avi,5000,1,0,-0.8072,-8.1157,-10.7392,-10.9891,-10.9885,8,b,NO,NO.
order_forced,data/videos_v3/int_5000ms/v3_5000_00900.avi,5000,1,1,0.2503,-1.2701,-1.5204,-4.7696,-8.8903,8,b,The,The red triangle moved first.
interval,data/videos_v3/int_5000ms/v3_5000_00900.avi,5000,D,B,,-1.343,-1.1992,-1.5995,-1.5964,8,b,(B,(B) 1-2 seconds
order_32f,data/videos_v3/int_5000ms/v3_5000_00900.avi,5000,1,0,-1.6475,-9.8662,-10.427,-11.3021,-10.8646,32,b,NO,NO.
moved_real,data/videos_v3/int_5000ms/v3_5000_00900.avi,5000,1,0,-1.8605,-10.172,-11.4827,-11.3583,-10.8588,8,b,NO,NO.
moved_twin,data/twin_v3/v3_5000_00900.avi,5000,0,0,-3.5612,-10.3228,-12.0084,-11.6342,-11.0098,8,b,NO,NO.
still_real,data/videos_v3/int_5000ms/v3_5000_00900.avi,5000,0,1,1.2982,-10.2467,-11.3085,-11.9315,-11.432,8,b,YES,YES.
still_twin,data/twin_v3/v3_5000_00900.avi,5000,1,1,2.1362,-10.3383,-11.4005,-12.0229,-11.5857,8,b,YES,YES.
order_twin,data/twin_v3/v3_5000_00900.avi,5000,-1,0,-2.4907,-10.0194,-10.7054,-11.268,-11.0801,8,b,NO,NO.
moved_solo_hit,data/videos_v3/int_5000ms/v3_5000_00900_solob.avi,5000,1,0,-1.8461,-10.1915,-11.5023,-11.3153,-10.8158,8,b,NO,NO.
moved_solo_fa,data/videos_v3/int_5000ms/v3_5000_00900_soloa.avi,5000,0,0,-3.688,-10.5339,-12.0947,-11.7826,-11.0959,8,b,NO,NO.
order_real,data/videos_v3/int_5000ms/v3_5000_00901.avi,5000,0,0,-1.657,-9.9682,-10.2168,-11.0914,-10.7792,8,b,NO,NO.
order_rev,data/videos_v3/int_5000ms/v3_5000_00901.avi,5000,0,0,-0.8086,-7.5399,-10.3509,-10.9754,-10.6004,8,b,NO,NO.
order_forced,data/videos_v3/int_5000ms/v3_5000_00901.avi,5000,0,1,0.0007,-1.8331,-1.8338,-4.3328,-8.8276,8,b,The,The cyan triangle moved first.
interval,data/videos_v3/int_5000ms/v3_5000_00901.avi,5000,D,B,,-1.3892,-1.1301,-1.5159,-1.6409,8,b,(B,(B) 1-2 seconds
order_32f,data/videos_v3/int_5000ms/v3_5000_00901.avi,5000,0,0,-2.2386,-9.9875,-10.4859,-11.111,-10.9235,32,b,NO,NO.
moved_real,data/videos_v3/int_5000ms/v3_5000_00901.avi,5000,1,0,-1.5569,-10.3724,-11.4329,-11.0582,-10.9339,8,b,NO,NO.
moved_twin,data/twin_v3/v3_5000_00901.avi,5000,0,0,-3.2198,-10.5456,-11.7316,-10.9825,-11.0451,8,b,NO,NO.
still_real,data/videos_v3/int_5000ms/v3_5000_00901.avi,5000,0,1,1.3927,-10.1352,-11.0718,-12.0064,-11.258,8,b,YES,YES.
still_twin,data/twin_v3/v3_5000_00901.avi,5000,1,1,2.2498,-10.1814,-11.2433,-11.9899,-11.4279,8,b,YES,YES.
order_twin,data/twin_v3/v3_5000_00901.avi,5000,-1,0,-2.0519,-9.9378,-10.3739,-10.9363,-10.8113,8,b,NO,NO.
moved_solo_hit,data/videos_v3/int_5000ms/v3_5000_00901_solob.avi,5000,1,0,-1.3066,-10.2334,-11.1692,-10.857,-10.795,8,b,NO,NO.
moved_solo_fa,data/videos_v3/int_5000ms/v3_5000_00901_soloa.avi,5000,0,0,-2.9857,-10.5725,-11.8828,-11.0715,-11.0718,8,b,NO,NO.
order_real,data/videos_v3/int_5000ms/v3_5000_00902.avi,5000,0,0,-1.3599,-10.0049,-10.2534,-11.5645,-10.8157,8,b,NO,NO.
order_rev,data/videos_v3/int_5000ms/v3_5000_00902.avi,5000,0,0,-0.0872,-8.0521,-10.6131,-11.3624,-10.8002,8,b,NO,NO.
order_forced,data/videos_v3/int_5000ms/v3_5000_00902.avi,5000,0,0,0.1252,-1.4807,-1.6059,-5.6051,-8.8519,8,b,The,The magenta circle moved first.
interval,data/videos_v3/int_5000ms/v3_5000_00902.avi,5000,D,B,,-1.3287,-1.0685,-1.4572,-1.9537,8,b,(B,(B) 1-2 seconds
order_32f,data/videos_v3/int_5000ms/v3_5000_00902.avi,5000,0,0,-1.5023,-9.9957,-10.2444,-11.68,-10.7443,32,b,NO,NO.
moved_real,data/videos_v3/int_5000ms/v3_5000_00902.avi,5000,1,0,-1.1776,-10.3646,-11.4253,-11.7989,-10.8636,8,b,NO,NO.
moved_twin,data/twin_v3/v3_5000_00902.avi,5000,0,0,-3.0327,-10.4646,-11.7757,-11.9,-10.9017,8,b,NO,NO.
still_real,data/videos_v3/int_5000ms/v3_5000_00902.avi,5000,0,0,-1.6246,-10.1009,-10.6003,-11.4736,-10.7248,8,b,NO,NO.
still_twin,data/twin_v3/v3_5000_00902.avi,5000,1,1,2.6247,-10.2959,-11.4204,-12.1674,-11.6053,8,b,YES,YES.
order_twin,data/twin_v3/v3_5000_00902.avi,5000,-1,0,-2.3091,-9.9544,-10.4531,-11.515,-10.9526,8,b,NO,NO.
moved_solo_hit,data/videos_v3/int_5000ms/v3_5000_00902_solob.avi,5000,1,0,-2.6607,-10.5622,-11.7484,-11.9349,-10.9367,8,b,NO,NO.
moved_solo_fa,data/videos_v3/int_5000ms/v3_5000_00902_soloa.avi,5000,0,0,-2.5257,-10.4598,-11.833,-11.895,-10.9591,8,b,NO,NO.
order_real,data/videos_v3/int_5000ms/v3_5000_00903.avi,5000,1,0,-1.1504,-10.0358,-10.4095,-11.5333,-10.9714,8,b,NO,NO.
order_rev,data/videos_v3/int_5000ms/v3_5000_00903.avi,5000,1,0,-0.8329,-7.9058,-10.7166,-11.4038,-10.779,8,b,NO,NO.
order_forced,data/videos_v3/int_5000ms/v3_5000_00903.avi,5000,1,1,0.1253,-1.3641,-1.4894,-6.3627,-8.3598,8,b,The,The yellow triangle moved first.
interval,data/videos_v3/int_5000ms/v3_5000_00903.avi,5000,D,B,,-1.4854,-1.2068,-1.6134,-1.4854,8,b,(B,(B) 1-2 seconds
order_32f,data/videos_v3/int_5000ms/v3_5000_00903.avi,5000,1,0,-1.7944,-9.8687,-10.4296,-11.5539,-10.867,32,b,NO,NO.
moved_real,data/videos_v3/int_5000ms/v3_5000_00903.avi,5000,1,0,-1.2755,-10.2565,-11.38,-11.5662,-10.7555,8,b,NO,NO.
moved_twin,data/twin_v3/v3_5000_00903.avi,5000,0,0,-2.265,-10.3739,-11.6845,-11.6218,-10.8107,8,b,NO,NO.
still_real,data/videos_v3/int_5000ms/v3_5000_00903.avi,5000,0,1,0.9423,-10.1391,-11.0138,-11.761,-11.0745,8,b,YES,YES.
still_twin,data/twin_v3/v3_5000_00903.avi,5000,1,1,2.0212,-10.289,-11.351,-12.0357,-11.536,8,b,YES,YES.
order_twin,data/twin_v3/v3_5000_00903.avi,5000,-1,0,-2.3901,-9.9902,-10.5513,-11.5505,-11.0508,8,b,NO,NO.
moved_solo_hit,data/videos_v3/int_5000ms/v3_5000_00903_solob.avi,5000,1,0,-1.2997,-10.1888,-11.4366,-11.561,-10.7499,8,b,NO,NO.
moved_solo_fa,data/videos_v3/int_5000ms/v3_5000_00903_soloa.avi,5000,0,0,-2.2649,-10.4364,-11.6223,-11.5596,-10.7485,8,b,NO,NO.
order_real,data/videos_v3/int_5000ms/v3_5000_00904.avi,5000,1,0,-0.7352,-9.9802,-10.4166,-11.4783,-10.9785,8,a,NO,NO.
order_rev,data/videos_v3/int_5000ms/v3_5000_00904.avi,5000,1,0,-0.1823,-8.2275,-10.7263,-11.3507,-10.9755,8,a,NO,NO.
order_forced,data/videos_v3/int_5000ms/v3_5000_00904.avi,5000,1,1,0.0001,-1.51,-1.5101,-6.1337,-9.7531,8,a,The,The red square moved first.
interval,data/videos_v3/int_5000ms/v3_5000_00904.avi,5000,D,A,,-1.3575,-1.3122,-1.6114,-1.4781,8,a,(A,(A) Less than 1 second
order_32f,data/videos_v3/int_5000ms/v3_5000_00904.avi,5000,1,0,-1.2032,-9.8529,-10.4142,-11.6009,-10.9138,32,a,NO,NO.
moved_real,data/videos_v3/int_5000ms/v3_5000_00904.avi,5000,1,0,-1.722,-10.0254,-11.4612,-11.5863,-10.8993,8,a,NO,NO.
moved_twin,data/twin_v3/v3_5000_00904.avi,5000,0,0,-3.2934,-10.3173,-11.6906,-11.5658,-11.004,8,a,NO,NO.
still_real,data/videos_v3/int_5000ms/v3_5000_00904.avi,5000,0,0,-0.7031,-9.9286,-10.7403,-11.4887,-10.8641,8,a,NO,NO.
still_twin,data/twin_v3/v3_5000_00904.avi,5000,1,1,2.135,-10.2034,-11.5147,-12.0752,-11.5755,8,a,YES,YES.
order_twin,data/twin_v3/v3_5000_00904.avi,5000,-1,0,-2.1888,-9.9444,-10.6305,-11.443,-11.1302,8,a,NO,NO.
moved_solo_hit,data/videos_v3/int_5000ms/v3_5000_00904_soloa.avi,5000,1,0,-0.6581,-10.0179,-11.329,-11.3288,-10.7042,8,a,NO,NO.
moved_solo_fa,data/videos_v3/int_5000ms/v3_5000_00904_solob.avi,5000,0,0,-3.3128,-10.2999,-11.7358,-11.7358,-11.0492,8,a,NO,NO.
order_real,data/videos_v3/int_5000ms/v3_5000_00905.avi,5000,1,0,-2.0945,-10.1252,-10.7486,-11.8108,-11.186,8,a,NO,NO.
order_rev,data/videos_v3/int_5000ms/v3_5000_00905.avi,5000,1,0,-0.8027,-7.9678,-10.6538,-11.4032,-10.9033,8,a,NO,NO.
order_forced,data/videos_v3/int_5000ms/v3_5000_00905.avi,5000,1,0,-0.2499,-1.3386,-1.0887,-5.838,-9.5854,8,a,The,The magenta circle moved first.
interval,data/videos_v3/int_5000ms/v3_5000_00905.avi,5000,D,A,,-1.2649,-1.3497,-1.6399,-1.5066,8,a,(A,(A) Less than 1 second
order_32f,data/videos_v3/int_5000ms/v3_5000_00905.avi,5000,1,0,-2.2051,-10.0431,-10.7292,-11.8537,-11.104,32,a,NO,NO.
moved_real,data/videos_v3/int_5000ms/v3_5000_00905.avi,5000,1,0,-2.7734,-9.8963,-11.7071,-11.7698,-10.8953,8,a,NO,NO.
moved_twin,data/twin_v3/v3_5000_00905.avi,5000,0,0,-2.2648,-9.9982,-11.6833,-11.8711,-11.1216,8,a,NO,NO.
still_real,data/videos_v3/int_5000ms/v3_5000_00905.avi,5000,0,1,0.1984,-9.9361,-10.9978,-11.8082,-11.1843,8,a,YES,YES.
still_twin,data/twin_v3/v3_5000_00905.avi,5000,1,1,1.6631,-9.9919,-11.4281,-11.9886,-11.6764,8,a,YES,YES.
order_twin,data/twin_v3/v3_5000_00905.avi,5000,-1,0,-1.8304,-10.2103,-10.9584,-11.9579,-11.458,8,a,NO,NO.
moved_solo_hit,data/videos_v3/int_5000ms/v3_5000_00905_soloa.avi,5000,1,0,-2.6482,-9.9044,-11.715,-11.7155,-10.9032,8,a,NO,NO.
moved_solo_fa,data/videos_v3/int_5000ms/v3_5000_00905_solob.avi,5000,0,0,-2.5681,-10.0549,-11.8026,-11.9904,-11.1786,8,a,NO,NO.
order_real,data/videos_v3/int_5000ms/v3_5000_00906.avi,5000,0,0,-2.0113,-10.1207,-10.4944,-11.6814,-11.1191,8,a,NO,NO.
order_rev,data/videos_v3/int_5000ms/v3_5000_00906.avi,5000,0,0,-1.7727,-8.2648,-10.826,-11.5132,-11.0132,8,a,NO,NO.
order_forced,data/videos_v3/int_5000ms/v3_5000_00906.avi,5000,0,0,-0.4999,-1.4964,-0.9965,-7.4944,-9.118,8,a,B,B
interval,data/videos_v3/int_5000ms/v3_5000_00906.avi,5000,D,B,,-1.4468,-1.3087,-1.5763,-1.3218,8,a,(B,(B) 1-2 seconds
order_32f,data/videos_v3/int_5000ms/v3_5000_00906.avi,5000,0,0,-2.5783,-10.2237,-10.6598,-11.9718,-11.1599,32,a,NO,NO.
moved_real,data/videos_v3/int_5000ms/v3_5000_00906.avi,5000,1,0,-2.023,-10.2316,-11.48,-11.6678,-11.1057,8,a,NO,NO.
moved_twin,data/twin_v3/v3_5000_00906.avi,5000,0,0,-2.39,-10.1147,-11.5503,-11.6132,-10.9889,8,a,NO,NO.
still_real,data/videos_v3/int_5000ms/v3_5000_00906.avi,5000,0,1,1.8919,-9.9721,-11.3456,-12.2189,-11.5947,8,a,YES,YES.
still_twin,data/twin_v3/v3_5000_00906.avi,5000,1,1,2.1339,-9.9436,-11.2551,-12.0655,-11.5032,8,a,YES,YES.
order_twin,data/twin_v3/v3_5000_00906.avi,5000,-1,0,-2.2355,-10.0029,-10.6261,-11.6262,-11.1262,8,a,NO,NO.
moved_solo_hit,data/videos_v3/int_5000ms/v3_5000_00906_soloa.avi,5000,1,0,-1.9849,-10.1253,-11.4356,-11.5611,-10.9992,8,a,NO,NO.
moved_solo_fa,data/videos_v3/int_5000ms/v3_5000_00906_solob.avi,5000,0,0,-2.398,-10.3191,-11.6299,-11.7554,-11.1933,8,a,NO,NO.
order_real,data/videos_v3/int_5000ms/v3_5000_00907.avi,5000,0,0,-1.4103,-9.9654,-10.4637,-11.4632,-11.0879,8,a,NO,NO.
order_rev,data/videos_v3/int_5000ms/v3_5000_00907.avi,5000,0,0,-1.2486,-8.0141,-10.7627,-11.2626,-11.0123,8,a,NO,NO.
order_forced,data/videos_v3/int_5000ms/v3_5000_00907.avi,5000,0,1,0.2501,-1.151,-1.4011,-6.3997,-9.1471,8,a,The,The green circle moved first.
interval,data/videos_v3/int_5000ms/v3_5000_00907.avi,5000,D,A,,-1.3709,-1.3521,-1.6274,-1.3744,8,a,(A,(A) Less than 1 second
order_32f,data/videos_v3/int_5000ms/v3_5000_00907.avi,5000,0,0,-1.9694,-10.0778,-10.6389,-11.7009,-11.0138,32,a,NO,NO.
moved_real,data/videos_v3/int_5000ms/v3_5000_00907.avi,5000,1,0,-1.2512,-10.0904,-11.4007,-11.4632,-11.0886,8,a,NO,NO.
moved_twin,data/twin_v3/v3_5000_00907.avi,5000,0,0,-2.8182,-10.5417,-11.9146,-11.7278,-11.4156,8,a,NO,NO.
still_real,data/videos_v3/int_5000ms/v3_5000_00907.avi,5000,0,1,0.3156,-10.1187,-11.1175,-11.8659,-11.3042,8,a,YES,YES.
still_twin,data/twin_v3/v3_5000_00907.avi,5000,1,1,1.2843,-10.213,-11.2746,-11.8982,-11.5231,8,a,YES,YES.
order_twin,data/twin_v3/v3_5000_00907.avi,5000,-1,0,-1.6398,-9.9552,-10.5784,-11.453,-11.1403,8,a,NO,NO.
moved_solo_hit,data/videos_v3/int_5000ms/v3_5000_00907_soloa.avi,5000,1,0,-1.1363,-10.0041,-11.2518,-11.3768,-11.0022,8,a,NO,NO.
moved_solo_fa,data/videos_v3/int_5000ms/v3_5000_00907_solob.avi,5000,0,0,-2.6931,-10.4234,-11.9215,-11.7342,-11.3597,8,a,NO,NO.
order_real,data/videos_v3/int_5000ms/v3_5000_00908.avi,5000,1,0,-1.3895,-10.0602,-10.3712,-11.4961,-11.1211,8,b,NO,NO.
order_rev,data/videos_v3/int_5000ms/v3_5000_00908.avi,5000,1,0,-1.2488,-7.6385,-10.5747,-11.1995,-10.9492,8,b,NO,NO.
order_forced,data/videos_v3/int_5000ms/v3_5000_00908.avi,5000,1,1,-0.125,-1.615,-1.49,-4.4897,-9.2373,8,b,The,The blue circle moved first.
interval,data/videos_v3/int_5000ms/v3_5000_00908.avi,5000,D,A,,-1.1348,-1.3562,-1.6379,-1.6348,8,b,(A,(A) Less than 1 second
order_32f,data/videos_v3/int_5000ms/v3_5000_00908.avi,5000,1,0,-1.6101,-10.021,-10.3944,-11.5818,-11.0193,32,b,NO,NO.
moved_real,data/videos_v3/int_5000ms/v3_5000_00908.avi,5000,1,0,-1.0112,-9.9089,-11.0944,-11.4694,-10.9695,8,b,NO,NO.
moved_twin,data/twin_v3/v3_5000_00908.avi,5000,0,0,-3.1109,-10.0725,-11.3826,-11.4461,-10.8215,8,b,NO,NO.
still_real,data/videos_v3/int_5000ms/v3_5000_00908.avi,5000,0,1,1.0512,-10.0421,-11.1036,-11.9769,-11.4773,8,b,YES,YES.
still_twin,data/twin_v3/v3_5000_00908.avi,5000,1,1,2.2499,-10.0666,-11.253,-12.0633,-11.5011,8,b,YES,YES.
order_twin,data/twin_v3/v3_5000_00908.avi,5000,-1,0,-2.6242,-9.9568,-10.3302,-11.3926,-11.0177,8,b,NO,NO.
moved_solo_hit,data/videos_v3/int_5000ms/v3_5000_00908_solob.avi,5000,1,0,-0.9276,-9.869,-11.1169,-11.4919,-10.9295,8,b,NO,NO.
moved_solo_fa,data/videos_v3/int_5000ms/v3_5000_00908_soloa.avi,5000,0,0,-2.9557,-10.1722,-11.3577,-11.4832,-10.8589,8,b,NO,NO.
order_real,data/videos_v3/int_5000ms/v3_5000_00909.avi,5000,0,0,-1.2728,-9.9812,-10.4172,-11.4168,-10.9794,8,a,NO,NO.
order_rev,data/videos_v3/int_5000ms/v3_5000_00909.avi,5000,0,0,-0.5767,-7.943,-10.504,-11.3161,-10.7537,8,a,NO,NO.
order_forced,data/videos_v3/int_5000ms/v3_5000_00909.avi,5000,0,1,0.1252,-1.3582,-1.4834,-6.7311,-8.3519,8,a,The,The magenta triangle moved first.
interval,data/videos_v3/int_5000ms/v3_5000_00909.avi,5000,D,B,,-1.6312,-1.2339,-1.3893,-1.5062,8,a,(B,(B) 1-2 seconds
order_32f,data/videos_v3/int_5000ms/v3_5000_00909.avi,5000,0,0,-1.5149,-9.7292,-10.2275,-11.477,-10.7274,32,a,NO,NO.
moved_real,data/videos_v3/int_5000ms/v3_5000_00909.avi,5000,1,0,-0.8203,-10.0863,-11.3343,-11.5836,-10.8348,8,a,NO,NO.
moved_twin,data/twin_v3/v3_5000_00909.avi,5000,0,0,-3.2731,-10.2696,-11.7678,-11.7057,-10.9562,8,a,NO,NO.
still_real,data/videos_v3/int_5000ms/v3_5000_00909.avi,5000,0,1,0.7984,-10.1904,-11.0649,-11.875,-11.2506,8,a,YES,YES.
still_twin,data/twin_v3/v3_5000_00909.avi,5000,1,1,1.644,-10.3305,-11.4546,-12.2027,-11.5779,8,a,YES,YES.
order_twin,data/twin_v3/v3_5000_00909.avi,5000,-1,0,-2.1749,-9.8715,-10.4325,-11.4324,-10.9945,8,a,NO,NO.
moved_solo_hit,data/videos_v3/int_5000ms/v3_5000_00909_soloa.avi,5000,1,0,-0.4413,-9.9962,-11.3692,-11.5564,-10.8694,8,a,NO,NO.
moved_solo_fa,data/videos_v3/int_5000ms/v3_5000_00909_solob.avi,5000,0,0,-3.3601,-10.2786,-11.839,-11.8392,-11.0277,8,a,NO,NO.
order_real,data/videos_v3/int_5000ms/v3_5000_00910.avi,5000,1,0,-2.0953,-10.1592,-10.4703,-11.595,-11.095,8,a,NO,NO.
order_rev,data/videos_v3/int_5000ms/v3_5000_00910.avi,5000,1,0,-0.9157,-7.6154,-10.3014,-11.1136,-10.6757,8,a,NO,NO.
order_forced,data/videos_v3/int_5000ms/v3_5000_00910.avi,5000,1,1,-0.2498,-1.6423,-1.3925,-7.0159,-9.0132,8,a,The,The red triangle moved first.
interval,data/videos_v3/int_5000ms/v3_5000_00910.avi,5000,D,A,,-1.3108,-1.3013,-1.5632,-1.437,8,a,(A,(A) Less than 1 second
order_32f,data/videos_v3/int_5000ms/v3_5000_00910.avi,5000,1,0,-2.7953,-10.2932,-10.7294,-11.9166,-11.2291,32,a,NO,NO.
moved_real,data/videos_v3/int_5000ms/v3_5000_00910.avi,5000,1,0,-2.6364,-10.5374,-11.786,-11.7863,-11.099,8,a,NO,NO.
moved_twin,data/twin_v3/v3_5000_00910.avi,5000,0,0,-2.7485,-10.5416,-11.7277,-11.8527,-11.1032,8,a,NO,NO.
still_real,data/videos_v3/int_5000ms/v3_5000_00910.avi,5000,0,1,1.6489,-10.0423,-11.0415,-11.9147,-11.2899,8,a,YES,YES.
still_twin,data/twin_v3/v3_5000_00910.avi,5000,1,1,2.1362,-9.9645,-11.151,-12.0242,-11.3994,8,a,YES,YES.
order_twin,data/twin_v3/v3_5000_00910.avi,5000,-1,0,-2.5632,-10.0351,-10.4085,-11.5334,-10.9709,8,a,NO,NO.
moved_solo_hit,data/videos_v3/int_5000ms/v3_5000_00910_soloa.avi,5000,1,0,-2.5111,-10.5082,-11.6944,-11.7571,-11.0698,8,a,NO,NO.
moved_solo_fa,data/videos_v3/int_5000ms/v3_5000_00910_solob.avi,5000,0,0,-2.8623,-10.5236,-11.7721,-11.8349,-11.0229,8,a,NO,NO.
order_real,data/videos_v3/int_5000ms/v3_5000_00911.avi,5000,1,0,-0.8023,-10.0917,-10.3407,-11.5275,-10.9653,8,a,NO,NO.
order_rev,data/videos_v3/int_5000ms/v3_5000_00911.avi,5000,1,0,-0.5255,-7.8505,-10.599,-11.2861,-10.8487,8,a,NO,NO.
order_forced,data/videos_v3/int_5000ms/v3_5000_00911.avi,5000,1,1,0.1252,-1.4084,-1.5336,-6.2826,-9.0288,8,a,The,The green triangle moved first.
interval,data/videos_v3/int_5000ms/v3_5000_00911.avi,5000,D,B,,-1.5287,-1.134,-1.4109,-1.6537,8,a,(B,(B) 1-2 seconds
order_32f,data/videos_v3/int_5000ms/v3_5000_00911.avi,5000,1,0,-1.636,-9.926,-10.2996,-11.6116,-10.8621,32,a,NO,NO.
moved_real,data/videos_v3/int_5000ms/v3_5000_00911.avi,5000,1,0,-1.0254,-10.2499,-11.5603,-11.8101,-10.9362,8,a,NO,NO.
moved_twin,data/twin_v3/v3_5000_00911.avi,5000,0,0,-2.8739,-10.4115,-11.8474,-11.7852,-11.0357,8,a,NO,NO.
still_real,data/videos_v3/int_5000ms/v3_5000_00911.avi,5000,0,0,-1.0215,-10.0389,-10.601,-11.4121,-10.7251,8,a,NO,NO.
still_twin,data/twin_v3/v3_5000_00911.avi,5000,1,1,2.1463,-10.4622,-11.5245,-12.2103,-11.6477,8,a,YES,YES.
order_twin,data/twin_v3/v3_5000_00911.avi,5000,-1,0,-2.7198,-10.0742,-10.6977,-11.6976,-11.1975,8,a,NO,NO.
moved_solo_hit,data/videos_v3/int_5000ms/v3_5000_00911_soloa.avi,5000,1,0,-0.3102,-10.261,-11.5095,-11.6346,-10.9474,8,a,NO,NO.
moved_solo_fa,data/videos_v3/int_5000ms/v3_5000_00911_solob.avi,5000,0,0,-3.2734,-10.4962,-12.057,-11.9324,-11.1204,8,a,NO,NO.
order_real,data/videos_v3/int_5000ms/v3_5000_00912.avi,5000,1,0,-0.9845,-10.0634,-10.3748,-11.3117,-11.0617,8,a,NO,NO.
order_rev,data/videos_v3/int_5000ms/v3_5000_00912.avi,5000,1,0,-0.6237,-8.1646,-10.7256,-11.1004,-10.8502,8,a,NO,NO.
order_forced,data/videos_v3/int_5000ms/v3_5000_00912.avi,5000,1,1,0.1251,-1.283,-1.4081,-6.2823,-8.9057,8,a,The,The red triangle moved first.
interval,data/videos_v3/int_5000ms/v3_5000_00912.avi,5000,D,A,,-1.2371,-1.2052,-1.6204,-1.7371,8,a,(A,(A) Less than 1 second
order_32f,data/videos_v3/int_5000ms/v3_5000_00912.avi,5000,1,0,-1.2351,-9.7838,-10.1573,-11.2192,-10.782,32,a,NO,NO.
moved_real,data/videos_v3/int_5000ms/v3_5000_00912.avi,5000,1,1,0.3236,-10.1958,-11.258,-11.3825,-11.1323,8,a,YES,YES.
moved_twin,data/twin_v3/v3_5000_00912.avi,5000,0,0,-2.4377,-10.3465,-11.6572,-11.47,-10.9706,8,a,NO,NO.
still_real,data/videos_v3/int_5000ms/v3_5000_00912.avi,5000,0,0,-1.9881,-10.0757,-10.7622,-11.3859,-10.7619,8,a,NO,NO.
still_twin,data/twin_v3/v3_5000_00912.avi,5000,1,1,1.6634,-10.2766,-11.2761,-11.8985,-11.5238,8,a,YES,YES.
order_twin,data/twin_v3/v3_5000_00912.avi,5000,-1,0,-2.686,-9.9887,-10.6121,-11.3621,-11.1118,8,a,NO,NO.
moved_solo_hit,data/videos_v3/int_5000ms/v3_5000_00912_soloa.avi,5000,1,1,0.4469,-10.1628,-11.4111,-11.4112,-11.2235,8,a,YES,YES.
moved_solo_fa,data/videos_v3/int_5000ms/v3_5000_00912_solob.avi,5000,0,0,-1.6236,-10.1643,-11.4129,-11.4125,-10.851,8,a,NO,NO.
order_real,data/videos_v3/int_5000ms/v3_5000_00913.avi,5000,0,0,-1.2906,-9.9574,-10.0189,-11.4552,-10.7685,8,a,NO,NO.
order_rev,data/videos_v3/int_5000ms/v3_5000_00913.avi,5000,0,0,-0.7822,-7.4234,-10.2344,-11.3586,-10.6713,8,a,NO,NO.
order_forced,data/videos_v3/int_5000ms/v3_5000_00913.avi,5000,0,1,-0.2494,-1.9571,-1.7077,-8.2023,-8.6997,8,a,The,The yellow triangle moved first.
interval,data/videos_v3/int_5000ms/v3_5000_00913.avi,5000,D,B,,-1.3875,-1.1284,-1.5156,-1.6392,8,a,(B,(B) 1-2 seconds
order_32f,data/videos_v3/int_5000ms/v3_5000_00913.avi,5000,0,0,-1.7126,-10.1133,-10.2992,-11.7359,-10.9869,32,a,NO,NO.
moved_real,data/videos_v3/int_5000ms/v3_5000_00913.avi,5000,1,0,-0.7849,-10.2451,-11.0564,-11.8043,-10.8687,8,a,NO,NO.
moved_twin,data/twin_v3/v3_5000_00913.avi,5000,0,0,-1.8019,-10.2776,-11.2761,-11.7131,-10.839,8,a,NO,NO.
still_real,data/videos_v3/int_5000ms/v3_5000_00913.avi,5000,0,1,0.6712,-10.082,-10.7689,-11.7664,-10.9555,8,a,YES,YES.
still_twin,data/twin_v3/v3_5000_00913.avi,5000,1,1,1.6584,-10.088,-10.9625,-11.8353,-11.1488,8,a,YES,YES.
order_twin,data/twin_v3/v3_5000_00913.avi,5000,-1,0,-1.8977,-9.8933,-10.142,-11.3914,-10.7669,8,a,NO,NO.
moved_solo_hit,data/videos_v3/int_5000ms/v3_5000_00913_soloa.avi,5000,1,0,-0.3152,-10.1981,-11.009,-11.6947,-10.6967,8,a,NO,NO.
moved_solo_fa,data/videos_v3/int_5000ms/v3_5000_00913_solob.avi,5000,0,0,-1.9267,-10.3221,-11.3205,-11.7575,-10.8836,8,a,NO,NO.
order_real,data/videos_v3/int_5000ms/v3_5000_00914.avi,5000,0,0,-1.4989,-9.9011,-10.3373,-11.3993,-10.8993,8,a,NO,NO.
order_rev,data/videos_v3/int_5000ms/v3_5000_00914.avi,5000,0,0,-0.7753,-8.1394,-10.638,-11.45,-10.825,8,a,NO,NO.
order_forced,data/videos_v3/int_5000ms/v3_5000_00914.avi,5000,0,1,0.2502,-1.3936,-1.6438,-7.3916,-8.8883,8,a,The,The magenta triangle moved first.
interval,data/videos_v3/int_5000ms/v3_5000_00914.avi,5000,D,B,,-1.4542,-1.1817,-1.4587,-1.5792,8,a,(B,(B) 1-2 seconds
order_32f,data/videos_v3/int_5000ms/v3_5000_00914.avi,5000,0,0,-2.9772,-9.768,-10.329,-11.4534,-10.7663,32,a,NO,NO.
moved_real,data/videos_v3/int_5000ms/v3_5000_00914.avi,5000,1,0,-0.5703,-9.9213,-11.1693,-11.5434,-10.7321,8,a,NO,NO.
moved_twin,data/twin_v3/v3_5000_00914.avi,5000,0,0,-2.9076,-10.0979,-11.4086,-11.5336,-10.7219,8,a,NO,NO.
still_real,data/videos_v3/int_5000ms/v3_5000_00914.avi,5000,0,1,0.5675,-10.0104,-10.9471,-11.7569,-11.1328,8,a,YES,YES.
still_twin,data/twin_v3/v3_5000_00914.avi,5000,1,1,2.3875,-10.389,-11.4511,-12.073,-11.6359,8,a,YES,YES.
order_twin,data/twin_v3/v3_5000_00914.avi,5000,-1,0,-2.7731,-9.7561,-10.4419,-11.3172,-10.8791,8,a,NO,NO.
moved_solo_hit,data/videos_v3/int_5000ms/v3_5000_00914_soloa.avi,5000,1,1,0.4185,-9.9387,-11.187,-11.4984,-10.7491,8,a,YES,YES.
moved_solo_fa,data/videos_v3/int_5000ms/v3_5000_00914_solob.avi,5000,0,0,-2.8741,-10.1903,-11.5634,-11.6262,-10.8142,8,a,NO,NO.
order_real,data/videos_v3/int_5000ms/v3_5000_00915.avi,5000,1,0,-2.5031,-9.9966,-10.4952,-11.0575,-10.9326,8,b,NO,NO.
order_rev,data/videos_v3/int_5000ms/v3_5000_00915.avi,5000,1,0,-1.1505,-7.786,-10.6595,-11.2217,-10.8465,8,b,NO,NO.
order_forced,data/videos_v3/int_5000ms/v3_5000_00915.avi,5000,1,1,0.2505,-1.4814,-1.7319,-4.1061,-8.5989,8,b,The,The cyan circle moved first.
interval,data/videos_v3/int_5000ms/v3_5000_00915.avi,5000,D,B,,-1.3628,-1.223,-1.6179,-1.4905,8,b,(B,(B) 1-2 seconds
order_32f,data/videos_v3/int_5000ms/v3_5000_00915.avi,5000,1,0,-3.4197,-9.8715,-10.5572,-11.0575,-10.8699,32,b,NO,NO.
moved_real,data/videos_v3/int_5000ms/v3_5000_00915.avi,5000,1,0,-2.7758,-10.3195,-11.755,-10.8186,-10.9439,8,b,NO,NO.
moved_twin,data/twin_v3/v3_5000_00915.avi,5000,0,0,-2.9008,-10.437,-11.6231,-10.8739,-10.874,8,b,NO,NO.
still_real,data/videos_v3/int_5000ms/v3_5000_00915.avi,5000,0,1,1.399,-10.2108,-11.2103,-11.9577,-11.4584,8,b,YES,YES.
still_twin,data/twin_v3/v3_5000_00915.avi,5000,1,1,2.3748,-10.4284,-11.4281,-12.1754,-11.6757,8,b,YES,YES.
order_twin,data/twin_v3/v3_5000_00915.avi,5000,-1,0,-2.9909,-9.8641,-10.4878,-11.0502,-10.8628,8,b,NO,NO.
moved_solo_hit,data/videos_v3/int_5000ms/v3_5000_00915_solob.avi,5000,1,0,-2.6576,-10.2362,-11.6095,-10.7356,-10.8605,8,b,NO,NO.
moved_solo_fa,data/videos_v3/int_5000ms/v3_5000_00915_soloa.avi,5000,0,0,-1.7996,-10.2875,-11.3484,-10.8491,-10.7867,8,b,NO,NO.
order_real,data/videos_v3/int_5000ms/v3_5000_00916.avi,5000,1,0,-1.4985,-9.9354,-10.434,-11.3086,-10.9337,8,b,NO,NO.
order_rev,data/videos_v3/int_5000ms/v3_5000_00916.avi,5000,1,0,-0.5572,-8.0758,-10.6364,-11.1985,-10.8233,8,b,NO,NO.
order_forced,data/videos_v3/int_5000ms/v3_5000_00916.avi,5000,1,1,0.1251,-1.3454,-1.4705,-6.3445,-8.842,8,b,The,The red triangle moved first.
interval,data/videos_v3/int_5000ms/v3_5000_00916.avi,5000,D,B,,-1.5085,-1.1066,-1.6428,-1.5135,8,b,(B,(B) 1-2 seconds
order_32f,data/videos_v3/int_5000ms/v3_5000_00916.avi,5000,1,0,-2.4709,-9.8167,-10.2529,-11.3151,-10.7528,32,b,NO,NO.
moved_real,data/videos_v3/int_5000ms/v3_5000_00916.avi,5000,1,0,-0.9101,-10.0864,-11.2723,-11.2723,-10.7727,8,b,NO,NO.
moved_twin,data/twin_v3/v3_5000_00916.avi,5000,0,0,-2.7034,-10.341,-11.7145,-11.5275,-11.0277,8,b,NO,NO.
still_real,data/videos_v3/int_5000ms/v3_5000_00916.avi,5000,0,1,0.2069,-10.0741,-10.9485,-11.5714,-11.1344,8,b,YES,YES.
still_twin,data/twin_v3/v3_5000_00916.avi,5000,1,1,1.902,-10.4798,-11.4793,-12.0394,-11.7268,8,b,YES,YES.
order_twin,data/twin_v3/v3_5000_00916.avi,5000,-1,0,-2.4699,-9.9681,-10.5916,-11.4039,-11.0288,8,b,NO,NO.
moved_solo_hit,data/videos_v3/int_5000ms/v3_5000_00916_solob.avi,5000,1,0,-2.2209,-10.211,-11.5217,-11.3349,-10.8352,8,b,NO,NO.
moved_solo_fa,data/videos_v3/int_5000ms/v3_5000_00916_soloa.avi,5000,0,0,-2.5947,-10.3324,-11.7057,-11.5186,-11.0191,8,b,NO,NO.
order_real,data/videos_v3/int_5000ms/v3_5000_00917.avi,5000,0,0,-1.6229,-9.9143,-10.1007,-11.4121,-10.7876,8,a,NO,NO.
order_rev,data/videos_v3/int_5000ms/v3_5000_00917.avi,5000,0,0,-0.7821,-7.6723,-10.3582,-11.2951,-10.6704,8,a,NO,NO.
order_forced,data/videos_v3/int_5000ms/v3_5000_00917.avi,5000,0,0,0.2501,-1.4479,-1.698,-6.9467,-9.0692,8,a,The,The magenta square moved first.
interval,data/videos_v3/int_5000ms/v3_5000_00917.avi,5000,D,B,,-1.4223,-1.1586,-1.4286,-1.6723,8,a,(B,(B) 1-2 seconds
order_32f,data/videos_v3/int_5000ms/v3_5000_00917.avi,5000,0,0,-2.109,-9.924,-10.2351,-11.6092,-10.7973,32,a,NO,NO.
moved_real,data/videos_v3/int_5000ms/v3_5000_00917.avi,5000,1,0,-0.5352,-10.0847,-11.0212,-11.3951,-10.646,8,a,NO,NO.
moved_twin,data/twin_v3/v3_5000_00917.avi,5000,0,0,-3.1855,-10.4586,-11.5823,-11.6446,-10.8329,8,a,NO,NO.
still_real,data/videos_v3/int_5000ms/v3_5000_00917.avi,5000,0,0,-0.3602,-9.9922,-10.6789,-11.6143,-10.8657,8,a,NO,NO.
still_twin,data/twin_v3/v3_5000_00917.avi,5000,1,1,2.0126,-10.0543,-11.0538,-11.9889,-11.302,8,a,YES,YES.
order_twin,data/twin_v3/v3_5000_00917.avi,5000,-1,0,-2.4851,-9.9218,-10.1705,-11.3576,-10.7327,8,a,NO,NO.
moved_solo_hit,data/videos_v3/int_5000ms/v3_5000_00917_soloa.avi,5000,1,0,-0.2728,-9.9052,-10.904,-11.3403,-10.4661,8,a,NO,NO.
moved_solo_fa,data/videos_v3/int_5000ms/v3_5000_00917_solob.avi,5000,0,0,-3.0947,-10.5531,-11.8017,-11.7392,-10.9274,8,a,NO,NO.
order_real,data/videos_v3/int_5000ms/v3_5000_00918.avi,5000,0,0,-1.3071,-9.8001,-10.1737,-11.298,-10.7984,8,a,NO,NO.
order_rev,data/videos_v3/int_5000ms/v3_5000_00918.avi,5000,0,0,-1.1963,-7.7777,-10.4638,-11.1508,-10.7133,8,a,NO,NO.
order_forced,data/videos_v3/int_5000ms/v3_5000_00918.avi,5000,0,1,0.0002,-1.4426,-1.4428,-6.1916,-8.938,8,a,The,The magenta circle moved first.
interval,data/videos_v3/int_5000ms/v3_5000_00918.avi,5000,D,A,,-1.1999,-1.2927,-1.6999,-1.5749,8,a,(A,(A) Less than 1 second
order_32f,data/videos_v3/int_5000ms/v3_5000_00918.avi,5000,0,0,-2.2855,-9.8453,-10.4061,-11.6553,-10.9059,32,a,NO,NO.
moved_real,data/videos_v3/int_5000ms/v3_5000_00918.avi,5000,1,0,-1.3103,-10.0757,-11.2612,-11.5109,-10.8867,8,a,NO,NO.
moved_twin,data/twin_v3/v3_5000_00918.avi,5000,0,0,-3.3983,-10.2673,-11.7028,-11.6406,-10.954,8,a,NO,NO.
still_real,data/videos_v3/int_5000ms/v3_5000_00918.avi,5000,0,1,1.1554,-10.3144,-11.3135,-12.1859,-11.5615,8,a,YES,YES.
still_twin,data/twin_v3/v3_5000_00918.avi,5000,1,1,2.0089,-10.3312,-11.4552,-12.2654,-11.6407,8,a,YES,YES.
order_twin,data/twin_v3/v3_5000_00918.avi,5000,-1,0,-2.0355,-9.748,-10.2467,-11.2461,-10.8085,8,a,NO,NO.
moved_solo_hit,data/videos_v3/int_5000ms/v3_5000_00918_soloa.avi,5000,1,0,-1.2067,-9.9963,-11.119,-11.3687,-10.7448,8,a,NO,NO.
moved_solo_fa,data/videos_v3/int_5000ms/v3_5000_00918_solob.avi,5000,0,0,-3.3983,-10.1413,-11.6396,-11.6396,-11.0153,8,a,NO,NO.
order_real,data/videos_v3/int_5000ms/v3_5000_00919.avi,5000,1,0,-1.5956,-10.1031,-10.602,-11.6015,-11.2265,8,b,NO,NO.
order_rev,data/videos_v3/int_5000ms/v3_5000_00919.avi,5000,1,0,-0.9193,-8.0703,-10.6942,-11.4436,-11.0686,8,b,NO,NO.
order_forced,data/videos_v3/int_5000ms/v3_5000_00919.avi,5000,1,0,-0.2499,-1.3017,-1.0518,-6.3012,-9.5499,8,b,B,B
interval,data/videos_v3/int_5000ms/v3_5000_00919.avi,5000,D,A,,-1.2872,-1.3759,-1.6622,-1.4122,8,b,(A,(A) Less than 1 second
order_32f,data/videos_v3/int_5000ms/v3_5000_00919.avi,5000,1,0,-1.7049,-10.2291,-10.7281,-11.8526,-11.2278,32,b,NO,NO.
moved_real,data/videos_v3/int_5000ms/v3_5000_00919.avi,5000,1,0,-2.1121,-10.0885,-11.5245,-11.5249,-11.0874,8,b,NO,NO.
moved_twin,data/twin_v3/v3_5000_00919.avi,5000,0,0,-2.2372,-10.201,-11.5122,-11.6376,-11.1374,8,b,NO,NO.
still_real,data/videos_v3/int_5000ms/v3_5000_00919.avi,5000,0,1,1.6491,-10.1965,-11.4457,-12.0695,-11.6324,8,b,YES,YES.
still_twin,data/twin_v3/v3_5000_00919.avi,5000,1,1,1.6555,-10.3201,-11.5068,-12.0681,-11.7558,8,b,YES,YES.
order_twin,data/twin_v3/v3_5000_00919.avi,5000,-1,0,-1.8445,-10.2812,-10.7176,-11.6548,-11.3421,8,b,NO,NO.
moved_solo_hit,data/videos_v3/int_5000ms/v3_5000_00919_solob.avi,5000,1,0,-2.0226,-10.1118,-11.4854,-11.5481,-11.1106,8,b,NO,NO.
moved_solo_fa,data/videos_v3/int_5000ms/v3_5000_00919_soloa.avi,5000,0,0,-2.2373,-10.2005,-11.5115,-11.6992,-11.1994,8,b,NO,NO.
order_real,data/videos_v3/int_5000ms/v3_5000_00920.avi,5000,0,0,-1.014,-10.1469,-10.2079,-11.1452,-10.8955,8,b,NO,NO.
order_rev,data/videos_v3/int_5000ms/v3_5000_00920.avi,5000,0,0,-0.4109,-7.4946,-10.2427,-11.055,-10.6798,8,b,NO,NO.
order_forced,data/videos_v3/int_5000ms/v3_5000_00920.avi,5000,0,1,-0.3744,-2.8184,-2.444,-5.4434,-9.6886,8,b,The,The cyan triangle moved first.
interval,data/videos_v3/int_5000ms/v3_5000_00920.avi,5000,D,B,,-1.4505,-1.0727,-1.4543,-1.7043,8,b,(B,(B) 1-2 seconds
order_real,data/videos_v3/int_5000ms/v3_5000_00921.avi,5000,0,0,-1.1476,-10.1336,-10.4449,-11.3815,-11.1318,8,a,NO,NO.
order_rev,data/videos_v3/int_5000ms/v3_5000_00921.avi,5000,0,0,-0.6821,-7.9064,-10.6548,-11.2167,-10.9668,8,a,NO,NO.
order_forced,data/videos_v3/int_5000ms/v3_5000_00921.avi,5000,0,1,0.1251,-1.0397,-1.1648,-3.1646,-8.9132,8,a,A,A
interval,data/videos_v3/int_5000ms/v3_5000_00921.avi,5000,D,A,,-1.157,-1.3922,-1.782,-1.4097,8,a,(A,(A) Less than 1 second
order_real,data/videos_v3/int_5000ms/v3_5000_00922.avi,5000,0,0,-0.9319,-10.2016,-10.3879,-11.6988,-10.888,8,b,NO,NO.
order_rev,data/videos_v3/int_5000ms/v3_5000_00922.avi,5000,0,0,-0.4514,-7.9883,-10.612,-11.6733,-10.8616,8,b,NO,NO.
order_forced,data/videos_v3/int_5000ms/v3_5000_00922.avi,5000,0,1,-0.2498,-2.1983,-1.9485,-8.072,-9.4439,8,b,The,The yellow triangle moved first.
interval,data/videos_v3/int_5000ms/v3_5000_00922.avi,5000,D,B,,-1.3874,-1.1319,-1.3901,-1.7643,8,b,(B,(B) 1-2 seconds
order_real,data/videos_v3/int_5000ms/v3_5000_00923.avi,5000,1,0,-1.7754,-10.1033,-10.477,-11.4135,-11.1639,8,a,NO,NO.
order_rev,data/videos_v3/int_5000ms/v3_5000_00923.avi,5000,1,0,-0.814,-7.9765,-10.6,-11.0997,-10.9118,8,a,NO,NO.
order_forced,data/videos_v3/int_5000ms/v3_5000_00923.avi,5000,1,1,0.1253,-1.36,-1.4853,-4.2346,-8.7304,8,a,The,The yellow triangle moved first.
interval,data/videos_v3/int_5000ms/v3_5000_00923.avi,5000,D,A,,-1.2696,-1.2529,-1.6476,-1.5226,8,a,(A,(A) Less than 1 second
order_real,data/videos_v3/int_5000ms/v3_5000_00924.avi,5000,0,0,-1.0354,-9.9251,-10.6735,-11.6732,-11.1732,8,a,NO,NO.
order_rev,data/videos_v3/int_5000ms/v3_5000_00924.avi,5000,0,0,-0.3317,-7.7756,-10.7114,-11.3987,-11.0859,8,a,NO,NO.
order_forced,data/videos_v3/int_5000ms/v3_5000_00924.avi,5000,0,1,0.125,-1.0353,-1.1603,-5.1601,-9.4086,8,a,A,A
interval,data/videos_v3/int_5000ms/v3_5000_00924.avi,5000,D,A,,-1.2175,-1.4424,-1.721,-1.346,8,a,(A,(A) Less than 1 second
order_real,data/videos_v3/int_5000ms/v3_5000_00925.avi,5000,0,0,-1.9004,-9.962,-10.4605,-11.46,-10.9602,8,a,NO,NO.
order_rev,data/videos_v3/int_5000ms/v3_5000_00925.avi,5000,0,0,-1.1602,-7.8944,-10.643,-11.3925,-10.8925,8,a,NO,NO.
order_forced,data/videos_v3/int_5000ms/v3_5000_00925.avi,5000,0,1,0.1251,-1.1832,-1.3083,-5.6824,-8.9293,8,a,The,The green circle moved first.
interval,data/videos_v3/int_5000ms/v3_5000_00925.avi,5000,D,A,,-1.3471,-1.3258,-1.6044,-1.4721,8,a,(A,(A) Less than 1 second
order_real,data/videos_v3/int_5000ms/v3_5000_00926.avi,5000,0,0,-1.7188,-9.9244,-10.298,-11.4849,-10.798,8,a,NO,NO.
order_rev,data/videos_v3/int_5000ms/v3_5000_00926.avi,5000,0,0,-0.5146,-7.996,-10.4945,-11.3062,-10.744,8,a,NO,NO.
order_forced,data/videos_v3/int_5000ms/v3_5000_00926.avi,5000,0,0,-0.2499,-1.6349,-1.385,-6.5093,-9.257,8,a,The,The magenta circle moved first.
interval,data/videos_v3/int_5000ms/v3_5000_00926.avi,5000,D,A,,-1.2573,-1.2466,-1.5112,-1.6338,8,a,(A,(A) Less than 1 second
order_real,data/videos_v3/int_5000ms/v3_5000_00927.avi,5000,0,0,-1.235,-10.1551,-10.5289,-11.403,-11.0288,8,a,NO,NO.
order_rev,data/videos_v3/int_5000ms/v3_5000_00927.avi,5000,0,0,-0.7851,-7.9978,-10.4966,-11.0586,-10.8086,8,a,NO,NO.
order_forced,data/videos_v3/int_5000ms/v3_5000_00927.avi,5000,0,1,-0.1249,-1.7066,-1.5817,-3.5815,-8.58,8,a,The,The cyan circle moved first.
interval,data/videos_v3/int_5000ms/v3_5000_00927.avi,5000,D,A,,-1.2825,-1.2717,-1.5352,-1.5325,8,a,(A,(A) Less than 1 second
order_real,data/videos_v3/int_5000ms/v3_5000_00928.avi,5000,0,0,-2.003,-9.9818,-10.4806,-11.3552,-11.0429,8,a,NO,NO.
order_rev,data/videos_v3/int_5000ms/v3_5000_00928.avi,5000,0,0,-1.2612,-8.1205,-10.5567,-11.1188,-10.9313,8,a,NO,NO.
order_forced,data/videos_v3/int_5000ms/v3_5000_00928.avi,5000,0,0,-0.2498,-1.425,-1.1752,-3.425,-9.0472,8,a,The,The cyan circle moved first.
interval,data/videos_v3/int_5000ms/v3_5000_00928.avi,5000,D,A,,-1.3246,-1.3022,-1.4541,-1.5719,8,a,(A,(A) Less than 1 second
order_real,data/videos_v3/int_5000ms/v3_5000_00929.avi,5000,0,0,-1.136,-10.0244,-10.2732,-11.5224,-10.8979,8,b,NO,NO.
order_rev,data/videos_v3/int_5000ms/v3_5000_00929.avi,5000,0,0,-0.0355,-8.2965,-10.6701,-11.4195,-10.9821,8,b,NO,NO.
order_forced,data/videos_v3/int_5000ms/v3_5000_00929.avi,5000,0,0,-0.2498,-1.7119,-1.4621,-6.3361,-8.5839,8,b,The,The yellow square moved first.
interval,data/videos_v3/int_5000ms/v3_5000_00929.avi,5000,D,B,,-1.3435,-1.196,-1.5959,-1.5908,8,b,(B,(B) 1-2 seconds
order_real,data/videos_v3/int_5000ms/v3_5000_00930.avi,5000,1,0,-0.2944,-10.2261,-10.4126,-11.7239,-10.975,8,a,NO,NO.
order_rev,data/videos_v3/int_5000ms/v3_5000_00930.avi,5000,1,0,-0.2755,-7.7006,-10.6368,-11.4486,-10.8865,8,a,NO,NO.
order_forced,data/videos_v3/int_5000ms/v3_5000_00930.avi,5000,1,1,-0.1247,-1.7635,-1.6388,-7.5118,-9.0086,8,a,The,The green triangle moved first.
interval,data/videos_v3/int_5000ms/v3_5000_00930.avi,5000,D,B,,-1.5131,-1.1265,-1.5171,-1.5171,8,a,(B,(B) 1-2 seconds
order_real,data/videos_v3/int_5000ms/v3_5000_00931.avi,5000,1,0,-1.7641,-9.9344,-10.2456,-11.2453,-10.8078,8,b,NO,NO.
order_rev,data/videos_v3/int_5000ms/v3_5000_00931.avi,5000,1,0,-0.2029,-7.6638,-10.2873,-11.0366,-10.5992,8,b,NO,NO.
order_forced,data/videos_v3/int_5000ms/v3_5000_00931.avi,5000,1,1,0.1256,-2.0667,-2.1923,-5.4408,-8.9357,8,b,The,The cyan triangle moved first.
interval,data/videos_v3/int_5000ms/v3_5000_00931.avi,5000,D,B,,-1.5574,-1.1649,-1.4388,-1.5619,8,b,(B,(B) 1-2 seconds
order_real,data/videos_v3/int_5000ms/v3_5000_00932.avi,5000,0,0,-1.1281,-10.1379,-10.5116,-11.573,-11.0735,8,b,NO,NO.
order_rev,data/videos_v3/int_5000ms/v3_5000_00932.avi,5000,0,0,-0.7915,-8.026,-10.6499,-11.2745,-10.8368,8,b,NO,NO.
order_forced,data/videos_v3/int_5000ms/v3_5000_00932.avi,5000,0,1,0.2502,-1.3229,-1.5731,-6.8214,-9.1926,8,b,The,The yellow triangle moved first.
interval,data/videos_v3/int_5000ms/v3_5000_00932.avi,5000,D,B,,-1.4629,-1.1878,-1.5914,-1.4629,8,b,(B,(B) 1-2 seconds
order_real,data/videos_v3/int_5000ms/v3_5000_00933.avi,5000,1,0,-2.1364,-10.2935,-10.7298,-11.7918,-11.167,8,b,NO,NO.
order_rev,data/videos_v3/int_5000ms/v3_5000_00933.avi,5000,1,0,-1.4006,-7.8561,-10.7922,-11.4795,-10.9793,8,b,NO,NO.
order_forced,data/videos_v3/int_5000ms/v3_5000_00933.avi,5000,1,1,0.1251,-1.1854,-1.3105,-5.6848,-9.4323,8,b,The,The yellow circle moved first.
interval,data/videos_v3/int_5000ms/v3_5000_00933.avi,5000,D,A,,-1.2778,-1.3777,-1.6563,-1.4063,8,b,(A,(A) Less than 1 second.
order_real,data/videos_v3/int_5000ms/v3_5000_00934.avi,5000,0,0,-1.438,-10.0494,-10.2358,-11.2975,-10.9853,8,a,NO,NO.
order_rev,data/videos_v3/int_5000ms/v3_5000_00934.avi,5000,0,0,-0.5783,-7.8854,-10.4464,-11.1333,-10.6959,8,a,NO,NO.
order_forced,data/videos_v3/int_5000ms/v3_5000_00934.avi,5000,0,1,0.2506,-2.0509,-2.3015,-5.0501,-9.5407,8,a,The,The cyan triangle moved first.
interval,data/videos_v3/int_5000ms/v3_5000_00934.avi,5000,D,B,,-1.4598,-1.0753,-1.4622,-1.7098,8,a,(B,(B) 1-2 seconds
order_real,data/videos_v3/int_5000ms/v3_5000_00935.avi,5000,0,0,-1.703,-10.1294,-10.5029,-11.6276,-11.0653,8,b,NO,NO.
order_rev,data/videos_v3/int_5000ms/v3_5000_00935.avi,5000,0,0,-1.0148,-7.7112,-10.5844,-11.3345,-10.8343,8,b,NO,NO.
order_forced,data/videos_v3/int_5000ms/v3_5000_00935.avi,5000,0,1,-0.3747,-1.4981,-1.1234,-7.6213,-8.8685,8,b,The,The green triangle moved first.
interval,data/videos_v3/int_5000ms/v3_5000_00935.avi,5000,D,B,,-1.5768,-1.1843,-1.4563,-1.4518,8,b,(B,(B) 1-2 seconds
order_real,data/videos_v3/int_5000ms/v3_5000_00936.avi,5000,1,0,-1.5953,-9.9772,-10.4758,-11.6,-11.038,8,a,NO,NO.
order_rev,data/videos_v3/int_5000ms/v3_5000_00936.avi,5000,1,0,-1.1604,-8.019,-10.705,-11.3922,-11.0173,8,a,NO,NO.
order_forced,data/videos_v3/int_5000ms/v3_5000_00936.avi,5000,1,0,-0.3749,-1.3935,-1.0186,-6.8927,-8.767,8,a,B,B
interval,data/videos_v3/int_5000ms/v3_5000_00936.avi,5000,D,D,,-1.3784,-1.3694,-1.6328,-1.2566,8,a,(D,(D) More than 5 seconds.
order_real,data/videos_v3/int_5000ms/v3_5000_00937.avi,5000,0,0,-1.8863,-10.0756,-10.6366,-11.5739,-11.1987,8,b,NO,NO.
order_rev,data/videos_v3/int_5000ms/v3_5000_00937.avi,5000,0,0,-1.1745,-8.0337,-10.5949,-11.0321,-10.7818,8,b,NO,NO.
order_forced,data/videos_v3/int_5000ms/v3_5000_00937.avi,5000,0,1,0.0002,-1.3311,-1.3313,-6.829,-8.8265,8,b,The,The green triangle moved first.
interval,data/videos_v3/int_5000ms/v3_5000_00937.avi,5000,D,B,,-1.4106,-1.2617,-1.665,-1.4106,8,b,(B,(B) 1-2 seconds
order_real,data/videos_v3/int_5000ms/v3_5000_00938.avi,5000,1,0,-0.4247,-9.828,-10.2015,-11.1385,-10.8258,8,b,NO,NO.
order_rev,data/videos_v3/int_5000ms/v3_5000_00938.avi,5000,1,0,-0.8075,-7.4929,-10.5538,-11.1785,-10.8034,8,b,NO,NO.
order_forced,data/videos_v3/int_5000ms/v3_5000_00938.avi,5000,1,1,0.5001,-1.2788,-1.7789,-5.653,-8.5238,8,b,The,The magenta circle moved first.
interval,data/videos_v3/int_5000ms/v3_5000_00938.avi,5000,D,B,,-1.5009,-1.1071,-1.5074,-1.6293,8,b,(B,(B) 1-2 seconds
order_real,data/videos_v3/int_5000ms/v3_5000_00939.avi,5000,1,0,-1.4194,-10.1374,-10.3861,-11.6351,-11.0733,8,b,NO,NO.
order_rev,data/videos_v3/int_5000ms/v3_5000_00939.avi,5000,1,0,-1.2754,-7.8831,-10.5693,-11.2566,-11.0063,8,b,NO,NO.
order_forced,data/videos_v3/int_5000ms/v3_5000_00939.avi,5000,1,1,0.2501,-1.1604,-1.4105,-6.4093,-9.282,8,b,The,The yellow circle moved first.
interval,data/videos_v3/int_5000ms/v3_5000_00939.avi,5000,D,A,,-1.371,-1.3193,-1.5065,-1.6147,8,b,(A,(A) Less than 1 second
order_real,data/videos_v3/int_5000ms/v3_5000_00940.avi,5000,0,0,-0.8734,-10.1711,-10.2953,-11.5438,-10.9199,8,a,NO,NO.
order_rev,data/videos_v3/int_5000ms/v3_5000_00940.avi,5000,0,0,-0.064,-7.7703,-10.4567,-11.2681,-10.9556,8,a,NO,NO.
order_forced,data/videos_v3/int_5000ms/v3_5000_00940.avi,5000,0,0,-0.1248,-1.7829,-1.6581,-3.2828,-9.2801,8,a,The,The cyan circle moved first.
interval,data/videos_v3/int_5000ms/v3_5000_00940.avi,5000,D,A,,-1.2626,-1.247,-1.5157,-1.6376,8,a,(A,(A) Less than 1 second
order_real,data/videos_v3/int_5000ms/v3_5000_00941.avi,5000,1,0,-2.628,-10.1115,-10.4853,-11.4223,-10.9854,8,a,NO,NO.
order_rev,data/videos_v3/int_5000ms/v3_5000_00941.avi,5000,1,0,-1.057,-8.1699,-10.4814,-11.2305,-10.7932,8,a,NO,NO.
order_forced,data/videos_v3/int_5000ms/v3_5000_00941.avi,5000,1,1,-0.1247,-1.6294,-1.5047,-3.8793,-8.7521,8,a,The,The yellow circle moved first.
interval,data/videos_v3/int_5000ms/v3_5000_00941.avi,5000,D,B,,-1.3811,-1.2445,-1.5117,-1.5082,8,a,(B,(B) 1-2 seconds
order_real,data/videos_v3/int_5000ms/v3_5000_00942.avi,5000,1,0,-1.4853,-9.9799,-10.4163,-11.4776,-10.9158,8,b,NO,NO.
order_rev,data/videos_v3/int_5000ms/v3_5000_00942.avi,5000,1,0,-1.041,-8.0793,-10.6403,-11.3898,-10.8273,8,b,NO,NO.
order_forced,data/videos_v3/int_5000ms/v3_5000_00942.avi,5000,1,1,0.1255,-1.3566,-1.4821,-6.2293,-8.8475,8,b,The,The yellow triangle moved first.
interval,data/videos_v3/int_5000ms/v3_5000_00942.avi,5000,D,B,,-1.5191,-1.131,-1.5236,-1.5215,8,b,(B,(B) 1-2 seconds
order_real,data/videos_v3/int_5000ms/v3_5000_00943.avi,5000,0,0,-2.3457,-10.1348,-10.6337,-11.4459,-11.071,8,a,NO,NO.
order_rev,data/videos_v3/int_5000ms/v3_5000_00943.avi,5000,0,0,-1.3739,-8.2361,-10.6723,-11.3596,-10.8596,8,a,NO,NO.
order_forced,data/videos_v3/int_5000ms/v3_5000_00943.avi,5000,0,1,0.1252,-1.3564,-1.4816,-7.2296,-8.9762,8,a,The,The magenta triangle moved first.
interval,data/videos_v3/int_5000ms/v3_5000_00943.avi,5000,D,B,,-1.5418,-1.1531,-1.4203,-1.5418,8,a,(B,(B) 1-2 seconds
order_real,data/videos_v3/int_5000ms/v3_5000_00944.avi,5000,0,0,-2.1575,-10.0296,-10.528,-11.5273,-10.9654,8,a,NO,NO.
order_rev,data/videos_v3/int_5000ms/v3_5000_00944.avi,5000,0,0,-2.0226,-7.9381,-10.8738,-11.3737,-10.9363,8,a,NO,NO.
order_forced,data/videos_v3/int_5000ms/v3_5000_00944.avi,5000,0,1,0.2505,-1.4785,-1.729,-6.3506,-8.5944,8,a,The,The yellow circle moved first.
interval,data/videos_v3/int_5000ms/v3_5000_00944.avi,5000,D,B,,-1.4562,-1.1914,-1.5863,-1.4613,8,a,(B,(B) 1-2 seconds
order_real,data/videos_v3/int_5000ms/v3_5000_00945.avi,5000,0,0,-1.4269,-10.2155,-10.5884,-11.7752,-11.2133,8,a,NO,NO.
order_rev,data/videos_v3/int_5000ms/v3_5000_00945.avi,5000,0,0,-0.9405,-8.1067,-10.6676,-11.4171,-10.9173,8,a,NO,NO.
order_forced,data/videos_v3/int_5000ms/v3_5000_00945.avi,5000,0,0,-0.125,-1.1058,-0.9808,-5.9803,-8.8541,8,a,B,B
interval,data/videos_v3/int_5000ms/v3_5000_00945.avi,5000,D,A,,-1.1487,-1.3883,-1.7764,-1.4038,8,a,(A,(A) Less than 1 second
order_real,data/videos_v3/int_5000ms/v3_5000_00946.avi,5000,1,0,-2.5029,-10.1216,-10.6203,-11.682,-11.12,8,a,NO,NO.
order_rev,data/videos_v3/int_5000ms/v3_5000_00946.avi,5000,1,0,-0.8862,-8.0929,-10.5291,-11.2782,-10.7783,8,a,NO,NO.
order_forced,data/videos_v3/int_5000ms/v3_5000_00946.avi,5000,1,1,0.0003,-1.6644,-1.6647,-5.7881,-8.9089,8,a,The,The yellow square moved first.
interval,data/videos_v3/int_5000ms/v3_5000_00946.avi,5000,D,B,,-1.396,-1.2512,-1.5282,-1.521,8,a,(B,(B) 1-2 seconds
order_real,data/videos_v3/int_5000ms/v3_5000_00947.avi,5000,1,0,-1.219,-10.2049,-10.3913,-11.6404,-10.9534,8,b,NO,NO.
order_rev,data/videos_v3/int_5000ms/v3_5000_00947.avi,5000,1,0,-0.4002,-7.8976,-10.584,-11.5205,-10.8957,8,b,NO,NO.
order_forced,data/videos_v3/int_5000ms/v3_5000_00947.avi,5000,1,1,0.0003,-1.9925,-1.9928,-7.9907,-9.3623,8,b,The,The green triangle moved first.
interval,data/videos_v3/int_5000ms/v3_5000_00947.avi,5000,D,B,,-1.2708,-1.1377,-1.5235,-1.7723,8,b,(B,(B) 1-2 seconds
order_real,data/videos_v3/int_5000ms/v3_5000_00948.avi,5000,0,0,-1.8755,-10.2897,-10.7257,-11.6007,-11.3507,8,a,NO,NO.
order_rev,data/videos_v3/int_5000ms/v3_5000_00948.avi,5000,0,0,-1.1474,-7.9863,-10.735,-11.4849,-11.1724,8,a,NO,NO.
order_forced,data/videos_v3/int_5000ms/v3_5000_00948.avi,5000,0,1,0.0001,-1.1522,-1.1523,-3.1522,-10.1513,8,a,A,A
interval,data/videos_v3/int_5000ms/v3_5000_00948.avi,5000,D,A,,-1.2905,-1.2653,-1.5497,-1.6689,8,a,(A,(A) Less than 1 second
order_real,data/videos_v3/int_5000ms/v3_5000_00949.avi,5000,0,0,-1.1363,-9.9624,-10.3985,-11.1481,-10.9607,8,a,NO,NO.
order_rev,data/videos_v3/int_5000ms/v3_5000_00949.avi,5000,0,0,-0.5669,-8.2767,-10.6503,-11.2125,-10.9625,8,a,NO,NO.
order_forced,data/videos_v3/int_5000ms/v3_5000_00949.avi,5000,0,1,0.2501,-1.2743,-1.5244,-3.8992,-9.0228,8,a,The,The magenta square moved first.
interval,data/videos_v3/int_5000ms/v3_5000_00949.avi,5000,D,A,,-1.28,-1.3799,-1.6584,-1.405,8,a,(A,(A) Less than 1 second
order_real,data/videos_v3/int_5000ms/v3_5000_00950.avi,5000,0,0,-1.3599,-10.1915,-10.4403,-11.5642,-11.0025,8,b,NO,NO.
order_rev,data/videos_v3/int_5000ms/v3_5000_00950.avi,5000,0,0,-0.4164,-8.0344,-10.6581,-11.345,-10.8448,8,b,NO,NO.
order_forced,data/videos_v3/int_5000ms/v3_5000_00950.avi,5000,0,0,0.2503,-1.6215,-1.8718,-5.1209,-8.3681,8,b,The,The red circle moved first.
interval,data/videos_v3/int_5000ms/v3_5000_00950.avi,5000,D,B,,-1.3068,-1.1696,-1.5599,-1.6799,8,b,(B,(B) 1-2 seconds
order_real,data/videos_v3/int_5000ms/v3_5000_00951.avi,5000,0,0,-1.3277,-10.0109,-10.3219,-11.5089,-10.9468,8,b,NO,NO.
order_rev,data/videos_v3/int_5000ms/v3_5000_00951.avi,5000,0,0,-0.0495,-7.9287,-10.6148,-11.2394,-10.9265,8,b,NO,NO.
order_forced,data/videos_v3/int_5000ms/v3_5000_00951.avi,5000,0,0,-0.4998,-1.9137,-1.4139,-5.7881,-9.0346,8,b,The,The red circle moved first.
interval,data/videos_v3/int_5000ms/v3_5000_00951.avi,5000,D,B,,-1.3637,-1.1985,-1.4922,-1.7304,8,b,(B,(B) 1-2 seconds
order_real,data/videos_v3/int_5000ms/v3_5000_00952.avi,5000,0,0,-1.9706,-9.8004,-10.3614,-11.3611,-10.8611,8,a,NO,NO.
order_rev,data/videos_v3/int_5000ms/v3_5000_00952.avi,5000,0,0,-1.1504,-7.663,-10.5989,-11.2861,-10.7857,8,a,NO,NO.
order_forced,data/videos_v3/int_5000ms/v3_5000_00952.avi,5000,0,1,0.0003,-1.5209,-1.5212,-6.8938,-8.5157,8,a,The,The red square moved first.
interval,data/videos_v3/int_5000ms/v3_5000_00952.avi,5000,D,B,,-1.5817,-1.1919,-1.4618,-1.4594,8,a,(B,(B) 1-2 seconds
order_real,data/videos_v3/int_5000ms/v3_5000_00953.avi,5000,0,0,-1.15,-9.9731,-10.1591,-11.4087,-10.8463,8,b,NO,NO.
order_rev,data/videos_v3/int_5000ms/v3_5000_00953.avi,5000,0,0,-0.91,-7.8351,-10.4585,-11.3331,-10.7707,8,b,NO,NO.
order_forced,data/videos_v3/int_5000ms/v3_5000_00953.avi,5000,0,1,-0.1248,-1.6259,-1.5011,-7.9984,-8.6213,8,b,The,The blue triangle moved first.
interval,data/videos_v3/int_5000ms/v3_5000_00953.avi,5000,D,B,,-1.542,-1.1554,-1.4226,-1.5441,8,b,(B,(B) 1-2 seconds
order_real,data/videos_v3/int_5000ms/v3_5000_00954.avi,5000,1,0,-1.5247,-10.0821,-10.3308,-11.1434,-10.7061,8,b,NO,NO.
order_rev,data/videos_v3/int_5000ms/v3_5000_00954.avi,5000,1,0,-0.1889,-7.8369,-10.5857,-10.9606,-10.8976,8,b,NO,NO.
order_forced,data/videos_v3/int_5000ms/v3_5000_00954.avi,5000,1,0,-0.2497,-1.9583,-1.7086,-3.8333,-9.3298,8,b,The,The cyan triangle moved first.
interval,data/videos_v3/int_5000ms/v3_5000_00954.avi,5000,D,B,,-1.636,-1.1257,-1.391,-1.5145,8,b,(B,(B) 1-2 seconds
order_real,data/videos_v3/int_5000ms/v3_5000_00955.avi,5000,0,0,-0.8871,-9.8073,-10.0559,-11.3674,-10.7433,8,a,NO,NO.
order_rev,data/videos_v3/int_5000ms/v3_5000_00955.avi,5000,0,0,-0.815,-8.0195,-10.3307,-11.3921,-10.8299,8,a,NO,NO.
order_forced,data/videos_v3/int_5000ms/v3_5000_00955.avi,5000,0,1,0.0003,-1.7472,-1.7475,-5.8711,-9.1155,8,a,The,The yellow square moved first.
interval,data/videos_v3/int_5000ms/v3_5000_00955.avi,5000,D,B,,-1.778,-1.1399,-1.411,-1.4054,8,a,(B,(B) 1-2 seconds
order_real,data/videos_v3/int_5000ms/v3_5000_00956.avi,5000,0,0,-1.9986,-9.8892,-10.2004,-11.3873,-10.8251,8,a,NO,NO.
order_rev,data/videos_v3/int_5000ms/v3_5000_00956.avi,5000,0,0,-0.677,-7.8522,-10.4133,-11.2878,-10.6628,8,a,NO,NO.
order_forced,data/videos_v3/int_5000ms/v3_5000_00956.avi,5000,0,1,-0.1248,-1.608,-1.4832,-7.6054,-8.8524,8,a,The,The magenta triangle moved first.
interval,data/videos_v3/int_5000ms/v3_5000_00956.avi,5000,D,B,,-1.3533,-1.2059,-1.4829,-1.7256,8,a,(B,(B) 1-2 seconds
order_real,data/videos_v3/int_5000ms/v3_5000_00957.avi,5000,0,0,-0.6656,-10.0033,-10.1897,-11.1261,-10.8145,8,a,NO,NO.
order_rev,data/videos_v3/int_5000ms/v3_5000_00957.avi,5000,0,1,0.292,-7.8939,-10.5799,-11.2669,-10.892,8,a,YES,YES.
order_forced,data/videos_v3/int_5000ms/v3_5000_00957.avi,5000,0,0,-0.4995,-2.2472,-1.7477,-5.6216,-9.2419,8,a,The,The yellow triangle moved first.
interval,data/videos_v3/int_5000ms/v3_5000_00957.avi,5000,D,B,,-1.4359,-1.0546,-1.4397,-1.813,8,a,(B,(B) 1-2 seconds
order_real,data/videos_v3/int_5000ms/v3_5000_00958.avi,5000,1,0,-0.9463,-9.8391,-10.088,-11.3367,-10.6502,8,b,NO,NO.
order_rev,data/videos_v3/int_5000ms/v3_5000_00958.avi,5000,1,0,-1.1901,-7.7934,-10.3545,-11.291,-10.6667,8,b,NO,NO.
order_forced,data/videos_v3/int_5000ms/v3_5000_00958.avi,5000,1,1,0.2502,-1.4562,-1.7064,-5.5805,-8.5785,8,b,The,The yellow circle moved first.
interval,data/videos_v3/int_5000ms/v3_5000_00958.avi,5000,D,B,,-1.3451,-1.2003,-1.4773,-1.7201,8,b,(B,(B) 1-2 seconds
order_real,data/videos_v3/int_5000ms/v3_5000_00959.avi,5000,0,0,-0.9986,-10.0733,-10.447,-11.6339,-10.9469,8,b,NO,NO.
order_rev,data/videos_v3/int_5000ms/v3_5000_00959.avi,5000,0,0,-0.4073,-7.5558,-10.4917,-11.4284,-10.7414,8,b,NO,NO.
order_forced,data/videos_v3/int_5000ms/v3_5000_00959.avi,5000,0,0,-0.2496,-1.8728,-1.6232,-7.7451,-9.1165,8,b,The,The yellow triangle moved first.
interval,data/videos_v3/int_5000ms/v3_5000_00959.avi,5000,D,B,,-1.3742,-1.2401,-1.5023,-1.5008,8,b,(B,(B) 1-2 seconds
order_real,data/videos_v3/int_5000ms/v3_5000_00960.avi,5000,1,0,-1.6234,-9.9759,-10.5369,-11.4117,-10.9745,8,b,NO,NO.
order_rev,data/videos_v3/int_5000ms/v3_5000_00960.avi,5000,1,0,-0.8027,-8.0923,-10.7159,-11.278,-11.0281,8,b,NO,NO.
order_forced,data/videos_v3/int_5000ms/v3_5000_00960.avi,5000,1,0,0.1251,-1.2056,-1.3307,-3.4555,-9.2041,8,b,The,The cyan square moved first.
interval,data/videos_v3/int_5000ms/v3_5000_00960.avi,5000,D,A,,-1.2886,-1.3677,-1.6636,-1.533,8,b,(A,(A) Less than 1 second
order_real,data/videos_v3/int_5000ms/v3_5000_00961.avi,5000,0,0,-0.9103,-9.9607,-10.2719,-11.6452,-10.9588,8,a,NO,NO.
order_rev,data/videos_v3/int_5000ms/v3_5000_00961.avi,5000,0,0,-0.2114,-7.6918,-10.3153,-11.252,-10.7521,8,a,NO,NO.
order_forced,data/videos_v3/int_5000ms/v3_5000_00961.avi,5000,0,0,-0.2499,-1.5678,-1.3179,-5.8172,-8.6906,8,a,The,The yellow circle moved first.
interval,data/videos_v3/int_5000ms/v3_5000_00961.avi,5000,D,A,,-1.2153,-1.3117,-1.5961,-1.5934,8,a,(A,(A) Less than 1 second
order_real,data/videos_v3/int_5000ms/v3_5000_00962.avi,5000,0,0,-1.6364,-9.9237,-10.4222,-11.4838,-11.0469,8,b,NO,NO.
order_rev,data/videos_v3/int_5000ms/v3_5000_00962.avi,5000,0,0,-0.689,-8.0161,-10.5148,-11.389,-10.9518,8,b,NO,NO.
order_forced,data/videos_v3/int_5000ms/v3_5000_00962.avi,5000,0,1,0.3751,-1.0107,-1.3858,-5.7602,-9.0088,8,b,A,A
interval,data/videos_v3/int_5000ms/v3_5000_00962.avi,5000,D,A,,-1.2841,-1.3769,-1.5406,-1.5341,8,b,(A,(A) Less than 1 second
order_real,data/videos_v3/int_5000ms/v3_5000_00963.avi,5000,1,0,-1.5333,-9.9831,-10.4191,-11.4188,-10.9189,8,b,NO,NO.
order_rev,data/videos_v3/int_5000ms/v3_5000_00963.avi,5000,1,0,-0.9105,-7.837,-10.6481,-11.148,-10.7725,8,b,NO,NO.
order_forced,data/videos_v3/int_5000ms/v3_5000_00963.avi,5000,1,1,0.25,-1.1021,-1.3521,-7.4754,-8.5992,8,b,The,The green triangle moved first.
interval,data/videos_v3/int_5000ms/v3_5000_00963.avi,5000,D,A,,-1.2213,-1.2954,-1.7213,-1.7108,8,b,(A,(A) Less than 1 second
order_real,data/videos_v3/int_5000ms/v3_5000_00964.avi,5000,0,0,-2.2355,-10.0034,-10.5018,-11.3769,-11.0642,8,b,NO,NO.
order_rev,data/videos_v3/int_5000ms/v3_5000_00964.avi,5000,0,0,-1.0767,-7.9169,-10.5402,-10.7904,-10.7897,8,b,NO,NO.
order_forced,data/videos_v3/int_5000ms/v3_5000_00964.avi,5000,0,1,-0.1247,-1.383,-1.2583,-4.8824,-8.6284,8,b,The,The blue triangle moved first.
interval,data/videos_v3/int_5000ms/v3_5000_00964.avi,5000,D,A,,-1.2854,-1.2603,-1.6639,-1.5354,8,b,(A,(A) Less than 1 second
order_real,data/videos_v3/int_5000ms/v3_5000_00965.avi,5000,0,0,-1.5223,-9.9312,-10.2425,-11.1797,-10.8674,8,a,NO,NO.
order_rev,data/videos_v3/int_5000ms/v3_5000_00965.avi,5000,0,0,-0.8975,-7.5336,-10.3446,-11.0941,-10.5943,8,a,NO,NO.
order_forced,data/videos_v3/int_5000ms/v3_5000_00965.avi,5000,0,0,-0.2497,-2.0272,-1.7775,-5.5265,-9.148,8,a,The,The green triangle moved first.
interval,data/videos_v3/int_5000ms/v3_5000_00965.avi,5000,D,B,,-1.7185,-1.0863,-1.3519,-1.5998,8,a,(B,(B) 1-2 seconds
order_real,data/videos_v3/int_5000ms/v3_5000_00966.avi,5000,1,0,-1.3652,-9.8552,-10.2913,-11.0408,-10.7287,8,a,NO,NO.
order_rev,data/videos_v3/int_5000ms/v3_5000_00966.avi,5000,1,0,-0.9243,-7.7219,-10.408,-11.0324,-10.7199,8,a,NO,NO.
order_forced,data/videos_v3/int_5000ms/v3_5000_00966.avi,5000,1,1,0.0004,-1.6724,-1.6728,-4.297,-8.918,8,a,The,The yellow triangle moved first.
interval,data/videos_v3/int_5000ms/v3_5000_00966.avi,5000,D,B,,-1.5188,-1.1283,-1.3994,-1.6459,8,a,(B,(B) 1-2 seconds
order_real,data/videos_v3/int_5000ms/v3_5000_00967.avi,5000,0,0,-2.2263,-10.2058,-10.454,-11.704,-10.8919,8,b,NO,NO.
order_rev,data/videos_v3/int_5000ms/v3_5000_00967.avi,5000,0,0,-1.4109,-7.4561,-10.454,-11.3914,-10.5789,8,b,NO,NO.
order_forced,data/videos_v3/int_5000ms/v3_5000_00967.avi,5000,0,1,-0.3746,-2.7226,-2.348,-9.8418,-9.9645,8,b,The,The red triangle moved first.
interval,data/videos_v3/int_5000ms/v3_5000_00967.avi,5000,D,B,,-1.7072,-1.0782,-1.4628,-1.4638,8,b,(B,(B) 1-2 seconds
order_real,data/videos_v3/int_5000ms/v3_5000_00968.avi,5000,0,0,-0.9081,-9.9987,-10.3101,-11.0599,-10.997,8,a,NO,NO.
order_rev,data/videos_v3/int_5000ms/v3_5000_00968.avi,5000,0,0,-0.5526,-8.1772,-10.5511,-11.1131,-10.9252,8,a,NO,NO.
order_forced,data/videos_v3/int_5000ms/v3_5000_00968.avi,5000,0,1,0.2503,-1.4031,-1.6534,-3.9029,-8.7736,8,a,The,The cyan triangle moved first.
interval,data/videos_v3/int_5000ms/v3_5000_00968.avi,5000,D,A,,-1.2817,-1.2594,-1.6598,-1.5317,8,a,(A,(A) Less than 1 second
order_real,data/videos_v3/int_5000ms/v3_5000_00969.avi,5000,1,0,-0.6604,-10.0986,-10.3472,-11.4718,-11.0346,8,b,NO,NO.
order_rev,data/videos_v3/int_5000ms/v3_5000_00969.avi,5000,1,0,-0.5412,-8.1103,-10.6086,-11.2957,-10.8583,8,b,NO,NO.
order_forced,data/videos_v3/int_5000ms/v3_5000_00969.avi,5000,1,1,0.0002,-1.5095,-1.5097,-6.6332,-8.3807,8,b,The,The blue triangle moved first.
interval,data/videos_v3/int_5000ms/v3_5000_00969.avi,5000,D,A,,-1.2445,-1.2308,-1.4981,-1.7445,8,b,(A,(A) Less than 1 second
order_real,data/videos_v3/int_5000ms/v3_5000_00970.avi,5000,1,0,-2.0414,-9.7778,-10.1513,-11.3384,-10.7137,8,a,NO,NO.
order_rev,data/videos_v3/int_5000ms/v3_5000_00970.avi,5000,1,0,-1.458,-7.6324,-10.4431,-11.1929,-10.6924,8,a,NO,NO.
order_forced,data/videos_v3/int_5000ms/v3_5000_00970.avi,5000,1,1,0.1252,-1.3716,-1.4968,-6.8697,-8.2426,8,a,The,The blue square moved first.
interval,data/videos_v3/int_5000ms/v3_5000_00970.avi,5000,D,B,,-1.4816,-1.2185,-1.4861,-1.484,8,a,(B,(B) 1-2 seconds
order_real,data/videos_v3/int_5000ms/v3_5000_00971.avi,5000,0,0,-1.8639,-9.9061,-10.1549,-10.5927,-10.655,8,a,NO,NO.
order_rev,data/videos_v3/int_5000ms/v3_5000_00971.avi,5000,0,0,-1.0409,-7.7054,-10.3291,-10.9538,-10.7036,8,a,NO,NO.
order_forced,data/videos_v3/int_5000ms/v3_5000_00971.avi,5000,0,0,-0.2494,-2.222,-1.9726,-4.4719,-8.968,8,a,The,The yellow triangle moved first.
interval,data/videos_v3/int_5000ms/v3_5000_00971.avi,5000,D,B,,-1.6309,-1.1259,-1.3843,-1.5093,8,a,(B,(B) 1-2 seconds
order_real,data/videos_v3/int_5000ms/v3_5000_00972.avi,5000,0,0,-1.5225,-10.0125,-10.3861,-11.136,-10.8858,8,b,NO,NO.
order_rev,data/videos_v3/int_5000ms/v3_5000_00972.avi,5000,0,0,-0.8154,-7.8957,-10.3944,-11.0185,-10.6436,8,b,NO,NO.
order_forced,data/videos_v3/int_5000ms/v3_5000_00972.avi,5000,0,1,0.2507,-1.6279,-1.8786,-4.3773,-8.3717,8,b,The,The cyan triangle moved first.
interval,data/videos_v3/int_5000ms/v3_5000_00972.avi,5000,D,B,,-1.3969,-1.1366,-1.5254,-1.6469,8,b,(B,(B) 1-2 seconds
order_real,data/videos_v3/int_5000ms/v3_5000_00973.avi,5000,0,0,-1.7529,-10.3887,-10.6999,-11.5743,-11.3246,8,a,NO,NO.
order_rev,data/videos_v3/int_5000ms/v3_5000_00973.avi,5000,0,0,-0.9099,-8.3341,-10.7076,-11.3944,-11.0197,8,a,NO,NO.
order_forced,data/videos_v3/int_5000ms/v3_5000_00973.avi,5000,0,0,-0.125,-1.0444,-0.9194,-3.6693,-9.1687,8,a,B,B
interval,data/videos_v3/int_5000ms/v3_5000_00973.avi,5000,D,A,,-1.1358,-1.3755,-1.6393,-1.5158,8,a,(A,(A) Less than 1 second
order_real,data/videos_v3/int_5000ms/v3_5000_00974.avi,5000,0,0,-1.3735,-9.9859,-10.4845,-11.5464,-11.1092,8,b,NO,NO.
order_rev,data/videos_v3/int_5000ms/v3_5000_00974.avi,5000,0,0,-0.6743,-7.5493,-10.485,-11.2347,-10.7347,8,b,NO,NO.
order_forced,data/videos_v3/int_5000ms/v3_5000_00974.avi,5000,0,1,-0.2499,-1.3902,-1.1403,-5.6396,-9.2619,8,b,The,The magenta square moved first.
interval,data/videos_v3/int_5000ms/v3_5000_00974.avi,5000,D,A,,-1.1968,-1.2932,-1.6999,-1.5683,8,b,(A,(A) Less than 1 second
order_real,data/videos_v3/int_5000ms/v3_5000_00975.avi,5000,1,0,-0.3069,-9.9838,-10.2327,-11.4814,-11.0444,8,b,NO,NO.
order_rev,data/videos_v3/int_5000ms/v3_5000_00975.avi,5000,1,0,-0.9101,-8.084,-10.6452,-11.2072,-10.9572,8,b,NO,NO.
order_forced,data/videos_v3/int_5000ms/v3_5000_00975.avi,5000,1,1,0.1251,-1.5546,-1.6797,-5.6791,-8.9275,8,b,The,The red circle moved first.
interval,data/videos_v3/int_5000ms/v3_5000_00975.avi,5000,D,A,,-1.1423,-1.2599,-1.6433,-1.6423,8,b,(A,(A) Less than 1 second
order_real,data/videos_v3/int_5000ms/v3_5000_00976.avi,5000,1,0,-2.0257,-10.0079,-10.5691,-11.4435,-11.1938,8,a,NO,NO.
order_rev,data/videos_v3/int_5000ms/v3_5000_00976.avi,5000,1,0,-0.3314,-8.3686,-10.7423,-11.3038,-11.0541,8,a,NO,NO.
order_forced,data/videos_v3/int_5000ms/v3_5000_00976.avi,5000,1,0,-0.1247,-1.5568,-1.4321,-4.1813,-9.0517,8,a,The,The yellow circle moved first.
interval,data/videos_v3/int_5000ms/v3_5000_00976.avi,5000,D,A,,-1.3738,-1.3419,-1.6355,-1.5032,8,a,(A,(A) Less than 1 second
order_real,data/videos_v3/int_5000ms/v3_5000_00977.avi,5000,0,0,-0.6503,-10.2407,-10.4895,-11.4882,-11.1141,8,b,NO,NO.
order_rev,data/videos_v3/int_5000ms/v3_5000_00977.avi,5000,0,0,-0.0572,-8.1608,-10.5971,-11.2211,-10.9715,8,b,NO,NO.
order_forced,data/videos_v3/int_5000ms/v3_5000_00977.avi,5000,0,0,-0.2499,-1.8066,-1.5567,-3.8065,-8.6791,8,b,The,The yellow circle moved first.
interval,data/videos_v3/int_5000ms/v3_5000_00977.avi,5000,D,A,,-1.2095,-1.1988,-1.5873,-1.7095,8,b,(A,(A) Less than 1 second
order_real,data/videos_v3/int_5000ms/v3_5000_00978.avi,5000,0,0,-2.1395,-10.014,-10.4502,-11.1375,-10.9496,8,a,NO,NO.
order_rev,data/videos_v3/int_5000ms/v3_5000_00978.avi,5000,0,0,-1.2726,-8.1884,-10.6247,-11.0621,-10.749,8,a,NO,NO.
order_forced,data/videos_v3/int_5000ms/v3_5000_00978.avi,5000,0,1,0.5004,-1.3659,-1.8663,-4.4901,-8.6089,8,a,The,The cyan triangle moved first.
interval,data/videos_v3/int_5000ms/v3_5000_00978.avi,5000,D,B,,-1.3988,-1.2563,-1.5283,-1.5238,8,a,(B,(B) 1-2 seconds
order_real,data/videos_v3/int_5000ms/v3_5000_00979.avi,5000,1,0,-0.4081,-10.1682,-10.4794,-11.4787,-11.1038,8,a,NO,NO.
order_rev,data/videos_v3/int_5000ms/v3_5000_00979.avi,5000,1,0,-0.2856,-8.1813,-10.8048,-11.3046,-10.992,8,a,NO,NO.
order_forced,data/videos_v3/int_5000ms/v3_5000_00979.avi,5000,1,1,0.1252,-1.4776,-1.6028,-6.3516,-8.9733,8,a,The,The green triangle moved first.
interval,data/videos_v3/int_5000ms/v3_5000_00979.avi,5000,D,A,,-1.2891,-1.2528,-1.543,-1.6641,8,a,(A,(A) Less than 1 second
order_real,data/videos_v3/int_5000ms/v3_5000_00980.avi,5000,0,0,-1.5145,-10.0381,-10.3492,-11.3485,-10.9113,8,b,NO,NO.
order_rev,data/videos_v3/int_5000ms/v3_5000_00980.avi,5000,0,0,-1.0711,-7.931,-10.5547,-11.1167,-10.8041,8,b,NO,NO.
order_forced,data/videos_v3/int_5000ms/v3_5000_00980.avi,5000,0,1,0.5003,-1.3503,-1.8506,-5.5991,-8.8441,8,b,The,The yellow triangle moved first.
interval,data/videos_v3/int_5000ms/v3_5000_00980.avi,5000,D,B,,-1.3557,-1.217,-1.4842,-1.6057,8,b,(B,(B) 1-2 seconds
order_real,data/videos_v3/int_5000ms/v3_5000_00981.avi,5000,0,0,-1.2752,-9.9453,-10.2568,-11.5058,-10.819,8,b,NO,NO.
order_rev,data/videos_v3/int_5000ms/v3_5000_00981.avi,5000,0,0,-1.1571,-7.6932,-10.5045,-11.3791,-10.6918,8,b,NO,NO.
order_forced,data/videos_v3/int_5000ms/v3_5000_00981.avi,5000,0,1,0.0002,-1.659,-1.6592,-7.5318,-8.9044,8,b,The,The yellow square moved first.
interval,data/videos_v3/int_5000ms/v3_5000_00981.avi,5000,D,B,,-1.4807,-1.2108,-1.4847,-1.4828,8,b,(B,(B) 1-2 seconds
order_real,data/videos_v3/int_5000ms/v3_5000_00982.avi,5000,1,0,-2.0958,-9.9727,-10.534,-11.2216,-11.0337,8,b,NO,NO.
order_rev,data/videos_v3/int_5000ms/v3_5000_00982.avi,5000,1,0,-0.8976,-7.9513,-10.5751,-11.1373,-10.8871,8,b,NO,NO.
order_forced,data/videos_v3/int_5000ms/v3_5000_00982.avi,5000,1,1,0.1251,-1.1476,-1.2727,-4.2725,-9.1462,8,b,The,The red square moved first.
interval,data/videos_v3/int_5000ms/v3_5000_00982.avi,5000,D,A,,-1.3475,-1.3067,-1.5975,-1.4676,8,b,(A,(A) Less than 1 second
order_real,data/videos_v3/int_5000ms/v3_5000_00983.avi,5000,0,0,-2.0355,-10.1199,-10.6809,-11.6181,-11.1805,8,b,NO,NO.
order_rev,data/videos_v3/int_5000ms/v3_5000_00983.avi,5000,0,0,-1.0414,-7.9567,-10.7052,-11.2676,-10.8298,8,b,NO,NO.
order_forced,data/videos_v3/int_5000ms/v3_5000_00983.avi,5000,0,1,0.0002,-1.1775,-1.1777,-7.6742,-8.6735,8,b,The,The yellow triangle moved first.
interval,data/videos_v3/int_5000ms/v3_5000_00983.avi,5000,D,A,,-1.2338,-1.3079,-1.7338,-1.7289,8,b,(A,(A) Less than 1 second
order_real,data/videos_v3/int_5000ms/v3_5000_00984.avi,5000,0,0,-1.418,-10.287,-10.5983,-11.8477,-11.3475,8,b,NO,NO.
order_rev,data/videos_v3/int_5000ms/v3_5000_00984.avi,5000,0,0,-1.2612,-7.9713,-10.6574,-11.4699,-11.2196,8,b,NO,NO.
order_forced,data/videos_v3/int_5000ms/v3_5000_00984.avi,5000,0,0,-0.375,-1.2253,-0.8503,-7.5995,-10.2234,8,b,B,B
interval,data/videos_v3/int_5000ms/v3_5000_00984.avi,5000,D,A,,-1.2408,-1.3418,-1.7576,-1.5076,8,b,(A,(A) Less than 1 second
order_real,data/videos_v3/int_5000ms/v3_5000_00985.avi,5000,0,0,-1.5026,-9.9956,-10.3691,-11.4935,-10.8685,8,a,NO,NO.
order_rev,data/videos_v3/int_5000ms/v3_5000_00985.avi,5000,0,0,-0.9163,-7.7393,-10.5506,-11.3624,-10.862,8,a,NO,NO.
order_forced,data/videos_v3/int_5000ms/v3_5000_00985.avi,5000,0,1,0.1253,-1.72,-1.8453,-7.7176,-9.0895,8,a,The,The green square moved first.
interval,data/videos_v3/int_5000ms/v3_5000_00985.avi,5000,D,B,,-1.4419,-1.1828,-1.4463,-1.5686,8,a,(B,(B) 1-2 seconds
order_real,data/videos_v3/int_5000ms/v3_5000_00986.avi,5000,0,0,-2.3977,-10.0687,-10.6303,-11.4427,-11.1925,8,b,NO,NO.
order_rev,data/videos_v3/int_5000ms/v3_5000_00986.avi,5000,0,0,-1.5424,-7.6558,-10.5299,-11.0923,-10.9671,8,b,NO,NO.
order_forced,data/videos_v3/int_5000ms/v3_5000_00986.avi,5000,0,0,-0.1248,-1.3099,-1.1851,-4.5597,-9.4326,8,b,The,The cyan square moved first.
interval,data/videos_v3/int_5000ms/v3_5000_00986.avi,5000,D,A,,-1.3458,-1.3924,-1.7208,-1.7074,8,b,(A,(A) Less than 1 second
order_real,data/videos_v3/int_5000ms/v3_5000_00987.avi,5000,0,0,-2.1098,-10.11,-10.6086,-11.421,-11.046,8,a,NO,NO.
order_rev,data/videos_v3/int_5000ms/v3_5000_00987.avi,5000,0,0,-1.3979,-7.7059,-10.5795,-11.1417,-10.8914,8,a,NO,NO.
order_forced,data/videos_v3/int_5000ms/v3_5000_00987.avi,5000,0,1,0.0001,-1.1623,-1.1624,-6.0365,-8.9095,8,a,The,The green circle moved first.
interval,data/videos_v3/int_5000ms/v3_5000_00987.avi,5000,D,A,,-1.2015,-1.2902,-1.7015,-1.5765,8,a,(A,(A) Less than 1 second
order_real,data/videos_v3/int_5000ms/v3_5000_00988.avi,5000,0,0,-2.2031,-10.0065,-10.505,-11.1303,-10.9424,8,a,NO,NO.
order_rev,data/videos_v3/int_5000ms/v3_5000_00988.avi,5000,0,0,-1.177,-7.4613,-10.5223,-10.5228,-10.647,8,a,NO,NO.
order_forced,data/videos_v3/int_5000ms/v3_5000_00988.avi,5000,0,0,0.0003,-1.5965,-1.5968,-4.971,-8.843,8,a,The,The cyan triangle moved first.
interval,data/videos_v3/int_5000ms/v3_5000_00988.avi,5000,D,B,,-1.4437,-1.1815,-1.5703,-1.4453,8,a,(B,(B) 1-2 seconds
order_real,data/videos_v3/int_5000ms/v3_5000_00989.avi,5000,1,0,-1.3978,-10.0169,-10.4527,-11.3901,-10.9524,8,a,NO,NO.
order_rev,data/videos_v3/int_5000ms/v3_5000_00989.avi,5000,1,0,-0.2998,-8.0665,-10.6273,-11.1895,-10.8143,8,a,NO,NO.
order_forced,data/videos_v3/int_5000ms/v3_5000_00989.avi,5000,1,1,0.2501,-1.1455,-1.3956,-6.5196,-9.1415,8,a,The,The green circle moved first.
interval,data/videos_v3/int_5000ms/v3_5000_00989.avi,5000,D,B,,-1.3445,-1.1944,-1.598,-1.5906,8,a,(B,(B) 1-2 seconds
order_real,data/videos_v3/int_5000ms/v3_5000_00990.avi,5000,0,0,-1.9707,-10.0489,-10.4229,-11.4848,-10.9226,8,a,NO,NO.
order_rev,data/videos_v3/int_5000ms/v3_5000_00990.avi,5000,0,0,-1.1233,-7.7923,-10.6035,-11.3532,-10.7905,8,a,NO,NO.
order_forced,data/videos_v3/int_5000ms/v3_5000_00990.avi,5000,0,1,0.0003,-1.7364,-1.7367,-6.2351,-8.8555,8,a,The,The red circle moved first.
interval,data/videos_v3/int_5000ms/v3_5000_00990.avi,5000,D,B,,-1.4395,-1.1815,-1.4423,-1.5646,8,a,(B,(B) 1-2 seconds
order_real,data/videos_v3/int_5000ms/v3_5000_00991.avi,5000,0,0,-0.6478,-10.1534,-10.4647,-11.526,-11.0266,8,b,NO,NO.
order_rev,data/videos_v3/int_5000ms/v3_5000_00991.avi,5000,0,0,-0.557,-8.4491,-10.6352,-11.4465,-10.9471,8,b,NO,NO.
order_forced,data/videos_v3/int_5000ms/v3_5000_00991.avi,5000,0,1,0.1251,-1.2927,-1.4178,-5.6673,-8.7905,8,b,The,The yellow circle moved first.
interval,data/videos_v3/int_5000ms/v3_5000_00991.avi,5000,D,A,,-1.2616,-1.2514,-1.6401,-1.5116,8,b,(A,(A) Less than 1 second
order_real,data/videos_v3/int_5000ms/v3_5000_00992.avi,5000,1,0,-1.1361,-10.2096,-10.7083,-11.8324,-11.2704,8,a,NO,NO.
order_rev,data/videos_v3/int_5000ms/v3_5000_00992.avi,5000,1,0,-0.0604,-8.2493,-10.8106,-11.4973,-11.0601,8,a,NO,NO.
order_forced,data/videos_v3/int_5000ms/v3_5000_00992.avi,5000,1,1,-0.25,-1.6346,-1.3846,-6.3841,-9.3817,8,a,The,The magenta circle moved first.
interval,data/videos_v3/int_5000ms/v3_5000_00992.avi,5000,D,A,,-1.223,-1.3389,-1.6011,-1.473,8,a,(A,(A) Less than 1 second
order_real,data/videos_v3/int_5000ms/v3_5000_00993.avi,5000,1,0,-2.4532,-10.1688,-10.6051,-11.4173,-11.1051,8,b,NO,NO.
order_rev,data/videos_v3/int_5000ms/v3_5000_00993.avi,5000,1,0,-1.2486,-8.0136,-10.3875,-11.0746,-10.6996,8,b,NO,NO.
order_forced,data/videos_v3/int_5000ms/v3_5000_00993.avi,5000,1,1,-0.3747,-1.7586,-1.3839,-3.8834,-8.6293,8,b,The,The cyan circle moved first.
interval,data/videos_v3/int_5000ms/v3_5000_00993.avi,5000,D,B,,-1.3752,-1.2421,-1.5041,-1.5016,8,b,(B,(B) 1-2 seconds
order_real,data/videos_v3/int_5000ms/v3_5000_00994.avi,5000,1,0,-1.2728,-9.9183,-10.2921,-11.479,-10.9792,8,a,NO,NO.
order_rev,data/videos_v3/int_5000ms/v3_5000_00994.avi,5000,1,0,-0.6505,-7.6825,-10.4936,-11.243,-10.8053,8,a,NO,NO.
order_forced,data/videos_v3/int_5000ms/v3_5000_00994.avi,5000,1,1,-0.1247,-1.3654,-1.2407,-6.7383,-8.1115,8,a,The,The blue square moved first.
interval,data/videos_v3/int_5000ms/v3_5000_00994.avi,5000,D,A,,-1.284,-1.3688,-1.6625,-1.534,8,a,(A,(A) Less than 1 second
order_real,data/videos_v3/int_5000ms/v3_5000_00995.avi,5000,0,0,-1.4905,-9.8954,-10.3941,-11.3311,-10.9559,8,a,NO,NO.
order_rev,data/videos_v3/int_5000ms/v3_5000_00995.avi,5000,0,0,-1.0832,-8.0895,-10.5255,-11.0877,-10.7123,8,a,NO,NO.
order_forced,data/videos_v3/int_5000ms/v3_5000_00995.avi,5000,0,0,0.0003,-1.3999,-1.4002,-6.1482,-8.5206,8,a,The,The yellow circle moved first.
interval,data/videos_v3/int_5000ms/v3_5000_00995.avi,5000,D,A,,-1.3764,-1.3481,-1.6303,-1.3764,8,a,(A,(A) Less than 1 second
order_real,data/videos_v3/int_5000ms/v3_5000_00996.avi,5000,0,0,-1.5027,-9.994,-10.243,-11.6168,-10.8054,8,a,NO,NO.
order_rev,data/videos_v3/int_5000ms/v3_5000_00996.avi,5000,0,0,-1.0347,-7.7996,-10.6107,-11.6101,-10.798,8,a,NO,NO.
order_forced,data/videos_v3/int_5000ms/v3_5000_00996.avi,5000,0,1,-0.1246,-2.3807,-2.2561,-8.6284,-9.7491,8,a,The,The yellow triangle moved first.
interval,data/videos_v3/int_5000ms/v3_5000_00996.avi,5000,D,B,,-1.5055,-1.1243,-1.3836,-1.6336,8,a,(B,(B) 1-2 seconds
order_real,data/videos_v3/int_5000ms/v3_5000_00997.avi,5000,0,0,-1.8863,-10.0118,-10.448,-11.5104,-11.0729,8,b,NO,NO.
order_rev,data/videos_v3/int_5000ms/v3_5000_00997.avi,5000,0,0,-0.8261,-7.8265,-10.3251,-11.3246,-10.8871,8,b,NO,NO.
order_forced,data/videos_v3/int_5000ms/v3_5000_00997.avi,5000,0,1,-0.2499,-1.3978,-1.1479,-6.147,-9.0198,8,b,The,The magenta square moved first.
interval,data/videos_v3/int_5000ms/v3_5000_00997.avi,5000,D,A,,-1.3667,-1.3414,-1.6194,-1.3637,8,b,(A,(A) Less than 1 second
order_real,data/videos_v3/int_5000ms/v3_5000_00998.avi,5000,1,0,-0.2852,-10.181,-10.4293,-11.6162,-10.9916,8,b,NO,NO.
order_rev,data/videos_v3/int_5000ms/v3_5000_00998.avi,5000,1,0,-0.2754,-7.825,-10.5738,-11.4479,-10.8856,8,b,NO,NO.
order_forced,data/videos_v3/int_5000ms/v3_5000_00998.avi,5000,1,1,0.0002,-1.9908,-1.991,-7.8645,-9.3617,8,b,The,The green triangle moved first.
interval,data/videos_v3/int_5000ms/v3_5000_00998.avi,5000,D,B,,-1.4111,-1.1556,-1.4138,-1.663,8,b,(B,(B) 1-2 seconds
order_real,data/videos_v3/int_5000ms/v3_5000_00999.avi,5000,0,0,-2.0599,-10.0369,-10.4107,-11.6599,-10.9731,8,b,NO,NO.
order_rev,data/videos_v3/int_5000ms/v3_5000_00999.avi,5000,0,0,-1.15,-7.9106,-10.4717,-11.3463,-10.8463,8,b,NO,NO.
order_forced,data/videos_v3/int_5000ms/v3_5000_00999.avi,5000,0,1,-0.3748,-1.7484,-1.3736,-6.6224,-8.7453,8,b,The,The red circle moved first.
interval,data/videos_v3/int_5000ms/v3_5000_00999.avi,5000,D,B,,-1.3747,-1.2417,-1.5046,-1.5012,8,b,(B,(B) 1-2 seconds
order_real,data/videos_v3/int_7000ms/v3_7000_01000.avi,7000,1,0,-2.2031,-9.82,-10.3187,-11.2561,-10.6937,8,b,NO,NO.
order_rev,data/videos_v3/int_7000ms/v3_7000_01000.avi,7000,1,0,-0.9005,-7.729,-10.4148,-11.1644,-10.6018,8,b,NO,NO.
order_forced,data/videos_v3/int_7000ms/v3_7000_01000.avi,7000,1,1,0.1253,-1.4961,-1.6214,-7.9938,-8.9909,8,b,The,The red triangle moved first.
interval,data/videos_v3/int_7000ms/v3_7000_01000.avi,7000,D,B,,-1.3512,-1.2107,-1.4802,-1.6033,8,b,(B,(B) 1-2 seconds
order_32f,data/videos_v3/int_7000ms/v3_7000_01000.avi,7000,1,0,-2.6661,-9.7576,-10.3187,-11.3811,-10.6938,32,b,NO,NO.
moved_real,data/videos_v3/int_7000ms/v3_7000_01000.avi,7000,1,0,-2.471,-10.2497,-11.6228,-11.6231,-10.8738,8,b,NO,NO.
moved_twin,data/twin_v3/v3_7000_01000.avi,7000,0,0,-2.417,-10.3995,-11.648,-11.5858,-10.9611,8,b,NO,NO.
still_real,data/videos_v3/int_7000ms/v3_7000_01000.avi,7000,0,1,1.4083,-10.1946,-11.1313,-12.0033,-11.317,8,b,YES,YES.
still_twin,data/twin_v3/v3_7000_01000.avi,7000,1,1,2.2625,-10.4002,-11.4618,-12.0844,-11.5843,8,b,YES,YES.
order_twin,data/twin_v3/v3_7000_01000.avi,7000,-1,0,-2.221,-9.7768,-10.4004,-11.213,-10.7751,8,b,NO,NO.
moved_solo_hit,data/videos_v3/int_7000ms/v3_7000_01000_solob.avi,7000,1,0,-2.0123,-10.1498,-11.4604,-11.4607,-10.8362,8,b,NO,NO.
moved_solo_fa,data/videos_v3/int_7000ms/v3_7000_01000_soloa.avi,7000,0,0,-3.0608,-10.3392,-11.7751,-11.7129,-10.9636,8,b,NO,NO.
order_real,data/videos_v3/int_7000ms/v3_7000_01001.avi,7000,1,0,-1.2822,-9.9763,-10.4124,-11.5987,-10.9746,8,b,NO,NO.
order_rev,data/videos_v3/int_7000ms/v3_7000_01001.avi,7000,1,0,-0.3268,-8.0398,-10.5382,-11.412,-10.9124,8,b,NO,NO.
order_forced,data/videos_v3/int_7000ms/v3_7000_01001.avi,7000,1,1,-0.2498,-1.5881,-1.3383,-6.0867,-9.3325,8,b,The,The yellow square moved first.
interval,data/videos_v3/int_7000ms/v3_7000_01001.avi,7000,D,A,,-1.2635,-1.373,-1.6425,-1.3885,8,b,(A,(A) Less than 1 second
order_32f,data/videos_v3/int_7000ms/v3_7000_01001.avi,7000,1,0,-1.6395,-10.0791,-10.5152,-11.8887,-11.0774,32,b,NO,NO.
moved_real,data/videos_v3/int_7000ms/v3_7000_01001.avi,7000,1,0,-2.428,-10.3061,-11.6793,-11.8663,-11.0548,8,b,NO,NO.
moved_twin,data/twin_v3/v3_7000_01001.avi,7000,0,0,-2.5644,-10.3088,-11.6198,-11.6821,-10.9954,8,b,NO,NO.
still_real,data/videos_v3/int_7000ms/v3_7000_01001.avi,7000,0,1,0.5543,-9.9157,-10.9146,-11.8501,-11.1013,8,b,YES,YES.
still_twin,data/twin_v3/v3_7000_01001.avi,7000,1,1,1.894,-10.1077,-11.3565,-12.1048,-11.6675,8,b,YES,YES.
order_twin,data/twin_v3/v3_7000_01001.avi,7000,-1,0,-1.5363,-10.0563,-10.6172,-11.5543,-11.1171,8,b,NO,NO.
moved_solo_hit,data/videos_v3/int_7000ms/v3_7000_01001_solob.avi,7000,1,0,-2.2947,-10.3294,-11.6401,-11.8274,-10.9534,8,b,NO,NO.
moved_solo_fa,data/videos_v3/int_7000ms/v3_7000_01001_soloa.avi,7000,0,0,-3.1784,-10.2632,-11.8241,-11.8864,-11.1374,8,b,NO,NO.
order_real,data/videos_v3/int_7000ms/v3_7000_01002.avi,7000,1,0,-1.4688,-9.9671,-10.1533,-11.1529,-10.7784,8,a,NO,NO.
order_rev,data/videos_v3/int_7000ms/v3_7000_01002.avi,7000,1,0,-0.2752,-7.9503,-10.5113,-11.1987,-10.886,8,a,NO,NO.
order_forced,data/videos_v3/int_7000ms/v3_7000_01002.avi,7000,1,0,-0.1247,-1.639,-1.5143,-4.2638,-8.7584,8,a,The,The blue triangle moved first.
interval,data/videos_v3/int_7000ms/v3_7000_01002.avi,7000,D,A,,-1.2639,-1.2523,-1.5179,-1.6411,8,a,(A,(A) Less than 1 second
order_32f,data/videos_v3/int_7000ms/v3_7000_01002.avi,7000,1,0,-1.4524,-9.9245,-10.1105,-11.1725,-10.6733,32,a,NO,NO.
moved_real,data/videos_v3/int_7000ms/v3_7000_01002.avi,7000,1,0,-0.9077,-10.2465,-11.3068,-11.1199,-10.9328,8,a,NO,NO.
moved_twin,data/twin_v3/v3_7000_01002.avi,7000,0,0,-2.8599,-10.2995,-11.6101,-10.9237,-10.9238,8,a,NO,NO.
still_real,data/videos_v3/int_7000ms/v3_7000_01002.avi,7000,0,0,-0.6467,-10.0266,-10.5882,-11.5233,-10.7746,8,a,NO,NO.
still_twin,data/twin_v3/v3_7000_01002.avi,7000,1,1,1.7798,-10.1135,-11.0498,-11.86,-11.2979,8,a,YES,YES.
order_twin,data/twin_v3/v3_7000_01002.avi,7000,-1,0,-1.9989,-9.8884,-10.3243,-11.0744,-10.8242,8,a,NO,NO.
moved_solo_hit,data/videos_v3/int_7000ms/v3_7000_01002_soloa.avi,7000,1,0,-2.6239,-10.4259,-11.674,-11.05,-10.9879,8,a,NO,NO.
moved_solo_fa,data/videos_v3/int_7000ms/v3_7000_01002_solob.avi,7000,0,0,-2.6123,-10.2901,-11.5378,-11.1013,-10.9141,8,a,NO,NO.
order_real,data/videos_v3/int_7000ms/v3_7000_01003.avi,7000,0,0,-1.2047,-10.0746,-10.448,-11.5721,-10.9479,8,b,NO,NO.
order_rev,data/videos_v3/int_7000ms/v3_7000_01003.avi,7000,0,0,-1.2487,-8.1367,-10.7603,-11.4473,-10.9475,8,b,NO,NO.
order_forced,data/videos_v3/int_7000ms/v3_7000_01003.avi,7000,0,1,-0.1248,-1.5508,-1.426,-5.8002,-8.922,8,b,The,The green circle moved first.
interval,data/videos_v3/int_7000ms/v3_7000_01003.avi,7000,D,B,,-1.4673,-1.2123,-1.4716,-1.4686,8,b,(B,(B) 1-2 seconds
order_32f,data/videos_v3/int_7000ms/v3_7000_01003.avi,7000,0,0,-2.0385,-10.0064,-10.5048,-11.5669,-10.8799,32,b,NO,NO.
moved_real,data/videos_v3/int_7000ms/v3_7000_01003.avi,7000,1,1,0.3321,-10.0858,-11.2717,-11.4587,-10.8346,8,b,YES,YES.
moved_twin,data/twin_v3/v3_7000_01003.avi,7000,0,0,-2.3447,-10.226,-11.7242,-11.5997,-10.9752,8,b,NO,NO.
still_real,data/videos_v3/int_7000ms/v3_7000_01003.avi,7000,0,0,-0.9528,-9.8522,-10.6636,-11.4742,-10.663,8,b,NO,NO.
still_twin,data/twin_v3/v3_7000_01003.avi,7000,1,1,2.0213,-10.1019,-11.3509,-12.0356,-11.4118,8,b,YES,YES.
order_twin,data/twin_v3/v3_7000_01003.avi,7000,-1,0,-1.8374,-10.0682,-10.6914,-11.6285,-11.1288,8,b,NO,NO.
moved_solo_hit,data/videos_v3/int_7000ms/v3_7000_01003_solob.avi,7000,1,0,-0.0333,-10.1485,-11.3346,-11.5841,-11.0222,8,b,NO,NO.
moved_solo_fa,data/videos_v3/int_7000ms/v3_7000_01003_soloa.avi,7000,0,0,-2.4697,-10.2153,-11.8384,-11.6514,-11.0269,8,b,NO,NO.
order_real,data/videos_v3/int_7000ms/v3_7000_01004.avi,7000,0,0,-1.9002,-9.9628,-10.2737,-11.4609,-10.9609,8,a,NO,NO.
order_rev,data/videos_v3/int_7000ms/v3_7000_01004.avi,7000,0,0,-1.2752,-7.8834,-10.5069,-11.2564,-10.8189,8,a,NO,NO.
order_forced,data/videos_v3/int_7000ms/v3_7000_01004.avi,7000,0,1,-0.1249,-1.4901,-1.3652,-6.6137,-8.9862,8,a,The,The blue circle moved first.
interval,data/videos_v3/int_7000ms/v3_7000_01004.avi,7000,D,B,,-1.4509,-1.3008,-1.5824,-1.3259,8,a,(B,(B) 1-2 seconds
order_32f,data/videos_v3/int_7000ms/v3_7000_01004.avi,7000,0,0,-2.3607,-10.0542,-10.6151,-11.8025,-11.0527,32,a,NO,NO.
moved_real,data/videos_v3/int_7000ms/v3_7000_01004.avi,7000,1,0,-1.7832,-10.1281,-11.2506,-11.5012,-11.0017,8,a,NO,NO.
moved_twin,data/twin_v3/v3_7000_01004.avi,7000,0,0,-3.1241,-10.2757,-11.6488,-11.7742,-11.0251,8,a,NO,NO.
still_real,data/videos_v3/int_7000ms/v3_7000_01004.avi,7000,0,1,1.5342,-9.9134,-11.1619,-11.9726,-11.3485,8,a,YES,YES.
still_twin,data/twin_v3/v3_7000_01004.avi,7000,1,1,2.39,-10.0348,-11.4084,-12.2192,-11.5944,8,a,YES,YES.
order_twin,data/twin_v3/v3_7000_01004.avi,7000,-1,0,-2.2612,-10.0336,-10.4695,-11.5944,-11.0318,8,a,NO,NO.
moved_solo_hit,data/videos_v3/int_7000ms/v3_7000_01004_soloa.avi,7000,1,0,-1.5331,-10.1052,-11.2277,-11.5408,-10.9164,8,a,NO,NO.
moved_solo_fa,data/videos_v3/int_7000ms/v3_7000_01004_solob.avi,7000,0,0,-2.9991,-10.2817,-11.6547,-11.7178,-11.1558,8,a,NO,NO.
order_real,data/videos_v3/int_7000ms/v3_7000_01005.avi,7000,0,0,-1.2645,-9.9628,-10.2738,-11.5234,-10.9614,8,b,NO,NO.
order_rev,data/videos_v3/int_7000ms/v3_7000_01005.avi,7000,0,0,-1.157,-7.9434,-10.4419,-11.379,-10.8169,8,b,NO,NO.
order_forced,data/videos_v3/int_7000ms/v3_7000_01005.avi,7000,0,1,-0.2499,-1.4099,-1.16,-6.7839,-9.0328,8,b,The,The blue square moved first.
interval,data/videos_v3/int_7000ms/v3_7000_01005.avi,7000,D,A,,-1.2862,-1.3829,-1.5436,-1.5318,8,b,(A,(A) Less than 1 second
order_32f,data/videos_v3/int_7000ms/v3_7000_01005.avi,7000,0,0,-1.5959,-10.1659,-10.5396,-11.7892,-11.0397,32,b,NO,NO.
moved_real,data/videos_v3/int_7000ms/v3_7000_01005.avi,7000,1,0,-1.0333,-9.9462,-10.9444,-11.6317,-10.9447,8,b,NO,NO.
moved_twin,data/twin_v3/v3_7000_01005.avi,7000,0,0,-2.8457,-10.3478,-11.5335,-11.909,-11.0345,8,b,NO,NO.
still_real,data/videos_v3/int_7000ms/v3_7000_01005.avi,7000,0,0,-0.0427,-9.8833,-10.7574,-11.6311,-11.0692,8,b,NO,NO.
still_twin,data/twin_v3/v3_7000_01005.avi,7000,1,1,2.0381,-10.2524,-11.314,-12.2501,-11.6259,8,b,YES,YES.
order_twin,data/twin_v3/v3_7000_01005.avi,7000,-1,0,-1.7124,-10.153,-10.3391,-11.7135,-11.0888,8,b,NO,NO.
moved_solo_hit,data/videos_v3/int_7000ms/v3_7000_01005_solob.avi,7000,1,0,-0.7725,-9.9663,-11.089,-11.7763,-10.9022,8,b,NO,NO.
moved_solo_fa,data/videos_v3/int_7000ms/v3_7000_01005_soloa.avi,7000,0,0,-2.5115,-10.1748,-11.3602,-11.7982,-11.0488,8,b,NO,NO.
order_real,data/videos_v3/int_7000ms/v3_7000_01006.avi,7000,0,0,-1.3103,-10.405,-10.8407,-11.7774,-11.3405,8,a,NO,NO.
order_rev,data/videos_v3/int_7000ms/v3_7000_01006.avi,7000,0,0,-1.328,-8.6348,-11.0082,-11.6326,-11.1956,8,a,NO,NO.
order_forced,data/videos_v3/int_7000ms/v3_7000_01006.avi,7000,0,1,-0.1249,-1.255,-1.1301,-6.6293,-9.0025,8,a,The,The green circle moved first.
interval,data/videos_v3/int_7000ms/v3_7000_01006.avi,7000,D,B,,-1.3871,-1.2529,-1.6435,-1.3916,8,a,(B,(B) 1-2 seconds
order_32f,data/videos_v3/int_7000ms/v3_7000_01006.avi,7000,0,0,-1.188,-10.2862,-10.6596,-11.7835,-11.1597,32,a,NO,NO.
moved_real,data/videos_v3/int_7000ms/v3_7000_01006.avi,7000,1,0,-0.4872,-10.3268,-11.5127,-11.7,-11.2631,8,a,NO,NO.
moved_twin,data/twin_v3/v3_7000_01006.avi,7000,0,0,-2.2197,-10.3629,-11.7982,-11.6738,-11.1118,8,a,NO,NO.
still_real,data/videos_v3/int_7000ms/v3_7000_01006.avi,7000,0,0,-0.1365,-10.0979,-11.0342,-11.72,-11.2211,8,a,NO,NO.
still_twin,data/twin_v3/v3_7000_01006.avi,7000,1,1,0.8142,-10.015,-11.2014,-11.7624,-11.2627,8,a,YES,YES.
order_twin,data/twin_v3/v3_7000_01006.avi,7000,-1,0,-1.8372,-10.1315,-10.6922,-11.629,-11.1293,8,a,NO,NO.
moved_solo_hit,data/videos_v3/int_7000ms/v3_7000_01006_soloa.avi,7000,1,0,-1.0111,-10.3067,-11.4922,-11.6172,-11.0556,8,a,NO,NO.
moved_solo_fa,data/videos_v3/int_7000ms/v3_7000_01006_solob.avi,7000,0,0,-1.6874,-10.3066,-11.617,-11.6173,-11.1179,8,a,NO,NO.
order_real,data/videos_v3/int_7000ms/v3_7000_01007.avi,7000,0,0,-2.0252,-10.07,-10.4438,-11.693,-11.0062,8,b,NO,NO.
order_rev,data/videos_v3/int_7000ms/v3_7000_01007.avi,7000,0,0,-1.761,-8.1294,-10.753,-11.5651,-11.003,8,b,NO,NO.
order_forced,data/videos_v3/int_7000ms/v3_7000_01007.avi,7000,0,1,-0.1249,-1.4753,-1.3504,-6.4747,-8.9735,8,b,The,The red circle moved first.
interval,data/videos_v3/int_7000ms/v3_7000_01007.avi,7000,D,A,,-1.3135,-1.3032,-1.5685,-1.442,8,b,(A,(A) Less than 1 second
order_32f,data/videos_v3/int_7000ms/v3_7000_01007.avi,7000,0,0,-3.043,-10.1328,-10.7567,-11.9438,-11.1317,32,b,NO,NO.
moved_real,data/videos_v3/int_7000ms/v3_7000_01007.avi,7000,1,0,-1.6231,-10.1014,-11.2245,-11.6612,-10.9749,8,b,NO,NO.
moved_twin,data/twin_v3/v3_7000_01007.avi,7000,0,0,-3.2058,-10.4105,-11.9713,-11.9088,-11.222,8,b,NO,NO.
still_real,data/videos_v3/int_7000ms/v3_7000_01007.avi,7000,0,1,1.1591,-10.0152,-11.0764,-11.9496,-11.3252,8,b,YES,YES.
still_twin,data/twin_v3/v3_7000_01007.avi,7000,1,1,2.027,-10.0899,-11.3387,-12.1489,-11.5867,8,b,YES,YES.
order_twin,data/twin_v3/v3_7000_01007.avi,7000,-1,0,-2.3898,-10.1121,-10.6732,-11.7351,-11.1106,8,b,NO,NO.
moved_solo_hit,data/videos_v3/int_7000ms/v3_7000_01007_solob.avi,7000,1,0,-1.6232,-10.0404,-11.2258,-11.6,-10.9762,8,b,NO,NO.
moved_solo_fa,data/videos_v3/int_7000ms/v3_7000_01007_soloa.avi,7000,0,0,-3.2225,-10.3962,-11.8948,-11.8947,-11.2079,8,b,NO,NO.
order_real,data/videos_v3/int_7000ms/v3_7000_01008.avi,7000,1,0,-1.8893,-10.1042,-10.5403,-11.6025,-10.9777,8,a,NO,NO.
order_rev,data/videos_v3/int_7000ms/v3_7000_01008.avi,7000,1,0,-0.7853,-8.1232,-10.497,-11.2463,-10.8086,8,a,NO,NO.
order_forced,data/videos_v3/int_7000ms/v3_7000_01008.avi,7000,1,1,-0.1248,-1.7615,-1.6367,-6.7603,-8.8834,8,a,The,The red circle moved first.
interval,data/videos_v3/int_7000ms/v3_7000_01008.avi,7000,D,B,,-1.4097,-1.2692,-1.5387,-1.4137,8,a,(B,(B) 1-2 seconds
order_32f,data/videos_v3/int_7000ms/v3_7000_01008.avi,7000,1,0,-2.3759,-10.0121,-10.5732,-11.7601,-10.8858,32,a,NO,NO.
moved_real,data/videos_v3/int_7000ms/v3_7000_01008.avi,7000,1,0,-2.9557,-10.5454,-11.8563,-11.7315,-10.9823,8,a,NO,NO.
moved_twin,data/twin_v3/v3_7000_01008.avi,7000,0,0,-3.1683,-10.4432,-11.754,-11.5668,-10.8803,8,a,NO,NO.
still_real,data/videos_v3/int_7000ms/v3_7000_01008.avi,7000,0,1,1.0342,-10.1712,-11.1078,-12.0431,-11.3564,8,a,YES,YES.
still_twin,data/twin_v3/v3_7000_01008.avi,7000,1,1,2.0213,-10.1644,-11.1639,-12.0359,-11.4741,8,a,YES,YES.
order_twin,data/twin_v3/v3_7000_01008.avi,7000,-1,0,-2.1476,-9.9879,-10.4241,-11.4861,-10.9237,8,a,NO,NO.
moved_solo_hit,data/videos_v3/int_7000ms/v3_7000_01008_soloa.avi,7000,1,0,-2.971,-10.3446,-11.6555,-11.5308,-10.844,8,a,NO,NO.
moved_solo_fa,data/videos_v3/int_7000ms/v3_7000_01008_solob.avi,7000,0,0,-2.8447,-10.5658,-11.8142,-11.6895,-11.0028,8,a,NO,NO.
order_real,data/videos_v3/int_7000ms/v3_7000_01009.avi,7000,0,0,-1.025,-10.003,-10.2521,-11.6256,-10.8765,8,a,NO,NO.
order_rev,data/videos_v3/int_7000ms/v3_7000_01009.avi,7000,0,0,-0.446,-7.8807,-10.5668,-11.5655,-10.8162,8,a,NO,NO.
order_forced,data/videos_v3/int_7000ms/v3_7000_01009.avi,7000,0,1,-0.4995,-2.3404,-1.8409,-8.2137,-9.5846,8,a,The,The red triangle moved first.
interval,data/videos_v3/int_7000ms/v3_7000_01009.avi,7000,D,B,,-1.3808,-1.1252,-1.5084,-1.6327,8,a,(B,(B) 1-2 seconds
order_32f,data/videos_v3/int_7000ms/v3_7000_01009.avi,7000,0,0,-1.7119,-10.0857,-10.522,-11.771,-10.9594,32,a,NO,NO.
moved_real,data/videos_v3/int_7000ms/v3_7000_01009.avi,7000,1,1,0.8322,-10.2123,-11.2742,-11.7721,-11.0232,8,a,YES,YES.
moved_twin,data/twin_v3/v3_7000_01009.avi,7000,0,0,-2.5633,-10.3439,-11.4677,-11.7798,-10.9056,8,a,NO,NO.
still_real,data/videos_v3/int_7000ms/v3_7000_01009.avi,7000,0,1,0.2594,-10.1421,-10.9538,-11.8259,-11.0773,8,a,YES,YES.
still_twin,data/twin_v3/v3_7000_01009.avi,7000,1,1,2.5174,-10.3002,-11.3623,-12.1709,-11.5474,8,a,YES,YES.
order_twin,data/twin_v3/v3_7000_01009.avi,7000,-1,0,-2.512,-9.9756,-10.412,-11.5989,-10.9114,8,a,NO,NO.
moved_solo_hit,data/videos_v3/int_7000ms/v3_7000_01009_soloa.avi,7000,1,1,0.5722,-10.1744,-11.2358,-11.6717,-10.9849,8,a,YES,YES.
moved_solo_fa,data/videos_v3/int_7000ms/v3_7000_01009_solob.avi,7000,0,0,-2.2508,-10.2069,-11.3304,-11.6427,-10.8308,8,a,NO,NO.
order_real,data/videos_v3/int_7000ms/v3_7000_01010.avi,7000,0,0,-1.2828,-10.0291,-10.4028,-11.5897,-11.0899,8,a,NO,NO.
order_rev,data/videos_v3/int_7000ms/v3_7000_01010.avi,7000,0,0,-0.5353,-7.9572,-10.6432,-11.4556,-11.0177,8,a,NO,NO.
order_forced,data/videos_v3/int_7000ms/v3_7000_01010.avi,7000,0,1,-0.1248,-1.3065,-1.1817,-7.1794,-8.4277,8,a,The,The green triangle moved first.
interval,data/videos_v3/int_7000ms/v3_7000_01010.avi,7000,D,A,,-1.1804,-1.2695,-1.8054,-1.7998,8,a,(A,(A) Less than 1 second
order_32f,data/videos_v3/int_7000ms/v3_7000_01010.avi,7000,0,0,-1.408,-10.0046,-10.4406,-11.8153,-11.128,32,a,NO,NO.
moved_real,data/videos_v3/int_7000ms/v3_7000_01010.avi,7000,1,0,-1.1577,-10.2446,-11.4928,-11.8051,-11.0557,8,a,NO,NO.
moved_twin,data/twin_v3/v3_7000_01010.avi,7000,0,0,-2.4991,-10.0895,-11.6499,-11.6506,-10.8384,8,a,NO,NO.
still_real,data/videos_v3/int_7000ms/v3_7000_01010.avi,7000,0,1,0.5542,-10.1647,-11.1635,-11.9746,-11.2875,8,a,YES,YES.
still_twin,data/twin_v3/v3_7000_01010.avi,7000,1,1,2.0089,-10.2694,-11.4558,-12.2042,-11.579,8,a,YES,YES.
order_twin,data/twin_v3/v3_7000_01010.avi,7000,-1,0,-2.5116,-9.9504,-10.5115,-11.6362,-11.0113,8,a,NO,NO.
moved_solo_hit,data/videos_v3/int_7000ms/v3_7000_01010_soloa.avi,7000,1,0,-1.5353,-9.942,-11.3148,-11.5651,-10.753,8,a,NO,NO.
moved_solo_fa,data/videos_v3/int_7000ms/v3_7000_01010_solob.avi,7000,0,0,-2.0226,-10.3556,-11.7912,-11.854,-11.0419,8,a,NO,NO.
order_real,data/videos_v3/int_7000ms/v3_7000_01011.avi,7000,0,0,-1.9382,-10.0944,-10.5928,-11.5929,-11.3426,8,b,NO,NO.
order_rev,data/videos_v3/int_7000ms/v3_7000_01011.avi,7000,0,0,-0.9102,-8.0857,-10.6468,-11.3966,-11.0214,8,b,NO,NO.
order_forced,data/videos_v3/int_7000ms/v3_7000_01011.avi,7000,0,0,-0.25,-1.2518,-1.0018,-5.3765,-9.8742,8,b,B,B
interval,data/videos_v3/int_7000ms/v3_7000_01011.avi,7000,D,A,,-1.2892,-1.3929,-1.6715,-1.4181,8,b,(A,(A) Less than 1 second
order_32f,data/videos_v3/int_7000ms/v3_7000_01011.avi,7000,0,0,-2.2767,-10.2328,-10.7934,-11.8564,-11.3562,32,b,NO,NO.
moved_real,data/videos_v3/int_7000ms/v3_7000_01011.avi,7000,1,0,-2.3736,-10.1966,-11.507,-11.8202,-11.1954,8,b,NO,NO.
moved_twin,data/twin_v3/v3_7000_01011.avi,7000,0,0,-2.261,-10.2802,-11.5282,-11.9037,-11.2166,8,b,NO,NO.
still_real,data/videos_v3/int_7000ms/v3_7000_01011.avi,7000,0,1,1.1762,-10.1986,-11.4476,-12.134,-11.6969,8,b,YES,YES.
still_twin,data/twin_v3/v3_7000_01011.avi,7000,1,1,1.7804,-10.5085,-11.7575,-12.319,-11.8194,8,b,YES,YES.
order_twin,data/twin_v3/v3_7000_01011.avi,7000,-1,0,-1.7208,-10.3318,-10.7675,-11.7676,-11.4547,8,b,NO,NO.
moved_solo_hit,data/videos_v3/int_7000ms/v3_7000_01011_solob.avi,7000,1,0,-2.3595,-10.2712,-11.5192,-11.8948,-11.2075,8,b,NO,NO.
moved_solo_fa,data/videos_v3/int_7000ms/v3_7000_01011_soloa.avi,7000,0,0,-2.2484,-10.2083,-11.394,-11.7695,-11.1447,8,b,NO,NO.
order_real,data/videos_v3/int_7000ms/v3_7000_01012.avi,7000,1,0,-2.2648,-10.1244,-10.6231,-11.3728,-11.3102,8,a,NO,NO.
order_rev,data/videos_v3/int_7000ms/v3_7000_01012.avi,7000,1,0,-1.0446,-8.0358,-10.4719,-11.0967,-10.9714,8,a,NO,NO.
order_forced,data/videos_v3/int_7000ms/v3_7000_01012.avi,7000,1,0,-0.3748,-1.5711,-1.1963,-4.0707,-8.9421,8,a,The,The blue circle moved first.
interval,data/videos_v3/int_7000ms/v3_7000_01012.avi,7000,D,A,,-1.2439,-1.3436,-1.624,-1.4939,8,a,(A,(A) Less than 1 second
order_32f,data/videos_v3/int_7000ms/v3_7000_01012.avi,7000,1,0,-2.3657,-10.1536,-10.7147,-11.465,-11.1524,32,a,NO,NO.
moved_real,data/videos_v3/int_7000ms/v3_7000_01012.avi,7000,1,0,-3.618,-10.3536,-12.0389,-11.3524,-11.3529,8,a,NO,NO.
moved_twin,data/twin_v3/v3_7000_01012.avi,7000,0,0,-3.4778,-10.4923,-11.9906,-11.2415,-11.2416,8,a,NO,NO.
still_real,data/videos_v3/int_7000ms/v3_7000_01012.avi,7000,0,1,0.5386,-10.1906,-11.0023,-11.8754,-11.3762,8,a,YES,YES.
still_twin,data/twin_v3/v3_7000_01012.avi,7000,1,1,1.5304,-10.278,-11.3396,-12.0877,-11.6504,8,a,YES,YES.
order_twin,data/twin_v3/v3_7000_01012.avi,7000,-1,0,-2.1508,-9.997,-10.6205,-11.183,-11.1827,8,a,NO,NO.
moved_solo_hit,data/videos_v3/int_7000ms/v3_7000_01012_soloa.avi,7000,1,0,-3.0118,-10.3953,-11.8311,-11.3317,-11.2694,8,a,NO,NO.
moved_solo_fa,data/videos_v3/int_7000ms/v3_7000_01012_solob.avi,7000,0,0,-3.738,-10.3708,-11.9315,-11.1199,-11.1203,8,a,NO,NO.
order_real,data/videos_v3/int_7000ms/v3_7000_01013.avi,7000,0,0,-1.4005,-9.9811,-10.292,-11.3541,-10.9166,8,a,NO,NO.
order_rev,data/videos_v3/int_7000ms/v3_7000_01013.avi,7000,0,0,-1.0254,-7.817,-10.5656,-11.3153,-10.8776,8,a,NO,NO.
order_forced,data/videos_v3/int_7000ms/v3_7000_01013.avi,7000,0,1,0.0003,-1.5973,-1.5976,-6.5955,-8.7155,8,a,The,The blue circle moved first.
interval,data/videos_v3/int_7000ms/v3_7000_01013.avi,7000,D,B,,-1.5216,-1.1299,-1.5297,-1.5273,8,a,(B,(B) 1-2 seconds
order_32f,data/videos_v3/int_7000ms/v3_7000_01013.avi,7000,0,0,-2.2824,-9.8311,-10.2666,-11.4542,-10.8293,32,a,NO,NO.
moved_real,data/videos_v3/int_7000ms/v3_7000_01013.avi,7000,1,0,-1.2995,-10.2508,-11.248,-11.4984,-10.8748,8,a,NO,NO.
moved_twin,data/twin_v3/v3_7000_01013.avi,7000,0,0,-2.9713,-10.4674,-11.6525,-11.7158,-11.0292,8,a,NO,NO.
still_real,data/videos_v3/int_7000ms/v3_7000_01013.avi,7000,0,1,1.179,-10.1642,-11.0385,-11.9109,-11.3491,8,a,YES,YES.
still_twin,data/twin_v3/v3_7000_01013.avi,7000,1,1,2.3962,-10.4377,-11.4371,-12.1846,-11.747,8,a,YES,YES.
order_twin,data/twin_v3/v3_7000_01013.avi,7000,-1,0,-2.2405,-9.9164,-10.4146,-11.4147,-10.9147,8,a,NO,NO.
moved_solo_hit,data/videos_v3/int_7000ms/v3_7000_01013_soloa.avi,7000,1,0,-1.2753,-10.1319,-11.1293,-11.4419,-10.818,8,a,NO,NO.
moved_solo_fa,data/videos_v3/int_7000ms/v3_7000_01013_solob.avi,7000,0,0,-2.9537,-10.4506,-11.6358,-11.6989,-11.0749,8,a,NO,NO.
order_real,data/videos_v3/int_7000ms/v3_7000_01014.avi,7000,0,0,-2.2263,-9.8753,-10.2486,-11.3735,-10.7489,8,b,NO,NO.
order_rev,data/videos_v3/int_7000ms/v3_7000_01014.avi,7000,0,0,-1.6392,-7.5795,-10.453,-11.4527,-10.89,8,b,NO,NO.
order_forced,data/videos_v3/int_7000ms/v3_7000_01014.avi,7000,0,1,-0.1244,-2.1985,-2.0741,-7.1957,-8.8162,8,b,The,The red circle moved first.
interval,data/videos_v3/int_7000ms/v3_7000_01014.avi,7000,D,B,,-1.5384,-1.1554,-1.4173,-1.5412,8,b,(B,(B) 1-2 seconds
order_32f,data/videos_v3/int_7000ms/v3_7000_01014.avi,7000,0,0,-2.947,-9.9391,-10.5001,-11.625,-10.8752,32,b,NO,NO.
moved_real,data/videos_v3/int_7000ms/v3_7000_01014.avi,7000,1,0,-1.2485,-10.0755,-11.0114,-11.4481,-10.6368,8,b,NO,NO.
moved_twin,data/twin_v3/v3_7000_01014.avi,7000,0,0,-3.4712,-10.4486,-11.8845,-11.6975,-10.948,8,b,NO,NO.
still_real,data/videos_v3/int_7000ms/v3_7000_01014.avi,7000,0,1,1.1727,-10.2465,-10.996,-11.8691,-11.1821,8,b,YES,YES.
still_twin,data/twin_v3/v3_7000_01014.avi,7000,1,1,2.3748,-10.4286,-11.4281,-12.238,-11.5508,8,b,YES,YES.
order_twin,data/twin_v3/v3_7000_01014.avi,7000,-1,0,-2.7531,-9.9804,-10.5414,-11.5414,-10.9165,8,b,NO,NO.
moved_solo_hit,data/videos_v3/int_7000ms/v3_7000_01014_solob.avi,7000,1,0,-1.6239,-10.1287,-11.1896,-11.3769,-10.6902,8,b,NO,NO.
moved_solo_fa,data/videos_v3/int_7000ms/v3_7000_01014_soloa.avi,7000,0,0,-3.1858,-10.4579,-11.7063,-11.6442,-10.8946,8,b,NO,NO.
order_real,data/videos_v3/int_7000ms/v3_7000_01015.avi,7000,0,0,-1.5031,-9.8708,-10.3695,-11.369,-10.8694,8,b,NO,NO.
order_rev,data/videos_v3/int_7000ms/v3_7000_01015.avi,7000,0,0,-1.2612,-7.4969,-10.6205,-11.3077,-10.87,8,b,NO,NO.
order_forced,data/videos_v3/int_7000ms/v3_7000_01015.avi,7000,0,1,0.0003,-1.6663,-1.6666,-5.9153,-8.7864,8,b,The,The green circle moved first.
interval,data/videos_v3/int_7000ms/v3_7000_01015.avi,7000,D,B,,-1.3769,-1.2197,-1.5084,-1.623,8,b,(B,(B) 1-2 seconds
order_32f,data/videos_v3/int_7000ms/v3_7000_01015.avi,7000,0,0,-2.6156,-9.8871,-10.5107,-11.6351,-10.8856,32,b,NO,NO.
moved_real,data/videos_v3/int_7000ms/v3_7000_01015.avi,7000,1,0,-0.5355,-9.9587,-11.1445,-11.3942,-10.8326,8,b,NO,NO.
moved_twin,data/twin_v3/v3_7000_01015.avi,7000,0,0,-2.8901,-10.2053,-11.7037,-11.5791,-10.8918,8,b,NO,NO.
still_real,data/videos_v3/int_7000ms/v3_7000_01015.avi,7000,0,1,1.2881,-10.1864,-11.186,-11.9958,-11.3714,8,b,YES,YES.
still_twin,data/twin_v3/v3_7000_01015.avi,7000,1,1,2.3861,-10.1899,-11.3767,-12.1868,-11.5621,8,b,YES,YES.
order_twin,data/twin_v3/v3_7000_01015.avi,7000,-1,0,-2.6157,-9.7623,-10.4484,-11.4479,-10.8234,8,b,NO,NO.
moved_solo_hit,data/videos_v3/int_7000ms/v3_7000_01015_solob.avi,7000,1,0,-0.6506,-9.8078,-10.9935,-11.3058,-10.6812,8,b,NO,NO.
moved_solo_fa,data/videos_v3/int_7000ms/v3_7000_01015_soloa.avi,7000,0,0,-2.8743,-10.3151,-11.8138,-11.6265,-11.0019,8,b,NO,NO.
order_real,data/videos_v3/int_7000ms/v3_7000_01016.avi,7000,1,0,-2.4356,-10.1259,-10.6248,-11.6241,-11.0622,8,a,NO,NO.
order_rev,data/videos_v3/int_7000ms/v3_7000_01016.avi,7000,1,0,-1.5321,-7.8649,-10.6133,-11.3005,-10.7382,8,a,NO,NO.
order_forced,data/videos_v3/int_7000ms/v3_7000_01016.avi,7000,1,1,-0.1247,-1.4304,-1.3057,-7.6776,-8.9248,8,a,The,The yellow triangle moved first.
interval,data/videos_v3/int_7000ms/v3_7000_01016.avi,7000,D,B,,-1.4589,-1.1957,-1.5904,-1.4654,8,a,(B,(B) 1-2 seconds
order_32f,data/videos_v3/int_7000ms/v3_7000_01016.avi,7000,1,0,-2.4625,-10.0044,-10.3784,-11.6276,-10.816,32,a,NO,NO.
moved_real,data/videos_v3/int_7000ms/v3_7000_01016.avi,7000,1,0,-1.8898,-10.416,-11.6018,-11.6643,-10.9152,8,a,NO,NO.
moved_twin,data/twin_v3/v3_7000_01016.avi,7000,0,0,-2.0521,-10.3101,-11.4959,-11.5581,-10.8093,8,a,NO,NO.
still_real,data/videos_v3/int_7000ms/v3_7000_01016.avi,7000,0,1,1.784,-10.3947,-11.5187,-12.2657,-11.6415,8,a,YES,YES.
still_twin,data/twin_v3/v3_7000_01016.avi,7000,1,1,2.1362,-10.338,-11.4624,-12.2097,-11.5854,8,a,YES,YES.
order_twin,data/twin_v3/v3_7000_01016.avi,7000,-1,0,-2.4771,-9.9169,-10.5403,-11.4149,-10.9154,8,a,NO,NO.
moved_solo_hit,data/videos_v3/int_7000ms/v3_7000_01016_soloa.avi,7000,1,0,-1.8781,-10.4354,-11.5585,-11.6833,-10.8722,8,a,NO,NO.
moved_solo_fa,data/videos_v3/int_7000ms/v3_7000_01016_solob.avi,7000,0,0,-2.1575,-10.4031,-11.5888,-11.6511,-10.9022,8,a,NO,NO.
order_real,data/videos_v3/int_7000ms/v3_7000_01017.avi,7000,1,0,-0.8155,-10.0175,-10.2665,-11.328,-11.0158,8,b,NO,NO.
order_rev,data/videos_v3/int_7000ms/v3_7000_01017.avi,7000,1,0,-0.7944,-7.9818,-10.5429,-11.2922,-10.855,8,b,NO,NO.
order_forced,data/videos_v3/int_7000ms/v3_7000_01017.avi,7000,1,1,0.1252,-1.5012,-1.6264,-3.751,-8.8731,8,b,The,The cyan circle moved first.
interval,data/videos_v3/int_7000ms/v3_7000_01017.avi,7000,D,A,,-1.2842,-1.2556,-1.54,-1.6558,8,b,(A,(A) Less than 1 second
order_32f,data/videos_v3/int_7000ms/v3_7000_01017.avi,7000,1,0,-0.6663,-9.8793,-10.2531,-11.3768,-10.8778,32,b,NO,NO.
moved_real,data/videos_v3/int_7000ms/v3_7000_01017.avi,7000,1,0,-1.2728,-10.0851,-11.2704,-10.9585,-10.8964,8,b,NO,NO.
moved_twin,data/twin_v3/v3_7000_01017.avi,7000,0,0,-2.6607,-10.189,-11.4998,-11.0002,-10.8755,8,b,NO,NO.
still_real,data/videos_v3/int_7000ms/v3_7000_01017.avi,7000,0,0,0.0802,-10.0278,-10.9021,-11.7751,-11.1508,8,b,NO,NO.
still_twin,data/twin_v3/v3_7000_01017.avi,7000,1,1,2.1249,-10.1936,-11.3179,-12.128,-11.5661,8,b,YES,YES.
order_twin,data/twin_v3/v3_7000_01017.avi,7000,-1,0,-2.5521,-9.8892,-10.5125,-11.3247,-11.0125,8,b,NO,NO.
moved_solo_hit,data/videos_v3/int_7000ms/v3_7000_01017_solob.avi,7000,1,0,-0.6776,-9.9472,-11.0705,-10.8205,-10.7584,8,b,NO,NO.
moved_solo_fa,data/videos_v3/int_7000ms/v3_7000_01017_soloa.avi,7000,0,0,-2.4081,-10.3072,-11.4931,-11.1184,-10.9937,8,b,NO,NO.
order_real,data/videos_v3/int_7000ms/v3_7000_01018.avi,7000,1,0,-2.3105,-10.2621,-10.7608,-11.5732,-11.323,8,a,NO,NO.
order_rev,data/videos_v3/int_7000ms/v3_7000_01018.avi,7000,1,0,-1.0351,-8.0516,-10.6129,-10.9878,-11.0496,8,a,NO,NO.
order_forced,data/videos_v3/int_7000ms/v3_7000_01018.avi,7000,1,0,0.0001,-1.1892,-1.1893,-3.5641,-9.9359,8,a,The,The cyan circle moved first.
interval,data/videos_v3/int_7000ms/v3_7000_01018.avi,7000,D,A,,-1.3556,-1.3408,-1.6128,-1.3607,8,a,(A,(A) Less than 1 second
order_32f,data/videos_v3/int_7000ms/v3_7000_01018.avi,7000,1,0,-2.4205,-10.3803,-10.9414,-11.7541,-11.3788,32,a,NO,NO.
moved_real,data/videos_v3/int_7000ms/v3_7000_01018.avi,7000,1,0,-2.8865,-10.4008,-12.0243,-11.962,-11.3375,8,a,NO,NO.
moved_twin,data/twin_v3/v3_7000_01018.avi,7000,0,0,-2.8762,-10.3907,-11.8895,-11.952,-11.3272,8,a,NO,NO.
still_real,data/videos_v3/int_7000ms/v3_7000_01018.avi,7000,0,1,1.4205,-10.32,-11.3817,-12.0676,-11.6309,8,a,YES,YES.
still_twin,data/twin_v3/v3_7000_01018.avi,7000,1,1,1.6521,-10.3107,-11.4971,-12.1206,-11.6838,8,a,YES,YES.
order_twin,data/twin_v3/v3_7000_01018.avi,7000,-1,0,-2.4693,-10.2777,-10.7766,-11.589,-11.4009,8,a,NO,NO.
moved_solo_hit,data/videos_v3/int_7000ms/v3_7000_01018_soloa.avi,7000,1,0,-2.8625,-10.5266,-11.9628,-11.9629,-11.4007,8,a,NO,NO.
moved_solo_fa,data/videos_v3/int_7000ms/v3_7000_01018_solob.avi,7000,0,0,-3.0141,-10.4997,-12.0609,-12.0609,-11.4364,8,a,NO,NO.
order_real,data/videos_v3/int_7000ms/v3_7000_01019.avi,7000,0,0,-2.9699,-9.937,-10.3729,-11.4355,-11.0603,8,a,NO,NO.
order_rev,data/videos_v3/int_7000ms/v3_7000_01019.avi,7000,0,0,-1.2019,-7.8879,-10.5112,-11.0737,-10.7607,8,a,NO,NO.
order_forced,data/videos_v3/int_7000ms/v3_7000_01019.avi,7000,0,0,-0.2498,-1.4001,-1.1503,-6.3989,-8.6463,8,a,The,The magenta circle moved first.
interval,data/videos_v3/int_7000ms/v3_7000_01019.avi,7000,D,A,,-1.2364,-1.3251,-1.7364,-1.482,8,a,(A,(A) Less than 1 second
order_32f,data/videos_v3/int_7000ms/v3_7000_01019.avi,7000,0,0,-3.3461,-9.8319,-10.3303,-11.6425,-11.0176,32,a,NO,NO.
moved_real,data/videos_v3/int_7000ms/v3_7000_01019.avi,7000,1,0,-2.8602,-10.1765,-11.5492,-11.5502,-10.988,8,a,NO,NO.
moved_twin,data/twin_v3/v3_7000_01019.avi,7000,0,0,-2.8742,-10.3149,-11.5002,-11.6885,-10.939,8,a,NO,NO.
still_real,data/videos_v3/int_7000ms/v3_7000_01019.avi,7000,0,1,1.652,-10.2667,-11.3285,-12.0763,-11.514,8,a,YES,YES.
still_twin,data/twin_v3/v3_7000_01019.avi,7000,1,1,2.2499,-10.3051,-11.4295,-12.1149,-11.5523,8,a,YES,YES.
order_twin,data/twin_v3/v3_7000_01019.avi,7000,-1,0,-3.1243,-9.8065,-10.3673,-11.4299,-11.0543,8,a,NO,NO.
moved_solo_hit,data/videos_v3/int_7000ms/v3_7000_01019_soloa.avi,7000,1,0,-2.0227,-10.1083,-11.2928,-11.4815,-10.7946,8,a,NO,NO.
moved_solo_fa,data/videos_v3/int_7000ms/v3_7000_01019_solob.avi,7000,0,0,-2.7491,-10.2951,-11.6052,-11.6063,-10.9816,8,a,NO,NO.
order_real,data/videos_v3/int_7000ms/v3_7000_01020.avi,7000,1,0,-1.3732,-10.0482,-10.2969,-11.6085,-10.7968,8,b,NO,NO.
order_rev,data/videos_v3/int_7000ms/v3_7000_01020.avi,7000,1,0,-0.4158,-7.9094,-10.4708,-11.5319,-10.7825,8,b,NO,NO.
order_forced,data/videos_v3/int_7000ms/v3_7000_01020.avi,7000,1,0,-0.2497,-2.1237,-1.874,-8.3718,-9.3691,8,b,The,The yellow triangle moved first.
interval,data/videos_v3/int_7000ms/v3_7000_01020.avi,7000,D,B,,-1.4502,-1.0713,-1.4529,-1.7029,8,b,(B,(B) 1-2 seconds
order_real,data/videos_v3/int_7000ms/v3_7000_01021.avi,7000,0,0,-1.2942,-10.2244,-10.5356,-11.4721,-11.1602,8,a,NO,NO.
order_rev,data/videos_v3/int_7000ms/v3_7000_01021.avi,7000,0,0,-0.919,-7.9452,-10.5061,-11.1933,-10.8808,8,a,NO,NO.
order_forced,data/videos_v3/int_7000ms/v3_7000_01021.avi,7000,0,1,0.1251,-1.184,-1.3091,-4.0589,-8.807,8,a,The,The cyan circle moved first.
interval,data/videos_v3/int_7000ms/v3_7000_01021.avi,7000,D,A,,-1.2596,-1.2492,-1.6397,-1.5147,8,a,(A,(A) Less than 1 second
order_real,data/videos_v3/int_7000ms/v3_7000_01022.avi,7000,0,0,-1.0605,-10.091,-10.4022,-11.5266,-11.0268,8,a,NO,NO.
order_rev,data/videos_v3/int_7000ms/v3_7000_01022.avi,7000,0,0,-0.636,-8.1714,-10.6078,-11.4195,-10.9195,8,a,NO,NO.
order_forced,data/videos_v3/int_7000ms/v3_7000_01022.avi,7000,0,1,0.0002,-1.74,-1.7402,-5.7391,-8.7351,8,a,The,The green square moved first.
interval,data/videos_v3/int_7000ms/v3_7000_01022.avi,7000,D,B,,-1.4295,-1.1597,-1.5596,-1.5545,8,a,(B,(B) 1-2 seconds
order_real,data/videos_v3/int_7000ms/v3_7000_01023.avi,7000,0,0,-1.0105,-10.1185,-10.2421,-11.5537,-10.8045,8,b,NO,NO.
order_rev,data/videos_v3/int_7000ms/v3_7000_01023.avi,7000,0,1,0.1787,-7.9211,-10.6071,-11.4816,-10.919,8,b,YES,YES.
order_forced,data/videos_v3/int_7000ms/v3_7000_01023.avi,7000,0,1,-0.3748,-2.0493,-1.6745,-7.7984,-9.2959,8,b,The,The magenta triangle moved first.
interval,data/videos_v3/int_7000ms/v3_7000_01023.avi,7000,D,B,,-1.247,-1.1157,-1.4992,-1.8742,8,b,(B,(B) 1-2 seconds
order_real,data/videos_v3/int_7000ms/v3_7000_01024.avi,7000,0,0,-2.0255,-9.824,-10.4474,-11.3227,-11.0096,8,b,NO,NO.
order_rev,data/videos_v3/int_7000ms/v3_7000_01024.avi,7000,0,0,-1.1505,-8.0376,-10.6611,-11.2237,-10.9106,8,b,NO,NO.
order_forced,data/videos_v3/int_7000ms/v3_7000_01024.avi,7000,0,1,0.1252,-1.1929,-1.3181,-7.5659,-8.4401,8,b,The,The green triangle moved first.
interval,data/videos_v3/int_7000ms/v3_7000_01024.avi,7000,D,A,,-1.2862,-1.2611,-1.6612,-1.5362,8,b,(A,(A) Less than 1 second
order_real,data/videos_v3/int_7000ms/v3_7000_01025.avi,7000,0,0,-2.0944,-9.8156,-10.2517,-11.1268,-10.8766,8,b,NO,NO.
order_rev,data/videos_v3/int_7000ms/v3_7000_01025.avi,7000,0,0,-1.4192,-7.4531,-10.3892,-11.0764,-10.7638,8,b,NO,NO.
order_forced,data/videos_v3/int_7000ms/v3_7000_01025.avi,7000,0,1,-0.2497,-1.8013,-1.5516,-4.1759,-8.7971,8,b,The,The blue circle moved first.
interval,data/videos_v3/int_7000ms/v3_7000_01025.avi,7000,D,A,,-1.2802,-1.373,-1.5367,-1.5263,8,b,(A,(A) Less than 1 second
order_real,data/videos_v3/int_7000ms/v3_7000_01026.avi,7000,0,0,-1.2831,-10.2154,-10.7139,-11.9006,-11.2763,8,a,NO,NO.
order_rev,data/videos_v3/int_7000ms/v3_7000_01026.avi,7000,0,0,-0.8026,-7.8419,-10.7154,-11.5899,-11.1522,8,a,NO,NO.
order_forced,data/videos_v3/int_7000ms/v3_7000_01026.avi,7000,0,1,0.0,-1.0752,-1.0752,-5.3249,-9.5734,8,a,A,A
interval,data/videos_v3/int_7000ms/v3_7000_01026.avi,7000,D,A,,-1.0813,-1.3062,-1.8348,-1.7098,8,a,(A,(A) Less than 1 second
order_real,data/videos_v3/int_7000ms/v3_7000_01027.avi,7000,1,0,-2.4245,-10.0311,-10.4673,-11.7165,-10.9049,8,a,NO,NO.
order_rev,data/videos_v3/int_7000ms/v3_7000_01027.avi,7000,1,0,-0.6821,-8.156,-10.5297,-11.404,-10.8417,8,a,NO,NO.
order_forced,data/videos_v3/int_7000ms/v3_7000_01027.avi,7000,1,0,-0.2499,-1.5082,-1.2583,-6.1328,-8.6318,8,a,The,The magenta circle moved first.
interval,data/videos_v3/int_7000ms/v3_7000_01027.avi,7000,D,B,,-1.3726,-1.2395,-1.5015,-1.499,8,a,(B,(B) 1-2 seconds
order_real,data/videos_v3/int_7000ms/v3_7000_01028.avi,7000,0,0,-1.6101,-9.9573,-10.3311,-11.518,-10.831,8,b,NO,NO.
order_rev,data/videos_v3/int_7000ms/v3_7000_01028.avi,7000,0,0,-0.785,-7.7467,-10.558,-11.4949,-10.7451,8,b,NO,NO.
order_forced,data/videos_v3/int_7000ms/v3_7000_01028.avi,7000,0,1,-0.2498,-1.9421,-1.6923,-7.4407,-9.1869,8,b,The,The magenta triangle moved first.
interval,data/videos_v3/int_7000ms/v3_7000_01028.avi,7000,D,B,,-1.4372,-1.1809,-1.4393,-1.5633,8,b,(B,(B) 1-2 seconds
order_real,data/videos_v3/int_7000ms/v3_7000_01029.avi,7000,0,0,-1.2611,-10.0572,-10.3686,-11.1182,-10.9932,8,a,NO,NO.
order_rev,data/videos_v3/int_7000ms/v3_7000_01029.avi,7000,0,0,-0.7994,-8.1315,-10.6301,-11.1925,-10.8798,8,a,NO,NO.
order_forced,data/videos_v3/int_7000ms/v3_7000_01029.avi,7000,0,1,0.1253,-1.4919,-1.6172,-4.1166,-8.8617,8,a,The,The cyan triangle moved first.
interval,data/videos_v3/int_7000ms/v3_7000_01029.avi,7000,D,B,,-1.3437,-1.1933,-1.4737,-1.7156,8,a,(B,(B) 1-2 seconds
order_real,data/videos_v3/int_7000ms/v3_7000_01030.avi,7000,0,0,-1.2827,-9.968,-10.2791,-11.4038,-10.9663,8,b,NO,NO.
order_rev,data/videos_v3/int_7000ms/v3_7000_01030.avi,7000,0,0,-0.4319,-7.8734,-10.5595,-11.1219,-10.809,8,b,NO,NO.
order_forced,data/videos_v3/int_7000ms/v3_7000_01030.avi,7000,0,1,-0.1245,-1.4201,-1.2956,-4.9192,-8.5405,8,b,The,The green triangle moved first.
interval,data/videos_v3/int_7000ms/v3_7000_01030.avi,7000,D,A,,-1.266,-1.3212,-1.891,-2.0105,8,b,(A,(A) Less than 1 second
order_real,data/videos_v3/int_7000ms/v3_7000_01031.avi,7000,1,0,-2.2372,-10.1976,-10.5713,-11.3837,-11.071,8,b,NO,NO.
order_rev,data/videos_v3/int_7000ms/v3_7000_01031.avi,7000,1,0,-0.9195,-8.0693,-10.5682,-11.0679,-10.88,8,b,NO,NO.
order_forced,data/videos_v3/int_7000ms/v3_7000_01031.avi,7000,1,0,0.0001,-1.3932,-1.3933,-4.0179,-8.7646,8,b,The,The cyan square moved first.
interval,data/videos_v3/int_7000ms/v3_7000_01031.avi,7000,D,A,,-1.3534,-1.3283,-1.61,-1.4746,8,b,(A,(A) Less than 1 second
order_real,data/videos_v3/int_7000ms/v3_7000_01032.avi,7000,0,0,-1.5223,-10.0551,-10.3664,-11.3656,-10.9286,8,b,NO,NO.
order_rev,data/videos_v3/int_7000ms/v3_7000_01032.avi,7000,0,0,-1.7752,-7.9175,-10.5414,-11.0409,-10.7286,8,b,NO,NO.
order_forced,data/videos_v3/int_7000ms/v3_7000_01032.avi,7000,0,1,0.0003,-1.4702,-1.4705,-3.4702,-8.8427,8,b,The,The cyan circle moved first.
interval,data/videos_v3/int_7000ms/v3_7000_01032.avi,7000,D,B,,-1.4458,-1.3009,-1.4498,-1.4458,8,b,(B,(B) 1-2 seconds
order_real,data/videos_v3/int_7000ms/v3_7000_01033.avi,7000,0,0,-2.1575,-9.9042,-10.4025,-11.3398,-11.0272,8,a,NO,NO.
order_rev,data/videos_v3/int_7000ms/v3_7000_01033.avi,7000,0,0,-1.1822,-8.0159,-10.5142,-11.139,-10.7639,8,a,NO,NO.
order_forced,data/videos_v3/int_7000ms/v3_7000_01033.avi,7000,0,1,0.0003,-1.2921,-1.2924,-5.9155,-8.1609,8,a,The,The magenta triangle moved first.
interval,data/videos_v3/int_7000ms/v3_7000_01033.avi,7000,D,B,,-1.4602,-1.1935,-1.5909,-1.4632,8,a,(B,(B) 1-2 seconds
order_real,data/videos_v3/int_7000ms/v3_7000_01034.avi,7000,1,0,-1.386,-10.0315,-10.4051,-11.2175,-10.9048,8,b,NO,NO.
order_rev,data/videos_v3/int_7000ms/v3_7000_01034.avi,7000,1,0,-0.658,-7.6402,-10.4511,-11.1383,-10.8256,8,b,NO,NO.
order_forced,data/videos_v3/int_7000ms/v3_7000_01034.avi,7000,1,1,0.2502,-1.3976,-1.6478,-4.7723,-9.2688,8,b,The,The magenta triangle moved first.
interval,data/videos_v3/int_7000ms/v3_7000_01034.avi,7000,D,B,,-1.3648,-1.2175,-1.4929,-1.6148,8,b,(B,(B) 1-2 seconds
order_real,data/videos_v3/int_7000ms/v3_7000_01035.avi,7000,1,0,-2.3593,-10.0851,-10.3338,-11.5208,-11.0212,8,b,NO,NO.
order_rev,data/videos_v3/int_7000ms/v3_7000_01035.avi,7000,1,0,-1.0251,-7.9426,-10.4413,-11.066,-10.7535,8,b,NO,NO.
order_forced,data/videos_v3/int_7000ms/v3_7000_01035.avi,7000,1,0,-0.4998,-1.7235,-1.2237,-4.0984,-9.0963,8,b,The,The cyan circle moved first.
interval,data/videos_v3/int_7000ms/v3_7000_01035.avi,7000,D,B,,-1.461,-1.328,-1.4659,-1.3388,8,b,(B,(B) 1-2 seconds
order_real,data/videos_v3/int_7000ms/v3_7000_01036.avi,7000,0,0,-1.2528,-9.859,-10.3573,-11.3566,-10.8571,8,b,NO,NO.
order_rev,data/videos_v3/int_7000ms/v3_7000_01036.avi,7000,0,0,-0.6744,-7.9239,-10.6099,-11.3591,-10.8591,8,b,NO,NO.
order_forced,data/videos_v3/int_7000ms/v3_7000_01036.avi,7000,0,0,0.1252,-1.2955,-1.4207,-7.0433,-8.5412,8,b,The,The yellow triangle moved first.
interval,data/videos_v3/int_7000ms/v3_7000_01036.avi,7000,D,B,,-1.4127,-1.2594,-1.5416,-1.5377,8,b,(B,(B) 1-2 seconds
order_real,data/videos_v3/int_7000ms/v3_7000_01037.avi,7000,0,0,-1.2756,-9.9454,-10.4437,-11.256,-11.0681,8,a,NO,NO.
order_rev,data/videos_v3/int_7000ms/v3_7000_01037.avi,7000,0,0,-1.0527,-8.2722,-10.5831,-11.1449,-10.9575,8,a,NO,NO.
order_forced,data/videos_v3/int_7000ms/v3_7000_01037.avi,7000,0,1,0.1251,-1.0851,-1.2102,-4.5847,-9.0821,8,a,A,A
interval,data/videos_v3/int_7000ms/v3_7000_01037.avi,7000,D,A,,-1.2816,-1.2603,-1.6639,-1.5355,8,a,(A,(A) Less than 1 second
order_real,data/videos_v3/int_7000ms/v3_7000_01038.avi,7000,1,0,-2.3783,-9.7611,-10.197,-11.3844,-10.8221,8,a,NO,NO.
order_rev,data/videos_v3/int_7000ms/v3_7000_01038.avi,7000,1,0,-1.2911,-7.6474,-10.3336,-11.2083,-10.6456,8,a,NO,NO.
order_forced,data/videos_v3/int_7000ms/v3_7000_01038.avi,7000,1,0,-0.1246,-1.564,-1.4394,-7.0612,-8.309,8,a,The,The yellow triangle moved first.
interval,data/videos_v3/int_7000ms/v3_7000_01038.avi,7000,D,B,,-1.3929,-1.2393,-1.5209,-1.6394,8,a,(B,(B) 1-2 seconds
order_real,data/videos_v3/int_7000ms/v3_7000_01039.avi,7000,1,0,-1.8858,-9.8885,-10.1996,-11.1994,-10.8867,8,b,NO,NO.
order_rev,data/videos_v3/int_7000ms/v3_7000_01039.avi,7000,1,0,-0.439,-8.1069,-10.6056,-11.0429,-10.7928,8,b,NO,NO.
order_forced,data/videos_v3/int_7000ms/v3_7000_01039.avi,7000,1,1,0.0002,-1.3876,-1.3878,-5.137,-8.3843,8,b,The,The blue triangle moved first.
interval,data/videos_v3/int_7000ms/v3_7000_01039.avi,7000,D,B,,-1.3707,-1.2171,-1.6237,-1.6172,8,b,(B,(B) 1-2 seconds
order_real,data/videos_v3/int_7000ms/v3_7000_01040.avi,7000,1,0,-2.1154,-10.1773,-10.5511,-11.7383,-11.176,8,b,NO,NO.
order_rev,data/videos_v3/int_7000ms/v3_7000_01040.avi,7000,1,0,-1.6372,-8.1398,-10.576,-11.2634,-10.8258,8,b,NO,NO.
order_forced,data/videos_v3/int_7000ms/v3_7000_01040.avi,7000,1,0,-0.3748,-1.6238,-1.249,-7.3723,-9.2465,8,b,The,The yellow square moved first.
interval,data/videos_v3/int_7000ms/v3_7000_01040.avi,7000,D,A,,-1.2332,-1.4134,-1.6082,-1.5963,8,b,(A,(A) Less than 1 second
order_real,data/videos_v3/int_7000ms/v3_7000_01041.avi,7000,1,0,-1.8732,-10.0016,-10.3131,-11.1878,-10.9376,8,a,NO,NO.
order_rev,data/videos_v3/int_7000ms/v3_7000_01041.avi,7000,1,0,-0.2995,-7.9409,-10.6271,-11.2516,-10.8141,8,a,NO,NO.
order_forced,data/videos_v3/int_7000ms/v3_7000_01041.avi,7000,1,1,0.2504,-1.4697,-1.7201,-4.844,-8.5894,8,a,The,The cyan triangle moved first.
interval,data/videos_v3/int_7000ms/v3_7000_01041.avi,7000,D,B,,-1.474,-1.1986,-1.4791,-1.599,8,a,(B,(B) 1-2 seconds
order_real,data/videos_v3/int_7000ms/v3_7000_01042.avi,7000,0,0,-1.7945,-9.9502,-10.3863,-11.3858,-10.8238,8,a,NO,NO.
order_rev,data/videos_v3/int_7000ms/v3_7000_01042.avi,7000,0,0,-1.4403,-7.7408,-10.552,-11.3015,-10.7392,8,a,NO,NO.
order_forced,data/videos_v3/int_7000ms/v3_7000_01042.avi,7000,0,1,0.0002,-1.4431,-1.4433,-7.4413,-8.9398,8,a,The,The yellow square moved first.
interval,data/videos_v3/int_7000ms/v3_7000_01042.avi,7000,D,B,,-1.4603,-1.1879,-1.4627,-1.5826,8,a,(B,(B) 1-2 seconds
order_real,data/videos_v3/int_7000ms/v3_7000_01043.avi,7000,0,0,-1.0251,-9.9423,-10.2536,-11.5025,-10.8155,8,b,NO,NO.
order_rev,data/videos_v3/int_7000ms/v3_7000_01043.avi,7000,0,0,-2.2824,-8.1405,-10.7643,-11.389,-10.7643,8,b,NO,NO.
order_forced,data/videos_v3/int_7000ms/v3_7000_01043.avi,7000,0,1,0.0001,-1.7368,-1.7369,-6.236,-8.7338,8,b,The,The green circle moved first.
interval,data/videos_v3/int_7000ms/v3_7000_01043.avi,7000,D,B,,-1.3755,-1.2414,-1.5049,-1.5005,8,b,(B,(B) 1-2 seconds
order_real,data/videos_v3/int_7000ms/v3_7000_01044.avi,7000,0,0,-1.5445,-9.9316,-10.4299,-10.9922,-10.9296,8,a,NO,NO.
order_rev,data/videos_v3/int_7000ms/v3_7000_01044.avi,7000,0,0,-0.8214,-8.1283,-10.5644,-10.6894,-10.7514,8,a,NO,NO.
order_forced,data/videos_v3/int_7000ms/v3_7000_01044.avi,7000,0,1,0.3752,-1.0669,-1.4421,-5.0661,-8.6878,8,a,The,The magenta triangle moved first.
interval,data/videos_v3/int_7000ms/v3_7000_01044.avi,7000,D,A,,-1.2827,-1.2468,-1.6627,-1.6577,8,a,(A,(A) Less than 1 second
order_real,data/videos_v3/int_7000ms/v3_7000_01045.avi,7000,0,0,-2.3782,-9.7599,-10.446,-11.2586,-10.8835,8,b,NO,NO.
order_rev,data/videos_v3/int_7000ms/v3_7000_01045.avi,7000,0,0,-1.5256,-7.5853,-10.5215,-11.0839,-10.7708,8,b,NO,NO.
order_forced,data/videos_v3/int_7000ms/v3_7000_01045.avi,7000,0,1,0.0003,-1.831,-1.8313,-5.0803,-8.4521,8,b,The,The green square moved first.
interval,data/videos_v3/int_7000ms/v3_7000_01045.avi,7000,D,B,,-1.4878,-1.2223,-1.4934,-1.4899,8,b,(B,(B) 1-2 seconds
order_real,data/videos_v3/int_7000ms/v3_7000_01046.avi,7000,1,0,-1.7755,-9.9818,-10.5426,-11.4175,-10.98,8,a,NO,NO.
order_rev,data/videos_v3/int_7000ms/v3_7000_01046.avi,7000,1,0,-0.6964,-7.7926,-10.541,-11.1031,-10.6654,8,a,NO,NO.
order_forced,data/videos_v3/int_7000ms/v3_7000_01046.avi,7000,1,1,0.2502,-1.3442,-1.5944,-7.3424,-8.8392,8,a,The,The magenta triangle moved first.
interval,data/videos_v3/int_7000ms/v3_7000_01046.avi,7000,D,B,,-1.5435,-1.1554,-1.548,-1.4209,8,a,(B,(B) 1-2 seconds
order_real,data/videos_v3/int_7000ms/v3_7000_01047.avi,7000,1,0,-1.7407,-10.1642,-10.6627,-11.5375,-11.1621,8,b,NO,NO.
order_rev,data/videos_v3/int_7000ms/v3_7000_01047.avi,7000,1,0,-1.2998,-7.8796,-10.6281,-11.1281,-10.8774,8,b,NO,NO.
order_forced,data/videos_v3/int_7000ms/v3_7000_01047.avi,7000,1,1,0.2502,-1.17,-1.4202,-7.0427,-8.914,8,b,The,The green triangle moved first.
interval,data/videos_v3/int_7000ms/v3_7000_01047.avi,7000,D,B,,-1.4549,-1.1916,-1.5864,-1.4614,8,b,(B,(B) 1-2 seconds
order_real,data/videos_v3/int_7000ms/v3_7000_01048.avi,7000,0,0,-1.5254,-9.8959,-10.2695,-11.1441,-10.8942,8,b,NO,NO.
order_rev,data/videos_v3/int_7000ms/v3_7000_01048.avi,7000,0,0,-0.9338,-7.7541,-10.3776,-11.0025,-10.6897,8,b,NO,NO.
order_forced,data/videos_v3/int_7000ms/v3_7000_01048.avi,7000,0,1,0.0006,-1.3956,-1.3962,-4.6447,-8.1408,8,b,The,The cyan triangle moved first.
interval,data/videos_v3/int_7000ms/v3_7000_01048.avi,7000,D,B,,-1.421,-1.2674,-1.5518,-1.546,8,b,(B,(B) 1-2 seconds
order_real,data/videos_v3/int_7000ms/v3_7000_01049.avi,7000,1,0,-2.3784,-9.885,-10.4462,-11.2583,-10.8838,8,a,NO,NO.
order_rev,data/videos_v3/int_7000ms/v3_7000_01049.avi,7000,1,0,-1.5589,-7.8632,-10.4247,-11.0491,-10.674,8,a,NO,NO.
order_forced,data/videos_v3/int_7000ms/v3_7000_01049.avi,7000,1,0,0.2505,-1.7134,-1.9639,-4.3378,-8.4574,8,a,The,The cyan triangle moved first.
interval,data/videos_v3/int_7000ms/v3_7000_01049.avi,7000,D,B,,-1.6194,-1.1057,-1.3744,-1.6194,8,a,(B,(B) 1-2 seconds
order_real,data/videos_v3/int_7000ms/v3_7000_01050.avi,7000,1,0,-1.0414,-10.0195,-10.4554,-11.455,-11.2048,8,a,NO,NO.
order_rev,data/videos_v3/int_7000ms/v3_7000_01050.avi,7000,1,0,-0.9072,-8.0112,-10.5098,-11.197,-10.8843,8,a,NO,NO.
order_forced,data/videos_v3/int_7000ms/v3_7000_01050.avi,7000,1,0,-0.125,-1.1031,-0.9781,-6.6027,-9.227,8,a,B,B
interval,data/videos_v3/int_7000ms/v3_7000_01050.avi,7000,D,A,,-1.1976,-1.4237,-1.702,-1.452,8,a,(A,(A) Less than 1 second
order_real,data/videos_v3/int_7000ms/v3_7000_01051.avi,7000,0,0,-0.8893,-9.8714,-9.9954,-11.057,-10.7451,8,a,NO,NO.
order_rev,data/videos_v3/int_7000ms/v3_7000_01051.avi,7000,0,0,-0.6001,-7.6504,-10.3365,-11.086,-10.6485,8,a,NO,NO.
order_forced,data/videos_v3/int_7000ms/v3_7000_01051.avi,7000,0,1,0.1254,-1.9703,-2.0957,-5.0947,-9.0909,8,a,The,The cyan triangle moved first.
interval,data/videos_v3/int_7000ms/v3_7000_01051.avi,7000,D,B,,-1.6839,-1.0498,-1.4394,-1.562,8,a,(B,(B) 1-2 seconds
order_real,data/videos_v3/int_7000ms/v3_7000_01052.avi,7000,1,0,-1.8898,-9.7945,-10.2306,-11.1055,-10.8553,8,b,NO,NO.
order_rev,data/videos_v3/int_7000ms/v3_7000_01052.avi,7000,1,0,-0.8151,-7.7706,-10.4566,-11.1438,-10.7063,8,b,NO,NO.
order_forced,data/videos_v3/int_7000ms/v3_7000_01052.avi,7000,1,1,0.0003,-1.3981,-1.3984,-4.6474,-8.3936,8,b,The,The cyan triangle moved first.
interval,data/videos_v3/int_7000ms/v3_7000_01052.avi,7000,D,B,,-1.384,-1.2304,-1.5148,-1.6306,8,b,(B,(B) 1-2 seconds
order_real,data/videos_v3/int_7000ms/v3_7000_01053.avi,7000,0,0,-1.5252,-9.9572,-10.3309,-11.5173,-10.8308,8,b,NO,NO.
order_rev,data/videos_v3/int_7000ms/v3_7000_01053.avi,7000,0,0,-0.7647,-7.7844,-10.5955,-11.4075,-10.845,8,b,NO,NO.
order_forced,data/videos_v3/int_7000ms/v3_7000_01053.avi,7000,0,1,-0.3747,-1.8164,-1.4417,-7.9393,-9.1868,8,b,The,The yellow triangle moved first.
interval,data/videos_v3/int_7000ms/v3_7000_01053.avi,7000,D,B,,-1.383,-1.1259,-1.5105,-1.6343,8,b,(B,(B) 1-2 seconds
order_real,data/videos_v3/int_7000ms/v3_7000_01054.avi,7000,1,0,-0.886,-9.8431,-10.2168,-11.1538,-10.7791,8,b,NO,NO.
order_rev,data/videos_v3/int_7000ms/v3_7000_01054.avi,7000,1,0,-0.4276,-7.9749,-10.536,-11.0982,-10.848,8,b,NO,NO.
order_forced,data/videos_v3/int_7000ms/v3_7000_01054.avi,7000,1,0,0.0003,-1.4596,-1.4599,-4.334,-8.4551,8,b,The,The cyan triangle moved first.
interval,data/videos_v3/int_7000ms/v3_7000_01054.avi,7000,D,B,,-1.3764,-1.226,-1.5065,-1.6233,8,b,(B,(B) 1-2 seconds
order_real,data/videos_v3/int_7000ms/v3_7000_01055.avi,7000,0,0,-2.5419,-10.2621,-11.0728,-11.8854,-11.448,8,b,NO,NO.
order_rev,data/videos_v3/int_7000ms/v3_7000_01055.avi,7000,0,0,-1.4106,-7.8415,-10.7773,-11.3399,-10.9644,8,b,NO,NO.
order_forced,data/videos_v3/int_7000ms/v3_7000_01055.avi,7000,0,0,-0.1249,-1.1272,-1.0023,-5.127,-9.2502,8,b,B,B
interval,data/videos_v3/int_7000ms/v3_7000_01055.avi,7000,D,A,,-1.1768,-1.4164,-1.684,-1.434,8,b,(A,(A) Less than 1 second
order_real,data/videos_v3/int_7000ms/v3_7000_01056.avi,7000,1,0,-1.8781,-10.2469,-10.4956,-11.682,-11.1204,8,a,NO,NO.
order_rev,data/videos_v3/int_7000ms/v3_7000_01056.avi,7000,1,0,-0.8072,-8.3646,-10.6754,-11.4872,-11.0503,8,a,NO,NO.
order_forced,data/videos_v3/int_7000ms/v3_7000_01056.avi,7000,1,1,-0.3749,-1.5712,-1.1963,-6.6949,-8.693,8,a,The,The yellow circle moved first.
interval,data/videos_v3/int_7000ms/v3_7000_01056.avi,7000,D,B,,-1.3777,-1.2482,-1.6327,-1.3827,8,a,(B,(B) 1-2 seconds
order_real,data/videos_v3/int_7000ms/v3_7000_01057.avi,7000,1,0,-2.2531,-10.0189,-10.5176,-11.205,-10.8303,8,b,NO,NO.
order_rev,data/videos_v3/int_7000ms/v3_7000_01057.avi,7000,1,0,-1.0652,-7.9481,-10.5719,-11.1964,-10.8214,8,b,NO,NO.
order_forced,data/videos_v3/int_7000ms/v3_7000_01057.avi,7000,1,1,0.0005,-1.5954,-1.5959,-4.3448,-8.4662,8,b,The,The yellow triangle moved first.
interval,data/videos_v3/int_7000ms/v3_7000_01057.avi,7000,D,B,,-1.5857,-1.194,-1.4665,-1.4638,8,b,(B,(B) 1-2 seconds
order_real,data/videos_v3/int_7000ms/v3_7000_01058.avi,7000,0,0,-1.0147,-10.3359,-10.647,-11.4591,-11.3964,8,a,NO,NO.
order_rev,data/videos_v3/int_7000ms/v3_7000_01058.avi,7000,0,0,-0.6889,-7.8921,-10.5782,-11.2652,-11.0775,8,a,NO,NO.
order_forced,data/videos_v3/int_7000ms/v3_7000_01058.avi,7000,0,1,0.0001,-1.1047,-1.1048,-2.7297,-9.4789,8,a,A,A
interval,data/videos_v3/int_7000ms/v3_7000_01058.avi,7000,D,A,,-1.0633,-1.4193,-1.8226,-1.5726,8,a,(A,(A) Less than 1 second
order_real,data/videos_v3/int_7000ms/v3_7000_01059.avi,7000,1,0,-2.0144,-9.9038,-10.34,-11.1524,-10.9022,8,b,NO,NO.
order_rev,data/videos_v3/int_7000ms/v3_7000_01059.avi,7000,1,0,-1.2854,-7.9919,-10.5533,-10.9282,-10.8027,8,b,NO,NO.
order_forced,data/videos_v3/int_7000ms/v3_7000_01059.avi,7000,1,1,0.1252,-1.4291,-1.5543,-5.0537,-8.6771,8,b,The,The red square moved first.
interval,data/videos_v3/int_7000ms/v3_7000_01059.avi,7000,D,B,,-1.4124,-1.2555,-1.6668,-1.5374,8,b,(B,(B) 1-2 seconds
order_real,data/videos_v3/int_7000ms/v3_7000_01060.avi,7000,0,0,-1.7355,-10.1867,-10.498,-11.4975,-11.1227,8,a,NO,NO.
order_rev,data/videos_v3/int_7000ms/v3_7000_01060.avi,7000,0,0,-1.0352,-8.2992,-10.798,-11.5471,-10.985,8,a,NO,NO.
order_forced,data/videos_v3/int_7000ms/v3_7000_01060.avi,7000,0,1,0.1252,-1.4161,-1.5413,-6.165,-9.4097,8,a,The,The yellow triangle moved first.
interval,data/videos_v3/int_7000ms/v3_7000_01060.avi,7000,D,B,,-1.5173,-1.1319,-1.5245,-1.52,8,a,(B,(B) 1-2 seconds
order_real,data/videos_v3/int_7000ms/v3_7000_01061.avi,7000,0,0,-1.9161,-9.9135,-10.3496,-11.4115,-10.787,8,a,NO,NO.
order_rev,data/videos_v3/int_7000ms/v3_7000_01061.avi,7000,0,0,-1.057,-7.7949,-10.6057,-11.4802,-10.793,8,a,NO,NO.
order_forced,data/videos_v3/int_7000ms/v3_7000_01061.avi,7000,0,1,0.0002,-1.4453,-1.4455,-7.6932,-8.9406,8,a,The,The yellow triangle moved first.
interval,data/videos_v3/int_7000ms/v3_7000_01061.avi,7000,D,B,,-1.4166,-1.1563,-1.5451,-1.5435,8,a,(B,(B) 1-2 seconds
order_real,data/videos_v3/int_7000ms/v3_7000_01062.avi,7000,0,0,-1.6239,-9.9436,-10.3173,-11.5043,-10.8795,8,a,NO,NO.
order_rev,data/videos_v3/int_7000ms/v3_7000_01062.avi,7000,0,0,-1.5146,-7.853,-10.4767,-11.1641,-10.6014,8,a,NO,NO.
order_forced,data/videos_v3/int_7000ms/v3_7000_01062.avi,7000,0,1,-0.3748,-1.6329,-1.2581,-8.005,-8.63,8,a,The,The blue square moved first.
interval,data/videos_v3/int_7000ms/v3_7000_01062.avi,7000,D,B,,-1.4819,-1.3109,-1.4951,-1.4819,8,a,(B,(B) 1-2 seconds
order_real,data/videos_v3/int_7000ms/v3_7000_01063.avi,7000,0,0,-1.2755,-9.9451,-10.506,-11.5057,-10.9432,8,a,NO,NO.
order_rev,data/videos_v3/int_7000ms/v3_7000_01063.avi,7000,0,0,-1.2912,-8.0205,-10.5819,-11.2687,-10.7689,8,a,NO,NO.
order_forced,data/videos_v3/int_7000ms/v3_7000_01063.avi,7000,0,1,0.0001,-1.6664,-1.6665,-7.6645,-9.1636,8,a,The,The green square moved first.
interval,data/videos_v3/int_7000ms/v3_7000_01063.avi,7000,D,A,,-1.365,-1.3242,-1.6194,-1.4851,8,a,(A,(A) Less than 1 second
order_real,data/videos_v3/int_7000ms/v3_7000_01064.avi,7000,0,0,-1.7726,-9.9082,-10.2193,-11.3434,-10.844,8,a,NO,NO.
order_rev,data/videos_v3/int_7000ms/v3_7000_01064.avi,7000,0,0,-1.1662,-7.5504,-10.4239,-11.236,-10.7358,8,a,NO,NO.
order_forced,data/videos_v3/int_7000ms/v3_7000_01064.avi,7000,0,1,0.0003,-1.6667,-1.667,-6.2901,-8.4116,8,a,The,The yellow circle moved first.
interval,data/videos_v3/int_7000ms/v3_7000_01064.avi,7000,D,B,,-1.5488,-1.1563,-1.4301,-1.5512,8,a,(B,(B) 1-2 seconds
order_real,data/videos_v3/int_7000ms/v3_7000_01065.avi,7000,0,0,-1.7051,-10.229,-10.6027,-11.7266,-11.0399,8,a,NO,NO.
order_rev,data/videos_v3/int_7000ms/v3_7000_01065.avi,7000,0,0,-1.1506,-8.0356,-10.7217,-11.5333,-10.9088,8,a,NO,NO.
order_forced,data/videos_v3/int_7000ms/v3_7000_01065.avi,7000,0,0,-0.2499,-1.2994,-1.0495,-6.174,-8.6732,8,a,B,B
interval,data/videos_v3/int_7000ms/v3_7000_01065.avi,7000,D,A,,-1.2491,-1.366,-1.6268,-1.3768,8,a,(A,(A) Less than 1 second
order_real,data/videos_v3/int_7000ms/v3_7000_01066.avi,7000,1,0,-1.6096,-10.2066,-10.58,-11.5171,-11.0178,8,a,NO,NO.
order_rev,data/videos_v3/int_7000ms/v3_7000_01066.avi,7000,1,0,-0.6232,-8.3145,-10.6881,-11.1877,-10.8131,8,a,NO,NO.
order_forced,data/videos_v3/int_7000ms/v3_7000_01066.avi,7000,1,1,0.0001,-1.1889,-1.189,-3.4389,-9.5623,8,a,The,The cyan circle moved first.
interval,data/videos_v3/int_7000ms/v3_7000_01066.avi,7000,D,A,,-1.1643,-1.4062,-1.667,-1.417,8,a,(A,(A) Less than 1 second
order_real,data/videos_v3/int_7000ms/v3_7000_01067.avi,7000,1,0,-2.0941,-10.0624,-10.3107,-11.373,-10.936,8,a,NO,NO.
order_rev,data/videos_v3/int_7000ms/v3_7000_01067.avi,7000,1,0,-0.5571,-7.9493,-10.5727,-11.0726,-10.8848,8,a,NO,NO.
order_forced,data/videos_v3/int_7000ms/v3_7000_01067.avi,7000,1,1,-0.3746,-1.6799,-1.3053,-4.5546,-8.9244,8,a,The,The blue triangle moved first.
interval,data/videos_v3/int_7000ms/v3_7000_01067.avi,7000,D,B,,-1.3325,-1.1927,-1.5876,-1.5825,8,a,(B,(B) 1-2 seconds
order_real,data/videos_v3/int_7000ms/v3_7000_01068.avi,7000,0,0,-0.7728,-10.1118,-10.4853,-11.1721,-11.0474,8,b,NO,NO.
order_rev,data/videos_v3/int_7000ms/v3_7000_01068.avi,7000,0,0,-0.5497,-8.2156,-10.7141,-11.1512,-10.9635,8,b,NO,NO.
order_forced,data/videos_v3/int_7000ms/v3_7000_01068.avi,7000,0,1,0.2501,-1.2862,-1.5363,-3.5361,-8.7834,8,b,The,The cyan triangle moved first.
interval,data/videos_v3/int_7000ms/v3_7000_01068.avi,7000,D,B,,-1.5063,-1.118,-1.6378,-1.5128,8,b,(B,(B) 1-2 seconds
order_real,data/videos_v3/int_7000ms/v3_7000_01069.avi,7000,1,0,-1.9404,-9.789,-10.2877,-11.4121,-10.7251,8,a,NO,NO.
order_rev,data/videos_v3/int_7000ms/v3_7000_01069.avi,7000,1,0,-1.3329,-7.7825,-10.4062,-11.2182,-10.7178,8,a,NO,NO.
order_forced,data/videos_v3/int_7000ms/v3_7000_01069.avi,7000,1,0,-0.1247,-1.6118,-1.4871,-6.86,-8.4823,8,a,The,The yellow triangle moved first.
interval,data/videos_v3/int_7000ms/v3_7000_01069.avi,7000,D,B,,-1.448,-1.1757,-1.576,-1.573,8,a,(B,(B) 1-2 seconds
order_real,data/videos_v3/int_7000ms/v3_7000_01070.avi,7000,1,0,-1.9074,-9.996,-10.4947,-11.6187,-10.932,8,a,NO,NO.
order_rev,data/videos_v3/int_7000ms/v3_7000_01070.avi,7000,1,0,-1.0256,-7.9438,-10.5047,-11.3167,-10.7542,8,a,NO,NO.
order_forced,data/videos_v3/int_7000ms/v3_7000_01070.avi,7000,1,0,-0.1249,-1.4724,-1.3475,-5.9717,-9.2199,8,a,The,The magenta circle moved first.
interval,data/videos_v3/int_7000ms/v3_7000_01070.avi,7000,D,A,,-1.3005,-1.2857,-1.5556,-1.5505,8,a,(A,(A) Less than 1 second
order_real,data/videos_v3/int_7000ms/v3_7000_01071.avi,7000,1,0,-1.291,-10.0184,-10.3918,-11.5783,-10.8294,8,a,NO,NO.
order_rev,data/videos_v3/int_7000ms/v3_7000_01071.avi,7000,1,0,-0.3212,-7.6817,-10.4301,-11.4289,-10.8042,8,a,NO,NO.
order_forced,data/videos_v3/int_7000ms/v3_7000_01071.avi,7000,1,0,0.0003,-1.5827,-1.583,-7.4559,-8.8288,8,a,The,The magenta triangle moved first.
interval,data/videos_v3/int_7000ms/v3_7000_01071.avi,7000,D,B,,-1.6642,-1.1578,-1.4197,-1.4186,8,a,(B,(B) 1-2 seconds
order_real,data/videos_v3/int_7000ms/v3_7000_01072.avi,7000,1,0,-1.5947,-9.8865,-10.3853,-11.3222,-10.8848,8,a,NO,NO.
order_rev,data/videos_v3/int_7000ms/v3_7000_01072.avi,7000,1,0,-0.7755,-8.2666,-10.6405,-11.14,-10.7648,8,a,NO,NO.
order_forced,data/videos_v3/int_7000ms/v3_7000_01072.avi,7000,1,1,0.1252,-1.2962,-1.4214,-7.4189,-8.6674,8,a,The,The red triangle moved first.
interval,data/videos_v3/int_7000ms/v3_7000_01072.avi,7000,D,B,,-1.5469,-1.265,-1.5513,-1.4219,8,a,(B,(B) 1-2 seconds
order_real,data/videos_v3/int_7000ms/v3_7000_01073.avi,7000,1,0,-1.3873,-10.3702,-10.8064,-11.8055,-11.4308,8,a,NO,NO.
order_rev,data/videos_v3/int_7000ms/v3_7000_01073.avi,7000,1,0,-0.8091,-8.0382,-10.662,-11.4739,-11.0987,8,a,NO,NO.
order_forced,data/videos_v3/int_7000ms/v3_7000_01073.avi,7000,1,1,0.0,-0.8918,-0.8918,-4.7666,-9.1408,8,a,A,A
interval,data/videos_v3/int_7000ms/v3_7000_01073.avi,7000,D,A,,-1.0068,-1.5012,-1.8846,-1.3867,8,a,(A,(A) Less than 1 second
order_real,data/videos_v3/int_7000ms/v3_7000_01074.avi,7000,0,0,-0.8739,-10.1087,-10.4196,-11.2317,-10.9819,8,b,NO,NO.
order_rev,data/videos_v3/int_7000ms/v3_7000_01074.avi,7000,0,0,-0.3073,-8.1722,-10.7334,-11.2331,-10.9204,8,b,NO,NO.
order_forced,data/videos_v3/int_7000ms/v3_7000_01074.avi,7000,0,1,0.3753,-1.4417,-1.817,-4.1914,-9.4354,8,b,The,The cyan triangle moved first.
interval,data/videos_v3/int_7000ms/v3_7000_01074.avi,7000,D,B,,-1.3633,-1.2208,-1.4929,-1.6133,8,b,(B,(B) 1-2 seconds
order_real,data/videos_v3/int_7000ms/v3_7000_01075.avi,7000,0,0,-1.0603,-10.1529,-10.464,-11.5881,-11.0263,8,a,NO,NO.
order_rev,data/videos_v3/int_7000ms/v3_7000_01075.avi,7000,0,0,0.0483,-8.3384,-10.8371,-11.4616,-11.0241,8,a,NO,NO.
order_forced,data/videos_v3/int_7000ms/v3_7000_01075.avi,7000,0,1,0.1251,-1.6301,-1.7552,-6.2545,-9.5019,8,a,The,The red triangle moved first.
interval,data/videos_v3/int_7000ms/v3_7000_01075.avi,7000,D,B,,-1.3455,-1.2124,-1.4732,-1.5969,8,a,(B,(B) 1-2 seconds
order_real,data/videos_v3/int_7000ms/v3_7000_01076.avi,7000,0,0,-1.4001,-9.8562,-10.2296,-11.3542,-10.7919,8,a,NO,NO.
order_rev,data/videos_v3/int_7000ms/v3_7000_01076.avi,7000,0,0,-0.7206,-7.9411,-10.5025,-11.252,-10.752,8,a,NO,NO.
order_forced,data/videos_v3/int_7000ms/v3_7000_01076.avi,7000,0,1,0.1252,-1.5614,-1.6866,-6.5598,-8.9307,8,a,The,The red circle moved first.
interval,data/videos_v3/int_7000ms/v3_7000_01076.avi,7000,D,B,,-1.3598,-1.2181,-1.6156,-1.4879,8,a,(B,(B) 1-2 seconds
order_real,data/videos_v3/int_7000ms/v3_7000_01077.avi,7000,1,0,-2.6478,-10.008,-10.3816,-11.5065,-11.0066,8,b,NO,NO.
order_rev,data/videos_v3/int_7000ms/v3_7000_01077.avi,7000,1,0,-1.1839,-8.1877,-10.5614,-11.3734,-10.7484,8,b,NO,NO.
order_forced,data/videos_v3/int_7000ms/v3_7000_01077.avi,7000,1,1,-0.3745,-1.5723,-1.1978,-7.3193,-8.3166,8,b,The,The blue triangle moved first.
interval,data/videos_v3/int_7000ms/v3_7000_01077.avi,7000,D,B,,-1.3822,-1.2435,-1.5107,-1.5091,8,b,(B,(B) 1-2 seconds
order_real,data/videos_v3/int_7000ms/v3_7000_01078.avi,7000,0,0,-2.7929,-10.3949,-10.956,-11.6436,-11.4563,8,b,NO,NO.
order_rev,data/videos_v3/int_7000ms/v3_7000_01078.avi,7000,0,0,-1.4191,-7.8253,-10.6365,-11.324,-11.0114,8,b,NO,NO.
order_forced,data/videos_v3/int_7000ms/v3_7000_01078.avi,7000,0,1,-0.1248,-1.4422,-1.3174,-3.5671,-9.4394,8,b,The,The cyan square moved first.
interval,data/videos_v3/int_7000ms/v3_7000_01078.avi,7000,D,A,,-1.3598,-1.3345,-1.6125,-1.3598,8,b,(A,(A) Less than 1 second
order_real,data/videos_v3/int_7000ms/v3_7000_01079.avi,7000,1,0,-1.7393,-9.9868,-10.61,-11.2976,-11.0479,8,a,NO,NO.
order_rev,data/videos_v3/int_7000ms/v3_7000_01079.avi,7000,1,0,-0.7644,-8.0353,-10.5338,-11.0961,-11.0332,8,a,NO,NO.
order_forced,data/videos_v3/int_7000ms/v3_7000_01079.avi,7000,1,1,0.0001,-1.1229,-1.123,-2.4979,-9.8721,8,a,A,A
interval,data/videos_v3/int_7000ms/v3_7000_01079.avi,7000,D,A,,-1.1995,-1.2976,-1.5839,-1.7089,8,a,(A,(A) Less than 1 second
order_real,data/videos_v3/int_7000ms/v3_7000_01080.avi,7000,1,0,-0.8978,-10.0126,-10.511,-11.3858,-11.1359,8,a,NO,NO.
order_rev,data/videos_v3/int_7000ms/v3_7000_01080.avi,7000,1,0,-0.0603,-8.2506,-10.6865,-11.0615,-11.0612,8,a,NO,NO.
order_forced,data/videos_v3/int_7000ms/v3_7000_01080.avi,7000,1,1,0.1251,-1.1107,-1.2358,-3.3606,-9.2336,8,a,A,A
interval,data/videos_v3/int_7000ms/v3_7000_01080.avi,7000,D,A,,-1.2043,-1.426,-1.7082,-1.4543,8,a,(A,(A) Less than 1 second
order_real,data/videos_v3/int_7000ms/v3_7000_01081.avi,7000,1,0,-2.2614,-9.8456,-10.4066,-11.4686,-10.9687,8,a,NO,NO.
order_rev,data/videos_v3/int_7000ms/v3_7000_01081.avi,7000,1,0,-0.807,-7.9911,-10.5521,-11.3015,-10.8641,8,a,NO,NO.
order_forced,data/videos_v3/int_7000ms/v3_7000_01081.avi,7000,1,1,0.0001,-1.2096,-1.2097,-6.2087,-9.3301,8,a,The,The green circle moved first.
interval,data/videos_v3/int_7000ms/v3_7000_01081.avi,7000,D,A,,-1.314,-1.2888,-1.5705,-1.5601,8,a,(A,(A) Less than 1 second
order_real,data/videos_v3/int_7000ms/v3_7000_01082.avi,7000,0,0,-2.3449,-9.9782,-10.6019,-11.2894,-10.977,8,b,NO,NO.
order_rev,data/videos_v3/int_7000ms/v3_7000_01082.avi,7000,0,0,-1.7346,-7.661,-10.5972,-11.0971,-10.8466,8,b,NO,NO.
order_forced,data/videos_v3/int_7000ms/v3_7000_01082.avi,7000,0,1,0.0001,-1.3787,-1.3788,-6.2528,-8.6257,8,b,The,The green circle moved first.
interval,data/videos_v3/int_7000ms/v3_7000_01082.avi,7000,D,B,,-1.3999,-1.2466,-1.5323,-1.5205,8,b,(B,(B) 1-2 seconds
order_real,data/videos_v3/int_7000ms/v3_7000_01083.avi,7000,1,0,-1.8865,-9.8893,-10.4504,-11.2003,-10.8877,8,a,NO,NO.
order_rev,data/videos_v3/int_7000ms/v3_7000_01083.avi,7000,1,0,-1.1697,-7.7564,-10.6302,-10.8803,-10.7549,8,a,NO,NO.
order_forced,data/videos_v3/int_7000ms/v3_7000_01083.avi,7000,1,1,0.2501,-1.2141,-1.4642,-4.3386,-8.9611,8,a,The,The green circle moved first.
interval,data/videos_v3/int_7000ms/v3_7000_01083.avi,7000,D,A,,-1.3631,-1.3272,-1.618,-1.4881,8,a,(A,(A) Less than 1 second
order_real,data/videos_v3/int_7000ms/v3_7000_01084.avi,7000,1,0,0.072,-10.076,-10.3875,-11.5116,-11.0741,8,b,NO,NO.
order_rev,data/videos_v3/int_7000ms/v3_7000_01084.avi,7000,1,0,-0.378,-8.1901,-10.6889,-11.4384,-10.9384,8,b,NO,NO.
order_forced,data/videos_v3/int_7000ms/v3_7000_01084.avi,7000,1,1,0.0002,-1.4431,-1.4433,-7.0666,-9.0634,8,b,The,The green triangle moved first.
interval,data/videos_v3/int_7000ms/v3_7000_01084.avi,7000,D,B,,-1.428,-1.1604,-1.5553,-1.553,8,b,(B,(B) 1-2 seconds
order_real,data/videos_v3/int_7000ms/v3_7000_01085.avi,7000,0,0,-2.4987,-10.2474,-10.871,-11.8082,-11.3712,8,a,NO,NO.
order_rev,data/videos_v3/int_7000ms/v3_7000_01085.avi,7000,0,0,-1.1675,-7.7343,-10.4204,-11.3575,-11.1698,8,a,NO,NO.
order_forced,data/videos_v3/int_7000ms/v3_7000_01085.avi,7000,0,1,0.0001,-1.1101,-1.1102,-3.485,-9.7337,8,a,A,A
interval,data/videos_v3/int_7000ms/v3_7000_01085.avi,7000,D,A,,-1.143,-1.4897,-1.6504,-1.5219,8,a,(A,(A) Less than 1 second
order_real,data/videos_v3/int_7000ms/v3_7000_01086.avi,7000,0,0,-1.2613,-9.9955,-10.4938,-11.5556,-10.9937,8,a,NO,NO.
order_rev,data/videos_v3/int_7000ms/v3_7000_01086.avi,7000,0,0,-0.4406,-7.7751,-10.5861,-11.1483,-10.8979,8,a,NO,NO.
order_forced,data/videos_v3/int_7000ms/v3_7000_01086.avi,7000,0,0,-0.1248,-1.3001,-1.1753,-6.1741,-8.921,8,a,The,The magenta triangle moved first.
interval,data/videos_v3/int_7000ms/v3_7000_01086.avi,7000,D,B,,-1.3476,-1.1975,-1.6011,-1.5976,8,a,(B,(B) 1-2 seconds
order_real,data/videos_v3/int_7000ms/v3_7000_01087.avi,7000,0,0,-1.6505,-9.8133,-10.3119,-10.9995,-10.9368,8,a,NO,NO.
order_rev,data/videos_v3/int_7000ms/v3_7000_01087.avi,7000,0,0,-0.7831,-7.8491,-10.5976,-11.0975,-10.8471,8,a,NO,NO.
order_forced,data/videos_v3/int_7000ms/v3_7000_01087.avi,7000,0,0,0.1253,-1.3711,-1.4964,-3.9958,-8.2424,8,a,The,The cyan triangle moved first.
interval,data/videos_v3/int_7000ms/v3_7000_01087.avi,7000,D,A,,-1.4036,-1.3583,-1.5325,-1.5192,8,a,(A,(A) Less than 1 second
order_real,data/videos_v3/int_7000ms/v3_7000_01088.avi,7000,1,0,-1.6502,-9.9991,-10.3104,-11.4345,-10.7478,8,b,NO,NO.
order_rev,data/videos_v3/int_7000ms/v3_7000_01088.avi,7000,1,0,-0.916,-7.8643,-10.5502,-11.3621,-10.7371,8,b,NO,NO.
order_forced,data/videos_v3/int_7000ms/v3_7000_01088.avi,7000,1,1,-0.1247,-1.6824,-1.5577,-7.9299,-8.9273,8,b,The,The yellow triangle moved first.
interval,data/videos_v3/int_7000ms/v3_7000_01088.avi,7000,D,B,,-1.7466,-1.1049,-1.3798,-1.5024,8,b,(B,(B) 1-2 seconds
order_real,data/videos_v3/int_7000ms/v3_7000_01089.avi,7000,0,0,-1.1772,-10.0841,-10.5824,-11.5817,-11.0823,8,b,NO,NO.
order_rev,data/videos_v3/int_7000ms/v3_7000_01089.avi,7000,0,0,-0.5574,-7.951,-10.6366,-11.2613,-10.8863,8,b,NO,NO.
order_forced,data/videos_v3/int_7000ms/v3_7000_01089.avi,7000,0,1,0.125,-0.9689,-1.0939,-6.2185,-8.7179,8,b,A,A
interval,data/videos_v3/int_7000ms/v3_7000_01089.avi,7000,D,A,,-1.2127,-1.3209,-1.8421,-1.471,8,b,(A,(A) Less than 1 second
order_real,data/videos_v3/int_7000ms/v3_7000_01090.avi,7000,1,0,-0.9004,-10.2874,-10.7233,-11.4101,-11.2854,8,a,NO,NO.
order_rev,data/videos_v3/int_7000ms/v3_7000_01090.avi,7000,1,0,-0.5355,-8.5815,-10.7675,-11.2668,-11.1416,8,a,NO,NO.
order_forced,data/videos_v3/int_7000ms/v3_7000_01090.avi,7000,1,1,0.2502,-1.0357,-1.2859,-3.4107,-8.909,8,a,A,A
interval,data/videos_v3/int_7000ms/v3_7000_01090.avi,7000,D,A,,-1.2321,-1.3332,-1.7365,-1.4865,8,a,(A,(A) Less than 1 second
order_real,data/videos_v3/int_7000ms/v3_7000_01091.avi,7000,1,0,-1.4069,-9.7027,-10.0138,-11.0761,-10.6389,8,a,NO,NO.
order_rev,data/videos_v3/int_7000ms/v3_7000_01091.avi,7000,1,0,-0.9243,-7.4715,-10.4072,-11.0945,-10.7191,8,a,NO,NO.
order_forced,data/videos_v3/int_7000ms/v3_7000_01091.avi,7000,1,1,0.0003,-1.8129,-1.8132,-5.8121,-8.9333,8,a,The,The magenta square moved first.
interval,data/videos_v3/int_7000ms/v3_7000_01091.avi,7000,D,B,,-1.7263,-1.091,-1.3587,-1.6048,8,a,(B,(B) 1-2 seconds
order_real,data/videos_v3/int_7000ms/v3_7000_01092.avi,7000,0,0,-2.3607,-9.9918,-10.3654,-11.3026,-10.9279,8,a,NO,NO.
order_rev,data/videos_v3/int_7000ms/v3_7000_01092.avi,7000,0,0,-1.2756,-7.7588,-10.5073,-11.257,-10.8816,8,a,NO,NO.
order_forced,data/videos_v3/int_7000ms/v3_7000_01092.avi,7000,0,1,-0.2496,-1.659,-1.4094,-6.2819,-8.2786,8,a,The,The yellow circle moved first.
interval,data/videos_v3/int_7000ms/v3_7000_01092.avi,7000,D,B,,-1.4329,-1.1662,-1.5637,-1.5579,8,a,(B,(B) 1-2 seconds
order_real,data/videos_v3/int_7000ms/v3_7000_01093.avi,7000,1,0,-0.6504,-10.1171,-10.2411,-11.3028,-10.9284,8,a,NO,NO.
order_rev,data/videos_v3/int_7000ms/v3_7000_01093.avi,7000,1,0,-0.5116,-7.5564,-10.3674,-11.1792,-10.6795,8,a,NO,NO.
order_forced,data/videos_v3/int_7000ms/v3_7000_01093.avi,7000,1,1,0.0006,-2.174,-2.1746,-5.1734,-9.4171,8,a,The,The cyan square moved first.
interval,data/videos_v3/int_7000ms/v3_7000_01093.avi,7000,D,B,,-1.712,-1.0806,-1.3444,-1.5925,8,a,(B,(B) 1-2 seconds
order_real,data/videos_v3/int_7000ms/v3_7000_01094.avi,7000,0,0,-1.8736,-9.9661,-10.2773,-11.4643,-10.9643,8,a,NO,NO.
order_rev,data/videos_v3/int_7000ms/v3_7000_01094.avi,7000,0,0,-1.0408,-7.7057,-10.3915,-11.3287,-10.7662,8,a,NO,NO.
order_forced,data/videos_v3/int_7000ms/v3_7000_01094.avi,7000,0,1,-0.1246,-1.5503,-1.4257,-6.5484,-8.7944,8,a,The,The yellow triangle moved first.
interval,data/videos_v3/int_7000ms/v3_7000_01094.avi,7000,D,B,,-1.5205,-1.1288,-1.5286,-1.5235,8,a,(B,(B) 1-2 seconds
order_real,data/videos_v3/int_7000ms/v3_7000_01095.avi,7000,0,0,-0.9853,-10.0931,-10.4041,-11.4659,-11.0285,8,b,NO,NO.
order_rev,data/videos_v3/int_7000ms/v3_7000_01095.avi,7000,0,0,-0.4323,-8.3711,-10.7444,-11.369,-10.9313,8,b,NO,NO.
order_forced,data/videos_v3/int_7000ms/v3_7000_01095.avi,7000,0,1,0.1253,-1.7106,-1.8359,-6.7088,-9.0785,8,b,The,The magenta triangle moved first.
interval,data/videos_v3/int_7000ms/v3_7000_01095.avi,7000,D,B,,-1.3543,-1.2156,-1.4829,-1.6043,8,b,(B,(B) 1-2 seconds
order_real,data/videos_v3/int_7000ms/v3_7000_01096.avi,7000,1,0,-1.5444,-9.9904,-10.3017,-11.4881,-10.8639,8,b,NO,NO.
order_rev,data/videos_v3/int_7000ms/v3_7000_01096.avi,7000,1,0,-0.4661,-7.9987,-10.6223,-11.3092,-10.8093,8,b,NO,NO.
order_forced,data/videos_v3/int_7000ms/v3_7000_01096.avi,7000,1,1,0.2503,-1.2004,-1.4507,-7.4476,-8.4464,8,b,The,The yellow triangle moved first.
interval,data/videos_v3/int_7000ms/v3_7000_01096.avi,7000,D,A,,-1.2871,-1.2549,-1.6621,-1.6582,8,b,(A,(A) Less than 1 second
order_real,data/videos_v3/int_7000ms/v3_7000_01097.avi,7000,0,0,-0.8647,-9.9773,-10.1011,-11.2254,-10.7881,8,b,NO,NO.
order_rev,data/videos_v3/int_7000ms/v3_7000_01097.avi,7000,0,0,-0.419,-7.7162,-10.4021,-11.2765,-10.9015,8,b,NO,NO.
order_forced,data/videos_v3/int_7000ms/v3_7000_01097.avi,7000,0,1,-0.1243,-2.2824,-2.1581,-4.6568,-9.5216,8,b,The,The red circle moved first.
interval,data/videos_v3/int_7000ms/v3_7000_01097.avi,7000,D,B,,-1.4352,-1.0552,-1.4386,-1.8115,8,b,(B,(B) 1-2 seconds
order_real,data/videos_v3/int_7000ms/v3_7000_01098.avi,7000,0,0,-1.169,-9.6933,-10.0042,-11.2538,-10.6291,8,a,NO,NO.
order_rev,data/videos_v3/int_7000ms/v3_7000_01098.avi,7000,0,0,-1.1742,-7.1578,-10.4062,-11.2186,-10.5934,8,a,NO,NO.
order_forced,data/videos_v3/int_7000ms/v3_7000_01098.avi,7000,0,1,-0.2498,-1.8615,-1.6117,-6.8601,-8.9829,8,a,The,The blue circle moved first.
interval,data/videos_v3/int_7000ms/v3_7000_01098.avi,7000,D,B,,-1.3768,-1.2363,-1.5039,-1.5039,8,a,(B,(B) 1-2 seconds
order_real,data/videos_v3/int_7000ms/v3_7000_01099.avi,7000,1,0,-2.86,-9.9283,-10.7393,-11.5519,-11.1143,8,b,NO,NO.
order_rev,data/videos_v3/int_7000ms/v3_7000_01099.avi,7000,1,0,-1.0527,-7.6476,-10.6462,-11.3334,-10.7708,8,b,NO,NO.
order_forced,data/videos_v3/int_7000ms/v3_7000_01099.avi,7000,1,0,0.2501,-1.2586,-1.5087,-6.7572,-8.6294,8,b,The,The green triangle moved first.
interval,data/videos_v3/int_7000ms/v3_7000_01099.avi,7000,D,A,,-1.3131,-1.2845,-1.5661,-1.5631,8,b,(A,(A) Less than 1 second
order_real,data/videos_v3/int_10000ms/v3_10000_01100.avi,10000,0,0,-1.3653,-10.1647,-10.5382,-11.7247,-10.9133,8,a,NO,NO.
order_rev,data/videos_v3/int_10000ms/v3_10000_01100.avi,10000,0,0,-0.4337,-7.794,-10.5425,-11.4789,-10.7919,8,a,NO,NO.
order_forced,data/videos_v3/int_10000ms/v3_10000_01100.avi,10000,0,0,0.0005,-1.7422,-1.7427,-7.6144,-8.8602,8,a,The,The yellow triangle moved first.
interval,data/videos_v3/int_10000ms/v3_10000_01100.avi,10000,D,B,,-1.2922,-1.1588,-1.5434,-1.6684,8,a,(B,(B) 1-2 seconds
order_32f,data/videos_v3/int_10000ms/v3_10000_01100.avi,10000,0,0,-1.2678,-10.2254,-10.4739,-11.7853,-10.9118,32,a,NO,NO.
moved_real,data/videos_v3/int_10000ms/v3_10000_01100.avi,10000,1,0,-2.4167,-10.3952,-11.7679,-11.893,-10.9568,8,a,NO,NO.
moved_twin,data/twin_v3/v3_10000_01100.avi,10000,0,0,-2.3783,-10.3811,-11.8166,-11.6919,-10.9428,8,a,NO,NO.
still_real,data/videos_v3/int_10000ms/v3_10000_01100.avi,10000,0,1,1.4163,-10.3583,-11.3581,-12.0428,-11.3564,8,a,YES,YES.
still_twin,data/twin_v3/v3_10000_01100.avi,10000,1,1,1.7799,-10.4874,-11.4869,-12.1096,-11.5477,8,a,YES,YES.
order_twin,data/twin_v3/v3_10000_01100.avi,10000,-1,0,-1.9906,-10.191,-10.7519,-11.6891,-11.0644,8,a,NO,NO.
moved_solo_hit,data/videos_v3/int_10000ms/v3_10000_01100_soloa.avi,10000,1,0,-2.3783,-10.3811,-11.8166,-11.6919,-10.9428,8,a,NO,NO.
moved_solo_fa,data/videos_v3/int_10000ms/v3_10000_01100_solob.avi,10000,0,0,-2.4167,-10.3952,-11.7679,-11.893,-10.9568,8,a,NO,NO.
order_real,data/videos_v3/int_10000ms/v3_10000_01101.avi,10000,1,0,-2.6245,-9.8331,-10.5816,-11.5815,-11.019,8,a,NO,NO.
order_rev,data/videos_v3/int_10000ms/v3_10000_01101.avi,10000,1,0,-1.6507,-7.3155,-10.5639,-11.2515,-10.6885,8,a,NO,NO.
order_forced,data/videos_v3/int_10000ms/v3_10000_01101.avi,10000,1,1,0.0003,-1.3599,-1.3602,-7.4819,-8.231,8,a,The,The green square moved first.
interval,data/videos_v3/int_10000ms/v3_10000_01101.avi,10000,D,A,,-1.3232,-1.2824,-1.5776,-1.5683,8,a,(A,(A) Less than 1 second
order_32f,data/videos_v3/int_10000ms/v3_10000_01101.avi,10000,1,0,-2.8783,-9.7289,-10.4147,-11.7269,-10.8524,32,a,NO,NO.
moved_real,data/videos_v3/int_10000ms/v3_10000_01101.avi,10000,1,0,-2.7758,-10.0722,-11.633,-11.6332,-10.6965,8,a,NO,NO.
moved_twin,data/twin_v3/v3_10000_01101.avi,10000,0,0,-2.8742,-10.0655,-11.6262,-11.5641,-10.6895,8,a,NO,NO.
still_real,data/videos_v3/int_10000ms/v3_10000_01101.avi,10000,0,1,2.6158,-10.3912,-11.578,-12.3252,-11.6384,8,a,YES,YES.
still_twin,data/twin_v3/v3_10000_01101.avi,10000,1,1,2.6248,-10.3995,-11.5859,-12.2709,-11.5842,8,a,YES,YES.
order_twin,data/twin_v3/v3_10000_01101.avi,10000,-1,0,-2.5259,-9.8397,-10.5257,-11.5879,-10.963,8,a,NO,NO.
moved_solo_hit,data/videos_v3/int_10000ms/v3_10000_01101_soloa.avi,10000,1,0,-2.7758,-10.0722,-11.633,-11.6332,-10.6965,8,a,NO,NO.
moved_solo_fa,data/videos_v3/int_10000ms/v3_10000_01101_solob.avi,10000,0,0,-2.8742,-10.0655,-11.6262,-11.5641,-10.6895,8,a,NO,NO.
order_real,data/videos_v3/int_10000ms/v3_10000_01102.avi,10000,1,0,-1.6882,-9.9422,-10.4409,-11.4403,-10.8157,8,b,NO,NO.
order_rev,data/videos_v3/int_10000ms/v3_10000_01102.avi,10000,1,0,-0.5147,-8.3697,-10.6186,-11.3053,-10.8681,8,b,NO,NO.
order_forced,data/videos_v3/int_10000ms/v3_10000_01102.avi,10000,1,1,0.0003,-1.7356,-1.7359,-5.9849,-8.9818,8,b,The,The red circle moved first.
interval,data/videos_v3/int_10000ms/v3_10000_01102.avi,10000,D,B,,-1.5709,-1.1856,-1.4522,-1.4478,8,b,(B,(B) 1-2 seconds
order_32f,data/videos_v3/int_10000ms/v3_10000_01102.avi,10000,1,0,-2.1108,-9.9378,-10.4365,-11.4361,-10.7491,32,b,NO,NO.
moved_real,data/videos_v3/int_10000ms/v3_10000_01102.avi,10000,1,0,-2.3105,-10.1384,-11.4493,-11.5119,-10.7627,8,b,NO,NO.
moved_twin,data/twin_v3/v3_10000_01102.avi,10000,0,0,-2.5419,-10.1408,-11.3895,-11.3895,-10.7028,8,b,NO,NO.
still_real,data/videos_v3/int_10000ms/v3_10000_01102.avi,10000,0,0,-0.2347,-9.8279,-10.7022,-11.5748,-10.7637,8,b,NO,NO.
still_twin,data/twin_v3/v3_10000_01102.avi,10000,1,1,2.1488,-9.9759,-11.1005,-11.9101,-11.2858,8,b,YES,YES.
order_twin,data/twin_v3/v3_10000_01102.avi,10000,-1,0,-2.3642,-9.9767,-10.5381,-11.4749,-10.9128,8,b,NO,NO.
moved_solo_hit,data/videos_v3/int_10000ms/v3_10000_01102_solob.avi,10000,1,0,-2.08,-10.1199,-11.3682,-11.431,-10.7442,8,b,NO,NO.
moved_solo_fa,data/videos_v3/int_10000ms/v3_10000_01102_soloa.avi,10000,0,0,-2.7034,-10.2161,-11.5897,-11.5272,-10.8405,8,b,NO,NO.
order_real,data/videos_v3/int_10000ms/v3_10000_01103.avi,10000,0,0,-1.8978,-10.0606,-10.5596,-11.684,-11.0592,8,b,NO,NO.
order_rev,data/videos_v3/int_10000ms/v3_10000_01103.avi,10000,0,0,-1.0529,-7.8985,-10.5224,-11.2096,-10.7718,8,b,NO,NO.
order_forced,data/videos_v3/int_10000ms/v3_10000_01103.avi,10000,0,1,0.0001,-1.2757,-1.2758,-7.1497,-8.8988,8,b,The,The magenta square moved first.
interval,data/videos_v3/int_10000ms/v3_10000_01103.avi,10000,D,A,,-1.366,-1.3088,-1.741,-1.6041,8,b,(A,(A) Less than 1 second
order_32f,data/videos_v3/int_10000ms/v3_10000_01103.avi,10000,0,0,-2.5113,-10.1982,-10.8221,-11.9467,-11.1969,32,b,NO,NO.
moved_real,data/videos_v3/int_10000ms/v3_10000_01103.avi,10000,1,0,-3.5145,-10.2292,-11.7902,-11.9776,-11.1658,8,b,NO,NO.
moved_twin,data/twin_v3/v3_10000_01103.avi,10000,0,0,-3.651,-10.0931,-11.7165,-11.8413,-11.1545,8,b,NO,NO.
still_real,data/videos_v3/int_10000ms/v3_10000_01103.avi,10000,0,1,2.257,-10.4132,-11.5377,-12.286,-11.7237,8,b,YES,YES.
still_twin,data/twin_v3/v3_10000_01103.avi,10000,1,1,2.257,-10.1638,-11.4128,-12.223,-11.6611,8,b,YES,YES.
order_twin,data/twin_v3/v3_10000_01103.avi,10000,-1,0,-2.1583,-9.9568,-10.5805,-11.5802,-11.0801,8,b,NO,NO.
moved_solo_hit,data/videos_v3/int_10000ms/v3_10000_01103_solob.avi,10000,1,0,-3.651,-10.0931,-11.7165,-11.8413,-11.1545,8,b,NO,NO.
moved_solo_fa,data/videos_v3/int_10000ms/v3_10000_01103_soloa.avi,10000,0,0,-3.5145,-10.2292,-11.7902,-11.9776,-11.1658,8,b,NO,NO.
order_real,data/videos_v3/int_10000ms/v3_10000_01104.avi,10000,1,0,-2.6156,-10.01,-10.6338,-11.5085,-10.9462,8,a,NO,NO.
order_rev,data/videos_v3/int_10000ms/v3_10000_01104.avi,10000,1,0,-1.9005,-8.0249,-10.836,-11.3984,-10.8358,8,a,NO,NO.
order_forced,data/videos_v3/int_10000ms/v3_10000_01104.avi,10000,1,1,0.0003,-1.4599,-1.4602,-8.2056,-8.9539,8,a,The,The yellow triangle moved first.
interval,data/videos_v3/int_10000ms/v3_10000_01104.avi,10000,D,B,,-1.5063,-1.2408,-1.5084,-1.3834,8,a,(B,(B) 1-2 seconds
order_32f,data/videos_v3/int_10000ms/v3_10000_01104.avi,10000,1,0,-3.2129,-9.9017,-10.5252,-11.6497,-10.838,32,a,NO,NO.
moved_real,data/videos_v3/int_10000ms/v3_10000_01104.avi,10000,1,0,-2.1772,-10.297,-11.5452,-11.5453,-10.7963,8,a,NO,NO.
moved_twin,data/twin_v3/v3_10000_01104.avi,10000,0,0,-2.3093,-10.3893,-11.7002,-11.6375,-10.8887,8,a,NO,NO.
still_real,data/videos_v3/int_10000ms/v3_10000_01104.avi,10000,0,1,2.2612,-10.3256,-11.3879,-12.1354,-11.5728,8,a,YES,YES.
still_twin,data/twin_v3/v3_10000_01104.avi,10000,1,1,2.3849,-10.428,-11.4897,-12.2371,-11.6749,8,a,YES,YES.
order_twin,data/twin_v3/v3_10000_01104.avi,10000,-1,0,-2.7533,-9.9825,-10.6063,-11.4808,-10.9811,8,a,NO,NO.
moved_solo_hit,data/videos_v3/int_10000ms/v3_10000_01104_soloa.avi,10000,1,0,-2.1772,-10.297,-11.5452,-11.5453,-10.7963,8,a,NO,NO.
moved_solo_fa,data/videos_v3/int_10000ms/v3_10000_01104_solob.avi,10000,0,0,-2.3093,-10.3893,-11.7002,-11.6375,-10.8887,8,a,NO,NO.
order_real,data/videos_v3/int_10000ms/v3_10000_01105.avi,10000,0,0,-0.2993,-10.1276,-10.0016,-11.5618,-10.8137,8,b,NO,NO.
order_rev,data/videos_v3/int_10000ms/v3_10000_01105.avi,10000,0,0,-0.2941,-7.6429,-10.3286,-11.4529,-10.766,8,b,NO,NO.
order_forced,data/videos_v3/int_10000ms/v3_10000_01105.avi,10000,0,1,-0.3744,-2.3136,-1.9392,-8.1855,-9.1817,8,b,The,The yellow triangle moved first.
interval,data/videos_v3/int_10000ms/v3_10000_01105.avi,10000,D,B,,-1.3884,-1.1335,-1.3907,-1.765,8,b,(B,(B) 1-2 seconds
order_32f,data/videos_v3/int_10000ms/v3_10000_01105.avi,10000,0,0,-0.2859,-10.2317,-10.0427,-11.7904,-10.7933,32,b,NO,NO.
moved_real,data/videos_v3/int_10000ms/v3_10000_01105.avi,10000,1,1,0.6681,-10.4355,-11.1852,-11.9324,-11.1215,8,b,YES,YES.
moved_twin,data/twin_v3/v3_10000_01105.avi,10000,0,0,-1.4339,-10.4423,-11.2534,-11.6903,-10.8789,8,b,NO,NO.
still_real,data/videos_v3/int_10000ms/v3_10000_01105.avi,10000,0,0,-0.9038,-10.2584,-10.6329,-11.6305,-10.8196,8,b,NO,NO.
still_twin,data/twin_v3/v3_10000_01105.avi,10000,1,1,1.7799,-10.3627,-11.2993,-11.985,-11.4853,8,b,YES,YES.
order_twin,data/twin_v3/v3_10000_01105.avi,10000,-1,0,-1.6472,-9.9905,-10.1766,-11.4879,-10.8635,8,b,NO,NO.
moved_solo_hit,data/videos_v3/int_10000ms/v3_10000_01105_solob.avi,10000,1,1,0.793,-10.3947,-11.2687,-11.8914,-11.2056,8,b,YES,YES.
moved_solo_fa,data/videos_v3/int_10000ms/v3_10000_01105_soloa.avi,10000,0,0,-0.7818,-10.2306,-11.1039,-11.7273,-10.8544,8,b,NO,NO.
order_real,data/videos_v3/int_10000ms/v3_10000_01106.avi,10000,0,0,-1.5032,-10.0592,-10.4951,-11.3694,-11.0572,8,a,NO,NO.
order_rev,data/videos_v3/int_10000ms/v3_10000_01106.avi,10000,0,0,-0.9073,-8.2613,-10.6348,-11.1344,-10.7593,8,a,NO,NO.
order_forced,data/videos_v3/int_10000ms/v3_10000_01106.avi,10000,0,1,0.3752,-1.241,-1.6162,-6.6141,-8.9853,8,a,The,The yellow triangle moved first.
interval,data/videos_v3/int_10000ms/v3_10000_01106.avi,10000,D,A,,-1.2874,-1.2552,-1.6585,-1.5335,8,a,(A,(A) Less than 1 second
order_32f,data/videos_v3/int_10000ms/v3_10000_01106.avi,10000,0,0,-1.4551,-9.9636,-10.3372,-11.399,-10.7743,32,a,NO,NO.
moved_real,data/videos_v3/int_10000ms/v3_10000_01106.avi,10000,1,0,-1.4322,-10.4607,-11.4591,-11.521,-10.9596,8,a,NO,NO.
moved_twin,data/twin_v3/v3_10000_01106.avi,10000,0,0,-2.4166,-10.3631,-11.6736,-11.6111,-10.8625,8,a,NO,NO.
still_real,data/videos_v3/int_10000ms/v3_10000_01106.avi,10000,0,1,0.8041,-10.1433,-11.0801,-11.7654,-11.2035,8,a,YES,YES.
still_twin,data/twin_v3/v3_10000_01106.avi,10000,1,1,2.0112,-10.4778,-11.5397,-12.1003,-11.6627,8,a,YES,YES.
order_twin,data/twin_v3/v3_10000_01106.avi,10000,-1,0,-2.1478,-10.1762,-10.6747,-11.4868,-11.1744,8,a,NO,NO.
moved_solo_hit,data/videos_v3/int_10000ms/v3_10000_01106_soloa.avi,10000,1,0,-0.6696,-10.273,-11.3337,-11.458,-10.8964,8,a,NO,NO.
moved_solo_fa,data/videos_v3/int_10000ms/v3_10000_01106_solob.avi,10000,0,0,-2.4009,-10.4729,-11.7832,-11.6582,-10.9098,8,a,NO,NO.
order_real,data/videos_v3/int_10000ms/v3_10000_01107.avi,10000,1,0,-1.9853,-10.2779,-10.5889,-11.8383,-11.2136,8,a,NO,NO.
order_rev,data/videos_v3/int_10000ms/v3_10000_01107.avi,10000,1,0,-1.5257,-8.2076,-10.706,-11.4557,-11.0182,8,a,NO,NO.
order_forced,data/videos_v3/int_10000ms/v3_10000_01107.avi,10000,1,1,-0.2498,-1.3632,-1.1134,-7.3621,-8.6112,8,a,The,The red circle moved first.
interval,data/videos_v3/int_10000ms/v3_10000_01107.avi,10000,D,A,,-1.345,-1.3386,-1.5994,-1.3481,8,a,(A,(A) Less than 1 second
order_32f,data/videos_v3/int_10000ms/v3_10000_01107.avi,10000,1,0,-2.3515,-10.2363,-10.6096,-11.859,-11.0473,32,a,NO,NO.
moved_real,data/videos_v3/int_10000ms/v3_10000_01107.avi,10000,1,0,-2.3598,-10.4613,-11.8346,-11.8971,-11.2725,8,a,NO,NO.
moved_twin,data/twin_v3/v3_10000_01107.avi,10000,0,0,-3.0679,-10.5277,-11.9014,-11.9638,-11.2145,8,a,NO,NO.
still_real,data/videos_v3/int_10000ms/v3_10000_01107.avi,10000,0,1,2.0191,-10.0911,-11.4019,-12.2123,-11.6505,8,a,YES,YES.
still_twin,data/twin_v3/v3_10000_01107.avi,10000,1,1,2.1463,-10.088,-11.2746,-12.0849,-11.5227,8,a,YES,YES.
order_twin,data/twin_v3/v3_10000_01107.avi,10000,-1,0,-2.2525,-10.2047,-10.5157,-11.7651,-11.1404,8,a,NO,NO.
moved_solo_hit,data/videos_v3/int_10000ms/v3_10000_01107_soloa.avi,10000,1,0,-2.3598,-10.4613,-11.8346,-11.8971,-11.2725,8,a,NO,NO.
moved_solo_fa,data/videos_v3/int_10000ms/v3_10000_01107_solob.avi,10000,0,0,-3.0679,-10.5277,-11.9014,-11.9638,-11.2145,8,a,NO,NO.
order_real,data/videos_v3/int_10000ms/v3_10000_01108.avi,10000,1,0,-1.0444,-9.9718,-10.408,-11.5944,-10.9702,8,a,NO,NO.
order_rev,data/videos_v3/int_10000ms/v3_10000_01108.avi,10000,1,0,-0.5446,-7.9406,-10.6269,-11.4387,-11.0013,8,a,NO,NO.
order_forced,data/videos_v3/int_10000ms/v3_10000_01108.avi,10000,1,1,0.1251,-1.1705,-1.2956,-6.045,-9.4178,8,a,The,The green circle moved first.
interval,data/videos_v3/int_10000ms/v3_10000_01108.avi,10000,D,A,,-1.3127,-1.2915,-1.6951,-1.4416,8,a,(A,(A) Less than 1 second
order_32f,data/videos_v3/int_10000ms/v3_10000_01108.avi,10000,1,0,-1.0228,-10.0399,-10.6011,-11.7879,-11.0385,32,a,NO,NO.
moved_real,data/videos_v3/int_10000ms/v3_10000_01108.avi,10000,1,0,-1.1476,-9.9882,-11.2367,-11.5488,-10.9867,8,a,NO,NO.
moved_twin,data/twin_v3/v3_10000_01108.avi,10000,0,0,-3.345,-10.0464,-11.6695,-11.5449,-10.9827,8,a,NO,NO.
still_real,data/videos_v3/int_10000ms/v3_10000_01108.avi,10000,0,0,-0.0333,-10.0227,-10.8968,-11.7075,-11.0835,8,a,NO,NO.
still_twin,data/twin_v3/v3_10000_01108.avi,10000,1,1,2.1339,-10.193,-11.442,-12.1273,-11.6276,8,a,YES,YES.
order_twin,data/twin_v3/v3_10000_01108.avi,10000,-1,0,-2.6366,-9.9412,-10.5024,-11.5641,-11.0019,8,a,NO,NO.
moved_solo_hit,data/videos_v3/int_10000ms/v3_10000_01108_soloa.avi,10000,1,0,-1.3737,-9.9603,-11.3959,-11.4587,-11.0214,8,a,NO,NO.
moved_solo_fa,data/videos_v3/int_10000ms/v3_10000_01108_solob.avi,10000,0,0,-3.3475,-10.2668,-11.8276,-11.8276,-11.1409,8,a,NO,NO.
order_real,data/videos_v3/int_10000ms/v3_10000_01109.avi,10000,0,0,-0.7646,-10.2828,-10.5312,-11.8429,-11.2186,8,a,NO,NO.
order_rev,data/videos_v3/int_10000ms/v3_10000_01109.avi,10000,0,0,-1.4851,-8.1049,-10.7285,-11.4783,-10.8536,8,a,NO,NO.
order_forced,data/videos_v3/int_10000ms/v3_10000_01109.avi,10000,0,0,-0.2499,-1.0313,-0.7814,-6.4061,-9.7803,8,a,B,B
interval,data/videos_v3/int_10000ms/v3_10000_01109.avi,10000,D,A,,-1.1393,-1.5116,-1.7674,-1.2674,8,a,(A,(A) Less than 1 second
order_32f,data/videos_v3/int_10000ms/v3_10000_01109.avi,10000,0,0,-1.2527,-10.4813,-10.6673,-12.0412,-11.2299,32,a,NO,NO.
moved_real,data/videos_v3/int_10000ms/v3_10000_01109.avi,10000,1,0,-1.0524,-10.3934,-11.4541,-12.016,-11.1424,8,a,NO,NO.
moved_twin,data/twin_v3/v3_10000_01109.avi,10000,0,0,-1.7946,-10.57,-11.63,-12.0679,-11.3188,8,a,NO,NO.
still_real,data/videos_v3/int_10000ms/v3_10000_01109.avi,10000,0,1,1.7768,-10.3477,-11.7213,-12.3452,-11.7207,8,a,YES,YES.
still_twin,data/twin_v3/v3_10000_01109.avi,10000,1,1,2.0425,-10.5153,-11.7019,-12.3251,-11.8879,8,a,YES,YES.
order_twin,data/twin_v3/v3_10000_01109.avi,10000,-1,0,-0.9338,-10.3737,-10.5598,-11.8713,-11.3097,8,a,NO,NO.
moved_solo_hit,data/videos_v3/int_10000ms/v3_10000_01109_soloa.avi,10000,1,0,-0.695,-10.4357,-11.2463,-11.9332,-11.1846,8,a,NO,NO.
moved_solo_fa,data/videos_v3/int_10000ms/v3_10000_01109_solob.avi,10000,0,0,-2.0573,-10.3632,-11.6112,-11.9865,-11.1123,8,a,NO,NO.
order_real,data/videos_v3/int_10000ms/v3_10000_01110.avi,10000,1,0,-0.2913,-10.209,-10.5202,-11.5189,-11.207,8,a,NO,NO.
order_rev,data/videos_v3/int_10000ms/v3_10000_01110.avi,10000,1,0,-0.2019,-8.2188,-10.8424,-11.4043,-11.0294,8,a,NO,NO.
order_forced,data/videos_v3/int_10000ms/v3_10000_01110.avi,10000,1,1,0.2501,-1.0928,-1.3429,-6.7165,-9.2141,8,a,The,The yellow triangle moved first.
interval,data/videos_v3/int_10000ms/v3_10000_01110.avi,10000,D,A,,-1.2395,-1.2156,-1.7395,-1.6145,8,a,(A,(A) Less than 1 second
order_32f,data/videos_v3/int_10000ms/v3_10000_01110.avi,10000,1,0,-0.4988,-10.1104,-10.4842,-11.6704,-11.0461,32,a,NO,NO.
moved_real,data/videos_v3/int_10000ms/v3_10000_01110.avi,10000,1,0,-0.7996,-10.3191,-11.3803,-11.5673,-11.068,8,a,NO,NO.
moved_twin,data/twin_v3/v3_10000_01110.avi,10000,0,0,-2.7916,-10.5851,-11.896,-11.6462,-11.2093,8,a,NO,NO.
still_real,data/videos_v3/int_10000ms/v3_10000_01110.avi,10000,0,1,1.0483,-10.3688,-11.3681,-11.9914,-11.4294,8,a,YES,YES.
still_twin,data/twin_v3/v3_10000_01110.avi,10000,1,1,1.8963,-10.492,-11.5537,-12.1769,-11.7397,8,a,YES,YES.
order_twin,data/twin_v3/v3_10000_01110.avi,10000,-1,0,-1.5497,-10.0797,-10.5784,-11.4528,-11.2024,8,a,NO,NO.
moved_solo_hit,data/videos_v3/int_10000ms/v3_10000_01110_soloa.avi,10000,1,0,-0.7996,-10.3191,-11.3803,-11.5673,-11.068,8,a,NO,NO.
moved_solo_fa,data/videos_v3/int_10000ms/v3_10000_01110_solob.avi,10000,0,0,-2.7916,-10.5851,-11.896,-11.6462,-11.2093,8,a,NO,NO.
order_real,data/videos_v3/int_10000ms/v3_10000_01111.avi,10000,1,0,-1.7856,-9.7809,-10.3418,-11.2167,-10.7791,8,b,NO,NO.
order_rev,data/videos_v3/int_10000ms/v3_10000_01111.avi,10000,1,0,-0.8153,-8.0197,-10.6431,-11.2057,-10.7055,8,b,NO,NO.
order_forced,data/videos_v3/int_10000ms/v3_10000_01111.avi,10000,1,1,0.1252,-1.2983,-1.4235,-7.421,-8.7937,8,b,The,The magenta triangle moved first.
interval,data/videos_v3/int_10000ms/v3_10000_01111.avi,10000,D,B,,-1.4048,-1.2512,-1.5328,-1.5263,8,b,(B,(B) 1-2 seconds
order_32f,data/videos_v3/int_10000ms/v3_10000_01111.avi,10000,1,0,-2.2648,-9.7551,-10.3786,-11.5033,-10.7536,32,b,NO,NO.
moved_real,data/videos_v3/int_10000ms/v3_10000_01111.avi,10000,1,0,-3.1585,-10.3868,-11.8843,-11.8224,-11.011,8,b,NO,NO.
moved_twin,data/twin_v3/v3_10000_01111.avi,10000,0,0,-3.1699,-10.2742,-11.7721,-11.7099,-10.961,8,b,NO,NO.
still_real,data/videos_v3/int_10000ms/v3_10000_01111.avi,10000,0,1,2.2579,-10.4203,-11.6696,-12.2303,-11.7298,8,b,YES,YES.
still_twin,data/twin_v3/v3_10000_01111.avi,10000,1,1,2.6248,-10.3907,-11.7025,-12.3249,-11.8252,8,b,YES,YES.
order_twin,data/twin_v3/v3_10000_01111.avi,10000,-1,0,-1.7757,-9.7979,-10.3589,-11.2963,-10.9209,8,b,NO,NO.
moved_solo_hit,data/videos_v3/int_10000ms/v3_10000_01111_solob.avi,10000,1,0,-2.9199,-10.1611,-11.7212,-11.5968,-10.8476,8,b,NO,NO.
moved_solo_fa,data/videos_v3/int_10000ms/v3_10000_01111_soloa.avi,10000,0,0,-3.4085,-10.3779,-11.8761,-11.8139,-11.0647,8,b,NO,NO.
order_real,data/videos_v3/int_10000ms/v3_10000_01112.avi,10000,1,0,-2.2611,-9.846,-10.4695,-11.0323,-10.8447,8,b,NO,NO.
order_rev,data/videos_v3/int_10000ms/v3_10000_01112.avi,10000,1,0,-1.182,-7.6433,-10.454,-10.9541,-10.641,8,b,NO,NO.
order_forced,data/videos_v3/int_10000ms/v3_10000_01112.avi,10000,1,1,0.2505,-1.4695,-1.72,-4.5937,-8.7121,8,b,The,The cyan square moved first.
interval,data/videos_v3/int_10000ms/v3_10000_01112.avi,10000,D,B,,-1.3328,-1.1715,-1.5867,-1.7078,8,b,(B,(B) 1-2 seconds
order_32f,data/videos_v3/int_10000ms/v3_10000_01112.avi,10000,1,0,-2.2753,-9.861,-10.4217,-10.9845,-10.7971,32,b,NO,NO.
moved_real,data/videos_v3/int_10000ms/v3_10000_01112.avi,10000,1,0,-3.2758,-10.172,-11.7324,-10.6711,-10.7961,8,b,NO,NO.
moved_twin,data/twin_v3/v3_10000_01112.avi,10000,0,0,-3.22,-10.2995,-11.7352,-10.5491,-10.7989,8,b,NO,NO.
still_real,data/videos_v3/int_10000ms/v3_10000_01112.avi,10000,0,1,0.777,-10.0109,-11.0099,-11.7581,-11.0712,8,b,YES,YES.
still_twin,data/twin_v3/v3_10000_01112.avi,10000,1,1,1.8862,-10.306,-11.368,-12.0531,-11.4908,8,b,YES,YES.
order_twin,data/twin_v3/v3_10000_01112.avi,10000,-1,0,-2.1664,-9.7638,-10.3873,-10.7627,-10.8247,8,b,NO,NO.
moved_solo_hit,data/videos_v3/int_10000ms/v3_10000_01112_solob.avi,10000,1,0,-2.8899,-10.0813,-11.5168,-10.4558,-10.5805,8,b,NO,NO.
moved_solo_fa,data/videos_v3/int_10000ms/v3_10000_01112_soloa.avi,10000,0,0,-3.6103,-10.2719,-11.895,-10.7709,-11.0211,8,b,NO,NO.
order_real,data/videos_v3/int_10000ms/v3_10000_01113.avi,10000,1,0,-1.3603,-10.0045,-10.3782,-11.5028,-11.0654,8,a,NO,NO.
order_rev,data/videos_v3/int_10000ms/v3_10000_01113.avi,10000,1,0,-0.814,-8.1008,-10.5995,-11.4739,-11.0364,8,a,NO,NO.
order_forced,data/videos_v3/int_10000ms/v3_10000_01113.avi,10000,1,1,-0.2498,-1.4068,-1.157,-7.0306,-9.0296,8,a,The,The blue square moved first.
interval,data/videos_v3/int_10000ms/v3_10000_01113.avi,10000,D,A,,-1.238,-1.3267,-1.6169,-1.6086,8,a,(A,(A) Less than 1 second
order_32f,data/videos_v3/int_10000ms/v3_10000_01113.avi,10000,1,0,-1.5147,-10.2247,-10.5986,-11.8483,-11.161,32,a,NO,NO.
moved_real,data/videos_v3/int_10000ms/v3_10000_01113.avi,10000,1,0,-2.2615,-10.1957,-11.3814,-11.6942,-11.0696,8,a,NO,NO.
moved_twin,data/twin_v3/v3_10000_01113.avi,10000,0,0,-2.6241,-10.1781,-11.4262,-11.7389,-10.9896,8,a,NO,NO.
still_real,data/videos_v3/int_10000ms/v3_10000_01113.avi,10000,0,1,1.7651,-10.231,-11.4175,-12.2286,-11.7909,8,a,YES,YES.
still_twin,data/twin_v3/v3_10000_01113.avi,10000,1,1,2.2499,-10.1727,-11.4219,-12.1703,-11.6702,8,a,YES,YES.
order_twin,data/twin_v3/v3_10000_01113.avi,10000,-1,0,-1.7915,-9.8723,-10.3085,-11.4332,-10.9956,8,a,NO,NO.
moved_solo_hit,data/videos_v3/int_10000ms/v3_10000_01113_soloa.avi,10000,1,0,-2.1236,-10.0977,-11.221,-11.5338,-10.9716,8,a,NO,NO.
moved_solo_fa,data/videos_v3/int_10000ms/v3_10000_01113_solob.avi,10000,0,0,-2.6481,-10.0516,-11.4246,-11.7373,-10.9881,8,a,NO,NO.
order_real,data/videos_v3/int_10000ms/v3_10000_01114.avi,10000,0,0,-0.9006,-10.1634,-10.4119,-11.8481,-11.224,8,a,NO,NO.
order_rev,data/videos_v3/int_10000ms/v3_10000_01114.avi,10000,0,0,-1.0147,-8.3344,-10.7707,-11.7073,-11.0827,8,a,NO,NO.
order_forced,data/videos_v3/int_10000ms/v3_10000_01114.avi,10000,0,1,0.0,-0.8599,-0.8599,-5.9848,-9.2343,8,a,A,A
interval,data/videos_v3/int_10000ms/v3_10000_01114.avi,10000,D,A,,-1.0415,-1.5335,-1.918,-1.2954,8,a,(A,(A) Less than 1 second.
order_32f,data/videos_v3/int_10000ms/v3_10000_01114.avi,10000,0,0,-1.7404,-10.4729,-10.534,-12.0955,-11.2216,32,a,NO,NO.
moved_real,data/videos_v3/int_10000ms/v3_10000_01114.avi,10000,1,0,-2.1398,-10.3211,-11.5066,-11.8821,-11.0703,8,a,NO,NO.
moved_twin,data/twin_v3/v3_10000_01114.avi,10000,0,0,-2.2824,-10.2625,-11.5107,-11.8862,-11.0118,8,a,NO,NO.
still_real,data/videos_v3/int_10000ms/v3_10000_01114.avi,10000,0,1,2.389,-10.3405,-11.652,-12.2754,-11.7139,8,a,YES,YES.
still_twin,data/twin_v3/v3_10000_01114.avi,10000,1,1,2.5126,-10.192,-11.6286,-12.3144,-11.69,8,a,YES,YES.
order_twin,data/twin_v3/v3_10000_01114.avi,10000,-1,0,-1.427,-10.2153,-10.5887,-11.9006,-11.2137,8,a,NO,NO.
moved_solo_hit,data/videos_v3/int_10000ms/v3_10000_01114_soloa.avi,10000,1,0,-2.2824,-10.2625,-11.5107,-11.8862,-11.0118,8,a,NO,NO.
moved_solo_fa,data/videos_v3/int_10000ms/v3_10000_01114_solob.avi,10000,0,0,-2.1398,-10.3211,-11.5066,-11.8821,-11.0703,8,a,NO,NO.
order_real,data/videos_v3/int_10000ms/v3_10000_01115.avi,10000,1,0,-1.3756,-9.8998,-10.1476,-11.4599,-10.7727,8,b,NO,NO.
order_rev,data/videos_v3/int_10000ms/v3_10000_01115.avi,10000,1,0,-1.2939,-7.5795,-10.5152,-11.4521,-10.7647,8,b,NO,NO.
order_forced,data/videos_v3/int_10000ms/v3_10000_01115.avi,10000,1,1,-0.1246,-2.1101,-1.9855,-8.4822,-9.6046,8,b,The,The blue square moved first.
interval,data/videos_v3/int_10000ms/v3_10000_01115.avi,10000,D,B,,-1.5807,-1.0757,-1.46,-1.5841,8,b,(B,(B) 1-2 seconds
order_32f,data/videos_v3/int_10000ms/v3_10000_01115.avi,10000,1,0,-1.1814,-10.1205,-10.2431,-11.7426,-10.8064,32,b,NO,NO.
moved_real,data/videos_v3/int_10000ms/v3_10000_01115.avi,10000,1,0,-2.9007,-10.4351,-11.5575,-11.7456,-10.8716,8,b,NO,NO.
moved_twin,data/twin_v3/v3_10000_01115.avi,10000,0,0,-3.7758,-10.6534,-11.9008,-12.0268,-11.09,8,b,NO,NO.
still_real,data/videos_v3/int_10000ms/v3_10000_01115.avi,10000,0,1,2.7496,-10.2523,-11.1888,-12.1238,-11.3747,8,b,YES,YES.
still_twin,data/twin_v3/v3_10000_01115.avi,10000,1,1,2.9382,-10.3039,-11.3028,-12.1132,-11.4256,8,b,YES,YES.
order_twin,data/twin_v3/v3_10000_01115.avi,10000,-1,0,-1.9254,-9.9617,-10.3345,-11.5848,-10.8349,8,b,NO,NO.
moved_solo_hit,data/videos_v3/int_10000ms/v3_10000_01115_solob.avi,10000,1,0,-2.9007,-10.4351,-11.5575,-11.7456,-10.8716,8,b,NO,NO.
moved_solo_fa,data/videos_v3/int_10000ms/v3_10000_01115_soloa.avi,10000,0,0,-3.7758,-10.6534,-11.9008,-12.0268,-11.09,8,b,NO,NO.
order_real,data/videos_v3/int_10000ms/v3_10000_01116.avi,10000,0,0,-2.0034,-9.7987,-10.422,-11.4216,-10.9217,8,a,NO,NO.
order_rev,data/videos_v3/int_10000ms/v3_10000_01116.avi,10000,0,0,-0.9407,-7.9833,-10.6065,-11.2939,-10.7937,8,a,NO,NO.
order_forced,data/videos_v3/int_10000ms/v3_10000_01116.avi,10000,0,1,0.2502,-1.2802,-1.5304,-6.9024,-8.2743,8,a,The,The magenta triangle moved first.
interval,data/videos_v3/int_10000ms/v3_10000_01116.avi,10000,D,B,,-1.5527,-1.1629,-1.4349,-1.5554,8,a,(B,(B) 1-2 seconds
order_32f,data/videos_v3/int_10000ms/v3_10000_01116.avi,10000,0,0,-2.1376,-9.7648,-10.263,-11.5123,-10.8252,32,a,NO,NO.
moved_real,data/videos_v3/int_10000ms/v3_10000_01116.avi,10000,1,0,-2.7651,-10.2127,-11.6482,-11.6482,-10.8367,8,a,NO,NO.
moved_twin,data/twin_v3/v3_10000_01116.avi,10000,0,0,-2.9167,-10.2041,-11.6394,-11.5774,-10.8284,8,a,NO,NO.
still_real,data/videos_v3/int_10000ms/v3_10000_01116.avi,10000,0,1,2.0112,-10.4149,-11.4767,-12.1616,-11.6619,8,a,YES,YES.
still_twin,data/twin_v3/v3_10000_01116.avi,10000,1,1,1.885,-10.357,-11.3564,-12.0412,-11.5415,8,a,YES,YES.
order_twin,data/twin_v3/v3_10000_01116.avi,10000,-1,0,-2.5035,-9.876,-10.4993,-11.4368,-10.9992,8,a,NO,NO.
moved_solo_hit,data/videos_v3/int_10000ms/v3_10000_01116_soloa.avi,10000,1,0,-2.9167,-10.2041,-11.6394,-11.5774,-10.8284,8,a,NO,NO.
moved_solo_fa,data/videos_v3/int_10000ms/v3_10000_01116_solob.avi,10000,0,0,-2.7651,-10.2127,-11.6482,-11.6482,-10.8367,8,a,NO,NO.
order_real,data/videos_v3/int_10000ms/v3_10000_01117.avi,10000,0,0,-2.2915,-9.752,-10.313,-11.0006,-10.8125,8,a,NO,NO.
order_rev,data/videos_v3/int_10000ms/v3_10000_01117.avi,10000,0,0,-1.4466,-7.8506,-10.5991,-11.0367,-10.7237,8,a,NO,NO.
order_forced,data/videos_v3/int_10000ms/v3_10000_01117.avi,10000,0,1,0.2503,-1.4046,-1.6549,-4.654,-8.2754,8,a,The,The magenta circle moved first.
interval,data/videos_v3/int_10000ms/v3_10000_01117.avi,10000,D,A,,-1.3033,-1.2752,-1.5533,-1.5506,8,a,(A,(A) Less than 1 second
order_32f,data/videos_v3/int_10000ms/v3_10000_01117.avi,10000,0,0,-3.7652,-9.8059,-10.5542,-11.429,-10.8669,32,a,NO,NO.
moved_real,data/videos_v3/int_10000ms/v3_10000_01117.avi,10000,1,0,-2.2998,-9.9815,-11.3543,-11.4171,-10.6679,8,a,NO,NO.
moved_twin,data/twin_v3/v3_10000_01117.avi,10000,0,0,-2.6509,-10.0786,-11.5144,-11.5146,-10.9526,8,a,NO,NO.
still_real,data/videos_v3/int_10000ms/v3_10000_01117.avi,10000,0,1,2.2499,-10.1905,-11.3149,-12.0622,-11.5,8,a,YES,YES.
still_twin,data/twin_v3/v3_10000_01117.avi,10000,1,1,1.8939,-10.2935,-11.3555,-12.1031,-11.5409,8,a,YES,YES.
order_twin,data/twin_v3/v3_10000_01117.avi,10000,-1,0,-2.1748,-9.7478,-10.3711,-10.9964,-10.8709,8,a,NO,NO.
moved_solo_hit,data/videos_v3/int_10000ms/v3_10000_01117_soloa.avi,10000,1,0,-1.0602,-10.0096,-11.1954,-11.4451,-10.883,8,a,NO,NO.
moved_solo_fa,data/videos_v3/int_10000ms/v3_10000_01117_solob.avi,10000,0,0,-2.6666,-10.0934,-11.4665,-11.5292,-10.78,8,a,NO,NO.
order_real,data/videos_v3/int_10000ms/v3_10000_01118.avi,10000,0,0,-1.6474,-9.9891,-10.3627,-11.5493,-10.9871,8,b,NO,NO.
order_rev,data/videos_v3/int_10000ms/v3_10000_01118.avi,10000,0,0,-0.8089,-7.9142,-10.5377,-11.4119,-10.7869,8,b,NO,NO.
order_forced,data/videos_v3/int_10000ms/v3_10000_01118.avi,10000,0,1,0.1254,-1.8014,-1.9268,-6.0498,-8.7953,8,b,The,The yellow square moved first.
interval,data/videos_v3/int_10000ms/v3_10000_01118.avi,10000,D,B,,-1.4722,-1.2119,-1.4785,-1.4757,8,b,(B,(B) 1-2 seconds
order_32f,data/videos_v3/int_10000ms/v3_10000_01118.avi,10000,0,0,-1.3511,-10.0207,-10.3319,-11.6432,-10.8321,32,b,NO,NO.
moved_real,data/videos_v3/int_10000ms/v3_10000_01118.avi,10000,1,0,-2.5257,-10.4595,-11.6456,-11.8324,-10.8338,8,b,NO,NO.
moved_twin,data/twin_v3/v3_10000_01118.avi,10000,0,0,-2.9166,-10.3262,-11.5121,-11.7613,-10.7004,8,b,NO,NO.
still_real,data/videos_v3/int_10000ms/v3_10000_01118.avi,10000,0,1,1.5427,-10.1525,-11.0895,-11.8996,-11.213,8,b,YES,YES.
still_twin,data/twin_v3/v3_10000_01118.avi,10000,1,1,1.8945,-10.1982,-11.1977,-11.9452,-11.258,8,b,YES,YES.
order_twin,data/twin_v3/v3_10000_01118.avi,10000,-1,0,-3.2136,-9.9895,-10.6126,-11.6747,-11.0503,8,b,NO,NO.
moved_solo_hit,data/videos_v3/int_10000ms/v3_10000_01118_solob.avi,10000,1,0,-2.9166,-10.3262,-11.5121,-11.7613,-10.7004,8,b,NO,NO.
moved_solo_fa,data/videos_v3/int_10000ms/v3_10000_01118_soloa.avi,10000,0,0,-2.5257,-10.4595,-11.6456,-11.8324,-10.8338,8,b,NO,NO.
order_real,data/videos_v3/int_10000ms/v3_10000_01119.avi,10000,0,0,-1.911,-9.9372,-10.373,-11.3723,-10.8727,8,b,NO,NO.
order_rev,data/videos_v3/int_10000ms/v3_10000_01119.avi,10000,0,0,-1.0656,-8.0753,-10.6361,-11.1981,-10.7605,8,b,NO,NO.
order_forced,data/videos_v3/int_10000ms/v3_10000_01119.avi,10000,0,1,0.1255,-1.3682,-1.4937,-6.3651,-8.2342,8,b,The,The magenta triangle moved first.
interval,data/videos_v3/int_10000ms/v3_10000_01119.avi,10000,D,B,,-1.5629,-1.1656,-1.4461,-1.566,8,b,(B,(B) 1-2 seconds
order_32f,data/videos_v3/int_10000ms/v3_10000_01119.avi,10000,0,0,-2.4765,-9.9377,-10.3738,-11.4984,-10.8115,32,b,NO,NO.
moved_real,data/videos_v3/int_10000ms/v3_10000_01119.avi,10000,1,0,-2.4007,-10.3455,-11.6558,-11.6559,-10.9695,8,b,NO,NO.
moved_twin,data/twin_v3/v3_10000_01119.avi,10000,0,0,-2.5257,-10.212,-11.5848,-11.5226,-10.961,8,b,NO,NO.
still_real,data/videos_v3/int_10000ms/v3_10000_01119.avi,10000,0,1,1.8862,-10.3671,-11.3671,-12.1135,-11.5514,8,b,YES,YES.
still_twin,data/twin_v3/v3_10000_01119.avi,10000,1,1,1.769,-10.435,-11.4347,-12.182,-11.6823,8,b,YES,YES.
order_twin,data/twin_v3/v3_10000_01119.avi,10000,-1,0,-1.7825,-9.9519,-10.3878,-11.3246,-11.0122,8,b,NO,NO.
moved_solo_hit,data/videos_v3/int_10000ms/v3_10000_01119_solob.avi,10000,1,0,-2.5257,-10.212,-11.5848,-11.5226,-10.961,8,b,NO,NO.
moved_solo_fa,data/videos_v3/int_10000ms/v3_10000_01119_soloa.avi,10000,0,0,-2.4007,-10.3455,-11.6558,-11.6559,-10.9695,8,b,NO,NO.
order_real,data/videos_v3/int_10000ms/v3_10000_01120.avi,10000,0,0,-2.5947,-10.1433,-10.7046,-11.7666,-11.1418,8,b,NO,NO.
order_rev,data/videos_v3/int_10000ms/v3_10000_01120.avi,10000,0,0,-1.6745,-8.1823,-10.8683,-11.4305,-10.9306,8,b,NO,NO.
order_forced,data/videos_v3/int_10000ms/v3_10000_01120.avi,10000,0,1,-0.1249,-1.4267,-1.3018,-6.8007,-8.6744,8,b,The,The red circle moved first.
interval,data/videos_v3/int_10000ms/v3_10000_01120.avi,10000,D,D,,-1.3789,-1.3673,-1.6329,-1.2579,8,b,(D,(D) More than 5 seconds.
order_real,data/videos_v3/int_10000ms/v3_10000_01121.avi,10000,1,0,-2.1665,-10.4809,-10.8548,-11.7917,-11.2926,8,a,NO,NO.
order_rev,data/videos_v3/int_10000ms/v3_10000_01121.avi,10000,1,0,-1.0411,-7.8292,-10.5779,-11.3276,-10.8901,8,a,NO,NO.
order_forced,data/videos_v3/int_10000ms/v3_10000_01121.avi,10000,1,0,-0.375,-1.2892,-0.9142,-3.5391,-9.413,8,a,B,B
interval,data/videos_v3/int_10000ms/v3_10000_01121.avi,10000,D,A,,-1.1589,-1.4045,-1.662,-1.412,8,a,(A,(A) Less than 1 second
order_real,data/videos_v3/int_10000ms/v3_10000_01122.avi,10000,1,0,-2.499,-9.8394,-10.4007,-11.4628,-10.9005,8,b,NO,NO.
order_rev,data/videos_v3/int_10000ms/v3_10000_01122.avi,10000,1,0,-1.0251,-7.9436,-10.3797,-11.1917,-10.6917,8,b,NO,NO.
order_forced,data/videos_v3/int_10000ms/v3_10000_01122.avi,10000,1,0,0.0001,-1.3155,-1.3156,-6.5647,-9.0629,8,b,The,The magenta square moved first.
interval,data/videos_v3/int_10000ms/v3_10000_01122.avi,10000,D,A,,-1.3851,-1.3628,-1.5159,-1.3851,8,b,(A,(A) Less than 1 second
order_real,data/videos_v3/int_10000ms/v3_10000_01123.avi,10000,1,0,-2.971,-10.0298,-10.591,-11.6532,-11.0284,8,a,NO,NO.
order_rev,data/videos_v3/int_10000ms/v3_10000_01123.avi,10000,1,0,-1.6603,-7.9205,-10.6691,-11.4186,-10.7937,8,a,NO,NO.
order_forced,data/videos_v3/int_10000ms/v3_10000_01123.avi,10000,1,1,-0.1247,-1.5423,-1.4176,-6.291,-8.4131,8,a,The,The magenta circle moved first.
interval,data/videos_v3/int_10000ms/v3_10000_01123.avi,10000,D,B,,-1.3711,-1.239,-1.4996,-1.4974,8,a,(B,(B) 1-2 seconds
order_real,data/videos_v3/int_10000ms/v3_10000_01124.avi,10000,1,0,-2.9989,-10.5287,-11.0278,-11.9023,-11.4654,8,b,NO,NO.
order_rev,data/videos_v3/int_10000ms/v3_10000_01124.avi,10000,1,0,-1.5227,-7.7841,-10.5955,-11.4701,-11.1574,8,b,NO,NO.
order_forced,data/videos_v3/int_10000ms/v3_10000_01124.avi,10000,1,0,-0.1249,-1.1774,-1.0525,-4.3022,-9.5508,8,b,B,B
interval,data/videos_v3/int_10000ms/v3_10000_01124.avi,10000,D,A,,-1.2647,-1.3437,-1.6397,-1.6341,8,b,(A,(A) Less than 1 second
order_real,data/videos_v3/int_10000ms/v3_10000_01125.avi,10000,0,0,-2.4166,-9.862,-10.4852,-10.9851,-10.9849,8,b,NO,NO.
order_rev,data/videos_v3/int_10000ms/v3_10000_01125.avi,10000,0,0,-1.2856,-7.4927,-10.6159,-11.0532,-10.8652,8,b,NO,NO.
order_forced,data/videos_v3/int_10000ms/v3_10000_01125.avi,10000,0,0,0.3753,-1.2663,-1.6416,-3.766,-8.2615,8,b,The,The yellow triangle moved first.
interval,data/videos_v3/int_10000ms/v3_10000_01125.avi,10000,D,A,,-1.2863,-1.2612,-1.6648,-1.5363,8,b,(A,(A) Less than 1 second
order_real,data/videos_v3/int_10000ms/v3_10000_01126.avi,10000,0,0,-0.7996,-10.0702,-10.5063,-11.6309,-11.256,8,b,NO,NO.
order_rev,data/videos_v3/int_10000ms/v3_10000_01126.avi,10000,0,0,-0.4322,-8.1224,-10.6834,-11.433,-11.1206,8,b,NO,NO.
order_forced,data/videos_v3/int_10000ms/v3_10000_01126.avi,10000,0,1,0.0,-1.1318,-1.1318,-6.2565,-9.6306,8,b,A,A
interval,data/videos_v3/int_10000ms/v3_10000_01126.avi,10000,D,A,,-1.1148,-1.4575,-1.7432,-1.4898,8,b,(A,(A) Less than 1 second
order_real,data/videos_v3/int_10000ms/v3_10000_01127.avi,10000,1,0,-2.3784,-10.0087,-10.5072,-11.3824,-11.1321,8,b,NO,NO.
order_rev,data/videos_v3/int_10000ms/v3_10000_01127.avi,10000,1,0,-1.2914,-8.0226,-10.6462,-11.2085,-10.7707,8,b,NO,NO.
order_forced,data/videos_v3/int_10000ms/v3_10000_01127.avi,10000,1,1,-0.2498,-1.4124,-1.1626,-6.286,-9.0317,8,b,The,The blue triangle moved first.
interval,data/videos_v3/int_10000ms/v3_10000_01127.avi,10000,D,B,,-1.5505,-1.1567,-1.5571,-1.429,8,b,(B,(B) 1-2 seconds
order_real,data/videos_v3/int_10000ms/v3_10000_01128.avi,10000,1,0,-1.8977,-10.0605,-10.6842,-11.7463,-11.1838,8,b,NO,NO.
order_rev,data/videos_v3/int_10000ms/v3_10000_01128.avi,10000,1,0,-1.5643,-8.051,-10.6121,-11.1746,-10.8617,8,b,NO,NO.
order_forced,data/videos_v3/int_10000ms/v3_10000_01128.avi,10000,1,0,-0.2498,-1.3654,-1.1156,-6.614,-9.2357,8,b,The,The blue circle moved first.
interval,data/videos_v3/int_10000ms/v3_10000_01128.avi,10000,D,A,,-1.2917,-1.3707,-1.6716,-1.5298,8,b,(A,(A) Less than 1 second.
order_real,data/videos_v3/int_10000ms/v3_10000_01129.avi,10000,0,0,-1.802,-10.0919,-10.528,-11.6522,-11.0279,8,a,NO,NO.
order_rev,data/videos_v3/int_10000ms/v3_10000_01129.avi,10000,0,0,-1.309,-7.5364,-10.5348,-11.2845,-10.847,8,a,NO,NO.
order_forced,data/videos_v3/int_10000ms/v3_10000_01129.avi,10000,0,1,0.2501,-1.2787,-1.5288,-5.7781,-9.151,8,a,The,The yellow circle moved first.
interval,data/videos_v3/int_10000ms/v3_10000_01129.avi,10000,D,B,,-1.4359,-1.2896,-1.5682,-1.4398,8,a,(B,(B) 1-2 seconds
order_real,data/videos_v3/int_10000ms/v3_10000_01130.avi,10000,0,0,-2.137,-9.8869,-10.3855,-11.3228,-10.8227,8,b,NO,NO.
order_rev,data/videos_v3/int_10000ms/v3_10000_01130.avi,10000,0,0,-1.4075,-7.765,-10.5761,-11.2636,-10.8256,8,b,NO,NO.
order_forced,data/videos_v3/int_10000ms/v3_10000_01130.avi,10000,0,1,0.1251,-1.3918,-1.5169,-7.7647,-8.6377,8,b,The,The red square moved first.
interval,data/videos_v3/int_10000ms/v3_10000_01130.avi,10000,D,B,,-1.3519,-1.2166,-1.6054,-1.4804,8,b,(B,(B) 1-2 seconds
order_real,data/videos_v3/int_10000ms/v3_10000_01131.avi,10000,1,0,-1.9906,-10.2534,-10.8142,-11.8139,-11.3144,8,b,NO,NO.
order_rev,data/videos_v3/int_10000ms/v3_10000_01131.avi,10000,1,0,-1.253,-7.9224,-10.6708,-11.358,-11.1079,8,b,NO,NO.
order_forced,data/videos_v3/int_10000ms/v3_10000_01131.avi,10000,1,1,0.1251,-0.9811,-1.1062,-5.8556,-9.2288,8,b,A,A
interval,data/videos_v3/int_10000ms/v3_10000_01131.avi,10000,D,A,,-1.2211,-1.3294,-1.7269,-1.4742,8,b,(A,(A) Less than 1 second.
order_real,data/videos_v3/int_10000ms/v3_10000_01132.avi,10000,0,0,-1.8597,-10.1074,-10.2939,-11.543,-10.7312,8,a,NO,NO.
order_rev,data/videos_v3/int_10000ms/v3_10000_01132.avi,10000,0,0,-0.7033,-7.7183,-10.3418,-11.3407,-10.5287,8,a,NO,NO.
order_forced,data/videos_v3/int_10000ms/v3_10000_01132.avi,10000,0,0,-0.2496,-2.0379,-1.7883,-8.6594,-9.6563,8,a,The,The yellow triangle moved first.
interval,data/videos_v3/int_10000ms/v3_10000_01132.avi,10000,D,B,,-1.3786,-1.1243,-1.5051,-1.6301,8,a,(B,(B) 1-2 seconds
order_real,data/videos_v3/int_10000ms/v3_10000_01133.avi,10000,0,0,-0.9899,-10.3146,-10.5012,-11.8745,-11.2505,8,a,NO,NO.
order_rev,data/videos_v3/int_10000ms/v3_10000_01133.avi,10000,0,0,-0.2754,-7.7004,-10.5737,-11.6352,-11.1979,8,a,NO,NO.
order_forced,data/videos_v3/int_10000ms/v3_10000_01133.avi,10000,0,0,-0.125,-0.8671,-0.7421,-6.1169,-9.6164,8,a,B,B
interval,data/videos_v3/int_10000ms/v3_10000_01133.avi,10000,D,A,,-1.1403,-1.4914,-1.6403,-1.3903,8,a,(A,(A) Less than 1 second
order_real,data/videos_v3/int_10000ms/v3_10000_01134.avi,10000,0,0,-1.9106,-10.0109,-10.5095,-11.4461,-10.9467,8,a,NO,NO.
order_rev,data/videos_v3/int_10000ms/v3_10000_01134.avi,10000,0,0,-1.1841,-7.8142,-10.6253,-11.1873,-10.7498,8,a,NO,NO.
order_forced,data/videos_v3/int_10000ms/v3_10000_01134.avi,10000,0,1,0.2502,-1.2136,-1.4638,-5.8374,-8.3348,8,a,The,The yellow circle moved first.
interval,data/videos_v3/int_10000ms/v3_10000_01134.avi,10000,D,B,,-1.4234,-1.2786,-1.5511,-1.4261,8,a,(B,(B) 1-2 seconds
order_real,data/videos_v3/int_10000ms/v3_10000_01135.avi,10000,1,0,-2.1665,-9.7634,-10.3869,-11.1993,-10.9487,8,a,NO,NO.
order_rev,data/videos_v3/int_10000ms/v3_10000_01135.avi,10000,1,0,-1.6665,-7.7036,-10.6396,-11.0771,-10.8264,8,a,NO,NO.
order_forced,data/videos_v3/int_10000ms/v3_10000_01135.avi,10000,1,1,0.1252,-1.248,-1.3732,-6.3714,-8.2444,8,a,The,The magenta circle moved first.
interval,data/videos_v3/int_10000ms/v3_10000_01135.avi,10000,D,A,,-1.2826,-1.2507,-1.6576,-1.5276,8,a,(A,(A) Less than 1 second
order_real,data/videos_v3/int_10000ms/v3_10000_01136.avi,10000,0,0,-1.624,-10.0039,-10.44,-11.5017,-11.0022,8,b,NO,NO.
order_rev,data/videos_v3/int_10000ms/v3_10000_01136.avi,10000,0,0,-0.684,-7.8302,-10.6412,-11.2659,-10.7657,8,b,NO,NO.
order_forced,data/videos_v3/int_10000ms/v3_10000_01136.avi,10000,0,1,0.0003,-1.3281,-1.3284,-7.3255,-8.8236,8,b,The,The yellow triangle moved first.
interval,data/videos_v3/int_10000ms/v3_10000_01136.avi,10000,D,B,,-1.4554,-1.2941,-1.5877,-1.4554,8,b,(B,(B) 1-2 seconds
order_real,data/videos_v3/int_10000ms/v3_10000_01137.avi,10000,1,0,-1.1604,-10.0201,-10.4562,-11.7051,-11.0181,8,b,NO,NO.
order_rev,data/videos_v3/int_10000ms/v3_10000_01137.avi,10000,1,0,-0.7913,-8.0282,-10.5896,-11.2767,-10.8388,8,b,NO,NO.
order_forced,data/videos_v3/int_10000ms/v3_10000_01137.avi,10000,1,1,0.2502,-1.1532,-1.4034,-7.5256,-8.7746,8,b,The,The yellow triangle moved first.
interval,data/videos_v3/int_10000ms/v3_10000_01137.avi,10000,D,A,,-1.2663,-1.3341,-1.7663,-1.7544,8,b,(A,(A) Less than 1 second
order_real,data/videos_v3/int_10000ms/v3_10000_01138.avi,10000,1,0,-2.1394,-9.8252,-10.1361,-11.4485,-10.8235,8,b,NO,NO.
order_rev,data/videos_v3/int_10000ms/v3_10000_01138.avi,10000,1,0,-0.7992,-7.7578,-10.3814,-11.3806,-10.7557,8,b,NO,NO.
order_forced,data/videos_v3/int_10000ms/v3_10000_01138.avi,10000,1,1,-0.2497,-1.9485,-1.6988,-8.1965,-8.9439,8,b,The,The blue triangle moved first.
interval,data/videos_v3/int_10000ms/v3_10000_01138.avi,10000,D,B,,-1.4161,-1.1545,-1.5451,-1.5432,8,b,(B,(B) 1-2 seconds
order_real,data/videos_v3/int_10000ms/v3_10000_01139.avi,10000,1,0,-1.6398,-9.8306,-10.2664,-11.2662,-10.7663,8,a,NO,NO.
order_rev,data/videos_v3/int_10000ms/v3_10000_01139.avi,10000,1,0,-1.4073,-7.6402,-10.5135,-11.2007,-10.7006,8,a,NO,NO.
order_forced,data/videos_v3/int_10000ms/v3_10000_01139.avi,10000,1,1,0.3752,-1.366,-1.7412,-6.2399,-8.7366,8,a,The,The red circle moved first.
interval,data/videos_v3/int_10000ms/v3_10000_01139.avi,10000,D,B,,-1.4247,-1.1616,-1.5542,-1.5521,8,a,(B,(B) 1-2 seconds
order_real,data/videos_v3/int_10000ms/v3_10000_01140.avi,10000,0,0,-1.2488,-9.8893,-10.5128,-11.3877,-10.9502,8,b,NO,NO.
order_rev,data/videos_v3/int_10000ms/v3_10000_01140.avi,10000,0,0,-0.7913,-7.9018,-10.588,-11.3375,-10.8998,8,b,NO,NO.
order_forced,data/videos_v3/int_10000ms/v3_10000_01140.avi,10000,0,1,0.0003,-1.4496,-1.4499,-7.3214,-8.6937,8,b,The,The green square moved first.
interval,data/videos_v3/int_10000ms/v3_10000_01140.avi,10000,D,B,,-1.3749,-1.2287,-1.6322,-1.5038,8,b,(B,(B) 1-2 seconds
order_real,data/videos_v3/int_10000ms/v3_10000_01141.avi,10000,0,0,-2.253,-9.8943,-10.2052,-11.2677,-10.8303,8,a,NO,NO.
order_rev,data/videos_v3/int_10000ms/v3_10000_01141.avi,10000,0,0,-1.2612,-7.7466,-10.5576,-11.3698,-10.8697,8,a,NO,NO.
order_forced,data/videos_v3/int_10000ms/v3_10000_01141.avi,10000,0,1,-0.1247,-1.5512,-1.4265,-6.0502,-8.6713,8,a,The,The blue circle moved first.
interval,data/videos_v3/int_10000ms/v3_10000_01141.avi,10000,D,B,,-1.6048,-1.2122,-1.3598,-1.4798,8,a,(B,(B) 1-2 seconds
order_real,data/videos_v3/int_10000ms/v3_10000_01142.avi,10000,0,0,-1.6237,-9.8797,-10.3156,-11.5023,-10.8778,8,a,NO,NO.
order_rev,data/videos_v3/int_10000ms/v3_10000_01142.avi,10000,0,0,-0.5413,-7.8615,-10.485,-11.2969,-10.8595,8,a,NO,NO.
order_forced,data/videos_v3/int_10000ms/v3_10000_01142.avi,10000,0,0,0.1251,-1.1737,-1.2988,-6.2981,-8.9217,8,a,The,The magenta square moved first.
interval,data/videos_v3/int_10000ms/v3_10000_01142.avi,10000,D,A,,-1.3266,-1.3091,-1.579,-1.4516,8,a,(A,(A) Less than 1 second
order_real,data/videos_v3/int_10000ms/v3_10000_01143.avi,10000,1,0,-1.9007,-9.8398,-10.5259,-11.4005,-10.8383,8,a,NO,NO.
order_rev,data/videos_v3/int_10000ms/v3_10000_01143.avi,10000,1,0,-1.4324,-7.5887,-10.7119,-11.2121,-10.7742,8,a,NO,NO.
order_forced,data/videos_v3/int_10000ms/v3_10000_01143.avi,10000,1,1,0.1252,-1.1989,-1.3241,-6.822,-8.1951,8,a,The,The green square moved first.
interval,data/videos_v3/int_10000ms/v3_10000_01143.avi,10000,D,B,,-1.3981,-1.2448,-1.652,-1.5231,8,a,(B,(B) 1-2 seconds
order_real,data/videos_v3/int_10000ms/v3_10000_01144.avi,10000,0,0,-1.4703,-9.9389,-10.0626,-11.3744,-10.8122,8,b,NO,NO.
order_rev,data/videos_v3/int_10000ms/v3_10000_01144.avi,10000,0,0,-1.6101,-7.9583,-10.582,-11.394,-10.8317,8,b,NO,NO.
order_forced,data/videos_v3/int_10000ms/v3_10000_01144.avi,10000,0,1,-0.6248,-1.9623,-1.3375,-6.8361,-8.9585,8,b,The,The blue circle moved first.
interval,data/videos_v3/int_10000ms/v3_10000_01144.avi,10000,D,B,,-1.4011,-1.2677,-1.5283,-1.4023,8,b,(B,(B) 1-2 seconds
order_real,data/videos_v3/int_10000ms/v3_10000_01145.avi,10000,1,0,-1.8602,-10.1086,-10.4822,-11.5446,-11.0443,8,a,NO,NO.
order_rev,data/videos_v3/int_10000ms/v3_10000_01145.avi,10000,1,0,-1.0589,-7.8455,-10.4063,-11.0314,-10.5935,8,a,NO,NO.
order_forced,data/videos_v3/int_10000ms/v3_10000_01145.avi,10000,1,1,0.0002,-1.5217,-1.5219,-6.6453,-8.8918,8,a,The,The green triangle moved first.
interval,data/videos_v3/int_10000ms/v3_10000_01145.avi,10000,D,B,,-1.5131,-1.1265,-1.5171,-1.5153,8,a,(B,(B) 1-2 seconds
order_real,data/videos_v3/int_10000ms/v3_10000_01146.avi,10000,1,0,-1.7532,-9.9565,-10.3926,-11.1427,-10.8923,8,a,NO,NO.
order_rev,data/videos_v3/int_10000ms/v3_10000_01146.avi,10000,1,0,-1.19,-7.4208,-10.4191,-10.6693,-10.6061,8,a,NO,NO.
order_forced,data/videos_v3/int_10000ms/v3_10000_01146.avi,10000,1,1,-0.1247,-2.022,-1.8973,-6.146,-9.018,8,a,The,The green triangle moved first.
interval,data/videos_v3/int_10000ms/v3_10000_01146.avi,10000,D,B,,-1.2892,-1.1592,-1.5416,-1.6666,8,a,(B,(B) 1-2 seconds
order_real,data/videos_v3/int_10000ms/v3_10000_01147.avi,10000,1,0,-0.8072,-9.9283,-10.2397,-10.9895,-10.8018,8,a,NO,NO.
order_rev,data/videos_v3/int_10000ms/v3_10000_01147.avi,10000,1,0,-0.8369,-7.7623,-10.5731,-11.1977,-10.7603,8,a,NO,NO.
order_forced,data/videos_v3/int_10000ms/v3_10000_01147.avi,10000,1,1,0.5003,-1.3474,-1.8477,-4.5968,-8.344,8,a,The,The cyan triangle moved first.
interval,data/videos_v3/int_10000ms/v3_10000_01147.avi,10000,D,B,,-1.5351,-1.1446,-1.4158,-1.6622,8,a,(B,(B) 1-2 seconds
order_real,data/videos_v3/int_10000ms/v3_10000_01148.avi,10000,1,0,-0.9072,-9.8214,-10.257,-11.4446,-10.9444,8,b,NO,NO.
order_rev,data/videos_v3/int_10000ms/v3_10000_01148.avi,10000,1,0,-1.032,-7.2259,-10.3492,-11.3489,-10.7862,8,b,NO,NO.
order_forced,data/videos_v3/int_10000ms/v3_10000_01148.avi,10000,1,1,-0.1246,-1.6142,-1.4896,-7.2364,-8.6088,8,b,The,The blue square moved first.
interval,data/videos_v3/int_10000ms/v3_10000_01148.avi,10000,D,A,,-1.2836,-1.255,-1.5393,-1.6586,8,b,(A,(A) Less than 1 second
order_real,data/videos_v3/int_10000ms/v3_10000_01149.avi,10000,1,0,-0.807,-9.9278,-10.3638,-11.4259,-10.9882,8,a,NO,NO.
order_rev,data/videos_v3/int_10000ms/v3_10000_01149.avi,10000,1,0,-0.4464,-8.0064,-10.5674,-11.3171,-10.8791,8,a,NO,NO.
order_forced,data/videos_v3/int_10000ms/v3_10000_01149.avi,10000,1,1,0.1253,-1.495,-1.6203,-7.7419,-8.8649,8,a,The,The red triangle moved first.
interval,data/videos_v3/int_10000ms/v3_10000_01149.avi,10000,D,B,,-1.334,-1.1915,-1.5885,-1.5813,8,a,(B,(B) 1-2 seconds
order_real,data/videos_v3/int_10000ms/v3_10000_01150.avi,10000,1,0,-1.735,-10.1249,-10.5611,-11.6855,-11.1231,8,a,NO,NO.
order_rev,data/videos_v3/int_10000ms/v3_10000_01150.avi,10000,1,0,-1.5255,-7.8326,-10.7685,-11.3934,-10.8309,8,a,NO,NO.
order_forced,data/videos_v3/int_10000ms/v3_10000_01150.avi,10000,1,1,-0.1249,-1.4194,-1.2945,-6.5438,-8.9174,8,a,The,The magenta circle moved first.
interval,data/videos_v3/int_10000ms/v3_10000_01150.avi,10000,D,A,,-1.3384,-1.3322,-1.5906,-1.3406,8,a,(A,(A) Less than 1 second
order_real,data/videos_v3/int_10000ms/v3_10000_01151.avi,10000,0,0,-1.5256,-10.083,-10.582,-11.4564,-11.1441,8,a,NO,NO.
order_rev,data/videos_v3/int_10000ms/v3_10000_01151.avi,10000,0,0,-1.1823,-7.7667,-10.4531,-11.0152,-10.7026,8,a,NO,NO.
order_forced,data/videos_v3/int_10000ms/v3_10000_01151.avi,10000,0,0,0.0002,-1.4678,-1.468,-4.0925,-8.7154,8,a,The,The yellow circle moved first.
interval,data/videos_v3/int_10000ms/v3_10000_01151.avi,10000,D,A,,-1.3586,-1.3267,-1.613,-1.4787,8,a,(A,(A) Less than 1 second
order_real,data/videos_v3/int_10000ms/v3_10000_01152.avi,10000,1,0,-1.6744,-10.0569,-10.4306,-11.6798,-10.9929,8,a,NO,NO.
order_rev,data/videos_v3/int_10000ms/v3_10000_01152.avi,10000,1,0,-1.8073,-8.0233,-10.772,-11.4591,-10.8967,8,a,NO,NO.
order_forced,data/videos_v3/int_10000ms/v3_10000_01152.avi,10000,1,1,0.0001,-1.2246,-1.2247,-7.0983,-8.7224,8,a,The,The red circle moved first.
interval,data/videos_v3/int_10000ms/v3_10000_01152.avi,10000,D,B,,-1.4404,-1.2999,-1.5694,-1.3175,8,a,(B,(B) 1-2 seconds
order_real,data/videos_v3/int_10000ms/v3_10000_01153.avi,10000,0,0,-1.2344,-9.9396,-10.3759,-11.3754,-10.8754,8,a,NO,NO.
order_rev,data/videos_v3/int_10000ms/v3_10000_01153.avi,10000,0,0,-1.2608,-7.747,-10.558,-11.3076,-10.7452,8,a,NO,NO.
order_forced,data/videos_v3/int_10000ms/v3_10000_01153.avi,10000,0,1,0.0004,-1.5862,-1.5866,-6.959,-8.7061,8,a,The,The green square moved first.
interval,data/videos_v3/int_10000ms/v3_10000_01153.avi,10000,D,B,,-1.3903,-1.2478,-1.5177,-1.5153,8,a,(B,(B) 1-2 seconds
order_real,data/videos_v3/int_10000ms/v3_10000_01154.avi,10000,1,0,-2.4533,-10.2941,-10.7301,-11.6675,-11.1675,8,b,NO,NO.
order_rev,data/videos_v3/int_10000ms/v3_10000_01154.avi,10000,1,0,-0.4104,-8.1299,-10.7536,-11.4404,-11.0027,8,b,NO,NO.
order_forced,data/videos_v3/int_10000ms/v3_10000_01154.avi,10000,1,0,0.0003,-1.661,-1.6613,-6.0347,-9.2773,8,b,The,The red circle moved first.
interval,data/videos_v3/int_10000ms/v3_10000_01154.avi,10000,D,B,,-1.2952,-1.1607,-1.5465,-1.6702,8,b,(B,(B) 1-2 seconds
order_real,data/videos_v3/int_10000ms/v3_10000_01155.avi,10000,1,0,-1.9903,-9.6982,-10.0715,-11.0718,-10.7591,8,a,NO,NO.
order_rev,data/videos_v3/int_10000ms/v3_10000_01155.avi,10000,1,0,-1.4194,-7.185,-10.1833,-10.746,-10.4955,8,a,NO,NO.
order_forced,data/videos_v3/int_10000ms/v3_10000_01155.avi,10000,1,1,-0.3745,-1.904,-1.5295,-5.1533,-8.525,8,a,The,The blue square moved first.
interval,data/videos_v3/int_10000ms/v3_10000_01155.avi,10000,D,B,,-1.5862,-1.1996,-1.4683,-1.4652,8,a,(B,(B) 1-2 seconds
order_real,data/videos_v3/int_10000ms/v3_10000_01156.avi,10000,1,0,-0.7405,-10.0142,-10.7625,-11.6996,-11.2625,8,a,NO,NO.
order_rev,data/videos_v3/int_10000ms/v3_10000_01156.avi,10000,1,0,-0.0149,-8.0862,-10.9594,-11.5218,-11.2091,8,a,NO,NO.
order_forced,data/videos_v3/int_10000ms/v3_10000_01156.avi,10000,1,1,0.0001,-1.2715,-1.2716,-5.8962,-9.1448,8,a,The,The magenta square moved first.
interval,data/videos_v3/int_10000ms/v3_10000_01156.avi,10000,D,A,,-1.0902,-1.4333,-1.8402,-1.5902,8,a,(A,(A) Less than 1 second
order_real,data/videos_v3/int_10000ms/v3_10000_01157.avi,10000,1,0,-1.1478,-10.1114,-10.4852,-11.5471,-11.1724,8,a,NO,NO.
order_rev,data/videos_v3/int_10000ms/v3_10000_01157.avi,10000,1,0,-0.3103,-8.0119,-10.6354,-11.2601,-11.1349,8,a,NO,NO.
order_forced,data/videos_v3/int_10000ms/v3_10000_01157.avi,10000,1,1,0.2501,-1.0834,-1.3335,-3.2084,-9.0819,8,a,A,A
interval,data/videos_v3/int_10000ms/v3_10000_01157.avi,10000,D,A,,-1.2646,-1.3613,-1.6435,-1.5146,8,a,(A,(A) Less than 1 second
order_real,data/videos_v3/int_10000ms/v3_10000_01158.avi,10000,1,0,-3.0416,-10.2333,-10.7317,-11.7319,-11.4195,8,a,NO,NO.
order_rev,data/videos_v3/int_10000ms/v3_10000_01158.avi,10000,1,0,-1.4987,-7.8119,-10.623,-11.4354,-11.0601,8,a,NO,NO.
order_forced,data/videos_v3/int_10000ms/v3_10000_01158.avi,10000,1,0,-0.25,-1.2127,-0.9627,-6.0873,-9.8358,8,a,B,B
interval,data/videos_v3/int_10000ms/v3_10000_01158.avi,10000,D,A,,-1.3654,-1.3465,-1.6219,-1.3688,8,a,(A,(A) Less than 1 second
order_real,data/videos_v3/int_10000ms/v3_10000_01159.avi,10000,0,0,-1.8781,-9.8764,-10.4998,-11.4372,-10.9372,8,b,NO,NO.
order_rev,data/videos_v3/int_10000ms/v3_10000_01159.avi,10000,0,0,-1.2649,-7.654,-10.5273,-11.09,-10.777,8,b,NO,NO.
order_forced,data/videos_v3/int_10000ms/v3_10000_01159.avi,10000,0,1,-0.2497,-1.4163,-1.1666,-6.9141,-8.2871,8,b,The,The green square moved first.
interval,data/videos_v3/int_10000ms/v3_10000_01159.avi,10000,D,B,,-1.4129,-1.256,-1.6673,-1.4079,8,b,(B,(B) 1-2 seconds
order_real,data/videos_v3/int_10000ms/v3_10000_01160.avi,10000,1,0,-2.3521,-10.112,-10.6732,-11.735,-11.0481,8,a,NO,NO.
order_rev,data/videos_v3/int_10000ms/v3_10000_01160.avi,10000,1,0,-1.684,-8.0898,-10.7134,-11.338,-10.7757,8,a,NO,NO.
order_forced,data/videos_v3/int_10000ms/v3_10000_01160.avi,10000,1,0,-0.2498,-1.5855,-1.3357,-6.5843,-9.0811,8,a,The,The yellow circle moved first.
interval,data/videos_v3/int_10000ms/v3_10000_01160.avi,10000,D,B,,-1.5144,-1.2421,-1.5202,-1.3894,8,a,(B,(B) 1-2 seconds
order_real,data/videos_v3/int_10000ms/v3_10000_01161.avi,10000,1,0,-0.9163,-10.0502,-10.2991,-11.5476,-10.9235,8,a,NO,NO.
order_rev,data/videos_v3/int_10000ms/v3_10000_01161.avi,10000,1,0,-0.5909,-8.2019,-10.5754,-11.387,-10.8248,8,a,NO,NO.
order_forced,data/videos_v3/int_10000ms/v3_10000_01161.avi,10000,1,1,0.1252,-1.4144,-1.5396,-5.2888,-8.6618,8,a,The,The yellow square moved first.
interval,data/videos_v3/int_10000ms/v3_10000_01161.avi,10000,D,A,,-1.1729,-1.2727,-1.6794,-1.6729,8,a,(A,(A) Less than 1 second
order_real,data/videos_v3/int_10000ms/v3_10000_01162.avi,10000,1,0,-2.0409,-9.9608,-10.3341,-11.584,-10.8344,8,a,NO,NO.
order_rev,data/videos_v3/int_10000ms/v3_10000_01162.avi,10000,1,0,-0.4513,-7.4902,-10.2385,-11.3007,-10.738,8,a,NO,NO.
order_forced,data/videos_v3/int_10000ms/v3_10000_01162.avi,10000,1,0,-0.3748,-1.9667,-1.5919,-7.0907,-8.9633,8,a,The,The blue triangle moved first.
interval,data/videos_v3/int_10000ms/v3_10000_01162.avi,10000,D,B,,-1.7195,-1.0854,-1.3519,-1.5976,8,a,(B,(B) 1-2 seconds
order_real,data/videos_v3/int_10000ms/v3_10000_01163.avi,10000,0,0,-3.0033,-9.969,-10.4674,-11.5298,-11.1544,8,b,NO,NO.
order_rev,data/videos_v3/int_10000ms/v3_10000_01163.avi,10000,0,0,-1.2913,-7.8975,-10.5211,-11.2084,-10.7079,8,b,NO,NO.
order_forced,data/videos_v3/int_10000ms/v3_10000_01163.avi,10000,0,1,-0.1247,-1.3883,-1.2636,-7.3849,-8.5071,8,b,The,The blue triangle moved first.
interval,data/videos_v3/int_10000ms/v3_10000_01163.avi,10000,D,B,,-1.3955,-1.2507,-1.5256,-1.5205,8,b,(B,(B) 1-2 seconds
order_real,data/videos_v3/int_10000ms/v3_10000_01164.avi,10000,1,0,-1.4988,-10.0872,-10.5858,-11.4602,-11.2727,8,a,NO,NO.
order_rev,data/videos_v3/int_10000ms/v3_10000_01164.avi,10000,1,0,-0.791,-8.1514,-10.7125,-11.1501,-10.9622,8,a,NO,NO.
order_forced,data/videos_v3/int_10000ms/v3_10000_01164.avi,10000,1,1,0.1251,-1.0964,-1.2215,-3.9713,-9.7193,8,a,A,A
interval,data/videos_v3/int_10000ms/v3_10000_01164.avi,10000,D,A,,-1.2731,-1.373,-1.6516,-1.4016,8,a,(A,(A) Less than 1 second
order_real,data/videos_v3/int_10000ms/v3_10000_01165.avi,10000,0,0,-2.1842,-9.9042,-10.403,-11.1521,-10.9025,8,b,NO,NO.
order_rev,data/videos_v3/int_10000ms/v3_10000_01165.avi,10000,0,0,-0.9246,-7.7235,-10.4717,-10.9714,-10.5964,8,b,NO,NO.
order_forced,data/videos_v3/int_10000ms/v3_10000_01165.avi,10000,0,1,0.2503,-1.2197,-1.47,-4.5941,-8.2155,8,b,The,The yellow triangle moved first.
interval,data/videos_v3/int_10000ms/v3_10000_01165.avi,10000,D,B,,-1.4035,-1.2466,-1.6579,-1.5285,8,b,(B,(B) 1-2 seconds
order_real,data/videos_v3/int_10000ms/v3_10000_01166.avi,10000,0,0,-1.5145,-9.9753,-10.4116,-11.4733,-10.8488,8,b,NO,NO.
order_rev,data/videos_v3/int_10000ms/v3_10000_01166.avi,10000,0,0,-0.6662,-7.8169,-10.5653,-11.3147,-10.8148,8,b,NO,NO.
order_forced,data/videos_v3/int_10000ms/v3_10000_01166.avi,10000,0,0,0.0003,-1.5159,-1.5162,-6.0145,-8.6346,8,b,The,The green triangle moved first.
interval,data/videos_v3/int_10000ms/v3_10000_01166.avi,10000,D,B,,-1.618,-1.1032,-1.5003,-1.4958,8,b,(B,(B) 1-2 seconds
order_real,data/videos_v3/int_10000ms/v3_10000_01167.avi,10000,0,0,-1.773,-10.1812,-10.4923,-11.7418,-11.242,8,b,NO,NO.
order_rev,data/videos_v3/int_10000ms/v3_10000_01167.avi,10000,0,0,-1.1602,-8.1447,-10.6436,-11.3308,-10.9558,8,b,NO,NO.
order_forced,data/videos_v3/int_10000ms/v3_10000_01167.avi,10000,0,0,-0.2499,-1.1529,-0.903,-6.9024,-9.7764,8,b,B,B
interval,data/videos_v3/int_10000ms/v3_10000_01167.avi,10000,D,A,,-1.2076,-1.4445,-1.71,-1.335,8,b,(A,(A) Less than 1 second
order_real,data/videos_v3/int_10000ms/v3_10000_01168.avi,10000,0,0,-2.2827,-10.0204,-10.4565,-11.4555,-10.9561,8,a,NO,NO.
order_rev,data/videos_v3/int_10000ms/v3_10000_01168.avi,10000,0,0,-1.3214,-8.2522,-10.5631,-11.25,-10.8123,8,a,NO,NO.
order_forced,data/videos_v3/int_10000ms/v3_10000_01168.avi,10000,0,0,0.0002,-1.2733,-1.2735,-5.6474,-8.7699,8,a,The,The red circle moved first.
interval,data/videos_v3/int_10000ms/v3_10000_01168.avi,10000,D,A,,-1.1552,-1.3766,-1.6583,-1.5302,8,a,(A,(A) Less than 1 second.
order_real,data/videos_v3/int_10000ms/v3_10000_01169.avi,10000,1,0,-2.7212,-10.1079,-10.6065,-11.6062,-11.1686,8,a,NO,NO.
order_rev,data/videos_v3/int_10000ms/v3_10000_01169.avi,10000,1,0,-1.1661,-8.1729,-10.7341,-11.4213,-10.7961,8,a,NO,NO.
order_forced,data/videos_v3/int_10000ms/v3_10000_01169.avi,10000,1,1,0.2504,-1.3385,-1.5889,-7.4595,-8.7055,8,a,The,The red triangle moved first.
interval,data/videos_v3/int_10000ms/v3_10000_01169.avi,10000,D,B,,-1.462,-1.1953,-1.5952,-1.4678,8,a,(B,(B) 1-2 seconds
order_real,data/videos_v3/int_10000ms/v3_10000_01170.avi,10000,0,0,-1.6099,-9.9598,-10.1458,-11.4579,-10.8329,8,a,NO,NO.
order_rev,data/videos_v3/int_10000ms/v3_10000_01170.avi,10000,0,0,-0.3283,-7.6085,-10.2943,-11.2314,-10.7312,8,a,NO,NO.
order_forced,data/videos_v3/int_10000ms/v3_10000_01170.avi,10000,0,1,0.1253,-1.8032,-1.9285,-7.9261,-9.0492,8,a,The,The red triangle moved first.
interval,data/videos_v3/int_10000ms/v3_10000_01170.avi,10000,D,B,,-1.4866,-1.1025,-1.491,-1.6133,8,a,(B,(B) 1-2 seconds
order_real,data/videos_v3/int_10000ms/v3_10000_01171.avi,10000,0,0,-1.3592,-10.0368,-10.5353,-11.4727,-10.9727,8,a,NO,NO.
order_rev,data/videos_v3/int_10000ms/v3_10000_01171.avi,10000,0,0,-0.9103,-8.2095,-10.7083,-11.2705,-10.8953,8,a,NO,NO.
order_forced,data/videos_v3/int_10000ms/v3_10000_01171.avi,10000,0,1,0.0001,-1.517,-1.5171,-7.0158,-9.2636,8,a,The,The green square moved first.
interval,data/videos_v3/int_10000ms/v3_10000_01171.avi,10000,D,A,,-1.4224,-1.3815,-1.5557,-1.4174,8,a,(A,(A) Less than 1 second
order_real,data/videos_v3/int_10000ms/v3_10000_01172.avi,10000,1,0,-1.8762,-10.1257,-10.6867,-11.7486,-11.1866,8,b,NO,NO.
order_rev,data/videos_v3/int_10000ms/v3_10000_01172.avi,10000,1,0,-1.3021,-8.1798,-10.6153,-11.4275,-10.8655,8,b,NO,NO.
order_forced,data/videos_v3/int_10000ms/v3_10000_01172.avi,10000,1,0,-0.2499,-1.2298,-0.9799,-5.229,-8.9761,8,b,B,B
interval,data/videos_v3/int_10000ms/v3_10000_01172.avi,10000,D,A,,-1.2113,-1.3232,-1.7137,-1.4659,8,b,(A,(A) Less than 1 second
order_real,data/videos_v3/int_10000ms/v3_10000_01173.avi,10000,1,0,-2.1259,-10.1573,-10.4686,-11.7175,-11.031,8,a,NO,NO.
order_rev,data/videos_v3/int_10000ms/v3_10000_01173.avi,10000,1,0,-0.5143,-8.1207,-10.4945,-11.4309,-10.8687,8,a,NO,NO.
order_forced,data/videos_v3/int_10000ms/v3_10000_01173.avi,10000,1,1,-0.2497,-2.0303,-1.7806,-6.2794,-8.9001,8,a,The,The yellow circle moved first.
interval,data/videos_v3/int_10000ms/v3_10000_01173.avi,10000,D,B,,-1.29,-1.1588,-1.5431,-1.6672,8,a,(B,(B) 1-2 seconds
order_real,data/videos_v3/int_10000ms/v3_10000_01174.avi,10000,0,0,-1.791,-10.1789,-10.5523,-11.8014,-11.1147,8,b,NO,NO.
order_rev,data/videos_v3/int_10000ms/v3_10000_01174.avi,10000,0,0,-0.6905,-8.0596,-10.4953,-11.3697,-10.87,8,b,NO,NO.
order_forced,data/videos_v3/int_10000ms/v3_10000_01174.avi,10000,0,0,-0.4999,-1.4007,-0.9008,-6.7749,-9.2734,8,b,B,B
interval,data/videos_v3/int_10000ms/v3_10000_01174.avi,10000,D,A,,-1.2077,-1.3196,-1.7123,-1.4623,8,b,(A,(A) Less than 1 second
order_real,data/videos_v3/int_10000ms/v3_10000_01175.avi,10000,0,0,-1.3898,-9.9999,-10.3736,-11.3104,-10.9355,8,b,NO,NO.
order_rev,data/videos_v3/int_10000ms/v3_10000_01175.avi,10000,0,0,-0.8214,-8.1267,-10.6248,-11.1866,-10.8742,8,b,NO,NO.
order_forced,data/videos_v3/int_10000ms/v3_10000_01175.avi,10000,0,1,0.0003,-1.3253,-1.3256,-5.9489,-8.3208,8,b,The,The magenta triangle moved first.
interval,data/videos_v3/int_10000ms/v3_10000_01175.avi,10000,D,B,,-1.4048,-1.2514,-1.6621,-1.4087,8,b,(B,(B) 1-2 seconds
order_real,data/videos_v3/int_10000ms/v3_10000_01176.avi,10000,1,0,-0.4984,-10.1708,-10.3573,-11.1694,-10.9821,8,a,NO,NO.
order_rev,data/videos_v3/int_10000ms/v3_10000_01176.avi,10000,1,1,0.1858,-8.147,-10.7706,-11.2702,-11.1452,8,a,YES,YES.
order_forced,data/videos_v3/int_10000ms/v3_10000_01176.avi,10000,1,0,-0.4997,-2.6372,-2.1375,-4.0123,-10.0076,8,a,The,The cyan triangle moved first.
interval,data/videos_v3/int_10000ms/v3_10000_01176.avi,10000,D,B,,-1.3857,-1.1329,-1.3895,-1.7637,8,a,(B,(B) 1-2 seconds
order_real,data/videos_v3/int_10000ms/v3_10000_01177.avi,10000,0,0,-1.7729,-9.8686,-10.4297,-11.3046,-10.9922,8,a,NO,NO.
order_rev,data/videos_v3/int_10000ms/v3_10000_01177.avi,10000,0,0,-1.5112,-7.7974,-10.6088,-10.9838,-10.9209,8,a,NO,NO.
order_forced,data/videos_v3/int_10000ms/v3_10000_01177.avi,10000,0,1,0.0002,-1.3261,-1.3263,-4.3258,-9.0723,8,a,The,The green circle moved first.
interval,data/videos_v3/int_10000ms/v3_10000_01177.avi,10000,D,A,,-1.3251,-1.3859,-1.7057,-1.6867,8,a,(A,(A) Less than 1 second
order_real,data/videos_v3/int_10000ms/v3_10000_01178.avi,10000,1,0,-1.1837,-10.0,-10.249,-11.1231,-10.7484,8,a,NO,NO.
order_rev,data/videos_v3/int_10000ms/v3_10000_01178.avi,10000,1,0,-0.587,-7.7206,-10.4068,-10.9688,-10.6561,8,a,NO,NO.
order_forced,data/videos_v3/int_10000ms/v3_10000_01178.avi,10000,1,1,0.2504,-1.5511,-1.8015,-4.4258,-8.4222,8,a,The,The yellow triangle moved first.
interval,data/videos_v3/int_10000ms/v3_10000_01178.avi,10000,D,B,,-1.6447,-1.1316,-1.5261,-1.3992,8,a,(B,(B) 1-2 seconds
order_real,data/videos_v3/int_10000ms/v3_10000_01179.avi,10000,0,0,-1.7205,-9.8955,-10.3941,-11.4561,-10.8938,8,a,NO,NO.
order_rev,data/videos_v3/int_10000ms/v3_10000_01179.avi,10000,0,0,-0.7755,-7.7649,-10.5136,-11.388,-10.8255,8,a,NO,NO.
order_forced,data/videos_v3/int_10000ms/v3_10000_01179.avi,10000,0,0,0.1254,-1.5618,-1.6872,-6.9347,-8.8047,8,a,The,The green triangle moved first.
interval,data/videos_v3/int_10000ms/v3_10000_01179.avi,10000,D,B,,-1.4649,-1.0783,-1.4705,-1.7149,8,a,(B,(B) 1-2 seconds
order_real,data/videos_v3/int_10000ms/v3_10000_01180.avi,10000,0,0,-2.1237,-10.096,-10.407,-11.4067,-11.0319,8,a,NO,NO.
order_rev,data/videos_v3/int_10000ms/v3_10000_01180.avi,10000,0,0,-1.1695,-7.7557,-10.4418,-11.1291,-10.8164,8,a,NO,NO.
order_forced,data/videos_v3/int_10000ms/v3_10000_01180.avi,10000,0,1,0.2502,-1.2917,-1.5419,-3.7914,-8.538,8,a,The,The cyan circle moved first.
interval,data/videos_v3/int_10000ms/v3_10000_01180.avi,10000,D,A,,-1.3456,-1.3134,-1.599,-1.4706,8,a,(A,(A) Less than 1 second
order_real,data/videos_v3/int_10000ms/v3_10000_01181.avi,10000,0,0,-0.8861,-10.3397,-10.5884,-11.5872,-11.2128,8,b,NO,NO.
order_rev,data/videos_v3/int_10000ms/v3_10000_01181.avi,10000,0,0,-0.4321,-7.9965,-10.8075,-11.4319,-11.0569,8,b,NO,NO.
order_forced,data/videos_v3/int_10000ms/v3_10000_01181.avi,10000,0,0,0.3751,-1.2549,-1.63,-3.6298,-8.8762,8,b,The,The red circle moved first.
interval,data/videos_v3/int_10000ms/v3_10000_01181.avi,10000,D,A,,-1.2234,-1.3233,-1.6019,-1.5984,8,b,(A,(A) Less than 1 second
order_real,data/videos_v3/int_10000ms/v3_10000_01182.avi,10000,1,0,-1.8455,-9.9406,-10.4393,-11.3769,-10.9392,8,b,NO,NO.
order_rev,data/videos_v3/int_10000ms/v3_10000_01182.avi,10000,1,0,-1.0441,-7.7857,-10.5347,-11.2845,-10.909,8,b,NO,NO.
order_forced,data/videos_v3/int_10000ms/v3_10000_01182.avi,10000,1,1,0.0001,-1.6595,-1.6596,-5.2841,-9.2825,8,b,The,The red square moved first.
interval,data/videos_v3/int_10000ms/v3_10000_01182.avi,10000,D,A,,-1.1499,-1.2392,-1.6529,-1.7714,8,b,(A,(A) Less than 1 second
order_real,data/videos_v3/int_10000ms/v3_10000_01183.avi,10000,1,0,-1.7404,-9.9763,-10.4119,-11.4118,-10.9741,8,a,NO,NO.
order_rev,data/videos_v3/int_10000ms/v3_10000_01183.avi,10000,1,0,-0.9404,-7.9834,-10.6691,-11.1691,-10.7935,8,a,NO,NO.
order_forced,data/videos_v3/int_10000ms/v3_10000_01183.avi,10000,1,1,0.0003,-1.5118,-1.5121,-6.1353,-8.8786,8,a,The,The magenta triangle moved first.
interval,data/videos_v3/int_10000ms/v3_10000_01183.avi,10000,D,B,,-1.3032,-1.169,-1.6806,-1.5577,8,a,(B,(B) 1-2 seconds
order_real,data/videos_v3/int_10000ms/v3_10000_01184.avi,10000,0,0,-2.2209,-10.0226,-10.6462,-11.521,-11.0836,8,a,NO,NO.
order_rev,data/videos_v3/int_10000ms/v3_10000_01184.avi,10000,0,0,-1.2996,-7.5032,-10.7515,-11.3763,-10.876,8,a,NO,NO.
order_forced,data/videos_v3/int_10000ms/v3_10000_01184.avi,10000,0,0,0.5003,-1.2208,-1.7211,-6.7189,-8.5903,8,a,The,The green triangle moved first.
interval,data/videos_v3/int_10000ms/v3_10000_01184.avi,10000,D,B,,-1.4115,-1.2614,-1.665,-1.415,8,a,(B,(B) 1-2 seconds
order_real,data/videos_v3/int_10000ms/v3_10000_01185.avi,10000,0,0,-1.1744,-10.0299,-10.3412,-11.528,-10.9658,8,a,NO,NO.
order_rev,data/videos_v3/int_10000ms/v3_10000_01185.avi,10000,0,0,-0.689,-7.7669,-10.4528,-11.3897,-10.8895,8,a,NO,NO.
order_forced,data/videos_v3/int_10000ms/v3_10000_01185.avi,10000,0,1,-0.2497,-1.5869,-1.3372,-5.7107,-8.9567,8,a,The,The yellow triangle moved first.
interval,data/videos_v3/int_10000ms/v3_10000_01185.avi,10000,D,B,,-1.3806,-1.2425,-1.5101,-1.508,8,a,(B,(B) 1-2 seconds
order_real,data/videos_v3/int_10000ms/v3_10000_01186.avi,10000,0,0,-1.9164,-9.9162,-10.4149,-11.4144,-10.9144,8,a,NO,NO.
order_rev,data/videos_v3/int_10000ms/v3_10000_01186.avi,10000,0,0,-1.1769,-7.837,-10.5855,-11.1479,-10.6476,8,a,NO,NO.
order_forced,data/videos_v3/int_10000ms/v3_10000_01186.avi,10000,0,1,0.2504,-1.2732,-1.5236,-7.6443,-8.6434,8,a,The,The yellow triangle moved first.
interval,data/videos_v3/int_10000ms/v3_10000_01186.avi,10000,D,B,,-1.3872,-1.2371,-1.6407,-1.5122,8,a,(B,(B) 1-2 seconds
order_real,data/videos_v3/int_10000ms/v3_10000_01187.avi,10000,0,0,-1.6153,-10.0564,-10.4924,-11.6168,-10.9923,8,b,NO,NO.
order_rev,data/videos_v3/int_10000ms/v3_10000_01187.avi,10000,0,0,-0.7035,-7.967,-10.5902,-11.402,-10.7773,8,b,NO,NO.
order_forced,data/videos_v3/int_10000ms/v3_10000_01187.avi,10000,0,0,0.0005,-1.7418,-1.7423,-6.6139,-9.2321,8,b,The,The yellow circle moved first.
interval,data/videos_v3/int_10000ms/v3_10000_01187.avi,10000,D,B,,-1.4806,-1.0984,-1.4856,-1.6091,8,b,(B,(B) 1-2 seconds
order_real,data/videos_v3/int_10000ms/v3_10000_01188.avi,10000,1,0,-1.2046,-10.1368,-10.2606,-11.6971,-10.9477,8,b,NO,NO.
order_rev,data/videos_v3/int_10000ms/v3_10000_01188.avi,10000,1,0,-0.6391,-7.825,-10.5107,-11.5729,-10.8854,8,b,NO,NO.
order_forced,data/videos_v3/int_10000ms/v3_10000_01188.avi,10000,1,1,-0.6243,-3.2642,-2.6399,-9.6345,-10.2547,8,b,The,The red triangle moved first.
interval,data/videos_v3/int_10000ms/v3_10000_01188.avi,10000,D,B,,-1.4125,-1.0325,-1.416,-1.915,8,b,(B,(B) 1-2 seconds
order_real,data/videos_v3/int_10000ms/v3_10000_01189.avi,10000,1,0,-2.4533,-9.9222,-10.5457,-11.1086,-10.9208,8,b,NO,NO.
order_rev,data/videos_v3/int_10000ms/v3_10000_01189.avi,10000,1,0,-1.5351,-7.8172,-10.6285,-11.0661,-10.8781,8,b,NO,NO.
order_forced,data/videos_v3/int_10000ms/v3_10000_01189.avi,10000,1,1,0.0003,-1.6719,-1.6722,-4.1715,-8.9171,8,b,The,The green triangle moved first.
interval,data/videos_v3/int_10000ms/v3_10000_01189.avi,10000,D,B,,-1.4614,-1.1916,-1.5891,-1.4641,8,b,(B,(B) 1-2 seconds
order_real,data/videos_v3/int_10000ms/v3_10000_01190.avi,10000,1,0,-1.7349,-9.9726,-10.5338,-11.2835,-11.0331,8,a,NO,NO.
order_rev,data/videos_v3/int_10000ms/v3_10000_01190.avi,10000,1,0,-1.0571,-7.7969,-10.608,-11.0452,-10.7951,8,a,NO,NO.
order_forced,data/videos_v3/int_10000ms/v3_10000_01190.avi,10000,1,1,0.2502,-1.3292,-1.5794,-5.4532,-8.5743,8,a,The,The green triangle moved first.
interval,data/videos_v3/int_10000ms/v3_10000_01190.avi,10000,D,A,,-1.3206,-1.2889,-1.5706,-1.5675,8,a,(A,(A) Less than 1 second
order_real,data/videos_v3/int_10000ms/v3_10000_01191.avi,10000,0,0,-1.7613,-9.9067,-10.4052,-11.0926,-10.8424,8,a,NO,NO.
order_rev,data/videos_v3/int_10000ms/v3_10000_01191.avi,10000,0,0,-1.2854,-7.8677,-10.7415,-10.9288,-10.8659,8,a,NO,NO.
order_forced,data/videos_v3/int_10000ms/v3_10000_01191.avi,10000,0,1,0.5001,-1.2852,-1.7853,-4.7846,-9.0305,8,a,The,The green circle moved first.
interval,data/videos_v3/int_10000ms/v3_10000_01191.avi,10000,D,B,,-1.4132,-1.256,-1.5447,-1.5343,8,a,(B,(B) 1-2 seconds
order_real,data/videos_v3/int_10000ms/v3_10000_01192.avi,10000,0,0,-0.5956,-10.1692,-10.418,-11.6043,-10.9802,8,b,NO,NO.
order_rev,data/videos_v3/int_10000ms/v3_10000_01192.avi,10000,0,0,-0.0228,-7.8696,-10.8054,-11.4923,-11.0551,8,b,NO,NO.
order_forced,data/videos_v3/int_10000ms/v3_10000_01192.avi,10000,0,1,0.2502,-1.4624,-1.7126,-5.7112,-8.8305,8,b,The,The green circle moved first.
interval,data/videos_v3/int_10000ms/v3_10000_01192.avi,10000,D,B,,-1.276,-1.1407,-1.5295,-1.7778,8,b,(B,(B) 1-2 seconds
order_real,data/videos_v3/int_10000ms/v3_10000_01193.avi,10000,1,0,-2.727,-9.837,-10.1477,-11.5225,-10.7729,8,b,NO,NO.
order_rev,data/videos_v3/int_10000ms/v3_10000_01193.avi,10000,1,0,-1.3328,-7.6546,-10.4654,-11.4647,-10.7152,8,b,NO,NO.
order_forced,data/videos_v3/int_10000ms/v3_10000_01193.avi,10000,1,1,-0.3747,-1.9825,-1.6078,-8.2306,-8.9785,8,b,The,The blue triangle moved first.
interval,data/videos_v3/int_10000ms/v3_10000_01193.avi,10000,D,B,,-1.4749,-1.0968,-1.4792,-1.6033,8,b,(B,(B) 1-2 seconds
order_real,data/videos_v3/int_10000ms/v3_10000_01194.avi,10000,1,0,-1.4102,-9.9645,-10.4629,-11.6494,-10.9632,8,a,NO,NO.
order_rev,data/videos_v3/int_10000ms/v3_10000_01194.avi,10000,1,0,-0.8072,-7.7412,-10.5522,-11.3641,-10.8644,8,a,NO,NO.
order_forced,data/videos_v3/int_10000ms/v3_10000_01194.avi,10000,1,1,0.0001,-1.2153,-1.2154,-6.5896,-9.0884,8,a,The,The yellow square moved first.
interval,data/videos_v3/int_10000ms/v3_10000_01194.avi,10000,D,A,,-1.3193,-1.298,-1.5797,-1.5732,8,a,(A,(A) Less than 1 second
order_real,data/videos_v3/int_10000ms/v3_10000_01195.avi,10000,1,0,-2.89,-10.3269,-10.888,-11.95,-11.3255,8,b,NO,NO.
order_rev,data/videos_v3/int_10000ms/v3_10000_01195.avi,10000,1,0,-1.3143,-8.0964,-10.6574,-11.4694,-10.9696,8,b,NO,NO.
order_forced,data/videos_v3/int_10000ms/v3_10000_01195.avi,10000,1,1,-0.3749,-1.4597,-1.0848,-6.4588,-8.5828,8,b,The,The yellow circle moved first.
interval,data/videos_v3/int_10000ms/v3_10000_01195.avi,10000,D,D,,-1.4061,-1.3958,-1.5361,-1.2846,8,b,(D,(D) More than 5 seconds.
order_real,data/videos_v3/int_10000ms/v3_10000_01196.avi,10000,0,0,-1.9708,-9.9864,-10.4223,-11.5471,-11.1095,8,a,NO,NO.
order_rev,data/videos_v3/int_10000ms/v3_10000_01196.avi,10000,0,0,-1.0491,-7.6881,-10.4365,-11.311,-10.8108,8,a,NO,NO.
order_forced,data/videos_v3/int_10000ms/v3_10000_01196.avi,10000,0,0,-0.3748,-1.7541,-1.3793,-6.0029,-8.7498,8,a,The,The red circle moved first.
interval,data/videos_v3/int_10000ms/v3_10000_01196.avi,10000,D,A,,-1.322,-1.2997,-1.5778,-1.4501,8,a,(A,(A) Less than 1 second
order_real,data/videos_v3/int_10000ms/v3_10000_01197.avi,10000,0,0,-3.2494,-10.0484,-10.7972,-11.7342,-11.2971,8,a,NO,NO.
order_rev,data/videos_v3/int_10000ms/v3_10000_01197.avi,10000,0,0,-1.6506,-8.0632,-10.6869,-11.2491,-10.8115,8,a,NO,NO.
order_forced,data/videos_v3/int_10000ms/v3_10000_01197.avi,10000,0,0,-0.2498,-1.5191,-1.2693,-5.5185,-9.2647,8,a,The,The green circle moved first.
interval,data/videos_v3/int_10000ms/v3_10000_01197.avi,10000,D,A,,-1.3896,-1.3443,-1.6435,-1.3896,8,a,(A,(A) Less than 1 second
order_real,data/videos_v3/int_10000ms/v3_10000_01198.avi,10000,0,0,-2.471,-9.9991,-10.6225,-11.6847,-10.9977,8,a,NO,NO.
order_rev,data/videos_v3/int_10000ms/v3_10000_01198.avi,10000,0,0,-1.0495,-7.9366,-10.56,-11.3097,-10.747,8,a,NO,NO.
order_forced,data/videos_v3/int_10000ms/v3_10000_01198.avi,10000,0,1,0.0002,-1.4481,-1.4483,-6.1973,-8.819,8,a,The,The magenta circle moved first.
interval,data/videos_v3/int_10000ms/v3_10000_01198.avi,10000,D,B,,-1.3733,-1.2392,-1.5027,-1.5,8,a,(B,(B) 1-2 seconds
order_real,data/videos_v3/int_10000ms/v3_10000_01199.avi,10000,1,0,-1.2485,-9.8888,-10.1998,-11.5117,-10.8247,8,b,NO,NO.
order_rev,data/videos_v3/int_10000ms/v3_10000_01199.avi,10000,1,0,-0.0496,-7.6797,-10.491,-11.303,-10.8027,8,b,NO,NO.
order_forced,data/videos_v3/int_10000ms/v3_10000_01199.avi,10000,1,0,-0.2497,-1.8717,-1.622,-6.9948,-8.4922,8,b,The,The green triangle moved first.
interval,data/videos_v3/int_10000ms/v3_10000_01199.avi,10000,D,B,,-1.4342,-1.1667,-1.4387,-1.6815,8,b,(B,(B) 1-2 seconds
order_blank,data/blank_videos/blank/blank_0000.mp4,0,-1,0,-0.4893,-9.1282,-9.8744,-10.8114,-10.3743,8,a,NO,NO.
order_blank,data/blank_videos/blank/blank_0001.mp4,0,-1,0,-0.4893,-9.1282,-9.8744,-10.8114,-10.3743,8,a,NO,NO.
order_blank,data/blank_videos/blank/blank_0002.mp4,0,-1,0,-0.4893,-9.1282,-9.8744,-10.8114,-10.3743,8,a,NO,NO.
order_blank,data/blank_videos/blank/blank_0003.mp4,0,-1,0,-0.4893,-9.1282,-9.8744,-10.8114,-10.3743,8,a,NO,NO.
order_blank,data/blank_videos/blank/blank_0004.mp4,0,-1,0,-0.4893,-9.1282,-9.8744,-10.8114,-10.3743,8,a,NO,NO.
order_blank,data/blank_videos/blank/blank_0005.mp4,0,-1,0,-0.4893,-9.1282,-9.8744,-10.8114,-10.3743,8,a,NO,NO.
order_blank,data/blank_videos/blank/blank_0006.mp4,0,-1,0,-0.4893,-9.1282,-9.8744,-10.8114,-10.3743,8,a,NO,NO.
order_blank,data/blank_videos/blank/blank_0007.mp4,0,-1,0,-0.4893,-9.1282,-9.8744,-10.8114,-10.3743,8,a,NO,NO.
order_blank,data/blank_videos/blank/blank_0008.mp4,0,-1,0,-0.4893,-9.1282,-9.8744,-10.8114,-10.3743,8,a,NO,NO.
order_blank,data/blank_videos/blank/blank_0009.mp4,0,-1,0,-0.4893,-9.1282,-9.8744,-10.8114,-10.3743,8,a,NO,NO.
order_blank,data/blank_videos/blank/blank_0010.mp4,0,-1,0,-0.4893,-9.1282,-9.8744,-10.8114,-10.3743,8,a,NO,NO.
order_blank,data/blank_videos/blank/blank_0011.mp4,0,-1,0,-0.4893,-9.1282,-9.8744,-10.8114,-10.3743,8,a,NO,NO.
order_blank,data/blank_videos/blank/blank_0012.mp4,0,-1,0,-0.4893,-9.1282,-9.8744,-10.8114,-10.3743,8,a,NO,NO.
order_blank,data/blank_videos/blank/blank_0013.mp4,0,-1,0,-0.4893,-9.1282,-9.8744,-10.8114,-10.3743,8,a,NO,NO.
order_blank,data/blank_videos/blank/blank_0014.mp4,0,-1,0,-0.4893,-9.1282,-9.8744,-10.8114,-10.3743,8,a,NO,NO.
order_blank,data/blank_videos/blank/blank_0015.mp4,0,-1,0,-0.4893,-9.1282,-9.8744,-10.8114,-10.3743,8,a,NO,NO.
order_blank,data/blank_videos/blank/blank_0016.mp4,0,-1,0,-0.4893,-9.1282,-9.8744,-10.8114,-10.3743,8,a,NO,NO.
order_blank,data/blank_videos/blank/blank_0017.mp4,0,-1,0,-0.4893,-9.1282,-9.8744,-10.8114,-10.3743,8,a,NO,NO.
order_blank,data/blank_videos/blank/blank_0018.mp4,0,-1,0,-0.4893,-9.1282,-9.8744,-10.8114,-10.3743,8,a,NO,NO.
order_blank,data/blank_videos/blank/blank_0019.mp4,0,-1,0,-0.4893,-9.1282,-9.8744,-10.8114,-10.3743,8,a,NO,NO.
order_blank,data/blank_videos/blank/blank_0020.mp4,0,-1,0,-0.4893,-9.1282,-9.8744,-10.8114,-10.3743,8,a,NO,NO.
order_blank,data/blank_videos/blank/blank_0021.mp4,0,-1,0,-0.4893,-9.1282,-9.8744,-10.8114,-10.3743,8,a,NO,NO.
order_blank,data/blank_videos/blank/blank_0022.mp4,0,-1,0,-0.4893,-9.1282,-9.8744,-10.8114,-10.3743,8,a,NO,NO.
order_blank,data/blank_videos/blank/blank_0023.mp4,0,-1,0,-0.4893,-9.1282,-9.8744,-10.8114,-10.3743,8,a,NO,NO.
order_blank,data/blank_videos/blank/blank_0024.mp4,0,-1,0,-0.4893,-9.1282,-9.8744,-10.8114,-10.3743,8,a,NO,NO.
order_blank,data/blank_videos/blank/blank_0025.mp4,0,-1,0,-0.4893,-9.1282,-9.8744,-10.8114,-10.3743,8,a,NO,NO.
order_blank,data/blank_videos/blank/blank_0026.mp4,0,-1,0,-0.4893,-9.1282,-9.8744,-10.8114,-10.3743,8,a,NO,NO.
order_blank,data/blank_videos/blank/blank_0027.mp4,0,-1,0,-0.4893,-9.1282,-9.8744,-10.8114,-10.3743,8,a,NO,NO.
order_blank,data/blank_videos/blank/blank_0028.mp4,0,-1,0,-0.4893,-9.1282,-9.8744,-10.8114,-10.3743,8,a,NO,NO.
order_blank,data/blank_videos/blank/blank_0029.mp4,0,-1,0,-0.4893,-9.1282,-9.8744,-10.8114,-10.3743,8,a,NO,NO.
order_blank,data/blank_videos/blank/blank_0030.mp4,0,-1,0,-0.4893,-9.1282,-9.8744,-10.8114,-10.3743,8,a,NO,NO.
order_blank,data/blank_videos/blank/blank_0031.mp4,0,-1,0,-0.4893,-9.1282,-9.8744,-10.8114,-10.3743,8,a,NO,NO.
order_blank,data/blank_videos/blank/blank_0032.mp4,0,-1,0,-0.4893,-9.1282,-9.8744,-10.8114,-10.3743,8,a,NO,NO.
order_blank,data/blank_videos/blank/blank_0033.mp4,0,-1,0,-0.4893,-9.1282,-9.8744,-10.8114,-10.3743,8,a,NO,NO.
order_blank,data/blank_videos/blank/blank_0034.mp4,0,-1,0,-0.4893,-9.1282,-9.8744,-10.8114,-10.3743,8,a,NO,NO.
order_blank,data/blank_videos/blank/blank_0035.mp4,0,-1,0,-0.4893,-9.1282,-9.8744,-10.8114,-10.3743,8,a,NO,NO.
order_blank,data/blank_videos/blank/blank_0036.mp4,0,-1,0,-0.4893,-9.1282,-9.8744,-10.8114,-10.3743,8,a,NO,NO.
order_blank,data/blank_videos/blank/blank_0037.mp4,0,-1,0,-0.4893,-9.1282,-9.8744,-10.8114,-10.3743,8,a,NO,NO.
order_blank,data/blank_videos/blank/blank_0038.mp4,0,-1,0,-0.4893,-9.1282,-9.8744,-10.8114,-10.3743,8,a,NO,NO.
order_blank,data/blank_videos/blank/blank_0039.mp4,0,-1,0,-0.4893,-9.1282,-9.8744,-10.8114,-10.3743,8,a,NO,NO.
order_blank,data/blank_videos/blank/blank_0040.mp4,0,-1,0,-0.4893,-9.1282,-9.8744,-10.8114,-10.3743,8,a,NO,NO.
order_blank,data/blank_videos/blank/blank_0041.mp4,0,-1,0,-0.4893,-9.1282,-9.8744,-10.8114,-10.3743,8,a,NO,NO.
order_blank,data/blank_videos/blank/blank_0042.mp4,0,-1,0,-0.4893,-9.1282,-9.8744,-10.8114,-10.3743,8,a,NO,NO.
order_blank,data/blank_videos/blank/blank_0043.mp4,0,-1,0,-0.4893,-9.1282,-9.8744,-10.8114,-10.3743,8,a,NO,NO.
order_blank,data/blank_videos/blank/blank_0044.mp4,0,-1,0,-0.4893,-9.1282,-9.8744,-10.8114,-10.3743,8,a,NO,NO.
order_blank,data/blank_videos/blank/blank_0045.mp4,0,-1,0,-0.4893,-9.1282,-9.8744,-10.8114,-10.3743,8,a,NO,NO.
order_blank,data/blank_videos/blank/blank_0046.mp4,0,-1,0,-0.4893,-9.1282,-9.8744,-10.8114,-10.3743,8,a,NO,NO.
order_blank,data/blank_videos/blank/blank_0047.mp4,0,-1,0,-0.4893,-9.1282,-9.8744,-10.8114,-10.3743,8,a,NO,NO.
order_blank,data/blank_videos/blank/blank_0048.mp4,0,-1,0,-0.4893,-9.1282,-9.8744,-10.8114,-10.3743,8,a,NO,NO.
order_blank,data/blank_videos/blank/blank_0049.mp4,0,-1,0,-0.4893,-9.1282,-9.8744,-10.8114,-10.3743,8,a,NO,NO.
