item,path,interval_ms,gt,pred,margin,lpA,lpB,lpC,lpD,n_frames,queried,top_token,response
order_real,data/videos_v3/int_67ms/v3_67_00000.avi,67,1,0,-0.7827,-9.2235,-11.5829,-11.872,-11.4032,8,b,No,No
order_rev,data/videos_v3/int_67ms/v3_67_00000.avi,67,1,0,-0.7684,-9.1182,-11.8526,-12.251,-11.4854,8,b,No,No
order_forced,data/videos_v3/int_67ms/v3_67_00000.avi,67,1,1,0.4844,-0.5517,-1.0361,-3.0674,-5.9267,8,b,A,A
interval,data/videos_v3/int_67ms/v3_67_00000.avi,67,A,B,,-1.5892,-1.2299,-1.3549,-1.5736,8,b,B,B
order_32f,data/videos_v3/int_67ms/v3_67_00000.avi,67,1,0,-0.5202,-8.8906,-11.789,-11.8203,-11.6484,32,b,No,No.
moved_real,data/videos_v3/int_67ms/v3_67_00000.avi,67,1,0,-1.6735,-9.7812,-13.2734,-12.875,-12.4375,8,b,No,No.
moved_twin,data/twin_v3/v3_67_00000.avi,67,0,0,-1.8425,-9.7041,-13.2432,-12.9307,-12.3916,8,b,No,No.
still_real,data/videos_v3/int_67ms/v3_67_00000.avi,67,0,1,0.44,-9.6115,-10.2756,-12.4474,-11.6818,8,b,Yes,"Yes, both shapes stayed still the whole"
still_twin,data/twin_v3/v3_67_00000.avi,67,1,1,0.6504,-9.4828,-10.0609,-12.2953,-11.6234,8,b,Yes,"Yes, both shapes stayed still the whole"
order_twin,data/twin_v3/v3_67_00000.avi,67,-1,0,-0.9077,-9.1883,-11.6258,-11.954,-11.4774,8,b,No,No
moved_solo_hit,data/videos_v3/int_67ms/v3_67_00000_solob.avi,67,1,0,-1.532,-9.6378,-13.1456,-12.8643,-12.3175,8,b,No,No.
moved_solo_fa,data/videos_v3/int_67ms/v3_67_00000_soloa.avi,67,0,0,-1.8961,-9.8341,-13.3888,-13.0138,-12.5216,8,b,No,No.
order_real,data/videos_v3/int_67ms/v3_67_00001.avi,67,1,0,-0.9702,-9.3752,-11.5706,-12.1877,-11.5237,8,b,No,No
order_rev,data/videos_v3/int_67ms/v3_67_00001.avi,67,1,0,-0.851,-9.6183,-12.2511,-12.7824,-11.8371,8,b,No,No
order_forced,data/videos_v3/int_67ms/v3_67_00001.avi,67,1,1,0.4219,-0.5431,-0.965,-3.59,-6.0431,8,b,A,A
interval,data/videos_v3/int_67ms/v3_67_00001.avi,67,A,B,,-1.8776,-1.1589,-1.2995,-1.4714,8,b,B,B
order_32f,data/videos_v3/int_67ms/v3_67_00001.avi,67,1,0,-0.6576,-8.8358,-11.6327,-12.0702,-11.5936,32,b,No,No.
moved_real,data/videos_v3/int_67ms/v3_67_00001.avi,67,1,0,-1.5533,-9.8532,-13.0719,-13.025,-12.4625,8,b,No,No.
moved_twin,data/twin_v3/v3_67_00001.avi,67,0,0,-1.5304,-9.8713,-13.1057,-12.9807,-12.4651,8,b,No,No.
still_real,data/videos_v3/int_67ms/v3_67_00001.avi,67,0,1,0.086,-9.6915,-10.7071,-12.6212,-11.8946,8,b,Yes,"Yes, both shapes stayed still the entire"
still_twin,data/twin_v3/v3_67_00001.avi,67,1,1,0.1556,-9.6509,-10.6431,-12.6118,-11.8618,8,b,Yes,"Yes, both shapes stayed still the whole"
order_twin,data/twin_v3/v3_67_00001.avi,67,-1,0,-0.882,-9.3736,-11.6158,-12.1079,-11.5376,8,b,No,No
moved_solo_hit,data/videos_v3/int_67ms/v3_67_00001_solob.avi,67,1,0,-1.3954,-9.8623,-13.0342,-12.9404,-12.4404,8,b,No,No.
moved_solo_fa,data/videos_v3/int_67ms/v3_67_00001_soloa.avi,67,0,0,-1.6734,-9.9365,-13.2178,-13.1318,-12.5537,8,b,No,No.
order_real,data/videos_v3/int_67ms/v3_67_00002.avi,67,1,0,-0.8979,-9.3127,-11.5939,-12.3595,-11.4299,8,a,No,No
order_rev,data/videos_v3/int_67ms/v3_67_00002.avi,67,1,0,-0.9486,-9.201,-11.8963,-12.5916,-11.5994,8,a,No,No
order_forced,data/videos_v3/int_67ms/v3_67_00002.avi,67,1,1,0.3594,-0.579,-0.9384,-3.704,-5.7353,8,a,A,A
interval,data/videos_v3/int_67ms/v3_67_00002.avi,67,A,B,,-1.5468,-1.25,-1.3593,-1.5937,8,a,B,B
order_32f,data/videos_v3/int_67ms/v3_67_00002.avi,67,1,0,-0.9714,-8.8027,-11.7168,-12.459,-11.6231,32,a,No,No.
moved_real,data/videos_v3/int_67ms/v3_67_00002.avi,67,1,0,-1.7607,-9.7781,-13.2234,-13.3875,-12.4109,8,a,No,No.
moved_twin,data/twin_v3/v3_67_00002.avi,67,0,0,-1.466,-9.5587,-12.9571,-13.1603,-12.1993,8,a,No,No.
still_real,data/videos_v3/int_67ms/v3_67_00002.avi,67,0,1,0.2179,-9.7692,-10.5426,-12.6833,-11.7379,8,a,Yes,"Yes, both shapes stayed still the entire"
still_twin,data/twin_v3/v3_67_00002.avi,67,1,0,-0.0964,-9.6904,-10.7686,-12.7061,-11.7139,8,a,No,"No, in this video, one of"
order_twin,data/twin_v3/v3_67_00002.avi,67,-1,0,-0.7862,-9.191,-11.4566,-12.2535,-11.316,8,a,No,No
moved_solo_hit,data/videos_v3/int_67ms/v3_67_00002_soloa.avi,67,1,0,-1.6093,-9.7215,-13.1277,-13.2918,-12.3309,8,a,No,No.
moved_solo_fa,data/videos_v3/int_67ms/v3_67_00002_solob.avi,67,0,0,-1.6481,-9.6675,-13.1362,-13.3393,-12.3628,8,a,No,No.
order_real,data/videos_v3/int_67ms/v3_67_00003.avi,67,0,0,-0.7116,-9.2582,-11.6176,-11.9379,-11.4848,8,a,No,No
order_rev,data/videos_v3/int_67ms/v3_67_00003.avi,67,0,0,-0.7979,-9.0843,-11.7953,-12.0921,-11.4593,8,a,No,No
order_forced,data/videos_v3/int_67ms/v3_67_00003.avi,67,0,1,0.4688,-0.5389,-1.0077,-3.1952,-5.6171,8,a,A,A
interval,data/videos_v3/int_67ms/v3_67_00003.avi,67,A,B,,-1.583,-1.2705,-1.3173,-1.5517,8,a,B,B
order_32f,data/videos_v3/int_67ms/v3_67_00003.avi,67,0,0,-0.7299,-9.0364,-12.0129,-12.1535,-11.8801,32,a,No,No.
moved_real,data/videos_v3/int_67ms/v3_67_00003.avi,67,1,0,-1.3631,-9.5436,-12.8249,-13.0671,-12.1764,8,a,No,No.
moved_twin,data/twin_v3/v3_67_00003.avi,67,0,0,-1.5075,-9.5996,-12.9043,-13.1387,-12.248,8,a,No,No.
still_real,data/videos_v3/int_67ms/v3_67_00003.avi,67,0,1,0.2605,-9.7755,-10.4864,-12.6739,-11.8302,8,a,Yes,"Yes, both shapes stayed still the entire"
still_twin,data/twin_v3/v3_67_00003.avi,67,1,1,0.2505,-9.756,-10.4825,-12.6778,-11.8185,8,a,Yes,"Yes, both shapes stayed still the entire"
order_twin,data/twin_v3/v3_67_00003.avi,67,-1,0,-0.6989,-9.3117,-11.6711,-11.9836,-11.5617,8,a,No,No
moved_solo_hit,data/videos_v3/int_67ms/v3_67_00003_soloa.avi,67,1,0,-1.4725,-9.6131,-12.8787,-13.1131,-12.2068,8,a,No,No.
moved_solo_fa,data/videos_v3/int_67ms/v3_67_00003_solob.avi,67,0,0,-1.5109,-9.5856,-12.906,-13.1325,-12.2497,8,a,No,No.
order_real,data/videos_v3/int_67ms/v3_67_00004.avi,67,0,0,-0.7543,-9.2215,-11.5965,-12.4246,-11.4558,8,b,No,No
order_rev,data/videos_v3/int_67ms/v3_67_00004.avi,67,0,0,-0.8208,-9.2043,-11.798,-12.6183,-11.4308,8,b,No,No
order_forced,data/videos_v3/int_67ms/v3_67_00004.avi,67,0,1,0.2969,-0.5872,-0.8841,-4.0716,-5.6966,8,b,A,A
interval,data/videos_v3/int_67ms/v3_67_00004.avi,67,A,B,,-1.6178,-1.1647,-1.3678,-1.6178,8,b,B,B
order_32f,data/videos_v3/int_67ms/v3_67_00004.avi,67,0,0,-0.6954,-8.6978,-11.5181,-12.2915,-11.6275,32,b,No,No.
moved_real,data/videos_v3/int_67ms/v3_67_00004.avi,67,1,0,-1.4795,-9.6238,-12.9051,-13.2098,-12.2645,8,b,No,No.
moved_twin,data/twin_v3/v3_67_00004.avi,67,0,0,-1.3329,-9.5259,-12.7837,-13.0415,-12.2056,8,b,No,No.
still_real,data/videos_v3/int_67ms/v3_67_00004.avi,67,0,1,0.3795,-9.805,-10.4847,-12.7191,-11.6566,8,b,Yes,"Yes, both shapes stayed still the whole"
still_twin,data/twin_v3/v3_67_00004.avi,67,1,1,0.4827,-9.6704,-10.3891,-12.5844,-11.6079,8,b,Yes,"Yes, both shapes stayed still the whole"
order_twin,data/twin_v3/v3_67_00004.avi,67,-1,0,-0.8282,-9.2153,-11.6919,-12.4341,-11.5044,8,b,No,No
moved_solo_hit,data/videos_v3/int_67ms/v3_67_00004_solob.avi,67,1,0,-1.4818,-9.6386,-12.834,-13.123,-12.2793,8,b,No,No.
moved_solo_fa,data/videos_v3/int_67ms/v3_67_00004_soloa.avi,67,0,0,-1.7058,-9.8307,-13.112,-13.3542,-12.4245,8,b,No,No.
order_real,data/videos_v3/int_67ms/v3_67_00005.avi,67,0,0,-0.8161,-9.215,-11.715,-11.7384,-11.4728,8,a,No,No
order_rev,data/videos_v3/int_67ms/v3_67_00005.avi,67,0,0,-0.9199,-9.1991,-11.9804,-12.1757,-11.5038,8,a,No,No
order_forced,data/videos_v3/int_67ms/v3_67_00005.avi,67,0,1,0.5,-0.5367,-1.0367,-3.3492,-5.9742,8,a,A,A
interval,data/videos_v3/int_67ms/v3_67_00005.avi,67,A,B,,-1.5102,-1.3227,-1.354,-1.5258,8,a,B,B
order_32f,data/videos_v3/int_67ms/v3_67_00005.avi,67,0,0,-0.8311,-9.1116,-12.2835,-11.9631,-12.0335,32,a,No,No.
moved_real,data/videos_v3/int_67ms/v3_67_00005.avi,67,1,0,-1.6701,-9.616,-13.0769,-13.2488,-12.2176,8,a,No,No.
moved_twin,data/twin_v3/v3_67_00005.avi,67,0,0,-1.7824,-9.7113,-13.2425,-13.3832,-12.3519,8,a,No,No.
still_real,data/videos_v3/int_67ms/v3_67_00005.avi,67,0,1,0.3314,-9.5836,-10.3805,-12.4898,-11.6148,8,a,Yes,"Yes, both shapes stayed still the entire"
still_twin,data/twin_v3/v3_67_00005.avi,67,1,1,0.6085,-9.6602,-10.3555,-12.5274,-11.7071,8,a,Yes,"Yes, both shapes stayed still the entire"
order_twin,data/twin_v3/v3_67_00005.avi,67,-1,0,-0.8783,-9.2513,-11.7826,-11.7826,-11.517,8,a,No,No
moved_solo_hit,data/videos_v3/int_67ms/v3_67_00005_soloa.avi,67,1,0,-1.8349,-9.7323,-13.1933,-13.3808,-12.3495,8,a,No,No.
moved_solo_fa,data/videos_v3/int_67ms/v3_67_00005_solob.avi,67,0,0,-1.5844,-9.601,-13.1322,-13.2885,-12.2494,8,a,No,No.
order_real,data/videos_v3/int_67ms/v3_67_00006.avi,67,1,0,-1.5159,-9.5371,-11.8496,-12.8106,-11.6856,8,b,No,No
order_rev,data/videos_v3/int_67ms/v3_67_00006.avi,67,1,0,-0.9581,-9.2567,-11.8348,-12.7333,-11.6161,8,b,No,No
order_forced,data/videos_v3/int_67ms/v3_67_00006.avi,67,1,1,0.6406,-0.4692,-1.1098,-3.9223,-5.9848,8,b,A,A
interval,data/videos_v3/int_67ms/v3_67_00006.avi,67,A,B,,-1.6512,-1.2137,-1.4012,-1.4637,8,b,B,B
order_32f,data/videos_v3/int_67ms/v3_67_00006.avi,67,1,0,-1.1218,-8.7124,-11.5796,-12.4468,-11.4624,32,b,No,No.
moved_real,data/videos_v3/int_67ms/v3_67_00006.avi,67,1,0,-2.3679,-10.1494,-13.3603,-13.9228,-12.7587,8,b,No,No.
moved_twin,data/twin_v3/v3_67_00006.avi,67,0,0,-2.1872,-10.0233,-13.2343,-13.7499,-12.5624,8,b,No,No.
still_real,data/videos_v3/int_67ms/v3_67_00006.avi,67,0,1,0.2135,-9.7355,-10.5871,-12.673,-11.798,8,b,Yes,"Yes, both shapes stayed still the whole"
still_twin,data/twin_v3/v3_67_00006.avi,67,1,1,0.0005,-9.6281,-10.4875,-12.5656,-11.6359,8,b,Yes,"Yes, both shapes stayed still the entire"
order_twin,data/twin_v3/v3_67_00006.avi,67,-1,0,-1.4666,-9.4428,-11.7709,-12.6928,-11.5522,8,b,No,No
moved_solo_hit,data/videos_v3/int_67ms/v3_67_00006_solob.avi,67,1,0,-2.5342,-10.3153,-13.534,-14.0809,-12.8934,8,b,No,No.
moved_solo_fa,data/videos_v3/int_67ms/v3_67_00006_soloa.avi,67,0,0,-2.1598,-9.9708,-13.2208,-13.7442,-12.588,8,b,No,No.
order_real,data/videos_v3/int_67ms/v3_67_00007.avi,67,0,0,-1.0476,-9.2271,-11.4771,-12.4536,-11.3989,8,b,No,No
order_rev,data/videos_v3/int_67ms/v3_67_00007.avi,67,0,0,-0.7776,-9.0235,-11.5626,-12.4064,-11.422,8,b,No,No
order_forced,data/videos_v3/int_67ms/v3_67_00007.avi,67,0,1,0.1719,-0.6533,-0.8252,-4.0283,-5.8877,8,b,A,A
interval,data/videos_v3/int_67ms/v3_67_00007.avi,67,A,B,,-1.6559,-1.2184,-1.3747,-1.5622,8,b,B,B
order_32f,data/videos_v3/int_67ms/v3_67_00007.avi,67,0,0,-0.9445,-8.8525,-11.7275,-12.3915,-11.6884,32,b,No,No.
moved_real,data/videos_v3/int_67ms/v3_67_00007.avi,67,1,0,-1.6553,-9.7131,-12.8693,-13.2756,-12.2678,8,b,No,No.
moved_twin,data/twin_v3/v3_67_00007.avi,67,0,0,-1.722,-9.7901,-12.9151,-13.3214,-12.3292,8,b,No,No.
still_real,data/videos_v3/int_67ms/v3_67_00007.avi,67,0,1,0.2142,-9.7192,-10.5005,-12.6567,-11.6801,8,b,Yes,"Yes, both shapes stayed still the whole"
still_twin,data/twin_v3/v3_67_00007.avi,67,1,1,0.2673,-9.6959,-10.5397,-12.6881,-11.7115,8,b,Yes,"Yes, both shapes stayed still the whole"
order_twin,data/twin_v3/v3_67_00007.avi,67,-1,0,-1.1298,-9.2603,-11.4947,-12.4791,-11.4244,8,b,No,No
moved_solo_hit,data/videos_v3/int_67ms/v3_67_00007_solob.avi,67,1,0,-1.6518,-9.7335,-12.8897,-13.3116,-12.2881,8,b,No,No.
moved_solo_fa,data/videos_v3/int_67ms/v3_67_00007_soloa.avi,67,0,0,-1.7592,-9.8058,-12.923,-13.3215,-12.298,8,b,No,No.
order_real,data/videos_v3/int_67ms/v3_67_00008.avi,67,1,0,-0.8097,-9.4173,-11.6595,-12.1439,-11.5267,8,b,No,No
order_rev,data/videos_v3/int_67ms/v3_67_00008.avi,67,1,0,-0.9784,-9.4116,-12.0053,-12.4428,-11.8256,8,b,No,No
order_forced,data/videos_v3/int_67ms/v3_67_00008.avi,67,1,1,0.375,-0.5775,-0.9525,-3.2494,-6.3744,8,b,A,A
interval,data/videos_v3/int_67ms/v3_67_00008.avi,67,A,B,,-1.5753,-1.1847,-1.3722,-1.6066,8,b,B,B
order_32f,data/videos_v3/int_67ms/v3_67_00008.avi,67,1,0,-0.5031,-9.0595,-11.7626,-12.036,-11.7626,32,b,No,No.
moved_real,data/videos_v3/int_67ms/v3_67_00008.avi,67,1,0,-1.3485,-9.6494,-12.8681,-12.8681,-12.3212,8,b,No,No.
moved_twin,data/twin_v3/v3_67_00008.avi,67,0,0,-1.5641,-9.6382,-12.8804,-12.896,-12.2398,8,b,No,No.
still_real,data/videos_v3/int_67ms/v3_67_00008.avi,67,0,1,0.5286,-9.8047,-10.5703,-12.8125,-12.0469,8,b,Yes,"Yes, both shapes stayed still the whole"
still_twin,data/twin_v3/v3_67_00008.avi,67,1,1,0.3058,-9.7392,-10.5908,-12.7002,-11.958,8,b,Yes,"Yes, both shapes stayed still the whole"
order_twin,data/twin_v3/v3_67_00008.avi,67,-1,0,-0.8288,-9.3339,-11.5761,-12.1074,-11.4277,8,b,No,No
moved_solo_hit,data/videos_v3/int_67ms/v3_67_00008_solob.avi,67,1,0,-1.4321,-9.6282,-12.8392,-12.8939,-12.2532,8,b,No,No.
moved_solo_fa,data/videos_v3/int_67ms/v3_67_00008_soloa.avi,67,0,0,-1.4701,-9.6569,-12.9147,-12.9225,-12.3444,8,b,No,No.
order_real,data/videos_v3/int_67ms/v3_67_00009.avi,67,0,0,-0.4563,-9.2314,-11.3017,-11.958,-11.4267,8,b,No,No
order_rev,data/videos_v3/int_67ms/v3_67_00009.avi,67,0,0,-0.9581,-9.2943,-11.7006,-12.4115,-11.5912,8,b,No,No
order_forced,data/videos_v3/int_67ms/v3_67_00009.avi,67,0,1,0.3906,-0.5658,-0.9564,-3.6596,-6.0033,8,b,A,A
interval,data/videos_v3/int_67ms/v3_67_00009.avi,67,A,B,,-1.5476,-1.2507,-1.3288,-1.5632,8,b,B,B
order_32f,data/videos_v3/int_67ms/v3_67_00009.avi,67,0,0,-0.3329,-8.8363,-11.4066,-11.93,-11.9066,32,b,No,No.
moved_real,data/videos_v3/int_67ms/v3_67_00009.avi,67,1,0,-1.8225,-9.7412,-13.038,-13.2958,-12.4052,8,b,No,No.
moved_twin,data/twin_v3/v3_67_00009.avi,67,0,0,-1.649,-9.5453,-12.7562,-13.1,-12.1937,8,b,No,No.
still_real,data/videos_v3/int_67ms/v3_67_00009.avi,67,0,1,0.8344,-9.7353,-9.9384,-12.3603,-11.6493,8,b,Yes,"Yes, both shapes stayed still the whole"
still_twin,data/twin_v3/v3_67_00009.avi,67,1,1,0.6679,-9.6794,-9.9762,-12.3434,-11.5856,8,b,Yes,"Yes, both shapes stayed still the whole"
order_twin,data/twin_v3/v3_67_00009.avi,67,-1,0,-0.4335,-9.2487,-11.3034,-11.9987,-11.4518,8,b,No,No
moved_solo_hit,data/videos_v3/int_67ms/v3_67_00009_solob.avi,67,1,0,-1.7743,-9.6868,-12.9056,-13.2415,-12.3353,8,b,No,No.
moved_solo_fa,data/videos_v3/int_67ms/v3_67_00009_soloa.avi,67,0,0,-1.7251,-9.6299,-12.8955,-13.1924,-12.2939,8,b,No,No.
order_real,data/videos_v3/int_67ms/v3_67_00010.avi,67,1,0,-0.7632,-9.4216,-11.7575,-12.0388,-11.6169,8,b,No,No
order_rev,data/videos_v3/int_67ms/v3_67_00010.avi,67,1,0,-1.2873,-9.7044,-12.4544,-12.7512,-12.0716,8,b,No,No
order_forced,data/videos_v3/int_67ms/v3_67_00010.avi,67,1,1,0.4687,-0.5298,-0.9985,-3.5454,-6.1235,8,b,A,A
interval,data/videos_v3/int_67ms/v3_67_00010.avi,67,A,B,,-1.5391,-1.2422,-1.4297,-1.5078,8,b,B,B
order_32f,data/videos_v3/int_67ms/v3_67_00010.avi,67,1,0,-0.2045,-8.7846,-11.8471,-11.6049,-11.7846,32,b,No,No.
moved_real,data/videos_v3/int_67ms/v3_67_00010.avi,67,1,0,-1.7427,-10.1266,-13.4625,-13.2203,-12.7828,8,b,No,No.
moved_twin,data/twin_v3/v3_67_00010.avi,67,0,0,-1.8743,-10.0936,-13.5467,-13.2186,-12.8592,8,b,No,No.
still_real,data/videos_v3/int_67ms/v3_67_00010.avi,67,0,1,-0.0475,-9.9029,-10.9966,-12.9107,-12.1451,8,b,Yes,"Yes, both shapes stayed still the whole"
still_twin,data/twin_v3/v3_67_00010.avi,67,1,0,-0.1473,-9.8686,-10.9936,-12.9233,-12.1655,8,b,No,"No, in the video, one of"
order_twin,data/twin_v3/v3_67_00010.avi,67,-1,0,-0.8359,-9.4234,-11.8296,-12.0796,-11.6968,8,b,No,No
moved_solo_hit,data/videos_v3/int_67ms/v3_67_00010_solob.avi,67,1,0,-1.9226,-10.1795,-13.5858,-13.2967,-12.8904,8,b,No,No.
moved_solo_fa,data/videos_v3/int_67ms/v3_67_00010_soloa.avi,67,0,0,-1.7102,-10.0017,-13.4157,-13.111,-12.7282,8,b,No,No.
order_real,data/videos_v3/int_67ms/v3_67_00011.avi,67,1,0,-0.9679,-9.4135,-11.7807,-12.6166,-11.5776,8,a,No,No
order_rev,data/videos_v3/int_67ms/v3_67_00011.avi,67,1,0,-0.8464,-9.0906,-11.6062,-12.5046,-11.489,8,a,No,No
order_forced,data/videos_v3/int_67ms/v3_67_00011.avi,67,1,1,0.2656,-0.602,-0.8676,-4.2582,-5.6957,8,a,A,A
interval,data/videos_v3/int_67ms/v3_67_00011.avi,67,A,B,,-1.6722,-1.1722,-1.3909,-1.6097,8,a,B,B
order_32f,data/videos_v3/int_67ms/v3_67_00011.avi,67,1,0,-0.9182,-8.9498,-11.8092,-12.4576,-11.7936,32,a,No,No.
moved_real,data/videos_v3/int_67ms/v3_67_00011.avi,67,1,0,-2.0124,-9.9774,-13.3211,-13.579,-12.5711,8,a,No,No.
moved_twin,data/twin_v3/v3_67_00011.avi,67,0,0,-2.0028,-10.0031,-13.3312,-13.5656,-12.589,8,a,No,No.
still_real,data/videos_v3/int_67ms/v3_67_00011.avi,67,0,1,0.2112,-9.7484,-10.514,-12.6468,-11.7718,8,a,Yes,"Yes, both shapes stayed still the whole"
still_twin,data/twin_v3/v3_67_00011.avi,67,1,1,0.3391,-9.7505,-10.3911,-12.5786,-11.7349,8,a,Yes,"Yes, both shapes stayed still the whole"
order_twin,data/twin_v3/v3_67_00011.avi,67,-1,0,-0.9989,-9.3996,-11.7433,-12.5793,-11.5793,8,a,No,No
moved_solo_hit,data/videos_v3/int_67ms/v3_67_00011_soloa.avi,67,1,0,-2.0121,-9.9757,-13.3117,-13.5773,-12.5304,8,a,No,No.
moved_solo_fa,data/videos_v3/int_67ms/v3_67_00011_solob.avi,67,0,0,-2.1173,-10.0703,-13.4375,-13.664,-12.664,8,a,No,No.
order_real,data/videos_v3/int_67ms/v3_67_00012.avi,67,0,0,-1.032,-9.3469,-11.6203,-12.5266,-11.55,8,b,No,No
order_rev,data/videos_v3/int_67ms/v3_67_00012.avi,67,0,0,-1.0133,-9.1729,-11.7276,-12.5948,-11.5089,8,b,No,No
order_forced,data/videos_v3/int_67ms/v3_67_00012.avi,67,0,1,0.5938,-0.4995,-1.0933,-4.1089,-5.7183,8,b,A,A
interval,data/videos_v3/int_67ms/v3_67_00012.avi,67,A,B,,-1.5781,-1.2812,-1.3437,-1.4999,8,b,B,B
order_32f,data/videos_v3/int_67ms/v3_67_00012.avi,67,0,0,-1.0162,-8.8795,-11.7311,-12.403,-11.7311,32,b,No,No.
moved_real,data/videos_v3/int_67ms/v3_67_00012.avi,67,1,0,-1.7491,-9.5752,-13.1377,-13.1611,-12.1611,8,b,No,No.
moved_twin,data/twin_v3/v3_67_00012.avi,67,0,0,-1.7433,-9.5466,-13.1247,-13.1013,-12.1403,8,b,No,No.
still_real,data/videos_v3/int_67ms/v3_67_00012.avi,67,0,1,0.539,-9.6026,-10.2744,-12.3135,-11.376,8,b,Yes,"Yes, both shapes, the triangles"
still_twin,data/twin_v3/v3_67_00012.avi,67,1,1,0.5223,-9.6112,-10.3299,-12.2674,-11.369,8,b,Yes,"Yes, both shapes, the triangles"
order_twin,data/twin_v3/v3_67_00012.avi,67,-1,0,-0.9041,-9.309,-11.5747,-12.4887,-11.5356,8,b,No,No
moved_solo_hit,data/videos_v3/int_67ms/v3_67_00012_solob.avi,67,1,0,-1.6248,-9.4575,-12.9497,-13.0122,-12.0591,8,b,No,No.
moved_solo_fa,data/videos_v3/int_67ms/v3_67_00012_soloa.avi,67,0,0,-1.7307,-9.5349,-13.113,-13.1521,-12.1443,8,b,No,No.
order_real,data/videos_v3/int_67ms/v3_67_00013.avi,67,0,0,-0.6204,-9.46,-11.6084,-12.1162,-11.6709,8,a,No,No
order_rev,data/videos_v3/int_67ms/v3_67_00013.avi,67,0,0,-0.7703,-9.4821,-11.9431,-12.5759,-11.8103,8,a,No,No
order_forced,data/videos_v3/int_67ms/v3_67_00013.avi,67,0,1,0.4688,-0.5252,-0.994,-3.5409,-5.8534,8,a,A,A
interval,data/videos_v3/int_67ms/v3_67_00013.avi,67,A,B,,-1.6755,-1.238,-1.2848,-1.488,8,a,B,B
order_32f,data/videos_v3/int_67ms/v3_67_00013.avi,67,0,0,-0.3997,-9.0057,-11.7635,-11.8182,-11.9042,32,a,No,No.
moved_real,data/videos_v3/int_67ms/v3_67_00013.avi,67,1,0,-1.242,-9.6585,-12.7601,-12.5257,-12.2835,8,a,No,No
moved_twin,data/twin_v3/v3_67_00013.avi,67,0,0,-1.1444,-9.5766,-12.6703,-12.3813,-12.1938,8,a,No,No
still_real,data/videos_v3/int_67ms/v3_67_00013.avi,67,0,1,0.0993,-9.8308,-10.8308,-12.7761,-11.948,8,a,Yes,"Yes, both shapes stayed still the whole"
still_twin,data/twin_v3/v3_67_00013.avi,67,1,1,0.1383,-9.7697,-10.8634,-12.7072,-11.9025,8,a,Yes,"Yes, both shapes stayed still the whole"
order_twin,data/twin_v3/v3_67_00013.avi,67,-1,0,-0.6167,-9.4721,-11.6284,-12.0659,-11.6752,8,a,No,No
moved_solo_hit,data/videos_v3/int_67ms/v3_67_00013_soloa.avi,67,1,0,-1.1406,-9.6181,-12.7119,-12.4853,-12.2275,8,a,No,No
moved_solo_fa,data/videos_v3/int_67ms/v3_67_00013_solob.avi,67,0,0,-1.1113,-9.6044,-12.7372,-12.4169,-12.2607,8,a,No,No.
order_real,data/videos_v3/int_67ms/v3_67_00014.avi,67,1,0,-1.023,-9.1776,-11.4979,-12.4042,-11.4198,8,b,No,No
order_rev,data/videos_v3/int_67ms/v3_67_00014.avi,67,1,0,-0.8107,-9.0464,-11.6636,-12.4839,-11.5074,8,b,No,No
order_forced,data/videos_v3/int_67ms/v3_67_00014.avi,67,1,1,0.3125,-0.6049,-0.9174,-3.5424,-5.9643,8,b,A,A
interval,data/videos_v3/int_67ms/v3_67_00014.avi,67,A,B,,-1.5632,-1.2194,-1.3444,-1.6569,8,b,B,B
order_32f,data/videos_v3/int_67ms/v3_67_00014.avi,67,1,0,-0.8491,-8.7715,-11.6934,-12.4356,-11.5997,32,b,No,No.
moved_real,data/videos_v3/int_67ms/v3_67_00014.avi,67,1,0,-2.1343,-9.9887,-13.3637,-13.6527,-12.6059,8,b,No,No.
moved_twin,data/twin_v3/v3_67_00014.avi,67,0,0,-2.0314,-9.8724,-13.2786,-13.5442,-12.5208,8,b,No,No.
still_real,data/videos_v3/int_67ms/v3_67_00014.avi,67,0,1,0.3677,-9.5557,-10.4073,-12.5167,-11.626,8,b,Yes,"Yes, both shapes stayed still the entire"
still_twin,data/twin_v3/v3_67_00014.avi,67,1,1,0.3297,-9.5235,-10.4376,-12.461,-11.6563,8,b,Yes,"Yes, both shapes stayed still the entire"
order_twin,data/twin_v3/v3_67_00014.avi,67,-1,0,-0.9646,-9.1372,-11.4575,-12.3482,-11.4029,8,b,No,No
moved_solo_hit,data/videos_v3/int_67ms/v3_67_00014_solob.avi,67,1,0,-1.9493,-9.8298,-13.1969,-13.4704,-12.4548,8,b,No,No.
moved_solo_fa,data/videos_v3/int_67ms/v3_67_00014_soloa.avi,67,0,0,-2.2007,-10.0415,-13.479,-13.7446,-12.7055,8,b,No,No.
order_real,data/videos_v3/int_67ms/v3_67_00015.avi,67,0,0,-0.9041,-9.2963,-11.6947,-12.476,-11.5541,8,b,No,No
order_rev,data/videos_v3/int_67ms/v3_67_00015.avi,67,0,0,-1.0745,-9.2571,-12.0461,-12.6633,-11.6477,8,b,No,No
order_forced,data/videos_v3/int_67ms/v3_67_00015.avi,67,0,1,0.2969,-0.6104,-0.9073,-3.6104,-5.8917,8,b,A,A
interval,data/videos_v3/int_67ms/v3_67_00015.avi,67,A,B,,-1.4213,-1.3119,-1.3744,-1.6557,8,b,B,B
order_32f,data/videos_v3/int_67ms/v3_67_00015.avi,67,0,0,-0.7575,-8.8837,-11.8915,-12.3759,-11.743,32,b,No,No.
moved_real,data/videos_v3/int_67ms/v3_67_00015.avi,67,1,0,-1.9576,-9.8352,-13.3821,-13.6321,-12.5462,8,b,No,No.
moved_twin,data/twin_v3/v3_67_00015.avi,67,0,0,-2.1024,-10.0311,-13.6326,-13.828,-12.7498,8,b,No,No.
still_real,data/videos_v3/int_67ms/v3_67_00015.avi,67,0,1,0.7056,-9.7597,-10.6581,-12.7128,-11.8144,8,b,Yes,"Yes, both shapes, the square and"
still_twin,data/twin_v3/v3_67_00015.avi,67,1,1,0.6394,-9.8625,-10.8078,-12.839,-11.9875,8,b,Yes,"Yes, both shapes, the square and"
order_twin,data/twin_v3/v3_67_00015.avi,67,-1,0,-1.0839,-9.3954,-11.8329,-12.5361,-11.6376,8,b,No,No
moved_solo_hit,data/videos_v3/int_67ms/v3_67_00015_solob.avi,67,1,0,-2.0277,-9.9432,-13.4901,-13.7323,-12.6542,8,b,No,No.
moved_solo_fa,data/videos_v3/int_67ms/v3_67_00015_soloa.avi,67,0,0,-1.9786,-9.8738,-13.4285,-13.6472,-12.5691,8,b,No,No.
order_real,data/videos_v3/int_67ms/v3_67_00016.avi,67,1,0,-0.9354,-9.284,-11.2215,-12.1981,-11.5028,8,a,No,No
order_rev,data/videos_v3/int_67ms/v3_67_00016.avi,67,1,0,-0.8349,-9.454,-11.9618,-12.7821,-11.7977,8,a,No,No
order_forced,data/videos_v3/int_67ms/v3_67_00016.avi,67,1,1,0.4063,-0.5449,-0.9512,-3.8262,-6.0449,8,a,A,A
interval,data/videos_v3/int_67ms/v3_67_00016.avi,67,A,B,,-1.6258,-1.2039,-1.3758,-1.5164,8,a,B,B
order_32f,data/videos_v3/int_67ms/v3_67_00016.avi,67,1,0,-0.5134,-9.0323,-11.5948,-12.3917,-11.8917,32,a,No,No.
moved_real,data/videos_v3/int_67ms/v3_67_00016.avi,67,1,0,-1.7787,-9.9307,-12.8447,-13.2432,-12.5713,8,a,No,No.
moved_twin,data/twin_v3/v3_67_00016.avi,67,0,0,-1.7119,-9.8892,-12.7486,-13.1314,-12.4751,8,a,No,No.
still_real,data/videos_v3/int_67ms/v3_67_00016.avi,67,0,0,-0.1708,-9.8695,-10.682,-12.9555,-12.0727,8,a,No,"No, in the video, one of"
still_twin,data/twin_v3/v3_67_00016.avi,67,1,0,-0.2509,-9.8448,-10.6651,-12.8917,-12.0167,8,a,No,"No, in the video, one of"
order_twin,data/twin_v3/v3_67_00016.avi,67,-1,0,-0.9528,-9.2596,-11.1893,-12.1268,-11.4549,8,a,No,No
moved_solo_hit,data/videos_v3/int_67ms/v3_67_00016_soloa.avi,67,1,0,-1.8135,-9.9828,-12.8891,-13.2719,-12.5844,8,a,No,No.
moved_solo_fa,data/videos_v3/int_67ms/v3_67_00016_solob.avi,67,0,0,-1.7595,-9.8626,-12.7688,-13.136,-12.4954,8,a,No,No.
order_real,data/videos_v3/int_67ms/v3_67_00017.avi,67,1,0,-0.8435,-9.3706,-11.6909,-12.1674,-11.6674,8,b,No,No.
order_rev,data/videos_v3/int_67ms/v3_67_00017.avi,67,1,0,-1.2101,-9.2681,-11.9791,-12.6275,-11.7447,8,b,No,No
order_forced,data/videos_v3/int_67ms/v3_67_00017.avi,67,1,1,0.4844,-0.5206,-1.005,-3.88,-6.4113,8,b,A,A
interval,data/videos_v3/int_67ms/v3_67_00017.avi,67,A,B,,-1.5514,-1.2233,-1.4421,-1.5514,8,b,B,B
order_32f,data/videos_v3/int_67ms/v3_67_00017.avi,67,1,0,-0.7554,-8.9518,-12.0065,-12.1159,-11.9362,32,b,No,No.
moved_real,data/videos_v3/int_67ms/v3_67_00017.avi,67,1,0,-2.0104,-9.9223,-13.3988,-13.3285,-12.8051,8,b,No,No.
moved_twin,data/twin_v3/v3_67_00017.avi,67,0,0,-2.3885,-10.3433,-13.8745,-13.7339,-13.2339,8,b,No,No.
still_real,data/videos_v3/int_67ms/v3_67_00017.avi,67,0,1,0.5251,-9.8108,-10.4045,-12.7795,-12.0139,8,b,Yes,"Yes, both shapes stayed still the whole"
still_twin,data/twin_v3/v3_67_00017.avi,67,1,1,0.7119,-9.839,-10.4171,-12.7531,-12.0812,8,b,Yes,"Yes, both shapes stayed still the whole"
order_twin,data/twin_v3/v3_67_00017.avi,67,-1,0,-0.986,-9.4705,-11.8299,-12.2205,-11.7518,8,b,No,No.
moved_solo_hit,data/videos_v3/int_67ms/v3_67_00017_solob.avi,67,1,0,-2.1374,-10.1169,-13.5935,-13.4841,-12.9763,8,b,No,No.
moved_solo_fa,data/videos_v3/int_67ms/v3_67_00017_soloa.avi,67,0,0,-2.342,-10.2159,-13.7549,-13.6534,-13.1221,8,b,No,No.
order_real,data/videos_v3/int_67ms/v3_67_00018.avi,67,0,0,-0.9421,-9.2796,-11.428,-12.1858,-11.5921,8,a,No,No
order_rev,data/videos_v3/int_67ms/v3_67_00018.avi,67,0,0,-0.6791,-9.2479,-11.7401,-12.5526,-11.6073,8,a,No,No
order_forced,data/videos_v3/int_67ms/v3_67_00018.avi,67,0,1,0.4844,-0.5315,-1.0159,-3.6565,-6.1409,8,a,A,A
interval,data/videos_v3/int_67ms/v3_67_00018.avi,67,A,B,,-1.5947,-1.251,-1.3447,-1.5322,8,a,B,B
order_32f,data/videos_v3/int_67ms/v3_67_00018.avi,67,0,0,-0.6116,-8.7759,-11.6431,-12.1431,-11.8149,32,a,No,No.
moved_real,data/videos_v3/int_67ms/v3_67_00018.avi,67,1,0,-1.8138,-9.6797,-12.961,-13.0704,-12.3985,8,a,No,No.
moved_twin,data/twin_v3/v3_67_00018.avi,67,0,0,-1.809,-9.7403,-13.0371,-13.1465,-12.42,8,a,No,No.
still_real,data/videos_v3/int_67ms/v3_67_00018.avi,67,0,1,-0.0511,-9.7977,-10.6727,-12.8758,-12.0086,8,a,Yes,"Yes, both shapes stayed still the whole"
still_twin,data/twin_v3/v3_67_00018.avi,67,1,1,0.0402,-9.8051,-10.7972,-12.8988,-12.0004,8,a,Yes,"Yes, both shapes stayed still the whole"
order_twin,data/twin_v3/v3_67_00018.avi,67,-1,0,-0.988,-9.2866,-11.4741,-12.2163,-11.5757,8,a,No,No.
moved_solo_hit,data/videos_v3/int_67ms/v3_67_00018_soloa.avi,67,1,0,-1.8221,-9.7137,-13.0419,-13.1512,-12.4325,8,a,No,No.
moved_solo_fa,data/videos_v3/int_67ms/v3_67_00018_solob.avi,67,0,0,-1.7801,-9.7203,-13.025,-13.1187,-12.4234,8,a,No,No.
order_real,data/videos_v3/int_67ms/v3_67_00019.avi,67,1,0,-0.7356,-9.4322,-11.5728,-12.5025,-11.5337,8,a,No,No
order_rev,data/videos_v3/int_67ms/v3_67_00019.avi,67,1,0,-0.7624,-9.4822,-12.1541,-12.8338,-11.7088,8,a,No,No
order_forced,data/videos_v3/int_67ms/v3_67_00019.avi,67,1,1,0.4844,-0.5253,-1.0097,-3.7597,-5.8222,8,a,A,A
interval,data/videos_v3/int_67ms/v3_67_00019.avi,67,A,B,,-1.809,-1.184,-1.2933,-1.4652,8,a,B,B
order_32f,data/videos_v3/int_67ms/v3_67_00019.avi,67,1,0,-0.6107,-9.0611,-11.7174,-12.6315,-11.7565,32,a,No,No.
moved_real,data/videos_v3/int_67ms/v3_67_00019.avi,67,1,0,-1.8423,-9.7859,-13.0593,-13.4422,-12.3562,8,a,No,No.
moved_twin,data/twin_v3/v3_67_00019.avi,67,0,0,-2.1106,-9.988,-13.2927,-13.6677,-12.4802,8,a,No,No.
still_real,data/videos_v3/int_67ms/v3_67_00019.avi,67,0,1,0.0368,-9.6733,-10.8686,-12.603,-11.7358,8,a,Yes,"Yes, both shapes stayed still the entire"
still_twin,data/twin_v3/v3_67_00019.avi,67,1,0,-0.1807,-9.6323,-10.851,-12.6089,-11.7182,8,a,No,No.
order_twin,data/twin_v3/v3_67_00019.avi,67,-1,0,-0.942,-9.4232,-11.5872,-12.5325,-11.556,8,a,No,No
moved_solo_hit,data/videos_v3/int_67ms/v3_67_00019_soloa.avi,67,1,0,-1.7729,-9.8013,-13.067,-13.442,-12.3638,8,a,No,No.
moved_solo_fa,data/videos_v3/int_67ms/v3_67_00019_solob.avi,67,0,0,-2.0346,-10.0127,-13.3096,-13.7002,-12.5518,8,a,No,No.
order_real,data/videos_v3/int_67ms/v3_67_00020.avi,67,0,0,-0.6103,-9.3284,-11.68,-12.4612,-11.5393,8,a,No,No
order_rev,data/videos_v3/int_67ms/v3_67_00020.avi,67,0,0,-0.7955,-9.2041,-11.79,-12.5478,-11.5322,8,a,No,No
order_forced,data/videos_v3/int_67ms/v3_67_00020.avi,67,0,1,0.5469,-0.4909,-1.0378,-4.1315,-5.5065,8,a,A,A
interval,data/videos_v3/int_67ms/v3_67_00020.avi,67,A,C,,-1.494,-1.3221,-1.2909,-1.5878,8,a,C,C
order_real,data/videos_v3/int_67ms/v3_67_00021.avi,67,0,0,-1.083,-9.608,-11.9361,-12.8189,-11.6783,8,a,No,No
order_rev,data/videos_v3/int_67ms/v3_67_00021.avi,67,0,0,-0.9243,-9.4525,-12.0307,-12.8822,-11.6791,8,a,No,No
order_forced,data/videos_v3/int_67ms/v3_67_00021.avi,67,0,1,0.5781,-0.4765,-1.0546,-4.0234,-5.7109,8,a,A,A
interval,data/videos_v3/int_67ms/v3_67_00021.avi,67,A,B,,-1.5868,-1.1337,-1.3837,-1.7274,8,a,B,B
order_real,data/videos_v3/int_67ms/v3_67_00022.avi,67,0,0,-1.2714,-9.4474,-11.6193,-12.7052,-11.5255,8,b,No,No
order_rev,data/videos_v3/int_67ms/v3_67_00022.avi,67,0,0,-1.2534,-9.418,-11.9415,-12.9102,-11.754,8,b,No,No
order_forced,data/videos_v3/int_67ms/v3_67_00022.avi,67,0,1,0.25,-0.6178,-0.8678,-4.2584,-6.0865,8,b,A,A
interval,data/videos_v3/int_67ms/v3_67_00022.avi,67,A,B,,-1.6387,-1.0762,-1.4512,-1.6387,8,b,B,B
order_real,data/videos_v3/int_67ms/v3_67_00023.avi,67,1,0,-0.62,-9.3642,-11.8251,-12.3095,-11.6845,8,b,No,No
order_rev,data/videos_v3/int_67ms/v3_67_00023.avi,67,1,0,-0.5853,-9.024,-11.649,-11.7584,-11.5865,8,b,No,No
order_forced,data/videos_v3/int_67ms/v3_67_00023.avi,67,1,1,0.2656,-0.6197,-0.8853,-3.3853,-5.4166,8,b,A,A
interval,data/videos_v3/int_67ms/v3_67_00023.avi,67,A,B,,-1.6468,-1.2718,-1.2874,-1.5062,8,b,B,B
order_real,data/videos_v3/int_67ms/v3_67_00024.avi,67,1,0,-0.6048,-9.4064,-11.547,-12.4142,-11.5548,8,a,No,No
order_rev,data/videos_v3/int_67ms/v3_67_00024.avi,67,1,0,-0.6841,-9.3572,-11.8104,-12.5213,-11.7713,8,a,No,No
order_forced,data/videos_v3/int_67ms/v3_67_00024.avi,67,1,1,0.6719,-0.4568,-1.1287,-3.6287,-5.4256,8,a,A,A
interval,data/videos_v3/int_67ms/v3_67_00024.avi,67,A,C,,-1.7298,-1.2611,-1.2142,-1.5267,8,a,C,C
order_real,data/videos_v3/int_67ms/v3_67_00025.avi,67,1,0,-0.9536,-9.5054,-11.7867,-12.6382,-11.6929,8,a,No,No
order_rev,data/videos_v3/int_67ms/v3_67_00025.avi,67,1,0,-0.9436,-9.2976,-11.9382,-12.5398,-11.6726,8,a,No,No
order_forced,data/videos_v3/int_67ms/v3_67_00025.avi,67,1,1,0.4375,-0.5431,-0.9806,-3.6837,-5.8869,8,a,A,A
interval,data/videos_v3/int_67ms/v3_67_00025.avi,67,A,B,,-1.665,-1.2119,-1.3525,-1.54,8,a,B,B
order_real,data/videos_v3/int_67ms/v3_67_00026.avi,67,0,0,-1.0499,-9.6809,-11.8059,-12.3997,-11.7981,8,b,No,No
order_rev,data/videos_v3/int_67ms/v3_67_00026.avi,67,0,0,-0.8525,-9.5485,-11.9235,-12.5095,-11.861,8,b,No,No
order_forced,data/videos_v3/int_67ms/v3_67_00026.avi,67,0,1,0.4687,-0.5495,-1.0182,-3.1589,-6.112,8,b,A,A
interval,data/videos_v3/int_67ms/v3_67_00026.avi,67,A,B,,-1.5129,-1.2473,-1.3567,-1.5598,8,b,B,B
order_real,data/videos_v3/int_67ms/v3_67_00027.avi,67,1,0,-0.5788,-9.2719,-11.4438,-12.225,-11.4438,8,a,No,No
order_rev,data/videos_v3/int_67ms/v3_67_00027.avi,67,1,0,-0.6144,-8.9742,-11.3648,-12.0054,-11.4273,8,a,No,No
order_forced,data/videos_v3/int_67ms/v3_67_00027.avi,67,1,1,0.3906,-0.5481,-0.9387,-3.8918,-5.8293,8,a,A,A
interval,data/videos_v3/int_67ms/v3_67_00027.avi,67,A,B,,-1.5047,-1.286,-1.3328,-1.5828,8,a,B,B
order_real,data/videos_v3/int_67ms/v3_67_00028.avi,67,0,0,-0.9574,-9.2946,-11.7008,-12.2555,-11.5055,8,a,No,No
order_rev,data/videos_v3/int_67ms/v3_67_00028.avi,67,0,0,-0.8951,-9.0519,-11.6144,-12.3487,-11.5128,8,a,No,No
order_forced,data/videos_v3/int_67ms/v3_67_00028.avi,67,0,1,0.5156,-0.5165,-1.0321,-3.5477,-5.5477,8,a,A,A
interval,data/videos_v3/int_67ms/v3_67_00028.avi,67,A,B,,-1.5098,-1.2598,-1.3379,-1.6036,8,a,B,B
order_real,data/videos_v3/int_67ms/v3_67_00029.avi,67,1,0,-1.1852,-9.5124,-11.8796,-12.4421,-11.6374,8,b,No,No
order_rev,data/videos_v3/int_67ms/v3_67_00029.avi,67,1,0,-0.889,-9.104,-11.6665,-12.2446,-11.5259,8,b,No,No
order_forced,data/videos_v3/int_67ms/v3_67_00029.avi,67,1,1,0.4063,-0.5509,-0.9572,-4.0665,-6.0665,8,b,A,A
interval,data/videos_v3/int_67ms/v3_67_00029.avi,67,A,B,,-1.5433,-1.2776,-1.3245,-1.5433,8,b,B,B
order_real,data/videos_v3/int_67ms/v3_67_00030.avi,67,0,0,-0.8902,-9.2577,-11.3358,-12.3045,-11.4217,8,a,No,No
order_rev,data/videos_v3/int_67ms/v3_67_00030.avi,67,0,0,-0.6478,-9.155,-11.7722,-12.4831,-11.6941,8,a,No,No
order_forced,data/videos_v3/int_67ms/v3_67_00030.avi,67,0,1,0.4375,-0.5485,-0.986,-3.611,-6.1735,8,a,A,A
interval,data/videos_v3/int_67ms/v3_67_00030.avi,67,A,B,,-1.6936,-1.2093,-1.3499,-1.5061,8,a,B,B
order_real,data/videos_v3/int_67ms/v3_67_00031.avi,67,0,0,-0.7231,-9.4699,-11.8527,-12.4777,-11.673,8,b,No,No
order_rev,data/videos_v3/int_67ms/v3_67_00031.avi,67,0,0,-0.8632,-9.3434,-12.0074,-12.6402,-11.7106,8,b,No,No
order_forced,data/videos_v3/int_67ms/v3_67_00031.avi,67,0,1,0.5625,-0.4838,-1.0463,-3.9213,-5.765,8,b,A,A
interval,data/videos_v3/int_67ms/v3_67_00031.avi,67,A,B,,-1.4827,-1.2639,-1.4514,-1.5921,8,b,B,B
order_real,data/videos_v3/int_67ms/v3_67_00032.avi,67,0,0,-0.8176,-9.5626,-11.7345,-12.5705,-11.9376,8,b,No,No
order_rev,data/videos_v3/int_67ms/v3_67_00032.avi,67,0,0,-1.0658,-9.4238,-11.9082,-12.7597,-11.9003,8,b,No,No
order_forced,data/videos_v3/int_67ms/v3_67_00032.avi,67,0,1,0.5313,-0.526,-1.0573,-3.6667,-6.4323,8,b,A,A
interval,data/videos_v3/int_67ms/v3_67_00032.avi,67,A,B,,-1.6925,-1.1925,-1.3175,-1.505,8,b,B,B
order_real,data/videos_v3/int_67ms/v3_67_00033.avi,67,0,0,-1.0016,-9.5225,-11.5147,-12.71,-11.6397,8,a,No,No
order_rev,data/videos_v3/int_67ms/v3_67_00033.avi,67,0,0,-1.1735,-9.7005,-12.2395,-13.1302,-11.927,8,a,No,No
order_forced,data/videos_v3/int_67ms/v3_67_00033.avi,67,0,1,0.3125,-0.5799,-0.8924,-3.9549,-5.8143,8,a,A,A
interval,data/videos_v3/int_67ms/v3_67_00033.avi,67,A,B,,-1.7147,-1.1834,-1.3865,-1.4803,8,a,B,B
order_real,data/videos_v3/int_67ms/v3_67_00034.avi,67,0,0,-1.4033,-9.6697,-11.8416,-12.7791,-11.7479,8,b,No,No
order_rev,data/videos_v3/int_67ms/v3_67_00034.avi,67,0,0,-1.377,-9.4845,-12.172,-12.8986,-11.8048,8,b,No,No
order_forced,data/videos_v3/int_67ms/v3_67_00034.avi,67,0,1,0.5469,-0.5083,-1.0552,-4.0865,-6.2271,8,b,A,A
interval,data/videos_v3/int_67ms/v3_67_00034.avi,67,A,B,,-1.6111,-1.2049,-1.3924,-1.5174,8,b,B,B
order_real,data/videos_v3/int_67ms/v3_67_00035.avi,67,0,0,-0.4901,-9.4454,-11.3751,-12.2735,-11.586,8,b,No,No
order_rev,data/videos_v3/int_67ms/v3_67_00035.avi,67,0,0,-0.6414,-9.3219,-11.7907,-12.4391,-11.5954,8,b,No,No
order_forced,data/videos_v3/int_67ms/v3_67_00035.avi,67,0,1,0.625,-0.4924,-1.1174,-3.5392,-5.7424,8,b,A,A
interval,data/videos_v3/int_67ms/v3_67_00035.avi,67,A,C,,-1.7921,-1.2452,-1.2452,-1.4327,8,b,C,C
order_real,data/videos_v3/int_67ms/v3_67_00036.avi,67,1,0,-1.0497,-9.6735,-11.8923,-12.7595,-11.8454,8,a,No,No
order_rev,data/videos_v3/int_67ms/v3_67_00036.avi,67,1,0,-1.0436,-9.4597,-11.8972,-12.741,-11.8972,8,a,No,No
order_forced,data/videos_v3/int_67ms/v3_67_00036.avi,67,1,1,0.4688,-0.5267,-0.9955,-3.933,-6.0111,8,a,A,A
interval,data/videos_v3/int_67ms/v3_67_00036.avi,67,A,B,,-1.4526,-1.2026,-1.3901,-1.7026,8,a,B,B
order_real,data/videos_v3/int_67ms/v3_67_00037.avi,67,0,0,-0.687,-9.4293,-11.4761,-12.5308,-11.3824,8,b,No,No
order_rev,data/videos_v3/int_67ms/v3_67_00037.avi,67,0,0,-0.4424,-9.6186,-12.1577,-12.8374,-11.7671,8,b,No,No
order_forced,data/videos_v3/int_67ms/v3_67_00037.avi,67,0,1,0.375,-0.5586,-0.9336,-3.7305,-5.2773,8,b,A,A
interval,data/videos_v3/int_67ms/v3_67_00037.avi,67,A,B,,-1.7544,-1.1763,-1.3326,-1.5669,8,b,B,B
order_real,data/videos_v3/int_67ms/v3_67_00038.avi,67,1,0,-0.5733,-9.4815,-11.5049,-12.3174,-11.6377,8,b,No,No
order_rev,data/videos_v3/int_67ms/v3_67_00038.avi,67,1,0,-0.771,-9.3369,-11.6728,-12.4853,-11.7431,8,b,No,No
order_forced,data/videos_v3/int_67ms/v3_67_00038.avi,67,1,1,0.3594,-0.5739,-0.9333,-3.6677,-5.6677,8,b,A,A
interval,data/videos_v3/int_67ms/v3_67_00038.avi,67,A,B,,-1.7224,-1.238,-1.2849,-1.4724,8,b,B,B
order_real,data/videos_v3/int_67ms/v3_67_00039.avi,67,1,0,-0.4704,-9.4135,-11.7416,-12.2885,-11.5854,8,a,No,No
order_rev,data/videos_v3/int_67ms/v3_67_00039.avi,67,1,0,-0.7764,-9.3007,-12.0428,-12.3241,-11.6132,8,a,No,No
order_forced,data/videos_v3/int_67ms/v3_67_00039.avi,67,1,1,0.5,-0.5205,-1.0205,-3.3642,-5.5674,8,a,A,A
interval,data/videos_v3/int_67ms/v3_67_00039.avi,67,A,B,,-1.5441,-1.2941,-1.3723,-1.5598,8,a,B,B
order_real,data/videos_v3/int_67ms/v3_67_00040.avi,67,0,0,-0.9928,-9.245,-11.62,-12.2528,-11.5028,8,b,No,No
order_rev,data/videos_v3/int_67ms/v3_67_00040.avi,67,0,0,-1.2331,-9.3096,-12.0049,-12.6221,-11.7081,8,b,No,No
order_forced,data/videos_v3/int_67ms/v3_67_00040.avi,67,0,1,0.6563,-0.4551,-1.1114,-3.8614,-5.4864,8,b,A,A
interval,data/videos_v3/int_67ms/v3_67_00040.avi,67,A,B,,-1.753,-1.128,-1.3936,-1.5499,8,b,B,B
order_real,data/videos_v3/int_67ms/v3_67_00041.avi,67,0,0,-0.8165,-9.3768,-11.8847,-12.1659,-11.7518,8,a,No,No
order_rev,data/videos_v3/int_67ms/v3_67_00041.avi,67,0,0,-1.2837,-9.3789,-12.3007,-12.457,-11.8007,8,a,No,No
order_forced,data/videos_v3/int_67ms/v3_67_00041.avi,67,0,1,0.2813,-0.622,-0.9033,-3.3095,-6.0283,8,a,A,A
interval,data/videos_v3/int_67ms/v3_67_00041.avi,67,A,B,,-1.5787,-1.235,-1.4068,-1.5787,8,a,B,B
order_real,data/videos_v3/int_67ms/v3_67_00042.avi,67,1,0,-0.8081,-9.4901,-11.8026,-12.0213,-11.701,8,b,No,No
order_rev,data/videos_v3/int_67ms/v3_67_00042.avi,67,1,0,-1.1134,-9.7017,-12.3345,-12.7486,-12.0689,8,b,No,No
order_forced,data/videos_v3/int_67ms/v3_67_00042.avi,67,1,1,0.4688,-0.5376,-1.0064,-3.4439,-6.3189,8,b,A,A
interval,data/videos_v3/int_67ms/v3_67_00042.avi,67,A,B,,-1.526,-1.2135,-1.4166,-1.5572,8,b,B,B
order_real,data/videos_v3/int_67ms/v3_67_00043.avi,67,0,0,-0.8225,-9.5082,-11.7816,-12.4144,-11.6566,8,a,No,No
order_rev,data/videos_v3/int_67ms/v3_67_00043.avi,67,0,0,-0.9611,-9.2488,-11.9675,-12.3894,-11.7019,8,a,No,No
order_forced,data/videos_v3/int_67ms/v3_67_00043.avi,67,0,1,0.5,-0.5223,-1.0223,-3.4442,-5.8348,8,a,A,A
interval,data/videos_v3/int_67ms/v3_67_00043.avi,67,A,B,,-1.7025,-1.1868,-1.3743,-1.515,8,a,B,B
order_real,data/videos_v3/int_67ms/v3_67_00044.avi,67,1,0,-0.7908,-9.1696,-11.4431,-12.1775,-11.365,8,a,No,No
order_rev,data/videos_v3/int_67ms/v3_67_00044.avi,67,1,0,-0.4132,-8.9364,-11.4755,-12.1005,-11.3739,8,a,No,No
order_forced,data/videos_v3/int_67ms/v3_67_00044.avi,67,1,1,0.5156,-0.5019,-1.0175,-4.0019,-5.6425,8,a,A,A
interval,data/videos_v3/int_67ms/v3_67_00044.avi,67,A,B,,-1.5391,-1.2891,-1.3516,-1.5391,8,a,B,B
order_real,data/videos_v3/int_67ms/v3_67_00045.avi,67,1,0,-0.7806,-9.2779,-11.7232,-11.6998,-11.6764,8,a,No,No
order_rev,data/videos_v3/int_67ms/v3_67_00045.avi,67,1,0,-0.7911,-9.1648,-11.8835,-12.157,-11.6179,8,a,No,No
order_forced,data/videos_v3/int_67ms/v3_67_00045.avi,67,1,1,0.4219,-0.561,-0.9829,-3.2329,-6.0454,8,a,A,A
interval,data/videos_v3/int_67ms/v3_67_00045.avi,67,A,B,,-1.5479,-1.2823,-1.3761,-1.5167,8,a,B,B
order_real,data/videos_v3/int_67ms/v3_67_00046.avi,67,1,0,-0.8201,-9.4539,-11.5867,-12.657,-11.5086,8,a,No,No
order_rev,data/videos_v3/int_67ms/v3_67_00046.avi,67,1,0,-0.9851,-9.6049,-12.1987,-13.0112,-11.8627,8,a,No,No
order_forced,data/videos_v3/int_67ms/v3_67_00046.avi,67,1,1,0.4219,-0.5388,-0.9607,-3.7419,-5.4919,8,a,A,A
interval,data/videos_v3/int_67ms/v3_67_00046.avi,67,A,B,,-1.6865,-1.1865,-1.3427,-1.5458,8,a,B,B
order_real,data/videos_v3/int_67ms/v3_67_00047.avi,67,0,0,-0.4042,-9.2534,-11.394,-12.0503,-11.4018,8,b,No,No
order_rev,data/videos_v3/int_67ms/v3_67_00047.avi,67,0,0,-0.4816,-9.0349,-11.5192,-11.7536,-11.4021,8,b,No,No
order_forced,data/videos_v3/int_67ms/v3_67_00047.avi,67,0,1,0.3594,-0.5795,-0.9389,-3.2514,-5.5639,8,b,A,A
interval,data/videos_v3/int_67ms/v3_67_00047.avi,67,A,B,,-1.5498,-1.2373,-1.378,-1.5498,8,b,B,B
order_real,data/videos_v3/int_67ms/v3_67_00048.avi,67,1,0,-1.0758,-9.3231,-11.8465,-12.2684,-11.5887,8,b,No,No
order_rev,data/videos_v3/int_67ms/v3_67_00048.avi,67,1,0,-0.8807,-9.1479,-11.7494,-12.4213,-11.6244,8,b,No,No
order_forced,data/videos_v3/int_67ms/v3_67_00048.avi,67,1,1,0.4844,-0.5314,-1.0158,-3.5783,-5.6721,8,b,A,A
interval,data/videos_v3/int_67ms/v3_67_00048.avi,67,A,B,,-1.6315,-1.2252,-1.319,-1.5534,8,b,B,B
order_real,data/videos_v3/int_67ms/v3_67_00049.avi,67,0,0,-0.9241,-9.2969,-11.6016,-12.2891,-11.5313,8,a,No,No
order_rev,data/videos_v3/int_67ms/v3_67_00049.avi,67,0,0,-0.8422,-9.0717,-11.6264,-12.2201,-11.4858,8,a,No,No
order_forced,data/videos_v3/int_67ms/v3_67_00049.avi,67,0,1,0.4844,-0.5161,-1.0005,-4.0942,-5.7036,8,a,A,A
interval,data/videos_v3/int_67ms/v3_67_00049.avi,67,A,B,,-1.5742,-1.2305,-1.3555,-1.5898,8,a,B,B
order_real,data/videos_v3/int_67ms/v3_67_00050.avi,67,1,0,-0.8069,-9.2337,-11.5697,-12.0618,-11.4837,8,a,No,No
order_rev,data/videos_v3/int_67ms/v3_67_00050.avi,67,1,0,-0.7721,-9.2773,-11.9257,-12.4882,-11.621,8,a,No,No
order_forced,data/videos_v3/int_67ms/v3_67_00050.avi,67,1,1,0.4375,-0.5478,-0.9853,-3.4228,-5.8291,8,a,A,A
interval,data/videos_v3/int_67ms/v3_67_00050.avi,67,A,B,,-1.631,-1.2716,-1.3653,-1.506,8,a,B,B
order_real,data/videos_v3/int_67ms/v3_67_00051.avi,67,0,0,-0.9853,-9.3082,-11.6051,-12.2535,-11.5894,8,a,No,No
order_rev,data/videos_v3/int_67ms/v3_67_00051.avi,67,0,0,-0.9838,-9.216,-11.8567,-12.4504,-11.552,8,a,No,No
order_forced,data/videos_v3/int_67ms/v3_67_00051.avi,67,0,1,0.6093,-0.4846,-1.0939,-3.7971,-5.7346,8,a,A,A
interval,data/videos_v3/int_67ms/v3_67_00051.avi,67,A,B,,-1.6297,-1.2234,-1.3172,-1.5672,8,a,B,B
order_real,data/videos_v3/int_67ms/v3_67_00052.avi,67,0,0,-0.777,-9.3348,-11.6317,-12.2879,-11.5692,8,b,No,No
order_rev,data/videos_v3/int_67ms/v3_67_00052.avi,67,0,0,-0.6403,-9.0869,-11.6572,-12.3525,-11.6416,8,b,No,No
order_forced,data/videos_v3/int_67ms/v3_67_00052.avi,67,0,1,0.5937,-0.4695,-1.0632,-4.2664,-5.6414,8,b,A,A
interval,data/videos_v3/int_67ms/v3_67_00052.avi,67,A,C,,-1.6818,-1.3068,-1.2756,-1.4943,8,b,C,C
order_real,data/videos_v3/int_67ms/v3_67_00053.avi,67,1,0,-0.9842,-9.3265,-11.7093,-12.1702,-11.5609,8,a,No,No
order_rev,data/videos_v3/int_67ms/v3_67_00053.avi,67,1,0,-0.9688,-9.2878,-11.8894,-12.4675,-11.6159,8,a,No,No
order_forced,data/videos_v3/int_67ms/v3_67_00053.avi,67,1,1,0.3125,-0.601,-0.9135,-3.6166,-5.7885,8,a,A,A
interval,data/videos_v3/int_67ms/v3_67_00053.avi,67,A,B,,-1.5482,-1.2669,-1.3451,-1.5326,8,a,B,B
order_real,data/videos_v3/int_67ms/v3_67_00054.avi,67,1,0,-0.8096,-9.3261,-11.6777,-12.5292,-11.5917,8,a,No,No.
order_rev,data/videos_v3/int_67ms/v3_67_00054.avi,67,1,0,-0.6536,-9.1719,-11.8438,-12.5782,-11.5782,8,a,No,No
order_forced,data/videos_v3/int_67ms/v3_67_00054.avi,67,1,1,0.5625,-0.499,-1.0615,-3.9834,-5.6552,8,a,A,A
interval,data/videos_v3/int_67ms/v3_67_00054.avi,67,A,B,,-1.6229,-1.2635,-1.326,-1.5291,8,a,B,B
order_real,data/videos_v3/int_67ms/v3_67_00055.avi,67,1,0,-1.1451,-9.5283,-11.8095,-12.6611,-11.6845,8,a,No,No
order_rev,data/videos_v3/int_67ms/v3_67_00055.avi,67,1,0,-0.9647,-9.2045,-11.9077,-12.4702,-11.6108,8,a,No,No
order_forced,data/videos_v3/int_67ms/v3_67_00055.avi,67,1,1,0.4063,-0.5625,-0.9688,-3.5938,-5.8125,8,a,A,A
interval,data/videos_v3/int_67ms/v3_67_00055.avi,67,A,B,,-1.6712,-1.1868,-1.4055,-1.5149,8,a,B,B
order_real,data/videos_v3/int_67ms/v3_67_00056.avi,67,0,0,-0.866,-9.4285,-11.7254,-12.3348,-11.5223,8,a,No,No
order_rev,data/videos_v3/int_67ms/v3_67_00056.avi,67,0,0,-1.1027,-9.3523,-11.9461,-12.6492,-11.657,8,a,No,No
order_forced,data/videos_v3/int_67ms/v3_67_00056.avi,67,0,1,0.6875,-0.4532,-1.1407,-3.8439,-5.9845,8,a,A,A
interval,data/videos_v3/int_67ms/v3_67_00056.avi,67,A,B,,-1.7739,-1.1333,-1.352,-1.5083,8,a,B,B
order_real,data/videos_v3/int_67ms/v3_67_00057.avi,67,0,0,-0.9045,-9.4203,-11.6859,-12.0531,-11.6468,8,a,No,No
order_rev,data/videos_v3/int_67ms/v3_67_00057.avi,67,0,0,-1.0625,-9.3632,-12.0663,-12.246,-11.7851,8,a,No,No
order_forced,data/videos_v3/int_67ms/v3_67_00057.avi,67,0,1,0.4219,-0.5548,-0.9767,-3.4454,-6.2267,8,a,A,A
interval,data/videos_v3/int_67ms/v3_67_00057.avi,67,A,B,,-1.6028,-1.1653,-1.3997,-1.5872,8,a,B,B
order_real,data/videos_v3/int_67ms/v3_67_00058.avi,67,1,0,-0.9346,-9.4606,-11.7653,-12.2653,-11.7731,8,b,No,No
order_rev,data/videos_v3/int_67ms/v3_67_00058.avi,67,1,0,-1.1622,-9.3337,-12.1149,-12.279,-11.8884,8,b,No,No
order_forced,data/videos_v3/int_67ms/v3_67_00058.avi,67,1,1,0.4219,-0.5688,-0.9907,-3.2875,-5.9438,8,b,A,A
interval,data/videos_v3/int_67ms/v3_67_00058.avi,67,A,B,,-1.5854,-1.2729,-1.4135,-1.5073,8,b,B,B
order_real,data/videos_v3/int_67ms/v3_67_00059.avi,67,1,0,-0.9192,-9.3061,-11.6108,-12.478,-11.4936,8,b,No,No
order_rev,data/videos_v3/int_67ms/v3_67_00059.avi,67,1,0,-0.7673,-9.2321,-11.8259,-12.5993,-11.5681,8,b,No,No
order_forced,data/videos_v3/int_67ms/v3_67_00059.avi,67,1,1,0.3282,-0.5811,-0.9093,-3.7218,-5.9249,8,b,A,A
interval,data/videos_v3/int_67ms/v3_67_00059.avi,67,A,B,,-1.5481,-1.22,-1.4075,-1.5638,8,b,B,B
order_real,data/videos_v3/int_67ms/v3_67_00060.avi,67,0,0,-1.0673,-9.185,-11.6303,-12.3647,-11.4115,8,b,No,No
order_rev,data/videos_v3/int_67ms/v3_67_00060.avi,67,0,0,-0.8922,-9.1322,-11.7494,-12.4525,-11.4447,8,b,No,No
order_forced,data/videos_v3/int_67ms/v3_67_00060.avi,67,0,1,0.5,-0.5129,-1.0129,-3.9504,-5.0285,8,b,A,A
interval,data/videos_v3/int_67ms/v3_67_00060.avi,67,A,B,,-1.6489,-1.227,-1.3208,-1.5708,8,b,B,B
order_real,data/videos_v3/int_67ms/v3_67_00061.avi,67,1,0,-0.811,-9.7216,-11.8622,-12.4872,-11.7997,8,a,No,No
order_rev,data/videos_v3/int_67ms/v3_67_00061.avi,67,1,0,-1.1392,-9.5692,-12.0536,-12.6708,-11.9052,8,a,No,No
order_forced,data/videos_v3/int_67ms/v3_67_00061.avi,67,1,1,0.6094,-0.4877,-1.0971,-3.3315,-5.894,8,a,A,A
interval,data/videos_v3/int_67ms/v3_67_00061.avi,67,A,B,,-1.7417,-1.1949,-1.2261,-1.5699,8,a,B,B
order_real,data/videos_v3/int_67ms/v3_67_00062.avi,67,0,0,-0.9626,-9.3635,-11.6057,-12.0901,-11.637,8,a,No,No
order_rev,data/videos_v3/int_67ms/v3_67_00062.avi,67,0,0,-0.5176,-9.0428,-11.5428,-12.2928,-11.4491,8,a,No,No
order_forced,data/videos_v3/int_67ms/v3_67_00062.avi,67,0,1,0.2969,-0.6031,-0.9,-3.7125,-5.9312,8,a,A,A
interval,data/videos_v3/int_67ms/v3_67_00062.avi,67,A,B,,-1.5947,-1.2666,-1.3447,-1.5166,8,a,B,B
order_real,data/videos_v3/int_67ms/v3_67_00063.avi,67,0,0,-0.5974,-9.3911,-11.6333,-12.5786,-11.5552,8,b,No,No
order_rev,data/videos_v3/int_67ms/v3_67_00063.avi,67,0,0,-0.6179,-9.1768,-11.5518,-12.63,-11.4893,8,b,No,No
order_forced,data/videos_v3/int_67ms/v3_67_00063.avi,67,0,1,0.5,-0.5221,-1.0221,-3.8502,-5.4908,8,b,A,A
interval,data/videos_v3/int_67ms/v3_67_00063.avi,67,A,B,,-1.6326,-1.1951,-1.3514,-1.5545,8,b,B,B
order_real,data/videos_v3/int_67ms/v3_67_00064.avi,67,1,0,-0.6048,-9.217,-11.5998,-11.7483,-11.5139,8,a,No,No
order_rev,data/videos_v3/int_67ms/v3_67_00064.avi,67,1,0,-0.5077,-9.0956,-11.6112,-12.1347,-11.4941,8,a,No,No
order_forced,data/videos_v3/int_67ms/v3_67_00064.avi,67,1,1,0.3906,-0.5665,-0.9571,-3.4727,-6.0977,8,a,A,A
interval,data/videos_v3/int_67ms/v3_67_00064.avi,67,A,B,,-1.5659,-1.2534,-1.3471,-1.5346,8,a,B,B
order_real,data/videos_v3/int_67ms/v3_67_00065.avi,67,0,0,-0.7757,-9.1824,-11.4559,-12.2684,-11.323,8,a,No,No
order_rev,data/videos_v3/int_67ms/v3_67_00065.avi,67,0,0,-0.7441,-9.1128,-11.7847,-12.5034,-11.4097,8,a,No,No
order_forced,data/videos_v3/int_67ms/v3_67_00065.avi,67,0,1,0.4375,-0.5379,-0.9754,-3.8191,-5.4597,8,a,A,A
interval,data/videos_v3/int_67ms/v3_67_00065.avi,67,A,B,,-1.5987,-1.2393,-1.3331,-1.6299,8,a,B,B
order_real,data/videos_v3/int_67ms/v3_67_00066.avi,67,0,0,-0.9465,-9.2196,-11.6102,-12.0243,-11.5165,8,a,No,No
order_rev,data/videos_v3/int_67ms/v3_67_00066.avi,67,0,0,-1.0518,-9.2678,-11.9865,-12.4084,-11.6506,8,a,No,No
order_forced,data/videos_v3/int_67ms/v3_67_00066.avi,67,0,1,0.4375,-0.5697,-1.0072,-3.0072,-5.8666,8,a,A,A
interval,data/videos_v3/int_67ms/v3_67_00066.avi,67,A,B,,-1.5506,-1.285,-1.3475,-1.535,8,a,B,B
order_real,data/videos_v3/int_67ms/v3_67_00067.avi,67,1,0,-0.9419,-9.4106,-11.6762,-12.3012,-11.5512,8,a,No,No
order_rev,data/videos_v3/int_67ms/v3_67_00067.avi,67,1,0,-0.8076,-9.1716,-11.7185,-12.4138,-11.5779,8,a,No,No
order_forced,data/videos_v3/int_67ms/v3_67_00067.avi,67,1,1,0.4375,-0.5393,-0.9768,-3.6174,-5.758,8,a,A,A
interval,data/videos_v3/int_67ms/v3_67_00067.avi,67,A,B,,-1.5417,-1.2135,-1.3854,-1.5729,8,a,B,B
order_real,data/videos_v3/int_67ms/v3_67_00068.avi,67,0,0,-1.307,-9.4408,-11.933,-12.4486,-11.6908,8,b,No,No
order_rev,data/videos_v3/int_67ms/v3_67_00068.avi,67,0,0,-1.1039,-9.1174,-11.8127,-12.5315,-11.6408,8,b,No,No
order_forced,data/videos_v3/int_67ms/v3_67_00068.avi,67,0,1,0.5938,-0.4843,-1.0781,-3.6875,-5.6875,8,b,A,A
interval,data/videos_v3/int_67ms/v3_67_00068.avi,67,A,B,,-1.5086,-1.2273,-1.4148,-1.6023,8,b,B,B
order_real,data/videos_v3/int_67ms/v3_67_00069.avi,67,0,0,-0.6591,-9.3084,-11.8709,-12.074,-11.7303,8,a,No,No
order_rev,data/videos_v3/int_67ms/v3_67_00069.avi,67,0,0,-0.8009,-9.3537,-12.0334,-12.5256,-11.7912,8,a,No,No
order_forced,data/videos_v3/int_67ms/v3_67_00069.avi,67,0,1,0.5781,-0.4904,-1.0685,-3.4904,-5.8185,8,a,A,A
interval,data/videos_v3/int_67ms/v3_67_00069.avi,67,A,B,,-1.6224,-1.2317,-1.388,-1.513,8,a,B,B
order_real,data/videos_v3/int_67ms/v3_67_00070.avi,67,1,0,-0.667,-9.2549,-11.7315,-12.0987,-11.6143,8,b,No,No
order_rev,data/videos_v3/int_67ms/v3_67_00070.avi,67,1,0,-0.7983,-9.1384,-11.8415,-12.1072,-11.615,8,b,No,No
order_forced,data/videos_v3/int_67ms/v3_67_00070.avi,67,1,1,0.3906,-0.5691,-0.9597,-3.3191,-5.8972,8,b,A,A
interval,data/videos_v3/int_67ms/v3_67_00070.avi,67,A,B,,-1.5935,-1.2498,-1.3279,-1.5466,8,b,B,B
order_real,data/videos_v3/int_67ms/v3_67_00071.avi,67,0,0,-0.6273,-9.165,-11.2353,-12.1728,-11.3759,8,b,No,No
order_rev,data/videos_v3/int_67ms/v3_67_00071.avi,67,0,0,-0.6694,-9.2658,-11.6955,-12.3205,-11.6564,8,b,No,No
order_forced,data/videos_v3/int_67ms/v3_67_00071.avi,67,0,1,0.2968,-0.5831,-0.8799,-4.1456,-5.7862,8,b,A,A
interval,data/videos_v3/int_67ms/v3_67_00071.avi,67,A,B,,-1.5397,-1.274,-1.3678,-1.5553,8,b,B,B
order_real,data/videos_v3/int_67ms/v3_67_00072.avi,67,1,0,-0.8408,-9.4867,-11.5336,-12.5023,-11.5883,8,a,No,No
order_rev,data/videos_v3/int_67ms/v3_67_00072.avi,67,1,0,-0.9773,-9.3781,-11.8078,-12.6281,-11.6437,8,a,No,No
order_forced,data/videos_v3/int_67ms/v3_67_00072.avi,67,1,1,0.5625,-0.4878,-1.0503,-4.0034,-5.7534,8,a,A,A
interval,data/videos_v3/int_67ms/v3_67_00072.avi,67,A,B,,-1.7169,-1.1856,-1.2325,-1.6387,8,a,B,B
order_real,data/videos_v3/int_67ms/v3_67_00073.avi,67,0,0,-1.2103,-9.4155,-11.6889,-11.9546,-11.728,8,b,No,No
order_rev,data/videos_v3/int_67ms/v3_67_00073.avi,67,0,0,-1.5011,-9.5575,-12.409,-12.6981,-11.9637,8,b,No,No
order_forced,data/videos_v3/int_67ms/v3_67_00073.avi,67,0,1,0.5,-0.5369,-1.0369,-3.2869,-6.1776,8,b,A,A
interval,data/videos_v3/int_67ms/v3_67_00073.avi,67,A,B,,-1.5255,-1.2599,-1.4162,-1.5255,8,b,B,B
order_real,data/videos_v3/int_67ms/v3_67_00074.avi,67,1,0,-0.9781,-9.2544,-11.7075,-12.1138,-11.5122,8,a,No,No
order_rev,data/videos_v3/int_67ms/v3_67_00074.avi,67,1,0,-0.6804,-9.1015,-11.7108,-12.2733,-11.4452,8,a,No,No
order_forced,data/videos_v3/int_67ms/v3_67_00074.avi,67,1,1,0.3438,-0.5876,-0.9314,-3.5251,-5.6658,8,a,A,A
interval,data/videos_v3/int_67ms/v3_67_00074.avi,67,A,B,,-1.5907,-1.2782,-1.2939,-1.5595,8,a,B,B
order_real,data/videos_v3/int_67ms/v3_67_00075.avi,67,1,0,-1.0868,-9.3787,-11.8162,-12.3943,-11.6521,8,a,No,No
order_rev,data/videos_v3/int_67ms/v3_67_00075.avi,67,1,0,-0.9065,-9.1618,-11.8102,-12.5133,-11.5914,8,a,No,No
order_forced,data/videos_v3/int_67ms/v3_67_00075.avi,67,1,1,0.5156,-0.515,-1.0306,-3.515,-5.64,8,a,A,A
interval,data/videos_v3/int_67ms/v3_67_00075.avi,67,A,B,,-1.6125,-1.2218,-1.3937,-1.5343,8,a,B,B
order_real,data/videos_v3/int_67ms/v3_67_00076.avi,67,0,0,-0.6914,-9.3529,-11.5717,-12.3842,-11.5795,8,a,No,No
order_rev,data/videos_v3/int_67ms/v3_67_00076.avi,67,0,0,-0.8071,-9.3269,-11.9129,-12.6707,-11.6863,8,a,No,No
order_forced,data/videos_v3/int_67ms/v3_67_00076.avi,67,0,1,0.5937,-0.4681,-1.0618,-3.9837,-5.4993,8,a,A,A
interval,data/videos_v3/int_67ms/v3_67_00076.avi,67,A,B,,-1.6441,-1.2378,-1.3628,-1.5347,8,a,B,B
order_real,data/videos_v3/int_67ms/v3_67_00077.avi,67,1,0,-1.1293,-9.3438,-11.8204,-12.3048,-11.5704,8,a,No,No
order_rev,data/videos_v3/int_67ms/v3_67_00077.avi,67,1,0,-0.8761,-9.1253,-11.8206,-12.4222,-11.555,8,a,No,No
order_forced,data/videos_v3/int_67ms/v3_67_00077.avi,67,1,1,0.6875,-0.4593,-1.1468,-3.6624,-5.6781,8,a,A,A
interval,data/videos_v3/int_67ms/v3_67_00077.avi,67,A,B,,-1.5053,-1.2865,-1.3334,-1.599,8,a,B,B
order_real,data/videos_v3/int_67ms/v3_67_00078.avi,67,1,0,-1.555,-9.4962,-11.7852,-12.6212,-11.6915,8,a,No,No
order_rev,data/videos_v3/int_67ms/v3_67_00078.avi,67,1,0,-1.0955,-9.2223,-11.8317,-12.5895,-11.5973,8,a,No,No
order_forced,data/videos_v3/int_67ms/v3_67_00078.avi,67,1,1,0.375,-0.5617,-0.9367,-3.8586,-6.1242,8,a,A,A
interval,data/videos_v3/int_67ms/v3_67_00078.avi,67,A,B,,-1.6307,-1.2088,-1.3807,-1.5369,8,a,B,B
order_real,data/videos_v3/int_67ms/v3_67_00079.avi,67,1,0,-0.9052,-9.3322,-11.5666,-12.465,-11.5587,8,a,No,No
order_rev,data/videos_v3/int_67ms/v3_67_00079.avi,67,1,0,-0.8655,-9.257,-11.6788,-12.5929,-11.6163,8,a,No,No
order_forced,data/videos_v3/int_67ms/v3_67_00079.avi,67,1,1,0.4219,-0.5378,-0.9597,-3.9753,-5.9597,8,a,A,A
interval,data/videos_v3/int_67ms/v3_67_00079.avi,67,A,B,,-1.7213,-1.1119,-1.4556,-1.5494,8,a,B,B
order_real,data/videos_v3/int_67ms/v3_67_00080.avi,67,0,0,-0.5789,-9.1868,-11.3821,-11.7961,-11.3508,8,a,No,No
order_rev,data/videos_v3/int_67ms/v3_67_00080.avi,67,0,0,-0.4266,-9.2619,-11.715,-12.3322,-11.4572,8,a,No,No
order_forced,data/videos_v3/int_67ms/v3_67_00080.avi,67,0,1,0.2656,-0.6273,-0.8929,-3.221,-5.3148,8,a,A,A
interval,data/videos_v3/int_67ms/v3_67_00080.avi,67,A,C,,-1.709,-1.3028,-1.2559,-1.4434,8,a,C,C
order_real,data/videos_v3/int_67ms/v3_67_00081.avi,67,0,0,-0.8325,-9.3084,-11.4646,-12.1912,-11.4881,8,a,No,No
order_rev,data/videos_v3/int_67ms/v3_67_00081.avi,67,0,0,-0.7061,-9.0788,-11.6335,-12.3913,-11.5242,8,a,No,No
order_forced,data/videos_v3/int_67ms/v3_67_00081.avi,67,0,1,0.375,-0.575,-0.95,-3.5125,-5.7781,8,a,A,A
interval,data/videos_v3/int_67ms/v3_67_00081.avi,67,A,B,,-1.6704,-1.2329,-1.3579,-1.5297,8,a,B,B
order_real,data/videos_v3/int_67ms/v3_67_00082.avi,67,1,0,-0.5074,-9.2053,-11.4709,-12.1662,-11.4318,8,a,No,No
order_rev,data/videos_v3/int_67ms/v3_67_00082.avi,67,1,0,-0.4067,-8.8907,-11.4922,-11.9844,-11.4844,8,a,No,No
order_forced,data/videos_v3/int_67ms/v3_67_00082.avi,67,1,1,0.3125,-0.5859,-0.8984,-3.914,-5.7577,8,a,A,A
interval,data/videos_v3/int_67ms/v3_67_00082.avi,67,A,B,,-1.5991,-1.2554,-1.3179,-1.5366,8,a,B,B
order_real,data/videos_v3/int_67ms/v3_67_00083.avi,67,0,0,-0.9794,-9.4525,-11.6869,-12.1088,-11.765,8,a,No,No
order_rev,data/videos_v3/int_67ms/v3_67_00083.avi,67,0,0,-1.031,-9.2847,-11.98,-12.4097,-11.7456,8,a,No,No
order_forced,data/videos_v3/int_67ms/v3_67_00083.avi,67,0,1,0.5,-0.5338,-1.0338,-3.2369,-6.3619,8,a,A,A
interval,data/videos_v3/int_67ms/v3_67_00083.avi,67,A,B,,-1.5157,-1.2501,-1.4063,-1.6094,8,a,B,B
order_real,data/videos_v3/int_67ms/v3_67_00084.avi,67,0,0,-1.067,-9.3593,-11.789,-12.4452,-11.5546,8,b,No,No.
order_rev,data/videos_v3/int_67ms/v3_67_00084.avi,67,0,0,-1.0307,-9.1309,-11.8809,-12.4981,-11.5059,8,b,No,No
order_forced,data/videos_v3/int_67ms/v3_67_00084.avi,67,0,1,0.6719,-0.4565,-1.1284,-4.3003,-5.9565,8,b,A,A
interval,data/videos_v3/int_67ms/v3_67_00084.avi,67,A,B,,-1.6062,-1.2468,-1.3249,-1.5281,8,b,B,B
order_real,data/videos_v3/int_67ms/v3_67_00085.avi,67,1,0,-0.7953,-9.548,-11.6965,-12.2824,-11.7199,8,b,No,No
order_rev,data/videos_v3/int_67ms/v3_67_00085.avi,67,1,0,-0.9069,-9.5988,-12.0832,-12.6613,-11.9035,8,b,No,No
order_forced,data/videos_v3/int_67ms/v3_67_00085.avi,67,1,1,0.5,-0.5268,-1.0268,-3.3081,-5.9174,8,b,A,A
interval,data/videos_v3/int_67ms/v3_67_00085.avi,67,A,B,,-1.5703,-1.2265,-1.3359,-1.5547,8,b,B,B
order_real,data/videos_v3/int_67ms/v3_67_00086.avi,67,1,0,-0.6494,-9.2603,-11.5806,-11.7837,-11.4634,8,b,No,No
order_rev,data/videos_v3/int_67ms/v3_67_00086.avi,67,1,0,-0.6913,-9.4087,-11.9478,-12.3462,-11.6665,8,b,No,No
order_forced,data/videos_v3/int_67ms/v3_67_00086.avi,67,1,1,0.3906,-0.5599,-0.9505,-3.513,-5.9036,8,b,A,A
interval,data/videos_v3/int_67ms/v3_67_00086.avi,67,A,B,,-1.5532,-1.2719,-1.3969,-1.5063,8,b,B,B
order_real,data/videos_v3/int_67ms/v3_67_00087.avi,67,1,0,-0.8603,-9.2766,-11.6672,-11.9953,-11.6125,8,a,No,No
order_rev,data/videos_v3/int_67ms/v3_67_00087.avi,67,1,0,-1.0805,-9.2613,-12.0738,-12.3238,-11.6285,8,a,No,No
order_forced,data/videos_v3/int_67ms/v3_67_00087.avi,67,1,1,0.2813,-0.6185,-0.8998,-3.3217,-5.9779,8,a,A,A
interval,data/videos_v3/int_67ms/v3_67_00087.avi,67,A,B,,-1.5995,-1.2245,-1.3807,-1.537,8,a,B,B
order_real,data/videos_v3/int_67ms/v3_67_00088.avi,67,1,0,-1.1032,-9.4458,-11.5786,-12.5004,-11.5161,8,a,No,No
order_rev,data/videos_v3/int_67ms/v3_67_00088.avi,67,1,0,-1.2873,-9.7918,-12.3934,-13.2059,-11.9324,8,a,No,No
order_forced,data/videos_v3/int_67ms/v3_67_00088.avi,67,1,1,0.5938,-0.4679,-1.0617,-4.1398,-5.7179,8,a,A,A
interval,data/videos_v3/int_67ms/v3_67_00088.avi,67,A,B,,-1.6605,-1.2074,-1.3324,-1.5199,8,a,B,B
order_real,data/videos_v3/int_67ms/v3_67_00089.avi,67,1,0,-1.0221,-9.1297,-11.3875,-11.9657,-11.4579,8,a,No,No
order_rev,data/videos_v3/int_67ms/v3_67_00089.avi,67,1,0,-0.5557,-8.9558,-11.5183,-12.2292,-11.3855,8,a,No,No
order_forced,data/videos_v3/int_67ms/v3_67_00089.avi,67,1,1,0.2812,-0.6136,-0.8948,-3.6448,-5.6761,8,a,A,A
interval,data/videos_v3/int_67ms/v3_67_00089.avi,67,A,B,,-1.6611,-1.2548,-1.3173,-1.4736,8,a,B,B
order_real,data/videos_v3/int_67ms/v3_67_00090.avi,67,1,0,-0.7305,-9.4082,-11.7129,-12.3379,-11.5957,8,b,No,No
order_rev,data/videos_v3/int_67ms/v3_67_00090.avi,67,1,0,-0.943,-9.3993,-12.0243,-12.5321,-11.7275,8,b,No,No
order_forced,data/videos_v3/int_67ms/v3_67_00090.avi,67,1,1,0.6094,-0.4764,-1.0858,-3.6171,-5.9608,8,b,A,A
interval,data/videos_v3/int_67ms/v3_67_00090.avi,67,A,B,,-1.7248,-1.1779,-1.3342,-1.5373,8,b,B,B
order_real,data/videos_v3/int_67ms/v3_67_00091.avi,67,0,0,-0.9568,-9.313,-11.563,-12.3521,-11.3364,8,a,No,No
order_rev,data/videos_v3/int_67ms/v3_67_00091.avi,67,0,0,-0.5627,-9.1495,-11.712,-12.462,-11.3292,8,a,No,No
order_forced,data/videos_v3/int_67ms/v3_67_00091.avi,67,0,1,0.4531,-0.5237,-0.9768,-3.9768,-5.5237,8,a,A,A
interval,data/videos_v3/int_67ms/v3_67_00091.avi,67,A,B,,-1.6763,-1.2701,-1.3013,-1.5201,8,a,B,B
order_real,data/videos_v3/int_67ms/v3_67_00092.avi,67,0,0,-0.8236,-9.2553,-11.6303,-12.31,-11.4662,8,a,No,No
order_rev,data/videos_v3/int_67ms/v3_67_00092.avi,67,0,0,-0.9326,-9.1585,-11.8616,-12.4944,-11.6351,8,a,No,No
order_forced,data/videos_v3/int_67ms/v3_67_00092.avi,67,0,1,0.5313,-0.4993,-1.0306,-3.8431,-5.4524,8,a,A,A
interval,data/videos_v3/int_67ms/v3_67_00092.avi,67,A,B,,-1.6222,-1.1847,-1.3566,-1.6222,8,a,B,B
order_real,data/videos_v3/int_67ms/v3_67_00093.avi,67,1,0,-1.3367,-9.5397,-12.071,-12.3835,-11.8522,8,b,No,No.
order_rev,data/videos_v3/int_67ms/v3_67_00093.avi,67,1,0,-1.5171,-9.4898,-12.3179,-12.5835,-11.9429,8,b,No,No
order_forced,data/videos_v3/int_67ms/v3_67_00093.avi,67,1,1,0.2813,-0.6026,-0.8839,-3.8682,-6.4776,8,b,A,A
interval,data/videos_v3/int_67ms/v3_67_00093.avi,67,A,B,,-1.563,-1.2349,-1.4693,-1.5318,8,b,B,B
order_real,data/videos_v3/int_67ms/v3_67_00094.avi,67,0,0,-0.8478,-9.2838,-11.7369,-12.0182,-11.5572,8,a,No,No
order_rev,data/videos_v3/int_67ms/v3_67_00094.avi,67,0,0,-0.8276,-9.2776,-12.0042,-12.3245,-11.6292,8,a,No,No
order_forced,data/videos_v3/int_67ms/v3_67_00094.avi,67,0,1,0.4219,-0.5607,-0.9826,-3.3419,-5.7951,8,a,A,A
interval,data/videos_v3/int_67ms/v3_67_00094.avi,67,A,B,,-1.4804,-1.2773,-1.3867,-1.6211,8,a,B,B
order_real,data/videos_v3/int_67ms/v3_67_00095.avi,67,1,0,-1.1207,-9.5023,-11.8539,-12.432,-11.6664,8,a,No,No
order_rev,data/videos_v3/int_67ms/v3_67_00095.avi,67,1,0,-1.079,-9.3582,-11.9207,-12.6551,-11.6395,8,a,No,No
order_forced,data/videos_v3/int_67ms/v3_67_00095.avi,67,1,1,0.6719,-0.4521,-1.124,-3.7646,-5.7334,8,a,A,A
interval,data/videos_v3/int_67ms/v3_67_00095.avi,67,A,B,,-1.7102,-1.2102,-1.3352,-1.5071,8,a,B,B
order_real,data/videos_v3/int_67ms/v3_67_00096.avi,67,0,0,-0.4972,-9.2168,-11.6386,-11.8183,-11.5215,8,a,No,No
order_rev,data/videos_v3/int_67ms/v3_67_00096.avi,67,0,0,-0.8262,-9.1091,-11.8357,-12.1013,-11.4685,8,a,No,No
order_forced,data/videos_v3/int_67ms/v3_67_00096.avi,67,0,1,0.4844,-0.5285,-1.0129,-3.3566,-5.841,8,a,A,A
interval,data/videos_v3/int_67ms/v3_67_00096.avi,67,A,B,,-1.5456,-1.2956,-1.3738,-1.4675,8,a,B,B
order_real,data/videos_v3/int_67ms/v3_67_00097.avi,67,0,0,-1.0767,-9.399,-11.524,-12.5631,-11.5865,8,a,No,No
order_rev,data/videos_v3/int_67ms/v3_67_00097.avi,67,0,0,-0.491,-9.1438,-11.5188,-12.5422,-11.4485,8,a,No,No
order_forced,data/videos_v3/int_67ms/v3_67_00097.avi,67,0,1,0.3281,-0.5865,-0.9146,-3.9146,-5.8052,8,a,A,A
interval,data/videos_v3/int_67ms/v3_67_00097.avi,67,A,B,,-1.5996,-1.2402,-1.3339,-1.5214,8,a,B,B
order_real,data/videos_v3/int_67ms/v3_67_00098.avi,67,0,0,-0.4935,-9.186,-11.3188,-12.2798,-11.3266,8,b,No,No
order_rev,data/videos_v3/int_67ms/v3_67_00098.avi,67,0,0,-0.7199,-9.2599,-11.7911,-12.5255,-11.5177,8,b,No,No
order_forced,data/videos_v3/int_67ms/v3_67_00098.avi,67,0,1,0.3437,-0.5642,-0.9079,-4.0798,-5.5798,8,b,A,A
interval,data/videos_v3/int_67ms/v3_67_00098.avi,67,A,B,,-1.5024,-1.3149,-1.3305,-1.5024,8,b,B,B
order_real,data/videos_v3/int_67ms/v3_67_00099.avi,67,1,0,-1.2629,-9.5279,-11.7389,-12.6842,-11.6295,8,b,No,No
order_rev,data/videos_v3/int_67ms/v3_67_00099.avi,67,1,0,-1.0464,-9.299,-11.9084,-12.7365,-11.635,8,b,No,No
order_forced,data/videos_v3/int_67ms/v3_67_00099.avi,67,1,1,0.3907,-0.5626,-0.9533,-3.7189,-5.9376,8,b,A,A
interval,data/videos_v3/int_67ms/v3_67_00099.avi,67,A,B,,-1.7702,-1.1452,-1.3327,-1.5359,8,b,B,B
order_real,data/videos_v3/int_100ms/v3_100_00100.avi,100,0,0,-1.301,-9.4352,-11.6227,-12.5602,-11.5836,8,b,No,No
order_rev,data/videos_v3/int_100ms/v3_100_00100.avi,100,0,0,-1.0626,-9.3021,-11.9505,-12.724,-11.7318,8,b,No,No
order_forced,data/videos_v3/int_100ms/v3_100_00100.avi,100,0,1,0.1875,-0.6533,-0.8408,-3.622,-6.1064,8,b,A,A
interval,data/videos_v3/int_100ms/v3_100_00100.avi,100,A,B,,-1.651,-1.2291,-1.3854,-1.5104,8,b,B,B
order_32f,data/videos_v3/int_100ms/v3_100_00100.avi,100,0,0,-0.8659,-8.7141,-11.5266,-12.3235,-11.5813,32,b,No,No.
moved_real,data/videos_v3/int_100ms/v3_100_00100.avi,100,1,0,-2.2765,-10.0873,-13.392,-13.7982,-12.7748,8,b,No,No.
moved_twin,data/twin_v3/v3_100_00100.avi,100,0,0,-2.107,-9.8947,-13.1447,-13.5744,-12.5744,8,b,No,No.
still_real,data/videos_v3/int_100ms/v3_100_00100.avi,100,0,1,0.2475,-9.8186,-10.5374,-12.7717,-11.8811,8,b,Yes,"Yes, both shapes stayed still the whole"
still_twin,data/twin_v3/v3_100_00100.avi,100,1,1,0.2358,-9.7344,-10.5938,-12.6876,-11.8126,8,b,Yes,"Yes, both shapes stayed still the whole"
order_twin,data/twin_v3/v3_100_00100.avi,100,-1,0,-1.2645,-9.3608,-11.5795,-12.4936,-11.5404,8,b,No,No
moved_solo_hit,data/videos_v3/int_100ms/v3_100_00100_solob.avi,100,1,0,-2.219,-9.9862,-13.2831,-13.6894,-12.6894,8,b,No,No.
moved_solo_fa,data/videos_v3/int_100ms/v3_100_00100_soloa.avi,100,0,0,-2.1607,-10.0006,-13.2818,-13.6881,-12.6803,8,b,No,No.
order_real,data/videos_v3/int_100ms/v3_100_00101.avi,100,1,0,-0.2747,-9.341,-11.5128,-12.4269,-11.505,8,a,No,No
order_rev,data/videos_v3/int_100ms/v3_100_00101.avi,100,1,0,-0.4484,-9.2181,-11.6243,-12.5774,-11.4134,8,a,No,No
order_forced,data/videos_v3/int_100ms/v3_100_00101.avi,100,1,1,0.4375,-0.5261,-0.9636,-3.948,-5.448,8,a,A,A
interval,data/videos_v3/int_100ms/v3_100_00101.avi,100,A,C,,-1.6232,-1.2951,-1.2638,-1.4826,8,a,C,C
order_32f,data/videos_v3/int_100ms/v3_100_00101.avi,100,1,0,-0.52,-9.2243,-12.0212,-12.6852,-11.9977,32,a,No,No.
moved_real,data/videos_v3/int_100ms/v3_100_00101.avi,100,1,0,-0.7474,-9.464,-12.5499,-12.8156,-11.8937,8,a,No,No.
moved_twin,data/twin_v3/v3_100_00101.avi,100,0,0,-1.0927,-9.3898,-12.6477,-12.8195,-11.882,8,a,No,No.
still_real,data/videos_v3/int_100ms/v3_100_00101.avi,100,0,1,0.3178,-9.4359,-10.2172,-12.2562,-11.2484,8,a,Yes,"Yes, both shapes (the triangles"
still_twin,data/twin_v3/v3_100_00101.avi,100,1,1,0.2746,-9.4595,-10.147,-12.2564,-11.3814,8,a,Yes,"Yes, both shapes, the triangles"
order_twin,data/twin_v3/v3_100_00101.avi,100,-1,0,-0.4687,-9.2334,-11.4678,-12.3975,-11.46,8,a,No,No
moved_solo_hit,data/videos_v3/int_100ms/v3_100_00101_soloa.avi,100,1,0,-0.6692,-9.479,-12.5962,-12.8306,-11.94,8,a,No,No.
moved_solo_fa,data/videos_v3/int_100ms/v3_100_00101_solob.avi,100,0,0,-1.2908,-9.4674,-12.8034,-12.9596,-11.9987,8,a,No,No.
order_real,data/videos_v3/int_100ms/v3_100_00102.avi,100,1,0,-0.6577,-9.3029,-11.5529,-12.2404,-11.3888,8,a,No,No
order_rev,data/videos_v3/int_100ms/v3_100_00102.avi,100,1,0,-0.7863,-9.2834,-11.7756,-12.4943,-11.5178,8,a,No,No
order_forced,data/videos_v3/int_100ms/v3_100_00102.avi,100,1,1,0.7188,-0.4277,-1.1465,-4.1777,-5.7558,8,a,A,A
interval,data/videos_v3/int_100ms/v3_100_00102.avi,100,A,B,,-1.6134,-1.1602,-1.3634,-1.6134,8,a,B,B
order_32f,data/videos_v3/int_100ms/v3_100_00102.avi,100,1,0,-0.4603,-8.8322,-11.8869,-12.2463,-11.7541,32,a,No,No.
moved_real,data/videos_v3/int_100ms/v3_100_00102.avi,100,1,0,-2.1708,-10.3111,-13.7096,-13.7486,-12.8815,8,a,No,No
moved_twin,data/twin_v3/v3_100_00102.avi,100,0,0,-1.8637,-10.1768,-13.544,-13.6299,-12.7783,8,a,No,No.
still_real,data/videos_v3/int_100ms/v3_100_00102.avi,100,0,1,0.0782,-9.7566,-10.6629,-12.7098,-11.7644,8,a,Yes,"Yes, both shapes stayed still the whole"
still_twin,data/twin_v3/v3_100_00102.avi,100,1,1,0.2875,-9.804,-10.6477,-12.7415,-11.8821,8,a,Yes,"Yes, both shapes stayed still the entire"
order_twin,data/twin_v3/v3_100_00102.avi,100,-1,0,-0.5541,-9.3239,-11.6051,-12.2848,-11.4332,8,a,No,No
moved_solo_hit,data/videos_v3/int_100ms/v3_100_00102_soloa.avi,100,1,0,-2.0497,-10.2176,-13.6082,-13.6942,-12.8504,8,a,No,No.
moved_solo_fa,data/videos_v3/int_100ms/v3_100_00102_solob.avi,100,0,0,-2.143,-10.2678,-13.6428,-13.6818,-12.8068,8,a,No,No.
order_real,data/videos_v3/int_100ms/v3_100_00103.avi,100,0,0,-0.6505,-9.4016,-11.7297,-12.3938,-11.4485,8,b,No,No
order_rev,data/videos_v3/int_100ms/v3_100_00103.avi,100,0,0,-0.2694,-9.1532,-11.7001,-12.2548,-11.5282,8,b,No,No
order_forced,data/videos_v3/int_100ms/v3_100_00103.avi,100,0,1,0.4531,-0.5295,-0.9826,-3.7951,-4.9514,8,b,A,A
interval,data/videos_v3/int_100ms/v3_100_00103.avi,100,A,C,,-1.5497,-1.2997,-1.2841,-1.5341,8,b,C,C
order_32f,data/videos_v3/int_100ms/v3_100_00103.avi,100,0,0,-0.3848,-8.8683,-11.8527,-12.298,-11.7667,32,b,No,No.
moved_real,data/videos_v3/int_100ms/v3_100_00103.avi,100,1,0,-1.5073,-9.715,-13.0666,-13.2463,-12.1213,8,b,No,No.
moved_twin,data/twin_v3/v3_100_00103.avi,100,0,0,-1.3946,-9.7193,-13.0474,-13.2349,-12.1646,8,b,No,No.
still_real,data/videos_v3/int_100ms/v3_100_00103.avi,100,0,1,0.2006,-9.6671,-10.7608,-12.5577,-11.4639,8,b,Yes,"Yes, both shapes stayed still the entire"
still_twin,data/twin_v3/v3_100_00103.avi,100,1,1,0.2553,-9.7238,-10.7706,-12.6691,-11.5675,8,b,Yes,"Yes, both shapes stayed still the entire"
order_twin,data/twin_v3/v3_100_00103.avi,100,-1,0,-0.6779,-9.3824,-11.7261,-12.3511,-11.4761,8,b,No,No
moved_solo_hit,data/videos_v3/int_100ms/v3_100_00103_solob.avi,100,1,0,-1.6989,-9.7722,-13.0769,-13.3035,-12.1629,8,b,No,No.
moved_solo_fa,data/videos_v3/int_100ms/v3_100_00103_soloa.avi,100,0,0,-1.3326,-9.7257,-12.8898,-13.1788,-12.0851,8,b,No,No.
order_real,data/videos_v3/int_100ms/v3_100_00104.avi,100,0,0,-0.5917,-9.3133,-11.5321,-12.2899,-11.493,8,b,No,No
order_rev,data/videos_v3/int_100ms/v3_100_00104.avi,100,0,0,-0.6759,-9.1046,-11.6593,-12.4014,-11.3702,8,b,No,No
order_forced,data/videos_v3/int_100ms/v3_100_00104.avi,100,0,1,0.375,-0.5598,-0.9348,-3.716,-5.1535,8,b,A,A
interval,data/videos_v3/int_100ms/v3_100_00104.avi,100,A,C,,-1.6209,-1.2771,-1.2771,-1.5896,8,b,C,C
order_32f,data/videos_v3/int_100ms/v3_100_00104.avi,100,0,0,-0.5257,-9.1232,-11.9279,-12.2795,-11.9826,32,b,No,No.
moved_real,data/videos_v3/int_100ms/v3_100_00104.avi,100,1,0,-0.9003,-9.5883,-12.643,-12.768,-11.9711,8,b,No,No
moved_twin,data/twin_v3/v3_100_00104.avi,100,0,0,-0.8959,-9.5085,-12.7038,-12.735,-12.0006,8,b,No,No.
still_real,data/videos_v3/int_100ms/v3_100_00104.avi,100,0,1,0.0178,-9.6065,-10.6534,-12.6222,-11.5518,8,b,Yes,"Yes, both shapes stayed still the whole"
still_twin,data/twin_v3/v3_100_00104.avi,100,1,1,-0.0388,-9.6053,-10.5038,-12.5741,-11.5272,8,b,Yes,"Yes, both shapes stayed still the whole"
order_twin,data/twin_v3/v3_100_00104.avi,100,-1,0,-0.5644,-9.2749,-11.5874,-12.2124,-11.5015,8,b,No,No
moved_solo_hit,data/videos_v3/int_100ms/v3_100_00104_solob.avi,100,1,0,-1.002,-9.6041,-12.7213,-12.7994,-12.0651,8,b,No,No.
moved_solo_fa,data/videos_v3/int_100ms/v3_100_00104_soloa.avi,100,0,0,-0.8264,-9.5058,-12.6308,-12.7089,-11.8808,8,b,No,No.
order_real,data/videos_v3/int_100ms/v3_100_00105.avi,100,1,0,-1.3333,-9.3996,-11.8605,-12.5793,-11.759,8,b,No,No
order_rev,data/videos_v3/int_100ms/v3_100_00105.avi,100,1,0,-0.9181,-9.1229,-11.826,-12.4822,-11.4979,8,b,No,No
order_forced,data/videos_v3/int_100ms/v3_100_00105.avi,100,1,1,0.3125,-0.5859,-0.8984,-4.1171,-5.7734,8,b,A,A
interval,data/videos_v3/int_100ms/v3_100_00105.avi,100,A,B,,-1.5756,-1.2163,-1.4038,-1.5913,8,b,B,B
order_32f,data/videos_v3/int_100ms/v3_100_00105.avi,100,1,0,-0.9385,-8.8044,-11.8513,-12.4059,-11.8903,32,b,No,No.
moved_real,data/videos_v3/int_100ms/v3_100_00105.avi,100,1,0,-2.0723,-9.8886,-13.3261,-13.4355,-12.6933,8,b,No,No.
moved_twin,data/twin_v3/v3_100_00105.avi,100,0,0,-2.0218,-9.787,-13.2089,-13.3339,-12.5604,8,b,No,No.
still_real,data/videos_v3/int_100ms/v3_100_00105.avi,100,0,1,0.7076,-9.7336,-10.5305,-12.5305,-11.8586,8,b,Yes,"Yes, both shapes, the red triangle"
still_twin,data/twin_v3/v3_100_00105.avi,100,1,1,0.6473,-9.7253,-10.5221,-12.5221,-11.8346,8,b,Yes,"Yes, both shapes, the red triangle"
order_twin,data/twin_v3/v3_100_00105.avi,100,-1,0,-1.3162,-9.3938,-11.8391,-12.6047,-11.761,8,b,No,No
moved_solo_hit,data/videos_v3/int_100ms/v3_100_00105_solob.avi,100,1,0,-1.8656,-9.6429,-13.0726,-13.2367,-12.4242,8,b,No,No.
moved_solo_fa,data/videos_v3/int_100ms/v3_100_00105_soloa.avi,100,0,0,-2.1305,-9.8898,-13.3117,-13.4289,-12.6633,8,b,No,No.
order_real,data/videos_v3/int_100ms/v3_100_00106.avi,100,1,0,-1.0556,-9.2898,-11.6492,-12.3679,-11.446,8,a,No,No
order_rev,data/videos_v3/int_100ms/v3_100_00106.avi,100,1,0,-0.7283,-8.987,-11.5339,-12.1667,-11.4089,8,a,No,No
order_forced,data/videos_v3/int_100ms/v3_100_00106.avi,100,1,1,0.4218,-0.5438,-0.9656,-4.0125,-5.0438,8,a,A,A
interval,data/videos_v3/int_100ms/v3_100_00106.avi,100,A,B,,-1.714,-1.2296,-1.3233,-1.5733,8,a,B,B
order_32f,data/videos_v3/int_100ms/v3_100_00106.avi,100,1,0,-0.8477,-8.7752,-11.7361,-12.2361,-11.6424,32,a,No,No.
moved_real,data/videos_v3/int_100ms/v3_100_00106.avi,100,1,0,-2.1854,-10.0787,-13.4537,-13.6334,-12.61,8,a,No,No.
moved_twin,data/twin_v3/v3_100_00106.avi,100,0,0,-2.2794,-10.1834,-13.6209,-13.7771,-12.7537,8,a,No,No.
still_real,data/videos_v3/int_100ms/v3_100_00106.avi,100,0,0,-0.146,-9.7295,-10.6123,-12.6514,-11.7452,8,a,No,"No, in the video, one of"
still_twin,data/twin_v3/v3_100_00106.avi,100,1,0,-0.2418,-9.7343,-10.6093,-12.6796,-11.7421,8,a,No,"No, in the video, one of"
order_twin,data/twin_v3/v3_100_00106.avi,100,-1,0,-1.0724,-9.3241,-11.7069,-12.4023,-11.4882,8,a,No,No
moved_solo_hit,data/videos_v3/int_100ms/v3_100_00106_soloa.avi,100,1,0,-2.3469,-10.2687,-13.7062,-13.8859,-12.839,8,a,No,No.
moved_solo_fa,data/videos_v3/int_100ms/v3_100_00106_solob.avi,100,0,0,-2.2413,-10.1108,-13.5483,-13.6889,-12.6811,8,a,No,No.
order_real,data/videos_v3/int_100ms/v3_100_00107.avi,100,0,0,-1.3885,-9.4109,-11.8171,-12.5437,-11.6062,8,a,No,No
order_rev,data/videos_v3/int_100ms/v3_100_00107.avi,100,0,0,-0.8072,-9.0571,-11.7602,-12.518,-11.4712,8,a,No,No
order_forced,data/videos_v3/int_100ms/v3_100_00107.avi,100,0,1,0.5937,-0.479,-1.0727,-3.9009,-5.6977,8,a,A,A
interval,data/videos_v3/int_100ms/v3_100_00107.avi,100,A,B,,-1.6423,-1.2204,-1.3454,-1.5485,8,a,B,B
order_32f,data/videos_v3/int_100ms/v3_100_00107.avi,100,0,0,-1.0172,-8.7295,-11.8623,-12.378,-11.6436,32,a,No,No.
moved_real,data/videos_v3/int_100ms/v3_100_00107.avi,100,1,0,-2.2752,-10.0165,-13.54,-13.704,-12.7275,8,a,No,No.
moved_twin,data/twin_v3/v3_100_00107.avi,100,0,0,-1.9895,-9.8615,-13.3537,-13.5334,-12.5881,8,a,No,No.
still_real,data/videos_v3/int_100ms/v3_100_00107.avi,100,0,1,0.4853,-9.8503,-10.5221,-12.7253,-11.9362,8,a,Yes,"Yes, both shapes stayed still the entire"
still_twin,data/twin_v3/v3_100_00107.avi,100,1,1,0.4827,-9.8839,-10.6104,-12.8057,-11.9932,8,a,Yes,"Yes, both shapes stayed still the entire"
order_twin,data/twin_v3/v3_100_00107.avi,100,-1,0,-1.289,-9.354,-11.7759,-12.5103,-11.5962,8,a,No,No
moved_solo_hit,data/videos_v3/int_100ms/v3_100_00107_soloa.avi,100,1,0,-2.2426,-9.9335,-13.496,-13.6679,-12.6913,8,a,No,No.
moved_solo_fa,data/videos_v3/int_100ms/v3_100_00107_solob.avi,100,0,0,-1.8807,-9.8375,-13.2984,-13.4859,-12.5562,8,a,No,No.
order_real,data/videos_v3/int_100ms/v3_100_00108.avi,100,1,0,-0.6947,-9.353,-11.5483,-12.4155,-11.4076,8,a,No,No
order_rev,data/videos_v3/int_100ms/v3_100_00108.avi,100,1,0,-0.927,-9.4038,-12.0678,-12.7241,-11.6381,8,a,No,No
order_forced,data/videos_v3/int_100ms/v3_100_00108.avi,100,1,1,0.4375,-0.5255,-0.963,-3.9474,-5.463,8,a,A,A
interval,data/videos_v3/int_100ms/v3_100_00108.avi,100,A,B,,-1.7659,-1.2034,-1.2972,-1.4691,8,a,B,B
order_32f,data/videos_v3/int_100ms/v3_100_00108.avi,100,1,0,-0.6057,-8.962,-11.6729,-12.4932,-11.5792,32,a,No,No.
moved_real,data/videos_v3/int_100ms/v3_100_00108.avi,100,1,0,-1.3765,-9.7371,-12.8933,-13.2293,-12.2761,8,a,No,No.
moved_twin,data/twin_v3/v3_100_00108.avi,100,0,0,-1.4103,-9.7181,-12.804,-13.2181,-12.2337,8,a,No,No.
still_real,data/videos_v3/int_100ms/v3_100_00108.avi,100,0,1,-0.0486,-9.7746,-10.9699,-12.6731,-11.7981,8,a,Yes,"Yes, both shapes stayed still the whole"
still_twin,data/twin_v3/v3_100_00108.avi,100,1,1,-0.0793,-9.7613,-10.8706,-12.6363,-11.7066,8,a,Yes,"Yes, both shapes stayed still the whole"
order_twin,data/twin_v3/v3_100_00108.avi,100,-1,0,-0.7557,-9.3399,-11.4883,-12.4024,-11.3712,8,a,No,No
moved_solo_hit,data/videos_v3/int_100ms/v3_100_00108_soloa.avi,100,1,0,-1.4744,-9.7954,-12.9985,-13.3501,-12.3423,8,a,No,No.
moved_solo_fa,data/videos_v3/int_100ms/v3_100_00108_solob.avi,100,0,0,-1.515,-9.7223,-12.8708,-13.2458,-12.277,8,a,No,No.
order_real,data/videos_v3/int_100ms/v3_100_00109.avi,100,0,0,-0.7818,-9.3313,-11.597,-12.386,-11.5501,8,a,No,No
order_rev,data/videos_v3/int_100ms/v3_100_00109.avi,100,0,0,-0.5791,-8.9902,-11.3964,-12.0214,-11.412,8,a,No,No
order_forced,data/videos_v3/int_100ms/v3_100_00109.avi,100,0,1,0.4687,-0.527,-0.9957,-4.0895,-6.2614,8,a,A,A
interval,data/videos_v3/int_100ms/v3_100_00109.avi,100,A,B,,-1.5433,-1.2152,-1.3715,-1.5902,8,a,B,B
order_32f,data/videos_v3/int_100ms/v3_100_00109.avi,100,0,0,-0.5351,-8.7408,-11.7174,-12.2095,-11.7642,32,a,No,No.
moved_real,data/videos_v3/int_100ms/v3_100_00109.avi,100,1,0,-1.6716,-9.6613,-13.0753,-13.1847,-12.3722,8,a,No,No.
moved_twin,data/twin_v3/v3_100_00109.avi,100,0,0,-1.6609,-9.5764,-13.0764,-13.1467,-12.2874,8,a,No,No.
still_real,data/videos_v3/int_100ms/v3_100_00109.avi,100,0,1,0.4358,-9.6788,-10.4757,-12.6241,-11.8194,8,a,Yes,"Yes, both shapes, the triangle and"
still_twin,data/twin_v3/v3_100_00109.avi,100,1,1,0.4489,-9.654,-10.5915,-12.5837,-11.7946,8,a,Yes,"Yes, both shapes, the triangle and"
order_twin,data/twin_v3/v3_100_00109.avi,100,-1,0,-0.7573,-9.3979,-11.6791,-12.4213,-11.5932,8,a,No,No
moved_solo_hit,data/videos_v3/int_100ms/v3_100_00109_soloa.avi,100,1,0,-1.6629,-9.638,-13.1067,-13.2005,-12.3567,8,a,No,No.
moved_solo_fa,data/videos_v3/int_100ms/v3_100_00109_solob.avi,100,0,0,-1.6403,-9.6039,-13.0649,-13.143,-12.3071,8,a,No,No.
order_real,data/videos_v3/int_100ms/v3_100_00110.avi,100,0,0,-0.7953,-9.5339,-11.7057,-12.2839,-11.7917,8,b,No,No
order_rev,data/videos_v3/int_100ms/v3_100_00110.avi,100,0,0,-0.7997,-9.4339,-11.8558,-12.5199,-11.762,8,b,No,No
order_forced,data/videos_v3/int_100ms/v3_100_00110.avi,100,0,1,0.5,-0.5149,-1.0149,-3.7024,-6.0461,8,b,A,A
interval,data/videos_v3/int_100ms/v3_100_00110.avi,100,A,B,,-1.5695,-1.1945,-1.3663,-1.5382,8,b,B,B
order_32f,data/videos_v3/int_100ms/v3_100_00110.avi,100,0,0,-0.4845,-8.7485,-11.4594,-11.5454,-11.6938,32,b,No,No.
moved_real,data/videos_v3/int_100ms/v3_100_00110.avi,100,1,0,-1.483,-9.7829,-12.986,-12.7204,-12.5095,8,b,No,No.
moved_twin,data/twin_v3/v3_100_00110.avi,100,0,0,-1.1503,-9.4848,-12.5864,-12.4848,-12.2114,8,b,No,No.
still_real,data/videos_v3/int_100ms/v3_100_00110.avi,100,0,1,0.3482,-9.8369,-10.665,-12.7275,-11.9384,8,b,Yes,"Yes, both shapes stayed still the whole"
still_twin,data/twin_v3/v3_100_00110.avi,100,1,1,0.111,-9.8202,-10.5389,-12.7186,-11.8748,8,b,Yes,"Yes, both shapes stayed still the whole"
order_twin,data/twin_v3/v3_100_00110.avi,100,-1,0,-0.7276,-9.41,-11.4803,-12.1678,-11.6443,8,b,No,No
moved_solo_hit,data/videos_v3/int_100ms/v3_100_00110_solob.avi,100,1,0,-1.0449,-9.4766,-12.625,-12.4766,-12.2188,8,b,No,No.
moved_solo_fa,data/videos_v3/int_100ms/v3_100_00110_soloa.avi,100,0,0,-1.1862,-9.5245,-12.6182,-12.5167,-12.2042,8,b,No,No.
order_real,data/videos_v3/int_100ms/v3_100_00111.avi,100,1,0,-0.746,-9.2776,-11.6683,-12.0433,-11.4495,8,b,No,No
order_rev,data/videos_v3/int_100ms/v3_100_00111.avi,100,1,0,-0.9813,-9.217,-11.9905,-12.2327,-11.5998,8,b,No,No
order_forced,data/videos_v3/int_100ms/v3_100_00111.avi,100,1,1,0.3437,-0.5954,-0.9391,-3.1735,-5.6423,8,b,A,A
interval,data/videos_v3/int_100ms/v3_100_00111.avi,100,A,B,,-1.5884,-1.2446,-1.3696,-1.5571,8,b,B,B
order_32f,data/videos_v3/int_100ms/v3_100_00111.avi,100,1,0,-0.6715,-8.8964,-11.9198,-12.1464,-11.7714,32,b,No,No.
moved_real,data/videos_v3/int_100ms/v3_100_00111.avi,100,1,0,-1.9531,-9.8899,-13.1555,-13.4915,-12.3821,8,b,No,No.
moved_twin,data/twin_v3/v3_100_00111.avi,100,0,0,-1.5869,-9.739,-13.0749,-13.3718,-12.3327,8,b,No,No.
still_real,data/videos_v3/int_100ms/v3_100_00111.avi,100,0,1,0.1087,-9.7371,-10.4481,-12.659,-11.6981,8,b,Yes,"Yes, both shapes stayed still the entire"
still_twin,data/twin_v3/v3_100_00111.avi,100,1,1,0.1038,-9.6346,-10.3456,-12.619,-11.6737,8,b,Yes,"Yes, both shapes stayed still the whole"
order_twin,data/twin_v3/v3_100_00111.avi,100,-1,0,-0.6531,-9.2274,-11.6415,-12.1181,-11.4931,8,b,No,No
moved_solo_hit,data/videos_v3/int_100ms/v3_100_00111_solob.avi,100,1,0,-1.7288,-9.7621,-13.0433,-13.4105,-12.3402,8,b,No,No.
moved_solo_fa,data/videos_v3/int_100ms/v3_100_00111_soloa.avi,100,0,0,-1.8186,-9.8691,-13.1816,-13.4629,-12.3769,8,b,No,No.
order_real,data/videos_v3/int_100ms/v3_100_00112.avi,100,1,0,-1.1776,-9.3655,-11.8186,-12.3421,-11.5921,8,b,No,No
order_rev,data/videos_v3/int_100ms/v3_100_00112.avi,100,1,0,-0.5157,-8.9368,-11.429,-12.1009,-11.3821,8,b,No,No
order_forced,data/videos_v3/int_100ms/v3_100_00112.avi,100,1,1,0.625,-0.4686,-1.0936,-3.9217,-5.8904,8,b,A,A
interval,data/videos_v3/int_100ms/v3_100_00112.avi,100,A,B,,-1.5267,-1.2767,-1.3235,-1.5735,8,b,B,B
order_32f,data/videos_v3/int_100ms/v3_100_00112.avi,100,1,0,-1.0002,-8.642,-11.8529,-12.1498,-11.7592,32,b,No,No.
moved_real,data/videos_v3/int_100ms/v3_100_00112.avi,100,1,0,-1.6691,-9.5298,-13.0454,-13.1001,-12.3189,8,b,No,No.
moved_twin,data/twin_v3/v3_100_00112.avi,100,0,0,-1.7445,-9.568,-13.1384,-13.1227,-12.3337,8,b,No,No.
still_real,data/videos_v3/int_100ms/v3_100_00112.avi,100,0,0,-0.1508,-9.5888,-10.7138,-12.5653,-11.7841,8,b,No,"No, the shapes did not stay still"
still_twin,data/twin_v3/v3_100_00112.avi,100,1,0,-0.2692,-9.5801,-10.8457,-12.5411,-11.7754,8,b,No,"No, the shapes did not stay still"
order_twin,data/twin_v3/v3_100_00112.avi,100,-1,0,-1.2416,-9.4426,-11.9426,-12.388,-11.6614,8,b,No,No
moved_solo_hit,data/videos_v3/int_100ms/v3_100_00112_solob.avi,100,1,0,-1.8148,-9.6335,-13.1882,-13.235,-12.4304,8,b,No,No.
moved_solo_fa,data/videos_v3/int_100ms/v3_100_00112_soloa.avi,100,0,0,-1.7136,-9.5724,-13.1192,-13.1192,-12.3458,8,b,No,No.
order_real,data/videos_v3/int_100ms/v3_100_00113.avi,100,0,0,-0.1705,-9.1547,-11.3109,-12.2718,-11.2953,8,b,No,No
order_rev,data/videos_v3/int_100ms/v3_100_00113.avi,100,0,0,-0.3583,-9.0498,-11.4873,-12.4014,-11.2686,8,b,No,No
order_forced,data/videos_v3/int_100ms/v3_100_00113.avi,100,0,1,0.375,-0.5556,-0.9306,-3.8681,-5.4619,8,b,A,A
interval,data/videos_v3/int_100ms/v3_100_00113.avi,100,A,C,,-1.5474,-1.3286,-1.2505,-1.5474,8,b,C,C
order_32f,data/videos_v3/int_100ms/v3_100_00113.avi,100,0,0,-0.3473,-9.1196,-11.893,-12.5805,-11.8462,32,b,No,No.
moved_real,data/videos_v3/int_100ms/v3_100_00113.avi,100,1,0,-0.5224,-9.2971,-12.3596,-12.7112,-11.7268,8,b,No,No.
moved_twin,data/twin_v3/v3_100_00113.avi,100,0,0,-0.8062,-9.3494,-12.5057,-12.8494,-11.8572,8,b,No,"No, the magenta triangle did not"
still_real,data/videos_v3/int_100ms/v3_100_00113.avi,100,0,1,0.1998,-9.3298,-10.2751,-12.2205,-11.1345,8,b,Yes,"Yes, both shapes, the triangles"
still_twin,data/twin_v3/v3_100_00113.avi,100,1,1,0.3414,-9.4312,-10.1734,-12.2984,-11.2828,8,b,Yes,"Yes, both shapes stayed still the whole"
order_twin,data/twin_v3/v3_100_00113.avi,100,-1,0,-0.1612,-9.116,-11.2488,-12.2645,-11.3035,8,b,No,No
moved_solo_hit,data/videos_v3/int_100ms/v3_100_00113_solob.avi,100,1,0,-0.6124,-9.3252,-12.4815,-12.8018,-11.8252,8,b,No,"No, the magenta triangle did not"
moved_solo_fa,data/videos_v3/int_100ms/v3_100_00113_soloa.avi,100,0,0,-0.7697,-9.3615,-12.4709,-12.799,-11.799,8,b,No,No.
order_real,data/videos_v3/int_100ms/v3_100_00114.avi,100,0,0,-0.847,-9.345,-11.4231,-12.5247,-11.4387,8,b,No,No
order_rev,data/videos_v3/int_100ms/v3_100_00114.avi,100,0,0,-0.6208,-9.3955,-11.8486,-12.8251,-11.6298,8,b,No,No
order_forced,data/videos_v3/int_100ms/v3_100_00114.avi,100,0,1,0.1875,-0.6362,-0.8237,-4.2769,-5.855,8,b,A,A
interval,data/videos_v3/int_100ms/v3_100_00114.avi,100,A,B,,-1.5837,-1.2243,-1.3493,-1.5212,8,b,B,B
order_32f,data/videos_v3/int_100ms/v3_100_00114.avi,100,0,0,-0.7572,-8.8242,-11.4023,-12.4335,-11.707,32,b,No,No.
moved_real,data/videos_v3/int_100ms/v3_100_00114.avi,100,1,0,-1.8258,-9.856,-13.0279,-13.4342,-12.3873,8,b,No,No.
moved_twin,data/twin_v3/v3_100_00114.avi,100,0,0,-1.4551,-9.5953,-12.6813,-13.0875,-12.0094,8,b,No,No.
still_real,data/videos_v3/int_100ms/v3_100_00114.avi,100,0,1,0.4529,-9.6476,-10.132,-12.5461,-11.5304,8,b,Yes,"Yes, both shapes, the blue triangle"
still_twin,data/twin_v3/v3_100_00114.avi,100,1,1,0.2714,-9.5409,-10.2909,-12.4159,-11.4002,8,b,Yes,"Yes, both shapes, the blue triangle"
order_twin,data/twin_v3/v3_100_00114.avi,100,-1,0,-0.7456,-9.2526,-11.3698,-12.3542,-11.3308,8,b,No,No
moved_solo_hit,data/videos_v3/int_100ms/v3_100_00114_solob.avi,100,1,0,-1.5207,-9.6942,-12.7411,-13.202,-12.1004,8,b,No,No.
moved_solo_fa,data/videos_v3/int_100ms/v3_100_00114_soloa.avi,100,0,0,-1.6437,-9.6954,-12.8673,-13.2579,-12.2033,8,b,No,No.
order_real,data/videos_v3/int_100ms/v3_100_00115.avi,100,0,0,-1.1876,-9.3896,-11.7724,-12.5302,-11.5224,8,b,No,No
order_rev,data/videos_v3/int_100ms/v3_100_00115.avi,100,0,0,-1.2579,-9.2333,-11.9911,-12.6161,-11.6161,8,b,No,No
order_forced,data/videos_v3/int_100ms/v3_100_00115.avi,100,0,1,0.6562,-0.4619,-1.1181,-4.1963,-5.8056,8,b,A,A
interval,data/videos_v3/int_100ms/v3_100_00115.avi,100,A,B,,-1.6022,-1.2272,-1.3522,-1.6178,8,b,B,B
order_32f,data/videos_v3/int_100ms/v3_100_00115.avi,100,0,0,-0.9253,-8.8452,-11.939,-12.4233,-11.7437,32,b,No,No.
moved_real,data/videos_v3/int_100ms/v3_100_00115.avi,100,1,0,-2.2207,-10.0288,-13.5913,-13.5913,-12.732,8,b,No,No.
moved_twin,data/twin_v3/v3_100_00115.avi,100,0,0,-2.1471,-9.8575,-13.4668,-13.4356,-12.6387,8,b,No,No.
still_real,data/videos_v3/int_100ms/v3_100_00115.avi,100,0,1,0.4664,-9.7655,-10.6874,-12.6639,-11.8983,8,b,Yes,"Yes, both shapes stayed still the entire"
still_twin,data/twin_v3/v3_100_00115.avi,100,1,1,0.4646,-9.6892,-10.533,-12.572,-11.8064,8,b,Yes,"Yes, both shapes stayed still the whole"
order_twin,data/twin_v3/v3_100_00115.avi,100,-1,0,-1.1413,-9.3392,-11.7767,-12.4955,-11.5345,8,b,No,No
moved_solo_hit,data/videos_v3/int_100ms/v3_100_00115_solob.avi,100,1,0,-2.1703,-9.8778,-13.4638,-13.4638,-12.6122,8,b,No,No.
moved_solo_fa,data/videos_v3/int_100ms/v3_100_00115_soloa.avi,100,0,0,-2.1779,-9.9683,-13.5308,-13.523,-12.7105,8,b,No,No.
order_real,data/videos_v3/int_100ms/v3_100_00116.avi,100,1,0,-0.9208,-9.2026,-11.4135,-11.9213,-11.4682,8,b,No,No
order_rev,data/videos_v3/int_100ms/v3_100_00116.avi,100,1,0,-0.5501,-9.1103,-11.6806,-12.29,-11.5009,8,b,No,No
order_forced,data/videos_v3/int_100ms/v3_100_00116.avi,100,1,1,0.4062,-0.545,-0.9512,-3.8106,-6.0137,8,b,A,A
interval,data/videos_v3/int_100ms/v3_100_00116.avi,100,A,B,,-1.4583,-1.3333,-1.3645,-1.5677,8,b,B,B
order_32f,data/videos_v3/int_100ms/v3_100_00116.avi,100,1,0,-0.5096,-8.7302,-11.4802,-11.9802,-11.8552,32,b,No,No.
moved_real,data/videos_v3/int_100ms/v3_100_00116.avi,100,1,0,-1.7721,-9.8957,-13.1613,-13.1379,-12.591,8,b,No,No.
moved_twin,data/twin_v3/v3_100_00116.avi,100,0,0,-1.8566,-9.9494,-13.2541,-13.2463,-12.6447,8,b,No,No.
still_real,data/videos_v3/int_100ms/v3_100_00116.avi,100,0,1,0.3621,-9.6198,-10.5885,-12.6041,-11.8776,8,b,Yes,"Yes, both shapes stayed still the whole"
still_twin,data/twin_v3/v3_100_00116.avi,100,1,1,0.6459,-9.6403,-10.4137,-12.5699,-11.8278,8,b,Yes,"Yes, both shapes, the triangle and"
order_twin,data/twin_v3/v3_100_00116.avi,100,-1,0,-0.9415,-9.2608,-11.4796,-11.9874,-11.503,8,b,No,No
moved_solo_hit,data/videos_v3/int_100ms/v3_100_00116_solob.avi,100,1,0,-1.7953,-9.863,-13.1911,-13.1364,-12.613,8,b,No,No.
moved_solo_fa,data/videos_v3/int_100ms/v3_100_00116_soloa.avi,100,0,0,-1.9551,-9.9966,-13.3091,-13.2856,-12.7075,8,b,No,No.
order_real,data/videos_v3/int_100ms/v3_100_00117.avi,100,1,0,-1.0152,-9.5007,-11.6101,-12.1648,-11.6101,8,b,No,No
order_rev,data/videos_v3/int_100ms/v3_100_00117.avi,100,1,0,-1.4186,-9.5953,-12.2047,-12.7281,-11.9078,8,b,No,No
order_forced,data/videos_v3/int_100ms/v3_100_00117.avi,100,1,1,0.3437,-0.5995,-0.9432,-3.4276,-6.162,8,b,A,A
interval,data/videos_v3/int_100ms/v3_100_00117.avi,100,A,B,,-1.6973,-1.1973,-1.3536,-1.4942,8,b,B,B
order_32f,data/videos_v3/int_100ms/v3_100_00117.avi,100,1,0,-0.8623,-9.3319,-12.0585,-12.3632,-12.0038,32,b,No,No.
moved_real,data/videos_v3/int_100ms/v3_100_00117.avi,100,1,0,-2.4018,-10.5482,-13.6732,-14.1341,-13.1185,8,b,No,No.
moved_twin,data/twin_v3/v3_100_00117.avi,100,0,0,-2.3643,-10.5,-13.7578,-14.1328,-13.1563,8,b,No,No.
still_real,data/videos_v3/int_100ms/v3_100_00117.avi,100,0,1,0.3223,-9.8534,-10.6893,-12.7597,-11.8925,8,b,Yes,"Yes, both shapes stayed still the entire"
still_twin,data/twin_v3/v3_100_00117.avi,100,1,1,0.2286,-9.8622,-10.9325,-12.7528,-11.9403,8,b,Yes,"Yes, both shapes stayed still the entire"
order_twin,data/twin_v3/v3_100_00117.avi,100,-1,0,-1.0568,-9.5227,-11.7024,-12.0618,-11.679,8,b,No,No
moved_solo_hit,data/videos_v3/int_100ms/v3_100_00117_solob.avi,100,1,0,-2.5037,-10.6302,-13.8177,-14.2396,-13.2239,8,b,No,No.
moved_solo_fa,data/videos_v3/int_100ms/v3_100_00117_soloa.avi,100,0,0,-2.391,-10.5075,-13.7029,-14.1169,-13.1325,8,b,No,No.
order_real,data/videos_v3/int_100ms/v3_100_00118.avi,100,1,0,-1.1989,-9.2225,-11.5193,-12.0818,-11.4568,8,b,No,No
order_rev,data/videos_v3/int_100ms/v3_100_00118.avi,100,1,0,-0.6094,-9.073,-11.6121,-12.3152,-11.4714,8,b,No,No
order_forced,data/videos_v3/int_100ms/v3_100_00118.avi,100,1,1,0.5313,-0.5041,-1.0354,-3.8791,-5.6291,8,b,A,A
interval,data/videos_v3/int_100ms/v3_100_00118.avi,100,A,B,,-1.7002,-1.2783,-1.2939,-1.4814,8,b,B,B
order_32f,data/videos_v3/int_100ms/v3_100_00118.avi,100,1,0,-0.6337,-8.7369,-11.8072,-12.0416,-11.7838,32,b,No,No.
moved_real,data/videos_v3/int_100ms/v3_100_00118.avi,100,1,0,-2.0152,-9.8595,-13.2032,-13.1642,-12.5001,8,b,No,No.
moved_twin,data/twin_v3/v3_100_00118.avi,100,0,0,-1.8926,-9.885,-13.2678,-13.2053,-12.4943,8,b,No,No.
still_real,data/videos_v3/int_100ms/v3_100_00118.avi,100,0,1,0.0944,-9.6842,-10.3404,-12.6217,-11.8404,8,b,Yes,"Yes, both shapes, the triangle and"
still_twin,data/twin_v3/v3_100_00118.avi,100,1,1,0.0377,-9.7797,-10.5453,-12.7016,-11.8891,8,b,Yes,"Yes, both shapes, the triangle and"
order_twin,data/twin_v3/v3_100_00118.avi,100,-1,0,-1.2157,-9.2549,-11.5986,-12.1065,-11.4658,8,b,No,No
moved_solo_hit,data/videos_v3/int_100ms/v3_100_00118_solob.avi,100,1,0,-1.9436,-9.8631,-13.1756,-13.1756,-12.4881,8,b,No,No.
moved_solo_fa,data/videos_v3/int_100ms/v3_100_00118_soloa.avi,100,0,0,-1.9567,-9.8898,-13.2413,-13.2179,-12.4913,8,b,No,No.
order_real,data/videos_v3/int_100ms/v3_100_00119.avi,100,1,0,-0.9212,-9.4639,-11.7373,-12.5185,-11.5654,8,a,No,No
order_rev,data/videos_v3/int_100ms/v3_100_00119.avi,100,1,0,-0.8528,-9.2003,-11.7863,-12.4034,-11.5206,8,a,No,No
order_forced,data/videos_v3/int_100ms/v3_100_00119.avi,100,1,1,0.4688,-0.5193,-0.9881,-3.9412,-5.5818,8,a,A,A
interval,data/videos_v3/int_100ms/v3_100_00119.avi,100,A,B,,-1.7289,-1.1976,-1.3851,-1.5101,8,a,B,B
order_32f,data/videos_v3/int_100ms/v3_100_00119.avi,100,1,0,-0.6502,-8.911,-11.8798,-12.3876,-11.786,32,a,No,No.
moved_real,data/videos_v3/int_100ms/v3_100_00119.avi,100,1,0,-2.4906,-10.2187,-13.6562,-13.9609,-12.8984,8,a,No,No.
moved_twin,data/twin_v3/v3_100_00119.avi,100,0,0,-2.8033,-10.4818,-13.9974,-14.2474,-13.1771,8,a,No,No.
still_real,data/videos_v3/int_100ms/v3_100_00119.avi,100,0,1,-0.0527,-9.7685,-10.9403,-12.8544,-11.9403,8,a,Yes,"Yes, both shapes stayed still the whole"
still_twin,data/twin_v3/v3_100_00119.avi,100,1,1,-0.0401,-9.748,-10.9902,-12.8574,-11.8964,8,a,Yes,"Yes, both shapes, the green square"
order_twin,data/twin_v3/v3_100_00119.avi,100,-1,0,-0.967,-9.5188,-11.8547,-12.6203,-11.6516,8,a,No,No
moved_solo_hit,data/videos_v3/int_100ms/v3_100_00119_soloa.avi,100,1,0,-2.6354,-10.3278,-13.8044,-14.0778,-13.0153,8,a,No,No.
moved_solo_fa,data/videos_v3/int_100ms/v3_100_00119_solob.avi,100,0,0,-2.6305,-10.2801,-13.7566,-14.0301,-12.9832,8,a,No,No.
order_real,data/videos_v3/int_100ms/v3_100_00120.avi,100,0,0,-1.047,-9.4474,-11.7209,-12.5412,-11.7365,8,b,No,No
order_rev,data/videos_v3/int_100ms/v3_100_00120.avi,100,0,0,-0.6606,-9.1732,-11.7123,-12.3217,-11.5951,8,b,No,No
order_forced,data/videos_v3/int_100ms/v3_100_00120.avi,100,0,1,0.4218,-0.5573,-0.9791,-3.651,-5.6979,8,b,A,A
interval,data/videos_v3/int_100ms/v3_100_00120.avi,100,A,B,,-1.472,-1.2845,-1.347,-1.6127,8,b,B,B
order_real,data/videos_v3/int_100ms/v3_100_00121.avi,100,0,0,-1.1245,-9.39,-11.8041,-12.5307,-11.5541,8,a,No,No
order_rev,data/videos_v3/int_100ms/v3_100_00121.avi,100,0,0,-1.0793,-9.1213,-11.7541,-12.5353,-11.5119,8,a,No,No
order_forced,data/videos_v3/int_100ms/v3_100_00121.avi,100,0,1,0.4688,-0.5241,-0.9929,-3.8835,-5.6647,8,a,A,A
interval,data/videos_v3/int_100ms/v3_100_00121.avi,100,A,B,,-1.5919,-1.2794,-1.3419,-1.5294,8,a,B,B
order_real,data/videos_v3/int_100ms/v3_100_00122.avi,100,1,0,-0.3609,-9.3556,-11.5275,-12.1447,-11.5978,8,b,No,No
order_rev,data/videos_v3/int_100ms/v3_100_00122.avi,100,1,0,-0.7502,-9.2085,-11.5679,-12.2945,-11.5367,8,b,No,No
order_forced,data/videos_v3/int_100ms/v3_100_00122.avi,100,1,1,0.4844,-0.5337,-1.0181,-3.3306,-5.7525,8,b,A,A
interval,data/videos_v3/int_100ms/v3_100_00122.avi,100,A,B,,-1.5903,-1.2934,-1.3247,-1.4497,8,b,B,B
order_real,data/videos_v3/int_100ms/v3_100_00123.avi,100,1,0,-1.0812,-9.4091,-11.5653,-12.3388,-11.5575,8,a,No,No
order_rev,data/videos_v3/int_100ms/v3_100_00123.avi,100,1,0,-0.8054,-9.1234,-11.5452,-12.2562,-11.5218,8,a,No,No
order_forced,data/videos_v3/int_100ms/v3_100_00123.avi,100,1,1,0.4843,-0.5155,-0.9998,-4.1092,-5.4686,8,a,A,A
interval,data/videos_v3/int_100ms/v3_100_00123.avi,100,A,B,,-1.5822,-1.3009,-1.3166,-1.5666,8,a,B,B
order_real,data/videos_v3/int_100ms/v3_100_00124.avi,100,0,0,-0.4622,-9.5134,-11.3806,-12.2399,-11.6853,8,b,No,No
order_rev,data/videos_v3/int_100ms/v3_100_00124.avi,100,0,0,-0.9538,-9.5714,-11.8293,-12.5714,-11.9543,8,b,No,No
order_forced,data/videos_v3/int_100ms/v3_100_00124.avi,100,0,1,0.5,-0.5181,-1.0181,-3.6744,-6.2994,8,b,A,A
interval,data/videos_v3/int_100ms/v3_100_00124.avi,100,A,B,,-1.6332,-1.1489,-1.3989,-1.5395,8,b,B,B
order_real,data/videos_v3/int_100ms/v3_100_00125.avi,100,0,0,-0.935,-9.5185,-11.7607,-12.3154,-11.5419,8,b,No,No
order_rev,data/videos_v3/int_100ms/v3_100_00125.avi,100,0,0,-1.2835,-9.4576,-11.9966,-12.6294,-11.6685,8,b,No,No
order_forced,data/videos_v3/int_100ms/v3_100_00125.avi,100,0,1,0.4375,-0.5346,-0.9721,-3.6752,-5.7533,8,b,A,A
interval,data/videos_v3/int_100ms/v3_100_00125.avi,100,A,B,,-1.7662,-1.1255,-1.3287,-1.5318,8,b,B,B
order_real,data/videos_v3/int_100ms/v3_100_00126.avi,100,0,0,-0.4303,-9.2277,-11.6027,-12.2043,-11.5715,8,b,No,No
order_rev,data/videos_v3/int_100ms/v3_100_00126.avi,100,0,0,-0.6033,-8.9923,-11.6173,-11.8361,-11.6095,8,b,No,No
order_forced,data/videos_v3/int_100ms/v3_100_00126.avi,100,0,1,0.375,-0.5724,-0.9474,-3.5099,-5.3537,8,b,A,A
interval,data/videos_v3/int_100ms/v3_100_00126.avi,100,A,B,,-1.622,-1.247,-1.3251,-1.5908,8,b,B,B
order_real,data/videos_v3/int_100ms/v3_100_00127.avi,100,0,0,-0.3975,-9.3689,-11.7595,-12.1267,-11.7205,8,a,No,No
order_rev,data/videos_v3/int_100ms/v3_100_00127.avi,100,0,0,-0.9179,-9.2144,-11.8003,-12.3394,-11.6284,8,a,No,No
order_forced,data/videos_v3/int_100ms/v3_100_00127.avi,100,0,1,0.6406,-0.4909,-1.1315,-3.4596,-5.944,8,a,A,A
interval,data/videos_v3/int_100ms/v3_100_00127.avi,100,A,C,,-1.558,-1.3236,-1.2924,-1.4955,8,a,C,C
order_real,data/videos_v3/int_100ms/v3_100_00128.avi,100,1,0,-0.7862,-9.3546,-11.6514,-12.1436,-11.6046,8,a,No,No
order_rev,data/videos_v3/int_100ms/v3_100_00128.avi,100,1,0,-0.4428,-9.1777,-11.6152,-12.3027,-11.4277,8,a,No,No
order_forced,data/videos_v3/int_100ms/v3_100_00128.avi,100,1,1,0.2969,-0.5978,-0.8947,-3.551,-5.8166,8,a,A,A
interval,data/videos_v3/int_100ms/v3_100_00128.avi,100,A,B,,-1.5781,-1.25,-1.3281,-1.5781,8,a,B,B
order_real,data/videos_v3/int_100ms/v3_100_00129.avi,100,1,0,-0.9101,-9.3081,-11.6519,-12.1362,-11.5894,8,a,No,No
order_rev,data/videos_v3/int_100ms/v3_100_00129.avi,100,1,0,-0.9291,-9.2629,-11.9504,-12.5676,-11.677,8,a,No,No
order_forced,data/videos_v3/int_100ms/v3_100_00129.avi,100,1,1,0.4688,-0.5256,-0.9944,-3.7913,-5.9944,8,a,A,A
interval,data/videos_v3/int_100ms/v3_100_00129.avi,100,A,B,,-1.4804,-1.246,-1.4491,-1.5429,8,a,B,B
order_real,data/videos_v3/int_100ms/v3_100_00130.avi,100,0,0,-1.1048,-9.333,-11.7627,-12.0673,-11.5517,8,a,No,No
order_rev,data/videos_v3/int_100ms/v3_100_00130.avi,100,0,0,-0.5982,-9.2006,-11.8569,-12.0678,-11.6303,8,a,No,No
order_forced,data/videos_v3/int_100ms/v3_100_00130.avi,100,0,1,0.5,-0.5321,-1.0321,-3.2196,-5.7821,8,a,A,A
interval,data/videos_v3/int_100ms/v3_100_00130.avi,100,A,B,,-1.4634,-1.2603,-1.3384,-1.604,8,a,B,B
order_real,data/videos_v3/int_100ms/v3_100_00131.avi,100,1,0,-0.6078,-9.5826,-11.5591,-12.5122,-11.6216,8,a,No,No
order_rev,data/videos_v3/int_100ms/v3_100_00131.avi,100,1,0,-0.9969,-9.4568,-11.7381,-12.6131,-11.7068,8,a,No,No
order_forced,data/videos_v3/int_100ms/v3_100_00131.avi,100,1,1,0.5469,-0.4922,-1.0391,-3.8516,-5.461,8,a,A,A
interval,data/videos_v3/int_100ms/v3_100_00131.avi,100,A,B,,-1.7886,-1.2261,-1.2417,-1.4917,8,a,B,B
order_real,data/videos_v3/int_100ms/v3_100_00132.avi,100,0,0,-0.4854,-9.6099,-11.4692,-12.4614,-11.8208,8,b,No,No
order_rev,data/videos_v3/int_100ms/v3_100_00132.avi,100,0,0,-0.8672,-9.6713,-11.9447,-12.7651,-12.1322,8,b,No,No
order_forced,data/videos_v3/int_100ms/v3_100_00132.avi,100,0,1,0.4218,-0.5491,-0.9709,-3.6428,-6.3147,8,b,A,A
interval,data/videos_v3/int_100ms/v3_100_00132.avi,100,A,B,,-1.6385,-1.1697,-1.4041,-1.5291,8,b,B,B
order_real,data/videos_v3/int_100ms/v3_100_00133.avi,100,1,0,-0.9424,-9.2489,-11.3583,-12.3036,-11.3036,8,b,No,No
order_rev,data/videos_v3/int_100ms/v3_100_00133.avi,100,1,0,-0.982,-9.2057,-11.737,-12.4635,-11.4401,8,b,No,No
order_forced,data/videos_v3/int_100ms/v3_100_00133.avi,100,1,1,0.0469,-0.709,-0.7559,-3.8965,-5.8496,8,b,A,A
interval,data/videos_v3/int_100ms/v3_100_00133.avi,100,A,B,,-1.5289,-1.2008,-1.3883,-1.6696,8,b,B,B
order_real,data/videos_v3/int_100ms/v3_100_00134.avi,100,1,0,-0.9382,-9.4131,-11.7022,-12.6788,-11.5069,8,b,No,No
order_rev,data/videos_v3/int_100ms/v3_100_00134.avi,100,1,0,-0.8262,-9.3488,-11.9347,-12.7472,-11.5988,8,b,No,No
order_forced,data/videos_v3/int_100ms/v3_100_00134.avi,100,1,1,0.5312,-0.4989,-1.0301,-3.7801,-5.4676,8,b,A,A
interval,data/videos_v3/int_100ms/v3_100_00134.avi,100,A,B,,-1.6365,-1.1678,-1.3396,-1.6053,8,b,B,B
order_real,data/videos_v3/int_100ms/v3_100_00135.avi,100,0,0,-0.7401,-9.5966,-11.7138,-12.2763,-11.8076,8,b,No,No
order_rev,data/videos_v3/int_100ms/v3_100_00135.avi,100,0,0,-1.1278,-9.6255,-12.102,-12.6958,-12.0474,8,b,No,No
order_forced,data/videos_v3/int_100ms/v3_100_00135.avi,100,0,1,0.4062,-0.5605,-0.9667,-3.5292,-6.3261,8,b,A,A
interval,data/videos_v3/int_100ms/v3_100_00135.avi,100,A,B,,-1.5451,-1.2482,-1.342,-1.592,8,b,B,B
order_real,data/videos_v3/int_100ms/v3_100_00136.avi,100,1,0,-1.5253,-9.8469,-11.9562,-12.925,-11.8391,8,a,No,No
order_rev,data/videos_v3/int_100ms/v3_100_00136.avi,100,1,0,-1.0402,-9.4736,-12.0204,-12.9032,-11.747,8,a,No,No
order_forced,data/videos_v3/int_100ms/v3_100_00136.avi,100,1,1,0.5937,-0.4815,-1.0752,-3.7784,-5.9346,8,a,A,A
interval,data/videos_v3/int_100ms/v3_100_00136.avi,100,A,B,,-1.8126,-1.1719,-1.2969,-1.5001,8,a,B,B
order_real,data/videos_v3/int_100ms/v3_100_00137.avi,100,1,0,-0.9546,-9.3382,-11.846,-12.1663,-11.4475,8,b,No,No
order_rev,data/videos_v3/int_100ms/v3_100_00137.avi,100,1,0,-0.894,-9.2874,-12.0062,-12.2484,-11.5374,8,b,No,No
order_forced,data/videos_v3/int_100ms/v3_100_00137.avi,100,1,1,0.4218,-0.5488,-0.9706,-3.5644,-5.5175,8,b,A,A
interval,data/videos_v3/int_100ms/v3_100_00137.avi,100,A,B,,-1.6346,-1.2752,-1.3534,-1.4627,8,b,B,B
order_real,data/videos_v3/int_100ms/v3_100_00138.avi,100,1,0,-0.7213,-9.296,-11.546,-12.1788,-11.5695,8,a,No,No
order_rev,data/videos_v3/int_100ms/v3_100_00138.avi,100,1,0,-0.51,-9.1863,-11.6238,-12.3191,-11.4363,8,a,No,No
order_forced,data/videos_v3/int_100ms/v3_100_00138.avi,100,1,1,0.3282,-0.5966,-0.9248,-3.456,-5.8623,8,a,A,A
interval,data/videos_v3/int_100ms/v3_100_00138.avi,100,A,B,,-1.557,-1.2601,-1.3382,-1.5726,8,a,B,B
order_real,data/videos_v3/int_100ms/v3_100_00139.avi,100,0,0,-1.1886,-9.291,-11.6192,-12.3848,-11.4785,8,a,No,No
order_rev,data/videos_v3/int_100ms/v3_100_00139.avi,100,0,0,-1.146,-9.0917,-11.7948,-12.4667,-11.4432,8,a,No,No
order_forced,data/videos_v3/int_100ms/v3_100_00139.avi,100,0,1,0.4844,-0.5262,-1.0106,-3.7762,-5.87,8,a,A,A
interval,data/videos_v3/int_100ms/v3_100_00139.avi,100,A,B,,-1.5166,-1.2823,-1.376,-1.5948,8,a,B,B
order_real,data/videos_v3/int_100ms/v3_100_00140.avi,100,1,0,-1.0171,-9.6246,-11.9371,-12.3668,-11.734,8,b,No,No
order_rev,data/videos_v3/int_100ms/v3_100_00140.avi,100,1,0,-1.8635,-9.8022,-12.4428,-12.9584,-11.9506,8,b,No,No
order_forced,data/videos_v3/int_100ms/v3_100_00140.avi,100,1,1,0.5313,-0.5062,-1.0375,-3.6156,-6.0531,8,b,A,A
interval,data/videos_v3/int_100ms/v3_100_00140.avi,100,A,B,,-1.7226,-1.1757,-1.3476,-1.5039,8,b,B,B
order_real,data/videos_v3/int_100ms/v3_100_00141.avi,100,0,0,-0.8847,-9.3037,-11.6006,-12.4131,-11.5928,8,b,No,No
order_rev,data/videos_v3/int_100ms/v3_100_00141.avi,100,0,0,-0.9096,-9.25,-11.7422,-12.586,-11.6641,8,b,No,No
order_forced,data/videos_v3/int_100ms/v3_100_00141.avi,100,0,1,0.4531,-0.527,-0.9801,-4.027,-6.0895,8,b,A,A
interval,data/videos_v3/int_100ms/v3_100_00141.avi,100,A,B,,-1.629,-1.1446,-1.4571,-1.5977,8,b,B,B
order_real,data/videos_v3/int_100ms/v3_100_00142.avi,100,0,0,-0.9011,-9.2189,-11.6408,-12.4377,-11.5236,8,a,No,No
order_rev,data/videos_v3/int_100ms/v3_100_00142.avi,100,0,0,-0.4809,-9.0714,-11.5948,-12.3917,-11.3526,8,a,No,No
order_forced,data/videos_v3/int_100ms/v3_100_00142.avi,100,0,1,0.5938,-0.4751,-1.0689,-4.022,-5.4751,8,a,A,A
interval,data/videos_v3/int_100ms/v3_100_00142.avi,100,A,B,,-1.6984,-1.214,-1.3078,-1.5578,8,a,B,B
order_real,data/videos_v3/int_100ms/v3_100_00143.avi,100,1,0,-0.9745,-9.3137,-11.4856,-12.1887,-11.5871,8,b,No,No
order_rev,data/videos_v3/int_100ms/v3_100_00143.avi,100,1,0,-0.8549,-9.1928,-11.6694,-12.5913,-11.5678,8,b,No,No
order_forced,data/videos_v3/int_100ms/v3_100_00143.avi,100,1,1,0.3125,-0.5918,-0.9043,-3.7793,-6.3418,8,b,A,A
interval,data/videos_v3/int_100ms/v3_100_00143.avi,100,A,B,,-1.7844,-1.1438,-1.4251,-1.4563,8,b,B,B
order_real,data/videos_v3/int_100ms/v3_100_00144.avi,100,0,0,-0.5787,-9.2975,-11.6021,-12.4928,-11.524,8,a,No,No
order_rev,data/videos_v3/int_100ms/v3_100_00144.avi,100,0,0,-0.6824,-9.1595,-11.5814,-12.558,-11.5345,8,a,No,No
order_forced,data/videos_v3/int_100ms/v3_100_00144.avi,100,0,1,0.375,-0.561,-0.936,-4.061,-5.2798,8,a,A,A
interval,data/videos_v3/int_100ms/v3_100_00144.avi,100,A,C,,-1.6502,-1.2909,-1.2752,-1.494,8,a,C,C
order_real,data/videos_v3/int_100ms/v3_100_00145.avi,100,1,0,-0.7049,-9.2544,-11.7154,-12.3482,-11.5357,8,b,No,No
order_rev,data/videos_v3/int_100ms/v3_100_00145.avi,100,1,0,-0.3924,-9.0675,-11.669,-12.2237,-11.544,8,b,No,No
order_forced,data/videos_v3/int_100ms/v3_100_00145.avi,100,1,1,0.6719,-0.4518,-1.1237,-4.0299,-5.233,8,b,A,A
interval,data/videos_v3/int_100ms/v3_100_00145.avi,100,A,C,,-1.5594,-1.325,-1.2937,-1.5125,8,b,C,C
order_real,data/videos_v3/int_100ms/v3_100_00146.avi,100,1,0,-1.0626,-9.395,-11.645,-12.4106,-11.4966,8,b,No,No
order_rev,data/videos_v3/int_100ms/v3_100_00146.avi,100,1,0,-0.8913,-9.2219,-11.9798,-12.5579,-11.5891,8,b,No,No
order_forced,data/videos_v3/int_100ms/v3_100_00146.avi,100,1,1,0.4687,-0.5158,-0.9845,-3.922,-5.5627,8,b,A,A
interval,data/videos_v3/int_100ms/v3_100_00146.avi,100,A,B,,-1.5834,-1.2553,-1.3178,-1.5678,8,b,B,B
order_real,data/videos_v3/int_100ms/v3_100_00147.avi,100,0,0,-1.017,-9.3153,-11.8856,-12.3387,-11.6824,8,a,No,No
order_rev,data/videos_v3/int_100ms/v3_100_00147.avi,100,0,0,-0.4391,-9.1008,-11.7336,-12.2883,-11.468,8,a,No,No
order_forced,data/videos_v3/int_100ms/v3_100_00147.avi,100,0,1,0.5781,-0.4916,-1.0697,-3.4916,-5.726,8,a,A,A
interval,data/videos_v3/int_100ms/v3_100_00147.avi,100,A,B,,-1.6756,-1.2537,-1.3631,-1.535,8,a,B,B
order_real,data/videos_v3/int_100ms/v3_100_00148.avi,100,0,0,-0.7241,-9.4885,-11.6213,-12.2307,-11.6213,8,b,No,No
order_rev,data/videos_v3/int_100ms/v3_100_00148.avi,100,0,0,-0.8279,-9.2715,-12.0137,-12.1308,-11.7949,8,b,No,No
order_forced,data/videos_v3/int_100ms/v3_100_00148.avi,100,0,1,0.2812,-0.6089,-0.8901,-3.4058,-6.2339,8,b,A,A
interval,data/videos_v3/int_100ms/v3_100_00148.avi,100,A,B,,-1.5826,-1.2076,-1.4264,-1.5201,8,b,B,B
order_real,data/videos_v3/int_100ms/v3_100_00149.avi,100,0,0,-0.4752,-9.6539,-11.7789,-12.3727,-11.8883,8,a,No,No
order_rev,data/videos_v3/int_100ms/v3_100_00149.avi,100,0,0,-0.6094,-9.2939,-11.6689,-12.1064,-11.747,8,a,No,No
order_forced,data/videos_v3/int_100ms/v3_100_00149.avi,100,0,1,0.3594,-0.577,-0.9364,-3.327,-5.702,8,a,A,A
interval,data/videos_v3/int_100ms/v3_100_00149.avi,100,A,B,,-1.7264,-1.242,-1.2577,-1.4764,8,a,B,B
order_real,data/videos_v3/int_100ms/v3_100_00150.avi,100,0,0,-0.6682,-9.5154,-11.5779,-12.5389,-11.7107,8,b,No,No
order_rev,data/videos_v3/int_100ms/v3_100_00150.avi,100,0,0,-0.6995,-9.4312,-11.8062,-12.6421,-11.8999,8,b,No,No
order_forced,data/videos_v3/int_100ms/v3_100_00150.avi,100,0,1,0.625,-0.476,-1.101,-3.6947,-5.5385,8,b,A,A
interval,data/videos_v3/int_100ms/v3_100_00150.avi,100,A,B,,-1.736,-1.2672,-1.2828,-1.4391,8,b,B,B
order_real,data/videos_v3/int_100ms/v3_100_00151.avi,100,1,0,-0.7703,-9.4958,-11.8005,-12.2067,-11.6911,8,b,No,No
order_rev,data/videos_v3/int_100ms/v3_100_00151.avi,100,1,0,-1.1691,-9.4231,-11.9543,-12.4543,-11.6418,8,b,No,No
order_forced,data/videos_v3/int_100ms/v3_100_00151.avi,100,1,1,0.5781,-0.4895,-1.0676,-3.5051,-6.0208,8,b,A,A
interval,data/videos_v3/int_100ms/v3_100_00151.avi,100,A,B,,-1.8278,-1.1247,-1.3434,-1.5309,8,b,B,B
order_real,data/videos_v3/int_100ms/v3_100_00152.avi,100,0,0,-1.148,-9.2878,-11.7643,-12.3347,-11.569,8,a,No,No
order_rev,data/videos_v3/int_100ms/v3_100_00152.avi,100,0,0,-1.2034,-9.203,-11.8905,-12.6015,-11.664,8,a,No,No
order_forced,data/videos_v3/int_100ms/v3_100_00152.avi,100,0,1,0.4532,-0.5366,-0.9898,-3.6304,-5.6616,8,a,A,A
interval,data/videos_v3/int_100ms/v3_100_00152.avi,100,A,B,,-1.6266,-1.2204,-1.3766,-1.5485,8,a,B,B
order_real,data/videos_v3/int_100ms/v3_100_00153.avi,100,0,0,-0.8352,-9.2314,-11.7392,-11.9971,-11.5596,8,b,No,No
order_rev,data/videos_v3/int_100ms/v3_100_00153.avi,100,0,0,-1.1482,-9.1938,-11.9828,-12.1234,-11.5766,8,b,No,No
order_forced,data/videos_v3/int_100ms/v3_100_00153.avi,100,0,1,0.375,-0.5806,-0.9556,-3.2837,-5.3774,8,b,A,A
interval,data/videos_v3/int_100ms/v3_100_00153.avi,100,A,B,,-1.6779,-1.256,-1.3654,-1.4904,8,b,B,B
order_real,data/videos_v3/int_100ms/v3_100_00154.avi,100,1,0,-0.8943,-9.2385,-11.6525,-12.2697,-11.5197,8,b,No,No
order_rev,data/videos_v3/int_100ms/v3_100_00154.avi,100,1,0,-0.7466,-9.09,-11.6916,-12.3635,-11.5353,8,b,No,No
order_forced,data/videos_v3/int_100ms/v3_100_00154.avi,100,1,1,0.5625,-0.4864,-1.0489,-3.8145,-5.502,8,b,A,A
interval,data/videos_v3/int_100ms/v3_100_00154.avi,100,A,B,,-1.6355,-1.2449,-1.3074,-1.573,8,b,B,B
order_real,data/videos_v3/int_100ms/v3_100_00155.avi,100,0,0,-0.921,-9.4938,-11.7595,-12.3298,-11.7204,8,b,No,No
order_rev,data/videos_v3/int_100ms/v3_100_00155.avi,100,0,0,-1.0846,-9.5353,-12.1057,-12.6369,-11.9885,8,b,No,No
order_forced,data/videos_v3/int_100ms/v3_100_00155.avi,100,0,1,0.3594,-0.5743,-0.9337,-3.5118,-5.6837,8,b,A,A
interval,data/videos_v3/int_100ms/v3_100_00155.avi,100,A,B,,-1.5907,-1.2157,-1.3094,-1.575,8,b,B,B
order_real,data/videos_v3/int_100ms/v3_100_00156.avi,100,0,0,-0.8808,-9.2612,-11.48,-12.4409,-11.3628,8,b,No,No
order_rev,data/videos_v3/int_100ms/v3_100_00156.avi,100,0,0,-1.2505,-9.3236,-12.058,-12.7299,-11.683,8,b,No,No
order_forced,data/videos_v3/int_100ms/v3_100_00156.avi,100,0,1,0.1719,-0.6461,-0.818,-3.9743,-5.7555,8,b,A,A
interval,data/videos_v3/int_100ms/v3_100_00156.avi,100,A,B,,-1.6768,-1.2081,-1.3956,-1.505,8,b,B,B
order_real,data/videos_v3/int_100ms/v3_100_00157.avi,100,0,0,-1.0255,-9.2372,-11.6747,-12.2919,-11.5263,8,a,No,No
order_rev,data/videos_v3/int_100ms/v3_100_00157.avi,100,0,0,-1.0398,-9.1819,-11.8538,-12.5023,-11.6194,8,a,No,No
order_forced,data/videos_v3/int_100ms/v3_100_00157.avi,100,0,1,0.6875,-0.4464,-1.1339,-3.8526,-5.587,8,a,A,A
interval,data/videos_v3/int_100ms/v3_100_00157.avi,100,A,B,,-1.6604,-1.1916,-1.3635,-1.5822,8,a,B,B
order_real,data/videos_v3/int_100ms/v3_100_00158.avi,100,1,0,-0.96,-9.4227,-11.9305,-12.3524,-11.5945,8,a,No,No
order_rev,data/videos_v3/int_100ms/v3_100_00158.avi,100,1,0,-1.0667,-9.2783,-12.0361,-12.3955,-11.5752,8,a,No,No
order_forced,data/videos_v3/int_100ms/v3_100_00158.avi,100,1,1,0.5469,-0.4979,-1.0448,-3.7011,-5.6386,8,a,A,A
interval,data/videos_v3/int_100ms/v3_100_00158.avi,100,A,B,,-1.5144,-1.2956,-1.3737,-1.5612,8,a,B,B
order_real,data/videos_v3/int_100ms/v3_100_00159.avi,100,1,0,-1.7419,-9.6152,-12.2246,-12.7949,-11.8574,8,a,No,No.
order_rev,data/videos_v3/int_100ms/v3_100_00159.avi,100,1,0,-1.1194,-9.1817,-11.8692,-12.6192,-11.5723,8,a,No,No
order_forced,data/videos_v3/int_100ms/v3_100_00159.avi,100,1,1,0.5469,-0.4963,-1.0432,-4.0744,-5.8401,8,a,A,A
interval,data/videos_v3/int_100ms/v3_100_00159.avi,100,A,B,,-1.5838,-1.2869,-1.3807,-1.5838,8,a,B,B
order_real,data/videos_v3/int_100ms/v3_100_00160.avi,100,0,0,-1.3224,-9.4659,-12.1066,-12.7238,-11.8253,8,a,No,No
order_rev,data/videos_v3/int_100ms/v3_100_00160.avi,100,0,0,-1.0833,-9.0842,-11.8186,-12.5374,-11.5921,8,a,No,No
order_forced,data/videos_v3/int_100ms/v3_100_00160.avi,100,0,1,0.5,-0.5103,-1.0103,-4.1197,-5.7447,8,a,A,A
interval,data/videos_v3/int_100ms/v3_100_00160.avi,100,A,C,,-1.454,-1.3603,-1.3603,-1.579,8,a,C,C
order_real,data/videos_v3/int_100ms/v3_100_00161.avi,100,1,0,-1.0022,-9.0233,-11.3671,-11.9452,-11.2733,8,b,No,No
order_rev,data/videos_v3/int_100ms/v3_100_00161.avi,100,1,0,-0.6992,-8.8442,-11.3598,-12.0395,-11.2895,8,b,No,No
order_forced,data/videos_v3/int_100ms/v3_100_00161.avi,100,1,1,0.625,-0.4704,-1.0954,-3.8141,-5.736,8,b,A,A
interval,data/videos_v3/int_100ms/v3_100_00161.avi,100,A,B,,-1.6197,-1.2291,-1.3072,-1.5728,8,b,B,B
order_real,data/videos_v3/int_100ms/v3_100_00162.avi,100,0,0,-1.0965,-9.5177,-11.6349,-12.2208,-11.6818,8,b,No,No
order_rev,data/videos_v3/int_100ms/v3_100_00162.avi,100,0,0,-1.8041,-9.8885,-12.5838,-13.1073,-12.2557,8,b,No,No
order_forced,data/videos_v3/int_100ms/v3_100_00162.avi,100,0,1,0.4375,-0.5363,-0.9738,-3.7551,-6.5207,8,b,A,A
interval,data/videos_v3/int_100ms/v3_100_00162.avi,100,A,B,,-1.6091,-1.1716,-1.3747,-1.5778,8,b,B,B
order_real,data/videos_v3/int_100ms/v3_100_00163.avi,100,1,0,-1.1465,-9.339,-11.675,-12.589,-11.6671,8,a,No,No.
order_rev,data/videos_v3/int_100ms/v3_100_00163.avi,100,1,0,-1.1133,-9.1391,-11.8032,-12.6313,-11.5532,8,a,No,No
order_forced,data/videos_v3/int_100ms/v3_100_00163.avi,100,1,1,0.3125,-0.5922,-0.9047,-3.8891,-5.8578,8,a,A,A
interval,data/videos_v3/int_100ms/v3_100_00163.avi,100,A,B,,-1.6875,-1.2187,-1.3594,-1.5312,8,a,B,B
order_real,data/videos_v3/int_100ms/v3_100_00164.avi,100,0,0,-0.8051,-9.3637,-11.4418,-12.4497,-11.3481,8,b,No,No
order_rev,data/videos_v3/int_100ms/v3_100_00164.avi,100,0,0,-0.7139,-9.2927,-11.9177,-12.652,-11.4567,8,b,No,No
order_forced,data/videos_v3/int_100ms/v3_100_00164.avi,100,0,1,0.5625,-0.4822,-1.0447,-4.1385,-5.7635,8,b,A,A
interval,data/videos_v3/int_100ms/v3_100_00164.avi,100,A,B,,-1.6512,-1.1824,-1.3855,-1.4949,8,b,B,B
order_real,data/videos_v3/int_100ms/v3_100_00165.avi,100,0,0,-0.9259,-9.2847,-11.441,-12.4097,-11.4644,8,b,No,No
order_rev,data/videos_v3/int_100ms/v3_100_00165.avi,100,0,0,-0.8506,-9.3042,-11.9761,-12.6401,-11.6636,8,b,No,No.
order_forced,data/videos_v3/int_100ms/v3_100_00165.avi,100,0,1,0.2969,-0.591,-0.8879,-3.7941,-6.0285,8,b,A,A
interval,data/videos_v3/int_100ms/v3_100_00165.avi,100,A,B,,-1.5425,-1.3237,-1.3706,-1.5581,8,b,B,B
order_real,data/videos_v3/int_100ms/v3_100_00166.avi,100,1,0,-0.7473,-9.3848,-11.6191,-12.1894,-11.5879,8,a,No,No
order_rev,data/videos_v3/int_100ms/v3_100_00166.avi,100,1,0,-0.6355,-8.9924,-11.4533,-12.3049,-11.4064,8,a,No,No
order_forced,data/videos_v3/int_100ms/v3_100_00166.avi,100,1,1,0.4218,-0.5317,-0.9535,-4.0785,-5.8754,8,a,A,A
interval,data/videos_v3/int_100ms/v3_100_00166.avi,100,A,B,,-1.6393,-1.2487,-1.3112,-1.53,8,a,B,B
order_real,data/videos_v3/int_100ms/v3_100_00167.avi,100,0,0,-0.7821,-9.2486,-11.7096,-12.4283,-11.5611,8,b,No,No.
order_rev,data/videos_v3/int_100ms/v3_100_00167.avi,100,0,0,-0.7566,-9.1107,-11.7357,-12.4935,-11.5169,8,b,No,No
order_forced,data/videos_v3/int_100ms/v3_100_00167.avi,100,0,1,0.5781,-0.4858,-1.0639,-4.0951,-5.6264,8,b,A,A
interval,data/videos_v3/int_100ms/v3_100_00167.avi,100,A,B,,-1.6077,-1.2327,-1.3421,-1.5921,8,b,B,B
order_real,data/videos_v3/int_100ms/v3_100_00168.avi,100,1,0,-1.0908,-9.3529,-11.767,-12.1732,-11.4857,8,b,No,No
order_rev,data/videos_v3/int_100ms/v3_100_00168.avi,100,1,0,-1.0086,-9.1616,-11.6694,-12.3648,-11.4038,8,b,No,No
order_forced,data/videos_v3/int_100ms/v3_100_00168.avi,100,1,1,0.4375,-0.5478,-0.9853,-3.5478,-5.8447,8,b,A,A
interval,data/videos_v3/int_100ms/v3_100_00168.avi,100,A,B,,-1.5847,-1.2878,-1.3034,-1.5066,8,b,B,B
order_real,data/videos_v3/int_100ms/v3_100_00169.avi,100,1,0,-1.1106,-9.4195,-11.4195,-12.6461,-11.5914,8,a,No,No
order_rev,data/videos_v3/int_100ms/v3_100_00169.avi,100,1,0,-0.9656,-9.5123,-12.0279,-12.981,-11.8248,8,a,No,No
order_forced,data/videos_v3/int_100ms/v3_100_00169.avi,100,1,1,0.3437,-0.5665,-0.9102,-3.9571,-5.8321,8,a,A,A
interval,data/videos_v3/int_100ms/v3_100_00169.avi,100,A,B,,-1.7072,-1.1759,-1.3791,-1.4728,8,a,B,B
order_real,data/videos_v3/int_100ms/v3_100_00170.avi,100,1,0,-0.6791,-9.4477,-11.5727,-12.2055,-11.5415,8,b,No,No
order_rev,data/videos_v3/int_100ms/v3_100_00170.avi,100,1,0,-0.748,-9.4724,-12.0115,-12.4724,-11.7927,8,b,No,No
order_forced,data/videos_v3/int_100ms/v3_100_00170.avi,100,1,1,0.4219,-0.5488,-0.9707,-3.4082,-5.8769,8,b,A,A
interval,data/videos_v3/int_100ms/v3_100_00170.avi,100,A,B,,-1.732,-1.232,-1.3101,-1.5132,8,b,B,B
order_real,data/videos_v3/int_100ms/v3_100_00171.avi,100,0,0,-0.9466,-9.224,-11.6458,-11.7162,-11.4974,8,b,No,No
order_rev,data/videos_v3/int_100ms/v3_100_00171.avi,100,0,0,-0.8278,-9.0802,-11.6896,-12.0412,-11.4708,8,b,No,No
order_forced,data/videos_v3/int_100ms/v3_100_00171.avi,100,0,1,0.4843,-0.5335,-1.0178,-3.2835,-5.4553,8,b,A,A
interval,data/videos_v3/int_100ms/v3_100_00171.avi,100,A,B,,-1.5763,-1.2638,-1.342,-1.5138,8,b,B,B
order_real,data/videos_v3/int_100ms/v3_100_00172.avi,100,1,0,-0.7684,-9.5011,-11.6651,-12.2901,-11.7901,8,a,No,No
order_rev,data/videos_v3/int_100ms/v3_100_00172.avi,100,1,0,-0.5775,-9.2508,-11.6258,-12.3524,-11.618,8,a,No,No
order_forced,data/videos_v3/int_100ms/v3_100_00172.avi,100,1,1,0.5,-0.5221,-1.0221,-3.4283,-5.9596,8,a,A,A
interval,data/videos_v3/int_100ms/v3_100_00172.avi,100,A,B,,-1.6198,-1.2135,-1.3698,-1.4948,8,a,B,B
order_real,data/videos_v3/int_100ms/v3_100_00173.avi,100,0,0,-1.3247,-9.4653,-11.7856,-12.3794,-11.7309,8,a,No,No
order_rev,data/videos_v3/int_100ms/v3_100_00173.avi,100,0,0,-1.0978,-9.4092,-12.042,-12.542,-11.7686,8,a,No,No
order_forced,data/videos_v3/int_100ms/v3_100_00173.avi,100,0,1,0.5313,-0.5182,-1.0495,-3.2838,-6.1901,8,a,A,A
interval,data/videos_v3/int_100ms/v3_100_00173.avi,100,A,B,,-1.7816,-1.2191,-1.3128,-1.4378,8,a,B,B
order_real,data/videos_v3/int_100ms/v3_100_00174.avi,100,0,0,-0.7689,-9.1803,-11.5866,-12.3444,-11.4069,8,a,No,No
order_rev,data/videos_v3/int_100ms/v3_100_00174.avi,100,0,0,-0.6887,-9.0735,-11.6047,-12.386,-11.3703,8,a,No,No
order_forced,data/videos_v3/int_100ms/v3_100_00174.avi,100,0,1,0.25,-0.6025,-0.8525,-4.3525,-6.0712,8,a,A,A
interval,data/videos_v3/int_100ms/v3_100_00174.avi,100,A,B,,-1.6178,-1.1647,-1.3991,-1.5866,8,a,B,B
order_real,data/videos_v3/int_100ms/v3_100_00175.avi,100,0,0,-0.3989,-9.2178,-11.3428,-12.3115,-11.3662,8,a,No,No
order_rev,data/videos_v3/int_100ms/v3_100_00175.avi,100,0,0,-0.7106,-9.1755,-11.652,-12.5192,-11.4176,8,a,No,No
order_forced,data/videos_v3/int_100ms/v3_100_00175.avi,100,0,1,0.4375,-0.5351,-0.9726,-3.9413,-5.3319,8,a,A,A
interval,data/videos_v3/int_100ms/v3_100_00175.avi,100,A,C,,-1.57,-1.3357,-1.2888,-1.5075,8,a,C,C
order_real,data/videos_v3/int_100ms/v3_100_00176.avi,100,0,0,-0.5953,-9.1889,-11.4701,-12.3842,-11.3842,8,a,No,No
order_rev,data/videos_v3/int_100ms/v3_100_00176.avi,100,0,0,-0.7559,-9.071,-11.7116,-12.4929,-11.5241,8,a,No,No
order_forced,data/videos_v3/int_100ms/v3_100_00176.avi,100,0,1,0.5625,-0.4884,-1.0509,-3.9728,-5.5666,8,a,A,A
interval,data/videos_v3/int_100ms/v3_100_00176.avi,100,A,B,,-1.7121,-1.1965,-1.3371,-1.5402,8,a,B,B
order_real,data/videos_v3/int_100ms/v3_100_00177.avi,100,0,0,-0.7693,-9.5613,-11.7176,-12.2722,-11.7176,8,a,No,No
order_rev,data/videos_v3/int_100ms/v3_100_00177.avi,100,0,0,-0.9383,-9.7398,-12.271,-12.8335,-12.0601,8,a,No,No
order_forced,data/videos_v3/int_100ms/v3_100_00177.avi,100,0,1,0.5156,-0.5208,-1.0364,-3.3489,-6.052,8,a,A,A
interval,data/videos_v3/int_100ms/v3_100_00177.avi,100,A,B,,-1.621,-1.2147,-1.2929,-1.5741,8,a,B,B
order_real,data/videos_v3/int_100ms/v3_100_00178.avi,100,0,0,-0.986,-9.528,-11.6061,-12.5983,-11.6217,8,b,No,No
order_rev,data/videos_v3/int_100ms/v3_100_00178.avi,100,0,0,-0.9976,-9.5428,-12.2068,-12.8787,-11.7537,8,b,No,No
order_forced,data/videos_v3/int_100ms/v3_100_00178.avi,100,0,1,0.5469,-0.5043,-1.0512,-3.9106,-6.1606,8,b,A,A
interval,data/videos_v3/int_100ms/v3_100_00178.avi,100,A,B,,-1.5904,-1.231,-1.3873,-1.481,8,b,B,B
order_real,data/videos_v3/int_100ms/v3_100_00179.avi,100,0,0,-0.7221,-9.5703,-11.6328,-12.4765,-11.8359,8,b,No,No
order_rev,data/videos_v3/int_100ms/v3_100_00179.avi,100,0,0,-0.9415,-9.3235,-11.7141,-12.5813,-11.7532,8,b,No,No
order_forced,data/videos_v3/int_100ms/v3_100_00179.avi,100,0,1,0.6093,-0.4872,-1.0965,-3.7215,-6.1903,8,b,A,A
interval,data/videos_v3/int_100ms/v3_100_00179.avi,100,A,B,,-1.6654,-1.2279,-1.3373,-1.4779,8,b,B,B
order_real,data/videos_v3/int_100ms/v3_100_00180.avi,100,1,0,-0.8349,-9.3698,-11.4089,-12.237,-11.4792,8,b,No,No
order_rev,data/videos_v3/int_100ms/v3_100_00180.avi,100,1,0,-1.1425,-9.3483,-11.9577,-12.7546,-11.8014,8,b,No,No
order_forced,data/videos_v3/int_100ms/v3_100_00180.avi,100,1,1,0.5156,-0.5087,-1.0243,-3.6493,-6.165,8,b,A,A
interval,data/videos_v3/int_100ms/v3_100_00180.avi,100,A,B,,-1.6826,-1.2138,-1.3701,-1.5107,8,b,B,B
order_real,data/videos_v3/int_100ms/v3_100_00181.avi,100,1,0,-0.6385,-9.3344,-11.6312,-12.4203,-11.5687,8,a,No,No
order_rev,data/videos_v3/int_100ms/v3_100_00181.avi,100,1,0,-0.849,-9.2888,-11.9997,-12.6716,-11.6716,8,a,No,No
order_forced,data/videos_v3/int_100ms/v3_100_00181.avi,100,1,1,0.3125,-0.5835,-0.896,-3.9116,-5.5053,8,a,A,A
interval,data/videos_v3/int_100ms/v3_100_00181.avi,100,A,B,,-1.5117,-1.2773,-1.3711,-1.6367,8,a,B,B
order_real,data/videos_v3/int_100ms/v3_100_00182.avi,100,1,0,-0.5619,-9.2535,-11.441,-12.105,-11.4878,8,a,No,No
order_rev,data/videos_v3/int_100ms/v3_100_00182.avi,100,1,0,-0.6629,-8.9003,-11.2519,-12.2675,-11.3222,8,a,No,No
order_forced,data/videos_v3/int_100ms/v3_100_00182.avi,100,1,1,0.2812,-0.5949,-0.8761,-4.0168,-5.6105,8,a,A,A
interval,data/videos_v3/int_100ms/v3_100_00182.avi,100,A,B,,-1.6949,-1.2417,-1.3199,-1.4761,8,a,B,B
order_real,data/videos_v3/int_100ms/v3_100_00183.avi,100,0,0,-0.3594,-9.2481,-11.6074,-12.084,-11.5293,8,b,No,No
order_rev,data/videos_v3/int_100ms/v3_100_00183.avi,100,0,0,-0.8642,-9.1293,-11.684,-12.2699,-11.4808,8,b,No,No
order_forced,data/videos_v3/int_100ms/v3_100_00183.avi,100,0,1,0.5468,-0.5283,-1.0751,-3.4501,-5.8876,8,b,A,A
interval,data/videos_v3/int_100ms/v3_100_00183.avi,100,A,B,,-1.5579,-1.2611,-1.3079,-1.5579,8,b,B,B
order_real,data/videos_v3/int_100ms/v3_100_00184.avi,100,0,0,-1.27,-9.5484,-11.7749,-12.7827,-11.5562,8,a,No,No
order_rev,data/videos_v3/int_100ms/v3_100_00184.avi,100,0,0,-0.8666,-9.3146,-11.8614,-12.8692,-11.6349,8,a,No,No
order_forced,data/videos_v3/int_100ms/v3_100_00184.avi,100,0,1,0.6406,-0.4596,-1.1002,-4.0377,-5.7252,8,a,A,A
interval,data/videos_v3/int_100ms/v3_100_00184.avi,100,A,B,,-1.707,-1.1445,-1.3633,-1.582,8,a,B,B
order_real,data/videos_v3/int_100ms/v3_100_00185.avi,100,0,0,-0.9952,-9.3861,-11.6517,-12.5658,-11.4955,8,a,No,No
order_rev,data/videos_v3/int_100ms/v3_100_00185.avi,100,0,0,-0.8358,-9.2952,-11.8187,-12.6234,-11.5687,8,a,No,No
order_forced,data/videos_v3/int_100ms/v3_100_00185.avi,100,0,1,0.4688,-0.5192,-0.988,-4.0192,-5.3942,8,a,A,A
interval,data/videos_v3/int_100ms/v3_100_00185.avi,100,A,C,,-1.6119,-1.2682,-1.2213,-1.5963,8,a,C,C
order_real,data/videos_v3/int_100ms/v3_100_00186.avi,100,1,0,-0.8023,-9.3678,-11.7272,-12.0632,-11.5788,8,a,No,No
order_rev,data/videos_v3/int_100ms/v3_100_00186.avi,100,1,0,-1.3764,-9.3685,-12.2513,-12.431,-11.7435,8,a,No,No
order_forced,data/videos_v3/int_100ms/v3_100_00186.avi,100,1,1,0.3906,-0.565,-0.9556,-3.4088,-6.1119,8,a,A,A
interval,data/videos_v3/int_100ms/v3_100_00186.avi,100,A,B,,-1.5024,-1.2836,-1.4086,-1.5961,8,a,B,B
order_real,data/videos_v3/int_100ms/v3_100_00187.avi,100,0,0,-0.6192,-9.2662,-11.4615,-11.9693,-11.4928,8,a,No,No
order_rev,data/videos_v3/int_100ms/v3_100_00187.avi,100,0,0,-0.321,-9.2585,-11.696,-12.3991,-11.5163,8,a,No,No
order_forced,data/videos_v3/int_100ms/v3_100_00187.avi,100,0,1,0.4062,-0.5598,-0.966,-3.3723,-5.6535,8,a,A,A
interval,data/videos_v3/int_100ms/v3_100_00187.avi,100,A,B,,-1.575,-1.2938,-1.3094,-1.4969,8,a,B,B
order_real,data/videos_v3/int_100ms/v3_100_00188.avi,100,1,0,-1.1549,-9.4596,-11.6549,-12.6862,-11.569,8,b,No,No
order_rev,data/videos_v3/int_100ms/v3_100_00188.avi,100,1,0,-1.4552,-9.6148,-12.2086,-12.9664,-11.857,8,b,No,No
order_forced,data/videos_v3/int_100ms/v3_100_00188.avi,100,1,1,0.6094,-0.4675,-1.0769,-3.9675,-5.655,8,b,A,A
interval,data/videos_v3/int_100ms/v3_100_00188.avi,100,A,B,,-1.589,-1.1202,-1.3859,-1.714,8,b,B,B
order_real,data/videos_v3/int_100ms/v3_100_00189.avi,100,0,0,-1.1339,-9.4731,-11.6294,-12.6294,-11.7466,8,b,No,No
order_rev,data/videos_v3/int_100ms/v3_100_00189.avi,100,0,0,-0.6756,-9.2241,-11.7554,-12.5522,-11.5522,8,b,No,No
order_forced,data/videos_v3/int_100ms/v3_100_00189.avi,100,0,1,0.3906,-0.5619,-0.9525,-3.8588,-5.8744,8,b,A,A
interval,data/videos_v3/int_100ms/v3_100_00189.avi,100,A,B,,-1.6542,-1.2011,-1.3105,-1.5605,8,b,B,B
order_real,data/videos_v3/int_100ms/v3_100_00190.avi,100,1,0,-0.9659,-9.3679,-11.5554,-12.5241,-11.5944,8,a,No,No
order_rev,data/videos_v3/int_100ms/v3_100_00190.avi,100,1,0,-0.9514,-9.2856,-11.6997,-12.6216,-11.606,8,a,No,No
order_forced,data/videos_v3/int_100ms/v3_100_00190.avi,100,1,1,0.5937,-0.4842,-1.0779,-3.7186,-5.4217,8,a,A,A
interval,data/videos_v3/int_100ms/v3_100_00190.avi,100,A,B,,-1.7498,-1.1717,-1.2342,-1.5936,8,a,B,B
order_real,data/videos_v3/int_100ms/v3_100_00191.avi,100,1,0,-0.4154,-9.2261,-11.3668,-12.3355,-11.3589,8,a,No,No
order_rev,data/videos_v3/int_100ms/v3_100_00191.avi,100,1,0,-0.7733,-9.2561,-11.678,-12.5842,-11.4123,8,a,No,No
order_forced,data/videos_v3/int_100ms/v3_100_00191.avi,100,1,1,0.3594,-0.5634,-0.9228,-3.9853,-5.2821,8,a,A,A
interval,data/videos_v3/int_100ms/v3_100_00191.avi,100,A,C,,-1.6057,-1.3557,-1.2307,-1.5276,8,a,C,C
order_real,data/videos_v3/int_100ms/v3_100_00192.avi,100,1,0,-1.0117,-9.3203,-11.4453,-12.3438,-11.336,8,a,No,No
order_rev,data/videos_v3/int_100ms/v3_100_00192.avi,100,1,0,-1.0889,-9.2096,-11.9128,-12.5378,-11.6862,8,a,No,No
order_forced,data/videos_v3/int_100ms/v3_100_00192.avi,100,1,1,0.5,-0.5149,-1.0149,-3.7337,-5.5149,8,a,A,A
interval,data/videos_v3/int_100ms/v3_100_00192.avi,100,A,B,,-1.6403,-1.1559,-1.3746,-1.5934,8,a,B,B
order_real,data/videos_v3/int_100ms/v3_100_00193.avi,100,1,0,-0.7283,-9.5071,-11.6712,-12.0931,-11.7337,8,a,No,No
order_rev,data/videos_v3/int_100ms/v3_100_00193.avi,100,1,0,-0.6949,-9.2296,-11.6827,-12.1515,-11.6749,8,a,No,No
order_forced,data/videos_v3/int_100ms/v3_100_00193.avi,100,1,1,0.6093,-0.5029,-1.1122,-3.1904,-5.7529,8,a,A,A
interval,data/videos_v3/int_100ms/v3_100_00193.avi,100,A,B,,-1.6744,-1.2681,-1.2838,-1.4556,8,a,B,B
order_real,data/videos_v3/int_100ms/v3_100_00194.avi,100,1,0,-1.0427,-9.6057,-11.801,-12.7151,-11.7776,8,a,No,No
order_rev,data/videos_v3/int_100ms/v3_100_00194.avi,100,1,0,-1.1726,-9.5414,-12.1039,-12.8539,-11.9399,8,a,No,No
order_forced,data/videos_v3/int_100ms/v3_100_00194.avi,100,1,1,0.625,-0.4714,-1.0964,-3.8307,-5.5964,8,a,A,A
interval,data/videos_v3/int_100ms/v3_100_00194.avi,100,A,B,,-1.5785,-1.2504,-1.266,-1.6566,8,a,B,B
order_real,data/videos_v3/int_100ms/v3_100_00195.avi,100,1,0,-0.9817,-9.4293,-11.7653,-12.5465,-11.6481,8,a,No,No
order_rev,data/videos_v3/int_100ms/v3_100_00195.avi,100,1,0,-1.0692,-9.4569,-12.0194,-12.7225,-11.6835,8,a,No,No
order_forced,data/videos_v3/int_100ms/v3_100_00195.avi,100,1,1,0.5157,-0.5077,-1.0234,-3.6484,-5.9296,8,a,A,A
interval,data/videos_v3/int_100ms/v3_100_00195.avi,100,A,B,,-1.7515,-1.1108,-1.3921,-1.5952,8,a,B,B
order_real,data/videos_v3/int_100ms/v3_100_00196.avi,100,0,0,-0.4622,-9.3799,-11.4033,-12.044,-11.5049,8,a,No,No
order_rev,data/videos_v3/int_100ms/v3_100_00196.avi,100,0,0,-0.5383,-9.5591,-11.9575,-12.5513,-11.7935,8,a,No,No
order_forced,data/videos_v3/int_100ms/v3_100_00196.avi,100,0,1,0.5156,-0.5161,-1.0317,-3.4692,-6.0004,8,a,A,A
interval,data/videos_v3/int_100ms/v3_100_00196.avi,100,A,B,,-1.6564,-1.2189,-1.297,-1.5314,8,a,B,B
order_real,data/videos_v3/int_100ms/v3_100_00197.avi,100,1,0,-0.6688,-9.2565,-11.3737,-12.2721,-11.4049,8,a,No,No
order_rev,data/videos_v3/int_100ms/v3_100_00197.avi,100,1,0,-0.7285,-9.2538,-11.7069,-12.3006,-11.5428,8,a,No,No
order_forced,data/videos_v3/int_100ms/v3_100_00197.avi,100,1,1,0.3594,-0.5571,-0.9165,-4.0571,-5.5415,8,a,A,A
interval,data/videos_v3/int_100ms/v3_100_00197.avi,100,A,B,,-1.5548,-1.2892,-1.3204,-1.5548,8,a,B,B
order_real,data/videos_v3/int_100ms/v3_100_00198.avi,100,1,0,-0.5923,-9.3904,-11.5545,-12.3358,-11.5311,8,a,No,No
order_rev,data/videos_v3/int_100ms/v3_100_00198.avi,100,1,0,-0.8173,-9.2371,-11.6043,-12.4871,-11.5653,8,a,No,No
order_forced,data/videos_v3/int_100ms/v3_100_00198.avi,100,1,1,0.4844,-0.505,-0.9894,-4.0988,-5.9738,8,a,A,A
interval,data/videos_v3/int_100ms/v3_100_00198.avi,100,A,B,,-1.5327,-1.189,-1.4077,-1.5952,8,a,B,B
order_real,data/videos_v3/int_100ms/v3_100_00199.avi,100,0,0,-1.0715,-9.4179,-11.6523,-12.4336,-11.6211,8,b,No,No
order_rev,data/videos_v3/int_100ms/v3_100_00199.avi,100,0,0,-1.07,-9.3269,-11.7878,-12.6628,-11.6238,8,b,No,No
order_forced,data/videos_v3/int_100ms/v3_100_00199.avi,100,0,1,0.4375,-0.5339,-0.9714,-4.1276,-6.1901,8,b,A,A
interval,data/videos_v3/int_100ms/v3_100_00199.avi,100,A,B,,-1.7176,-1.1551,-1.4051,-1.4989,8,b,B,B
order_real,data/videos_v3/int_200ms/v3_200_00200.avi,200,0,0,-0.6421,-9.3652,-11.6074,-12.6074,-11.6387,8,b,No,No.
order_rev,data/videos_v3/int_200ms/v3_200_00200.avi,200,0,0,-0.7018,-9.2572,-11.7338,-12.64,-11.5619,8,b,No,No
order_forced,data/videos_v3/int_200ms/v3_200_00200.avi,200,0,1,0.2031,-0.6592,-0.8623,-3.9873,-5.8936,8,b,A,A
interval,data/videos_v3/int_200ms/v3_200_00200.avi,200,A,B,,-1.6002,-1.2565,-1.3033,-1.5533,8,b,B,B
order_32f,data/videos_v3/int_200ms/v3_200_00200.avi,200,0,0,-0.6108,-8.9499,-11.7468,-12.4421,-11.8483,32,b,No,No.
moved_real,data/videos_v3/int_200ms/v3_200_00200.avi,200,1,0,-1.6194,-9.6304,-13.107,-13.2242,-12.2398,8,b,No,No.
moved_twin,data/twin_v3/v3_200_00200.avi,200,0,0,-1.7026,-9.7375,-13.2141,-13.3078,-12.3,8,b,No,No.
still_real,data/videos_v3/int_200ms/v3_200_00200.avi,200,0,1,0.555,-9.6521,-10.1053,-12.4178,-11.5037,8,b,Yes,"Yes, both shapes stayed still the whole"
still_twin,data/twin_v3/v3_200_00200.avi,200,1,1,0.8097,-9.6728,-10.1181,-12.415,-11.4853,8,b,Yes,"Yes, both shapes stayed still the whole"
order_twin,data/twin_v3/v3_200_00200.avi,200,-1,0,-0.6111,-9.3823,-11.6089,-12.6245,-11.6323,8,b,No,No
moved_solo_hit,data/videos_v3/int_200ms/v3_200_00200_solob.avi,200,1,0,-1.694,-9.6937,-13.1702,-13.2405,-12.2796,8,b,No,No.
moved_solo_fa,data/videos_v3/int_200ms/v3_200_00200_soloa.avi,200,0,0,-1.7519,-9.7241,-13.2397,-13.3335,-12.3803,8,b,No,No.
order_real,data/videos_v3/int_200ms/v3_200_00201.avi,200,0,0,-0.8155,-9.3353,-11.8119,-12.2572,-11.6947,8,a,No,No
order_rev,data/videos_v3/int_200ms/v3_200_00201.avi,200,0,0,-1.2226,-9.4089,-12.3542,-12.573,-11.8386,8,a,No,No
order_forced,data/videos_v3/int_200ms/v3_200_00201.avi,200,0,1,0.3593,-0.5795,-0.9388,-3.4076,-6.017,8,a,A,A
interval,data/videos_v3/int_200ms/v3_200_00201.avi,200,A,B,,-1.6403,-1.1871,-1.3434,-1.609,8,a,B,B
order_32f,data/videos_v3/int_200ms/v3_200_00201.avi,200,0,0,-0.558,-8.9948,-11.9401,-12.237,-12.0182,32,a,No,No.
moved_real,data/videos_v3/int_200ms/v3_200_00201.avi,200,1,0,-2.144,-10.1134,-13.4494,-13.7619,-12.8088,8,a,No,No.
moved_twin,data/twin_v3/v3_200_00201.avi,200,0,0,-2.0208,-9.9834,-13.2959,-13.5928,-12.6709,8,a,No,No.
still_real,data/videos_v3/int_200ms/v3_200_00201.avi,200,0,1,0.5543,-9.83,-10.3847,-12.6972,-11.9628,8,a,Yes,"Yes, both shapes stayed still the whole"
still_twin,data/twin_v3/v3_200_00201.avi,200,1,1,0.5819,-9.805,-10.4378,-12.6565,-11.9456,8,a,Yes,"Yes, both shapes stayed still the whole"
order_twin,data/twin_v3/v3_200_00201.avi,200,-1,0,-0.74,-9.2836,-11.7367,-12.143,-11.6195,8,a,No,No
moved_solo_hit,data/videos_v3/int_200ms/v3_200_00201_soloa.avi,200,1,0,-2.1561,-10.1171,-13.4843,-13.7499,-12.7812,8,a,No,No.
moved_solo_fa,data/videos_v3/int_200ms/v3_200_00201_solob.avi,200,0,0,-1.9942,-9.9893,-13.2784,-13.6065,-12.6847,8,a,No,No.
order_real,data/videos_v3/int_200ms/v3_200_00202.avi,200,1,0,-1.0788,-9.4285,-11.5926,-12.3504,-11.5926,8,a,No,No
order_rev,data/videos_v3/int_200ms/v3_200_00202.avi,200,1,0,-1.4101,-9.5781,-12.2969,-12.875,-11.9531,8,a,No,No
order_forced,data/videos_v3/int_200ms/v3_200_00202.avi,200,1,1,0.5782,-0.4825,-1.0607,-3.9513,-5.9357,8,a,A,A
interval,data/videos_v3/int_200ms/v3_200_00202.avi,200,A,B,,-1.5926,-1.2176,-1.3895,-1.5614,8,a,B,B
order_32f,data/videos_v3/int_200ms/v3_200_00202.avi,200,1,0,-0.8156,-8.9711,-11.8071,-12.4008,-11.7836,32,a,No,No.
moved_real,data/videos_v3/int_200ms/v3_200_00202.avi,200,1,0,-2.3608,-10.3298,-13.5017,-13.7439,-13.0095,8,a,No,No.
moved_twin,data/twin_v3/v3_200_00202.avi,200,0,0,-2.5378,-10.4388,-13.72,-13.9153,-13.181,8,a,No,No.
still_real,data/videos_v3/int_200ms/v3_200_00202.avi,200,0,1,0.43,-9.8393,-10.5424,-12.8784,-12.0893,8,a,Yes,"Yes, both shapes stayed still the whole"
still_twin,data/twin_v3/v3_200_00202.avi,200,1,1,0.3727,-9.8083,-10.8552,-12.902,-12.1208,8,a,Yes,"Yes, both shapes stayed still the whole"
order_twin,data/twin_v3/v3_200_00202.avi,200,-1,0,-1.1582,-9.403,-11.5983,-12.3405,-11.5905,8,a,No,No
moved_solo_hit,data/videos_v3/int_200ms/v3_200_00202_soloa.avi,200,1,0,-2.4685,-10.4644,-13.6754,-13.8629,-13.1754,8,a,No,No.
moved_solo_fa,data/videos_v3/int_200ms/v3_200_00202_solob.avi,200,0,0,-2.2995,-10.2504,-13.5004,-13.7426,-12.9847,8,a,No,No.
order_real,data/videos_v3/int_200ms/v3_200_00203.avi,200,1,0,-0.9832,-9.3193,-11.5224,-12.4521,-11.5615,8,a,No,No
order_rev,data/videos_v3/int_200ms/v3_200_00203.avi,200,1,0,-1.0455,-9.331,-12.0029,-12.6982,-11.6904,8,a,No,No
order_forced,data/videos_v3/int_200ms/v3_200_00203.avi,200,1,1,0.2656,-0.6046,-0.8702,-3.9015,-5.964,8,a,A,A
interval,data/videos_v3/int_200ms/v3_200_00203.avi,200,A,B,,-1.6062,-1.2625,-1.4031,-1.5125,8,a,B,B
order_32f,data/videos_v3/int_200ms/v3_200_00203.avi,200,1,0,-0.7459,-9.0056,-11.8884,-12.5525,-11.9431,32,a,No,No.
moved_real,data/videos_v3/int_200ms/v3_200_00203.avi,200,1,0,-2.01,-9.9393,-13.283,-13.6346,-12.6971,8,a,No,No.
moved_twin,data/twin_v3/v3_200_00203.avi,200,0,0,-2.0336,-9.9011,-13.2058,-13.6042,-12.6667,8,a,No,No.
still_real,data/videos_v3/int_200ms/v3_200_00203.avi,200,0,1,0.6233,-9.7469,-10.325,-12.6297,-11.9344,8,a,Yes,"Yes, both shapes stayed still the whole"
still_twin,data/twin_v3/v3_200_00203.avi,200,1,1,0.6113,-9.6994,-10.4182,-12.6213,-11.9572,8,a,Yes,"Yes, both shapes stayed still the whole"
order_twin,data/twin_v3/v3_200_00203.avi,200,-1,0,-0.9851,-9.2823,-11.4698,-12.4073,-11.5401,8,a,No,No
moved_solo_hit,data/videos_v3/int_200ms/v3_200_00203_soloa.avi,200,1,0,-2.005,-9.8971,-13.2331,-13.6002,-12.694,8,a,No,No.
moved_solo_fa,data/videos_v3/int_200ms/v3_200_00203_solob.avi,200,0,0,-2.1034,-9.9583,-13.3411,-13.7161,-12.7786,8,a,No,No.
order_real,data/videos_v3/int_200ms/v3_200_00204.avi,200,1,0,-0.7527,-9.1837,-11.2618,-12.3087,-11.3399,8,a,No,No
order_rev,data/videos_v3/int_200ms/v3_200_00204.avi,200,1,0,-0.9031,-9.36,-11.8444,-12.7037,-11.6022,8,a,No,No
order_forced,data/videos_v3/int_200ms/v3_200_00204.avi,200,1,1,0.4062,-0.5492,-0.9554,-4.3148,-5.8461,8,a,A,A
interval,data/videos_v3/int_200ms/v3_200_00204.avi,200,A,B,,-1.6271,-1.2521,-1.2833,-1.5333,8,a,B,B
order_32f,data/videos_v3/int_200ms/v3_200_00204.avi,200,1,0,-0.7387,-8.7101,-11.3117,-12.3117,-11.5538,32,a,No,No.
moved_real,data/videos_v3/int_200ms/v3_200_00204.avi,200,1,0,-1.7372,-9.5382,-12.7335,-12.9913,-12.1398,8,a,No,No.
moved_twin,data/twin_v3/v3_200_00204.avi,200,0,0,-1.6947,-9.4557,-12.6197,-12.8463,-12.0651,8,a,No,No.
still_real,data/videos_v3/int_200ms/v3_200_00204.avi,200,0,1,0.4216,-9.5177,-10.049,-12.2833,-11.4474,8,a,Yes,"Yes, both shapes, the blue triangle"
still_twin,data/twin_v3/v3_200_00204.avi,200,1,1,0.4877,-9.5357,-10.1763,-12.3091,-11.5044,8,a,Yes,"Yes, both shapes, the triangle and"
order_twin,data/twin_v3/v3_200_00204.avi,200,-1,0,-0.7685,-9.1651,-11.2589,-12.2901,-11.3136,8,a,No,No
moved_solo_hit,data/videos_v3/int_200ms/v3_200_00204_soloa.avi,200,1,0,-1.7135,-9.5193,-12.6834,-12.9803,-12.1209,8,a,No,No.
moved_solo_fa,data/videos_v3/int_200ms/v3_200_00204_solob.avi,200,0,0,-1.7679,-9.4786,-12.6739,-12.9005,-12.088,8,a,No,No.
order_real,data/videos_v3/int_200ms/v3_200_00205.avi,200,1,0,-0.4364,-9.3676,-11.6957,-12.2895,-11.5629,8,a,No,No
order_rev,data/videos_v3/int_200ms/v3_200_00205.avi,200,1,0,-0.6809,-9.1805,-11.8836,-12.1102,-11.5555,8,a,No,No
order_forced,data/videos_v3/int_200ms/v3_200_00205.avi,200,1,1,0.5625,-0.4966,-1.0591,-3.3872,-5.2466,8,a,A,A
interval,data/videos_v3/int_200ms/v3_200_00205.avi,200,A,B,,-1.636,-1.261,-1.3235,-1.4954,8,a,B,B
order_32f,data/videos_v3/int_200ms/v3_200_00205.avi,200,1,0,-0.5258,-9.3064,-12.2439,-12.6424,-12.1971,32,a,No,No.
moved_real,data/videos_v3/int_200ms/v3_200_00205.avi,200,1,0,-1.4101,-9.6918,-12.973,-13.1684,-12.2777,8,a,No,No.
moved_twin,data/twin_v3/v3_200_00205.avi,200,0,0,-1.6768,-9.791,-13.0488,-13.3222,-12.4238,8,a,No,No.
still_real,data/videos_v3/int_200ms/v3_200_00205.avi,200,0,1,0.1336,-9.7063,-10.4094,-12.5578,-11.6438,8,a,Yes,"Yes, both shapes stayed still the whole"
still_twin,data/twin_v3/v3_200_00205.avi,200,1,1,0.2636,-9.7474,-10.5052,-12.6849,-11.763,8,a,Yes,"Yes, both shapes stayed still the whole"
order_twin,data/twin_v3/v3_200_00205.avi,200,-1,0,-0.555,-9.3288,-11.6179,-12.2585,-11.5788,8,a,No,No
moved_solo_hit,data/videos_v3/int_200ms/v3_200_00205_soloa.avi,200,1,0,-1.342,-9.6915,-12.9649,-13.2071,-12.2852,8,a,No,No.
moved_solo_fa,data/videos_v3/int_200ms/v3_200_00205_solob.avi,200,0,0,-1.6585,-9.7698,-13.0432,-13.262,-12.3557,8,a,No,No.
order_real,data/videos_v3/int_200ms/v3_200_00206.avi,200,1,0,-0.5685,-9.258,-11.5002,-11.7814,-11.5236,8,b,No,No
order_rev,data/videos_v3/int_200ms/v3_200_00206.avi,200,1,0,-0.9143,-9.2263,-11.8435,-12.2341,-11.5857,8,b,No,No
order_forced,data/videos_v3/int_200ms/v3_200_00206.avi,200,1,1,0.3438,-0.5865,-0.9303,-3.3678,-6.1178,8,b,A,A
interval,data/videos_v3/int_200ms/v3_200_00206.avi,200,A,B,,-1.5951,-1.2513,-1.3763,-1.5169,8,b,B,B
order_32f,data/videos_v3/int_200ms/v3_200_00206.avi,200,1,0,-0.3175,-8.9091,-11.8466,-11.9013,-12.0575,32,b,No,No.
moved_real,data/videos_v3/int_200ms/v3_200_00206.avi,200,1,0,-1.5327,-9.8086,-12.9726,-13.1132,-12.4257,8,b,No,No.
moved_twin,data/twin_v3/v3_200_00206.avi,200,0,0,-1.5396,-9.8976,-13.007,-13.1398,-12.4914,8,b,No,No.
still_real,data/videos_v3/int_200ms/v3_200_00206.avi,200,0,1,0.0832,-9.6738,-10.4785,-12.6894,-11.8144,8,b,Yes,"Yes, both shapes stayed still the whole"
still_twin,data/twin_v3/v3_200_00206.avi,200,1,1,0.1313,-9.673,-10.4933,-12.673,-11.798,8,b,Yes,"Yes, both shapes stayed still the whole"
order_twin,data/twin_v3/v3_200_00206.avi,200,-1,0,-0.537,-9.2471,-11.3799,-11.8018,-11.4971,8,b,No,No
moved_solo_hit,data/videos_v3/int_200ms/v3_200_00206_solob.avi,200,1,0,-1.5987,-9.832,-13.0117,-13.1054,-12.4492,8,b,No,No.
moved_solo_fa,data/videos_v3/int_200ms/v3_200_00206_soloa.avi,200,0,0,-1.4777,-9.8788,-12.9882,-13.1523,-12.4569,8,b,No,No.
order_real,data/videos_v3/int_200ms/v3_200_00207.avi,200,0,0,-0.434,-9.2544,-11.5044,-12.4263,-11.4966,8,b,No,No
order_rev,data/videos_v3/int_200ms/v3_200_00207.avi,200,0,0,-0.8459,-9.1028,-11.7121,-12.5637,-11.4934,8,b,No,No
order_forced,data/videos_v3/int_200ms/v3_200_00207.avi,200,0,1,0.375,-0.5505,-0.9255,-4.1755,-5.7692,8,b,A,A
interval,data/videos_v3/int_200ms/v3_200_00207.avi,200,A,B,,-1.6373,-1.2623,-1.3404,-1.5123,8,b,B,B
order_32f,data/videos_v3/int_200ms/v3_200_00207.avi,200,0,0,-0.6227,-8.8899,-11.7962,-12.5149,-11.8587,32,b,No,No.
moved_real,data/videos_v3/int_200ms/v3_200_00207.avi,200,1,0,-1.2157,-9.6258,-12.8914,-13.1571,-12.2274,8,b,No,No.
moved_twin,data/twin_v3/v3_200_00207.avi,200,0,0,-1.1176,-9.5568,-12.7286,-13.0958,-12.1349,8,b,No,No.
still_real,data/videos_v3/int_200ms/v3_200_00207.avi,200,0,1,0.0192,-9.6834,-10.3865,-12.7303,-11.7146,8,b,Yes,"Yes, both shapes stayed still the entire"
still_twin,data/twin_v3/v3_200_00207.avi,200,1,1,-0.045,-9.6385,-10.2635,-12.7245,-11.6542,8,b,Yes,"Yes, both shapes stayed still the entire"
order_twin,data/twin_v3/v3_200_00207.avi,200,-1,0,-0.289,-9.2022,-11.4131,-12.4366,-11.4756,8,b,No,No
moved_solo_hit,data/videos_v3/int_200ms/v3_200_00207_solob.avi,200,1,0,-1.2496,-9.7125,-12.9704,-13.2672,-12.3219,8,b,No,No.
moved_solo_fa,data/videos_v3/int_200ms/v3_200_00207_soloa.avi,200,0,0,-1.2019,-9.6086,-12.8273,-13.1476,-12.1789,8,b,No,No.
order_real,data/videos_v3/int_200ms/v3_200_00208.avi,200,0,0,-1.62,-9.613,-11.8239,-12.7614,-11.7146,8,b,No,No
order_rev,data/videos_v3/int_200ms/v3_200_00208.avi,200,0,0,-1.3983,-9.6232,-12.2951,-13.0841,-11.9591,8,b,No,No
order_forced,data/videos_v3/int_200ms/v3_200_00208.avi,200,0,1,0.4219,-0.5447,-0.9666,-4.0291,-6.4666,8,b,A,A
interval,data/videos_v3/int_200ms/v3_200_00208.avi,200,A,B,,-1.8046,-1.1796,-1.3827,-1.4139,8,b,B,B
order_32f,data/videos_v3/int_200ms/v3_200_00208.avi,200,0,0,-1.0864,-9.0179,-11.8226,-12.6586,-11.7289,32,b,No,No.
moved_real,data/videos_v3/int_200ms/v3_200_00208.avi,200,1,0,-2.5605,-10.3677,-13.4848,-14.0473,-12.977,8,b,No,No.
moved_twin,data/twin_v3/v3_200_00208.avi,200,0,0,-2.4777,-10.3009,-13.3947,-13.9572,-12.9415,8,b,No,No.
still_real,data/videos_v3/int_200ms/v3_200_00208.avi,200,0,1,0.011,-9.859,-10.859,-12.8512,-12.0074,8,b,Yes,"Yes, both shapes stayed still the whole"
still_twin,data/twin_v3/v3_200_00208.avi,200,1,0,-0.1824,-9.8737,-10.944,-12.8815,-12.03,8,b,No,"No, in this video, one of"
order_twin,data/twin_v3/v3_200_00208.avi,200,-1,0,-1.6557,-9.6219,-11.7859,-12.7234,-11.7391,8,b,No,No
moved_solo_hit,data/videos_v3/int_200ms/v3_200_00208_solob.avi,200,1,0,-2.5421,-10.4483,-13.5967,-14.1514,-13.0655,8,b,No,No.
moved_solo_fa,data/videos_v3/int_200ms/v3_200_00208_soloa.avi,200,0,0,-2.6274,-10.3464,-13.4792,-14.0183,-12.9948,8,b,No,No.
order_real,data/videos_v3/int_200ms/v3_200_00209.avi,200,1,0,-0.7783,-9.4024,-11.7305,-12.0977,-11.7149,8,a,No,No
order_rev,data/videos_v3/int_200ms/v3_200_00209.avi,200,1,0,-1.0288,-9.4418,-11.9262,-12.559,-11.7855,8,a,No,No
order_forced,data/videos_v3/int_200ms/v3_200_00209.avi,200,1,1,0.4063,-0.5549,-0.9612,-3.6956,-6.5706,8,a,A,A
interval,data/videos_v3/int_200ms/v3_200_00209.avi,200,A,B,,-1.7462,-1.168,-1.4024,-1.4649,8,a,B,B
order_32f,data/videos_v3/int_200ms/v3_200_00209.avi,200,1,0,-0.1571,-8.8968,-11.8108,-11.8108,-11.9358,32,a,No,No.
moved_real,data/videos_v3/int_200ms/v3_200_00209.avi,200,1,0,-1.4148,-9.6569,-12.9851,-12.6804,-12.4538,8,a,No,No.
moved_twin,data/twin_v3/v3_200_00209.avi,200,0,0,-1.3731,-9.6716,-12.9372,-12.6247,-12.3825,8,a,No,No.
still_real,data/videos_v3/int_200ms/v3_200_00209.avi,200,0,1,0.1869,-9.7182,-10.3979,-12.6869,-11.8666,8,a,Yes,"Yes, both shapes stayed still the whole"
still_twin,data/twin_v3/v3_200_00209.avi,200,1,1,0.1841,-9.7483,-10.4827,-12.7249,-11.9046,8,a,Yes,"Yes, both shapes stayed still the whole"
order_twin,data/twin_v3/v3_200_00209.avi,200,-1,0,-0.8576,-9.3996,-11.7355,-12.0871,-11.6808,8,a,No,No
moved_solo_hit,data/videos_v3/int_200ms/v3_200_00209_soloa.avi,200,1,0,-1.3422,-9.614,-12.9109,-12.6374,-12.4187,8,a,No,No.
moved_solo_fa,data/videos_v3/int_200ms/v3_200_00209_solob.avi,200,0,0,-1.3727,-9.6923,-12.958,-12.6455,-12.3642,8,a,No,No.
order_real,data/videos_v3/int_200ms/v3_200_00210.avi,200,1,0,-1.2007,-9.2771,-11.6521,-12.4568,-11.5506,8,a,No,No
order_rev,data/videos_v3/int_200ms/v3_200_00210.avi,200,1,0,-1.0923,-9.2557,-12.0135,-12.5994,-11.5838,8,a,No,No
order_forced,data/videos_v3/int_200ms/v3_200_00210.avi,200,1,1,0.4687,-0.5214,-0.9901,-4.5839,-5.9745,8,a,A,A
interval,data/videos_v3/int_200ms/v3_200_00210.avi,200,A,B,,-1.5667,-1.2229,-1.3792,-1.5354,8,a,B,B
order_32f,data/videos_v3/int_200ms/v3_200_00210.avi,200,1,0,-0.969,-8.7295,-11.6279,-12.3389,-11.6123,32,a,No,No.
moved_real,data/videos_v3/int_200ms/v3_200_00210.avi,200,1,0,-2.2746,-10.0141,-13.4438,-13.6313,-12.7563,8,a,No,No.
moved_twin,data/twin_v3/v3_200_00210.avi,200,0,0,-1.89,-9.6612,-13.0128,-13.294,-12.3878,8,a,No,No.
still_real,data/videos_v3/int_200ms/v3_200_00210.avi,200,0,1,0.4856,-9.7039,-10.4695,-12.6102,-11.782,8,a,Yes,"Yes, both shapes stayed still the whole"
still_twin,data/twin_v3/v3_200_00210.avi,200,1,1,0.3109,-9.5882,-10.4788,-12.5413,-11.6663,8,a,Yes,"Yes, both shapes stayed still the entire"
order_twin,data/twin_v3/v3_200_00210.avi,200,-1,0,-1.0854,-9.2087,-11.5447,-12.4353,-11.4743,8,a,No,No
moved_solo_hit,data/videos_v3/int_200ms/v3_200_00210_soloa.avi,200,1,0,-2.0761,-9.874,-13.249,-13.4833,-12.6083,8,a,No,No.
moved_solo_fa,data/videos_v3/int_200ms/v3_200_00210_solob.avi,200,0,0,-2.1548,-9.8935,-13.2529,-13.5029,-12.5888,8,a,No,No.
order_real,data/videos_v3/int_200ms/v3_200_00211.avi,200,0,0,-0.7402,-9.2379,-11.2301,-12.0504,-11.3707,8,b,No,No
order_rev,data/videos_v3/int_200ms/v3_200_00211.avi,200,0,0,-0.9746,-9.1978,-11.7837,-12.604,-11.7056,8,b,No,No
order_forced,data/videos_v3/int_200ms/v3_200_00211.avi,200,0,1,0.4687,-0.5257,-0.9944,-3.7132,-6.2132,8,b,A,A
interval,data/videos_v3/int_200ms/v3_200_00211.avi,200,A,B,,-1.6737,-1.205,-1.3925,-1.5175,8,b,B,B
order_32f,data/videos_v3/int_200ms/v3_200_00211.avi,200,0,0,-0.5389,-8.842,-11.5139,-12.178,-11.6233,32,b,No,No.
moved_real,data/videos_v3/int_200ms/v3_200_00211.avi,200,1,0,-1.8699,-9.9297,-12.9765,-13.25,-12.5859,8,b,No,No.
moved_twin,data/twin_v3/v3_200_00211.avi,200,0,0,-1.7738,-9.8711,-12.8633,-13.1992,-12.5196,8,b,No,No.
still_real,data/videos_v3/int_200ms/v3_200_00211.avi,200,0,1,0.1805,-9.8317,-10.3786,-12.8942,-12.0114,8,b,Yes,"Yes, both shapes stayed still the whole"
still_twin,data/twin_v3/v3_200_00211.avi,200,1,1,0.2755,-9.8166,-10.4104,-12.8947,-12.0119,8,b,Yes,"Yes, both shapes stayed still the whole"
order_twin,data/twin_v3/v3_200_00211.avi,200,-1,0,-0.6283,-9.226,-11.2104,-12.0619,-11.3588,8,b,No,No
moved_solo_hit,data/videos_v3/int_200ms/v3_200_00211_solob.avi,200,1,0,-1.7991,-9.8924,-12.9314,-13.2283,-12.5486,8,b,No,No.
moved_solo_fa,data/videos_v3/int_200ms/v3_200_00211_soloa.avi,200,0,0,-1.7296,-9.7975,-12.7741,-13.0944,-12.4616,8,b,No,No.
order_real,data/videos_v3/int_200ms/v3_200_00212.avi,200,0,0,-0.9376,-9.3934,-11.6668,-12.3465,-11.6121,8,a,No,No
order_rev,data/videos_v3/int_200ms/v3_200_00212.avi,200,0,0,-0.8055,-9.3113,-11.8738,-12.6473,-11.6785,8,a,No,No
order_forced,data/videos_v3/int_200ms/v3_200_00212.avi,200,0,1,0.5625,-0.496,-1.0585,-3.6366,-5.7303,8,a,A,A
interval,data/videos_v3/int_200ms/v3_200_00212.avi,200,A,B,,-1.6089,-1.2027,-1.3902,-1.5464,8,a,B,B
order_32f,data/videos_v3/int_200ms/v3_200_00212.avi,200,0,0,-0.894,-8.8758,-11.8211,-12.2274,-11.7742,32,a,No,No.
moved_real,data/videos_v3/int_200ms/v3_200_00212.avi,200,1,0,-1.8331,-9.904,-13.0915,-13.24,-12.5212,8,a,No,No.
moved_twin,data/twin_v3/v3_200_00212.avi,200,0,0,-1.8563,-9.8711,-13.0976,-13.2226,-12.5117,8,a,No,No.
still_real,data/videos_v3/int_200ms/v3_200_00212.avi,200,0,1,0.0039,-9.855,-10.8081,-12.9409,-11.9956,8,a,Yes,"Yes, both shapes stayed still the whole"
still_twin,data/twin_v3/v3_200_00212.avi,200,1,1,0.0262,-9.8146,-10.8928,-12.8693,-11.9474,8,a,Yes,"Yes, both shapes stayed still the whole"
order_twin,data/twin_v3/v3_200_00212.avi,200,-1,0,-1.039,-9.4197,-11.74,-12.3337,-11.6697,8,a,No,No
moved_solo_hit,data/videos_v3/int_200ms/v3_200_00212_soloa.avi,200,1,0,-1.8116,-9.8411,-13.0755,-13.177,-12.4817,8,a,No,No.
moved_solo_fa,data/videos_v3/int_200ms/v3_200_00212_solob.avi,200,0,0,-1.953,-9.988,-13.2145,-13.3864,-12.6442,8,a,No,No.
order_real,data/videos_v3/int_200ms/v3_200_00213.avi,200,1,0,-0.6097,-9.237,-11.5261,-12.3854,-11.4011,8,b,No,No
order_rev,data/videos_v3/int_200ms/v3_200_00213.avi,200,1,0,-0.5207,-9.08,-11.6425,-12.455,-11.5175,8,b,No,No
order_forced,data/videos_v3/int_200ms/v3_200_00213.avi,200,1,1,0.4688,-0.5194,-0.9882,-3.9725,-5.7382,8,b,A,A
interval,data/videos_v3/int_200ms/v3_200_00213.avi,200,A,B,,-1.6855,-1.2323,-1.3261,-1.5605,8,b,B,B
order_32f,data/videos_v3/int_200ms/v3_200_00213.avi,200,1,0,-0.5298,-8.6816,-11.6504,-12.3066,-11.5644,32,b,No,No.
moved_real,data/videos_v3/int_200ms/v3_200_00213.avi,200,1,0,-1.8236,-10.0054,-13.1304,-13.6069,-12.4819,8,b,No,No.
moved_twin,data/twin_v3/v3_200_00213.avi,200,0,0,-1.7616,-9.9995,-13.1011,-13.5776,-12.4604,8,b,No,No.
still_real,data/videos_v3/int_200ms/v3_200_00213.avi,200,0,1,0.1902,-9.6739,-10.4239,-12.6193,-11.6818,8,b,Yes,"Yes, both shapes stayed still the whole"
still_twin,data/twin_v3/v3_200_00213.avi,200,1,1,0.206,-9.6752,-10.3939,-12.5971,-11.6908,8,b,Yes,"Yes, both shapes stayed still the whole"
order_twin,data/twin_v3/v3_200_00213.avi,200,-1,0,-0.5619,-9.1995,-11.5042,-12.3636,-11.387,8,b,No,No
moved_solo_hit,data/videos_v3/int_200ms/v3_200_00213_solob.avi,200,1,0,-1.8494,-10.0134,-13.1305,-13.6305,-12.5055,8,b,No,No.
moved_solo_fa,data/videos_v3/int_200ms/v3_200_00213_soloa.avi,200,0,0,-1.7244,-9.9819,-13.0991,-13.5679,-12.4507,8,b,No,No.
order_real,data/videos_v3/int_200ms/v3_200_00214.avi,200,1,0,-1.3227,-9.6413,-11.6335,-12.7507,-11.696,8,b,No,No
order_rev,data/videos_v3/int_200ms/v3_200_00214.avi,200,1,0,-1.1389,-9.444,-11.9987,-12.9128,-11.8972,8,b,No,No
order_forced,data/videos_v3/int_200ms/v3_200_00214.avi,200,1,1,0.3125,-0.5862,-0.8987,-3.8518,-6.2268,8,b,A,A
interval,data/videos_v3/int_200ms/v3_200_00214.avi,200,A,B,,-1.7493,-1.1712,-1.39,-1.4993,8,b,B,B
order_32f,data/videos_v3/int_200ms/v3_200_00214.avi,200,1,0,-1.0817,-9.0907,-11.7079,-12.7001,-11.7391,32,b,No,No.
moved_real,data/videos_v3/int_200ms/v3_200_00214.avi,200,1,0,-2.7212,-10.5806,-13.7212,-14.2915,-13.2602,8,b,No,No.
moved_twin,data/twin_v3/v3_200_00214.avi,200,0,0,-2.6091,-10.5191,-13.652,-14.1988,-13.1441,8,b,No,No.
still_real,data/videos_v3/int_200ms/v3_200_00214.avi,200,0,1,0.2131,-9.8604,-10.6573,-12.8292,-12.0323,8,b,Yes,"Yes, both shapes stayed still the whole"
still_twin,data/twin_v3/v3_200_00214.avi,200,1,1,0.1648,-9.8647,-10.7397,-12.8178,-11.9975,8,b,Yes,"Yes, both shapes stayed still the entire"
order_twin,data/twin_v3/v3_200_00214.avi,200,-1,0,-1.2654,-9.6135,-11.6057,-12.6916,-11.6291,8,b,No,No
moved_solo_hit,data/videos_v3/int_200ms/v3_200_00214_solob.avi,200,1,0,-2.6402,-10.5433,-13.6996,-14.2308,-13.1918,8,b,No,No.
moved_solo_fa,data/videos_v3/int_200ms/v3_200_00214_soloa.avi,200,0,0,-2.7748,-10.6132,-13.7382,-14.3242,-13.2617,8,b,No,No.
order_real,data/videos_v3/int_200ms/v3_200_00215.avi,200,1,0,-1.0161,-9.3175,-11.6222,-12.3488,-11.4738,8,b,No,No
order_rev,data/videos_v3/int_200ms/v3_200_00215.avi,200,1,0,-0.7543,-9.1066,-11.6379,-12.2551,-11.466,8,b,No,No
order_forced,data/videos_v3/int_200ms/v3_200_00215.avi,200,1,1,0.4375,-0.5452,-0.9827,-3.7327,-5.4827,8,b,A,A
interval,data/videos_v3/int_200ms/v3_200_00215.avi,200,A,B,,-1.5721,-1.2127,-1.3377,-1.5877,8,b,B,B
order_32f,data/videos_v3/int_200ms/v3_200_00215.avi,200,1,0,-0.6668,-8.8146,-11.7208,-12.1193,-11.7521,32,b,No,No.
moved_real,data/videos_v3/int_200ms/v3_200_00215.avi,200,1,0,-1.6901,-9.4323,-12.8854,-12.9714,-12.1432,8,b,No,No.
moved_twin,data/twin_v3/v3_200_00215.avi,200,0,0,-1.5232,-9.2195,-12.6492,-12.8132,-12.0163,8,b,No,No.
still_real,data/videos_v3/int_200ms/v3_200_00215.avi,200,0,1,0.1341,-9.6432,-10.4401,-12.6276,-11.6744,8,b,Yes,"Yes, both shapes, the circle and"
still_twin,data/twin_v3/v3_200_00215.avi,200,1,1,0.2166,-9.7131,-10.3694,-12.7053,-11.8147,8,b,Yes,"Yes, both shapes, the circle and"
order_twin,data/twin_v3/v3_200_00215.avi,200,-1,0,-0.9461,-9.2905,-11.6265,-12.3686,-11.5405,8,b,No,No
moved_solo_hit,data/videos_v3/int_200ms/v3_200_00215_solob.avi,200,1,0,-1.6748,-9.3778,-12.8153,-12.9403,-12.1044,8,b,No,No.
moved_solo_fa,data/videos_v3/int_200ms/v3_200_00215_soloa.avi,200,0,0,-1.5843,-9.3129,-12.7894,-12.9066,-12.1019,8,b,No,No.
order_real,data/videos_v3/int_200ms/v3_200_00216.avi,200,1,0,-0.6965,-9.2485,-11.5454,-12.3267,-11.4829,8,a,No,No
order_rev,data/videos_v3/int_200ms/v3_200_00216.avi,200,1,0,-0.5804,-9.0933,-11.562,-12.1949,-11.4527,8,a,No,No
order_forced,data/videos_v3/int_200ms/v3_200_00216.avi,200,1,1,0.4843,-0.5125,-0.9968,-4.0906,-5.4968,8,a,A,A
interval,data/videos_v3/int_200ms/v3_200_00216.avi,200,A,C,,-1.6753,-1.2847,-1.2847,-1.5034,8,a,C,C
order_32f,data/videos_v3/int_200ms/v3_200_00216.avi,200,1,0,-0.4614,-8.7021,-11.8271,-12.2412,-11.8037,32,a,No,No.
moved_real,data/videos_v3/int_200ms/v3_200_00216.avi,200,1,0,-1.7664,-9.5305,-13.0383,-13.093,-12.3117,8,a,No,No.
moved_twin,data/twin_v3/v3_200_00216.avi,200,0,0,-2.1084,-9.7331,-13.28,-13.1706,-12.3268,8,a,No,No.
still_real,data/videos_v3/int_200ms/v3_200_00216.avi,200,0,1,0.1262,-9.6785,-10.5535,-12.5848,-11.8113,8,a,Yes,"Yes, both shapes stayed still the whole"
still_twin,data/twin_v3/v3_200_00216.avi,200,1,1,0.0513,-9.6425,-10.83,-12.5253,-11.8065,8,a,Yes,"Yes, both shapes stayed still the whole"
order_twin,data/twin_v3/v3_200_00216.avi,200,-1,0,-0.7683,-9.2217,-11.5654,-12.1983,-11.3858,8,a,No,No
moved_solo_hit,data/videos_v3/int_200ms/v3_200_00216_soloa.avi,200,1,0,-1.9649,-9.6005,-13.2098,-13.1864,-12.4208,8,a,No,No.
moved_solo_fa,data/videos_v3/int_200ms/v3_200_00216_solob.avi,200,0,0,-2.0713,-9.6906,-13.2844,-13.2062,-12.3625,8,a,No,No.
order_real,data/videos_v3/int_200ms/v3_200_00217.avi,200,0,0,-0.6878,-9.3417,-11.6073,-12.0213,-11.5682,8,b,No,No
order_rev,data/videos_v3/int_200ms/v3_200_00217.avi,200,0,0,-1.3311,-9.6828,-12.3859,-12.8,-12.05,8,b,No,No
order_forced,data/videos_v3/int_200ms/v3_200_00217.avi,200,0,1,0.5313,-0.4984,-1.0297,-3.7484,-6.1234,8,b,A,A
interval,data/videos_v3/int_200ms/v3_200_00217.avi,200,A,B,,-1.6509,-1.2134,-1.3696,-1.5259,8,b,B,B
order_32f,data/videos_v3/int_200ms/v3_200_00217.avi,200,0,0,-0.1307,-8.8452,-11.728,-11.7905,-11.8296,32,b,No,No.
moved_real,data/videos_v3/int_200ms/v3_200_00217.avi,200,1,0,-1.6638,-9.9473,-13.2442,-13.0332,-12.6426,8,b,No,No.
moved_twin,data/twin_v3/v3_200_00217.avi,200,0,0,-1.6195,-9.8712,-13.1837,-12.9259,-12.5587,8,b,No,No.
still_real,data/videos_v3/int_200ms/v3_200_00217.avi,200,0,1,0.015,-9.9021,-10.699,-12.9099,-12.0818,8,b,Yes,"Yes, both shapes stayed still the whole"
still_twin,data/twin_v3/v3_200_00217.avi,200,1,0,-0.1158,-9.8451,-10.978,-12.8686,-12.1186,8,b,No,"No, in this video, one of"
order_twin,data/twin_v3/v3_200_00217.avi,200,-1,0,-0.6627,-9.3173,-11.5986,-11.9736,-11.5517,8,b,No,No
moved_solo_hit,data/videos_v3/int_200ms/v3_200_00217_solob.avi,200,1,0,-1.5862,-9.8977,-13.1868,-12.968,-12.5774,8,b,No,No.
moved_solo_fa,data/videos_v3/int_200ms/v3_200_00217_soloa.avi,200,0,0,-1.6145,-9.8738,-13.1785,-12.905,-12.5691,8,b,No,No.
order_real,data/videos_v3/int_200ms/v3_200_00218.avi,200,1,0,-0.6677,-9.2546,-11.4734,-12.3562,-11.4499,8,a,No,No
order_rev,data/videos_v3/int_200ms/v3_200_00218.avi,200,1,0,-0.942,-9.2804,-11.9445,-12.671,-11.6632,8,a,No,No
order_forced,data/videos_v3/int_200ms/v3_200_00218.avi,200,1,1,0.4687,-0.527,-0.9957,-3.7301,-5.4801,8,a,A,A
interval,data/videos_v3/int_200ms/v3_200_00218.avi,200,A,B,,-1.4767,-1.258,-1.3673,-1.6642,8,a,B,B
order_32f,data/videos_v3/int_200ms/v3_200_00218.avi,200,1,0,-0.6832,-8.9007,-11.7444,-12.5257,-11.7678,32,a,No,No.
moved_real,data/videos_v3/int_200ms/v3_200_00218.avi,200,1,0,-1.6152,-9.7962,-13.1322,-13.3665,-12.3275,8,a,No,No.
moved_twin,data/twin_v3/v3_200_00218.avi,200,0,0,-1.2719,-9.4898,-12.9116,-13.0288,-11.9116,8,a,No,No.
still_real,data/videos_v3/int_200ms/v3_200_00218.avi,200,0,1,0.3951,-9.5963,-10.5104,-12.5729,-11.5885,8,a,Yes,"Yes, both shapes stayed still the whole"
still_twin,data/twin_v3/v3_200_00218.avi,200,1,1,0.1141,-9.5514,-10.5123,-12.4185,-11.356,8,a,Yes,"Yes, both shapes stayed still the entire"
order_twin,data/twin_v3/v3_200_00218.avi,200,-1,0,-0.6073,-9.215,-11.5119,-12.2384,-11.2931,8,a,No,No
moved_solo_hit,data/videos_v3/int_200ms/v3_200_00218_soloa.avi,200,1,0,-1.6662,-9.7513,-13.1419,-13.306,-12.2826,8,a,No,No.
moved_solo_fa,data/videos_v3/int_200ms/v3_200_00218_solob.avi,200,0,0,-1.3169,-9.581,-12.9013,-13.0732,-12.0185,8,a,No,No.
order_real,data/videos_v3/int_200ms/v3_200_00219.avi,200,1,0,-1.1634,-9.3224,-11.6193,-12.1974,-11.4864,8,b,No,No
order_rev,data/videos_v3/int_200ms/v3_200_00219.avi,200,1,0,-0.9452,-9.0249,-11.6421,-12.2671,-11.3765,8,b,No,No
order_forced,data/videos_v3/int_200ms/v3_200_00219.avi,200,1,1,0.5469,-0.5027,-1.0496,-3.6277,-5.5496,8,b,A,A
interval,data/videos_v3/int_200ms/v3_200_00219.avi,200,A,B,,-1.6726,-1.2507,-1.2976,-1.532,8,b,B,B
order_32f,data/videos_v3/int_200ms/v3_200_00219.avi,200,1,0,-0.8112,-8.7395,-11.9036,-12.0442,-11.8645,32,b,No,No.
moved_real,data/videos_v3/int_200ms/v3_200_00219.avi,200,1,0,-2.2187,-10.1951,-13.5701,-13.5154,-12.781,8,b,No,No.
moved_twin,data/twin_v3/v3_200_00219.avi,200,0,0,-2.2181,-10.2141,-13.6126,-13.5423,-12.7844,8,b,No,No.
still_real,data/videos_v3/int_200ms/v3_200_00219.avi,200,0,1,0.2916,-9.7804,-10.5539,-12.6476,-11.7804,8,b,Yes,"Yes, both shapes, the triangle and"
still_twin,data/twin_v3/v3_200_00219.avi,200,1,1,0.3073,-9.7969,-10.6641,-12.6563,-11.7891,8,b,Yes,"Yes, both shapes, the triangle and"
order_twin,data/twin_v3/v3_200_00219.avi,200,-1,0,-1.156,-9.3902,-11.7496,-12.2808,-11.5699,8,b,No,No
moved_solo_hit,data/videos_v3/int_200ms/v3_200_00219_solob.avi,200,1,0,-2.1936,-10.0968,-13.4327,-13.4171,-12.6437,8,b,No,No.
moved_solo_fa,data/videos_v3/int_200ms/v3_200_00219_soloa.avi,200,0,0,-2.1354,-10.0643,-13.4861,-13.3924,-12.6736,8,b,No,No.
order_real,data/videos_v3/int_200ms/v3_200_00220.avi,200,0,0,-0.9498,-9.3489,-11.8411,-12.5598,-11.6536,8,b,No,No.
order_rev,data/videos_v3/int_200ms/v3_200_00220.avi,200,0,0,-0.8597,-9.1579,-11.9235,-12.5485,-11.5641,8,b,No,No
order_forced,data/videos_v3/int_200ms/v3_200_00220.avi,200,0,1,0.3594,-0.5811,-0.9405,-3.7686,-5.4874,8,b,A,A
interval,data/videos_v3/int_200ms/v3_200_00220.avi,200,A,B,,-1.5227,-1.2414,-1.3821,-1.6008,8,b,B,B
order_real,data/videos_v3/int_200ms/v3_200_00221.avi,200,1,0,-0.7126,-9.6443,-11.824,-12.3396,-11.8318,8,a,No,No
order_rev,data/videos_v3/int_200ms/v3_200_00221.avi,200,1,0,-1.2509,-9.4761,-11.898,-12.4683,-11.8355,8,a,No,No
order_forced,data/videos_v3/int_200ms/v3_200_00221.avi,200,1,1,0.5937,-0.4838,-1.0775,-3.7963,-6.3432,8,a,A,A
interval,data/videos_v3/int_200ms/v3_200_00221.avi,200,A,B,,-1.5044,-1.2231,-1.3325,-1.645,8,a,B,B
order_real,data/videos_v3/int_200ms/v3_200_00222.avi,200,1,0,-0.6805,-9.1987,-11.4877,-11.9877,-11.4409,8,b,No,No
order_rev,data/videos_v3/int_200ms/v3_200_00222.avi,200,1,0,-0.8149,-8.9787,-11.4865,-12.1896,-11.4084,8,b,No,No
order_forced,data/videos_v3/int_200ms/v3_200_00222.avi,200,1,1,0.4219,-0.5514,-0.9733,-3.7701,-5.9889,8,b,A,A
interval,data/videos_v3/int_200ms/v3_200_00222.avi,200,A,B,,-1.5032,-1.2376,-1.3938,-1.597,8,b,B,B
order_real,data/videos_v3/int_200ms/v3_200_00223.avi,200,1,0,-1.0024,-9.3168,-11.5825,-12.434,-11.4497,8,a,No,No
order_rev,data/videos_v3/int_200ms/v3_200_00223.avi,200,1,0,-0.5763,-9.1023,-11.7663,-12.5007,-11.4616,8,a,No,No
order_forced,data/videos_v3/int_200ms/v3_200_00223.avi,200,1,1,0.4532,-0.5243,-0.9775,-3.8525,-5.5712,8,a,A,A
interval,data/videos_v3/int_200ms/v3_200_00223.avi,200,A,C,,-1.5544,-1.32,-1.2731,-1.5856,8,a,C,C
order_real,data/videos_v3/int_200ms/v3_200_00224.avi,200,1,0,-0.9877,-9.2121,-11.4386,-12.3293,-11.3058,8,a,No,No
order_rev,data/videos_v3/int_200ms/v3_200_00224.avi,200,1,0,-0.3504,-9.1528,-11.77,-12.5435,-11.4888,8,a,No,No
order_forced,data/videos_v3/int_200ms/v3_200_00224.avi,200,1,1,0.4843,-0.5126,-0.9969,-3.8876,-5.5126,8,a,A,A
interval,data/videos_v3/int_200ms/v3_200_00224.avi,200,A,B,,-1.5693,-1.3193,-1.3349,-1.5068,8,a,B,B
order_real,data/videos_v3/int_200ms/v3_200_00225.avi,200,0,0,-0.9351,-9.3254,-11.7863,-12.2082,-11.6066,8,a,No,No
order_rev,data/videos_v3/int_200ms/v3_200_00225.avi,200,0,0,-0.969,-9.2352,-11.8992,-12.3211,-11.6336,8,a,No,No
order_forced,data/videos_v3/int_200ms/v3_200_00225.avi,200,0,1,0.2344,-0.6229,-0.8573,-3.6698,-6.2479,8,a,A,A
interval,data/videos_v3/int_200ms/v3_200_00225.avi,200,A,B,,-1.6163,-1.2725,-1.3819,-1.5225,8,a,B,B
order_real,data/videos_v3/int_200ms/v3_200_00226.avi,200,0,0,-0.9805,-9.3038,-11.7726,-12.1163,-11.5538,8,b,No,No
order_rev,data/videos_v3/int_200ms/v3_200_00226.avi,200,0,0,-0.9461,-9.1724,-11.8599,-12.3599,-11.4927,8,b,No,No.
order_forced,data/videos_v3/int_200ms/v3_200_00226.avi,200,0,1,0.5313,-0.5299,-1.0612,-3.1549,-5.7487,8,b,A,A
interval,data/videos_v3/int_200ms/v3_200_00226.avi,200,A,B,,-1.641,-1.2348,-1.3285,-1.516,8,b,B,B
order_real,data/videos_v3/int_200ms/v3_200_00227.avi,200,0,0,-0.4836,-9.3537,-11.6194,-12.299,-11.4865,8,b,No,No
order_rev,data/videos_v3/int_200ms/v3_200_00227.avi,200,0,0,-0.8162,-9.2915,-11.8384,-12.2915,-11.5962,8,b,No,No
order_forced,data/videos_v3/int_200ms/v3_200_00227.avi,200,0,1,0.5157,-0.514,-1.0297,-3.6078,-5.1859,8,b,A,A
interval,data/videos_v3/int_200ms/v3_200_00227.avi,200,A,B,,-1.4904,-1.256,-1.3654,-1.5841,8,b,B,B
order_real,data/videos_v3/int_200ms/v3_200_00228.avi,200,1,0,-1.0746,-9.3233,-11.5733,-12.3233,-11.5108,8,a,No,No
order_rev,data/videos_v3/int_200ms/v3_200_00228.avi,200,1,0,-0.8943,-9.1639,-11.8202,-12.2889,-11.5233,8,a,No,No
order_forced,data/videos_v3/int_200ms/v3_200_00228.avi,200,1,1,0.5157,-0.5072,-1.0229,-4.1947,-5.601,8,a,A,A
interval,data/videos_v3/int_200ms/v3_200_00228.avi,200,A,B,,-1.5209,-1.2709,-1.3334,-1.5991,8,a,B,B
order_real,data/videos_v3/int_200ms/v3_200_00229.avi,200,1,0,-0.7273,-9.2959,-11.5068,-12.0459,-11.5459,8,a,No,No
order_rev,data/videos_v3/int_200ms/v3_200_00229.avi,200,1,0,-0.5826,-9.0805,-11.6274,-12.2914,-11.4633,8,a,No,No
order_forced,data/videos_v3/int_200ms/v3_200_00229.avi,200,1,1,0.3281,-0.5919,-0.92,-3.7638,-5.7638,8,a,A,A
interval,data/videos_v3/int_200ms/v3_200_00229.avi,200,A,B,,-1.605,-1.2456,-1.3394,-1.5425,8,a,B,B
order_real,data/videos_v3/int_200ms/v3_200_00230.avi,200,1,0,-0.8545,-9.2065,-11.5112,-12.0659,-11.3784,8,b,No,No
order_rev,data/videos_v3/int_200ms/v3_200_00230.avi,200,1,0,-0.7692,-9.0751,-11.5751,-12.3172,-11.4579,8,b,No,No
order_forced,data/videos_v3/int_200ms/v3_200_00230.avi,200,1,1,0.6718,-0.4552,-1.127,-3.8145,-5.6583,8,b,A,A
interval,data/videos_v3/int_200ms/v3_200_00230.avi,200,A,B,,-1.6559,-1.2497,-1.2809,-1.5622,8,b,B,B
order_real,data/videos_v3/int_200ms/v3_200_00231.avi,200,0,0,-1.1496,-9.6128,-11.8003,-12.4878,-11.7066,8,b,No,No
order_rev,data/videos_v3/int_200ms/v3_200_00231.avi,200,0,0,-1.1076,-9.6836,-12.332,-12.832,-11.9258,8,b,No,No
order_forced,data/videos_v3/int_200ms/v3_200_00231.avi,200,0,1,0.5312,-0.5081,-1.0393,-3.5393,-6.055,8,b,A,A
interval,data/videos_v3/int_200ms/v3_200_00231.avi,200,A,B,,-1.5872,-1.2122,-1.4153,-1.5091,8,b,B,B
order_real,data/videos_v3/int_200ms/v3_200_00232.avi,200,0,0,-0.5537,-9.2915,-11.6978,-12.4634,-11.565,8,a,No,No.
order_rev,data/videos_v3/int_200ms/v3_200_00232.avi,200,0,0,-0.696,-9.0842,-11.7405,-12.4983,-11.467,8,a,No,No
order_forced,data/videos_v3/int_200ms/v3_200_00232.avi,200,0,1,0.375,-0.5555,-0.9305,-4.1336,-5.5867,8,a,A,A
interval,data/videos_v3/int_200ms/v3_200_00232.avi,200,A,B,,-1.6059,-1.2309,-1.3872,-1.5434,8,a,B,B
order_real,data/videos_v3/int_200ms/v3_200_00233.avi,200,1,0,-1.0883,-9.2751,-11.486,-12.4782,-11.3376,8,b,No,No
order_rev,data/videos_v3/int_200ms/v3_200_00233.avi,200,1,0,-0.8544,-9.0878,-11.6346,-12.494,-11.4081,8,b,No,No
order_forced,data/videos_v3/int_200ms/v3_200_00233.avi,200,1,1,0.2656,-0.6009,-0.8665,-4.1165,-5.7415,8,b,A,A
interval,data/videos_v3/int_200ms/v3_200_00233.avi,200,A,B,,-1.6244,-1.1712,-1.3587,-1.6087,8,b,B,B
order_real,data/videos_v3/int_200ms/v3_200_00234.avi,200,0,0,-1.687,-9.8587,-12.1399,-12.9915,-11.8508,8,a,No,No
order_rev,data/videos_v3/int_200ms/v3_200_00234.avi,200,0,0,-1.2208,-9.5872,-12.1888,-13.0403,-11.7981,8,a,No,No
order_forced,data/videos_v3/int_200ms/v3_200_00234.avi,200,0,1,0.75,-0.4303,-1.1803,-3.9771,-5.9771,8,a,A,A
interval,data/videos_v3/int_200ms/v3_200_00234.avi,200,A,B,,-1.6182,-1.1651,-1.3682,-1.6026,8,a,B,B
order_real,data/videos_v3/int_200ms/v3_200_00235.avi,200,1,0,-0.2649,-9.4241,-11.6507,-12.3538,-11.6975,8,b,No,No
order_rev,data/videos_v3/int_200ms/v3_200_00235.avi,200,1,0,-0.6934,-9.2187,-11.7343,-12.3046,-11.6093,8,b,No,No
order_forced,data/videos_v3/int_200ms/v3_200_00235.avi,200,1,1,0.4843,-0.5268,-1.0111,-3.3861,-5.4799,8,b,A,A
interval,data/videos_v3/int_200ms/v3_200_00235.avi,200,A,C,,-1.6295,-1.3014,-1.2545,-1.5045,8,b,C,C
order_real,data/videos_v3/int_200ms/v3_200_00236.avi,200,1,0,-0.7835,-9.1829,-11.3235,-12.347,-11.3626,8,a,No,No
order_rev,data/videos_v3/int_200ms/v3_200_00236.avi,200,1,0,-0.8826,-9.3499,-11.8968,-12.6702,-11.5687,8,a,No,No
order_forced,data/videos_v3/int_200ms/v3_200_00236.avi,200,1,1,0.375,-0.5491,-0.9241,-4.2053,-5.8459,8,a,A,A
interval,data/videos_v3/int_200ms/v3_200_00236.avi,200,A,B,,-1.6747,-1.2529,-1.331,-1.5497,8,a,B,B
order_real,data/videos_v3/int_200ms/v3_200_00237.avi,200,1,0,-0.5757,-9.4902,-11.5293,-12.5371,-11.6777,8,b,No,No
order_rev,data/videos_v3/int_200ms/v3_200_00237.avi,200,1,0,-0.9415,-9.4575,-11.9419,-12.6294,-11.8325,8,b,No,No
order_forced,data/videos_v3/int_200ms/v3_200_00237.avi,200,1,1,0.5781,-0.4823,-1.0604,-3.826,-5.6854,8,b,A,A
interval,data/videos_v3/int_200ms/v3_200_00237.avi,200,A,B,,-1.587,-1.2277,-1.3995,-1.587,8,b,B,B
order_real,data/videos_v3/int_200ms/v3_200_00238.avi,200,0,0,-0.4514,-9.5667,-11.5823,-12.2542,-11.7308,8,b,No,No
order_rev,data/videos_v3/int_200ms/v3_200_00238.avi,200,0,0,-0.8175,-9.4633,-11.8696,-12.4555,-11.8539,8,b,No,No
order_forced,data/videos_v3/int_200ms/v3_200_00238.avi,200,0,1,0.4531,-0.5364,-0.9895,-3.4583,-6.3333,8,b,A,A
interval,data/videos_v3/int_200ms/v3_200_00238.avi,200,A,B,,-1.5168,-1.2199,-1.3449,-1.5793,8,b,B,B
order_real,data/videos_v3/int_200ms/v3_200_00239.avi,200,1,0,-1.0893,-9.3489,-11.5832,-12.4895,-11.4895,8,b,No,No
order_rev,data/videos_v3/int_200ms/v3_200_00239.avi,200,1,0,-0.8937,-9.2091,-11.8263,-12.6076,-11.5529,8,b,No,No
order_forced,data/videos_v3/int_200ms/v3_200_00239.avi,200,1,1,0.375,-0.5609,-0.9359,-3.7328,-5.6859,8,b,A,A
interval,data/videos_v3/int_200ms/v3_200_00239.avi,200,A,B,,-1.5802,-1.2208,-1.4083,-1.5958,8,b,B,B
order_real,data/videos_v3/int_200ms/v3_200_00240.avi,200,1,0,-0.6661,-9.2294,-11.4637,-12.1669,-11.4559,8,a,No,No
order_rev,data/videos_v3/int_200ms/v3_200_00240.avi,200,1,0,-0.7038,-9.1101,-11.532,-12.3601,-11.5945,8,a,No,No
order_forced,data/videos_v3/int_200ms/v3_200_00240.avi,200,1,1,0.5312,-0.4964,-1.0276,-3.8714,-5.6839,8,a,A,A
interval,data/videos_v3/int_200ms/v3_200_00240.avi,200,A,B,,-1.6096,-1.2502,-1.3127,-1.5471,8,a,B,B
order_real,data/videos_v3/int_200ms/v3_200_00241.avi,200,0,0,-1.0541,-9.3355,-11.5855,-12.523,-11.5073,8,a,No,No
order_rev,data/videos_v3/int_200ms/v3_200_00241.avi,200,0,0,-0.9196,-9.0845,-11.6626,-12.5376,-11.4595,8,a,No,No
order_forced,data/videos_v3/int_200ms/v3_200_00241.avi,200,0,1,0.375,-0.5518,-0.9268,-4.1456,-5.7081,8,a,A,A
interval,data/videos_v3/int_200ms/v3_200_00241.avi,200,A,B,,-1.6812,-1.2281,-1.3687,-1.4781,8,a,B,B
order_real,data/videos_v3/int_200ms/v3_200_00242.avi,200,0,0,-0.9469,-9.3852,-11.4867,-12.0961,-11.6039,8,b,No,No
order_rev,data/videos_v3/int_200ms/v3_200_00242.avi,200,0,0,-0.7258,-9.0701,-11.5466,-12.3201,-11.4607,8,b,No,No
order_forced,data/videos_v3/int_200ms/v3_200_00242.avi,200,0,1,0.4219,-0.5488,-0.9707,-3.7051,-5.5801,8,b,A,A
interval,data/videos_v3/int_200ms/v3_200_00242.avi,200,A,B,,-1.6302,-1.2552,-1.3177,-1.5677,8,b,B,B
order_real,data/videos_v3/int_200ms/v3_200_00243.avi,200,0,0,-0.8346,-9.2583,-11.4458,-12.2661,-11.4145,8,a,No,No
order_rev,data/videos_v3/int_200ms/v3_200_00243.avi,200,0,0,-0.6404,-9.1305,-11.6226,-12.232,-11.4351,8,a,No,No
order_forced,data/videos_v3/int_200ms/v3_200_00243.avi,200,0,1,0.3437,-0.5685,-0.9122,-4.0216,-5.2403,8,a,A,A
interval,data/videos_v3/int_200ms/v3_200_00243.avi,200,A,B,,-1.5437,-1.2469,-1.3562,-1.5906,8,a,B,B
order_real,data/videos_v3/int_200ms/v3_200_00244.avi,200,0,0,-0.5476,-9.2421,-11.5077,-12.2812,-11.3515,8,a,No,No
order_rev,data/videos_v3/int_200ms/v3_200_00244.avi,200,0,0,-0.8774,-8.9757,-11.546,-12.4523,-11.4601,8,a,No,No
order_forced,data/videos_v3/int_200ms/v3_200_00244.avi,200,0,1,0.3906,-0.5486,-0.9392,-4.1267,-5.9236,8,a,A,A
interval,data/videos_v3/int_200ms/v3_200_00244.avi,200,A,B,,-1.5566,-1.291,-1.3691,-1.5253,8,a,B,B
order_real,data/videos_v3/int_200ms/v3_200_00245.avi,200,0,0,-0.7375,-9.3157,-11.6282,-12.1048,-11.6048,8,a,No,No
order_rev,data/videos_v3/int_200ms/v3_200_00245.avi,200,0,0,-0.7511,-9.0365,-11.5834,-12.3022,-11.4897,8,a,No,No
order_forced,data/videos_v3/int_200ms/v3_200_00245.avi,200,0,1,0.3438,-0.5843,-0.9281,-3.6781,-5.7874,8,a,A,A
interval,data/videos_v3/int_200ms/v3_200_00245.avi,200,A,B,,-1.6623,-1.2092,-1.3498,-1.5217,8,a,B,B
order_real,data/videos_v3/int_200ms/v3_200_00246.avi,200,1,0,-0.6419,-9.255,-11.2629,-12.4425,-11.4425,8,b,No,No
order_rev,data/videos_v3/int_200ms/v3_200_00246.avi,200,1,0,-0.8274,-9.3901,-11.9057,-12.7651,-11.7339,8,b,No,No
order_forced,data/videos_v3/int_200ms/v3_200_00246.avi,200,1,1,0.3593,-0.578,-0.9373,-4.1717,-5.7498,8,b,A,A
interval,data/videos_v3/int_200ms/v3_200_00246.avi,200,A,B,,-1.8044,-1.2419,-1.2887,-1.4137,8,b,B,B
order_real,data/videos_v3/int_200ms/v3_200_00247.avi,200,0,0,-0.832,-9.0946,-11.5946,-12.0243,-11.4696,8,a,No,No
order_rev,data/videos_v3/int_200ms/v3_200_00247.avi,200,0,0,-0.821,-8.9688,-11.5157,-12.2501,-11.4844,8,a,No,No
order_forced,data/videos_v3/int_200ms/v3_200_00247.avi,200,0,1,0.3125,-0.5905,-0.903,-3.9499,-5.8562,8,a,A,A
interval,data/videos_v3/int_200ms/v3_200_00247.avi,200,A,B,,-1.6346,-1.1814,-1.4002,-1.5564,8,a,B,B
order_real,data/videos_v3/int_200ms/v3_200_00248.avi,200,0,0,-0.8506,-9.6118,-11.7915,-12.5102,-11.6977,8,b,No,No
order_rev,data/videos_v3/int_200ms/v3_200_00248.avi,200,0,0,-0.8524,-9.2355,-11.7042,-12.462,-11.6573,8,b,No,No
order_forced,data/videos_v3/int_200ms/v3_200_00248.avi,200,0,1,0.3281,-0.5716,-0.8997,-3.8841,-5.806,8,b,A,A
interval,data/videos_v3/int_200ms/v3_200_00248.avi,200,A,B,,-1.7012,-1.2168,-1.3418,-1.5137,8,b,B,B
order_real,data/videos_v3/int_200ms/v3_200_00249.avi,200,1,0,-0.9468,-9.3704,-11.8158,-12.1751,-11.5189,8,a,No,No
order_rev,data/videos_v3/int_200ms/v3_200_00249.avi,200,1,0,-0.6021,-9.1367,-11.8789,-12.0039,-11.4805,8,a,No,No
order_forced,data/videos_v3/int_200ms/v3_200_00249.avi,200,1,1,0.3907,-0.569,-0.9597,-3.3347,-5.4753,8,a,A,A
interval,data/videos_v3/int_200ms/v3_200_00249.avi,200,A,B,,-1.5738,-1.2613,-1.3238,-1.5738,8,a,B,B
order_real,data/videos_v3/int_200ms/v3_200_00250.avi,200,0,0,-0.8191,-9.2423,-11.6642,-12.3517,-11.5079,8,b,No,No
order_rev,data/videos_v3/int_200ms/v3_200_00250.avi,200,0,0,-0.746,-9.14,-11.7572,-12.4994,-11.601,8,b,No,No
order_forced,data/videos_v3/int_200ms/v3_200_00250.avi,200,0,1,0.6406,-0.4652,-1.1058,-3.637,-5.4495,8,b,A,A
interval,data/videos_v3/int_200ms/v3_200_00250.avi,200,A,B,,-1.6537,-1.1693,-1.3881,-1.5131,8,b,B,B
order_real,data/videos_v3/int_200ms/v3_200_00251.avi,200,0,0,-0.8725,-9.2925,-11.7222,-12.0347,-11.5972,8,b,No,No
order_rev,data/videos_v3/int_200ms/v3_200_00251.avi,200,0,0,-0.6695,-9.2529,-11.9326,-12.3622,-11.6201,8,b,No,No
order_forced,data/videos_v3/int_200ms/v3_200_00251.avi,200,0,1,0.4687,-0.5352,-1.0039,-3.4258,-5.8946,8,b,A,A
interval,data/videos_v3/int_200ms/v3_200_00251.avi,200,A,B,,-1.5143,-1.2799,-1.3736,-1.5455,8,b,B,B
order_real,data/videos_v3/int_200ms/v3_200_00252.avi,200,1,0,-0.7301,-9.3286,-11.6724,-12.3911,-11.563,8,b,No,No
order_rev,data/videos_v3/int_200ms/v3_200_00252.avi,200,1,0,-0.6389,-8.9661,-11.3489,-12.0364,-11.388,8,b,No,No
order_forced,data/videos_v3/int_200ms/v3_200_00252.avi,200,1,1,0.2812,-0.6032,-0.8844,-4.2125,-5.5875,8,b,A,A
interval,data/videos_v3/int_200ms/v3_200_00252.avi,200,A,B,,-1.5756,-1.2631,-1.3412,-1.5912,8,b,B,B
order_real,data/videos_v3/int_200ms/v3_200_00253.avi,200,0,0,-0.9476,-9.4053,-11.6866,-12.4444,-11.5303,8,a,No,No
order_rev,data/videos_v3/int_200ms/v3_200_00253.avi,200,0,0,-0.6883,-9.1823,-11.737,-12.5026,-11.5026,8,a,No,No
order_forced,data/videos_v3/int_200ms/v3_200_00253.avi,200,0,1,0.5625,-0.4888,-1.0513,-4.1294,-5.7857,8,a,A,A
interval,data/videos_v3/int_200ms/v3_200_00253.avi,200,A,B,,-1.6102,-1.2508,-1.3289,-1.4852,8,a,B,B
order_real,data/videos_v3/int_200ms/v3_200_00254.avi,200,1,0,-0.8587,-9.3565,-11.7315,-12.419,-11.5518,8,a,No,No
order_rev,data/videos_v3/int_200ms/v3_200_00254.avi,200,1,0,-0.8829,-9.317,-11.8952,-12.653,-11.6686,8,a,No,No
order_forced,data/videos_v3/int_200ms/v3_200_00254.avi,200,1,1,0.6718,-0.445,-1.1168,-3.9918,-5.6637,8,a,A,A
interval,data/videos_v3/int_200ms/v3_200_00254.avi,200,A,B,,-1.5931,-1.2025,-1.3587,-1.5775,8,a,B,B
order_real,data/videos_v3/int_200ms/v3_200_00255.avi,200,0,0,-0.3548,-9.1397,-11.4991,-11.6553,-11.5225,8,b,No,No
order_rev,data/videos_v3/int_200ms/v3_200_00255.avi,200,0,0,-0.6128,-9.1241,-11.671,-12.1241,-11.5538,8,b,No,No
order_forced,data/videos_v3/int_200ms/v3_200_00255.avi,200,0,1,0.4687,-0.5402,-1.0089,-3.3996,-5.6183,8,b,A,A
interval,data/videos_v3/int_200ms/v3_200_00255.avi,200,A,B,,-1.5669,-1.2544,-1.3169,-1.6138,8,b,B,B
order_real,data/videos_v3/int_200ms/v3_200_00256.avi,200,0,0,-0.9716,-9.3179,-11.6461,-12.482,-11.482,8,a,No,No
order_rev,data/videos_v3/int_200ms/v3_200_00256.avi,200,0,0,-0.6973,-9.135,-11.8615,-12.5256,-11.51,8,a,No,No
order_forced,data/videos_v3/int_200ms/v3_200_00256.avi,200,0,1,0.6094,-0.4841,-1.0935,-3.7029,-5.7654,8,a,A,A
interval,data/videos_v3/int_200ms/v3_200_00256.avi,200,A,B,,-1.5832,-1.2551,-1.3645,-1.552,8,a,B,B
order_real,data/videos_v3/int_200ms/v3_200_00257.avi,200,1,0,-0.7706,-9.5403,-11.7512,-12.5169,-11.759,8,a,No,No
order_rev,data/videos_v3/int_200ms/v3_200_00257.avi,200,1,0,-1.1664,-9.6172,-12.1563,-12.7969,-11.9922,8,a,No,No
order_forced,data/videos_v3/int_200ms/v3_200_00257.avi,200,1,1,0.7812,-0.4128,-1.194,-3.7409,-5.694,8,a,A,A
interval,data/videos_v3/int_200ms/v3_200_00257.avi,200,A,B,,-1.4976,-1.2788,-1.3413,-1.5913,8,a,B,B
order_real,data/videos_v3/int_200ms/v3_200_00258.avi,200,0,0,-0.9621,-9.346,-11.8069,-12.0882,-11.5804,8,b,No,No
order_rev,data/videos_v3/int_200ms/v3_200_00258.avi,200,0,0,-1.1362,-9.3896,-12.0927,-12.3583,-11.7568,8,b,No,No
order_forced,data/videos_v3/int_200ms/v3_200_00258.avi,200,0,1,0.4219,-0.555,-0.9769,-3.3831,-5.6487,8,b,A,A
interval,data/videos_v3/int_200ms/v3_200_00258.avi,200,A,B,,-1.6246,-1.2653,-1.359,-1.484,8,b,B,B
order_real,data/videos_v3/int_200ms/v3_200_00259.avi,200,1,0,-0.9312,-9.3493,-11.6227,-12.3258,-11.6774,8,a,No,No
order_rev,data/videos_v3/int_200ms/v3_200_00259.avi,200,1,0,-0.9058,-9.2521,-11.7756,-12.6584,-11.6428,8,a,No,No
order_forced,data/videos_v3/int_200ms/v3_200_00259.avi,200,1,1,0.3906,-0.5673,-0.9579,-3.5985,-6.286,8,a,A,A
interval,data/videos_v3/int_200ms/v3_200_00259.avi,200,A,B,,-1.6351,-1.1819,-1.4319,-1.5413,8,a,B,B
order_real,data/videos_v3/int_200ms/v3_200_00260.avi,200,1,0,-0.7246,-9.3595,-11.6173,-12.5158,-11.6017,8,b,No,No
order_rev,data/videos_v3/int_200ms/v3_200_00260.avi,200,1,0,-0.6487,-9.2602,-11.768,-12.6509,-11.5259,8,b,No,No
order_forced,data/videos_v3/int_200ms/v3_200_00260.avi,200,1,1,0.2969,-0.5918,-0.8887,-4.0606,-5.5918,8,b,A,A
interval,data/videos_v3/int_200ms/v3_200_00260.avi,200,A,C,,-1.5847,-1.3035,-1.2566,-1.5847,8,b,C,C
order_real,data/videos_v3/int_200ms/v3_200_00261.avi,200,1,0,-0.9147,-9.4307,-11.9229,-12.2823,-11.7744,8,b,No,No.
order_rev,data/videos_v3/int_200ms/v3_200_00261.avi,200,1,0,-0.9547,-9.1725,-11.9616,-12.235,-11.5944,8,b,No,No
order_forced,data/videos_v3/int_200ms/v3_200_00261.avi,200,1,1,0.5625,-0.5167,-1.0792,-3.298,-6.0949,8,b,A,A
interval,data/videos_v3/int_200ms/v3_200_00261.avi,200,A,B,,-1.58,-1.2831,-1.3456,-1.5175,8,b,B,B
order_real,data/videos_v3/int_200ms/v3_200_00262.avi,200,0,0,-0.7449,-9.3166,-11.6447,-11.9025,-11.5588,8,b,No,No
order_rev,data/videos_v3/int_200ms/v3_200_00262.avi,200,0,0,-0.6745,-9.3369,-11.8759,-12.3447,-11.7275,8,b,No,No
order_forced,data/videos_v3/int_200ms/v3_200_00262.avi,200,0,1,0.625,-0.4805,-1.1055,-3.3867,-6.1367,8,b,A,A
interval,data/videos_v3/int_200ms/v3_200_00262.avi,200,A,B,,-1.55,-1.2531,-1.3781,-1.5187,8,b,B,B
order_real,data/videos_v3/int_200ms/v3_200_00263.avi,200,0,0,-1.0938,-9.5042,-11.6995,-12.387,-11.637,8,a,No,No
order_rev,data/videos_v3/int_200ms/v3_200_00263.avi,200,0,0,-0.9238,-9.7664,-12.3836,-13.0007,-12.0164,8,a,No,No
order_forced,data/videos_v3/int_200ms/v3_200_00263.avi,200,0,1,0.3906,-0.5612,-0.9518,-3.4206,-5.6393,8,a,A,A
interval,data/videos_v3/int_200ms/v3_200_00263.avi,200,A,B,,-1.7215,-1.159,-1.3309,-1.5184,8,a,B,B
order_real,data/videos_v3/int_200ms/v3_200_00264.avi,200,0,0,-0.8168,-9.3666,-11.6635,-12.4682,-11.5307,8,a,No,No
order_rev,data/videos_v3/int_200ms/v3_200_00264.avi,200,0,0,-0.7047,-9.1148,-11.7242,-12.4898,-11.4742,8,a,No,No
order_forced,data/videos_v3/int_200ms/v3_200_00264.avi,200,0,1,0.4219,-0.5395,-0.9614,-3.852,-5.2427,8,a,A,A
interval,data/videos_v3/int_200ms/v3_200_00264.avi,200,A,B,,-1.6344,-1.2282,-1.3219,-1.5407,8,a,B,B
order_real,data/videos_v3/int_200ms/v3_200_00265.avi,200,0,0,-0.8533,-9.4022,-11.5741,-12.5506,-11.5272,8,b,No,No
order_rev,data/videos_v3/int_200ms/v3_200_00265.avi,200,0,0,-0.6886,-9.2149,-11.5899,-12.5508,-11.4258,8,b,No,No
order_forced,data/videos_v3/int_200ms/v3_200_00265.avi,200,0,1,0.3125,-0.585,-0.8975,-4.1007,-5.3975,8,b,A,A
interval,data/videos_v3/int_200ms/v3_200_00265.avi,200,A,B,,-1.6563,-1.2657,-1.2813,-1.4845,8,b,B,B
order_real,data/videos_v3/int_200ms/v3_200_00266.avi,200,1,0,-0.717,-9.3153,-11.5809,-12.37,-11.4793,8,b,No,No
order_rev,data/videos_v3/int_200ms/v3_200_00266.avi,200,1,0,-1.1406,-9.1667,-11.9011,-12.6901,-11.6589,8,b,No,No
order_forced,data/videos_v3/int_200ms/v3_200_00266.avi,200,1,1,0.4219,-0.5363,-0.9582,-3.9895,-5.7395,8,b,A,A
interval,data/videos_v3/int_200ms/v3_200_00266.avi,200,A,B,,-1.5775,-1.2962,-1.3587,-1.5462,8,b,B,B
order_real,data/videos_v3/int_200ms/v3_200_00267.avi,200,0,0,-0.7903,-9.2992,-11.5492,-11.9946,-11.4867,8,a,No,No
order_rev,data/videos_v3/int_200ms/v3_200_00267.avi,200,0,0,-0.7696,-9.3562,-12.0281,-12.489,-11.7234,8,a,No,No
order_forced,data/videos_v3/int_200ms/v3_200_00267.avi,200,0,1,0.3125,-0.6046,-0.9171,-3.1828,-5.7453,8,a,A,A
interval,data/videos_v3/int_200ms/v3_200_00267.avi,200,A,B,,-1.5084,-1.3053,-1.3365,-1.5709,8,a,B,B
order_real,data/videos_v3/int_200ms/v3_200_00268.avi,200,0,0,-0.968,-9.3824,-11.6168,-12.5231,-11.4684,8,b,No,No
order_rev,data/videos_v3/int_200ms/v3_200_00268.avi,200,0,0,-0.6031,-9.2063,-11.6594,-12.6125,-11.4406,8,b,No,No
order_forced,data/videos_v3/int_200ms/v3_200_00268.avi,200,0,1,0.1875,-0.6424,-0.8299,-3.908,-5.0799,8,b,A,A
interval,data/videos_v3/int_200ms/v3_200_00268.avi,200,A,C,,-1.6706,-1.2487,-1.1862,-1.6237,8,b,C,C
order_real,data/videos_v3/int_200ms/v3_200_00269.avi,200,0,0,-1.3896,-9.7368,-11.9243,-12.8931,-11.7134,8,a,No,No
order_rev,data/videos_v3/int_200ms/v3_200_00269.avi,200,0,0,-0.9628,-9.5096,-11.9862,-12.8925,-11.6503,8,a,No,No
order_forced,data/videos_v3/int_200ms/v3_200_00269.avi,200,0,1,0.6094,-0.465,-1.0744,-4.2775,-5.9494,8,a,A,A
interval,data/videos_v3/int_200ms/v3_200_00269.avi,200,A,B,,-1.6131,-1.1756,-1.3631,-1.5818,8,a,B,B
order_real,data/videos_v3/int_200ms/v3_200_00270.avi,200,1,0,-0.7696,-9.412,-11.7167,-12.2479,-11.6307,8,b,No,No
order_rev,data/videos_v3/int_200ms/v3_200_00270.avi,200,1,0,-0.3942,-9.2708,-11.6692,-12.3958,-11.427,8,b,No,No
order_forced,data/videos_v3/int_200ms/v3_200_00270.avi,200,1,1,0.2812,-0.6073,-0.8885,-3.5135,-5.6229,8,b,A,A
interval,data/videos_v3/int_200ms/v3_200_00270.avi,200,A,B,,-1.4809,-1.2777,-1.3402,-1.6059,8,b,B,B
order_real,data/videos_v3/int_200ms/v3_200_00271.avi,200,1,0,-0.5749,-9.46,-11.5772,-12.6085,-11.6163,8,b,No,No
order_rev,data/videos_v3/int_200ms/v3_200_00271.avi,200,1,0,-0.5176,-9.4789,-12.0648,-12.6742,-11.932,8,b,No,No
order_forced,data/videos_v3/int_200ms/v3_200_00271.avi,200,1,1,0.4062,-0.5474,-0.9536,-3.7193,-5.4849,8,b,A,A
interval,data/videos_v3/int_200ms/v3_200_00271.avi,200,A,B,,-1.63,-1.2394,-1.3487,-1.5831,8,b,B,B
order_real,data/videos_v3/int_200ms/v3_200_00272.avi,200,1,0,-0.7132,-9.3333,-11.5052,-12.138,-11.4974,8,a,No,No
order_rev,data/videos_v3/int_200ms/v3_200_00272.avi,200,1,0,-0.8141,-9.0716,-11.5169,-12.3528,-11.4856,8,a,No,No
order_forced,data/videos_v3/int_200ms/v3_200_00272.avi,200,1,1,0.3125,-0.577,-0.8895,-4.0301,-5.7645,8,a,A,A
interval,data/videos_v3/int_200ms/v3_200_00272.avi,200,A,B,,-1.5108,-1.292,-1.3545,-1.5264,8,a,B,B
order_real,data/videos_v3/int_200ms/v3_200_00273.avi,200,1,0,-1.5744,-9.5785,-12.1176,-12.7113,-11.8285,8,b,No,No
order_rev,data/videos_v3/int_200ms/v3_200_00273.avi,200,1,0,-1.1296,-9.2334,-11.7959,-12.5069,-11.4522,8,b,No,No
order_forced,data/videos_v3/int_200ms/v3_200_00273.avi,200,1,1,0.4531,-0.529,-0.9821,-4.0915,-5.6696,8,b,A,A
interval,data/videos_v3/int_200ms/v3_200_00273.avi,200,A,B,,-1.5259,-1.2446,-1.3853,-1.5728,8,b,B,B
order_real,data/videos_v3/int_200ms/v3_200_00274.avi,200,0,0,-0.6812,-9.2299,-11.4956,-12.1284,-11.4878,8,b,No,No
order_rev,data/videos_v3/int_200ms/v3_200_00274.avi,200,0,0,-0.8727,-9.1596,-11.8627,-12.3158,-11.4643,8,b,No,No
order_forced,data/videos_v3/int_200ms/v3_200_00274.avi,200,0,1,0.4843,-0.5364,-1.0207,-3.427,-5.8332,8,b,A,A
interval,data/videos_v3/int_200ms/v3_200_00274.avi,200,A,C,,-1.5898,-1.3242,-1.293,-1.4961,8,b,C,C
order_real,data/videos_v3/int_200ms/v3_200_00275.avi,200,1,0,-0.7326,-9.441,-11.191,-12.3003,-11.6207,8,a,No,No
order_rev,data/videos_v3/int_200ms/v3_200_00275.avi,200,1,0,-1.1226,-9.668,-11.9571,-12.7696,-11.9883,8,a,No,No
order_forced,data/videos_v3/int_200ms/v3_200_00275.avi,200,1,1,0.4219,-0.5405,-0.9624,-3.7437,-5.8843,8,a,A,A
interval,data/videos_v3/int_200ms/v3_200_00275.avi,200,A,B,,-1.4491,-1.2616,-1.3866,-1.5741,8,a,B,B
order_real,data/videos_v3/int_200ms/v3_200_00276.avi,200,1,0,-0.7533,-9.4268,-11.7236,-12.3721,-11.5986,8,a,No,No
order_rev,data/videos_v3/int_200ms/v3_200_00276.avi,200,1,0,-0.6287,-9.1488,-11.5317,-12.1723,-11.5082,8,a,No,No
order_forced,data/videos_v3/int_200ms/v3_200_00276.avi,200,1,1,0.4531,-0.5339,-0.987,-3.8464,-6.0339,8,a,A,A
interval,data/videos_v3/int_200ms/v3_200_00276.avi,200,A,B,,-1.5365,-1.2865,-1.3334,-1.5522,8,a,B,B
order_real,data/videos_v3/int_200ms/v3_200_00277.avi,200,0,0,-0.7253,-9.3914,-11.532,-12.2976,-11.5086,8,b,No,No
order_rev,data/videos_v3/int_200ms/v3_200_00277.avi,200,0,0,-1.3671,-9.6256,-12.3678,-12.9224,-12.0162,8,b,No,No
order_forced,data/videos_v3/int_200ms/v3_200_00277.avi,200,0,1,0.5157,-0.502,-1.0177,-4.0645,-6.0177,8,b,A,A
interval,data/videos_v3/int_200ms/v3_200_00277.avi,200,A,B,,-1.696,-1.1803,-1.4303,-1.5397,8,b,B,B
order_real,data/videos_v3/int_200ms/v3_200_00278.avi,200,1,0,-0.593,-9.0364,-11.1614,-11.9896,-11.263,8,b,No,No
order_rev,data/videos_v3/int_200ms/v3_200_00278.avi,200,1,0,-0.8914,-9.0134,-11.654,-12.2322,-11.365,8,b,No,No
order_forced,data/videos_v3/int_200ms/v3_200_00278.avi,200,1,1,0.6094,-0.4754,-1.0848,-4.0223,-5.8192,8,b,A,A
interval,data/videos_v3/int_200ms/v3_200_00278.avi,200,A,B,,-1.49,-1.2557,-1.3963,-1.5525,8,b,B,B
order_real,data/videos_v3/int_200ms/v3_200_00279.avi,200,1,0,-0.9585,-9.3592,-11.6561,-12.242,-11.4608,8,a,No,No
order_rev,data/videos_v3/int_200ms/v3_200_00279.avi,200,1,0,-0.9673,-9.6661,-12.3693,-12.799,-11.9552,8,a,No,No
order_forced,data/videos_v3/int_200ms/v3_200_00279.avi,200,1,1,0.4375,-0.5424,-0.9799,-3.4486,-5.933,8,a,A,A
interval,data/videos_v3/int_200ms/v3_200_00279.avi,200,A,B,,-1.8854,-1.1198,-1.276,-1.5104,8,a,B,B
order_real,data/videos_v3/int_200ms/v3_200_00280.avi,200,0,0,-0.9558,-9.7047,-11.7516,-12.6813,-11.8376,8,a,No,No
order_rev,data/videos_v3/int_200ms/v3_200_00280.avi,200,0,0,-0.9237,-9.3348,-11.5536,-12.4989,-11.702,8,a,No,No
order_forced,data/videos_v3/int_200ms/v3_200_00280.avi,200,0,1,0.4843,-0.5092,-0.9935,-3.9623,-6.1654,8,a,A,A
interval,data/videos_v3/int_200ms/v3_200_00280.avi,200,A,B,,-1.4493,-1.2305,-1.3868,-1.6524,8,a,B,B
order_real,data/videos_v3/int_200ms/v3_200_00281.avi,200,1,0,-0.7548,-9.4045,-11.5529,-12.4591,-11.4279,8,b,No,No
order_rev,data/videos_v3/int_200ms/v3_200_00281.avi,200,1,0,-0.6801,-9.4105,-11.9886,-12.7464,-11.6683,8,b,No,No
order_forced,data/videos_v3/int_200ms/v3_200_00281.avi,200,1,1,0.4062,-0.5365,-0.9427,-4.0677,-5.724,8,b,A,A
interval,data/videos_v3/int_200ms/v3_200_00281.avi,200,A,B,,-1.7619,-1.1838,-1.34,-1.4806,8,b,B,B
order_real,data/videos_v3/int_200ms/v3_200_00282.avi,200,0,0,-0.7393,-9.5201,-11.7623,-12.3248,-11.6529,8,b,No,No
order_rev,data/videos_v3/int_200ms/v3_200_00282.avi,200,0,0,-1.1521,-9.4915,-11.9759,-12.6009,-11.8665,8,b,No,No
order_forced,data/videos_v3/int_200ms/v3_200_00282.avi,200,0,1,0.6562,-0.4613,-1.1175,-3.7269,-6.0238,8,b,A,A
interval,data/videos_v3/int_200ms/v3_200_00282.avi,200,A,C,,-1.7108,-1.2108,-1.2108,-1.6326,8,b,C,C
order_real,data/videos_v3/int_200ms/v3_200_00283.avi,200,1,0,-0.4704,-9.3738,-11.7254,-12.3738,-11.6316,8,a,No,No
order_rev,data/videos_v3/int_200ms/v3_200_00283.avi,200,1,0,-0.654,-9.1377,-11.9189,-12.3799,-11.6689,8,a,No,No
order_forced,data/videos_v3/int_200ms/v3_200_00283.avi,200,1,1,0.4062,-0.5438,-0.95,-3.9188,-5.3875,8,a,A,A
interval,data/videos_v3/int_200ms/v3_200_00283.avi,200,A,C,,-1.7404,-1.2872,-1.2404,-1.506,8,a,C,C
order_real,data/videos_v3/int_200ms/v3_200_00284.avi,200,0,0,-0.8864,-9.4858,-11.7358,-12.3061,-11.6108,8,a,No,No
order_rev,data/videos_v3/int_200ms/v3_200_00284.avi,200,0,0,-1.5652,-9.6442,-12.2849,-12.8317,-11.9255,8,a,No,No
order_forced,data/videos_v3/int_200ms/v3_200_00284.avi,200,0,1,0.5,-0.5156,-1.0156,-3.5625,-5.7656,8,a,A,A
interval,data/videos_v3/int_200ms/v3_200_00284.avi,200,A,B,,-1.713,-1.1974,-1.3692,-1.463,8,a,B,B
order_real,data/videos_v3/int_200ms/v3_200_00285.avi,200,0,0,-1.0284,-9.3845,-11.783,-12.5408,-11.6111,8,a,No,No
order_rev,data/videos_v3/int_200ms/v3_200_00285.avi,200,0,0,-0.8846,-9.2389,-11.9498,-12.6373,-11.6217,8,a,No,No
order_forced,data/videos_v3/int_200ms/v3_200_00285.avi,200,0,1,0.5469,-0.4993,-1.0462,-3.8118,-5.718,8,a,A,A
interval,data/videos_v3/int_200ms/v3_200_00285.avi,200,A,B,,-1.4986,-1.2955,-1.358,-1.5767,8,a,B,B
order_real,data/videos_v3/int_200ms/v3_200_00286.avi,200,1,0,-1.2921,-9.4179,-11.707,-12.5351,-11.6054,8,b,No,No
order_rev,data/videos_v3/int_200ms/v3_200_00286.avi,200,1,0,-0.9547,-9.2155,-11.8873,-12.4577,-11.6608,8,b,No,No
order_forced,data/videos_v3/int_200ms/v3_200_00286.avi,200,1,1,0.5625,-0.4902,-1.0527,-3.8652,-5.7089,8,b,A,A
interval,data/videos_v3/int_200ms/v3_200_00286.avi,200,A,B,,-1.6664,-1.182,-1.4008,-1.5414,8,b,B,B
order_real,data/videos_v3/int_200ms/v3_200_00287.avi,200,0,0,-0.918,-9.3796,-11.6843,-12.1374,-11.5984,8,a,No,No
order_rev,data/videos_v3/int_200ms/v3_200_00287.avi,200,0,0,-0.6465,-8.9673,-11.4985,-11.7798,-11.3813,8,a,No,No
order_forced,data/videos_v3/int_200ms/v3_200_00287.avi,200,0,1,0.5938,-0.4932,-1.087,-3.2745,-5.6651,8,a,A,A
interval,data/videos_v3/int_200ms/v3_200_00287.avi,200,A,B,,-1.5123,-1.2935,-1.3248,-1.606,8,a,B,B
order_real,data/videos_v3/int_200ms/v3_200_00288.avi,200,1,0,-1.0597,-9.6499,-11.7046,-12.6187,-11.8296,8,a,No,No
order_rev,data/videos_v3/int_200ms/v3_200_00288.avi,200,1,0,-0.9294,-9.4131,-11.8741,-12.7178,-11.7881,8,a,No,No
order_forced,data/videos_v3/int_200ms/v3_200_00288.avi,200,1,1,0.5469,-0.5152,-1.0621,-3.6246,-5.9684,8,a,A,A
interval,data/videos_v3/int_200ms/v3_200_00288.avi,200,A,B,,-1.7093,-1.2405,-1.3186,-1.428,8,a,B,B
order_real,data/videos_v3/int_200ms/v3_200_00289.avi,200,0,0,-0.5968,-9.3326,-11.606,-12.5591,-11.5279,8,a,No,No
order_rev,data/videos_v3/int_200ms/v3_200_00289.avi,200,0,0,-0.6919,-9.0336,-11.3696,-12.4321,-11.3461,8,a,No,No
order_forced,data/videos_v3/int_200ms/v3_200_00289.avi,200,0,1,0.375,-0.5679,-0.9429,-4.4117,-5.7554,8,a,A,A
interval,data/videos_v3/int_200ms/v3_200_00289.avi,200,A,B,,-1.6408,-1.2189,-1.3126,-1.5314,8,a,B,B
order_real,data/videos_v3/int_200ms/v3_200_00290.avi,200,1,0,-1.1431,-9.3188,-11.6156,-12.3969,-11.475,8,a,No,No
order_rev,data/videos_v3/int_200ms/v3_200_00290.avi,200,1,0,-1.0658,-9.1065,-11.8019,-12.505,-11.4815,8,a,No,No
order_forced,data/videos_v3/int_200ms/v3_200_00290.avi,200,1,1,0.5,-0.5241,-1.0241,-3.7741,-5.946,8,a,A,A
interval,data/videos_v3/int_200ms/v3_200_00290.avi,200,A,B,,-1.6155,-1.2561,-1.3186,-1.5686,8,a,B,B
order_real,data/videos_v3/int_200ms/v3_200_00291.avi,200,0,0,-0.89,-9.3952,-11.692,-12.067,-11.5045,8,b,No,No
order_rev,data/videos_v3/int_200ms/v3_200_00291.avi,200,0,0,-0.8069,-9.2521,-11.9552,-12.1427,-11.6818,8,b,No,No
order_forced,data/videos_v3/int_200ms/v3_200_00291.avi,200,0,1,0.375,-0.5845,-0.9595,-3.1313,-6.1938,8,b,A,A
interval,data/videos_v3/int_200ms/v3_200_00291.avi,200,A,B,,-1.5653,-1.2684,-1.3465,-1.5028,8,b,B,B
order_real,data/videos_v3/int_200ms/v3_200_00292.avi,200,0,0,-0.6184,-9.3046,-11.7343,-12.3827,-11.6093,8,a,No,No
order_rev,data/videos_v3/int_200ms/v3_200_00292.avi,200,0,0,-0.5832,-9.3338,-12.0603,-12.6463,-11.7947,8,a,No,No
order_forced,data/videos_v3/int_200ms/v3_200_00292.avi,200,0,1,0.5781,-0.4798,-1.0579,-3.9329,-5.7923,8,a,A,A
interval,data/videos_v3/int_200ms/v3_200_00292.avi,200,A,B,,-1.6593,-1.2218,-1.3937,-1.5343,8,a,B,B
order_real,data/videos_v3/int_200ms/v3_200_00293.avi,200,1,0,-1.255,-9.574,-11.8005,-12.3161,-11.7536,8,b,No,No
order_rev,data/videos_v3/int_200ms/v3_200_00293.avi,200,1,0,-1.936,-9.9239,-12.6739,-13.1348,-12.2364,8,b,No,No
order_forced,data/videos_v3/int_200ms/v3_200_00293.avi,200,1,1,0.375,-0.5744,-0.9494,-3.3869,-6.3556,8,b,A,A
interval,data/videos_v3/int_200ms/v3_200_00293.avi,200,A,B,,-1.6181,-1.165,-1.3838,-1.5556,8,b,B,B
order_real,data/videos_v3/int_200ms/v3_200_00294.avi,200,1,0,-0.4898,-9.2226,-11.5507,-12.3944,-11.4179,8,b,No,No
order_rev,data/videos_v3/int_200ms/v3_200_00294.avi,200,1,0,-0.5428,-9.3061,-12.0405,-12.6655,-11.728,8,b,No,No.
order_forced,data/videos_v3/int_200ms/v3_200_00294.avi,200,1,1,0.3125,-0.5887,-0.9012,-3.7605,-5.448,8,b,A,A
interval,data/videos_v3/int_200ms/v3_200_00294.avi,200,A,B,,-1.6427,-1.2677,-1.3614,-1.5802,8,b,B,B
order_real,data/videos_v3/int_200ms/v3_200_00295.avi,200,1,0,-0.6155,-9.2134,-11.3853,-11.9556,-11.4244,8,a,No,No
order_rev,data/videos_v3/int_200ms/v3_200_00295.avi,200,1,0,-0.4913,-9.0691,-11.4832,-12.2878,-11.3894,8,a,No,No
order_forced,data/videos_v3/int_200ms/v3_200_00295.avi,200,1,1,0.5625,-0.5008,-1.0633,-3.7508,-6.1258,8,a,A,A
interval,data/videos_v3/int_200ms/v3_200_00295.avi,200,A,B,,-1.5536,-1.3036,-1.3505,-1.4911,8,a,B,B
order_real,data/videos_v3/int_200ms/v3_200_00296.avi,200,0,0,-0.4757,-9.5131,-11.3803,-12.1693,-11.6537,8,a,No,No
order_rev,data/videos_v3/int_200ms/v3_200_00296.avi,200,0,0,-0.7737,-9.4307,-11.7276,-12.3838,-11.8057,8,a,No,No
order_forced,data/videos_v3/int_200ms/v3_200_00296.avi,200,0,1,0.4218,-0.55,-0.9718,-3.7062,-6.4718,8,a,A,A
interval,data/videos_v3/int_200ms/v3_200_00296.avi,200,A,B,,-1.6153,-1.2247,-1.3653,-1.4903,8,a,B,B
order_real,data/videos_v3/int_200ms/v3_200_00297.avi,200,0,0,-0.6782,-9.481,-11.731,-12.2154,-11.6763,8,a,No,No
order_rev,data/videos_v3/int_200ms/v3_200_00297.avi,200,0,0,-1.0842,-9.4494,-12.176,-12.4416,-11.8322,8,a,No,No
order_forced,data/videos_v3/int_200ms/v3_200_00297.avi,200,0,1,0.5469,-0.5016,-1.0485,-3.4079,-5.9235,8,a,A,A
interval,data/videos_v3/int_200ms/v3_200_00297.avi,200,A,B,,-1.5293,-1.2168,-1.4356,-1.6231,8,a,B,B
order_real,data/videos_v3/int_200ms/v3_200_00298.avi,200,1,0,-0.832,-9.1939,-11.4439,-12.2017,-11.3032,8,a,No,No
order_rev,data/videos_v3/int_200ms/v3_200_00298.avi,200,1,0,-1.1387,-9.1759,-11.7618,-12.2618,-11.5509,8,a,No,No
order_forced,data/videos_v3/int_200ms/v3_200_00298.avi,200,1,1,0.3593,-0.5635,-0.9228,-4.4697,-5.6728,8,a,A,A
interval,data/videos_v3/int_200ms/v3_200_00298.avi,200,A,B,,-1.6165,-1.2103,-1.3197,-1.5697,8,a,B,B
order_real,data/videos_v3/int_200ms/v3_200_00299.avi,200,1,0,-0.9438,-9.382,-11.7492,-12.2414,-11.6945,8,a,No,No
order_rev,data/videos_v3/int_200ms/v3_200_00299.avi,200,1,0,-0.5555,-9.1229,-11.7479,-12.1932,-11.5916,8,a,No,No
order_forced,data/videos_v3/int_200ms/v3_200_00299.avi,200,1,1,0.4062,-0.5642,-0.9704,-3.2673,-5.7517,8,a,A,A
interval,data/videos_v3/int_200ms/v3_200_00299.avi,200,A,B,,-1.5387,-1.2418,-1.3668,-1.6168,8,a,B,B
order_real,data/videos_v3/int_333ms/v3_333_00300.avi,333,1,0,-0.8392,-9.2779,-11.5045,-12.3795,-11.4185,8,b,No,No
order_rev,data/videos_v3/int_333ms/v3_333_00300.avi,333,1,0,-0.5867,-9.1525,-11.5588,-12.465,-11.3166,8,b,No,No
order_forced,data/videos_v3/int_333ms/v3_333_00300.avi,333,1,1,0.4844,-0.5117,-0.9961,-3.9648,-5.1211,8,b,A,A
interval,data/videos_v3/int_333ms/v3_333_00300.avi,333,A,C,,-1.6337,-1.3212,-1.2274,-1.5399,8,b,C,C
order_32f,data/videos_v3/int_333ms/v3_333_00300.avi,333,1,0,-0.7656,-8.8623,-11.6514,-12.3467,-11.6514,32,b,No,No.
moved_real,data/videos_v3/int_333ms/v3_333_00300.avi,333,1,0,-1.6812,-9.5845,-13.0298,-13.1079,-12.2485,8,b,No,No.
moved_twin,data/twin_v3/v3_333_00300.avi,333,0,0,-2.1369,-9.7069,-13.1991,-13.1913,-12.2147,8,b,No,No.
still_real,data/videos_v3/int_333ms/v3_333_00300.avi,333,0,1,0.4856,-9.6678,-10.4022,-12.41,-11.4881,8,b,Yes,"Yes, both shapes, the triangles"
still_twin,data/twin_v3/v3_333_00300.avi,333,1,1,0.6132,-9.6577,-10.6577,-12.3452,-11.5405,8,b,Yes,"Yes, both shapes stayed still the whole"
order_twin,data/twin_v3/v3_333_00300.avi,333,-1,0,-1.0033,-9.2573,-11.4526,-12.3354,-11.3198,8,b,No,No
moved_solo_hit,data/videos_v3/int_333ms/v3_333_00300_solob.avi,333,1,0,-1.6622,-9.5686,-13.0139,-13.1077,-12.2405,8,b,No,No.
moved_solo_fa,data/videos_v3/int_333ms/v3_333_00300_soloa.avi,333,0,0,-2.3249,-9.9,-13.4313,-13.4156,-12.4547,8,b,No,No.
order_real,data/videos_v3/int_333ms/v3_333_00301.avi,333,0,0,-0.6847,-9.4127,-11.444,-12.3268,-11.5065,8,a,No,No
order_rev,data/videos_v3/int_333ms/v3_333_00301.avi,333,0,0,-0.6634,-9.3083,-11.6599,-12.5427,-11.6833,8,a,No,No
order_forced,data/videos_v3/int_333ms/v3_333_00301.avi,333,0,1,0.5,-0.5045,-1.0045,-4.0827,-5.6295,8,a,A,A
interval,data/videos_v3/int_333ms/v3_333_00301.avi,333,A,B,,-1.7635,-1.201,-1.2479,-1.5292,8,a,B,B
order_32f,data/videos_v3/int_333ms/v3_333_00301.avi,333,0,0,-0.5901,-8.9112,-11.5753,-12.3018,-11.6925,32,a,No,No.
moved_real,data/videos_v3/int_333ms/v3_333_00301.avi,333,1,0,-1.2753,-9.612,-12.5261,-12.9011,-12.1823,8,a,No,No.
moved_twin,data/twin_v3/v3_333_00301.avi,333,0,0,-1.0508,-9.3699,-12.2839,-12.5183,-11.8308,8,a,No,No.
still_real,data/videos_v3/int_333ms/v3_333_00301.avi,333,0,1,0.3179,-9.7542,-10.4574,-12.6292,-11.7621,8,a,Yes,"Yes, both shapes stayed still the whole"
still_twin,data/twin_v3/v3_333_00301.avi,333,1,1,0.1464,-9.6331,-10.4846,-12.469,-11.6565,8,a,Yes,"Yes, both shapes stayed still the whole"
order_twin,data/twin_v3/v3_333_00301.avi,333,-1,0,-0.6044,-9.3123,-11.3513,-12.1482,-11.4138,8,a,No,No
moved_solo_hit,data/videos_v3/int_333ms/v3_333_00301_soloa.avi,333,1,0,-1.1753,-9.5681,-12.4978,-12.8337,-12.0993,8,a,No,No.
moved_solo_fa,data/videos_v3/int_333ms/v3_333_00301_solob.avi,333,0,0,-1.2057,-9.4315,-12.3925,-12.6268,-11.9472,8,a,No,No.
order_real,data/videos_v3/int_333ms/v3_333_00302.avi,333,0,0,-1.2705,-9.5732,-11.8622,-12.7451,-11.7919,8,a,No,No
order_rev,data/videos_v3/int_333ms/v3_333_00302.avi,333,0,0,-1.1692,-9.2998,-11.7686,-12.7607,-11.5889,8,a,No,No
order_forced,data/videos_v3/int_333ms/v3_333_00302.avi,333,0,1,0.3906,-0.5613,-0.9519,-3.8582,-5.8113,8,a,A,A
interval,data/videos_v3/int_333ms/v3_333_00302.avi,333,A,B,,-1.5262,-1.2293,-1.3543,-1.6355,8,a,B,B
order_32f,data/videos_v3/int_333ms/v3_333_00302.avi,333,0,0,-1.1081,-9.1518,-11.9643,-12.6675,-12.0346,32,a,No,No.
moved_real,data/videos_v3/int_333ms/v3_333_00302.avi,333,1,0,-2.4024,-10.0486,-13.5173,-13.572,-12.7517,8,a,No,No.
moved_twin,data/twin_v3/v3_333_00302.avi,333,0,0,-2.5011,-10.162,-13.7245,-13.7557,-12.8416,8,a,No,No.
still_real,data/videos_v3/int_333ms/v3_333_00302.avi,333,0,1,1.18,-9.9182,-10.301,-12.5979,-11.8323,8,a,Yes,"Yes, both shapes, the blue triangle"
still_twin,data/twin_v3/v3_333_00302.avi,333,1,1,1.0179,-9.8947,-10.4338,-12.6291,-11.8088,8,a,Yes,"Yes, both shapes, the blue triangle"
order_twin,data/twin_v3/v3_333_00302.avi,333,-1,0,-1.2849,-9.6063,-11.9735,-12.8173,-11.8173,8,a,No,No
moved_solo_hit,data/videos_v3/int_333ms/v3_333_00302_soloa.avi,333,1,0,-2.5189,-10.1553,-13.6865,-13.7022,-12.8272,8,a,No,No.
moved_solo_fa,data/videos_v3/int_333ms/v3_333_00302_solob.avi,333,0,0,-2.4188,-10.1176,-13.6176,-13.6645,-12.7973,8,a,No,No.
order_real,data/videos_v3/int_333ms/v3_333_00303.avi,333,0,0,-1.0519,-9.5296,-11.8109,-12.6624,-11.6624,8,a,No,No
order_rev,data/videos_v3/int_333ms/v3_333_00303.avi,333,0,0,-0.9631,-9.2146,-11.5661,-12.6286,-11.4099,8,a,No,No
order_forced,data/videos_v3/int_333ms/v3_333_00303.avi,333,0,1,0.4219,-0.5536,-0.9755,-4.3974,-5.8974,8,a,A,A
interval,data/videos_v3/int_333ms/v3_333_00303.avi,333,A,B,,-1.6377,-1.2159,-1.3409,-1.5127,8,a,B,B
order_32f,data/videos_v3/int_333ms/v3_333_00303.avi,333,0,0,-1.0518,-9.1259,-11.6806,-12.5322,-11.9384,32,a,No,No.
moved_real,data/videos_v3/int_333ms/v3_333_00303.avi,333,1,0,-2.2941,-9.9021,-13.4021,-13.4255,-12.5896,8,a,No,No.
moved_twin,data/twin_v3/v3_333_00303.avi,333,0,0,-2.1798,-9.7962,-13.2337,-13.3353,-12.4447,8,a,No,No.
still_real,data/videos_v3/int_333ms/v3_333_00303.avi,333,0,1,0.6217,-9.6877,-10.219,-12.3205,-11.6018,8,a,Yes,"Yes, both shapes stayed still the whole"
still_twin,data/twin_v3/v3_333_00303.avi,333,1,1,0.3758,-9.5666,-10.3009,-12.3088,-11.4572,8,a,Yes,"Yes, both shapes stayed still the whole"
order_twin,data/twin_v3/v3_333_00303.avi,333,-1,0,-0.9557,-9.4373,-11.7498,-12.617,-11.6014,8,a,No,No
moved_solo_hit,data/videos_v3/int_333ms/v3_333_00303_soloa.avi,333,1,0,-2.2666,-9.8467,-13.3232,-13.3857,-12.5264,8,a,No,No.
moved_solo_fa,data/videos_v3/int_333ms/v3_333_00303_solob.avi,333,0,0,-2.171,-9.9081,-13.3612,-13.4237,-12.5956,8,a,No,No.
order_real,data/videos_v3/int_333ms/v3_333_00304.avi,333,0,0,-0.8027,-9.274,-11.5396,-12.2349,-11.5865,8,a,No,No
order_rev,data/videos_v3/int_333ms/v3_333_00304.avi,333,0,0,-0.6852,-9.3379,-12.0254,-12.7207,-11.7676,8,a,No,No
order_forced,data/videos_v3/int_333ms/v3_333_00304.avi,333,0,1,0.4375,-0.5473,-0.9848,-3.6098,-5.8286,8,a,A,A
interval,data/videos_v3/int_333ms/v3_333_00304.avi,333,A,B,,-1.6171,-1.2421,-1.3671,-1.539,8,a,B,B
order_32f,data/videos_v3/int_333ms/v3_333_00304.avi,333,0,0,-0.5369,-8.9571,-11.9415,-12.3946,-11.9259,32,a,No,No.
moved_real,data/videos_v3/int_333ms/v3_333_00304.avi,333,1,0,-1.4931,-9.5949,-12.8839,-13.0011,-12.3293,8,a,No,No.
moved_twin,data/twin_v3/v3_333_00304.avi,333,0,0,-1.4386,-9.5931,-12.9213,-12.9916,-12.3041,8,a,No,No.
still_real,data/videos_v3/int_333ms/v3_333_00304.avi,333,0,0,-0.083,-9.903,-10.7936,-12.9577,-12.0827,8,a,No,"No, in this video, one of"
still_twin,data/twin_v3/v3_333_00304.avi,333,1,0,-0.1784,-9.8372,-10.8606,-12.8997,-12.0325,8,a,No,"No, in this video, one of"
order_twin,data/twin_v3/v3_333_00304.avi,333,-1,0,-0.7575,-9.283,-11.5798,-12.2361,-11.5955,8,a,No,No
moved_solo_hit,data/videos_v3/int_333ms/v3_333_00304_soloa.avi,333,1,0,-1.5859,-9.6678,-13.0116,-13.1053,-12.3788,8,a,No,No.
moved_solo_fa,data/videos_v3/int_333ms/v3_333_00304_solob.avi,333,0,0,-1.5544,-9.6394,-12.9831,-13.0847,-12.3738,8,a,No,No.
order_real,data/videos_v3/int_333ms/v3_333_00305.avi,333,1,0,-1.0047,-9.6423,-11.7907,-12.2907,-11.9079,8,a,No,No
order_rev,data/videos_v3/int_333ms/v3_333_00305.avi,333,1,0,-0.8083,-9.6268,-12.0174,-12.533,-12.0252,8,a,No,No
order_forced,data/videos_v3/int_333ms/v3_333_00305.avi,333,1,1,0.4531,-0.5456,-0.9987,-3.2643,-5.905,8,a,A,A
interval,data/videos_v3/int_333ms/v3_333_00305.avi,333,A,B,,-1.5601,-1.2632,-1.3413,-1.5288,8,a,B,B
order_32f,data/videos_v3/int_333ms/v3_333_00305.avi,333,1,0,-0.7691,-9.1599,-11.9568,-12.1208,-12.1755,32,a,No,No.
moved_real,data/videos_v3/int_333ms/v3_333_00305.avi,333,1,0,-1.9263,-10.0765,-13.2327,-12.8968,-12.7874,8,a,No,No.
moved_twin,data/twin_v3/v3_333_00305.avi,333,0,0,-1.7159,-9.929,-13.1322,-12.7103,-12.6322,8,a,No,No.
still_real,data/videos_v3/int_333ms/v3_333_00305.avi,333,0,1,0.8107,-10.0461,-10.7883,-12.9914,-12.2414,8,a,Yes,"Yes, both shapes stayed still the whole"
still_twin,data/twin_v3/v3_333_00305.avi,333,1,1,0.7329,-9.9572,-10.7775,-12.9337,-12.1759,8,a,Yes,"Yes, both shapes stayed still the whole"
order_twin,data/twin_v3/v3_333_00305.avi,333,-1,0,-0.9256,-9.6003,-11.78,-12.2097,-11.866,8,a,No,No
moved_solo_hit,data/videos_v3/int_333ms/v3_333_00305_soloa.avi,333,1,0,-1.6207,-9.8664,-12.9914,-12.632,-12.5617,8,a,No,No.
moved_solo_fa,data/videos_v3/int_333ms/v3_333_00305_solob.avi,333,0,0,-1.8409,-10.0277,-13.2543,-12.8324,-12.7621,8,a,No,No.
order_real,data/videos_v3/int_333ms/v3_333_00306.avi,333,0,0,-0.7894,-9.2843,-11.7218,-12.0656,-11.714,8,b,No,No
order_rev,data/videos_v3/int_333ms/v3_333_00306.avi,333,0,0,-0.5922,-9.1658,-11.6502,-12.3533,-11.533,8,b,No,No
order_forced,data/videos_v3/int_333ms/v3_333_00306.avi,333,0,1,0.5,-0.5177,-1.0177,-3.4552,-6.0646,8,b,A,A
interval,data/videos_v3/int_333ms/v3_333_00306.avi,333,A,B,,-1.6475,-1.21,-1.3662,-1.5537,8,b,B,B
order_32f,data/videos_v3/int_333ms/v3_333_00306.avi,333,0,0,-0.3746,-8.9604,-12.0463,-11.8666,-12.0776,32,b,No,No.
moved_real,data/videos_v3/int_333ms/v3_333_00306.avi,333,1,0,-1.3295,-9.6197,-12.9557,-12.5807,-12.401,8,b,No,No.
moved_twin,data/twin_v3/v3_333_00306.avi,333,0,0,-1.4995,-9.7602,-13.1118,-12.6977,-12.518,8,b,No,No.
still_real,data/videos_v3/int_333ms/v3_333_00306.avi,333,0,1,0.0173,-9.7257,-10.5382,-12.8195,-11.8741,8,b,Yes,"Yes, both shapes stayed still the whole"
still_twin,data/twin_v3/v3_333_00306.avi,333,1,1,0.0514,-9.774,-10.7194,-12.8209,-11.8912,8,b,Yes,"Yes, both shapes stayed still the whole"
order_twin,data/twin_v3/v3_333_00306.avi,333,-1,0,-0.8343,-9.3897,-11.8819,-12.1788,-11.8272,8,b,No,No
moved_solo_hit,data/videos_v3/int_333ms/v3_333_00306_solob.avi,333,1,0,-1.5555,-9.7083,-13.0989,-12.6458,-12.5208,8,b,No,No.
moved_solo_fa,data/videos_v3/int_333ms/v3_333_00306_soloa.avi,333,0,0,-1.2746,-9.6074,-12.9512,-12.5684,-12.4199,8,b,No,No.
order_real,data/videos_v3/int_333ms/v3_333_00307.avi,333,0,0,-1.2435,-9.3102,-11.6227,-12.4587,-11.4977,8,a,No,No
order_rev,data/videos_v3/int_333ms/v3_333_00307.avi,333,0,0,-1.3622,-9.2754,-12.0958,-12.6426,-11.5958,8,a,No,No
order_forced,data/videos_v3/int_333ms/v3_333_00307.avi,333,0,1,0.25,-0.6124,-0.8624,-4.3467,-5.8624,8,a,A,A
interval,data/videos_v3/int_333ms/v3_333_00307.avi,333,A,B,,-1.4958,-1.2458,-1.4177,-1.5583,8,a,B,B
order_32f,data/videos_v3/int_333ms/v3_333_00307.avi,333,0,0,-1.0426,-8.8315,-11.7065,-12.3784,-11.7612,32,a,No,No.
moved_real,data/videos_v3/int_333ms/v3_333_00307.avi,333,1,0,-2.4131,-10.1886,-13.6495,-13.8136,-12.8917,8,a,No,No.
moved_twin,data/twin_v3/v3_333_00307.avi,333,0,0,-2.1918,-9.9021,-13.4256,-13.5349,-12.6677,8,a,No,No.
still_real,data/videos_v3/int_333ms/v3_333_00307.avi,333,0,1,0.9954,-9.7271,-10.3989,-12.5474,-11.8208,8,a,Yes,"Yes, both shapes stayed still the whole"
still_twin,data/twin_v3/v3_333_00307.avi,333,1,1,0.6094,-9.5987,-10.8253,-12.4269,-11.7472,8,a,Yes,"Yes, both shapes stayed still the whole"
order_twin,data/twin_v3/v3_333_00307.avi,333,-1,0,-1.0642,-9.222,-11.6361,-12.3626,-11.4642,8,a,No,No
moved_solo_hit,data/videos_v3/int_333ms/v3_333_00307_soloa.avi,333,1,0,-2.2876,-10.0126,-13.4266,-13.5829,-12.7313,8,a,No,No.
moved_solo_fa,data/videos_v3/int_333ms/v3_333_00307_solob.avi,333,0,0,-2.1853,-9.997,-13.4814,-13.6767,-12.7548,8,a,No,No.
order_real,data/videos_v3/int_333ms/v3_333_00308.avi,333,0,0,-0.9686,-9.3457,-11.7519,-12.4785,-11.6582,8,a,No,No
order_rev,data/videos_v3/int_333ms/v3_333_00308.avi,333,0,0,-1.0707,-9.189,-11.7828,-12.4312,-11.5093,8,a,No,No
order_forced,data/videos_v3/int_333ms/v3_333_00308.avi,333,0,1,0.375,-0.5598,-0.9348,-4.0442,-5.4817,8,a,A,A
interval,data/videos_v3/int_333ms/v3_333_00308.avi,333,A,B,,-1.6896,-1.2364,-1.3146,-1.5333,8,a,B,B
order_32f,data/videos_v3/int_333ms/v3_333_00308.avi,333,0,0,-0.7727,-8.593,-11.6399,-12.1243,-11.6555,32,a,No,No.
moved_real,data/videos_v3/int_333ms/v3_333_00308.avi,333,1,0,-2.0036,-9.6991,-13.1445,-13.3398,-12.4648,8,a,No,No.
moved_twin,data/twin_v3/v3_333_00308.avi,333,0,0,-1.8485,-9.5666,-12.965,-13.1603,-12.3244,8,a,No,No.
still_real,data/videos_v3/int_333ms/v3_333_00308.avi,333,0,0,-0.2109,-9.6607,-10.7076,-12.6997,-11.7544,8,a,No,"No, in the video, one of"
still_twin,data/twin_v3/v3_333_00308.avi,333,1,0,-0.2544,-9.5664,-10.8711,-12.6133,-11.6914,8,a,No,No.
order_twin,data/twin_v3/v3_333_00308.avi,333,-1,0,-0.9365,-9.3896,-11.7646,-12.499,-11.6787,8,a,No,No
moved_solo_hit,data/videos_v3/int_333ms/v3_333_00308_soloa.avi,333,1,0,-1.877,-9.59,-13.0197,-13.2307,-12.3947,8,a,No,No.
moved_solo_fa,data/videos_v3/int_333ms/v3_333_00308_solob.avi,333,0,0,-1.9289,-9.7095,-13.1001,-13.3033,-12.4204,8,a,No,No.
order_real,data/videos_v3/int_333ms/v3_333_00309.avi,333,1,0,-0.7624,-9.4038,-11.7241,-12.1225,-11.6538,8,a,No,No
order_rev,data/videos_v3/int_333ms/v3_333_00309.avi,333,1,0,-0.4365,-8.9894,-11.5597,-11.755,-11.505,8,a,No,No
order_forced,data/videos_v3/int_333ms/v3_333_00309.avi,333,1,1,0.5,-0.5422,-1.0422,-3.2297,-5.7297,8,a,A,A
interval,data/videos_v3/int_333ms/v3_333_00309.avi,333,A,B,,-1.5403,-1.2435,-1.3528,-1.5403,8,a,B,B
order_32f,data/videos_v3/int_333ms/v3_333_00309.avi,333,1,0,-0.5507,-8.8725,-12.0209,-11.9819,-12.0991,32,a,No,No.
moved_real,data/videos_v3/int_333ms/v3_333_00309.avi,333,1,0,-1.4947,-9.4061,-12.7577,-12.8983,-12.0858,8,a,No,No.
moved_twin,data/twin_v3/v3_333_00309.avi,333,0,0,-1.4455,-9.4411,-12.7926,-12.9489,-12.0973,8,a,No,No.
still_real,data/videos_v3/int_333ms/v3_333_00309.avi,333,0,1,0.2915,-9.699,-10.2927,-12.5427,-11.6912,8,a,Yes,"Yes, both shapes, the circle and"
still_twin,data/twin_v3/v3_333_00309.avi,333,1,1,0.2662,-9.7205,-10.4236,-12.5955,-11.7283,8,a,Yes,"Yes, both shapes, the blue circle"
order_twin,data/twin_v3/v3_333_00309.avi,333,-1,0,-0.6623,-9.4452,-11.8046,-12.2733,-11.7421,8,a,No,No
moved_solo_hit,data/videos_v3/int_333ms/v3_333_00309_soloa.avi,333,1,0,-1.6805,-9.5145,-12.9207,-12.9989,-12.1864,8,a,No,No.
moved_solo_fa,data/videos_v3/int_333ms/v3_333_00309_solob.avi,333,0,0,-1.4021,-9.4374,-12.7499,-12.9218,-12.0937,8,a,No,No.
order_real,data/videos_v3/int_333ms/v3_333_00310.avi,333,0,0,-1.014,-9.419,-11.6534,-12.0206,-11.7237,8,a,No,No
order_rev,data/videos_v3/int_333ms/v3_333_00310.avi,333,0,0,-1.1839,-9.3869,-12.09,-12.4494,-11.8322,8,a,No,No
order_forced,data/videos_v3/int_333ms/v3_333_00310.avi,333,0,1,0.4063,-0.5748,-0.9811,-3.1373,-6.1373,8,a,A,A
interval,data/videos_v3/int_333ms/v3_333_00310.avi,333,A,B,,-1.7014,-1.2327,-1.3421,-1.4827,8,a,B,B
order_32f,data/videos_v3/int_333ms/v3_333_00310.avi,333,0,0,-0.7362,-8.9957,-11.8551,-12.0114,-12.0035,32,a,No,No.
moved_real,data/videos_v3/int_333ms/v3_333_00310.avi,333,1,0,-2.0172,-9.8035,-13.0144,-13.0613,-12.5144,8,a,No,No.
moved_twin,data/twin_v3/v3_333_00310.avi,333,0,0,-2.046,-9.8748,-13.078,-13.1483,-12.5858,8,a,No,No.
still_real,data/videos_v3/int_333ms/v3_333_00310.avi,333,0,1,0.1913,-9.797,-10.6095,-12.797,-12.0314,8,a,Yes,"Yes, both shapes stayed still the whole"
still_twin,data/twin_v3/v3_333_00310.avi,333,1,1,0.3206,-9.8064,-10.5017,-12.8064,-12.0408,8,a,Yes,"Yes, both shapes stayed still the whole"
order_twin,data/twin_v3/v3_333_00310.avi,333,-1,0,-1.0308,-9.3952,-11.614,-11.9968,-11.7312,8,a,No,No
moved_solo_hit,data/videos_v3/int_333ms/v3_333_00310_soloa.avi,333,1,0,-1.9884,-9.8389,-13.0186,-13.0967,-12.5499,8,a,No,No.
moved_solo_fa,data/videos_v3/int_333ms/v3_333_00310_solob.avi,333,0,0,-2.0588,-9.8109,-13.0375,-13.0765,-12.514,8,a,No,No.
order_real,data/videos_v3/int_333ms/v3_333_00311.avi,333,0,0,-0.6652,-9.2784,-11.6299,-12.1377,-11.5987,8,a,No,No
order_rev,data/videos_v3/int_333ms/v3_333_00311.avi,333,0,0,-0.6488,-8.9206,-11.4597,-12.2175,-11.4362,8,a,No,No
order_forced,data/videos_v3/int_333ms/v3_333_00311.avi,333,0,1,0.5625,-0.4824,-1.0449,-4.123,-5.9511,8,a,A,A
interval,data/videos_v3/int_333ms/v3_333_00311.avi,333,A,B,,-1.6126,-1.2376,-1.347,-1.5033,8,a,B,B
order_32f,data/videos_v3/int_333ms/v3_333_00311.avi,333,0,0,-0.7085,-8.8841,-11.9076,-12.181,-11.892,32,a,No,No.
moved_real,data/videos_v3/int_333ms/v3_333_00311.avi,333,1,0,-1.0917,-9.3099,-12.6146,-12.4661,-12.0052,8,a,No,No.
moved_twin,data/twin_v3/v3_333_00311.avi,333,0,0,-1.2348,-9.4186,-12.8483,-12.653,-12.1217,8,a,No,No.
still_real,data/videos_v3/int_333ms/v3_333_00311.avi,333,0,1,0.1414,-9.5192,-10.1364,-12.4176,-11.5895,8,a,Yes,"Yes, both shapes stayed still the whole"
still_twin,data/twin_v3/v3_333_00311.avi,333,1,1,0.1275,-9.4495,-10.5354,-12.3245,-11.5042,8,a,Yes,"Yes, both shapes, the triangle and"
order_twin,data/twin_v3/v3_333_00311.avi,333,-1,0,-0.6475,-9.276,-11.6588,-12.0963,-11.6041,8,a,No,No
moved_solo_hit,data/videos_v3/int_333ms/v3_333_00311_soloa.avi,333,1,0,-1.3647,-9.5304,-12.9366,-12.7491,-12.1944,8,a,No,No.
moved_solo_fa,data/videos_v3/int_333ms/v3_333_00311_solob.avi,333,0,0,-0.9753,-9.2494,-12.5619,-12.4369,-12.0228,8,a,No,No.
order_real,data/videos_v3/int_333ms/v3_333_00312.avi,333,0,0,-1.1764,-9.427,-11.7395,-12.3332,-11.5598,8,b,No,No
order_rev,data/videos_v3/int_333ms/v3_333_00312.avi,333,0,0,-1.2143,-9.6948,-12.3588,-12.8432,-11.9057,8,b,No,No
order_forced,data/videos_v3/int_333ms/v3_333_00312.avi,333,0,1,0.3594,-0.5746,-0.934,-3.559,-5.9496,8,b,A,A
interval,data/videos_v3/int_333ms/v3_333_00312.avi,333,A,B,,-1.6133,-1.1289,-1.3945,-1.6289,8,b,B,B
order_32f,data/videos_v3/int_333ms/v3_333_00312.avi,333,0,0,-0.8401,-8.9835,-11.835,-12.3429,-11.7022,32,b,No,No.
moved_real,data/videos_v3/int_333ms/v3_333_00312.avi,333,1,0,-1.9632,-10.0474,-13.2662,-13.3599,-12.6724,8,b,No,No.
moved_twin,data/twin_v3/v3_333_00312.avi,333,0,0,-1.8252,-9.9754,-13.116,-13.2254,-12.5613,8,b,No,No.
still_real,data/videos_v3/int_333ms/v3_333_00312.avi,333,0,1,0.5971,-9.7573,-10.601,-12.6635,-11.8432,8,b,Yes,"Yes, both shapes stayed still the whole"
still_twin,data/twin_v3/v3_333_00312.avi,333,1,1,0.4627,-9.7241,-10.6772,-12.6616,-11.8491,8,b,Yes,"Yes, both shapes stayed still the whole"
order_twin,data/twin_v3/v3_333_00312.avi,333,-1,0,-1.104,-9.4169,-11.6982,-12.2919,-11.5888,8,b,No,No
moved_solo_hit,data/videos_v3/int_333ms/v3_333_00312_solob.avi,333,1,0,-2.0262,-10.1023,-13.2898,-13.3913,-12.7273,8,b,No,No.
moved_solo_fa,data/videos_v3/int_333ms/v3_333_00312_soloa.avi,333,0,0,-1.8711,-9.9538,-13.1804,-13.2663,-12.5788,8,b,No,No.
order_real,data/videos_v3/int_333ms/v3_333_00313.avi,333,1,0,-0.5445,-9.2875,-11.6704,-12.2016,-11.6235,8,a,No,No
order_rev,data/videos_v3/int_333ms/v3_333_00313.avi,333,1,0,-0.769,-9.1535,-11.7629,-12.0285,-11.6926,8,a,No,No
order_forced,data/videos_v3/int_333ms/v3_333_00313.avi,333,1,1,0.3594,-0.5751,-0.9345,-3.622,-5.4657,8,a,A,A
interval,data/videos_v3/int_333ms/v3_333_00313.avi,333,A,B,,-1.55,-1.2688,-1.3313,-1.6282,8,a,B,B
order_32f,data/videos_v3/int_333ms/v3_333_00313.avi,333,1,0,-0.4603,-8.9911,-11.9754,-12.1473,-12.0614,32,a,No,No.
moved_real,data/videos_v3/int_333ms/v3_333_00313.avi,333,1,0,-1.694,-9.7713,-12.9666,-13.2088,-12.3259,8,a,No,No.
moved_twin,data/twin_v3/v3_333_00313.avi,333,0,0,-1.4083,-9.6533,-12.8252,-13.1064,-12.1845,8,a,No,No.
still_real,data/videos_v3/int_333ms/v3_333_00313.avi,333,0,1,0.2505,-9.7821,-10.4306,-12.6728,-11.829,8,a,Yes,"Yes, both shapes stayed still the whole"
still_twin,data/twin_v3/v3_333_00313.avi,333,1,1,0.317,-9.794,-10.3487,-12.6925,-11.7862,8,a,Yes,"Yes, both shapes stayed still the whole"
order_twin,data/twin_v3/v3_333_00313.avi,333,-1,0,-0.4453,-9.3248,-11.7232,-12.2701,-11.6451,8,a,No,No
moved_solo_hit,data/videos_v3/int_333ms/v3_333_00313_soloa.avi,333,1,0,-1.5239,-9.6801,-12.8754,-13.1254,-12.2504,8,a,No,No.
moved_solo_fa,data/videos_v3/int_333ms/v3_333_00313_solob.avi,333,0,0,-1.4142,-9.6588,-12.7995,-13.0807,-12.1588,8,a,No,No.
order_real,data/videos_v3/int_333ms/v3_333_00314.avi,333,1,0,-1.1628,-9.5247,-11.7903,-12.2903,-11.6966,8,a,No,No
order_rev,data/videos_v3/int_333ms/v3_333_00314.avi,333,1,0,-1.0628,-9.4439,-12.0533,-12.4439,-11.7954,8,a,No,No
order_forced,data/videos_v3/int_333ms/v3_333_00314.avi,333,1,1,0.3281,-0.5851,-0.9132,-3.5539,-6.6007,8,a,A,A
interval,data/videos_v3/int_333ms/v3_333_00314.avi,333,A,B,,-1.5911,-1.1848,-1.4192,-1.5754,8,a,B,B
order_32f,data/videos_v3/int_333ms/v3_333_00314.avi,333,1,0,-0.8639,-8.9987,-11.7643,-11.944,-11.7878,32,a,No,No.
moved_real,data/videos_v3/int_333ms/v3_333_00314.avi,333,1,0,-1.857,-9.9245,-13.1354,-13.1432,-12.5495,8,a,No,No.
moved_twin,data/twin_v3/v3_333_00314.avi,333,0,0,-1.805,-9.7923,-13.0814,-13.0267,-12.4798,8,a,No,No.
still_real,data/videos_v3/int_333ms/v3_333_00314.avi,333,0,1,0.1774,-9.7413,-10.6241,-12.7803,-11.9366,8,a,Yes,"Yes, both shapes stayed still the whole"
still_twin,data/twin_v3/v3_333_00314.avi,333,1,1,0.2452,-9.7089,-10.5605,-12.7324,-11.9199,8,a,Yes,"Yes, both shapes stayed still the whole"
order_twin,data/twin_v3/v3_333_00314.avi,333,-1,0,-1.0541,-9.4366,-11.7648,-12.2023,-11.6632,8,a,No,No
moved_solo_hit,data/videos_v3/int_333ms/v3_333_00314_soloa.avi,333,1,0,-1.9317,-9.9876,-13.1986,-13.1986,-12.5892,8,a,No,No.
moved_solo_fa,data/videos_v3/int_333ms/v3_333_00314_solob.avi,333,0,0,-1.8058,-9.8176,-13.1067,-13.0833,-12.5286,8,a,No,No.
order_real,data/videos_v3/int_333ms/v3_333_00315.avi,333,1,0,-1.0685,-9.2512,-11.595,-12.4856,-11.5168,8,a,No,No
order_rev,data/videos_v3/int_333ms/v3_333_00315.avi,333,1,0,-1.7729,-9.5887,-12.4012,-12.9872,-11.8544,8,a,No,No
order_forced,data/videos_v3/int_333ms/v3_333_00315.avi,333,1,1,0.4219,-0.5378,-0.9597,-4.444,-5.7409,8,a,A,A
interval,data/videos_v3/int_333ms/v3_333_00315.avi,333,A,B,,-1.6432,-1.1901,-1.4245,-1.5026,8,a,B,B
order_32f,data/videos_v3/int_333ms/v3_333_00315.avi,333,1,0,-0.8199,-8.6971,-11.6502,-12.4783,-11.7517,32,a,No,No.
moved_real,data/videos_v3/int_333ms/v3_333_00315.avi,333,1,0,-2.1882,-10.0305,-13.4133,-13.6165,-12.7649,8,a,No,No.
moved_twin,data/twin_v3/v3_333_00315.avi,333,0,0,-2.12,-9.9554,-13.3694,-13.5647,-12.7132,8,a,No,No.
still_real,data/videos_v3/int_333ms/v3_333_00315.avi,333,0,1,0.6125,-9.769,-10.4565,-12.7143,-11.9096,8,a,Yes,"Yes, both shapes stayed still the whole"
still_twin,data/twin_v3/v3_333_00315.avi,333,1,1,0.5219,-9.7459,-10.449,-12.699,-11.9178,8,a,Yes,"Yes, both shapes stayed still the whole"
order_twin,data/twin_v3/v3_333_00315.avi,333,-1,0,-1.062,-9.2154,-11.5904,-12.4498,-11.5123,8,a,No,No
moved_solo_hit,data/videos_v3/int_333ms/v3_333_00315_soloa.avi,333,1,0,-2.2516,-10.0249,-13.4312,-13.6265,-12.7906,8,a,No,No.
moved_solo_fa,data/videos_v3/int_333ms/v3_333_00315_solob.avi,333,0,0,-2.1235,-10.0423,-13.4173,-13.6282,-12.7454,8,a,No,No.
order_real,data/videos_v3/int_333ms/v3_333_00316.avi,333,1,0,-0.4876,-9.1774,-11.193,-12.2711,-11.2946,8,b,No,No
order_rev,data/videos_v3/int_333ms/v3_333_00316.avi,333,1,0,-0.6487,-8.9564,-11.2533,-12.3158,-11.2221,8,b,No,No
order_forced,data/videos_v3/int_333ms/v3_333_00316.avi,333,1,1,0.375,-0.549,-0.924,-4.1428,-5.8615,8,b,A,A
interval,data/videos_v3/int_333ms/v3_333_00316.avi,333,A,B,,-1.5136,-1.2948,-1.3417,-1.5136,8,b,B,B
order_32f,data/videos_v3/int_333ms/v3_333_00316.avi,333,1,0,-0.5359,-8.9615,-11.5475,-12.4772,-11.6959,32,b,No,No.
moved_real,data/videos_v3/int_333ms/v3_333_00316.avi,333,1,0,-1.2151,-9.4931,-12.7196,-12.954,-11.9696,8,b,No,No.
moved_twin,data/twin_v3/v3_333_00316.avi,333,0,0,-0.9048,-9.3678,-12.6412,-12.8834,-11.9459,8,b,No,No.
still_real,data/videos_v3/int_333ms/v3_333_00316.avi,333,0,1,0.4713,-9.5322,-9.9541,-12.2822,-11.3603,8,b,Yes,"Yes, both shapes, the triangles"
still_twin,data/twin_v3/v3_333_00316.avi,333,1,1,0.3082,-9.5831,-10.0206,-12.3331,-11.3566,8,b,Yes,"Yes, both shapes, the triangles"
order_twin,data/twin_v3/v3_333_00316.avi,333,-1,0,-0.4624,-9.2084,-11.2553,-12.2866,-11.3803,8,b,No,No
moved_solo_hit,data/videos_v3/int_333ms/v3_333_00316_solob.avi,333,1,0,-0.9392,-9.4225,-12.6803,-12.946,-12.0397,8,b,No,No.
moved_solo_fa,data/videos_v3/int_333ms/v3_333_00316_soloa.avi,333,0,0,-1.0877,-9.4494,-12.5978,-12.8713,-11.8635,8,b,No,No
order_real,data/videos_v3/int_333ms/v3_333_00317.avi,333,1,0,-0.6804,-9.4487,-11.4018,-12.3237,-11.6206,8,a,No,No
order_rev,data/videos_v3/int_333ms/v3_333_00317.avi,333,1,0,-0.7046,-9.562,-11.9604,-12.726,-11.9057,8,a,No,No
order_forced,data/videos_v3/int_333ms/v3_333_00317.avi,333,1,1,0.4218,-0.5414,-0.9632,-3.7289,-5.7445,8,a,A,A
interval,data/videos_v3/int_333ms/v3_333_00317.avi,333,A,C,,-1.5086,-1.2899,-1.243,-1.6492,8,a,C,C
order_32f,data/videos_v3/int_333ms/v3_333_00317.avi,333,1,0,-0.5394,-9.2226,-11.6679,-12.5976,-11.996,32,a,No,No.
moved_real,data/videos_v3/int_333ms/v3_333_00317.avi,333,1,0,-1.8096,-9.9453,-12.9609,-13.3359,-12.5859,8,a,No,No.
moved_twin,data/twin_v3/v3_333_00317.avi,333,0,0,-1.8218,-9.935,-12.935,-13.2319,-12.5678,8,a,No,No.
still_real,data/videos_v3/int_333ms/v3_333_00317.avi,333,0,1,0.6779,-9.7672,-10.7281,-12.7359,-11.9781,8,a,Yes,"Yes, both shapes stayed still the whole"
still_twin,data/twin_v3/v3_333_00317.avi,333,1,1,0.7264,-9.7337,-10.5696,-12.679,-11.9055,8,a,Yes,"Yes, both shapes stayed still the whole"
order_twin,data/twin_v3/v3_333_00317.avi,333,-1,0,-0.6862,-9.4783,-11.4392,-12.2986,-11.6502,8,a,No,No
moved_solo_hit,data/videos_v3/int_333ms/v3_333_00317_soloa.avi,333,1,0,-1.6656,-9.8669,-12.8356,-13.1872,-12.4919,8,a,No,No.
moved_solo_fa,data/videos_v3/int_333ms/v3_333_00317_solob.avi,333,0,0,-1.6718,-9.8194,-12.7647,-13.1084,-12.4366,8,a,No,No.
order_real,data/videos_v3/int_333ms/v3_333_00318.avi,333,1,0,-0.5693,-9.5281,-11.6375,-12.2156,-11.6531,8,b,No,No
order_rev,data/videos_v3/int_333ms/v3_333_00318.avi,333,1,0,-0.8241,-9.4052,-11.8584,-12.3662,-11.7412,8,b,No,No
order_forced,data/videos_v3/int_333ms/v3_333_00318.avi,333,1,1,0.4531,-0.5619,-1.015,-3.1713,-5.8275,8,b,A,A
interval,data/videos_v3/int_333ms/v3_333_00318.avi,333,A,B,,-1.658,-1.2361,-1.2986,-1.4705,8,b,B,B
order_32f,data/videos_v3/int_333ms/v3_333_00318.avi,333,1,0,-0.487,-9.3287,-12.2115,-12.3209,-12.2897,32,b,No,No.
moved_real,data/videos_v3/int_333ms/v3_333_00318.avi,333,1,0,-1.5408,-9.8391,-12.9094,-13.0812,-12.3625,8,b,No,No.
moved_twin,data/twin_v3/v3_333_00318.avi,333,0,0,-2.0044,-10.1517,-13.2298,-13.3783,-12.6439,8,b,No,No.
still_real,data/videos_v3/int_333ms/v3_333_00318.avi,333,0,1,-0.0075,-9.6026,-10.837,-12.5167,-11.7433,8,b,Yes,"Yes, both shapes stayed still the whole"
still_twin,data/twin_v3/v3_333_00318.avi,333,1,1,0.0809,-9.6397,-10.9131,-12.5147,-11.7569,8,b,Yes,"Yes, both shapes stayed still the whole"
order_twin,data/twin_v3/v3_333_00318.avi,333,-1,0,-0.8351,-9.5498,-11.6435,-12.1513,-11.6591,8,b,No,No
moved_solo_hit,data/videos_v3/int_333ms/v3_333_00318_solob.avi,333,1,0,-1.79,-10.0191,-13.1051,-13.2848,-12.5738,8,b,No,No.
moved_solo_fa,data/videos_v3/int_333ms/v3_333_00318_soloa.avi,333,0,0,-2.0404,-10.2124,-13.3765,-13.5327,-12.7905,8,b,No,No.
order_real,data/videos_v3/int_333ms/v3_333_00319.avi,333,0,0,-0.8774,-9.4068,-11.5475,-12.2272,-11.5084,8,b,No,No
order_rev,data/videos_v3/int_333ms/v3_333_00319.avi,333,0,0,-1.0101,-9.7167,-12.3417,-12.8417,-11.912,8,b,No,No
order_forced,data/videos_v3/int_333ms/v3_333_00319.avi,333,0,1,0.3594,-0.5797,-0.9391,-3.3297,-5.8453,8,b,A,A
interval,data/videos_v3/int_333ms/v3_333_00319.avi,333,A,B,,-1.658,-1.2048,-1.3298,-1.5486,8,b,B,B
order_32f,data/videos_v3/int_333ms/v3_333_00319.avi,333,0,0,-0.7242,-9.064,-11.6421,-12.0874,-11.7671,32,b,No,No.
moved_real,data/videos_v3/int_333ms/v3_333_00319.avi,333,1,0,-1.9226,-10.0143,-13.2721,-13.319,-12.6784,8,b,No,No.
moved_twin,data/twin_v3/v3_333_00319.avi,333,0,0,-2.0757,-10.1455,-13.3876,-13.4189,-12.747,8,b,No,No.
still_real,data/videos_v3/int_333ms/v3_333_00319.avi,333,0,1,0.3744,-9.7823,-11.0088,-12.7041,-11.9854,8,b,Yes,"Yes, both shapes stayed still the whole"
still_twin,data/twin_v3/v3_333_00319.avi,333,1,1,0.4129,-9.797,-10.9689,-12.7033,-11.9611,8,b,Yes,"Yes, both shapes stayed still the whole"
order_twin,data/twin_v3/v3_333_00319.avi,333,-1,0,-0.9392,-9.4737,-11.6455,-12.3018,-11.544,8,b,No,No
moved_solo_hit,data/videos_v3/int_333ms/v3_333_00319_solob.avi,333,1,0,-2.0834,-10.1452,-13.3405,-13.4264,-12.7702,8,b,No,No.
moved_solo_fa,data/videos_v3/int_333ms/v3_333_00319_soloa.avi,333,0,0,-1.9645,-10.0487,-13.3065,-13.3143,-12.6425,8,b,No,No.
order_real,data/videos_v3/int_333ms/v3_333_00320.avi,333,1,0,-0.9702,-9.3254,-11.552,-12.4114,-11.6614,8,b,No,No
order_rev,data/videos_v3/int_333ms/v3_333_00320.avi,333,1,0,-0.7806,-9.0893,-11.7299,-12.2534,-11.5034,8,b,No,No
order_forced,data/videos_v3/int_333ms/v3_333_00320.avi,333,1,1,0.3125,-0.5857,-0.8982,-4.07,-6.0544,8,b,A,A
interval,data/videos_v3/int_333ms/v3_333_00320.avi,333,A,B,,-1.5807,-1.2057,-1.3776,-1.5963,8,b,B,B
order_real,data/videos_v3/int_333ms/v3_333_00321.avi,333,1,0,-0.3655,-9.281,-11.5778,-12.4528,-11.4997,8,a,No,No
order_rev,data/videos_v3/int_333ms/v3_333_00321.avi,333,1,0,-0.6158,-9.1995,-11.7307,-12.6136,-11.6057,8,a,No,No
order_forced,data/videos_v3/int_333ms/v3_333_00321.avi,333,1,1,0.5,-0.5147,-1.0147,-4.0303,-5.3897,8,a,A,A
interval,data/videos_v3/int_333ms/v3_333_00321.avi,333,A,C,,-1.615,-1.3494,-1.2869,-1.4744,8,a,C,C
order_real,data/videos_v3/int_333ms/v3_333_00322.avi,333,1,0,-1.2124,-9.348,-11.6918,-12.2621,-11.6215,8,b,No,No
order_rev,data/videos_v3/int_333ms/v3_333_00322.avi,333,1,0,-0.9899,-9.2599,-11.9943,-12.5177,-11.6349,8,b,No,No
order_forced,data/videos_v3/int_333ms/v3_333_00322.avi,333,1,1,0.5782,-0.4864,-1.0646,-4.0177,-6.2052,8,b,A,A
interval,data/videos_v3/int_333ms/v3_333_00322.avi,333,A,B,,-1.5145,-1.2958,-1.3583,-1.5458,8,b,B,B
order_real,data/videos_v3/int_333ms/v3_333_00323.avi,333,0,0,-0.441,-9.1603,-11.4572,-11.6681,-11.3478,8,b,No,No
order_rev,data/videos_v3/int_333ms/v3_333_00323.avi,333,0,0,-0.6471,-9.1076,-11.7013,-12.0998,-11.4982,8,b,No,No
order_forced,data/videos_v3/int_333ms/v3_333_00323.avi,333,0,1,0.4843,-0.5324,-1.0167,-3.3761,-6.0324,8,b,A,A
interval,data/videos_v3/int_333ms/v3_333_00323.avi,333,A,B,,-1.5549,-1.2424,-1.3518,-1.5706,8,b,B,B
order_real,data/videos_v3/int_333ms/v3_333_00324.avi,333,1,0,-1.018,-9.4401,-11.8463,-12.5807,-11.651,8,a,No,No
order_rev,data/videos_v3/int_333ms/v3_333_00324.avi,333,1,0,-0.9082,-9.1443,-11.6677,-12.5349,-11.4802,8,a,No,No
order_forced,data/videos_v3/int_333ms/v3_333_00324.avi,333,1,1,0.5625,-0.4861,-1.0486,-4.5643,-6.2205,8,a,A,A
interval,data/videos_v3/int_333ms/v3_333_00324.avi,333,A,B,,-1.5757,-1.2632,-1.3882,-1.4664,8,a,B,B
order_real,data/videos_v3/int_333ms/v3_333_00325.avi,333,0,0,-0.8385,-9.3674,-11.633,-12.1174,-11.5627,8,b,No,No
order_rev,data/videos_v3/int_333ms/v3_333_00325.avi,333,0,0,-0.559,-9.2832,-11.9238,-12.3691,-11.752,8,b,No,No
order_forced,data/videos_v3/int_333ms/v3_333_00325.avi,333,0,1,0.4063,-0.5661,-0.9724,-3.3161,-5.9099,8,b,A,A
interval,data/videos_v3/int_333ms/v3_333_00325.avi,333,A,B,,-1.7749,-1.1812,-1.3374,-1.4937,8,b,B,B
order_real,data/videos_v3/int_333ms/v3_333_00326.avi,333,0,0,-1.161,-9.7981,-11.9387,-12.7669,-11.8997,8,a,No,No
order_rev,data/videos_v3/int_333ms/v3_333_00326.avi,333,0,0,-1.1215,-9.5411,-11.9708,-12.7833,-11.9318,8,a,No,No
order_forced,data/videos_v3/int_333ms/v3_333_00326.avi,333,0,1,0.5781,-0.4902,-1.0683,-3.8339,-6.037,8,a,A,A
interval,data/videos_v3/int_333ms/v3_333_00326.avi,333,A,B,,-1.5388,-1.2107,-1.3669,-1.6169,8,a,B,B
order_real,data/videos_v3/int_333ms/v3_333_00327.avi,333,1,0,-1.151,-9.6126,-11.8938,-12.5813,-11.8079,8,b,No,No
order_rev,data/videos_v3/int_333ms/v3_333_00327.avi,333,1,0,-1.2578,-9.6194,-12.1272,-12.8382,-11.9085,8,b,No,No
order_forced,data/videos_v3/int_333ms/v3_333_00327.avi,333,1,1,0.4062,-0.5494,-0.9556,-3.7369,-6.7056,8,b,A,A
interval,data/videos_v3/int_333ms/v3_333_00327.avi,333,A,B,,-1.5702,-1.1796,-1.3671,-1.6015,8,b,B,B
order_real,data/videos_v3/int_333ms/v3_333_00328.avi,333,1,0,-1.8638,-9.9521,-12.2568,-13.0849,-12.0224,8,b,No,No
order_rev,data/videos_v3/int_333ms/v3_333_00328.avi,333,1,0,-1.6071,-9.693,-12.3258,-13.1383,-11.9196,8,b,No,No
order_forced,data/videos_v3/int_333ms/v3_333_00328.avi,333,1,1,0.6875,-0.4513,-1.1388,-3.9044,-5.9825,8,b,A,A
interval,data/videos_v3/int_333ms/v3_333_00328.avi,333,A,B,,-1.7236,-1.1298,-1.3486,-1.5673,8,b,B,B
order_real,data/videos_v3/int_333ms/v3_333_00329.avi,333,1,0,-0.8037,-9.4555,-11.4946,-12.2289,-11.6039,8,b,No,No
order_rev,data/videos_v3/int_333ms/v3_333_00329.avi,333,1,0,-1.3958,-9.795,-12.4043,-13.0137,-12.1231,8,b,No,No
order_forced,data/videos_v3/int_333ms/v3_333_00329.avi,333,1,1,0.4219,-0.5418,-0.9637,-3.8543,-6.2605,8,b,A,A
interval,data/videos_v3/int_333ms/v3_333_00329.avi,333,A,B,,-1.7598,-1.0566,-1.3691,-1.6191,8,b,B,B
order_real,data/videos_v3/int_333ms/v3_333_00330.avi,333,0,0,-1.0517,-9.3929,-11.4397,-12.6351,-11.5647,8,a,No,No
order_rev,data/videos_v3/int_333ms/v3_333_00330.avi,333,0,0,-1.1293,-9.351,-11.9213,-12.7572,-11.64,8,a,No,No
order_forced,data/videos_v3/int_333ms/v3_333_00330.avi,333,0,1,0.6875,-0.4566,-1.1441,-3.9878,-6.0503,8,a,A,A
interval,data/videos_v3/int_333ms/v3_333_00330.avi,333,A,B,,-1.6956,-1.2269,-1.305,-1.4769,8,a,B,B
order_real,data/videos_v3/int_333ms/v3_333_00331.avi,333,1,0,-1.2879,-9.5147,-11.8819,-12.6397,-11.6632,8,b,No,No
order_rev,data/videos_v3/int_333ms/v3_333_00331.avi,333,1,0,-1.1777,-9.338,-11.838,-12.7755,-11.588,8,b,No,No
order_forced,data/videos_v3/int_333ms/v3_333_00331.avi,333,1,1,0.4219,-0.5562,-0.9781,-3.9781,-5.65,8,b,A,A
interval,data/videos_v3/int_333ms/v3_333_00331.avi,333,A,B,,-1.683,-1.2455,-1.2924,-1.4955,8,b,B,B
order_real,data/videos_v3/int_333ms/v3_333_00332.avi,333,0,0,-0.8679,-9.6945,-11.7727,-12.6164,-11.882,8,a,No,No
order_rev,data/videos_v3/int_333ms/v3_333_00332.avi,333,0,0,-1.0934,-9.3804,-11.6616,-12.5054,-11.8023,8,a,No,No
order_forced,data/videos_v3/int_333ms/v3_333_00332.avi,333,0,1,0.5,-0.5011,-1.0011,-4.0636,-6.1417,8,a,A,A
interval,data/videos_v3/int_333ms/v3_333_00332.avi,333,A,C,,-1.5819,-1.2694,-1.2538,-1.6132,8,a,C,C
order_real,data/videos_v3/int_333ms/v3_333_00333.avi,333,0,0,-0.4536,-9.5083,-11.4849,-12.3677,-11.7271,8,b,No,No
order_rev,data/videos_v3/int_333ms/v3_333_00333.avi,333,0,0,-0.8494,-9.3113,-11.5926,-12.2176,-11.7645,8,b,No,No
order_forced,data/videos_v3/int_333ms/v3_333_00333.avi,333,0,1,0.4375,-0.5487,-0.9862,-3.2674,-5.6893,8,b,A,A
interval,data/videos_v3/int_333ms/v3_333_00333.avi,333,A,B,,-1.634,-1.2434,-1.3371,-1.4621,8,b,B,B
order_real,data/videos_v3/int_333ms/v3_333_00334.avi,333,1,0,-1.2663,-9.3518,-11.633,-12.383,-11.5471,8,b,No,No
order_rev,data/videos_v3/int_333ms/v3_333_00334.avi,333,1,0,-0.6349,-9.0362,-11.4659,-12.2315,-11.419,8,b,No,No
order_forced,data/videos_v3/int_333ms/v3_333_00334.avi,333,1,1,0.4375,-0.5367,-0.9742,-4.0367,-5.7242,8,b,A,A
interval,data/videos_v3/int_333ms/v3_333_00334.avi,333,A,B,,-1.5953,-1.2671,-1.3609,-1.5484,8,b,B,B
order_real,data/videos_v3/int_333ms/v3_333_00335.avi,333,0,0,-0.7846,-9.574,-11.8319,-12.66,-11.6522,8,b,No,No
order_rev,data/videos_v3/int_333ms/v3_333_00335.avi,333,0,0,-0.9102,-9.5002,-12.0393,-12.883,-11.6955,8,b,No,No
order_forced,data/videos_v3/int_333ms/v3_333_00335.avi,333,0,1,0.4375,-0.5243,-0.9618,-4.0868,-5.7275,8,b,A,A
interval,data/videos_v3/int_333ms/v3_333_00335.avi,333,A,B,,-1.8119,-1.1088,-1.3588,-1.4994,8,b,B,B
order_real,data/videos_v3/int_333ms/v3_333_00336.avi,333,0,0,-1.077,-9.4064,-11.9533,-12.297,-11.6095,8,b,No,No
order_rev,data/videos_v3/int_333ms/v3_333_00336.avi,333,0,0,-1.166,-9.2547,-12.036,-12.3485,-11.5594,8,b,No,No
order_forced,data/videos_v3/int_333ms/v3_333_00336.avi,333,0,1,0.5,-0.5171,-1.0171,-3.5171,-5.8296,8,b,A,A
interval,data/videos_v3/int_333ms/v3_333_00336.avi,333,A,B,,-1.5195,-1.2539,-1.3632,-1.6289,8,b,B,B
order_real,data/videos_v3/int_333ms/v3_333_00337.avi,333,1,0,-1.0708,-9.3227,-11.8071,-12.1665,-11.5493,8,a,No,No
order_rev,data/videos_v3/int_333ms/v3_333_00337.avi,333,1,0,-1.2013,-9.4627,-12.3533,-12.6346,-11.7752,8,a,No,No.
order_forced,data/videos_v3/int_333ms/v3_333_00337.avi,333,1,1,0.4062,-0.5679,-0.9741,-3.4741,-5.7398,8,a,A,A
interval,data/videos_v3/int_333ms/v3_333_00337.avi,333,A,B,,-1.6819,-1.2444,-1.3381,-1.4631,8,a,B,B
order_real,data/videos_v3/int_333ms/v3_333_00338.avi,333,1,0,-0.4507,-9.3602,-11.743,-12.3758,-11.6492,8,b,No,No
order_rev,data/videos_v3/int_333ms/v3_333_00338.avi,333,1,0,-0.864,-9.342,-11.9748,-12.6623,-11.7092,8,b,No,No
order_forced,data/videos_v3/int_333ms/v3_333_00338.avi,333,1,1,0.5625,-0.4812,-1.0437,-3.8875,-5.6062,8,b,A,A
interval,data/videos_v3/int_333ms/v3_333_00338.avi,333,A,B,,-1.5135,-1.2635,-1.3573,-1.6542,8,b,B,B
order_real,data/videos_v3/int_333ms/v3_333_00339.avi,333,0,0,-0.8234,-9.3232,-11.6904,-12.0498,-11.5342,8,a,No,No
order_rev,data/videos_v3/int_333ms/v3_333_00339.avi,333,0,0,-0.5698,-9.1464,-11.7011,-12.0605,-11.5214,8,a,No,No
order_forced,data/videos_v3/int_333ms/v3_333_00339.avi,333,0,1,0.3594,-0.5885,-0.9479,-3.1354,-5.6823,8,a,A,A
interval,data/videos_v3/int_333ms/v3_333_00339.avi,333,A,B,,-1.5515,-1.3171,-1.3327,-1.5202,8,a,B,B
order_real,data/videos_v3/int_333ms/v3_333_00340.avi,333,1,0,-0.5585,-9.3443,-11.5708,-12.5318,-11.5005,8,b,No,No
order_rev,data/videos_v3/int_333ms/v3_333_00340.avi,333,1,0,-0.461,-9.1931,-11.6618,-12.5837,-11.5446,8,b,No,No
order_forced,data/videos_v3/int_333ms/v3_333_00340.avi,333,1,1,0.4063,-0.5538,-0.9601,-4.1163,-5.3663,8,b,A,A
interval,data/videos_v3/int_333ms/v3_333_00340.avi,333,A,B,,-1.5954,-1.2829,-1.3142,-1.486,8,b,B,B
order_real,data/videos_v3/int_333ms/v3_333_00341.avi,333,1,0,-0.8624,-9.3734,-11.7796,-11.9984,-11.7718,8,b,No,No
order_rev,data/videos_v3/int_333ms/v3_333_00341.avi,333,1,0,-0.601,-9.246,-11.8945,-12.4492,-11.6992,8,b,No,No
order_forced,data/videos_v3/int_333ms/v3_333_00341.avi,333,1,1,0.5469,-0.52,-1.0669,-3.2231,-6.0044,8,b,A,A
interval,data/videos_v3/int_333ms/v3_333_00341.avi,333,A,B,,-1.5681,-1.2712,-1.3337,-1.5681,8,b,B,B
order_real,data/videos_v3/int_333ms/v3_333_00342.avi,333,0,0,-0.9143,-9.3899,-11.9992,-12.1711,-11.6711,8,a,No,No
order_rev,data/videos_v3/int_333ms/v3_333_00342.avi,333,0,0,-1.2375,-9.3354,-12.0854,-12.3432,-11.5932,8,a,No,No
order_forced,data/videos_v3/int_333ms/v3_333_00342.avi,333,0,1,0.4687,-0.536,-1.0047,-3.4579,-5.5829,8,a,A,A
interval,data/videos_v3/int_333ms/v3_333_00342.avi,333,A,B,,-1.579,-1.2508,-1.3602,-1.579,8,a,B,B
order_real,data/videos_v3/int_333ms/v3_333_00343.avi,333,1,0,-0.7331,-9.3423,-11.5298,-12.3032,-11.561,8,b,No,No
order_rev,data/videos_v3/int_333ms/v3_333_00343.avi,333,1,0,-0.7929,-9.0566,-11.5253,-12.1347,-11.5722,8,b,No,No
order_forced,data/videos_v3/int_333ms/v3_333_00343.avi,333,1,1,0.3438,-0.5637,-0.9075,-4.2043,-6.1106,8,b,A,A
interval,data/videos_v3/int_333ms/v3_333_00343.avi,333,A,B,,-1.3969,-1.3188,-1.3657,-1.6157,8,b,B,B
order_real,data/videos_v3/int_333ms/v3_333_00344.avi,333,0,0,-0.667,-9.2856,-11.645,-12.5043,-11.5043,8,b,No,No
order_rev,data/videos_v3/int_333ms/v3_333_00344.avi,333,0,0,-0.6351,-9.0401,-11.6417,-12.4542,-11.3838,8,b,No,No
order_forced,data/videos_v3/int_333ms/v3_333_00344.avi,333,0,1,0.5,-0.5079,-1.0079,-4.1016,-5.3829,8,b,A,A
interval,data/videos_v3/int_333ms/v3_333_00344.avi,333,A,B,,-1.6964,-1.2589,-1.3214,-1.4933,8,b,B,B
order_real,data/videos_v3/int_333ms/v3_333_00345.avi,333,0,0,-1.3495,-9.4614,-11.9458,-12.7348,-11.7114,8,a,No,No
order_rev,data/videos_v3/int_333ms/v3_333_00345.avi,333,0,0,-0.9343,-9.1568,-11.688,-12.5865,-11.4537,8,a,No,No
order_forced,data/videos_v3/int_333ms/v3_333_00345.avi,333,0,1,0.4062,-0.5433,-0.9495,-4.0901,-5.6526,8,a,A,A
interval,data/videos_v3/int_333ms/v3_333_00345.avi,333,A,B,,-1.602,-1.2114,-1.3833,-1.6177,8,a,B,B
order_real,data/videos_v3/int_333ms/v3_333_00346.avi,333,1,0,-0.6682,-9.3166,-11.5431,-12.1056,-11.5588,8,b,No,No
order_rev,data/videos_v3/int_333ms/v3_333_00346.avi,333,1,0,-0.6726,-9.0126,-11.6142,-12.3095,-11.4345,8,b,No,No
order_forced,data/videos_v3/int_333ms/v3_333_00346.avi,333,1,1,0.4219,-0.5317,-0.9536,-4.0005,-5.7348,8,b,A,A
interval,data/videos_v3/int_333ms/v3_333_00346.avi,333,A,B,,-1.6138,-1.2388,-1.3482,-1.4888,8,b,B,B
order_real,data/videos_v3/int_333ms/v3_333_00347.avi,333,0,0,-0.5756,-9.1735,-11.275,-12.0407,-11.2829,8,b,No,No
order_rev,data/videos_v3/int_333ms/v3_333_00347.avi,333,0,0,-0.7199,-9.0714,-11.5636,-12.2667,-11.2979,8,b,No,No
order_forced,data/videos_v3/int_333ms/v3_333_00347.avi,333,0,1,0.4687,-0.5175,-0.9862,-3.8612,-5.3612,8,b,A,A
interval,data/videos_v3/int_333ms/v3_333_00347.avi,333,A,B,,-1.5656,-1.2687,-1.3312,-1.5343,8,b,B,B
order_real,data/videos_v3/int_333ms/v3_333_00348.avi,333,0,0,-0.6323,-9.3178,-11.6381,-12.2006,-11.5522,8,b,No,No
order_rev,data/videos_v3/int_333ms/v3_333_00348.avi,333,0,0,-0.4113,-9.1909,-11.6674,-12.3159,-11.6127,8,b,No,No
order_forced,data/videos_v3/int_333ms/v3_333_00348.avi,333,0,1,0.4375,-0.5335,-0.971,-3.7366,-5.5335,8,b,A,A
interval,data/videos_v3/int_333ms/v3_333_00348.avi,333,A,C,,-1.5879,-1.291,-1.2754,-1.6192,8,b,C,C
order_real,data/videos_v3/int_333ms/v3_333_00349.avi,333,0,0,-0.9102,-9.4058,-11.5621,-12.4761,-11.4605,8,b,No,No
order_rev,data/videos_v3/int_333ms/v3_333_00349.avi,333,0,0,-0.9141,-9.2189,-11.8439,-12.5235,-11.5626,8,b,No,No
order_forced,data/videos_v3/int_333ms/v3_333_00349.avi,333,0,1,0.3593,-0.5624,-0.9217,-4.0311,-5.9061,8,b,A,A
interval,data/videos_v3/int_333ms/v3_333_00349.avi,333,A,B,,-1.6584,-1.2209,-1.3459,-1.5022,8,b,B,B
order_real,data/videos_v3/int_333ms/v3_333_00350.avi,333,0,0,-0.7969,-9.1485,-11.2813,-12.3438,-11.3438,8,b,No,No
order_rev,data/videos_v3/int_333ms/v3_333_00350.avi,333,0,0,-0.7579,-9.2423,-11.797,-12.6017,-11.4923,8,b,No,No
order_forced,data/videos_v3/int_333ms/v3_333_00350.avi,333,0,1,0.4844,-0.5056,-0.99,-4.2869,-5.7556,8,b,A,A
interval,data/videos_v3/int_333ms/v3_333_00350.avi,333,A,B,,-1.5739,-1.2771,-1.4177,-1.4958,8,b,B,B
order_real,data/videos_v3/int_333ms/v3_333_00351.avi,333,0,0,-1.1661,-9.3515,-11.4765,-12.2422,-11.5937,8,b,No,No
order_rev,data/videos_v3/int_333ms/v3_333_00351.avi,333,0,0,-1.0534,-9.2477,-11.7868,-12.6149,-11.6227,8,b,No,No
order_forced,data/videos_v3/int_333ms/v3_333_00351.avi,333,0,1,0.3282,-0.5877,-0.9159,-3.6971,-6.244,8,b,A,A
interval,data/videos_v3/int_333ms/v3_333_00351.avi,333,A,B,,-1.7547,-1.1609,-1.3953,-1.4734,8,b,B,B
order_real,data/videos_v3/int_333ms/v3_333_00352.avi,333,0,0,-1.1561,-9.2958,-11.6942,-12.3896,-11.5067,8,b,No,No
order_rev,data/videos_v3/int_333ms/v3_333_00352.avi,333,0,0,-0.9698,-9.0963,-11.8463,-12.4869,-11.4713,8,b,No,No.
order_forced,data/videos_v3/int_333ms/v3_333_00352.avi,333,0,1,0.4688,-0.5368,-1.0056,-3.6774,-5.7868,8,b,A,A
interval,data/videos_v3/int_333ms/v3_333_00352.avi,333,A,B,,-1.577,-1.2177,-1.3427,-1.6083,8,b,B,B
order_real,data/videos_v3/int_333ms/v3_333_00353.avi,333,1,0,-1.0314,-9.3291,-11.6494,-12.29,-11.54,8,a,No,No
order_rev,data/videos_v3/int_333ms/v3_333_00353.avi,333,1,0,-0.6771,-9.042,-11.3935,-12.167,-11.4951,8,a,No,No
order_forced,data/videos_v3/int_333ms/v3_333_00353.avi,333,1,1,0.375,-0.5595,-0.9345,-4.0908,-5.747,8,a,A,A
interval,data/videos_v3/int_333ms/v3_333_00353.avi,333,A,B,,-1.5084,-1.2272,-1.3834,-1.6178,8,a,B,B
order_real,data/videos_v3/int_333ms/v3_333_00354.avi,333,0,0,-0.7076,-9.2786,-11.6146,-12.1146,-11.6068,8,b,No,No.
order_rev,data/videos_v3/int_333ms/v3_333_00354.avi,333,0,0,-0.5264,-9.1338,-11.4932,-12.2901,-11.4932,8,b,No,No
order_forced,data/videos_v3/int_333ms/v3_333_00354.avi,333,0,1,0.2656,-0.635,-0.9006,-3.5256,-6.4788,8,b,A,A
interval,data/videos_v3/int_333ms/v3_333_00354.avi,333,A,B,,-1.6197,-1.2447,-1.3697,-1.4478,8,b,B,B
order_real,data/videos_v3/int_333ms/v3_333_00355.avi,333,0,0,-0.8831,-9.218,-11.7024,-11.7961,-11.5149,8,a,No,No
order_rev,data/videos_v3/int_333ms/v3_333_00355.avi,333,0,0,-0.75,-9.0897,-11.785,-12.0194,-11.5194,8,a,No,No
order_forced,data/videos_v3/int_333ms/v3_333_00355.avi,333,0,1,0.5469,-0.5112,-1.0581,-3.23,-5.5894,8,a,A,A
interval,data/videos_v3/int_333ms/v3_333_00355.avi,333,A,B,,-1.5592,-1.2623,-1.3561,-1.5279,8,a,B,B
order_real,data/videos_v3/int_333ms/v3_333_00356.avi,333,1,0,-0.4449,-9.2209,-11.4162,-12.2443,-11.4162,8,b,No,No
order_rev,data/videos_v3/int_333ms/v3_333_00356.avi,333,1,0,-0.8482,-9.146,-11.8256,-12.3803,-11.6147,8,b,No,No
order_forced,data/videos_v3/int_333ms/v3_333_00356.avi,333,1,1,0.4532,-0.521,-0.9742,-4.0367,-5.5835,8,b,A,A
interval,data/videos_v3/int_333ms/v3_333_00356.avi,333,A,B,,-1.6149,-1.3024,-1.318,-1.5211,8,b,B,B
order_real,data/videos_v3/int_333ms/v3_333_00357.avi,333,1,0,-0.691,-9.2935,-11.7154,-11.9966,-11.6529,8,b,No,No
order_rev,data/videos_v3/int_333ms/v3_333_00357.avi,333,1,0,-0.6306,-9.3111,-11.8189,-12.3423,-11.5845,8,b,No,No
order_forced,data/videos_v3/int_333ms/v3_333_00357.avi,333,1,1,0.5469,-0.4977,-1.0446,-3.5134,-5.9665,8,b,A,A
interval,data/videos_v3/int_333ms/v3_333_00357.avi,333,A,B,,-1.6393,-1.2018,-1.4049,-1.483,8,b,B,B
order_real,data/videos_v3/int_333ms/v3_333_00358.avi,333,0,0,-1.1071,-9.3238,-11.5973,-12.4254,-11.3707,8,a,No,No
order_rev,data/videos_v3/int_333ms/v3_333_00358.avi,333,0,0,-1.0047,-9.1906,-11.7921,-12.5265,-11.3859,8,a,No,No
order_forced,data/videos_v3/int_333ms/v3_333_00358.avi,333,0,1,0.4375,-0.5377,-0.9752,-3.8033,-5.3815,8,a,A,A
interval,data/videos_v3/int_333ms/v3_333_00358.avi,333,A,B,,-1.4864,-1.252,-1.3458,-1.6583,8,a,B,B
order_real,data/videos_v3/int_333ms/v3_333_00359.avi,333,1,0,-1.2261,-9.5673,-11.5829,-12.8642,-11.6142,8,b,No,No
order_rev,data/videos_v3/int_333ms/v3_333_00359.avi,333,1,0,-1.0718,-9.4103,-11.8322,-12.9025,-11.7619,8,b,No,No
order_forced,data/videos_v3/int_333ms/v3_333_00359.avi,333,1,1,0.2813,-0.5968,-0.8781,-4.3156,-6.0968,8,b,A,A
interval,data/videos_v3/int_333ms/v3_333_00359.avi,333,A,B,,-1.6387,-1.1231,-1.4669,-1.5606,8,b,B,B
order_real,data/videos_v3/int_333ms/v3_333_00360.avi,333,1,0,-0.683,-9.2395,-11.6067,-11.7786,-11.5442,8,a,No,No
order_rev,data/videos_v3/int_333ms/v3_333_00360.avi,333,1,0,-0.5601,-9.2622,-11.7934,-12.3794,-11.6372,8,a,No,No
order_forced,data/videos_v3/int_333ms/v3_333_00360.avi,333,1,1,0.4843,-0.5347,-1.019,-3.3784,-5.6753,8,a,A,A
interval,data/videos_v3/int_333ms/v3_333_00360.avi,333,A,B,,-1.5816,-1.2847,-1.3472,-1.5035,8,a,B,B
order_real,data/videos_v3/int_333ms/v3_333_00361.avi,333,1,0,-1.1549,-9.4136,-11.6558,-12.4058,-11.6324,8,a,No,No
order_rev,data/videos_v3/int_333ms/v3_333_00361.avi,333,1,0,-0.9942,-9.3124,-12.0077,-12.453,-11.7812,8,a,No,No.
order_forced,data/videos_v3/int_333ms/v3_333_00361.avi,333,1,1,0.5156,-0.5101,-1.0257,-3.6663,-6.1819,8,a,A,A
interval,data/videos_v3/int_333ms/v3_333_00361.avi,333,A,B,,-1.6082,-1.2176,-1.4051,-1.4989,8,a,B,B
order_real,data/videos_v3/int_333ms/v3_333_00362.avi,333,1,0,-0.5639,-9.247,-11.5674,-12.0283,-11.3955,8,a,No,No
order_rev,data/videos_v3/int_333ms/v3_333_00362.avi,333,1,0,-0.9645,-9.1905,-11.6983,-12.3233,-11.4561,8,a,No,No
order_forced,data/videos_v3/int_333ms/v3_333_00362.avi,333,1,1,0.2812,-0.6111,-0.8923,-3.5017,-5.8142,8,a,A,A
interval,data/videos_v3/int_333ms/v3_333_00362.avi,333,A,B,,-1.6051,-1.2769,-1.2926,-1.4957,8,a,B,B
order_real,data/videos_v3/int_333ms/v3_333_00363.avi,333,0,0,-0.7236,-9.28,-11.6706,-11.7644,-11.5769,8,a,No,No
order_rev,data/videos_v3/int_333ms/v3_333_00363.avi,333,0,0,-0.7588,-9.4464,-12.087,-12.5245,-11.8214,8,a,No,No
order_forced,data/videos_v3/int_333ms/v3_333_00363.avi,333,0,1,0.3907,-0.5613,-0.952,-3.5145,-6.077,8,a,A,A
interval,data/videos_v3/int_333ms/v3_333_00363.avi,333,A,B,,-1.5412,-1.3069,-1.3694,-1.5412,8,a,B,B
order_real,data/videos_v3/int_333ms/v3_333_00364.avi,333,1,0,-1.0355,-9.3868,-11.8478,-11.879,-11.5587,8,a,No,No
order_rev,data/videos_v3/int_333ms/v3_333_00364.avi,333,1,0,-0.8827,-9.1513,-11.831,-12.1123,-11.4013,8,a,No,No
order_forced,data/videos_v3/int_333ms/v3_333_00364.avi,333,1,1,0.5312,-0.5174,-1.0486,-3.2986,-5.5955,8,a,A,A
interval,data/videos_v3/int_333ms/v3_333_00364.avi,333,A,B,,-1.5788,-1.2663,-1.3444,-1.5319,8,a,B,B
order_real,data/videos_v3/int_333ms/v3_333_00365.avi,333,1,0,-0.8995,-9.3914,-11.618,-12.2117,-11.6258,8,a,No,No
order_rev,data/videos_v3/int_333ms/v3_333_00365.avi,333,1,0,-1.0081,-9.334,-11.998,-12.4433,-11.7949,8,a,No,No
order_forced,data/videos_v3/int_333ms/v3_333_00365.avi,333,1,1,0.5625,-0.4939,-1.0564,-3.5408,-6.1033,8,a,A,A
interval,data/videos_v3/int_333ms/v3_333_00365.avi,333,A,B,,-1.5815,-1.1596,-1.4096,-1.6128,8,a,B,B
order_real,data/videos_v3/int_333ms/v3_333_00366.avi,333,1,0,-0.9295,-9.5009,-11.5634,-12.6415,-11.579,8,b,No,No
order_rev,data/videos_v3/int_333ms/v3_333_00366.avi,333,1,0,-0.8592,-9.5829,-12.1767,-13.0204,-11.8017,8,b,No,No
order_forced,data/videos_v3/int_333ms/v3_333_00366.avi,333,1,1,0.4843,-0.5341,-1.0184,-3.5966,-5.7684,8,b,A,A
interval,data/videos_v3/int_333ms/v3_333_00366.avi,333,A,B,,-1.8244,-1.1994,-1.2932,-1.465,8,b,B,B
order_real,data/videos_v3/int_333ms/v3_333_00367.avi,333,0,0,-1.2099,-9.5278,-11.6919,-12.4262,-11.5981,8,a,No,No
order_rev,data/videos_v3/int_333ms/v3_333_00367.avi,333,0,0,-0.8775,-9.3791,-12.0119,-12.6525,-11.7931,8,a,No,No
order_forced,data/videos_v3/int_333ms/v3_333_00367.avi,333,0,1,0.3906,-0.5484,-0.939,-3.939,-5.939,8,a,A,A
interval,data/videos_v3/int_333ms/v3_333_00367.avi,333,A,B,,-1.6534,-1.2472,-1.3722,-1.5284,8,a,B,B
order_real,data/videos_v3/int_333ms/v3_333_00368.avi,333,0,0,-0.9859,-9.2283,-11.5642,-12.2674,-11.4783,8,a,No,No
order_rev,data/videos_v3/int_333ms/v3_333_00368.avi,333,0,0,-0.4885,-8.8986,-11.3127,-12.0471,-11.3986,8,a,No,No
order_forced,data/videos_v3/int_333ms/v3_333_00368.avi,333,0,1,0.3281,-0.5886,-0.9167,-3.6355,-5.3073,8,a,A,A
interval,data/videos_v3/int_333ms/v3_333_00368.avi,333,A,B,,-1.6023,-1.2429,-1.3523,-1.5554,8,a,B,B
order_real,data/videos_v3/int_333ms/v3_333_00369.avi,333,0,0,-0.8681,-9.4663,-11.6772,-12.185,-11.6928,8,a,No,No
order_rev,data/videos_v3/int_333ms/v3_333_00369.avi,333,0,0,-1.3865,-9.5946,-12.4305,-12.704,-12.0243,8,a,No,No
order_forced,data/videos_v3/int_333ms/v3_333_00369.avi,333,0,1,0.375,-0.565,-0.94,-3.4869,-6.2838,8,a,A,A
interval,data/videos_v3/int_333ms/v3_333_00369.avi,333,A,B,,-1.5368,-1.1931,-1.4275,-1.5837,8,a,B,B
order_real,data/videos_v3/int_333ms/v3_333_00370.avi,333,0,0,-0.7091,-9.3304,-11.5804,-12.1195,-11.5726,8,a,No,No
order_rev,data/videos_v3/int_333ms/v3_333_00370.avi,333,0,0,-0.6109,-9.1943,-11.6553,-12.3349,-11.499,8,a,No,No
order_forced,data/videos_v3/int_333ms/v3_333_00370.avi,333,0,1,0.25,-0.6242,-0.8742,-3.5148,-6.3742,8,a,A,A
interval,data/videos_v3/int_333ms/v3_333_00370.avi,333,A,B,,-1.5239,-1.3052,-1.3208,-1.5864,8,a,B,B
order_real,data/videos_v3/int_333ms/v3_333_00371.avi,333,0,0,-1.0003,-9.5454,-11.7563,-12.6157,-11.6782,8,b,No,No
order_rev,data/videos_v3/int_333ms/v3_333_00371.avi,333,0,0,-1.0113,-9.4282,-11.7485,-12.6938,-11.8344,8,b,No,No
order_forced,data/videos_v3/int_333ms/v3_333_00371.avi,333,0,1,0.4063,-0.5562,-0.9625,-3.5875,-5.6344,8,b,A,A
interval,data/videos_v3/int_333ms/v3_333_00371.avi,333,A,B,,-1.5333,-1.1896,-1.4083,-1.6427,8,b,B,B
order_real,data/videos_v3/int_333ms/v3_333_00372.avi,333,0,0,-0.5863,-9.2715,-11.5918,-11.7324,-11.5449,8,b,No,No
order_rev,data/videos_v3/int_333ms/v3_333_00372.avi,333,0,0,-0.842,-9.375,-11.9922,-12.3359,-11.8125,8,b,No,No
order_forced,data/videos_v3/int_333ms/v3_333_00372.avi,333,0,1,0.4687,-0.5394,-1.0081,-3.4144,-6.305,8,b,A,A
interval,data/videos_v3/int_333ms/v3_333_00372.avi,333,A,B,,-1.5854,-1.2104,-1.4135,-1.5072,8,b,B,B
order_real,data/videos_v3/int_333ms/v3_333_00373.avi,333,0,0,-0.8348,-9.388,-11.5755,-12.513,-11.4583,8,b,No,No
order_rev,data/videos_v3/int_333ms/v3_333_00373.avi,333,0,0,-1.1226,-9.3047,-11.9766,-12.7422,-11.6485,8,b,No,No
order_forced,data/videos_v3/int_333ms/v3_333_00373.avi,333,0,1,0.4531,-0.5209,-0.974,-3.9428,-5.5053,8,b,A,A
interval,data/videos_v3/int_333ms/v3_333_00373.avi,333,A,B,,-1.8041,-1.1947,-1.3041,-1.4759,8,b,B,B
order_real,data/videos_v3/int_333ms/v3_333_00374.avi,333,0,0,-0.4523,-9.1647,-11.5006,-12.2506,-11.2897,8,b,No,No
order_rev,data/videos_v3/int_333ms/v3_333_00374.avi,333,0,0,-0.7342,-9.0852,-11.8196,-12.4836,-11.343,8,b,No,No
order_forced,data/videos_v3/int_333ms/v3_333_00374.avi,333,0,1,0.5625,-0.4808,-1.0433,-4.0746,-5.5121,8,b,A,A
interval,data/videos_v3/int_333ms/v3_333_00374.avi,333,A,B,,-1.5972,-1.2847,-1.3315,-1.4878,8,b,B,B
order_real,data/videos_v3/int_333ms/v3_333_00375.avi,333,1,0,-0.8606,-9.2458,-11.3708,-12.2848,-11.488,8,a,No,No
order_rev,data/videos_v3/int_333ms/v3_333_00375.avi,333,1,0,-0.3868,-9.0756,-11.5365,-12.224,-11.5053,8,a,No,No
order_forced,data/videos_v3/int_333ms/v3_333_00375.avi,333,1,1,0.3281,-0.5761,-0.9042,-3.9511,-5.7011,8,a,A,A
interval,data/videos_v3/int_333ms/v3_333_00375.avi,333,A,B,,-1.6086,-1.218,-1.343,-1.5305,8,a,B,B
order_real,data/videos_v3/int_333ms/v3_333_00376.avi,333,1,0,-0.8278,-9.4066,-11.5863,-12.4769,-11.4769,8,b,No,No
order_rev,data/videos_v3/int_333ms/v3_333_00376.avi,333,1,0,-0.5914,-9.1322,-11.6947,-12.39,-11.5697,8,b,No,No
order_forced,data/videos_v3/int_333ms/v3_333_00376.avi,333,1,1,0.5156,-0.5035,-1.0191,-4.0503,-5.5972,8,b,A,A
interval,data/videos_v3/int_333ms/v3_333_00376.avi,333,A,B,,-1.747,-1.1689,-1.3564,-1.5752,8,b,B,B
order_real,data/videos_v3/int_333ms/v3_333_00377.avi,333,1,0,-0.8454,-9.3135,-11.6417,-12.2198,-11.6182,8,b,No,No
order_rev,data/videos_v3/int_333ms/v3_333_00377.avi,333,1,0,-0.7023,-9.1848,-11.7239,-12.4348,-11.6223,8,b,No,No
order_forced,data/videos_v3/int_333ms/v3_333_00377.avi,333,1,1,0.3437,-0.5836,-0.9273,-3.7086,-5.6305,8,b,A,A
interval,data/videos_v3/int_333ms/v3_333_00377.avi,333,A,B,,-1.587,-1.2745,-1.3058,-1.5558,8,b,B,B
order_real,data/videos_v3/int_333ms/v3_333_00378.avi,333,1,0,-0.9329,-9.2236,-11.5283,-12.3877,-11.4502,8,b,No,No
order_rev,data/videos_v3/int_333ms/v3_333_00378.avi,333,1,0,-1.131,-9.164,-11.9218,-12.4921,-11.5311,8,b,No,No.
order_forced,data/videos_v3/int_333ms/v3_333_00378.avi,333,1,1,0.375,-0.5574,-0.9324,-4.3386,-6.1824,8,b,A,A
interval,data/videos_v3/int_333ms/v3_333_00378.avi,333,A,B,,-1.6761,-1.2073,-1.4105,-1.473,8,b,B,B
order_real,data/videos_v3/int_333ms/v3_333_00379.avi,333,1,0,-0.7473,-9.3856,-11.7919,-12.5106,-11.6591,8,b,No,No.
order_rev,data/videos_v3/int_333ms/v3_333_00379.avi,333,1,0,-0.9426,-9.1782,-11.8501,-12.5845,-11.561,8,b,No,No
order_forced,data/videos_v3/int_333ms/v3_333_00379.avi,333,1,1,0.3282,-0.5696,-0.8978,-4.179,-5.7103,8,b,A,A
interval,data/videos_v3/int_333ms/v3_333_00379.avi,333,A,B,,-1.5788,-1.3131,-1.4069,-1.5475,8,b,B,B
order_real,data/videos_v3/int_333ms/v3_333_00380.avi,333,1,0,-0.7337,-9.3788,-11.4882,-12.1054,-11.5507,8,a,No,No
order_rev,data/videos_v3/int_333ms/v3_333_00380.avi,333,1,0,-1.0146,-9.3483,-12.0749,-12.278,-11.8249,8,a,No,No
order_forced,data/videos_v3/int_333ms/v3_333_00380.avi,333,1,1,0.3125,-0.5837,-0.8962,-3.8493,-6.5837,8,a,A,A
interval,data/videos_v3/int_333ms/v3_333_00380.avi,333,A,B,,-1.6123,-1.206,-1.3935,-1.5342,8,a,B,B
order_real,data/videos_v3/int_333ms/v3_333_00381.avi,333,1,0,-1.0955,-9.4704,-11.8142,-12.5329,-11.7126,8,a,No,No
order_rev,data/videos_v3/int_333ms/v3_333_00381.avi,333,1,0,-0.8484,-9.2403,-11.8888,-12.506,-11.631,8,a,No,No
order_forced,data/videos_v3/int_333ms/v3_333_00381.avi,333,1,1,0.625,-0.466,-1.091,-3.9503,-5.6691,8,a,A,A
interval,data/videos_v3/int_333ms/v3_333_00381.avi,333,A,B,,-1.7343,-1.1718,-1.3437,-1.5624,8,a,B,B
order_real,data/videos_v3/int_333ms/v3_333_00382.avi,333,1,0,-0.7824,-9.2927,-11.6599,-12.0505,-11.4099,8,a,No,No
order_rev,data/videos_v3/int_333ms/v3_333_00382.avi,333,1,0,-0.9213,-9.3622,-12.1122,-12.4715,-11.6356,8,a,No,No
order_forced,data/videos_v3/int_333ms/v3_333_00382.avi,333,1,1,0.375,-0.5734,-0.9484,-3.3703,-5.7453,8,a,A,A
interval,data/videos_v3/int_333ms/v3_333_00382.avi,333,A,B,,-1.6052,-1.2302,-1.3552,-1.5739,8,a,B,B
order_real,data/videos_v3/int_333ms/v3_333_00383.avi,333,0,0,-1.204,-9.4734,-11.864,-12.5203,-11.614,8,a,No,No
order_rev,data/videos_v3/int_333ms/v3_333_00383.avi,333,0,0,-0.8695,-9.1171,-11.703,-12.5233,-11.4374,8,a,No,No
order_forced,data/videos_v3/int_333ms/v3_333_00383.avi,333,0,1,0.4687,-0.5418,-1.0105,-3.9324,-5.9949,8,a,A,A
interval,data/videos_v3/int_333ms/v3_333_00383.avi,333,A,B,,-1.5446,-1.279,-1.2946,-1.5446,8,a,B,B
order_real,data/videos_v3/int_333ms/v3_333_00384.avi,333,0,0,-0.5568,-9.1013,-11.492,-12.281,-11.406,8,b,No,No
order_rev,data/videos_v3/int_333ms/v3_333_00384.avi,333,0,0,-0.8904,-9.1172,-11.9062,-12.5781,-11.5937,8,b,No,No.
order_forced,data/videos_v3/int_333ms/v3_333_00384.avi,333,0,1,0.3594,-0.5673,-0.9267,-3.911,-5.5517,8,b,A,A
interval,data/videos_v3/int_333ms/v3_333_00384.avi,333,A,B,,-1.5347,-1.316,-1.3785,-1.5504,8,b,B,B
order_real,data/videos_v3/int_333ms/v3_333_00385.avi,333,1,0,-0.765,-9.4022,-11.6288,-12.1756,-11.4491,8,a,No,No
order_rev,data/videos_v3/int_333ms/v3_333_00385.avi,333,1,0,-0.8357,-9.4714,-12.1042,-12.5651,-11.8308,8,a,No,No
order_forced,data/videos_v3/int_333ms/v3_333_00385.avi,333,1,1,0.4688,-0.5387,-1.0075,-3.3044,-5.8356,8,a,A,A
interval,data/videos_v3/int_333ms/v3_333_00385.avi,333,A,B,,-1.6993,-1.1837,-1.3555,-1.543,8,a,B,B
order_real,data/videos_v3/int_333ms/v3_333_00386.avi,333,0,0,-0.5503,-9.4345,-11.4189,-12.4502,-11.5908,8,b,No,No
order_rev,data/videos_v3/int_333ms/v3_333_00386.avi,333,0,0,-0.7179,-9.2754,-11.6895,-12.5332,-11.666,8,b,No,No
order_forced,data/videos_v3/int_333ms/v3_333_00386.avi,333,0,1,0.5469,-0.4899,-1.0368,-3.8962,-5.4587,8,b,A,A
interval,data/videos_v3/int_333ms/v3_333_00386.avi,333,A,C,,-1.6893,-1.2518,-1.2049,-1.5643,8,b,C,C
order_real,data/videos_v3/int_333ms/v3_333_00387.avi,333,1,0,-0.5185,-9.5039,-11.5039,-12.5039,-11.6679,8,a,No,No
order_rev,data/videos_v3/int_333ms/v3_333_00387.avi,333,1,0,-0.7683,-9.2752,-11.4158,-12.4002,-11.6267,8,a,No,No
order_forced,data/videos_v3/int_333ms/v3_333_00387.avi,333,1,1,0.5,-0.5051,-1.0051,-3.8801,-5.927,8,a,A,A
interval,data/videos_v3/int_333ms/v3_333_00387.avi,333,A,C,,-1.6101,-1.282,-1.2664,-1.5164,8,a,C,C
order_real,data/videos_v3/int_333ms/v3_333_00388.avi,333,1,0,-1.0486,-9.2898,-11.6961,-11.907,-11.5633,8,b,No,No
order_rev,data/videos_v3/int_333ms/v3_333_00388.avi,333,1,0,-1.1054,-9.2198,-11.9386,-12.1808,-11.4855,8,b,No,No
order_forced,data/videos_v3/int_333ms/v3_333_00388.avi,333,1,1,0.4843,-0.5441,-1.0284,-3.3253,-5.9034,8,b,A,A
interval,data/videos_v3/int_333ms/v3_333_00388.avi,333,A,B,,-1.7144,-1.2613,-1.3707,-1.3863,8,b,B,B
order_real,data/videos_v3/int_333ms/v3_333_00389.avi,333,0,0,-0.5394,-9.3301,-11.5489,-12.1114,-11.5254,8,b,No,No
order_rev,data/videos_v3/int_333ms/v3_333_00389.avi,333,0,0,-0.7088,-9.0472,-11.5004,-12.3832,-11.4144,8,b,No,No
order_forced,data/videos_v3/int_333ms/v3_333_00389.avi,333,0,1,0.3437,-0.568,-0.9117,-3.943,-5.4742,8,b,A,A
interval,data/videos_v3/int_333ms/v3_333_00389.avi,333,A,B,,-1.6457,-1.2238,-1.3332,-1.5363,8,b,B,B
order_real,data/videos_v3/int_333ms/v3_333_00390.avi,333,0,0,-1.0361,-9.5956,-11.619,-12.5956,-11.6112,8,b,No,No
order_rev,data/videos_v3/int_333ms/v3_333_00390.avi,333,0,0,-1.2451,-9.5086,-12.1961,-12.7742,-11.9383,8,b,No,No
order_forced,data/videos_v3/int_333ms/v3_333_00390.avi,333,0,1,0.3281,-0.5786,-0.9067,-4.0004,-5.9848,8,b,A,A
interval,data/videos_v3/int_333ms/v3_333_00390.avi,333,A,B,,-1.6099,-1.2036,-1.3911,-1.5786,8,b,B,B
order_real,data/videos_v3/int_333ms/v3_333_00391.avi,333,0,0,-0.9074,-9.3846,-11.5799,-12.3065,-11.5487,8,b,No,No
order_rev,data/videos_v3/int_333ms/v3_333_00391.avi,333,0,0,-0.9302,-9.3062,-11.9077,-12.6343,-11.7124,8,b,No,No
order_forced,data/videos_v3/int_333ms/v3_333_00391.avi,333,0,1,0.4218,-0.5455,-0.9673,-3.858,-5.983,8,b,A,A
interval,data/videos_v3/int_333ms/v3_333_00391.avi,333,A,B,,-1.6044,-1.2294,-1.4169,-1.5575,8,b,B,B
order_real,data/videos_v3/int_333ms/v3_333_00392.avi,333,1,0,-0.6661,-9.3257,-11.607,-12.1304,-11.5757,8,b,No,No
order_rev,data/videos_v3/int_333ms/v3_333_00392.avi,333,1,0,-0.8936,-9.0575,-11.5888,-12.3544,-11.5575,8,b,No,No
order_forced,data/videos_v3/int_333ms/v3_333_00392.avi,333,1,1,0.4219,-0.5337,-0.9556,-4.065,-5.7837,8,b,A,A
interval,data/videos_v3/int_333ms/v3_333_00392.avi,333,A,B,,-1.5565,-1.2909,-1.369,-1.5252,8,b,B,B
order_real,data/videos_v3/int_333ms/v3_333_00393.avi,333,1,0,-0.5833,-9.3325,-11.6684,-12.1762,-11.5434,8,a,No,No
order_rev,data/videos_v3/int_333ms/v3_333_00393.avi,333,1,0,-0.5854,-9.1666,-11.8697,-11.9244,-11.6275,8,a,No,No
order_forced,data/videos_v3/int_333ms/v3_333_00393.avi,333,1,1,0.2656,-0.6189,-0.8845,-3.4314,-5.7908,8,a,A,A
interval,data/videos_v3/int_333ms/v3_333_00393.avi,333,A,B,,-1.5202,-1.2546,-1.3796,-1.5671,8,a,B,B
order_real,data/videos_v3/int_333ms/v3_333_00394.avi,333,0,0,-0.8167,-9.224,-11.5599,-12.224,-11.6224,8,b,No,No
order_rev,data/videos_v3/int_333ms/v3_333_00394.avi,333,0,0,-0.87,-9.2144,-11.7534,-12.5112,-11.5816,8,b,No,No
order_forced,data/videos_v3/int_333ms/v3_333_00394.avi,333,0,1,0.4687,-0.5213,-0.99,-4.0213,-6.1619,8,b,A,A
interval,data/videos_v3/int_333ms/v3_333_00394.avi,333,A,B,,-1.5822,-1.1603,-1.4416,-1.6291,8,b,B,B
order_real,data/videos_v3/int_333ms/v3_333_00395.avi,333,1,0,-0.995,-9.4303,-11.7428,-12.3756,-11.5319,8,a,No,No
order_rev,data/videos_v3/int_333ms/v3_333_00395.avi,333,1,0,-1.1392,-9.4652,-12.098,-12.7621,-11.7386,8,a,No,No
order_forced,data/videos_v3/int_333ms/v3_333_00395.avi,333,1,1,0.6562,-0.4602,-1.1164,-3.6477,-5.7414,8,a,A,A
interval,data/videos_v3/int_333ms/v3_333_00395.avi,333,A,B,,-1.7778,-1.1528,-1.3247,-1.5435,8,a,B,B
order_real,data/videos_v3/int_333ms/v3_333_00396.avi,333,1,0,-0.7132,-9.2752,-11.6892,-12.0252,-11.5252,8,b,No,No
order_rev,data/videos_v3/int_333ms/v3_333_00396.avi,333,1,0,-1.2538,-9.3626,-12.1829,-12.386,-11.7298,8,b,No,No
order_forced,data/videos_v3/int_333ms/v3_333_00396.avi,333,1,1,0.5,-0.5487,-1.0487,-3.0331,-5.8768,8,b,A,A
interval,data/videos_v3/int_333ms/v3_333_00396.avi,333,A,B,,-1.6489,-1.2739,-1.3364,-1.5083,8,b,B,B
order_real,data/videos_v3/int_333ms/v3_333_00397.avi,333,0,0,-0.8069,-9.3934,-11.4012,-12.1747,-11.5731,8,a,No,No
order_rev,data/videos_v3/int_333ms/v3_333_00397.avi,333,0,0,-0.9942,-9.6027,-12.1808,-12.8058,-11.8683,8,a,No,No
order_forced,data/videos_v3/int_333ms/v3_333_00397.avi,333,0,1,0.4062,-0.5394,-0.9456,-3.9456,-6.1175,8,a,A,A
interval,data/videos_v3/int_333ms/v3_333_00397.avi,333,A,B,,-1.5719,-1.2438,-1.4,-1.4781,8,a,B,B
order_real,data/videos_v3/int_333ms/v3_333_00398.avi,333,0,0,-0.6995,-9.5005,-11.5786,-12.5083,-11.6099,8,b,No,No
order_rev,data/videos_v3/int_333ms/v3_333_00398.avi,333,0,0,-0.8468,-9.5326,-11.9936,-12.7123,-11.9154,8,b,No,No
order_forced,data/videos_v3/int_333ms/v3_333_00398.avi,333,0,1,0.5781,-0.4874,-1.0655,-3.6749,-5.5343,8,b,A,A
interval,data/videos_v3/int_333ms/v3_333_00398.avi,333,A,C,,-1.6629,-1.2567,-1.2254,-1.6161,8,b,C,C
order_real,data/videos_v3/int_333ms/v3_333_00399.avi,333,0,0,-0.9096,-9.2916,-11.5416,-12.2916,-11.5104,8,b,No,No
order_rev,data/videos_v3/int_333ms/v3_333_00399.avi,333,0,0,-0.7649,-9.1929,-11.7633,-12.4429,-11.5367,8,b,No,No
order_forced,data/videos_v3/int_333ms/v3_333_00399.avi,333,0,1,0.4531,-0.5241,-0.9772,-3.9616,-5.4616,8,b,A,A
interval,data/videos_v3/int_333ms/v3_333_00399.avi,333,A,B,,-1.6204,-1.2298,-1.3235,-1.5266,8,b,B,B
order_real,data/videos_v3/int_500ms/v3_500_00400.avi,500,0,0,-1.0152,-9.2563,-11.7329,-12.4048,-11.4673,8,b,No,No
order_rev,data/videos_v3/int_500ms/v3_500_00400.avi,500,0,0,-1.0144,-9.1222,-11.8176,-12.4738,-11.5285,8,b,No,No
order_forced,data/videos_v3/int_500ms/v3_500_00400.avi,500,0,1,0.4531,-0.5288,-0.9819,-3.9819,-5.06,8,b,A,A
interval,data/videos_v3/int_500ms/v3_500_00400.avi,500,A,B,,-1.6143,-1.2236,-1.3018,-1.6143,8,b,B,B
order_32f,data/videos_v3/int_500ms/v3_500_00400.avi,500,0,0,-1.0294,-8.7918,-11.7762,-12.3777,-11.6746,32,b,No,No.
moved_real,data/videos_v3/int_500ms/v3_500_00400.avi,500,1,0,-2.1913,-10.0775,-13.4603,-13.6322,-12.7103,8,b,No,No.
moved_twin,data/twin_v3/v3_500_00400.avi,500,0,0,-2.0127,-9.944,-13.2565,-13.4205,-12.4909,8,b,No,No.
still_real,data/videos_v3/int_500ms/v3_500_00400.avi,500,0,1,0.1868,-9.6497,-10.7747,-12.6107,-11.806,8,b,Yes,"Yes, both shapes stayed still the whole"
still_twin,data/twin_v3/v3_500_00400.avi,500,1,1,0.2883,-9.5555,-10.4852,-12.4227,-11.5868,8,b,Yes,"Yes, both shapes stayed still the whole"
order_twin,data/twin_v3/v3_500_00400.avi,500,-1,0,-0.9707,-9.2103,-11.6947,-12.3431,-11.4369,8,b,No,No
moved_solo_hit,data/videos_v3/int_500ms/v3_500_00400_solob.avi,500,1,0,-2.0583,-10.0,-13.3516,-13.5,-12.5782,8,b,No,No.
moved_solo_fa,data/videos_v3/int_500ms/v3_500_00400_soloa.avi,500,0,0,-2.0841,-10.007,-13.3899,-13.5617,-12.6477,8,b,No,No.
order_real,data/videos_v3/int_500ms/v3_500_00401.avi,500,0,0,-1.0459,-9.2768,-11.6284,-12.0815,-11.5737,8,b,No,No
order_rev,data/videos_v3/int_500ms/v3_500_00401.avi,500,0,0,-0.4107,-9.064,-11.5874,-12.3296,-11.4937,8,b,No,No
order_forced,data/videos_v3/int_500ms/v3_500_00401.avi,500,0,1,0.25,-0.6274,-0.8774,-3.6274,-6.0024,8,b,A,A
interval,data/videos_v3/int_500ms/v3_500_00401.avi,500,A,B,,-1.7081,-1.2862,-1.3018,-1.4268,8,b,B,B
order_32f,data/videos_v3/int_500ms/v3_500_00401.avi,500,0,0,-0.5059,-8.7193,-11.7115,-11.8912,-11.7584,32,b,No,No.
moved_real,data/videos_v3/int_500ms/v3_500_00401.avi,500,1,0,-1.2883,-9.4267,-12.7001,-12.6376,-12.0986,8,b,No,No.
moved_twin,data/twin_v3/v3_500_00401.avi,500,0,0,-1.0658,-9.3139,-12.4936,-12.478,-11.9936,8,b,No,No.
still_real,data/videos_v3/int_500ms/v3_500_00401.avi,500,0,1,0.1174,-9.7092,-10.6389,-12.7092,-11.928,8,b,Yes,"Yes, both shapes, the triangle and"
still_twin,data/twin_v3/v3_500_00401.avi,500,1,1,0.0461,-9.7287,-10.6194,-12.6975,-11.9397,8,b,Yes,"Yes, both shapes, the triangle and"
order_twin,data/twin_v3/v3_500_00401.avi,500,-1,0,-0.9831,-9.2528,-11.5575,-12.034,-11.5653,8,b,No,No.
moved_solo_hit,data/videos_v3/int_500ms/v3_500_00401_solob.avi,500,1,0,-1.2594,-9.38,-12.63,-12.5987,-12.0987,8,b,No,No.
moved_solo_fa,data/videos_v3/int_500ms/v3_500_00401_soloa.avi,500,0,0,-1.1433,-9.332,-12.6054,-12.5507,-12.0586,8,b,No,No.
order_real,data/videos_v3/int_500ms/v3_500_00402.avi,500,1,0,-0.7897,-9.3803,-11.8569,-11.9975,-11.7397,8,b,No,No
order_rev,data/videos_v3/int_500ms/v3_500_00402.avi,500,1,0,-1.1434,-9.4669,-12.256,-12.5997,-12.0294,8,b,No,No
order_forced,data/videos_v3/int_500ms/v3_500_00402.avi,500,1,1,0.5625,-0.5059,-1.0684,-3.3652,-6.4277,8,b,A,A
interval,data/videos_v3/int_500ms/v3_500_00402.avi,500,A,B,,-1.5278,-1.2778,-1.4028,-1.5278,8,b,B,B
order_32f,data/videos_v3/int_500ms/v3_500_00402.avi,500,1,0,-0.4695,-8.8623,-11.8935,-11.7295,-11.9638,32,b,No,No.
moved_real,data/videos_v3/int_500ms/v3_500_00402.avi,500,1,0,-1.8844,-9.9944,-13.5882,-12.971,-12.8382,8,b,No,No.
moved_twin,data/twin_v3/v3_500_00402.avi,500,0,0,-1.921,-10.1176,-13.7035,-13.0629,-12.9067,8,b,No,No.
still_real,data/videos_v3/int_500ms/v3_500_00402.avi,500,0,1,0.6386,-9.9331,-10.4409,-12.8627,-12.1049,8,b,Yes,"Yes, both shapes stayed still the whole"
still_twin,data/twin_v3/v3_500_00402.avi,500,1,1,1.0274,-10.0156,-10.4219,-12.914,-12.2031,8,b,Yes,"Yes, both shapes stayed still the entire"
order_twin,data/twin_v3/v3_500_00402.avi,500,-1,0,-0.8946,-9.4532,-11.9141,-12.0469,-11.7657,8,b,No,No
moved_solo_hit,data/videos_v3/int_500ms/v3_500_00402_solob.avi,500,1,0,-1.9255,-10.1189,-13.6814,-13.0798,-12.9001,8,b,No,No.
moved_solo_fa,data/videos_v3/int_500ms/v3_500_00402_soloa.avi,500,0,0,-1.8596,-9.9825,-13.5528,-12.9434,-12.8106,8,b,No,No.
order_real,data/videos_v3/int_500ms/v3_500_00403.avi,500,1,0,-0.7856,-9.2669,-11.6028,-12.1028,-11.4466,8,a,No,No
order_rev,data/videos_v3/int_500ms/v3_500_00403.avi,500,1,0,-0.7032,-9.2983,-11.6967,-12.3921,-11.3921,8,a,No,No
order_forced,data/videos_v3/int_500ms/v3_500_00403.avi,500,1,1,0.1406,-0.6715,-0.8121,-3.6559,-5.3121,8,a,A,A
interval,data/videos_v3/int_500ms/v3_500_00403.avi,500,A,B,,-1.6304,-1.1929,-1.3335,-1.5679,8,a,B,B
order_32f,data/videos_v3/int_500ms/v3_500_00403.avi,500,1,0,-0.9091,-8.9055,-11.6399,-11.8039,-11.7571,32,a,No,No.
moved_real,data/videos_v3/int_500ms/v3_500_00403.avi,500,1,0,-1.3849,-9.5543,-12.9762,-12.5543,-12.0074,8,a,No,No.
moved_twin,data/twin_v3/v3_500_00403.avi,500,0,0,-1.2816,-9.5276,-12.8948,-12.4573,-11.9885,8,a,No,No.
still_real,data/videos_v3/int_500ms/v3_500_00403.avi,500,0,1,0.6281,-9.7505,-10.2817,-12.4302,-11.4146,8,a,Yes,"Yes, both shapes stayed still the whole"
still_twin,data/twin_v3/v3_500_00403.avi,500,1,1,0.6185,-9.7627,-10.2861,-12.4502,-11.3877,8,a,Yes,"Yes, both shapes stayed still the whole"
order_twin,data/twin_v3/v3_500_00403.avi,500,-1,0,-0.7377,-9.2658,-11.5627,-12.0314,-11.4064,8,a,No,No
moved_solo_hit,data/videos_v3/int_500ms/v3_500_00403_soloa.avi,500,1,0,-1.3667,-9.6097,-13.0003,-12.6332,-12.0394,8,a,No,No.
moved_solo_fa,data/videos_v3/int_500ms/v3_500_00403_solob.avi,500,0,0,-1.2844,-9.5289,-12.9274,-12.443,-11.9977,8,a,No,No.
order_real,data/videos_v3/int_500ms/v3_500_00404.avi,500,1,0,-1.2176,-9.3855,-11.8309,-12.3387,-11.6277,8,a,No,No
order_rev,data/videos_v3/int_500ms/v3_500_00404.avi,500,1,0,-1.0145,-9.3231,-11.9403,-12.6434,-11.6747,8,a,No,No
order_forced,data/videos_v3/int_500ms/v3_500_00404.avi,500,1,1,0.6406,-0.4607,-1.1013,-3.867,-5.9295,8,a,A,A
interval,data/videos_v3/int_500ms/v3_500_00404.avi,500,A,B,,-1.6869,-1.1869,-1.3744,-1.515,8,a,B,B
order_32f,data/videos_v3/int_500ms/v3_500_00404.avi,500,1,0,-0.9554,-8.8641,-12.0516,-12.2938,-11.8875,32,a,No,No.
moved_real,data/videos_v3/int_500ms/v3_500_00404.avi,500,1,0,-2.332,-10.2087,-13.6462,-13.6931,-12.8962,8,a,No,No.
moved_twin,data/twin_v3/v3_500_00404.avi,500,0,0,-1.7967,-9.9495,-13.2073,-13.3167,-12.5042,8,a,No,No.
still_real,data/videos_v3/int_500ms/v3_500_00404.avi,500,0,1,0.0459,-9.8677,-10.7505,-12.9224,-12.0005,8,a,Yes,"Yes, both shapes, the yellow square"
still_twin,data/twin_v3/v3_500_00404.avi,500,1,1,0.2061,-9.8888,-10.7482,-12.9279,-12.006,8,a,Yes,"Yes, both shapes stayed still the whole"
order_twin,data/twin_v3/v3_500_00404.avi,500,-1,0,-1.018,-9.3763,-11.7825,-12.2904,-11.5794,8,a,No,No
moved_solo_hit,data/videos_v3/int_500ms/v3_500_00404_soloa.avi,500,1,0,-2.094,-10.0289,-13.4039,-13.4898,-12.6851,8,a,No,No.
moved_solo_fa,data/videos_v3/int_500ms/v3_500_00404_solob.avi,500,0,0,-1.8704,-9.9814,-13.2627,-13.3877,-12.583,8,a,No,No.
order_real,data/videos_v3/int_500ms/v3_500_00405.avi,500,1,0,-0.8395,-9.372,-11.6845,-12.6298,-11.4814,8,a,No,No
order_rev,data/videos_v3/int_500ms/v3_500_00405.avi,500,1,0,-0.677,-9.0297,-11.4437,-12.4437,-11.3265,8,a,No,No
order_forced,data/videos_v3/int_500ms/v3_500_00405.avi,500,1,1,0.2656,-0.6075,-0.8731,-4.1856,-5.17,8,a,A,A
interval,data/videos_v3/int_500ms/v3_500_00405.avi,500,A,B,,-1.693,-1.1618,-1.3493,-1.5368,8,a,B,B
order_32f,data/videos_v3/int_500ms/v3_500_00405.avi,500,1,0,-0.8662,-9.1258,-11.7586,-12.6414,-11.8367,32,a,No,No.
moved_real,data/videos_v3/int_500ms/v3_500_00405.avi,500,1,0,-1.9194,-9.8773,-13.2132,-13.4398,-12.2992,8,a,No,No.
moved_twin,data/twin_v3/v3_500_00405.avi,500,0,0,-2.1957,-10.0645,-13.4551,-13.666,-12.4317,8,a,No,No.
still_real,data/videos_v3/int_500ms/v3_500_00405.avi,500,0,1,0.3953,-9.6428,-10.2834,-12.4084,-11.3303,8,a,Yes,"Yes, both shapes stayed still the whole"
still_twin,data/twin_v3/v3_500_00405.avi,500,1,1,0.4654,-9.6382,-10.3804,-12.4195,-11.3335,8,a,Yes,"Yes, both shapes stayed still the whole"
order_twin,data/twin_v3/v3_500_00405.avi,500,-1,0,-0.8711,-9.3717,-11.6296,-12.6374,-11.4811,8,a,No,No
moved_solo_hit,data/videos_v3/int_500ms/v3_500_00405_soloa.avi,500,1,0,-2.1111,-9.9777,-13.3683,-13.5949,-12.3918,8,a,No,No.
moved_solo_fa,data/videos_v3/int_500ms/v3_500_00405_solob.avi,500,0,0,-2.0274,-9.9817,-13.2942,-13.5442,-12.3645,8,a,No,No.
order_real,data/videos_v3/int_500ms/v3_500_00406.avi,500,1,0,-0.6511,-9.1939,-11.6783,-12.1236,-11.4908,8,a,No,No
order_rev,data/videos_v3/int_500ms/v3_500_00406.avi,500,1,0,-1.0094,-9.2201,-12.1185,-12.3451,-11.6966,8,a,No,No
order_forced,data/videos_v3/int_500ms/v3_500_00406.avi,500,1,1,0.3437,-0.5995,-0.9432,-3.0995,-5.787,8,a,A,A
interval,data/videos_v3/int_500ms/v3_500_00406.avi,500,A,B,,-1.5712,-1.2587,-1.3681,-1.6494,8,a,B,B
order_32f,data/videos_v3/int_500ms/v3_500_00406.avi,500,1,0,-0.5295,-8.8036,-11.8426,-12.038,-11.7176,32,a,No,No.
moved_real,data/videos_v3/int_500ms/v3_500_00406.avi,500,1,0,-1.899,-9.7309,-13.098,-13.4418,-12.3324,8,a,No,No.
moved_twin,data/twin_v3/v3_500_00406.avi,500,0,0,-1.6569,-9.6484,-12.9921,-13.3125,-12.25,8,a,No,No.
still_real,data/videos_v3/int_500ms/v3_500_00406.avi,500,0,1,0.3001,-9.5707,-10.266,-12.516,-11.6567,8,a,Yes,"Yes, both shapes stayed still the whole"
still_twin,data/twin_v3/v3_500_00406.avi,500,1,1,0.2863,-9.6226,-10.3414,-12.5601,-11.6851,8,a,Yes,"Yes, both shapes stayed still the whole"
order_twin,data/twin_v3/v3_500_00406.avi,500,-1,0,-0.5843,-9.1895,-11.7129,-12.0801,-11.4786,8,a,No,No
moved_solo_hit,data/videos_v3/int_500ms/v3_500_00406_soloa.avi,500,1,0,-1.7367,-9.6161,-12.9599,-13.2724,-12.2255,8,a,No,No.
moved_solo_fa,data/videos_v3/int_500ms/v3_500_00406_solob.avi,500,0,0,-1.5871,-9.5762,-12.92,-13.2559,-12.1934,8,a,No,No.
order_real,data/videos_v3/int_500ms/v3_500_00407.avi,500,1,0,-0.3279,-9.3954,-11.6923,-12.1923,-11.6532,8,a,No,No
order_rev,data/videos_v3/int_500ms/v3_500_00407.avi,500,1,0,-0.3753,-9.031,-11.7498,-11.8201,-11.6014,8,a,No,No
order_forced,data/videos_v3/int_500ms/v3_500_00407.avi,500,1,1,0.5,-0.5265,-1.0265,-3.1983,-5.8077,8,a,A,A
interval,data/videos_v3/int_500ms/v3_500_00407.avi,500,A,B,,-1.5595,-1.2939,-1.3095,-1.5126,8,a,B,B
order_32f,data/videos_v3/int_500ms/v3_500_00407.avi,500,1,0,-0.2217,-9.1206,-12.0737,-12.3081,-12.23,32,a,No,No.
moved_real,data/videos_v3/int_500ms/v3_500_00407.avi,500,1,0,-0.6427,-9.3442,-12.6254,-12.7973,-12.0395,8,a,No,No.
moved_twin,data/twin_v3/v3_500_00407.avi,500,0,0,-0.6784,-9.2756,-12.4866,-12.6975,-11.9241,8,a,No,No.
still_real,data/videos_v3/int_500ms/v3_500_00407.avi,500,0,1,0.1899,-9.7196,-10.4149,-12.6493,-11.7508,8,a,Yes,"Yes, both shapes stayed still the whole"
still_twin,data/twin_v3/v3_500_00407.avi,500,1,1,0.2626,-9.5911,-10.4661,-12.4896,-11.6224,8,a,Yes,"Yes, both shapes stayed still the whole"
order_twin,data/twin_v3/v3_500_00407.avi,500,-1,0,-0.379,-9.3275,-11.6165,-12.0931,-11.5775,8,a,No,No
moved_solo_hit,data/videos_v3/int_500ms/v3_500_00407_soloa.avi,500,1,0,-0.5483,-9.2647,-12.5616,-12.6866,-11.9756,8,a,No,No.
moved_solo_fa,data/videos_v3/int_500ms/v3_500_00407_solob.avi,500,0,0,-0.709,-9.3143,-12.5252,-12.783,-11.9783,8,a,No,No.
order_real,data/videos_v3/int_500ms/v3_500_00408.avi,500,1,0,-1.2507,-9.3814,-11.897,-12.5454,-11.6158,8,b,No,No
order_rev,data/videos_v3/int_500ms/v3_500_00408.avi,500,1,0,-0.7709,-9.0957,-11.7989,-12.4082,-11.4082,8,b,No,No
order_forced,data/videos_v3/int_500ms/v3_500_00408.avi,500,1,1,0.6094,-0.4753,-1.0847,-3.9128,-5.6784,8,b,A,A
interval,data/videos_v3/int_500ms/v3_500_00408.avi,500,A,B,,-1.6542,-1.2635,-1.3104,-1.5292,8,b,B,B
order_32f,data/videos_v3/int_500ms/v3_500_00408.avi,500,1,0,-1.1436,-8.9304,-12.0867,-12.4539,-11.8758,32,b,No,No.
moved_real,data/videos_v3/int_500ms/v3_500_00408.avi,500,1,0,-2.1316,-9.8224,-13.4317,-13.3927,-12.4942,8,b,No,No.
moved_twin,data/twin_v3/v3_500_00408.avi,500,0,0,-2.2685,-9.86,-13.5319,-13.4382,-12.571,8,b,No,No.
still_real,data/videos_v3/int_500ms/v3_500_00408.avi,500,0,1,0.4799,-9.6757,-10.8007,-12.582,-11.8007,8,b,Yes,"Yes, both shapes, the triangle and"
still_twin,data/twin_v3/v3_500_00408.avi,500,1,1,0.6183,-9.6038,-10.6898,-12.4632,-11.6976,8,b,Yes,"Yes, both shapes, the square and"
order_twin,data/twin_v3/v3_500_00408.avi,500,-1,0,-1.342,-9.3581,-11.9206,-12.53,-11.6315,8,b,No,No
moved_solo_hit,data/videos_v3/int_500ms/v3_500_00408_solob.avi,500,1,0,-2.2186,-9.8837,-13.4775,-13.4306,-12.5322,8,b,No,No.
moved_solo_fa,data/videos_v3/int_500ms/v3_500_00408_soloa.avi,500,0,0,-2.2929,-9.943,-13.6461,-13.5367,-12.6461,8,b,No,No.
order_real,data/videos_v3/int_500ms/v3_500_00409.avi,500,1,0,-0.6664,-9.273,-11.773,-11.8433,-11.6168,8,b,No,No
order_rev,data/videos_v3/int_500ms/v3_500_00409.avi,500,1,0,-1.0673,-9.4013,-12.1045,-12.4795,-11.9013,8,b,No,No
order_forced,data/videos_v3/int_500ms/v3_500_00409.avi,500,1,1,0.5469,-0.5174,-1.0643,-3.2674,-6.0799,8,b,A,A
interval,data/videos_v3/int_500ms/v3_500_00409.avi,500,A,B,,-1.5083,-1.3208,-1.4301,-1.4614,8,b,B,B
order_32f,data/videos_v3/int_500ms/v3_500_00409.avi,500,1,0,-0.4573,-8.8924,-11.9862,-11.6581,-11.9549,32,b,No,No.
moved_real,data/videos_v3/int_500ms/v3_500_00409.avi,500,1,0,-1.7508,-9.6829,-13.1204,-12.6126,-12.4876,8,b,No,No.
moved_twin,data/twin_v3/v3_500_00409.avi,500,0,0,-1.8574,-9.814,-13.2827,-12.7515,-12.603,8,b,No,No.
still_real,data/videos_v3/int_500ms/v3_500_00409.avi,500,0,1,0.5862,-9.859,-10.1949,-12.7418,-12.023,8,b,Yes,"Yes, both shapes stayed still the whole"
still_twin,data/twin_v3/v3_500_00409.avi,500,1,1,0.4835,-9.9334,-10.5349,-12.8865,-12.1209,8,b,Yes,"Yes, both shapes stayed still the whole"
order_twin,data/twin_v3/v3_500_00409.avi,500,-1,0,-0.7568,-9.3619,-11.8775,-11.9713,-11.7057,8,b,No,No
moved_solo_hit,data/videos_v3/int_500ms/v3_500_00409_solob.avi,500,1,0,-1.7992,-9.7245,-13.162,-12.6308,-12.5214,8,b,No,No.
moved_solo_fa,data/videos_v3/int_500ms/v3_500_00409_soloa.avi,500,0,0,-1.8692,-9.8222,-13.2676,-12.8066,-12.6269,8,b,No,No.
order_real,data/videos_v3/int_500ms/v3_500_00410.avi,500,0,0,-0.8774,-9.3671,-11.7343,-12.0155,-11.6483,8,a,No,No
order_rev,data/videos_v3/int_500ms/v3_500_00410.avi,500,0,0,-1.2214,-9.4316,-12.2832,-12.4472,-11.8769,8,a,No,No
order_forced,data/videos_v3/int_500ms/v3_500_00410.avi,500,0,1,0.375,-0.5751,-0.9501,-3.2939,-6.3095,8,a,A,A
interval,data/videos_v3/int_500ms/v3_500_00410.avi,500,A,B,,-1.5124,-1.2468,-1.403,-1.5593,8,a,B,B
order_32f,data/videos_v3/int_500ms/v3_500_00410.avi,500,0,0,-0.6805,-9.3204,-12.3126,-12.3673,-12.2735,32,a,No,No.
moved_real,data/videos_v3/int_500ms/v3_500_00410.avi,500,1,0,-2.0369,-10.0505,-13.3083,-13.488,-12.738,8,a,No,No.
moved_twin,data/twin_v3/v3_500_00410.avi,500,0,0,-2.1652,-10.105,-13.4331,-13.5503,-12.8081,8,a,No,No.
still_real,data/videos_v3/int_500ms/v3_500_00410.avi,500,0,1,0.4883,-9.8113,-10.6941,-12.7644,-12.0534,8,a,Yes,"Yes, both shapes stayed still the whole"
still_twin,data/twin_v3/v3_500_00410.avi,500,1,1,0.5508,-9.7696,-10.7306,-12.7227,-12.0587,8,a,Yes,"Yes, both shapes stayed still the whole"
order_twin,data/twin_v3/v3_500_00410.avi,500,-1,0,-0.978,-9.4222,-11.8207,-12.0472,-11.7347,8,a,No,No
moved_solo_hit,data/videos_v3/int_500ms/v3_500_00410_soloa.avi,500,1,0,-2.1019,-10.1014,-13.3983,-13.5311,-12.8045,8,a,No,No.
moved_solo_fa,data/videos_v3/int_500ms/v3_500_00410_solob.avi,500,0,0,-2.0353,-10.0533,-13.2642,-13.5142,-12.7408,8,a,No,No.
order_real,data/videos_v3/int_500ms/v3_500_00411.avi,500,0,0,-0.5442,-9.4719,-11.6125,-12.2687,-11.6281,8,b,No,No
order_rev,data/videos_v3/int_500ms/v3_500_00411.avi,500,0,0,-0.8126,-9.3206,-11.641,-12.3597,-11.7269,8,b,No,No
order_forced,data/videos_v3/int_500ms/v3_500_00411.avi,500,0,1,0.5782,-0.4839,-1.0621,-3.8433,-5.9683,8,b,A,A
interval,data/videos_v3/int_500ms/v3_500_00411.avi,500,A,B,,-1.6108,-1.2202,-1.2827,-1.6108,8,b,B,B
order_32f,data/videos_v3/int_500ms/v3_500_00411.avi,500,0,0,-0.3819,-9.1638,-11.8669,-12.3357,-12.0935,32,b,No,No.
moved_real,data/videos_v3/int_500ms/v3_500_00411.avi,500,1,0,-1.8199,-9.9116,-13.1069,-13.3335,-12.5601,8,b,No,No.
moved_twin,data/twin_v3/v3_500_00411.avi,500,0,0,-1.587,-9.7522,-12.9007,-13.1507,-12.346,8,b,No,No.
still_real,data/videos_v3/int_500ms/v3_500_00411.avi,500,0,1,0.6457,-9.6987,-10.3316,-12.5972,-11.9019,8,b,Yes,"Yes, both shapes stayed still the whole"
still_twin,data/twin_v3/v3_500_00411.avi,500,1,1,0.3223,-9.6419,-10.3997,-12.5481,-11.7669,8,b,Yes,"Yes, both shapes stayed still the whole"
order_twin,data/twin_v3/v3_500_00411.avi,500,-1,0,-0.4639,-9.3854,-11.5182,-12.0963,-11.5182,8,b,No,No
moved_solo_hit,data/videos_v3/int_500ms/v3_500_00411_solob.avi,500,1,0,-1.5808,-9.7617,-12.9102,-13.1602,-12.3399,8,b,No,No.
moved_solo_fa,data/videos_v3/int_500ms/v3_500_00411_soloa.avi,500,0,0,-1.7819,-9.8652,-13.0449,-13.2793,-12.4746,8,b,No,No.
order_real,data/videos_v3/int_500ms/v3_500_00412.avi,500,0,0,-0.8558,-9.5466,-11.8513,-12.2654,-11.7263,8,b,No,No
order_rev,data/videos_v3/int_500ms/v3_500_00412.avi,500,0,0,-1.269,-9.5198,-12.1057,-12.5198,-11.7541,8,b,No,No
order_forced,data/videos_v3/int_500ms/v3_500_00412.avi,500,0,1,0.4844,-0.5217,-1.0061,-3.553,-5.8498,8,b,A,A
interval,data/videos_v3/int_500ms/v3_500_00412.avi,500,A,B,,-1.7159,-1.1222,-1.3409,-1.6222,8,b,B,B
order_32f,data/videos_v3/int_500ms/v3_500_00412.avi,500,0,0,-0.641,-9.2388,-12.3481,-12.4185,-12.2231,32,b,No,No. The green circle did not move
moved_real,data/videos_v3/int_500ms/v3_500_00412.avi,500,1,0,-2.2938,-10.2557,-13.5682,-13.7167,-12.8729,8,b,No,No.
moved_twin,data/twin_v3/v3_500_00412.avi,500,0,0,-2.0776,-10.1069,-13.4038,-13.56,-12.6928,8,b,No,No.
still_real,data/videos_v3/int_500ms/v3_500_00412.avi,500,0,1,0.2517,-9.7935,-10.7935,-12.7856,-11.9731,8,b,Yes,"Yes, both shapes stayed still the whole"
still_twin,data/twin_v3/v3_500_00412.avi,500,1,1,0.1883,-9.7604,-10.7994,-12.7291,-11.9244,8,b,Yes,"Yes, both shapes stayed still the whole"
order_twin,data/twin_v3/v3_500_00412.avi,500,-1,0,-0.7817,-9.5181,-11.8697,-12.2369,-11.69,8,b,No,No
moved_solo_hit,data/videos_v3/int_500ms/v3_500_00412_solob.avi,500,1,0,-2.1333,-10.1346,-13.4237,-13.5877,-12.7127,8,b,No,No.
moved_solo_fa,data/videos_v3/int_500ms/v3_500_00412_soloa.avi,500,0,0,-2.1787,-10.1436,-13.3858,-13.5811,-12.7061,8,b,No,No.
order_real,data/videos_v3/int_500ms/v3_500_00413.avi,500,0,0,-0.5456,-9.1937,-11.1703,-11.9749,-11.2874,8,b,No,No
order_rev,data/videos_v3/int_500ms/v3_500_00413.avi,500,0,0,-0.9063,-9.2133,-11.7367,-12.3851,-11.5414,8,b,No,No
order_forced,data/videos_v3/int_500ms/v3_500_00413.avi,500,0,1,0.4375,-0.532,-0.9695,-4.0164,-6.0477,8,b,A,A
interval,data/videos_v3/int_500ms/v3_500_00413.avi,500,A,B,,-1.566,-1.2378,-1.3628,-1.5347,8,b,B,B
order_32f,data/videos_v3/int_500ms/v3_500_00413.avi,500,0,0,-0.4506,-8.801,-11.4729,-12.1447,-11.6526,32,b,No,No.
moved_real,data/videos_v3/int_500ms/v3_500_00413.avi,500,1,0,-1.7338,-9.8515,-12.8905,-12.9843,-12.3593,8,b,No,No.
moved_twin,data/twin_v3/v3_500_00413.avi,500,0,0,-1.5753,-9.6835,-12.66,-12.8944,-12.2538,8,b,No,No.
still_real,data/videos_v3/int_500ms/v3_500_00413.avi,500,0,1,-0.0837,-9.5365,-10.3333,-12.4818,-11.6927,8,b,Yes,"Yes, both shapes stayed still the whole"
still_twin,data/twin_v3/v3_500_00413.avi,500,1,0,-0.2055,-9.6056,-10.465,-12.5744,-11.8166,8,b,No,"No, in the video, one of"
order_twin,data/twin_v3/v3_500_00413.avi,500,-1,0,-0.5608,-9.1343,-11.1499,-12.0327,-11.3374,8,b,No,No
moved_solo_hit,data/videos_v3/int_500ms/v3_500_00413_solob.avi,500,1,0,-1.5558,-9.7204,-12.7673,-12.9469,-12.3141,8,b,No,No.
moved_solo_fa,data/videos_v3/int_500ms/v3_500_00413_soloa.avi,500,0,0,-1.743,-9.8438,-12.8282,-12.9454,-12.3594,8,b,No,No.
order_real,data/videos_v3/int_500ms/v3_500_00414.avi,500,0,0,-0.6907,-9.4644,-11.6675,-12.191,-11.5191,8,a,No,No
order_rev,data/videos_v3/int_500ms/v3_500_00414.avi,500,0,0,-0.9109,-9.26,-11.885,-12.1038,-11.6272,8,a,No,No
order_forced,data/videos_v3/int_500ms/v3_500_00414.avi,500,0,1,0.5,-0.5109,-1.0109,-3.7296,-6.0421,8,a,A,A
interval,data/videos_v3/int_500ms/v3_500_00414.avi,500,A,B,,-1.6157,-1.2251,-1.4282,-1.5376,8,a,B,B
order_32f,data/videos_v3/int_500ms/v3_500_00414.avi,500,0,0,-0.5304,-9.1336,-12.1492,-12.243,-12.0164,32,a,No,No.
moved_real,data/videos_v3/int_500ms/v3_500_00414.avi,500,1,0,-2.6949,-10.3954,-13.7626,-14.0439,-13.0751,8,a,No,No.
moved_twin,data/twin_v3/v3_500_00414.avi,500,0,0,-2.5921,-10.3927,-13.7599,-14.0724,-13.1193,8,a,No,No.
still_real,data/videos_v3/int_500ms/v3_500_00414.avi,500,0,1,0.2681,-9.7568,-10.6396,-12.7412,-11.9365,8,a,Yes,"Yes, both shapes stayed still the whole"
still_twin,data/twin_v3/v3_500_00414.avi,500,1,1,0.2282,-9.7723,-10.8348,-12.8036,-12.0145,8,a,Yes,"Yes, both shapes stayed still the whole"
order_twin,data/twin_v3/v3_500_00414.avi,500,-1,0,-0.6728,-9.4888,-11.6841,-12.2545,-11.5982,8,a,No,No
moved_solo_hit,data/videos_v3/int_500ms/v3_500_00414_soloa.avi,500,1,0,-2.5677,-10.2985,-13.6892,-13.986,-13.0173,8,a,No,No.
moved_solo_fa,data/videos_v3/int_500ms/v3_500_00414_solob.avi,500,0,0,-2.6844,-10.4717,-13.8311,-14.1279,-13.167,8,a,No,No.
order_real,data/videos_v3/int_500ms/v3_500_00415.avi,500,1,0,-1.0213,-9.3559,-11.5903,-12.4028,-11.4653,8,b,No,No
order_rev,data/videos_v3/int_500ms/v3_500_00415.avi,500,1,0,-0.6031,-9.0989,-11.677,-12.4192,-11.4114,8,b,No,No
order_forced,data/videos_v3/int_500ms/v3_500_00415.avi,500,1,1,0.4062,-0.5522,-0.9584,-3.6928,-5.8178,8,b,A,A
interval,data/videos_v3/int_500ms/v3_500_00415.avi,500,A,B,,-1.5611,-1.2486,-1.3736,-1.4986,8,b,B,B
order_32f,data/videos_v3/int_500ms/v3_500_00415.avi,500,1,0,-0.6846,-8.7762,-11.7059,-12.3231,-11.6512,32,b,No,No.
moved_real,data/videos_v3/int_500ms/v3_500_00415.avi,500,1,0,-1.7476,-9.8592,-13.0545,-13.3983,-12.3905,8,b,No,No.
moved_twin,data/twin_v3/v3_500_00415.avi,500,0,0,-1.9143,-9.8971,-13.1706,-13.4987,-12.5221,8,b,No,No.
still_real,data/videos_v3/int_500ms/v3_500_00415.avi,500,0,1,0.3375,-9.7036,-10.2114,-12.5161,-11.5864,8,b,Yes,"Yes, both shapes, the blue square"
still_twin,data/twin_v3/v3_500_00415.avi,500,1,1,0.2956,-9.6333,-10.1724,-12.4536,-11.5864,8,b,Yes,"Yes, both shapes, the blue square"
order_twin,data/twin_v3/v3_500_00415.avi,500,-1,0,-0.914,-9.3125,-11.6484,-12.3828,-11.4609,8,b,No,No
moved_solo_hit,data/videos_v3/int_500ms/v3_500_00415_solob.avi,500,1,0,-1.8215,-9.8591,-13.0778,-13.4294,-12.4216,8,b,No,No.
moved_solo_fa,data/videos_v3/int_500ms/v3_500_00415_soloa.avi,500,0,0,-1.9161,-9.914,-13.1796,-13.4921,-12.5155,8,b,No,No.
order_real,data/videos_v3/int_500ms/v3_500_00416.avi,500,1,0,-1.7585,-9.8239,-11.9801,-12.9801,-12.0348,8,a,No,No.
order_rev,data/videos_v3/int_500ms/v3_500_00416.avi,500,1,0,-1.7669,-9.6624,-12.2561,-13.1389,-11.9592,8,a,No,No
order_forced,data/videos_v3/int_500ms/v3_500_00416.avi,500,1,1,0.4062,-0.5492,-0.9554,-4.3304,-6.8148,8,a,A,A
interval,data/videos_v3/int_500ms/v3_500_00416.avi,500,A,B,,-1.6094,-1.1719,-1.4376,-1.5157,8,a,B,B
order_32f,data/videos_v3/int_500ms/v3_500_00416.avi,500,1,0,-1.2079,-9.0927,-11.7958,-12.6005,-11.8583,32,a,No,No.
moved_real,data/videos_v3/int_500ms/v3_500_00416.avi,500,1,0,-2.7869,-10.5995,-13.8964,-14.3807,-13.3573,8,a,No,No.
moved_twin,data/twin_v3/v3_500_00416.avi,500,0,0,-2.5179,-10.344,-13.6252,-14.0627,-13.0783,8,a,No,No.
still_real,data/videos_v3/int_500ms/v3_500_00416.avi,500,0,1,0.9408,-9.9483,-10.6671,-12.8468,-12.0968,8,a,Yes,"Yes, both shapes stayed still the whole"
still_twin,data/twin_v3/v3_500_00416.avi,500,1,1,0.5387,-9.8809,-10.7325,-12.7872,-12.0059,8,a,Yes,"Yes, both shapes stayed still the entire"
order_twin,data/twin_v3/v3_500_00416.avi,500,-1,0,-1.5754,-9.6483,-11.828,-12.7342,-11.8358,8,a,No,No.
moved_solo_hit,data/videos_v3/int_500ms/v3_500_00416_soloa.avi,500,1,0,-2.6205,-10.4168,-13.7058,-14.1746,-13.1433,8,a,No,No.
moved_solo_fa,data/videos_v3/int_500ms/v3_500_00416_solob.avi,500,0,0,-2.6883,-10.4674,-13.7565,-14.2408,-13.2487,8,a,No,No.
order_real,data/videos_v3/int_500ms/v3_500_00417.avi,500,0,0,-1.1511,-9.5978,-11.8712,-12.6916,-11.6291,8,a,No,No
order_rev,data/videos_v3/int_500ms/v3_500_00417.avi,500,0,0,-1.1561,-9.6268,-12.3221,-13.0252,-11.9393,8,a,No,No
order_forced,data/videos_v3/int_500ms/v3_500_00417.avi,500,0,1,0.5937,-0.4668,-1.0605,-4.0918,-5.5761,8,a,A,A
interval,data/videos_v3/int_500ms/v3_500_00417.avi,500,A,B,,-1.5904,-1.2467,-1.3873,-1.4811,8,a,B,B
order_32f,data/videos_v3/int_500ms/v3_500_00417.avi,500,0,0,-1.0175,-9.0412,-11.8928,-12.6897,-11.7287,32,a,No,No.
moved_real,data/videos_v3/int_500ms/v3_500_00417.avi,500,1,0,-2.5166,-10.4934,-13.845,-14.1966,-13.1106,8,a,No,No.
moved_twin,data/twin_v3/v3_500_00417.avi,500,0,0,-2.4965,-10.6213,-14.0119,-14.4338,-13.2853,8,a,No,No.
still_real,data/videos_v3/int_500ms/v3_500_00417.avi,500,0,1,0.4957,-9.9356,-10.9434,-12.834,-12.0059,8,a,Yes,"Yes, both shapes stayed still the entire"
still_twin,data/twin_v3/v3_500_00417.avi,500,1,1,0.897,-9.9561,-11.1592,-12.8624,-12.0889,8,a,Yes,"Yes, both shapes stayed still the entire"
order_twin,data/twin_v3/v3_500_00417.avi,500,-1,0,-1.0661,-9.5788,-11.9225,-12.7663,-11.7272,8,a,No,No
moved_solo_hit,data/videos_v3/int_500ms/v3_500_00417_soloa.avi,500,1,0,-2.4544,-10.4841,-13.8434,-14.2341,-13.1481,8,a,No,No.
moved_solo_fa,data/videos_v3/int_500ms/v3_500_00417_solob.avi,500,0,0,-2.4136,-10.4981,-13.8341,-14.2559,-13.1544,8,a,No,No.
order_real,data/videos_v3/int_500ms/v3_500_00418.avi,500,1,0,-0.8182,-9.4022,-11.6522,-12.4178,-11.5272,8,b,No,No
order_rev,data/videos_v3/int_500ms/v3_500_00418.avi,500,1,0,-0.9931,-9.1939,-11.8268,-12.358,-11.6471,8,b,No,No
order_forced,data/videos_v3/int_500ms/v3_500_00418.avi,500,1,1,0.3593,-0.5733,-0.9326,-3.6201,-5.5264,8,b,A,A
interval,data/videos_v3/int_500ms/v3_500_00418.avi,500,A,B,,-1.5826,-1.2388,-1.3951,-1.5045,8,b,B,B
order_32f,data/videos_v3/int_500ms/v3_500_00418.avi,500,1,0,-0.7104,-8.99,-11.8025,-12.5212,-11.74,32,b,No,No.
moved_real,data/videos_v3/int_500ms/v3_500_00418.avi,500,1,0,-1.7597,-9.8575,-13.1622,-13.4747,-12.506,8,b,No,No.
moved_twin,data/twin_v3/v3_500_00418.avi,500,0,0,-1.8427,-9.7895,-13.1333,-13.4145,-12.4614,8,b,No,No.
still_real,data/videos_v3/int_500ms/v3_500_00418.avi,500,0,1,0.3391,-9.9115,-10.7084,-12.9271,-11.9662,8,b,Yes,"Yes, both shapes stayed still the whole"
still_twin,data/twin_v3/v3_500_00418.avi,500,1,1,0.3251,-9.8048,-10.5782,-12.8282,-11.9142,8,b,Yes,"Yes, both shapes stayed still the whole"
order_twin,data/twin_v3/v3_500_00418.avi,500,-1,0,-0.8407,-9.3734,-11.5999,-12.3656,-11.514,8,b,No,No
moved_solo_hit,data/videos_v3/int_500ms/v3_500_00418_solob.avi,500,1,0,-1.78,-9.8261,-13.2089,-13.4902,-12.5449,8,b,No,No.
moved_solo_fa,data/videos_v3/int_500ms/v3_500_00418_soloa.avi,500,0,0,-1.7217,-9.781,-13.0779,-13.3826,-12.3982,8,b,No,No.
order_real,data/videos_v3/int_500ms/v3_500_00419.avi,500,1,0,-0.9981,-9.4027,-11.8011,-12.3558,-11.6292,8,a,No,No
order_rev,data/videos_v3/int_500ms/v3_500_00419.avi,500,1,0,-1.0484,-9.2805,-11.9602,-12.6321,-11.7805,8,a,No,No
order_forced,data/videos_v3/int_500ms/v3_500_00419.avi,500,1,1,0.5782,-0.4871,-1.0653,-3.7371,-5.8465,8,a,A,A
interval,data/videos_v3/int_500ms/v3_500_00419.avi,500,A,B,,-1.5574,-1.2293,-1.4011,-1.5418,8,a,B,B
order_32f,data/videos_v3/int_500ms/v3_500_00419.avi,500,1,0,-0.9465,-8.8579,-11.9282,-12.2954,-11.811,32,a,No,No.
moved_real,data/videos_v3/int_500ms/v3_500_00419.avi,500,1,0,-2.5163,-10.4615,-13.9303,-14.0006,-13.1959,8,a,No,No.
moved_twin,data/twin_v3/v3_500_00419.avi,500,0,0,-2.5051,-10.4226,-13.8601,-13.9304,-13.0945,8,a,No,No.
still_real,data/videos_v3/int_500ms/v3_500_00419.avi,500,0,1,0.1665,-9.757,-10.4602,-12.8352,-12.007,8,a,Yes,"Yes, both shapes stayed still the entire"
still_twin,data/twin_v3/v3_500_00419.avi,500,1,1,0.2515,-9.711,-10.3594,-12.7656,-11.9531,8,a,Yes,"Yes, both shapes stayed still the whole"
order_twin,data/twin_v3/v3_500_00419.avi,500,-1,0,-0.9485,-9.3452,-11.7045,-12.3061,-11.5639,8,a,No,No
moved_solo_hit,data/videos_v3/int_500ms/v3_500_00419_soloa.avi,500,1,0,-2.2877,-10.2533,-13.6752,-13.7845,-12.9486,8,a,No,No.
moved_solo_fa,data/videos_v3/int_500ms/v3_500_00419_solob.avi,500,0,0,-2.7234,-10.6316,-14.1394,-14.1863,-13.3426,8,a,No,No.
order_real,data/videos_v3/int_500ms/v3_500_00420.avi,500,0,0,-0.9021,-9.3622,-11.4012,-12.5497,-11.4403,8,b,No,No
order_rev,data/videos_v3/int_500ms/v3_500_00420.avi,500,0,0,-1.2333,-9.5417,-12.0339,-12.9324,-11.7527,8,b,No,No
order_forced,data/videos_v3/int_500ms/v3_500_00420.avi,500,0,1,0.2969,-0.5938,-0.8907,-4.2657,-6.2344,8,b,A,A
interval,data/videos_v3/int_500ms/v3_500_00420.avi,500,A,B,,-1.6702,-1.0921,-1.4515,-1.5765,8,b,B,B
order_real,data/videos_v3/int_500ms/v3_500_00421.avi,500,1,0,-0.5666,-9.2364,-11.5177,-12.4786,-11.4552,8,b,No,No
order_rev,data/videos_v3/int_500ms/v3_500_00421.avi,500,1,0,-0.7813,-9.2358,-11.7045,-12.6186,-11.6264,8,b,No,No
order_forced,data/videos_v3/int_500ms/v3_500_00421.avi,500,1,1,0.3907,-0.5563,-0.947,-3.947,-5.2438,8,b,A,A
interval,data/videos_v3/int_500ms/v3_500_00421.avi,500,A,B,,-1.7339,-1.2339,-1.2808,-1.4683,8,b,B,B
order_real,data/videos_v3/int_500ms/v3_500_00422.avi,500,1,0,-1.3683,-9.7382,-12.0273,-12.6367,-11.9023,8,b,No,No
order_rev,data/videos_v3/int_500ms/v3_500_00422.avi,500,1,0,-0.9466,-9.3999,-11.8452,-12.5483,-11.7749,8,b,No,No
order_forced,data/videos_v3/int_500ms/v3_500_00422.avi,500,1,1,0.5782,-0.4889,-1.0671,-3.9889,-5.6921,8,b,A,A
interval,data/videos_v3/int_500ms/v3_500_00422.avi,500,A,B,,-1.683,-1.2611,-1.3549,-1.4174,8,b,B,B
order_real,data/videos_v3/int_500ms/v3_500_00423.avi,500,1,0,-1.1401,-9.4797,-11.7219,-12.5735,-11.675,8,b,No,No
order_rev,data/videos_v3/int_500ms/v3_500_00423.avi,500,1,0,-1.4389,-9.547,-12.3205,-12.7892,-11.9611,8,b,No,No
order_forced,data/videos_v3/int_500ms/v3_500_00423.avi,500,1,1,0.4844,-0.5255,-1.0099,-4.088,-5.9474,8,b,A,A
interval,data/videos_v3/int_500ms/v3_500_00423.avi,500,A,B,,-1.6724,-1.2036,-1.4067,-1.4849,8,b,B,B
order_real,data/videos_v3/int_500ms/v3_500_00424.avi,500,0,0,-0.8212,-9.5646,-11.6974,-12.2364,-11.838,8,b,No,No
order_rev,data/videos_v3/int_500ms/v3_500_00424.avi,500,0,0,-0.7261,-9.5164,-11.8602,-12.4383,-11.868,8,b,No,No
order_forced,data/videos_v3/int_500ms/v3_500_00424.avi,500,0,1,0.4375,-0.5584,-0.9959,-3.199,-5.949,8,b,A,A
interval,data/videos_v3/int_500ms/v3_500_00424.avi,500,A,B,,-1.6889,-1.2202,-1.2827,-1.517,8,b,B,B
order_real,data/videos_v3/int_500ms/v3_500_00425.avi,500,1,0,-0.7207,-9.1125,-11.4562,-12.3469,-11.3781,8,a,No,No
order_rev,data/videos_v3/int_500ms/v3_500_00425.avi,500,1,0,-0.7346,-9.0103,-11.6587,-12.4165,-11.4087,8,a,No,No
order_forced,data/videos_v3/int_500ms/v3_500_00425.avi,500,1,1,0.4219,-0.5419,-0.9638,-3.8232,-5.4326,8,a,A,A
interval,data/videos_v3/int_500ms/v3_500_00425.avi,500,A,B,,-1.6685,-1.1841,-1.356,-1.5747,8,a,B,B
order_real,data/videos_v3/int_500ms/v3_500_00426.avi,500,1,0,-1.1786,-9.6073,-11.8729,-12.7557,-11.7713,8,a,No,No
order_rev,data/videos_v3/int_500ms/v3_500_00426.avi,500,1,0,-1.0409,-9.1267,-11.4704,-12.5564,-11.3689,8,a,No,No
order_forced,data/videos_v3/int_500ms/v3_500_00426.avi,500,1,1,0.4219,-0.5464,-0.9683,-4.3902,-5.8589,8,a,A,A
interval,data/videos_v3/int_500ms/v3_500_00426.avi,500,A,B,,-1.5916,-1.2478,-1.3103,-1.5447,8,a,B,B
order_real,data/videos_v3/int_500ms/v3_500_00427.avi,500,1,0,-0.7548,-9.3119,-11.7494,-12.101,-11.5463,8,b,No,No
order_rev,data/videos_v3/int_500ms/v3_500_00427.avi,500,1,0,-0.8867,-9.2841,-11.9872,-12.4794,-11.6904,8,b,No,No
order_forced,data/videos_v3/int_500ms/v3_500_00427.avi,500,1,1,0.3125,-0.6016,-0.9141,-3.3516,-6.4766,8,b,A,A
interval,data/videos_v3/int_500ms/v3_500_00427.avi,500,A,B,,-1.4907,-1.2407,-1.3969,-1.6782,8,b,B,B
order_real,data/videos_v3/int_500ms/v3_500_00428.avi,500,1,0,-0.8893,-9.4029,-11.8794,-12.0357,-11.7232,8,b,No,No
order_rev,data/videos_v3/int_500ms/v3_500_00428.avi,500,1,0,-0.9378,-9.4317,-12.0332,-12.502,-11.8379,8,b,No,No
order_forced,data/videos_v3/int_500ms/v3_500_00428.avi,500,1,1,0.5313,-0.5029,-1.0342,-3.5498,-6.0342,8,b,A,A
interval,data/videos_v3/int_500ms/v3_500_00428.avi,500,A,B,,-1.5543,-1.2418,-1.4137,-1.5855,8,b,B,B
order_real,data/videos_v3/int_500ms/v3_500_00429.avi,500,0,0,-0.6389,-9.6159,-11.8893,-12.4674,-11.7174,8,b,No,No
order_rev,data/videos_v3/int_500ms/v3_500_00429.avi,500,0,0,-1.2619,-9.7137,-12.3621,-12.8777,-11.9715,8,b,No,No
order_forced,data/videos_v3/int_500ms/v3_500_00429.avi,500,0,1,0.4063,-0.5495,-0.9558,-3.5026,-5.7683,8,b,A,A
interval,data/videos_v3/int_500ms/v3_500_00429.avi,500,A,B,,-1.7153,-1.2153,-1.3247,-1.4809,8,b,B,B
order_real,data/videos_v3/int_500ms/v3_500_00430.avi,500,1,0,-0.7664,-9.3677,-11.6099,-12.2661,-11.6489,8,a,No,No
order_rev,data/videos_v3/int_500ms/v3_500_00430.avi,500,1,0,-0.4395,-9.2031,-11.5312,-12.4453,-11.5624,8,a,No,No
order_forced,data/videos_v3/int_500ms/v3_500_00430.avi,500,1,1,0.25,-0.6232,-0.8732,-3.5607,-6.2638,8,a,A,A
interval,data/videos_v3/int_500ms/v3_500_00430.avi,500,A,B,,-1.6585,-1.2679,-1.2992,-1.471,8,a,B,B
order_real,data/videos_v3/int_500ms/v3_500_00431.avi,500,1,0,-1.0127,-9.404,-11.7556,-12.3493,-11.6775,8,b,No,No
order_rev,data/videos_v3/int_500ms/v3_500_00431.avi,500,1,0,-0.8293,-9.2811,-11.9296,-12.6327,-11.6405,8,b,No,No
order_forced,data/videos_v3/int_500ms/v3_500_00431.avi,500,1,1,0.5,-0.5184,-1.0184,-3.6434,-5.8465,8,b,A,A
interval,data/videos_v3/int_500ms/v3_500_00431.avi,500,A,B,,-1.5845,-1.1939,-1.3814,-1.5376,8,b,B,B
order_real,data/videos_v3/int_500ms/v3_500_00432.avi,500,1,0,-0.585,-9.2664,-11.5711,-12.1648,-11.5164,8,b,No,No
order_rev,data/videos_v3/int_500ms/v3_500_00432.avi,500,1,0,-0.6527,-9.1515,-11.7609,-12.3547,-11.55,8,b,No,No
order_forced,data/videos_v3/int_500ms/v3_500_00432.avi,500,1,1,0.4219,-0.5403,-0.9622,-3.8216,-5.5559,8,b,A,A
interval,data/videos_v3/int_500ms/v3_500_00432.avi,500,A,C,,-1.5216,-1.3185,-1.3029,-1.5997,8,b,C,C
order_real,data/videos_v3/int_500ms/v3_500_00433.avi,500,1,0,-1.005,-9.508,-11.883,-12.2814,-11.7189,8,a,No,No
order_rev,data/videos_v3/int_500ms/v3_500_00433.avi,500,1,0,-0.8542,-9.339,-12.0265,-12.4093,-11.8312,8,a,No,No.
order_forced,data/videos_v3/int_500ms/v3_500_00433.avi,500,1,1,0.4688,-0.551,-1.0198,-3.1135,-6.1604,8,a,A,A
interval,data/videos_v3/int_500ms/v3_500_00433.avi,500,A,B,,-1.6278,-1.2059,-1.3622,-1.5184,8,a,B,B
order_real,data/videos_v3/int_500ms/v3_500_00434.avi,500,1,0,-0.4833,-9.2975,-11.5631,-12.4381,-11.4694,8,a,No,No
order_rev,data/videos_v3/int_500ms/v3_500_00434.avi,500,1,0,-0.6002,-9.1857,-11.7014,-12.5842,-11.5451,8,a,No,No
order_forced,data/videos_v3/int_500ms/v3_500_00434.avi,500,1,1,0.5313,-0.4963,-1.0276,-4.0745,-5.4963,8,a,A,A
interval,data/videos_v3/int_500ms/v3_500_00434.avi,500,A,C,,-1.518,-1.2993,-1.2837,-1.5962,8,a,C,C
order_real,data/videos_v3/int_500ms/v3_500_00435.avi,500,0,0,-1.1993,-9.5463,-11.6323,-12.7651,-11.6323,8,a,No,No
order_rev,data/videos_v3/int_500ms/v3_500_00435.avi,500,0,0,-1.7876,-9.8495,-12.5605,-13.248,-12.123,8,a,No,No
order_forced,data/videos_v3/int_500ms/v3_500_00435.avi,500,0,1,0.4688,-0.5203,-0.9891,-4.1141,-6.0985,8,a,A,A
interval,data/videos_v3/int_500ms/v3_500_00435.avi,500,A,B,,-1.6648,-1.1492,-1.368,-1.5711,8,a,B,B
order_real,data/videos_v3/int_500ms/v3_500_00436.avi,500,1,0,-1.192,-9.4989,-11.7254,-12.5614,-11.6004,8,b,No,No
order_rev,data/videos_v3/int_500ms/v3_500_00436.avi,500,1,0,-0.7801,-9.2108,-11.9139,-12.5233,-11.828,8,b,No,No
order_forced,data/videos_v3/int_500ms/v3_500_00436.avi,500,1,1,0.3281,-0.5833,-0.9114,-3.6301,-6.0833,8,b,A,A
interval,data/videos_v3/int_500ms/v3_500_00436.avi,500,A,B,,-1.695,-1.1481,-1.3669,-1.57,8,b,B,B
order_real,data/videos_v3/int_500ms/v3_500_00437.avi,500,0,0,-1.1215,-9.284,-11.7684,-11.9637,-11.4637,8,b,No,No
order_rev,data/videos_v3/int_500ms/v3_500_00437.avi,500,0,0,-1.2354,-9.2034,-11.9612,-12.2502,-11.4143,8,b,No,No
order_forced,data/videos_v3/int_500ms/v3_500_00437.avi,500,0,1,0.375,-0.5747,-0.9497,-3.5747,-5.7778,8,b,A,A
interval,data/videos_v3/int_500ms/v3_500_00437.avi,500,A,B,,-1.6608,-1.2546,-1.364,-1.4733,8,b,B,B
order_real,data/videos_v3/int_500ms/v3_500_00438.avi,500,1,0,-1.3581,-9.3796,-11.9577,-12.2858,-11.5827,8,a,No,No
order_rev,data/videos_v3/int_500ms/v3_500_00438.avi,500,1,0,-0.9885,-9.2129,-11.9941,-12.1816,-11.5019,8,a,No,No
order_forced,data/videos_v3/int_500ms/v3_500_00438.avi,500,1,1,0.3438,-0.5839,-0.9277,-3.4745,-5.6308,8,a,A,A
interval,data/videos_v3/int_500ms/v3_500_00438.avi,500,A,B,,-1.5369,-1.3025,-1.365,-1.5994,8,a,B,B
order_real,data/videos_v3/int_500ms/v3_500_00439.avi,500,0,0,-1.3573,-9.512,-11.9339,-12.4261,-11.7229,8,b,No,No
order_rev,data/videos_v3/int_500ms/v3_500_00439.avi,500,0,0,-0.6059,-9.0343,-11.5733,-12.0968,-11.4249,8,b,No,No
order_forced,data/videos_v3/int_500ms/v3_500_00439.avi,500,0,1,0.5313,-0.5024,-1.0337,-3.8462,-5.8462,8,b,A,A
interval,data/videos_v3/int_500ms/v3_500_00439.avi,500,A,B,,-1.4363,-1.2957,-1.3738,-1.5926,8,b,B,B
order_real,data/videos_v3/int_500ms/v3_500_00440.avi,500,1,0,-0.8437,-9.409,-11.4871,-12.4168,-11.495,8,a,No,No
order_rev,data/videos_v3/int_500ms/v3_500_00440.avi,500,1,0,-0.9367,-9.2495,-11.7339,-12.398,-11.5699,8,a,No,No
order_forced,data/videos_v3/int_500ms/v3_500_00440.avi,500,1,1,0.5625,-0.4961,-1.0586,-3.918,-6.0586,8,a,A,A
interval,data/videos_v3/int_500ms/v3_500_00440.avi,500,A,B,,-1.704,-1.1884,-1.329,-1.5478,8,a,B,B
order_real,data/videos_v3/int_500ms/v3_500_00441.avi,500,0,0,-0.9182,-9.5142,-11.7642,-12.5298,-11.6392,8,b,No,No
order_rev,data/videos_v3/int_500ms/v3_500_00441.avi,500,0,0,-0.987,-9.3373,-12.0013,-12.6263,-11.8138,8,b,No,No
order_forced,data/videos_v3/int_500ms/v3_500_00441.avi,500,0,1,0.3594,-0.573,-0.9324,-3.6199,-5.6355,8,b,A,A
interval,data/videos_v3/int_500ms/v3_500_00441.avi,500,A,B,,-1.6382,-1.2007,-1.3413,-1.6225,8,b,B,B
order_real,data/videos_v3/int_500ms/v3_500_00442.avi,500,1,0,-1.0638,-9.5306,-11.8041,-12.2416,-11.726,8,b,No,No
order_rev,data/videos_v3/int_500ms/v3_500_00442.avi,500,1,0,-1.7497,-9.795,-12.5528,-12.881,-12.1153,8,b,No,No
order_forced,data/videos_v3/int_500ms/v3_500_00442.avi,500,1,1,0.4688,-0.5448,-1.0136,-3.4667,-6.3573,8,b,A,A
interval,data/videos_v3/int_500ms/v3_500_00442.avi,500,A,B,,-1.5912,-1.2162,-1.4037,-1.4818,8,b,B,B
order_real,data/videos_v3/int_500ms/v3_500_00443.avi,500,0,0,-0.93,-9.3846,-11.7205,-12.4236,-11.408,8,b,No,No
order_rev,data/videos_v3/int_500ms/v3_500_00443.avi,500,0,0,-1.0128,-9.2151,-11.8948,-12.4495,-11.512,8,b,No,No
order_forced,data/videos_v3/int_500ms/v3_500_00443.avi,500,0,1,0.5156,-0.5187,-1.0343,-3.9093,-5.3156,8,b,A,A
interval,data/videos_v3/int_500ms/v3_500_00443.avi,500,A,B,,-1.6707,-1.2176,-1.3114,-1.5301,8,b,B,B
order_real,data/videos_v3/int_500ms/v3_500_00444.avi,500,0,0,-0.7063,-9.1839,-11.5511,-11.473,-11.4418,8,a,No,No
order_rev,data/videos_v3/int_500ms/v3_500_00444.avi,500,0,0,-0.783,-9.0864,-11.8286,-12.0239,-11.4614,8,a,No,No
order_forced,data/videos_v3/int_500ms/v3_500_00444.avi,500,0,1,0.3281,-0.5903,-0.9184,-3.4184,-5.7466,8,a,A,A
interval,data/videos_v3/int_500ms/v3_500_00444.avi,500,A,B,,-1.5411,-1.2598,-1.3848,-1.4942,8,a,B,B
order_real,data/videos_v3/int_500ms/v3_500_00445.avi,500,1,0,-1.0243,-9.5107,-11.5889,-12.2061,-11.542,8,a,No,No
order_rev,data/videos_v3/int_500ms/v3_500_00445.avi,500,1,0,-0.5928,-9.3986,-11.8986,-12.3908,-11.7111,8,a,No,No
order_forced,data/videos_v3/int_500ms/v3_500_00445.avi,500,1,1,0.3437,-0.5845,-0.9282,-3.3188,-5.8657,8,a,A,A
interval,data/videos_v3/int_500ms/v3_500_00445.avi,500,A,B,,-1.6674,-1.2143,-1.4018,-1.5737,8,a,B,B
order_real,data/videos_v3/int_500ms/v3_500_00446.avi,500,1,0,-0.786,-9.3658,-11.8814,-12.147,-11.6392,8,a,No,No
order_rev,data/videos_v3/int_500ms/v3_500_00446.avi,500,1,0,-0.9574,-9.1919,-11.9419,-12.0278,-11.6528,8,a,No,No
order_forced,data/videos_v3/int_500ms/v3_500_00446.avi,500,1,1,0.2031,-0.6522,-0.8553,-3.449,-5.9178,8,a,A,A
interval,data/videos_v3/int_500ms/v3_500_00446.avi,500,A,B,,-1.5671,-1.239,-1.3952,-1.5202,8,a,B,B
order_real,data/videos_v3/int_500ms/v3_500_00447.avi,500,0,0,-0.901,-9.2501,-11.5158,-12.3673,-11.3908,8,a,No,No
order_rev,data/videos_v3/int_500ms/v3_500_00447.avi,500,0,0,-0.6564,-9.1155,-11.6467,-12.428,-11.3811,8,a,No,No
order_forced,data/videos_v3/int_500ms/v3_500_00447.avi,500,0,1,0.6094,-0.4684,-1.0778,-4.1715,-5.6403,8,a,A,A
interval,data/videos_v3/int_500ms/v3_500_00447.avi,500,A,B,,-1.6938,-1.2251,-1.3345,-1.5688,8,a,B,B
order_real,data/videos_v3/int_500ms/v3_500_00448.avi,500,0,0,-1.062,-9.4523,-11.4679,-12.6554,-11.507,8,b,No,No
order_rev,data/videos_v3/int_500ms/v3_500_00448.avi,500,0,0,-1.1795,-9.4166,-11.9323,-12.8854,-11.6744,8,b,No,No
order_forced,data/videos_v3/int_500ms/v3_500_00448.avi,500,0,1,0.4218,-0.5552,-0.977,-3.8364,-6.0552,8,b,A,A
interval,data/videos_v3/int_500ms/v3_500_00448.avi,500,A,B,,-1.7522,-1.174,-1.3615,-1.4709,8,b,B,B
order_real,data/videos_v3/int_500ms/v3_500_00449.avi,500,0,0,-0.5013,-9.2247,-11.5606,-12.295,-11.4747,8,a,No,No
order_rev,data/videos_v3/int_500ms/v3_500_00449.avi,500,0,0,-0.5627,-9.1467,-11.7951,-12.4904,-11.5138,8,a,No,No
order_forced,data/videos_v3/int_500ms/v3_500_00449.avi,500,0,1,0.4063,-0.5425,-0.9488,-3.9644,-5.6519,8,a,A,A
interval,data/videos_v3/int_500ms/v3_500_00449.avi,500,A,B,,-1.583,-1.2861,-1.3174,-1.5049,8,a,B,B
order_real,data/videos_v3/int_500ms/v3_500_00450.avi,500,1,0,-0.7657,-9.544,-11.6299,-12.4503,-11.794,8,b,No,No
order_rev,data/videos_v3/int_500ms/v3_500_00450.avi,500,1,0,-0.5852,-9.3153,-11.6513,-12.6356,-11.7997,8,b,No,No
order_forced,data/videos_v3/int_500ms/v3_500_00450.avi,500,1,1,0.5312,-0.5162,-1.0474,-3.6568,-6.2037,8,b,A,A
interval,data/videos_v3/int_500ms/v3_500_00450.avi,500,A,B,,-1.7237,-1.1924,-1.2862,-1.5362,8,b,B,B
order_real,data/videos_v3/int_500ms/v3_500_00451.avi,500,1,0,-0.6008,-9.2808,-11.4839,-12.2808,-11.5542,8,a,No,No
order_rev,data/videos_v3/int_500ms/v3_500_00451.avi,500,1,0,-0.6603,-9.0057,-11.451,-12.1619,-11.5604,8,a,No,No
order_forced,data/videos_v3/int_500ms/v3_500_00451.avi,500,1,1,0.3125,-0.5807,-0.8932,-4.0026,-5.8307,8,a,A,A
interval,data/videos_v3/int_500ms/v3_500_00451.avi,500,A,B,,-1.5897,-1.2928,-1.3397,-1.5428,8,a,B,B
order_real,data/videos_v3/int_500ms/v3_500_00452.avi,500,1,0,-0.4658,-9.191,-11.3628,-11.8472,-11.5269,8,b,No,No
order_rev,data/videos_v3/int_500ms/v3_500_00452.avi,500,1,0,-0.8021,-9.1156,-11.7171,-12.1546,-11.5531,8,b,No,No
order_forced,data/videos_v3/int_500ms/v3_500_00452.avi,500,1,1,0.3594,-0.58,-0.9394,-3.3769,-6.0644,8,b,A,A
interval,data/videos_v3/int_500ms/v3_500_00452.avi,500,A,B,,-1.5477,-1.2664,-1.4071,-1.5477,8,b,B,B
order_real,data/videos_v3/int_500ms/v3_500_00453.avi,500,0,0,-0.9643,-9.2293,-11.4949,-12.4793,-11.5653,8,b,No,No
order_rev,data/videos_v3/int_500ms/v3_500_00453.avi,500,0,0,-0.8172,-9.2309,-11.8481,-12.5981,-11.6059,8,b,No,No
order_forced,data/videos_v3/int_500ms/v3_500_00453.avi,500,0,1,0.4218,-0.56,-0.9818,-4.0131,-6.4193,8,b,A,A
interval,data/videos_v3/int_500ms/v3_500_00453.avi,500,A,B,,-1.5591,-1.2778,-1.3716,-1.5434,8,b,B,B
order_real,data/videos_v3/int_500ms/v3_500_00454.avi,500,1,0,-0.5265,-9.3022,-11.521,-12.3725,-11.3491,8,a,No,No
order_rev,data/videos_v3/int_500ms/v3_500_00454.avi,500,1,0,-0.7872,-9.0701,-11.6404,-12.5232,-11.492,8,a,No,No
order_forced,data/videos_v3/int_500ms/v3_500_00454.avi,500,1,1,0.4062,-0.5377,-0.9439,-4.0064,-5.6783,8,a,A,A
interval,data/videos_v3/int_500ms/v3_500_00454.avi,500,A,B,,-1.6186,-1.1968,-1.3686,-1.5561,8,a,B,B
order_real,data/videos_v3/int_500ms/v3_500_00455.avi,500,0,0,-0.588,-9.3374,-11.6656,-11.9156,-11.5093,8,b,No,No
order_rev,data/videos_v3/int_500ms/v3_500_00455.avi,500,0,0,-0.867,-9.5049,-12.1221,-12.5049,-11.8096,8,b,No,No
order_forced,data/videos_v3/int_500ms/v3_500_00455.avi,500,0,1,0.4375,-0.542,-0.9795,-3.542,-5.9638,8,b,A,A
interval,data/videos_v3/int_500ms/v3_500_00455.avi,500,A,B,,-1.6993,-1.2149,-1.3555,-1.4805,8,b,B,B
order_real,data/videos_v3/int_500ms/v3_500_00456.avi,500,0,0,-1.0759,-9.4716,-11.5419,-12.6278,-11.6122,8,a,No,No
order_rev,data/videos_v3/int_500ms/v3_500_00456.avi,500,0,0,-1.3946,-9.7029,-12.3045,-13.1404,-11.9217,8,a,No,No
order_forced,data/videos_v3/int_500ms/v3_500_00456.avi,500,0,1,0.3594,-0.5604,-0.9198,-3.951,-5.9354,8,a,A,A
interval,data/videos_v3/int_500ms/v3_500_00456.avi,500,A,B,,-1.6949,-1.1481,-1.3824,-1.5074,8,a,B,B
order_real,data/videos_v3/int_500ms/v3_500_00457.avi,500,0,0,-0.883,-9.4437,-11.639,-12.3968,-11.6077,8,b,No,No
order_rev,data/videos_v3/int_500ms/v3_500_00457.avi,500,0,0,-0.8092,-9.296,-12.0147,-12.6007,-11.7569,8,b,No,No
order_forced,data/videos_v3/int_500ms/v3_500_00457.avi,500,0,1,0.4688,-0.5168,-0.9856,-3.8918,-5.6574,8,b,A,A
interval,data/videos_v3/int_500ms/v3_500_00457.avi,500,A,B,,-1.6431,-1.1899,-1.3462,-1.5493,8,b,B,B
order_real,data/videos_v3/int_500ms/v3_500_00458.avi,500,1,0,-1.3807,-9.4169,-11.8779,-12.6513,-11.5888,8,a,No,No
order_rev,data/videos_v3/int_500ms/v3_500_00458.avi,500,1,0,-0.773,-8.9791,-11.5728,-12.4635,-11.3697,8,a,No,No
order_forced,data/videos_v3/int_500ms/v3_500_00458.avi,500,1,1,0.5625,-0.4894,-1.0519,-3.9426,-5.6769,8,a,A,A
interval,data/videos_v3/int_500ms/v3_500_00458.avi,500,A,B,,-1.6925,-1.2394,-1.3331,-1.505,8,a,B,B
order_real,data/videos_v3/int_500ms/v3_500_00459.avi,500,1,0,-1.1332,-9.5465,-11.6325,-12.695,-11.57,8,a,No,No
order_rev,data/videos_v3/int_500ms/v3_500_00459.avi,500,1,0,-1.1748,-9.7343,-12.3984,-13.1171,-11.9999,8,a,No,No
order_forced,data/videos_v3/int_500ms/v3_500_00459.avi,500,1,1,0.375,-0.555,-0.93,-4.3519,-6.1644,8,a,A,A
interval,data/videos_v3/int_500ms/v3_500_00459.avi,500,A,B,,-1.7496,-1.1246,-1.3902,-1.4996,8,a,B,B
order_real,data/videos_v3/int_500ms/v3_500_00460.avi,500,1,0,-0.6703,-9.3019,-11.4347,-12.1222,-11.5597,8,a,No,No
order_rev,data/videos_v3/int_500ms/v3_500_00460.avi,500,1,0,-0.5545,-9.2463,-11.7854,-12.4416,-11.6291,8,a,No,No
order_forced,data/videos_v3/int_500ms/v3_500_00460.avi,500,1,1,0.4844,-0.5314,-1.0158,-3.6564,-5.8596,8,a,A,A
interval,data/videos_v3/int_500ms/v3_500_00460.avi,500,A,C,,-1.6738,-1.2832,-1.2676,-1.5332,8,a,C,C
order_real,data/videos_v3/int_500ms/v3_500_00461.avi,500,1,0,-0.9395,-9.3184,-11.5371,-12.3496,-11.6153,8,b,No,No
order_rev,data/videos_v3/int_500ms/v3_500_00461.avi,500,1,0,-0.8022,-9.1284,-11.73,-12.2612,-11.519,8,b,No,No
order_forced,data/videos_v3/int_500ms/v3_500_00461.avi,500,1,1,0.3125,-0.5798,-0.8923,-4.1891,-5.7516,8,b,A,A
interval,data/videos_v3/int_500ms/v3_500_00461.avi,500,A,B,,-1.5695,-1.1476,-1.4132,-1.6007,8,b,B,B
order_real,data/videos_v3/int_500ms/v3_500_00462.avi,500,1,0,-1.1144,-9.2676,-11.5411,-12.4395,-11.4864,8,a,No,No
order_rev,data/videos_v3/int_500ms/v3_500_00462.avi,500,1,0,-1.1673,-9.3218,-11.9936,-12.6577,-11.6421,8,a,No,No
order_forced,data/videos_v3/int_500ms/v3_500_00462.avi,500,1,1,0.1406,-0.6709,-0.8115,-3.9209,-5.4677,8,a,A,A
interval,data/videos_v3/int_500ms/v3_500_00462.avi,500,A,B,,-1.5551,-1.1801,-1.4301,-1.6644,8,a,B,B
order_real,data/videos_v3/int_500ms/v3_500_00463.avi,500,0,0,-0.7086,-9.3654,-11.467,-12.3029,-11.4279,8,a,No,No
order_rev,data/videos_v3/int_500ms/v3_500_00463.avi,500,0,0,-0.6718,-9.1543,-11.834,-12.4903,-11.6934,8,a,No,No
order_forced,data/videos_v3/int_500ms/v3_500_00463.avi,500,0,1,0.4062,-0.5431,-0.9493,-3.8712,-5.5118,8,a,A,A
interval,data/videos_v3/int_500ms/v3_500_00463.avi,500,A,B,,-1.7007,-1.2007,-1.3725,-1.4663,8,a,B,B
order_real,data/videos_v3/int_500ms/v3_500_00464.avi,500,1,0,-0.5929,-9.3212,-11.5712,-12.4306,-11.5556,8,a,No,No
order_rev,data/videos_v3/int_500ms/v3_500_00464.avi,500,1,0,-0.784,-9.048,-11.5636,-12.5402,-11.5246,8,a,No,No
order_forced,data/videos_v3/int_500ms/v3_500_00464.avi,500,1,1,0.3593,-0.5583,-0.9176,-4.1364,-6.1364,8,a,A,A
interval,data/videos_v3/int_500ms/v3_500_00464.avi,500,A,B,,-1.6307,-1.2557,-1.2869,-1.5838,8,a,B,B
order_real,data/videos_v3/int_500ms/v3_500_00465.avi,500,0,0,-0.8881,-9.2624,-11.3483,-12.4499,-11.4343,8,b,No,No
order_rev,data/videos_v3/int_500ms/v3_500_00465.avi,500,0,0,-0.782,-9.317,-11.6685,-12.6529,-11.4732,8,b,No,No
order_forced,data/videos_v3/int_500ms/v3_500_00465.avi,500,0,1,0.1875,-0.6382,-0.8257,-4.0132,-5.7163,8,b,A,A
interval,data/videos_v3/int_500ms/v3_500_00465.avi,500,A,B,,-1.6368,-1.1837,-1.3243,-1.5743,8,b,B,B
order_real,data/videos_v3/int_500ms/v3_500_00466.avi,500,0,0,-0.6271,-9.2347,-11.3362,-12.3362,-11.4065,8,a,No,No
order_rev,data/videos_v3/int_500ms/v3_500_00466.avi,500,0,0,-0.8318,-9.1809,-11.7044,-12.5559,-11.5794,8,a,No,No
order_forced,data/videos_v3/int_500ms/v3_500_00466.avi,500,0,1,0.4688,-0.5157,-0.9845,-4.2189,-5.4689,8,a,A,A
interval,data/videos_v3/int_500ms/v3_500_00466.avi,500,A,C,,-1.6313,-1.3188,-1.2563,-1.5063,8,a,C,C
order_real,data/videos_v3/int_500ms/v3_500_00467.avi,500,1,0,-0.8157,-9.3136,-11.6651,-12.4308,-11.4308,8,a,No,No
order_rev,data/videos_v3/int_500ms/v3_500_00467.avi,500,1,0,-0.6492,-9.1091,-11.7419,-12.3981,-11.3356,8,a,No,No
order_forced,data/videos_v3/int_500ms/v3_500_00467.avi,500,1,1,0.4062,-0.5394,-0.9456,-4.1956,-5.4769,8,a,A,A
interval,data/videos_v3/int_500ms/v3_500_00467.avi,500,A,B,,-1.7015,-1.2796,-1.3265,-1.4671,8,a,B,B
order_real,data/videos_v3/int_500ms/v3_500_00468.avi,500,0,0,-1.1719,-9.4381,-11.6724,-12.4537,-11.5787,8,b,No,No
order_rev,data/videos_v3/int_500ms/v3_500_00468.avi,500,0,0,-0.8615,-9.301,-11.7307,-12.5198,-11.4963,8,b,No,No
order_forced,data/videos_v3/int_500ms/v3_500_00468.avi,500,0,1,0.6093,-0.4713,-1.0806,-3.8306,-5.4713,8,b,A,A
interval,data/videos_v3/int_500ms/v3_500_00468.avi,500,A,B,,-1.7046,-1.1421,-1.3296,-1.6265,8,b,B,B
order_real,data/videos_v3/int_500ms/v3_500_00469.avi,500,0,0,-0.7046,-9.3878,-11.4347,-12.3331,-11.5128,8,b,No,No
order_rev,data/videos_v3/int_500ms/v3_500_00469.avi,500,0,0,-1.0579,-9.3927,-11.799,-12.6818,-11.7052,8,b,No,No
order_forced,data/videos_v3/int_500ms/v3_500_00469.avi,500,0,1,0.5468,-0.4891,-1.0359,-4.2859,-6.3484,8,b,A,A
interval,data/videos_v3/int_500ms/v3_500_00469.avi,500,A,B,,-1.7331,-1.1393,-1.4206,-1.4987,8,b,B,B
order_real,data/videos_v3/int_500ms/v3_500_00470.avi,500,1,0,-0.9803,-9.4331,-11.8316,-12.2769,-11.8237,8,b,No,No
order_rev,data/videos_v3/int_500ms/v3_500_00470.avi,500,1,0,-0.757,-9.1459,-11.8255,-12.2552,-11.5677,8,b,No,No
order_forced,data/videos_v3/int_500ms/v3_500_00470.avi,500,1,1,0.4219,-0.5579,-0.9798,-3.3079,-5.8704,8,b,A,A
interval,data/videos_v3/int_500ms/v3_500_00470.avi,500,A,B,,-1.5487,-1.2362,-1.3612,-1.5956,8,b,B,B
order_real,data/videos_v3/int_500ms/v3_500_00471.avi,500,1,0,-1.468,-9.7254,-11.8191,-12.7332,-11.7176,8,a,No,No
order_rev,data/videos_v3/int_500ms/v3_500_00471.avi,500,1,0,-1.1747,-9.523,-12.0777,-12.8746,-11.8355,8,a,No,No
order_forced,data/videos_v3/int_500ms/v3_500_00471.avi,500,1,1,0.2656,-0.6024,-0.868,-4.0555,-6.5868,8,a,A,A
interval,data/videos_v3/int_500ms/v3_500_00471.avi,500,A,B,,-1.6878,-1.1722,-1.391,-1.4847,8,a,B,B
order_real,data/videos_v3/int_500ms/v3_500_00472.avi,500,1,0,-1.3834,-9.6863,-12.0144,-12.4753,-11.8191,8,a,No,No
order_rev,data/videos_v3/int_500ms/v3_500_00472.avi,500,1,0,-1.4499,-9.8622,-12.5966,-12.9482,-12.1435,8,a,No,No
order_forced,data/videos_v3/int_500ms/v3_500_00472.avi,500,1,1,0.3593,-0.5866,-0.9459,-3.3678,-6.3678,8,a,A,A
interval,data/videos_v3/int_500ms/v3_500_00472.avi,500,A,B,,-1.6003,-1.2253,-1.3659,-1.5065,8,a,B,B
order_real,data/videos_v3/int_500ms/v3_500_00473.avi,500,0,0,-0.5626,-9.4292,-11.7808,-12.2104,-11.6792,8,b,No,No
order_rev,data/videos_v3/int_500ms/v3_500_00473.avi,500,0,0,-0.7131,-9.2217,-11.9248,-12.1905,-11.753,8,b,No,No
order_forced,data/videos_v3/int_500ms/v3_500_00473.avi,500,0,1,0.4375,-0.5598,-0.9973,-3.0911,-5.8098,8,b,A,A
interval,data/videos_v3/int_500ms/v3_500_00473.avi,500,A,B,,-1.6059,-1.2465,-1.3247,-1.5434,8,b,B,B
order_real,data/videos_v3/int_500ms/v3_500_00474.avi,500,0,0,-1.2063,-9.5354,-11.7854,-12.5432,-11.7307,8,b,No,No
order_rev,data/videos_v3/int_500ms/v3_500_00474.avi,500,0,0,-0.9113,-9.3794,-12.0122,-12.4653,-11.7934,8,b,No,No
order_forced,data/videos_v3/int_500ms/v3_500_00474.avi,500,0,1,0.5,-0.5216,-1.0216,-3.6779,-6.0216,8,b,A,A
interval,data/videos_v3/int_500ms/v3_500_00474.avi,500,A,B,,-1.6529,-1.1841,-1.4185,-1.5279,8,b,B,B
order_real,data/videos_v3/int_500ms/v3_500_00475.avi,500,0,0,-0.6463,-9.3749,-11.6718,-12.578,-11.6093,8,b,No,No
order_rev,data/videos_v3/int_500ms/v3_500_00475.avi,500,0,0,-0.5963,-9.2188,-11.7031,-12.5547,-11.4688,8,b,No,No
order_forced,data/videos_v3/int_500ms/v3_500_00475.avi,500,0,1,0.4062,-0.5707,-0.9769,-3.8988,-5.6019,8,b,A,A
interval,data/videos_v3/int_500ms/v3_500_00475.avi,500,A,B,,-1.6331,-1.2581,-1.2894,-1.4925,8,b,B,B
order_real,data/videos_v3/int_500ms/v3_500_00476.avi,500,1,0,-0.9668,-9.3337,-11.8025,-12.154,-11.6853,8,a,No,No
order_rev,data/videos_v3/int_500ms/v3_500_00476.avi,500,1,0,-1.3273,-9.4308,-12.1808,-12.5792,-11.9151,8,a,No,No
order_forced,data/videos_v3/int_500ms/v3_500_00476.avi,500,1,1,0.5312,-0.51,-1.0412,-3.4006,-6.01,8,a,A,A
interval,data/videos_v3/int_500ms/v3_500_00476.avi,500,A,B,,-1.5607,-1.2326,-1.4045,-1.5295,8,a,B,B
order_real,data/videos_v3/int_500ms/v3_500_00477.avi,500,1,0,-0.8886,-9.2887,-11.6246,-12.359,-11.5465,8,a,No,No
order_rev,data/videos_v3/int_500ms/v3_500_00477.avi,500,1,0,-0.7063,-9.0449,-11.3808,-12.1074,-11.4043,8,a,No,No
order_forced,data/videos_v3/int_500ms/v3_500_00477.avi,500,1,1,0.3281,-0.5809,-0.909,-4.2059,-5.3934,8,a,A,A
interval,data/videos_v3/int_500ms/v3_500_00477.avi,500,A,B,,-1.5455,-1.2487,-1.358,-1.608,8,a,B,B
order_real,data/videos_v3/int_500ms/v3_500_00478.avi,500,1,0,-0.4309,-9.2587,-11.6102,-12.3524,-11.4618,8,a,No,No
order_rev,data/videos_v3/int_500ms/v3_500_00478.avi,500,1,0,-0.5765,-9.1118,-11.7212,-12.4555,-11.4868,8,a,No,No
order_forced,data/videos_v3/int_500ms/v3_500_00478.avi,500,1,1,0.5782,-0.4826,-1.0608,-4.1233,-5.6233,8,a,A,A
interval,data/videos_v3/int_500ms/v3_500_00478.avi,500,A,C,,-1.5047,-1.3328,-1.2859,-1.5672,8,a,C,C
order_real,data/videos_v3/int_500ms/v3_500_00479.avi,500,1,0,-1.7451,-9.7382,-12.0741,-12.6913,-11.9179,8,a,No,No
order_rev,data/videos_v3/int_500ms/v3_500_00479.avi,500,1,0,-1.0668,-9.3668,-11.9918,-12.4527,-11.8277,8,a,No,No
order_forced,data/videos_v3/int_500ms/v3_500_00479.avi,500,1,1,0.4375,-0.5388,-0.9763,-3.8513,-6.4763,8,a,A,A
interval,data/videos_v3/int_500ms/v3_500_00479.avi,500,A,B,,-1.4659,-1.2628,-1.4972,-1.544,8,a,B,B
order_real,data/videos_v3/int_500ms/v3_500_00480.avi,500,0,0,-0.6919,-9.2232,-11.4341,-12.27,-11.4107,8,b,No,No
order_rev,data/videos_v3/int_500ms/v3_500_00480.avi,500,0,0,-0.6726,-9.0104,-11.5807,-12.1823,-11.4401,8,b,No,No
order_forced,data/videos_v3/int_500ms/v3_500_00480.avi,500,0,1,0.3125,-0.5808,-0.8933,-4.0183,-5.7683,8,b,A,A
interval,data/videos_v3/int_500ms/v3_500_00480.avi,500,A,B,,-1.71,-1.1475,-1.3662,-1.585,8,b,B,B
order_real,data/videos_v3/int_500ms/v3_500_00481.avi,500,0,0,-1.2841,-9.6288,-11.8788,-12.6053,-11.7928,8,a,No,No
order_rev,data/videos_v3/int_500ms/v3_500_00481.avi,500,0,0,-1.3679,-9.7528,-12.2606,-12.9793,-11.9871,8,a,No,No
order_forced,data/videos_v3/int_500ms/v3_500_00481.avi,500,0,1,0.3437,-0.5771,-0.9208,-3.6552,-6.5458,8,a,A,A
interval,data/videos_v3/int_500ms/v3_500_00481.avi,500,A,B,,-1.5899,-1.168,-1.3868,-1.5743,8,a,B,B
order_real,data/videos_v3/int_500ms/v3_500_00482.avi,500,0,0,-0.7503,-9.3881,-11.7318,-12.4349,-11.5443,8,b,No,No
order_rev,data/videos_v3/int_500ms/v3_500_00482.avi,500,0,0,-0.6252,-9.0939,-11.7424,-12.4533,-11.3908,8,b,No,No
order_forced,data/videos_v3/int_500ms/v3_500_00482.avi,500,0,1,0.4063,-0.5681,-0.9744,-3.8806,-5.7556,8,b,A,A
interval,data/videos_v3/int_500ms/v3_500_00482.avi,500,A,B,,-1.5229,-1.2573,-1.3354,-1.6011,8,b,B,B
order_real,data/videos_v3/int_500ms/v3_500_00483.avi,500,0,0,-0.7279,-9.5518,-11.8175,-12.2237,-11.7784,8,a,No,No
order_rev,data/videos_v3/int_500ms/v3_500_00483.avi,500,0,0,-0.8666,-9.2226,-11.8632,-12.0351,-11.6288,8,a,No,No
order_forced,data/videos_v3/int_500ms/v3_500_00483.avi,500,0,1,0.3906,-0.5535,-0.9441,-3.6003,-5.866,8,a,A,A
interval,data/videos_v3/int_500ms/v3_500_00483.avi,500,A,B,,-1.5914,-1.2633,-1.4039,-1.4977,8,a,B,B
order_real,data/videos_v3/int_500ms/v3_500_00484.avi,500,0,0,-1.0155,-9.4093,-11.6593,-12.2062,-11.4796,8,a,No,No
order_rev,data/videos_v3/int_500ms/v3_500_00484.avi,500,0,0,-0.8926,-9.3851,-12.1586,-12.5336,-11.8304,8,a,No,No
order_forced,data/videos_v3/int_500ms/v3_500_00484.avi,500,0,1,0.375,-0.5762,-0.9512,-3.2481,-5.8731,8,a,A,A
interval,data/videos_v3/int_500ms/v3_500_00484.avi,500,A,B,,-1.6994,-1.1681,-1.3713,-1.5744,8,a,B,B
order_real,data/videos_v3/int_500ms/v3_500_00485.avi,500,0,0,-0.7099,-9.3045,-11.5545,-12.5154,-11.4764,8,a,No,No
order_rev,data/videos_v3/int_500ms/v3_500_00485.avi,500,0,0,-0.8196,-9.0327,-11.6811,-12.5717,-11.5248,8,a,No,No
order_forced,data/videos_v3/int_500ms/v3_500_00485.avi,500,0,1,0.2968,-0.6013,-0.8981,-3.8044,-5.3356,8,a,A,A
interval,data/videos_v3/int_500ms/v3_500_00485.avi,500,A,B,,-1.7153,-1.184,-1.3715,-1.5122,8,a,B,B
order_real,data/videos_v3/int_500ms/v3_500_00486.avi,500,0,0,-0.6214,-9.3843,-11.6811,-12.2515,-11.5874,8,a,No,No
order_rev,data/videos_v3/int_500ms/v3_500_00486.avi,500,0,0,-0.742,-9.1582,-11.6191,-12.2051,-11.5332,8,a,No,No
order_forced,data/videos_v3/int_500ms/v3_500_00486.avi,500,0,1,0.375,-0.5638,-0.9388,-3.7981,-5.595,8,a,A,A
interval,data/videos_v3/int_500ms/v3_500_00486.avi,500,A,B,,-1.6087,-1.2337,-1.2962,-1.5618,8,a,B,B
order_real,data/videos_v3/int_500ms/v3_500_00487.avi,500,0,0,-1.356,-9.4672,-11.8187,-12.4672,-11.6234,8,a,No,No
order_rev,data/videos_v3/int_500ms/v3_500_00487.avi,500,0,0,-0.8392,-9.1182,-11.5166,-12.2745,-11.4151,8,a,No,No
order_forced,data/videos_v3/int_500ms/v3_500_00487.avi,500,0,1,0.3906,-0.5497,-0.9403,-4.1278,-5.7997,8,a,A,A
interval,data/videos_v3/int_500ms/v3_500_00487.avi,500,A,B,,-1.4617,-1.2898,-1.3992,-1.5242,8,a,B,B
order_real,data/videos_v3/int_500ms/v3_500_00488.avi,500,1,0,-0.8402,-9.3217,-11.892,-11.7826,-11.7514,8,a,No,No.
order_rev,data/videos_v3/int_500ms/v3_500_00488.avi,500,1,0,-0.6767,-9.0921,-11.764,-12.1155,-11.5843,8,a,No,No.
order_forced,data/videos_v3/int_500ms/v3_500_00488.avi,500,1,1,0.375,-0.5913,-0.9663,-3.2007,-5.7788,8,a,A,A
interval,data/videos_v3/int_500ms/v3_500_00488.avi,500,A,B,,-1.5565,-1.2909,-1.369,-1.494,8,a,B,B
order_real,data/videos_v3/int_500ms/v3_500_00489.avi,500,1,0,-1.096,-9.632,-11.8586,-12.4602,-11.7024,8,a,No,No
order_rev,data/videos_v3/int_500ms/v3_500_00489.avi,500,1,0,-1.8888,-9.8797,-12.5359,-13.1218,-12.075,8,a,No,No
order_forced,data/videos_v3/int_500ms/v3_500_00489.avi,500,1,1,0.5469,-0.5034,-1.0503,-3.4096,-5.894,8,a,A,A
interval,data/videos_v3/int_500ms/v3_500_00489.avi,500,A,B,,-1.6565,-1.2034,-1.3284,-1.5315,8,a,B,B
order_real,data/videos_v3/int_500ms/v3_500_00490.avi,500,0,0,-1.0402,-9.2295,-11.5654,-12.4248,-11.4951,8,a,No,No
order_rev,data/videos_v3/int_500ms/v3_500_00490.avi,500,0,0,-0.8663,-9.085,-11.71,-12.5615,-11.5069,8,a,No,No
order_forced,data/videos_v3/int_500ms/v3_500_00490.avi,500,0,1,0.3593,-0.5691,-0.9284,-3.9909,-5.6628,8,a,A,A
interval,data/videos_v3/int_500ms/v3_500_00490.avi,500,A,B,,-1.6185,-1.2435,-1.4153,-1.4622,8,a,B,B
order_real,data/videos_v3/int_500ms/v3_500_00491.avi,500,1,0,-1.0664,-9.3846,-11.8065,-12.3924,-11.619,8,a,No,No
order_rev,data/videos_v3/int_500ms/v3_500_00491.avi,500,1,0,-1.1535,-9.2235,-11.9578,-12.6141,-11.7313,8,a,No,No
order_forced,data/videos_v3/int_500ms/v3_500_00491.avi,500,1,1,0.5625,-0.5001,-1.0626,-3.547,-5.7188,8,a,A,A
interval,data/videos_v3/int_500ms/v3_500_00491.avi,500,A,B,,-1.5293,-1.2637,-1.4356,-1.5606,8,a,B,B
order_real,data/videos_v3/int_500ms/v3_500_00492.avi,500,0,0,-1.4434,-9.6098,-11.8051,-12.8285,-11.6489,8,a,No,No
order_rev,data/videos_v3/int_500ms/v3_500_00492.avi,500,0,0,-1.1732,-9.3609,-12.0093,-12.8453,-11.7515,8,a,No,No
order_forced,data/videos_v3/int_500ms/v3_500_00492.avi,500,0,1,0.4532,-0.5342,-0.9874,-3.8311,-5.9092,8,a,A,A
interval,data/videos_v3/int_500ms/v3_500_00492.avi,500,A,B,,-1.5952,-1.2358,-1.3921,-1.5639,8,a,B,B
order_real,data/videos_v3/int_500ms/v3_500_00493.avi,500,1,0,-1.0476,-9.4762,-11.6168,-12.523,-11.5855,8,b,No,No
order_rev,data/videos_v3/int_500ms/v3_500_00493.avi,500,1,0,-0.9325,-9.2458,-11.8786,-12.4802,-11.738,8,b,No,No
order_forced,data/videos_v3/int_500ms/v3_500_00493.avi,500,1,1,0.2344,-0.6295,-0.8639,-3.5827,-6.0514,8,b,A,A
interval,data/videos_v3/int_500ms/v3_500_00493.avi,500,A,B,,-1.673,-1.2042,-1.423,-1.5011,8,b,B,B
order_real,data/videos_v3/int_500ms/v3_500_00494.avi,500,0,0,-1.1487,-9.2331,-11.7643,-12.4674,-11.5299,8,a,No,No
order_rev,data/videos_v3/int_500ms/v3_500_00494.avi,500,0,0,-1.0834,-9.1583,-11.9083,-12.5567,-11.5333,8,a,No,No
order_forced,data/videos_v3/int_500ms/v3_500_00494.avi,500,0,1,0.5312,-0.5023,-1.0335,-4.0804,-5.1742,8,a,A,A
interval,data/videos_v3/int_500ms/v3_500_00494.avi,500,A,B,,-1.6147,-1.2397,-1.3335,-1.6616,8,a,B,B
order_real,data/videos_v3/int_500ms/v3_500_00495.avi,500,1,0,-0.6147,-9.2873,-11.5841,-12.5294,-11.5138,8,a,No,No
order_rev,data/videos_v3/int_500ms/v3_500_00495.avi,500,1,0,-0.9187,-9.2296,-11.7452,-12.5031,-11.4796,8,a,No,No
order_forced,data/videos_v3/int_500ms/v3_500_00495.avi,500,1,1,0.4375,-0.5371,-0.9746,-4.1153,-5.3653,8,a,A,A
interval,data/videos_v3/int_500ms/v3_500_00495.avi,500,A,B,,-1.5831,-1.2394,-1.255,-1.63,8,a,B,B
order_real,data/videos_v3/int_500ms/v3_500_00496.avi,500,1,0,-1.1343,-9.4946,-12.0102,-12.3227,-11.7524,8,b,No,No
order_rev,data/videos_v3/int_500ms/v3_500_00496.avi,500,1,0,-1.3683,-9.4537,-12.2584,-12.6099,-11.899,8,b,No,No
order_forced,data/videos_v3/int_500ms/v3_500_00496.avi,500,1,1,0.2188,-0.6303,-0.8491,-3.7085,-6.4897,8,b,A,A
interval,data/videos_v3/int_500ms/v3_500_00496.avi,500,A,B,,-1.4767,-1.2892,-1.4454,-1.5392,8,b,B,B
order_real,data/videos_v3/int_500ms/v3_500_00497.avi,500,1,0,-0.3463,-9.2929,-11.5897,-12.0429,-11.5507,8,b,No,No
order_rev,data/videos_v3/int_500ms/v3_500_00497.avi,500,1,0,-0.564,-9.1257,-11.5475,-12.2116,-11.4694,8,b,No,No
order_forced,data/videos_v3/int_500ms/v3_500_00497.avi,500,1,1,0.5469,-0.522,-1.0689,-3.2408,-5.8501,8,b,A,A
interval,data/videos_v3/int_500ms/v3_500_00497.avi,500,A,B,,-1.5267,-1.2454,-1.3079,-1.5892,8,b,B,B
order_real,data/videos_v3/int_500ms/v3_500_00498.avi,500,0,0,-1.1357,-9.5241,-11.6959,-12.3288,-11.6803,8,a,No,No
order_rev,data/videos_v3/int_500ms/v3_500_00498.avi,500,0,0,-1.4899,-9.603,-12.3999,-13.0015,-12.1265,8,a,No,No
order_forced,data/videos_v3/int_500ms/v3_500_00498.avi,500,0,1,0.4531,-0.5337,-0.9868,-3.7056,-6.2212,8,a,A,A
interval,data/videos_v3/int_500ms/v3_500_00498.avi,500,A,B,,-1.543,-1.2305,-1.418,-1.5586,8,a,B,B
order_real,data/videos_v3/int_500ms/v3_500_00499.avi,500,0,0,-0.376,-9.3492,-11.5445,-12.2008,-11.607,8,b,No,No
order_rev,data/videos_v3/int_500ms/v3_500_00499.avi,500,0,0,-0.7507,-9.2189,-11.6876,-12.2892,-11.5626,8,b,No,No
order_forced,data/videos_v3/int_500ms/v3_500_00499.avi,500,0,1,0.4375,-0.5525,-0.99,-3.2244,-5.4119,8,b,A,A
interval,data/videos_v3/int_500ms/v3_500_00499.avi,500,A,C,,-1.6529,-1.3248,-1.2467,-1.481,8,b,C,C
order_real,data/videos_v3/int_1000ms/v3_1000_00500.avi,1000,1,0,-0.9647,-9.5637,-11.7278,-12.509,-11.759,8,b,No,No
order_rev,data/videos_v3/int_1000ms/v3_1000_00500.avi,1000,1,0,-1.2081,-9.4632,-12.0257,-12.7444,-11.8538,8,b,No,No
order_forced,data/videos_v3/int_1000ms/v3_1000_00500.avi,1000,1,1,0.4062,-0.5458,-0.952,-3.9833,-5.7958,8,b,A,A
interval,data/videos_v3/int_1000ms/v3_1000_00500.avi,1000,B,B,,-1.4901,-1.2089,-1.3808,-1.6308,8,b,B,B
order_32f,data/videos_v3/int_1000ms/v3_1000_00500.avi,1000,1,0,-0.9783,-9.2262,-11.9293,-12.484,-12.0387,32,b,No,No.
moved_real,data/videos_v3/int_1000ms/v3_1000_00500.avi,1000,1,0,-1.7023,-9.805,-12.891,-13.0707,-12.43,8,b,No,No.
moved_twin,data/twin_v3/v3_1000_00500.avi,1000,0,0,-1.7969,-9.9589,-13.0136,-13.1855,-12.498,8,b,No,No.
still_real,data/videos_v3/int_1000ms/v3_1000_00500.avi,1000,0,1,0.272,-9.7826,-10.5717,-12.7123,-11.8373,8,b,Yes,"Yes, both shapes stayed still the whole"
still_twin,data/twin_v3/v3_1000_00500.avi,1000,1,1,0.2596,-9.7884,-10.5931,-12.7025,-11.8197,8,b,Yes,"Yes, both shapes stayed still the whole"
order_twin,data/twin_v3/v3_1000_00500.avi,1000,-1,0,-0.9835,-9.6153,-11.7481,-12.5294,-11.7716,8,b,No,No
moved_solo_hit,data/videos_v3/int_1000ms/v3_1000_00500_solob.avi,1000,1,0,-1.7838,-9.9423,-13.036,-13.161,-12.5595,8,b,No,No.
moved_solo_fa,data/videos_v3/int_1000ms/v3_1000_00500_soloa.avi,1000,0,0,-1.7173,-9.8069,-12.8616,-13.0569,-12.3616,8,b,No,No.
order_real,data/videos_v3/int_1000ms/v3_1000_00501.avi,1000,0,0,-1.449,-9.8133,-12.1492,-12.9383,-11.8992,8,a,No,No
order_rev,data/videos_v3/int_1000ms/v3_1000_00501.avi,1000,0,0,-1.3905,-9.6853,-12.1618,-13.0447,-11.7868,8,a,No,No
order_forced,data/videos_v3/int_1000ms/v3_1000_00501.avi,1000,0,1,0.4375,-0.5277,-0.9652,-4.3559,-6.2934,8,a,A,A
interval,data/videos_v3/int_1000ms/v3_1000_00501.avi,1000,B,B,,-1.5927,-1.1865,-1.3896,-1.5615,8,a,B,B
order_32f,data/videos_v3/int_1000ms/v3_1000_00501.avi,1000,0,0,-1.1101,-9.1549,-12.1002,-12.7408,-11.944,32,a,No,No.
moved_real,data/videos_v3/int_1000ms/v3_1000_00501.avi,1000,1,0,-2.5346,-10.446,-13.7663,-14.1022,-13.11,8,a,No,No.
moved_twin,data/twin_v3/v3_1000_00501.avi,1000,0,0,-2.5941,-10.4389,-13.8295,-14.103,-13.1498,8,a,No,No.
still_real,data/videos_v3/int_1000ms/v3_1000_00501.avi,1000,0,1,0.3594,-9.8177,-10.8489,-12.763,-11.9271,8,a,Yes,"Yes, both shapes stayed still the whole"
still_twin,data/twin_v3/v3_1000_00501.avi,1000,1,1,0.3818,-9.8951,-10.7622,-12.7701,-12.0044,8,a,Yes,"Yes, both shapes stayed still the whole"
order_twin,data/twin_v3/v3_1000_00501.avi,1000,-1,0,-1.1983,-9.6949,-12.0152,-12.7105,-11.7652,8,a,No,No
moved_solo_hit,data/videos_v3/int_1000ms/v3_1000_00501_soloa.avi,1000,1,0,-2.6952,-10.6093,-13.9765,-14.289,-13.3047,8,a,No,No.
moved_solo_fa,data/videos_v3/int_1000ms/v3_1000_00501_solob.avi,1000,0,0,-2.5268,-10.4153,-13.7435,-14.056,-13.095,8,a,No,No.
order_real,data/videos_v3/int_1000ms/v3_1000_00502.avi,1000,1,0,-1.1238,-9.5731,-11.9481,-12.37,-11.7216,8,a,No,No
order_rev,data/videos_v3/int_1000ms/v3_1000_00502.avi,1000,1,0,-1.6703,-9.6909,-12.4097,-12.98,-11.9722,8,a,No,No
order_forced,data/videos_v3/int_1000ms/v3_1000_00502.avi,1000,1,1,0.5312,-0.5094,-1.0406,-3.6344,-6.1813,8,a,A,A
interval,data/videos_v3/int_1000ms/v3_1000_00502.avi,1000,B,B,,-1.6744,-1.2213,-1.3619,-1.5025,8,a,B,B
order_32f,data/videos_v3/int_1000ms/v3_1000_00502.avi,1000,1,0,-1.0163,-9.2687,-12.3078,-12.4875,-12.0265,32,a,No,No.
moved_real,data/videos_v3/int_1000ms/v3_1000_00502.avi,1000,1,0,-2.7464,-10.5653,-14.0028,-14.2528,-13.2372,8,a,No,No.
moved_twin,data/twin_v3/v3_1000_00502.avi,1000,0,0,-2.8106,-10.6309,-14.0684,-14.334,-13.2793,8,a,No,No.
still_real,data/videos_v3/int_1000ms/v3_1000_00502.avi,1000,0,1,0.6434,-9.8592,-10.5389,-12.6873,-11.9998,8,a,Yes,"Yes, both shapes stayed still the whole"
still_twin,data/twin_v3/v3_1000_00502.avi,1000,1,1,0.6731,-9.8582,-10.6161,-12.7176,-12.0301,8,a,Yes,"Yes, both shapes stayed still the whole"
order_twin,data/twin_v3/v3_1000_00502.avi,1000,-1,0,-1.1493,-9.5715,-11.9309,-12.3762,-11.7044,8,a,No,No
moved_solo_hit,data/videos_v3/int_1000ms/v3_1000_00502_soloa.avi,1000,1,0,-2.8587,-10.6596,-14.0892,-14.3549,-13.3002,8,a,No,No.
moved_solo_fa,data/videos_v3/int_1000ms/v3_1000_00502_solob.avi,1000,0,0,-2.4748,-10.4243,-13.854,-14.0962,-13.1196,8,a,No,No.
order_real,data/videos_v3/int_1000ms/v3_1000_00503.avi,1000,0,0,-0.4571,-9.3377,-11.6736,-12.283,-11.6111,8,a,No,No.
order_rev,data/videos_v3/int_1000ms/v3_1000_00503.avi,1000,0,0,-0.8954,-9.2304,-11.9648,-12.2694,-11.6835,8,a,No,No
order_forced,data/videos_v3/int_1000ms/v3_1000_00503.avi,1000,0,1,0.5312,-0.5053,-1.0365,-3.4584,-5.5834,8,a,A,A
interval,data/videos_v3/int_1000ms/v3_1000_00503.avi,1000,B,B,,-1.5817,-1.2379,-1.3785,-1.5348,8,a,B,B
order_32f,data/videos_v3/int_1000ms/v3_1000_00503.avi,1000,0,0,-0.826,-9.2862,-12.2002,-12.6534,-12.2705,32,a,No,No.
moved_real,data/videos_v3/int_1000ms/v3_1000_00503.avi,1000,1,0,-1.788,-9.7719,-13.2484,-13.3109,-12.4828,8,a,No,No.
moved_twin,data/twin_v3/v3_1000_00503.avi,1000,0,0,-1.7709,-9.7343,-13.1952,-13.2733,-12.4687,8,a,No,No.
still_real,data/videos_v3/int_1000ms/v3_1000_00503.avi,1000,0,1,0.6906,-9.8241,-10.371,-12.6366,-11.8554,8,a,Yes,"Yes, both shapes stayed still the whole"
still_twin,data/twin_v3/v3_1000_00503.avi,1000,1,1,0.73,-9.7796,-10.3343,-12.5609,-11.8187,8,a,Yes,"Yes, both shapes stayed still the whole"
order_twin,data/twin_v3/v3_1000_00503.avi,1000,-1,0,-0.4564,-9.3282,-11.7188,-12.2891,-11.6407,8,a,No,No.
moved_solo_hit,data/videos_v3/int_1000ms/v3_1000_00503_soloa.avi,1000,1,0,-1.8197,-9.8005,-13.2693,-13.3396,-12.5193,8,a,No,No.
moved_solo_fa,data/videos_v3/int_1000ms/v3_1000_00503_solob.avi,1000,0,0,-1.7796,-9.728,-13.2514,-13.2749,-12.4702,8,a,No,No.
order_real,data/videos_v3/int_1000ms/v3_1000_00504.avi,1000,1,0,-0.6762,-9.3579,-11.6782,-12.1235,-11.561,8,b,No,No
order_rev,data/videos_v3/int_1000ms/v3_1000_00504.avi,1000,1,0,-0.5154,-9.3027,-11.7324,-12.459,-11.5058,8,b,No,No
order_forced,data/videos_v3/int_1000ms/v3_1000_00504.avi,1000,1,1,0.375,-0.5636,-0.9386,-3.5323,-5.7823,8,b,A,A
interval,data/videos_v3/int_1000ms/v3_1000_00504.avi,1000,B,B,,-1.4793,-1.2606,-1.3387,-1.6199,8,b,B,B
order_32f,data/videos_v3/int_1000ms/v3_1000_00504.avi,1000,1,0,-0.7884,-9.029,-11.8025,-12.0056,-11.9431,32,b,No,No.
moved_real,data/videos_v3/int_1000ms/v3_1000_00504.avi,1000,1,0,-1.4218,-9.7587,-13.1415,-12.7352,-12.3602,8,b,No,No.
moved_twin,data/twin_v3/v3_1000_00504.avi,1000,0,0,-1.5593,-9.8369,-13.2353,-12.7744,-12.4697,8,b,No,No.
still_real,data/videos_v3/int_1000ms/v3_1000_00504.avi,1000,0,1,0.5854,-9.7531,-10.2922,-12.4875,-11.6906,8,b,Yes,"Yes, both shapes stayed still the whole"
still_twin,data/twin_v3/v3_1000_00504.avi,1000,1,1,0.7935,-9.8367,-10.3055,-12.5008,-11.8289,8,b,Yes,"Yes, both shapes stayed still the whole"
order_twin,data/twin_v3/v3_1000_00504.avi,1000,-1,0,-0.8009,-9.3785,-11.7145,-12.1442,-11.6051,8,b,No,No
moved_solo_hit,data/videos_v3/int_1000ms/v3_1000_00504_solob.avi,1000,1,0,-1.4525,-9.8432,-13.226,-12.812,-12.4292,8,b,No,No.
moved_solo_fa,data/videos_v3/int_1000ms/v3_1000_00504_soloa.avi,1000,0,0,-1.5877,-9.815,-13.2447,-12.7915,-12.479,8,b,No,No.
order_real,data/videos_v3/int_1000ms/v3_1000_00505.avi,1000,1,0,-0.7297,-9.3993,-11.665,-12.3915,-11.7275,8,b,No,No.
order_rev,data/videos_v3/int_1000ms/v3_1000_00505.avi,1000,1,0,-0.6188,-9.1133,-11.9023,-12.3242,-11.7617,8,b,No,No
order_forced,data/videos_v3/int_1000ms/v3_1000_00505.avi,1000,1,1,0.3906,-0.5509,-0.9415,-4.129,-5.9259,8,b,A,A
interval,data/videos_v3/int_1000ms/v3_1000_00505.avi,1000,B,B,,-1.6613,-1.2707,-1.3332,-1.4894,8,b,B,B
order_32f,data/videos_v3/int_1000ms/v3_1000_00505.avi,1000,1,0,-0.6159,-9.1893,-12.1034,-12.5721,-12.2128,32,b,No,No.
moved_real,data/videos_v3/int_1000ms/v3_1000_00505.avi,1000,1,0,-0.9687,-9.49,-12.7869,-13.0994,-12.2635,8,b,No,No.
moved_twin,data/twin_v3/v3_1000_00505.avi,1000,0,0,-1.1552,-9.5699,-12.8355,-13.1558,-12.273,8,b,No,No.
still_real,data/videos_v3/int_1000ms/v3_1000_00505.avi,1000,0,0,-0.3092,-9.73,-10.6909,-12.7222,-11.9175,8,b,No,"No, in the video, one of"
still_twin,data/twin_v3/v3_1000_00505.avi,1000,1,0,-0.2945,-9.7672,-10.65,-12.7516,-11.9235,8,b,No,"No, in this video, one of"
order_twin,data/twin_v3/v3_1000_00505.avi,1000,-1,0,-0.557,-9.3411,-11.599,-12.3568,-11.6615,8,b,No,No
moved_solo_hit,data/videos_v3/int_1000ms/v3_1000_00505_solob.avi,1000,1,0,-0.999,-9.4673,-12.7329,-13.061,-12.2094,8,b,No,No.
moved_solo_fa,data/videos_v3/int_1000ms/v3_1000_00505_soloa.avi,1000,0,0,-1.0131,-9.5135,-12.7557,-13.1151,-12.2167,8,b,No,No.
order_real,data/videos_v3/int_1000ms/v3_1000_00506.avi,1000,1,0,-0.4679,-9.3931,-11.5337,-11.9634,-11.6196,8,b,No,No
order_rev,data/videos_v3/int_1000ms/v3_1000_00506.avi,1000,1,0,-0.5301,-9.5321,-11.9774,-12.6727,-11.9306,8,b,No,No
order_forced,data/videos_v3/int_1000ms/v3_1000_00506.avi,1000,1,1,0.6093,-0.4801,-1.0894,-3.4019,-5.7926,8,b,A,A
interval,data/videos_v3/int_1000ms/v3_1000_00506.avi,1000,B,C,,-1.6919,-1.3012,-1.2075,-1.52,8,b,C,C
order_32f,data/videos_v3/int_1000ms/v3_1000_00506.avi,1000,1,0,-0.2979,-9.0931,-11.8353,-11.9994,-12.0619,32,b,No,No.
moved_real,data/videos_v3/int_1000ms/v3_1000_00506.avi,1000,1,0,-1.1543,-9.772,-12.9516,-12.6548,-12.4673,8,b,No,No.
moved_twin,data/twin_v3/v3_1000_00506.avi,1000,0,0,-1.3048,-9.815,-12.9712,-12.6821,-12.4478,8,b,No,No
still_real,data/videos_v3/int_1000ms/v3_1000_00506.avi,1000,0,1,0.4758,-9.828,-10.6327,-12.7421,-12.0389,8,b,Yes,"Yes, both shapes stayed still the whole"
still_twin,data/twin_v3/v3_1000_00506.avi,1000,1,1,0.4831,-9.7502,-10.6565,-12.6565,-11.969,8,b,Yes,"Yes, both shapes stayed still the whole"
order_twin,data/twin_v3/v3_1000_00506.avi,1000,-1,0,-0.5377,-9.4362,-11.5846,-12.0221,-11.6315,8,b,No,No
moved_solo_hit,data/videos_v3/int_1000ms/v3_1000_00506_solob.avi,1000,1,0,-1.2706,-9.8197,-12.9916,-12.6557,-12.4916,8,b,No,No
moved_solo_fa,data/videos_v3/int_1000ms/v3_1000_00506_soloa.avi,1000,0,0,-1.2006,-9.7537,-12.9412,-12.6443,-12.4568,8,b,No,No.
order_real,data/videos_v3/int_1000ms/v3_1000_00507.avi,1000,0,0,-0.7997,-9.2018,-11.3972,-12.4362,-11.405,8,a,No,No
order_rev,data/videos_v3/int_1000ms/v3_1000_00507.avi,1000,0,0,-0.9364,-9.1806,-11.8056,-12.5947,-11.4775,8,a,No,No
order_forced,data/videos_v3/int_1000ms/v3_1000_00507.avi,1000,0,1,0.3437,-0.5942,-0.9379,-3.641,-5.7035,8,a,A,A
interval,data/videos_v3/int_1000ms/v3_1000_00507.avi,1000,B,B,,-1.6125,-1.2531,-1.3469,-1.5969,8,a,B,B
order_32f,data/videos_v3/int_1000ms/v3_1000_00507.avi,1000,0,0,-0.6116,-8.8277,-11.6246,-12.3824,-11.648,32,a,No,No.
moved_real,data/videos_v3/int_1000ms/v3_1000_00507.avi,1000,1,0,-1.5639,-9.5853,-12.9525,-13.2493,-12.1634,8,a,No,No.
moved_twin,data/twin_v3/v3_1000_00507.avi,1000,0,0,-1.3182,-9.6175,-13.016,-13.2972,-12.1566,8,a,No,No.
still_real,data/videos_v3/int_1000ms/v3_1000_00507.avi,1000,0,1,0.5385,-9.6404,-10.1716,-12.5232,-11.5154,8,a,Yes,"Yes, both shapes stayed still the whole"
still_twin,data/twin_v3/v3_1000_00507.avi,1000,1,1,0.3538,-9.6534,-10.3722,-12.5753,-11.5284,8,a,Yes,"Yes, both shapes stayed still the entire"
order_twin,data/twin_v3/v3_1000_00507.avi,1000,-1,0,-0.5887,-9.2534,-11.5581,-12.5112,-11.4487,8,a,No,No
moved_solo_hit,data/videos_v3/int_1000ms/v3_1000_00507_soloa.avi,1000,1,0,-1.3497,-9.5745,-12.9807,-13.2463,-12.1292,8,a,No,No.
moved_solo_fa,data/videos_v3/int_1000ms/v3_1000_00507_solob.avi,1000,0,0,-1.3064,-9.4739,-12.8333,-13.1536,-12.0286,8,a,No,No.
order_real,data/videos_v3/int_1000ms/v3_1000_00508.avi,1000,0,0,-0.7045,-9.5065,-11.9362,-12.4674,-11.7643,8,b,No,No
order_rev,data/videos_v3/int_1000ms/v3_1000_00508.avi,1000,0,0,-1.1109,-9.4727,-12.1602,-12.8086,-11.8321,8,b,No,No
order_forced,data/videos_v3/int_1000ms/v3_1000_00508.avi,1000,0,1,0.5937,-0.4684,-1.0621,-4.0309,-5.6871,8,b,A,A
interval,data/videos_v3/int_1000ms/v3_1000_00508.avi,1000,B,B,,-1.5298,-1.2486,-1.4205,-1.5767,8,b,B,B
order_32f,data/videos_v3/int_1000ms/v3_1000_00508.avi,1000,0,0,-0.7508,-9.1198,-12.1354,-12.4792,-12.0807,32,b,No,No.
moved_real,data/videos_v3/int_1000ms/v3_1000_00508.avi,1000,1,0,-1.8963,-10.0524,-13.4977,-13.4509,-12.7477,8,b,No,No.
moved_twin,data/twin_v3/v3_1000_00508.avi,1000,0,0,-1.8673,-9.9902,-13.4668,-13.4043,-12.7089,8,b,No,No.
still_real,data/videos_v3/int_1000ms/v3_1000_00508.avi,1000,0,1,0.178,-9.884,-10.5949,-12.9309,-11.9543,8,b,Yes,"Yes, both shapes stayed still the whole"
still_twin,data/twin_v3/v3_1000_00508.avi,1000,1,1,0.1721,-9.8798,-10.661,-12.9501,-11.9892,8,b,Yes,"Yes, both shapes stayed still the whole"
order_twin,data/twin_v3/v3_1000_00508.avi,1000,-1,0,-0.6737,-9.4952,-11.9483,-12.4795,-11.7764,8,b,No,No
moved_solo_hit,data/videos_v3/int_1000ms/v3_1000_00508_solob.avi,1000,1,0,-1.9448,-10.0943,-13.5475,-13.5084,-12.7896,8,b,No,No.
moved_solo_fa,data/videos_v3/int_1000ms/v3_1000_00508_soloa.avi,1000,0,0,-1.8514,-9.9696,-13.4071,-13.3993,-12.6727,8,b,No,No.
order_real,data/videos_v3/int_1000ms/v3_1000_00509.avi,1000,0,0,-0.4466,-9.2374,-11.4717,-12.1592,-11.3702,8,a,No,No
order_rev,data/videos_v3/int_1000ms/v3_1000_00509.avi,1000,0,0,-0.5568,-9.1189,-11.6033,-12.1736,-11.4705,8,a,No,No
order_forced,data/videos_v3/int_1000ms/v3_1000_00509.avi,1000,0,1,0.4531,-0.537,-0.9901,-3.6776,-5.2245,8,a,A,A
interval,data/videos_v3/int_1000ms/v3_1000_00509.avi,1000,B,B,,-1.6784,-1.2097,-1.319,-1.5222,8,a,B,B
order_32f,data/videos_v3/int_1000ms/v3_1000_00509.avi,1000,0,0,-0.4186,-8.8175,-11.4738,-12.0441,-11.6144,32,a,No,No.
moved_real,data/videos_v3/int_1000ms/v3_1000_00509.avi,1000,1,0,-1.6477,-9.6961,-12.9227,-13.1883,-12.1571,8,a,No,No.
moved_twin,data/twin_v3/v3_1000_00509.avi,1000,0,0,-1.9518,-9.9188,-13.1531,-13.411,-12.3016,8,a,No,No.
still_real,data/videos_v3/int_1000ms/v3_1000_00509.avi,1000,0,1,0.3907,-9.6144,-10.1925,-12.3175,-11.4425,8,a,Yes,"Yes, both shapes stayed still the whole"
still_twin,data/twin_v3/v3_1000_00509.avi,1000,1,1,0.4304,-9.6572,-10.1884,-12.3525,-11.4931,8,a,Yes,"Yes, both shapes stayed still the whole"
order_twin,data/twin_v3/v3_1000_00509.avi,1000,-1,0,-0.5579,-9.3129,-11.5082,-12.1645,-11.3832,8,a,No,No
moved_solo_hit,data/videos_v3/int_1000ms/v3_1000_00509_soloa.avi,1000,1,0,-1.9336,-9.8868,-13.1524,-13.4337,-12.3477,8,a,No,No.
moved_solo_fa,data/videos_v3/int_1000ms/v3_1000_00509_solob.avi,1000,0,0,-1.7236,-9.7805,-12.9914,-13.2648,-12.1789,8,a,No,No.
order_real,data/videos_v3/int_1000ms/v3_1000_00510.avi,1000,0,0,-0.6391,-9.2055,-11.1821,-12.3774,-11.3227,8,a,No,No
order_rev,data/videos_v3/int_1000ms/v3_1000_00510.avi,1000,0,0,-1.627,-9.7697,-12.3869,-13.1135,-11.9729,8,a,No,No
order_forced,data/videos_v3/int_1000ms/v3_1000_00510.avi,1000,0,1,0.5625,-0.4818,-1.0443,-4.4349,-6.2005,8,a,A,A
interval,data/videos_v3/int_1000ms/v3_1000_00510.avi,1000,B,B,,-1.756,-1.1935,-1.3498,-1.4435,8,a,B,B
order_32f,data/videos_v3/int_1000ms/v3_1000_00510.avi,1000,0,0,-0.6194,-8.8386,-11.3776,-12.487,-11.487,32,a,No,No.
moved_real,data/videos_v3/int_1000ms/v3_1000_00510.avi,1000,1,0,-2.2027,-10.2816,-13.2425,-13.9222,-12.805,8,a,No,No.
moved_twin,data/twin_v3/v3_1000_00510.avi,1000,0,0,-2.2564,-10.2643,-13.2253,-13.8737,-12.7565,8,a,No,No.
still_real,data/videos_v3/int_1000ms/v3_1000_00510.avi,1000,0,1,0.0507,-9.6581,-10.6503,-12.58,-11.8065,8,a,Yes,"Yes, both shapes stayed still the whole"
still_twin,data/twin_v3/v3_1000_00510.avi,1000,1,0,-0.1233,-9.602,-10.727,-12.5238,-11.7504,8,a,No,"No, in the video, one of"
order_twin,data/twin_v3/v3_1000_00510.avi,1000,-1,0,-0.7455,-9.2147,-11.1991,-12.3866,-11.3162,8,a,No,No
moved_solo_hit,data/videos_v3/int_1000ms/v3_1000_00510_soloa.avi,1000,1,0,-2.3739,-10.3599,-13.3286,-14.0161,-12.8911,8,a,No,No.
moved_solo_fa,data/videos_v3/int_1000ms/v3_1000_00510_solob.avi,1000,0,0,-2.0523,-10.1891,-13.15,-13.7985,-12.7047,8,a,No,No.
order_real,data/videos_v3/int_1000ms/v3_1000_00511.avi,1000,1,0,-0.4864,-9.2919,-11.37,-11.9481,-11.4559,8,b,No,No
order_rev,data/videos_v3/int_1000ms/v3_1000_00511.avi,1000,1,0,-1.0478,-9.3849,-11.838,-12.463,-11.6505,8,b,No,No
order_forced,data/videos_v3/int_1000ms/v3_1000_00511.avi,1000,1,1,0.3906,-0.5689,-0.9595,-3.4751,-5.7876,8,b,A,A
interval,data/videos_v3/int_1000ms/v3_1000_00511.avi,1000,B,B,,-1.6173,-1.2579,-1.3516,-1.461,8,b,B,B
order_32f,data/videos_v3/int_1000ms/v3_1000_00511.avi,1000,1,0,-0.4072,-8.8284,-11.4691,-11.8206,-11.8753,32,b,No,No.
moved_real,data/videos_v3/int_1000ms/v3_1000_00511.avi,1000,1,0,-2.0529,-9.9352,-13.2789,-13.4586,-12.5758,8,b,No,No.
moved_twin,data/twin_v3/v3_1000_00511.avi,1000,0,0,-1.8338,-9.6984,-12.9484,-13.1515,-12.2687,8,b,No,No.
still_real,data/videos_v3/int_1000ms/v3_1000_00511.avi,1000,0,1,0.7964,-9.6614,-9.9974,-12.2864,-11.5442,8,b,Yes,"Yes, both shapes stayed still the whole"
still_twin,data/twin_v3/v3_1000_00511.avi,1000,1,1,0.6713,-9.5874,-10.0406,-12.189,-11.4078,8,b,Yes,"Yes, both shapes stayed still the whole"
order_twin,data/twin_v3/v3_1000_00511.avi,1000,-1,0,-0.5505,-9.1884,-11.2509,-11.8915,-11.329,8,b,No,No
moved_solo_hit,data/videos_v3/int_1000ms/v3_1000_00511_solob.avi,1000,1,0,-1.9475,-9.9036,-13.2161,-13.3801,-12.4973,8,b,No,No.
moved_solo_fa,data/videos_v3/int_1000ms/v3_1000_00511_soloa.avi,1000,0,0,-1.8668,-9.7351,-13.0007,-13.2195,-12.3679,8,b,No,No.
order_real,data/videos_v3/int_1000ms/v3_1000_00512.avi,1000,1,0,-0.9987,-9.5229,-11.6479,-12.812,-11.6557,8,b,No,No
order_rev,data/videos_v3/int_1000ms/v3_1000_00512.avi,1000,1,0,-1.292,-9.5527,-12.1464,-13.0448,-11.8261,8,b,No,No
order_forced,data/videos_v3/int_1000ms/v3_1000_00512.avi,1000,1,1,0.4375,-0.5513,-0.9888,-3.7232,-5.9576,8,b,A,A
interval,data/videos_v3/int_1000ms/v3_1000_00512.avi,1000,B,B,,-1.6926,-1.1145,-1.3801,-1.6145,8,b,B,B
order_32f,data/videos_v3/int_1000ms/v3_1000_00512.avi,1000,1,0,-0.9073,-9.0927,-11.7958,-12.7255,-11.7489,32,b,No,No.
moved_real,data/videos_v3/int_1000ms/v3_1000_00512.avi,1000,1,0,-2.4988,-10.5278,-13.731,-14.3013,-13.1138,8,b,No,No.
moved_twin,data/twin_v3/v3_1000_00512.avi,1000,0,0,-2.3979,-10.3922,-13.6031,-14.1578,-12.9703,8,b,No,No.
still_real,data/videos_v3/int_1000ms/v3_1000_00512.avi,1000,0,1,0.6596,-9.9336,-10.7148,-12.8632,-12.0117,8,b,Yes,"Yes, both shapes stayed still the whole"
still_twin,data/twin_v3/v3_1000_00512.avi,1000,1,1,0.4872,-9.8651,-10.7401,-12.7713,-11.9276,8,b,Yes,"Yes, both shapes stayed still the whole"
order_twin,data/twin_v3/v3_1000_00512.avi,1000,-1,0,-0.9405,-9.505,-11.6457,-12.755,-11.6222,8,b,No,No
moved_solo_hit,data/videos_v3/int_1000ms/v3_1000_00512_solob.avi,1000,1,0,-2.612,-10.5957,-13.7363,-14.3301,-13.1738,8,b,No,No.
moved_solo_fa,data/videos_v3/int_1000ms/v3_1000_00512_soloa.avi,1000,0,0,-2.3994,-10.3935,-13.5966,-14.1356,-12.9481,8,b,No,No.
order_real,data/videos_v3/int_1000ms/v3_1000_00513.avi,1000,0,0,-0.5126,-9.3464,-11.7292,-12.4714,-11.5339,8,a,No,No
order_rev,data/videos_v3/int_1000ms/v3_1000_00513.avi,1000,0,0,-0.4655,-9.2609,-11.8156,-12.55,-11.55,8,a,No,No
order_forced,data/videos_v3/int_1000ms/v3_1000_00513.avi,1000,0,1,0.375,-0.5499,-0.9249,-4.0656,-5.3156,8,a,A,A
interval,data/videos_v3/int_1000ms/v3_1000_00513.avi,1000,B,B,,-1.4838,-1.3119,-1.3432,-1.5307,8,a,B,B
order_32f,data/videos_v3/int_1000ms/v3_1000_00513.avi,1000,0,0,-0.4771,-9.0216,-12.1075,-12.6075,-11.9747,32,a,No,No.
moved_real,data/videos_v3/int_1000ms/v3_1000_00513.avi,1000,1,0,-1.5859,-9.8953,-13.1609,-13.4656,-12.3953,8,a,No,No.
moved_twin,data/twin_v3/v3_1000_00513.avi,1000,0,0,-1.7611,-9.7974,-13.1099,-13.3521,-12.2974,8,a,No,No.
still_real,data/videos_v3/int_1000ms/v3_1000_00513.avi,1000,0,0,-0.1044,-9.6635,-10.8745,-12.7182,-11.6792,8,a,No,"No, in the video, one of"
still_twin,data/twin_v3/v3_1000_00513.avi,1000,1,1,-0.0133,-9.6345,-10.5251,-12.5876,-11.6267,8,a,Yes,"Yes, both shapes stayed still the entire"
order_twin,data/twin_v3/v3_1000_00513.avi,1000,-1,0,-0.5489,-9.2488,-11.6082,-12.4129,-11.4285,8,a,No,No
moved_solo_hit,data/videos_v3/int_1000ms/v3_1000_00513_soloa.avi,1000,1,0,-1.5878,-9.7702,-13.0358,-13.317,-12.2545,8,a,No,No.
moved_solo_fa,data/videos_v3/int_1000ms/v3_1000_00513_solob.avi,1000,0,0,-1.8206,-9.9452,-13.2734,-13.5468,-12.4687,8,a,No,No.
order_real,data/videos_v3/int_1000ms/v3_1000_00514.avi,1000,1,0,-0.8915,-9.6114,-11.5723,-12.5333,-11.7833,8,b,No,No
order_rev,data/videos_v3/int_1000ms/v3_1000_00514.avi,1000,1,0,-1.0497,-9.5541,-12.0229,-12.8901,-11.9369,8,b,No,No
order_forced,data/videos_v3/int_1000ms/v3_1000_00514.avi,1000,1,1,0.5157,-0.5239,-1.0396,-3.5864,-5.8052,8,b,A,A
interval,data/videos_v3/int_1000ms/v3_1000_00514.avi,1000,B,B,,-1.7261,-1.2261,-1.2418,-1.5386,8,b,B,B
order_32f,data/videos_v3/int_1000ms/v3_1000_00514.avi,1000,1,0,-0.713,-9.1953,-11.6875,-12.5547,-12.0469,32,b,No,No.
moved_real,data/videos_v3/int_1000ms/v3_1000_00514.avi,1000,1,0,-2.2416,-10.2654,-13.4295,-13.6795,-12.8435,8,b,No,No.
moved_twin,data/twin_v3/v3_1000_00514.avi,1000,0,0,-2.0872,-10.1508,-13.3618,-13.5493,-12.7524,8,b,No,No.
still_real,data/videos_v3/int_1000ms/v3_1000_00514.avi,1000,0,1,0.4448,-9.7586,-10.9461,-12.7195,-11.9617,8,b,Yes,"Yes, both shapes stayed still the whole"
still_twin,data/twin_v3/v3_1000_00514.avi,1000,1,1,0.4248,-9.6996,-10.9809,-12.6528,-11.9262,8,b,Yes,"Yes, both shapes stayed still the whole"
order_twin,data/twin_v3/v3_1000_00514.avi,1000,-1,0,-0.8515,-9.5532,-11.5766,-12.4282,-11.7173,8,b,No,No
moved_solo_hit,data/videos_v3/int_1000ms/v3_1000_00514_solob.avi,1000,1,0,-2.1503,-10.139,-13.2874,-13.5374,-12.7171,8,b,No,No.
moved_solo_fa,data/videos_v3/int_1000ms/v3_1000_00514_soloa.avi,1000,0,0,-2.1351,-10.148,-13.3277,-13.5464,-12.7496,8,b,No,No.
order_real,data/videos_v3/int_1000ms/v3_1000_00515.avi,1000,0,0,-0.6406,-9.1217,-11.4186,-12.278,-11.3092,8,b,No,No
order_rev,data/videos_v3/int_1000ms/v3_1000_00515.avi,1000,0,0,-0.7321,-9.0878,-11.744,-12.4628,-11.4706,8,b,No,No
order_forced,data/videos_v3/int_1000ms/v3_1000_00515.avi,1000,0,1,0.4843,-0.5173,-1.0016,-3.8141,-5.5329,8,b,A,A
interval,data/videos_v3/int_1000ms/v3_1000_00515.avi,1000,B,B,,-1.7026,-1.2183,-1.3276,-1.562,8,b,B,B
order_32f,data/videos_v3/int_1000ms/v3_1000_00515.avi,1000,0,0,-0.5662,-8.6829,-11.5658,-12.3783,-11.5579,32,b,No,No.
moved_real,data/videos_v3/int_1000ms/v3_1000_00515.avi,1000,1,0,-1.3624,-9.6025,-12.7744,-13.1494,-12.1181,8,b,No,No.
moved_twin,data/twin_v3/v3_1000_00515.avi,1000,0,0,-1.5463,-9.6972,-12.7597,-13.2206,-12.119,8,b,No,No.
still_real,data/videos_v3/int_1000ms/v3_1000_00515.avi,1000,0,1,0.1071,-9.5662,-10.4568,-12.5193,-11.6053,8,b,Yes,"Yes, both shapes stayed still the whole"
still_twin,data/twin_v3/v3_1000_00515.avi,1000,1,1,0.1218,-9.5197,-10.4415,-12.4806,-11.5353,8,b,Yes,"Yes, both shapes stayed still the whole"
order_twin,data/twin_v3/v3_1000_00515.avi,1000,-1,0,-0.637,-9.1391,-11.3891,-12.2407,-11.3032,8,b,No,No
moved_solo_hit,data/videos_v3/int_1000ms/v3_1000_00515_solob.avi,1000,1,0,-1.4913,-9.6506,-12.7287,-13.1741,-12.0491,8,b,No,No.
moved_solo_fa,data/videos_v3/int_1000ms/v3_1000_00515_soloa.avi,1000,0,0,-1.4405,-9.6744,-12.7681,-13.2056,-12.1119,8,b,No,No.
order_real,data/videos_v3/int_1000ms/v3_1000_00516.avi,1000,1,0,-0.9504,-9.3688,-11.8298,-12.5173,-11.5954,8,a,No,No.
order_rev,data/videos_v3/int_1000ms/v3_1000_00516.avi,1000,1,0,-0.9101,-9.1543,-11.9434,-12.5606,-11.5762,8,a,No,No
order_forced,data/videos_v3/int_1000ms/v3_1000_00516.avi,1000,1,1,0.4844,-0.5201,-1.0045,-4.067,-5.7857,8,a,A,A
interval,data/videos_v3/int_1000ms/v3_1000_00516.avi,1000,B,B,,-1.5743,-1.2461,-1.3399,-1.5586,8,a,B,B
order_32f,data/videos_v3/int_1000ms/v3_1000_00516.avi,1000,1,0,-0.7442,-8.9757,-12.0382,-12.5382,-11.9366,32,a,No,No.
moved_real,data/videos_v3/int_1000ms/v3_1000_00516.avi,1000,1,0,-1.6816,-9.6266,-13.111,-13.1501,-12.3297,8,a,No,No.
moved_twin,data/twin_v3/v3_1000_00516.avi,1000,0,0,-1.6276,-9.6748,-13.1904,-13.206,-12.3623,8,a,No,No.
still_real,data/videos_v3/int_1000ms/v3_1000_00516.avi,1000,0,1,0.3159,-9.7392,-10.7861,-12.6376,-11.8642,8,a,Yes,"Yes, both shapes stayed still the whole"
still_twin,data/twin_v3/v3_1000_00516.avi,1000,1,1,0.2931,-9.7582,-10.9066,-12.7582,-11.8754,8,a,Yes,"Yes, both shapes stayed still the entire"
order_twin,data/twin_v3/v3_1000_00516.avi,1000,-1,0,-1.0358,-9.4357,-12.0138,-12.6388,-11.6778,8,a,No,No
moved_solo_hit,data/videos_v3/int_1000ms/v3_1000_00516_soloa.avi,1000,1,0,-1.7228,-9.7229,-13.1839,-13.1839,-12.3401,8,a,No,No.
moved_solo_fa,data/videos_v3/int_1000ms/v3_1000_00516_solob.avi,1000,0,0,-1.6763,-9.6099,-13.1412,-13.1646,-12.313,8,a,No,No.
order_real,data/videos_v3/int_1000ms/v3_1000_00517.avi,1000,1,0,-0.76,-9.1802,-11.4771,-12.313,-11.3287,8,b,No,No
order_rev,data/videos_v3/int_1000ms/v3_1000_00517.avi,1000,1,0,-0.8496,-9.0344,-11.6125,-12.5188,-11.425,8,b,No,No
order_forced,data/videos_v3/int_1000ms/v3_1000_00517.avi,1000,1,1,0.25,-0.6162,-0.8662,-4.0849,-5.7881,8,b,A,A
interval,data/videos_v3/int_1000ms/v3_1000_00517.avi,1000,B,B,,-1.6784,-1.194,-1.3815,-1.5065,8,b,B,B
order_32f,data/videos_v3/int_1000ms/v3_1000_00517.avi,1000,1,0,-0.6599,-8.8037,-11.8428,-12.335,-11.624,32,b,No,No.
moved_real,data/videos_v3/int_1000ms/v3_1000_00517.avi,1000,1,0,-1.5928,-9.5211,-12.9351,-13.1695,-12.2164,8,b,No,No.
moved_twin,data/twin_v3/v3_1000_00517.avi,1000,0,0,-2.0981,-9.8632,-13.4648,-13.5663,-12.582,8,b,No,No.
still_real,data/videos_v3/int_1000ms/v3_1000_00517.avi,1000,0,1,0.2849,-9.6266,-10.2829,-12.5797,-11.7047,8,b,Yes,"Yes, both shapes stayed still the whole"
still_twin,data/twin_v3/v3_1000_00517.avi,1000,1,1,0.6971,-9.6989,-10.6207,-12.6286,-11.902,8,b,Yes,"Yes, both shapes stayed still the whole"
order_twin,data/twin_v3/v3_1000_00517.avi,1000,-1,0,-1.0008,-9.3485,-11.7547,-12.4813,-11.536,8,b,No,No
moved_solo_hit,data/videos_v3/int_1000ms/v3_1000_00517_solob.avi,1000,1,0,-1.4798,-9.4552,-12.8537,-13.1037,-12.1662,8,b,No,No.
moved_solo_fa,data/videos_v3/int_1000ms/v3_1000_00517_soloa.avi,1000,0,0,-2.0635,-9.7979,-13.3838,-13.5088,-12.5479,8,b,No,No.
order_real,data/videos_v3/int_1000ms/v3_1000_00518.avi,1000,0,0,-0.9502,-9.2826,-11.4388,-12.1576,-11.517,8,a,No,No
order_rev,data/videos_v3/int_1000ms/v3_1000_00518.avi,1000,0,0,-0.6749,-9.0019,-11.5722,-12.2362,-11.4394,8,a,No,No
order_forced,data/videos_v3/int_1000ms/v3_1000_00518.avi,1000,0,1,0.4844,-0.5308,-1.0152,-3.5152,-5.9683,8,a,A,A
interval,data/videos_v3/int_1000ms/v3_1000_00518.avi,1000,B,B,,-1.5869,-1.2431,-1.3838,-1.4931,8,a,B,B
order_32f,data/videos_v3/int_1000ms/v3_1000_00518.avi,1000,0,0,-0.6062,-8.7296,-11.628,-11.9874,-11.714,32,a,No,No.
moved_real,data/videos_v3/int_1000ms/v3_1000_00518.avi,1000,1,0,-1.552,-9.624,-12.6319,-12.8194,-12.2803,8,a,No,No.
moved_twin,data/twin_v3/v3_1000_00518.avi,1000,0,0,-1.5247,-9.6575,-12.7903,-12.9231,-12.4231,8,a,No,No.
still_real,data/videos_v3/int_1000ms/v3_1000_00518.avi,1000,0,1,0.0687,-9.7766,-10.4954,-12.7376,-11.886,8,a,Yes,"Yes, both shapes stayed still the whole"
still_twin,data/twin_v3/v3_1000_00518.avi,1000,1,1,0.2618,-9.854,-10.5415,-12.7759,-12.0181,8,a,Yes,"Yes, both shapes stayed still the whole"
order_twin,data/twin_v3/v3_1000_00518.avi,1000,-1,0,-0.957,-9.2969,-11.4688,-12.1406,-11.5703,8,a,No,No
moved_solo_hit,data/videos_v3/int_1000ms/v3_1000_00518_soloa.avi,1000,1,0,-1.5109,-9.6728,-12.7822,-12.8993,-12.4072,8,a,No,No.
moved_solo_fa,data/videos_v3/int_1000ms/v3_1000_00518_solob.avi,1000,0,0,-1.5035,-9.6178,-12.61,-12.8209,-12.2818,8,a,No,No.
order_real,data/videos_v3/int_1000ms/v3_1000_00519.avi,1000,0,0,-0.6223,-9.3367,-11.6101,-12.282,-11.6101,8,a,No,No
order_rev,data/videos_v3/int_1000ms/v3_1000_00519.avi,1000,0,0,-0.8926,-9.0853,-11.8431,-12.2338,-11.6244,8,a,No,No
order_forced,data/videos_v3/int_1000ms/v3_1000_00519.avi,1000,0,1,0.2031,-0.627,-0.8301,-3.9864,-5.7207,8,a,A,A
interval,data/videos_v3/int_1000ms/v3_1000_00519.avi,1000,B,B,,-1.6233,-1.2795,-1.3108,-1.5139,8,a,B,B
order_32f,data/videos_v3/int_1000ms/v3_1000_00519.avi,1000,0,0,-0.6891,-9.0303,-11.9444,-12.4132,-12.046,32,a,No,No.
moved_real,data/videos_v3/int_1000ms/v3_1000_00519.avi,1000,1,0,-1.441,-9.5082,-12.8598,-13.0863,-12.2348,8,a,No,No.
moved_twin,data/twin_v3/v3_1000_00519.avi,1000,0,0,-1.3295,-9.4497,-12.7544,-12.9809,-12.1137,8,a,No,No.
still_real,data/videos_v3/int_1000ms/v3_1000_00519.avi,1000,0,1,0.0721,-9.6769,-10.4659,-12.6534,-11.8722,8,a,Yes,"Yes, both shapes, the triangle and"
still_twin,data/twin_v3/v3_1000_00519.avi,1000,1,1,0.1129,-9.6995,-10.6292,-12.6527,-11.9105,8,a,Yes,"Yes, both shapes, the triangle and"
order_twin,data/twin_v3/v3_1000_00519.avi,1000,-1,0,-0.6467,-9.3355,-11.6089,-12.273,-11.5698,8,a,No,No
moved_solo_hit,data/videos_v3/int_1000ms/v3_1000_00519_soloa.avi,1000,1,0,-1.3886,-9.5054,-12.8023,-13.0523,-12.2007,8,a,No,No.
moved_solo_fa,data/videos_v3/int_1000ms/v3_1000_00519_solob.avi,1000,0,0,-1.4383,-9.4969,-12.8016,-13.0282,-12.161,8,a,No,No.
order_real,data/videos_v3/int_1000ms/v3_1000_00520.avi,1000,0,0,-0.7166,-9.2328,-11.7093,-12.4437,-11.514,8,b,No,No
order_rev,data/videos_v3/int_1000ms/v3_1000_00520.avi,1000,0,0,-0.6663,-9.0813,-11.7063,-12.4485,-11.3938,8,b,No,No
order_forced,data/videos_v3/int_1000ms/v3_1000_00520.avi,1000,0,1,0.375,-0.5564,-0.9314,-4.0095,-5.2282,8,b,A,A
interval,data/videos_v3/int_1000ms/v3_1000_00520.avi,1000,B,B,,-1.5383,-1.2883,-1.3352,-1.5539,8,b,B,B
order_real,data/videos_v3/int_1000ms/v3_1000_00521.avi,1000,0,0,-1.1001,-9.523,-11.9058,-12.273,-11.7183,8,b,No,No
order_rev,data/videos_v3/int_1000ms/v3_1000_00521.avi,1000,0,0,-1.1579,-9.3828,-12.0781,-12.4375,-11.914,8,b,No,No.
order_forced,data/videos_v3/int_1000ms/v3_1000_00521.avi,1000,0,1,0.4218,-0.5573,-0.9791,-3.3073,-6.026,8,b,A,A
interval,data/videos_v3/int_1000ms/v3_1000_00521.avi,1000,B,B,,-1.6558,-1.234,-1.3902,-1.484,8,b,B,B
order_real,data/videos_v3/int_1000ms/v3_1000_00522.avi,1000,1,0,-1.2973,-9.3721,-11.8642,-12.3564,-11.6299,8,b,No,No
order_rev,data/videos_v3/int_1000ms/v3_1000_00522.avi,1000,1,0,-1.069,-9.2069,-11.871,-12.3944,-11.6054,8,b,No,No
order_forced,data/videos_v3/int_1000ms/v3_1000_00522.avi,1000,1,1,0.5468,-0.4945,-1.0413,-3.8695,-5.7132,8,b,A,A
interval,data/videos_v3/int_1000ms/v3_1000_00522.avi,1000,B,B,,-1.5983,-1.2389,-1.3171,-1.5514,8,b,B,B
order_real,data/videos_v3/int_1000ms/v3_1000_00523.avi,1000,1,0,-0.7202,-9.5353,-11.7228,-12.6369,-11.7072,8,b,No,No
order_rev,data/videos_v3/int_1000ms/v3_1000_00523.avi,1000,1,0,-0.9565,-9.4111,-11.7861,-12.6533,-11.8486,8,b,No,No
order_forced,data/videos_v3/int_1000ms/v3_1000_00523.avi,1000,1,1,0.6719,-0.4635,-1.1354,-3.8541,-5.7291,8,b,A,A
interval,data/videos_v3/int_1000ms/v3_1000_00523.avi,1000,B,B,,-1.5973,-1.1598,-1.3785,-1.6285,8,b,B,B
order_real,data/videos_v3/int_1000ms/v3_1000_00524.avi,1000,0,0,-0.5483,-9.33,-11.8456,-12.1972,-11.6425,8,b,No,No
order_rev,data/videos_v3/int_1000ms/v3_1000_00524.avi,1000,0,0,-1.0339,-9.177,-11.9739,-12.2864,-11.6145,8,b,No,No.
order_forced,data/videos_v3/int_1000ms/v3_1000_00524.avi,1000,0,1,0.5156,-0.5224,-1.038,-3.2099,-5.5537,8,b,A,A
interval,data/videos_v3/int_1000ms/v3_1000_00524.avi,1000,B,B,,-1.636,-1.3235,-1.3548,-1.4641,8,b,B,B
order_real,data/videos_v3/int_1000ms/v3_1000_00525.avi,1000,1,0,-0.5434,-9.5053,-11.6146,-12.1459,-11.6381,8,a,No,No
order_rev,data/videos_v3/int_1000ms/v3_1000_00525.avi,1000,1,0,-0.5967,-9.278,-11.6921,-12.3171,-11.7155,8,a,No,No
order_forced,data/videos_v3/int_1000ms/v3_1000_00525.avi,1000,1,1,0.5468,-0.5344,-1.0812,-3.0187,-5.7375,8,a,A,A
interval,data/videos_v3/int_1000ms/v3_1000_00525.avi,1000,B,B,,-1.7233,-1.2077,-1.2702,-1.5045,8,a,B,B
order_real,data/videos_v3/int_1000ms/v3_1000_00526.avi,1000,1,0,-0.8562,-9.3126,-11.6251,-12.4141,-11.5782,8,b,No,No
order_rev,data/videos_v3/int_1000ms/v3_1000_00526.avi,1000,1,0,-0.7649,-9.2116,-11.6804,-12.5397,-11.5944,8,b,No,No
order_forced,data/videos_v3/int_1000ms/v3_1000_00526.avi,1000,1,1,0.4063,-0.5442,-0.9505,-3.9973,-6.1223,8,b,A,A
interval,data/videos_v3/int_1000ms/v3_1000_00526.avi,1000,B,B,,-1.5783,-1.1408,-1.5001,-1.6251,8,b,B,B
order_real,data/videos_v3/int_1000ms/v3_1000_00527.avi,1000,1,0,-0.6711,-9.197,-11.5017,-12.2907,-11.3454,8,a,No,No
order_rev,data/videos_v3/int_1000ms/v3_1000_00527.avi,1000,1,0,-0.8025,-9.0788,-11.7819,-12.4147,-11.3913,8,a,No,No
order_forced,data/videos_v3/int_1000ms/v3_1000_00527.avi,1000,1,1,0.5313,-0.494,-1.0253,-4.0253,-5.2753,8,a,A,A
interval,data/videos_v3/int_1000ms/v3_1000_00527.avi,1000,B,B,,-1.5412,-1.2756,-1.3381,-1.5569,8,a,B,B
order_real,data/videos_v3/int_1000ms/v3_1000_00528.avi,1000,1,0,-1.176,-9.5467,-11.7576,-12.5623,-11.6482,8,b,No,No
order_rev,data/videos_v3/int_1000ms/v3_1000_00528.avi,1000,1,0,-0.8909,-9.1787,-11.8193,-12.4678,-11.6631,8,b,No,No
order_forced,data/videos_v3/int_1000ms/v3_1000_00528.avi,1000,1,1,0.5,-0.5258,-1.0258,-3.729,-6.0883,8,b,A,A
interval,data/videos_v3/int_1000ms/v3_1000_00528.avi,1000,B,B,,-1.6479,-1.2417,-1.3979,-1.4761,8,b,B,B
order_real,data/videos_v3/int_1000ms/v3_1000_00529.avi,1000,0,0,-0.9052,-9.4418,-11.6528,-12.6528,-11.4731,8,a,No,No
order_rev,data/videos_v3/int_1000ms/v3_1000_00529.avi,1000,0,0,-1.069,-9.4022,-11.8866,-12.7147,-11.4804,8,a,No,No
order_forced,data/videos_v3/int_1000ms/v3_1000_00529.avi,1000,0,1,0.5,-0.5057,-1.0057,-4.1307,-5.7713,8,a,A,A
interval,data/videos_v3/int_1000ms/v3_1000_00529.avi,1000,B,B,,-1.661,-1.0829,-1.3954,-1.661,8,a,B,B
order_real,data/videos_v3/int_1000ms/v3_1000_00530.avi,1000,0,0,-0.776,-9.1787,-11.585,-12.2412,-11.4834,8,b,No,No
order_rev,data/videos_v3/int_1000ms/v3_1000_00530.avi,1000,0,0,-1.0296,-9.0542,-11.6636,-12.2573,-11.4058,8,b,No,No
order_forced,data/videos_v3/int_1000ms/v3_1000_00530.avi,1000,0,1,0.4219,-0.5442,-0.9661,-4.2005,-5.5442,8,b,A,A
interval,data/videos_v3/int_1000ms/v3_1000_00530.avi,1000,B,B,,-1.7098,-1.2411,-1.288,-1.5067,8,b,B,B
order_real,data/videos_v3/int_1000ms/v3_1000_00531.avi,1000,0,0,-0.6545,-9.2087,-11.6462,-12.029,-11.6072,8,a,No,No.
order_rev,data/videos_v3/int_1000ms/v3_1000_00531.avi,1000,0,0,-0.6438,-9.1228,-11.8728,-12.1775,-11.6618,8,a,No,No
order_forced,data/videos_v3/int_1000ms/v3_1000_00531.avi,1000,0,1,0.3594,-0.5869,-0.9463,-3.3056,-5.8525,8,a,A,A
interval,data/videos_v3/int_1000ms/v3_1000_00531.avi,1000,B,B,,-1.6856,-1.2168,-1.3262,-1.5293,8,a,B,B
order_real,data/videos_v3/int_1000ms/v3_1000_00532.avi,1000,1,0,-1.521,-9.6343,-11.9702,-12.4546,-11.7515,8,b,No,No
order_rev,data/videos_v3/int_1000ms/v3_1000_00532.avi,1000,1,0,-1.3086,-9.6317,-12.202,-12.7176,-11.8895,8,b,No,No
order_forced,data/videos_v3/int_1000ms/v3_1000_00532.avi,1000,1,1,0.4219,-0.5562,-0.9781,-3.3687,-6.0719,8,b,A,A
interval,data/videos_v3/int_1000ms/v3_1000_00532.avi,1000,B,B,,-1.5599,-1.2005,-1.4192,-1.5599,8,b,B,B
order_real,data/videos_v3/int_1000ms/v3_1000_00533.avi,1000,0,0,-0.9834,-9.3524,-11.8446,-12.3915,-11.6024,8,a,No,No
order_rev,data/videos_v3/int_1000ms/v3_1000_00533.avi,1000,0,0,-0.7003,-9.0594,-11.6453,-12.3485,-11.536,8,a,No,No
order_forced,data/videos_v3/int_1000ms/v3_1000_00533.avi,1000,0,1,0.5469,-0.5102,-1.0571,-3.5415,-5.3384,8,a,A,A
interval,data/videos_v3/int_1000ms/v3_1000_00533.avi,1000,B,B,,-1.6657,-1.2126,-1.3376,-1.5251,8,a,B,B
order_real,data/videos_v3/int_1000ms/v3_1000_00534.avi,1000,1,0,-0.425,-9.2329,-11.4751,-12.3657,-11.3813,8,a,No,No
order_rev,data/videos_v3/int_1000ms/v3_1000_00534.avi,1000,1,0,-0.7332,-8.9634,-11.5884,-12.4947,-11.5025,8,a,No,No
order_forced,data/videos_v3/int_1000ms/v3_1000_00534.avi,1000,1,1,0.4219,-0.5309,-0.9528,-4.1403,-5.9059,8,a,A,A
interval,data/videos_v3/int_1000ms/v3_1000_00534.avi,1000,B,B,,-1.5992,-1.2086,-1.3961,-1.5523,8,a,B,B
order_real,data/videos_v3/int_1000ms/v3_1000_00535.avi,1000,0,0,-0.5455,-9.2986,-11.658,-12.1736,-11.4939,8,a,No,No
order_rev,data/videos_v3/int_1000ms/v3_1000_00535.avi,1000,0,0,-0.8924,-9.2391,-12.036,-12.3016,-11.5829,8,a,No,No
order_forced,data/videos_v3/int_1000ms/v3_1000_00535.avi,1000,0,1,0.4531,-0.5434,-0.9965,-3.2778,-5.2934,8,a,A,A
interval,data/videos_v3/int_1000ms/v3_1000_00535.avi,1000,B,B,,-1.5141,-1.2485,-1.3735,-1.5923,8,a,B,B
order_real,data/videos_v3/int_1000ms/v3_1000_00536.avi,1000,0,0,-0.5794,-9.3954,-11.1688,-12.1844,-11.5282,8,b,No,No
order_rev,data/videos_v3/int_1000ms/v3_1000_00536.avi,1000,0,0,-0.8758,-9.5078,-11.8515,-12.539,-11.8203,8,b,No,No
order_forced,data/videos_v3/int_1000ms/v3_1000_00536.avi,1000,0,1,0.3907,-0.5547,-0.9454,-3.6954,-5.8516,8,b,A,A
interval,data/videos_v3/int_1000ms/v3_1000_00536.avi,1000,B,B,,-1.6262,-1.2199,-1.3606,-1.4856,8,b,B,B
order_real,data/videos_v3/int_1000ms/v3_1000_00537.avi,1000,1,0,-0.6868,-9.2224,-11.4802,-12.2302,-11.4724,8,b,No,No
order_rev,data/videos_v3/int_1000ms/v3_1000_00537.avi,1000,1,0,-0.7927,-9.0014,-11.6811,-12.142,-11.4545,8,b,No,No
order_forced,data/videos_v3/int_1000ms/v3_1000_00537.avi,1000,1,1,0.2657,-0.6051,-0.8708,-4.1989,-6.0739,8,b,A,A
interval,data/videos_v3/int_1000ms/v3_1000_00537.avi,1000,B,B,,-1.5387,-1.2106,-1.4137,-1.5856,8,b,B,B
order_real,data/videos_v3/int_1000ms/v3_1000_00538.avi,1000,0,0,-0.7151,-9.2226,-11.4414,-12.3086,-11.4336,8,a,No,No
order_rev,data/videos_v3/int_1000ms/v3_1000_00538.avi,1000,0,0,-0.6044,-9.1789,-11.7179,-12.5461,-11.6007,8,a,No,No
order_forced,data/videos_v3/int_1000ms/v3_1000_00538.avi,1000,0,1,0.4844,-0.5094,-0.9938,-4.2282,-5.7907,8,a,A,A
interval,data/videos_v3/int_1000ms/v3_1000_00538.avi,1000,B,C,,-1.5793,-1.3293,-1.2668,-1.5325,8,a,C,C
order_real,data/videos_v3/int_1000ms/v3_1000_00539.avi,1000,1,0,-0.9106,-9.3338,-11.7713,-12.1931,-11.6072,8,a,No,No
order_rev,data/videos_v3/int_1000ms/v3_1000_00539.avi,1000,1,0,-0.7289,-9.1748,-11.8857,-12.3779,-11.5967,8,a,No,No
order_forced,data/videos_v3/int_1000ms/v3_1000_00539.avi,1000,1,1,0.3281,-0.6035,-0.9316,-3.1503,-5.5253,8,a,A,A
interval,data/videos_v3/int_1000ms/v3_1000_00539.avi,1000,B,B,,-1.5504,-1.2379,-1.3629,-1.6129,8,a,B,B
order_real,data/videos_v3/int_1000ms/v3_1000_00540.avi,1000,0,0,-0.8281,-9.263,-11.4348,-12.263,-11.3802,8,a,No,No
order_rev,data/videos_v3/int_1000ms/v3_1000_00540.avi,1000,0,0,-0.7906,-9.0311,-11.5701,-12.3826,-11.367,8,a,No,No
order_forced,data/videos_v3/int_1000ms/v3_1000_00540.avi,1000,0,1,0.25,-0.6024,-0.8524,-4.0868,-5.9149,8,a,A,A
interval,data/videos_v3/int_1000ms/v3_1000_00540.avi,1000,B,B,,-1.4997,-1.2809,-1.3903,-1.5622,8,a,B,B
order_real,data/videos_v3/int_1000ms/v3_1000_00541.avi,1000,1,0,-0.9538,-9.3543,-11.5887,-12.4246,-11.495,8,b,No,No
order_rev,data/videos_v3/int_1000ms/v3_1000_00541.avi,1000,1,0,-0.6639,-9.1312,-11.6624,-12.3734,-11.5296,8,b,No,No
order_forced,data/videos_v3/int_1000ms/v3_1000_00541.avi,1000,1,1,0.5782,-0.4787,-1.0569,-4.0412,-5.385,8,b,A,A
interval,data/videos_v3/int_1000ms/v3_1000_00541.avi,1000,B,B,,-1.6774,-1.2711,-1.318,-1.4899,8,b,B,B
order_real,data/videos_v3/int_1000ms/v3_1000_00542.avi,1000,1,0,-1.1323,-9.5188,-11.5735,-12.3235,-11.7141,8,b,No,No
order_rev,data/videos_v3/int_1000ms/v3_1000_00542.avi,1000,1,0,-1.5797,-9.7045,-12.3529,-12.8764,-12.056,8,b,No,No
order_forced,data/videos_v3/int_1000ms/v3_1000_00542.avi,1000,1,1,0.5156,-0.5207,-1.0363,-3.5988,-6.255,8,b,A,A
interval,data/videos_v3/int_1000ms/v3_1000_00542.avi,1000,B,B,,-1.7355,-1.173,-1.3449,-1.5011,8,b,B,B
order_real,data/videos_v3/int_1000ms/v3_1000_00543.avi,1000,0,0,-0.6002,-9.3569,-11.7632,-12.5444,-11.6929,8,b,No,No.
order_rev,data/videos_v3/int_1000ms/v3_1000_00543.avi,1000,0,0,-0.6581,-9.1329,-11.8907,-12.6798,-11.6251,8,b,No,No
order_forced,data/videos_v3/int_1000ms/v3_1000_00543.avi,1000,0,1,0.5,-0.503,-1.003,-4.1905,-5.5499,8,b,A,A
interval,data/videos_v3/int_1000ms/v3_1000_00543.avi,1000,B,B,,-1.6234,-1.2797,-1.3734,-1.5141,8,b,B,B
order_real,data/videos_v3/int_1000ms/v3_1000_00544.avi,1000,0,0,-0.9347,-9.327,-11.5848,-12.1161,-11.5145,8,b,No,No
order_rev,data/videos_v3/int_1000ms/v3_1000_00544.avi,1000,0,0,-0.7759,-9.1744,-11.7134,-12.3619,-11.5259,8,b,No,No
order_forced,data/videos_v3/int_1000ms/v3_1000_00544.avi,1000,0,1,0.5938,-0.473,-1.0668,-4.0043,-5.723,8,b,A,A
interval,data/videos_v3/int_1000ms/v3_1000_00544.avi,1000,B,C,,-1.4734,-1.3484,-1.3484,-1.5984,8,b,C,C
order_real,data/videos_v3/int_1000ms/v3_1000_00545.avi,1000,0,0,-1.0655,-9.4694,-11.5084,-12.4928,-11.5787,8,a,No,No
order_rev,data/videos_v3/int_1000ms/v3_1000_00545.avi,1000,0,0,-0.826,-9.2238,-11.8332,-12.4269,-11.6066,8,a,No,No
order_forced,data/videos_v3/int_1000ms/v3_1000_00545.avi,1000,0,1,0.4531,-0.5451,-0.9982,-3.6232,-5.7326,8,a,A,A
interval,data/videos_v3/int_1000ms/v3_1000_00545.avi,1000,B,B,,-1.6561,-1.2029,-1.3748,-1.4998,8,a,B,B
order_real,data/videos_v3/int_1000ms/v3_1000_00546.avi,1000,0,0,-0.8566,-9.3137,-11.7668,-12.4074,-11.5402,8,b,No,No
order_rev,data/videos_v3/int_1000ms/v3_1000_00546.avi,1000,0,0,-0.742,-8.988,-11.4958,-12.1521,-11.4411,8,b,No,No
order_forced,data/videos_v3/int_1000ms/v3_1000_00546.avi,1000,0,1,0.4531,-0.5351,-0.9882,-3.8476,-5.7851,8,b,A,A
interval,data/videos_v3/int_1000ms/v3_1000_00546.avi,1000,B,B,,-1.6477,-1.2415,-1.3196,-1.5384,8,b,B,B
order_real,data/videos_v3/int_1000ms/v3_1000_00547.avi,1000,1,0,-0.9423,-9.3481,-11.52,-12.3872,-11.4966,8,a,No,No
order_rev,data/videos_v3/int_1000ms/v3_1000_00547.avi,1000,1,0,-0.4105,-8.9824,-11.3652,-12.1777,-11.3965,8,a,No,No
order_forced,data/videos_v3/int_1000ms/v3_1000_00547.avi,1000,1,1,0.4219,-0.5385,-0.9604,-3.9604,-5.4291,8,a,A,A
interval,data/videos_v3/int_1000ms/v3_1000_00547.avi,1000,B,B,,-1.6201,-1.2763,-1.3232,-1.5419,8,a,B,B
order_real,data/videos_v3/int_1000ms/v3_1000_00548.avi,1000,1,0,-0.8455,-9.5591,-11.6763,-12.4576,-11.6998,8,b,No,No
order_rev,data/videos_v3/int_1000ms/v3_1000_00548.avi,1000,1,0,-0.7519,-9.4154,-11.7591,-12.5638,-11.7904,8,b,No,No
order_forced,data/videos_v3/int_1000ms/v3_1000_00548.avi,1000,1,1,0.4844,-0.5216,-1.006,-3.7091,-5.5841,8,b,A,A
interval,data/videos_v3/int_1000ms/v3_1000_00548.avi,1000,B,C,,-1.6311,-1.2717,-1.2717,-1.5373,8,b,C,C
order_real,data/videos_v3/int_1000ms/v3_1000_00549.avi,1000,1,0,-0.6148,-9.321,-11.532,-12.1023,-11.4695,8,b,No,No
order_rev,data/videos_v3/int_1000ms/v3_1000_00549.avi,1000,1,0,-0.5591,-9.2195,-11.7429,-12.0242,-11.6726,8,b,No,No
order_forced,data/videos_v3/int_1000ms/v3_1000_00549.avi,1000,1,1,0.2812,-0.6121,-0.8933,-3.2683,-6.0027,8,b,A,A
interval,data/videos_v3/int_1000ms/v3_1000_00549.avi,1000,B,B,,-1.5076,-1.2576,-1.367,-1.5701,8,b,B,B
order_real,data/videos_v3/int_1000ms/v3_1000_00550.avi,1000,1,0,-0.9596,-9.3636,-11.7543,-12.5277,-11.5824,8,b,No,No
order_rev,data/videos_v3/int_1000ms/v3_1000_00550.avi,1000,1,0,-0.6906,-9.1078,-11.6312,-12.4516,-11.475,8,b,No,No
order_forced,data/videos_v3/int_1000ms/v3_1000_00550.avi,1000,1,1,0.5156,-0.5119,-1.0275,-3.9181,-5.6369,8,b,A,A
interval,data/videos_v3/int_1000ms/v3_1000_00550.avi,1000,B,B,,-1.4861,-1.2517,-1.3299,-1.658,8,b,B,B
order_real,data/videos_v3/int_1000ms/v3_1000_00551.avi,1000,0,0,-0.6649,-9.2329,-11.5298,-12.4282,-11.4751,8,b,No,No
order_rev,data/videos_v3/int_1000ms/v3_1000_00551.avi,1000,0,0,-0.638,-9.1364,-11.6051,-12.5114,-11.5739,8,b,No,No
order_forced,data/videos_v3/int_1000ms/v3_1000_00551.avi,1000,0,1,0.375,-0.5595,-0.9345,-4.0126,-5.3407,8,b,A,A
interval,data/videos_v3/int_1000ms/v3_1000_00551.avi,1000,B,B,,-1.6727,-1.2508,-1.2665,-1.5477,8,b,B,B
order_real,data/videos_v3/int_1000ms/v3_1000_00552.avi,1000,1,0,-1.4278,-9.4723,-11.8005,-12.5973,-11.613,8,b,No,No
order_rev,data/videos_v3/int_1000ms/v3_1000_00552.avi,1000,1,0,-0.5801,-9.1292,-11.762,-12.4651,-11.4261,8,b,No,No
order_forced,data/videos_v3/int_1000ms/v3_1000_00552.avi,1000,1,1,0.5468,-0.4874,-1.0342,-4.0967,-5.7061,8,b,A,A
interval,data/videos_v3/int_1000ms/v3_1000_00552.avi,1000,B,B,,-1.6375,-1.2469,-1.3562,-1.4969,8,b,B,B
order_real,data/videos_v3/int_1000ms/v3_1000_00553.avi,1000,0,0,-0.9993,-9.2071,-11.3243,-12.2852,-11.4024,8,b,No,No
order_rev,data/videos_v3/int_1000ms/v3_1000_00553.avi,1000,0,0,-0.732,-9.1717,-11.7186,-12.5154,-11.5389,8,b,No,No
order_forced,data/videos_v3/int_1000ms/v3_1000_00553.avi,1000,0,1,0.2656,-0.607,-0.8726,-3.7164,-5.6851,8,b,A,A
interval,data/videos_v3/int_1000ms/v3_1000_00553.avi,1000,B,B,,-1.5521,-1.2708,-1.3646,-1.5521,8,b,B,B
order_real,data/videos_v3/int_1000ms/v3_1000_00554.avi,1000,0,0,-0.8006,-9.2042,-11.3761,-12.3839,-11.3996,8,b,No,No
order_rev,data/videos_v3/int_1000ms/v3_1000_00554.avi,1000,0,0,-0.6652,-9.2073,-11.6136,-12.5354,-11.4182,8,b,No,No
order_forced,data/videos_v3/int_1000ms/v3_1000_00554.avi,1000,0,1,0.0625,-0.695,-0.7575,-4.1637,-5.7887,8,b,A,A
interval,data/videos_v3/int_1000ms/v3_1000_00554.avi,1000,B,B,,-1.5837,-1.1462,-1.3337,-1.6618,8,b,B,B
order_real,data/videos_v3/int_1000ms/v3_1000_00555.avi,1000,1,0,-0.7079,-9.2445,-11.6742,-11.807,-11.5492,8,a,No,No
order_rev,data/videos_v3/int_1000ms/v3_1000_00555.avi,1000,1,0,-0.7628,-9.0812,-11.6672,-12.1516,-11.4484,8,a,No,No
order_forced,data/videos_v3/int_1000ms/v3_1000_00555.avi,1000,1,1,0.3437,-0.5825,-0.9262,-3.5825,-5.8012,8,a,A,A
interval,data/videos_v3/int_1000ms/v3_1000_00555.avi,1000,B,B,,-1.5841,-1.2559,-1.3809,-1.5059,8,a,B,B
order_real,data/videos_v3/int_1000ms/v3_1000_00556.avi,1000,0,0,-0.9092,-9.3769,-11.5253,-12.1269,-11.4315,8,b,No,No
order_rev,data/videos_v3/int_1000ms/v3_1000_00556.avi,1000,0,0,-0.8801,-9.3992,-12.0008,-12.4226,-11.7664,8,b,No,No
order_forced,data/videos_v3/int_1000ms/v3_1000_00556.avi,1000,0,1,0.4375,-0.5446,-0.9821,-3.3727,-5.8571,8,b,A,A
interval,data/videos_v3/int_1000ms/v3_1000_00556.avi,1000,B,B,,-1.6646,-1.1803,-1.3521,-1.5709,8,b,B,B
order_real,data/videos_v3/int_1000ms/v3_1000_00557.avi,1000,1,0,-1.3469,-9.5773,-11.7257,-12.632,-11.7335,8,a,No,No
order_rev,data/videos_v3/int_1000ms/v3_1000_00557.avi,1000,1,0,-1.5208,-9.6437,-12.4093,-12.9093,-12.1124,8,a,No,No
order_forced,data/videos_v3/int_1000ms/v3_1000_00557.avi,1000,1,1,0.375,-0.5593,-0.9343,-3.9187,-6.0593,8,a,A,A
interval,data/videos_v3/int_1000ms/v3_1000_00557.avi,1000,B,B,,-1.6015,-1.1952,-1.414,-1.5546,8,a,B,B
order_real,data/videos_v3/int_1000ms/v3_1000_00558.avi,1000,1,0,-0.5447,-9.1971,-11.4237,-12.3612,-11.4237,8,a,No,No
order_rev,data/videos_v3/int_1000ms/v3_1000_00558.avi,1000,1,0,-0.7248,-8.9412,-11.3318,-12.3396,-11.3318,8,a,No,No
order_forced,data/videos_v3/int_1000ms/v3_1000_00558.avi,1000,1,1,0.5,-0.5177,-1.0177,-4.4708,-6.0021,8,a,A,A
interval,data/videos_v3/int_1000ms/v3_1000_00558.avi,1000,B,B,,-1.5306,-1.2025,-1.3119,-1.7025,8,a,B,B
order_real,data/videos_v3/int_1000ms/v3_1000_00559.avi,1000,1,0,-0.535,-9.2899,-11.6884,-11.9384,-11.4852,8,b,No,No
order_rev,data/videos_v3/int_1000ms/v3_1000_00559.avi,1000,1,0,-0.7407,-9.1754,-11.9645,-12.2223,-11.566,8,b,No,No
order_forced,data/videos_v3/int_1000ms/v3_1000_00559.avi,1000,1,1,0.4375,-0.5457,-0.9832,-3.2801,-5.5145,8,b,A,A
interval,data/videos_v3/int_1000ms/v3_1000_00559.avi,1000,B,C,,-1.522,-1.3502,-1.3345,-1.4908,8,b,C,C
order_real,data/videos_v3/int_1000ms/v3_1000_00560.avi,1000,1,0,-1.1523,-9.2907,-11.8142,-12.3689,-11.6189,8,a,No,No
order_rev,data/videos_v3/int_1000ms/v3_1000_00560.avi,1000,1,0,-1.1968,-9.2355,-11.9699,-12.6495,-11.6808,8,a,No,No
order_forced,data/videos_v3/int_1000ms/v3_1000_00560.avi,1000,1,1,0.4687,-0.5366,-1.0053,-3.5053,-5.6616,8,a,A,A
interval,data/videos_v3/int_1000ms/v3_1000_00560.avi,1000,B,B,,-1.6084,-1.2334,-1.374,-1.5303,8,a,B,B
order_real,data/videos_v3/int_1000ms/v3_1000_00561.avi,1000,1,0,-0.9481,-9.4585,-11.6538,-12.5132,-11.5288,8,a,No,No
order_rev,data/videos_v3/int_1000ms/v3_1000_00561.avi,1000,1,0,-0.8468,-9.16,-11.6991,-12.3397,-11.6678,8,a,No,No
order_forced,data/videos_v3/int_1000ms/v3_1000_00561.avi,1000,1,1,0.3906,-0.5583,-0.9489,-4.0427,-5.9489,8,a,A,A
interval,data/videos_v3/int_1000ms/v3_1000_00561.avi,1000,B,B,,-1.6327,-1.1796,-1.4296,-1.5546,8,a,B,B
order_real,data/videos_v3/int_1000ms/v3_1000_00562.avi,1000,0,0,-0.7658,-9.2829,-11.4861,-12.3298,-11.4236,8,a,No,No
order_rev,data/videos_v3/int_1000ms/v3_1000_00562.avi,1000,0,0,-0.7142,-9.0656,-11.6672,-12.4484,-11.4406,8,a,No,No
order_forced,data/videos_v3/int_1000ms/v3_1000_00562.avi,1000,0,1,0.3594,-0.5643,-0.9237,-3.8455,-5.5955,8,a,A,A
interval,data/videos_v3/int_1000ms/v3_1000_00562.avi,1000,B,B,,-1.7047,-1.2203,-1.3453,-1.486,8,a,B,B
order_real,data/videos_v3/int_1000ms/v3_1000_00563.avi,1000,0,0,-1.0687,-9.5171,-11.5796,-12.7046,-11.6656,8,b,No,No
order_rev,data/videos_v3/int_1000ms/v3_1000_00563.avi,1000,0,0,-1.1281,-9.3211,-11.8993,-12.829,-11.7196,8,b,No,No
order_forced,data/videos_v3/int_1000ms/v3_1000_00563.avi,1000,0,1,0.4375,-0.5472,-0.9847,-3.9222,-6.4847,8,b,A,A
interval,data/videos_v3/int_1000ms/v3_1000_00563.avi,1000,B,B,,-1.7836,-1.1742,-1.4086,-1.4242,8,b,B,B
order_real,data/videos_v3/int_1000ms/v3_1000_00564.avi,1000,0,0,-1.0759,-9.4542,-11.6729,-11.9776,-11.7354,8,b,No,No
order_rev,data/videos_v3/int_1000ms/v3_1000_00564.avi,1000,0,0,-1.0755,-9.3546,-11.9953,-12.3468,-11.7453,8,b,No,No
order_forced,data/videos_v3/int_1000ms/v3_1000_00564.avi,1000,0,1,0.4375,-0.5568,-0.9943,-3.2287,-6.2287,8,b,A,A
interval,data/videos_v3/int_1000ms/v3_1000_00564.avi,1000,B,B,,-1.6316,-1.2253,-1.366,-1.491,8,b,B,B
order_real,data/videos_v3/int_1000ms/v3_1000_00565.avi,1000,0,0,-1.0317,-9.4538,-11.4225,-12.4303,-11.5007,8,b,No,No
order_rev,data/videos_v3/int_1000ms/v3_1000_00565.avi,1000,0,0,-0.844,-9.3544,-11.8622,-12.5654,-11.7216,8,b,No,No
order_forced,data/videos_v3/int_1000ms/v3_1000_00565.avi,1000,0,1,0.3907,-0.5488,-0.9395,-3.7988,-5.877,8,b,A,A
interval,data/videos_v3/int_1000ms/v3_1000_00565.avi,1000,B,B,,-1.5824,-1.1606,-1.4262,-1.6449,8,b,B,B
order_real,data/videos_v3/int_1000ms/v3_1000_00566.avi,1000,1,0,-1.0962,-9.4753,-11.8659,-12.4284,-11.6862,8,a,No,No
order_rev,data/videos_v3/int_1000ms/v3_1000_00566.avi,1000,1,0,-0.9019,-9.4723,-12.1598,-12.7536,-11.8629,8,a,No,No
order_forced,data/videos_v3/int_1000ms/v3_1000_00566.avi,1000,1,1,0.4688,-0.5384,-1.0072,-3.3665,-6.0384,8,a,A,A
interval,data/videos_v3/int_1000ms/v3_1000_00566.avi,1000,B,B,,-1.8043,-1.1637,-1.32,-1.4918,8,a,B,B
order_real,data/videos_v3/int_1000ms/v3_1000_00567.avi,1000,1,0,-1.1186,-9.4754,-11.8036,-12.5301,-11.6786,8,a,No,No
order_rev,data/videos_v3/int_1000ms/v3_1000_00567.avi,1000,1,0,-0.7448,-9.0777,-11.4683,-12.234,-11.4371,8,a,No,No
order_forced,data/videos_v3/int_1000ms/v3_1000_00567.avi,1000,1,1,0.4063,-0.5483,-0.9546,-4.3608,-6.1265,8,a,A,A
interval,data/videos_v3/int_1000ms/v3_1000_00567.avi,1000,B,B,,-1.5856,-1.2731,-1.3668,-1.5074,8,a,B,B
order_real,data/videos_v3/int_1000ms/v3_1000_00568.avi,1000,1,0,-0.969,-9.6082,-11.5067,-12.4911,-11.6786,8,a,No,No
order_rev,data/videos_v3/int_1000ms/v3_1000_00568.avi,1000,1,0,-1.0231,-9.6635,-12.1635,-12.8901,-12.0542,8,a,No,No
order_forced,data/videos_v3/int_1000ms/v3_1000_00568.avi,1000,1,1,0.4531,-0.531,-0.9841,-3.9685,-5.906,8,a,A,A
interval,data/videos_v3/int_1000ms/v3_1000_00568.avi,1000,B,B,,-1.6124,-1.2218,-1.2999,-1.6124,8,a,B,B
order_real,data/videos_v3/int_1000ms/v3_1000_00569.avi,1000,1,0,-0.8392,-9.3227,-11.4477,-12.3149,-11.4555,8,b,No,No
order_rev,data/videos_v3/int_1000ms/v3_1000_00569.avi,1000,1,0,-0.7438,-9.3779,-11.9404,-12.6669,-11.7372,8,b,No,No
order_forced,data/videos_v3/int_1000ms/v3_1000_00569.avi,1000,1,1,0.5625,-0.4811,-1.0436,-3.9811,-5.9498,8,b,A,A
interval,data/videos_v3/int_1000ms/v3_1000_00569.avi,1000,B,B,,-1.6523,-1.2148,-1.3398,-1.5273,8,b,B,B
order_real,data/videos_v3/int_1000ms/v3_1000_00570.avi,1000,1,0,-1.1035,-9.3911,-11.7348,-12.1411,-11.6567,8,a,No,No
order_rev,data/videos_v3/int_1000ms/v3_1000_00570.avi,1000,1,0,-0.9682,-9.2497,-11.9137,-12.3512,-11.57,8,a,No,No
order_forced,data/videos_v3/int_1000ms/v3_1000_00570.avi,1000,1,1,0.5625,-0.5107,-1.0732,-3.1514,-5.9951,8,a,A,A
interval,data/videos_v3/int_1000ms/v3_1000_00570.avi,1000,B,B,,-1.3588,-1.3119,-1.39,-1.64,8,a,B,B
order_real,data/videos_v3/int_1000ms/v3_1000_00571.avi,1000,0,0,-1.0422,-9.4811,-11.7389,-12.5671,-11.7467,8,a,No,No
order_rev,data/videos_v3/int_1000ms/v3_1000_00571.avi,1000,0,0,-0.8885,-9.0995,-11.5605,-12.287,-11.5214,8,a,No,No
order_forced,data/videos_v3/int_1000ms/v3_1000_00571.avi,1000,0,1,0.4844,-0.527,-1.0114,-3.8552,-5.902,8,a,A,A
interval,data/videos_v3/int_1000ms/v3_1000_00571.avi,1000,B,B,,-1.5322,-1.2509,-1.3915,-1.5478,8,a,B,B
order_real,data/videos_v3/int_1000ms/v3_1000_00572.avi,1000,0,0,-0.5915,-9.2952,-11.6155,-12.178,-11.6155,8,a,No,No
order_rev,data/videos_v3/int_1000ms/v3_1000_00572.avi,1000,0,0,-1.0351,-9.296,-11.9991,-12.3976,-11.6866,8,a,No,No
order_forced,data/videos_v3/int_1000ms/v3_1000_00572.avi,1000,0,1,0.5,-0.5202,-1.0202,-3.4264,-5.8639,8,a,A,A
interval,data/videos_v3/int_1000ms/v3_1000_00572.avi,1000,B,B,,-1.5523,-1.3179,-1.3804,-1.521,8,a,B,B
order_real,data/videos_v3/int_1000ms/v3_1000_00573.avi,1000,0,0,-0.7509,-9.1561,-11.5155,-11.8514,-11.4686,8,a,No,No
order_rev,data/videos_v3/int_1000ms/v3_1000_00573.avi,1000,0,0,-0.5844,-9.0323,-11.6495,-11.9385,-11.4932,8,a,No,No
order_forced,data/videos_v3/int_1000ms/v3_1000_00573.avi,1000,0,1,0.3594,-0.5882,-0.9476,-3.1976,-5.8226,8,a,A,A
interval,data/videos_v3/int_1000ms/v3_1000_00573.avi,1000,B,B,,-1.5452,-1.3108,-1.342,-1.5295,8,a,B,B
order_real,data/videos_v3/int_1000ms/v3_1000_00574.avi,1000,0,0,-1.1212,-9.5413,-11.6584,-12.5881,-11.6506,8,a,No,No
order_rev,data/videos_v3/int_1000ms/v3_1000_00574.avi,1000,0,0,-0.6882,-9.3322,-11.8166,-12.5744,-11.6682,8,a,No,No
order_forced,data/videos_v3/int_1000ms/v3_1000_00574.avi,1000,0,1,0.5781,-0.4742,-1.0523,-4.0992,-5.8023,8,a,A,A
interval,data/videos_v3/int_1000ms/v3_1000_00574.avi,1000,B,B,,-1.6013,-1.2419,-1.3981,-1.5231,8,a,B,B
order_real,data/videos_v3/int_1000ms/v3_1000_00575.avi,1000,1,0,-0.6084,-9.2082,-11.4426,-12.1301,-11.341,8,b,No,No
order_rev,data/videos_v3/int_1000ms/v3_1000_00575.avi,1000,1,0,-0.7192,-9.355,-11.8862,-12.5503,-11.5972,8,b,No,No
order_forced,data/videos_v3/int_1000ms/v3_1000_00575.avi,1000,1,1,0.7343,-0.4218,-1.1561,-4.0468,-5.7811,8,b,A,A
interval,data/videos_v3/int_1000ms/v3_1000_00575.avi,1000,B,B,,-1.6705,-1.233,-1.2955,-1.5299,8,b,B,B
order_real,data/videos_v3/int_1000ms/v3_1000_00576.avi,1000,0,0,-0.6683,-9.3766,-11.447,-11.9782,-11.6266,8,b,No,No
order_rev,data/videos_v3/int_1000ms/v3_1000_00576.avi,1000,0,0,-0.512,-9.3556,-11.6603,-12.3243,-11.7618,8,b,No,No
order_forced,data/videos_v3/int_1000ms/v3_1000_00576.avi,1000,0,1,0.5625,-0.5022,-1.0647,-3.346,-5.9241,8,b,A,A
interval,data/videos_v3/int_1000ms/v3_1000_00576.avi,1000,B,B,,-1.6566,-1.2504,-1.3129,-1.4691,8,b,B,B
order_real,data/videos_v3/int_1000ms/v3_1000_00577.avi,1000,0,0,-0.6589,-9.4029,-11.6295,-12.3639,-11.6061,8,b,No,No
order_rev,data/videos_v3/int_1000ms/v3_1000_00577.avi,1000,0,0,-1.0093,-9.3701,-11.792,-12.5966,-11.706,8,b,No,No
order_forced,data/videos_v3/int_1000ms/v3_1000_00577.avi,1000,0,1,0.5469,-0.4865,-1.0334,-4.2209,-6.3146,8,b,A,A
interval,data/videos_v3/int_1000ms/v3_1000_00577.avi,1000,B,B,,-1.6257,-1.2038,-1.3601,-1.5476,8,b,B,B
order_real,data/videos_v3/int_1000ms/v3_1000_00578.avi,1000,1,0,-0.8914,-9.6963,-11.7275,-12.7353,-11.8681,8,a,No,No
order_rev,data/videos_v3/int_1000ms/v3_1000_00578.avi,1000,1,0,-1.138,-9.5453,-11.8735,-12.7407,-11.85,8,a,No,No
order_forced,data/videos_v3/int_1000ms/v3_1000_00578.avi,1000,1,1,0.625,-0.4719,-1.0969,-4.1125,-6.0969,8,a,A,A
interval,data/videos_v3/int_1000ms/v3_1000_00578.avi,1000,B,B,,-1.5844,-1.2094,-1.3187,-1.6,8,a,B,B
order_real,data/videos_v3/int_1000ms/v3_1000_00579.avi,1000,0,0,-1.2052,-9.494,-11.7909,-12.2831,-11.6659,8,b,No,No
order_rev,data/videos_v3/int_1000ms/v3_1000_00579.avi,1000,0,0,-0.8875,-9.4769,-12.2347,-12.594,-11.8831,8,b,No,No
order_forced,data/videos_v3/int_1000ms/v3_1000_00579.avi,1000,0,1,0.5312,-0.5092,-1.0404,-3.431,-6.0248,8,b,A,A
interval,data/videos_v3/int_1000ms/v3_1000_00579.avi,1000,B,B,,-1.5698,-1.1948,-1.3667,-1.601,8,b,B,B
order_real,data/videos_v3/int_1000ms/v3_1000_00580.avi,1000,0,0,-1.1047,-9.4679,-11.671,-12.3976,-11.757,8,a,No,No
order_rev,data/videos_v3/int_1000ms/v3_1000_00580.avi,1000,0,0,-0.5542,-9.1117,-11.6039,-12.2211,-11.5414,8,a,No,No
order_forced,data/videos_v3/int_1000ms/v3_1000_00580.avi,1000,0,1,0.2968,-0.5987,-0.8955,-4.1299,-6.2393,8,a,A,A
interval,data/videos_v3/int_1000ms/v3_1000_00580.avi,1000,B,B,,-1.646,-1.2085,-1.3647,-1.4897,8,a,B,B
order_real,data/videos_v3/int_1000ms/v3_1000_00581.avi,1000,1,0,-0.7805,-9.1866,-11.5382,-11.8975,-11.5538,8,a,No,No
order_rev,data/videos_v3/int_1000ms/v3_1000_00581.avi,1000,1,0,-1.1853,-9.1484,-11.9843,-12.164,-11.6562,8,a,No,No
order_forced,data/videos_v3/int_1000ms/v3_1000_00581.avi,1000,1,1,0.5156,-0.5474,-1.063,-3.0318,-6.2036,8,a,A,A
interval,data/videos_v3/int_1000ms/v3_1000_00581.avi,1000,B,B,,-1.558,-1.2611,-1.3549,-1.5893,8,a,B,B
order_real,data/videos_v3/int_1000ms/v3_1000_00582.avi,1000,1,0,-1.2504,-9.3945,-11.8242,-12.4414,-11.6679,8,b,No,No
order_rev,data/videos_v3/int_1000ms/v3_1000_00582.avi,1000,1,0,-1.0383,-9.2177,-11.8037,-12.5302,-11.624,8,b,No,No
order_forced,data/videos_v3/int_1000ms/v3_1000_00582.avi,1000,1,1,0.5157,-0.5077,-1.0234,-3.664,-5.7109,8,b,A,A
interval,data/videos_v3/int_1000ms/v3_1000_00582.avi,1000,B,B,,-1.619,-1.1346,-1.4002,-1.5877,8,b,B,B
order_real,data/videos_v3/int_1000ms/v3_1000_00583.avi,1000,1,0,-1.0233,-9.3439,-11.7736,-12.2111,-11.5392,8,a,No,No
order_rev,data/videos_v3/int_1000ms/v3_1000_00583.avi,1000,1,0,-0.7152,-9.357,-12.0523,-12.4195,-11.5914,8,a,No,No
order_forced,data/videos_v3/int_1000ms/v3_1000_00583.avi,1000,1,1,0.3593,-0.5709,-0.9302,-3.5709,-5.4927,8,a,A,A
interval,data/videos_v3/int_1000ms/v3_1000_00583.avi,1000,B,B,,-1.6423,-1.283,-1.3923,-1.4236,8,a,B,B
order_real,data/videos_v3/int_1000ms/v3_1000_00584.avi,1000,1,0,-0.6148,-9.4903,-11.5294,-12.4903,-11.6622,8,a,No,No
order_rev,data/videos_v3/int_1000ms/v3_1000_00584.avi,1000,1,0,-0.7839,-9.36,-11.735,-12.6022,-11.6804,8,a,No,No
order_forced,data/videos_v3/int_1000ms/v3_1000_00584.avi,1000,1,1,0.6094,-0.4728,-1.0822,-3.8635,-5.5978,8,a,A,A
interval,data/videos_v3/int_1000ms/v3_1000_00584.avi,1000,B,C,,-1.7583,-1.2739,-1.2583,-1.4458,8,a,C,C
order_real,data/videos_v3/int_1000ms/v3_1000_00585.avi,1000,1,0,-0.7448,-9.5372,-11.8497,-12.3419,-11.7481,8,a,No,No
order_rev,data/videos_v3/int_1000ms/v3_1000_00585.avi,1000,1,0,-0.6754,-9.1885,-11.8682,-12.337,-11.6651,8,a,No,No
order_forced,data/videos_v3/int_1000ms/v3_1000_00585.avi,1000,1,1,0.5469,-0.4919,-1.0388,-3.6169,-6.1169,8,a,A,A
interval,data/videos_v3/int_1000ms/v3_1000_00585.avi,1000,B,B,,-1.6423,-1.2205,-1.3767,-1.4861,8,a,B,B
order_real,data/videos_v3/int_1000ms/v3_1000_00586.avi,1000,1,0,-0.9343,-9.3517,-11.7579,-12.1251,-11.6251,8,b,No,No
order_rev,data/videos_v3/int_1000ms/v3_1000_00586.avi,1000,1,0,-0.6716,-9.2247,-11.8965,-12.3418,-11.6153,8,b,No,No
order_forced,data/videos_v3/int_1000ms/v3_1000_00586.avi,1000,1,1,0.2969,-0.6206,-0.9175,-3.0737,-5.8081,8,b,A,A
interval,data/videos_v3/int_1000ms/v3_1000_00586.avi,1000,B,B,,-1.5979,-1.3011,-1.3479,-1.5042,8,b,B,B
order_real,data/videos_v3/int_1000ms/v3_1000_00587.avi,1000,1,0,-1.1304,-9.2312,-11.3718,-12.1843,-11.4733,8,a,No,No
order_rev,data/videos_v3/int_1000ms/v3_1000_00587.avi,1000,1,0,-0.9316,-9.1372,-11.7154,-12.2622,-11.5044,8,a,No,No
order_forced,data/videos_v3/int_1000ms/v3_1000_00587.avi,1000,1,1,0.3906,-0.5536,-0.9442,-3.9442,-5.8973,8,a,A,A
interval,data/videos_v3/int_1000ms/v3_1000_00587.avi,1000,B,B,,-1.5907,-1.2001,-1.3407,-1.5907,8,a,B,B
order_real,data/videos_v3/int_1000ms/v3_1000_00588.avi,1000,1,0,-0.7265,-9.3524,-11.6337,-11.7899,-11.6337,8,b,No,No
order_rev,data/videos_v3/int_1000ms/v3_1000_00588.avi,1000,1,0,-0.6406,-9.1182,-11.7432,-12.1026,-11.5166,8,b,No,No
order_forced,data/videos_v3/int_1000ms/v3_1000_00588.avi,1000,1,1,0.5781,-0.5069,-1.085,-3.21,-5.6788,8,b,A,A
interval,data/videos_v3/int_1000ms/v3_1000_00588.avi,1000,B,B,,-1.55,-1.2531,-1.3625,-1.55,8,b,B,B
order_real,data/videos_v3/int_1000ms/v3_1000_00589.avi,1000,0,0,-0.9435,-9.3551,-11.5504,-12.2535,-11.5973,8,b,No,No
order_rev,data/videos_v3/int_1000ms/v3_1000_00589.avi,1000,0,0,-0.8757,-9.3651,-11.9901,-12.7245,-11.701,8,b,No,No
order_forced,data/videos_v3/int_1000ms/v3_1000_00589.avi,1000,0,1,0.4844,-0.5312,-1.0156,-3.5781,-5.8749,8,b,A,A
interval,data/videos_v3/int_1000ms/v3_1000_00589.avi,1000,B,B,,-1.5109,-1.2452,-1.3859,-1.6202,8,b,B,B
order_real,data/videos_v3/int_1000ms/v3_1000_00590.avi,1000,1,0,-1.4982,-9.8471,-12.1362,-13.0737,-11.8706,8,a,No,No
order_rev,data/videos_v3/int_1000ms/v3_1000_00590.avi,1000,1,0,-1.4201,-9.7425,-12.2581,-13.1878,-11.969,8,a,No,No
order_forced,data/videos_v3/int_1000ms/v3_1000_00590.avi,1000,1,1,0.4844,-0.5134,-0.9978,-4.3415,-6.154,8,a,A,A
interval,data/videos_v3/int_1000ms/v3_1000_00590.avi,1000,B,B,,-1.7315,-1.1065,-1.3722,-1.5597,8,a,B,B
order_real,data/videos_v3/int_1000ms/v3_1000_00591.avi,1000,0,0,-0.878,-9.1512,-11.5887,-12.1902,-11.4715,8,b,No,No
order_rev,data/videos_v3/int_1000ms/v3_1000_00591.avi,1000,0,0,-0.8645,-9.0268,-11.6831,-12.2378,-11.4565,8,b,No,No
order_forced,data/videos_v3/int_1000ms/v3_1000_00591.avi,1000,0,1,0.625,-0.4715,-1.0965,-3.7684,-5.4871,8,b,A,A
interval,data/videos_v3/int_1000ms/v3_1000_00591.avi,1000,B,B,,-1.709,-1.209,-1.2715,-1.5528,8,b,B,B
order_real,data/videos_v3/int_1000ms/v3_1000_00592.avi,1000,0,0,-1.1039,-9.5199,-11.6292,-12.512,-11.6136,8,a,No,No
order_rev,data/videos_v3/int_1000ms/v3_1000_00592.avi,1000,0,0,-0.8648,-9.1332,-11.6723,-12.3285,-11.6254,8,a,No,No
order_forced,data/videos_v3/int_1000ms/v3_1000_00592.avi,1000,0,1,0.2969,-0.5938,-0.8907,-3.7657,-6.1407,8,a,A,A
interval,data/videos_v3/int_1000ms/v3_1000_00592.avi,1000,B,B,,-1.5757,-1.2319,-1.4507,-1.5444,8,a,B,B
order_real,data/videos_v3/int_1000ms/v3_1000_00593.avi,1000,0,0,-1.0234,-9.3895,-11.3817,-12.616,-11.4832,8,a,No,No
order_rev,data/videos_v3/int_1000ms/v3_1000_00593.avi,1000,0,0,-1.0971,-9.4434,-11.834,-12.8418,-11.6543,8,a,No,No
order_forced,data/videos_v3/int_1000ms/v3_1000_00593.avi,1000,0,1,0.2656,-0.6025,-0.8681,-4.165,-6.165,8,a,A,A
interval,data/videos_v3/int_1000ms/v3_1000_00593.avi,1000,B,B,,-1.6761,-1.098,-1.4417,-1.5511,8,a,B,B
order_real,data/videos_v3/int_1000ms/v3_1000_00594.avi,1000,0,0,-0.5595,-9.2059,-11.4012,-12.1277,-11.4949,8,a,No,No
order_rev,data/videos_v3/int_1000ms/v3_1000_00594.avi,1000,0,0,-0.6819,-9.1021,-11.5943,-12.4068,-11.5631,8,a,No,No
order_forced,data/videos_v3/int_1000ms/v3_1000_00594.avi,1000,0,1,0.75,-0.4332,-1.1832,-3.8863,-6.0894,8,a,A,A
interval,data/videos_v3/int_1000ms/v3_1000_00594.avi,1000,B,B,,-1.5692,-1.2411,-1.3348,-1.6004,8,a,B,B
order_real,data/videos_v3/int_1000ms/v3_1000_00595.avi,1000,0,0,-0.6471,-9.3439,-11.6564,-12.3361,-11.6096,8,a,No,No
order_rev,data/videos_v3/int_1000ms/v3_1000_00595.avi,1000,0,0,-0.744,-8.9819,-11.4038,-12.0835,-11.4741,8,a,No,No
order_forced,data/videos_v3/int_1000ms/v3_1000_00595.avi,1000,0,1,0.5938,-0.4855,-1.0793,-4.0012,-6.1418,8,a,A,A
interval,data/videos_v3/int_1000ms/v3_1000_00595.avi,1000,B,B,,-1.5159,-1.2503,-1.3909,-1.5628,8,a,B,B
order_real,data/videos_v3/int_1000ms/v3_1000_00596.avi,1000,0,0,-0.6695,-9.3159,-11.6518,-12.0034,-11.5893,8,a,No,No
order_rev,data/videos_v3/int_1000ms/v3_1000_00596.avi,1000,0,0,-0.7189,-9.1619,-11.8181,-11.9197,-11.6072,8,a,No,No
order_forced,data/videos_v3/int_1000ms/v3_1000_00596.avi,1000,0,1,0.3594,-0.5822,-0.9416,-3.3322,-5.7853,8,a,A,A
interval,data/videos_v3/int_1000ms/v3_1000_00596.avi,1000,B,B,,-1.5041,-1.2541,-1.3791,-1.6135,8,a,B,B
order_real,data/videos_v3/int_1000ms/v3_1000_00597.avi,1000,1,0,-0.8868,-9.1763,-11.4341,-12.2544,-11.4341,8,b,No,No
order_rev,data/videos_v3/int_1000ms/v3_1000_00597.avi,1000,1,0,-0.703,-9.0879,-11.6895,-12.2207,-11.4707,8,b,No,No
order_forced,data/videos_v3/int_1000ms/v3_1000_00597.avi,1000,1,1,0.3437,-0.5691,-0.9128,-4.0691,-5.8972,8,b,A,A
interval,data/videos_v3/int_1000ms/v3_1000_00597.avi,1000,B,B,,-1.5446,-1.2009,-1.3727,-1.6384,8,b,B,B
order_real,data/videos_v3/int_1000ms/v3_1000_00598.avi,1000,0,0,-0.8857,-9.1943,-11.4052,-12.3896,-11.3427,8,b,No,No
order_rev,data/videos_v3/int_1000ms/v3_1000_00598.avi,1000,0,0,-0.9699,-9.2913,-11.9163,-12.6663,-11.5413,8,b,No,No
order_forced,data/videos_v3/int_1000ms/v3_1000_00598.avi,1000,0,1,0.2188,-0.6321,-0.8509,-3.7884,-5.429,8,b,A,A
interval,data/videos_v3/int_1000ms/v3_1000_00598.avi,1000,B,B,,-1.517,-1.2045,-1.4232,-1.642,8,b,B,B
order_real,data/videos_v3/int_1000ms/v3_1000_00599.avi,1000,0,0,-0.5904,-9.4606,-11.6169,-12.5622,-11.6403,8,a,No,No
order_rev,data/videos_v3/int_1000ms/v3_1000_00599.avi,1000,0,0,-0.4844,-9.226,-11.6557,-12.5463,-11.4994,8,a,No,No
order_forced,data/videos_v3/int_1000ms/v3_1000_00599.avi,1000,0,1,0.4219,-0.5608,-0.9827,-3.8265,-5.6546,8,a,A,A
interval,data/videos_v3/int_1000ms/v3_1000_00599.avi,1000,B,C,,-1.7118,-1.2899,-1.243,-1.4618,8,a,C,C
order_real,data/videos_v3/int_1500ms/v3_1500_00600.avi,1500,0,0,-0.7407,-9.3262,-11.6777,-12.0527,-11.5293,8,a,No,No
order_rev,data/videos_v3/int_1500ms/v3_1500_00600.avi,1500,0,0,-0.5882,-8.9886,-11.4964,-11.848,-11.4027,8,a,No,No
order_forced,data/videos_v3/int_1500ms/v3_1500_00600.avi,1500,0,1,0.4687,-0.5415,-1.0102,-3.2758,-5.6665,8,a,A,A
interval,data/videos_v3/int_1500ms/v3_1500_00600.avi,1500,B,B,,-1.5728,-1.2603,-1.3385,-1.5416,8,a,B,B
order_32f,data/videos_v3/int_1500ms/v3_1500_00600.avi,1500,0,0,-0.5562,-8.8013,-12.0513,-11.9185,-12.0122,32,a,No,No.
moved_real,data/videos_v3/int_1500ms/v3_1500_00600.avi,1500,1,0,-2.001,-9.8593,-13.2343,-13.3671,-12.5624,8,a,No,No.
moved_twin,data/twin_v3/v3_1500_00600.avi,1500,0,0,-1.8625,-9.7607,-13.1044,-13.2373,-12.4169,8,a,No,No.
still_real,data/videos_v3/int_1500ms/v3_1500_00600.avi,1500,0,0,-0.2655,-9.7162,-10.6693,-12.6615,-11.9037,8,a,No,"No, in the video, one of"
still_twin,data/twin_v3/v3_1500_00600.avi,1500,1,0,-0.2288,-9.7691,-10.6832,-12.6753,-11.8941,8,a,No,"No, in the video, one of"
order_twin,data/twin_v3/v3_1500_00600.avi,1500,-1,0,-0.6655,-9.3674,-11.7268,-12.1096,-11.5627,8,a,No,No
moved_solo_hit,data/videos_v3/int_1500ms/v3_1500_00600_soloa.avi,1500,1,0,-1.8957,-9.7661,-13.1255,-13.2583,-12.4458,8,a,No,No.
moved_solo_fa,data/videos_v3/int_1500ms/v3_1500_00600_solob.avi,1500,0,0,-1.9069,-9.7869,-13.1151,-13.2791,-12.4588,8,a,No,No.
order_real,data/videos_v3/int_1500ms/v3_1500_00601.avi,1500,1,0,-0.9503,-9.2261,-11.6402,-11.9839,-11.4371,8,b,No,No
order_rev,data/videos_v3/int_1500ms/v3_1500_00601.avi,1500,1,0,-1.0598,-9.3105,-12.1073,-12.5058,-11.7011,8,b,No,No.
order_forced,data/videos_v3/int_1500ms/v3_1500_00601.avi,1500,1,1,0.4688,-0.5662,-1.035,-2.9881,-5.8475,8,b,A,A
interval,data/videos_v3/int_1500ms/v3_1500_00601.avi,1500,B,B,,-1.5563,-1.2907,-1.3688,-1.5251,8,b,B,B
order_32f,data/videos_v3/int_1500ms/v3_1500_00601.avi,1500,1,0,-0.6589,-8.7605,-11.6433,-11.8073,-11.573,32,b,No,No.
moved_real,data/videos_v3/int_1500ms/v3_1500_00601.avi,1500,1,0,-1.8998,-9.827,-13.4051,-13.0536,-12.4911,8,b,No,No.
moved_twin,data/twin_v3/v3_1500_00601.avi,1500,0,0,-2.0228,-9.9173,-13.4798,-13.1204,-12.5969,8,b,No,No.
still_real,data/videos_v3/int_1500ms/v3_1500_00601.avi,1500,0,1,0.5929,-9.713,-10.2989,-12.5099,-11.7286,8,b,Yes,"Yes, both shapes stayed still the whole"
still_twin,data/twin_v3/v3_1500_00601.avi,1500,1,1,0.6055,-9.7587,-10.4462,-12.5634,-11.829,8,b,Yes,"Yes, both shapes stayed still the whole"
order_twin,data/twin_v3/v3_1500_00601.avi,1500,-1,0,-0.9995,-9.2012,-11.5605,-11.9746,-11.4277,8,b,No,No
moved_solo_hit,data/videos_v3/int_1500ms/v3_1500_00601_solob.avi,1500,1,0,-1.9583,-9.826,-13.3963,-13.0681,-12.5291,8,b,No,No.
moved_solo_fa,data/videos_v3/int_1500ms/v3_1500_00601_soloa.avi,1500,0,0,-1.9658,-9.8975,-13.4756,-13.0928,-12.5694,8,b,No,No.
order_real,data/videos_v3/int_1500ms/v3_1500_00602.avi,1500,1,0,-0.9386,-9.395,-11.6294,-12.4731,-11.6137,8,a,No,No
order_rev,data/videos_v3/int_1500ms/v3_1500_00602.avi,1500,1,0,-0.843,-9.3188,-11.7641,-12.6313,-11.6625,8,a,No,No
order_forced,data/videos_v3/int_1500ms/v3_1500_00602.avi,1500,1,1,0.4219,-0.5372,-0.9591,-4.0372,-6.131,8,a,A,A
interval,data/videos_v3/int_1500ms/v3_1500_00602.avi,1500,B,B,,-1.6081,-1.1394,-1.5144,-1.6394,8,a,B,B
order_32f,data/videos_v3/int_1500ms/v3_1500_00602.avi,1500,1,0,-0.7884,-9.0591,-11.8873,-12.5201,-11.9341,32,a,No,No.
moved_real,data/videos_v3/int_1500ms/v3_1500_00602.avi,1500,1,0,-1.6878,-10.0256,-13.2365,-13.5022,-12.6193,8,a,No,No.
moved_twin,data/twin_v3/v3_1500_00602.avi,1500,0,0,-1.657,-9.8794,-13.1138,-13.356,-12.481,8,a,No,No.
still_real,data/videos_v3/int_1500ms/v3_1500_00602.avi,1500,0,1,0.076,-9.8305,-10.7915,-12.9477,-11.9633,8,a,Yes,"Yes, both shapes stayed still the whole"
still_twin,data/twin_v3/v3_1500_00602.avi,1500,1,1,0.1351,-9.8282,-10.5704,-12.9532,-11.961,8,a,Yes,"Yes, both shapes stayed still the whole"
order_twin,data/twin_v3/v3_1500_00602.avi,1500,-1,0,-0.9564,-9.3169,-11.5512,-12.3716,-11.5434,8,a,No,No
moved_solo_hit,data/videos_v3/int_1500ms/v3_1500_00602_soloa.avi,1500,1,0,-1.6275,-10.0137,-13.2012,-13.4668,-12.5918,8,a,No,No.
moved_solo_fa,data/videos_v3/int_1500ms/v3_1500_00602_solob.avi,1500,0,0,-1.648,-9.8868,-13.129,-13.3556,-12.4962,8,a,No,No.
order_real,data/videos_v3/int_1500ms/v3_1500_00603.avi,1500,1,0,-0.8999,-9.5348,-11.6286,-12.5817,-11.7692,8,b,No,No
order_rev,data/videos_v3/int_1500ms/v3_1500_00603.avi,1500,1,0,-0.8431,-9.3475,-11.5662,-12.5272,-11.7459,8,b,No,No
order_forced,data/videos_v3/int_1500ms/v3_1500_00603.avi,1500,1,1,0.4532,-0.5325,-0.9857,-3.8294,-6.0638,8,b,A,A
interval,data/videos_v3/int_1500ms/v3_1500_00603.avi,1500,B,B,,-1.5495,-1.1433,-1.4402,-1.5808,8,b,B,B
order_32f,data/videos_v3/int_1500ms/v3_1500_00603.avi,1500,1,0,-0.7537,-9.0903,-11.809,-12.4497,-11.9731,32,b,No,No.
moved_real,data/videos_v3/int_1500ms/v3_1500_00603.avi,1500,1,0,-1.8006,-9.9613,-13.0472,-13.3988,-12.6019,8,b,No,No.
moved_twin,data/twin_v3/v3_1500_00603.avi,1500,0,0,-1.5578,-9.772,-12.8423,-13.1861,-12.4517,8,b,No,No.
still_real,data/videos_v3/int_1500ms/v3_1500_00603.avi,1500,0,1,0.3103,-9.9566,-10.6519,-12.9019,-12.0894,8,b,Yes,"Yes, both shapes stayed still the whole"
still_twin,data/twin_v3/v3_1500_00603.avi,1500,1,1,0.3702,-9.9822,-10.6385,-12.9119,-12.1229,8,b,Yes,"Yes, both shapes stayed still the whole"
order_twin,data/twin_v3/v3_1500_00603.avi,1500,-1,0,-0.8686,-9.5126,-11.6298,-12.5751,-11.7704,8,b,No,No
moved_solo_hit,data/videos_v3/int_1500ms/v3_1500_00603_solob.avi,1500,1,0,-1.8184,-9.9384,-13.0478,-13.3837,-12.6103,8,b,No,No.
moved_solo_fa,data/videos_v3/int_1500ms/v3_1500_00603_soloa.avi,1500,0,0,-1.5304,-9.772,-12.8267,-13.1783,-12.4049,8,b,No,No.
order_real,data/videos_v3/int_1500ms/v3_1500_00604.avi,1500,1,0,-0.7109,-9.1883,-11.4539,-12.3055,-11.3758,8,a,No,No
order_rev,data/videos_v3/int_1500ms/v3_1500_00604.avi,1500,1,0,-0.9923,-9.1828,-11.8547,-12.5422,-11.5187,8,a,No,No
order_forced,data/videos_v3/int_1500ms/v3_1500_00604.avi,1500,1,1,0.5781,-0.4962,-1.0743,-3.9025,-6.1368,8,a,A,A
interval,data/videos_v3/int_1500ms/v3_1500_00604.avi,1500,B,B,,-1.6391,-1.2173,-1.3423,-1.561,8,a,B,B
order_32f,data/videos_v3/int_1500ms/v3_1500_00604.avi,1500,1,0,-0.7209,-8.8541,-11.8619,-12.4087,-11.7056,32,a,No,No.
moved_real,data/videos_v3/int_1500ms/v3_1500_00604.avi,1500,1,0,-1.8523,-9.7872,-13.1075,-13.3419,-12.3263,8,a,No,No.
moved_twin,data/twin_v3/v3_1500_00604.avi,1500,0,0,-1.366,-9.5268,-12.8706,-13.1049,-12.1049,8,a,No,No.
still_real,data/videos_v3/int_1500ms/v3_1500_00604.avi,1500,0,1,0.3196,-9.5333,-10.4005,-12.4474,-11.6193,8,a,Yes,"Yes, both shapes, the yellow triangle"
still_twin,data/twin_v3/v3_1500_00604.avi,1500,1,1,0.2115,-9.5406,-10.5875,-12.4547,-11.5562,8,a,Yes,"Yes, both shapes, the triangle and"
order_twin,data/twin_v3/v3_1500_00604.avi,1500,-1,0,-0.5888,-9.1551,-11.5379,-12.3504,-11.4207,8,a,No,No
moved_solo_hit,data/videos_v3/int_1500ms/v3_1500_00604_soloa.avi,1500,1,0,-1.6741,-9.6023,-12.9538,-13.1882,-12.1726,8,a,No,No.
moved_solo_fa,data/videos_v3/int_1500ms/v3_1500_00604_solob.avi,1500,0,0,-1.5546,-9.6726,-12.9148,-13.1804,-12.196,8,a,No,No.
order_real,data/videos_v3/int_1500ms/v3_1500_00605.avi,1500,0,0,-0.8355,-9.366,-11.3113,-12.3035,-11.5847,8,a,No,No
order_rev,data/videos_v3/int_1500ms/v3_1500_00605.avi,1500,0,0,-0.8717,-9.384,-11.7199,-12.5793,-11.7199,8,a,No,No
order_forced,data/videos_v3/int_1500ms/v3_1500_00605.avi,1500,0,1,0.4219,-0.5458,-0.9677,-3.7958,-5.9052,8,a,A,A
interval,data/videos_v3/int_1500ms/v3_1500_00605.avi,1500,B,B,,-1.6369,-1.1369,-1.3713,-1.6369,8,a,B,B
order_32f,data/videos_v3/int_1500ms/v3_1500_00605.avi,1500,0,0,-0.7256,-9.2037,-11.5709,-12.4772,-11.9225,32,a,No,No.
moved_real,data/videos_v3/int_1500ms/v3_1500_00605.avi,1500,1,0,-1.2785,-9.6188,-12.4313,-12.8844,-12.2125,8,a,No,No.
moved_twin,data/twin_v3/v3_1500_00605.avi,1500,0,0,-1.5949,-9.7608,-12.6358,-13.0499,-12.3624,8,a,No,No.
still_real,data/videos_v3/int_1500ms/v3_1500_00605.avi,1500,0,1,0.5568,-9.9697,-10.54,-12.8994,-12.0869,8,a,Yes,"Yes, both shapes stayed still the whole"
still_twin,data/twin_v3/v3_1500_00605.avi,1500,1,1,0.4124,-9.9036,-10.5677,-12.849,-11.9974,8,a,Yes,"Yes, both shapes stayed still the whole"
order_twin,data/twin_v3/v3_1500_00605.avi,1500,-1,0,-0.8587,-9.3663,-11.3038,-12.2882,-11.5772,8,a,No,No
moved_solo_hit,data/videos_v3/int_1500ms/v3_1500_00605_soloa.avi,1500,1,0,-1.4391,-9.6745,-12.4948,-12.9401,-12.2839,8,a,No,No.
moved_solo_fa,data/videos_v3/int_1500ms/v3_1500_00605_solob.avi,1500,0,0,-1.601,-9.7817,-12.6489,-13.0786,-12.3677,8,a,No,No.
order_real,data/videos_v3/int_1500ms/v3_1500_00606.avi,1500,0,0,-0.7239,-9.4934,-11.6419,-12.4934,-11.5637,8,b,No,No
order_rev,data/videos_v3/int_1500ms/v3_1500_00606.avi,1500,0,0,-0.8335,-9.1656,-11.6812,-12.4312,-11.7359,8,b,No,No
order_forced,data/videos_v3/int_1500ms/v3_1500_00606.avi,1500,0,1,0.375,-0.5537,-0.9287,-3.9599,-5.9599,8,b,A,A
interval,data/videos_v3/int_1500ms/v3_1500_00606.avi,1500,B,B,,-1.6204,-1.2141,-1.3704,-1.5579,8,b,B,B
order_32f,data/videos_v3/int_1500ms/v3_1500_00606.avi,1500,0,0,-0.6125,-9.1247,-11.82,-12.5309,-11.8278,32,b,No,No.
moved_real,data/videos_v3/int_1500ms/v3_1500_00606.avi,1500,1,0,-1.3127,-9.6833,-12.863,-13.3161,-12.3942,8,b,No,No.
moved_twin,data/twin_v3/v3_1500_00606.avi,1500,0,0,-1.3894,-9.6267,-12.7829,-13.2439,-12.3376,8,b,No,No.
still_real,data/videos_v3/int_1500ms/v3_1500_00606.avi,1500,0,1,0.0559,-9.7833,-10.5801,-12.8536,-11.9629,8,b,Yes,"Yes, both shapes stayed still the whole"
still_twin,data/twin_v3/v3_1500_00606.avi,1500,1,1,-0.0818,-9.779,-10.5993,-12.8102,-11.9665,8,b,Yes,"Yes, both shapes stayed still the whole"
order_twin,data/twin_v3/v3_1500_00606.avi,1500,-1,0,-0.7094,-9.4839,-11.6557,-12.476,-11.5854,8,b,No,No
moved_solo_hit,data/videos_v3/int_1500ms/v3_1500_00606_solob.avi,1500,1,0,-1.3876,-9.6049,-12.7767,-13.2533,-12.3392,8,b,No,No.
moved_solo_fa,data/videos_v3/int_1500ms/v3_1500_00606_soloa.avi,1500,0,0,-1.2994,-9.6742,-12.8383,-13.2914,-12.3695,8,b,No,No.
order_real,data/videos_v3/int_1500ms/v3_1500_00607.avi,1500,1,0,-1.1635,-9.2126,-11.6813,-12.0954,-11.4626,8,b,No,No
order_rev,data/videos_v3/int_1500ms/v3_1500_00607.avi,1500,1,0,-0.7565,-9.0531,-11.6312,-12.2484,-11.4671,8,b,No,No
order_forced,data/videos_v3/int_1500ms/v3_1500_00607.avi,1500,1,1,0.4375,-0.5459,-0.9834,-3.5616,-5.6553,8,b,A,A
interval,data/videos_v3/int_1500ms/v3_1500_00607.avi,1500,B,B,,-1.5118,-1.2462,-1.3399,-1.6055,8,b,B,B
order_32f,data/videos_v3/int_1500ms/v3_1500_00607.avi,1500,1,0,-0.7452,-8.5649,-11.6743,-11.9556,-11.6587,32,b,No,No.
moved_real,data/videos_v3/int_1500ms/v3_1500_00607.avi,1500,1,0,-1.7738,-9.8705,-13.1908,-13.1362,-12.4174,8,b,No,No.
moved_twin,data/twin_v3/v3_1500_00607.avi,1500,0,0,-1.9781,-9.9038,-13.3882,-13.2476,-12.5445,8,b,No,No.
still_real,data/videos_v3/int_1500ms/v3_1500_00607.avi,1500,0,1,0.266,-9.5737,-10.6987,-12.5112,-11.6831,8,b,Yes,"Yes, both shapes, the triangle and"
still_twin,data/twin_v3/v3_1500_00607.avi,1500,1,1,0.1835,-9.5345,-10.5423,-12.4486,-11.6205,8,b,Yes,"Yes, both shapes, the triangle and"
order_twin,data/twin_v3/v3_1500_00607.avi,1500,-1,0,-1.1382,-9.1577,-11.7045,-12.0561,-11.4467,8,b,No,No
moved_solo_hit,data/videos_v3/int_1500ms/v3_1500_00607_solob.avi,1500,1,0,-1.8338,-9.9059,-13.2653,-13.1794,-12.4763,8,b,No,No.
moved_solo_fa,data/videos_v3/int_1500ms/v3_1500_00607_soloa.avi,1500,0,0,-1.8882,-9.8571,-13.3102,-13.2086,-12.4899,8,b,No,No.
order_real,data/videos_v3/int_1500ms/v3_1500_00608.avi,1500,0,0,-1.028,-9.5244,-11.6963,-12.4697,-11.6025,8,a,No,No
order_rev,data/videos_v3/int_1500ms/v3_1500_00608.avi,1500,0,0,-1.3584,-9.4925,-12.0159,-12.7737,-11.805,8,a,No,No
order_forced,data/videos_v3/int_1500ms/v3_1500_00608.avi,1500,0,1,0.4062,-0.5394,-0.9456,-4.3206,-6.18,8,a,A,A
interval,data/videos_v3/int_1500ms/v3_1500_00608.avi,1500,B,B,,-1.6509,-1.1666,-1.3853,-1.5416,8,a,B,B
order_32f,data/videos_v3/int_1500ms/v3_1500_00608.avi,1500,0,0,-0.6125,-8.9697,-11.9306,-12.5009,-11.8603,32,a,No,No.
moved_real,data/videos_v3/int_1500ms/v3_1500_00608.avi,1500,1,0,-2.5413,-10.4286,-13.7958,-13.8973,-13.0692,8,a,No,No.
moved_twin,data/twin_v3/v3_1500_00608.avi,1500,0,0,-2.5692,-10.4844,-13.8985,-13.9453,-13.1641,8,a,No,No.
still_real,data/videos_v3/int_1500ms/v3_1500_00608.avi,1500,0,1,0.027,-9.7416,-10.5853,-12.7806,-11.9603,8,a,Yes,"Yes, both shapes stayed still the whole"
still_twin,data/twin_v3/v3_1500_00608.avi,1500,1,1,0.0656,-9.7569,-10.4366,-12.7491,-11.9601,8,a,Yes,"Yes, both shapes stayed still the whole"
order_twin,data/twin_v3/v3_1500_00608.avi,1500,-1,0,-1.0656,-9.5714,-11.8449,-12.4933,-11.673,8,a,No,No
moved_solo_hit,data/videos_v3/int_1500ms/v3_1500_00608_soloa.avi,1500,1,0,-2.4468,-10.3573,-13.7323,-13.8183,-13.0448,8,a,No,No.
moved_solo_fa,data/videos_v3/int_1500ms/v3_1500_00608_solob.avi,1500,0,0,-2.5755,-10.4967,-13.8795,-13.9577,-13.1217,8,a,No,No.
order_real,data/videos_v3/int_1500ms/v3_1500_00609.avi,1500,0,0,-0.7791,-9.481,-11.5825,-12.5513,-11.6138,8,b,No,No
order_rev,data/videos_v3/int_1500ms/v3_1500_00609.avi,1500,0,0,-0.7933,-9.3184,-11.7012,-12.5918,-11.7012,8,b,No,No
order_forced,data/videos_v3/int_1500ms/v3_1500_00609.avi,1500,0,1,0.5781,-0.49,-1.0681,-3.6618,-5.4431,8,b,A,A
interval,data/videos_v3/int_1500ms/v3_1500_00609.avi,1500,B,B,,-1.6938,-1.2407,-1.3188,-1.4907,8,b,B,B
order_32f,data/videos_v3/int_1500ms/v3_1500_00609.avi,1500,0,0,-0.7436,-9.1598,-11.8942,-12.6051,-11.9411,32,b,No,No.
moved_real,data/videos_v3/int_1500ms/v3_1500_00609.avi,1500,1,0,-2.2286,-10.1742,-13.3539,-13.6664,-12.7523,8,b,No,No.
moved_twin,data/twin_v3/v3_1500_00609.avi,1500,0,0,-2.2713,-10.1709,-13.4053,-13.6475,-12.7803,8,b,No,No.
still_real,data/videos_v3/int_1500ms/v3_1500_00609.avi,1500,0,1,0.111,-9.6992,-10.5508,-12.6914,-11.7617,8,b,Yes,"Yes, both shapes stayed still the whole"
still_twin,data/twin_v3/v3_1500_00609.avi,1500,1,1,-0.0741,-9.5697,-10.6087,-12.5541,-11.6478,8,b,Yes,"Yes, both shapes stayed still the whole"
order_twin,data/twin_v3/v3_1500_00609.avi,1500,-1,0,-0.806,-9.4597,-11.5847,-12.4987,-11.5925,8,b,No,No
moved_solo_hit,data/videos_v3/int_1500ms/v3_1500_00609_solob.avi,1500,1,0,-2.3037,-10.1328,-13.3906,-13.6171,-12.7421,8,b,No,No.
moved_solo_fa,data/videos_v3/int_1500ms/v3_1500_00609_soloa.avi,1500,0,0,-2.2485,-10.1685,-13.3326,-13.6529,-12.7232,8,b,No,No.
order_real,data/videos_v3/int_1500ms/v3_1500_00610.avi,1500,1,0,-0.8267,-9.4163,-11.8304,-12.346,-11.7523,8,a,No,No
order_rev,data/videos_v3/int_1500ms/v3_1500_00610.avi,1500,1,0,-1.1465,-9.4107,-12.1138,-12.442,-11.856,8,a,No,No
order_forced,data/videos_v3/int_1500ms/v3_1500_00610.avi,1500,1,1,0.625,-0.4699,-1.0949,-3.6105,-5.8449,8,a,A,A
interval,data/videos_v3/int_1500ms/v3_1500_00610.avi,1500,B,B,,-1.7153,-1.1372,-1.3872,-1.606,8,a,B,B
order_32f,data/videos_v3/int_1500ms/v3_1500_00610.avi,1500,1,0,-0.7102,-9.1734,-12.1343,-12.4624,-12.0874,32,a,No,No.
moved_real,data/videos_v3/int_1500ms/v3_1500_00610.avi,1500,1,0,-2.3145,-10.2793,-13.5528,-13.8184,-12.8809,8,a,No,No.
moved_twin,data/twin_v3/v3_1500_00610.avi,1500,0,0,-2.4688,-10.407,-13.7273,-14.0007,-13.0554,8,a,No,No.
still_real,data/videos_v3/int_1500ms/v3_1500_00610.avi,1500,0,1,0.1394,-9.7686,-10.6592,-12.792,-11.9639,8,a,Yes,"Yes, both shapes stayed still the whole"
still_twin,data/twin_v3/v3_1500_00610.avi,1500,1,1,0.0503,-9.7935,-10.9575,-12.8325,-12.0357,8,a,Yes,"Yes, both shapes stayed still the whole"
order_twin,data/twin_v3/v3_1500_00610.avi,1500,-1,0,-0.8843,-9.4779,-11.9076,-12.4388,-11.8138,8,a,No,No
moved_solo_hit,data/videos_v3/int_1500ms/v3_1500_00610_soloa.avi,1500,1,0,-2.3696,-10.4078,-13.6734,-13.9547,-12.9937,8,a,No,No.
moved_solo_fa,data/videos_v3/int_1500ms/v3_1500_00610_solob.avi,1500,0,0,-2.3977,-10.3375,-13.6266,-13.9078,-12.9547,8,a,No,No.
order_real,data/videos_v3/int_1500ms/v3_1500_00611.avi,1500,0,0,-1.4686,-9.7165,-11.7868,-12.8805,-11.8649,8,b,No,No
order_rev,data/videos_v3/int_1500ms/v3_1500_00611.avi,1500,0,0,-1.4858,-9.6164,-12.2258,-13.0851,-11.9289,8,b,No,No
order_forced,data/videos_v3/int_1500ms/v3_1500_00611.avi,1500,0,1,0.3907,-0.5595,-0.9502,-4.2002,-6.497,8,b,A,A
interval,data/videos_v3/int_1500ms/v3_1500_00611.avi,1500,B,B,,-1.7616,-1.1366,-1.3866,-1.4803,8,b,B,B
order_32f,data/videos_v3/int_1500ms/v3_1500_00611.avi,1500,0,0,-1.0912,-9.1199,-11.8465,-12.659,-11.8621,32,b,No,No.
moved_real,data/videos_v3/int_1500ms/v3_1500_00611.avi,1500,1,0,-2.5232,-10.4455,-13.672,-14.1408,-13.0783,8,b,No,No.
moved_twin,data/twin_v3/v3_1500_00611.avi,1500,0,0,-2.392,-10.3396,-13.5271,-13.9958,-12.9802,8,b,No,No.
still_real,data/videos_v3/int_1500ms/v3_1500_00611.avi,1500,0,1,0.5119,-9.8617,-10.7602,-12.8461,-12.018,8,b,Yes,"Yes, both shapes stayed still the entire"
still_twin,data/twin_v3/v3_1500_00611.avi,1500,1,1,0.2344,-9.8711,-10.8086,-12.8398,-12.0351,8,b,Yes,"Yes, both shapes stayed still the whole"
order_twin,data/twin_v3/v3_1500_00611.avi,1500,-1,0,-1.3792,-9.654,-11.6384,-12.7556,-11.7868,8,b,No,No
moved_solo_hit,data/videos_v3/int_1500ms/v3_1500_00611_solob.avi,1500,1,0,-2.4649,-10.3462,-13.5415,-14.0259,-12.9868,8,b,No,No.
moved_solo_fa,data/videos_v3/int_1500ms/v3_1500_00611_soloa.avi,1500,0,0,-2.4677,-10.4788,-13.6897,-14.1741,-13.096,8,b,No,No.
order_real,data/videos_v3/int_1500ms/v3_1500_00612.avi,1500,0,0,-1.0877,-9.685,-11.7788,-12.6538,-11.7944,8,b,No,No
order_rev,data/videos_v3/int_1500ms/v3_1500_00612.avi,1500,0,0,-0.9113,-9.4081,-11.83,-12.6738,-11.7831,8,b,No,No
order_forced,data/videos_v3/int_1500ms/v3_1500_00612.avi,1500,0,1,0.625,-0.48,-1.105,-3.7925,-5.9331,8,b,A,A
interval,data/videos_v3/int_1500ms/v3_1500_00612.avi,1500,B,B,,-1.7207,-1.1895,-1.2832,-1.5332,8,b,B,B
order_32f,data/videos_v3/int_1500ms/v3_1500_00612.avi,1500,0,0,-1.0535,-9.1486,-11.8517,-12.5392,-11.8126,32,b,No,No
moved_real,data/videos_v3/int_1500ms/v3_1500_00612.avi,1500,1,0,-2.4639,-10.4282,-13.7173,-13.9126,-13.0532,8,b,No,No.
moved_twin,data/twin_v3/v3_1500_00612.avi,1500,0,0,-2.6071,-10.5651,-13.8698,-14.0807,-13.1589,8,b,No,No.
still_real,data/videos_v3/int_1500ms/v3_1500_00612.avi,1500,0,1,0.3901,-9.693,-10.8805,-12.7008,-11.9508,8,b,Yes,"Yes, both shapes stayed still the whole"
still_twin,data/twin_v3/v3_1500_00612.avi,1500,1,1,0.4767,-9.656,-10.8123,-12.6248,-11.8826,8,b,Yes,"Yes, both shapes stayed still the whole"
order_twin,data/twin_v3/v3_1500_00612.avi,1500,-1,0,-1.0896,-9.7246,-11.8418,-12.6934,-11.834,8,b,No,No
moved_solo_hit,data/videos_v3/int_1500ms/v3_1500_00612_solob.avi,1500,1,0,-2.5855,-10.5759,-13.8963,-14.1072,-13.1931,8,b,No,No.
moved_solo_fa,data/videos_v3/int_1500ms/v3_1500_00612_soloa.avi,1500,0,0,-2.4545,-10.3897,-13.6241,-13.8194,-12.96,8,b,No,No.
order_real,data/videos_v3/int_1500ms/v3_1500_00613.avi,1500,0,0,-0.8952,-9.3205,-11.6018,-12.3049,-11.4143,8,a,No,No
order_rev,data/videos_v3/int_1500ms/v3_1500_00613.avi,1500,0,0,-0.4804,-9.0704,-11.5783,-12.047,-11.4454,8,a,No,No
order_forced,data/videos_v3/int_1500ms/v3_1500_00613.avi,1500,0,1,0.4844,-0.5157,-1.0001,-3.9063,-5.4845,8,a,A,A
interval,data/videos_v3/int_1500ms/v3_1500_00613.avi,1500,B,B,,-1.4797,-1.2297,-1.3704,-1.5891,8,a,B,B
order_32f,data/videos_v3/int_1500ms/v3_1500_00613.avi,1500,0,0,-0.6791,-8.8373,-11.6107,-12.2123,-11.7045,32,a,No,No.
moved_real,data/videos_v3/int_1500ms/v3_1500_00613.avi,1500,1,0,-1.6582,-9.7809,-13.07,-13.32,-12.4137,8,a,No,No.
moved_twin,data/twin_v3/v3_1500_00613.avi,1500,0,0,-1.6366,-9.594,-12.9846,-13.1877,-12.3752,8,a,No,No.
still_real,data/videos_v3/int_1500ms/v3_1500_00613.avi,1500,0,1,0.9576,-9.8874,-10.3483,-12.7233,-11.7936,8,a,Yes,"Yes, both shapes, the circle and"
still_twin,data/twin_v3/v3_1500_00613.avi,1500,1,1,0.8765,-9.8467,-10.1905,-12.6671,-11.7842,8,a,Yes,"Yes, both shapes, the circle and"
order_twin,data/twin_v3/v3_1500_00613.avi,1500,-1,0,-0.8806,-9.2779,-11.6139,-12.2936,-11.4889,8,a,No,No
moved_solo_hit,data/videos_v3/int_1500ms/v3_1500_00613_soloa.avi,1500,1,0,-1.601,-9.5859,-12.8749,-13.1327,-12.2968,8,a,No,No.
moved_solo_fa,data/videos_v3/int_1500ms/v3_1500_00613_solob.avi,1500,0,0,-1.7492,-9.7368,-13.0259,-13.2915,-12.4009,8,a,No,No.
order_real,data/videos_v3/int_1500ms/v3_1500_00614.avi,1500,1,0,-0.6859,-9.2402,-11.6933,-12.1933,-11.5292,8,b,No,No
order_rev,data/videos_v3/int_1500ms/v3_1500_00614.avi,1500,1,0,-0.8401,-9.1815,-11.8455,-12.3065,-11.6034,8,b,No,No
order_forced,data/videos_v3/int_1500ms/v3_1500_00614.avi,1500,1,1,0.3594,-0.5655,-0.9249,-3.7686,-5.4092,8,b,A,A
interval,data/videos_v3/int_1500ms/v3_1500_00614.avi,1500,B,B,,-1.5677,-1.2708,-1.3646,-1.5364,8,b,B,B
order_32f,data/videos_v3/int_1500ms/v3_1500_00614.avi,1500,1,0,-0.5324,-8.91,-11.9334,-12.1912,-11.9256,32,b,No,No.
moved_real,data/videos_v3/int_1500ms/v3_1500_00614.avi,1500,1,0,-1.8,-9.7897,-13.0475,-13.2975,-12.3444,8,b,No,No.
moved_twin,data/twin_v3/v3_1500_00614.avi,1500,0,0,-1.7043,-9.7724,-12.9833,-13.1864,-12.2177,8,b,No,No.
still_real,data/videos_v3/int_1500ms/v3_1500_00614.avi,1500,0,1,0.1482,-9.6116,-10.4397,-12.5413,-11.6819,8,b,Yes,"Yes, both shapes stayed still the whole"
still_twin,data/twin_v3/v3_1500_00614.avi,1500,1,1,0.1913,-9.5683,-10.5292,-12.3808,-11.5683,8,b,Yes,"Yes, both shapes stayed still the whole"
order_twin,data/twin_v3/v3_1500_00614.avi,1500,-1,0,-0.7532,-9.25,-11.7266,-12.0469,-11.4532,8,b,No,No
moved_solo_hit,data/videos_v3/int_1500ms/v3_1500_00614_solob.avi,1500,1,0,-1.8626,-9.8986,-13.1486,-13.3674,-12.4142,8,b,No,No.
moved_solo_fa,data/videos_v3/int_1500ms/v3_1500_00614_soloa.avi,1500,0,0,-1.6042,-9.6978,-12.9869,-13.1509,-12.2056,8,b,No,No.
order_real,data/videos_v3/int_1500ms/v3_1500_00615.avi,1500,1,0,-0.3504,-9.2446,-11.4087,-12.268,-11.4087,8,a,No,No
order_rev,data/videos_v3/int_1500ms/v3_1500_00615.avi,1500,1,0,-0.8322,-9.2213,-11.7525,-12.5103,-11.5728,8,a,No,No
order_forced,data/videos_v3/int_1500ms/v3_1500_00615.avi,1500,1,1,0.6093,-0.4635,-1.0728,-4.2135,-5.5572,8,a,A,A
interval,data/videos_v3/int_1500ms/v3_1500_00615.avi,1500,B,C,,-1.5622,-1.3122,-1.2809,-1.5309,8,a,C,C
order_32f,data/videos_v3/int_1500ms/v3_1500_00615.avi,1500,1,0,-0.7047,-9.0183,-11.737,-12.5105,-11.7917,32,a,No,No.
moved_real,data/videos_v3/int_1500ms/v3_1500_00615.avi,1500,1,0,-1.5201,-9.6981,-13.1278,-13.1122,-12.3543,8,a,No,No.
moved_twin,data/twin_v3/v3_1500_00615.avi,1500,0,0,-1.2889,-9.5442,-12.8724,-12.9349,-12.1458,8,a,No,No.
still_real,data/videos_v3/int_1500ms/v3_1500_00615.avi,1500,0,1,0.4788,-9.6327,-10.2421,-12.3593,-11.5077,8,a,Yes,"Yes, both shapes, the purple"
still_twin,data/twin_v3/v3_1500_00615.avi,1500,1,1,0.4296,-9.5874,-10.3218,-12.3765,-11.5484,8,a,Yes,"Yes, both shapes stayed still the entire"
order_twin,data/twin_v3/v3_1500_00615.avi,1500,-1,0,-0.3264,-9.1981,-11.3543,-12.2449,-11.3387,8,a,No,No
moved_solo_hit,data/videos_v3/int_1500ms/v3_1500_00615_soloa.avi,1500,1,0,-1.7221,-9.7562,-13.2405,-13.1546,-12.389,8,a,No,No.
moved_solo_fa,data/videos_v3/int_1500ms/v3_1500_00615_solob.avi,1500,0,0,-1.3064,-9.5519,-12.9035,-12.9894,-12.2004,8,a,No,No.
order_real,data/videos_v3/int_1500ms/v3_1500_00616.avi,1500,0,0,-0.404,-9.3652,-11.6387,-12.5762,-11.5684,8,b,No,No
order_rev,data/videos_v3/int_1500ms/v3_1500_00616.avi,1500,0,0,-0.4524,-9.241,-11.741,-12.616,-11.5848,8,b,No,No
order_forced,data/videos_v3/int_1500ms/v3_1500_00616.avi,1500,0,1,0.375,-0.5624,-0.9374,-4.0155,-5.2655,8,b,A,A
interval,data/videos_v3/int_1500ms/v3_1500_00616.avi,1500,B,C,,-1.5471,-1.3127,-1.3127,-1.5158,8,b,C,C
order_32f,data/videos_v3/int_1500ms/v3_1500_00616.avi,1500,0,0,-0.3837,-8.9415,-11.6759,-12.4572,-11.8244,32,b,No,No.
moved_real,data/videos_v3/int_1500ms/v3_1500_00616.avi,1500,1,0,-1.6028,-9.6525,-13.0822,-13.215,-12.2072,8,b,No,"No, the red triangle did not move"
moved_twin,data/twin_v3/v3_1500_00616.avi,1500,0,0,-1.6875,-9.6544,-13.0763,-13.1857,-12.1622,8,b,No,No.
still_real,data/videos_v3/int_1500ms/v3_1500_00616.avi,1500,0,1,0.3403,-9.5526,-10.1776,-12.3182,-11.4432,8,b,Yes,"Yes, both shapes stayed still the whole"
still_twin,data/twin_v3/v3_1500_00616.avi,1500,1,1,0.2701,-9.5399,-10.0868,-12.2586,-11.368,8,b,Yes,"Yes, both shapes stayed still the whole"
order_twin,data/twin_v3/v3_1500_00616.avi,1500,-1,0,-0.4409,-9.2857,-11.5982,-12.4654,-11.4888,8,b,No,No
moved_solo_hit,data/videos_v3/int_1500ms/v3_1500_00616_solob.avi,1500,1,0,-1.6224,-9.6389,-13.0296,-13.1389,-12.1467,8,b,No,No.
moved_solo_fa,data/videos_v3/int_1500ms/v3_1500_00616_soloa.avi,1500,0,0,-1.726,-9.6223,-13.0286,-13.1536,-12.1536,8,b,No,No.
order_real,data/videos_v3/int_1500ms/v3_1500_00617.avi,1500,0,0,-0.4992,-9.1214,-11.5823,-11.9417,-11.4261,8,a,No,No
order_rev,data/videos_v3/int_1500ms/v3_1500_00617.avi,1500,0,0,-0.444,-9.207,-11.8086,-12.1523,-11.5195,8,a,No,No
order_forced,data/videos_v3/int_1500ms/v3_1500_00617.avi,1500,0,1,0.3594,-0.5752,-0.9346,-3.4033,-5.6689,8,a,A,A
interval,data/videos_v3/int_1500ms/v3_1500_00617.avi,1500,B,B,,-1.7142,-1.2298,-1.3704,-1.4329,8,a,B,B
order_32f,data/videos_v3/int_1500ms/v3_1500_00617.avi,1500,0,0,-0.4315,-8.669,-11.7393,-11.755,-11.7628,32,a,No,No.
moved_real,data/videos_v3/int_1500ms/v3_1500_00617.avi,1500,1,0,-1.3615,-9.5246,-13.1183,-12.6652,-12.1965,8,a,No,No.
moved_twin,data/twin_v3/v3_1500_00617.avi,1500,0,0,-1.1676,-9.4594,-13.0688,-12.5766,-12.1547,8,a,No,No.
still_real,data/videos_v3/int_1500ms/v3_1500_00617.avi,1500,0,1,0.1025,-9.7328,-10.6469,-12.6469,-11.7484,8,a,Yes,"Yes, both shapes stayed still the whole"
still_twin,data/twin_v3/v3_1500_00617.avi,1500,1,0,-0.107,-9.6727,-10.8055,-12.6727,-11.7274,8,a,No,"No, in the video, one of"
order_twin,data/twin_v3/v3_1500_00617.avi,1500,-1,0,-0.4533,-9.1342,-11.6186,-11.9233,-11.4311,8,a,No,No
moved_solo_hit,data/videos_v3/int_1500ms/v3_1500_00617_soloa.avi,1500,1,0,-1.2716,-9.5066,-13.0925,-12.6237,-12.1862,8,a,No,No.
moved_solo_fa,data/videos_v3/int_1500ms/v3_1500_00617_solob.avi,1500,0,0,-1.2906,-9.5094,-13.1266,-12.65,-12.1969,8,a,No,No.
order_real,data/videos_v3/int_1500ms/v3_1500_00618.avi,1500,1,0,-1.1916,-9.4687,-11.7187,-12.1406,-11.6719,8,b,No,No
order_rev,data/videos_v3/int_1500ms/v3_1500_00618.avi,1500,1,0,-1.4368,-9.5271,-12.2146,-12.7067,-11.8552,8,b,No,No
order_forced,data/videos_v3/int_1500ms/v3_1500_00618.avi,1500,1,1,0.4844,-0.5483,-1.0327,-3.2358,-6.2983,8,b,A,A
interval,data/videos_v3/int_1500ms/v3_1500_00618.avi,1500,B,B,,-1.7063,-1.1907,-1.3626,-1.4407,8,b,B,B
order_32f,data/videos_v3/int_1500ms/v3_1500_00618.avi,1500,1,0,-0.9875,-9.2129,-12.0488,-12.2363,-11.9941,32,b,No,No.
moved_real,data/videos_v3/int_1500ms/v3_1500_00618.avi,1500,1,0,-2.689,-10.5286,-13.7942,-14.1536,-13.1614,8,b,No,No.
moved_twin,data/twin_v3/v3_1500_00618.avi,1500,0,0,-2.4625,-10.397,-13.6392,-13.9908,-13.0376,8,b,No,No.
still_real,data/videos_v3/int_1500ms/v3_1500_00618.avi,1500,0,1,0.5592,-9.8754,-10.5551,-12.6879,-11.9458,8,b,Yes,"Yes, both shapes stayed still the entire"
still_twin,data/twin_v3/v3_1500_00618.avi,1500,1,1,0.3547,-9.7731,-10.7809,-12.609,-11.8434,8,b,Yes,"Yes, both shapes stayed still the entire"
order_twin,data/twin_v3/v3_1500_00618.avi,1500,-1,0,-1.0283,-9.4605,-11.7417,-12.0777,-11.6636,8,b,No,No
moved_solo_hit,data/videos_v3/int_1500ms/v3_1500_00618_solob.avi,1500,1,0,-2.5498,-10.3585,-13.6554,-14.007,-13.0304,8,b,No,No.
moved_solo_fa,data/videos_v3/int_1500ms/v3_1500_00618_soloa.avi,1500,0,0,-2.5117,-10.4348,-13.6926,-14.0364,-13.0833,8,b,No,No.
order_real,data/videos_v3/int_1500ms/v3_1500_00619.avi,1500,1,0,-0.6172,-9.3982,-11.6716,-12.4372,-11.6169,8,b,No,No
order_rev,data/videos_v3/int_1500ms/v3_1500_00619.avi,1500,1,0,-0.2962,-9.0672,-11.4266,-12.1375,-11.536,8,b,No,No
order_forced,data/videos_v3/int_1500ms/v3_1500_00619.avi,1500,1,1,0.4688,-0.5209,-0.9897,-3.8803,-5.2241,8,b,A,A
interval,data/videos_v3/int_1500ms/v3_1500_00619.avi,1500,B,B,,-1.6437,-1.2687,-1.2999,-1.5655,8,b,B,B
order_32f,data/videos_v3/int_1500ms/v3_1500_00619.avi,1500,1,0,-0.2811,-8.8917,-11.7277,-12.3839,-11.8995,32,b,No,No.
moved_real,data/videos_v3/int_1500ms/v3_1500_00619.avi,1500,1,0,-1.5196,-9.6659,-12.9471,-13.2987,-12.3221,8,b,No,No.
moved_twin,data/twin_v3/v3_1500_00619.avi,1500,0,0,-1.5806,-9.5376,-12.8736,-13.1783,-12.2408,8,b,No,No.
still_real,data/videos_v3/int_1500ms/v3_1500_00619.avi,1500,0,1,0.0423,-9.734,-10.5777,-12.7574,-11.8746,8,b,Yes,"Yes, both shapes, the circle and"
still_twin,data/twin_v3/v3_1500_00619.avi,1500,1,0,-0.1063,-9.638,-10.5208,-12.638,-11.7787,8,b,No,"No, in this video, one of"
order_twin,data/twin_v3/v3_1500_00619.avi,1500,-1,0,-0.5814,-9.3035,-11.5848,-12.327,-11.5691,8,b,No,No
moved_solo_hit,data/videos_v3/int_1500ms/v3_1500_00619_solob.avi,1500,1,0,-1.5178,-9.5681,-12.8884,-13.2166,-12.2556,8,b,No,No.
moved_solo_fa,data/videos_v3/int_1500ms/v3_1500_00619_soloa.avi,1500,0,0,-1.5665,-9.6008,-12.9055,-13.2258,-12.2805,8,b,No,No.
order_real,data/videos_v3/int_1500ms/v3_1500_00620.avi,1500,0,0,-0.7696,-9.2533,-11.5658,-12.2142,-11.4017,8,a,No,No
order_rev,data/videos_v3/int_1500ms/v3_1500_00620.avi,1500,0,0,-0.8935,-9.3028,-11.9903,-12.5294,-11.7169,8,a,No,No
order_forced,data/videos_v3/int_1500ms/v3_1500_00620.avi,1500,0,1,0.4063,-0.5575,-0.9638,-3.4482,-5.6825,8,a,A,A
interval,data/videos_v3/int_1500ms/v3_1500_00620.avi,1500,B,B,,-1.8312,-1.1281,-1.3312,-1.55,8,a,B,B
order_real,data/videos_v3/int_1500ms/v3_1500_00621.avi,1500,0,0,-0.9724,-9.2665,-11.7587,-12.0634,-11.579,8,a,No,No
order_rev,data/videos_v3/int_1500ms/v3_1500_00621.avi,1500,0,0,-1.0371,-9.2134,-11.8931,-12.2056,-11.565,8,a,No,No
order_forced,data/videos_v3/int_1500ms/v3_1500_00621.avi,1500,0,1,0.4219,-0.5453,-0.9672,-3.686,-5.7797,8,a,A,A
interval,data/videos_v3/int_1500ms/v3_1500_00621.avi,1500,B,B,,-1.581,-1.2528,-1.4091,-1.5028,8,a,B,B
order_real,data/videos_v3/int_1500ms/v3_1500_00622.avi,1500,1,0,-0.6221,-9.3912,-11.5552,-12.4927,-11.4459,8,b,No,No
order_rev,data/videos_v3/int_1500ms/v3_1500_00622.avi,1500,1,0,-0.7974,-9.4216,-12.0388,-12.7888,-11.7575,8,b,No,No
order_forced,data/videos_v3/int_1500ms/v3_1500_00622.avi,1500,1,1,0.5625,-0.4808,-1.0433,-3.8871,-5.3715,8,b,A,A
interval,data/videos_v3/int_1500ms/v3_1500_00622.avi,1500,B,B,,-1.7015,-1.2327,-1.3265,-1.4515,8,b,B,B
order_real,data/videos_v3/int_1500ms/v3_1500_00623.avi,1500,1,0,-1.1684,-9.3202,-11.8124,-12.5311,-11.5858,8,b,No,No
order_rev,data/videos_v3/int_1500ms/v3_1500_00623.avi,1500,1,0,-1.0373,-8.9873,-11.6748,-12.4639,-11.5186,8,b,No,No
order_forced,data/videos_v3/int_1500ms/v3_1500_00623.avi,1500,1,1,0.4063,-0.5497,-0.956,-3.9872,-5.5185,8,b,A,A
interval,data/videos_v3/int_1500ms/v3_1500_00623.avi,1500,B,B,,-1.5735,-1.2767,-1.3079,-1.6048,8,b,B,B
order_real,data/videos_v3/int_1500ms/v3_1500_00624.avi,1500,1,0,-0.8123,-9.3979,-11.6635,-12.1323,-11.6401,8,a,No,No
order_rev,data/videos_v3/int_1500ms/v3_1500_00624.avi,1500,1,0,-0.5537,-9.1907,-11.5657,-12.3157,-11.4642,8,a,No,No
order_forced,data/videos_v3/int_1500ms/v3_1500_00624.avi,1500,1,1,0.2187,-0.6392,-0.8579,-3.561,-6.3423,8,a,A,A
interval,data/videos_v3/int_1500ms/v3_1500_00624.avi,1500,B,B,,-1.5272,-1.246,-1.3554,-1.5585,8,a,B,B
order_real,data/videos_v3/int_1500ms/v3_1500_00625.avi,1500,1,0,-1.2603,-9.5299,-11.7018,-12.6706,-11.6002,8,b,No,No
order_rev,data/videos_v3/int_1500ms/v3_1500_00625.avi,1500,1,0,-0.9972,-9.366,-11.9285,-12.741,-11.7019,8,b,No,No
order_forced,data/videos_v3/int_1500ms/v3_1500_00625.avi,1500,1,1,0.4531,-0.5365,-0.9896,-3.6771,-5.7552,8,b,A,A
interval,data/videos_v3/int_1500ms/v3_1500_00625.avi,1500,B,B,,-1.7884,-1.1322,-1.3509,-1.5228,8,b,B,B
order_real,data/videos_v3/int_1500ms/v3_1500_00626.avi,1500,1,0,-0.7466,-9.2756,-11.8303,-12.2131,-11.6506,8,a,No,No
order_rev,data/videos_v3/int_1500ms/v3_1500_00626.avi,1500,1,0,-0.7894,-9.196,-11.946,-12.2663,-11.6335,8,a,No,No
order_forced,data/videos_v3/int_1500ms/v3_1500_00626.avi,1500,1,1,0.3907,-0.5641,-0.9548,-3.6579,-5.6423,8,a,A,A
interval,data/videos_v3/int_1500ms/v3_1500_00626.avi,1500,B,B,,-1.6265,-1.2515,-1.3608,-1.5015,8,a,B,B
order_real,data/videos_v3/int_1500ms/v3_1500_00627.avi,1500,0,0,-0.7138,-9.219,-11.4065,-12.0471,-11.4455,8,b,No,No
order_rev,data/videos_v3/int_1500ms/v3_1500_00627.avi,1500,0,0,-0.9446,-9.2064,-11.9486,-12.6205,-11.7611,8,b,No,No
order_forced,data/videos_v3/int_1500ms/v3_1500_00627.avi,1500,0,1,0.6406,-0.4688,-1.1094,-3.6563,-6.3751,8,b,A,A
interval,data/videos_v3/int_1500ms/v3_1500_00627.avi,1500,B,B,,-1.5434,-1.2465,-1.4184,-1.4965,8,b,B,B
order_real,data/videos_v3/int_1500ms/v3_1500_00628.avi,1500,1,0,-0.4658,-9.2282,-11.6032,-12.072,-11.486,8,b,No,No
order_rev,data/videos_v3/int_1500ms/v3_1500_00628.avi,1500,1,0,-0.9598,-9.1459,-11.9037,-12.2552,-11.5834,8,b,No,No
order_forced,data/videos_v3/int_1500ms/v3_1500_00628.avi,1500,1,1,0.5313,-0.5179,-1.0492,-3.1585,-5.4085,8,b,A,A
interval,data/videos_v3/int_1500ms/v3_1500_00628.avi,1500,B,B,,-1.6051,-1.277,-1.3551,-1.5113,8,b,B,B
order_real,data/videos_v3/int_1500ms/v3_1500_00629.avi,1500,1,0,-1.0917,-9.2699,-11.7464,-12.4496,-11.473,8,b,No,No.
order_rev,data/videos_v3/int_1500ms/v3_1500_00629.avi,1500,1,0,-0.7615,-8.9779,-11.6498,-12.3217,-11.3061,8,b,No,No
order_forced,data/videos_v3/int_1500ms/v3_1500_00629.avi,1500,1,1,0.6719,-0.4646,-1.1365,-3.9021,-5.5584,8,b,A,A
interval,data/videos_v3/int_1500ms/v3_1500_00629.avi,1500,B,B,,-1.675,-1.2219,-1.3157,-1.5188,8,b,B,B
order_real,data/videos_v3/int_1500ms/v3_1500_00630.avi,1500,0,0,-1.1298,-9.4937,-12.0875,-12.3297,-11.7515,8,a,No,No
order_rev,data/videos_v3/int_1500ms/v3_1500_00630.avi,1500,0,0,-1.0745,-9.3268,-12.069,-12.4908,-11.7408,8,a,No,No
order_forced,data/videos_v3/int_1500ms/v3_1500_00630.avi,1500,0,1,0.2187,-0.6318,-0.8505,-3.6005,-6.3505,8,a,A,A
interval,data/videos_v3/int_1500ms/v3_1500_00630.avi,1500,B,B,,-1.5821,-1.2696,-1.4103,-1.4884,8,a,B,B
order_real,data/videos_v3/int_1500ms/v3_1500_00631.avi,1500,1,0,-1.0414,-9.3302,-11.7052,-12.2677,-11.588,8,a,No,No
order_rev,data/videos_v3/int_1500ms/v3_1500_00631.avi,1500,1,0,-1.0558,-9.2886,-11.8511,-12.5699,-11.6246,8,a,No,No
order_forced,data/videos_v3/int_1500ms/v3_1500_00631.avi,1500,1,1,0.5781,-0.4835,-1.0616,-3.7647,-5.9835,8,a,A,A
interval,data/videos_v3/int_1500ms/v3_1500_00631.avi,1500,B,B,,-1.6872,-1.1872,-1.3434,-1.5466,8,a,B,B
order_real,data/videos_v3/int_1500ms/v3_1500_00632.avi,1500,1,0,-1.1021,-9.0995,-11.4432,-12.0604,-11.3338,8,a,No,No
order_rev,data/videos_v3/int_1500ms/v3_1500_00632.avi,1500,1,0,-0.7314,-8.9118,-11.4587,-12.1696,-11.2321,8,a,No,No
order_forced,data/videos_v3/int_1500ms/v3_1500_00632.avi,1500,1,1,0.4687,-0.5319,-1.0006,-3.9694,-5.3756,8,a,A,A
interval,data/videos_v3/int_1500ms/v3_1500_00632.avi,1500,B,B,,-1.7204,-1.236,-1.2829,-1.5485,8,a,B,B
order_real,data/videos_v3/int_1500ms/v3_1500_00633.avi,1500,1,0,-0.715,-9.4138,-11.6716,-12.4138,-11.5622,8,a,No,No
order_rev,data/videos_v3/int_1500ms/v3_1500_00633.avi,1500,1,0,-1.0547,-9.3653,-12.0997,-12.6778,-11.7403,8,a,No,No
order_forced,data/videos_v3/int_1500ms/v3_1500_00633.avi,1500,1,1,0.3594,-0.5604,-0.9198,-3.9198,-5.6698,8,a,A,A
interval,data/videos_v3/int_1500ms/v3_1500_00633.avi,1500,B,B,,-1.5903,-1.2309,-1.3871,-1.6371,8,a,B,B
order_real,data/videos_v3/int_1500ms/v3_1500_00634.avi,1500,0,0,-0.782,-9.3003,-11.5737,-11.7065,-11.5659,8,a,No,No
order_rev,data/videos_v3/int_1500ms/v3_1500_00634.avi,1500,0,0,-0.8796,-9.2002,-11.7471,-12.1924,-11.5596,8,a,No,No
order_forced,data/videos_v3/int_1500ms/v3_1500_00634.avi,1500,0,1,0.5625,-0.518,-1.0805,-3.2836,-5.9086,8,a,A,A
interval,data/videos_v3/int_1500ms/v3_1500_00634.avi,1500,B,B,,-1.5681,-1.24,-1.3806,-1.5212,8,a,B,B
order_real,data/videos_v3/int_1500ms/v3_1500_00635.avi,1500,0,0,-0.955,-9.2418,-11.7574,-12.1871,-11.6011,8,b,No,No
order_rev,data/videos_v3/int_1500ms/v3_1500_00635.avi,1500,0,0,-0.6811,-9.1625,-11.8344,-12.389,-11.4984,8,b,No,No
order_forced,data/videos_v3/int_1500ms/v3_1500_00635.avi,1500,0,1,0.4063,-0.557,-0.9633,-3.4789,-5.6664,8,b,A,A
interval,data/videos_v3/int_1500ms/v3_1500_00635.avi,1500,B,B,,-1.6908,-1.2221,-1.3783,-1.5346,8,b,B,B
order_real,data/videos_v3/int_1500ms/v3_1500_00636.avi,1500,1,0,-1.3928,-9.6937,-11.9359,-12.6546,-11.8734,8,a,No,No
order_rev,data/videos_v3/int_1500ms/v3_1500_00636.avi,1500,1,0,-1.631,-9.8372,-12.384,-13.0325,-12.1575,8,a,No,No
order_forced,data/videos_v3/int_1500ms/v3_1500_00636.avi,1500,1,1,0.375,-0.562,-0.937,-3.8588,-6.812,8,a,A,A
interval,data/videos_v3/int_1500ms/v3_1500_00636.avi,1500,B,B,,-1.7016,-1.1079,-1.436,-1.561,8,a,B,B
order_real,data/videos_v3/int_1500ms/v3_1500_00637.avi,1500,1,0,-0.4601,-9.2612,-11.5815,-11.8472,-11.4253,8,b,No,No
order_rev,data/videos_v3/int_1500ms/v3_1500_00637.avi,1500,1,0,-0.7516,-9.1584,-11.7365,-12.0959,-11.4865,8,b,No,No
order_forced,data/videos_v3/int_1500ms/v3_1500_00637.avi,1500,1,1,0.7656,-0.4199,-1.1855,-3.7012,-5.7949,8,b,A,A
interval,data/videos_v3/int_1500ms/v3_1500_00637.avi,1500,B,B,,-1.5356,-1.27,-1.3481,-1.5825,8,b,B,B
order_real,data/videos_v3/int_1500ms/v3_1500_00638.avi,1500,0,0,-1.0116,-9.4141,-11.7735,-12.5547,-11.625,8,a,No,No.
order_rev,data/videos_v3/int_1500ms/v3_1500_00638.avi,1500,0,0,-0.7997,-9.0678,-11.6537,-12.4818,-11.4896,8,a,No,No
order_forced,data/videos_v3/int_1500ms/v3_1500_00638.avi,1500,0,1,0.4687,-0.5261,-0.9948,-4.0886,-6.0417,8,a,A,A
interval,data/videos_v3/int_1500ms/v3_1500_00638.avi,1500,B,B,,-1.6391,-1.2173,-1.3735,-1.5298,8,a,B,B
order_real,data/videos_v3/int_1500ms/v3_1500_00639.avi,1500,1,0,-0.6669,-9.384,-11.6887,-12.0637,-11.5559,8,a,No,No
order_rev,data/videos_v3/int_1500ms/v3_1500_00639.avi,1500,1,0,-0.5166,-9.0699,-11.7027,-11.8043,-11.5464,8,a,No,No
order_forced,data/videos_v3/int_1500ms/v3_1500_00639.avi,1500,1,1,0.5625,-0.5104,-1.0729,-3.3385,-5.5416,8,a,A,A
interval,data/videos_v3/int_1500ms/v3_1500_00639.avi,1500,B,B,,-1.5454,-1.2485,-1.3266,-1.561,8,a,B,B
order_real,data/videos_v3/int_1500ms/v3_1500_00640.avi,1500,1,0,-1.1267,-9.2874,-11.4436,-12.0608,-11.5452,8,a,No,No
order_rev,data/videos_v3/int_1500ms/v3_1500_00640.avi,1500,1,0,-0.6876,-9.017,-11.6732,-12.2045,-11.4936,8,a,No,No
order_forced,data/videos_v3/int_1500ms/v3_1500_00640.avi,1500,1,1,0.5157,-0.5166,-1.0323,-3.4385,-6.0323,8,a,A,A
interval,data/videos_v3/int_1500ms/v3_1500_00640.avi,1500,B,B,,-1.4846,-1.2658,-1.3908,-1.5471,8,a,B,B
order_real,data/videos_v3/int_1500ms/v3_1500_00641.avi,1500,1,0,-0.7641,-9.3902,-11.5855,-12.4527,-11.5465,8,a,No,No
order_rev,data/videos_v3/int_1500ms/v3_1500_00641.avi,1500,1,0,-0.9734,-9.3395,-11.8082,-12.5426,-11.7145,8,a,No,No
order_forced,data/videos_v3/int_1500ms/v3_1500_00641.avi,1500,1,1,0.6875,-0.4517,-1.1392,-3.8423,-5.5298,8,a,A,A
interval,data/videos_v3/int_1500ms/v3_1500_00641.avi,1500,B,B,,-1.7166,-1.1854,-1.2948,-1.5448,8,a,B,B
order_real,data/videos_v3/int_1500ms/v3_1500_00642.avi,1500,0,0,-1.1212,-9.4839,-11.7574,-12.3902,-11.6246,8,a,No,No
order_rev,data/videos_v3/int_1500ms/v3_1500_00642.avi,1500,0,0,-1.2344,-9.7487,-12.4441,-12.8816,-12.0144,8,a,No,No
order_forced,data/videos_v3/int_1500ms/v3_1500_00642.avi,1500,0,1,0.5157,-0.5069,-1.0226,-3.8038,-5.9601,8,a,A,A
interval,data/videos_v3/int_1500ms/v3_1500_00642.avi,1500,B,B,,-1.7084,-1.1615,-1.349,-1.5365,8,a,B,B
order_real,data/videos_v3/int_1500ms/v3_1500_00643.avi,1500,0,0,-0.6287,-9.2553,-11.5678,-12.0131,-11.4975,8,a,No,No
order_rev,data/videos_v3/int_1500ms/v3_1500_00643.avi,1500,0,0,-0.5247,-9.1359,-11.7063,-11.9406,-11.6594,8,a,No,No
order_forced,data/videos_v3/int_1500ms/v3_1500_00643.avi,1500,0,1,0.4063,-0.5678,-0.9741,-3.271,-5.6147,8,a,A,A
interval,data/videos_v3/int_1500ms/v3_1500_00643.avi,1500,B,B,,-1.6315,-1.2409,-1.3346,-1.5065,8,a,B,B
order_real,data/videos_v3/int_1500ms/v3_1500_00644.avi,1500,1,0,-1.1018,-9.3705,-11.8783,-12.2455,-11.5268,8,b,No,No
order_rev,data/videos_v3/int_1500ms/v3_1500_00644.avi,1500,1,0,-0.9748,-9.1904,-11.9482,-12.2294,-11.495,8,b,No,No
order_forced,data/videos_v3/int_1500ms/v3_1500_00644.avi,1500,1,1,0.3906,-0.5712,-0.9618,-3.3055,-5.6649,8,b,A,A
interval,data/videos_v3/int_1500ms/v3_1500_00644.avi,1500,B,B,,-1.5915,-1.2321,-1.3415,-1.5446,8,b,B,B
order_real,data/videos_v3/int_1500ms/v3_1500_00645.avi,1500,0,0,-0.817,-9.1881,-11.2975,-12.3678,-11.4069,8,a,No,No
order_rev,data/videos_v3/int_1500ms/v3_1500_00645.avi,1500,0,0,-1.0672,-9.3618,-11.9477,-12.7602,-11.7055,8,a,No,No
order_forced,data/videos_v3/int_1500ms/v3_1500_00645.avi,1500,0,1,0.3125,-0.5947,-0.9072,-4.2978,-5.8759,8,a,A,A
interval,data/videos_v3/int_1500ms/v3_1500_00645.avi,1500,B,B,,-1.6452,-1.2233,-1.3014,-1.5358,8,a,B,B
order_real,data/videos_v3/int_1500ms/v3_1500_00646.avi,1500,0,0,-0.6241,-9.3187,-11.5219,-12.0141,-11.4437,8,b,No,No
order_rev,data/videos_v3/int_1500ms/v3_1500_00646.avi,1500,0,0,-0.7767,-9.1676,-11.7145,-11.9098,-11.5036,8,b,No,No
order_forced,data/videos_v3/int_1500ms/v3_1500_00646.avi,1500,0,1,0.375,-0.567,-0.942,-3.4576,-5.692,8,b,A,A
interval,data/videos_v3/int_1500ms/v3_1500_00646.avi,1500,B,B,,-1.5414,-1.2289,-1.3852,-1.4946,8,b,B,B
order_real,data/videos_v3/int_1500ms/v3_1500_00647.avi,1500,1,0,-0.8507,-9.2947,-11.3572,-12.4509,-11.4275,8,b,No,No
order_rev,data/videos_v3/int_1500ms/v3_1500_00647.avi,1500,1,0,-0.8379,-9.4357,-11.8732,-12.7404,-11.6701,8,b,No,No
order_forced,data/videos_v3/int_1500ms/v3_1500_00647.avi,1500,1,1,0.3594,-0.5708,-0.9302,-4.1177,-5.6177,8,b,A,A
interval,data/videos_v3/int_1500ms/v3_1500_00647.avi,1500,B,B,,-1.7349,-1.2349,-1.2662,-1.4849,8,b,B,B
order_real,data/videos_v3/int_1500ms/v3_1500_00648.avi,1500,0,0,-0.5393,-9.44,-11.8775,-12.3931,-11.7759,8,b,No,No.
order_rev,data/videos_v3/int_1500ms/v3_1500_00648.avi,1500,0,0,-0.5483,-9.1892,-11.822,-12.0486,-11.7361,8,b,No,No
order_forced,data/videos_v3/int_1500ms/v3_1500_00648.avi,1500,0,1,0.5469,-0.5148,-1.0617,-3.3117,-5.6867,8,b,A,A
interval,data/videos_v3/int_1500ms/v3_1500_00648.avi,1500,B,B,,-1.6524,-1.2462,-1.2931,-1.5118,8,b,B,B
order_real,data/videos_v3/int_1500ms/v3_1500_00649.avi,1500,0,0,-0.8431,-9.3787,-11.7224,-12.2224,-11.5896,8,b,No,No
order_rev,data/videos_v3/int_1500ms/v3_1500_00649.avi,1500,0,0,-1.0743,-9.3815,-12.1003,-12.4597,-11.7487,8,b,No,No
order_forced,data/videos_v3/int_1500ms/v3_1500_00649.avi,1500,0,1,0.5469,-0.515,-1.0619,-3.4213,-5.9682,8,b,A,A
interval,data/videos_v3/int_1500ms/v3_1500_00649.avi,1500,B,B,,-1.6321,-1.2414,-1.3352,-1.4758,8,b,B,B
order_real,data/videos_v3/int_1500ms/v3_1500_00650.avi,1500,1,0,-0.9779,-9.6244,-11.5463,-12.5385,-11.7651,8,a,No,No
order_rev,data/videos_v3/int_1500ms/v3_1500_00650.avi,1500,1,0,-1.1506,-9.676,-12.1682,-12.9494,-12.0588,8,a,No,No
order_forced,data/videos_v3/int_1500ms/v3_1500_00650.avi,1500,1,1,0.4062,-0.5456,-0.9518,-4.0456,-6.2331,8,a,A,A
interval,data/videos_v3/int_1500ms/v3_1500_00650.avi,1500,B,B,,-1.5171,-1.1421,-1.439,-1.6109,8,a,B,B
order_real,data/videos_v3/int_1500ms/v3_1500_00651.avi,1500,1,0,-0.7606,-9.4074,-11.7356,-12.1027,-11.6262,8,a,No,No
order_rev,data/videos_v3/int_1500ms/v3_1500_00651.avi,1500,1,0,-0.5505,-9.284,-11.7527,-12.3699,-11.4246,8,a,No,No
order_forced,data/videos_v3/int_1500ms/v3_1500_00651.avi,1500,1,1,0.3594,-0.5679,-0.9273,-3.6773,-5.646,8,a,A,A
interval,data/videos_v3/int_1500ms/v3_1500_00651.avi,1500,B,B,,-1.4852,-1.2508,-1.3133,-1.6727,8,a,B,B
order_real,data/videos_v3/int_1500ms/v3_1500_00652.avi,1500,1,0,-0.9759,-9.297,-11.7267,-12.5704,-11.5626,8,a,No,No
order_rev,data/videos_v3/int_1500ms/v3_1500_00652.avi,1500,1,0,-0.6428,-9.0841,-11.6075,-12.4825,-11.3497,8,a,No,No
order_forced,data/videos_v3/int_1500ms/v3_1500_00652.avi,1500,1,1,0.5625,-0.4846,-1.0471,-4.1409,-5.4534,8,a,A,A
interval,data/videos_v3/int_1500ms/v3_1500_00652.avi,1500,B,B,,-1.7143,-1.2143,-1.3393,-1.558,8,a,B,B
order_real,data/videos_v3/int_1500ms/v3_1500_00653.avi,1500,1,0,-0.6449,-9.3879,-11.6692,-12.3489,-11.6692,8,b,No,No
order_rev,data/videos_v3/int_1500ms/v3_1500_00653.avi,1500,1,0,-0.8105,-9.0829,-11.575,-12.1922,-11.6375,8,b,No,No
order_forced,data/videos_v3/int_1500ms/v3_1500_00653.avi,1500,1,1,0.25,-0.6047,-0.8547,-4.3078,-6.2766,8,b,A,A
interval,data/videos_v3/int_1500ms/v3_1500_00653.avi,1500,B,B,,-1.6065,-1.2784,-1.3409,-1.4815,8,b,B,B
order_real,data/videos_v3/int_1500ms/v3_1500_00654.avi,1500,1,0,-0.5429,-9.3296,-11.4077,-11.7984,-11.564,8,b,No,No
order_rev,data/videos_v3/int_1500ms/v3_1500_00654.avi,1500,1,0,-0.6909,-9.6358,-11.9873,-12.6827,-11.9873,8,b,No,No
order_forced,data/videos_v3/int_1500ms/v3_1500_00654.avi,1500,1,1,0.4375,-0.5419,-0.9794,-3.5106,-5.8387,8,b,A,A
interval,data/videos_v3/int_1500ms/v3_1500_00654.avi,1500,B,C,,-1.7506,-1.2662,-1.2662,-1.4381,8,b,C,C
order_real,data/videos_v3/int_1500ms/v3_1500_00655.avi,1500,1,0,-0.668,-9.4272,-11.56,-12.31,-11.6069,8,b,No,No
order_rev,data/videos_v3/int_1500ms/v3_1500_00655.avi,1500,1,0,-0.6325,-9.345,-11.6966,-12.5481,-11.6419,8,b,No,No
order_forced,data/videos_v3/int_1500ms/v3_1500_00655.avi,1500,1,1,0.4375,-0.5402,-0.9777,-3.4933,-5.8214,8,b,A,A
interval,data/videos_v3/int_1500ms/v3_1500_00655.avi,1500,B,B,,-1.6356,-1.1825,-1.3544,-1.5106,8,b,B,B
order_real,data/videos_v3/int_1500ms/v3_1500_00656.avi,1500,1,0,-0.7467,-9.3582,-11.5614,-12.2176,-11.577,8,b,No,No
order_rev,data/videos_v3/int_1500ms/v3_1500_00656.avi,1500,1,0,-1.1876,-9.5473,-12.1333,-12.9458,-11.9223,8,b,No,No
order_forced,data/videos_v3/int_1500ms/v3_1500_00656.avi,1500,1,1,0.375,-0.566,-0.941,-3.7848,-6.0192,8,b,A,A
interval,data/videos_v3/int_1500ms/v3_1500_00656.avi,1500,B,B,,-1.6887,-1.1887,-1.4075,-1.5012,8,b,B,B
order_real,data/videos_v3/int_1500ms/v3_1500_00657.avi,1500,1,0,-1.2269,-9.4667,-11.9588,-12.5135,-11.7948,8,b,No,No
order_rev,data/videos_v3/int_1500ms/v3_1500_00657.avi,1500,1,0,-1.1405,-9.2151,-11.9104,-12.6291,-11.7463,8,b,No,No
order_forced,data/videos_v3/int_1500ms/v3_1500_00657.avi,1500,1,1,0.5,-0.5155,-1.0155,-3.7655,-5.8905,8,b,A,A
interval,data/videos_v3/int_1500ms/v3_1500_00657.avi,1500,B,B,,-1.4482,-1.2295,-1.4638,-1.5888,8,b,B,B
order_real,data/videos_v3/int_1500ms/v3_1500_00658.avi,1500,0,0,-0.8198,-9.2692,-11.6442,-12.4176,-11.4254,8,b,No,No
order_rev,data/videos_v3/int_1500ms/v3_1500_00658.avi,1500,0,0,-0.8562,-9.1047,-11.675,-12.4719,-11.4797,8,b,No,No
order_forced,data/videos_v3/int_1500ms/v3_1500_00658.avi,1500,0,1,0.5156,-0.5039,-1.0195,-4.3633,-5.332,8,b,A,A
interval,data/videos_v3/int_1500ms/v3_1500_00658.avi,1500,B,B,,-1.6472,-1.2409,-1.3347,-1.5222,8,b,B,B
order_real,data/videos_v3/int_1500ms/v3_1500_00659.avi,1500,1,0,-0.7251,-9.2155,-11.6218,-12.2155,-11.4577,8,a,No,No
order_rev,data/videos_v3/int_1500ms/v3_1500_00659.avi,1500,1,0,-0.6638,-9.1052,-11.6052,-12.363,-11.5193,8,a,No,No
order_forced,data/videos_v3/int_1500ms/v3_1500_00659.avi,1500,1,1,0.5625,-0.4876,-1.0501,-3.8313,-5.4876,8,a,A,A
interval,data/videos_v3/int_1500ms/v3_1500_00659.avi,1500,B,B,,-1.6362,-1.2456,-1.2925,-1.5581,8,a,B,B
order_real,data/videos_v3/int_1500ms/v3_1500_00660.avi,1500,0,0,-1.1874,-9.4525,-11.8119,-12.2572,-11.6634,8,a,No,No
order_rev,data/videos_v3/int_1500ms/v3_1500_00660.avi,1500,0,0,-1.2781,-9.5918,-12.5137,-12.795,-12.0996,8,a,No,No
order_forced,data/videos_v3/int_1500ms/v3_1500_00660.avi,1500,0,1,0.4375,-0.5498,-0.9873,-3.3779,-5.956,8,a,A,A
interval,data/videos_v3/int_1500ms/v3_1500_00660.avi,1500,B,B,,-1.572,-1.1814,-1.4158,-1.6033,8,a,B,B
order_real,data/videos_v3/int_1500ms/v3_1500_00661.avi,1500,1,0,-0.7843,-9.332,-11.7539,-12.5273,-11.5742,8,a,No,No
order_rev,data/videos_v3/int_1500ms/v3_1500_00661.avi,1500,1,0,-0.5903,-9.095,-11.7278,-12.4309,-11.4543,8,a,No,No
order_forced,data/videos_v3/int_1500ms/v3_1500_00661.avi,1500,1,1,0.3281,-0.5739,-0.902,-3.9801,-5.4489,8,a,A,A
interval,data/videos_v3/int_1500ms/v3_1500_00661.avi,1500,B,C,,-1.6499,-1.3218,-1.3062,-1.478,8,a,C,C
order_real,data/videos_v3/int_1500ms/v3_1500_00662.avi,1500,0,0,-0.9473,-9.2498,-11.5857,-11.5935,-11.5466,8,b,No,No
order_rev,data/videos_v3/int_1500ms/v3_1500_00662.avi,1500,0,0,-0.9186,-9.178,-11.8733,-12.1389,-11.553,8,b,No,No
order_forced,data/videos_v3/int_1500ms/v3_1500_00662.avi,1500,0,1,0.4063,-0.5648,-0.9711,-3.2523,-5.9555,8,b,A,A
interval,data/videos_v3/int_1500ms/v3_1500_00662.avi,1500,B,B,,-1.558,-1.2611,-1.4018,-1.4955,8,b,B,B
order_real,data/videos_v3/int_1500ms/v3_1500_00663.avi,1500,0,0,-0.4324,-9.5088,-11.3682,-12.5166,-11.6651,8,a,No,No
order_rev,data/videos_v3/int_1500ms/v3_1500_00663.avi,1500,0,0,-1.1039,-9.3778,-11.4715,-12.5106,-11.5887,8,a,No,No
order_forced,data/videos_v3/int_1500ms/v3_1500_00663.avi,1500,0,1,0.7031,-0.4529,-1.156,-4.1091,-6.156,8,a,A,A
interval,data/videos_v3/int_1500ms/v3_1500_00663.avi,1500,B,B,,-1.7503,-1.1566,-1.3128,-1.5316,8,a,B,B
order_real,data/videos_v3/int_1500ms/v3_1500_00664.avi,1500,0,0,-1.0534,-9.3446,-11.5399,-12.5399,-11.5399,8,a,No,No
order_rev,data/videos_v3/int_1500ms/v3_1500_00664.avi,1500,0,0,-1.0595,-9.1548,-11.6939,-12.6314,-11.5142,8,a,No,No
order_forced,data/videos_v3/int_1500ms/v3_1500_00664.avi,1500,0,1,0.3281,-0.5923,-0.9204,-3.9829,-5.8579,8,a,A,A
interval,data/videos_v3/int_1500ms/v3_1500_00664.avi,1500,B,B,,-1.7437,-1.1968,-1.4155,-1.4468,8,a,B,B
order_real,data/videos_v3/int_1500ms/v3_1500_00665.avi,1500,1,0,-0.6098,-9.474,-11.8099,-12.4584,-11.7865,8,a,No,No
order_rev,data/videos_v3/int_1500ms/v3_1500_00665.avi,1500,1,0,-0.7737,-9.3411,-11.8802,-12.6848,-11.6692,8,a,No,No
order_forced,data/videos_v3/int_1500ms/v3_1500_00665.avi,1500,1,1,0.5312,-0.4924,-1.0236,-3.9924,-5.758,8,a,A,A
interval,data/videos_v3/int_1500ms/v3_1500_00665.avi,1500,B,B,,-1.6496,-1.2121,-1.3527,-1.5871,8,a,B,B
order_real,data/videos_v3/int_1500ms/v3_1500_00666.avi,1500,0,0,-0.9806,-9.3145,-11.752,-12.0411,-11.627,8,b,No,No
order_rev,data/videos_v3/int_1500ms/v3_1500_00666.avi,1500,0,0,-0.7718,-9.3203,-12.0781,-12.3984,-11.6562,8,b,No,No
order_forced,data/videos_v3/int_1500ms/v3_1500_00666.avi,1500,0,1,0.2969,-0.6071,-0.904,-3.3415,-5.8571,8,b,A,A
interval,data/videos_v3/int_1500ms/v3_1500_00666.avi,1500,B,B,,-1.5683,-1.3652,-1.3808,-1.4121,8,b,B,B
order_real,data/videos_v3/int_1500ms/v3_1500_00667.avi,1500,1,0,-1.2772,-9.4809,-11.5981,-12.5903,-11.5903,8,a,No,No
order_rev,data/videos_v3/int_1500ms/v3_1500_00667.avi,1500,1,0,-0.9492,-9.2917,-11.9324,-12.7839,-11.7136,8,a,No,No
order_forced,data/videos_v3/int_1500ms/v3_1500_00667.avi,1500,1,1,0.25,-0.6138,-0.8638,-3.9263,-6.5982,8,a,A,A
interval,data/videos_v3/int_1500ms/v3_1500_00667.avi,1500,B,B,,-1.7545,-1.1764,-1.3951,-1.5045,8,a,B,B
order_real,data/videos_v3/int_1500ms/v3_1500_00668.avi,1500,1,0,-0.8393,-9.2638,-11.8575,-11.9278,-11.5997,8,b,No,No
order_rev,data/videos_v3/int_1500ms/v3_1500_00668.avi,1500,1,0,-0.8826,-9.1889,-11.8686,-12.0561,-11.5717,8,b,No,No
order_forced,data/videos_v3/int_1500ms/v3_1500_00668.avi,1500,1,1,0.4375,-0.5569,-0.9944,-3.3381,-5.1194,8,b,A,A
interval,data/videos_v3/int_1500ms/v3_1500_00668.avi,1500,B,B,,-1.6693,-1.2474,-1.3412,-1.5287,8,b,B,B
order_real,data/videos_v3/int_1500ms/v3_1500_00669.avi,1500,1,0,-0.7139,-9.2753,-11.3065,-12.0409,-11.4159,8,b,No,No
order_rev,data/videos_v3/int_1500ms/v3_1500_00669.avi,1500,1,0,-0.7531,-9.1862,-11.6393,-12.3112,-11.4987,8,b,No,No
order_forced,data/videos_v3/int_1500ms/v3_1500_00669.avi,1500,1,1,0.2812,-0.6003,-0.8815,-3.8503,-5.5378,8,b,A,A
interval,data/videos_v3/int_1500ms/v3_1500_00669.avi,1500,B,B,,-1.5682,-1.2401,-1.3651,-1.5994,8,b,B,B
order_real,data/videos_v3/int_1500ms/v3_1500_00670.avi,1500,1,0,-1.2479,-9.6907,-11.9017,-12.8782,-11.6517,8,b,No,No
order_rev,data/videos_v3/int_1500ms/v3_1500_00670.avi,1500,1,0,-1.0633,-9.5381,-12.0772,-12.96,-11.7491,8,b,No,No
order_forced,data/videos_v3/int_1500ms/v3_1500_00670.avi,1500,1,1,0.6093,-0.4716,-1.0809,-4.0809,-5.8466,8,b,A,A
interval,data/videos_v3/int_1500ms/v3_1500_00670.avi,1500,B,B,,-1.5931,-1.14,-1.39,-1.6556,8,b,B,B
order_real,data/videos_v3/int_1500ms/v3_1500_00671.avi,1500,0,0,-0.6779,-9.1397,-11.4053,-12.085,-11.3819,8,b,No,No
order_rev,data/videos_v3/int_1500ms/v3_1500_00671.avi,1500,0,0,-0.6663,-9.1146,-11.7475,-12.4428,-11.4818,8,b,No,No
order_forced,data/videos_v3/int_1500ms/v3_1500_00671.avi,1500,0,1,0.75,-0.4359,-1.1859,-3.8734,-5.8109,8,b,A,A
interval,data/videos_v3/int_1500ms/v3_1500_00671.avi,1500,B,B,,-1.6048,-1.2298,-1.3392,-1.5267,8,b,B,B
order_real,data/videos_v3/int_1500ms/v3_1500_00672.avi,1500,0,0,-1.1075,-9.6152,-11.8652,-12.7637,-11.5215,8,a,No,No
order_rev,data/videos_v3/int_1500ms/v3_1500_00672.avi,1500,0,0,-0.8114,-9.483,-11.9908,-12.8736,-11.5768,8,a,No,No
order_forced,data/videos_v3/int_1500ms/v3_1500_00672.avi,1500,0,1,0.5781,-0.4768,-1.0549,-3.9924,-5.6174,8,a,A,A
interval,data/videos_v3/int_1500ms/v3_1500_00672.avi,1500,B,B,,-1.6403,-1.1246,-1.3278,-1.6715,8,a,B,B
order_real,data/videos_v3/int_1500ms/v3_1500_00673.avi,1500,0,0,-1.4597,-9.6952,-11.9374,-12.8358,-11.7499,8,a,No,No
order_rev,data/videos_v3/int_1500ms/v3_1500_00673.avi,1500,0,0,-2.0599,-10.1221,-12.8564,-13.6221,-12.2549,8,a,No,No
order_forced,data/videos_v3/int_1500ms/v3_1500_00673.avi,1500,0,1,0.6094,-0.4666,-1.076,-3.9978,-5.701,8,a,A,A
interval,data/videos_v3/int_1500ms/v3_1500_00673.avi,1500,B,B,,-1.5958,-1.2052,-1.3458,-1.6114,8,a,B,B
order_real,data/videos_v3/int_1500ms/v3_1500_00674.avi,1500,1,0,-1.0687,-9.3576,-11.4748,-12.4514,-11.4983,8,a,No,No
order_rev,data/videos_v3/int_1500ms/v3_1500_00674.avi,1500,1,0,-1.0363,-9.2891,-11.7735,-12.6641,-11.5626,8,a,No,No
order_forced,data/videos_v3/int_1500ms/v3_1500_00674.avi,1500,1,1,0.2187,-0.6341,-0.8528,-4.0559,-5.8997,8,a,A,A
interval,data/videos_v3/int_1500ms/v3_1500_00674.avi,1500,B,B,,-1.5427,-1.2302,-1.3396,-1.5896,8,a,B,B
order_real,data/videos_v3/int_1500ms/v3_1500_00675.avi,1500,0,0,-0.6581,-9.1719,-11.2031,-11.8906,-11.4062,8,b,No,No
order_rev,data/videos_v3/int_1500ms/v3_1500_00675.avi,1500,0,0,-0.7032,-9.1546,-11.6702,-12.3186,-11.5374,8,b,No,No
order_forced,data/videos_v3/int_1500ms/v3_1500_00675.avi,1500,0,1,0.3437,-0.5716,-0.9153,-3.7435,-5.9935,8,b,A,A
interval,data/videos_v3/int_1500ms/v3_1500_00675.avi,1500,B,B,,-1.4596,-1.319,-1.3346,-1.6471,8,b,B,B
order_real,data/videos_v3/int_1500ms/v3_1500_00676.avi,1500,1,0,-1.0878,-9.2484,-11.5687,-12.3577,-11.4046,8,a,No,No
order_rev,data/videos_v3/int_1500ms/v3_1500_00676.avi,1500,1,0,-0.5239,-9.0864,-11.6724,-12.4302,-11.3599,8,a,No,No
order_forced,data/videos_v3/int_1500ms/v3_1500_00676.avi,1500,1,1,0.5469,-0.4928,-1.0397,-4.0866,-5.7897,8,a,A,A
interval,data/videos_v3/int_1500ms/v3_1500_00676.avi,1500,B,B,,-1.6295,-1.3014,-1.3327,-1.4889,8,a,B,B
order_real,data/videos_v3/int_1500ms/v3_1500_00677.avi,1500,1,0,-0.652,-9.4937,-11.6109,-12.5015,-11.7124,8,a,No,No
order_rev,data/videos_v3/int_1500ms/v3_1500_00677.avi,1500,1,0,-0.891,-9.4231,-11.9778,-12.7434,-11.8684,8,a,No,No
order_forced,data/videos_v3/int_1500ms/v3_1500_00677.avi,1500,1,1,0.5468,-0.4889,-1.0357,-4.0826,-5.9576,8,a,A,A
interval,data/videos_v3/int_1500ms/v3_1500_00677.avi,1500,B,B,,-1.5345,-1.2376,-1.3626,-1.5658,8,a,B,B
order_real,data/videos_v3/int_1500ms/v3_1500_00678.avi,1500,0,0,-0.7449,-9.4975,-11.4975,-12.2788,-11.6069,8,a,No,No
order_rev,data/videos_v3/int_1500ms/v3_1500_00678.avi,1500,0,0,-0.9267,-9.4003,-11.9394,-12.2753,-11.8222,8,a,No,No
order_forced,data/videos_v3/int_1500ms/v3_1500_00678.avi,1500,0,1,0.3594,-0.5746,-0.934,-3.4027,-6.1683,8,a,A,A
interval,data/videos_v3/int_1500ms/v3_1500_00678.avi,1500,B,B,,-1.6197,-1.1353,-1.401,-1.6041,8,a,B,B
order_real,data/videos_v3/int_1500ms/v3_1500_00679.avi,1500,1,0,-0.9731,-9.4252,-11.8392,-12.183,-11.7611,8,b,No,No
order_rev,data/videos_v3/int_1500ms/v3_1500_00679.avi,1500,1,0,-0.889,-9.2678,-12.0569,-12.1038,-11.7913,8,b,No,No
order_forced,data/videos_v3/int_1500ms/v3_1500_00679.avi,1500,1,1,0.4219,-0.5484,-0.9703,-3.5172,-5.7984,8,b,A,A
interval,data/videos_v3/int_1500ms/v3_1500_00679.avi,1500,B,B,,-1.5471,-1.219,-1.4377,-1.6096,8,b,B,B
order_real,data/videos_v3/int_1500ms/v3_1500_00680.avi,1500,1,0,-1.032,-9.4988,-11.8113,-12.5378,-11.6706,8,a,No,No
order_rev,data/videos_v3/int_1500ms/v3_1500_00680.avi,1500,1,0,-0.929,-9.3026,-11.9823,-12.5292,-11.7713,8,a,No,No
order_forced,data/videos_v3/int_1500ms/v3_1500_00680.avi,1500,1,1,0.5,-0.5098,-1.0098,-3.7441,-5.5879,8,a,A,A
interval,data/videos_v3/int_1500ms/v3_1500_00680.avi,1500,B,B,,-1.5384,-1.2884,-1.3509,-1.5228,8,a,B,B
order_real,data/videos_v3/int_1500ms/v3_1500_00681.avi,1500,1,0,-1.0833,-9.491,-11.7957,-12.4675,-11.6785,8,b,No,No
order_rev,data/videos_v3/int_1500ms/v3_1500_00681.avi,1500,1,0,-1.1143,-9.4204,-11.8657,-12.7329,-11.6548,8,b,No,No
order_forced,data/videos_v3/int_1500ms/v3_1500_00681.avi,1500,1,1,0.5,-0.5047,-1.0047,-4.1922,-6.1454,8,b,A,A
interval,data/videos_v3/int_1500ms/v3_1500_00681.avi,1500,B,B,,-1.7043,-1.1418,-1.3605,-1.548,8,b,B,B
order_real,data/videos_v3/int_1500ms/v3_1500_00682.avi,1500,1,0,-1.1176,-9.3576,-11.717,-12.0998,-11.5295,8,a,No,No
order_rev,data/videos_v3/int_1500ms/v3_1500_00682.avi,1500,1,0,-0.5765,-9.2621,-11.9262,-12.2778,-11.6528,8,a,No,No
order_forced,data/videos_v3/int_1500ms/v3_1500_00682.avi,1500,1,1,0.2656,-0.621,-0.8866,-3.3397,-5.7303,8,a,A,A
interval,data/videos_v3/int_1500ms/v3_1500_00682.avi,1500,B,B,,-1.586,-1.211,-1.3673,-1.586,8,a,B,B
order_real,data/videos_v3/int_1500ms/v3_1500_00683.avi,1500,0,0,-1.3882,-9.3602,-11.7899,-12.4461,-11.5711,8,b,No,No
order_rev,data/videos_v3/int_1500ms/v3_1500_00683.avi,1500,0,0,-1.0183,-9.1707,-11.827,-12.5379,-11.4442,8,b,No,No
order_forced,data/videos_v3/int_1500ms/v3_1500_00683.avi,1500,0,1,0.5938,-0.4765,-1.0703,-4.164,-5.9453,8,b,A,A
interval,data/videos_v3/int_1500ms/v3_1500_00683.avi,1500,B,B,,-1.641,-1.2347,-1.3441,-1.5003,8,b,B,B
order_real,data/videos_v3/int_1500ms/v3_1500_00684.avi,1500,0,0,-0.8756,-9.2472,-11.5988,-12.0831,-11.5363,8,a,No,No
order_rev,data/videos_v3/int_1500ms/v3_1500_00684.avi,1500,0,0,-0.5231,-9.1512,-11.5887,-12.284,-11.3856,8,a,No,No
order_forced,data/videos_v3/int_1500ms/v3_1500_00684.avi,1500,0,1,0.2031,-0.6411,-0.8442,-3.6098,-5.813,8,a,A,A
interval,data/videos_v3/int_1500ms/v3_1500_00684.avi,1500,B,B,,-1.5921,-1.2171,-1.2952,-1.639,8,a,B,B
order_real,data/videos_v3/int_1500ms/v3_1500_00685.avi,1500,1,0,-1.2427,-9.4824,-11.7637,-12.3809,-11.6934,8,b,No,No
order_rev,data/videos_v3/int_1500ms/v3_1500_00685.avi,1500,1,0,-1.0523,-9.3944,-11.8632,-12.6757,-11.6757,8,b,No,No
order_forced,data/videos_v3/int_1500ms/v3_1500_00685.avi,1500,1,1,0.4375,-0.5267,-0.9642,-4.2611,-6.3079,8,b,A,A
interval,data/videos_v3/int_1500ms/v3_1500_00685.avi,1500,B,B,,-1.782,-1.157,-1.3601,-1.532,8,b,B,B
order_real,data/videos_v3/int_1500ms/v3_1500_00686.avi,1500,0,0,-1.1121,-9.439,-11.8219,-12.5719,-11.689,8,a,No,No
order_rev,data/videos_v3/int_1500ms/v3_1500_00686.avi,1500,0,0,-0.956,-9.2475,-11.9116,-12.4741,-11.7007,8,a,No,No
order_forced,data/videos_v3/int_1500ms/v3_1500_00686.avi,1500,0,1,0.6093,-0.4694,-1.0787,-4.0944,-5.7194,8,a,A,A
interval,data/videos_v3/int_1500ms/v3_1500_00686.avi,1500,B,B,,-1.5954,-1.1892,-1.4235,-1.5485,8,a,B,B
order_real,data/videos_v3/int_1500ms/v3_1500_00687.avi,1500,1,0,-0.6527,-9.5368,-11.4587,-12.1462,-11.693,8,b,No,No
order_rev,data/videos_v3/int_1500ms/v3_1500_00687.avi,1500,1,0,-1.0974,-9.5448,-11.8651,-12.4433,-11.9042,8,b,No,No
order_forced,data/videos_v3/int_1500ms/v3_1500_00687.avi,1500,1,1,0.4531,-0.555,-1.0081,-3.305,-5.7894,8,b,A,A
interval,data/videos_v3/int_1500ms/v3_1500_00687.avi,1500,B,B,,-1.6522,-1.2303,-1.3397,-1.4491,8,b,B,B
order_real,data/videos_v3/int_1500ms/v3_1500_00688.avi,1500,0,0,-0.9699,-9.3664,-11.7335,-12.5382,-11.3664,8,a,No,No
order_rev,data/videos_v3/int_1500ms/v3_1500_00688.avi,1500,0,0,-0.6457,-9.1008,-11.5383,-12.4368,-11.3586,8,a,No,No
order_forced,data/videos_v3/int_1500ms/v3_1500_00688.avi,1500,0,1,0.3594,-0.5617,-0.9211,-4.1555,-5.1555,8,a,A,A
interval,data/videos_v3/int_1500ms/v3_1500_00688.avi,1500,B,B,,-1.5982,-1.1763,-1.4107,-1.6451,8,a,B,B
order_real,data/videos_v3/int_1500ms/v3_1500_00689.avi,1500,0,0,-0.592,-9.289,-11.414,-12.3671,-11.4686,8,a,No,No
order_rev,data/videos_v3/int_1500ms/v3_1500_00689.avi,1500,0,0,-0.9173,-9.2505,-11.8286,-12.6411,-11.6568,8,a,No,No
order_forced,data/videos_v3/int_1500ms/v3_1500_00689.avi,1500,0,1,0.5937,-0.469,-1.0627,-4.2815,-5.6409,8,a,A,A
interval,data/videos_v3/int_1500ms/v3_1500_00689.avi,1500,B,C,,-1.5432,-1.3088,-1.2932,-1.5432,8,a,C,C
order_real,data/videos_v3/int_1500ms/v3_1500_00690.avi,1500,1,0,-0.3682,-9.3732,-11.4904,-12.3732,-11.4201,8,a,No,No
order_rev,data/videos_v3/int_1500ms/v3_1500_00690.avi,1500,1,0,-0.4739,-9.2181,-11.7493,-12.5618,-11.4525,8,a,No,No
order_forced,data/videos_v3/int_1500ms/v3_1500_00690.avi,1500,1,1,0.3906,-0.5487,-0.9393,-3.7987,-5.5643,8,a,A,A
interval,data/videos_v3/int_1500ms/v3_1500_00690.avi,1500,B,B,,-1.5521,-1.2865,-1.3334,-1.5052,8,a,B,B
order_real,data/videos_v3/int_1500ms/v3_1500_00691.avi,1500,1,0,-0.834,-9.3376,-11.5329,-12.3063,-11.4704,8,a,No,No
order_rev,data/videos_v3/int_1500ms/v3_1500_00691.avi,1500,1,0,-0.3213,-8.8784,-11.2221,-11.8862,-11.2846,8,a,No,No
order_forced,data/videos_v3/int_1500ms/v3_1500_00691.avi,1500,1,1,0.1562,-0.6606,-0.8168,-3.9418,-5.5981,8,a,A,A
interval,data/videos_v3/int_1500ms/v3_1500_00691.avi,1500,B,B,,-1.7226,-1.2226,-1.3633,-1.4101,8,a,B,B
order_real,data/videos_v3/int_1500ms/v3_1500_00692.avi,1500,1,0,-1.2529,-9.4243,-11.768,-12.4008,-11.7446,8,b,No,No
order_rev,data/videos_v3/int_1500ms/v3_1500_00692.avi,1500,1,0,-0.9956,-9.309,-12.0356,-12.6293,-11.7231,8,b,No,No
order_forced,data/videos_v3/int_1500ms/v3_1500_00692.avi,1500,1,1,0.8281,-0.4149,-1.243,-3.8055,-6.0711,8,b,A,A
interval,data/videos_v3/int_1500ms/v3_1500_00692.avi,1500,B,B,,-1.5347,-1.2378,-1.3784,-1.5659,8,b,B,B
order_real,data/videos_v3/int_1500ms/v3_1500_00693.avi,1500,1,0,-1.391,-9.3896,-11.7334,-12.4287,-11.5537,8,b,No,No
order_rev,data/videos_v3/int_1500ms/v3_1500_00693.avi,1500,1,0,-0.898,-9.068,-11.7164,-12.4274,-11.4274,8,b,No,No.
order_forced,data/videos_v3/int_1500ms/v3_1500_00693.avi,1500,1,1,0.5469,-0.4996,-1.0465,-3.9371,-5.8277,8,b,A,A
interval,data/videos_v3/int_1500ms/v3_1500_00693.avi,1500,B,B,,-1.6032,-1.2438,-1.3532,-1.5251,8,b,B,B
order_real,data/videos_v3/int_1500ms/v3_1500_00694.avi,1500,1,0,-0.6374,-9.2723,-11.6863,-12.2645,-11.4363,8,b,No,No
order_rev,data/videos_v3/int_1500ms/v3_1500_00694.avi,1500,1,0,-0.7031,-9.0469,-11.5703,-12.3828,-11.4063,8,b,No,No
order_forced,data/videos_v3/int_1500ms/v3_1500_00694.avi,1500,1,1,0.5468,-0.4944,-1.0412,-4.1819,-5.6194,8,b,A,A
interval,data/videos_v3/int_1500ms/v3_1500_00694.avi,1500,B,B,,-1.6633,-1.2258,-1.3195,-1.5227,8,b,B,B
order_real,data/videos_v3/int_1500ms/v3_1500_00695.avi,1500,0,0,-0.5458,-9.2195,-11.5632,-11.9148,-11.4851,8,b,No,No
order_rev,data/videos_v3/int_1500ms/v3_1500_00695.avi,1500,0,0,-0.4355,-9.1729,-11.6573,-12.2354,-11.4854,8,b,No,No
order_forced,data/videos_v3/int_1500ms/v3_1500_00695.avi,1500,0,1,0.4531,-0.537,-0.9901,-3.5058,-5.3495,8,b,A,A
interval,data/videos_v3/int_1500ms/v3_1500_00695.avi,1500,B,B,,-1.5853,-1.2571,-1.3196,-1.5696,8,b,B,B
order_real,data/videos_v3/int_1500ms/v3_1500_00696.avi,1500,0,0,-0.9281,-9.3416,-11.451,-12.4666,-11.4979,8,b,No,No
order_rev,data/videos_v3/int_1500ms/v3_1500_00696.avi,1500,0,0,-0.6097,-9.1772,-11.7866,-12.4819,-11.6616,8,b,No,No
order_forced,data/videos_v3/int_1500ms/v3_1500_00696.avi,1500,0,1,0.4375,-0.5508,-0.9883,-3.6446,-6.1758,8,b,A,A
interval,data/videos_v3/int_1500ms/v3_1500_00696.avi,1500,B,B,,-1.6722,-1.2503,-1.3441,-1.516,8,b,B,B
order_real,data/videos_v3/int_1500ms/v3_1500_00697.avi,1500,0,0,-0.5078,-9.2933,-11.598,-12.1839,-11.5667,8,a,No,No
order_rev,data/videos_v3/int_1500ms/v3_1500_00697.avi,1500,0,0,-0.8024,-9.3194,-11.9053,-12.5538,-11.6709,8,a,No,No
order_forced,data/videos_v3/int_1500ms/v3_1500_00697.avi,1500,0,1,0.5,-0.5116,-1.0116,-4.0898,-6.1523,8,a,A,A
interval,data/videos_v3/int_1500ms/v3_1500_00697.avi,1500,B,B,,-1.5048,-1.1923,-1.4267,-1.6611,8,a,B,B
order_real,data/videos_v3/int_1500ms/v3_1500_00698.avi,1500,0,0,-0.7743,-9.4831,-11.9128,-12.3659,-11.7018,8,a,No,No
order_rev,data/videos_v3/int_1500ms/v3_1500_00698.avi,1500,0,0,-0.5606,-9.0872,-11.8372,-11.9231,-11.6106,8,a,No,No
order_forced,data/videos_v3/int_1500ms/v3_1500_00698.avi,1500,0,1,0.375,-0.5702,-0.9452,-3.3046,-5.4764,8,a,A,A
interval,data/videos_v3/int_1500ms/v3_1500_00698.avi,1500,B,B,,-1.5975,-1.2069,-1.3788,-1.535,8,a,B,B
order_real,data/videos_v3/int_1500ms/v3_1500_00699.avi,1500,1,0,-0.658,-9.4739,-11.4348,-12.2707,-11.5832,8,b,No,No
order_rev,data/videos_v3/int_1500ms/v3_1500_00699.avi,1500,1,0,-0.7543,-9.3455,-11.6267,-12.4314,-11.6814,8,b,No,No
order_forced,data/videos_v3/int_1500ms/v3_1500_00699.avi,1500,1,1,0.4062,-0.5514,-0.9576,-3.6764,-5.6295,8,b,A,A
interval,data/videos_v3/int_1500ms/v3_1500_00699.avi,1500,B,B,,-1.7957,-1.2019,-1.2801,-1.4832,8,b,B,B
order_real,data/videos_v3/int_2000ms/v3_2000_00700.avi,2000,0,0,-0.5156,-9.6189,-11.7439,-12.4705,-11.8845,8,b,No,No
order_rev,data/videos_v3/int_2000ms/v3_2000_00700.avi,2000,0,0,-0.7145,-9.3739,-11.7645,-12.3114,-11.9208,8,b,No,No
order_forced,data/videos_v3/int_2000ms/v3_2000_00700.avi,2000,0,1,0.4219,-0.5562,-0.9781,-3.2125,-5.8375,8,b,A,A
interval,data/videos_v3/int_2000ms/v3_2000_00700.avi,2000,C,B,,-1.5895,-1.2302,-1.3083,-1.5583,8,b,B,B
order_32f,data/videos_v3/int_2000ms/v3_2000_00700.avi,2000,0,0,-0.6322,-9.4728,-12.0587,-12.6994,-12.4181,32,b,No,No.
moved_real,data/videos_v3/int_2000ms/v3_2000_00700.avi,2000,1,0,-1.4713,-9.8128,-12.8675,-13.0941,-12.516,8,b,No,No.
moved_twin,data/twin_v3/v3_2000_00700.avi,2000,0,0,-1.6449,-9.8293,-12.8528,-13.0637,-12.5559,8,b,No,No.
still_real,data/videos_v3/int_2000ms/v3_2000_00700.avi,2000,0,1,0.5593,-10.0846,-10.8502,-12.983,-12.194,8,b,Yes,"Yes, both shapes stayed still the whole"
still_twin,data/twin_v3/v3_2000_00700.avi,2000,1,1,0.3294,-9.9497,-10.6997,-12.8481,-12.0747,8,b,Yes,"Yes, both shapes stayed still the whole"
order_twin,data/twin_v3/v3_2000_00700.avi,2000,-1,0,-0.6091,-9.5567,-11.6036,-12.4004,-11.8223,8,b,No,No
moved_solo_hit,data/videos_v3/int_2000ms/v3_2000_00700_solob.avi,2000,1,0,-1.7503,-9.949,-12.9802,-13.1834,-12.6443,8,b,No,No.
moved_solo_fa,data/videos_v3/int_2000ms/v3_2000_00700_soloa.avi,2000,0,0,-1.499,-9.7988,-12.8535,-13.0956,-12.5175,8,b,No,No.
order_real,data/videos_v3/int_2000ms/v3_2000_00701.avi,2000,1,0,-0.7623,-9.2955,-11.5298,-12.1783,-11.5298,8,b,No,No
order_rev,data/videos_v3/int_2000ms/v3_2000_00701.avi,2000,1,0,-0.5862,-9.1389,-11.4514,-12.2951,-11.3967,8,b,No,No
order_forced,data/videos_v3/int_2000ms/v3_2000_00701.avi,2000,1,1,0.2188,-0.6505,-0.8693,-3.4005,-6.1661,8,b,A,A
interval,data/videos_v3/int_2000ms/v3_2000_00701.avi,2000,C,B,,-1.6218,-1.2468,-1.3405,-1.4812,8,b,B,B
order_32f,data/videos_v3/int_2000ms/v3_2000_00701.avi,2000,1,0,-0.7931,-8.9145,-11.4692,-11.8598,-11.7661,32,b,No,No.
moved_real,data/videos_v3/int_2000ms/v3_2000_00701.avi,2000,1,0,-1.591,-9.7429,-13.2351,-12.8835,-12.3913,8,b,No,No.
moved_twin,data/twin_v3/v3_2000_00701.avi,2000,0,0,-1.3757,-9.616,-13.0222,-12.7332,-12.2722,8,b,No,No.
still_real,data/videos_v3/int_2000ms/v3_2000_00701.avi,2000,0,1,0.8332,-9.7324,-10.0528,-12.3496,-11.6543,8,b,Yes,"Yes, both shapes stayed still the whole"
still_twin,data/twin_v3/v3_2000_00701.avi,2000,1,1,0.4216,-9.6647,-10.1959,-12.3444,-11.6178,8,b,Yes,"Yes, both shapes stayed still the whole"
order_twin,data/twin_v3/v3_2000_00701.avi,2000,-1,0,-0.6547,-9.3093,-11.5359,-12.1765,-11.5515,8,b,No,No
moved_solo_hit,data/videos_v3/int_2000ms/v3_2000_00701_solob.avi,2000,1,0,-1.5685,-9.7332,-13.241,-12.8738,-12.4129,8,b,No,No.
moved_solo_fa,data/videos_v3/int_2000ms/v3_2000_00701_soloa.avi,2000,0,0,-1.4328,-9.6537,-13.0287,-12.7631,-12.2709,8,b,No,No.
order_real,data/videos_v3/int_2000ms/v3_2000_00702.avi,2000,0,0,-0.8398,-9.3568,-11.763,-12.349,-11.5443,8,b,No,No
order_rev,data/videos_v3/int_2000ms/v3_2000_00702.avi,2000,0,0,-0.8521,-9.0495,-11.4714,-12.0886,-11.3854,8,b,No,No
order_forced,data/videos_v3/int_2000ms/v3_2000_00702.avi,2000,0,1,0.4688,-0.5196,-0.9884,-4.4571,-6.1915,8,b,A,A
interval,data/videos_v3/int_2000ms/v3_2000_00702.avi,2000,C,B,,-1.5552,-1.274,-1.3833,-1.4615,8,b,B,B
order_32f,data/videos_v3/int_2000ms/v3_2000_00702.avi,2000,0,0,-0.6841,-8.6667,-11.7761,-12.112,-11.6667,32,b,No,No.
moved_real,data/videos_v3/int_2000ms/v3_2000_00702.avi,2000,1,0,-2.2421,-9.9506,-13.599,-13.5131,-12.7084,8,b,No,No.
moved_twin,data/twin_v3/v3_2000_00702.avi,2000,0,0,-2.2574,-10.0107,-13.6279,-13.5654,-12.7685,8,b,No,No.
still_real,data/videos_v3/int_2000ms/v3_2000_00702.avi,2000,0,1,0.2569,-9.6191,-10.3144,-12.5175,-11.8066,8,b,Yes,"Yes, both shapes, the green triangle"
still_twin,data/twin_v3/v3_2000_00702.avi,2000,1,1,0.3813,-9.6004,-10.4129,-12.4832,-11.8191,8,b,Yes,"Yes, both shapes stayed still the whole"
order_twin,data/twin_v3/v3_2000_00702.avi,2000,-1,0,-0.8542,-9.3734,-11.764,-12.3578,-11.5687,8,b,No,No
moved_solo_hit,data/videos_v3/int_2000ms/v3_2000_00702_solob.avi,2000,1,0,-2.3359,-10.0503,-13.7066,-13.6128,-12.8237,8,b,No,No.
moved_solo_fa,data/videos_v3/int_2000ms/v3_2000_00702_soloa.avi,2000,0,0,-2.1812,-9.9582,-13.5754,-13.5129,-12.7082,8,b,No,No.
order_real,data/videos_v3/int_2000ms/v3_2000_00703.avi,2000,1,0,-0.8087,-9.3067,-11.5645,-12.2285,-11.4785,8,b,No,No
order_rev,data/videos_v3/int_2000ms/v3_2000_00703.avi,2000,1,0,-0.7929,-9.1689,-11.6767,-12.3877,-11.497,8,b,No,No
order_forced,data/videos_v3/int_2000ms/v3_2000_00703.avi,2000,1,1,0.4688,-0.5174,-0.9862,-3.9705,-5.283,8,b,A,A
interval,data/videos_v3/int_2000ms/v3_2000_00703.avi,2000,C,B,,-1.5938,-1.2344,-1.3125,-1.6563,8,b,B,B
order_32f,data/videos_v3/int_2000ms/v3_2000_00703.avi,2000,1,0,-0.68,-8.9197,-11.8963,-12.2088,-11.8416,32,b,No,No.
moved_real,data/videos_v3/int_2000ms/v3_2000_00703.avi,2000,1,0,-1.3222,-9.7428,-12.9616,-13.0241,-12.2897,8,b,No,No.
moved_twin,data/twin_v3/v3_2000_00703.avi,2000,0,0,-1.7384,-9.8895,-13.2255,-13.202,-12.4599,8,b,No,No.
still_real,data/videos_v3/int_2000ms/v3_2000_00703.avi,2000,0,0,-0.1566,-9.8315,-10.8784,-12.7846,-11.8393,8,b,No,"No, in this video, one of"
still_twin,data/twin_v3/v3_2000_00703.avi,2000,1,1,0.026,-9.8217,-10.8139,-12.7827,-11.8842,8,b,Yes,"Yes, both shapes, the green circle"
order_twin,data/twin_v3/v3_2000_00703.avi,2000,-1,0,-0.9265,-9.3048,-11.5782,-12.2189,-11.4845,8,b,No,No
moved_solo_hit,data/videos_v3/int_2000ms/v3_2000_00703_solob.avi,2000,1,0,-1.2997,-9.7125,-12.9625,-13.0094,-12.2907,8,b,No,No.
moved_solo_fa,data/videos_v3/int_2000ms/v3_2000_00703_soloa.avi,2000,0,0,-1.7593,-9.8909,-13.2346,-13.2112,-12.4612,8,b,No,No.
order_real,data/videos_v3/int_2000ms/v3_2000_00704.avi,2000,1,0,-1.2339,-9.3512,-11.5699,-12.1168,-11.5699,8,a,No,No
order_rev,data/videos_v3/int_2000ms/v3_2000_00704.avi,2000,1,0,-0.9717,-9.2566,-11.8972,-12.3816,-11.6081,8,a,No,No
order_forced,data/videos_v3/int_2000ms/v3_2000_00704.avi,2000,1,1,0.5157,-0.5104,-1.0261,-3.9636,-6.0104,8,a,A,A
interval,data/videos_v3/int_2000ms/v3_2000_00704.avi,2000,C,B,,-1.5507,-1.2694,-1.3788,-1.5038,8,a,B,B
order_32f,data/videos_v3/int_2000ms/v3_2000_00704.avi,2000,1,0,-0.7885,-8.6813,-11.486,-11.9625,-11.6735,32,a,No,No.
moved_real,data/videos_v3/int_2000ms/v3_2000_00704.avi,2000,1,0,-1.7555,-9.7815,-12.8909,-12.8909,-12.4299,8,a,No,No.
moved_twin,data/twin_v3/v3_2000_00704.avi,2000,0,0,-1.7462,-9.7187,-12.8202,-12.8437,-12.3593,8,a,No,No.
still_real,data/videos_v3/int_2000ms/v3_2000_00704.avi,2000,0,1,0.3541,-9.657,-10.1336,-12.4773,-11.7664,8,a,Yes,"Yes, both shapes stayed still the whole"
still_twin,data/twin_v3/v3_2000_00704.avi,2000,1,1,0.4253,-9.6438,-10.1985,-12.4485,-11.7454,8,a,Yes,"Yes, both shapes, the triangle and"
order_twin,data/twin_v3/v3_2000_00704.avi,2000,-1,0,-1.1406,-9.2911,-11.3848,-12.0489,-11.4629,8,a,No,No
moved_solo_hit,data/videos_v3/int_2000ms/v3_2000_00704_soloa.avi,2000,1,0,-1.7243,-9.7914,-12.9164,-12.9164,-12.432,8,a,No,No.
moved_solo_fa,data/videos_v3/int_2000ms/v3_2000_00704_solob.avi,2000,0,0,-1.6798,-9.6594,-12.761,-12.8,-12.3469,8,a,No,No.
order_real,data/videos_v3/int_2000ms/v3_2000_00705.avi,2000,1,0,-1.3692,-9.5197,-12.0432,-12.7228,-11.7307,8,b,No,No
order_rev,data/videos_v3/int_2000ms/v3_2000_00705.avi,2000,1,0,-1.0179,-9.1635,-11.8745,-12.5776,-11.4995,8,b,No,No
order_forced,data/videos_v3/int_2000ms/v3_2000_00705.avi,2000,1,1,0.5938,-0.4823,-1.0761,-3.8104,-5.1229,8,b,A,A
interval,data/videos_v3/int_2000ms/v3_2000_00705.avi,2000,C,B,,-1.6559,-1.2184,-1.3746,-1.5934,8,b,B,B
order_32f,data/videos_v3/int_2000ms/v3_2000_00705.avi,2000,1,0,-1.0539,-8.7971,-12.008,-12.4377,-11.8596,32,b,No,No.
moved_real,data/videos_v3/int_2000ms/v3_2000_00705.avi,2000,1,0,-2.351,-10.1541,-13.6697,-13.74,-12.8885,8,b,No,No.
moved_twin,data/twin_v3/v3_2000_00705.avi,2000,0,0,-2.3666,-10.092,-13.6545,-13.7249,-12.8967,8,b,No,No.
still_real,data/videos_v3/int_2000ms/v3_2000_00705.avi,2000,0,1,0.5799,-9.7671,-10.4077,-12.6186,-11.728,8,b,Yes,"Yes, both shapes, the square and"
still_twin,data/twin_v3/v3_2000_00705.avi,2000,1,1,0.7242,-9.736,-10.3454,-12.6344,-11.775,8,b,Yes,"Yes, both shapes, the square and"
order_twin,data/twin_v3/v3_2000_00705.avi,2000,-1,0,-1.2553,-9.5151,-12.0776,-12.7651,-11.7964,8,b,No,No
moved_solo_hit,data/videos_v3/int_2000ms/v3_2000_00705_solob.avi,2000,1,0,-2.2557,-10.1072,-13.6072,-13.6932,-12.8728,8,b,No,No.
moved_solo_fa,data/videos_v3/int_2000ms/v3_2000_00705_soloa.avi,2000,0,0,-2.4109,-10.1256,-13.6959,-13.7272,-12.8991,8,b,No,No.
order_real,data/videos_v3/int_2000ms/v3_2000_00706.avi,2000,0,0,-1.8452,-9.8071,-12.0961,-12.9164,-11.8383,8,a,No,No
order_rev,data/videos_v3/int_2000ms/v3_2000_00706.avi,2000,0,0,-1.5542,-9.4965,-12.2153,-12.9496,-11.77,8,a,No,No
order_forced,data/videos_v3/int_2000ms/v3_2000_00706.avi,2000,0,1,0.5938,-0.4829,-1.0767,-4.1704,-6.3892,8,a,A,A
interval,data/videos_v3/int_2000ms/v3_2000_00706.avi,2000,C,B,,-1.6546,-1.1858,-1.3733,-1.514,8,a,B,B
order_32f,data/videos_v3/int_2000ms/v3_2000_00706.avi,2000,0,0,-1.4107,-8.9895,-12.0598,-12.7395,-11.7629,32,a,No,No.
moved_real,data/videos_v3/int_2000ms/v3_2000_00706.avi,2000,1,0,-2.9407,-10.6228,-14.0525,-14.3884,-13.2712,8,a,No,No.
moved_twin,data/twin_v3/v3_2000_00706.avi,2000,0,0,-3.0557,-10.6779,-14.131,-14.4592,-13.342,8,a,No,No.
still_real,data/videos_v3/int_2000ms/v3_2000_00706.avi,2000,0,1,0.4618,-9.7994,-10.6666,-12.8072,-11.9791,8,a,Yes,"Yes, both shapes stayed still the whole"
still_twin,data/twin_v3/v3_2000_00706.avi,2000,1,1,0.5801,-9.8179,-10.6617,-12.8336,-12.0133,8,a,Yes,"Yes, both shapes stayed still the whole"
order_twin,data/twin_v3/v3_2000_00706.avi,2000,-1,0,-1.9823,-9.9232,-12.306,-13.0717,-12.0092,8,a,No,No
moved_solo_hit,data/videos_v3/int_2000ms/v3_2000_00706_soloa.avi,2000,1,0,-3.0245,-10.648,-14.0855,-14.4137,-13.2965,8,a,No,No.
moved_solo_fa,data/videos_v3/int_2000ms/v3_2000_00706_solob.avi,2000,0,0,-2.9072,-10.6219,-14.0672,-14.4031,-13.2859,8,a,No,No.
order_real,data/videos_v3/int_2000ms/v3_2000_00707.avi,2000,0,0,-1.1565,-9.3885,-11.7948,-12.3963,-11.5213,8,a,No,No
order_rev,data/videos_v3/int_2000ms/v3_2000_00707.avi,2000,0,0,-0.9106,-9.1927,-11.8333,-12.4505,-11.5598,8,a,No,No
order_forced,data/videos_v3/int_2000ms/v3_2000_00707.avi,2000,0,1,0.4688,-0.5369,-1.0057,-3.8963,-5.3963,8,a,A,A
interval,data/videos_v3/int_2000ms/v3_2000_00707.avi,2000,C,B,,-1.6296,-1.239,-1.3328,-1.5203,8,a,B,B
order_32f,data/videos_v3/int_2000ms/v3_2000_00707.avi,2000,0,0,-0.7349,-8.687,-11.7729,-12.1167,-11.7573,32,a,No,No.
moved_real,data/videos_v3/int_2000ms/v3_2000_00707.avi,2000,1,0,-1.8715,-9.6966,-13.1185,-13.2279,-12.3373,8,a,No,No.
moved_twin,data/twin_v3/v3_2000_00707.avi,2000,0,0,-1.8393,-9.7747,-13.1732,-13.2904,-12.4075,8,a,No,No.
still_real,data/videos_v3/int_2000ms/v3_2000_00707.avi,2000,0,1,0.1649,-9.7347,-10.3597,-12.6253,-11.6487,8,a,Yes,"Yes, both shapes stayed still the whole"
still_twin,data/twin_v3/v3_2000_00707.avi,2000,1,1,0.0344,-9.7596,-10.6112,-12.658,-11.7205,8,a,Yes,"Yes, both shapes, the circle and"
order_twin,data/twin_v3/v3_2000_00707.avi,2000,-1,0,-1.0251,-9.4059,-11.7887,-12.3669,-11.6012,8,a,No,No
moved_solo_hit,data/videos_v3/int_2000ms/v3_2000_00707_soloa.avi,2000,1,0,-1.7404,-9.7232,-13.067,-13.2388,-12.3248,8,a,No,No.
moved_solo_fa,data/videos_v3/int_2000ms/v3_2000_00707_solob.avi,2000,0,0,-1.9756,-9.7618,-13.1993,-13.2774,-12.3946,8,a,No,No.
order_real,data/videos_v3/int_2000ms/v3_2000_00708.avi,2000,0,0,-0.857,-9.3526,-11.5011,-12.048,-11.6261,8,a,No,No
order_rev,data/videos_v3/int_2000ms/v3_2000_00708.avi,2000,0,0,-0.8961,-9.3689,-12.033,-12.3299,-11.7596,8,a,No,No
order_forced,data/videos_v3/int_2000ms/v3_2000_00708.avi,2000,0,1,0.5157,-0.5162,-1.0319,-3.485,-6.11,8,a,A,A
interval,data/videos_v3/int_2000ms/v3_2000_00708.avi,2000,C,B,,-1.6137,-1.2075,-1.3794,-1.52,8,a,B,B
order_32f,data/videos_v3/int_2000ms/v3_2000_00708.avi,2000,0,0,-0.7384,-9.1258,-11.993,-12.2195,-12.1336,32,a,No,No.
moved_real,data/videos_v3/int_2000ms/v3_2000_00708.avi,2000,1,0,-2.0553,-10.0239,-13.2739,-13.2661,-12.6802,8,a,No,No.
moved_twin,data/twin_v3/v3_2000_00708.avi,2000,0,0,-1.7105,-9.7471,-12.8799,-12.9112,-12.3565,8,a,No,No.
still_real,data/videos_v3/int_2000ms/v3_2000_00708.avi,2000,0,1,0.1639,-9.81,-10.5834,-12.7553,-12.0053,8,a,Yes,"Yes, both shapes stayed still the whole"
still_twin,data/twin_v3/v3_2000_00708.avi,2000,1,1,0.184,-9.6945,-10.3586,-12.6008,-11.882,8,a,Yes,"Yes, both shapes stayed still the entire"
order_twin,data/twin_v3/v3_2000_00708.avi,2000,-1,0,-0.6273,-9.2565,-11.3737,-11.944,-11.5143,8,a,No,No
moved_solo_hit,data/videos_v3/int_2000ms/v3_2000_00708_soloa.avi,2000,1,0,-1.6353,-9.7653,-12.9138,-12.9606,-12.3903,8,a,No,No.
moved_solo_fa,data/videos_v3/int_2000ms/v3_2000_00708_solob.avi,2000,0,0,-2.2381,-10.1804,-13.4851,-13.446,-12.8132,8,a,No,No.
order_real,data/videos_v3/int_2000ms/v3_2000_00709.avi,2000,0,0,-1.0884,-9.4462,-12.0165,-12.3056,-11.6571,8,b,No,No
order_rev,data/videos_v3/int_2000ms/v3_2000_00709.avi,2000,0,0,-1.2356,-9.3368,-12.1025,-12.3368,-11.5947,8,b,No,No
order_forced,data/videos_v3/int_2000ms/v3_2000_00709.avi,2000,0,1,0.4063,-0.5641,-0.9704,-3.3297,-5.4235,8,b,A,A
interval,data/videos_v3/int_2000ms/v3_2000_00709.avi,2000,C,B,,-1.6419,-1.2356,-1.3606,-1.5481,8,b,B,B
order_32f,data/videos_v3/int_2000ms/v3_2000_00709.avi,2000,0,0,-0.8254,-9.0491,-12.2522,-12.3069,-11.9944,32,b,No,No.
moved_real,data/videos_v3/int_2000ms/v3_2000_00709.avi,2000,1,0,-2.6036,-10.2884,-13.8822,-13.8353,-12.9837,8,b,No,No.
moved_twin,data/twin_v3/v3_2000_00709.avi,2000,0,0,-2.7521,-10.4754,-14.0222,-14.0379,-13.0925,8,b,No,No.
still_real,data/videos_v3/int_2000ms/v3_2000_00709.avi,2000,0,1,0.3993,-9.7184,-10.4528,-12.5543,-11.8434,8,b,Yes,"Yes, both shapes, the square and"
still_twin,data/twin_v3/v3_2000_00709.avi,2000,1,1,0.4571,-9.7751,-10.3844,-12.611,-11.8532,8,b,Yes,"Yes, both shapes, the square and"
order_twin,data/twin_v3/v3_2000_00709.avi,2000,-1,0,-1.2227,-9.5699,-12.1402,-12.4683,-11.7887,8,b,No,No
moved_solo_hit,data/videos_v3/int_2000ms/v3_2000_00709_solob.avi,2000,1,0,-2.7566,-10.4647,-13.9803,-14.0115,-13.0819,8,b,No,No.
moved_solo_fa,data/videos_v3/int_2000ms/v3_2000_00709_soloa.avi,2000,0,0,-2.504,-10.1721,-13.7737,-13.7346,-12.8596,8,b,No,No.
order_real,data/videos_v3/int_2000ms/v3_2000_00710.avi,2000,1,0,-0.9855,-9.3088,-11.6526,-12.4338,-11.4885,8,a,No,No
order_rev,data/videos_v3/int_2000ms/v3_2000_00710.avi,2000,1,0,-0.6627,-9.1867,-11.8742,-12.4992,-11.4367,8,a,No,No
order_forced,data/videos_v3/int_2000ms/v3_2000_00710.avi,2000,1,1,0.5937,-0.491,-1.0847,-3.7722,-5.6004,8,a,A,A
interval,data/videos_v3/int_2000ms/v3_2000_00710.avi,2000,C,B,,-1.4602,-1.2884,-1.3509,-1.6009,8,a,B,B
order_32f,data/videos_v3/int_2000ms/v3_2000_00710.avi,2000,1,0,-0.7473,-8.9753,-12.0222,-12.4597,-11.8581,32,a,No,No.
moved_real,data/videos_v3/int_2000ms/v3_2000_00710.avi,2000,1,0,-1.8983,-9.8167,-13.4417,-13.3948,-12.4183,8,a,No,No.
moved_twin,data/twin_v3/v3_2000_00710.avi,2000,0,0,-1.9854,-9.7569,-13.4679,-13.2647,-12.3663,8,a,No,No.
still_real,data/videos_v3/int_2000ms/v3_2000_00710.avi,2000,0,1,0.3876,-9.6561,-10.6327,-12.5155,-11.5858,8,a,Yes,"Yes, both shapes stayed still the entire"
still_twin,data/twin_v3/v3_2000_00710.avi,2000,1,1,0.4934,-9.6466,-10.9748,-12.5295,-11.6935,8,a,Yes,"Yes, both shapes stayed still the whole"
order_twin,data/twin_v3/v3_2000_00710.avi,2000,-1,0,-1.0756,-9.4053,-11.8506,-12.4834,-11.5928,8,a,No,No
moved_solo_hit,data/videos_v3/int_2000ms/v3_2000_00710_soloa.avi,2000,1,0,-1.9505,-9.8082,-13.3941,-13.3395,-12.3941,8,a,No,No.
moved_solo_fa,data/videos_v3/int_2000ms/v3_2000_00710_solob.avi,2000,0,0,-1.8142,-9.6576,-13.3139,-13.1654,-12.2826,8,a,No,No.
order_real,data/videos_v3/int_2000ms/v3_2000_00711.avi,2000,0,0,-0.8566,-9.4439,-11.4908,-12.4595,-11.5455,8,a,No,No
order_rev,data/videos_v3/int_2000ms/v3_2000_00711.avi,2000,0,0,-1.1696,-9.4076,-11.7904,-12.5951,-11.6342,8,a,No,No
order_forced,data/videos_v3/int_2000ms/v3_2000_00711.avi,2000,0,1,0.7657,-0.4237,-1.1894,-3.9706,-5.7987,8,a,A,A
interval,data/videos_v3/int_2000ms/v3_2000_00711.avi,2000,C,C,,-1.6961,-1.2586,-1.1804,-1.6336,8,a,C,C
order_32f,data/videos_v3/int_2000ms/v3_2000_00711.avi,2000,0,0,-0.7238,-8.8423,-11.5611,-12.2876,-11.6939,32,a,No,No.
moved_real,data/videos_v3/int_2000ms/v3_2000_00711.avi,2000,1,0,-2.0493,-9.9861,-13.1111,-13.4236,-12.5095,8,a,No,No
moved_twin,data/twin_v3/v3_2000_00711.avi,2000,0,0,-1.8929,-9.7783,-13.0127,-13.2783,-12.3955,8,a,No,No
still_real,data/videos_v3/int_2000ms/v3_2000_00711.avi,2000,0,1,0.32,-9.5341,-10.745,-12.4403,-11.6669,8,a,Yes,"Yes, both shapes stayed still the whole"
still_twin,data/twin_v3/v3_2000_00711.avi,2000,1,1,0.3795,-9.3919,-10.8528,-12.306,-11.6497,8,a,Yes,"Yes, both shapes stayed still the whole"
order_twin,data/twin_v3/v3_2000_00711.avi,2000,-1,0,-0.8845,-9.37,-11.5028,-12.37,-11.5418,8,a,No,No
moved_solo_hit,data/videos_v3/int_2000ms/v3_2000_00711_soloa.avi,2000,1,0,-1.9108,-9.7848,-12.9879,-13.277,-12.402,8,a,No,No
moved_solo_fa,data/videos_v3/int_2000ms/v3_2000_00711_solob.avi,2000,0,0,-2.0961,-10.028,-13.1842,-13.4733,-12.567,8,a,No,No.
order_real,data/videos_v3/int_2000ms/v3_2000_00712.avi,2000,1,0,-0.8198,-9.2779,-11.692,-12.3013,-11.4576,8,a,No,No
order_rev,data/videos_v3/int_2000ms/v3_2000_00712.avi,2000,1,0,-0.805,-8.9548,-11.5485,-12.1579,-11.3923,8,a,No,No
order_forced,data/videos_v3/int_2000ms/v3_2000_00712.avi,2000,1,1,0.375,-0.5649,-0.9399,-4.1118,-5.268,8,a,A,A
interval,data/videos_v3/int_2000ms/v3_2000_00712.avi,2000,C,B,,-1.6872,-1.2653,-1.2966,-1.5153,8,a,B,B
order_32f,data/videos_v3/int_2000ms/v3_2000_00712.avi,2000,1,0,-0.7102,-8.7476,-11.6538,-12.1382,-11.6382,32,a,No,No.
moved_real,data/videos_v3/int_2000ms/v3_2000_00712.avi,2000,1,0,-1.8786,-9.8637,-13.1215,-13.2699,-12.348,8,a,No,No.
moved_twin,data/twin_v3/v3_2000_00712.avi,2000,0,0,-1.8756,-9.8499,-13.1155,-13.2874,-12.3577,8,a,No,No.
still_real,data/videos_v3/int_2000ms/v3_2000_00712.avi,2000,0,1,0.0629,-9.5908,-10.4111,-12.4736,-11.5908,8,a,Yes,"Yes, both shapes, the red triangle"
still_twin,data/twin_v3/v3_2000_00712.avi,2000,1,1,0.4266,-9.6387,-10.498,-12.5137,-11.6621,8,a,Yes,"Yes, both shapes, the triangle and"
order_twin,data/twin_v3/v3_2000_00712.avi,2000,-1,0,-0.7494,-9.315,-11.7057,-12.3463,-11.4713,8,a,No,No
moved_solo_hit,data/videos_v3/int_2000ms/v3_2000_00712_soloa.avi,2000,1,0,-1.8058,-9.848,-13.0902,-13.2465,-12.3246,8,a,No,No.
moved_solo_fa,data/videos_v3/int_2000ms/v3_2000_00712_solob.avi,2000,0,0,-1.9217,-9.8739,-13.1473,-13.3114,-12.3817,8,a,No,No.
order_real,data/videos_v3/int_2000ms/v3_2000_00713.avi,2000,0,0,-1.3781,-9.5311,-11.7967,-12.6951,-11.8279,8,a,No,No
order_rev,data/videos_v3/int_2000ms/v3_2000_00713.avi,2000,0,0,-1.1499,-9.3825,-12.0934,-12.6716,-11.82,8,a,No,No
order_forced,data/videos_v3/int_2000ms/v3_2000_00713.avi,2000,0,1,0.5469,-0.511,-1.0579,-3.8547,-6.0891,8,a,A,A
interval,data/videos_v3/int_2000ms/v3_2000_00713.avi,2000,C,B,,-1.4934,-1.2903,-1.4309,-1.5559,8,a,B,B
order_32f,data/videos_v3/int_2000ms/v3_2000_00713.avi,2000,0,0,-1.0212,-8.9374,-11.8281,-12.4296,-11.8671,32,a,No,No.
moved_real,data/videos_v3/int_2000ms/v3_2000_00713.avi,2000,1,0,-2.3062,-10.0208,-13.3802,-13.8489,-12.8333,8,a,No,No.
moved_twin,data/twin_v3/v3_2000_00713.avi,2000,0,0,-1.8311,-9.7259,-13.0384,-13.4837,-12.5071,8,a,No,No.
still_real,data/videos_v3/int_2000ms/v3_2000_00713.avi,2000,0,1,0.0978,-9.9234,-10.4937,-12.9937,-12.1266,8,a,Yes,"Yes, both shapes stayed still the whole"
still_twin,data/twin_v3/v3_2000_00713.avi,2000,1,0,-0.2142,-9.8479,-10.5979,-12.926,-12.0666,8,a,No,"No, in this video, one of"
order_twin,data/twin_v3/v3_2000_00713.avi,2000,-1,0,-1.2133,-9.4408,-11.7846,-12.6049,-11.7767,8,a,No,No
moved_solo_hit,data/videos_v3/int_2000ms/v3_2000_00713_soloa.avi,2000,1,0,-1.8564,-9.7701,-13.1061,-13.5358,-12.567,8,a,No,No.
moved_solo_fa,data/videos_v3/int_2000ms/v3_2000_00713_solob.avi,2000,0,0,-2.3054,-10.02,-13.3481,-13.8247,-12.8012,8,a,No,No.
order_real,data/videos_v3/int_2000ms/v3_2000_00714.avi,2000,0,0,-0.5708,-9.1405,-11.2577,-11.8514,-11.3358,8,b,No,No
order_rev,data/videos_v3/int_2000ms/v3_2000_00714.avi,2000,0,0,-0.9807,-9.2019,-11.6707,-12.3269,-11.4988,8,b,No,No
order_forced,data/videos_v3/int_2000ms/v3_2000_00714.avi,2000,0,1,0.3125,-0.5995,-0.912,-3.5214,-5.912,8,b,A,A
interval,data/videos_v3/int_2000ms/v3_2000_00714.avi,2000,C,B,,-1.6086,-1.2492,-1.2961,-1.5617,8,b,B,B
order_32f,data/videos_v3/int_2000ms/v3_2000_00714.avi,2000,0,0,-0.5387,-8.7255,-11.4365,-11.8193,-11.7958,32,b,No,No.
moved_real,data/videos_v3/int_2000ms/v3_2000_00714.avi,2000,1,0,-1.933,-9.7436,-13.103,-13.353,-12.4077,8,b,No,No.
moved_twin,data/twin_v3/v3_2000_00714.avi,2000,0,0,-1.6722,-9.5945,-12.8836,-13.118,-12.2195,8,b,No,No.
still_real,data/videos_v3/int_2000ms/v3_2000_00714.avi,2000,0,1,0.9215,-9.6424,-10.1659,-12.2596,-11.5487,8,b,Yes,"Yes, both shapes stayed still the whole"
still_twin,data/twin_v3/v3_2000_00714.avi,2000,1,1,0.6225,-9.5008,-10.1571,-12.1102,-11.3836,8,b,Yes,"Yes, both shapes stayed still the whole"
order_twin,data/twin_v3/v3_2000_00714.avi,2000,-1,0,-0.4925,-9.1156,-11.2953,-11.764,-11.3344,8,b,No,No
moved_solo_hit,data/videos_v3/int_2000ms/v3_2000_00714_solob.avi,2000,1,0,-1.7014,-9.6389,-12.967,-13.1857,-12.2639,8,b,No,No.
moved_solo_fa,data/videos_v3/int_2000ms/v3_2000_00714_soloa.avi,2000,0,0,-1.9263,-9.716,-13.0598,-13.2941,-12.3488,8,b,No,No.
order_real,data/videos_v3/int_2000ms/v3_2000_00715.avi,2000,1,0,-1.0899,-9.2975,-11.735,-12.3131,-11.524,8,b,No,No
order_rev,data/videos_v3/int_2000ms/v3_2000_00715.avi,2000,1,0,-1.2284,-9.2726,-11.9836,-12.632,-11.7101,8,b,No,No
order_forced,data/videos_v3/int_2000ms/v3_2000_00715.avi,2000,1,1,0.4844,-0.5288,-1.0132,-3.56,-5.6382,8,b,A,A
interval,data/videos_v3/int_2000ms/v3_2000_00715.avi,2000,C,B,,-1.6793,-1.1949,-1.3512,-1.5699,8,b,B,B
order_32f,data/videos_v3/int_2000ms/v3_2000_00715.avi,2000,1,0,-0.8882,-8.5995,-11.6541,-12.0682,-11.5682,32,b,No,No.
moved_real,data/videos_v3/int_2000ms/v3_2000_00715.avi,2000,1,0,-2.4715,-10.2281,-13.5718,-13.7671,-12.8687,8,b,No,No.
moved_twin,data/twin_v3/v3_2000_00715.avi,2000,0,0,-2.4347,-10.1819,-13.6116,-13.7366,-12.8382,8,b,No,No.
still_real,data/videos_v3/int_2000ms/v3_2000_00715.avi,2000,0,1,0.0249,-9.6416,-10.4228,-12.7119,-11.7666,8,b,Yes,"Yes, both shapes stayed still the whole"
still_twin,data/twin_v3/v3_2000_00715.avi,2000,1,1,0.337,-9.6735,-10.5485,-12.7048,-11.8454,8,b,Yes,"Yes, both shapes stayed still the whole"
order_twin,data/twin_v3/v3_2000_00715.avi,2000,-1,0,-1.0541,-9.2706,-11.755,-12.2394,-11.4894,8,b,No,No
moved_solo_hit,data/videos_v3/int_2000ms/v3_2000_00715_solob.avi,2000,1,0,-2.4094,-10.1797,-13.5157,-13.7188,-12.8282,8,b,No,No.
moved_solo_fa,data/videos_v3/int_2000ms/v3_2000_00715_soloa.avi,2000,0,0,-2.4534,-10.2078,-13.6219,-13.7625,-12.864,8,b,No,No.
order_real,data/videos_v3/int_2000ms/v3_2000_00716.avi,2000,1,0,-0.8214,-9.2397,-11.3491,-12.4272,-11.396,8,b,No,No
order_rev,data/videos_v3/int_2000ms/v3_2000_00716.avi,2000,1,0,-0.8491,-9.1516,-11.7141,-12.4953,-11.4875,8,b,No,No
order_forced,data/videos_v3/int_2000ms/v3_2000_00716.avi,2000,1,1,0.1407,-0.664,-0.8047,-3.9297,-6.0078,8,b,A,A
interval,data/videos_v3/int_2000ms/v3_2000_00716.avi,2000,C,B,,-1.5905,-1.2312,-1.403,-1.5905,8,b,B,B
order_32f,data/videos_v3/int_2000ms/v3_2000_00716.avi,2000,1,0,-0.7836,-8.8005,-11.5739,-12.4568,-11.6208,32,b,No,No.
moved_real,data/videos_v3/int_2000ms/v3_2000_00716.avi,2000,1,0,-1.4447,-9.6461,-12.7321,-13.2633,-12.2633,8,b,No,No.
moved_twin,data/twin_v3/v3_2000_00716.avi,2000,0,0,-1.7372,-9.8125,-12.8907,-13.4375,-12.4141,8,b,No,No.
still_real,data/videos_v3/int_2000ms/v3_2000_00716.avi,2000,0,1,0.2826,-9.7187,-10.3437,-12.7187,-11.828,8,b,Yes,"Yes, both shapes stayed still the whole"
still_twin,data/twin_v3/v3_2000_00716.avi,2000,1,1,0.2285,-9.7213,-10.3697,-12.7135,-11.8228,8,b,Yes,"Yes, both shapes stayed still the whole"
order_twin,data/twin_v3/v3_2000_00716.avi,2000,-1,0,-0.9495,-9.3279,-11.4216,-12.4919,-11.4451,8,b,No,No
moved_solo_hit,data/videos_v3/int_2000ms/v3_2000_00716_solob.avi,2000,1,0,-1.4607,-9.6441,-12.7301,-13.2535,-12.2613,8,b,No,No.
moved_solo_fa,data/videos_v3/int_2000ms/v3_2000_00716_soloa.avi,2000,0,0,-1.7751,-9.8221,-12.9158,-13.4627,-12.4393,8,b,No,No.
order_real,data/videos_v3/int_2000ms/v3_2000_00717.avi,2000,1,0,-0.9072,-9.4899,-11.6071,-12.654,-11.7555,8,a,No,No
order_rev,data/videos_v3/int_2000ms/v3_2000_00717.avi,2000,1,0,-1.0387,-9.2085,-11.6929,-12.6694,-11.6382,8,a,No,No
order_forced,data/videos_v3/int_2000ms/v3_2000_00717.avi,2000,1,1,0.3438,-0.583,-0.9268,-4.0674,-6.0361,8,a,A,A
interval,data/videos_v3/int_2000ms/v3_2000_00717.avi,2000,C,B,,-1.5763,-1.2325,-1.3263,-1.6075,8,a,B,B
order_32f,data/videos_v3/int_2000ms/v3_2000_00717.avi,2000,1,0,-0.8528,-8.9867,-11.6586,-12.4554,-11.9398,32,a,No,No.
moved_real,data/videos_v3/int_2000ms/v3_2000_00717.avi,2000,1,0,-2.0282,-9.8674,-13.5159,-13.5159,-12.6643,8,a,No,No.
moved_twin,data/twin_v3/v3_2000_00717.avi,2000,0,0,-2.181,-10.1258,-13.7352,-13.7196,-12.8367,8,a,No,No.
still_real,data/videos_v3/int_2000ms/v3_2000_00717.avi,2000,0,1,0.7828,-9.755,-10.4738,-12.4347,-11.7316,8,a,Yes,"Yes, both shapes stayed still the whole"
still_twin,data/twin_v3/v3_2000_00717.avi,2000,1,1,0.8568,-9.7802,-10.5224,-12.3974,-11.7021,8,a,Yes,"Yes, both shapes stayed still the whole"
order_twin,data/twin_v3/v3_2000_00717.avi,2000,-1,0,-0.9415,-9.5138,-11.6232,-12.6779,-11.756,8,a,No,No
moved_solo_hit,data/videos_v3/int_2000ms/v3_2000_00717_soloa.avi,2000,1,0,-2.0555,-9.9187,-13.6062,-13.5593,-12.6921,8,a,No,No.
moved_solo_fa,data/videos_v3/int_2000ms/v3_2000_00717_solob.avi,2000,0,0,-2.1532,-10.1126,-13.7141,-13.7298,-12.8391,8,a,No,No.
order_real,data/videos_v3/int_2000ms/v3_2000_00718.avi,2000,1,0,-1.1141,-9.2899,-11.6102,-12.0712,-11.579,8,b,No,No
order_rev,data/videos_v3/int_2000ms/v3_2000_00718.avi,2000,1,0,-0.6817,-9.145,-11.6919,-12.3325,-11.4888,8,b,No,No
order_forced,data/videos_v3/int_2000ms/v3_2000_00718.avi,2000,1,1,0.2812,-0.6124,-0.8936,-3.7686,-5.6436,8,b,A,A
interval,data/videos_v3/int_2000ms/v3_2000_00718.avi,2000,C,B,,-1.6858,-1.2327,-1.3108,-1.5295,8,b,B,B
order_32f,data/videos_v3/int_2000ms/v3_2000_00718.avi,2000,1,0,-0.8173,-8.6803,-11.6725,-11.8365,-11.7193,32,b,No,No.
moved_real,data/videos_v3/int_2000ms/v3_2000_00718.avi,2000,1,0,-1.1307,-9.3702,-12.5265,-12.4874,-12.0421,8,b,No,No.
moved_twin,data/twin_v3/v3_2000_00718.avi,2000,0,0,-1.3609,-9.5172,-12.6656,-12.611,-12.1578,8,b,No,No.
still_real,data/videos_v3/int_2000ms/v3_2000_00718.avi,2000,0,1,0.0342,-9.6788,-10.4913,-12.5616,-11.71,8,b,Yes,"Yes, both shapes, the red triangle"
still_twin,data/twin_v3/v3_2000_00718.avi,2000,1,1,0.207,-9.7085,-10.56,-12.6147,-11.7788,8,b,Yes,"Yes, both shapes, the red triangle"
order_twin,data/twin_v3/v3_2000_00718.avi,2000,-1,0,-1.099,-9.3173,-11.5907,-12.0673,-11.5829,8,b,No,No
moved_solo_hit,data/videos_v3/int_2000ms/v3_2000_00718_solob.avi,2000,1,0,-1.1503,-9.4122,-12.5528,-12.4981,-12.0685,8,b,No,No.
moved_solo_fa,data/videos_v3/int_2000ms/v3_2000_00718_soloa.avi,2000,0,0,-1.4615,-9.5741,-12.7616,-12.7382,-12.2382,8,b,No,No.
order_real,data/videos_v3/int_2000ms/v3_2000_00719.avi,2000,1,0,-0.8849,-9.337,-11.7902,-12.0167,-11.6886,8,b,No,No
order_rev,data/videos_v3/int_2000ms/v3_2000_00719.avi,2000,1,0,-0.8135,-9.2627,-11.8252,-12.3642,-11.6455,8,b,No,No
order_forced,data/videos_v3/int_2000ms/v3_2000_00719.avi,2000,1,1,0.5312,-0.5039,-1.0351,-3.5195,-5.9883,8,b,A,A
interval,data/videos_v3/int_2000ms/v3_2000_00719.avi,2000,C,B,,-1.6306,-1.24,-1.3806,-1.49,8,b,B,B
order_32f,data/videos_v3/int_2000ms/v3_2000_00719.avi,2000,1,0,-0.4912,-8.8082,-11.8629,-11.6754,-11.8473,32,b,No,No.
moved_real,data/videos_v3/int_2000ms/v3_2000_00719.avi,2000,1,0,-1.5613,-9.7361,-13.0564,-12.6033,-12.3924,8,b,No,No.
moved_twin,data/twin_v3/v3_2000_00719.avi,2000,0,0,-1.5609,-9.7444,-13.0804,-12.6194,-12.3694,8,b,No,No.
still_real,data/videos_v3/int_2000ms/v3_2000_00719.avi,2000,0,0,-0.1549,-9.8163,-10.7148,-12.9335,-11.9101,8,b,No,"No, in this video, the red"
still_twin,data/twin_v3/v3_2000_00719.avi,2000,1,0,-0.1247,-9.833,-10.6846,-12.9111,-11.9502,8,b,No,"No, in this video, the red"
order_twin,data/twin_v3/v3_2000_00719.avi,2000,-1,0,-0.876,-9.3987,-11.8987,-12.0706,-11.719,8,b,No,No
moved_solo_hit,data/videos_v3/int_2000ms/v3_2000_00719_solob.avi,2000,1,0,-1.5304,-9.7044,-13.0325,-12.5872,-12.3528,8,b,No,No.
moved_solo_fa,data/videos_v3/int_2000ms/v3_2000_00719_soloa.avi,2000,0,0,-1.5361,-9.7103,-13.0384,-12.5775,-12.3587,8,b,No,No.
order_real,data/videos_v3/int_2000ms/v3_2000_00720.avi,2000,1,0,-1.0162,-9.4504,-11.7864,-12.4973,-11.6614,8,b,No,No
order_rev,data/videos_v3/int_2000ms/v3_2000_00720.avi,2000,1,0,-0.9949,-9.276,-11.8776,-12.401,-11.6666,8,b,No,No
order_forced,data/videos_v3/int_2000ms/v3_2000_00720.avi,2000,1,1,0.375,-0.5683,-0.9433,-3.8964,-5.6777,8,b,A,A
interval,data/videos_v3/int_2000ms/v3_2000_00720.avi,2000,C,B,,-1.4864,-1.2676,-1.3457,-1.6114,8,b,B,B
order_real,data/videos_v3/int_2000ms/v3_2000_00721.avi,2000,1,0,-0.3919,-9.2941,-11.6145,-12.1926,-11.5832,8,a,No,No
order_rev,data/videos_v3/int_2000ms/v3_2000_00721.avi,2000,1,0,-0.3413,-9.0006,-11.6959,-11.8522,-11.6881,8,a,No,No
order_forced,data/videos_v3/int_2000ms/v3_2000_00721.avi,2000,1,1,0.4063,-0.5592,-0.9655,-3.3249,-5.903,8,a,A,A
interval,data/videos_v3/int_2000ms/v3_2000_00721.avi,2000,C,B,,-1.5455,-1.2955,-1.358,-1.5611,8,a,B,B
order_real,data/videos_v3/int_2000ms/v3_2000_00722.avi,2000,1,0,-0.9358,-9.2563,-11.5609,-12.3578,-11.5219,8,a,No,No
order_rev,data/videos_v3/int_2000ms/v3_2000_00722.avi,2000,1,0,-1.2434,-9.2851,-11.7929,-12.5976,-11.707,8,a,No,No
order_forced,data/videos_v3/int_2000ms/v3_2000_00722.avi,2000,1,1,0.4531,-0.5294,-0.9825,-4.0137,-6.0137,8,a,A,A
interval,data/videos_v3/int_2000ms/v3_2000_00722.avi,2000,C,B,,-1.6465,-1.084,-1.5058,-1.6621,8,a,B,B
order_real,data/videos_v3/int_2000ms/v3_2000_00723.avi,2000,0,0,-0.8185,-9.3023,-11.4742,-12.1304,-11.6383,8,a,No,No.
order_rev,data/videos_v3/int_2000ms/v3_2000_00723.avi,2000,0,0,-0.9916,-9.2374,-11.753,-12.589,-11.6905,8,a,No,No
order_forced,data/videos_v3/int_2000ms/v3_2000_00723.avi,2000,0,1,0.4375,-0.5398,-0.9773,-3.9461,-6.5867,8,a,A,A
interval,data/videos_v3/int_2000ms/v3_2000_00723.avi,2000,C,B,,-1.6921,-1.1921,-1.4265,-1.5046,8,a,B,B
order_real,data/videos_v3/int_2000ms/v3_2000_00724.avi,2000,0,0,-1.0509,-9.3557,-11.676,-12.1916,-11.676,8,a,No,No
order_rev,data/videos_v3/int_2000ms/v3_2000_00724.avi,2000,0,0,-0.5441,-9.1293,-11.7075,-12.3637,-11.5434,8,a,No,No
order_forced,data/videos_v3/int_2000ms/v3_2000_00724.avi,2000,0,1,0.4687,-0.5354,-1.0041,-3.7698,-5.7541,8,a,A,A
interval,data/videos_v3/int_2000ms/v3_2000_00724.avi,2000,C,B,,-1.6006,-1.2568,-1.3193,-1.585,8,a,B,B
order_real,data/videos_v3/int_2000ms/v3_2000_00725.avi,2000,0,0,-0.9154,-9.3337,-11.529,-12.3806,-11.4431,8,a,No,No
order_rev,data/videos_v3/int_2000ms/v3_2000_00725.avi,2000,0,0,-0.9329,-9.1424,-11.7205,-12.3455,-11.5643,8,a,No,No
order_forced,data/videos_v3/int_2000ms/v3_2000_00725.avi,2000,0,1,0.2656,-0.5995,-0.8651,-4.412,-5.7714,8,a,A,A
interval,data/videos_v3/int_2000ms/v3_2000_00725.avi,2000,C,B,,-1.5818,-1.2536,-1.3786,-1.5505,8,a,B,B
order_real,data/videos_v3/int_2000ms/v3_2000_00726.avi,2000,0,0,-0.9146,-9.3116,-11.546,-12.46,-11.5616,8,a,No,No
order_rev,data/videos_v3/int_2000ms/v3_2000_00726.avi,2000,0,0,-0.7206,-9.2436,-11.6811,-12.5327,-11.4936,8,a,No,No
order_forced,data/videos_v3/int_2000ms/v3_2000_00726.avi,2000,0,1,0.25,-0.6167,-0.8667,-4.2104,-5.8667,8,a,A,A
interval,data/videos_v3/int_2000ms/v3_2000_00726.avi,2000,C,B,,-1.6331,-1.18,-1.305,-1.6019,8,a,B,B
order_real,data/videos_v3/int_2000ms/v3_2000_00727.avi,2000,0,0,-0.9646,-9.2597,-11.494,-12.33,-11.4003,8,a,No,No
order_rev,data/videos_v3/int_2000ms/v3_2000_00727.avi,2000,0,0,-0.7547,-9.1522,-11.785,-12.3944,-11.496,8,a,No,No
order_forced,data/videos_v3/int_2000ms/v3_2000_00727.avi,2000,0,1,0.5,-0.5104,-1.0104,-3.9323,-5.3542,8,a,A,A
interval,data/videos_v3/int_2000ms/v3_2000_00727.avi,2000,C,B,,-1.6855,-1.2324,-1.3105,-1.5605,8,a,B,B
order_real,data/videos_v3/int_2000ms/v3_2000_00728.avi,2000,1,0,-1.0727,-9.5744,-11.5354,-12.7151,-11.6682,8,b,No,No
order_rev,data/videos_v3/int_2000ms/v3_2000_00728.avi,2000,1,0,-1.1077,-9.6252,-12.1642,-13.0002,-11.8205,8,b,No,No
order_forced,data/videos_v3/int_2000ms/v3_2000_00728.avi,2000,1,1,0.4687,-0.5355,-1.0042,-3.7699,-5.8167,8,b,A,A
interval,data/videos_v3/int_2000ms/v3_2000_00728.avi,2000,C,B,,-1.7423,-1.2891,-1.336,-1.3829,8,b,B,B
order_real,data/videos_v3/int_2000ms/v3_2000_00729.avi,2000,1,0,-1.3488,-9.5923,-11.7798,-12.6236,-11.5611,8,b,No,No
order_rev,data/videos_v3/int_2000ms/v3_2000_00729.avi,2000,1,0,-1.0684,-9.4963,-12.0823,-12.8401,-11.7385,8,b,No,No
order_forced,data/videos_v3/int_2000ms/v3_2000_00729.avi,2000,1,1,0.4375,-0.5417,-0.9792,-3.8855,-6.0574,8,b,A,A
interval,data/videos_v3/int_2000ms/v3_2000_00729.avi,2000,C,B,,-1.5774,-1.1712,-1.3743,-1.5774,8,b,B,B
order_real,data/videos_v3/int_2000ms/v3_2000_00730.avi,2000,1,0,-0.683,-9.188,-11.7661,-12.188,-11.6567,8,a,No,No
order_rev,data/videos_v3/int_2000ms/v3_2000_00730.avi,2000,1,0,-1.1023,-9.2634,-12.0447,-12.4197,-11.7244,8,a,No,No
order_forced,data/videos_v3/int_2000ms/v3_2000_00730.avi,2000,1,1,0.5468,-0.5049,-1.0517,-3.5205,-5.833,8,a,A,A
interval,data/videos_v3/int_2000ms/v3_2000_00730.avi,2000,C,B,,-1.5205,-1.3174,-1.3799,-1.583,8,a,B,B
order_real,data/videos_v3/int_2000ms/v3_2000_00731.avi,2000,1,0,-1.0309,-9.336,-11.5001,-12.3594,-11.461,8,b,No,No
order_rev,data/videos_v3/int_2000ms/v3_2000_00731.avi,2000,1,0,-0.3162,-8.988,-11.4958,-12.0974,-11.4255,8,b,No,No
order_forced,data/videos_v3/int_2000ms/v3_2000_00731.avi,2000,1,1,0.375,-0.5601,-0.9351,-3.8726,-5.4663,8,b,A,A
interval,data/videos_v3/int_2000ms/v3_2000_00731.avi,2000,C,B,,-1.623,-1.2637,-1.3418,-1.4824,8,b,B,B
order_real,data/videos_v3/int_2000ms/v3_2000_00732.avi,2000,1,0,-0.6512,-9.271,-11.4507,-12.2476,-11.3413,8,b,No,No
order_rev,data/videos_v3/int_2000ms/v3_2000_00732.avi,2000,1,0,-0.7543,-9.1883,-11.8289,-12.3758,-11.5789,8,b,No,No
order_forced,data/videos_v3/int_2000ms/v3_2000_00732.avi,2000,1,1,0.2812,-0.6097,-0.8909,-3.5472,-5.7191,8,b,A,A
interval,data/videos_v3/int_2000ms/v3_2000_00732.avi,2000,C,B,,-1.6248,-1.1717,-1.3748,-1.5467,8,b,B,B
order_real,data/videos_v3/int_2000ms/v3_2000_00733.avi,2000,1,0,-0.8456,-9.3192,-11.8895,-12.202,-11.6473,8,a,No,No
order_rev,data/videos_v3/int_2000ms/v3_2000_00733.avi,2000,1,0,-0.736,-9.1846,-11.958,-12.2393,-11.6299,8,a,No,No
order_forced,data/videos_v3/int_2000ms/v3_2000_00733.avi,2000,1,1,0.4219,-0.5562,-0.9781,-3.3375,-5.7281,8,a,A,A
interval,data/videos_v3/int_2000ms/v3_2000_00733.avi,2000,C,B,,-1.6323,-1.2729,-1.3667,-1.4917,8,a,B,B
order_real,data/videos_v3/int_2000ms/v3_2000_00734.avi,2000,0,0,-1.0638,-9.5185,-11.4403,-12.4091,-11.7216,8,b,No,No
order_rev,data/videos_v3/int_2000ms/v3_2000_00734.avi,2000,0,0,-1.0714,-9.4957,-11.9176,-12.691,-11.9801,8,b,No,No
order_forced,data/videos_v3/int_2000ms/v3_2000_00734.avi,2000,0,1,0.4375,-0.5499,-0.9874,-3.8156,-6.2999,8,b,A,A
interval,data/videos_v3/int_2000ms/v3_2000_00734.avi,2000,C,B,,-1.5344,-1.2376,-1.4094,-1.5032,8,b,B,B
order_real,data/videos_v3/int_2000ms/v3_2000_00735.avi,2000,1,0,-0.5548,-9.3438,-11.5313,-12.4688,-11.5704,8,b,No,No
order_rev,data/videos_v3/int_2000ms/v3_2000_00735.avi,2000,1,0,-0.6156,-9.0685,-11.4357,-12.5294,-11.4826,8,b,No,No
order_forced,data/videos_v3/int_2000ms/v3_2000_00735.avi,2000,1,1,0.375,-0.5558,-0.9308,-4.0871,-5.8371,8,b,A,A
interval,data/videos_v3/int_2000ms/v3_2000_00735.avi,2000,C,B,,-1.5901,-1.2933,-1.3089,-1.5433,8,b,B,B
order_real,data/videos_v3/int_2000ms/v3_2000_00736.avi,2000,1,0,-1.0124,-9.4537,-11.6178,-12.5553,-11.6334,8,b,No,No
order_rev,data/videos_v3/int_2000ms/v3_2000_00736.avi,2000,1,0,-1.0517,-9.4074,-12.0246,-12.7043,-11.8059,8,b,No,No
order_forced,data/videos_v3/int_2000ms/v3_2000_00736.avi,2000,1,1,0.375,-0.5591,-0.9341,-4.0591,-6.0279,8,b,A,A
interval,data/videos_v3/int_2000ms/v3_2000_00736.avi,2000,C,B,,-1.7616,-1.1679,-1.371,-1.496,8,b,B,B
order_real,data/videos_v3/int_2000ms/v3_2000_00737.avi,2000,1,0,-1.1227,-9.2998,-11.4951,-12.4639,-11.5108,8,a,No,No
order_rev,data/videos_v3/int_2000ms/v3_2000_00737.avi,2000,1,0,-0.4971,-9.1053,-11.7147,-12.4334,-11.41,8,a,No,No
order_forced,data/videos_v3/int_2000ms/v3_2000_00737.avi,2000,1,1,0.4375,-0.551,-0.9885,-3.7854,-5.9729,8,a,A,A
interval,data/videos_v3/int_2000ms/v3_2000_00737.avi,2000,C,B,,-1.6345,-1.2439,-1.322,-1.5407,8,a,B,B
order_real,data/videos_v3/int_2000ms/v3_2000_00738.avi,2000,1,0,-0.8583,-9.551,-11.6916,-12.5041,-11.7385,8,b,No,No
order_rev,data/videos_v3/int_2000ms/v3_2000_00738.avi,2000,1,0,-0.9799,-9.4415,-11.965,-12.754,-11.8478,8,b,No,No
order_forced,data/videos_v3/int_2000ms/v3_2000_00738.avi,2000,1,1,0.5937,-0.4981,-1.0918,-3.7325,-6.0762,8,b,A,A
interval,data/videos_v3/int_2000ms/v3_2000_00738.avi,2000,C,B,,-1.6197,-1.2135,-1.3228,-1.5572,8,b,B,B
order_real,data/videos_v3/int_2000ms/v3_2000_00739.avi,2000,1,0,-0.482,-9.264,-11.389,-12.3578,-11.4203,8,b,No,No
order_rev,data/videos_v3/int_2000ms/v3_2000_00739.avi,2000,1,0,-0.5708,-9.2469,-11.6844,-12.5829,-11.4657,8,b,No,No
order_forced,data/videos_v3/int_2000ms/v3_2000_00739.avi,2000,1,1,0.3907,-0.5476,-0.9383,-4.0164,-5.5789,8,b,A,A
interval,data/videos_v3/int_2000ms/v3_2000_00739.avi,2000,C,C,,-1.5755,-1.3411,-1.2786,-1.4817,8,b,C,C
order_real,data/videos_v3/int_2000ms/v3_2000_00740.avi,2000,0,0,-0.6679,-9.5984,-11.6766,-12.5437,-11.7937,8,a,No,No
order_rev,data/videos_v3/int_2000ms/v3_2000_00740.avi,2000,0,0,-0.8554,-9.3021,-11.5677,-12.4349,-11.6927,8,a,No,No
order_forced,data/videos_v3/int_2000ms/v3_2000_00740.avi,2000,0,1,0.5313,-0.4916,-1.0229,-3.976,-6.0697,8,a,A,A
interval,data/videos_v3/int_2000ms/v3_2000_00740.avi,2000,C,C,,-1.5292,-1.2792,-1.2792,-1.6073,8,a,C,C
order_real,data/videos_v3/int_2000ms/v3_2000_00741.avi,2000,0,0,-0.7311,-9.3851,-11.8148,-11.9163,-11.6976,8,b,No,No
order_rev,data/videos_v3/int_2000ms/v3_2000_00741.avi,2000,0,0,-1.0765,-9.4972,-12.1456,-12.4816,-11.8878,8,b,No,No
order_forced,data/videos_v3/int_2000ms/v3_2000_00741.avi,2000,0,1,0.4531,-0.5313,-0.9844,-3.6407,-6.0469,8,b,A,A
interval,data/videos_v3/int_2000ms/v3_2000_00741.avi,2000,C,B,,-1.5537,-1.2568,-1.4287,-1.5225,8,b,B,B
order_real,data/videos_v3/int_2000ms/v3_2000_00742.avi,2000,0,0,-0.7357,-9.5272,-11.8944,-12.7694,-11.7694,8,a,No,No.
order_rev,data/videos_v3/int_2000ms/v3_2000_00742.avi,2000,0,0,-0.9802,-9.5287,-12.1928,-13.0287,-11.8256,8,a,No,No
order_forced,data/videos_v3/int_2000ms/v3_2000_00742.avi,2000,0,1,0.4844,-0.5102,-0.9946,-4.0884,-5.8071,8,a,A,A
interval,data/videos_v3/int_2000ms/v3_2000_00742.avi,2000,C,B,,-1.675,-1.2375,-1.3782,-1.5188,8,a,B,B
order_real,data/videos_v3/int_2000ms/v3_2000_00743.avi,2000,1,0,-0.6463,-9.2743,-11.5321,-12.1649,-11.5711,8,a,No,No
order_rev,data/videos_v3/int_2000ms/v3_2000_00743.avi,2000,1,0,-0.7177,-8.911,-11.3797,-12.2703,-11.4266,8,a,No,No
order_forced,data/videos_v3/int_2000ms/v3_2000_00743.avi,2000,1,1,0.375,-0.5524,-0.9274,-4.0992,-5.943,8,a,A,A
interval,data/videos_v3/int_2000ms/v3_2000_00743.avi,2000,C,B,,-1.6093,-1.2655,-1.3593,-1.5936,8,a,B,B
order_real,data/videos_v3/int_2000ms/v3_2000_00744.avi,2000,1,0,-0.9463,-9.3111,-11.6626,-12.0923,-11.5923,8,a,No,No
order_rev,data/videos_v3/int_2000ms/v3_2000_00744.avi,2000,1,0,-0.6074,-9.2903,-12.0013,-12.5091,-11.72,8,a,No,No
order_forced,data/videos_v3/int_2000ms/v3_2000_00744.avi,2000,1,1,0.3281,-0.5936,-0.9217,-3.2967,-5.7967,8,a,A,A
interval,data/videos_v3/int_2000ms/v3_2000_00744.avi,2000,C,C,,-1.7234,-1.2703,-1.2703,-1.5203,8,a,C,C
order_real,data/videos_v3/int_2000ms/v3_2000_00745.avi,2000,1,0,-0.3911,-9.1083,-11.1005,-11.9287,-11.3037,8,a,No,No
order_rev,data/videos_v3/int_2000ms/v3_2000_00745.avi,2000,1,0,-0.4094,-9.0274,-11.4961,-12.2618,-11.4024,8,a,No,No
order_forced,data/videos_v3/int_2000ms/v3_2000_00745.avi,2000,1,1,0.3438,-0.5725,-0.9163,-3.7444,-5.8538,8,a,A,A
interval,data/videos_v3/int_2000ms/v3_2000_00745.avi,2000,C,B,,-1.5809,-1.2684,-1.3778,-1.534,8,a,B,B
order_real,data/videos_v3/int_2000ms/v3_2000_00746.avi,2000,1,0,-1.1207,-9.4765,-11.8983,-12.2108,-11.7108,8,b,No,No
order_rev,data/videos_v3/int_2000ms/v3_2000_00746.avi,2000,1,0,-0.7839,-9.316,-12.0191,-12.3863,-11.7769,8,b,No,No
order_forced,data/videos_v3/int_2000ms/v3_2000_00746.avi,2000,1,1,0.5,-0.5294,-1.0294,-3.4044,-5.8575,8,b,A,A
interval,data/videos_v3/int_2000ms/v3_2000_00746.avi,2000,C,B,,-1.5255,-1.2755,-1.3692,-1.5255,8,b,B,B
order_real,data/videos_v3/int_2000ms/v3_2000_00747.avi,2000,1,0,-0.5805,-9.2267,-11.7189,-12.0001,-11.5783,8,b,No,No
order_rev,data/videos_v3/int_2000ms/v3_2000_00747.avi,2000,1,0,-0.5013,-9.0221,-11.6315,-11.7565,-11.5299,8,b,No,No
order_forced,data/videos_v3/int_2000ms/v3_2000_00747.avi,2000,1,1,0.2343,-0.6424,-0.8767,-3.283,-6.2049,8,b,A,A
interval,data/videos_v3/int_2000ms/v3_2000_00747.avi,2000,C,B,,-1.5133,-1.2945,-1.3727,-1.482,8,b,B,B
order_real,data/videos_v3/int_2000ms/v3_2000_00748.avi,2000,1,0,-0.9617,-9.4811,-11.9968,-12.0202,-11.778,8,b,No,No
order_rev,data/videos_v3/int_2000ms/v3_2000_00748.avi,2000,1,0,-1.4373,-9.731,-12.5044,-12.7701,-12.1138,8,b,No,No
order_forced,data/videos_v3/int_2000ms/v3_2000_00748.avi,2000,1,1,0.5,-0.5252,-1.0252,-3.4002,-6.0252,8,b,A,A
interval,data/videos_v3/int_2000ms/v3_2000_00748.avi,2000,C,B,,-1.5086,-1.2898,-1.3836,-1.5086,8,b,B,B
order_real,data/videos_v3/int_2000ms/v3_2000_00749.avi,2000,0,0,-0.9102,-9.3496,-11.6152,-12.4277,-11.3964,8,b,No,No
order_rev,data/videos_v3/int_2000ms/v3_2000_00749.avi,2000,0,0,-1.4258,-9.4562,-12.0969,-12.7687,-11.7062,8,b,No,No
order_forced,data/videos_v3/int_2000ms/v3_2000_00749.avi,2000,0,1,0.375,-0.5527,-0.9277,-4.6152,-5.7246,8,b,A,A
interval,data/videos_v3/int_2000ms/v3_2000_00749.avi,2000,C,B,,-1.5219,-1.2094,-1.3969,-1.5844,8,b,B,B
order_real,data/videos_v3/int_2000ms/v3_2000_00750.avi,2000,1,0,-0.6902,-9.436,-11.5923,-12.6392,-11.6704,8,b,No,No
order_rev,data/videos_v3/int_2000ms/v3_2000_00750.avi,2000,1,0,-0.7545,-9.3218,-11.7984,-12.7359,-11.65,8,b,No,No
order_forced,data/videos_v3/int_2000ms/v3_2000_00750.avi,2000,1,1,0.3437,-0.5918,-0.9355,-4.0449,-5.8574,8,b,A,A
interval,data/videos_v3/int_2000ms/v3_2000_00750.avi,2000,C,B,,-1.6722,-1.2659,-1.2972,-1.5003,8,b,B,B
order_real,data/videos_v3/int_2000ms/v3_2000_00751.avi,2000,1,0,-0.6414,-9.2575,-11.5622,-12.2888,-11.445,8,a,No,No
order_rev,data/videos_v3/int_2000ms/v3_2000_00751.avi,2000,1,0,-0.5854,-8.9356,-11.3028,-11.9669,-11.3809,8,a,No,No
order_forced,data/videos_v3/int_2000ms/v3_2000_00751.avi,2000,1,1,0.3281,-0.5804,-0.9085,-4.2054,-5.7054,8,a,A,A
interval,data/videos_v3/int_2000ms/v3_2000_00751.avi,2000,C,B,,-1.5746,-1.2308,-1.3558,-1.5433,8,a,B,B
order_real,data/videos_v3/int_2000ms/v3_2000_00752.avi,2000,0,0,-0.8013,-9.3656,-11.6625,-12.3735,-11.6469,8,b,No,No
order_rev,data/videos_v3/int_2000ms/v3_2000_00752.avi,2000,0,0,-0.811,-9.2437,-11.9937,-12.5249,-11.7281,8,b,No,No
order_forced,data/videos_v3/int_2000ms/v3_2000_00752.avi,2000,0,1,0.5156,-0.4989,-1.0145,-4.077,-5.8895,8,b,A,A
interval,data/videos_v3/int_2000ms/v3_2000_00752.avi,2000,C,B,,-1.6078,-1.2328,-1.3734,-1.5609,8,b,B,B
order_real,data/videos_v3/int_2000ms/v3_2000_00753.avi,2000,1,0,-0.8535,-9.3156,-11.6125,-12.3859,-11.5812,8,a,No,No
order_rev,data/videos_v3/int_2000ms/v3_2000_00753.avi,2000,1,0,-1.0571,-9.2708,-11.8255,-12.6302,-11.7474,8,a,No,No
order_forced,data/videos_v3/int_2000ms/v3_2000_00753.avi,2000,1,1,0.5625,-0.4845,-1.047,-4.0626,-6.1095,8,a,A,A
interval,data/videos_v3/int_2000ms/v3_2000_00753.avi,2000,C,B,,-1.575,-1.1688,-1.5125,-1.6688,8,a,B,B
order_real,data/videos_v3/int_2000ms/v3_2000_00754.avi,2000,1,0,-1.3876,-9.5384,-11.9838,-12.6713,-11.5931,8,a,No,No
order_rev,data/videos_v3/int_2000ms/v3_2000_00754.avi,2000,1,0,-1.0292,-9.1162,-11.749,-12.538,-11.4443,8,a,No,No
order_forced,data/videos_v3/int_2000ms/v3_2000_00754.avi,2000,1,1,0.5,-0.5104,-1.0104,-4.0416,-5.4323,8,a,A,A
interval,data/videos_v3/int_2000ms/v3_2000_00754.avi,2000,C,B,,-1.6907,-1.2532,-1.3469,-1.4719,8,a,B,B
order_real,data/videos_v3/int_2000ms/v3_2000_00755.avi,2000,1,0,-0.9981,-9.48,-11.48,-12.6753,-11.5738,8,a,No,No
order_rev,data/videos_v3/int_2000ms/v3_2000_00755.avi,2000,1,0,-0.8993,-9.3927,-11.8068,-12.799,-11.5881,8,a,No,No
order_forced,data/videos_v3/int_2000ms/v3_2000_00755.avi,2000,1,1,0.4375,-0.5525,-0.99,-3.8025,-6.2088,8,a,A,A
interval,data/videos_v3/int_2000ms/v3_2000_00755.avi,2000,C,B,,-1.7088,-1.2088,-1.3182,-1.5213,8,a,B,B
order_real,data/videos_v3/int_2000ms/v3_2000_00756.avi,2000,1,0,-1.0045,-9.4099,-11.5661,-12.0974,-11.5661,8,b,No,No
order_rev,data/videos_v3/int_2000ms/v3_2000_00756.avi,2000,1,0,-1.8079,-9.8193,-12.499,-12.9443,-12.1396,8,b,No,No
order_forced,data/videos_v3/int_2000ms/v3_2000_00756.avi,2000,1,1,0.3437,-0.573,-0.9167,-3.8542,-6.3698,8,b,A,A
interval,data/videos_v3/int_2000ms/v3_2000_00756.avi,2000,C,B,,-1.5915,-1.1227,-1.404,-1.654,8,b,B,B
order_real,data/videos_v3/int_2000ms/v3_2000_00757.avi,2000,1,0,-0.3195,-9.3053,-11.3365,-12.024,-11.5318,8,b,No,No
order_rev,data/videos_v3/int_2000ms/v3_2000_00757.avi,2000,1,0,-0.4818,-9.4631,-11.8381,-12.5491,-11.7756,8,b,No,No
order_forced,data/videos_v3/int_2000ms/v3_2000_00757.avi,2000,1,1,0.4687,-0.5404,-1.0091,-3.2904,-5.681,8,b,A,A
interval,data/videos_v3/int_2000ms/v3_2000_00757.avi,2000,C,B,,-1.6656,-1.2593,-1.2749,-1.4937,8,b,B,B
order_real,data/videos_v3/int_2000ms/v3_2000_00758.avi,2000,1,0,-0.7337,-9.2014,-11.2014,-12.053,-11.3733,8,b,No,No
order_rev,data/videos_v3/int_2000ms/v3_2000_00758.avi,2000,1,0,-0.9785,-9.3702,-11.878,-12.5655,-11.5655,8,b,No,No
order_forced,data/videos_v3/int_2000ms/v3_2000_00758.avi,2000,1,1,0.3125,-0.581,-0.8935,-3.9403,-6.1747,8,b,A,A
interval,data/videos_v3/int_2000ms/v3_2000_00758.avi,2000,C,B,,-1.6352,-1.1352,-1.4009,-1.5884,8,b,B,B
order_real,data/videos_v3/int_2000ms/v3_2000_00759.avi,2000,0,0,-1.5332,-9.8186,-12.0451,-12.9592,-11.8342,8,a,No,No
order_rev,data/videos_v3/int_2000ms/v3_2000_00759.avi,2000,0,0,-1.204,-9.4756,-12.0693,-12.8584,-11.7256,8,a,No,No
order_forced,data/videos_v3/int_2000ms/v3_2000_00759.avi,2000,0,1,0.4531,-0.5355,-0.9886,-3.7386,-5.8636,8,a,A,A
interval,data/videos_v3/int_2000ms/v3_2000_00759.avi,2000,C,B,,-1.6361,-1.183,-1.3549,-1.5424,8,a,B,B
order_real,data/videos_v3/int_2000ms/v3_2000_00760.avi,2000,1,0,-0.6892,-9.2901,-11.6026,-11.9386,-11.5245,8,a,No,No
order_rev,data/videos_v3/int_2000ms/v3_2000_00760.avi,2000,1,0,-0.4377,-9.3248,-11.7544,-12.2857,-11.5123,8,a,No,No
order_forced,data/videos_v3/int_2000ms/v3_2000_00760.avi,2000,1,1,0.2187,-0.6337,-0.8524,-3.5556,-5.8993,8,a,A,A
interval,data/videos_v3/int_2000ms/v3_2000_00760.avi,2000,C,B,,-1.5434,-1.1997,-1.3559,-1.6215,8,a,B,B
order_real,data/videos_v3/int_2000ms/v3_2000_00761.avi,2000,1,0,-0.569,-9.1769,-11.5753,-11.88,-11.505,8,b,No,No
order_rev,data/videos_v3/int_2000ms/v3_2000_00761.avi,2000,1,0,-0.6424,-9.2272,-11.8834,-12.4147,-11.6256,8,b,No,No
order_forced,data/videos_v3/int_2000ms/v3_2000_00761.avi,2000,1,1,0.3281,-0.5814,-0.9095,-3.6283,-5.6908,8,b,A,A
interval,data/videos_v3/int_2000ms/v3_2000_00761.avi,2000,C,B,,-1.5954,-1.2673,-1.361,-1.486,8,b,B,B
order_real,data/videos_v3/int_2000ms/v3_2000_00762.avi,2000,0,0,-0.4571,-9.3446,-11.5243,-12.2118,-11.4696,8,a,No,No
order_rev,data/videos_v3/int_2000ms/v3_2000_00762.avi,2000,0,0,-0.6591,-9.1337,-11.5478,-12.0634,-11.4228,8,a,No,No
order_forced,data/videos_v3/int_2000ms/v3_2000_00762.avi,2000,0,1,0.4687,-0.5357,-1.0044,-3.5982,-5.5201,8,a,A,A
interval,data/videos_v3/int_2000ms/v3_2000_00762.avi,2000,C,B,,-1.4613,-1.2269,-1.3519,-1.6801,8,a,B,B
order_real,data/videos_v3/int_2000ms/v3_2000_00763.avi,2000,0,0,-1.0941,-9.2401,-11.4823,-12.2088,-11.3963,8,b,No,No
order_rev,data/videos_v3/int_2000ms/v3_2000_00763.avi,2000,0,0,-0.7809,-9.048,-11.5323,-12.1808,-11.4073,8,b,No,No
order_forced,data/videos_v3/int_2000ms/v3_2000_00763.avi,2000,0,1,0.5,-0.507,-1.007,-4.132,-5.5695,8,b,A,A
interval,data/videos_v3/int_2000ms/v3_2000_00763.avi,2000,C,B,,-1.6032,-1.2751,-1.322,-1.5407,8,b,B,B
order_real,data/videos_v3/int_2000ms/v3_2000_00764.avi,2000,0,0,-0.6656,-9.5483,-11.4467,-12.4077,-11.7827,8,b,No,No
order_rev,data/videos_v3/int_2000ms/v3_2000_00764.avi,2000,0,0,-0.7733,-9.313,-11.4771,-12.4614,-11.6802,8,b,No,No
order_forced,data/videos_v3/int_2000ms/v3_2000_00764.avi,2000,0,1,0.6094,-0.4892,-1.0986,-3.5673,-6.2548,8,b,A,A
interval,data/videos_v3/int_2000ms/v3_2000_00764.avi,2000,C,B,,-1.6524,-1.1993,-1.3243,-1.5274,8,b,B,B
order_real,data/videos_v3/int_2000ms/v3_2000_00765.avi,2000,1,0,-0.5786,-9.2125,-11.2672,-12.1734,-11.3922,8,a,No,No
order_rev,data/videos_v3/int_2000ms/v3_2000_00765.avi,2000,1,0,-0.7929,-9.2068,-11.8084,-12.5193,-11.6521,8,a,No,No
order_forced,data/videos_v3/int_2000ms/v3_2000_00765.avi,2000,1,1,0.4688,-0.5207,-0.9895,-4.0676,-6.1145,8,a,A,A
interval,data/videos_v3/int_2000ms/v3_2000_00765.avi,2000,C,B,,-1.5752,-1.2471,-1.3721,-1.5127,8,a,B,B
order_real,data/videos_v3/int_2000ms/v3_2000_00766.avi,2000,1,0,-1.1042,-9.5743,-11.8946,-12.2071,-11.8634,8,a,No,No
order_rev,data/videos_v3/int_2000ms/v3_2000_00766.avi,2000,1,0,-1.088,-9.4315,-12.2127,-12.2596,-11.9158,8,a,No,No
order_forced,data/videos_v3/int_2000ms/v3_2000_00766.avi,2000,1,1,0.3906,-0.5784,-0.969,-3.1878,-6.2503,8,a,A,A
interval,data/videos_v3/int_2000ms/v3_2000_00766.avi,2000,C,B,,-1.6129,-1.2379,-1.3785,-1.4879,8,a,B,B
order_real,data/videos_v3/int_2000ms/v3_2000_00767.avi,2000,0,0,-1.0249,-9.2929,-11.6523,-12.457,-11.4726,8,b,No,No
order_rev,data/videos_v3/int_2000ms/v3_2000_00767.avi,2000,0,0,-0.6723,-9.1314,-11.7251,-12.4751,-11.4439,8,b,No,No
order_forced,data/videos_v3/int_2000ms/v3_2000_00767.avi,2000,0,1,0.5157,-0.5001,-1.0158,-4.1876,-5.5158,8,b,A,A
interval,data/videos_v3/int_2000ms/v3_2000_00767.avi,2000,C,B,,-1.5262,-1.2918,-1.3387,-1.5574,8,b,B,B
order_real,data/videos_v3/int_2000ms/v3_2000_00768.avi,2000,0,0,-0.524,-9.2619,-11.3557,-12.0354,-11.4416,8,b,No,No
order_rev,data/videos_v3/int_2000ms/v3_2000_00768.avi,2000,0,0,-0.4757,-9.1697,-11.5682,-12.2635,-11.4041,8,b,No,No
order_forced,data/videos_v3/int_2000ms/v3_2000_00768.avi,2000,0,1,0.3593,-0.5897,-0.949,-3.2147,-5.8084,8,b,A,A
interval,data/videos_v3/int_2000ms/v3_2000_00768.avi,2000,C,B,,-1.4829,-1.2954,-1.311,-1.6079,8,b,B,B
order_real,data/videos_v3/int_2000ms/v3_2000_00769.avi,2000,0,0,-1.003,-9.5389,-11.8045,-12.617,-11.6951,8,b,No,No
order_rev,data/videos_v3/int_2000ms/v3_2000_00769.avi,2000,0,0,-0.9072,-9.2487,-11.8737,-12.5143,-11.6237,8,b,No,No
order_forced,data/videos_v3/int_2000ms/v3_2000_00769.avi,2000,0,1,0.5625,-0.4876,-1.0501,-3.9876,-5.7376,8,b,A,A
interval,data/videos_v3/int_2000ms/v3_2000_00769.avi,2000,C,B,,-1.6766,-1.1922,-1.3797,-1.5516,8,b,B,B
order_real,data/videos_v3/int_2000ms/v3_2000_00770.avi,2000,0,0,-0.6194,-9.1834,-11.5975,-12.4022,-11.4647,8,b,No,No
order_rev,data/videos_v3/int_2000ms/v3_2000_00770.avi,2000,0,0,-0.7086,-9.0296,-11.6468,-12.4437,-11.3968,8,b,No,No
order_forced,data/videos_v3/int_2000ms/v3_2000_00770.avi,2000,0,1,0.4687,-0.5206,-0.9893,-4.0675,-5.4581,8,b,A,A
interval,data/videos_v3/int_2000ms/v3_2000_00770.avi,2000,C,B,,-1.5356,-1.3169,-1.3794,-1.6294,8,b,B,B
order_real,data/videos_v3/int_2000ms/v3_2000_00771.avi,2000,0,0,-0.9842,-9.5386,-11.6558,-12.1714,-11.5854,8,a,No,No
order_rev,data/videos_v3/int_2000ms/v3_2000_00771.avi,2000,0,0,-1.5674,-9.7737,-12.305,-12.8675,-11.9846,8,a,No,No
order_forced,data/videos_v3/int_2000ms/v3_2000_00771.avi,2000,0,1,0.2812,-0.5997,-0.8809,-3.709,-6.334,8,a,A,A
interval,data/videos_v3/int_2000ms/v3_2000_00771.avi,2000,C,B,,-1.6536,-1.1224,-1.3567,-1.638,8,a,B,B
order_real,data/videos_v3/int_2000ms/v3_2000_00772.avi,2000,1,0,-1.3037,-9.4965,-11.9809,-12.6684,-11.7622,8,a,No,No
order_rev,data/videos_v3/int_2000ms/v3_2000_00772.avi,2000,1,0,-0.973,-9.043,-11.6914,-12.543,-11.5352,8,a,No,No
order_forced,data/videos_v3/int_2000ms/v3_2000_00772.avi,2000,1,1,0.5,-0.5152,-1.0152,-4.2495,-6.0464,8,a,A,A
interval,data/videos_v3/int_2000ms/v3_2000_00772.avi,2000,C,B,,-1.5955,-1.2361,-1.3455,-1.5643,8,a,B,B
order_real,data/videos_v3/int_2000ms/v3_2000_00773.avi,2000,0,0,-0.549,-9.2362,-11.5643,-12.3925,-11.4628,8,a,No,No
order_rev,data/videos_v3/int_2000ms/v3_2000_00773.avi,2000,0,0,-0.7302,-9.2664,-12.0008,-12.6493,-11.6805,8,a,No,No.
order_forced,data/videos_v3/int_2000ms/v3_2000_00773.avi,2000,0,1,0.3125,-0.5868,-0.8993,-3.7587,-5.5087,8,a,A,A
interval,data/videos_v3/int_2000ms/v3_2000_00773.avi,2000,C,B,,-1.5607,-1.2638,-1.3732,-1.5607,8,a,B,B
order_real,data/videos_v3/int_2000ms/v3_2000_00774.avi,2000,0,0,-0.9081,-9.4026,-11.8089,-11.9573,-11.6995,8,b,No,No
order_rev,data/videos_v3/int_2000ms/v3_2000_00774.avi,2000,0,0,-1.1577,-9.5265,-12.2453,-12.6437,-11.9172,8,b,No,No
order_forced,data/videos_v3/int_2000ms/v3_2000_00774.avi,2000,0,1,0.5938,-0.4969,-1.0907,-3.3407,-6.1532,8,b,A,A
interval,data/videos_v3/int_2000ms/v3_2000_00774.avi,2000,C,B,,-1.6811,-1.2436,-1.3686,-1.4467,8,b,B,B
order_real,data/videos_v3/int_2000ms/v3_2000_00775.avi,2000,1,0,-0.7309,-9.4623,-11.7982,-12.1732,-11.7279,8,b,No,No
order_rev,data/videos_v3/int_2000ms/v3_2000_00775.avi,2000,1,0,-0.7941,-9.1211,-11.8007,-11.8945,-11.6523,8,b,No,No
order_forced,data/videos_v3/int_2000ms/v3_2000_00775.avi,2000,1,1,0.4531,-0.5389,-0.992,-3.2732,-5.6795,8,b,A,A
interval,data/videos_v3/int_2000ms/v3_2000_00775.avi,2000,C,B,,-1.6121,-1.2684,-1.3777,-1.5027,8,b,B,B
order_real,data/videos_v3/int_2000ms/v3_2000_00776.avi,2000,1,0,-0.7708,-9.4303,-11.5944,-12.235,-11.5163,8,b,No,No
order_rev,data/videos_v3/int_2000ms/v3_2000_00776.avi,2000,1,0,-0.746,-9.6497,-12.2434,-12.7434,-11.8528,8,b,No,No
order_forced,data/videos_v3/int_2000ms/v3_2000_00776.avi,2000,1,1,0.5313,-0.5099,-1.0412,-3.4318,-5.9162,8,b,A,A
interval,data/videos_v3/int_2000ms/v3_2000_00776.avi,2000,C,B,,-1.6766,-1.1923,-1.3485,-1.5048,8,b,B,B
order_real,data/videos_v3/int_2000ms/v3_2000_00777.avi,2000,1,0,-1.1991,-9.3709,-11.7225,-12.1756,-11.6444,8,b,No,No
order_rev,data/videos_v3/int_2000ms/v3_2000_00777.avi,2000,1,0,-0.6948,-9.1755,-11.738,-12.3943,-11.5505,8,b,No,No
order_forced,data/videos_v3/int_2000ms/v3_2000_00777.avi,2000,1,1,0.3906,-0.5645,-0.9551,-3.7989,-5.877,8,b,A,A
interval,data/videos_v3/int_2000ms/v3_2000_00777.avi,2000,C,B,,-1.5985,-1.2703,-1.3172,-1.5203,8,b,B,B
order_real,data/videos_v3/int_2000ms/v3_2000_00778.avi,2000,0,0,-0.9944,-9.3914,-11.8992,-12.2039,-11.7117,8,a,No,No.
order_rev,data/videos_v3/int_2000ms/v3_2000_00778.avi,2000,0,0,-0.9998,-9.2649,-12.0383,-12.4133,-11.7024,8,a,No,No
order_forced,data/videos_v3/int_2000ms/v3_2000_00778.avi,2000,0,1,0.3281,-0.5943,-0.9224,-3.438,-6.3755,8,a,A,A
interval,data/videos_v3/int_2000ms/v3_2000_00778.avi,2000,C,B,,-1.5849,-1.288,-1.3974,-1.4599,8,a,B,B
order_real,data/videos_v3/int_2000ms/v3_2000_00779.avi,2000,0,0,-0.9411,-9.4832,-11.4286,-12.5536,-11.577,8,a,No,No
order_rev,data/videos_v3/int_2000ms/v3_2000_00779.avi,2000,0,0,-0.5787,-9.3801,-11.9739,-12.6848,-11.7864,8,a,No,No
order_forced,data/videos_v3/int_2000ms/v3_2000_00779.avi,2000,0,1,0.3282,-0.5738,-0.902,-3.7613,-5.9801,8,a,A,A
interval,data/videos_v3/int_2000ms/v3_2000_00779.avi,2000,C,B,,-1.5784,-1.2034,-1.3909,-1.6096,8,a,B,B
order_real,data/videos_v3/int_2000ms/v3_2000_00780.avi,2000,1,0,-1.4198,-9.5009,-11.8993,-12.6337,-11.6493,8,b,No,No
order_rev,data/videos_v3/int_2000ms/v3_2000_00780.avi,2000,1,0,-0.8786,-9.1468,-11.7405,-12.5296,-11.389,8,b,No,No
order_forced,data/videos_v3/int_2000ms/v3_2000_00780.avi,2000,1,1,0.3594,-0.5606,-0.92,-4.4512,-6.0606,8,b,A,A
interval,data/videos_v3/int_2000ms/v3_2000_00780.avi,2000,C,B,,-1.5144,-1.2332,-1.3894,-1.6238,8,b,B,B
order_real,data/videos_v3/int_2000ms/v3_2000_00781.avi,2000,1,0,-1.3655,-9.769,-11.9955,-12.7533,-11.7611,8,b,No,No
order_rev,data/videos_v3/int_2000ms/v3_2000_00781.avi,2000,1,0,-0.8698,-9.3292,-11.8604,-12.5479,-11.6495,8,b,No,No
order_forced,data/videos_v3/int_2000ms/v3_2000_00781.avi,2000,1,1,0.3594,-0.5668,-0.9262,-4.3012,-6.1605,8,b,A,A
interval,data/videos_v3/int_2000ms/v3_2000_00781.avi,2000,C,B,,-1.6592,-1.1592,-1.4092,-1.5498,8,b,B,B
order_real,data/videos_v3/int_2000ms/v3_2000_00782.avi,2000,0,0,-0.9329,-9.5347,-11.8706,-12.6519,-11.7456,8,a,No,No
order_rev,data/videos_v3/int_2000ms/v3_2000_00782.avi,2000,0,0,-0.9268,-9.432,-12.1742,-12.6664,-11.8773,8,a,No,No
order_forced,data/videos_v3/int_2000ms/v3_2000_00782.avi,2000,0,1,0.5156,-0.4974,-1.013,-4.0286,-5.6068,8,a,A,A
interval,data/videos_v3/int_2000ms/v3_2000_00782.avi,2000,C,B,,-1.5946,-1.2509,-1.4227,-1.6102,8,a,B,B
order_real,data/videos_v3/int_2000ms/v3_2000_00783.avi,2000,0,0,-0.6513,-9.5252,-11.744,-12.4783,-11.6815,8,b,No,No
order_rev,data/videos_v3/int_2000ms/v3_2000_00783.avi,2000,0,0,-0.6098,-9.1617,-11.6539,-12.3492,-11.6226,8,b,No,No
order_forced,data/videos_v3/int_2000ms/v3_2000_00783.avi,2000,0,1,0.3438,-0.5642,-0.908,-4.0799,-6.0799,8,b,A,A
interval,data/videos_v3/int_2000ms/v3_2000_00783.avi,2000,C,B,,-1.5726,-1.2601,-1.3695,-1.5257,8,b,B,B
order_real,data/videos_v3/int_2000ms/v3_2000_00784.avi,2000,0,0,-0.9171,-9.3661,-11.3974,-12.4755,-11.4677,8,b,No,No
order_rev,data/videos_v3/int_2000ms/v3_2000_00784.avi,2000,0,0,-0.5287,-9.1293,-11.4809,-12.4809,-11.3871,8,b,No,No
order_forced,data/videos_v3/int_2000ms/v3_2000_00784.avi,2000,0,1,0.3281,-0.5807,-0.9088,-3.862,-5.737,8,b,A,A
interval,data/videos_v3/int_2000ms/v3_2000_00784.avi,2000,C,B,,-1.6482,-1.2263,-1.3201,-1.5076,8,b,B,B
order_real,data/videos_v3/int_2000ms/v3_2000_00785.avi,2000,1,0,-0.8388,-9.4679,-11.5695,-12.2023,-11.6945,8,b,No,No
order_rev,data/videos_v3/int_2000ms/v3_2000_00785.avi,2000,1,0,-0.6405,-9.2998,-11.667,-12.4327,-11.6592,8,b,No,No
order_forced,data/videos_v3/int_2000ms/v3_2000_00785.avi,2000,1,1,0.5312,-0.5082,-1.0394,-3.5082,-5.9925,8,b,A,A
interval,data/videos_v3/int_2000ms/v3_2000_00785.avi,2000,C,B,,-1.6289,-1.1914,-1.3633,-1.5039,8,b,B,B
order_real,data/videos_v3/int_2000ms/v3_2000_00786.avi,2000,1,0,-0.5053,-9.1121,-11.2684,-11.9559,-11.37,8,b,No,No
order_rev,data/videos_v3/int_2000ms/v3_2000_00786.avi,2000,1,0,-0.8152,-9.053,-11.6233,-12.1936,-11.4046,8,b,No,No
order_forced,data/videos_v3/int_2000ms/v3_2000_00786.avi,2000,1,1,0.3282,-0.5864,-0.9146,-3.8521,-5.6021,8,b,A,A
interval,data/videos_v3/int_2000ms/v3_2000_00786.avi,2000,C,B,,-1.5417,-1.2448,-1.3542,-1.5886,8,b,B,B
order_real,data/videos_v3/int_2000ms/v3_2000_00787.avi,2000,1,0,-0.6036,-9.416,-11.3457,-12.2989,-11.7051,8,a,No,No
order_rev,data/videos_v3/int_2000ms/v3_2000_00787.avi,2000,1,0,-0.7871,-9.2164,-11.4742,-12.4117,-11.6461,8,a,No,No
order_forced,data/videos_v3/int_2000ms/v3_2000_00787.avi,2000,1,1,0.75,-0.4521,-1.2021,-3.6865,-6.3896,8,a,A,A
interval,data/videos_v3/int_2000ms/v3_2000_00787.avi,2000,C,B,,-1.724,-1.1615,-1.3333,-1.5052,8,a,B,B
order_real,data/videos_v3/int_2000ms/v3_2000_00788.avi,2000,0,0,-0.926,-9.4943,-11.7677,-12.2599,-11.6193,8,b,No,No
order_rev,data/videos_v3/int_2000ms/v3_2000_00788.avi,2000,0,0,-1.0403,-9.5281,-12.2078,-12.575,-11.9344,8,b,No,No
order_forced,data/videos_v3/int_2000ms/v3_2000_00788.avi,2000,0,1,0.2031,-0.6485,-0.8516,-3.4922,-6.6953,8,b,A,A
interval,data/videos_v3/int_2000ms/v3_2000_00788.avi,2000,C,B,,-1.6789,-1.1789,-1.382,-1.5539,8,b,B,B
order_real,data/videos_v3/int_2000ms/v3_2000_00789.avi,2000,0,0,-0.7377,-9.4692,-11.766,-12.5238,-11.6567,8,b,No,No.
order_rev,data/videos_v3/int_2000ms/v3_2000_00789.avi,2000,0,0,-1.2648,-9.2728,-11.9291,-12.7494,-11.7806,8,b,No,No
order_forced,data/videos_v3/int_2000ms/v3_2000_00789.avi,2000,0,1,0.4375,-0.5224,-0.9599,-4.3506,-6.3506,8,b,A,A
interval,data/videos_v3/int_2000ms/v3_2000_00789.avi,2000,C,B,,-1.5224,-1.2567,-1.413,-1.5536,8,b,B,B
order_real,data/videos_v3/int_2000ms/v3_2000_00790.avi,2000,1,0,-0.9639,-9.4763,-11.781,-12.6325,-11.5935,8,b,No,No
order_rev,data/videos_v3/int_2000ms/v3_2000_00790.avi,2000,1,0,-1.2375,-9.4275,-12.115,-12.9978,-11.865,8,b,No,No
order_forced,data/videos_v3/int_2000ms/v3_2000_00790.avi,2000,1,1,0.5781,-0.4884,-1.0665,-3.6134,-5.5978,8,b,A,A
interval,data/videos_v3/int_2000ms/v3_2000_00790.avi,2000,C,B,,-1.764,-1.2015,-1.3265,-1.4515,8,b,B,B
order_real,data/videos_v3/int_2000ms/v3_2000_00791.avi,2000,0,0,-1.2879,-9.6492,-11.8289,-12.5555,-11.7039,8,a,No,No
order_rev,data/videos_v3/int_2000ms/v3_2000_00791.avi,2000,0,0,-0.857,-9.6996,-12.2465,-12.7387,-11.8871,8,a,No,No
order_forced,data/videos_v3/int_2000ms/v3_2000_00791.avi,2000,0,1,0.375,-0.5671,-0.9421,-3.4577,-5.7546,8,a,A,A
interval,data/videos_v3/int_2000ms/v3_2000_00791.avi,2000,C,B,,-1.7946,-1.1384,-1.3259,-1.4977,8,a,B,B
order_real,data/videos_v3/int_2000ms/v3_2000_00792.avi,2000,1,0,-0.6591,-9.2862,-11.5362,-12.3565,-11.5206,8,b,No,No.
order_rev,data/videos_v3/int_2000ms/v3_2000_00792.avi,2000,1,0,-0.9406,-9.2074,-11.6215,-12.5668,-11.5512,8,b,No,No
order_forced,data/videos_v3/int_2000ms/v3_2000_00792.avi,2000,1,1,0.5625,-0.4882,-1.0507,-4.1288,-6.2226,8,b,A,A
interval,data/videos_v3/int_2000ms/v3_2000_00792.avi,2000,C,B,,-1.7152,-1.1371,-1.3871,-1.5433,8,b,B,B
order_real,data/videos_v3/int_2000ms/v3_2000_00793.avi,2000,1,0,-1.0346,-9.5925,-11.741,-12.6316,-11.7644,8,a,No,No
order_rev,data/videos_v3/int_2000ms/v3_2000_00793.avi,2000,1,0,-0.767,-9.3549,-11.7846,-12.4799,-11.7767,8,a,No,No
order_forced,data/videos_v3/int_2000ms/v3_2000_00793.avi,2000,1,1,0.5782,-0.4949,-1.0731,-3.6824,-5.6981,8,a,A,A
interval,data/videos_v3/int_2000ms/v3_2000_00793.avi,2000,C,B,,-1.611,-1.236,-1.3298,-1.5017,8,a,B,B
order_real,data/videos_v3/int_2000ms/v3_2000_00794.avi,2000,1,0,-0.6556,-9.4082,-11.4707,-12.4394,-11.5019,8,a,No,No
order_rev,data/videos_v3/int_2000ms/v3_2000_00794.avi,2000,1,0,-0.5377,-9.2398,-11.8804,-12.5211,-11.7086,8,a,No,No
order_forced,data/videos_v3/int_2000ms/v3_2000_00794.avi,2000,1,1,0.3438,-0.5704,-0.9142,-3.9142,-6.2111,8,a,A,A
interval,data/videos_v3/int_2000ms/v3_2000_00794.avi,2000,C,B,,-1.5848,-1.1786,-1.5067,-1.5067,8,a,B,B
order_real,data/videos_v3/int_2000ms/v3_2000_00795.avi,2000,1,0,-1.0695,-9.3748,-11.7342,-12.1873,-11.617,8,b,No,No
order_rev,data/videos_v3/int_2000ms/v3_2000_00795.avi,2000,1,0,-0.7894,-9.3251,-11.9501,-12.4344,-11.6376,8,b,No,No.
order_forced,data/videos_v3/int_2000ms/v3_2000_00795.avi,2000,1,1,0.4062,-0.5665,-0.9727,-3.5665,-5.9883,8,b,A,A
interval,data/videos_v3/int_2000ms/v3_2000_00795.avi,2000,C,B,,-1.6188,-1.2438,-1.3844,-1.5406,8,b,B,B
order_real,data/videos_v3/int_2000ms/v3_2000_00796.avi,2000,0,0,-0.8637,-9.272,-11.4438,-12.3032,-11.5454,8,a,No,No
order_rev,data/videos_v3/int_2000ms/v3_2000_00796.avi,2000,0,0,-0.8444,-9.2578,-11.7109,-12.5312,-11.6094,8,a,No,No
order_forced,data/videos_v3/int_2000ms/v3_2000_00796.avi,2000,0,1,0.4687,-0.5188,-0.9875,-3.9875,-6.175,8,a,A,A
interval,data/videos_v3/int_2000ms/v3_2000_00796.avi,2000,C,B,,-1.5996,-1.1465,-1.4121,-1.6465,8,a,B,B
order_real,data/videos_v3/int_2000ms/v3_2000_00797.avi,2000,1,0,-0.5357,-9.438,-11.5005,-12.1177,-11.5865,8,b,No,No
order_rev,data/videos_v3/int_2000ms/v3_2000_00797.avi,2000,1,0,-0.4923,-9.4954,-11.8782,-12.5501,-11.7844,8,b,No,No
order_forced,data/videos_v3/int_2000ms/v3_2000_00797.avi,2000,1,1,0.5469,-0.5068,-1.0537,-3.3662,-5.6475,8,b,A,A
interval,data/videos_v3/int_2000ms/v3_2000_00797.avi,2000,C,B,,-1.6936,-1.2717,-1.3186,-1.3967,8,b,B,B
order_real,data/videos_v3/int_2000ms/v3_2000_00798.avi,2000,0,0,-1.0385,-9.2855,-11.5668,-12.0824,-11.4574,8,a,No,No
order_rev,data/videos_v3/int_2000ms/v3_2000_00798.avi,2000,0,0,-0.92,-9.1351,-11.7522,-12.3069,-11.4554,8,a,No,No
order_forced,data/videos_v3/int_2000ms/v3_2000_00798.avi,2000,0,1,0.4375,-0.5701,-1.0076,-3.0857,-6.0076,8,a,A,A
interval,data/videos_v3/int_2000ms/v3_2000_00798.avi,2000,C,B,,-1.5865,-1.2271,-1.3521,-1.5865,8,a,B,B
order_real,data/videos_v3/int_2000ms/v3_2000_00799.avi,2000,1,0,-0.6177,-9.4388,-11.7044,-11.97,-11.6888,8,b,No,No
order_rev,data/videos_v3/int_2000ms/v3_2000_00799.avi,2000,1,0,-0.8904,-9.2115,-11.8287,-12.2428,-11.5787,8,b,No,No
order_forced,data/videos_v3/int_2000ms/v3_2000_00799.avi,2000,1,1,0.3906,-0.5677,-0.9583,-3.2552,-5.4896,8,b,A,A
interval,data/videos_v3/int_2000ms/v3_2000_00799.avi,2000,C,B,,-1.5706,-1.305,-1.3675,-1.5706,8,b,B,B
order_real,data/videos_v3/int_3000ms/v3_3000_00800.avi,3000,0,0,-1.2161,-9.4724,-11.9255,-12.2927,-11.6443,8,a,No,No
order_rev,data/videos_v3/int_3000ms/v3_3000_00800.avi,3000,0,0,-0.9866,-9.2426,-11.891,-12.2582,-11.5004,8,a,No,No
order_forced,data/videos_v3/int_3000ms/v3_3000_00800.avi,3000,0,1,0.4375,-0.5461,-0.9836,-3.4524,-5.3118,8,a,A,A
interval,data/videos_v3/int_3000ms/v3_3000_00800.avi,3000,C,B,,-1.5374,-1.2874,-1.3656,-1.5843,8,a,B,B
order_32f,data/videos_v3/int_3000ms/v3_3000_00800.avi,3000,0,0,-0.9364,-9.0667,-12.1839,-12.3167,-12.0042,32,a,No,No.
moved_real,data/videos_v3/int_3000ms/v3_3000_00800.avi,3000,1,0,-2.558,-10.2733,-13.703,-13.7577,-12.9296,8,a,No,No.
moved_twin,data/twin_v3/v3_3000_00800.avi,3000,0,0,-2.5378,-10.3115,-13.8037,-13.8272,-12.9756,8,a,No,No.
still_real,data/videos_v3/int_3000ms/v3_3000_00800.avi,3000,0,1,0.8489,-9.6033,-10.283,-12.408,-11.6658,8,a,Yes,"Yes, both shapes stayed still the whole"
still_twin,data/twin_v3/v3_3000_00800.avi,3000,1,1,0.7576,-9.6618,-10.2478,-12.4196,-11.6696,8,a,Yes,"Yes, both shapes stayed still the whole"
order_twin,data/twin_v3/v3_3000_00800.avi,3000,-1,0,-0.9687,-9.4836,-11.9992,-12.257,-11.718,8,a,No,No
moved_solo_hit,data/videos_v3/int_3000ms/v3_3000_00800_soloa.avi,3000,1,0,-2.5723,-10.311,-13.8266,-13.8501,-13.0063,8,a,No,No.
moved_solo_fa,data/videos_v3/int_3000ms/v3_3000_00800_solob.avi,3000,0,0,-2.5293,-10.2477,-13.6696,-13.7399,-12.904,8,a,No,No.
order_real,data/videos_v3/int_3000ms/v3_3000_00801.avi,3000,1,0,-1.1436,-9.569,-11.8971,-12.2252,-11.8893,8,a,No,No
order_rev,data/videos_v3/int_3000ms/v3_3000_00801.avi,3000,1,0,-1.6513,-9.7607,-12.6669,-12.7919,-12.206,8,a,No,No
order_forced,data/videos_v3/int_3000ms/v3_3000_00801.avi,3000,1,1,0.3438,-0.5788,-0.9226,-3.5788,-6.2976,8,a,A,A
interval,data/videos_v3/int_3000ms/v3_3000_00801.avi,3000,C,B,,-1.4591,-1.256,-1.4591,-1.5685,8,a,B,B
order_32f,data/videos_v3/int_3000ms/v3_3000_00801.avi,3000,1,0,-0.857,-9.2987,-12.2127,-12.3143,-12.3221,32,a,No,No. The blue circle did not move
moved_real,data/videos_v3/int_3000ms/v3_3000_00801.avi,3000,1,0,-2.6723,-10.6903,-13.9637,-14.1434,-13.3934,8,a,No,No.
moved_twin,data/twin_v3/v3_3000_00801.avi,3000,0,0,-2.6711,-10.6814,-13.9861,-14.1736,-13.4236,8,a,No,No.
still_real,data/videos_v3/int_3000ms/v3_3000_00801.avi,3000,0,1,0.384,-9.7744,-10.6806,-12.7822,-12.0869,8,a,Yes,"Yes, both shapes stayed still the whole"
still_twin,data/twin_v3/v3_3000_00801.avi,3000,1,1,0.2375,-9.7684,-10.6902,-12.8074,-12.0809,8,a,Yes,"Yes, both shapes stayed still the whole"
order_twin,data/twin_v3/v3_3000_00801.avi,3000,-1,0,-1.1018,-9.4923,-11.8361,-12.2111,-11.8595,8,a,No,No
moved_solo_hit,data/videos_v3/int_3000ms/v3_3000_00801_soloa.avi,3000,1,0,-2.7381,-10.7231,-14.0121,-14.184,-13.434,8,a,No,No.
moved_solo_fa,data/videos_v3/int_3000ms/v3_3000_00801_solob.avi,3000,0,0,-2.5908,-10.56,-13.8257,-14.0366,-13.2944,8,a,No,No.
order_real,data/videos_v3/int_3000ms/v3_3000_00802.avi,3000,0,0,-1.0285,-9.3597,-11.6332,-12.5472,-11.6332,8,a,No,No
order_rev,data/videos_v3/int_3000ms/v3_3000_00802.avi,3000,0,0,-0.5688,-9.2076,-11.8248,-12.5436,-11.5436,8,a,No,No
order_forced,data/videos_v3/int_3000ms/v3_3000_00802.avi,3000,0,1,0.5,-0.5216,-1.0216,-3.9122,-6.0684,8,a,A,A
interval,data/videos_v3/int_3000ms/v3_3000_00802.avi,3000,C,B,,-1.6447,-1.2385,-1.3322,-1.5197,8,a,B,B
order_32f,data/videos_v3/int_3000ms/v3_3000_00802.avi,3000,0,0,-0.8756,-8.9972,-11.9972,-12.6143,-11.9815,32,a,No,No.
moved_real,data/videos_v3/int_3000ms/v3_3000_00802.avi,3000,1,0,-2.0455,-9.8988,-13.391,-13.5785,-12.6254,8,a,No,No.
moved_twin,data/twin_v3/v3_3000_00802.avi,3000,0,0,-2.0466,-9.9383,-13.4383,-13.5945,-12.6726,8,a,No,No.
still_real,data/videos_v3/int_3000ms/v3_3000_00802.avi,3000,0,1,0.5131,-9.7787,-10.3569,-12.6694,-11.8647,8,a,Yes,"Yes, both shapes stayed still the entire"
still_twin,data/twin_v3/v3_3000_00802.avi,3000,1,1,0.3789,-9.8062,-10.4078,-12.6812,-11.8375,8,a,Yes,"Yes, both shapes stayed still the entire"
order_twin,data/twin_v3/v3_3000_00802.avi,3000,-1,0,-1.0337,-9.3118,-11.5696,-12.4837,-11.5931,8,a,No,No
moved_solo_hit,data/videos_v3/int_3000ms/v3_3000_00802_soloa.avi,3000,1,0,-2.0604,-9.9196,-13.4508,-13.6071,-12.6852,8,a,No,No.
moved_solo_fa,data/videos_v3/int_3000ms/v3_3000_00802_solob.avi,3000,0,0,-2.0491,-9.9533,-13.4064,-13.6017,-12.6329,8,a,No,No.
order_real,data/videos_v3/int_3000ms/v3_3000_00803.avi,3000,0,0,-0.5349,-9.2658,-11.4768,-11.8752,-11.4299,8,a,No,No
order_rev,data/videos_v3/int_3000ms/v3_3000_00803.avi,3000,0,0,-0.8331,-9.1319,-11.7491,-12.0928,-11.4835,8,a,No,No
order_forced,data/videos_v3/int_3000ms/v3_3000_00803.avi,3000,0,1,0.5781,-0.5011,-1.0792,-3.1261,-5.4698,8,a,A,A
interval,data/videos_v3/int_3000ms/v3_3000_00803.avi,3000,C,B,,-1.5133,-1.3258,-1.3414,-1.5914,8,a,B,B
order_32f,data/videos_v3/int_3000ms/v3_3000_00803.avi,3000,0,0,-0.5074,-9.0043,-11.9652,-12.059,-11.9574,32,a,No,No.
moved_real,data/videos_v3/int_3000ms/v3_3000_00803.avi,3000,1,0,-1.2286,-9.5352,-12.7461,-12.7227,-12.082,8,a,No,No.
moved_twin,data/twin_v3/v3_3000_00803.avi,3000,0,0,-1.2723,-9.4978,-12.7243,-12.7165,-12.1072,8,a,No,No.
still_real,data/videos_v3/int_3000ms/v3_3000_00803.avi,3000,0,1,0.0244,-9.6895,-10.5332,-12.5957,-11.7364,8,a,Yes,"Yes, both shapes stayed still the whole"
still_twin,data/twin_v3/v3_3000_00803.avi,3000,1,1,0.0681,-9.6494,-10.5791,-12.5479,-11.751,8,a,Yes,"Yes, both shapes stayed still the whole"
order_twin,data/twin_v3/v3_3000_00803.avi,3000,-1,0,-0.5729,-9.2755,-11.5177,-11.9005,-11.4786,8,a,No,No
moved_solo_hit,data/videos_v3/int_3000ms/v3_3000_00803_soloa.avi,3000,1,0,-1.2115,-9.4892,-12.7158,-12.7002,-12.083,8,a,No,No.
moved_solo_fa,data/videos_v3/int_3000ms/v3_3000_00803_solob.avi,3000,0,0,-1.2851,-9.5464,-12.7964,-12.7574,-12.1558,8,a,No,No.
order_real,data/videos_v3/int_3000ms/v3_3000_00804.avi,3000,1,0,-0.8937,-9.2411,-11.7723,-11.8895,-11.577,8,b,No,No
order_rev,data/videos_v3/int_3000ms/v3_3000_00804.avi,3000,1,0,-1.1025,-9.1822,-11.9635,-12.1197,-11.526,8,b,No,No
order_forced,data/videos_v3/int_3000ms/v3_3000_00804.avi,3000,1,1,0.375,-0.5869,-0.9619,-3.1807,-5.4932,8,b,A,A
interval,data/videos_v3/int_3000ms/v3_3000_00804.avi,3000,C,B,,-1.5778,-1.2497,-1.3903,-1.4997,8,b,B,B
order_32f,data/videos_v3/int_3000ms/v3_3000_00804.avi,3000,1,0,-0.8452,-8.7561,-11.9436,-11.8186,-11.7795,32,b,No,No.
moved_real,data/videos_v3/int_3000ms/v3_3000_00804.avi,3000,1,0,-2.0841,-9.86,-13.2507,-13.4929,-12.5085,8,b,No,No.
moved_twin,data/twin_v3/v3_3000_00804.avi,3000,0,0,-1.96,-9.8115,-13.21,-13.4365,-12.4365,8,b,No,No.
still_real,data/videos_v3/int_3000ms/v3_3000_00804.avi,3000,0,1,0.2443,-9.7072,-10.2932,-12.5822,-11.7229,8,b,Yes,"Yes, both shapes, the triangle and"
still_twin,data/twin_v3/v3_3000_00804.avi,3000,1,1,0.3429,-9.6937,-10.4594,-12.5687,-11.8031,8,b,Yes,"Yes, both shapes stayed still the whole"
order_twin,data/twin_v3/v3_3000_00804.avi,3000,-1,0,-0.7735,-9.2604,-11.7761,-11.9167,-11.5964,8,b,No,No
moved_solo_hit,data/videos_v3/int_3000ms/v3_3000_00804_solob.avi,3000,1,0,-2.1252,-9.8888,-13.3575,-13.545,-12.5685,8,b,No,No.
moved_solo_fa,data/videos_v3/int_3000ms/v3_3000_00804_soloa.avi,3000,0,0,-2.1071,-9.8967,-13.2796,-13.5296,-12.5139,8,b,No,No.
order_real,data/videos_v3/int_3000ms/v3_3000_00805.avi,3000,1,0,-0.8059,-9.2362,-11.6971,-11.9627,-11.5252,8,a,No,No
order_rev,data/videos_v3/int_3000ms/v3_3000_00805.avi,3000,1,0,-0.9036,-9.1938,-11.9438,-12.1391,-11.5922,8,a,No,No
order_forced,data/videos_v3/int_3000ms/v3_3000_00805.avi,3000,1,1,0.3906,-0.5695,-0.9601,-3.3038,-5.5695,8,a,A,A
interval,data/videos_v3/int_3000ms/v3_3000_00805.avi,3000,C,B,,-1.5903,-1.2778,-1.3716,-1.5122,8,a,B,B
order_32f,data/videos_v3/int_3000ms/v3_3000_00805.avi,3000,1,0,-0.8496,-8.9477,-12.0961,-12.0883,-11.9399,32,a,No,No.
moved_real,data/videos_v3/int_3000ms/v3_3000_00805.avi,3000,1,0,-1.7128,-9.7874,-13.053,-13.4046,-12.4124,8,a,No,No.
moved_twin,data/twin_v3/v3_3000_00805.avi,3000,0,0,-1.7502,-9.8485,-13.1297,-13.4266,-12.4188,8,a,No,No.
still_real,data/videos_v3/int_3000ms/v3_3000_00805.avi,3000,0,1,0.2111,-9.7783,-10.4501,-12.6923,-11.8173,8,a,Yes,"Yes, both shapes stayed still the whole"
still_twin,data/twin_v3/v3_3000_00805.avi,3000,1,1,0.0222,-9.7513,-10.6653,-12.6575,-11.7278,8,a,Yes,"Yes, both shapes stayed still the entire"
order_twin,data/twin_v3/v3_3000_00805.avi,3000,-1,0,-0.7982,-9.2079,-11.6376,-11.8954,-11.4501,8,a,No,No
moved_solo_hit,data/videos_v3/int_3000ms/v3_3000_00805_soloa.avi,3000,1,0,-1.7216,-9.7882,-13.046,-13.3898,-12.3898,8,a,No,No.
moved_solo_fa,data/videos_v3/int_3000ms/v3_3000_00805_solob.avi,3000,0,0,-1.7128,-9.8244,-13.1135,-13.4103,-12.4103,8,a,No,No.
order_real,data/videos_v3/int_3000ms/v3_3000_00806.avi,3000,0,0,-0.8844,-9.3878,-11.6613,-12.6066,-11.5832,8,b,No,No
order_rev,data/videos_v3/int_3000ms/v3_3000_00806.avi,3000,0,0,-0.9523,-9.1414,-11.6648,-12.5555,-11.5476,8,b,No,No
order_forced,data/videos_v3/int_3000ms/v3_3000_00806.avi,3000,0,1,0.3594,-0.5617,-0.9211,-4.3742,-5.8273,8,b,A,A
interval,data/videos_v3/int_3000ms/v3_3000_00806.avi,3000,C,B,,-1.442,-1.2389,-1.4108,-1.6764,8,b,B,B
order_32f,data/videos_v3/int_3000ms/v3_3000_00806.avi,3000,0,0,-0.5999,-8.8757,-11.657,-12.446,-11.7351,32,b,No,No.
moved_real,data/videos_v3/int_3000ms/v3_3000_00806.avi,3000,1,0,-2.0874,-10.1568,-13.4771,-13.7584,-12.7896,8,b,No,No.
moved_twin,data/twin_v3/v3_3000_00806.avi,3000,0,0,-2.0775,-10.0769,-13.3582,-13.6238,-12.6707,8,b,No,No.
still_real,data/videos_v3/int_3000ms/v3_3000_00806.avi,3000,0,1,0.4476,-9.6956,-10.3831,-12.6956,-11.8284,8,b,Yes,"Yes, both shapes stayed still the entire"
still_twin,data/twin_v3/v3_3000_00806.avi,3000,1,1,0.3599,-9.7152,-10.3402,-12.598,-11.7933,8,b,Yes,"Yes, both shapes stayed still the whole"
order_twin,data/twin_v3/v3_3000_00806.avi,3000,-1,0,-0.8803,-9.3224,-11.6037,-12.4865,-11.5021,8,b,No,No
moved_solo_hit,data/videos_v3/int_3000ms/v3_3000_00806_solob.avi,3000,1,0,-2.0443,-10.0244,-13.3291,-13.5869,-12.626,8,b,No,No.
moved_solo_fa,data/videos_v3/int_3000ms/v3_3000_00806_soloa.avi,3000,0,0,-2.0573,-10.1161,-13.4521,-13.7333,-12.8114,8,b,No,No.
order_real,data/videos_v3/int_3000ms/v3_3000_00807.avi,3000,1,0,-0.9903,-9.4225,-11.6569,-12.1725,-11.5319,8,b,No,No
order_rev,data/videos_v3/int_3000ms/v3_3000_00807.avi,3000,1,0,-0.5546,-9.345,-12.0013,-12.4466,-11.7513,8,b,No,No
order_forced,data/videos_v3/int_3000ms/v3_3000_00807.avi,3000,1,1,0.5312,-0.515,-1.0462,-3.2494,-6.0462,8,b,A,A
interval,data/videos_v3/int_3000ms/v3_3000_00807.avi,3000,C,B,,-1.6378,-1.2159,-1.3565,-1.5284,8,b,B,B
order_32f,data/videos_v3/int_3000ms/v3_3000_00807.avi,3000,1,0,-0.6708,-8.9544,-11.7357,-12.0169,-11.7123,32,b,No,No.
moved_real,data/videos_v3/int_3000ms/v3_3000_00807.avi,3000,1,0,-1.3039,-9.6787,-12.7178,-12.9287,-12.2491,8,b,No,No.
moved_twin,data/twin_v3/v3_3000_00807.avi,3000,0,0,-1.2183,-9.6088,-12.6635,-12.8822,-12.2338,8,b,No,No.
still_real,data/videos_v3/int_3000ms/v3_3000_00807.avi,3000,0,1,0.0742,-9.8068,-10.7678,-12.7834,-12.0178,8,b,Yes,"Yes, both shapes stayed still the whole"
still_twin,data/twin_v3/v3_3000_00807.avi,3000,1,1,0.0582,-9.8369,-10.8135,-12.8213,-12.0713,8,b,Yes,"Yes, both shapes stayed still the whole"
order_twin,data/twin_v3/v3_3000_00807.avi,3000,-1,0,-0.9879,-9.451,-11.7166,-12.24,-11.576,8,b,No,No
moved_solo_hit,data/videos_v3/int_3000ms/v3_3000_00807_solob.avi,3000,1,0,-1.307,-9.6425,-12.6738,-12.8769,-12.1972,8,b,No,No.
moved_solo_fa,data/videos_v3/int_3000ms/v3_3000_00807_soloa.avi,3000,0,0,-1.1682,-9.5712,-12.6571,-12.8837,-12.204,8,b,No,No.
order_real,data/videos_v3/int_3000ms/v3_3000_00808.avi,3000,1,0,-0.6623,-9.5909,-11.7003,-12.2706,-11.755,8,a,No,No
order_rev,data/videos_v3/int_3000ms/v3_3000_00808.avi,3000,1,0,-0.6798,-9.4784,-11.8143,-12.4159,-11.7753,8,a,No,No
order_forced,data/videos_v3/int_3000ms/v3_3000_00808.avi,3000,1,1,0.375,-0.5675,-0.9425,-3.7394,-6.4738,8,a,A,A
interval,data/videos_v3/int_3000ms/v3_3000_00808.avi,3000,C,B,,-1.64,-1.1713,-1.3275,-1.5619,8,a,B,B
order_32f,data/videos_v3/int_3000ms/v3_3000_00808.avi,3000,1,0,-0.2864,-9.0831,-11.7862,-11.7706,-11.9502,32,a,No,No.
moved_real,data/videos_v3/int_3000ms/v3_3000_00808.avi,3000,1,0,-1.1803,-9.7392,-12.9111,-12.6455,-12.3486,8,a,No,No.
moved_twin,data/twin_v3/v3_3000_00808.avi,3000,0,0,-1.2428,-9.6034,-12.7206,-12.5019,-12.244,8,a,No,No.
still_real,data/videos_v3/int_3000ms/v3_3000_00808.avi,3000,0,1,0.6913,-9.7718,-10.4124,-12.6546,-11.9436,8,a,Yes,"Yes, both shapes stayed still the whole"
still_twin,data/twin_v3/v3_3000_00808.avi,3000,1,1,0.353,-9.6317,-10.3895,-12.4755,-11.788,8,a,Yes,"Yes, both shapes stayed still the whole"
order_twin,data/twin_v3/v3_3000_00808.avi,3000,-1,0,-0.6196,-9.5164,-11.6102,-12.1805,-11.6961,8,a,No,No
moved_solo_hit,data/videos_v3/int_3000ms/v3_3000_00808_soloa.avi,3000,1,0,-1.1566,-9.6234,-12.7875,-12.5062,-12.2328,8,a,No,No.
moved_solo_fa,data/videos_v3/int_3000ms/v3_3000_00808_solob.avi,3000,0,0,-1.2331,-9.6562,-12.7734,-12.5859,-12.289,8,a,No,No.
order_real,data/videos_v3/int_3000ms/v3_3000_00809.avi,3000,1,0,-0.4487,-9.2,-11.4188,-12.1297,-11.4579,8,a,No,No
order_rev,data/videos_v3/int_3000ms/v3_3000_00809.avi,3000,1,0,-0.6395,-9.0913,-11.6382,-12.3725,-11.521,8,a,No,No
order_forced,data/videos_v3/int_3000ms/v3_3000_00809.avi,3000,1,1,0.4688,-0.5197,-0.9885,-3.8791,-5.551,8,a,A,A
interval,data/videos_v3/int_3000ms/v3_3000_00809.avi,3000,C,B,,-1.5139,-1.2952,-1.3264,-1.5921,8,a,B,B
order_32f,data/videos_v3/int_3000ms/v3_3000_00809.avi,3000,1,0,-0.5225,-8.8296,-11.7125,-12.1343,-11.8375,32,a,No,No.
moved_real,data/videos_v3/int_3000ms/v3_3000_00809.avi,3000,1,0,-0.8739,-9.3546,-12.5108,-12.6437,-11.9874,8,a,No,No.
moved_twin,data/twin_v3/v3_3000_00809.avi,3000,0,0,-0.8956,-9.3377,-12.5095,-12.6033,-11.9549,8,a,No,No.
still_real,data/videos_v3/int_3000ms/v3_3000_00809.avi,3000,0,0,-0.1358,-9.5533,-10.7017,-12.6236,-11.6626,8,a,No,"No, in the video, one of"
still_twin,data/twin_v3/v3_3000_00809.avi,3000,1,1,-0.0574,-9.5648,-10.4554,-12.5804,-11.596,8,a,Yes,"Yes, both shapes stayed still the whole"
order_twin,data/twin_v3/v3_3000_00809.avi,3000,-1,0,-0.4518,-9.1587,-11.4009,-12.0728,-11.4165,8,a,No,No
moved_solo_hit,data/videos_v3/int_3000ms/v3_3000_00809_soloa.avi,3000,1,0,-0.86,-9.3295,-12.4701,-12.5951,-11.9467,8,a,No,No.
moved_solo_fa,data/videos_v3/int_3000ms/v3_3000_00809_solob.avi,3000,0,0,-0.9185,-9.3917,-12.5792,-12.6729,-12.0323,8,a,No,No.
order_real,data/videos_v3/int_3000ms/v3_3000_00810.avi,3000,1,0,-0.5965,-9.4947,-11.7056,-12.2525,-11.6822,8,a,No,No
order_rev,data/videos_v3/int_3000ms/v3_3000_00810.avi,3000,1,0,-0.7399,-9.5891,-12.1516,-12.6437,-11.9172,8,a,No,No
order_forced,data/videos_v3/int_3000ms/v3_3000_00810.avi,3000,1,1,0.5781,-0.4991,-1.0772,-3.3585,-5.9835,8,a,A,A
interval,data/videos_v3/int_3000ms/v3_3000_00810.avi,3000,C,B,,-1.7045,-1.2202,-1.2983,-1.4858,8,a,B,B
order_32f,data/videos_v3/int_3000ms/v3_3000_00810.avi,3000,1,0,-0.3523,-9.2793,-12.0606,-12.1856,-12.1231,32,a,No,No.
moved_real,data/videos_v3/int_3000ms/v3_3000_00810.avi,3000,1,0,-1.5406,-9.8563,-13.1063,-12.872,-12.5048,8,a,No,No.
moved_twin,data/twin_v3/v3_3000_00810.avi,3000,0,0,-1.8124,-10.0087,-13.2899,-13.1259,-12.704,8,a,No,No.
still_real,data/videos_v3/int_3000ms/v3_3000_00810.avi,3000,0,1,0.2976,-9.7501,-10.4219,-12.7344,-11.9922,8,a,Yes,"Yes, both shapes stayed still the whole"
still_twin,data/twin_v3/v3_3000_00810.avi,3000,1,1,0.3398,-9.8682,-10.5635,-12.8604,-12.0869,8,a,Yes,"Yes, both shapes stayed still the whole"
order_twin,data/twin_v3/v3_3000_00810.avi,3000,-1,0,-0.7752,-9.5518,-11.708,-12.333,-11.7315,8,a,No,No
moved_solo_hit,data/videos_v3/int_3000ms/v3_3000_00810_soloa.avi,3000,1,0,-1.5211,-9.8202,-13.0936,-12.8436,-12.4999,8,a,No,No.
moved_solo_fa,data/videos_v3/int_3000ms/v3_3000_00810_solob.avi,3000,0,0,-1.8317,-10.0616,-13.3038,-13.171,-12.7101,8,a,No,No.
order_real,data/videos_v3/int_3000ms/v3_3000_00811.avi,3000,0,0,-0.8226,-9.1971,-11.4706,-12.2674,-11.244,8,b,No,No
order_rev,data/videos_v3/int_3000ms/v3_3000_00811.avi,3000,0,0,-0.7262,-9.0333,-11.5645,-12.2598,-11.1583,8,b,No,No
order_forced,data/videos_v3/int_3000ms/v3_3000_00811.avi,3000,0,1,0.4219,-0.543,-0.9649,-3.8555,-5.3086,8,b,A,A
interval,data/videos_v3/int_3000ms/v3_3000_00811.avi,3000,C,C,,-1.5695,-1.2882,-1.2882,-1.6164,8,b,C,C
order_32f,data/videos_v3/int_3000ms/v3_3000_00811.avi,3000,0,0,-0.7366,-8.9748,-11.9045,-12.4513,-11.6935,32,b,No,No.
moved_real,data/videos_v3/int_3000ms/v3_3000_00811.avi,3000,1,0,-1.2866,-9.5547,-12.6876,-13.0313,-11.9766,8,b,No,No.
moved_twin,data/twin_v3/v3_3000_00811.avi,3000,0,0,-1.4199,-9.6572,-12.8213,-13.1963,-12.1025,8,b,No,No.
still_real,data/videos_v3/int_3000ms/v3_3000_00811.avi,3000,0,1,0.2945,-9.3979,-10.5932,-12.3745,-11.3198,8,b,Yes,"Yes, both shapes stayed still the whole"
still_twin,data/twin_v3/v3_3000_00811.avi,3000,1,1,0.2571,-9.4682,-10.5228,-12.4525,-11.4369,8,b,Yes,"Yes, both shapes stayed still the whole"
order_twin,data/twin_v3/v3_3000_00811.avi,3000,-1,0,-0.791,-9.1688,-11.4423,-12.286,-11.2157,8,b,No,No
moved_solo_hit,data/videos_v3/int_3000ms/v3_3000_00811_solob.avi,3000,1,0,-1.4089,-9.693,-12.8493,-13.2008,-12.0915,8,b,No,No.
moved_solo_fa,data/videos_v3/int_3000ms/v3_3000_00811_soloa.avi,3000,0,0,-1.0726,-9.4563,-12.6595,-12.9876,-11.9329,8,b,No,No.
order_real,data/videos_v3/int_3000ms/v3_3000_00812.avi,3000,1,0,-1.1629,-9.4101,-11.7382,-12.5664,-11.6054,8,b,No,No
order_rev,data/videos_v3/int_3000ms/v3_3000_00812.avi,3000,1,0,-1.0505,-9.3054,-12.0476,-12.6413,-11.6022,8,b,No,No
order_forced,data/videos_v3/int_3000ms/v3_3000_00812.avi,3000,1,1,0.375,-0.5608,-0.9358,-4.3108,-5.717,8,b,A,A
interval,data/videos_v3/int_3000ms/v3_3000_00812.avi,3000,C,B,,-1.5848,-1.241,-1.3973,-1.491,8,b,B,B
order_32f,data/videos_v3/int_3000ms/v3_3000_00812.avi,3000,1,0,-0.9285,-8.9086,-11.7992,-12.4555,-11.7992,32,b,No,No.
moved_real,data/videos_v3/int_3000ms/v3_3000_00812.avi,3000,1,0,-1.9944,-9.9841,-13.3669,-13.5388,-12.6482,8,b,No,No.
moved_twin,data/twin_v3/v3_3000_00812.avi,3000,0,0,-1.8949,-9.7482,-13.0139,-13.2404,-12.3264,8,b,No,No.
still_real,data/videos_v3/int_3000ms/v3_3000_00812.avi,3000,0,1,0.555,-9.7084,-10.3881,-12.5678,-11.7319,8,b,Yes,"Yes, both shapes stayed still the whole"
still_twin,data/twin_v3/v3_3000_00812.avi,3000,1,1,0.1676,-9.5006,-10.3209,-12.3991,-11.5475,8,b,Yes,"Yes, both shapes stayed still the whole"
order_twin,data/twin_v3/v3_3000_00812.avi,3000,-1,0,-1.0927,-9.3078,-11.5735,-12.4172,-11.4563,8,b,No,No
moved_solo_hit,data/videos_v3/int_3000ms/v3_3000_00812_solob.avi,3000,1,0,-1.9612,-9.9495,-13.2933,-13.4886,-12.598,8,b,No,No.
moved_solo_fa,data/videos_v3/int_3000ms/v3_3000_00812_soloa.avi,3000,0,0,-1.9226,-9.7845,-13.1204,-13.3158,-12.4017,8,b,No,No.
order_real,data/videos_v3/int_3000ms/v3_3000_00813.avi,3000,0,0,-0.951,-9.4678,-11.8428,-12.5303,-11.6787,8,a,No,No
order_rev,data/videos_v3/int_3000ms/v3_3000_00813.avi,3000,0,0,-0.998,-9.1305,-11.5446,-12.2555,-11.4274,8,a,No,No
order_forced,data/videos_v3/int_3000ms/v3_3000_00813.avi,3000,0,1,0.4219,-0.5407,-0.9626,-4.2126,-5.8063,8,a,A,A
interval,data/videos_v3/int_3000ms/v3_3000_00813.avi,3000,C,B,,-1.5682,-1.2869,-1.3494,-1.5369,8,a,B,B
order_32f,data/videos_v3/int_3000ms/v3_3000_00813.avi,3000,0,0,-0.6068,-8.8162,-11.9256,-12.2772,-11.9022,32,a,No,No.
moved_real,data/videos_v3/int_3000ms/v3_3000_00813.avi,3000,1,0,-2.0254,-9.6905,-13.2295,-13.2842,-12.5342,8,a,No,No.
moved_twin,data/twin_v3/v3_3000_00813.avi,3000,0,0,-2.0472,-9.6568,-13.149,-13.2818,-12.485,8,a,No,No.
still_real,data/videos_v3/int_3000ms/v3_3000_00813.avi,3000,0,1,0.4018,-9.6788,-10.2413,-12.546,-11.796,8,a,Yes,"Yes, both shapes stayed still the whole"
still_twin,data/twin_v3/v3_3000_00813.avi,3000,1,1,0.4132,-9.6829,-10.3548,-12.5814,-11.7923,8,a,Yes,"Yes, both shapes stayed still the whole"
order_twin,data/twin_v3/v3_3000_00813.avi,3000,-1,0,-0.9424,-9.3992,-11.7664,-12.4773,-11.6258,8,a,No,No
moved_solo_hit,data/videos_v3/int_3000ms/v3_3000_00813_soloa.avi,3000,1,0,-2.0382,-9.6789,-13.2179,-13.296,-12.5773,8,a,No,No.
moved_solo_fa,data/videos_v3/int_3000ms/v3_3000_00813_solob.avi,3000,0,0,-2.0538,-9.6861,-13.1939,-13.2877,-12.4908,8,a,No,No.
order_real,data/videos_v3/int_3000ms/v3_3000_00814.avi,3000,0,0,-1.0524,-9.3439,-11.6876,-12.1173,-11.5392,8,a,No,No
order_rev,data/videos_v3/int_3000ms/v3_3000_00814.avi,3000,0,0,-0.5146,-9.0639,-11.6108,-11.8998,-11.4545,8,a,No,No
order_forced,data/videos_v3/int_3000ms/v3_3000_00814.avi,3000,0,1,0.4219,-0.5705,-0.9924,-3.1174,-5.8517,8,a,A,A
interval,data/videos_v3/int_3000ms/v3_3000_00814.avi,3000,C,B,,-1.544,-1.2628,-1.3409,-1.5128,8,a,B,B
order_32f,data/videos_v3/int_3000ms/v3_3000_00814.avi,3000,0,0,-0.6823,-8.7391,-11.622,-11.7548,-11.7313,32,a,No,No.
moved_real,data/videos_v3/int_3000ms/v3_3000_00814.avi,3000,1,0,-1.4899,-9.6339,-13.087,-12.7667,-12.3058,8,a,No,No.
moved_twin,data/twin_v3/v3_3000_00814.avi,3000,0,0,-1.3088,-9.4956,-12.98,-12.5737,-12.2144,8,a,No,No.
still_real,data/videos_v3/int_3000ms/v3_3000_00814.avi,3000,0,1,0.1666,-9.5939,-10.5314,-12.547,-11.7345,8,a,Yes,"Yes, both shapes stayed still the whole"
still_twin,data/twin_v3/v3_3000_00814.avi,3000,1,1,0.0648,-9.6111,-10.6267,-12.5408,-11.7908,8,a,Yes,"Yes, both shapes stayed still the whole"
order_twin,data/twin_v3/v3_3000_00814.avi,3000,-1,0,-1.0616,-9.4103,-11.7618,-12.1446,-11.6368,8,a,No,No
moved_solo_hit,data/videos_v3/int_3000ms/v3_3000_00814_soloa.avi,3000,1,0,-1.3382,-9.516,-12.9613,-12.6019,-12.2035,8,a,No,No.
moved_solo_fa,data/videos_v3/int_3000ms/v3_3000_00814_solob.avi,3000,0,0,-1.4644,-9.6154,-13.1154,-12.7247,-12.3185,8,a,No,No.
order_real,data/videos_v3/int_3000ms/v3_3000_00815.avi,3000,1,0,-0.9965,-9.4238,-11.5019,-12.4003,-11.5644,8,a,No,No
order_rev,data/videos_v3/int_3000ms/v3_3000_00815.avi,3000,1,0,-0.9752,-9.4529,-11.9997,-12.6169,-11.7654,8,a,No,No
order_forced,data/videos_v3/int_3000ms/v3_3000_00815.avi,3000,1,1,0.3594,-0.5569,-0.9163,-3.9163,-6.01,8,a,A,A
interval,data/videos_v3/int_3000ms/v3_3000_00815.avi,3000,C,B,,-1.5967,-1.1904,-1.4248,-1.5342,8,a,B,B
order_32f,data/videos_v3/int_3000ms/v3_3000_00815.avi,3000,1,0,-0.6493,-9.0386,-11.7417,-12.5073,-11.8433,32,a,No,No.
moved_real,data/videos_v3/int_3000ms/v3_3000_00815.avi,3000,1,0,-1.6096,-9.8808,-12.9199,-13.4121,-12.4902,8,a,No,No.
moved_twin,data/twin_v3/v3_3000_00815.avi,3000,0,0,-1.6251,-9.7929,-12.8397,-13.3632,-12.4335,8,a,No,No.
still_real,data/videos_v3/int_3000ms/v3_3000_00815.avi,3000,0,0,-0.1142,-9.7557,-11.0838,-12.8416,-11.9901,8,a,No,No.
still_twin,data/twin_v3/v3_3000_00815.avi,3000,1,0,-0.1241,-9.7555,-11.0289,-12.857,-12.0055,8,a,No,No.
order_twin,data/twin_v3/v3_3000_00815.avi,3000,-1,0,-0.9936,-9.3982,-11.3982,-12.3826,-11.531,8,a,No,No
moved_solo_hit,data/videos_v3/int_3000ms/v3_3000_00815_soloa.avi,3000,1,0,-1.6457,-9.8735,-12.9282,-13.4282,-12.4985,8,a,No,No.
moved_solo_fa,data/videos_v3/int_3000ms/v3_3000_00815_solob.avi,3000,0,0,-1.6349,-9.8,-12.8312,-13.3547,-12.4172,8,a,No,No.
order_real,data/videos_v3/int_3000ms/v3_3000_00816.avi,3000,1,0,-1.0236,-9.3671,-11.8202,-12.1249,-11.4218,8,a,No,No
order_rev,data/videos_v3/int_3000ms/v3_3000_00816.avi,3000,1,0,-0.9252,-9.2935,-11.942,-12.1451,-11.4654,8,a,No,No
order_forced,data/videos_v3/int_3000ms/v3_3000_00816.avi,3000,1,1,0.3906,-0.5601,-0.9507,-3.5601,-5.4195,8,a,A,A
interval,data/videos_v3/int_3000ms/v3_3000_00816.avi,3000,C,B,,-1.5444,-1.2632,-1.3413,-1.5601,8,a,B,B
order_32f,data/videos_v3/int_3000ms/v3_3000_00816.avi,3000,1,0,-0.9253,-9.0711,-12.1414,-12.1024,-11.8368,32,a,No,No.
moved_real,data/videos_v3/int_3000ms/v3_3000_00816.avi,3000,1,0,-1.7788,-9.8847,-13.2988,-12.9003,-12.3691,8,a,No,No.
moved_twin,data/twin_v3/v3_3000_00816.avi,3000,0,0,-1.8006,-9.8064,-13.447,-12.9626,-12.4783,8,a,No,No.
still_real,data/videos_v3/int_3000ms/v3_3000_00816.avi,3000,0,1,0.4707,-9.7127,-10.5955,-12.533,-11.7439,8,a,Yes,"Yes, both shapes stayed still the entire"
still_twin,data/twin_v3/v3_3000_00816.avi,3000,1,1,0.5135,-9.6706,-10.3737,-12.53,-11.7409,8,a,Yes,"Yes, both shapes stayed still the entire"
order_twin,data/twin_v3/v3_3000_00816.avi,3000,-1,0,-0.9699,-9.2974,-11.813,-12.1021,-11.438,8,a,No,No
moved_solo_hit,data/videos_v3/int_3000ms/v3_3000_00816_soloa.avi,3000,1,0,-1.6576,-9.7874,-13.2717,-12.8499,-12.3499,8,a,No,No.
moved_solo_fa,data/videos_v3/int_3000ms/v3_3000_00816_solob.avi,3000,0,0,-1.8913,-9.8948,-13.4573,-12.9886,-12.4729,8,a,No,No.
order_real,data/videos_v3/int_3000ms/v3_3000_00817.avi,3000,0,0,-1.255,-9.4504,-11.8723,-12.6223,-11.6848,8,b,No,No
order_rev,data/videos_v3/int_3000ms/v3_3000_00817.avi,3000,0,0,-0.8117,-9.1038,-11.6897,-12.5803,-11.5022,8,b,No,No
order_forced,data/videos_v3/int_3000ms/v3_3000_00817.avi,3000,0,1,0.625,-0.4676,-1.0926,-4.2489,-5.9676,8,b,A,A
interval,data/videos_v3/int_3000ms/v3_3000_00817.avi,3000,C,B,,-1.7106,-1.2418,-1.3668,-1.4137,8,b,B,B
order_32f,data/videos_v3/int_3000ms/v3_3000_00817.avi,3000,0,0,-1.2389,-8.8153,-11.9403,-12.534,-11.8153,32,b,No,No.
moved_real,data/videos_v3/int_3000ms/v3_3000_00817.avi,3000,1,0,-2.4712,-10.194,-13.7174,-13.858,-12.9049,8,b,No,No.
moved_twin,data/twin_v3/v3_3000_00817.avi,3000,0,0,-2.5863,-10.2721,-13.7721,-13.905,-12.9909,8,b,No,No.
still_real,data/videos_v3/int_3000ms/v3_3000_00817.avi,3000,0,0,-0.4352,-9.7114,-10.8364,-12.7505,-11.8364,8,b,No,"No, in the video, one of"
still_twin,data/twin_v3/v3_3000_00817.avi,3000,1,0,-0.3707,-9.7114,-10.7661,-12.7036,-11.8051,8,b,No,No.
order_twin,data/twin_v3/v3_3000_00817.avi,3000,-1,0,-1.3369,-9.4879,-11.9176,-12.6598,-11.7145,8,b,No,No
moved_solo_hit,data/videos_v3/int_3000ms/v3_3000_00817_solob.avi,3000,1,0,-2.5707,-10.2434,-13.7434,-13.8996,-12.9777,8,b,No,No.
moved_solo_fa,data/videos_v3/int_3000ms/v3_3000_00817_soloa.avi,3000,0,0,-2.4646,-10.2006,-13.7084,-13.8412,-12.8881,8,b,No,No.
order_real,data/videos_v3/int_3000ms/v3_3000_00818.avi,3000,1,0,-1.1361,-9.4419,-11.6919,-12.3013,-11.6294,8,a,No,No.
order_rev,data/videos_v3/int_3000ms/v3_3000_00818.avi,3000,1,0,-1.4721,-9.6674,-12.4408,-12.9018,-12.0502,8,a,No,No
order_forced,data/videos_v3/int_3000ms/v3_3000_00818.avi,3000,1,1,0.4218,-0.5793,-1.0011,-3.2043,-6.2824,8,a,A,A
interval,data/videos_v3/int_3000ms/v3_3000_00818.avi,3000,C,B,,-1.7317,-1.2161,-1.3411,-1.4348,8,a,B,B
order_32f,data/videos_v3/int_3000ms/v3_3000_00818.avi,3000,1,0,-1.1703,-9.4147,-12.3522,-12.696,-12.2663,32,a,No,No.
moved_real,data/videos_v3/int_3000ms/v3_3000_00818.avi,3000,1,0,-2.8469,-10.5732,-13.9247,-14.2607,-13.1904,8,a,No,No.
moved_twin,data/twin_v3/v3_3000_00818.avi,3000,0,0,-2.7943,-10.4569,-13.8007,-14.16,-13.0975,8,a,No,No.
still_real,data/videos_v3/int_3000ms/v3_3000_00818.avi,3000,0,1,0.5676,-9.8605,-10.6105,-12.7198,-12.0167,8,a,Yes,"Yes, both shapes stayed still the entire"
still_twin,data/twin_v3/v3_3000_00818.avi,3000,1,1,0.3113,-9.714,-10.6515,-12.5734,-11.8,8,a,Yes,"Yes, both shapes stayed still the whole"
order_twin,data/twin_v3/v3_3000_00818.avi,3000,-1,0,-1.1398,-9.3776,-11.6198,-12.237,-11.5651,8,a,No,No
moved_solo_hit,data/videos_v3/int_3000ms/v3_3000_00818_soloa.avi,3000,1,0,-2.8773,-10.6167,-13.9917,-14.3276,-13.2495,8,a,No,No.
moved_solo_fa,data/videos_v3/int_3000ms/v3_3000_00818_solob.avi,3000,0,0,-2.6764,-10.3666,-13.7026,-14.0697,-13.0229,8,a,No,No.
order_real,data/videos_v3/int_3000ms/v3_3000_00819.avi,3000,0,0,-0.8052,-9.2816,-11.5472,-12.1253,-11.4691,8,b,No,No
order_rev,data/videos_v3/int_3000ms/v3_3000_00819.avi,3000,0,0,-0.6759,-9.0892,-11.6127,-12.3314,-11.4642,8,b,No,No
order_forced,data/videos_v3/int_3000ms/v3_3000_00819.avi,3000,0,1,0.625,-0.4606,-1.0856,-4.0387,-5.7731,8,b,A,A
interval,data/videos_v3/int_3000ms/v3_3000_00819.avi,3000,C,C,,-1.457,-1.3476,-1.3476,-1.5663,8,b,C,C
order_32f,data/videos_v3/int_3000ms/v3_3000_00819.avi,3000,0,0,-0.4919,-8.9001,-11.9626,-12.2438,-11.9626,32,b,No,No.
moved_real,data/videos_v3/int_3000ms/v3_3000_00819.avi,3000,1,0,-2.397,-10.2731,-13.9059,-13.7028,-12.9996,8,b,No,No.
moved_twin,data/twin_v3/v3_3000_00819.avi,3000,0,0,-2.2976,-10.2143,-13.8159,-13.6596,-12.9409,8,b,No,No.
still_real,data/videos_v3/int_3000ms/v3_3000_00819.avi,3000,0,1,0.2262,-9.6611,-10.6064,-12.6064,-11.8486,8,b,Yes,"Yes, both shapes stayed still the whole"
still_twin,data/twin_v3/v3_3000_00819.avi,3000,1,1,0.4437,-9.6304,-10.4039,-12.5836,-11.8648,8,b,Yes,"Yes, both shapes stayed still the whole"
order_twin,data/twin_v3/v3_3000_00819.avi,3000,-1,0,-0.7437,-9.2634,-11.5525,-12.115,-11.4353,8,b,No,No
moved_solo_hit,data/videos_v3/int_3000ms/v3_3000_00819_solob.avi,3000,1,0,-2.2027,-10.1057,-13.6838,-13.551,-12.8323,8,b,No,No.
moved_solo_fa,data/videos_v3/int_3000ms/v3_3000_00819_soloa.avi,3000,0,0,-2.3965,-10.2662,-13.9303,-13.7116,-13.0006,8,b,No,No.
order_real,data/videos_v3/int_3000ms/v3_3000_00820.avi,3000,0,0,-0.4799,-9.0991,-11.31,-12.1069,-11.1694,8,a,No,No
order_rev,data/videos_v3/int_3000ms/v3_3000_00820.avi,3000,0,0,-0.4675,-9.1193,-11.7053,-12.4084,-11.3928,8,a,No,No
order_forced,data/videos_v3/int_3000ms/v3_3000_00820.avi,3000,0,1,0.4844,-0.5112,-0.9956,-3.8706,-5.4956,8,a,A,A
interval,data/videos_v3/int_3000ms/v3_3000_00820.avi,3000,C,C,,-1.6648,-1.2742,-1.2742,-1.5554,8,a,C,C
order_real,data/videos_v3/int_3000ms/v3_3000_00821.avi,3000,0,0,-1.4488,-9.6881,-11.9928,-12.4069,-11.8053,8,a,No,No
order_rev,data/videos_v3/int_3000ms/v3_3000_00821.avi,3000,0,0,-1.3929,-9.7721,-12.4049,-12.8112,-12.0377,8,a,No,No
order_forced,data/videos_v3/int_3000ms/v3_3000_00821.avi,3000,0,1,0.4063,-0.5649,-0.9712,-3.3618,-6.2837,8,a,A,A
interval,data/videos_v3/int_3000ms/v3_3000_00821.avi,3000,C,B,,-1.5511,-1.223,-1.3636,-1.5824,8,a,B,B
order_real,data/videos_v3/int_3000ms/v3_3000_00822.avi,3000,1,0,-0.9144,-9.5446,-11.7634,-12.6618,-11.7087,8,a,No,No
order_rev,data/videos_v3/int_3000ms/v3_3000_00822.avi,3000,1,0,-0.9834,-9.4532,-12.0938,-12.6641,-11.8907,8,a,No,No
order_forced,data/videos_v3/int_3000ms/v3_3000_00822.avi,3000,1,1,0.4063,-0.5456,-0.9519,-3.8113,-5.5144,8,a,A,A
interval,data/videos_v3/int_3000ms/v3_3000_00822.avi,3000,C,B,,-1.5458,-1.2645,-1.4364,-1.5927,8,a,B,B
order_real,data/videos_v3/int_3000ms/v3_3000_00823.avi,3000,1,0,-0.7806,-9.5634,-11.7275,-12.1181,-11.7509,8,b,No,No
order_rev,data/videos_v3/int_3000ms/v3_3000_00823.avi,3000,1,0,-0.6159,-9.497,-11.9502,-12.4033,-11.8877,8,b,No,No
order_forced,data/videos_v3/int_3000ms/v3_3000_00823.avi,3000,1,1,0.4844,-0.5375,-1.0219,-3.2563,-6.1469,8,b,A,A
interval,data/videos_v3/int_3000ms/v3_3000_00823.avi,3000,C,B,,-1.5321,-1.2821,-1.3446,-1.5008,8,b,B,B
order_real,data/videos_v3/int_3000ms/v3_3000_00824.avi,3000,0,0,-1.2933,-9.6297,-11.7,-12.6922,-11.6453,8,a,No,No
order_rev,data/videos_v3/int_3000ms/v3_3000_00824.avi,3000,0,0,-1.5691,-9.9222,-12.5706,-13.2972,-12.055,8,a,No,No
order_forced,data/videos_v3/int_3000ms/v3_3000_00824.avi,3000,0,1,0.4063,-0.5399,-0.9462,-3.9462,-5.8837,8,a,A,A
interval,data/videos_v3/int_3000ms/v3_3000_00824.avi,3000,C,B,,-1.4628,-1.2597,-1.4003,-1.6191,8,a,B,B
order_real,data/videos_v3/int_3000ms/v3_3000_00825.avi,3000,0,0,-0.9282,-9.4588,-11.5916,-12.1541,-11.6697,8,b,No,No
order_rev,data/videos_v3/int_3000ms/v3_3000_00825.avi,3000,0,0,-1.1096,-9.4818,-12.1459,-12.5756,-11.8725,8,b,No,No
order_forced,data/videos_v3/int_3000ms/v3_3000_00825.avi,3000,0,1,0.4531,-0.5487,-1.0018,-3.3612,-6.2831,8,b,A,A
interval,data/videos_v3/int_3000ms/v3_3000_00825.avi,3000,C,B,,-1.6407,-1.2189,-1.3751,-1.5157,8,b,B,B
order_real,data/videos_v3/int_3000ms/v3_3000_00826.avi,3000,1,0,-0.6208,-9.298,-11.6027,-12.1887,-11.5871,8,b,No,No
order_rev,data/videos_v3/int_3000ms/v3_3000_00826.avi,3000,1,0,-1.1137,-9.3802,-12.0286,-12.677,-11.7395,8,b,No,No
order_forced,data/videos_v3/int_3000ms/v3_3000_00826.avi,3000,1,1,0.5782,-0.4814,-1.0596,-3.7939,-5.8408,8,b,A,A
interval,data/videos_v3/int_3000ms/v3_3000_00826.avi,3000,C,B,,-1.5743,-1.2462,-1.3555,-1.5274,8,b,B,B
order_real,data/videos_v3/int_3000ms/v3_3000_00827.avi,3000,1,0,-0.8601,-9.5983,-11.6686,-12.6842,-11.7311,8,a,No,No
order_rev,data/videos_v3/int_3000ms/v3_3000_00827.avi,3000,1,0,-0.815,-9.5443,-11.8568,-12.7552,-11.9349,8,a,No,No
order_forced,data/videos_v3/int_3000ms/v3_3000_00827.avi,3000,1,1,0.5312,-0.5059,-1.0371,-3.7871,-5.9746,8,a,A,A
interval,data/videos_v3/int_3000ms/v3_3000_00827.avi,3000,C,B,,-1.6717,-1.1404,-1.3123,-1.6873,8,a,B,B
order_real,data/videos_v3/int_3000ms/v3_3000_00828.avi,3000,1,0,-1.5532,-9.5507,-12.0742,-12.8085,-11.7695,8,a,No,No
order_rev,data/videos_v3/int_3000ms/v3_3000_00828.avi,3000,1,0,-0.9798,-9.1288,-11.6523,-12.5585,-11.4023,8,a,No,No
order_forced,data/videos_v3/int_3000ms/v3_3000_00828.avi,3000,1,1,0.5,-0.5081,-1.0081,-4.1175,-5.68,8,a,A,A
interval,data/videos_v3/int_3000ms/v3_3000_00828.avi,3000,C,B,,-1.589,-1.2297,-1.4015,-1.5422,8,a,B,B
order_real,data/videos_v3/int_3000ms/v3_3000_00829.avi,3000,0,0,-1.1962,-9.5241,-11.5944,-12.6491,-11.6569,8,a,No,No
order_rev,data/videos_v3/int_3000ms/v3_3000_00829.avi,3000,0,0,-1.6001,-9.8701,-12.5107,-13.2529,-12.0576,8,a,No,No
order_forced,data/videos_v3/int_3000ms/v3_3000_00829.avi,3000,0,1,0.4218,-0.534,-0.9558,-4.0496,-5.9715,8,a,A,A
interval,data/videos_v3/int_3000ms/v3_3000_00829.avi,3000,C,B,,-1.4884,-1.2227,-1.4415,-1.5821,8,a,B,B
order_real,data/videos_v3/int_3000ms/v3_3000_00830.avi,3000,1,0,-0.9875,-9.325,-11.4813,-12.4657,-11.4422,8,b,No,No
order_rev,data/videos_v3/int_3000ms/v3_3000_00830.avi,3000,1,0,-1.0073,-9.4712,-12.0962,-12.8305,-11.7368,8,b,No,No
order_forced,data/videos_v3/int_3000ms/v3_3000_00830.avi,3000,1,1,0.2969,-0.59,-0.8869,-4.2619,-5.8244,8,b,A,A
interval,data/videos_v3/int_3000ms/v3_3000_00830.avi,3000,C,B,,-1.614,-1.2234,-1.3171,-1.5515,8,b,B,B
order_real,data/videos_v3/int_3000ms/v3_3000_00831.avi,3000,1,0,-0.6857,-9.2639,-11.5295,-12.217,-11.4905,8,b,No,No
order_rev,data/videos_v3/int_3000ms/v3_3000_00831.avi,3000,1,0,-0.5905,-9.0755,-11.513,-12.4115,-11.4662,8,b,No,No
order_forced,data/videos_v3/int_3000ms/v3_3000_00831.avi,3000,1,1,0.5156,-0.5037,-1.0193,-3.9724,-5.7224,8,b,A,A
interval,data/videos_v3/int_3000ms/v3_3000_00831.avi,3000,C,B,,-1.6508,-1.2602,-1.354,-1.5102,8,b,B,B
order_real,data/videos_v3/int_3000ms/v3_3000_00832.avi,3000,1,0,-0.7643,-9.2471,-11.3331,-11.9815,-11.38,8,a,No,No
order_rev,data/videos_v3/int_3000ms/v3_3000_00832.avi,3000,1,0,-0.901,-9.2311,-11.8639,-12.3795,-11.5827,8,a,No,No
order_forced,data/videos_v3/int_3000ms/v3_3000_00832.avi,3000,1,1,0.5468,-0.4881,-1.0349,-4.0974,-6.0974,8,a,A,A
interval,data/videos_v3/int_3000ms/v3_3000_00832.avi,3000,C,B,,-1.524,-1.2896,-1.3521,-1.4928,8,a,B,B
order_real,data/videos_v3/int_3000ms/v3_3000_00833.avi,3000,0,0,-1.5217,-9.7339,-11.9526,-12.6401,-11.8511,8,a,No,No
order_rev,data/videos_v3/int_3000ms/v3_3000_00833.avi,3000,0,0,-1.5262,-9.7629,-12.2161,-12.9426,-12.0754,8,a,No,No
order_forced,data/videos_v3/int_3000ms/v3_3000_00833.avi,3000,0,1,0.4375,-0.5399,-0.9774,-3.8211,-6.7274,8,a,A,A
interval,data/videos_v3/int_3000ms/v3_3000_00833.avi,3000,C,B,,-1.5176,-1.2208,-1.4239,-1.5645,8,a,B,B
order_real,data/videos_v3/int_3000ms/v3_3000_00834.avi,3000,0,0,-1.0473,-9.2394,-11.5207,-12.2785,-11.3019,8,a,No,No
order_rev,data/videos_v3/int_3000ms/v3_3000_00834.avi,3000,0,0,-0.7763,-9.1061,-11.6608,-12.3951,-11.2779,8,a,No,No
order_forced,data/videos_v3/int_3000ms/v3_3000_00834.avi,3000,0,1,0.3906,-0.5476,-0.9382,-4.032,-5.8132,8,a,A,A
interval,data/videos_v3/int_3000ms/v3_3000_00834.avi,3000,C,B,,-1.6244,-1.2494,-1.3432,-1.5619,8,a,B,B
order_real,data/videos_v3/int_3000ms/v3_3000_00835.avi,3000,1,0,-1.3079,-9.3238,-11.8081,-12.2769,-11.6128,8,a,No,No
order_rev,data/videos_v3/int_3000ms/v3_3000_00835.avi,3000,1,0,-0.8077,-9.0514,-11.692,-12.2857,-11.5123,8,a,No,No
order_forced,data/videos_v3/int_3000ms/v3_3000_00835.avi,3000,1,1,0.4375,-0.5448,-0.9823,-3.5604,-5.6698,8,a,A,A
interval,data/videos_v3/int_3000ms/v3_3000_00835.avi,3000,C,B,,-1.5573,-1.2448,-1.3542,-1.5417,8,a,B,B
order_real,data/videos_v3/int_3000ms/v3_3000_00836.avi,3000,0,0,-1.3346,-9.3088,-11.8869,-12.6291,-11.6604,8,b,No,No
order_rev,data/videos_v3/int_3000ms/v3_3000_00836.avi,3000,0,0,-0.9855,-9.1239,-11.9129,-12.5848,-11.5848,8,b,No,No.
order_forced,data/videos_v3/int_3000ms/v3_3000_00836.avi,3000,0,1,0.4219,-0.5542,-0.9761,-3.773,-5.7886,8,b,A,A
interval,data/videos_v3/int_3000ms/v3_3000_00836.avi,3000,C,B,,-1.5459,-1.2646,-1.3896,-1.5615,8,b,B,B
order_real,data/videos_v3/int_3000ms/v3_3000_00837.avi,3000,0,0,-1.2761,-9.6158,-11.9517,-12.5064,-11.8111,8,a,No,No
order_rev,data/videos_v3/int_3000ms/v3_3000_00837.avi,3000,0,0,-1.0719,-9.627,-12.1738,-12.7676,-11.9473,8,a,No,No
order_forced,data/videos_v3/int_3000ms/v3_3000_00837.avi,3000,0,1,0.4063,-0.5578,-0.9641,-3.6828,-6.8235,8,a,A,A
interval,data/videos_v3/int_3000ms/v3_3000_00837.avi,3000,C,B,,-1.5938,-1.1407,-1.4376,-1.5469,8,a,B,B
order_real,data/videos_v3/int_3000ms/v3_3000_00838.avi,3000,0,0,-0.5973,-9.5315,-11.5862,-12.5081,-11.6409,8,a,No,No
order_rev,data/videos_v3/int_3000ms/v3_3000_00838.avi,3000,0,0,-0.9948,-9.4774,-11.8368,-12.6727,-11.6884,8,a,No,No
order_forced,data/videos_v3/int_3000ms/v3_3000_00838.avi,3000,0,1,0.6719,-0.4461,-1.118,-3.8367,-5.5711,8,a,A,A
interval,data/videos_v3/int_3000ms/v3_3000_00838.avi,3000,C,C,,-1.6108,-1.2358,-1.2358,-1.6264,8,a,C,C
order_real,data/videos_v3/int_3000ms/v3_3000_00839.avi,3000,1,0,-0.6789,-9.5401,-11.7432,-12.376,-11.6416,8,b,No,No
order_rev,data/videos_v3/int_3000ms/v3_3000_00839.avi,3000,1,0,-0.8344,-9.2965,-12.0622,-12.3356,-11.8981,8,b,No,No
order_forced,data/videos_v3/int_3000ms/v3_3000_00839.avi,3000,1,1,0.375,-0.5693,-0.9443,-3.335,-5.7568,8,b,A,A
interval,data/videos_v3/int_3000ms/v3_3000_00839.avi,3000,C,B,,-1.5699,-1.2574,-1.3824,-1.5543,8,b,B,B
order_real,data/videos_v3/int_3000ms/v3_3000_00840.avi,3000,1,0,-0.921,-9.428,-11.6936,-12.1468,-11.5765,8,b,No,No
order_rev,data/videos_v3/int_3000ms/v3_3000_00840.avi,3000,1,0,-0.8909,-9.3504,-12.0145,-12.2098,-11.8192,8,b,No,No
order_forced,data/videos_v3/int_3000ms/v3_3000_00840.avi,3000,1,1,0.4843,-0.5224,-1.0067,-3.4911,-5.6474,8,b,A,A
interval,data/videos_v3/int_3000ms/v3_3000_00840.avi,3000,C,B,,-1.5232,-1.2264,-1.4139,-1.5389,8,b,B,B
order_real,data/videos_v3/int_3000ms/v3_3000_00841.avi,3000,1,0,-1.3336,-9.5835,-11.8725,-12.7319,-11.685,8,a,No,No
order_rev,data/videos_v3/int_3000ms/v3_3000_00841.avi,3000,1,0,-1.0481,-9.42,-12.0606,-12.8809,-11.7559,8,a,No,No
order_forced,data/videos_v3/int_3000ms/v3_3000_00841.avi,3000,1,1,0.5469,-0.4928,-1.0397,-3.8678,-5.8991,8,a,A,A
interval,data/videos_v3/int_3000ms/v3_3000_00841.avi,3000,C,B,,-1.655,-1.2331,-1.3425,-1.4831,8,a,B,B
order_real,data/videos_v3/int_3000ms/v3_3000_00842.avi,3000,0,0,-1.2485,-9.6459,-11.81,-12.3256,-11.7943,8,b,No,No
order_rev,data/videos_v3/int_3000ms/v3_3000_00842.avi,3000,0,0,-2.0342,-9.9329,-12.6673,-13.1516,-12.1985,8,b,No,No
order_forced,data/videos_v3/int_3000ms/v3_3000_00842.avi,3000,0,1,0.4531,-0.5603,-1.0134,-3.2165,-6.1228,8,b,A,A
interval,data/videos_v3/int_3000ms/v3_3000_00842.avi,3000,C,B,,-1.5956,-1.2206,-1.3769,-1.5331,8,b,B,B
order_real,data/videos_v3/int_3000ms/v3_3000_00843.avi,3000,0,0,-0.6915,-9.5508,-11.582,-12.5195,-11.7695,8,a,No,No
order_rev,data/videos_v3/int_3000ms/v3_3000_00843.avi,3000,0,0,-0.8642,-9.4195,-11.9195,-12.7007,-11.8179,8,a,No,No
order_forced,data/videos_v3/int_3000ms/v3_3000_00843.avi,3000,0,1,0.5,-0.5111,-1.0111,-3.8705,-5.6674,8,a,A,A
interval,data/videos_v3/int_3000ms/v3_3000_00843.avi,3000,C,B,,-1.6793,-1.2574,-1.2887,-1.5074,8,a,B,B
order_real,data/videos_v3/int_3000ms/v3_3000_00844.avi,3000,0,0,-0.9972,-9.4342,-11.6373,-12.6608,-11.5905,8,a,No,No
order_rev,data/videos_v3/int_3000ms/v3_3000_00844.avi,3000,0,0,-1.6985,-9.707,-12.3711,-13.0742,-11.9805,8,a,No,No
order_forced,data/videos_v3/int_3000ms/v3_3000_00844.avi,3000,0,1,0.6875,-0.4411,-1.1286,-4.238,-5.8317,8,a,A,A
interval,data/videos_v3/int_3000ms/v3_3000_00844.avi,3000,C,B,,-1.5108,-1.1827,-1.4014,-1.6514,8,a,B,B
order_real,data/videos_v3/int_3000ms/v3_3000_00845.avi,3000,0,0,-1.2098,-9.311,-11.6392,-12.4751,-11.4751,8,b,No,No
order_rev,data/videos_v3/int_3000ms/v3_3000_00845.avi,3000,0,0,-0.6318,-9.0543,-11.6949,-12.4371,-11.4918,8,b,No,No
order_forced,data/videos_v3/int_3000ms/v3_3000_00845.avi,3000,0,1,0.4688,-0.5218,-0.9906,-3.8812,-5.5687,8,b,A,A
interval,data/videos_v3/int_3000ms/v3_3000_00845.avi,3000,C,B,,-1.6746,-1.1746,-1.3465,-1.5809,8,b,B,B
order_real,data/videos_v3/int_3000ms/v3_3000_00846.avi,3000,1,0,-1.0542,-9.4504,-11.5832,-12.6848,-11.5598,8,a,No,No
order_rev,data/videos_v3/int_3000ms/v3_3000_00846.avi,3000,1,0,-0.9365,-9.3764,-11.9624,-12.8374,-11.6733,8,a,No,No
order_forced,data/videos_v3/int_3000ms/v3_3000_00846.avi,3000,1,1,0.4688,-0.5404,-1.0092,-3.9779,-6.2592,8,a,A,A
interval,data/videos_v3/int_3000ms/v3_3000_00846.avi,3000,C,B,,-1.7307,-1.1994,-1.3713,-1.465,8,a,B,B
order_real,data/videos_v3/int_3000ms/v3_3000_00847.avi,3000,0,0,-0.4808,-9.216,-11.6848,-12.1457,-11.4973,8,a,No,No
order_rev,data/videos_v3/int_3000ms/v3_3000_00847.avi,3000,0,0,-0.5022,-9.205,-11.9003,-12.4393,-11.6737,8,a,No,No
order_forced,data/videos_v3/int_3000ms/v3_3000_00847.avi,3000,0,1,0.625,-0.4682,-1.0932,-3.6088,-5.5151,8,a,A,A
interval,data/videos_v3/int_3000ms/v3_3000_00847.avi,3000,C,C,,-1.5566,-1.2909,-1.2909,-1.5566,8,a,C,C
order_real,data/videos_v3/int_3000ms/v3_3000_00848.avi,3000,0,0,-1.8613,-9.8531,-12.1577,-12.9312,-11.8531,8,b,No,No
order_rev,data/videos_v3/int_3000ms/v3_3000_00848.avi,3000,0,0,-1.1522,-9.4755,-12.0537,-12.8818,-11.6787,8,b,No,No
order_forced,data/videos_v3/int_3000ms/v3_3000_00848.avi,3000,0,1,0.6562,-0.4618,-1.118,-3.9149,-6.0399,8,b,A,A
interval,data/videos_v3/int_3000ms/v3_3000_00848.avi,3000,C,B,,-1.6403,-1.1403,-1.3747,-1.6247,8,b,B,B
order_real,data/videos_v3/int_3000ms/v3_3000_00849.avi,3000,0,0,-0.9925,-9.2903,-11.7903,-12.5324,-11.634,8,b,No,No.
order_rev,data/videos_v3/int_3000ms/v3_3000_00849.avi,3000,0,0,-0.8854,-9.151,-11.8697,-12.565,-11.5572,8,b,No,No
order_forced,data/videos_v3/int_3000ms/v3_3000_00849.avi,3000,0,1,0.4844,-0.535,-1.0194,-3.9412,-5.8006,8,b,A,A
interval,data/videos_v3/int_3000ms/v3_3000_00849.avi,3000,C,B,,-1.5965,-1.2215,-1.3309,-1.5809,8,b,B,B
order_real,data/videos_v3/int_3000ms/v3_3000_00850.avi,3000,1,0,-0.4124,-9.289,-11.6171,-11.8827,-11.5155,8,a,No,No
order_rev,data/videos_v3/int_3000ms/v3_3000_00850.avi,3000,1,0,-0.5247,-9.0704,-11.6642,-12.0314,-11.3751,8,a,No,No
order_forced,data/videos_v3/int_3000ms/v3_3000_00850.avi,3000,1,1,0.5781,-0.4977,-1.0758,-3.2789,-5.3571,8,a,A,A
interval,data/videos_v3/int_3000ms/v3_3000_00850.avi,3000,C,B,,-1.6228,-1.279,-1.3415,-1.4665,8,a,B,B
order_real,data/videos_v3/int_3000ms/v3_3000_00851.avi,3000,1,0,-0.4728,-9.1844,-11.3875,-12.0438,-11.3719,8,b,No,No
order_rev,data/videos_v3/int_3000ms/v3_3000_00851.avi,3000,1,0,-0.7733,-8.9934,-11.5168,-12.2746,-11.47,8,b,No,No
order_forced,data/videos_v3/int_3000ms/v3_3000_00851.avi,3000,1,1,0.4531,-0.5227,-0.9758,-4.1789,-5.7883,8,b,A,A
interval,data/videos_v3/int_3000ms/v3_3000_00851.avi,3000,C,B,,-1.5028,-1.2684,-1.3934,-1.5653,8,b,B,B
order_real,data/videos_v3/int_3000ms/v3_3000_00852.avi,3000,1,0,-0.5876,-9.4043,-11.3652,-12.3027,-11.4121,8,b,No,No
order_rev,data/videos_v3/int_3000ms/v3_3000_00852.avi,3000,1,0,-0.7232,-9.3942,-11.7223,-12.5348,-11.5583,8,b,No,No
order_forced,data/videos_v3/int_3000ms/v3_3000_00852.avi,3000,1,1,0.7187,-0.432,-1.1507,-3.9007,-5.6351,8,b,A,A
interval,data/videos_v3/int_3000ms/v3_3000_00852.avi,3000,C,B,,-1.6117,-1.2523,-1.2679,-1.5492,8,b,B,B
order_real,data/videos_v3/int_3000ms/v3_3000_00853.avi,3000,0,0,-0.8726,-9.569,-11.7487,-12.6315,-11.7096,8,a,No,No
order_rev,data/videos_v3/int_3000ms/v3_3000_00853.avi,3000,0,0,-0.2226,-9.2817,-11.8129,-12.4848,-11.6411,8,a,No,No
order_forced,data/videos_v3/int_3000ms/v3_3000_00853.avi,3000,0,1,0.4219,-0.5487,-0.9706,-3.5331,-5.7049,8,a,A,A
interval,data/videos_v3/int_3000ms/v3_3000_00853.avi,3000,C,B,,-1.6368,-1.2306,-1.34,-1.5275,8,a,B,B
order_real,data/videos_v3/int_3000ms/v3_3000_00854.avi,3000,0,0,-0.5755,-9.3352,-11.5696,-12.1009,-11.5696,8,a,No,No
order_rev,data/videos_v3/int_3000ms/v3_3000_00854.avi,3000,0,0,-0.7033,-9.1978,-11.7838,-12.0885,-11.69,8,a,No,No
order_forced,data/videos_v3/int_3000ms/v3_3000_00854.avi,3000,0,1,0.3906,-0.5658,-0.9564,-3.4408,-6.1751,8,a,A,A
interval,data/videos_v3/int_3000ms/v3_3000_00854.avi,3000,C,B,,-1.5667,-1.2699,-1.3636,-1.5042,8,a,B,B
order_real,data/videos_v3/int_3000ms/v3_3000_00855.avi,3000,0,0,-1.1524,-9.2149,-11.4649,-12.3789,-11.4414,8,a,No,No
order_rev,data/videos_v3/int_3000ms/v3_3000_00855.avi,3000,0,0,-0.695,-8.953,-11.453,-12.3983,-11.3593,8,a,No,No
order_forced,data/videos_v3/int_3000ms/v3_3000_00855.avi,3000,0,1,0.3438,-0.5705,-0.9143,-4.008,-5.8518,8,a,A,A
interval,data/videos_v3/int_3000ms/v3_3000_00855.avi,3000,C,B,,-1.5998,-1.2248,-1.3654,-1.5529,8,a,B,B
order_real,data/videos_v3/int_3000ms/v3_3000_00856.avi,3000,1,0,-0.4299,-9.3945,-11.3242,-12.3008,-11.543,8,b,No,No
order_rev,data/videos_v3/int_3000ms/v3_3000_00856.avi,3000,1,0,-1.0215,-9.4002,-11.7752,-12.533,-11.7283,8,b,No,No
order_forced,data/videos_v3/int_3000ms/v3_3000_00856.avi,3000,1,1,0.7656,-0.4197,-1.1853,-3.8884,-5.7634,8,b,A,A
interval,data/videos_v3/int_3000ms/v3_3000_00856.avi,3000,C,C,,-1.5995,-1.287,-1.2713,-1.5838,8,b,C,C
order_real,data/videos_v3/int_3000ms/v3_3000_00857.avi,3000,0,0,-0.7791,-9.4973,-11.5364,-12.4114,-11.6301,8,b,No,No
order_rev,data/videos_v3/int_3000ms/v3_3000_00857.avi,3000,0,0,-0.9835,-9.4552,-11.963,-12.6583,-11.8145,8,b,No,No
order_forced,data/videos_v3/int_3000ms/v3_3000_00857.avi,3000,0,1,0.75,-0.4496,-1.1996,-3.5902,-5.8715,8,b,A,A
interval,data/videos_v3/int_3000ms/v3_3000_00857.avi,3000,C,B,,-1.7973,-1.1879,-1.2036,-1.5942,8,b,B,B
order_real,data/videos_v3/int_3000ms/v3_3000_00858.avi,3000,0,0,-1.1,-9.4669,-11.6935,-12.6231,-11.7169,8,a,No,No
order_rev,data/videos_v3/int_3000ms/v3_3000_00858.avi,3000,0,0,-0.931,-9.1026,-11.5088,-12.5557,-11.4385,8,a,No,No
order_forced,data/videos_v3/int_3000ms/v3_3000_00858.avi,3000,0,1,0.4375,-0.5433,-0.9808,-4.0589,-6.1371,8,a,A,A
interval,data/videos_v3/int_3000ms/v3_3000_00858.avi,3000,C,B,,-1.6722,-1.2035,-1.3128,-1.5472,8,a,B,B
order_real,data/videos_v3/int_3000ms/v3_3000_00859.avi,3000,0,0,-0.7867,-9.2911,-11.6973,-12.0489,-11.5177,8,a,No,No
order_rev,data/videos_v3/int_3000ms/v3_3000_00859.avi,3000,0,0,-0.5629,-9.2603,-11.9478,-12.4556,-11.5338,8,a,No,No
order_forced,data/videos_v3/int_3000ms/v3_3000_00859.avi,3000,0,1,0.4688,-0.5371,-1.0059,-3.2715,-5.5215,8,a,A,A
interval,data/videos_v3/int_3000ms/v3_3000_00859.avi,3000,C,B,,-1.6807,-1.212,-1.3682,-1.587,8,a,B,B
order_real,data/videos_v3/int_3000ms/v3_3000_00860.avi,3000,1,0,-0.6173,-9.2132,-11.5491,-12.3616,-11.4085,8,b,No,No
order_rev,data/videos_v3/int_3000ms/v3_3000_00860.avi,3000,1,0,-0.8606,-9.1091,-11.9607,-12.5388,-11.5935,8,b,No,No
order_forced,data/videos_v3/int_3000ms/v3_3000_00860.avi,3000,1,1,0.4219,-0.5388,-0.9607,-3.8669,-5.3982,8,b,A,A
interval,data/videos_v3/int_3000ms/v3_3000_00860.avi,3000,C,B,,-1.6402,-1.234,-1.359,-1.5621,8,b,B,B
order_real,data/videos_v3/int_3000ms/v3_3000_00861.avi,3000,1,0,-0.565,-9.4947,-11.7994,-12.4869,-11.7525,8,a,No,No
order_rev,data/videos_v3/int_3000ms/v3_3000_00861.avi,3000,1,0,-0.9945,-9.4717,-12.0811,-12.8545,-11.8311,8,a,No,No
order_forced,data/videos_v3/int_3000ms/v3_3000_00861.avi,3000,1,1,0.4375,-0.5237,-0.9612,-4.0393,-5.7737,8,a,A,A
interval,data/videos_v3/int_3000ms/v3_3000_00861.avi,3000,C,B,,-1.5252,-1.2596,-1.4158,-1.6033,8,a,B,B
order_real,data/videos_v3/int_3000ms/v3_3000_00862.avi,3000,0,0,-0.8513,-9.1929,-11.6929,-11.9117,-11.4585,8,a,No,No
order_rev,data/videos_v3/int_3000ms/v3_3000_00862.avi,3000,0,0,-0.7071,-9.1777,-11.9042,-12.248,-11.5605,8,a,No,No
order_forced,data/videos_v3/int_3000ms/v3_3000_00862.avi,3000,0,1,0.3593,-0.5774,-0.9367,-3.4836,-5.6399,8,a,A,A
interval,data/videos_v3/int_3000ms/v3_3000_00862.avi,3000,C,B,,-1.6849,-1.263,-1.3411,-1.4349,8,a,B,B
order_real,data/videos_v3/int_3000ms/v3_3000_00863.avi,3000,1,0,-0.5035,-9.4105,-11.7464,-12.1448,-11.6214,8,a,No,No
order_rev,data/videos_v3/int_3000ms/v3_3000_00863.avi,3000,1,0,-0.9913,-9.3347,-11.9206,-12.4363,-11.6784,8,a,No,No
order_forced,data/videos_v3/int_3000ms/v3_3000_00863.avi,3000,1,1,0.4219,-0.5745,-0.9964,-3.262,-5.8401,8,a,A,A
interval,data/videos_v3/int_3000ms/v3_3000_00863.avi,3000,C,B,,-1.6116,-1.2053,-1.2991,-1.5803,8,a,B,B
order_real,data/videos_v3/int_3000ms/v3_3000_00864.avi,3000,0,0,-0.6168,-9.4223,-11.5239,-12.563,-11.438,8,a,No,No
order_rev,data/videos_v3/int_3000ms/v3_3000_00864.avi,3000,0,0,-0.8042,-9.6931,-12.3181,-12.99,-11.8963,8,a,No,No
order_forced,data/videos_v3/int_3000ms/v3_3000_00864.avi,3000,0,1,0.5,-0.5032,-1.0032,-3.9407,-5.5032,8,a,A,A
interval,data/videos_v3/int_3000ms/v3_3000_00864.avi,3000,C,B,,-1.6411,-1.2036,-1.2974,-1.5786,8,a,B,B
order_real,data/videos_v3/int_3000ms/v3_3000_00865.avi,3000,1,0,-0.9421,-9.218,-11.5852,-12.2883,-11.4367,8,a,No,No
order_rev,data/videos_v3/int_3000ms/v3_3000_00865.avi,3000,1,0,-0.8191,-9.1023,-11.6726,-12.2742,-11.5085,8,a,No,No
order_forced,data/videos_v3/int_3000ms/v3_3000_00865.avi,3000,1,1,0.4375,-0.5326,-0.9701,-4.0639,-5.7357,8,a,A,A
interval,data/videos_v3/int_3000ms/v3_3000_00865.avi,3000,C,B,,-1.5654,-1.2842,-1.2998,-1.5498,8,a,B,B
order_real,data/videos_v3/int_3000ms/v3_3000_00866.avi,3000,0,0,-0.8809,-9.3075,-11.7138,-11.8153,-11.6669,8,b,No,No
order_rev,data/videos_v3/int_3000ms/v3_3000_00866.avi,3000,0,0,-0.6196,-9.2074,-11.7934,-12.3012,-11.6215,8,b,No,No
order_forced,data/videos_v3/int_3000ms/v3_3000_00866.avi,3000,0,1,0.5781,-0.5028,-1.0809,-3.2371,-5.8934,8,b,A,A
interval,data/videos_v3/int_3000ms/v3_3000_00866.avi,3000,C,B,,-1.5398,-1.2429,-1.3366,-1.5866,8,b,B,B
order_real,data/videos_v3/int_3000ms/v3_3000_00867.avi,3000,0,0,-0.7329,-9.3953,-11.6531,-12.2859,-11.5906,8,b,No,No
order_rev,data/videos_v3/int_3000ms/v3_3000_00867.avi,3000,0,0,-1.0214,-9.3143,-11.955,-12.6581,-11.7597,8,b,No,No
order_forced,data/videos_v3/int_3000ms/v3_3000_00867.avi,3000,0,1,0.5313,-0.5019,-1.0332,-3.8144,-5.7519,8,b,A,A
interval,data/videos_v3/int_3000ms/v3_3000_00867.avi,3000,C,B,,-1.5242,-1.2742,-1.446,-1.5085,8,b,B,B
order_real,data/videos_v3/int_3000ms/v3_3000_00868.avi,3000,0,0,-0.6753,-9.3415,-11.6306,-12.1384,-11.6931,8,a,No,No
order_rev,data/videos_v3/int_3000ms/v3_3000_00868.avi,3000,0,0,-0.9229,-9.3551,-12.0817,-12.3786,-11.8004,8,a,No,No
order_forced,data/videos_v3/int_3000ms/v3_3000_00868.avi,3000,0,1,0.5313,-0.5159,-1.0472,-3.2034,-6.0003,8,a,A,A
interval,data/videos_v3/int_3000ms/v3_3000_00868.avi,3000,C,B,,-1.647,-1.2408,-1.3502,-1.5689,8,a,B,B
order_real,data/videos_v3/int_3000ms/v3_3000_00869.avi,3000,0,0,-0.7407,-9.1517,-11.6595,-12.4017,-11.4955,8,b,No,No
order_rev,data/videos_v3/int_3000ms/v3_3000_00869.avi,3000,0,0,-0.9323,-9.1675,-11.7769,-12.5503,-11.4644,8,b,No,No
order_forced,data/videos_v3/int_3000ms/v3_3000_00869.avi,3000,0,1,0.5156,-0.504,-1.0196,-4.1915,-5.5196,8,b,A,A
interval,data/videos_v3/int_3000ms/v3_3000_00869.avi,3000,C,B,,-1.6393,-1.2487,-1.3425,-1.53,8,b,B,B
order_real,data/videos_v3/int_3000ms/v3_3000_00870.avi,3000,0,0,-0.6172,-9.3657,-11.4985,-12.475,-11.6157,8,a,No,No
order_rev,data/videos_v3/int_3000ms/v3_3000_00870.avi,3000,0,0,-0.6863,-9.0162,-11.4147,-12.4225,-11.4537,8,a,No,No
order_forced,data/videos_v3/int_3000ms/v3_3000_00870.avi,3000,0,1,0.5938,-0.4908,-1.0846,-3.944,-5.7877,8,a,A,A
interval,data/videos_v3/int_3000ms/v3_3000_00870.avi,3000,C,B,,-1.6734,-1.2047,-1.3297,-1.5015,8,a,B,B
order_real,data/videos_v3/int_3000ms/v3_3000_00871.avi,3000,1,0,-0.6325,-9.3786,-11.3864,-12.3317,-11.5036,8,a,No,No
order_rev,data/videos_v3/int_3000ms/v3_3000_00871.avi,3000,1,0,-0.7456,-9.2566,-11.4285,-12.4363,-11.5301,8,a,No,No
order_forced,data/videos_v3/int_3000ms/v3_3000_00871.avi,3000,1,1,0.6718,-0.4529,-1.1247,-3.9216,-5.9997,8,a,A,A
interval,data/videos_v3/int_3000ms/v3_3000_00871.avi,3000,C,B,,-1.6659,-1.2128,-1.3221,-1.494,8,a,B,B
order_real,data/videos_v3/int_3000ms/v3_3000_00872.avi,3000,0,0,-0.8079,-9.4959,-11.6443,-12.449,-11.5115,8,b,No,No
order_rev,data/videos_v3/int_3000ms/v3_3000_00872.avi,3000,0,0,-0.6744,-9.2122,-11.6028,-12.3606,-11.5325,8,b,No,No
order_forced,data/videos_v3/int_3000ms/v3_3000_00872.avi,3000,0,1,0.5469,-0.4917,-1.0386,-4.2417,-6.023,8,b,A,A
interval,data/videos_v3/int_3000ms/v3_3000_00872.avi,3000,C,B,,-1.6957,-1.1644,-1.3832,-1.5394,8,b,B,B
order_real,data/videos_v3/int_3000ms/v3_3000_00873.avi,3000,0,0,-0.896,-9.5623,-11.7576,-12.406,-11.5935,8,a,No,No
order_rev,data/videos_v3/int_3000ms/v3_3000_00873.avi,3000,0,0,-1.4822,-9.6147,-12.1616,-12.8022,-11.8178,8,a,No,No
order_forced,data/videos_v3/int_3000ms/v3_3000_00873.avi,3000,0,1,0.4375,-0.5345,-0.972,-3.7532,-5.8782,8,a,A,A
interval,data/videos_v3/int_3000ms/v3_3000_00873.avi,3000,C,B,,-1.7744,-1.1025,-1.3056,-1.6338,8,a,B,B
order_real,data/videos_v3/int_3000ms/v3_3000_00874.avi,3000,0,0,-0.8404,-9.3004,-11.6988,-12.0973,-11.5426,8,b,No,No
order_rev,data/videos_v3/int_3000ms/v3_3000_00874.avi,3000,0,0,-1.1068,-9.3084,-12.1912,-12.4178,-11.699,8,b,No,No
order_forced,data/videos_v3/int_3000ms/v3_3000_00874.avi,3000,0,1,0.375,-0.5718,-0.9468,-3.4937,-6.1343,8,b,A,A
interval,data/videos_v3/int_3000ms/v3_3000_00874.avi,3000,C,B,,-1.4603,-1.2571,-1.4134,-1.6165,8,b,B,B
order_real,data/videos_v3/int_3000ms/v3_3000_00875.avi,3000,0,0,-0.8373,-9.2698,-11.5823,-12.2385,-11.5901,8,a,No,No
order_rev,data/videos_v3/int_3000ms/v3_3000_00875.avi,3000,0,0,-0.7577,-9.0668,-11.6761,-12.4261,-11.5355,8,a,No,No
order_forced,data/videos_v3/int_3000ms/v3_3000_00875.avi,3000,0,1,0.5625,-0.4927,-1.0552,-3.774,-5.774,8,a,A,A
interval,data/videos_v3/int_3000ms/v3_3000_00875.avi,3000,C,B,,-1.5691,-1.3034,-1.3191,-1.5066,8,a,B,B
order_real,data/videos_v3/int_3000ms/v3_3000_00876.avi,3000,0,0,-1.0486,-9.5787,-11.7662,-12.6256,-11.61,8,b,No,No
order_rev,data/videos_v3/int_3000ms/v3_3000_00876.avi,3000,0,0,-0.9279,-9.2394,-11.8254,-12.4738,-11.6457,8,b,No,No
order_forced,data/videos_v3/int_3000ms/v3_3000_00876.avi,3000,0,1,0.5468,-0.4964,-1.0432,-3.9807,-6.1057,8,b,A,A
interval,data/videos_v3/int_3000ms/v3_3000_00876.avi,3000,C,B,,-1.5679,-1.2554,-1.4273,-1.521,8,b,B,B
order_real,data/videos_v3/int_3000ms/v3_3000_00877.avi,3000,1,0,-1.0919,-9.4281,-11.7094,-12.4047,-11.5375,8,b,No,No
order_rev,data/videos_v3/int_3000ms/v3_3000_00877.avi,3000,1,0,-1.1503,-9.6152,-12.2558,-12.7402,-11.8652,8,b,No,No
order_forced,data/videos_v3/int_3000ms/v3_3000_00877.avi,3000,1,1,0.5312,-0.5082,-1.0394,-3.5707,-6.0551,8,b,A,A
interval,data/videos_v3/int_3000ms/v3_3000_00877.avi,3000,C,B,,-1.8264,-1.0764,-1.3264,-1.592,8,b,B,B
order_real,data/videos_v3/int_3000ms/v3_3000_00878.avi,3000,0,0,-0.6898,-9.328,-11.6327,-12.2733,-11.5858,8,b,No,No
order_rev,data/videos_v3/int_3000ms/v3_3000_00878.avi,3000,0,0,-1.0026,-9.2826,-11.9076,-12.6185,-11.6967,8,b,No,No
order_forced,data/videos_v3/int_3000ms/v3_3000_00878.avi,3000,0,1,0.6563,-0.4554,-1.1117,-3.7836,-5.7367,8,b,A,A
interval,data/videos_v3/int_3000ms/v3_3000_00878.avi,3000,C,B,,-1.6788,-1.1788,-1.3507,-1.5695,8,b,B,B
order_real,data/videos_v3/int_3000ms/v3_3000_00879.avi,3000,0,0,-0.5674,-9.5372,-11.6387,-12.295,-11.8184,8,a,No,No
order_rev,data/videos_v3/int_3000ms/v3_3000_00879.avi,3000,0,0,-0.7463,-9.4883,-11.7461,-12.4805,-11.8165,8,a,No,No
order_forced,data/videos_v3/int_3000ms/v3_3000_00879.avi,3000,0,1,0.4375,-0.5502,-0.9877,-3.4409,-6.3159,8,a,A,A
interval,data/videos_v3/int_3000ms/v3_3000_00879.avi,3000,C,B,,-1.7009,-1.154,-1.3259,-1.5603,8,a,B,B
order_real,data/videos_v3/int_3000ms/v3_3000_00880.avi,3000,0,0,-0.3333,-9.3147,-11.26,-12.2287,-11.4631,8,b,No,No
order_rev,data/videos_v3/int_3000ms/v3_3000_00880.avi,3000,0,0,-0.7255,-9.1507,-11.2678,-12.2288,-11.4163,8,b,No,No
order_forced,data/videos_v3/int_3000ms/v3_3000_00880.avi,3000,0,1,0.8437,-0.4031,-1.2468,-4.0906,-6.1218,8,b,A,A
interval,data/videos_v3/int_3000ms/v3_3000_00880.avi,3000,C,B,,-1.7564,-1.1783,-1.3033,-1.5064,8,b,B,B
order_real,data/videos_v3/int_3000ms/v3_3000_00881.avi,3000,0,0,-0.5034,-9.4756,-11.4834,-12.3193,-11.6552,8,b,No,No
order_rev,data/videos_v3/int_3000ms/v3_3000_00881.avi,3000,0,0,-0.5017,-9.2454,-11.5032,-12.2297,-11.7219,8,b,No,No
order_forced,data/videos_v3/int_3000ms/v3_3000_00881.avi,3000,0,1,0.2969,-0.6053,-0.9022,-3.2459,-5.7928,8,b,A,A
interval,data/videos_v3/int_3000ms/v3_3000_00881.avi,3000,C,B,,-1.6244,-1.2181,-1.3119,-1.5306,8,b,B,B
order_real,data/videos_v3/int_3000ms/v3_3000_00882.avi,3000,0,0,-0.6679,-9.241,-11.7019,-12.1941,-11.5769,8,b,No,No
order_rev,data/videos_v3/int_3000ms/v3_3000_00882.avi,3000,0,0,-0.7968,-9.0565,-11.5721,-12.3846,-11.6268,8,b,No,No
order_forced,data/videos_v3/int_3000ms/v3_3000_00882.avi,3000,0,1,0.4531,-0.5279,-0.981,-3.981,-5.9654,8,b,A,A
interval,data/videos_v3/int_3000ms/v3_3000_00882.avi,3000,C,B,,-1.4844,-1.2344,-1.3906,-1.6406,8,b,B,B
order_real,data/videos_v3/int_3000ms/v3_3000_00883.avi,3000,1,0,-1.1803,-9.3144,-11.8379,-12.2363,-11.5175,8,a,No,No
order_rev,data/videos_v3/int_3000ms/v3_3000_00883.avi,3000,1,0,-1.3063,-9.3392,-12.2298,-12.4017,-11.6205,8,a,No,No
order_forced,data/videos_v3/int_3000ms/v3_3000_00883.avi,3000,1,1,0.4219,-0.552,-0.9739,-3.6145,-5.7082,8,a,A,A
interval,data/videos_v3/int_3000ms/v3_3000_00883.avi,3000,C,B,,-1.5748,-1.2779,-1.3561,-1.6217,8,a,B,B
order_real,data/videos_v3/int_3000ms/v3_3000_00884.avi,3000,0,0,-0.5822,-9.3978,-11.2493,-12.1946,-11.4681,8,a,No,No
order_rev,data/videos_v3/int_3000ms/v3_3000_00884.avi,3000,0,0,-0.6059,-9.4837,-11.7884,-12.5228,-11.6869,8,a,No,No
order_forced,data/videos_v3/int_3000ms/v3_3000_00884.avi,3000,0,1,0.25,-0.6116,-0.8616,-3.7523,-5.7991,8,a,A,A
interval,data/videos_v3/int_3000ms/v3_3000_00884.avi,3000,C,C,,-1.7639,-1.2483,-1.2327,-1.4983,8,a,C,C
order_real,data/videos_v3/int_3000ms/v3_3000_00885.avi,3000,1,0,-1.3887,-9.5319,-11.5475,-12.6725,-11.5866,8,a,No,No
order_rev,data/videos_v3/int_3000ms/v3_3000_00885.avi,3000,1,0,-1.4535,-9.6215,-12.1527,-13.1527,-12.0355,8,a,No,No
order_forced,data/videos_v3/int_3000ms/v3_3000_00885.avi,3000,1,1,0.2969,-0.5953,-0.8922,-3.8453,-6.2516,8,a,A,A
interval,data/videos_v3/int_3000ms/v3_3000_00885.avi,3000,C,B,,-1.7484,-1.1547,-1.3891,-1.4984,8,a,B,B
order_real,data/videos_v3/int_3000ms/v3_3000_00886.avi,3000,0,0,-0.7773,-9.2753,-11.6894,-11.6112,-11.58,8,b,No,No
order_rev,data/videos_v3/int_3000ms/v3_3000_00886.avi,3000,0,0,-0.7465,-9.2102,-11.9446,-12.1712,-11.6243,8,b,No,No
order_forced,data/videos_v3/int_3000ms/v3_3000_00886.avi,3000,0,1,0.5156,-0.5146,-1.0302,-3.374,-6.1396,8,b,A,A
interval,data/videos_v3/int_3000ms/v3_3000_00886.avi,3000,C,B,,-1.4565,-1.3002,-1.3783,-1.5502,8,b,B,B
order_real,data/videos_v3/int_3000ms/v3_3000_00887.avi,3000,1,0,-0.7015,-9.335,-11.7569,-11.8506,-11.6553,8,b,No,No
order_rev,data/videos_v3/int_3000ms/v3_3000_00887.avi,3000,1,0,-1.1153,-9.5323,-12.2745,-12.5792,-11.9776,8,b,No,No
order_forced,data/videos_v3/int_3000ms/v3_3000_00887.avi,3000,1,1,0.5312,-0.5174,-1.0486,-3.3767,-6.158,8,b,A,A
interval,data/videos_v3/int_3000ms/v3_3000_00887.avi,3000,C,B,,-1.6258,-1.2508,-1.3758,-1.4852,8,b,B,B
order_real,data/videos_v3/int_3000ms/v3_3000_00888.avi,3000,0,0,-0.8295,-9.2421,-11.3671,-12.2734,-11.4609,8,b,No,No
order_rev,data/videos_v3/int_3000ms/v3_3000_00888.avi,3000,0,0,-0.6082,-9.038,-11.5927,-12.2333,-11.4365,8,b,No,No
order_forced,data/videos_v3/int_3000ms/v3_3000_00888.avi,3000,0,1,0.2344,-0.6246,-0.859,-3.7809,-5.6402,8,b,A,A
interval,data/videos_v3/int_3000ms/v3_3000_00888.avi,3000,C,B,,-1.597,-1.2533,-1.3939,-1.5502,8,b,B,B
order_real,data/videos_v3/int_3000ms/v3_3000_00889.avi,3000,1,0,-1.2925,-9.5854,-11.4838,-12.8354,-11.7104,8,b,No,No
order_rev,data/videos_v3/int_3000ms/v3_3000_00889.avi,3000,1,0,-1.4487,-9.4614,-11.8911,-12.9302,-11.7583,8,b,No,No
order_forced,data/videos_v3/int_3000ms/v3_3000_00889.avi,3000,1,1,0.3437,-0.5793,-0.923,-3.8449,-6.1105,8,b,A,A
interval,data/videos_v3/int_3000ms/v3_3000_00889.avi,3000,C,B,,-1.8072,-1.1822,-1.354,-1.479,8,b,B,B
order_real,data/videos_v3/int_3000ms/v3_3000_00890.avi,3000,1,0,-0.7807,-9.4617,-11.5945,-12.4148,-11.657,8,a,No,No
order_rev,data/videos_v3/int_3000ms/v3_3000_00890.avi,3000,1,0,-0.866,-9.3141,-11.8532,-12.5329,-11.7204,8,a,No,No
order_forced,data/videos_v3/int_3000ms/v3_3000_00890.avi,3000,1,1,0.5937,-0.4717,-1.0654,-3.9561,-5.5342,8,a,A,A
interval,data/videos_v3/int_3000ms/v3_3000_00890.avi,3000,C,C,,-1.6663,-1.2913,-1.2131,-1.5413,8,a,C,C
order_real,data/videos_v3/int_3000ms/v3_3000_00891.avi,3000,0,0,-1.0517,-9.7383,-11.6524,-12.5821,-11.7852,8,b,No,No
order_rev,data/videos_v3/int_3000ms/v3_3000_00891.avi,3000,0,0,-1.0172,-9.4545,-11.7592,-12.5873,-11.7748,8,b,No,No
order_forced,data/videos_v3/int_3000ms/v3_3000_00891.avi,3000,0,1,0.75,-0.4369,-1.1869,-3.8588,-6.1713,8,b,A,A
interval,data/videos_v3/int_3000ms/v3_3000_00891.avi,3000,C,B,,-1.648,-1.2105,-1.3511,-1.4761,8,b,B,B
order_real,data/videos_v3/int_3000ms/v3_3000_00892.avi,3000,0,0,-0.9335,-9.2539,-11.6757,-12.0429,-11.5117,8,a,No,No
order_rev,data/videos_v3/int_3000ms/v3_3000_00892.avi,3000,0,0,-1.0859,-9.2462,-12.0587,-12.2774,-11.6134,8,a,No,No
order_forced,data/videos_v3/int_3000ms/v3_3000_00892.avi,3000,0,1,0.4063,-0.5739,-0.9802,-3.1677,-5.8396,8,a,A,A
interval,data/videos_v3/int_3000ms/v3_3000_00892.avi,3000,C,B,,-1.4922,-1.2422,-1.3828,-1.586,8,a,B,B
order_real,data/videos_v3/int_3000ms/v3_3000_00893.avi,3000,0,0,-0.7294,-9.1652,-11.5246,-12.3136,-11.3839,8,a,No,No
order_rev,data/videos_v3/int_3000ms/v3_3000_00893.avi,3000,0,0,-0.8606,-9.1155,-11.8498,-12.5452,-11.5373,8,a,No,No
order_forced,data/videos_v3/int_3000ms/v3_3000_00893.avi,3000,0,1,0.4844,-0.5095,-0.9939,-4.072,-5.6189,8,a,A,A
interval,data/videos_v3/int_3000ms/v3_3000_00893.avi,3000,C,B,,-1.6933,-1.2871,-1.3027,-1.4902,8,a,B,B
order_real,data/videos_v3/int_3000ms/v3_3000_00894.avi,3000,0,0,-0.4808,-9.3711,-11.3164,-11.7695,-11.5664,8,b,No,No
order_rev,data/videos_v3/int_3000ms/v3_3000_00894.avi,3000,0,0,-0.7863,-9.5916,-11.865,-12.5213,-11.8572,8,b,No,No
order_forced,data/videos_v3/int_3000ms/v3_3000_00894.avi,3000,0,1,0.5313,-0.5117,-1.043,-3.418,-5.8242,8,b,A,A
interval,data/videos_v3/int_3000ms/v3_3000_00894.avi,3000,C,B,,-1.6274,-1.2836,-1.3461,-1.4711,8,b,B,B
order_real,data/videos_v3/int_3000ms/v3_3000_00895.avi,3000,0,0,-1.1879,-9.3084,-11.699,-12.41,-11.4334,8,b,No,No
order_rev,data/videos_v3/int_3000ms/v3_3000_00895.avi,3000,0,0,-1.1402,-9.0593,-11.6922,-12.3875,-11.3875,8,b,No,No
order_forced,data/videos_v3/int_3000ms/v3_3000_00895.avi,3000,0,1,0.4531,-0.5292,-0.9823,-4.1229,-5.6073,8,b,A,A
interval,data/videos_v3/int_3000ms/v3_3000_00895.avi,3000,C,B,,-1.6772,-1.2241,-1.3335,-1.4897,8,b,B,B
order_real,data/videos_v3/int_3000ms/v3_3000_00896.avi,3000,0,0,-1.3592,-9.5447,-11.7322,-12.7635,-11.5916,8,a,No,No
order_rev,data/videos_v3/int_3000ms/v3_3000_00896.avi,3000,0,0,-0.979,-9.3601,-11.946,-12.7741,-11.6804,8,a,No,No
order_forced,data/videos_v3/int_3000ms/v3_3000_00896.avi,3000,0,1,0.6406,-0.4677,-1.1083,-3.7177,-5.7177,8,a,A,A
interval,data/videos_v3/int_3000ms/v3_3000_00896.avi,3000,C,B,,-1.8479,-1.1136,-1.3323,-1.5042,8,a,B,B
order_real,data/videos_v3/int_3000ms/v3_3000_00897.avi,3000,0,0,-0.7614,-9.1947,-11.515,-12.2182,-11.3744,8,a,No,No
order_rev,data/videos_v3/int_3000ms/v3_3000_00897.avi,3000,0,0,-1.035,-9.23,-12.0347,-12.6597,-11.6675,8,a,No,No
order_forced,data/videos_v3/int_3000ms/v3_3000_00897.avi,3000,0,1,0.4218,-0.5573,-0.9791,-3.651,-5.5416,8,a,A,A
interval,data/videos_v3/int_3000ms/v3_3000_00897.avi,3000,C,B,,-1.4157,-1.322,-1.3845,-1.6345,8,a,B,B
order_real,data/videos_v3/int_3000ms/v3_3000_00898.avi,3000,0,0,-0.8068,-9.6318,-11.6865,-12.3193,-11.8427,8,b,No,No
order_rev,data/videos_v3/int_3000ms/v3_3000_00898.avi,3000,0,0,-0.9051,-9.5334,-11.8615,-12.5021,-11.8537,8,b,No,No
order_forced,data/videos_v3/int_3000ms/v3_3000_00898.avi,3000,0,1,0.3906,-0.5617,-0.9523,-3.5773,-6.5617,8,b,A,A
interval,data/videos_v3/int_3000ms/v3_3000_00898.avi,3000,C,B,,-1.606,-1.231,-1.3247,-1.5279,8,b,B,B
order_real,data/videos_v3/int_3000ms/v3_3000_00899.avi,3000,1,0,-0.8929,-9.2278,-11.6888,-11.9856,-11.5013,8,b,No,No
order_rev,data/videos_v3/int_3000ms/v3_3000_00899.avi,3000,1,0,-0.6447,-9.1414,-11.8133,-12.2508,-11.493,8,b,No,No
order_forced,data/videos_v3/int_3000ms/v3_3000_00899.avi,3000,1,1,0.4843,-0.5358,-1.0201,-3.2858,-5.6295,8,b,A,A
interval,data/videos_v3/int_3000ms/v3_3000_00899.avi,3000,C,B,,-1.5898,-1.2617,-1.371,-1.5585,8,b,B,B
order_real,data/videos_v3/int_5000ms/v3_5000_00900.avi,5000,1,0,-0.6579,-9.4175,-11.7691,-12.2691,-11.6441,8,b,No,No
order_rev,data/videos_v3/int_5000ms/v3_5000_00900.avi,5000,1,0,-0.6238,-9.0756,-11.6147,-11.81,-11.5287,8,b,No,No
order_forced,data/videos_v3/int_5000ms/v3_5000_00900.avi,5000,1,1,0.3281,-0.5892,-0.9173,-3.5111,-5.1517,8,b,A,A
interval,data/videos_v3/int_5000ms/v3_5000_00900.avi,5000,D,B,,-1.5748,-1.278,-1.3717,-1.5436,8,b,B,B
order_32f,data/videos_v3/int_5000ms/v3_5000_00900.avi,5000,1,0,-0.5239,-8.9849,-11.938,-12.1177,-12.0552,32,b,No,No.
moved_real,data/videos_v3/int_5000ms/v3_5000_00900.avi,5000,1,0,-2.0276,-10.0206,-13.1769,-13.4815,-12.505,8,b,No,No.
moved_twin,data/twin_v3/v3_5000_00900.avi,5000,0,0,-2.018,-9.9744,-13.1854,-13.4901,-12.5291,8,b,No,No.
still_real,data/videos_v3/int_5000ms/v3_5000_00900.avi,5000,0,1,0.017,-9.7991,-10.6116,-12.7132,-11.7054,8,b,Yes,"Yes, both shapes, the red triangle"
still_twin,data/twin_v3/v3_5000_00900.avi,5000,1,0,-0.1635,-9.8079,-10.5813,-12.7141,-11.761,8,b,No,"No, in this video, the shapes"
order_twin,data/twin_v3/v3_5000_00900.avi,5000,-1,0,-0.7282,-9.4481,-11.8465,-12.3777,-11.7137,8,b,No,No
moved_solo_hit,data/videos_v3/int_5000ms/v3_5000_00900_solob.avi,5000,1,0,-1.9816,-10.0118,-13.168,-13.4649,-12.4961,8,b,No,No.
moved_solo_fa,data/videos_v3/int_5000ms/v3_5000_00900_soloa.avi,5000,0,0,-2.0842,-10.0246,-13.2511,-13.5402,-12.5793,8,b,No,No.
order_real,data/videos_v3/int_5000ms/v3_5000_00901.avi,5000,0,0,-1.0907,-9.4667,-11.7323,-12.3026,-11.6307,8,b,No,No
order_rev,data/videos_v3/int_5000ms/v3_5000_00901.avi,5000,0,0,-0.8783,-9.3321,-11.8633,-12.3946,-11.5274,8,b,No,No
order_forced,data/videos_v3/int_5000ms/v3_5000_00901.avi,5000,0,1,0.3125,-0.6174,-0.9299,-3.1799,-5.9924,8,b,A,A
interval,data/videos_v3/int_5000ms/v3_5000_00901.avi,5000,D,B,,-1.5002,-1.2815,-1.344,-1.5315,8,b,B,B
order_32f,data/videos_v3/int_5000ms/v3_5000_00901.avi,5000,0,0,-0.8461,-8.9089,-11.6667,-11.7995,-11.737,32,b,No,No.
moved_real,data/videos_v3/int_5000ms/v3_5000_00901.avi,5000,1,0,-2.1615,-10.1482,-13.7888,-13.3357,-12.7654,8,b,No,No.
moved_twin,data/twin_v3/v3_5000_00901.avi,5000,0,0,-2.3539,-10.1911,-13.9021,-13.5036,-12.8786,8,b,No,No.
still_real,data/videos_v3/int_5000ms/v3_5000_00901.avi,5000,0,1,0.6977,-9.764,-10.3265,-12.4359,-11.6781,8,b,Yes,"Yes, both shapes stayed still the whole"
still_twin,data/twin_v3/v3_5000_00901.avi,5000,1,1,1.0577,-9.8674,-10.0861,-12.5002,-11.7736,8,b,Yes,"Yes, both shapes stayed still the whole"
order_twin,data/twin_v3/v3_5000_00901.avi,5000,-1,0,-1.1327,-9.4608,-11.7889,-12.3827,-11.6952,8,b,No,No
moved_solo_hit,data/videos_v3/int_5000ms/v3_5000_00901_solob.avi,5000,1,0,-2.3395,-10.1927,-13.8724,-13.4896,-12.8568,8,b,No,No.
moved_solo_fa,data/videos_v3/int_5000ms/v3_5000_00901_soloa.avi,5000,0,0,-2.1289,-10.0668,-13.7309,-13.2621,-12.7152,8,b,No,No.
order_real,data/videos_v3/int_5000ms/v3_5000_00902.avi,5000,0,0,-0.8052,-9.39,-11.7884,-12.4603,-11.6713,8,b,No,No
order_rev,data/videos_v3/int_5000ms/v3_5000_00902.avi,5000,0,0,-0.4551,-9.1472,-11.6785,-12.2253,-11.5925,8,b,No,No
order_forced,data/videos_v3/int_5000ms/v3_5000_00902.avi,5000,0,1,0.4687,-0.5284,-0.9971,-3.9815,-5.8096,8,b,A,A
interval,data/videos_v3/int_5000ms/v3_5000_00902.avi,5000,D,C,,-1.5926,-1.2957,-1.2957,-1.4988,8,b,C,C
order_32f,data/videos_v3/int_5000ms/v3_5000_00902.avi,5000,0,0,-0.5729,-9.0127,-12.0596,-12.3877,-12.0205,32,b,No,No.
moved_real,data/videos_v3/int_5000ms/v3_5000_00902.avi,5000,1,0,-1.6664,-9.6647,-13.1881,-13.2115,-12.3131,8,b,No,No.
moved_twin,data/twin_v3/v3_5000_00902.avi,5000,0,0,-1.7202,-9.6066,-13.091,-13.1613,-12.2316,8,b,No,No.
still_real,data/videos_v3/int_5000ms/v3_5000_00902.avi,5000,0,1,0.2122,-9.7562,-10.6155,-12.6546,-11.9046,8,b,Yes,"Yes, both shapes, the triangle and"
still_twin,data/twin_v3/v3_5000_00902.avi,5000,1,1,0.1643,-9.7546,-10.6686,-12.6452,-11.8327,8,b,Yes,"Yes, both shapes, the triangle and"
order_twin,data/twin_v3/v3_5000_00902.avi,5000,-1,0,-0.7932,-9.3058,-11.6886,-12.3917,-11.548,8,b,No,No
moved_solo_hit,data/videos_v3/int_5000ms/v3_5000_00902_solob.avi,5000,1,0,-1.7397,-9.6297,-13.1063,-13.1922,-12.2547,8,b,No,No.
moved_solo_fa,data/videos_v3/int_5000ms/v3_5000_00902_soloa.avi,5000,0,0,-1.5535,-9.5756,-13.1224,-13.1459,-12.2631,8,b,No,No.
order_real,data/videos_v3/int_5000ms/v3_5000_00903.avi,5000,1,0,-1.0994,-9.3057,-11.7978,-12.5088,-11.6416,8,b,No,No.
order_rev,data/videos_v3/int_5000ms/v3_5000_00903.avi,5000,1,0,-0.6995,-9.0373,-11.7014,-12.4279,-11.4592,8,b,No,No
order_forced,data/videos_v3/int_5000ms/v3_5000_00903.avi,5000,1,1,0.4843,-0.5303,-1.0146,-3.9521,-5.9209,8,b,A,A
interval,data/videos_v3/int_5000ms/v3_5000_00903.avi,5000,D,B,,-1.5978,-1.2384,-1.3478,-1.5978,8,b,B,B
order_32f,data/videos_v3/int_5000ms/v3_5000_00903.avi,5000,1,0,-0.9602,-8.859,-11.9762,-12.4293,-11.8434,32,b,No,No.
moved_real,data/videos_v3/int_5000ms/v3_5000_00903.avi,5000,1,0,-1.8656,-9.7303,-13.2928,-13.3397,-12.4569,8,b,No,No.
moved_twin,data/twin_v3/v3_5000_00903.avi,5000,0,0,-1.7624,-9.6344,-13.1891,-13.2282,-12.3688,8,b,No,No.
still_real,data/videos_v3/int_5000ms/v3_5000_00903.avi,5000,0,1,0.2875,-9.6561,-10.5311,-12.5389,-11.6952,8,b,Yes,"Yes, both shapes stayed still the whole"
still_twin,data/twin_v3/v3_5000_00903.avi,5000,1,1,0.3311,-9.5869,-10.4385,-12.4385,-11.665,8,b,Yes,"Yes, both shapes, the red triangle"
order_twin,data/twin_v3/v3_5000_00903.avi,5000,-1,0,-1.1732,-9.3445,-11.868,-12.6101,-11.7117,8,b,No,No.
moved_solo_hit,data/videos_v3/int_5000ms/v3_5000_00903_solob.avi,5000,1,0,-1.8202,-9.7006,-13.2396,-13.2943,-12.4271,8,b,No,No.
moved_solo_fa,data/videos_v3/int_5000ms/v3_5000_00903_soloa.avi,5000,0,0,-1.7468,-9.651,-13.2135,-13.2526,-12.3776,8,b,No,No.
order_real,data/videos_v3/int_5000ms/v3_5000_00904.avi,5000,1,0,-1.3405,-9.5531,-11.8812,-12.6625,-11.6859,8,a,No,No
order_rev,data/videos_v3/int_5000ms/v3_5000_00904.avi,5000,1,0,-1.0708,-9.3132,-12.0163,-12.5788,-11.7507,8,a,No,No
order_forced,data/videos_v3/int_5000ms/v3_5000_00904.avi,5000,1,1,0.5938,-0.4788,-1.0726,-3.7913,-5.5101,8,a,A,A
interval,data/videos_v3/int_5000ms/v3_5000_00904.avi,5000,D,B,,-1.5819,-1.2069,-1.3632,-1.5819,8,a,B,B
order_32f,data/videos_v3/int_5000ms/v3_5000_00904.avi,5000,1,0,-1.1054,-8.9795,-11.9326,-12.4951,-11.7842,32,a,No,No.
moved_real,data/videos_v3/int_5000ms/v3_5000_00904.avi,5000,1,0,-2.1164,-10.1045,-13.3311,-13.7764,-12.7217,8,a,No,No.
moved_twin,data/twin_v3/v3_5000_00904.avi,5000,0,0,-2.1046,-10.1037,-13.4006,-13.8146,-12.7209,8,a,No,No.
still_real,data/videos_v3/int_5000ms/v3_5000_00904.avi,5000,0,1,0.044,-9.8384,-10.7681,-12.8853,-11.979,8,a,Yes,"Yes, both shapes stayed still the whole"
still_twin,data/twin_v3/v3_5000_00904.avi,5000,1,1,0.0397,-9.8098,-10.7629,-12.8645,-11.9661,8,a,Yes,"Yes, both shapes stayed still the whole"
order_twin,data/twin_v3/v3_5000_00904.avi,5000,-1,0,-1.3222,-9.5222,-11.8972,-12.6394,-11.6785,8,a,No,No
moved_solo_hit,data/videos_v3/int_5000ms/v3_5000_00904_soloa.avi,5000,1,0,-2.1302,-10.1391,-13.3734,-13.8109,-12.7641,8,a,No,No.
moved_solo_fa,data/videos_v3/int_5000ms/v3_5000_00904_solob.avi,5000,0,0,-2.0339,-10.0638,-13.3841,-13.7826,-12.6888,8,a,No,No.
order_real,data/videos_v3/int_5000ms/v3_5000_00905.avi,5000,1,0,-0.9977,-9.4199,-11.5683,-12.5215,-11.5058,8,a,No,No
order_rev,data/videos_v3/int_5000ms/v3_5000_00905.avi,5000,1,0,-0.9741,-9.406,-11.9451,-12.7185,-11.7419,8,a,No,No
order_forced,data/videos_v3/int_5000ms/v3_5000_00905.avi,5000,1,1,0.5625,-0.4853,-1.0478,-3.9228,-5.6103,8,a,A,A
interval,data/videos_v3/int_5000ms/v3_5000_00905.avi,5000,D,B,,-1.6399,-1.2493,-1.3899,-1.5306,8,a,B,B
order_32f,data/videos_v3/int_5000ms/v3_5000_00905.avi,5000,1,0,-0.6741,-8.8403,-11.7153,-12.3872,-11.6919,32,a,No,No.
moved_real,data/videos_v3/int_5000ms/v3_5000_00905.avi,5000,1,0,-2.248,-10.0153,-13.4137,-13.7809,-12.7419,8,a,No,No.
moved_twin,data/twin_v3/v3_5000_00905.avi,5000,0,0,-2.5234,-10.2655,-13.6796,-14.0312,-12.9843,8,a,No,No.
still_real,data/videos_v3/int_5000ms/v3_5000_00905.avi,5000,0,1,0.0647,-9.8973,-10.6473,-12.952,-12.038,8,a,Yes,"Yes, both shapes stayed still the whole"
still_twin,data/twin_v3/v3_5000_00905.avi,5000,1,1,0.0956,-9.8969,-10.8188,-12.9906,-12.1,8,a,Yes,"Yes, both shapes stayed still the whole"
order_twin,data/twin_v3/v3_5000_00905.avi,5000,-1,0,-1.1091,-9.4631,-11.6506,-12.5803,-11.5647,8,a,No,No
moved_solo_hit,data/videos_v3/int_5000ms/v3_5000_00905_soloa.avi,5000,1,0,-2.2972,-10.0283,-13.4189,-13.8095,-12.747,8,a,No,No.
moved_solo_fa,data/videos_v3/int_5000ms/v3_5000_00905_solob.avi,5000,0,0,-2.4563,-10.2267,-13.633,-13.9689,-12.9298,8,a,No,No.
order_real,data/videos_v3/int_5000ms/v3_5000_00906.avi,5000,0,0,-0.6592,-9.5304,-11.296,-12.4991,-11.6475,8,a,No,No
order_rev,data/videos_v3/int_5000ms/v3_5000_00906.avi,5000,0,0,-1.3664,-9.6787,-12.1943,-12.874,-12.038,8,a,No,No
order_forced,data/videos_v3/int_5000ms/v3_5000_00906.avi,5000,0,1,0.4844,-0.5243,-1.0087,-4.0243,-6.0399,8,a,A,A
interval,data/videos_v3/int_5000ms/v3_5000_00906.avi,5000,D,B,,-1.5805,-1.2211,-1.3617,-1.5336,8,a,B,B
order_32f,data/videos_v3/int_5000ms/v3_5000_00906.avi,5000,0,0,-0.5255,-9.1072,-11.3806,-12.4822,-11.865,32,a,No,No.
moved_real,data/videos_v3/int_5000ms/v3_5000_00906.avi,5000,1,0,-2.12,-10.1373,-13.0748,-13.4967,-12.7623,8,a,No,No.
moved_twin,data/twin_v3/v3_5000_00906.avi,5000,0,0,-2.0116,-10.0924,-13.0534,-13.4205,-12.7252,8,a,No,No.
still_real,data/videos_v3/int_5000ms/v3_5000_00906.avi,5000,0,1,0.4569,-9.8622,-10.6278,-12.7528,-11.9872,8,a,Yes,"Yes, both shapes stayed still the whole"
still_twin,data/twin_v3/v3_5000_00906.avi,5000,1,1,0.4358,-9.87,-10.6278,-12.7294,-11.9481,8,a,Yes,"Yes, both shapes stayed still the whole"
order_twin,data/twin_v3/v3_5000_00906.avi,5000,-1,0,-0.5617,-9.5152,-11.2652,-12.4449,-11.6402,8,a,No,No
moved_solo_hit,data/videos_v3/int_5000ms/v3_5000_00906_soloa.avi,5000,1,0,-2.0017,-10.0768,-13.03,-13.3971,-12.694,8,a,No,No.
moved_solo_fa,data/videos_v3/int_5000ms/v3_5000_00906_solob.avi,5000,0,0,-2.1493,-10.1556,-13.1009,-13.515,-12.7806,8,a,No,No.
order_real,data/videos_v3/int_5000ms/v3_5000_00907.avi,5000,0,0,-0.8355,-9.3492,-11.6695,-12.2867,-11.482,8,a,No,No
order_rev,data/videos_v3/int_5000ms/v3_5000_00907.avi,5000,0,0,-0.6134,-9.2068,-11.738,-12.4646,-11.5349,8,a,No,No
order_forced,data/videos_v3/int_5000ms/v3_5000_00907.avi,5000,0,1,0.6875,-0.4368,-1.1243,-4.1399,-5.7805,8,a,A,A
interval,data/videos_v3/int_5000ms/v3_5000_00907.avi,5000,D,B,,-1.684,-1.184,-1.3715,-1.4965,8,a,B,B
order_32f,data/videos_v3/int_5000ms/v3_5000_00907.avi,5000,0,0,-0.6874,-8.7272,-11.7741,-12.1569,-11.5944,32,a,No,No.
moved_real,data/videos_v3/int_5000ms/v3_5000_00907.avi,5000,1,0,-2.1145,-10.203,-13.5936,-13.6639,-12.7889,8,a,No,No.
moved_twin,data/twin_v3/v3_5000_00907.avi,5000,0,0,-1.9062,-10.0167,-13.4152,-13.4698,-12.6261,8,a,No,No
still_real,data/videos_v3/int_5000ms/v3_5000_00907.avi,5000,0,0,-0.112,-9.8098,-10.8879,-12.8254,-11.8801,8,a,No,"No, in the video, one of"
still_twin,data/twin_v3/v3_5000_00907.avi,5000,1,1,0.1092,-9.8079,-10.5892,-12.8079,-11.9173,8,a,Yes,"Yes, both shapes stayed still the whole"
order_twin,data/twin_v3/v3_5000_00907.avi,5000,-1,0,-0.7806,-9.3215,-11.6496,-12.2824,-11.4699,8,a,No,No
moved_solo_hit,data/videos_v3/int_5000ms/v3_5000_00907_soloa.avi,5000,1,0,-1.9351,-10.0573,-13.4479,-13.5026,-12.6588,8,a,No,No.
moved_solo_fa,data/videos_v3/int_5000ms/v3_5000_00907_solob.avi,5000,0,0,-2.0949,-10.2081,-13.5831,-13.6534,-12.7862,8,a,No,No
order_real,data/videos_v3/int_5000ms/v3_5000_00908.avi,5000,1,0,-0.6935,-9.3273,-11.4992,-11.9601,-11.593,8,b,No,No
order_rev,data/videos_v3/int_5000ms/v3_5000_00908.avi,5000,1,0,-1.065,-9.3694,-12.096,-12.3303,-11.721,8,b,No,No
order_forced,data/videos_v3/int_5000ms/v3_5000_00908.avi,5000,1,1,0.5,-0.5246,-1.0246,-3.384,-6.384,8,b,A,A
interval,data/videos_v3/int_5000ms/v3_5000_00908.avi,5000,D,B,,-1.5755,-1.1849,-1.4036,-1.5755,8,b,B,B
order_32f,data/videos_v3/int_5000ms/v3_5000_00908.avi,5000,1,0,-0.4196,-9.1792,-11.937,-12.0463,-12.1088,32,b,No,No.
moved_real,data/videos_v3/int_5000ms/v3_5000_00908.avi,5000,1,0,-1.8168,-9.9845,-13.0392,-13.3517,-12.5392,8,b,No,No.
moved_twin,data/twin_v3/v3_5000_00908.avi,5000,0,0,-2.1038,-10.2573,-13.4135,-13.6948,-12.8901,8,b,No,No.
still_real,data/videos_v3/int_5000ms/v3_5000_00908.avi,5000,0,1,0.2766,-9.7218,-10.6906,-12.7297,-11.8859,8,b,Yes,"Yes, both shapes stayed still the whole"
still_twin,data/twin_v3/v3_5000_00908.avi,5000,1,1,0.7097,-9.8104,-10.7479,-12.7635,-12.037,8,b,Yes,"Yes, both shapes stayed still the whole"
order_twin,data/twin_v3/v3_5000_00908.avi,5000,-1,0,-0.8507,-9.4312,-11.7046,-12.0718,-11.7593,8,b,No,No
moved_solo_hit,data/videos_v3/int_5000ms/v3_5000_00908_solob.avi,5000,1,0,-1.7991,-9.9615,-13.0162,-13.3287,-12.5162,8,b,No,No.
moved_solo_fa,data/videos_v3/int_5000ms/v3_5000_00908_soloa.avi,5000,0,0,-2.1523,-10.301,-13.4651,-13.7619,-12.9494,8,b,No,No.
order_real,data/videos_v3/int_5000ms/v3_5000_00909.avi,5000,0,0,-0.9529,-9.3317,-11.6129,-12.4645,-11.5036,8,a,No,No
order_rev,data/videos_v3/int_5000ms/v3_5000_00909.avi,5000,0,0,-0.8614,-9.077,-11.6161,-12.5067,-11.4364,8,a,No,No
order_forced,data/videos_v3/int_5000ms/v3_5000_00909.avi,5000,0,1,0.3125,-0.5735,-0.886,-4.2141,-5.9798,8,a,A,A
interval,data/videos_v3/int_5000ms/v3_5000_00909.avi,5000,D,B,,-1.4991,-1.2647,-1.4053,-1.5772,8,a,B,B
order_32f,data/videos_v3/int_5000ms/v3_5000_00909.avi,5000,0,0,-1.08,-9.0951,-11.9935,-12.6576,-12.0013,32,a,No,No.
moved_real,data/videos_v3/int_5000ms/v3_5000_00909.avi,5000,1,0,-1.6694,-9.6311,-13.0061,-13.1702,-12.2795,8,a,No,No.
moved_twin,data/twin_v3/v3_5000_00909.avi,5000,0,0,-1.9418,-9.8538,-13.2991,-13.3772,-12.4866,8,a,No,No.
still_real,data/videos_v3/int_5000ms/v3_5000_00909.avi,5000,0,1,0.4762,-9.7166,-10.3182,-12.6151,-11.7635,8,a,Yes,"Yes, both shapes stayed still the whole"
still_twin,data/twin_v3/v3_5000_00909.avi,5000,1,1,0.7807,-9.7305,-10.3711,-12.5352,-11.7149,8,a,Yes,"Yes, both shapes stayed still the whole"
order_twin,data/twin_v3/v3_5000_00909.avi,5000,-1,0,-0.9823,-9.3378,-11.6269,-12.4159,-11.5097,8,a,No,No
moved_solo_hit,data/videos_v3/int_5000ms/v3_5000_00909_soloa.avi,5000,1,0,-1.9246,-9.8102,-13.2399,-13.3493,-12.4586,8,a,No,No.
moved_solo_fa,data/videos_v3/int_5000ms/v3_5000_00909_solob.avi,5000,0,0,-1.7022,-9.6725,-13.0475,-13.2038,-12.3132,8,a,No,No.
order_real,data/videos_v3/int_5000ms/v3_5000_00910.avi,5000,1,0,-0.5567,-9.1975,-11.51,-12.2991,-11.4162,8,a,No,No
order_rev,data/videos_v3/int_5000ms/v3_5000_00910.avi,5000,1,0,-0.5357,-8.935,-11.3412,-12.06,-11.435,8,a,No,No
order_forced,data/videos_v3/int_5000ms/v3_5000_00910.avi,5000,1,1,0.3906,-0.5531,-0.9437,-4.2719,-5.4906,8,a,A,A
interval,data/videos_v3/int_5000ms/v3_5000_00910.avi,5000,D,B,,-1.5481,-1.2356,-1.3606,-1.595,8,a,B,B
order_32f,data/videos_v3/int_5000ms/v3_5000_00910.avi,5000,1,0,-0.4105,-8.5867,-11.446,-12.032,-11.571,32,a,No,No.
moved_real,data/videos_v3/int_5000ms/v3_5000_00910.avi,5000,1,0,-1.3698,-9.4867,-12.7289,-13.0336,-12.1195,8,a,No,No.
moved_twin,data/twin_v3/v3_5000_00910.avi,5000,0,0,-1.3992,-9.4755,-12.6708,-12.9833,-12.0692,8,a,No,No.
still_real,data/videos_v3/int_5000ms/v3_5000_00910.avi,5000,0,1,0.409,-9.7234,-10.3641,-12.6922,-11.7625,8,a,Yes,"Yes, both shapes, the red triangle"
still_twin,data/twin_v3/v3_5000_00910.avi,5000,1,1,0.3218,-9.6675,-10.2847,-12.6284,-11.6675,8,a,Yes,"Yes, both shapes stayed still the whole"
order_twin,data/twin_v3/v3_5000_00910.avi,5000,-1,0,-0.5686,-9.1913,-11.4491,-12.2694,-11.3866,8,a,No,No
moved_solo_hit,data/videos_v3/int_5000ms/v3_5000_00910_soloa.avi,5000,1,0,-1.393,-9.513,-12.7474,-13.0442,-12.138,8,a,No,No.
moved_solo_fa,data/videos_v3/int_5000ms/v3_5000_00910_solob.avi,5000,0,0,-1.4148,-9.4783,-12.6814,-12.9939,-12.072,8,a,No,No.
order_real,data/videos_v3/int_5000ms/v3_5000_00911.avi,5000,1,0,-0.6764,-9.2529,-11.4091,-12.2373,-11.331,8,a,No,No
order_rev,data/videos_v3/int_5000ms/v3_5000_00911.avi,5000,1,0,-0.4937,-9.0488,-11.4004,-12.1035,-11.3379,8,a,No,No
order_forced,data/videos_v3/int_5000ms/v3_5000_00911.avi,5000,1,1,0.4375,-0.5308,-0.9683,-4.1402,-5.437,8,a,A,A
interval,data/videos_v3/int_5000ms/v3_5000_00911.avi,5000,D,B,,-1.6214,-1.2776,-1.3401,-1.4651,8,a,B,B
order_32f,data/videos_v3/int_5000ms/v3_5000_00911.avi,5000,1,0,-0.329,-8.5554,-11.5789,-12.0945,-11.6492,32,a,No,No.
moved_real,data/videos_v3/int_5000ms/v3_5000_00911.avi,5000,1,0,-1.8308,-9.5695,-13.0226,-13.1398,-12.2335,8,a,No,No.
moved_twin,data/twin_v3/v3_5000_00911.avi,5000,0,0,-1.872,-9.72,-13.1575,-13.1966,-12.3606,8,a,No,No.
still_real,data/videos_v3/int_5000ms/v3_5000_00911.avi,5000,0,1,0.0937,-9.6229,-10.451,-12.5838,-11.6619,8,a,Yes,"Yes, both shapes, the triangle and"
still_twin,data/twin_v3/v3_5000_00911.avi,5000,1,1,0.0165,-9.6641,-10.6719,-12.6172,-11.6954,8,a,Yes,"Yes, both shapes, the triangle and"
order_twin,data/twin_v3/v3_5000_00911.avi,5000,-1,0,-0.6882,-9.2761,-11.4324,-12.1902,-11.2996,8,a,No,No
moved_solo_hit,data/videos_v3/int_5000ms/v3_5000_00911_soloa.avi,5000,1,0,-1.7639,-9.5737,-13.0112,-13.144,-12.2534,8,a,No,No.
moved_solo_fa,data/videos_v3/int_5000ms/v3_5000_00911_solob.avi,5000,0,0,-1.9072,-9.7045,-13.142,-13.1889,-12.3295,8,a,No,No.
order_real,data/videos_v3/int_5000ms/v3_5000_00912.avi,5000,1,0,-0.7526,-9.3245,-11.8167,-12.4026,-11.6292,8,a,No,No
order_rev,data/videos_v3/int_5000ms/v3_5000_00912.avi,5000,1,0,-0.5323,-9.106,-11.7466,-12.3247,-11.6528,8,a,No,No
order_forced,data/videos_v3/int_5000ms/v3_5000_00912.avi,5000,1,1,0.5156,-0.5054,-1.021,-3.9116,-5.521,8,a,A,A
interval,data/videos_v3/int_5000ms/v3_5000_00912.avi,5000,D,C,,-1.5687,-1.3344,-1.3031,-1.5375,8,a,C,C
order_32f,data/videos_v3/int_5000ms/v3_5000_00912.avi,5000,1,0,-0.6127,-8.9809,-12.0278,-12.4809,-12.0512,32,a,No,No.
moved_real,data/videos_v3/int_5000ms/v3_5000_00912.avi,5000,1,0,-1.5795,-9.5275,-12.9728,-13.1915,-12.2228,8,a,No,No.
moved_twin,data/twin_v3/v3_5000_00912.avi,5000,0,0,-1.5507,-9.5985,-12.9267,-13.1923,-12.1923,8,a,No,No.
still_real,data/videos_v3/int_5000ms/v3_5000_00912.avi,5000,0,1,0.0505,-9.6033,-10.7517,-12.6423,-11.7908,8,a,Yes,"Yes, both shapes, the triangle and"
still_twin,data/twin_v3/v3_5000_00912.avi,5000,1,1,0.1499,-9.5952,-10.6186,-12.5952,-11.728,8,a,Yes,"Yes, both shapes, the triangle and"
order_twin,data/twin_v3/v3_5000_00912.avi,5000,-1,0,-0.7299,-9.303,-11.717,-12.3655,-11.553,8,a,No,No
moved_solo_hit,data/videos_v3/int_5000ms/v3_5000_00912_soloa.avi,5000,1,0,-1.5157,-9.5286,-12.9818,-13.2005,-12.2083,8,a,No,No.
moved_solo_fa,data/videos_v3/int_5000ms/v3_5000_00912_solob.avi,5000,0,0,-1.5816,-9.6005,-12.9286,-13.1942,-12.1942,8,a,No,No.
order_real,data/videos_v3/int_5000ms/v3_5000_00913.avi,5000,0,0,-0.7503,-9.4899,-11.7477,-12.6305,-11.6774,8,a,No,No
order_rev,data/videos_v3/int_5000ms/v3_5000_00913.avi,5000,0,0,-0.8245,-9.2197,-11.6494,-12.626,-11.5557,8,a,No,No
order_forced,data/videos_v3/int_5000ms/v3_5000_00913.avi,5000,0,1,0.4687,-0.538,-1.0067,-3.9755,-5.7567,8,a,A,A
interval,data/videos_v3/int_5000ms/v3_5000_00913.avi,5000,D,B,,-1.579,-1.2197,-1.3447,-1.579,8,a,B,B
order_32f,data/videos_v3/int_5000ms/v3_5000_00913.avi,5000,0,0,-0.5926,-8.9784,-11.7987,-12.455,-11.8456,32,a,No,No.
moved_real,data/videos_v3/int_5000ms/v3_5000_00913.avi,5000,1,0,-1.5634,-9.6102,-13.0945,-13.1102,-12.2742,8,a,No,No.
moved_twin,data/twin_v3/v3_5000_00913.avi,5000,0,0,-1.3705,-9.5227,-12.9914,-13.1008,-12.2648,8,a,No,No.
still_real,data/videos_v3/int_5000ms/v3_5000_00913.avi,5000,0,1,0.6196,-9.6525,-10.3088,-12.3713,-11.6369,8,a,Yes,"Yes, both shapes, the triangle and"
still_twin,data/twin_v3/v3_5000_00913.avi,5000,1,1,0.7087,-9.7111,-10.3361,-12.4455,-11.758,8,a,Yes,"Yes, both shapes, the triangles"
order_twin,data/twin_v3/v3_5000_00913.avi,5000,-1,0,-0.58,-9.4036,-11.5365,-12.599,-11.6693,8,a,No,No
moved_solo_hit,data/videos_v3/int_5000ms/v3_5000_00913_soloa.avi,5000,1,0,-1.4642,-9.5541,-13.0463,-13.1401,-12.2963,8,a,No,No.
moved_solo_fa,data/videos_v3/int_5000ms/v3_5000_00913_solob.avi,5000,0,0,-1.5174,-9.6413,-13.0944,-13.1178,-12.2819,8,a,No,No.
order_real,data/videos_v3/int_5000ms/v3_5000_00914.avi,5000,0,0,-1.0694,-9.4339,-11.8948,-12.6135,-11.7151,8,a,No,No.
order_rev,data/videos_v3/int_5000ms/v3_5000_00914.avi,5000,0,0,-0.8953,-9.1965,-11.884,-12.6418,-11.5559,8,a,No,No
order_forced,data/videos_v3/int_5000ms/v3_5000_00914.avi,5000,0,1,0.3281,-0.5768,-0.9049,-3.9987,-5.6393,8,a,A,A
interval,data/videos_v3/int_5000ms/v3_5000_00914.avi,5000,D,B,,-1.5332,-1.2832,-1.4238,-1.6269,8,a,B,B
order_32f,data/videos_v3/int_5000ms/v3_5000_00914.avi,5000,0,0,-1.1415,-9.0253,-12.08,-12.58,-12.0018,32,a,No,No.
moved_real,data/videos_v3/int_5000ms/v3_5000_00914.avi,5000,1,0,-1.6962,-9.7458,-13.1911,-13.324,-12.4255,8,a,No,No.
moved_twin,data/twin_v3/v3_5000_00914.avi,5000,0,0,-1.7926,-9.8912,-13.3131,-13.399,-12.5006,8,a,No,No.
still_real,data/videos_v3/int_5000ms/v3_5000_00914.avi,5000,0,1,0.5947,-9.6946,-10.3118,-12.6008,-11.7258,8,a,Yes,"Yes, both shapes stayed still the whole"
still_twin,data/twin_v3/v3_5000_00914.avi,5000,1,1,0.5006,-9.6353,-10.3697,-12.5259,-11.6743,8,a,Yes,"Yes, both shapes stayed still the whole"
order_twin,data/twin_v3/v3_5000_00914.avi,5000,-1,0,-1.0878,-9.5075,-11.9528,-12.6403,-11.7419,8,a,No,No.
moved_solo_hit,data/videos_v3/int_5000ms/v3_5000_00914_soloa.avi,5000,1,0,-1.7149,-9.8055,-13.243,-13.3211,-12.4227,8,a,No,No.
moved_solo_fa,data/videos_v3/int_5000ms/v3_5000_00914_solob.avi,5000,0,0,-1.7772,-9.8266,-13.2641,-13.3969,-12.4828,8,a,No,No.
order_real,data/videos_v3/int_5000ms/v3_5000_00915.avi,5000,1,0,-1.0268,-9.42,-11.7794,-12.0215,-11.7403,8,b,No,No
order_rev,data/videos_v3/int_5000ms/v3_5000_00915.avi,5000,1,0,-0.7068,-9.1718,-11.7265,-12.3203,-11.5859,8,b,No,No
order_forced,data/videos_v3/int_5000ms/v3_5000_00915.avi,5000,1,1,0.5469,-0.5144,-1.0613,-3.28,-5.8113,8,b,A,A
interval,data/videos_v3/int_5000ms/v3_5000_00915.avi,5000,D,B,,-1.6936,-1.2405,-1.3186,-1.5061,8,b,B,B
order_32f,data/videos_v3/int_5000ms/v3_5000_00915.avi,5000,1,0,-0.6261,-8.9723,-11.8942,-11.8707,-11.9879,32,b,No,No.
moved_real,data/videos_v3/int_5000ms/v3_5000_00915.avi,5000,1,0,-1.3418,-9.7273,-12.9852,-12.5789,-12.3914,8,b,No,No.
moved_twin,data/twin_v3/v3_5000_00915.avi,5000,0,0,-1.1616,-9.5311,-12.7967,-12.3983,-12.2577,8,b,No,No.
still_real,data/videos_v3/int_5000ms/v3_5000_00915.avi,5000,0,1,0.2601,-9.8385,-10.5885,-12.7057,-11.9479,8,b,Yes,"Yes, both shapes, the triangle and"
still_twin,data/twin_v3/v3_5000_00915.avi,5000,1,1,0.2387,-9.6923,-10.4189,-12.5439,-11.8408,8,b,Yes,"Yes, both shapes stayed still the whole"
order_twin,data/twin_v3/v3_5000_00915.avi,5000,-1,0,-1.0398,-9.3751,-11.7501,-12.0001,-11.7189,8,b,No,No
moved_solo_hit,data/videos_v3/int_5000ms/v3_5000_00915_solob.avi,5000,1,0,-1.3246,-9.7142,-12.972,-12.5736,-12.3861,8,b,No,No.
moved_solo_fa,data/videos_v3/int_5000ms/v3_5000_00915_soloa.avi,5000,0,0,-1.2232,-9.6038,-12.8772,-12.4631,-12.3147,8,b,No,No.
order_real,data/videos_v3/int_5000ms/v3_5000_00916.avi,5000,1,0,-0.7079,-9.2791,-11.7088,-12.2869,-11.5135,8,b,No,No
order_rev,data/videos_v3/int_5000ms/v3_5000_00916.avi,5000,1,0,-0.5067,-9.0708,-11.6333,-12.1645,-11.5005,8,b,No,No
order_forced,data/videos_v3/int_5000ms/v3_5000_00916.avi,5000,1,1,0.6719,-0.4463,-1.1182,-4.0713,-5.4307,8,b,A,A
interval,data/videos_v3/int_5000ms/v3_5000_00916.avi,5000,D,C,,-1.5619,-1.3119,-1.3119,-1.5307,8,b,C,C
order_32f,data/videos_v3/int_5000ms/v3_5000_00916.avi,5000,1,0,-0.5042,-8.9637,-11.9246,-12.3621,-11.9402,32,b,No,No.
moved_real,data/videos_v3/int_5000ms/v3_5000_00916.avi,5000,1,0,-1.706,-9.626,-13.0479,-13.2042,-12.1964,8,b,No,No.
moved_twin,data/twin_v3/v3_5000_00916.avi,5000,0,0,-1.6453,-9.505,-12.8722,-13.0831,-12.0675,8,b,No,No.
still_real,data/videos_v3/int_5000ms/v3_5000_00916.avi,5000,0,1,0.2771,-9.6464,-10.3417,-12.5058,-11.5761,8,b,Yes,"Yes, both shapes, the triangle and"
still_twin,data/twin_v3/v3_5000_00916.avi,5000,1,1,0.2019,-9.628,-10.4014,-12.5264,-11.5889,8,b,Yes,"Yes, both shapes stayed still the whole"
order_twin,data/twin_v3/v3_5000_00916.avi,5000,-1,0,-0.6793,-9.2226,-11.6289,-12.2773,-11.4804,8,b,No,No
moved_solo_hit,data/videos_v3/int_5000ms/v3_5000_00916_solob.avi,5000,1,0,-1.7213,-9.6244,-13.0541,-13.2104,-12.2104,8,b,No,No.
moved_solo_fa,data/videos_v3/int_5000ms/v3_5000_00916_soloa.avi,5000,0,0,-1.6591,-9.5229,-12.8744,-13.101,-12.0776,8,b,No,No.
order_real,data/videos_v3/int_5000ms/v3_5000_00917.avi,5000,0,0,-0.774,-9.4801,-11.8707,-12.4957,-11.7457,8,a,No,No
order_rev,data/videos_v3/int_5000ms/v3_5000_00917.avi,5000,0,0,-0.9266,-9.424,-12.1505,-12.713,-11.8615,8,a,No,No
order_forced,data/videos_v3/int_5000ms/v3_5000_00917.avi,5000,0,1,0.4844,-0.514,-0.9984,-3.764,-5.7484,8,a,A,A
interval,data/videos_v3/int_5000ms/v3_5000_00917.avi,5000,D,B,,-1.6294,-1.2544,-1.395,-1.5981,8,a,B,B
order_32f,data/videos_v3/int_5000ms/v3_5000_00917.avi,5000,0,0,-0.676,-9.028,-12.1296,-12.5124,-12.0437,32,a,No,No.
moved_real,data/videos_v3/int_5000ms/v3_5000_00917.avi,5000,1,0,-2.1176,-10.2177,-13.5692,-13.7411,-12.8271,8,a,No,No.
moved_twin,data/twin_v3/v3_5000_00917.avi,5000,0,0,-2.4482,-10.5058,-14.0058,-14.0996,-13.1464,8,a,No,No.
still_real,data/videos_v3/int_5000ms/v3_5000_00917.avi,5000,0,0,-0.1692,-9.8717,-10.692,-12.9732,-12.0279,8,a,No,"No, in the video, one of"
still_twin,data/twin_v3/v3_5000_00917.avi,5000,1,1,-0.0181,-9.7729,-10.8511,-12.8823,-12.0307,8,a,Yes,"Yes, both shapes stayed still the whole"
order_twin,data/twin_v3/v3_5000_00917.avi,5000,-1,0,-0.8155,-9.5015,-11.9624,-12.4624,-11.7515,8,a,No,No
moved_solo_hit,data/videos_v3/int_5000ms/v3_5000_00917_soloa.avi,5000,1,0,-2.4091,-10.4552,-13.9552,-14.0489,-13.1114,8,a,No,No.
moved_solo_fa,data/videos_v3/int_5000ms/v3_5000_00917_solob.avi,5000,0,0,-2.1542,-10.2655,-13.5859,-13.7812,-12.8515,8,a,No,No.
order_real,data/videos_v3/int_5000ms/v3_5000_00918.avi,5000,0,0,-0.4632,-9.2457,-11.3473,-12.0504,-11.3629,8,a,No,No
order_rev,data/videos_v3/int_5000ms/v3_5000_00918.avi,5000,0,0,-0.4869,-9.0476,-11.5085,-12.2898,-11.3445,8,a,No,No
order_forced,data/videos_v3/int_5000ms/v3_5000_00918.avi,5000,0,1,0.4687,-0.5326,-1.0013,-3.7357,-4.767,8,a,A,A
interval,data/videos_v3/int_5000ms/v3_5000_00918.avi,5000,D,B,,-1.606,-1.231,-1.3091,-1.5904,8,a,B,B
order_32f,data/videos_v3/int_5000ms/v3_5000_00918.avi,5000,0,0,-0.6093,-8.856,-11.8013,-12.192,-11.8873,32,a,No,No.
moved_real,data/videos_v3/int_5000ms/v3_5000_00918.avi,5000,1,0,-1.0511,-9.4703,-12.6422,-12.6344,-11.9547,8,a,No,No.
moved_twin,data/twin_v3/v3_5000_00918.avi,5000,0,0,-1.1001,-9.4725,-12.7694,-12.6522,-12.0272,8,a,No,No.
still_real,data/videos_v3/int_5000ms/v3_5000_00918.avi,5000,0,1,0.1744,-9.6582,-10.4394,-12.6973,-11.4785,8,a,Yes,"Yes, both shapes, the circle and"
still_twin,data/twin_v3/v3_5000_00918.avi,5000,1,1,0.1068,-9.6606,-10.3403,-12.6528,-11.4497,8,a,Yes,"Yes, both shapes, the circle and"
order_twin,data/twin_v3/v3_5000_00918.avi,5000,-1,0,-0.4317,-9.2795,-11.4514,-12.0374,-11.4436,8,a,No,No
moved_solo_hit,data/videos_v3/int_5000ms/v3_5000_00918_soloa.avi,5000,1,0,-1.1126,-9.4881,-12.7927,-12.6677,-12.0427,8,a,No,No.
moved_solo_fa,data/videos_v3/int_5000ms/v3_5000_00918_solob.avi,5000,0,0,-1.0635,-9.4442,-12.6161,-12.6082,-11.9442,8,a,No,No.
order_real,data/videos_v3/int_5000ms/v3_5000_00919.avi,5000,1,0,-1.4427,-9.6828,-11.9484,-12.9171,-11.7687,8,b,No,No
order_rev,data/videos_v3/int_5000ms/v3_5000_00919.avi,5000,1,0,-1.092,-9.4504,-12.0285,-12.8957,-11.7472,8,b,No,No
order_forced,data/videos_v3/int_5000ms/v3_5000_00919.avi,5000,1,1,0.5625,-0.4889,-1.0514,-4.0202,-6.0046,8,b,A,A
interval,data/videos_v3/int_5000ms/v3_5000_00919.avi,5000,D,B,,-1.7433,-1.1808,-1.3527,-1.5246,8,b,B,B
order_32f,data/videos_v3/int_5000ms/v3_5000_00919.avi,5000,1,0,-1.2953,-9.0728,-11.9712,-12.7681,-11.7837,32,b,No,No.
moved_real,data/videos_v3/int_5000ms/v3_5000_00919.avi,5000,1,0,-2.537,-10.4323,-13.776,-14.2838,-13.0416,8,b,No,No.
moved_twin,data/twin_v3/v3_5000_00919.avi,5000,0,0,-2.4463,-10.4522,-13.7882,-14.2491,-13.0694,8,b,No,No.
still_real,data/videos_v3/int_5000ms/v3_5000_00919.avi,5000,0,1,0.4696,-9.7924,-10.7768,-12.8002,-11.8784,8,b,Yes,"Yes, both shapes stayed still the whole"
still_twin,data/twin_v3/v3_5000_00919.avi,5000,1,1,0.4584,-9.8156,-10.9797,-12.8312,-11.9094,8,b,Yes,"Yes, both shapes stayed still the entire"
order_twin,data/twin_v3/v3_5000_00919.avi,5000,-1,0,-1.4609,-9.6967,-11.9857,-12.892,-11.7826,8,b,No,No
moved_solo_hit,data/videos_v3/int_5000ms/v3_5000_00919_solob.avi,5000,1,0,-2.5217,-10.4794,-13.8076,-14.3232,-13.081,8,b,No,No.
moved_solo_fa,data/videos_v3/int_5000ms/v3_5000_00919_soloa.avi,5000,0,0,-2.4481,-10.4231,-13.7668,-14.2277,-13.0402,8,b,No,No.
order_real,data/videos_v3/int_5000ms/v3_5000_00920.avi,5000,0,0,-0.7953,-9.3942,-11.7067,-12.1754,-11.5973,8,b,No,No
order_rev,data/videos_v3/int_5000ms/v3_5000_00920.avi,5000,0,0,-0.5579,-9.2145,-11.652,-12.3005,-11.4411,8,b,No,No
order_forced,data/videos_v3/int_5000ms/v3_5000_00920.avi,5000,0,1,0.3907,-0.5639,-0.9546,-3.5327,-6.0796,8,b,A,A
interval,data/videos_v3/int_5000ms/v3_5000_00920.avi,5000,D,B,,-1.5361,-1.2548,-1.3486,-1.5205,8,b,B,B
order_real,data/videos_v3/int_5000ms/v3_5000_00921.avi,5000,0,0,-0.8864,-9.4122,-11.8653,-12.0841,-11.756,8,a,No,No
order_rev,data/videos_v3/int_5000ms/v3_5000_00921.avi,5000,0,0,-1.0427,-9.5174,-12.1658,-12.6892,-11.9627,8,a,No,No
order_forced,data/videos_v3/int_5000ms/v3_5000_00921.avi,5000,0,1,0.5156,-0.5203,-1.0359,-3.3953,-6.2547,8,a,A,A
interval,data/videos_v3/int_5000ms/v3_5000_00921.avi,5000,D,B,,-1.584,-1.2247,-1.3809,-1.5372,8,a,B,B
order_real,data/videos_v3/int_5000ms/v3_5000_00922.avi,5000,0,0,-0.736,-9.4504,-11.6379,-12.5598,-11.6535,8,b,No,No
order_rev,data/videos_v3/int_5000ms/v3_5000_00922.avi,5000,0,0,-0.6036,-9.1691,-11.6379,-12.5519,-11.5285,8,b,No,No
order_forced,data/videos_v3/int_5000ms/v3_5000_00922.avi,5000,0,1,0.4062,-0.5709,-0.9771,-3.7428,-5.5553,8,b,A,A
interval,data/videos_v3/int_5000ms/v3_5000_00922.avi,5000,D,B,,-1.709,-1.2559,-1.2715,-1.4747,8,b,B,B
order_real,data/videos_v3/int_5000ms/v3_5000_00923.avi,5000,1,0,-0.6078,-9.2996,-11.6746,-12.073,-11.4637,8,a,No,No
order_rev,data/videos_v3/int_5000ms/v3_5000_00923.avi,5000,1,0,-0.5449,-9.065,-11.69,-11.8463,-11.5025,8,a,No,No
order_forced,data/videos_v3/int_5000ms/v3_5000_00923.avi,5000,1,1,0.5469,-0.529,-1.0759,-3.3103,-5.5134,8,a,A,A
interval,data/videos_v3/int_5000ms/v3_5000_00923.avi,5000,D,B,,-1.5158,-1.2658,-1.3127,-1.5627,8,a,B,B
order_real,data/videos_v3/int_5000ms/v3_5000_00924.avi,5000,0,0,-0.9297,-9.4772,-11.5631,-12.5241,-11.5397,8,a,No,No
order_rev,data/videos_v3/int_5000ms/v3_5000_00924.avi,5000,0,0,-0.7263,-9.1945,-11.718,-12.4758,-11.4914,8,a,No,No
order_forced,data/videos_v3/int_5000ms/v3_5000_00924.avi,5000,0,1,0.5625,-0.4805,-1.043,-3.9649,-5.6211,8,a,A,A
interval,data/videos_v3/int_5000ms/v3_5000_00924.avi,5000,D,B,,-1.6389,-1.2327,-1.3577,-1.5764,8,a,B,B
order_real,data/videos_v3/int_5000ms/v3_5000_00925.avi,5000,0,0,-0.8161,-9.2511,-11.6105,-12.3449,-11.5558,8,a,No,No
order_rev,data/videos_v3/int_5000ms/v3_5000_00925.avi,5000,0,0,-0.8695,-9.243,-11.743,-12.5165,-11.5087,8,a,No,No
order_forced,data/videos_v3/int_5000ms/v3_5000_00925.avi,5000,0,1,0.7343,-0.4309,-1.1652,-3.9465,-5.7902,8,a,A,A
interval,data/videos_v3/int_5000ms/v3_5000_00925.avi,5000,D,B,,-1.6307,-1.1619,-1.3807,-1.6307,8,a,B,B
order_real,data/videos_v3/int_5000ms/v3_5000_00926.avi,5000,0,0,-0.6315,-9.4481,-11.5341,-12.4013,-11.5731,8,a,No,No
order_rev,data/videos_v3/int_5000ms/v3_5000_00926.avi,5000,0,0,-0.7052,-9.4696,-11.8993,-12.579,-11.8446,8,a,No,No
order_forced,data/videos_v3/int_5000ms/v3_5000_00926.avi,5000,0,1,0.6719,-0.4507,-1.1226,-3.8101,-5.4976,8,a,A,A
interval,data/videos_v3/int_5000ms/v3_5000_00926.avi,5000,D,B,,-1.5995,-1.2401,-1.3026,-1.5682,8,a,B,B
order_real,data/videos_v3/int_5000ms/v3_5000_00927.avi,5000,0,0,-0.6574,-9.4122,-11.6388,-12.1232,-11.6466,8,a,No,No
order_rev,data/videos_v3/int_5000ms/v3_5000_00927.avi,5000,0,0,-0.657,-9.3973,-11.8817,-12.413,-11.7801,8,a,No,No
order_forced,data/videos_v3/int_5000ms/v3_5000_00927.avi,5000,0,1,0.5781,-0.5056,-1.0837,-3.2087,-5.9119,8,a,A,A
interval,data/videos_v3/int_5000ms/v3_5000_00927.avi,5000,D,B,,-1.637,-1.262,-1.3089,-1.4651,8,a,B,B
order_real,data/videos_v3/int_5000ms/v3_5000_00928.avi,5000,0,0,-1.0154,-9.794,-12.0362,-12.544,-11.9815,8,a,No,No
order_rev,data/videos_v3/int_5000ms/v3_5000_00928.avi,5000,0,0,-1.3857,-9.6735,-12.2595,-12.7673,-12.1345,8,a,No,No
order_forced,data/videos_v3/int_5000ms/v3_5000_00928.avi,5000,0,1,0.625,-0.4857,-1.1107,-3.2044,-5.9075,8,a,A,A
interval,data/videos_v3/int_5000ms/v3_5000_00928.avi,5000,D,C,,-1.6709,-1.2803,-1.2803,-1.4678,8,a,C,C
order_real,data/videos_v3/int_5000ms/v3_5000_00929.avi,5000,0,0,-1.0642,-9.3677,-11.8286,-12.438,-11.6177,8,b,No,No
order_rev,data/videos_v3/int_5000ms/v3_5000_00929.avi,5000,0,0,-1.0108,-9.1524,-11.8555,-12.5508,-11.668,8,b,No,No
order_forced,data/videos_v3/int_5000ms/v3_5000_00929.avi,5000,0,1,0.6093,-0.477,-1.0863,-3.6176,-5.4145,8,b,A,A
interval,data/videos_v3/int_5000ms/v3_5000_00929.avi,5000,D,B,,-1.5582,-1.2144,-1.4019,-1.5582,8,b,B,B
order_real,data/videos_v3/int_5000ms/v3_5000_00930.avi,5000,1,0,-1.184,-9.438,-11.5864,-12.5317,-11.5552,8,a,No,No
order_rev,data/videos_v3/int_5000ms/v3_5000_00930.avi,5000,1,0,-0.8234,-9.1124,-11.4718,-12.5265,-11.4171,8,a,No,No
order_forced,data/videos_v3/int_5000ms/v3_5000_00930.avi,5000,1,1,0.375,-0.5767,-0.9517,-3.9986,-5.7955,8,a,A,A
interval,data/videos_v3/int_5000ms/v3_5000_00930.avi,5000,D,B,,-1.7409,-1.2253,-1.2722,-1.4753,8,a,B,B
order_real,data/videos_v3/int_5000ms/v3_5000_00931.avi,5000,1,0,-0.8307,-9.3205,-11.8987,-12.2034,-11.6799,8,b,No,No
order_rev,data/videos_v3/int_5000ms/v3_5000_00931.avi,5000,1,0,-0.4907,-9.1539,-11.7789,-12.2554,-11.5445,8,b,No,No
order_forced,data/videos_v3/int_5000ms/v3_5000_00931.avi,5000,1,1,0.5,-0.5182,-1.0182,-3.565,-5.9088,8,b,A,A
interval,data/videos_v3/int_5000ms/v3_5000_00931.avi,5000,D,B,,-1.5572,-1.2916,-1.401,-1.5572,8,b,B,B
order_real,data/videos_v3/int_5000ms/v3_5000_00932.avi,5000,0,0,-0.9924,-9.4146,-11.8365,-12.4771,-11.6334,8,b,No,No
order_rev,data/videos_v3/int_5000ms/v3_5000_00932.avi,5000,0,0,-1.0911,-9.1849,-11.9505,-12.4114,-11.7005,8,b,No,No
order_forced,data/videos_v3/int_5000ms/v3_5000_00932.avi,5000,0,1,0.5625,-0.4973,-1.0598,-4.013,-5.8098,8,b,A,A
interval,data/videos_v3/int_5000ms/v3_5000_00932.avi,5000,D,B,,-1.5113,-1.2613,-1.3238,-1.6363,8,b,B,B
order_real,data/videos_v3/int_5000ms/v3_5000_00933.avi,5000,1,0,-1.2094,-9.4295,-11.742,-12.3514,-11.6561,8,b,No,No
order_rev,data/videos_v3/int_5000ms/v3_5000_00933.avi,5000,1,0,-0.973,-9.3403,-11.9965,-12.6059,-11.684,8,b,No,No
order_forced,data/videos_v3/int_5000ms/v3_5000_00933.avi,5000,1,1,0.7969,-0.423,-1.2199,-3.7824,-5.8761,8,b,A,A
interval,data/videos_v3/int_5000ms/v3_5000_00933.avi,5000,D,B,,-1.5161,-1.2505,-1.3911,-1.563,8,b,B,B
order_real,data/videos_v3/int_5000ms/v3_5000_00934.avi,5000,0,0,-0.6646,-9.1756,-11.5506,-11.91,-11.4725,8,a,No,No
order_rev,data/videos_v3/int_5000ms/v3_5000_00934.avi,5000,0,0,-0.7712,-9.0946,-11.7743,-12.0008,-11.5321,8,a,No,No
order_forced,data/videos_v3/int_5000ms/v3_5000_00934.avi,5000,0,1,0.2969,-0.6094,-0.9063,-3.3281,-5.8906,8,a,A,A
interval,data/videos_v3/int_5000ms/v3_5000_00934.avi,5000,D,B,,-1.5608,-1.2639,-1.3733,-1.5139,8,a,B,B
order_real,data/videos_v3/int_5000ms/v3_5000_00935.avi,5000,0,0,-0.7039,-9.4264,-11.692,-12.6217,-11.6373,8,b,No,No
order_rev,data/videos_v3/int_5000ms/v3_5000_00935.avi,5000,0,0,-0.936,-9.0745,-11.3479,-12.5354,-11.3557,8,b,No,No
order_forced,data/videos_v3/int_5000ms/v3_5000_00935.avi,5000,0,1,0.4218,-0.5456,-0.9674,-4.1237,-5.7799,8,b,A,A
interval,data/videos_v3/int_5000ms/v3_5000_00935.avi,5000,D,B,,-1.7163,-1.2476,-1.2632,-1.5132,8,b,B,B
order_real,data/videos_v3/int_5000ms/v3_5000_00936.avi,5000,1,0,-0.919,-9.5805,-11.6899,-12.6821,-11.7602,8,a,No,No
order_rev,data/videos_v3/int_5000ms/v3_5000_00936.avi,5000,1,0,-1.1274,-9.5425,-11.7925,-12.7456,-11.9097,8,a,No,No
order_forced,data/videos_v3/int_5000ms/v3_5000_00936.avi,5000,1,1,0.3907,-0.5619,-0.9526,-3.7494,-5.8276,8,a,A,A
interval,data/videos_v3/int_5000ms/v3_5000_00936.avi,5000,D,B,,-1.7108,-1.117,-1.4139,-1.5701,8,a,B,B
order_real,data/videos_v3/int_5000ms/v3_5000_00937.avi,5000,0,0,-1.044,-9.3863,-11.7378,-12.3785,-11.5347,8,b,No,No
order_rev,data/videos_v3/int_5000ms/v3_5000_00937.avi,5000,0,0,-0.7187,-9.0593,-11.5749,-12.1843,-11.3796,8,b,No,No
order_forced,data/videos_v3/int_5000ms/v3_5000_00937.avi,5000,0,1,0.4062,-0.5433,-0.9495,-3.9652,-5.5902,8,b,A,A
interval,data/videos_v3/int_5000ms/v3_5000_00937.avi,5000,D,B,,-1.5616,-1.2648,-1.3273,-1.5616,8,b,B,B
order_real,data/videos_v3/int_5000ms/v3_5000_00938.avi,5000,1,0,-0.5399,-9.3293,-11.548,-12.0949,-11.509,8,b,No,No
order_rev,data/videos_v3/int_5000ms/v3_5000_00938.avi,5000,1,0,-0.8761,-9.0511,-11.512,-12.3323,-11.4886,8,b,No,No
order_forced,data/videos_v3/int_5000ms/v3_5000_00938.avi,5000,1,1,0.4218,-0.5341,-0.9559,-4.0653,-5.7684,8,b,A,A
interval,data/videos_v3/int_5000ms/v3_5000_00938.avi,5000,D,B,,-1.5003,-1.3128,-1.3284,-1.5941,8,b,B,B
order_real,data/videos_v3/int_5000ms/v3_5000_00939.avi,5000,1,0,-0.8936,-9.3967,-11.6233,-12.2092,-11.6779,8,b,No,No
order_rev,data/videos_v3/int_5000ms/v3_5000_00939.avi,5000,1,0,-1.0048,-9.2762,-11.8387,-12.5731,-11.6902,8,b,No,No
order_forced,data/videos_v3/int_5000ms/v3_5000_00939.avi,5000,1,1,0.5625,-0.4916,-1.0541,-3.9135,-6.7572,8,b,A,A
interval,data/videos_v3/int_5000ms/v3_5000_00939.avi,5000,D,B,,-1.5138,-1.2482,-1.42,-1.5294,8,b,B,B
order_real,data/videos_v3/int_5000ms/v3_5000_00940.avi,5000,0,0,-0.7911,-9.5534,-11.7956,-12.4206,-11.8191,8,a,No,No
order_rev,data/videos_v3/int_5000ms/v3_5000_00940.avi,5000,0,0,-0.7551,-9.2699,-11.9418,-12.1761,-11.7699,8,a,No,No
order_forced,data/videos_v3/int_5000ms/v3_5000_00940.avi,5000,0,1,0.5157,-0.5297,-1.0454,-3.2797,-6.0454,8,a,A,A
interval,data/videos_v3/int_5000ms/v3_5000_00940.avi,5000,D,B,,-1.5846,-1.2253,-1.4128,-1.5221,8,a,B,B
order_real,data/videos_v3/int_5000ms/v3_5000_00941.avi,5000,1,0,-0.8353,-9.5997,-11.5762,-12.1934,-11.8028,8,a,No,No
order_rev,data/videos_v3/int_5000ms/v3_5000_00941.avi,5000,1,0,-0.8577,-9.39,-11.7493,-12.4134,-11.8822,8,a,No,No
order_forced,data/videos_v3/int_5000ms/v3_5000_00941.avi,5000,1,1,0.4844,-0.5578,-1.0422,-3.0578,-5.9172,8,a,A,A
interval,data/videos_v3/int_5000ms/v3_5000_00941.avi,5000,D,B,,-1.6655,-1.2436,-1.3217,-1.4624,8,a,B,B
order_real,data/videos_v3/int_5000ms/v3_5000_00942.avi,5000,1,0,-0.9746,-9.4324,-11.7449,-12.4481,-11.6902,8,b,No,No
order_rev,data/videos_v3/int_5000ms/v3_5000_00942.avi,5000,1,0,-0.9721,-9.205,-11.83,-12.3847,-11.58,8,b,No,No
order_forced,data/videos_v3/int_5000ms/v3_5000_00942.avi,5000,1,1,0.3906,-0.5748,-0.9654,-3.981,-5.8404,8,b,A,A
interval,data/videos_v3/int_5000ms/v3_5000_00942.avi,5000,D,B,,-1.652,-1.2301,-1.3239,-1.5582,8,b,B,B
order_real,data/videos_v3/int_5000ms/v3_5000_00943.avi,5000,0,0,-0.4848,-9.3371,-11.6262,-12.3683,-11.5871,8,a,No,No
order_rev,data/videos_v3/int_5000ms/v3_5000_00943.avi,5000,0,0,-0.5085,-9.2719,-11.8891,-12.6703,-11.6234,8,a,No,No
order_forced,data/videos_v3/int_5000ms/v3_5000_00943.avi,5000,0,1,0.4531,-0.5223,-0.9754,-4.0848,-5.6786,8,a,A,A
interval,data/videos_v3/int_5000ms/v3_5000_00943.avi,5000,D,C,,-1.5441,-1.3254,-1.2316,-1.6066,8,a,C,C
order_real,data/videos_v3/int_5000ms/v3_5000_00944.avi,5000,0,0,-1.0351,-9.2844,-11.6516,-12.2219,-11.675,8,a,No,No
order_rev,data/videos_v3/int_5000ms/v3_5000_00944.avi,5000,0,0,-0.5061,-9.0981,-11.6528,-12.3247,-11.5434,8,a,No,No
order_forced,data/videos_v3/int_5000ms/v3_5000_00944.avi,5000,0,1,0.4844,-0.525,-1.0094,-3.7594,-6.0407,8,a,A,A
interval,data/videos_v3/int_5000ms/v3_5000_00944.avi,5000,D,B,,-1.6134,-1.2384,-1.3322,-1.5509,8,a,B,B
order_real,data/videos_v3/int_5000ms/v3_5000_00945.avi,5000,0,0,-0.7643,-9.3001,-11.3548,-12.0501,-11.511,8,a,No,No
order_rev,data/videos_v3/int_5000ms/v3_5000_00945.avi,5000,0,0,-0.9977,-9.2894,-11.891,-12.6019,-11.7738,8,a,No,No
order_forced,data/videos_v3/int_5000ms/v3_5000_00945.avi,5000,0,1,0.4844,-0.5198,-1.0042,-3.723,-6.3011,8,a,A,A
interval,data/videos_v3/int_5000ms/v3_5000_00945.avi,5000,D,B,,-1.7025,-1.1868,-1.4056,-1.4837,8,a,B,B
order_real,data/videos_v3/int_5000ms/v3_5000_00946.avi,5000,1,0,-1.3823,-9.5195,-11.8554,-12.6601,-11.8632,8,a,No,No
order_rev,data/videos_v3/int_5000ms/v3_5000_00946.avi,5000,1,0,-1.1864,-9.3937,-12.128,-12.6202,-11.7921,8,a,No,No
order_forced,data/videos_v3/int_5000ms/v3_5000_00946.avi,5000,1,1,0.4844,-0.5319,-1.0163,-3.7038,-6.0788,8,a,A,A
interval,data/videos_v3/int_5000ms/v3_5000_00946.avi,5000,D,B,,-1.482,-1.2788,-1.4195,-1.6382,8,a,B,B
order_real,data/videos_v3/int_5000ms/v3_5000_00947.avi,5000,1,0,-0.8657,-9.219,-11.5549,-12.3987,-11.4924,8,b,No,No
order_rev,data/videos_v3/int_5000ms/v3_5000_00947.avi,5000,1,0,-0.7007,-9.0761,-11.5995,-12.4589,-11.3651,8,b,No,No
order_forced,data/videos_v3/int_5000ms/v3_5000_00947.avi,5000,1,1,0.375,-0.5675,-0.9425,-4.0519,-5.2394,8,b,A,A
interval,data/videos_v3/int_5000ms/v3_5000_00947.avi,5000,D,B,,-1.6389,-1.2326,-1.2795,-1.5608,8,b,B,B
order_real,data/videos_v3/int_5000ms/v3_5000_00948.avi,5000,0,0,-1.0713,-9.4162,-11.6194,-12.3459,-11.5178,8,a,No,No
order_rev,data/videos_v3/int_5000ms/v3_5000_00948.avi,5000,0,0,-1.0093,-9.6651,-12.251,-12.751,-11.8526,8,a,No,No
order_forced,data/videos_v3/int_5000ms/v3_5000_00948.avi,5000,0,1,0.5469,-0.499,-1.0459,-3.5146,-5.8584,8,a,A,A
interval,data/videos_v3/int_5000ms/v3_5000_00948.avi,5000,D,B,,-1.6989,-1.1676,-1.2926,-1.5583,8,a,B,B
order_real,data/videos_v3/int_5000ms/v3_5000_00949.avi,5000,0,0,-0.637,-9.4021,-11.5662,-12.1052,-11.4724,8,a,No,No
order_rev,data/videos_v3/int_5000ms/v3_5000_00949.avi,5000,0,0,-1.0718,-9.5412,-12.0725,-12.5803,-11.7209,8,a,No,No
order_forced,data/videos_v3/int_5000ms/v3_5000_00949.avi,5000,0,1,0.4219,-0.5546,-0.9765,-3.289,-5.9452,8,a,A,A
interval,data/videos_v3/int_5000ms/v3_5000_00949.avi,5000,D,B,,-1.5573,-1.2292,-1.3542,-1.5729,8,a,B,B
order_real,data/videos_v3/int_5000ms/v3_5000_00950.avi,5000,0,0,-0.9935,-9.3491,-11.5835,-12.5054,-11.5757,8,b,No,No
order_rev,data/videos_v3/int_5000ms/v3_5000_00950.avi,5000,0,0,-1.1175,-9.2835,-11.971,-12.5882,-11.7053,8,b,No,No
order_forced,data/videos_v3/int_5000ms/v3_5000_00950.avi,5000,0,1,0.4219,-0.5544,-0.9763,-3.6794,-5.8044,8,b,A,A
interval,data/videos_v3/int_5000ms/v3_5000_00950.avi,5000,D,B,,-1.5993,-1.2087,-1.4118,-1.5524,8,b,B,B
order_real,data/videos_v3/int_5000ms/v3_5000_00951.avi,5000,0,0,-1.1454,-9.5081,-11.805,-12.5706,-11.7034,8,b,No,No
order_rev,data/videos_v3/int_5000ms/v3_5000_00951.avi,5000,0,0,-1.0111,-9.1438,-11.8547,-12.4797,-11.6125,8,b,No,No
order_forced,data/videos_v3/int_5000ms/v3_5000_00951.avi,5000,0,1,0.5625,-0.4863,-1.0488,-4.0175,-5.6425,8,b,A,A
interval,data/videos_v3/int_5000ms/v3_5000_00951.avi,5000,D,B,,-1.5335,-1.221,-1.4241,-1.6273,8,b,B,B
order_real,data/videos_v3/int_5000ms/v3_5000_00952.avi,5000,0,0,-0.5719,-9.1724,-11.438,-12.274,-11.3052,8,a,No,No
order_rev,data/videos_v3/int_5000ms/v3_5000_00952.avi,5000,0,0,-0.7832,-9.1241,-11.7179,-12.4913,-11.4679,8,a,No,No
order_forced,data/videos_v3/int_5000ms/v3_5000_00952.avi,5000,0,1,0.375,-0.5589,-0.9339,-3.8089,-5.4808,8,a,A,A
interval,data/videos_v3/int_5000ms/v3_5000_00952.avi,5000,D,B,,-1.6078,-1.2484,-1.3422,-1.5609,8,a,B,B
order_real,data/videos_v3/int_5000ms/v3_5000_00953.avi,5000,0,0,-0.6493,-9.1932,-11.1542,-12.3338,-11.3651,8,b,No,No
order_rev,data/videos_v3/int_5000ms/v3_5000_00953.avi,5000,0,0,-0.7142,-9.3561,-11.8405,-12.6843,-11.5905,8,b,No,No
order_forced,data/videos_v3/int_5000ms/v3_5000_00953.avi,5000,0,1,0.2969,-0.5916,-0.8885,-3.9041,-5.5447,8,b,A,A
interval,data/videos_v3/int_5000ms/v3_5000_00953.avi,5000,D,C,,-1.5875,-1.3063,-1.2906,-1.4938,8,b,C,C
order_real,data/videos_v3/int_5000ms/v3_5000_00954.avi,5000,1,0,-0.5448,-9.2809,-11.6012,-12.0934,-11.3824,8,b,No,No
order_rev,data/videos_v3/int_5000ms/v3_5000_00954.avi,5000,1,0,-0.8564,-9.1812,-11.6499,-12.3062,-11.4234,8,b,No,No
order_forced,data/videos_v3/int_5000ms/v3_5000_00954.avi,5000,1,1,0.5781,-0.4924,-1.0705,-3.5862,-5.633,8,b,A,A
interval,data/videos_v3/int_5000ms/v3_5000_00954.avi,5000,D,C,,-1.6529,-1.2779,-1.2622,-1.5122,8,b,C,C
order_real,data/videos_v3/int_5000ms/v3_5000_00955.avi,5000,0,0,-1.2404,-9.5896,-11.8396,-12.738,-11.8552,8,a,No,No
order_rev,data/videos_v3/int_5000ms/v3_5000_00955.avi,5000,0,0,-0.9751,-9.1972,-11.8378,-12.4472,-11.705,8,a,No,No
order_forced,data/videos_v3/int_5000ms/v3_5000_00955.avi,5000,0,1,0.4219,-0.5484,-0.9703,-3.8453,-6.0484,8,a,A,A
interval,data/videos_v3/int_5000ms/v3_5000_00955.avi,5000,D,B,,-1.6512,-1.1669,-1.4325,-1.5575,8,a,B,B
order_real,data/videos_v3/int_5000ms/v3_5000_00956.avi,5000,0,0,-0.403,-9.3978,-11.765,-12.5619,-11.6322,8,a,No,No
order_rev,data/videos_v3/int_5000ms/v3_5000_00956.avi,5000,0,0,-0.7298,-9.204,-11.8134,-12.6728,-11.5634,8,a,No,No
order_forced,data/videos_v3/int_5000ms/v3_5000_00956.avi,5000,0,1,0.4843,-0.5083,-0.9926,-3.9614,-5.477,8,a,A,A
interval,data/videos_v3/int_5000ms/v3_5000_00956.avi,5000,D,B,,-1.6344,-1.2906,-1.3063,-1.5563,8,a,B,B
order_real,data/videos_v3/int_5000ms/v3_5000_00957.avi,5000,0,0,-0.814,-9.3197,-11.6869,-12.0385,-11.5306,8,a,No,No
order_rev,data/videos_v3/int_5000ms/v3_5000_00957.avi,5000,0,0,-0.9037,-9.2243,-11.9508,-12.3961,-11.5524,8,a,No,No
order_forced,data/videos_v3/int_5000ms/v3_5000_00957.avi,5000,0,1,0.3438,-0.6057,-0.9495,-3.0901,-5.7932,8,a,A,A
interval,data/videos_v3/int_5000ms/v3_5000_00957.avi,5000,D,B,,-1.5592,-1.2467,-1.3717,-1.5436,8,a,B,B
order_real,data/videos_v3/int_5000ms/v3_5000_00958.avi,5000,1,0,-0.858,-9.356,-11.5435,-12.2232,-11.5748,8,b,No,No.
order_rev,data/videos_v3/int_5000ms/v3_5000_00958.avi,5000,1,0,-0.7222,-9.2273,-11.8523,-12.5398,-11.5867,8,b,No,No
order_forced,data/videos_v3/int_5000ms/v3_5000_00958.avi,5000,1,1,0.5156,-0.5191,-1.0347,-3.6441,-6.0816,8,b,A,A
interval,data/videos_v3/int_5000ms/v3_5000_00958.avi,5000,D,B,,-1.6624,-1.2562,-1.3499,-1.4749,8,b,B,B
order_real,data/videos_v3/int_5000ms/v3_5000_00959.avi,5000,0,0,-1.0989,-9.4307,-11.6651,-12.5636,-11.4854,8,b,No,No
order_rev,data/videos_v3/int_5000ms/v3_5000_00959.avi,5000,0,0,-0.7045,-9.0619,-11.4682,-12.5307,-11.351,8,b,No,No
order_forced,data/videos_v3/int_5000ms/v3_5000_00959.avi,5000,0,1,0.3593,-0.5818,-0.9411,-3.8318,-5.6755,8,b,A,A
interval,data/videos_v3/int_5000ms/v3_5000_00959.avi,5000,D,B,,-1.6613,-1.2394,-1.2707,-1.5519,8,b,B,B
order_real,data/videos_v3/int_5000ms/v3_5000_00960.avi,5000,1,0,-1.0422,-9.5414,-11.9007,-12.4945,-11.721,8,b,No,No
order_rev,data/videos_v3/int_5000ms/v3_5000_00960.avi,5000,1,0,-1.4469,-9.7295,-12.4092,-12.9483,-12.0498,8,b,No,No
order_forced,data/videos_v3/int_5000ms/v3_5000_00960.avi,5000,1,1,0.3281,-0.5826,-0.9107,-3.4888,-6.0201,8,b,A,A
interval,data/videos_v3/int_5000ms/v3_5000_00960.avi,5000,D,B,,-1.5966,-1.206,-1.3623,-1.5966,8,b,B,B
order_real,data/videos_v3/int_5000ms/v3_5000_00961.avi,5000,0,0,-0.6313,-9.3718,-11.5202,-12.3405,-11.5046,8,a,No,No
order_rev,data/videos_v3/int_5000ms/v3_5000_00961.avi,5000,0,0,-0.715,-9.1178,-11.7116,-12.3366,-11.6257,8,a,No,No
order_forced,data/videos_v3/int_5000ms/v3_5000_00961.avi,5000,0,1,0.25,-0.6186,-0.8686,-3.5561,-5.6186,8,a,A,A
interval,data/videos_v3/int_5000ms/v3_5000_00961.avi,5000,D,B,,-1.6742,-1.2367,-1.3304,-1.5492,8,a,B,B
order_real,data/videos_v3/int_5000ms/v3_5000_00962.avi,5000,0,0,-0.8623,-9.2568,-11.4131,-12.1474,-11.5068,8,b,No,No
order_rev,data/videos_v3/int_5000ms/v3_5000_00962.avi,5000,0,0,-0.4972,-9.1906,-11.7687,-12.5187,-11.5656,8,b,No,No
order_forced,data/videos_v3/int_5000ms/v3_5000_00962.avi,5000,0,1,0.5625,-0.5028,-1.0653,-3.6122,-6.0184,8,b,A,A
interval,data/videos_v3/int_5000ms/v3_5000_00962.avi,5000,D,B,,-1.6192,-1.2285,-1.3223,-1.541,8,b,B,B
order_real,data/videos_v3/int_5000ms/v3_5000_00963.avi,5000,1,0,-0.7454,-9.2977,-11.7117,-12.4305,-11.4617,8,b,No,No
order_rev,data/videos_v3/int_5000ms/v3_5000_00963.avi,5000,1,0,-0.6691,-9.1598,-11.738,-12.4723,-11.3942,8,b,No,No
order_forced,data/videos_v3/int_5000ms/v3_5000_00963.avi,5000,1,1,0.3437,-0.566,-0.9097,-4.2066,-5.6441,8,b,A,A
interval,data/videos_v3/int_5000ms/v3_5000_00963.avi,5000,D,B,,-1.6726,-1.2508,-1.3289,-1.4851,8,b,B,B
order_real,data/videos_v3/int_5000ms/v3_5000_00964.avi,5000,0,0,-0.5141,-9.3074,-11.5964,-12.1433,-11.5183,8,b,No,No
order_rev,data/videos_v3/int_5000ms/v3_5000_00964.avi,5000,0,0,-0.5485,-9.1365,-11.7302,-11.8631,-11.6287,8,b,No,No
order_forced,data/videos_v3/int_5000ms/v3_5000_00964.avi,5000,0,1,0.2344,-0.6273,-0.8617,-3.5804,-5.8304,8,b,A,A
interval,data/videos_v3/int_5000ms/v3_5000_00964.avi,5000,D,B,,-1.6033,-1.2283,-1.3846,-1.5408,8,b,B,B
order_real,data/videos_v3/int_5000ms/v3_5000_00965.avi,5000,0,0,-0.6471,-9.1671,-11.5655,-11.878,-11.3859,8,a,No,No
order_rev,data/videos_v3/int_5000ms/v3_5000_00965.avi,5000,0,0,-1.0503,-9.2948,-12.1151,-12.4198,-11.6229,8,a,No,No.
order_forced,data/videos_v3/int_5000ms/v3_5000_00965.avi,5000,0,1,0.6094,-0.4895,-1.0989,-3.3957,-5.802,8,a,A,A
interval,data/videos_v3/int_5000ms/v3_5000_00965.avi,5000,D,B,,-1.5479,-1.2823,-1.3917,-1.5323,8,a,B,B
order_real,data/videos_v3/int_5000ms/v3_5000_00966.avi,5000,1,0,-0.4776,-9.3915,-11.6805,-12.0633,-11.6258,8,a,No,No
order_rev,data/videos_v3/int_5000ms/v3_5000_00966.avi,5000,1,0,-0.8949,-9.2201,-11.7826,-12.3138,-11.5482,8,a,No,No
order_forced,data/videos_v3/int_5000ms/v3_5000_00966.avi,5000,1,1,0.7813,-0.441,-1.2223,-3.4723,-5.941,8,a,A,A
interval,data/videos_v3/int_5000ms/v3_5000_00966.avi,5000,D,C,,-1.6069,-1.2944,-1.2944,-1.4662,8,a,C,C
order_real,data/videos_v3/int_5000ms/v3_5000_00967.avi,5000,0,0,-0.8592,-9.4249,-11.6593,-12.6358,-11.589,8,b,No,No
order_rev,data/videos_v3/int_5000ms/v3_5000_00967.avi,5000,0,0,-0.6898,-9.1158,-11.4361,-12.4517,-11.4205,8,b,No,No
order_forced,data/videos_v3/int_5000ms/v3_5000_00967.avi,5000,0,1,0.25,-0.6121,-0.8621,-4.1902,-5.7371,8,b,A,A
interval,data/videos_v3/int_5000ms/v3_5000_00967.avi,5000,D,B,,-1.7107,-1.1638,-1.32,-1.5544,8,b,B,B
order_real,data/videos_v3/int_5000ms/v3_5000_00968.avi,5000,0,0,-0.9174,-9.2952,-11.8421,-12.1077,-11.5452,8,a,No,No
order_rev,data/videos_v3/int_5000ms/v3_5000_00968.avi,5000,0,0,-0.5942,-9.1842,-11.9029,-12.1607,-11.5982,8,a,No,No
order_forced,data/videos_v3/int_5000ms/v3_5000_00968.avi,5000,0,1,0.5156,-0.525,-1.0406,-3.3375,-5.9,8,a,A,A
interval,data/videos_v3/int_5000ms/v3_5000_00968.avi,5000,D,B,,-1.6103,-1.2665,-1.3446,-1.4696,8,a,B,B
order_real,data/videos_v3/int_5000ms/v3_5000_00969.avi,5000,1,0,-0.8302,-9.2265,-11.3437,-12.1874,-11.3671,8,b,No,No
order_rev,data/videos_v3/int_5000ms/v3_5000_00969.avi,5000,1,0,-0.779,-9.3244,-11.8791,-12.3635,-11.6369,8,b,No,No
order_forced,data/videos_v3/int_5000ms/v3_5000_00969.avi,5000,1,1,0.375,-0.5518,-0.9268,-4.0049,-5.6768,8,b,A,A
interval,data/videos_v3/int_5000ms/v3_5000_00969.avi,5000,D,B,,-1.5225,-1.2725,-1.3506,-1.5537,8,b,B,B
order_real,data/videos_v3/int_5000ms/v3_5000_00970.avi,5000,1,0,-0.6394,-9.2272,-11.321,-12.3757,-11.3991,8,a,No,No
order_rev,data/videos_v3/int_5000ms/v3_5000_00970.avi,5000,1,0,-0.8328,-9.3308,-12.0105,-12.698,-11.6745,8,a,No,No
order_forced,data/videos_v3/int_5000ms/v3_5000_00970.avi,5000,1,1,0.2032,-0.6362,-0.8394,-3.73,-5.73,8,a,A,A
interval,data/videos_v3/int_5000ms/v3_5000_00970.avi,5000,D,B,,-1.6444,-1.2225,-1.3631,-1.5506,8,a,B,B
order_real,data/videos_v3/int_5000ms/v3_5000_00971.avi,5000,0,0,-0.9591,-9.3654,-11.631,-12.1466,-11.5529,8,a,No,No
order_rev,data/videos_v3/int_5000ms/v3_5000_00971.avi,5000,0,0,-0.5272,-9.2148,-11.6992,-12.3633,-11.4961,8,a,No,No
order_forced,data/videos_v3/int_5000ms/v3_5000_00971.avi,5000,0,1,0.2813,-0.6263,-0.9076,-3.2201,-5.9076,8,a,A,A
interval,data/videos_v3/int_5000ms/v3_5000_00971.avi,5000,D,B,,-1.603,-1.2749,-1.3062,-1.4937,8,a,B,B
order_real,data/videos_v3/int_5000ms/v3_5000_00972.avi,5000,0,0,-0.5678,-9.1856,-11.5684,-12.0059,-11.4668,8,b,No,No
order_rev,data/videos_v3/int_5000ms/v3_5000_00972.avi,5000,0,0,-0.3348,-8.9871,-11.5261,-11.9168,-11.4949,8,b,No,No
order_forced,data/videos_v3/int_5000ms/v3_5000_00972.avi,5000,0,1,0.3907,-0.5844,-0.9751,-3.1469,-5.8813,8,b,A,A
interval,data/videos_v3/int_5000ms/v3_5000_00972.avi,5000,D,B,,-1.6463,-1.2557,-1.3495,-1.4432,8,b,B,B
order_real,data/videos_v3/int_5000ms/v3_5000_00973.avi,5000,0,0,-0.5522,-9.4055,-11.4837,-12.0618,-11.6477,8,a,No,No
order_rev,data/videos_v3/int_5000ms/v3_5000_00973.avi,5000,0,0,-0.5241,-9.4931,-11.8603,-12.6337,-11.8759,8,a,No,No
order_forced,data/videos_v3/int_5000ms/v3_5000_00973.avi,5000,0,1,0.4063,-0.5548,-0.9611,-3.4767,-5.7423,8,a,A,A
interval,data/videos_v3/int_5000ms/v3_5000_00973.avi,5000,D,B,,-1.7776,-1.1839,-1.262,-1.5276,8,a,B,B
order_real,data/videos_v3/int_5000ms/v3_5000_00974.avi,5000,0,0,-0.6185,-9.2966,-11.6012,-12.4294,-11.4841,8,b,No,No
order_rev,data/videos_v3/int_5000ms/v3_5000_00974.avi,5000,0,0,-0.8665,-9.2662,-12.0396,-12.5943,-11.6646,8,b,No,No
order_forced,data/videos_v3/int_5000ms/v3_5000_00974.avi,5000,0,1,0.4063,-0.545,-0.9513,-3.7481,-5.4981,8,b,A,A
interval,data/videos_v3/int_5000ms/v3_5000_00974.avi,5000,D,B,,-1.5772,-1.2491,-1.3428,-1.5616,8,b,B,B
order_real,data/videos_v3/int_5000ms/v3_5000_00975.avi,5000,1,0,-0.6134,-9.45,-11.7234,-12.3875,-11.6609,8,b,No,No
order_rev,data/videos_v3/int_5000ms/v3_5000_00975.avi,5000,1,0,-0.6836,-9.3339,-11.8495,-12.3183,-11.7949,8,b,No,No
order_forced,data/videos_v3/int_5000ms/v3_5000_00975.avi,5000,1,1,0.5781,-0.4876,-1.0657,-3.5501,-5.597,8,b,A,A
interval,data/videos_v3/int_5000ms/v3_5000_00975.avi,5000,D,B,,-1.5894,-1.2144,-1.3238,-1.5426,8,b,B,B
order_real,data/videos_v3/int_5000ms/v3_5000_00976.avi,5000,1,0,-1.3344,-9.5695,-12.007,-12.4289,-11.8273,8,a,No,No
order_rev,data/videos_v3/int_5000ms/v3_5000_00976.avi,5000,1,0,-0.6402,-9.1671,-11.7374,-12.1358,-11.6202,8,a,No,No
order_forced,data/videos_v3/int_5000ms/v3_5000_00976.avi,5000,1,1,0.4219,-0.5612,-0.9831,-3.2956,-6.3112,8,a,A,A
interval,data/videos_v3/int_5000ms/v3_5000_00976.avi,5000,D,B,,-1.6208,-1.2458,-1.3864,-1.5114,8,a,B,B
order_real,data/videos_v3/int_5000ms/v3_5000_00977.avi,5000,0,0,-0.812,-9.5653,-11.745,-12.2762,-11.7997,8,b,No,No
order_rev,data/videos_v3/int_5000ms/v3_5000_00977.avi,5000,0,0,-0.9855,-9.594,-12.0706,-12.5471,-11.9456,8,b,No,No
order_forced,data/videos_v3/int_5000ms/v3_5000_00977.avi,5000,0,1,0.3594,-0.5983,-0.9577,-3.1295,-6.0045,8,b,A,A
interval,data/videos_v3/int_5000ms/v3_5000_00977.avi,5000,D,B,,-1.6498,-1.2748,-1.2905,-1.478,8,b,B,B
order_real,data/videos_v3/int_5000ms/v3_5000_00978.avi,5000,0,0,-0.9156,-9.2803,-11.7178,-12.1319,-11.5772,8,a,No,No
order_rev,data/videos_v3/int_5000ms/v3_5000_00978.avi,5000,0,0,-0.6784,-9.1761,-11.8011,-12.2777,-11.5667,8,a,No,No
order_forced,data/videos_v3/int_5000ms/v3_5000_00978.avi,5000,0,1,0.5313,-0.5053,-1.0366,-3.646,-5.9585,8,a,A,A
interval,data/videos_v3/int_5000ms/v3_5000_00978.avi,5000,D,B,,-1.5532,-1.2407,-1.3969,-1.6157,8,a,B,B
order_real,data/videos_v3/int_5000ms/v3_5000_00979.avi,5000,1,0,-0.9315,-9.2064,-11.4564,-12.1985,-11.3157,8,a,No,No
order_rev,data/videos_v3/int_5000ms/v3_5000_00979.avi,5000,1,0,-0.8101,-9.1604,-11.6369,-12.2854,-11.4573,8,a,No,No
order_forced,data/videos_v3/int_5000ms/v3_5000_00979.avi,5000,1,1,0.4844,-0.5111,-0.9955,-3.9955,-5.5111,8,a,A,A
interval,data/videos_v3/int_5000ms/v3_5000_00979.avi,5000,D,B,,-1.5578,-1.2453,-1.2922,-1.6203,8,a,B,B
order_real,data/videos_v3/int_5000ms/v3_5000_00980.avi,5000,0,0,-0.5791,-9.3586,-11.8195,-12.3039,-11.7414,8,b,No,No.
order_rev,data/videos_v3/int_5000ms/v3_5000_00980.avi,5000,0,0,-0.7286,-9.1531,-11.7703,-11.9969,-11.7547,8,b,No,No
order_forced,data/videos_v3/int_5000ms/v3_5000_00980.avi,5000,0,1,0.4687,-0.5515,-1.0202,-3.2546,-5.6296,8,b,A,A
interval,data/videos_v3/int_5000ms/v3_5000_00980.avi,5000,D,B,,-1.5883,-1.2602,-1.3696,-1.4789,8,b,B,B
order_real,data/videos_v3/int_5000ms/v3_5000_00981.avi,5000,0,0,-0.8391,-9.2149,-11.4336,-12.3867,-11.3711,8,b,No,No
order_rev,data/videos_v3/int_5000ms/v3_5000_00981.avi,5000,0,0,-1.0869,-9.1392,-11.8501,-12.5298,-11.5142,8,b,No,No
order_forced,data/videos_v3/int_5000ms/v3_5000_00981.avi,5000,0,1,0.5781,-0.4954,-1.0735,-3.9173,-5.9641,8,b,A,A
interval,data/videos_v3/int_5000ms/v3_5000_00981.avi,5000,D,B,,-1.6183,-1.259,-1.3371,-1.5558,8,b,B,B
order_real,data/videos_v3/int_5000ms/v3_5000_00982.avi,5000,1,0,-0.8942,-9.3084,-11.5896,-12.1443,-11.4412,8,b,No,No
order_rev,data/videos_v3/int_5000ms/v3_5000_00982.avi,5000,1,0,-1.2917,-9.5251,-12.236,-12.697,-11.8454,8,b,No,No
order_forced,data/videos_v3/int_5000ms/v3_5000_00982.avi,5000,1,1,0.4063,-0.5493,-0.9556,-3.5962,-5.6275,8,b,A,A
interval,data/videos_v3/int_5000ms/v3_5000_00982.avi,5000,D,B,,-1.6601,-1.082,-1.3789,-1.6601,8,b,B,B
order_real,data/videos_v3/int_5000ms/v3_5000_00983.avi,5000,0,0,-0.8162,-9.314,-11.7046,-12.4546,-11.4468,8,b,No,No
order_rev,data/videos_v3/int_5000ms/v3_5000_00983.avi,5000,0,0,-0.6779,-9.0509,-11.6447,-12.4572,-11.4259,8,b,No,No
order_forced,data/videos_v3/int_5000ms/v3_5000_00983.avi,5000,0,1,0.7187,-0.444,-1.1627,-4.2096,-5.7721,8,b,A,A
interval,data/videos_v3/int_5000ms/v3_5000_00983.avi,5000,D,B,,-1.6213,-1.2463,-1.34,-1.5119,8,b,B,B
order_real,data/videos_v3/int_5000ms/v3_5000_00984.avi,5000,0,0,-1.1126,-9.4922,-11.6484,-12.6016,-11.5391,8,b,No,No
order_rev,data/videos_v3/int_5000ms/v3_5000_00984.avi,5000,0,0,-0.7657,-9.2981,-11.7278,-12.6731,-11.5716,8,b,No,No
order_forced,data/videos_v3/int_5000ms/v3_5000_00984.avi,5000,0,1,0.4844,-0.5123,-0.9967,-4.4342,-6.3873,8,b,A,A
interval,data/videos_v3/int_5000ms/v3_5000_00984.avi,5000,D,B,,-1.6774,-1.1149,-1.4274,-1.5212,8,b,B,B
order_real,data/videos_v3/int_5000ms/v3_5000_00985.avi,5000,0,0,-0.7412,-9.2157,-11.5361,-12.3954,-11.3486,8,a,No,No
order_rev,data/videos_v3/int_5000ms/v3_5000_00985.avi,5000,0,0,-0.7354,-9.0804,-11.6663,-12.4788,-11.3382,8,a,No,No
order_forced,data/videos_v3/int_5000ms/v3_5000_00985.avi,5000,0,1,0.4375,-0.5518,-0.9893,-3.7862,-4.8331,8,a,A,A
interval,data/videos_v3/int_5000ms/v3_5000_00985.avi,5000,D,B,,-1.6488,-1.2269,-1.305,-1.6332,8,a,B,B
order_real,data/videos_v3/int_5000ms/v3_5000_00986.avi,5000,0,0,-1.1661,-9.5212,-11.8962,-12.3337,-11.6618,8,b,No,No
order_rev,data/videos_v3/int_5000ms/v3_5000_00986.avi,5000,0,0,-2.0621,-9.7533,-12.472,-13.0189,-12.0189,8,b,No,No
order_forced,data/videos_v3/int_5000ms/v3_5000_00986.avi,5000,0,1,0.5312,-0.5081,-1.0393,-3.6018,-6.1018,8,b,A,A
interval,data/videos_v3/int_5000ms/v3_5000_00986.avi,5000,D,B,,-1.6513,-1.2138,-1.3544,-1.5107,8,b,B,B
order_real,data/videos_v3/int_5000ms/v3_5000_00987.avi,5000,0,0,-0.8708,-9.1901,-11.5026,-12.0026,-11.4166,8,a,No,No
order_rev,data/videos_v3/int_5000ms/v3_5000_00987.avi,5000,0,0,-0.603,-8.994,-11.5018,-12.2283,-11.3299,8,a,No,No
order_forced,data/videos_v3/int_5000ms/v3_5000_00987.avi,5000,0,1,0.4531,-0.5301,-0.9832,-3.7332,-5.5457,8,a,A,A
interval,data/videos_v3/int_5000ms/v3_5000_00987.avi,5000,D,B,,-1.6995,-1.2464,-1.3089,-1.512,8,a,B,B
order_real,data/videos_v3/int_5000ms/v3_5000_00988.avi,5000,0,0,-0.596,-9.3518,-11.6565,-12.2112,-11.5315,8,a,No,No
order_rev,data/videos_v3/int_5000ms/v3_5000_00988.avi,5000,0,0,-1.1267,-9.3097,-11.7941,-12.4894,-11.6456,8,a,No,No
order_forced,data/videos_v3/int_5000ms/v3_5000_00988.avi,5000,0,1,0.5938,-0.4908,-1.0846,-3.6939,-5.8502,8,a,A,A
interval,data/videos_v3/int_5000ms/v3_5000_00988.avi,5000,D,C,,-1.6083,-1.2958,-1.2802,-1.5146,8,a,C,C
order_real,data/videos_v3/int_5000ms/v3_5000_00989.avi,5000,1,0,-0.9684,-9.2253,-11.5221,-12.2409,-11.4518,8,a,No,No
order_rev,data/videos_v3/int_5000ms/v3_5000_00989.avi,5000,1,0,-0.9498,-9.4167,-11.9557,-12.6745,-11.6432,8,a,No,No
order_forced,data/videos_v3/int_5000ms/v3_5000_00989.avi,5000,1,1,0.5781,-0.4796,-1.0577,-3.8702,-5.6359,8,a,A,A
interval,data/videos_v3/int_5000ms/v3_5000_00989.avi,5000,D,B,,-1.8094,-1.1376,-1.3094,-1.6376,8,a,B,B
order_real,data/videos_v3/int_5000ms/v3_5000_00990.avi,5000,0,0,-1.2645,-9.3343,-11.8108,-12.3343,-11.6311,8,a,No,No
order_rev,data/videos_v3/int_5000ms/v3_5000_00990.avi,5000,0,0,-0.9617,-9.083,-11.7237,-12.3018,-11.4971,8,a,No,No
order_forced,data/videos_v3/int_5000ms/v3_5000_00990.avi,5000,0,1,0.5625,-0.4929,-1.0554,-3.6804,-5.5866,8,a,A,A
interval,data/videos_v3/int_5000ms/v3_5000_00990.avi,5000,D,B,,-1.563,-1.2505,-1.313,-1.6255,8,a,B,B
order_real,data/videos_v3/int_5000ms/v3_5000_00991.avi,5000,0,0,-0.7071,-9.6776,-11.6385,-12.5448,-11.8573,8,b,No,No
order_rev,data/videos_v3/int_5000ms/v3_5000_00991.avi,5000,0,0,-0.9698,-9.6228,-12.1306,-12.8806,-11.9822,8,b,No,No
order_forced,data/videos_v3/int_5000ms/v3_5000_00991.avi,5000,0,1,0.5469,-0.516,-1.0629,-3.5316,-5.9691,8,b,A,A
interval,data/videos_v3/int_5000ms/v3_5000_00991.avi,5000,D,B,,-1.6882,-1.2351,-1.2664,-1.5007,8,b,B,B
order_real,data/videos_v3/int_5000ms/v3_5000_00992.avi,5000,1,0,-0.8174,-9.5348,-11.5739,-12.3942,-11.652,8,a,No,No
order_rev,data/videos_v3/int_5000ms/v3_5000_00992.avi,5000,1,0,-0.8567,-9.4738,-11.9269,-12.6535,-11.8254,8,a,No,No
order_forced,data/videos_v3/int_5000ms/v3_5000_00992.avi,5000,1,1,0.5781,-0.4776,-1.0557,-3.8213,-5.4776,8,a,A,A
interval,data/videos_v3/int_5000ms/v3_5000_00992.avi,5000,D,C,,-1.6758,-1.2383,-1.2226,-1.582,8,a,C,C
order_real,data/videos_v3/int_5000ms/v3_5000_00993.avi,5000,1,0,-0.7188,-9.3903,-11.5856,-12.195,-11.6559,8,b,No,No
order_rev,data/videos_v3/int_5000ms/v3_5000_00993.avi,5000,1,0,-0.7288,-9.4662,-12.0756,-12.6459,-11.8647,8,b,No,No
order_forced,data/videos_v3/int_5000ms/v3_5000_00993.avi,5000,1,1,0.5781,-0.4941,-1.0722,-3.4941,-6.1503,8,b,A,A
interval,data/videos_v3/int_5000ms/v3_5000_00993.avi,5000,D,B,,-1.832,-1.1757,-1.2226,-1.5351,8,b,B,B
order_real,data/videos_v3/int_5000ms/v3_5000_00994.avi,5000,1,0,-1.0911,-9.35,-11.6,-12.5062,-11.5843,8,a,No,No
order_rev,data/videos_v3/int_5000ms/v3_5000_00994.avi,5000,1,0,-0.9776,-9.2539,-11.9883,-12.668,-11.7461,8,a,No,No.
order_forced,data/videos_v3/int_5000ms/v3_5000_00994.avi,5000,1,1,0.25,-0.624,-0.874,-3.7334,-6.2022,8,a,A,A
interval,data/videos_v3/int_5000ms/v3_5000_00994.avi,5000,D,B,,-1.6026,-1.212,-1.3995,-1.5401,8,a,B,B
order_real,data/videos_v3/int_5000ms/v3_5000_00995.avi,5000,0,0,-1.0404,-9.4234,-11.6969,-12.525,-11.564,8,a,No,No
order_rev,data/videos_v3/int_5000ms/v3_5000_00995.avi,5000,0,0,-0.8438,-9.1286,-11.7927,-12.3943,-11.6443,8,a,No,No
order_forced,data/videos_v3/int_5000ms/v3_5000_00995.avi,5000,0,1,0.2813,-0.6144,-0.8957,-3.4894,-5.6613,8,a,A,A
interval,data/videos_v3/int_5000ms/v3_5000_00995.avi,5000,D,B,,-1.5908,-1.2002,-1.4189,-1.5439,8,a,B,B
order_real,data/videos_v3/int_5000ms/v3_5000_00996.avi,5000,0,0,-1.278,-9.4692,-11.7192,-12.6411,-11.7036,8,a,No,No
order_rev,data/videos_v3/int_5000ms/v3_5000_00996.avi,5000,0,0,-1.1176,-9.2345,-11.8517,-12.6407,-11.5548,8,a,No,No
order_forced,data/videos_v3/int_5000ms/v3_5000_00996.avi,5000,0,1,0.5156,-0.5232,-1.0388,-4.0857,-6.1013,8,a,A,A
interval,data/videos_v3/int_5000ms/v3_5000_00996.avi,5000,D,B,,-1.5835,-1.2241,-1.2866,-1.5991,8,a,B,B
order_real,data/videos_v3/int_5000ms/v3_5000_00997.avi,5000,0,0,-0.787,-9.3675,-11.516,-12.3675,-11.4925,8,b,No,No
order_rev,data/videos_v3/int_5000ms/v3_5000_00997.avi,5000,0,0,-0.7087,-9.2541,-11.7619,-12.426,-11.6838,8,b,No,No
order_forced,data/videos_v3/int_5000ms/v3_5000_00997.avi,5000,0,1,0.2187,-0.6151,-0.8338,-4.1151,-6.1776,8,b,A,A
interval,data/videos_v3/int_5000ms/v3_5000_00997.avi,5000,D,B,,-1.5565,-1.2284,-1.3847,-1.5722,8,b,B,B
order_real,data/videos_v3/int_5000ms/v3_5000_00998.avi,5000,1,0,-0.8582,-9.3695,-11.5492,-12.5179,-11.5023,8,b,No,No
order_rev,data/videos_v3/int_5000ms/v3_5000_00998.avi,5000,1,0,-0.673,-9.186,-11.5922,-12.5375,-11.4438,8,b,No,No
order_forced,data/videos_v3/int_5000ms/v3_5000_00998.avi,5000,1,1,0.3438,-0.5676,-0.9114,-4.177,-5.5207,8,b,A,A
interval,data/videos_v3/int_5000ms/v3_5000_00998.avi,5000,D,B,,-1.7556,-1.2244,-1.2556,-1.4744,8,b,B,B
order_real,data/videos_v3/int_5000ms/v3_5000_00999.avi,5000,0,0,-0.7879,-9.5425,-11.6441,-12.605,-11.7456,8,b,No,No
order_rev,data/videos_v3/int_5000ms/v3_5000_00999.avi,5000,0,0,-0.8655,-9.4413,-11.6523,-12.5898,-11.832,8,b,No,No
order_forced,data/videos_v3/int_5000ms/v3_5000_00999.avi,5000,0,1,0.5156,-0.5249,-1.0405,-3.8843,-6.0093,8,b,A,A
interval,data/videos_v3/int_5000ms/v3_5000_00999.avi,5000,D,B,,-1.6339,-1.1495,-1.3683,-1.6339,8,b,B,B
order_real,data/videos_v3/int_7000ms/v3_7000_01000.avi,7000,1,0,-0.5607,-9.4058,-11.6793,-12.4762,-11.4683,8,b,No,No
order_rev,data/videos_v3/int_7000ms/v3_7000_01000.avi,7000,1,0,-0.5906,-9.2437,-11.7281,-12.5406,-11.4468,8,b,No,No
order_forced,data/videos_v3/int_7000ms/v3_7000_01000.avi,7000,1,1,0.5312,-0.4962,-1.0274,-4.0743,-5.4493,8,b,A,A
interval,data/videos_v3/int_7000ms/v3_7000_01000.avi,7000,D,B,,-1.4765,-1.3047,-1.3203,-1.5703,8,b,B,B
order_32f,data/videos_v3/int_7000ms/v3_7000_01000.avi,7000,1,0,-0.4817,-8.9172,-11.6828,-12.3781,-11.7375,32,b,No,No.
moved_real,data/videos_v3/int_7000ms/v3_7000_01000.avi,7000,1,0,-1.9794,-10.0139,-13.4436,-13.5217,-12.4905,8,b,No,No.
moved_twin,data/twin_v3/v3_7000_01000.avi,7000,0,0,-1.3739,-9.4955,-12.9408,-13.0111,-12.0267,8,b,No,No.
still_real,data/videos_v3/int_7000ms/v3_7000_01000.avi,7000,0,1,0.4076,-9.5877,-10.1893,-12.3612,-11.4549,8,b,Yes,"Yes, both shapes stayed still the whole"
still_twin,data/twin_v3/v3_7000_01000.avi,7000,1,1,0.1489,-9.4795,-10.1982,-12.2217,-11.331,8,b,Yes,"Yes, both shapes stayed still the whole"
order_twin,data/twin_v3/v3_7000_01000.avi,7000,-1,0,-0.408,-9.3424,-11.6705,-12.3892,-11.4439,8,b,No,No
moved_solo_hit,data/videos_v3/int_7000ms/v3_7000_01000_solob.avi,7000,1,0,-1.8353,-9.8979,-13.3276,-13.4214,-12.3979,8,b,No,No.
moved_solo_fa,data/videos_v3/int_7000ms/v3_7000_01000_soloa.avi,7000,0,0,-1.4757,-9.5449,-12.998,-13.0684,-12.0762,8,b,No,No.
order_real,data/videos_v3/int_7000ms/v3_7000_01001.avi,7000,1,0,-1.0512,-9.6387,-11.7871,-12.7481,-11.8106,8,b,No,No
order_rev,data/videos_v3/int_7000ms/v3_7000_01001.avi,7000,1,0,-0.9846,-9.3028,-11.8184,-12.4903,-11.6544,8,b,No,No
order_forced,data/videos_v3/int_7000ms/v3_7000_01001.avi,7000,1,1,0.375,-0.568,-0.943,-3.8805,-6.4273,8,b,A,A
interval,data/videos_v3/int_7000ms/v3_7000_01001.avi,7000,D,B,,-1.6508,-1.1664,-1.3852,-1.5883,8,b,B,B
order_32f,data/videos_v3/int_7000ms/v3_7000_01001.avi,7000,1,0,-0.8258,-9.0624,-11.7811,-12.4296,-11.8749,32,b,No,No.
moved_real,data/videos_v3/int_7000ms/v3_7000_01001.avi,7000,1,0,-2.0656,-10.0047,-13.3094,-13.8172,-12.7,8,b,No,No.
moved_twin,data/twin_v3/v3_7000_01001.avi,7000,0,0,-1.881,-9.8449,-13.0949,-13.5715,-12.5324,8,b,No,No.
still_real,data/videos_v3/int_7000ms/v3_7000_01001.avi,7000,0,1,0.6202,-9.9006,-10.6506,-12.924,-12.0646,8,b,Yes,"Yes, both shapes stayed still the whole"
still_twin,data/twin_v3/v3_7000_01001.avi,7000,1,1,0.1247,-9.8557,-10.4417,-12.8479,-11.9807,8,b,Yes,"Yes, both shapes stayed still the whole"
order_twin,data/twin_v3/v3_7000_01001.avi,7000,-1,0,-1.1494,-9.6592,-11.792,-12.7608,-11.8076,8,b,No,No
moved_solo_hit,data/videos_v3/int_7000ms/v3_7000_01001_solob.avi,7000,1,0,-2.0179,-9.986,-13.3064,-13.8064,-12.6579,8,b,No,No.
moved_solo_fa,data/videos_v3/int_7000ms/v3_7000_01001_soloa.avi,7000,0,0,-1.8487,-9.8395,-13.0817,-13.5583,-12.5348,8,b,No,No.
order_real,data/videos_v3/int_7000ms/v3_7000_01002.avi,7000,1,0,-0.7755,-9.3517,-11.6251,-12.1251,-11.5861,8,a,No,No
order_rev,data/videos_v3/int_7000ms/v3_7000_01002.avi,7000,1,0,-0.5068,-9.1699,-11.5683,-12.2636,-11.4433,8,a,No,No
order_forced,data/videos_v3/int_7000ms/v3_7000_01002.avi,7000,1,1,0.2969,-0.5969,-0.8938,-3.6906,-6.3156,8,a,A,A
interval,data/videos_v3/int_7000ms/v3_7000_01002.avi,7000,D,B,,-1.5093,-1.2905,-1.3374,-1.5249,8,a,B,B
order_32f,data/videos_v3/int_7000ms/v3_7000_01002.avi,7000,1,0,-0.6473,-8.8838,-11.5244,-11.79,-11.7744,32,a,No,No.
moved_real,data/videos_v3/int_7000ms/v3_7000_01002.avi,7000,1,0,-1.4062,-9.583,-13.0283,-12.5752,-12.2392,8,a,No,No.
moved_twin,data/twin_v3/v3_7000_01002.avi,7000,0,0,-1.5394,-9.6547,-13.061,-12.6001,-12.2876,8,a,No,No.
still_real,data/videos_v3/int_7000ms/v3_7000_01002.avi,7000,0,1,0.5727,-9.5677,-10.0911,-12.2473,-11.5911,8,a,Yes,"Yes, both shapes stayed still the whole"
still_twin,data/twin_v3/v3_7000_01002.avi,7000,1,1,0.6052,-9.587,-10.2042,-12.2901,-11.587,8,a,Yes,"Yes, both shapes stayed still the whole"
order_twin,data/twin_v3/v3_7000_01002.avi,7000,-1,0,-0.8417,-9.365,-11.6306,-12.0915,-11.5759,8,a,No,No
moved_solo_hit,data/videos_v3/int_7000ms/v3_7000_01002_soloa.avi,7000,1,0,-1.3433,-9.592,-12.9436,-12.4983,-12.1623,8,a,No,No.
moved_solo_fa,data/videos_v3/int_7000ms/v3_7000_01002_solob.avi,7000,0,0,-1.5422,-9.6215,-13.0903,-12.6215,-12.3247,8,a,No,No.
order_real,data/videos_v3/int_7000ms/v3_7000_01003.avi,7000,0,0,-0.5869,-9.3338,-11.2869,-12.3806,-11.4744,8,b,No,No
order_rev,data/videos_v3/int_7000ms/v3_7000_01003.avi,7000,0,0,-1.1035,-9.4087,-11.815,-12.6353,-11.6744,8,b,No,No
order_forced,data/videos_v3/int_7000ms/v3_7000_01003.avi,7000,0,1,0.625,-0.476,-1.101,-3.9135,-5.8042,8,b,A,A
interval,data/videos_v3/int_7000ms/v3_7000_01003.avi,7000,D,B,,-1.6452,-1.192,-1.3327,-1.5358,8,b,B,B
order_32f,data/videos_v3/int_7000ms/v3_7000_01003.avi,7000,0,0,-0.3965,-8.7666,-11.3916,-12.3213,-11.6729,32,b,No,No.
moved_real,data/videos_v3/int_7000ms/v3_7000_01003.avi,7000,1,0,-1.8452,-9.8771,-12.9318,-13.3536,-12.3849,8,b,No,No.
moved_twin,data/twin_v3/v3_7000_01003.avi,7000,0,0,-1.7243,-9.7606,-12.8231,-13.2528,-12.2763,8,b,No,No.
still_real,data/videos_v3/int_7000ms/v3_7000_01003.avi,7000,0,0,-0.1041,-9.6933,-10.7168,-12.6699,-11.7324,8,b,No,"No, in the video, one of"
still_twin,data/twin_v3/v3_7000_01003.avi,7000,1,1,-0.0933,-9.6236,-10.7486,-12.5923,-11.6704,8,b,Yes,"Yes, both shapes stayed still the whole"
order_twin,data/twin_v3/v3_7000_01003.avi,7000,-1,0,-0.572,-9.3249,-11.3014,-12.3874,-11.4577,8,b,No,No
moved_solo_hit,data/videos_v3/int_7000ms/v3_7000_01003_solob.avi,7000,1,0,-1.7544,-9.7847,-12.855,-13.2847,-12.3159,8,b,No,No.
moved_solo_fa,data/videos_v3/int_7000ms/v3_7000_01003_soloa.avi,7000,0,0,-1.9129,-9.9356,-12.9981,-13.4043,-12.4199,8,b,No,No.
order_real,data/videos_v3/int_7000ms/v3_7000_01004.avi,7000,0,0,-0.9026,-9.4095,-11.6439,-12.4252,-11.683,8,a,No,No
order_rev,data/videos_v3/int_7000ms/v3_7000_01004.avi,7000,0,0,-1.0236,-9.3633,-11.9804,-12.6758,-11.7617,8,a,No,No
order_forced,data/videos_v3/int_7000ms/v3_7000_01004.avi,7000,0,1,0.3125,-0.5852,-0.8977,-3.8665,-5.9134,8,a,A,A
interval,data/videos_v3/int_7000ms/v3_7000_01004.avi,7000,D,B,,-1.5431,-1.1837,-1.4962,-1.6056,8,a,B,B
order_32f,data/videos_v3/int_7000ms/v3_7000_01004.avi,7000,0,0,-0.6947,-9.0454,-11.811,-12.4594,-11.8891,32,a,No,No.
moved_real,data/videos_v3/int_7000ms/v3_7000_01004.avi,7000,1,0,-2.1764,-10.159,-13.323,-13.6355,-12.9715,8,a,No,No.
moved_twin,data/twin_v3/v3_7000_01004.avi,7000,0,0,-1.9507,-10.0316,-13.1488,-13.4535,-12.7426,8,a,No,No.
still_real,data/videos_v3/int_7000ms/v3_7000_01004.avi,7000,0,1,0.3797,-9.9165,-10.6274,-12.9321,-12.0962,8,a,Yes,"Yes, both shapes stayed still the whole"
still_twin,data/twin_v3/v3_7000_01004.avi,7000,1,1,0.2309,-9.8608,-10.6655,-12.8843,-12.0171,8,a,Yes,"Yes, both shapes stayed still the whole"
order_twin,data/twin_v3/v3_7000_01004.avi,7000,-1,0,-0.6702,-9.3784,-11.5347,-12.3081,-11.5503,8,a,No,No
moved_solo_hit,data/videos_v3/int_7000ms/v3_7000_01004_soloa.avi,7000,1,0,-1.9302,-9.9984,-13.1156,-13.4203,-12.7328,8,a,No,No.
moved_solo_fa,data/videos_v3/int_7000ms/v3_7000_01004_solob.avi,7000,0,0,-2.2624,-10.2511,-13.4074,-13.7277,-13.0402,8,a,No,No.
order_real,data/videos_v3/int_7000ms/v3_7000_01005.avi,7000,0,0,-1.373,-9.6571,-11.7509,-12.704,-11.743,8,b,No,No
order_rev,data/videos_v3/int_7000ms/v3_7000_01005.avi,7000,0,0,-1.6555,-9.6968,-12.3843,-13.1421,-12.0874,8,b,No,No
order_forced,data/videos_v3/int_7000ms/v3_7000_01005.avi,7000,0,1,0.3125,-0.5826,-0.8951,-4.1451,-6.567,8,b,A,A
interval,data/videos_v3/int_7000ms/v3_7000_01005.avi,7000,D,B,,-1.6365,-1.199,-1.4022,-1.4959,8,b,B,B
order_32f,data/videos_v3/int_7000ms/v3_7000_01005.avi,7000,0,0,-1.0633,-8.9627,-11.619,-12.4862,-11.6502,32,b,No,No.
moved_real,data/videos_v3/int_7000ms/v3_7000_01005.avi,7000,1,0,-2.8612,-10.5998,-13.7794,-14.3263,-13.3029,8,b,No,No.
moved_twin,data/twin_v3/v3_7000_01005.avi,7000,0,0,-2.9037,-10.6872,-13.8122,-14.4294,-13.3201,8,b,No,No.
still_real,data/videos_v3/int_7000ms/v3_7000_01005.avi,7000,0,1,0.7655,-9.7815,-10.7737,-12.7346,-12.0471,8,b,Yes,"Yes, both shapes stayed still the entire"
still_twin,data/twin_v3/v3_7000_01005.avi,7000,1,1,0.7149,-9.8306,-10.69,-12.8228,-12.0337,8,b,Yes,"Yes, both shapes stayed still the entire"
order_twin,data/twin_v3/v3_7000_01005.avi,7000,-1,0,-1.5457,-9.7762,-11.9012,-12.9012,-11.8309,8,b,No,No
moved_solo_hit,data/videos_v3/int_7000ms/v3_7000_01005_solob.avi,7000,1,0,-2.9231,-10.7283,-13.8689,-14.4626,-13.3611,8,b,No,No.
moved_solo_fa,data/videos_v3/int_7000ms/v3_7000_01005_soloa.avi,7000,0,0,-2.9407,-10.6688,-13.8563,-14.3798,-13.3563,8,b,No,No.
order_real,data/videos_v3/int_7000ms/v3_7000_01006.avi,7000,0,0,-0.666,-9.3055,-11.4305,-12.3602,-11.5477,8,a,No,No
order_rev,data/videos_v3/int_7000ms/v3_7000_01006.avi,7000,0,0,-1.0051,-9.3815,-11.8815,-12.7409,-11.7878,8,a,No,No
order_forced,data/videos_v3/int_7000ms/v3_7000_01006.avi,7000,0,1,0.6094,-0.4764,-1.0858,-3.7264,-5.5858,8,a,A,A
interval,data/videos_v3/int_7000ms/v3_7000_01006.avi,7000,D,B,,-1.6993,-1.2149,-1.2461,-1.5586,8,a,B,B
order_32f,data/videos_v3/int_7000ms/v3_7000_01006.avi,7000,0,0,-0.5723,-9.0454,-11.7876,-12.4517,-11.897,32,a,No,No.
moved_real,data/videos_v3/int_7000ms/v3_7000_01006.avi,7000,1,0,-1.5962,-9.5845,-12.647,-13.0845,-12.2642,8,a,No,No.
moved_twin,data/twin_v3/v3_7000_01006.avi,7000,0,0,-1.5968,-9.6204,-12.9095,-13.1986,-12.3626,8,a,No,No.
still_real,data/videos_v3/int_7000ms/v3_7000_01006.avi,7000,0,1,0.1013,-9.6379,-10.8488,-12.7082,-11.8566,8,a,Yes,"Yes, both shapes stayed still the whole"
still_twin,data/twin_v3/v3_7000_01006.avi,7000,1,1,-0.0552,-9.6628,-10.6081,-12.7331,-11.7878,8,a,Yes,"Yes, both shapes stayed still the whole"
order_twin,data/twin_v3/v3_7000_01006.avi,7000,-1,0,-0.6544,-9.3295,-11.5404,-12.4232,-11.5717,8,a,No,No
moved_solo_hit,data/videos_v3/int_7000ms/v3_7000_01006_soloa.avi,7000,1,0,-1.6496,-9.6618,-12.9118,-13.2087,-12.3571,8,a,No,No.
moved_solo_fa,data/videos_v3/int_7000ms/v3_7000_01006_solob.avi,7000,0,0,-1.5752,-9.5584,-12.6365,-13.074,-12.2537,8,a,No,No
order_real,data/videos_v3/int_7000ms/v3_7000_01007.avi,7000,0,0,-0.6126,-9.4898,-11.5914,-12.4898,-11.7086,8,b,No,No
order_rev,data/videos_v3/int_7000ms/v3_7000_01007.avi,7000,0,0,-0.9939,-9.5945,-12.032,-12.7351,-11.9929,8,b,No,No
order_forced,data/videos_v3/int_7000ms/v3_7000_01007.avi,7000,0,1,0.7968,-0.4121,-1.2089,-3.7558,-5.6152,8,b,A,A
interval,data/videos_v3/int_7000ms/v3_7000_01007.avi,7000,D,B,,-1.5585,-1.2772,-1.3397,-1.5585,8,b,B,B
order_32f,data/videos_v3/int_7000ms/v3_7000_01007.avi,7000,0,0,-0.4535,-9.3092,-12.0045,-12.6061,-12.1686,32,b,No,No.
moved_real,data/videos_v3/int_7000ms/v3_7000_01007.avi,7000,1,0,-2.1237,-10.2327,-13.4437,-13.6937,-12.8265,8,b,No,No.
moved_twin,data/twin_v3/v3_7000_01007.avi,7000,0,0,-1.9183,-9.9675,-13.1628,-13.3972,-12.4988,8,b,No,No.
still_real,data/videos_v3/int_7000ms/v3_7000_01007.avi,7000,0,1,0.2997,-9.7671,-10.4312,-12.728,-11.8452,8,b,Yes,"Yes, both shapes stayed still the whole"
still_twin,data/twin_v3/v3_7000_01007.avi,7000,1,1,0.0892,-9.6682,-10.5041,-12.59,-11.6916,8,b,Yes,"Yes, both shapes stayed still the whole"
order_twin,data/twin_v3/v3_7000_01007.avi,7000,-1,0,-0.5157,-9.403,-11.6062,-12.3874,-11.6296,8,b,No,No
moved_solo_hit,data/videos_v3/int_7000ms/v3_7000_01007_solob.avi,7000,1,0,-1.9382,-9.9924,-13.1799,-13.4143,-12.5315,8,b,No,No.
moved_solo_fa,data/videos_v3/int_7000ms/v3_7000_01007_soloa.avi,7000,0,0,-2.1061,-10.1941,-13.4129,-13.6551,-12.7957,8,b,No,No.
order_real,data/videos_v3/int_7000ms/v3_7000_01008.avi,7000,1,0,-1.0022,-9.2311,-11.6607,-12.2623,-11.4811,8,a,No,No
order_rev,data/videos_v3/int_7000ms/v3_7000_01008.avi,7000,1,0,-1.2876,-9.1489,-11.9302,-12.6255,-11.7271,8,a,No,No
order_forced,data/videos_v3/int_7000ms/v3_7000_01008.avi,7000,1,1,0.5157,-0.514,-1.0297,-3.6234,-5.6547,8,a,A,A
interval,data/videos_v3/int_7000ms/v3_7000_01008.avi,7000,D,B,,-1.5478,-1.2509,-1.4072,-1.5791,8,a,B,B
order_32f,data/videos_v3/int_7000ms/v3_7000_01008.avi,7000,1,0,-0.8823,-8.7153,-11.7934,-12.1528,-11.6215,32,a,No,No.
moved_real,data/videos_v3/int_7000ms/v3_7000_01008.avi,7000,1,0,-2.2903,-10.0635,-13.5635,-13.6338,-12.7744,8,a,No,No.
moved_twin,data/twin_v3/v3_7000_01008.avi,7000,0,0,-2.1591,-9.9688,-13.3907,-13.4922,-12.6485,8,a,No,No.
still_real,data/videos_v3/int_7000ms/v3_7000_01008.avi,7000,0,0,-0.1686,-9.6237,-10.4127,-12.733,-11.8659,8,a,No,"No, in this video, one of"
still_twin,data/twin_v3/v3_7000_01008.avi,7000,1,0,-0.1675,-9.6207,-10.4488,-12.7457,-11.8394,8,a,No,"No, in this video, one of"
order_twin,data/twin_v3/v3_7000_01008.avi,7000,-1,0,-0.9986,-9.2429,-11.6648,-12.2507,-11.4929,8,a,No,No
moved_solo_hit,data/videos_v3/int_7000ms/v3_7000_01008_soloa.avi,7000,1,0,-2.2785,-10.0766,-13.5532,-13.6235,-12.7563,8,a,No,No.
moved_solo_fa,data/videos_v3/int_7000ms/v3_7000_01008_solob.avi,7000,0,0,-2.1903,-9.9809,-13.4184,-13.5199,-12.6762,8,a,No,No.
order_real,data/videos_v3/int_7000ms/v3_7000_01009.avi,7000,0,0,-0.9507,-9.4206,-11.655,-12.5534,-11.5456,8,a,No,No
order_rev,data/videos_v3/int_7000ms/v3_7000_01009.avi,7000,0,0,-0.7239,-9.21,-11.6631,-12.5694,-11.5537,8,a,No,No
order_forced,data/videos_v3/int_7000ms/v3_7000_01009.avi,7000,0,1,0.4375,-0.5437,-0.9812,-4.0437,-5.4031,8,a,A,A
interval,data/videos_v3/int_7000ms/v3_7000_01009.avi,7000,D,B,,-1.6447,-1.2072,-1.3165,-1.5353,8,a,B,B
order_32f,data/videos_v3/int_7000ms/v3_7000_01009.avi,7000,0,0,-0.8002,-8.8315,-11.4331,-12.3081,-11.6206,32,a,No,No.
moved_real,data/videos_v3/int_7000ms/v3_7000_01009.avi,7000,1,0,-1.9852,-10.0516,-13.45,-13.5984,-12.5828,8,a,No,No.
moved_twin,data/twin_v3/v3_7000_01009.avi,7000,0,0,-2.009,-10.1091,-13.5856,-13.7341,-12.6247,8,a,No,No.
still_real,data/videos_v3/int_7000ms/v3_7000_01009.avi,7000,0,1,0.6245,-9.6971,-10.2986,-12.4236,-11.5096,8,a,Yes,"Yes, both shapes stayed still the entire"
still_twin,data/twin_v3/v3_7000_01009.avi,7000,1,1,0.8097,-9.7403,-10.3418,-12.4668,-11.5606,8,a,Yes,"Yes, both shapes stayed still the whole"
order_twin,data/twin_v3/v3_7000_01009.avi,7000,-1,0,-0.8948,-9.4712,-11.7368,-12.6665,-11.5962,8,a,No,No
moved_solo_hit,data/videos_v3/int_7000ms/v3_7000_01009_soloa.avi,7000,1,0,-2.0445,-10.1402,-13.5777,-13.7418,-12.6402,8,a,No,No.
moved_solo_fa,data/videos_v3/int_7000ms/v3_7000_01009_solob.avi,7000,0,0,-1.9575,-10.043,-13.457,-13.6055,-12.5586,8,a,No,No.
order_real,data/videos_v3/int_7000ms/v3_7000_01010.avi,7000,0,0,-1.0512,-9.376,-11.876,-12.5322,-11.54,8,a,No,No
order_rev,data/videos_v3/int_7000ms/v3_7000_01010.avi,7000,0,0,-0.8784,-9.1165,-11.6478,-12.4759,-11.3275,8,a,No,No
order_forced,data/videos_v3/int_7000ms/v3_7000_01010.avi,7000,0,1,0.5,-0.5074,-1.0074,-3.9606,-5.3981,8,a,A,A
interval,data/videos_v3/int_7000ms/v3_7000_01010.avi,7000,D,B,,-1.5376,-1.2563,-1.3813,-1.5376,8,a,B,B
order_32f,data/videos_v3/int_7000ms/v3_7000_01010.avi,7000,0,0,-0.7426,-8.9503,-11.9972,-12.505,-11.8253,32,a,No,No.
moved_real,data/videos_v3/int_7000ms/v3_7000_01010.avi,7000,1,0,-2.0874,-9.8617,-13.3617,-13.4633,-12.5805,8,a,No,No.
moved_twin,data/twin_v3/v3_7000_01010.avi,7000,0,0,-2.0272,-9.8882,-13.2945,-13.4586,-12.5445,8,a,No,No.
still_real,data/videos_v3/int_7000ms/v3_7000_01010.avi,7000,0,1,0.4437,-9.5716,-10.0951,-12.431,-11.4466,8,a,Yes,"Yes, both shapes, the blue triangle"
still_twin,data/twin_v3/v3_7000_01010.avi,7000,1,1,0.2719,-9.6145,-10.1457,-12.5129,-11.4817,8,a,Yes,"Yes, both shapes stayed still the whole"
order_twin,data/twin_v3/v3_7000_01010.avi,7000,-1,0,-1.0995,-9.3898,-11.8195,-12.5461,-11.5382,8,a,No,No
moved_solo_hit,data/videos_v3/int_7000ms/v3_7000_01010_soloa.avi,7000,1,0,-2.0298,-9.8521,-13.274,-13.4224,-12.5318,8,a,No,No.
moved_solo_fa,data/videos_v3/int_7000ms/v3_7000_01010_solob.avi,7000,0,0,-2.085,-9.8593,-13.3436,-13.453,-12.5624,8,a,No,No.
order_real,data/videos_v3/int_7000ms/v3_7000_01011.avi,7000,0,0,-1.0045,-9.3692,-11.4708,-12.4239,-11.463,8,b,No,No
order_rev,data/videos_v3/int_7000ms/v3_7000_01011.avi,7000,0,0,-0.9011,-9.3372,-11.9701,-12.6029,-11.7279,8,b,No,No
order_forced,data/videos_v3/int_7000ms/v3_7000_01011.avi,7000,0,1,0.4531,-0.5262,-0.9793,-4.1512,-6.0105,8,b,A,A
interval,data/videos_v3/int_7000ms/v3_7000_01011.avi,7000,D,B,,-1.8271,-1.1553,-1.3428,-1.4834,8,b,B,B
order_32f,data/videos_v3/int_7000ms/v3_7000_01011.avi,7000,0,0,-0.7231,-8.8705,-11.5736,-12.3783,-11.6127,32,b,No,No.
moved_real,data/videos_v3/int_7000ms/v3_7000_01011.avi,7000,1,0,-1.7128,-9.7636,-12.7167,-13.3808,-12.3417,8,b,No,No.
moved_twin,data/twin_v3/v3_7000_01011.avi,7000,0,0,-1.8431,-9.8598,-12.8363,-13.4848,-12.3988,8,b,No,No.
still_real,data/videos_v3/int_7000ms/v3_7000_01011.avi,7000,0,0,-0.2162,-9.7211,-10.6117,-12.7289,-11.8539,8,b,No,"No, in the video, one of"
still_twin,data/twin_v3/v3_7000_01011.avi,7000,1,0,-0.1525,-9.6968,-10.5171,-12.7124,-11.8062,8,b,No,"No, in the video, one of"
order_twin,data/twin_v3/v3_7000_01011.avi,7000,-1,0,-0.9518,-9.3269,-11.4519,-12.3972,-11.4128,8,b,No,No
moved_solo_hit,data/videos_v3/int_7000ms/v3_7000_01011_solob.avi,7000,1,0,-1.8565,-9.902,-12.8786,-13.527,-12.4567,8,b,No,No.
moved_solo_fa,data/videos_v3/int_7000ms/v3_7000_01011_soloa.avi,7000,0,0,-1.6971,-9.7505,-12.7036,-13.3677,-12.3286,8,b,No,No.
order_real,data/videos_v3/int_7000ms/v3_7000_01012.avi,7000,1,0,-0.9721,-9.4449,-11.8355,-12.273,-11.7183,8,a,No,No
order_rev,data/videos_v3/int_7000ms/v3_7000_01012.avi,7000,1,0,-0.8081,-9.3559,-12.0121,-12.4262,-11.8402,8,a,No,No
order_forced,data/videos_v3/int_7000ms/v3_7000_01012.avi,7000,1,1,0.3906,-0.5662,-0.9568,-3.4568,-6.5505,8,a,A,A
interval,data/videos_v3/int_7000ms/v3_7000_01012.avi,7000,D,B,,-1.6236,-1.1705,-1.4205,-1.5767,8,a,B,B
order_32f,data/videos_v3/int_7000ms/v3_7000_01012.avi,7000,1,0,-0.593,-8.9556,-11.7602,-11.9868,-11.7524,32,a,No,No.
moved_real,data/videos_v3/int_7000ms/v3_7000_01012.avi,7000,1,0,-1.629,-9.772,-13.1704,-13.1157,-12.5688,8,a,No,No.
moved_twin,data/twin_v3/v3_7000_01012.avi,7000,0,0,-1.9003,-9.9316,-13.3066,-13.2598,-12.6816,8,a,No,No.
still_real,data/videos_v3/int_7000ms/v3_7000_01012.avi,7000,0,1,0.166,-9.7916,-10.69,-12.8463,-12.0885,8,a,Yes,"Yes, both shapes stayed still the whole"
still_twin,data/twin_v3/v3_7000_01012.avi,7000,1,1,0.2193,-9.8078,-10.714,-12.8156,-12.0812,8,a,Yes,"Yes, both shapes stayed still the whole"
order_twin,data/twin_v3/v3_7000_01012.avi,7000,-1,0,-1.0577,-9.5216,-11.881,-12.3185,-11.7248,8,a,No,No
moved_solo_hit,data/videos_v3/int_7000ms/v3_7000_01012_soloa.avi,7000,1,0,-1.6175,-9.7623,-13.153,-13.0983,-12.5514,8,a,No,No.
moved_solo_fa,data/videos_v3/int_7000ms/v3_7000_01012_solob.avi,7000,0,0,-1.887,-9.9125,-13.2797,-13.2485,-12.6625,8,a,No,No.
order_real,data/videos_v3/int_7000ms/v3_7000_01013.avi,7000,0,0,-0.5874,-9.1491,-11.3522,-11.9381,-11.4225,8,a,No,No
order_rev,data/videos_v3/int_7000ms/v3_7000_01013.avi,7000,0,0,-0.8153,-9.102,-11.6489,-12.1723,-11.4536,8,a,No,No
order_forced,data/videos_v3/int_7000ms/v3_7000_01013.avi,7000,0,1,0.25,-0.6169,-0.8669,-3.82,-5.6169,8,a,A,A
interval,data/videos_v3/int_7000ms/v3_7000_01013.avi,7000,D,B,,-1.5429,-1.246,-1.371,-1.6366,8,a,B,B
order_32f,data/videos_v3/int_7000ms/v3_7000_01013.avi,7000,0,0,-0.6879,-8.9113,-11.7395,-12.0676,-11.8176,32,a,No,No.
moved_real,data/videos_v3/int_7000ms/v3_7000_01013.avi,7000,1,0,-1.2269,-9.4638,-12.5888,-12.6279,-12.1435,8,a,No,No.
moved_twin,data/twin_v3/v3_7000_01013.avi,7000,0,0,-1.3194,-9.5173,-12.6345,-12.7048,-12.197,8,a,No,No.
still_real,data/videos_v3/int_7000ms/v3_7000_01013.avi,7000,0,1,0.3598,-9.715,-10.4181,-12.6134,-11.8478,8,a,Yes,"Yes, both shapes stayed still the whole"
still_twin,data/twin_v3/v3_7000_01013.avi,7000,1,1,0.266,-9.7113,-10.3988,-12.68,-11.8363,8,a,Yes,"Yes, both shapes stayed still the whole"
order_twin,data/twin_v3/v3_7000_01013.avi,7000,-1,0,-0.5284,-9.1365,-11.2771,-11.9412,-11.4177,8,a,No,No
moved_solo_hit,data/videos_v3/int_7000ms/v3_7000_01013_soloa.avi,7000,1,0,-1.3484,-9.5176,-12.6348,-12.7129,-12.2208,8,a,No,No.
moved_solo_fa,data/videos_v3/int_7000ms/v3_7000_01013_solob.avi,7000,0,0,-1.2307,-9.5114,-12.6364,-12.6755,-12.1442,8,a,No,No.
order_real,data/videos_v3/int_7000ms/v3_7000_01014.avi,7000,0,0,-0.9272,-9.0977,-11.5508,-12.0039,-11.4336,8,b,No,No
order_rev,data/videos_v3/int_7000ms/v3_7000_01014.avi,7000,0,0,-0.5663,-8.8538,-11.2913,-12.1351,-11.3851,8,b,No,No
order_forced,data/videos_v3/int_7000ms/v3_7000_01014.avi,7000,0,1,0.3438,-0.5803,-0.9241,-4.0803,-6.0334,8,b,A,A
interval,data/videos_v3/int_7000ms/v3_7000_01014.avi,7000,D,B,,-1.6409,-1.1721,-1.3909,-1.5471,8,b,B,B
order_32f,data/videos_v3/int_7000ms/v3_7000_01014.avi,7000,0,0,-0.7017,-8.6708,-11.663,-12.0458,-11.6864,32,b,No,No.
moved_real,data/videos_v3/int_7000ms/v3_7000_01014.avi,7000,1,0,-1.6696,-9.6761,-12.9886,-12.9417,-12.2855,8,b,No,No.
moved_twin,data/twin_v3/v3_7000_01014.avi,7000,0,0,-1.643,-9.7177,-12.9208,-12.9598,-12.2411,8,b,No,No.
still_real,data/videos_v3/int_7000ms/v3_7000_01014.avi,7000,0,1,0.2556,-9.701,-10.5995,-12.6698,-11.8573,8,b,Yes,"Yes, both shapes, the triangle and"
still_twin,data/twin_v3/v3_7000_01014.avi,7000,1,1,0.1084,-9.6316,-10.616,-12.6707,-11.7488,8,b,Yes,"Yes, both shapes, the blue triangle"
order_twin,data/twin_v3/v3_7000_01014.avi,7000,-1,0,-0.8986,-9.1077,-11.514,-12.0218,-11.4046,8,b,No,No
moved_solo_hit,data/videos_v3/int_7000ms/v3_7000_01014_solob.avi,7000,1,0,-1.6132,-9.6554,-12.8819,-12.9132,-12.2335,8,b,No,No.
moved_solo_fa,data/videos_v3/int_7000ms/v3_7000_01014_soloa.avi,7000,0,0,-1.6542,-9.7687,-13.0265,-12.9952,-12.3155,8,b,No,No.
order_real,data/videos_v3/int_7000ms/v3_7000_01015.avi,7000,0,0,-1.237,-9.264,-11.6702,-12.1702,-11.553,8,b,No,No
order_rev,data/videos_v3/int_7000ms/v3_7000_01015.avi,7000,0,0,-0.7776,-8.974,-11.6068,-12.2709,-11.3881,8,b,No,No
order_forced,data/videos_v3/int_7000ms/v3_7000_01015.avi,7000,0,1,0.5938,-0.4863,-1.0801,-3.6895,-5.6582,8,b,A,A
interval,data/videos_v3/int_7000ms/v3_7000_01015.avi,7000,D,B,,-1.5585,-1.2616,-1.3397,-1.5585,8,b,B,B
order_32f,data/videos_v3/int_7000ms/v3_7000_01015.avi,7000,0,0,-0.8297,-8.6676,-11.7692,-11.9801,-11.8317,32,b,No,No.
moved_real,data/videos_v3/int_7000ms/v3_7000_01015.avi,7000,1,0,-2.2003,-10.055,-13.5238,-13.3988,-12.7816,8,b,No,No.
moved_twin,data/twin_v3/v3_7000_01015.avi,7000,0,0,-2.2792,-10.0835,-13.5054,-13.3804,-12.7554,8,b,No,No.
still_real,data/videos_v3/int_7000ms/v3_7000_01015.avi,7000,0,1,0.5773,-9.7512,-10.509,-12.5637,-11.884,8,b,Yes,"Yes, both shapes, the triangle and"
still_twin,data/twin_v3/v3_7000_01015.avi,7000,1,1,0.5413,-9.8133,-10.4851,-12.6101,-11.8133,8,b,Yes,"Yes, both shapes, the triangle and"
order_twin,data/twin_v3/v3_7000_01015.avi,7000,-1,0,-1.3465,-9.3781,-11.7531,-12.2531,-11.5969,8,b,No,No
moved_solo_hit,data/videos_v3/int_7000ms/v3_7000_01015_solob.avi,7000,1,0,-2.2648,-10.0782,-13.4845,-13.3595,-12.7189,8,b,No,No.
moved_solo_fa,data/videos_v3/int_7000ms/v3_7000_01015_soloa.avi,7000,0,0,-2.1867,-10.074,-13.535,-13.41,-12.8006,8,b,No,No.
order_real,data/videos_v3/int_7000ms/v3_7000_01016.avi,7000,1,0,-1.0236,-9.4634,-11.729,-12.604,-11.6665,8,a,No,No
order_rev,data/videos_v3/int_7000ms/v3_7000_01016.avi,7000,1,0,-0.8846,-9.238,-11.8318,-12.5974,-11.5505,8,a,No,No
order_forced,data/videos_v3/int_7000ms/v3_7000_01016.avi,7000,1,1,0.625,-0.4799,-1.1049,-4.0424,-6.1831,8,a,A,A
interval,data/videos_v3/int_7000ms/v3_7000_01016.avi,7000,D,B,,-1.6333,-1.2427,-1.2583,-1.5396,8,a,B,B
order_32f,data/videos_v3/int_7000ms/v3_7000_01016.avi,7000,1,0,-0.8558,-8.8838,-11.8525,-12.4697,-11.7041,32,a,No,No.
moved_real,data/videos_v3/int_7000ms/v3_7000_01016.avi,7000,1,0,-2.0441,-9.9359,-13.3812,-13.4359,-12.5219,8,a,No,No.
moved_twin,data/twin_v3/v3_7000_01016.avi,7000,0,0,-2.2305,-9.9509,-13.529,-13.529,-12.5915,8,a,No,No.
still_real,data/videos_v3/int_7000ms/v3_7000_01016.avi,7000,0,1,0.1608,-9.5769,-10.6785,-12.4676,-11.7488,8,a,Yes,"Yes, both shapes, the triangle and"
still_twin,data/twin_v3/v3_7000_01016.avi,7000,1,1,0.3839,-9.6078,-10.5063,-12.4359,-11.7484,8,a,Yes,"Yes, both shapes stayed still the whole"
order_twin,data/twin_v3/v3_7000_01016.avi,7000,-1,0,-1.1723,-9.5035,-11.8629,-12.6363,-11.7379,8,a,No,No
moved_solo_hit,data/videos_v3/int_7000ms/v3_7000_01016_soloa.avi,7000,1,0,-2.0512,-9.9479,-13.4089,-13.4558,-12.5495,8,a,No,No.
moved_solo_fa,data/videos_v3/int_7000ms/v3_7000_01016_solob.avi,7000,0,0,-2.203,-9.9133,-13.4837,-13.4837,-12.5618,8,a,No,No.
order_real,data/videos_v3/int_7000ms/v3_7000_01017.avi,7000,1,0,-0.9958,-9.4112,-11.9034,-12.0909,-11.8175,8,b,No,No
order_rev,data/videos_v3/int_7000ms/v3_7000_01017.avi,7000,1,0,-0.9049,-9.3896,-12.1006,-12.5537,-11.874,8,b,No,No
order_forced,data/videos_v3/int_7000ms/v3_7000_01017.avi,7000,1,1,0.625,-0.4847,-1.1097,-3.344,-6.1097,8,b,A,A
interval,data/videos_v3/int_7000ms/v3_7000_01017.avi,7000,D,B,,-1.6138,-1.2544,-1.3482,-1.4888,8,b,B,B
order_32f,data/videos_v3/int_7000ms/v3_7000_01017.avi,7000,1,0,-0.694,-8.7998,-11.8623,-11.5576,-11.9326,32,b,No,No.
moved_real,data/videos_v3/int_7000ms/v3_7000_01017.avi,7000,1,0,-1.3539,-9.6731,-13.0872,-12.595,-12.5325,8,b,No,No.
moved_twin,data/twin_v3/v3_7000_01017.avi,7000,0,0,-1.9153,-10.0009,-13.4618,-12.9774,-12.8681,8,b,No,No.
still_real,data/videos_v3/int_7000ms/v3_7000_01017.avi,7000,0,1,0.5322,-9.8183,-10.4511,-12.7871,-12.0917,8,b,Yes,"Yes, both shapes, the yellow square"
still_twin,data/twin_v3/v3_7000_01017.avi,7000,1,1,0.7408,-9.7243,-10.4665,-12.6852,-11.9899,8,b,Yes,"Yes, both shapes, the yellow square"
order_twin,data/twin_v3/v3_7000_01017.avi,7000,-1,0,-1.1236,-9.4678,-11.921,-12.0772,-11.796,8,b,No,No
moved_solo_hit,data/videos_v3/int_7000ms/v3_7000_01017_solob.avi,7000,1,0,-1.3292,-9.6718,-13.1171,-12.6249,-12.578,8,b,No,No.
moved_solo_fa,data/videos_v3/int_7000ms/v3_7000_01017_soloa.avi,7000,0,0,-1.9642,-10.0466,-13.4528,-13.0075,-12.8512,8,b,No,No.
order_real,data/videos_v3/int_7000ms/v3_7000_01018.avi,7000,1,0,-0.6674,-9.3826,-11.5154,-12.2186,-11.5701,8,a,No,No
order_rev,data/videos_v3/int_7000ms/v3_7000_01018.avi,7000,1,0,-0.9752,-9.3246,-12.0356,-12.2778,-11.8949,8,a,No,No
order_forced,data/videos_v3/int_7000ms/v3_7000_01018.avi,7000,1,1,0.4062,-0.5627,-0.9689,-3.2971,-5.7502,8,a,A,A
interval,data/videos_v3/int_7000ms/v3_7000_01018.avi,7000,D,B,,-1.5806,-1.2056,-1.4087,-1.5806,8,a,B,B
order_32f,data/videos_v3/int_7000ms/v3_7000_01018.avi,7000,1,0,-0.5109,-9.0788,-11.8679,-12.2741,-11.9773,32,a,No,No.
moved_real,data/videos_v3/int_7000ms/v3_7000_01018.avi,7000,1,0,-1.6867,-9.8828,-12.9532,-13.5078,-12.5,8,a,No,No.
moved_twin,data/twin_v3/v3_7000_01018.avi,7000,0,0,-1.9298,-10.0034,-13.1284,-13.6674,-12.6284,8,a,No,No.
still_real,data/videos_v3/int_7000ms/v3_7000_01018.avi,7000,0,1,0.1109,-9.8707,-10.7457,-12.9253,-12.0503,8,a,Yes,"Yes, both shapes stayed still the whole"
still_twin,data/twin_v3/v3_7000_01018.avi,7000,1,1,0.1929,-9.9226,-10.6335,-12.9304,-12.0241,8,a,Yes,"Yes, both shapes stayed still the whole"
order_twin,data/twin_v3/v3_7000_01018.avi,7000,-1,0,-0.7281,-9.4361,-11.6158,-12.2642,-11.6392,8,a,No,No
moved_solo_hit,data/videos_v3/int_7000ms/v3_7000_01018_soloa.avi,7000,1,0,-1.648,-9.851,-12.9213,-13.4916,-12.4838,8,a,No,No.
moved_solo_fa,data/videos_v3/int_7000ms/v3_7000_01018_solob.avi,7000,0,0,-1.9142,-9.9831,-13.1003,-13.6315,-12.6081,8,a,No,No.
order_real,data/videos_v3/int_7000ms/v3_7000_01019.avi,7000,0,0,-0.5964,-9.2489,-11.3426,-12.2567,-11.3895,8,a,No,No
order_rev,data/videos_v3/int_7000ms/v3_7000_01019.avi,7000,0,0,-0.5806,-9.1776,-11.5838,-12.2244,-11.4354,8,a,No,No
order_forced,data/videos_v3/int_7000ms/v3_7000_01019.avi,7000,0,1,0.4375,-0.5297,-0.9672,-4.1234,-5.5922,8,a,A,A
interval,data/videos_v3/int_7000ms/v3_7000_01019.avi,7000,D,B,,-1.5742,-1.2774,-1.3555,-1.543,8,a,B,B
order_32f,data/videos_v3/int_7000ms/v3_7000_01019.avi,7000,0,0,-0.3292,-8.8843,-11.6109,-12.3452,-11.9077,32,a,No,No.
moved_real,data/videos_v3/int_7000ms/v3_7000_01019.avi,7000,1,0,-1.5196,-9.5187,-12.6828,-13.0266,-12.1828,8,a,No,No.
moved_twin,data/twin_v3/v3_7000_01019.avi,7000,0,0,-1.3357,-9.2773,-12.5273,-12.8554,-12.0664,8,a,No,No.
still_real,data/videos_v3/int_7000ms/v3_7000_01019.avi,7000,0,1,0.1788,-9.7199,-10.3683,-12.5792,-11.7042,8,a,Yes,"Yes, both shapes stayed still the whole"
still_twin,data/twin_v3/v3_7000_01019.avi,7000,1,1,0.2448,-9.6469,-10.475,-12.514,-11.725,8,a,Yes,"Yes, both shapes stayed still the whole"
order_twin,data/twin_v3/v3_7000_01019.avi,7000,-1,0,-0.7477,-9.1925,-11.3175,-12.2316,-11.3878,8,a,No,No
moved_solo_hit,data/videos_v3/int_7000ms/v3_7000_01019_soloa.avi,7000,1,0,-1.3507,-9.3013,-12.5747,-12.8638,-12.0747,8,a,No,No.
moved_solo_fa,data/videos_v3/int_7000ms/v3_7000_01019_solob.avi,7000,0,0,-1.4944,-9.5063,-12.6079,-12.9829,-12.1157,8,a,No,No.
order_real,data/videos_v3/int_7000ms/v3_7000_01020.avi,7000,1,0,-1.1982,-9.432,-11.7132,-12.5414,-11.5804,8,b,No,No
order_rev,data/videos_v3/int_7000ms/v3_7000_01020.avi,7000,1,0,-0.8721,-9.1181,-11.6025,-12.5478,-11.4072,8,b,No,No
order_forced,data/videos_v3/int_7000ms/v3_7000_01020.avi,7000,1,1,0.4062,-0.5663,-0.9725,-4.0819,-5.8788,8,b,A,A
interval,data/videos_v3/int_7000ms/v3_7000_01020.avi,7000,D,B,,-1.636,-1.2454,-1.3079,-1.4954,8,b,B,B
order_real,data/videos_v3/int_7000ms/v3_7000_01021.avi,7000,0,0,-0.8101,-9.2822,-11.6181,-11.9072,-11.5244,8,a,No,No
order_rev,data/videos_v3/int_7000ms/v3_7000_01021.avi,7000,0,0,-0.5246,-9.1939,-11.7017,-12.3111,-11.5454,8,a,No,No
order_forced,data/videos_v3/int_7000ms/v3_7000_01021.avi,7000,0,1,0.5,-0.5194,-1.0194,-3.4101,-5.8632,8,a,A,A
interval,data/videos_v3/int_7000ms/v3_7000_01021.avi,7000,D,B,,-1.534,-1.2996,-1.3308,-1.5496,8,a,B,B
order_real,data/videos_v3/int_7000ms/v3_7000_01022.avi,7000,0,0,-1.1797,-9.4795,-11.7217,-12.5186,-11.667,8,a,No,No
order_rev,data/videos_v3/int_7000ms/v3_7000_01022.avi,7000,0,0,-1.084,-9.2779,-11.9186,-12.5201,-11.6061,8,a,No,No
order_forced,data/videos_v3/int_7000ms/v3_7000_01022.avi,7000,0,1,0.6875,-0.447,-1.1345,-3.9626,-5.6189,8,a,A,A
interval,data/videos_v3/int_7000ms/v3_7000_01022.avi,7000,D,B,,-1.5899,-1.1993,-1.4024,-1.6212,8,a,B,B
order_real,data/videos_v3/int_7000ms/v3_7000_01023.avi,7000,0,0,-0.5148,-9.233,-11.4361,-12.3111,-11.4439,8,b,No,No
order_rev,data/videos_v3/int_7000ms/v3_7000_01023.avi,7000,0,0,-0.6482,-9.2076,-11.6997,-12.5122,-11.5435,8,b,No,No
order_forced,data/videos_v3/int_7000ms/v3_7000_01023.avi,7000,0,1,0.5312,-0.493,-1.0242,-4.2117,-5.3836,8,b,A,A
interval,data/videos_v3/int_7000ms/v3_7000_01023.avi,7000,D,B,,-1.5958,-1.2833,-1.2989,-1.5176,8,b,B,B
order_real,data/videos_v3/int_7000ms/v3_7000_01024.avi,7000,0,0,-1.1812,-9.413,-11.7568,-12.538,-11.4833,8,b,No,No
order_rev,data/videos_v3/int_7000ms/v3_7000_01024.avi,7000,0,0,-0.8536,-9.1508,-11.5414,-12.5258,-11.3461,8,b,No,No
order_forced,data/videos_v3/int_7000ms/v3_7000_01024.avi,7000,0,1,0.4375,-0.5292,-0.9667,-4.0917,-5.6385,8,b,A,A
interval,data/videos_v3/int_7000ms/v3_7000_01024.avi,7000,D,B,,-1.6319,-1.2256,-1.3662,-1.5381,8,b,B,B
order_real,data/videos_v3/int_7000ms/v3_7000_01025.avi,7000,0,0,-0.9632,-9.3369,-11.5478,-11.6337,-11.6259,8,b,No,No
order_rev,data/videos_v3/int_7000ms/v3_7000_01025.avi,7000,0,0,-1.1427,-9.3156,-11.964,-12.3234,-11.714,8,b,No,No
order_forced,data/videos_v3/int_7000ms/v3_7000_01025.avi,7000,0,1,0.3594,-0.5875,-0.9469,-3.1812,-6.15,8,b,A,A
interval,data/videos_v3/int_7000ms/v3_7000_01025.avi,7000,D,B,,-1.455,-1.3144,-1.3925,-1.58,8,b,B,B
order_real,data/videos_v3/int_7000ms/v3_7000_01026.avi,7000,0,0,-0.8129,-9.3755,-11.3755,-12.352,-11.352,8,a,No,No
order_rev,data/videos_v3/int_7000ms/v3_7000_01026.avi,7000,0,0,-0.8824,-9.291,-11.7206,-12.4706,-11.4941,8,a,No,No
order_forced,data/videos_v3/int_7000ms/v3_7000_01026.avi,7000,0,1,0.5469,-0.4919,-1.0388,-3.82,-5.6169,8,a,A,A
interval,data/videos_v3/int_7000ms/v3_7000_01026.avi,7000,D,B,,-1.5765,-1.2327,-1.3734,-1.6234,8,a,B,B
order_real,data/videos_v3/int_7000ms/v3_7000_01027.avi,7000,1,0,-0.6358,-9.4975,-11.4428,-12.3256,-11.6459,8,a,No,No
order_rev,data/videos_v3/int_7000ms/v3_7000_01027.avi,7000,1,0,-0.7373,-9.4282,-11.8657,-12.6391,-11.811,8,a,No,No
order_forced,data/videos_v3/int_7000ms/v3_7000_01027.avi,7000,1,1,0.7032,-0.4632,-1.1664,-3.6039,-5.9007,8,a,A,A
interval,data/videos_v3/int_7000ms/v3_7000_01027.avi,7000,D,B,,-1.6817,-1.2755,-1.3067,-1.4161,8,a,B,B
order_real,data/videos_v3/int_7000ms/v3_7000_01028.avi,7000,0,0,-0.4534,-9.2239,-11.3723,-12.2864,-11.427,8,b,No,No
order_rev,data/videos_v3/int_7000ms/v3_7000_01028.avi,7000,0,0,-1.0085,-9.1609,-11.7234,-12.4734,-11.4421,8,b,No,No
order_forced,data/videos_v3/int_7000ms/v3_7000_01028.avi,7000,0,1,0.6094,-0.4649,-1.0743,-4.168,-5.4493,8,b,A,A
interval,data/videos_v3/int_7000ms/v3_7000_01028.avi,7000,D,C,,-1.5924,-1.3424,-1.2174,-1.5299,8,b,C,C
order_real,data/videos_v3/int_7000ms/v3_7000_01029.avi,7000,0,0,-0.701,-9.3142,-11.6735,-12.0485,-11.611,8,a,No,No
order_rev,data/videos_v3/int_7000ms/v3_7000_01029.avi,7000,0,0,-0.4359,-9.156,-11.7341,-12.1404,-11.617,8,a,No,No
order_forced,data/videos_v3/int_7000ms/v3_7000_01029.avi,7000,0,1,0.4218,-0.5587,-0.9805,-3.2305,-5.7462,8,a,A,A
interval,data/videos_v3/int_7000ms/v3_7000_01029.avi,7000,D,B,,-1.5219,-1.3031,-1.3344,-1.5375,8,a,B,B
order_real,data/videos_v3/int_7000ms/v3_7000_01030.avi,7000,0,0,-0.9946,-9.3611,-11.8064,-12.2595,-11.447,8,b,No,No
order_rev,data/videos_v3/int_7000ms/v3_7000_01030.avi,7000,0,0,-0.7498,-9.1289,-11.8164,-12.2148,-11.4179,8,b,No,No
order_forced,data/videos_v3/int_7000ms/v3_7000_01030.avi,7000,0,1,0.5,-0.5191,-1.0191,-3.4722,-5.6597,8,b,A,A
interval,data/videos_v3/int_7000ms/v3_7000_01030.avi,7000,D,B,,-1.4791,-1.3228,-1.3697,-1.5259,8,b,B,B
order_real,data/videos_v3/int_7000ms/v3_7000_01031.avi,7000,1,0,-0.7831,-9.3704,-11.5891,-12.1516,-11.5032,8,b,No,No
order_rev,data/videos_v3/int_7000ms/v3_7000_01031.avi,7000,1,0,-1.0958,-9.5284,-12.1768,-12.6456,-11.8956,8,b,No,No
order_forced,data/videos_v3/int_7000ms/v3_7000_01031.avi,7000,1,1,0.6093,-0.4716,-1.0809,-3.7372,-6.0497,8,b,A,A
interval,data/videos_v3/int_7000ms/v3_7000_01031.avi,7000,D,B,,-1.7122,-1.1497,-1.3528,-1.5559,8,b,B,B
order_real,data/videos_v3/int_7000ms/v3_7000_01032.avi,7000,0,0,-0.7211,-9.5074,-11.6558,-12.062,-11.7261,8,b,No,No
order_rev,data/videos_v3/int_7000ms/v3_7000_01032.avi,7000,0,0,-0.4642,-9.5083,-11.8286,-12.438,-11.8755,8,b,No,No
order_forced,data/videos_v3/int_7000ms/v3_7000_01032.avi,7000,0,1,0.5,-0.5339,-1.0339,-3.237,-5.987,8,b,A,A
interval,data/videos_v3/int_7000ms/v3_7000_01032.avi,7000,D,B,,-1.7123,-1.2435,-1.2748,-1.4779,8,b,B,B
order_real,data/videos_v3/int_7000ms/v3_7000_01033.avi,7000,0,0,-0.5123,-9.3851,-11.6586,-12.2601,-11.5883,8,a,No,No
order_rev,data/videos_v3/int_7000ms/v3_7000_01033.avi,7000,0,0,-0.6801,-9.02,-11.4731,-12.1137,-11.4809,8,a,No,No
order_forced,data/videos_v3/int_7000ms/v3_7000_01033.avi,7000,0,1,0.3906,-0.5535,-0.9441,-3.8973,-5.5379,8,a,A,A
interval,data/videos_v3/int_7000ms/v3_7000_01033.avi,7000,D,B,,-1.6574,-1.2668,-1.2824,-1.5636,8,a,B,B
order_real,data/videos_v3/int_7000ms/v3_7000_01034.avi,7000,1,0,-0.1136,-9.3241,-11.5272,-12.1053,-11.4569,8,b,No,No
order_rev,data/videos_v3/int_7000ms/v3_7000_01034.avi,7000,1,0,-0.4859,-9.1852,-11.6227,-12.1383,-11.3883,8,b,No,No
order_forced,data/videos_v3/int_7000ms/v3_7000_01034.avi,7000,1,1,0.5937,-0.4948,-1.0885,-3.1354,-5.3698,8,b,A,A
interval,data/videos_v3/int_7000ms/v3_7000_01034.avi,7000,D,C,,-1.6358,-1.3233,-1.2921,-1.4015,8,b,C,C
order_real,data/videos_v3/int_7000ms/v3_7000_01035.avi,7000,1,0,-0.4858,-9.5591,-11.5122,-12.3716,-11.8326,8,b,No,No
order_rev,data/videos_v3/int_7000ms/v3_7000_01035.avi,7000,1,0,-1.0676,-9.637,-12.0823,-12.6839,-12.137,8,b,No,No
order_forced,data/videos_v3/int_7000ms/v3_7000_01035.avi,7000,1,1,0.4062,-0.555,-0.9612,-3.7112,-6.3362,8,b,A,A
interval,data/videos_v3/int_7000ms/v3_7000_01035.avi,7000,D,B,,-1.5846,-1.1784,-1.3815,-1.5846,8,b,B,B
order_real,data/videos_v3/int_7000ms/v3_7000_01036.avi,7000,0,0,-1.0541,-9.2707,-11.591,-12.3175,-11.4347,8,b,No,No
order_rev,data/videos_v3/int_7000ms/v3_7000_01036.avi,7000,0,0,-0.7792,-9.051,-11.7073,-12.3869,-11.4573,8,b,No,No
order_forced,data/videos_v3/int_7000ms/v3_7000_01036.avi,7000,0,1,0.2656,-0.6218,-0.8874,-3.5905,-5.8405,8,b,A,A
interval,data/videos_v3/int_7000ms/v3_7000_01036.avi,7000,D,B,,-1.5521,-1.2396,-1.3646,-1.5833,8,b,B,B
order_real,data/videos_v3/int_7000ms/v3_7000_01037.avi,7000,0,0,-0.5607,-9.4003,-11.6894,-12.1972,-11.6503,8,a,No,No
order_rev,data/videos_v3/int_7000ms/v3_7000_01037.avi,7000,0,0,-0.5792,-9.2227,-11.8711,-12.1914,-11.7149,8,a,No,No
order_forced,data/videos_v3/int_7000ms/v3_7000_01037.avi,7000,0,1,0.3125,-0.6014,-0.9139,-3.1795,-6.0076,8,a,A,A
interval,data/videos_v3/int_7000ms/v3_7000_01037.avi,7000,D,B,,-1.5947,-1.2509,-1.3759,-1.5478,8,a,B,B
order_real,data/videos_v3/int_7000ms/v3_7000_01038.avi,7000,1,0,-1.452,-9.4827,-11.7327,-12.5999,-11.6624,8,a,No,No
order_rev,data/videos_v3/int_7000ms/v3_7000_01038.avi,7000,1,0,-0.7416,-9.1594,-11.7532,-12.5266,-11.5657,8,a,No,No
order_forced,data/videos_v3/int_7000ms/v3_7000_01038.avi,7000,1,1,0.4219,-0.5454,-0.9673,-3.7486,-6.1548,8,a,A,A
interval,data/videos_v3/int_7000ms/v3_7000_01038.avi,7000,D,B,,-1.7073,-1.176,-1.3791,-1.5041,8,a,B,B
order_real,data/videos_v3/int_7000ms/v3_7000_01039.avi,7000,1,0,-0.8548,-9.328,-11.7187,-12.2108,-11.5702,8,b,No,No
order_rev,data/videos_v3/int_7000ms/v3_7000_01039.avi,7000,1,0,-1.1427,-9.391,-12.2191,-12.4613,-11.7582,8,b,No,No
order_forced,data/videos_v3/int_7000ms/v3_7000_01039.avi,7000,1,1,0.2969,-0.605,-0.9019,-3.4175,-6.0112,8,b,A,A
interval,data/videos_v3/int_7000ms/v3_7000_01039.avi,7000,D,B,,-1.6223,-1.2317,-1.3567,-1.5442,8,b,B,B
order_real,data/videos_v3/int_7000ms/v3_7000_01040.avi,7000,1,0,-1.6762,-9.8625,-11.9953,-12.9484,-11.9094,8,b,No,No
order_rev,data/videos_v3/int_7000ms/v3_7000_01040.avi,7000,1,0,-1.604,-9.7905,-12.4077,-13.228,-12.1108,8,b,No,No
order_forced,data/videos_v3/int_7000ms/v3_7000_01040.avi,7000,1,1,0.4062,-0.5458,-0.952,-4.2489,-6.7333,8,b,A,A
interval,data/videos_v3/int_7000ms/v3_7000_01040.avi,7000,D,B,,-1.6467,-1.1936,-1.3811,-1.5061,8,b,B,B
order_real,data/videos_v3/int_7000ms/v3_7000_01041.avi,7000,1,0,-1.0958,-9.4271,-12.0131,-12.2865,-11.5756,8,a,No,No
order_rev,data/videos_v3/int_7000ms/v3_7000_01041.avi,7000,1,0,-0.835,-9.2782,-11.9188,-12.3094,-11.536,8,a,No,No
order_forced,data/videos_v3/int_7000ms/v3_7000_01041.avi,7000,1,1,0.3906,-0.5573,-0.9479,-3.6354,-5.4948,8,a,A,A
interval,data/videos_v3/int_7000ms/v3_7000_01041.avi,7000,D,B,,-1.6081,-1.2799,-1.3737,-1.4987,8,a,B,B
order_real,data/videos_v3/int_7000ms/v3_7000_01042.avi,7000,0,0,-0.7126,-9.2567,-11.4208,-12.3583,-11.4442,8,a,No,No
order_rev,data/videos_v3/int_7000ms/v3_7000_01042.avi,7000,0,0,-0.6613,-9.255,-11.9347,-12.5909,-11.6065,8,a,No,No
order_forced,data/videos_v3/int_7000ms/v3_7000_01042.avi,7000,0,1,0.5,-0.5199,-1.0199,-3.7543,-6.098,8,a,A,A
interval,data/videos_v3/int_7000ms/v3_7000_01042.avi,7000,D,B,,-1.6035,-1.291,-1.3066,-1.5566,8,a,B,B
order_real,data/videos_v3/int_7000ms/v3_7000_01043.avi,7000,0,0,-0.9946,-9.7091,-11.7325,-12.6153,-11.7559,8,b,No,No
order_rev,data/videos_v3/int_7000ms/v3_7000_01043.avi,7000,0,0,-1.0335,-9.4369,-11.8431,-12.6634,-11.8197,8,b,No,No
order_forced,data/videos_v3/int_7000ms/v3_7000_01043.avi,7000,0,1,0.6719,-0.4626,-1.1345,-3.7595,-6.0563,8,b,A,A
interval,data/videos_v3/int_7000ms/v3_7000_01043.avi,7000,D,B,,-1.6983,-1.1983,-1.2764,-1.5577,8,b,B,B
order_real,data/videos_v3/int_7000ms/v3_7000_01044.avi,7000,0,0,-0.4916,-9.3409,-11.6613,-12.2159,-11.5284,8,a,No,No
order_rev,data/videos_v3/int_7000ms/v3_7000_01044.avi,7000,0,0,-0.7835,-9.2567,-11.8192,-12.1395,-11.6004,8,a,No,No
order_forced,data/videos_v3/int_7000ms/v3_7000_01044.avi,7000,0,1,0.5157,-0.5072,-1.0229,-3.4916,-5.9135,8,a,A,A
interval,data/videos_v3/int_7000ms/v3_7000_01044.avi,7000,D,B,,-1.6012,-1.2731,-1.3512,-1.5075,8,a,B,B
order_real,data/videos_v3/int_7000ms/v3_7000_01045.avi,7000,0,0,-0.7316,-9.2273,-11.6336,-11.9226,-11.3601,8,b,No,No
order_rev,data/videos_v3/int_7000ms/v3_7000_01045.avi,7000,0,0,-0.936,-9.1109,-11.7906,-12.1578,-11.2906,8,b,No,No
order_forced,data/videos_v3/int_7000ms/v3_7000_01045.avi,7000,0,1,0.4063,-0.5659,-0.9722,-3.3159,-5.3941,8,b,A,A
interval,data/videos_v3/int_7000ms/v3_7000_01045.avi,7000,D,B,,-1.6915,-1.2228,-1.3634,-1.4415,8,b,B,B
order_real,data/videos_v3/int_7000ms/v3_7000_01046.avi,7000,1,0,-0.5878,-9.3111,-11.4751,-12.4517,-11.4986,8,a,No,No
order_rev,data/videos_v3/int_7000ms/v3_7000_01046.avi,7000,1,0,-0.6259,-9.3449,-11.8137,-12.6887,-11.5637,8,a,No,No
order_forced,data/videos_v3/int_7000ms/v3_7000_01046.avi,7000,1,1,0.3282,-0.5724,-0.9006,-4.0412,-5.4006,8,a,A,A
interval,data/videos_v3/int_7000ms/v3_7000_01046.avi,7000,D,B,,-1.5646,-1.3146,-1.3303,-1.5178,8,a,B,B
order_real,data/videos_v3/int_7000ms/v3_7000_01047.avi,7000,1,0,-0.9781,-9.46,-11.8663,-12.4991,-11.6163,8,b,No,No
order_rev,data/videos_v3/int_7000ms/v3_7000_01047.avi,7000,1,0,-0.9454,-9.1106,-11.634,-12.2825,-11.4934,8,b,No,No
order_forced,data/videos_v3/int_7000ms/v3_7000_01047.avi,7000,1,1,0.3906,-0.5524,-0.943,-4.3493,-6.068,8,b,A,A
interval,data/videos_v3/int_7000ms/v3_7000_01047.avi,7000,D,B,,-1.5328,-1.2828,-1.3453,-1.5172,8,b,B,B
order_real,data/videos_v3/int_7000ms/v3_7000_01048.avi,7000,0,0,-0.9871,-9.352,-11.8754,-12.227,-11.7035,8,b,No,No.
order_rev,data/videos_v3/int_7000ms/v3_7000_01048.avi,7000,0,0,-1.2219,-9.3091,-12.0825,-12.4263,-11.8013,8,b,No,No
order_forced,data/videos_v3/int_7000ms/v3_7000_01048.avi,7000,0,1,0.2656,-0.6158,-0.8814,-3.6626,-6.4126,8,b,A,A
interval,data/videos_v3/int_7000ms/v3_7000_01048.avi,7000,D,B,,-1.5875,-1.2594,-1.4,-1.4937,8,b,B,B
order_real,data/videos_v3/int_7000ms/v3_7000_01049.avi,7000,1,0,-1.0276,-9.297,-11.7345,-11.8985,-11.6251,8,a,No,No
order_rev,data/videos_v3/int_7000ms/v3_7000_01049.avi,7000,1,0,-1.0632,-9.2175,-11.9909,-12.2097,-11.569,8,a,No,No
order_forced,data/videos_v3/int_7000ms/v3_7000_01049.avi,7000,1,1,0.5,-0.5469,-1.0469,-3.2188,-6.3438,8,a,A,A
interval,data/videos_v3/int_7000ms/v3_7000_01049.avi,7000,D,B,,-1.59,-1.2931,-1.3712,-1.465,8,a,B,B
order_real,data/videos_v3/int_7000ms/v3_7000_01050.avi,7000,1,0,-1.1481,-9.4907,-11.4985,-12.5922,-11.4985,8,a,No,No
order_rev,data/videos_v3/int_7000ms/v3_7000_01050.avi,7000,1,0,-1.0848,-9.5326,-12.2044,-12.9935,-11.8841,8,a,No,No
order_forced,data/videos_v3/int_7000ms/v3_7000_01050.avi,7000,1,1,0.3125,-0.5825,-0.895,-4.145,-6.4888,8,a,A,A
interval,data/videos_v3/int_7000ms/v3_7000_01050.avi,7000,D,B,,-1.6831,-1.1519,-1.4175,-1.5113,8,a,B,B
order_real,data/videos_v3/int_7000ms/v3_7000_01051.avi,7000,0,0,-1.0668,-9.331,-11.831,-12.0966,-11.5888,8,a,No,No
order_rev,data/videos_v3/int_7000ms/v3_7000_01051.avi,7000,0,0,-0.9253,-9.1647,-11.8756,-12.2428,-11.5787,8,a,No,No
order_forced,data/videos_v3/int_7000ms/v3_7000_01051.avi,7000,0,1,0.3438,-0.592,-0.9358,-3.2795,-5.7639,8,a,A,A
interval,data/videos_v3/int_7000ms/v3_7000_01051.avi,7000,D,B,,-1.6866,-1.2647,-1.3272,-1.4678,8,a,B,B
order_real,data/videos_v3/int_7000ms/v3_7000_01052.avi,7000,1,0,-1.1122,-9.3991,-11.9694,-12.2976,-11.7038,8,b,No,No
order_rev,data/videos_v3/int_7000ms/v3_7000_01052.avi,7000,1,0,-1.1988,-9.3802,-12.1692,-12.3958,-11.763,8,b,No,No
order_forced,data/videos_v3/int_7000ms/v3_7000_01052.avi,7000,1,1,0.4219,-0.5462,-0.9681,-3.6087,-6.1243,8,b,A,A
interval,data/videos_v3/int_7000ms/v3_7000_01052.avi,7000,D,B,,-1.5109,-1.2922,-1.3859,-1.5578,8,b,B,B
order_real,data/videos_v3/int_7000ms/v3_7000_01053.avi,7000,0,0,-0.706,-9.2548,-11.4501,-12.4344,-11.4657,8,b,No,No
order_rev,data/videos_v3/int_7000ms/v3_7000_01053.avi,7000,0,0,-1.0139,-9.1787,-11.7724,-12.5537,-11.4834,8,b,No,No
order_forced,data/videos_v3/int_7000ms/v3_7000_01053.avi,7000,0,1,0.375,-0.5807,-0.9557,-3.8932,-5.6901,8,b,A,A
interval,data/videos_v3/int_7000ms/v3_7000_01053.avi,7000,D,B,,-1.599,-1.2397,-1.3178,-1.5209,8,b,B,B
order_real,data/videos_v3/int_7000ms/v3_7000_01054.avi,7000,1,0,-0.5906,-9.2105,-11.562,-11.898,-11.4527,8,b,No,No
order_rev,data/videos_v3/int_7000ms/v3_7000_01054.avi,7000,1,0,-1.2312,-9.2917,-12.0964,-12.3073,-11.6432,8,b,No,No
order_forced,data/videos_v3/int_7000ms/v3_7000_01054.avi,7000,1,1,0.3906,-0.5697,-0.9603,-3.2415,-5.8822,8,b,A,A
interval,data/videos_v3/int_7000ms/v3_7000_01054.avi,7000,D,B,,-1.5585,-1.246,-1.4023,-1.5585,8,b,B,B
order_real,data/videos_v3/int_7000ms/v3_7000_01055.avi,7000,0,0,-0.7183,-9.4508,-11.6305,-12.4273,-11.5836,8,b,No,No
order_rev,data/videos_v3/int_7000ms/v3_7000_01055.avi,7000,0,0,-0.7894,-9.2836,-11.8383,-12.4711,-11.5727,8,b,No,No
order_forced,data/videos_v3/int_7000ms/v3_7000_01055.avi,7000,0,1,0.5156,-0.4973,-1.0129,-4.0129,-5.5285,8,b,A,A
interval,data/videos_v3/int_7000ms/v3_7000_01055.avi,7000,D,B,,-1.7061,-1.1904,-1.3623,-1.5186,8,b,B,B
order_real,data/videos_v3/int_7000ms/v3_7000_01056.avi,7000,1,0,-0.6327,-9.4886,-11.4808,-12.4261,-11.7698,8,a,No,No
order_rev,data/videos_v3/int_7000ms/v3_7000_01056.avi,7000,1,0,-0.8024,-9.3636,-11.6448,-12.598,-11.762,8,a,No,No
order_forced,data/videos_v3/int_7000ms/v3_7000_01056.avi,7000,1,1,0.5781,-0.5059,-1.084,-3.7247,-6.2715,8,a,A,A
interval,data/videos_v3/int_7000ms/v3_7000_01056.avi,7000,D,B,,-1.7826,-1.1264,-1.3139,-1.5326,8,a,B,B
order_real,data/videos_v3/int_7000ms/v3_7000_01057.avi,7000,1,0,-0.487,-9.2308,-11.4808,-11.934,-11.4887,8,b,No,No
order_rev,data/videos_v3/int_7000ms/v3_7000_01057.avi,7000,1,0,-0.6782,-9.1007,-11.5694,-12.1944,-11.4601,8,b,No,No
order_forced,data/videos_v3/int_7000ms/v3_7000_01057.avi,7000,1,1,0.6875,-0.4727,-1.1602,-3.379,-6.1602,8,b,A,A
interval,data/videos_v3/int_7000ms/v3_7000_01057.avi,7000,D,B,,-1.5279,-1.3092,-1.3248,-1.481,8,b,B,B
order_real,data/videos_v3/int_7000ms/v3_7000_01058.avi,7000,0,0,-1.4692,-9.4985,-11.8422,-12.3266,-11.6157,8,a,No,No
order_rev,data/videos_v3/int_7000ms/v3_7000_01058.avi,7000,0,0,-1.356,-9.5171,-12.1343,-12.6734,-11.7359,8,a,No,No
order_forced,data/videos_v3/int_7000ms/v3_7000_01058.avi,7000,0,1,0.5469,-0.5162,-1.0631,-3.2818,-5.985,8,a,A,A
interval,data/videos_v3/int_7000ms/v3_7000_01058.avi,7000,D,B,,-1.5889,-1.2139,-1.3701,-1.5576,8,a,B,B
order_real,data/videos_v3/int_7000ms/v3_7000_01059.avi,7000,1,0,-0.9468,-9.4214,-11.6792,-12.3667,-11.5229,8,b,No,No
order_rev,data/videos_v3/int_7000ms/v3_7000_01059.avi,7000,1,0,-1.1392,-9.381,-11.9826,-12.5529,-11.7013,8,b,No,No
order_forced,data/videos_v3/int_7000ms/v3_7000_01059.avi,7000,1,1,0.4218,-0.5468,-0.9686,-3.5468,-5.703,8,b,A,A
interval,data/videos_v3/int_7000ms/v3_7000_01059.avi,7000,D,B,,-1.7955,-1.1237,-1.3893,-1.5299,8,b,B,B
order_real,data/videos_v3/int_7000ms/v3_7000_01060.avi,7000,0,0,-1.0098,-9.5148,-11.8663,-12.5382,-11.7413,8,a,No,No
order_rev,data/videos_v3/int_7000ms/v3_7000_01060.avi,7000,0,0,-0.9859,-9.2664,-11.9305,-12.5086,-11.6961,8,a,No,No
order_forced,data/videos_v3/int_7000ms/v3_7000_01060.avi,7000,0,1,0.5,-0.5185,-1.0185,-4.0497,-5.8466,8,a,A,A
interval,data/videos_v3/int_7000ms/v3_7000_01060.avi,7000,D,B,,-1.6793,-1.2418,-1.3043,-1.5231,8,a,B,B
order_real,data/videos_v3/int_7000ms/v3_7000_01061.avi,7000,0,0,-0.6134,-9.4409,-11.558,-12.5659,-11.6518,8,a,No,No
order_rev,data/videos_v3/int_7000ms/v3_7000_01061.avi,7000,0,0,-0.5638,-9.2036,-11.6568,-12.6177,-11.5474,8,a,No,No
order_forced,data/videos_v3/int_7000ms/v3_7000_01061.avi,7000,0,1,0.375,-0.5873,-0.9623,-3.8841,-5.9466,8,a,A,A
interval,data/videos_v3/int_7000ms/v3_7000_01061.avi,7000,D,B,,-1.6041,-1.2604,-1.3229,-1.4947,8,a,B,B
order_real,data/videos_v3/int_7000ms/v3_7000_01062.avi,7000,0,0,-1.4528,-9.7546,-11.7937,-12.9187,-11.7156,8,a,No,No
order_rev,data/videos_v3/int_7000ms/v3_7000_01062.avi,7000,0,0,-1.6948,-9.9054,-12.5148,-13.3039,-12.132,8,a,No,No
order_forced,data/videos_v3/int_7000ms/v3_7000_01062.avi,7000,0,1,0.2969,-0.5866,-0.8835,-4.3054,-6.0398,8,a,A,A
interval,data/videos_v3/int_7000ms/v3_7000_01062.avi,7000,D,B,,-1.6388,-1.1075,-1.4044,-1.6388,8,a,B,B
order_real,data/videos_v3/int_7000ms/v3_7000_01063.avi,7000,0,0,-1.4012,-9.7438,-11.9,-12.8688,-11.7359,8,a,No,No
order_rev,data/videos_v3/int_7000ms/v3_7000_01063.avi,7000,0,0,-1.2136,-9.5146,-12.0146,-12.9208,-11.7411,8,a,No,No
order_forced,data/videos_v3/int_7000ms/v3_7000_01063.avi,7000,0,1,0.6875,-0.4525,-1.14,-3.9525,-6.1869,8,a,A,A
interval,data/videos_v3/int_7000ms/v3_7000_01063.avi,7000,D,B,,-1.7818,-1.1412,-1.3287,-1.5318,8,a,B,B
order_real,data/videos_v3/int_7000ms/v3_7000_01064.avi,7000,0,0,-0.5567,-9.1729,-11.5635,-11.9776,-11.5713,8,a,No,No.
order_rev,data/videos_v3/int_7000ms/v3_7000_01064.avi,7000,0,0,-0.7209,-9.0204,-11.4969,-12.3329,-11.4891,8,a,No,No
order_forced,data/videos_v3/int_7000ms/v3_7000_01064.avi,7000,0,1,0.4687,-0.5413,-1.01,-3.7444,-6.0257,8,a,A,A
interval,data/videos_v3/int_7000ms/v3_7000_01064.avi,7000,D,B,,-1.6397,-1.2022,-1.3897,-1.4834,8,a,B,B
order_real,data/videos_v3/int_7000ms/v3_7000_01065.avi,7000,0,0,-0.7548,-9.6191,-11.7129,-12.5098,-11.7676,8,a,No,No
order_rev,data/videos_v3/int_7000ms/v3_7000_01065.avi,7000,0,0,-0.9065,-9.5215,-11.9199,-12.7402,-11.9355,8,a,No,No
order_forced,data/videos_v3/int_7000ms/v3_7000_01065.avi,7000,0,1,0.375,-0.5657,-0.9407,-3.7063,-5.7532,8,a,A,A
interval,data/videos_v3/int_7000ms/v3_7000_01065.avi,7000,D,B,,-1.7031,-1.2812,-1.2968,-1.4375,8,a,B,B
order_real,data/videos_v3/int_7000ms/v3_7000_01066.avi,7000,1,0,-0.5648,-9.547,-11.7423,-12.2579,-11.6954,8,a,No,No
order_rev,data/videos_v3/int_7000ms/v3_7000_01066.avi,7000,1,0,-0.8239,-9.7607,-12.1982,-12.7763,-11.9638,8,a,No,No
order_forced,data/videos_v3/int_7000ms/v3_7000_01066.avi,7000,1,1,0.7188,-0.4455,-1.1643,-3.3987,-5.9455,8,a,A,A
interval,data/videos_v3/int_7000ms/v3_7000_01066.avi,7000,D,B,,-1.6319,-1.2413,-1.2569,-1.5538,8,a,B,B
order_real,data/videos_v3/int_7000ms/v3_7000_01067.avi,7000,1,0,-0.4679,-9.2632,-11.4976,-12.1304,-11.5366,8,a,No,No
order_rev,data/videos_v3/int_7000ms/v3_7000_01067.avi,7000,1,0,-0.76,-9.1538,-11.7632,-11.9976,-11.6382,8,a,No,No
order_forced,data/videos_v3/int_7000ms/v3_7000_01067.avi,7000,1,1,0.3282,-0.5896,-0.9178,-3.6209,-5.7771,8,a,A,A
interval,data/videos_v3/int_7000ms/v3_7000_01067.avi,7000,D,B,,-1.6524,-1.2149,-1.3399,-1.5431,8,a,B,B
order_real,data/videos_v3/int_7000ms/v3_7000_01068.avi,7000,0,0,-0.5585,-9.177,-11.4427,-11.9427,-11.4973,8,b,No,No
order_rev,data/videos_v3/int_7000ms/v3_7000_01068.avi,7000,0,0,-0.3493,-9.2263,-11.6325,-12.445,-11.6325,8,b,No,No
order_forced,data/videos_v3/int_7000ms/v3_7000_01068.avi,7000,0,1,0.3281,-0.6033,-0.9314,-3.2752,-5.8846,8,b,A,A
interval,data/videos_v3/int_7000ms/v3_7000_01068.avi,7000,D,C,,-1.6868,-1.3274,-1.2962,-1.3899,8,b,C,C
order_real,data/videos_v3/int_7000ms/v3_7000_01069.avi,7000,1,0,-0.517,-9.1984,-11.4953,-12.2375,-11.3156,8,a,No,No
order_rev,data/videos_v3/int_7000ms/v3_7000_01069.avi,7000,1,0,-0.8757,-9.0599,-11.8177,-12.4662,-11.4505,8,a,No,No
order_forced,data/videos_v3/int_7000ms/v3_7000_01069.avi,7000,1,1,0.5313,-0.508,-1.0393,-3.6486,-5.4924,8,a,A,A
interval,data/videos_v3/int_7000ms/v3_7000_01069.avi,7000,D,B,,-1.5341,-1.2841,-1.331,-1.5497,8,a,B,B
order_real,data/videos_v3/int_7000ms/v3_7000_01070.avi,7000,1,0,-0.966,-9.6092,-11.6873,-12.656,-11.6951,8,a,No,No
order_rev,data/videos_v3/int_7000ms/v3_7000_01070.avi,7000,1,0,-0.5506,-9.3343,-11.9124,-12.4905,-11.7327,8,a,No,No
order_forced,data/videos_v3/int_7000ms/v3_7000_01070.avi,7000,1,1,0.4062,-0.5587,-0.9649,-3.5743,-5.9806,8,a,A,A
interval,data/videos_v3/int_7000ms/v3_7000_01070.avi,7000,D,B,,-1.5949,-1.2511,-1.3605,-1.5792,8,a,B,B
order_real,data/videos_v3/int_7000ms/v3_7000_01071.avi,7000,1,0,-0.5327,-9.345,-11.5013,-12.4778,-11.6419,8,a,No,No
order_rev,data/videos_v3/int_7000ms/v3_7000_01071.avi,7000,1,0,-0.5848,-9.1661,-11.6348,-12.502,-11.5098,8,a,No,No
order_forced,data/videos_v3/int_7000ms/v3_7000_01071.avi,7000,1,1,0.3281,-0.61,-0.9381,-3.7662,-5.8756,8,a,A,A
interval,data/videos_v3/int_7000ms/v3_7000_01071.avi,7000,D,C,,-1.6916,-1.301,-1.2698,-1.4416,8,a,C,C
order_real,data/videos_v3/int_7000ms/v3_7000_01072.avi,7000,1,0,-1.0082,-9.3166,-11.7541,-12.4728,-11.465,8,a,No,No
order_rev,data/videos_v3/int_7000ms/v3_7000_01072.avi,7000,1,0,-0.9788,-9.063,-11.7192,-12.4614,-11.4692,8,a,No,No
order_forced,data/videos_v3/int_7000ms/v3_7000_01072.avi,7000,1,1,0.4219,-0.5387,-0.9606,-4.1793,-5.3043,8,a,A,A
interval,data/videos_v3/int_7000ms/v3_7000_01072.avi,7000,D,B,,-1.5957,-1.2832,-1.33,-1.6425,8,a,B,B
order_real,data/videos_v3/int_7000ms/v3_7000_01073.avi,7000,1,0,-0.9677,-9.5163,-11.6413,-12.5788,-11.6648,8,a,No,No
order_rev,data/videos_v3/int_7000ms/v3_7000_01073.avi,7000,1,0,-0.9403,-9.2316,-11.7472,-12.4503,-11.6535,8,a,No,No
order_forced,data/videos_v3/int_7000ms/v3_7000_01073.avi,7000,1,1,0.3906,-0.5589,-0.9495,-3.9652,-6.3402,8,a,A,A
interval,data/videos_v3/int_7000ms/v3_7000_01073.avi,7000,D,B,,-1.5936,-1.1873,-1.4686,-1.5311,8,a,B,B
order_real,data/videos_v3/int_7000ms/v3_7000_01074.avi,7000,0,0,-0.7908,-9.2531,-11.6906,-12.0891,-11.4641,8,b,No,No
order_rev,data/videos_v3/int_7000ms/v3_7000_01074.avi,7000,0,0,-0.773,-9.1667,-11.8229,-12.0964,-11.5729,8,b,No,No
order_forced,data/videos_v3/int_7000ms/v3_7000_01074.avi,7000,0,1,0.4531,-0.5426,-0.9957,-3.402,-5.5114,8,b,A,A
interval,data/videos_v3/int_7000ms/v3_7000_01074.avi,7000,D,B,,-1.6448,-1.2542,-1.3323,-1.5198,8,b,B,B
order_real,data/videos_v3/int_7000ms/v3_7000_01075.avi,7000,0,0,-0.955,-9.2743,-11.6336,-12.3836,-11.3602,8,a,No,No
order_rev,data/videos_v3/int_7000ms/v3_7000_01075.avi,7000,0,0,-0.6498,-9.0361,-11.6142,-12.2939,-11.4032,8,a,No,No
order_forced,data/videos_v3/int_7000ms/v3_7000_01075.avi,7000,0,1,0.4844,-0.5226,-1.007,-3.9601,-4.7882,8,a,A,A
interval,data/videos_v3/int_7000ms/v3_7000_01075.avi,7000,D,B,,-1.6595,-1.2533,-1.3158,-1.5501,8,a,B,B
order_real,data/videos_v3/int_7000ms/v3_7000_01076.avi,7000,0,0,-0.6599,-9.4301,-11.6801,-12.3989,-11.5551,8,a,No,No
order_rev,data/videos_v3/int_7000ms/v3_7000_01076.avi,7000,0,0,-0.9188,-9.3258,-11.9351,-12.5914,-11.7164,8,a,No,No
order_forced,data/videos_v3/int_7000ms/v3_7000_01076.avi,7000,0,1,0.625,-0.461,-1.086,-3.961,-5.461,8,a,A,A
interval,data/videos_v3/int_7000ms/v3_7000_01076.avi,7000,D,B,,-1.6266,-1.2204,-1.3766,-1.5016,8,a,B,B
order_real,data/videos_v3/int_7000ms/v3_7000_01077.avi,7000,1,0,-1.3587,-9.3113,-11.6316,-12.4519,-11.5691,8,b,No,No
order_rev,data/videos_v3/int_7000ms/v3_7000_01077.avi,7000,1,0,-1.043,-9.1965,-11.8059,-12.5793,-11.5793,8,b,No,No
order_forced,data/videos_v3/int_7000ms/v3_7000_01077.avi,7000,1,1,0.4688,-0.5246,-0.9934,-4.0246,-5.8527,8,b,A,A
interval,data/videos_v3/int_7000ms/v3_7000_01077.avi,7000,D,B,,-1.683,-1.2142,-1.3548,-1.5423,8,b,B,B
order_real,data/videos_v3/int_7000ms/v3_7000_01078.avi,7000,0,0,-0.8445,-9.3275,-11.6244,-12.1713,-11.5775,8,b,No,No
order_rev,data/videos_v3/int_7000ms/v3_7000_01078.avi,7000,0,0,-0.6902,-9.2199,-11.8215,-12.3293,-11.6731,8,b,No,No
order_forced,data/videos_v3/int_7000ms/v3_7000_01078.avi,7000,0,1,0.375,-0.5648,-0.9398,-3.7211,-6.8773,8,b,A,A
interval,data/videos_v3/int_7000ms/v3_7000_01078.avi,7000,D,B,,-1.6446,-1.1446,-1.4102,-1.5665,8,b,B,B
order_real,data/videos_v3/int_7000ms/v3_7000_01079.avi,7000,1,0,-1.3079,-9.5298,-11.6939,-12.108,-11.6314,8,a,No,No
order_rev,data/videos_v3/int_7000ms/v3_7000_01079.avi,7000,1,0,-1.5931,-9.665,-12.2744,-12.6416,-11.8759,8,a,No,No
order_forced,data/videos_v3/int_7000ms/v3_7000_01079.avi,7000,1,1,0.4532,-0.5711,-1.0243,-3.118,-6.0711,8,a,A,A
interval,data/videos_v3/int_7000ms/v3_7000_01079.avi,7000,D,B,,-1.5205,-1.2393,-1.3799,-1.5674,8,a,B,B
order_real,data/videos_v3/int_7000ms/v3_7000_01080.avi,7000,1,0,-1.0919,-9.6196,-11.7212,-12.4946,-11.7681,8,a,No,No
order_rev,data/videos_v3/int_7000ms/v3_7000_01080.avi,7000,1,0,-1.877,-10.1082,-12.7878,-13.3347,-12.4832,8,a,No,No
order_forced,data/videos_v3/int_7000ms/v3_7000_01080.avi,7000,1,1,0.3594,-0.5704,-0.9298,-3.5704,-6.0704,8,a,A,A
interval,data/videos_v3/int_7000ms/v3_7000_01080.avi,7000,D,B,,-1.6911,-1.0661,-1.4099,-1.6599,8,a,B,B
order_real,data/videos_v3/int_7000ms/v3_7000_01081.avi,7000,1,0,-0.8445,-9.2751,-11.5876,-12.236,-11.4938,8,a,No,No
order_rev,data/videos_v3/int_7000ms/v3_7000_01081.avi,7000,1,0,-0.6044,-9.2716,-11.7404,-12.5216,-11.4826,8,a,No,No
order_forced,data/videos_v3/int_7000ms/v3_7000_01081.avi,7000,1,1,0.5937,-0.4754,-1.0691,-3.8191,-5.5066,8,a,A,A
interval,data/videos_v3/int_7000ms/v3_7000_01081.avi,7000,D,B,,-1.7949,-1.1699,-1.3105,-1.5137,8,a,B,B
order_real,data/videos_v3/int_7000ms/v3_7000_01082.avi,7000,0,0,-1.0967,-9.1677,-11.4255,-12.0036,-11.363,8,b,No,No
order_rev,data/videos_v3/int_7000ms/v3_7000_01082.avi,7000,0,0,-0.3412,-8.9917,-11.4527,-12.2496,-11.3511,8,b,No,No
order_forced,data/videos_v3/int_7000ms/v3_7000_01082.avi,7000,0,1,0.5937,-0.4754,-1.0691,-3.9754,-5.741,8,b,A,A
interval,data/videos_v3/int_7000ms/v3_7000_01082.avi,7000,D,B,,-1.6202,-1.2764,-1.3546,-1.4796,8,b,B,B
order_real,data/videos_v3/int_7000ms/v3_7000_01083.avi,7000,1,0,-0.5451,-9.4516,-11.7407,-12.3891,-11.686,8,a,No,No
order_rev,data/videos_v3/int_7000ms/v3_7000_01083.avi,7000,1,0,-1.0204,-9.4698,-12.0792,-12.5948,-11.8214,8,a,No,No
order_forced,data/videos_v3/int_7000ms/v3_7000_01083.avi,7000,1,1,0.6407,-0.4665,-1.1072,-3.6697,-6.0134,8,a,A,A
interval,data/videos_v3/int_7000ms/v3_7000_01083.avi,7000,D,B,,-1.7836,-1.1586,-1.3461,-1.5336,8,a,B,B
order_real,data/videos_v3/int_7000ms/v3_7000_01084.avi,7000,1,0,-1.311,-9.3382,-11.9241,-12.6038,-11.5882,8,b,No,No
order_rev,data/videos_v3/int_7000ms/v3_7000_01084.avi,7000,1,0,-0.7878,-9.1587,-11.7759,-12.5571,-11.4399,8,b,No,No
order_forced,data/videos_v3/int_7000ms/v3_7000_01084.avi,7000,1,1,0.3907,-0.5455,-0.9362,-4.1393,-5.4362,8,b,A,A
interval,data/videos_v3/int_7000ms/v3_7000_01084.avi,7000,D,B,,-1.6932,-1.1932,-1.3338,-1.5994,8,b,B,B
order_real,data/videos_v3/int_7000ms/v3_7000_01085.avi,7000,0,0,-1.0797,-9.4492,-11.7383,-12.1289,-11.6836,8,a,No,No
order_rev,data/videos_v3/int_7000ms/v3_7000_01085.avi,7000,0,0,-1.5623,-9.606,-12.3404,-12.7701,-11.9185,8,a,No,No
order_forced,data/videos_v3/int_7000ms/v3_7000_01085.avi,7000,0,1,0.4687,-0.5619,-1.0306,-3.2181,-6.3744,8,a,A,A
interval,data/videos_v3/int_7000ms/v3_7000_01085.avi,7000,D,B,,-1.6775,-1.2088,-1.3963,-1.4275,8,a,B,B
order_real,data/videos_v3/int_7000ms/v3_7000_01086.avi,7000,0,0,-0.8251,-9.2485,-11.4203,-12.1,-11.3735,8,a,No,No
order_rev,data/videos_v3/int_7000ms/v3_7000_01086.avi,7000,0,0,-0.5892,-9.0901,-11.5354,-12.3245,-11.4182,8,a,No,No
order_forced,data/videos_v3/int_7000ms/v3_7000_01086.avi,7000,0,1,0.4844,-0.5139,-0.9983,-3.9201,-5.4983,8,a,A,A
interval,data/videos_v3/int_7000ms/v3_7000_01086.avi,7000,D,B,,-1.6687,-1.2624,-1.3093,-1.5437,8,a,B,B
order_real,data/videos_v3/int_7000ms/v3_7000_01087.avi,7000,0,0,-0.8263,-9.3021,-11.8256,-11.9193,-11.6771,8,a,No,No
order_rev,data/videos_v3/int_7000ms/v3_7000_01087.avi,7000,0,0,-0.9832,-9.2237,-12.0127,-12.3018,-11.6221,8,a,No,No
order_forced,data/videos_v3/int_7000ms/v3_7000_01087.avi,7000,0,1,0.3438,-0.5883,-0.9321,-3.4008,-6.2133,8,a,A,A
interval,data/videos_v3/int_7000ms/v3_7000_01087.avi,7000,D,B,,-1.5733,-1.2764,-1.3858,-1.5264,8,a,B,B
order_real,data/videos_v3/int_7000ms/v3_7000_01088.avi,7000,1,0,-0.6271,-9.401,-11.4948,-12.4401,-11.5963,8,b,No,No
order_rev,data/videos_v3/int_7000ms/v3_7000_01088.avi,7000,1,0,-0.402,-9.1498,-11.6264,-12.4702,-11.4702,8,b,No,No
order_forced,data/videos_v3/int_7000ms/v3_7000_01088.avi,7000,1,1,0.2969,-0.6127,-0.9096,-3.7065,-5.7065,8,b,A,A
interval,data/videos_v3/int_7000ms/v3_7000_01088.avi,7000,D,C,,-1.6389,-1.3108,-1.2639,-1.4514,8,b,C,C
order_real,data/videos_v3/int_7000ms/v3_7000_01089.avi,7000,0,0,-0.9038,-9.4883,-11.668,-12.5977,-11.5587,8,b,No,No
order_rev,data/videos_v3/int_7000ms/v3_7000_01089.avi,7000,0,0,-1.0879,-9.4625,-12.0406,-12.9078,-11.7359,8,b,No,No
order_forced,data/videos_v3/int_7000ms/v3_7000_01089.avi,7000,0,1,0.4219,-0.5453,-0.9672,-3.7953,-5.7172,8,b,A,A
interval,data/videos_v3/int_7000ms/v3_7000_01089.avi,7000,D,B,,-1.7456,-1.2143,-1.3393,-1.4487,8,b,B,B
order_real,data/videos_v3/int_7000ms/v3_7000_01090.avi,7000,1,0,-1.2656,-9.5432,-11.8791,-12.3401,-11.7385,8,a,No,No
order_rev,data/videos_v3/int_7000ms/v3_7000_01090.avi,7000,1,0,-1.3042,-9.7319,-12.4585,-12.9038,-12.0679,8,a,No,No
order_forced,data/videos_v3/int_7000ms/v3_7000_01090.avi,7000,1,1,0.4688,-0.5414,-1.0102,-3.2914,-6.432,8,a,A,A
interval,data/videos_v3/int_7000ms/v3_7000_01090.avi,7000,D,B,,-1.8137,-1.2512,-1.3137,-1.3918,8,a,B,B
order_real,data/videos_v3/int_7000ms/v3_7000_01091.avi,7000,1,0,-0.5193,-9.2766,-11.6438,-12.0579,-11.4719,8,a,No,No
order_rev,data/videos_v3/int_7000ms/v3_7000_01091.avi,7000,1,0,-1.1692,-9.274,-12.0162,-12.3756,-11.6724,8,a,No,No
order_forced,data/videos_v3/int_7000ms/v3_7000_01091.avi,7000,1,1,0.5313,-0.5104,-1.0417,-3.3073,-5.6354,8,a,A,A
interval,data/videos_v3/int_7000ms/v3_7000_01091.avi,7000,D,B,,-1.481,-1.3404,-1.3873,-1.5279,8,a,B,B
order_real,data/videos_v3/int_7000ms/v3_7000_01092.avi,7000,0,0,-0.7526,-9.2112,-11.3753,-11.9612,-11.5472,8,a,No,No
order_rev,data/videos_v3/int_7000ms/v3_7000_01092.avi,7000,0,0,-0.5288,-8.9247,-11.4169,-12.2372,-11.3857,8,a,No,No
order_forced,data/videos_v3/int_7000ms/v3_7000_01092.avi,7000,0,1,0.3594,-0.5824,-0.9418,-3.7855,-5.7387,8,a,A,A
interval,data/videos_v3/int_7000ms/v3_7000_01092.avi,7000,D,B,,-1.7239,-1.1926,-1.3645,-1.427,8,a,B,B
order_real,data/videos_v3/int_7000ms/v3_7000_01093.avi,7000,1,0,-0.8971,-9.3225,-11.7444,-12.2678,-11.5882,8,a,No,No
order_rev,data/videos_v3/int_7000ms/v3_7000_01093.avi,7000,1,0,-0.6081,-9.178,-11.803,-12.3421,-11.5139,8,a,No,No
order_forced,data/videos_v3/int_7000ms/v3_7000_01093.avi,7000,1,1,0.3907,-0.5631,-0.9538,-3.5006,-5.7663,8,a,A,A
interval,data/videos_v3/int_7000ms/v3_7000_01093.avi,7000,D,B,,-1.61,-1.235,-1.3443,-1.5631,8,a,B,B
order_real,data/videos_v3/int_7000ms/v3_7000_01094.avi,7000,0,0,-1.1075,-9.4595,-11.7642,-12.4752,-11.6627,8,a,No,No
order_rev,data/videos_v3/int_7000ms/v3_7000_01094.avi,7000,0,0,-1.0357,-9.1154,-11.5763,-12.1935,-11.4201,8,a,No,No
order_forced,data/videos_v3/int_7000ms/v3_7000_01094.avi,7000,0,1,0.3906,-0.5623,-0.9529,-3.8279,-5.5467,8,a,A,A
interval,data/videos_v3/int_7000ms/v3_7000_01094.avi,7000,D,B,,-1.4896,-1.2396,-1.3802,-1.6146,8,a,B,B
order_real,data/videos_v3/int_7000ms/v3_7000_01095.avi,7000,0,0,-0.7972,-9.3736,-11.6939,-12.358,-11.6158,8,b,No,No
order_rev,data/videos_v3/int_7000ms/v3_7000_01095.avi,7000,0,0,-0.659,-9.072,-11.8298,-12.2282,-11.6032,8,b,No,No
order_forced,data/videos_v3/int_7000ms/v3_7000_01095.avi,7000,0,1,0.3125,-0.582,-0.8945,-3.9101,-5.5976,8,b,A,A
interval,data/videos_v3/int_7000ms/v3_7000_01095.avi,7000,D,B,,-1.5822,-1.2541,-1.3322,-1.6134,8,b,B,B
order_real,data/videos_v3/int_7000ms/v3_7000_01096.avi,7000,1,0,-0.4861,-9.3464,-11.6589,-12.4714,-11.4792,8,b,No,No
order_rev,data/videos_v3/int_7000ms/v3_7000_01096.avi,7000,1,0,-0.3608,-9.1622,-11.7091,-12.4513,-11.3888,8,b,No,No
order_forced,data/videos_v3/int_7000ms/v3_7000_01096.avi,7000,1,1,0.5781,-0.4847,-1.0628,-3.9847,-5.6097,8,b,A,A
interval,data/videos_v3/int_7000ms/v3_7000_01096.avi,7000,D,B,,-1.5534,-1.2722,-1.3503,-1.4909,8,b,B,B
order_real,data/videos_v3/int_7000ms/v3_7000_01097.avi,7000,0,0,-0.8185,-9.2659,-11.8362,-12.0472,-11.6097,8,b,No,No
order_rev,data/videos_v3/int_7000ms/v3_7000_01097.avi,7000,0,0,-0.8841,-9.1429,-11.8617,-12.1039,-11.5883,8,b,No,No
order_forced,data/videos_v3/int_7000ms/v3_7000_01097.avi,7000,0,1,0.4688,-0.5329,-1.0017,-3.4548,-5.3767,8,b,A,A
interval,data/videos_v3/int_7000ms/v3_7000_01097.avi,7000,D,B,,-1.6131,-1.2225,-1.3788,-1.535,8,b,B,B
order_real,data/videos_v3/int_7000ms/v3_7000_01098.avi,7000,0,0,-0.7835,-9.2768,-11.4331,-12.0972,-11.4409,8,a,No,No
order_rev,data/videos_v3/int_7000ms/v3_7000_01098.avi,7000,0,0,-1.0342,-9.1998,-11.8717,-12.4342,-11.567,8,a,No,No
order_forced,data/videos_v3/int_7000ms/v3_7000_01098.avi,7000,0,1,0.5781,-0.4764,-1.0545,-3.9764,-5.9451,8,a,A,A
interval,data/videos_v3/int_7000ms/v3_7000_01098.avi,7000,D,B,,-1.4623,-1.3217,-1.3686,-1.5717,8,a,B,B
order_real,data/videos_v3/int_7000ms/v3_7000_01099.avi,7000,1,0,-0.5596,-9.2352,-11.579,-12.3524,-11.4774,8,b,No,No
order_rev,data/videos_v3/int_7000ms/v3_7000_01099.avi,7000,1,0,-0.8606,-9.1097,-11.9066,-12.5237,-11.5941,8,b,No,No
order_forced,data/videos_v3/int_7000ms/v3_7000_01099.avi,7000,1,1,0.6875,-0.439,-1.1265,-4.1421,-5.5484,8,b,A,A
interval,data/videos_v3/int_7000ms/v3_7000_01099.avi,7000,D,B,,-1.5632,-1.3132,-1.3444,-1.5007,8,b,B,B
order_real,data/videos_v3/int_10000ms/v3_10000_01100.avi,10000,0,0,-1.0953,-9.4463,-11.6728,-12.5478,-11.5635,8,a,No,No
order_rev,data/videos_v3/int_10000ms/v3_10000_01100.avi,10000,0,0,-0.7118,-9.0943,-11.524,-12.4771,-11.3912,8,a,No,No
order_forced,data/videos_v3/int_10000ms/v3_10000_01100.avi,10000,0,1,0.3594,-0.5787,-0.9381,-4.0006,-5.7193,8,a,A,A
interval,data/videos_v3/int_10000ms/v3_10000_01100.avi,10000,D,B,,-1.7455,-1.2299,-1.2612,-1.4643,8,a,B,B
order_32f,data/videos_v3/int_10000ms/v3_10000_01100.avi,10000,0,0,-1.0107,-8.7512,-11.6184,-12.2512,-11.5168,32,a,No,No.
moved_real,data/videos_v3/int_10000ms/v3_10000_01100.avi,10000,1,0,-1.8624,-9.6894,-13.1503,-13.2519,-12.3144,8,a,No,No.
moved_twin,data/twin_v3/v3_10000_01100.avi,10000,0,0,-2.0764,-9.7442,-13.3145,-13.3301,-12.4082,8,a,No,No.
still_real,data/videos_v3/int_10000ms/v3_10000_01100.avi,10000,0,1,0.1649,-9.6664,-10.5102,-12.4321,-11.6352,8,a,Yes,"Yes, both shapes stayed still the whole"
still_twin,data/twin_v3/v3_10000_01100.avi,10000,1,1,0.048,-9.6161,-10.5145,-12.4286,-11.6395,8,a,Yes,"Yes, both shapes stayed still the whole"
order_twin,data/twin_v3/v3_10000_01100.avi,10000,-1,0,-1.2091,-9.476,-11.726,-12.5385,-11.6166,8,a,No,No
moved_solo_hit,data/videos_v3/int_10000ms/v3_10000_01100_soloa.avi,10000,1,0,-2.0764,-9.7442,-13.3145,-13.3301,-12.4082,8,a,No,No.
moved_solo_fa,data/videos_v3/int_10000ms/v3_10000_01100_solob.avi,10000,0,0,-1.8624,-9.6894,-13.1503,-13.2519,-12.3144,8,a,No,No.
order_real,data/videos_v3/int_10000ms/v3_10000_01101.avi,10000,1,0,-1.1409,-9.4194,-11.7709,-12.5365,-11.4819,8,a,No,No
order_rev,data/videos_v3/int_10000ms/v3_10000_01101.avi,10000,1,0,-1.2321,-9.1714,-11.6948,-12.562,-11.3355,8,a,No,No
order_forced,data/videos_v3/int_10000ms/v3_10000_01101.avi,10000,1,1,0.2813,-0.5973,-0.8786,-4.2067,-5.8629,8,a,A,A
interval,data/videos_v3/int_10000ms/v3_10000_01101.avi,10000,D,B,,-1.7228,-1.2072,-1.3634,-1.504,8,a,B,B
order_32f,data/videos_v3/int_10000ms/v3_10000_01101.avi,10000,1,0,-0.8605,-8.9519,-11.9597,-12.5144,-11.7722,32,a,No,No.
moved_real,data/videos_v3/int_10000ms/v3_10000_01101.avi,10000,1,0,-2.2758,-9.9611,-13.4064,-13.5939,-12.5861,8,a,No,No.
moved_twin,data/twin_v3/v3_10000_01101.avi,10000,0,0,-1.8007,-9.7115,-13.11,-13.4147,-12.4147,8,a,No,No.
still_real,data/videos_v3/int_10000ms/v3_10000_01101.avi,10000,0,1,0.4665,-9.7222,-10.3706,-12.6206,-11.6909,8,a,Yes,"Yes, both shapes stayed still the whole"
still_twin,data/twin_v3/v3_10000_01101.avi,10000,1,1,0.6667,-9.7564,-10.3657,-12.6704,-11.8501,8,a,Yes,"Yes, both shapes stayed still the whole"
order_twin,data/twin_v3/v3_10000_01101.avi,10000,-1,0,-0.8397,-9.3597,-11.766,-12.516,-11.5082,8,a,No,No
moved_solo_hit,data/videos_v3/int_10000ms/v3_10000_01101_soloa.avi,10000,1,0,-2.2758,-9.9611,-13.4064,-13.5939,-12.5861,8,a,No,No.
moved_solo_fa,data/videos_v3/int_10000ms/v3_10000_01101_solob.avi,10000,0,0,-1.8007,-9.7115,-13.11,-13.4147,-12.4147,8,a,No,No.
order_real,data/videos_v3/int_10000ms/v3_10000_01102.avi,10000,1,0,-0.751,-9.5595,-11.747,-12.6142,-11.7392,8,b,No,No
order_rev,data/videos_v3/int_10000ms/v3_10000_01102.avi,10000,1,0,-0.7074,-9.3561,-11.8717,-12.6061,-11.8171,8,b,No,No
order_forced,data/videos_v3/int_10000ms/v3_10000_01102.avi,10000,1,1,0.4531,-0.5447,-0.9978,-3.7166,-5.9509,8,b,A,A
interval,data/videos_v3/int_10000ms/v3_10000_01102.avi,10000,D,B,,-1.6606,-1.2231,-1.3013,-1.5044,8,b,B,B
order_32f,data/videos_v3/int_10000ms/v3_10000_01102.avi,10000,1,0,-0.7911,-9.0474,-11.7974,-12.5708,-11.8599,32,b,No,No.
moved_real,data/videos_v3/int_10000ms/v3_10000_01102.avi,10000,1,0,-2.0063,-10.0587,-13.2618,-13.629,-12.7149,8,b,No,No.
moved_twin,data/twin_v3/v3_10000_01102.avi,10000,0,0,-2.3813,-10.3928,-13.6193,-13.9553,-13.0022,8,b,No,No.
still_real,data/videos_v3/int_10000ms/v3_10000_01102.avi,10000,0,1,0.1828,-9.6851,-10.4038,-12.7085,-11.7788,8,b,Yes,"Yes, both shapes stayed still the entire"
still_twin,data/twin_v3/v3_10000_01102.avi,10000,1,1,0.266,-9.7335,-10.4991,-12.7335,-11.8194,8,b,Yes,"Yes, both shapes stayed still the entire"
order_twin,data/twin_v3/v3_10000_01102.avi,10000,-1,0,-0.9031,-9.6024,-11.8133,-12.6727,-11.8055,8,b,No,No
moved_solo_hit,data/videos_v3/int_10000ms/v3_10000_01102_solob.avi,10000,1,0,-1.9914,-10.0479,-13.2276,-13.6104,-12.7041,8,b,No,No.
moved_solo_fa,data/videos_v3/int_10000ms/v3_10000_01102_soloa.avi,10000,0,0,-2.3611,-10.3577,-13.5999,-13.9358,-12.9905,8,b,No,No.
order_real,data/videos_v3/int_10000ms/v3_10000_01103.avi,10000,0,0,-1.0634,-9.4761,-11.687,-12.6948,-11.562,8,b,No,No
order_rev,data/videos_v3/int_10000ms/v3_10000_01103.avi,10000,0,0,-0.9716,-9.3554,-12.0194,-12.8241,-11.7616,8,b,No,No
order_forced,data/videos_v3/int_10000ms/v3_10000_01103.avi,10000,0,1,0.5782,-0.474,-1.0522,-3.9428,-5.5053,8,b,A,A
interval,data/videos_v3/int_10000ms/v3_10000_01103.avi,10000,D,B,,-1.7074,-1.1761,-1.3324,-1.5355,8,b,B,B
order_32f,data/videos_v3/int_10000ms/v3_10000_01103.avi,10000,0,0,-0.9993,-9.2069,-11.9647,-12.8631,-11.8084,32,b,No,No.
moved_real,data/videos_v3/int_10000ms/v3_10000_01103.avi,10000,1,0,-2.3067,-10.3571,-13.5524,-14.068,-12.9508,8,b,No,No.
moved_twin,data/twin_v3/v3_10000_01103.avi,10000,0,0,-2.1979,-10.1412,-13.3443,-13.8365,-12.7271,8,b,No,No.
still_real,data/videos_v3/int_10000ms/v3_10000_01103.avi,10000,0,1,-0.0202,-9.8881,-11.06,-12.9506,-12.0053,8,b,Yes,"Yes, both shapes stayed still the whole"
still_twin,data/twin_v3/v3_10000_01103.avi,10000,1,0,-0.1945,-9.7589,-10.9933,-12.8292,-11.9151,8,b,No,"No, in the video, one of"
order_twin,data/twin_v3/v3_10000_01103.avi,10000,-1,0,-0.9267,-9.3933,-11.573,-12.5652,-11.4558,8,b,No,No
moved_solo_hit,data/videos_v3/int_10000ms/v3_10000_01103_solob.avi,10000,1,0,-2.1979,-10.1412,-13.3443,-13.8365,-12.7271,8,b,No,No.
moved_solo_fa,data/videos_v3/int_10000ms/v3_10000_01103_soloa.avi,10000,0,0,-2.3067,-10.3571,-13.5524,-14.068,-12.9508,8,b,No,No.
order_real,data/videos_v3/int_10000ms/v3_10000_01104.avi,10000,1,0,-1.15,-9.4006,-11.674,-12.4787,-11.6194,8,a,No,No
order_rev,data/videos_v3/int_10000ms/v3_10000_01104.avi,10000,1,0,-1.0005,-9.2296,-11.8311,-12.5264,-11.4952,8,a,No,No
order_forced,data/videos_v3/int_10000ms/v3_10000_01104.avi,10000,1,1,0.4218,-0.5604,-0.9822,-4.0291,-5.9822,8,a,A,A
interval,data/videos_v3/int_10000ms/v3_10000_01104.avi,10000,D,B,,-1.6462,-1.2087,-1.2712,-1.5524,8,a,B,B
order_32f,data/videos_v3/int_10000ms/v3_10000_01104.avi,10000,1,0,-1.065,-8.829,-11.7353,-12.3212,-11.579,32,a,No,No.
moved_real,data/videos_v3/int_10000ms/v3_10000_01104.avi,10000,1,0,-1.8506,-9.6304,-13.1148,-13.0679,-12.232,8,a,No,No.
moved_twin,data/twin_v3/v3_10000_01104.avi,10000,0,0,-2.044,-9.8936,-13.3936,-13.3702,-12.4718,8,a,No,No.
still_real,data/videos_v3/int_10000ms/v3_10000_01104.avi,10000,0,1,0.1029,-9.5563,-10.5095,-12.3845,-11.6579,8,a,Yes,"Yes, both shapes, the green triangle"
still_twin,data/twin_v3/v3_10000_01104.avi,10000,1,1,0.1488,-9.6739,-10.6817,-12.502,-11.7755,8,a,Yes,"Yes, both shapes stayed still the entire"
order_twin,data/twin_v3/v3_10000_01104.avi,10000,-1,0,-1.2158,-9.4429,-11.7163,-12.5523,-11.6617,8,a,No,No
moved_solo_hit,data/videos_v3/int_10000ms/v3_10000_01104_soloa.avi,10000,1,0,-1.8506,-9.6304,-13.1148,-13.0679,-12.232,8,a,No,No.
moved_solo_fa,data/videos_v3/int_10000ms/v3_10000_01104_solob.avi,10000,0,0,-2.044,-9.8936,-13.3936,-13.3702,-12.4718,8,a,No,No.
order_real,data/videos_v3/int_10000ms/v3_10000_01105.avi,10000,0,0,-0.7337,-9.348,-11.5511,-12.4964,-11.598,8,b,No,No
order_rev,data/videos_v3/int_10000ms/v3_10000_01105.avi,10000,0,0,-0.8484,-9.1114,-11.5333,-12.5411,-11.4864,8,b,No,No
order_forced,data/videos_v3/int_10000ms/v3_10000_01105.avi,10000,0,1,0.4062,-0.5598,-0.966,-3.841,-5.8098,8,b,A,A
interval,data/videos_v3/int_10000ms/v3_10000_01105.avi,10000,D,B,,-1.7038,-1.2194,-1.3132,-1.5007,8,b,B,B
order_32f,data/videos_v3/int_10000ms/v3_10000_01105.avi,10000,0,0,-0.7818,-8.9595,-11.8033,-12.4595,-11.858,32,b,No,No.
moved_real,data/videos_v3/int_10000ms/v3_10000_01105.avi,10000,1,0,-1.5665,-9.4946,-12.854,-13.018,-12.1118,8,b,No,No.
moved_twin,data/twin_v3/v3_10000_01105.avi,10000,0,0,-1.812,-9.6019,-13.0863,-13.055,-12.3206,8,b,No,No.
still_real,data/videos_v3/int_10000ms/v3_10000_01105.avi,10000,0,1,0.3314,-9.684,-10.434,-12.4418,-11.6215,8,b,Yes,"Yes, both shapes, the yellow triangle"
still_twin,data/twin_v3/v3_10000_01105.avi,10000,1,1,0.4051,-9.5463,-10.3431,-12.2885,-11.6322,8,b,Yes,"Yes, both shapes, the yellow triangle"
order_twin,data/twin_v3/v3_10000_01105.avi,10000,-1,0,-0.8925,-9.4049,-11.7174,-12.4362,-11.7096,8,b,No,No.
moved_solo_hit,data/videos_v3/int_10000ms/v3_10000_01105_solob.avi,10000,1,0,-1.8449,-9.6353,-13.1274,-13.104,-12.3618,8,b,No,No.
moved_solo_fa,data/videos_v3/int_10000ms/v3_10000_01105_soloa.avi,10000,0,0,-1.5522,-9.4906,-12.8422,-12.9906,-12.0922,8,b,No,No.
order_real,data/videos_v3/int_10000ms/v3_10000_01106.avi,10000,0,0,-1.0606,-9.4295,-11.8591,-12.4685,-11.6716,8,a,No,No
order_rev,data/videos_v3/int_10000ms/v3_10000_01106.avi,10000,0,0,-1.0254,-9.1398,-11.8273,-12.3586,-11.5695,8,a,No,No
order_forced,data/videos_v3/int_10000ms/v3_10000_01106.avi,10000,0,1,0.3907,-0.5625,-0.9532,-3.8594,-5.7344,8,a,A,A
interval,data/videos_v3/int_10000ms/v3_10000_01106.avi,10000,D,B,,-1.6032,-1.2751,-1.3376,-1.5094,8,a,B,B
order_32f,data/videos_v3/int_10000ms/v3_10000_01106.avi,10000,0,0,-0.7997,-8.9708,-12.0724,-12.3302,-11.9786,32,a,No,No.
moved_real,data/videos_v3/int_10000ms/v3_10000_01106.avi,10000,1,0,-2.0854,-9.9061,-13.3827,-13.492,-12.5467,8,a,No,No.
moved_twin,data/twin_v3/v3_10000_01106.avi,10000,0,0,-1.962,-9.7961,-13.3429,-13.3586,-12.4914,8,a,No,No.
still_real,data/videos_v3/int_10000ms/v3_10000_01106.avi,10000,0,1,0.3914,-9.5908,-10.458,-12.5127,-11.7315,8,a,Yes,"Yes, both shapes, the triangle and"
still_twin,data/twin_v3/v3_10000_01106.avi,10000,1,1,0.2415,-9.5672,-10.5907,-12.4422,-11.7235,8,a,Yes,"Yes, both shapes, the triangle and"
order_twin,data/twin_v3/v3_10000_01106.avi,10000,-1,0,-0.973,-9.3688,-11.8141,-12.3219,-11.6266,8,a,No,No
moved_solo_hit,data/videos_v3/int_10000ms/v3_10000_01106_soloa.avi,10000,1,0,-2.0679,-9.8773,-13.4007,-13.4242,-12.5257,8,a,No,No.
moved_solo_fa,data/videos_v3/int_10000ms/v3_10000_01106_solob.avi,10000,0,0,-2.0963,-9.9169,-13.4404,-13.5185,-12.6044,8,a,No,No.
order_real,data/videos_v3/int_10000ms/v3_10000_01107.avi,10000,1,0,-0.8077,-9.5208,-11.6458,-12.5051,-11.5989,8,a,No,No
order_rev,data/videos_v3/int_10000ms/v3_10000_01107.avi,10000,1,0,-0.8382,-9.4785,-11.7285,-12.6816,-11.8535,8,a,No,No
order_forced,data/videos_v3/int_10000ms/v3_10000_01107.avi,10000,1,1,0.5469,-0.5044,-1.0513,-3.8794,-5.9107,8,a,A,A
interval,data/videos_v3/int_10000ms/v3_10000_01107.avi,10000,D,B,,-1.6306,-1.1306,-1.2868,-1.7399,8,a,B,B
order_32f,data/videos_v3/int_10000ms/v3_10000_01107.avi,10000,1,0,-0.5795,-9.2444,-11.7444,-12.5413,-11.9007,32,a,No,No.
moved_real,data/videos_v3/int_10000ms/v3_10000_01107.avi,10000,1,0,-1.9024,-10.0528,-13.1231,-13.4434,-12.6465,8,a,No,No.
moved_twin,data/twin_v3/v3_10000_01107.avi,10000,0,0,-2.1508,-10.1565,-13.3362,-13.5862,-12.7893,8,a,No,No.
still_real,data/videos_v3/int_10000ms/v3_10000_01107.avi,10000,0,1,0.698,-9.9251,-10.5345,-12.8313,-12.0345,8,a,Yes,"Yes, both shapes stayed still the whole"
still_twin,data/twin_v3/v3_10000_01107.avi,10000,1,1,0.8781,-9.9311,-10.3764,-12.8295,-12.0795,8,a,Yes,"Yes, both shapes stayed still the whole"
order_twin,data/twin_v3/v3_10000_01107.avi,10000,-1,0,-0.8639,-9.5432,-11.7698,-12.551,-11.6682,8,a,No,No
moved_solo_hit,data/videos_v3/int_10000ms/v3_10000_01107_soloa.avi,10000,1,0,-1.9024,-10.0528,-13.1231,-13.4434,-12.6465,8,a,No,No.
moved_solo_fa,data/videos_v3/int_10000ms/v3_10000_01107_solob.avi,10000,0,0,-2.1508,-10.1565,-13.3362,-13.5862,-12.7893,8,a,No,No.
order_real,data/videos_v3/int_10000ms/v3_10000_01108.avi,10000,1,0,-0.914,-9.3716,-11.6529,-12.4107,-11.5982,8,a,No,No
order_rev,data/videos_v3/int_10000ms/v3_10000_01108.avi,10000,1,0,-0.7892,-9.2353,-11.7509,-12.5399,-11.5556,8,a,No,No
order_forced,data/videos_v3/int_10000ms/v3_10000_01108.avi,10000,1,1,0.5625,-0.4858,-1.0483,-3.8296,-5.5483,8,a,A,A
interval,data/videos_v3/int_10000ms/v3_10000_01108.avi,10000,D,B,,-1.7265,-1.2421,-1.3359,-1.4921,8,a,B,B
order_32f,data/videos_v3/int_10000ms/v3_10000_01108.avi,10000,1,0,-0.5795,-9.1004,-12.0379,-12.4988,-12.0301,32,a,No,No.
moved_real,data/videos_v3/int_10000ms/v3_10000_01108.avi,10000,1,0,-1.9052,-9.9901,-13.3105,-13.5214,-12.6855,8,a,No,No.
moved_twin,data/twin_v3/v3_10000_01108.avi,10000,0,0,-2.3861,-10.3783,-13.808,-13.8939,-13.0658,8,a,No,No.
still_real,data/videos_v3/int_10000ms/v3_10000_01108.avi,10000,0,1,-0.008,-9.8877,-10.8643,-12.958,-12.1455,8,a,Yes,"Yes, both shapes stayed still the whole"
still_twin,data/twin_v3/v3_10000_01108.avi,10000,1,1,0.3779,-9.8744,-10.8353,-12.8588,-12.015,8,a,Yes,"Yes, both shapes stayed still the whole"
order_twin,data/twin_v3/v3_10000_01108.avi,10000,-1,0,-1.0665,-9.532,-11.7898,-12.5086,-11.657,8,a,No,No
moved_solo_hit,data/videos_v3/int_10000ms/v3_10000_01108_soloa.avi,10000,1,0,-1.8874,-9.9679,-13.2804,-13.4835,-12.671,8,a,No,No.
moved_solo_fa,data/videos_v3/int_10000ms/v3_10000_01108_solob.avi,10000,0,0,-2.3866,-10.394,-13.8393,-13.9174,-13.0893,8,a,No,No.
order_real,data/videos_v3/int_10000ms/v3_10000_01109.avi,10000,0,0,-0.7283,-9.4765,-11.414,-12.3749,-11.6093,8,a,No,No
order_rev,data/videos_v3/int_10000ms/v3_10000_01109.avi,10000,0,0,-1.019,-9.4346,-11.8643,-12.669,-11.7784,8,a,No,No
order_forced,data/videos_v3/int_10000ms/v3_10000_01109.avi,10000,0,1,0.4687,-0.5212,-0.9899,-3.9899,-6.1149,8,a,A,A
interval,data/videos_v3/int_10000ms/v3_10000_01109.avi,10000,D,B,,-1.4672,-1.2016,-1.4047,-1.6704,8,a,B,B
order_32f,data/videos_v3/int_10000ms/v3_10000_01109.avi,10000,0,0,-0.6535,-9.2241,-11.6928,-12.5522,-11.9975,32,a,No,No.
moved_real,data/videos_v3/int_10000ms/v3_10000_01109.avi,10000,1,0,-1.8531,-10.0178,-12.8928,-13.2912,-12.5647,8,a,No,No.
moved_twin,data/twin_v3/v3_10000_01109.avi,10000,0,0,-2.0569,-10.23,-13.1753,-13.5347,-12.8159,8,a,No,No.
still_real,data/videos_v3/int_10000ms/v3_10000_01109.avi,10000,0,1,0.3119,-9.8356,-10.3824,-12.8278,-11.9528,8,a,Yes,"Yes, both shapes stayed still the whole"
still_twin,data/twin_v3/v3_10000_01109.avi,10000,1,1,0.4038,-9.9224,-10.4537,-12.9302,-12.0396,8,a,Yes,"Yes, both shapes stayed still the whole"
order_twin,data/twin_v3/v3_10000_01109.avi,10000,-1,0,-0.8813,-9.5385,-11.4995,-12.4292,-11.687,8,a,No,No
moved_solo_hit,data/videos_v3/int_10000ms/v3_10000_01109_soloa.avi,10000,1,0,-2.0331,-10.2188,-13.1406,-13.5078,-12.7735,8,a,No,No
moved_solo_fa,data/videos_v3/int_10000ms/v3_10000_01109_solob.avi,10000,0,0,-1.8101,-9.9789,-12.8774,-13.2836,-12.5649,8,a,No,No.
order_real,data/videos_v3/int_10000ms/v3_10000_01110.avi,10000,1,0,-1.0803,-9.4616,-11.8444,-12.4928,-11.5475,8,a,No,No
order_rev,data/videos_v3/int_10000ms/v3_10000_01110.avi,10000,1,0,-0.5324,-9.0489,-11.6817,-12.2285,-11.3926,8,a,No,No
order_forced,data/videos_v3/int_10000ms/v3_10000_01110.avi,10000,1,1,0.4375,-0.5437,-0.9812,-3.8874,-5.3249,8,a,A,A
interval,data/videos_v3/int_10000ms/v3_10000_01110.avi,10000,D,B,,-1.5175,-1.2675,-1.3612,-1.5643,8,a,B,B
order_32f,data/videos_v3/int_10000ms/v3_10000_01110.avi,10000,1,0,-0.7361,-8.9022,-11.9022,-12.2381,-11.8475,32,a,No,No.
moved_real,data/videos_v3/int_10000ms/v3_10000_01110.avi,10000,1,0,-1.6458,-9.6082,-13.1161,-13.1473,-12.1395,8,a,No,No.
moved_twin,data/twin_v3/v3_10000_01110.avi,10000,0,0,-1.4094,-9.5533,-12.9596,-13.0612,-12.1237,8,a,No,No.
still_real,data/videos_v3/int_10000ms/v3_10000_01110.avi,10000,0,1,0.4835,-9.7079,-10.5751,-12.5829,-11.5517,8,a,Yes,"Yes, both shapes, the circle and"
still_twin,data/twin_v3/v3_10000_01110.avi,10000,1,1,0.0236,-9.632,-10.9836,-12.6555,-11.5305,8,a,Yes,"Yes, both shapes, the circle and"
order_twin,data/twin_v3/v3_10000_01110.avi,10000,-1,0,-1.1489,-9.4572,-11.8244,-12.4651,-11.5588,8,a,No,No
moved_solo_hit,data/videos_v3/int_10000ms/v3_10000_01110_soloa.avi,10000,1,0,-1.6458,-9.6082,-13.1161,-13.1473,-12.1395,8,a,No,No.
moved_solo_fa,data/videos_v3/int_10000ms/v3_10000_01110_solob.avi,10000,0,0,-1.4094,-9.5533,-12.9596,-13.0612,-12.1237,8,a,No,No.
order_real,data/videos_v3/int_10000ms/v3_10000_01111.avi,10000,1,0,-0.5032,-9.1709,-11.3272,-12.1631,-11.2569,8,b,No,No
order_rev,data/videos_v3/int_10000ms/v3_10000_01111.avi,10000,1,0,-0.8048,-9.0066,-11.616,-12.366,-11.3504,8,b,No,No
order_forced,data/videos_v3/int_10000ms/v3_10000_01111.avi,10000,1,1,0.4219,-0.5306,-0.9525,-4.3275,-5.7337,8,b,A,A
interval,data/videos_v3/int_10000ms/v3_10000_01111.avi,10000,D,B,,-1.6656,-1.2437,-1.3531,-1.4625,8,b,B,B
order_32f,data/videos_v3/int_10000ms/v3_10000_01111.avi,10000,1,0,-0.6901,-8.7842,-11.628,-12.3155,-11.6045,32,b,No,No.
moved_real,data/videos_v3/int_10000ms/v3_10000_01111.avi,10000,1,0,-1.6384,-9.6016,-12.9141,-13.1094,-12.1797,8,b,No,No.
moved_twin,data/twin_v3/v3_10000_01111.avi,10000,0,0,-1.4774,-9.6447,-12.9494,-13.1915,-12.2931,8,b,No,No.
still_real,data/videos_v3/int_10000ms/v3_10000_01111.avi,10000,0,1,0.4386,-9.6799,-10.258,-12.5549,-11.7424,8,b,Yes,"Yes, both shapes stayed still the entire"
still_twin,data/twin_v3/v3_10000_01111.avi,10000,1,1,0.4889,-9.7471,-10.3409,-12.6299,-11.8174,8,b,Yes,"Yes, both shapes stayed still the entire"
order_twin,data/twin_v3/v3_10000_01111.avi,10000,-1,0,-0.4109,-9.2128,-11.4081,-12.244,-11.3534,8,b,No,No
moved_solo_hit,data/videos_v3/int_10000ms/v3_10000_01111_solob.avi,10000,1,0,-1.5353,-9.52,-12.8715,-13.059,-12.1606,8,b,No,No.
moved_solo_fa,data/videos_v3/int_10000ms/v3_10000_01111_soloa.avi,10000,0,0,-1.4774,-9.6284,-12.9487,-13.1831,-12.2768,8,b,No,No.
order_real,data/videos_v3/int_10000ms/v3_10000_01112.avi,10000,1,0,-0.8351,-9.3222,-11.5644,-12.0566,-11.541,8,b,No,No
order_rev,data/videos_v3/int_10000ms/v3_10000_01112.avi,10000,1,0,-0.5433,-9.2617,-11.8555,-12.418,-11.6211,8,b,No,No
order_forced,data/videos_v3/int_10000ms/v3_10000_01112.avi,10000,1,1,0.3437,-0.5881,-0.9318,-3.2443,-5.9631,8,b,A,A
interval,data/videos_v3/int_10000ms/v3_10000_01112.avi,10000,D,B,,-1.4848,-1.2816,-1.3598,-1.5785,8,b,B,B
order_32f,data/videos_v3/int_10000ms/v3_10000_01112.avi,10000,1,0,-0.4968,-9.0054,-11.646,-12.0914,-11.7867,32,b,No,No.
moved_real,data/videos_v3/int_10000ms/v3_10000_01112.avi,10000,1,0,-1.2531,-9.7479,-13.0526,-12.8416,-12.3963,8,b,No,No.
moved_twin,data/twin_v3/v3_10000_01112.avi,10000,0,0,-1.4069,-9.87,-13.2996,-13.0184,-12.5184,8,b,No,No.
still_real,data/videos_v3/int_10000ms/v3_10000_01112.avi,10000,0,1,0.3924,-9.7434,-10.3606,-12.6887,-11.8997,8,b,Yes,"Yes, both shapes stayed still the entire"
still_twin,data/twin_v3/v3_10000_01112.avi,10000,1,1,0.0342,-9.8223,-10.502,-12.6817,-11.8536,8,b,Yes,"Yes, both shapes stayed still the entire"
order_twin,data/twin_v3/v3_10000_01112.avi,10000,-1,0,-0.8714,-9.369,-11.6815,-12.1034,-11.5409,8,b,No,No
moved_solo_hit,data/videos_v3/int_10000ms/v3_10000_01112_solob.avi,10000,1,0,-1.1576,-9.7136,-13.0339,-12.8073,-12.3776,8,b,No,No.
moved_solo_fa,data/videos_v3/int_10000ms/v3_10000_01112_soloa.avi,10000,0,0,-1.4243,-9.8917,-13.3136,-13.0558,-12.5402,8,b,No,No.
order_real,data/videos_v3/int_10000ms/v3_10000_01113.avi,10000,1,0,-1.6806,-9.7755,-11.9317,-12.8927,-11.838,8,a,No,No
order_rev,data/videos_v3/int_10000ms/v3_10000_01113.avi,10000,1,0,-1.5301,-9.6982,-12.2998,-13.1357,-12.0263,8,a,No,No
order_forced,data/videos_v3/int_10000ms/v3_10000_01113.avi,10000,1,1,0.3438,-0.5794,-0.9232,-4.0326,-6.4388,8,a,A,A
interval,data/videos_v3/int_10000ms/v3_10000_01113.avi,10000,D,B,,-1.8372,-1.1029,-1.3997,-1.4779,8,a,B,B
order_32f,data/videos_v3/int_10000ms/v3_10000_01113.avi,10000,1,0,-1.1669,-9.0299,-11.7408,-12.6549,-11.7565,32,a,No,No.
moved_real,data/videos_v3/int_10000ms/v3_10000_01113.avi,10000,1,0,-2.5044,-10.4892,-13.5907,-14.1845,-13.1376,8,a,No,No.
moved_twin,data/twin_v3/v3_10000_01113.avi,10000,0,0,-2.2142,-10.2265,-13.3437,-13.9062,-12.9297,8,a,No,No.
still_real,data/videos_v3/int_10000ms/v3_10000_01113.avi,10000,0,1,0.7267,-9.8709,-10.7225,-12.7928,-12.0663,8,a,Yes,"Yes, both shapes stayed still the whole"
still_twin,data/twin_v3/v3_10000_01113.avi,10000,1,1,0.4087,-9.7888,-10.7029,-12.781,-12.0779,8,a,Yes,"Yes, both shapes stayed still the whole"
order_twin,data/twin_v3/v3_10000_01113.avi,10000,-1,0,-1.4657,-9.5964,-11.7527,-12.7371,-11.7605,8,a,No,No
moved_solo_hit,data/videos_v3/int_10000ms/v3_10000_01113_soloa.avi,10000,1,0,-2.5171,-10.5078,-13.6328,-14.2187,-13.164,8,a,No,No.
moved_solo_fa,data/videos_v3/int_10000ms/v3_10000_01113_solob.avi,10000,0,0,-2.2508,-10.2441,-13.3535,-13.916,-12.9394,8,a,No,No.
order_real,data/videos_v3/int_10000ms/v3_10000_01114.avi,10000,0,0,-0.5756,-9.4275,-11.2322,-12.3182,-11.5447,8,a,No,No
order_rev,data/videos_v3/int_10000ms/v3_10000_01114.avi,10000,0,0,-0.7228,-9.511,-11.8626,-12.6438,-11.761,8,a,No,No
order_forced,data/videos_v3/int_10000ms/v3_10000_01114.avi,10000,0,1,0.3125,-0.5874,-0.8999,-3.6343,-5.8531,8,a,A,A
interval,data/videos_v3/int_10000ms/v3_10000_01114.avi,10000,D,B,,-1.5623,-1.2654,-1.3279,-1.531,8,a,B,B
order_32f,data/videos_v3/int_10000ms/v3_10000_01114.avi,10000,0,0,-0.5155,-9.0966,-11.5575,-12.5575,-11.9872,32,a,No,No.
moved_real,data/videos_v3/int_10000ms/v3_10000_01114.avi,10000,1,0,-1.8786,-10.0026,-12.9167,-13.3698,-12.5261,8,a,No,No.
moved_twin,data/twin_v3/v3_10000_01114.avi,10000,0,0,-1.9356,-10.0599,-12.9505,-13.4036,-12.5755,8,a,No,No.
still_real,data/videos_v3/int_10000ms/v3_10000_01114.avi,10000,0,1,0.1693,-9.8355,-10.6793,-12.7652,-11.9136,8,a,Yes,"Yes, both shapes stayed still the whole"
still_twin,data/twin_v3/v3_10000_01114.avi,10000,1,1,0.2024,-9.798,-10.6652,-12.7355,-11.8996,8,a,Yes,"Yes, both shapes stayed still the whole"
order_twin,data/twin_v3/v3_10000_01114.avi,10000,-1,0,-0.6133,-9.4442,-11.2332,-12.3348,-11.5457,8,a,No,No
moved_solo_hit,data/videos_v3/int_10000ms/v3_10000_01114_soloa.avi,10000,1,0,-1.9356,-10.0599,-12.9505,-13.4036,-12.5755,8,a,No,No.
moved_solo_fa,data/videos_v3/int_10000ms/v3_10000_01114_solob.avi,10000,0,0,-1.8786,-10.0026,-12.9167,-13.3698,-12.5261,8,a,No,No.
order_real,data/videos_v3/int_10000ms/v3_10000_01115.avi,10000,1,0,-1.2232,-9.4702,-11.6655,-12.564,-11.5718,8,b,No,No
order_rev,data/videos_v3/int_10000ms/v3_10000_01115.avi,10000,1,0,-1.1641,-9.3836,-12.0321,-12.743,-11.6727,8,b,No,No
order_forced,data/videos_v3/int_10000ms/v3_10000_01115.avi,10000,1,1,0.0625,-0.6965,-0.759,-4.0403,-5.8372,8,b,A,A
interval,data/videos_v3/int_10000ms/v3_10000_01115.avi,10000,D,B,,-1.5034,-1.2066,-1.4409,-1.7378,8,b,B,B
order_32f,data/videos_v3/int_10000ms/v3_10000_01115.avi,10000,1,0,-1.0413,-8.9712,-11.7291,-12.5025,-11.7759,32,b,No,No.
moved_real,data/videos_v3/int_10000ms/v3_10000_01115.avi,10000,1,0,-2.2697,-10.2232,-13.3638,-13.8404,-12.7779,8,b,No,No.
moved_twin,data/twin_v3/v3_10000_01115.avi,10000,0,0,-2.1054,-10.0303,-13.2959,-13.7256,-12.6474,8,b,No,No.
still_real,data/videos_v3/int_10000ms/v3_10000_01115.avi,10000,0,1,0.4464,-9.6964,-10.7589,-12.6417,-11.8135,8,b,Yes,"Yes, both shapes stayed still the whole"
still_twin,data/twin_v3/v3_10000_01115.avi,10000,1,1,0.7158,-9.6875,-10.5547,-12.6015,-11.8203,8,b,Yes,"Yes, both shapes stayed still the whole"
order_twin,data/twin_v3/v3_10000_01115.avi,10000,-1,0,-1.044,-9.3409,-11.5831,-12.4738,-11.4972,8,b,No,No
moved_solo_hit,data/videos_v3/int_10000ms/v3_10000_01115_solob.avi,10000,1,0,-2.2697,-10.2232,-13.3638,-13.8404,-12.7779,8,b,No,No.
moved_solo_fa,data/videos_v3/int_10000ms/v3_10000_01115_soloa.avi,10000,0,0,-2.1054,-10.0303,-13.2959,-13.7256,-12.6474,8,b,No,No.
order_real,data/videos_v3/int_10000ms/v3_10000_01116.avi,10000,0,0,-0.9783,-9.3969,-11.6625,-12.561,-11.5922,8,a,No,No
order_rev,data/videos_v3/int_10000ms/v3_10000_01116.avi,10000,0,0,-0.9829,-9.1242,-11.6945,-12.5383,-11.5148,8,a,No,No
order_forced,data/videos_v3/int_10000ms/v3_10000_01116.avi,10000,0,1,0.2344,-0.6086,-0.843,-4.1868,-6.0149,8,a,A,A
interval,data/videos_v3/int_10000ms/v3_10000_01116.avi,10000,D,B,,-1.5058,-1.3027,-1.3808,-1.6777,8,a,B,B
order_32f,data/videos_v3/int_10000ms/v3_10000_01116.avi,10000,0,0,-1.2071,-9.3381,-12.2365,-12.8225,-12.2365,32,a,No,No.
moved_real,data/videos_v3/int_10000ms/v3_10000_01116.avi,10000,1,0,-1.7785,-9.7984,-13.1578,-13.3765,-12.4703,8,a,No,No.
moved_twin,data/twin_v3/v3_10000_01116.avi,10000,0,0,-1.9373,-9.8889,-13.3811,-13.4592,-12.6389,8,a,No,No.
still_real,data/videos_v3/int_10000ms/v3_10000_01116.avi,10000,0,1,0.6306,-9.6822,-10.5337,-12.5806,-11.8228,8,a,Yes,"Yes, both shapes stayed still the whole"
still_twin,data/twin_v3/v3_10000_01116.avi,10000,1,1,0.6155,-9.6516,-10.6282,-12.5422,-11.8391,8,a,Yes,"Yes, both shapes stayed still the whole"
order_twin,data/twin_v3/v3_10000_01116.avi,10000,-1,0,-0.977,-9.3888,-11.6935,-12.5294,-11.6232,8,a,No,No
moved_solo_hit,data/videos_v3/int_10000ms/v3_10000_01116_soloa.avi,10000,1,0,-1.9373,-9.8889,-13.3811,-13.4592,-12.6389,8,a,No,No.
moved_solo_fa,data/videos_v3/int_10000ms/v3_10000_01116_solob.avi,10000,0,0,-1.7785,-9.7984,-13.1578,-13.3765,-12.4703,8,a,No,No.
order_real,data/videos_v3/int_10000ms/v3_10000_01117.avi,10000,0,0,-0.4986,-9.2031,-11.5547,-11.7422,-11.4766,8,a,No,No
order_rev,data/videos_v3/int_10000ms/v3_10000_01117.avi,10000,0,0,-0.8541,-9.1515,-11.7608,-12.1202,-11.464,8,a,No,No
order_forced,data/videos_v3/int_10000ms/v3_10000_01117.avi,10000,0,1,0.4688,-0.5446,-1.0134,-3.1384,-5.4665,8,a,A,A
interval,data/videos_v3/int_10000ms/v3_10000_01117.avi,10000,D,B,,-1.5743,-1.2931,-1.3243,-1.5587,8,a,B,B
order_32f,data/videos_v3/int_10000ms/v3_10000_01117.avi,10000,0,0,-0.4561,-8.8375,-11.9078,-11.8766,-11.9234,32,a,No,No.
moved_real,data/videos_v3/int_10000ms/v3_10000_01117.avi,10000,1,0,-0.9928,-9.4806,-12.6759,-12.6368,-11.9884,8,a,No,No.
moved_twin,data/twin_v3/v3_10000_01117.avi,10000,0,0,-1.0551,-9.5034,-12.7222,-12.6206,-11.98,8,a,No,No.
still_real,data/videos_v3/int_10000ms/v3_10000_01117.avi,10000,0,1,0.315,-9.6834,-10.4647,-12.5428,-11.6912,8,a,Yes,"Yes, both shapes, the triangle and"
still_twin,data/twin_v3/v3_10000_01117.avi,10000,1,1,0.3043,-9.6966,-10.4076,-12.5482,-11.7044,8,a,Yes,"Yes, both shapes, the triangle and"
order_twin,data/twin_v3/v3_10000_01117.avi,10000,-1,0,-0.4625,-9.2111,-11.508,-11.7345,-11.4377,8,a,No,No
moved_solo_hit,data/videos_v3/int_10000ms/v3_10000_01117_soloa.avi,10000,1,0,-1.057,-9.5188,-12.7219,-12.6516,-11.9876,8,a,No,No.
moved_solo_fa,data/videos_v3/int_10000ms/v3_10000_01117_solob.avi,10000,0,0,-0.9721,-9.4176,-12.6207,-12.566,-11.9488,8,a,No,No.
order_real,data/videos_v3/int_10000ms/v3_10000_01118.avi,10000,0,0,-1.1338,-9.3596,-11.6252,-12.4611,-11.6174,8,b,No,No
order_rev,data/videos_v3/int_10000ms/v3_10000_01118.avi,10000,0,0,-0.9533,-9.2372,-11.87,-12.4716,-11.5731,8,b,No,No
order_forced,data/videos_v3/int_10000ms/v3_10000_01118.avi,10000,0,1,0.5,-0.5201,-1.0201,-3.692,-5.817,8,b,A,A
interval,data/videos_v3/int_10000ms/v3_10000_01118.avi,10000,D,B,,-1.6595,-1.1908,-1.3783,-1.5189,8,b,B,B
order_32f,data/videos_v3/int_10000ms/v3_10000_01118.avi,10000,0,0,-0.9993,-8.9651,-11.7463,-12.301,-11.6838,32,b,No,No.
moved_real,data/videos_v3/int_10000ms/v3_10000_01118.avi,10000,1,0,-1.6621,-9.5736,-12.7611,-13.2142,-12.2454,8,b,No,No.
moved_twin,data/twin_v3/v3_10000_01118.avi,10000,0,0,-2.0117,-9.8941,-13.1519,-13.5426,-12.6051,8,b,No,No.
still_real,data/videos_v3/int_10000ms/v3_10000_01118.avi,10000,0,0,-0.1133,-9.6097,-10.3909,-12.6566,-11.7347,8,b,No,"No, in the video, one of"
still_twin,data/twin_v3/v3_10000_01118.avi,10000,1,1,0.3457,-9.6844,-10.2704,-12.6688,-11.8485,8,b,Yes,"Yes, both shapes stayed still the whole"
order_twin,data/twin_v3/v3_10000_01118.avi,10000,-1,0,-1.2142,-9.46,-11.7256,-12.5147,-11.7256,8,b,No,No
moved_solo_hit,data/videos_v3/int_10000ms/v3_10000_01118_solob.avi,10000,1,0,-2.0117,-9.8941,-13.1519,-13.5426,-12.6051,8,b,No,No.
moved_solo_fa,data/videos_v3/int_10000ms/v3_10000_01118_soloa.avi,10000,0,0,-1.6621,-9.5736,-12.7611,-13.2142,-12.2454,8,b,No,No.
order_real,data/videos_v3/int_10000ms/v3_10000_01119.avi,10000,0,0,-0.5433,-9.3463,-11.651,-12.3463,-11.5885,8,b,No,No
order_rev,data/videos_v3/int_10000ms/v3_10000_01119.avi,10000,0,0,-0.6968,-9.0467,-11.6483,-12.2889,-11.6171,8,b,No,No
order_forced,data/videos_v3/int_10000ms/v3_10000_01119.avi,10000,0,1,0.375,-0.5601,-0.9351,-3.8414,-5.6382,8,b,A,A
interval,data/videos_v3/int_10000ms/v3_10000_01119.avi,10000,D,B,,-1.7058,-1.2683,-1.2839,-1.4714,8,b,B,B
order_32f,data/videos_v3/int_10000ms/v3_10000_01119.avi,10000,0,0,-0.6467,-8.8987,-11.805,-12.3284,-11.8128,32,b,No,No.
moved_real,data/videos_v3/int_10000ms/v3_10000_01119.avi,10000,1,0,-1.0829,-9.4811,-12.9342,-13.0514,-12.317,8,b,No,No.
moved_twin,data/twin_v3/v3_10000_01119.avi,10000,0,0,-0.9859,-9.4047,-12.8031,-12.9515,-12.1937,8,b,No,No.
still_real,data/videos_v3/int_10000ms/v3_10000_01119.avi,10000,0,1,0.489,-9.8338,-10.4041,-12.8025,-11.9744,8,b,Yes,"Yes, both shapes, the triangle and"
still_twin,data/twin_v3/v3_10000_01119.avi,10000,1,1,0.5589,-9.8459,-10.4084,-12.8303,-11.9709,8,b,Yes,"Yes, both shapes, the triangle and"
order_twin,data/twin_v3/v3_10000_01119.avi,10000,-1,0,-0.4837,-9.2579,-11.5235,-12.2657,-11.4688,8,b,No,No
moved_solo_hit,data/videos_v3/int_10000ms/v3_10000_01119_solob.avi,10000,1,0,-0.9859,-9.4047,-12.8031,-12.9515,-12.1937,8,b,No,No.
moved_solo_fa,data/videos_v3/int_10000ms/v3_10000_01119_soloa.avi,10000,0,0,-1.0829,-9.4811,-12.9342,-13.0514,-12.317,8,b,No,No.
order_real,data/videos_v3/int_10000ms/v3_10000_01120.avi,10000,0,0,-0.8695,-9.4917,-11.5699,-12.5464,-11.6636,8,b,No,No
order_rev,data/videos_v3/int_10000ms/v3_10000_01120.avi,10000,0,0,-1.1337,-9.5584,-11.9803,-12.7928,-11.9568,8,b,No,No
order_forced,data/videos_v3/int_10000ms/v3_10000_01120.avi,10000,0,1,0.6094,-0.4807,-1.0901,-3.8089,-5.5433,8,b,A,A
interval,data/videos_v3/int_10000ms/v3_10000_01120.avi,10000,D,B,,-1.6698,-1.2166,-1.3104,-1.5448,8,b,B,B
order_real,data/videos_v3/int_10000ms/v3_10000_01121.avi,10000,1,0,-0.8057,-9.6612,-11.7862,-12.4424,-11.9034,8,a,No,No
order_rev,data/videos_v3/int_10000ms/v3_10000_01121.avi,10000,1,0,-0.7701,-9.4364,-11.7879,-12.4754,-11.827,8,a,No,No
order_forced,data/videos_v3/int_10000ms/v3_10000_01121.avi,10000,1,1,0.4375,-0.5461,-0.9836,-3.593,-6.5305,8,a,A,A
interval,data/videos_v3/int_10000ms/v3_10000_01121.avi,10000,D,B,,-1.5711,-1.2274,-1.3524,-1.5399,8,a,B,B
order_real,data/videos_v3/int_10000ms/v3_10000_01122.avi,10000,1,0,-0.846,-9.3383,-11.7289,-12.3539,-11.5727,8,b,No,No
order_rev,data/videos_v3/int_10000ms/v3_10000_01122.avi,10000,1,0,-0.7199,-9.2853,-11.84,-12.5431,-11.5822,8,b,No,No
order_forced,data/videos_v3/int_10000ms/v3_10000_01122.avi,10000,1,1,0.4375,-0.5321,-0.9696,-3.7821,-5.7664,8,b,A,A
interval,data/videos_v3/int_10000ms/v3_10000_01122.avi,10000,D,B,,-1.6023,-1.196,-1.3991,-1.5866,8,b,B,B
order_real,data/videos_v3/int_10000ms/v3_10000_01123.avi,10000,1,0,-0.7909,-9.4402,-11.4324,-12.3152,-11.5574,8,a,No,No
order_rev,data/videos_v3/int_10000ms/v3_10000_01123.avi,10000,1,0,-0.7936,-9.2825,-11.6185,-12.431,-11.6029,8,a,No,No
order_forced,data/videos_v3/int_10000ms/v3_10000_01123.avi,10000,1,1,0.5313,-0.4965,-1.0278,-3.8871,-5.4184,8,a,A,A
interval,data/videos_v3/int_10000ms/v3_10000_01123.avi,10000,D,C,,-1.7567,-1.2567,-1.2411,-1.4755,8,a,C,C
order_real,data/videos_v3/int_10000ms/v3_10000_01124.avi,10000,1,0,-1.3274,-9.5295,-11.7951,-12.2014,-11.7404,8,b,No,No
order_rev,data/videos_v3/int_10000ms/v3_10000_01124.avi,10000,1,0,-1.7772,-9.7329,-12.5063,-12.9438,-12.0845,8,b,No,No
order_forced,data/videos_v3/int_10000ms/v3_10000_01124.avi,10000,1,1,0.4531,-0.5655,-1.0186,-3.1905,-6.3468,8,b,A,A
interval,data/videos_v3/int_10000ms/v3_10000_01124.avi,10000,D,B,,-1.4881,-1.2693,-1.3943,-1.5506,8,b,B,B
order_real,data/videos_v3/int_10000ms/v3_10000_01125.avi,10000,0,0,-0.8831,-9.3253,-11.7785,-11.8957,-11.7082,8,b,No,No
order_rev,data/videos_v3/int_10000ms/v3_10000_01125.avi,10000,0,0,-0.6386,-9.1947,-11.8587,-12.2962,-11.6244,8,b,No,No
order_forced,data/videos_v3/int_10000ms/v3_10000_01125.avi,10000,0,1,0.4844,-0.5417,-1.0261,-3.2448,-6.1823,8,b,A,A
interval,data/videos_v3/int_10000ms/v3_10000_01125.avi,10000,D,B,,-1.4258,-1.2852,-1.3946,-1.5821,8,b,B,B
order_real,data/videos_v3/int_10000ms/v3_10000_01126.avi,10000,0,0,-1.6093,-9.7914,-11.8539,-12.9398,-11.8539,8,b,No,No
order_rev,data/videos_v3/int_10000ms/v3_10000_01126.avi,10000,0,0,-1.4894,-9.7338,-12.3197,-13.2494,-12.1166,8,b,No,No
order_forced,data/videos_v3/int_10000ms/v3_10000_01126.avi,10000,0,1,0.4375,-0.5335,-0.971,-4.0022,-6.3616,8,b,A,A
interval,data/videos_v3/int_10000ms/v3_10000_01126.avi,10000,D,B,,-1.7109,-1.1953,-1.3672,-1.4766,8,b,B,B
order_real,data/videos_v3/int_10000ms/v3_10000_01127.avi,10000,1,0,-1.0176,-9.2866,-11.4975,-12.31,-11.4663,8,b,No,No
order_rev,data/videos_v3/int_10000ms/v3_10000_01127.avi,10000,1,0,-0.8467,-9.2173,-11.8345,-12.4048,-11.5611,8,b,No,No
order_forced,data/videos_v3/int_10000ms/v3_10000_01127.avi,10000,1,1,0.375,-0.5572,-0.9322,-4.1822,-5.5728,8,b,A,A
interval,data/videos_v3/int_10000ms/v3_10000_01127.avi,10000,D,B,,-1.5779,-1.2654,-1.3748,-1.5154,8,b,B,B
order_real,data/videos_v3/int_10000ms/v3_10000_01128.avi,10000,1,0,-1.0238,-9.5792,-11.8371,-12.6964,-11.6496,8,b,No,No
order_rev,data/videos_v3/int_10000ms/v3_10000_01128.avi,10000,1,0,-0.7957,-9.2228,-11.6838,-12.5041,-11.6134,8,b,No,No
order_forced,data/videos_v3/int_10000ms/v3_10000_01128.avi,10000,1,1,0.5156,-0.5087,-1.0243,-4.0712,-5.9774,8,b,A,A
interval,data/videos_v3/int_10000ms/v3_10000_01128.avi,10000,D,B,,-1.6776,-1.1932,-1.3963,-1.5526,8,b,B,B
order_real,data/videos_v3/int_10000ms/v3_10000_01129.avi,10000,0,0,-0.9568,-9.4565,-11.73,-12.269,-11.6909,8,a,No,No
order_rev,data/videos_v3/int_10000ms/v3_10000_01129.avi,10000,0,0,-1.1592,-9.3901,-12.0776,-12.726,-11.8354,8,a,No,No
order_forced,data/videos_v3/int_10000ms/v3_10000_01129.avi,10000,0,1,0.3125,-0.5875,-0.9,-3.7906,-6.3219,8,a,A,A
interval,data/videos_v3/int_10000ms/v3_10000_01129.avi,10000,D,B,,-1.6145,-1.2395,-1.3958,-1.552,8,a,B,B
order_real,data/videos_v3/int_10000ms/v3_10000_01130.avi,10000,0,0,-0.8969,-9.3167,-11.5354,-12.5198,-11.4104,8,b,No,No
order_rev,data/videos_v3/int_10000ms/v3_10000_01130.avi,10000,0,0,-0.9253,-9.1115,-11.6584,-12.5646,-11.5881,8,b,No,No
order_forced,data/videos_v3/int_10000ms/v3_10000_01130.avi,10000,0,1,0.1719,-0.644,-0.8159,-3.9721,-5.8627,8,b,A,A
interval,data/videos_v3/int_10000ms/v3_10000_01130.avi,10000,D,B,,-1.6523,-1.1523,-1.3866,-1.6523,8,b,B,B
order_real,data/videos_v3/int_10000ms/v3_10000_01131.avi,10000,1,0,-1.2725,-9.443,-11.6227,-12.2868,-11.7086,8,b,No,No
order_rev,data/videos_v3/int_10000ms/v3_10000_01131.avi,10000,1,0,-1.203,-9.3531,-11.9312,-12.7125,-11.7437,8,b,No,No
order_forced,data/videos_v3/int_10000ms/v3_10000_01131.avi,10000,1,1,0.3281,-0.5826,-0.9107,-3.817,-6.3326,8,b,A,A
interval,data/videos_v3/int_10000ms/v3_10000_01131.avi,10000,D,B,,-1.5664,-1.2226,-1.457,-1.5195,8,b,B,B
order_real,data/videos_v3/int_10000ms/v3_10000_01132.avi,10000,0,0,-0.9665,-9.2796,-11.7014,-12.428,-11.4905,8,a,No,No
order_rev,data/videos_v3/int_10000ms/v3_10000_01132.avi,10000,0,0,-0.63,-9.0212,-11.5993,-12.4353,-11.4743,8,a,No,No
order_forced,data/videos_v3/int_10000ms/v3_10000_01132.avi,10000,0,1,0.3594,-0.5738,-0.9332,-3.8394,-5.5738,8,a,A,A
interval,data/videos_v3/int_10000ms/v3_10000_01132.avi,10000,D,B,,-1.6158,-1.2408,-1.2564,-1.5846,8,a,B,B
order_real,data/videos_v3/int_10000ms/v3_10000_01133.avi,10000,0,0,-0.3933,-9.3382,-11.307,-12.2445,-11.4788,8,a,No,No
order_rev,data/videos_v3/int_10000ms/v3_10000_01133.avi,10000,0,0,-0.4589,-9.2299,-11.4018,-12.394,-11.5581,8,a,No,No
order_forced,data/videos_v3/int_10000ms/v3_10000_01133.avi,10000,0,1,0.4375,-0.5332,-0.9707,-3.9707,-6.2051,8,a,A,A
interval,data/videos_v3/int_10000ms/v3_10000_01133.avi,10000,D,B,,-1.5755,-1.1693,-1.4037,-1.5443,8,a,B,B
order_real,data/videos_v3/int_10000ms/v3_10000_01134.avi,10000,0,0,-0.3721,-9.2345,-11.4767,-11.9923,-11.4689,8,a,No,No
order_rev,data/videos_v3/int_10000ms/v3_10000_01134.avi,10000,0,0,-0.407,-9.129,-11.5977,-12.3477,-11.4884,8,a,No,No
order_forced,data/videos_v3/int_10000ms/v3_10000_01134.avi,10000,0,1,0.625,-0.48,-1.105,-3.7144,-6.1363,8,a,A,A
interval,data/videos_v3/int_10000ms/v3_10000_01134.avi,10000,D,B,,-1.4829,-1.2954,-1.3735,-1.5454,8,a,B,B
order_real,data/videos_v3/int_10000ms/v3_10000_01135.avi,10000,1,0,-0.4101,-9.2142,-11.6049,-12.1283,-11.4408,8,a,No,No
order_rev,data/videos_v3/int_10000ms/v3_10000_01135.avi,10000,1,0,-0.5798,-9.0861,-11.7423,-12.3361,-11.3673,8,a,No,No
order_forced,data/videos_v3/int_10000ms/v3_10000_01135.avi,10000,1,1,0.5157,-0.5047,-1.0204,-3.8797,-5.1297,8,a,A,A
interval,data/videos_v3/int_10000ms/v3_10000_01135.avi,10000,D,B,,-1.4869,-1.315,-1.3463,-1.5338,8,a,B,B
order_real,data/videos_v3/int_10000ms/v3_10000_01136.avi,10000,0,0,-0.9924,-9.442,-11.8013,-12.5357,-11.6373,8,b,No,No
order_rev,data/videos_v3/int_10000ms/v3_10000_01136.avi,10000,0,0,-1.0984,-9.2028,-11.8356,-12.5466,-11.5856,8,b,No,No
order_forced,data/videos_v3/int_10000ms/v3_10000_01136.avi,10000,0,1,0.4687,-0.5406,-1.0093,-3.9624,-5.5562,8,b,A,A
interval,data/videos_v3/int_10000ms/v3_10000_01136.avi,10000,D,B,,-1.6729,-1.2354,-1.3291,-1.4854,8,b,B,B
order_real,data/videos_v3/int_10000ms/v3_10000_01137.avi,10000,1,0,-0.9688,-9.4022,-11.8084,-12.5663,-11.5038,8,b,No,No
order_rev,data/videos_v3/int_10000ms/v3_10000_01137.avi,10000,1,0,-0.6794,-9.0891,-11.7141,-12.4641,-11.386,8,b,No,No
order_forced,data/videos_v3/int_10000ms/v3_10000_01137.avi,10000,1,1,0.7344,-0.4415,-1.1759,-3.9103,-5.3947,8,b,A,A
interval,data/videos_v3/int_10000ms/v3_10000_01137.avi,10000,D,B,,-1.6047,-1.2454,-1.3235,-1.5422,8,b,B,B
order_real,data/videos_v3/int_10000ms/v3_10000_01138.avi,10000,1,0,-0.8655,-9.2305,-11.2695,-12.3945,-11.4648,8,b,No,No
order_rev,data/videos_v3/int_10000ms/v3_10000_01138.avi,10000,1,0,-0.7984,-9.3527,-11.8605,-12.7433,-11.6339,8,b,No,No
order_forced,data/videos_v3/int_10000ms/v3_10000_01138.avi,10000,1,1,0.2969,-0.5903,-0.8872,-4.0122,-5.6997,8,b,A,A
interval,data/videos_v3/int_10000ms/v3_10000_01138.avi,10000,D,C,,-1.4865,-1.3147,-1.3147,-1.549,8,b,C,C
order_real,data/videos_v3/int_10000ms/v3_10000_01139.avi,10000,1,0,-0.7687,-9.2885,-11.6869,-12.351,-11.5385,8,a,No,No
order_rev,data/videos_v3/int_10000ms/v3_10000_01139.avi,10000,1,0,-0.7015,-9.2765,-11.9327,-12.5499,-11.6436,8,a,No,No
order_forced,data/videos_v3/int_10000ms/v3_10000_01139.avi,10000,1,1,0.5625,-0.4863,-1.0488,-3.7988,-5.58,8,a,A,A
interval,data/videos_v3/int_10000ms/v3_10000_01139.avi,10000,D,B,,-1.7191,-1.2191,-1.3597,-1.5159,8,a,B,B
order_real,data/videos_v3/int_10000ms/v3_10000_01140.avi,10000,0,0,-0.7823,-9.3153,-11.5497,-12.4247,-11.3778,8,b,No,No
order_rev,data/videos_v3/int_10000ms/v3_10000_01140.avi,10000,0,0,-0.4411,-9.1543,-11.6153,-12.4356,-11.334,8,b,No,No
order_forced,data/videos_v3/int_10000ms/v3_10000_01140.avi,10000,0,1,0.6719,-0.4424,-1.1143,-4.0987,-5.5987,8,b,A,A
interval,data/videos_v3/int_10000ms/v3_10000_01140.avi,10000,D,B,,-1.6684,-1.2309,-1.3091,-1.5122,8,b,B,B
order_real,data/videos_v3/int_10000ms/v3_10000_01141.avi,10000,0,0,-1.1148,-9.3099,-11.474,-12.1068,-11.6302,8,a,No,No
order_rev,data/videos_v3/int_10000ms/v3_10000_01141.avi,10000,0,0,-0.8374,-9.208,-11.7939,-12.4189,-11.6064,8,a,No,No
order_forced,data/videos_v3/int_10000ms/v3_10000_01141.avi,10000,0,1,0.3594,-0.5682,-0.9276,-3.8026,-5.9745,8,a,A,A
interval,data/videos_v3/int_10000ms/v3_10000_01141.avi,10000,D,B,,-1.5856,-1.2888,-1.3669,-1.5544,8,a,B,B
order_real,data/videos_v3/int_10000ms/v3_10000_01142.avi,10000,0,0,-0.7654,-9.4334,-11.7928,-12.5506,-11.6444,8,a,No,No
order_rev,data/videos_v3/int_10000ms/v3_10000_01142.avi,10000,0,0,-0.6647,-9.3919,-11.9779,-12.6263,-11.7044,8,a,No,No
order_forced,data/videos_v3/int_10000ms/v3_10000_01142.avi,10000,0,1,0.5469,-0.4972,-1.0441,-3.7472,-5.6534,8,a,A,A
interval,data/videos_v3/int_10000ms/v3_10000_01142.avi,10000,D,B,,-1.6824,-1.198,-1.3386,-1.573,8,a,B,B
order_real,data/videos_v3/int_10000ms/v3_10000_01143.avi,10000,1,0,-0.7632,-9.2273,-11.4929,-12.2742,-11.3289,8,a,No,No
order_rev,data/videos_v3/int_10000ms/v3_10000_01143.avi,10000,1,0,-0.6077,-9.2062,-11.9015,-12.5812,-11.5421,8,a,No,No
order_forced,data/videos_v3/int_10000ms/v3_10000_01143.avi,10000,1,1,0.4687,-0.5217,-0.9904,-3.8654,-5.631,8,a,A,A
interval,data/videos_v3/int_10000ms/v3_10000_01143.avi,10000,D,C,,-1.6047,-1.3078,-1.2922,-1.5422,8,a,C,C
order_real,data/videos_v3/int_10000ms/v3_10000_01144.avi,10000,0,0,-0.6755,-9.4301,-11.2895,-12.3285,-11.5551,8,b,No,No
order_rev,data/videos_v3/int_10000ms/v3_10000_01144.avi,10000,0,0,-1.023,-9.5032,-11.8548,-12.6985,-11.7844,8,b,No,No
order_forced,data/videos_v3/int_10000ms/v3_10000_01144.avi,10000,0,1,0.4375,-0.537,-0.9745,-3.9432,-6.0213,8,b,A,A
interval,data/videos_v3/int_10000ms/v3_10000_01144.avi,10000,D,B,,-1.6027,-1.1496,-1.3527,-1.634,8,b,B,B
order_real,data/videos_v3/int_10000ms/v3_10000_01145.avi,10000,1,0,-0.9633,-9.3726,-11.8179,-12.4741,-11.6069,8,a,No,No
order_rev,data/videos_v3/int_10000ms/v3_10000_01145.avi,10000,1,0,-0.8949,-9.0041,-11.5041,-12.1603,-11.3947,8,a,No,No
order_forced,data/videos_v3/int_10000ms/v3_10000_01145.avi,10000,1,1,0.3437,-0.5756,-0.9193,-4.1849,-5.8568,8,a,A,A
interval,data/videos_v3/int_10000ms/v3_10000_01145.avi,10000,D,B,,-1.651,-1.2916,-1.3385,-1.4635,8,a,B,B
order_real,data/videos_v3/int_10000ms/v3_10000_01146.avi,10000,1,0,-0.4805,-9.2108,-11.617,-12.0155,-11.3748,8,a,No,No
order_rev,data/videos_v3/int_10000ms/v3_10000_01146.avi,10000,1,0,-1.0365,-9.2273,-11.7429,-12.2898,-11.4304,8,a,No,No
order_forced,data/videos_v3/int_10000ms/v3_10000_01146.avi,10000,1,1,0.5312,-0.5053,-1.0365,-3.6928,-5.8647,8,a,A,A
interval,data/videos_v3/int_10000ms/v3_10000_01146.avi,10000,D,B,,-1.539,-1.289,-1.3359,-1.5078,8,a,B,B
order_real,data/videos_v3/int_10000ms/v3_10000_01147.avi,10000,1,0,-0.8825,-9.2846,-11.6831,-12.1909,-11.5971,8,a,No,No
order_rev,data/videos_v3/int_10000ms/v3_10000_01147.avi,10000,1,0,-0.6775,-9.1607,-11.7779,-12.2232,-11.4497,8,a,No,No
order_forced,data/videos_v3/int_10000ms/v3_10000_01147.avi,10000,1,1,0.4687,-0.5324,-1.0011,-3.4386,-5.923,8,a,A,A
interval,data/videos_v3/int_10000ms/v3_10000_01147.avi,10000,D,B,,-1.5516,-1.2859,-1.3797,-1.5047,8,a,B,B
order_real,data/videos_v3/int_10000ms/v3_10000_01148.avi,10000,1,0,-0.9823,-9.2767,-11.4721,-12.4252,-11.4017,8,b,No,No
order_rev,data/videos_v3/int_10000ms/v3_10000_01148.avi,10000,1,0,-0.8699,-9.2927,-11.8474,-12.5896,-11.5427,8,b,No,No
order_forced,data/videos_v3/int_10000ms/v3_10000_01148.avi,10000,1,1,0.1562,-0.6633,-0.8195,-3.7414,-5.4914,8,b,A,A
interval,data/videos_v3/int_10000ms/v3_10000_01148.avi,10000,D,B,,-1.6022,-1.1647,-1.3991,-1.6491,8,b,B,B
order_real,data/videos_v3/int_10000ms/v3_10000_01149.avi,10000,1,0,-0.9645,-9.2652,-11.6714,-12.5855,-11.5152,8,a,No,No
order_rev,data/videos_v3/int_10000ms/v3_10000_01149.avi,10000,1,0,-0.6987,-9.0103,-11.5493,-12.4478,-11.3853,8,a,No,No
order_forced,data/videos_v3/int_10000ms/v3_10000_01149.avi,10000,1,1,0.4375,-0.5294,-0.9669,-4.2794,-5.5294,8,a,A,A
interval,data/videos_v3/int_10000ms/v3_10000_01149.avi,10000,D,B,,-1.512,-1.2152,-1.387,-1.6683,8,a,B,B
order_real,data/videos_v3/int_10000ms/v3_10000_01150.avi,10000,1,0,-0.6661,-9.4493,-11.3634,-12.3243,-11.5977,8,a,No,No
order_rev,data/videos_v3/int_10000ms/v3_10000_01150.avi,10000,1,0,-0.9062,-9.4505,-11.7474,-12.6693,-11.849,8,a,No,No
order_forced,data/videos_v3/int_10000ms/v3_10000_01150.avi,10000,1,1,0.5157,-0.4996,-1.0153,-3.984,-5.4684,8,a,A,A
interval,data/videos_v3/int_10000ms/v3_10000_01150.avi,10000,D,B,,-1.7881,-1.2256,-1.2725,-1.46,8,a,B,B
order_real,data/videos_v3/int_10000ms/v3_10000_01151.avi,10000,0,0,-1.2216,-9.5612,-11.8971,-12.3737,-11.694,8,a,No,No
order_rev,data/videos_v3/int_10000ms/v3_10000_01151.avi,10000,0,0,-0.8291,-9.2587,-11.9228,-12.2978,-11.7431,8,a,No,No
order_forced,data/videos_v3/int_10000ms/v3_10000_01151.avi,10000,0,1,0.4531,-0.5484,-1.0015,-3.2515,-6.2359,8,a,A,A
interval,data/videos_v3/int_10000ms/v3_10000_01151.avi,10000,D,B,,-1.5957,-1.2207,-1.377,-1.5488,8,a,B,B
order_real,data/videos_v3/int_10000ms/v3_10000_01152.avi,10000,1,0,-0.9762,-9.6162,-11.8584,-12.6084,-11.7724,8,a,No,No
order_rev,data/videos_v3/int_10000ms/v3_10000_01152.avi,10000,1,0,-1.0624,-9.3937,-11.9171,-12.6125,-11.8546,8,a,No,No
order_forced,data/videos_v3/int_10000ms/v3_10000_01152.avi,10000,1,1,0.4531,-0.5423,-0.9954,-3.636,-5.9016,8,a,A,A
interval,data/videos_v3/int_10000ms/v3_10000_01152.avi,10000,D,B,,-1.52,-1.2543,-1.3637,-1.5512,8,a,B,B
order_real,data/videos_v3/int_10000ms/v3_10000_01153.avi,10000,0,0,-0.9983,-9.313,-11.5552,-12.4693,-11.4224,8,a,No,No
order_rev,data/videos_v3/int_10000ms/v3_10000_01153.avi,10000,0,0,-0.5624,-9.1,-11.6625,-12.4828,-11.4281,8,a,No,No
order_forced,data/videos_v3/int_10000ms/v3_10000_01153.avi,10000,0,1,0.4843,-0.5191,-1.0034,-4.1128,-5.5191,8,a,A,A
interval,data/videos_v3/int_10000ms/v3_10000_01153.avi,10000,D,B,,-1.5651,-1.2214,-1.362,-1.612,8,a,B,B
order_real,data/videos_v3/int_10000ms/v3_10000_01154.avi,10000,1,0,-1.3544,-9.5648,-12.0179,-12.5961,-11.8539,8,b,No,No
order_rev,data/videos_v3/int_10000ms/v3_10000_01154.avi,10000,1,0,-0.9653,-9.2074,-11.8168,-12.4418,-11.5902,8,b,No,No
order_forced,data/videos_v3/int_10000ms/v3_10000_01154.avi,10000,1,1,0.6094,-0.4733,-1.0827,-4.1452,-5.5515,8,b,A,A
interval,data/videos_v3/int_10000ms/v3_10000_01154.avi,10000,D,B,,-1.5923,-1.2642,-1.3423,-1.5142,8,b,B,B
order_real,data/videos_v3/int_10000ms/v3_10000_01155.avi,10000,1,0,-0.9595,-9.3628,-11.605,-12.019,-11.5659,8,a,No,No
order_rev,data/videos_v3/int_10000ms/v3_10000_01155.avi,10000,1,0,-1.4788,-9.4503,-12.1924,-12.4503,-11.8253,8,a,No,No
order_forced,data/videos_v3/int_10000ms/v3_10000_01155.avi,10000,1,1,0.25,-0.6376,-0.8876,-3.0438,-5.9032,8,a,A,A
interval,data/videos_v3/int_10000ms/v3_10000_01155.avi,10000,D,B,,-1.5198,-1.2542,-1.3948,-1.5823,8,a,B,B
order_real,data/videos_v3/int_10000ms/v3_10000_01156.avi,10000,1,0,-0.5173,-9.3927,-11.6895,-12.5802,-11.5333,8,a,No,No
order_rev,data/videos_v3/int_10000ms/v3_10000_01156.avi,10000,1,0,-0.7786,-9.2293,-11.9403,-12.6278,-11.5106,8,a,No,No
order_forced,data/videos_v3/int_10000ms/v3_10000_01156.avi,10000,1,1,0.6875,-0.4344,-1.1219,-3.9969,-5.6219,8,a,A,A
interval,data/videos_v3/int_10000ms/v3_10000_01156.avi,10000,D,B,,-1.6859,-1.2328,-1.2953,-1.4984,8,a,B,B
order_real,data/videos_v3/int_10000ms/v3_10000_01157.avi,10000,1,0,-1.0267,-9.4492,-11.5742,-12.1992,-11.5742,8,a,No,No
order_rev,data/videos_v3/int_10000ms/v3_10000_01157.avi,10000,1,0,-1.8247,-9.911,-12.5517,-13.0907,-12.1532,8,a,No,No
order_forced,data/videos_v3/int_10000ms/v3_10000_01157.avi,10000,1,1,0.4063,-0.5483,-0.9546,-3.8608,-6.4858,8,a,A,A
interval,data/videos_v3/int_10000ms/v3_10000_01157.avi,10000,D,B,,-1.483,-1.0923,-1.4673,-1.7955,8,a,B,B
order_real,data/videos_v3/int_10000ms/v3_10000_01158.avi,10000,1,0,-1.0776,-9.4036,-11.5598,-12.4426,-11.6067,8,a,No,No
order_rev,data/videos_v3/int_10000ms/v3_10000_01158.avi,10000,1,0,-0.8775,-9.3347,-11.8893,-12.53,-11.655,8,a,No,No
order_forced,data/videos_v3/int_10000ms/v3_10000_01158.avi,10000,1,1,0.3594,-0.5597,-0.9191,-4.1378,-6.2628,8,a,A,A
interval,data/videos_v3/int_10000ms/v3_10000_01158.avi,10000,D,B,,-1.668,-1.1367,-1.4492,-1.5742,8,a,B,B
order_real,data/videos_v3/int_10000ms/v3_10000_01159.avi,10000,0,0,-0.8983,-9.4099,-11.6443,-12.4959,-11.4334,8,b,No,No
order_rev,data/videos_v3/int_10000ms/v3_10000_01159.avi,10000,0,0,-1.2669,-9.2254,-11.6785,-12.6316,-11.4675,8,b,No,No
order_forced,data/videos_v3/int_10000ms/v3_10000_01159.avi,10000,0,1,0.3125,-0.5844,-0.8969,-4.0531,-5.725,8,b,A,A
interval,data/videos_v3/int_10000ms/v3_10000_01159.avi,10000,D,B,,-1.7278,-1.2121,-1.3528,-1.4934,8,b,B,B
order_real,data/videos_v3/int_10000ms/v3_10000_01160.avi,10000,1,0,-0.9161,-9.5464,-11.648,-12.5464,-11.7261,8,a,No,No
order_rev,data/videos_v3/int_10000ms/v3_10000_01160.avi,10000,1,0,-0.8352,-9.3008,-11.7383,-12.5352,-11.7383,8,a,No,No
order_forced,data/videos_v3/int_10000ms/v3_10000_01160.avi,10000,1,1,0.6406,-0.4792,-1.1198,-3.7917,-6.1979,8,a,A,A
interval,data/videos_v3/int_10000ms/v3_10000_01160.avi,10000,D,B,,-1.7171,-1.2015,-1.2328,-1.5609,8,a,B,B
order_real,data/videos_v3/int_10000ms/v3_10000_01161.avi,10000,1,0,-1.0883,-9.5004,-11.641,-12.5394,-11.6879,8,a,No,No
order_rev,data/videos_v3/int_10000ms/v3_10000_01161.avi,10000,1,0,-0.7775,-9.2721,-11.9049,-12.5142,-11.7174,8,a,No,No
order_forced,data/videos_v3/int_10000ms/v3_10000_01161.avi,10000,1,1,0.4844,-0.5386,-1.023,-3.6011,-6.0543,8,a,A,A
interval,data/videos_v3/int_10000ms/v3_10000_01161.avi,10000,D,B,,-1.6753,-1.2378,-1.3628,-1.4722,8,a,B,B
order_real,data/videos_v3/int_10000ms/v3_10000_01162.avi,10000,1,0,-0.5232,-9.3062,-11.6656,-12.4234,-11.4547,8,a,No,No
order_rev,data/videos_v3/int_10000ms/v3_10000_01162.avi,10000,1,0,-1.0177,-9.0334,-11.6818,-12.4709,-11.4943,8,a,No,No
order_forced,data/videos_v3/int_10000ms/v3_10000_01162.avi,10000,1,1,0.4687,-0.5132,-0.9819,-4.0913,-5.8257,8,a,A,A
interval,data/videos_v3/int_10000ms/v3_10000_01162.avi,10000,D,B,,-1.6502,-1.197,-1.3845,-1.6345,8,a,B,B
order_real,data/videos_v3/int_10000ms/v3_10000_01163.avi,10000,0,0,-0.9801,-9.185,-11.5834,-12.474,-11.5678,8,b,No,No
order_rev,data/videos_v3/int_10000ms/v3_10000_01163.avi,10000,0,0,-0.9845,-9.1299,-11.8643,-12.6377,-11.5127,8,b,No,No
order_forced,data/videos_v3/int_10000ms/v3_10000_01163.avi,10000,0,1,0.2343,-0.6204,-0.8547,-4.2297,-5.886,8,b,A,A
interval,data/videos_v3/int_10000ms/v3_10000_01163.avi,10000,D,B,,-1.5797,-1.1578,-1.4391,-1.6109,8,b,B,B
order_real,data/videos_v3/int_10000ms/v3_10000_01164.avi,10000,1,0,-0.6546,-9.3423,-11.8423,-12.0454,-11.6782,8,a,No,No
order_rev,data/videos_v3/int_10000ms/v3_10000_01164.avi,10000,1,0,-0.6231,-9.3683,-11.9699,-12.4074,-11.7277,8,a,No,No
order_forced,data/videos_v3/int_10000ms/v3_10000_01164.avi,10000,1,1,0.5625,-0.4854,-1.0479,-3.7354,-5.9073,8,a,A,A
interval,data/videos_v3/int_10000ms/v3_10000_01164.avi,10000,D,B,,-1.5431,-1.215,-1.4025,-1.5588,8,a,B,B
order_real,data/videos_v3/int_10000ms/v3_10000_01165.avi,10000,0,0,-1.138,-9.4313,-11.9079,-12.1266,-11.6969,8,b,No,No
order_rev,data/videos_v3/int_10000ms/v3_10000_01165.avi,10000,0,0,-1.2708,-9.301,-12.1057,-12.2697,-11.6838,8,b,No,No
order_forced,data/videos_v3/int_10000ms/v3_10000_01165.avi,10000,0,1,0.4062,-0.5725,-0.9787,-3.2444,-5.8694,8,b,A,A
interval,data/videos_v3/int_10000ms/v3_10000_01165.avi,10000,D,B,,-1.5191,-1.2847,-1.3785,-1.5816,8,b,B,B
order_real,data/videos_v3/int_10000ms/v3_10000_01166.avi,10000,0,0,-0.8703,-9.206,-11.581,-12.1122,-11.5263,8,b,No,No
order_rev,data/videos_v3/int_10000ms/v3_10000_01166.avi,10000,0,0,-0.7262,-9.1379,-11.7394,-12.3957,-11.5754,8,b,No,No
order_forced,data/videos_v3/int_10000ms/v3_10000_01166.avi,10000,0,1,0.6875,-0.4648,-1.1523,-3.6523,-5.9648,8,b,A,A
interval,data/videos_v3/int_10000ms/v3_10000_01166.avi,10000,D,B,,-1.662,-1.2714,-1.3495,-1.4745,8,b,B,B
order_real,data/videos_v3/int_10000ms/v3_10000_01167.avi,10000,0,0,-0.4765,-9.1781,-11.2171,-12.0218,-11.3499,8,b,No,No
order_rev,data/videos_v3/int_10000ms/v3_10000_01167.avi,10000,0,0,-0.5716,-9.2626,-11.7469,-12.4344,-11.5594,8,b,No,No
order_forced,data/videos_v3/int_10000ms/v3_10000_01167.avi,10000,0,1,0.2968,-0.5878,-0.8846,-3.9784,-5.9471,8,b,A,A
interval,data/videos_v3/int_10000ms/v3_10000_01167.avi,10000,D,B,,-1.6275,-1.19,-1.4556,-1.4869,8,b,B,B
order_real,data/videos_v3/int_10000ms/v3_10000_01168.avi,10000,0,0,-1.2367,-9.4625,-11.8219,-12.4703,-11.6969,8,a,No,No
order_rev,data/videos_v3/int_10000ms/v3_10000_01168.avi,10000,0,0,-0.7445,-9.2334,-11.9209,-12.46,-11.585,8,a,No,No
order_forced,data/videos_v3/int_10000ms/v3_10000_01168.avi,10000,0,1,0.4531,-0.5448,-0.9979,-3.8573,-6.1229,8,a,A,A
interval,data/videos_v3/int_10000ms/v3_10000_01168.avi,10000,D,B,,-1.5648,-1.2367,-1.4086,-1.5023,8,a,B,B
order_real,data/videos_v3/int_10000ms/v3_10000_01169.avi,10000,1,0,-1.1523,-9.1594,-11.6594,-12.3156,-11.4094,8,a,No,No
order_rev,data/videos_v3/int_10000ms/v3_10000_01169.avi,10000,1,0,-0.9552,-9.0831,-11.7628,-12.4034,-11.419,8,a,No,No
order_forced,data/videos_v3/int_10000ms/v3_10000_01169.avi,10000,1,1,0.5,-0.5075,-1.0075,-4.195,-5.5388,8,a,A,A
interval,data/videos_v3/int_10000ms/v3_10000_01169.avi,10000,D,B,,-1.4353,-1.2634,-1.3884,-1.7322,8,a,B,B
order_real,data/videos_v3/int_10000ms/v3_10000_01170.avi,10000,0,0,-0.8442,-9.3367,-11.7352,-12.5477,-11.5164,8,a,No,No
order_rev,data/videos_v3/int_10000ms/v3_10000_01170.avi,10000,0,0,-0.7579,-9.0718,-11.6265,-12.478,-11.439,8,a,No,No
order_forced,data/videos_v3/int_10000ms/v3_10000_01170.avi,10000,0,1,0.4063,-0.5427,-0.949,-4.574,-6.0584,8,a,A,A
interval,data/videos_v3/int_10000ms/v3_10000_01170.avi,10000,D,B,,-1.5295,-1.217,-1.4201,-1.592,8,a,B,B
order_real,data/videos_v3/int_10000ms/v3_10000_01171.avi,10000,0,0,-0.8582,-9.4044,-11.67,-12.6622,-11.545,8,a,No,No
order_rev,data/videos_v3/int_10000ms/v3_10000_01171.avi,10000,0,0,-1.2734,-9.4784,-12.08,-12.9628,-11.7206,8,a,No,No
order_forced,data/videos_v3/int_10000ms/v3_10000_01171.avi,10000,0,1,0.5,-0.5113,-1.0113,-3.8394,-5.6988,8,a,A,A
interval,data/videos_v3/int_10000ms/v3_10000_01171.avi,10000,D,B,,-1.6015,-1.1483,-1.3671,-1.664,8,a,B,B
order_real,data/videos_v3/int_10000ms/v3_10000_01172.avi,10000,1,0,-1.0011,-9.5082,-11.6645,-12.641,-11.7738,8,b,No,No
order_rev,data/videos_v3/int_10000ms/v3_10000_01172.avi,10000,1,0,-0.4971,-9.0991,-11.5366,-12.3256,-11.5756,8,b,No,No
order_forced,data/videos_v3/int_10000ms/v3_10000_01172.avi,10000,1,1,0.4219,-0.5521,-0.974,-4.0365,-6.6303,8,b,A,A
interval,data/videos_v3/int_10000ms/v3_10000_01172.avi,10000,D,B,,-1.6072,-1.2009,-1.4353,-1.5134,8,b,B,B
order_real,data/videos_v3/int_10000ms/v3_10000_01173.avi,10000,1,0,-1.3394,-9.706,-11.9169,-12.7372,-11.9169,8,a,No,No
order_rev,data/videos_v3/int_10000ms/v3_10000_01173.avi,10000,1,0,-1.4581,-9.6711,-12.2101,-13.0461,-12.0539,8,a,No,No
order_forced,data/videos_v3/int_10000ms/v3_10000_01173.avi,10000,1,1,0.6563,-0.4679,-1.1242,-3.8898,-5.921,8,a,A,A
interval,data/videos_v3/int_10000ms/v3_10000_01173.avi,10000,D,C,,-1.7389,-1.2389,-1.192,-1.5982,8,a,C,C
order_real,data/videos_v3/int_10000ms/v3_10000_01174.avi,10000,0,0,-0.4689,-9.5019,-11.6347,-12.416,-11.7441,8,b,No,No
order_rev,data/videos_v3/int_10000ms/v3_10000_01174.avi,10000,0,0,-0.5199,-9.3021,-11.6615,-12.5599,-11.7005,8,b,No,No
order_forced,data/videos_v3/int_10000ms/v3_10000_01174.avi,10000,0,1,0.7031,-0.4549,-1.158,-3.6736,-5.8924,8,b,A,A
interval,data/videos_v3/int_10000ms/v3_10000_01174.avi,10000,D,B,,-1.7575,-1.1794,-1.2888,-1.5075,8,b,B,B
order_real,data/videos_v3/int_10000ms/v3_10000_01175.avi,10000,0,0,-0.6449,-9.4445,-11.8117,-12.3742,-11.6945,8,b,No,No
order_rev,data/videos_v3/int_10000ms/v3_10000_01175.avi,10000,0,0,-0.4242,-9.0711,-11.657,-12.2273,-11.6414,8,b,No,No
order_forced,data/videos_v3/int_10000ms/v3_10000_01175.avi,10000,0,1,0.5625,-0.4891,-1.0516,-4.0047,-5.7235,8,b,A,A
interval,data/videos_v3/int_10000ms/v3_10000_01175.avi,10000,D,C,,-1.5912,-1.31,-1.2787,-1.5131,8,b,C,C
order_real,data/videos_v3/int_10000ms/v3_10000_01176.avi,10000,1,0,-0.8096,-9.391,-11.7191,-12.1175,-11.4769,8,a,No,No
order_rev,data/videos_v3/int_10000ms/v3_10000_01176.avi,10000,1,0,-0.9745,-9.2316,-11.7081,-12.2628,-11.4659,8,a,No,No
order_forced,data/videos_v3/int_10000ms/v3_10000_01176.avi,10000,1,1,0.4062,-0.5595,-0.9657,-3.4501,-5.5282,8,a,A,A
interval,data/videos_v3/int_10000ms/v3_10000_01176.avi,10000,D,B,,-1.6783,-1.2564,-1.3189,-1.4752,8,a,B,B
order_real,data/videos_v3/int_10000ms/v3_10000_01177.avi,10000,0,0,-0.6785,-9.4754,-11.7722,-12.3113,-11.7488,8,a,No,No
order_rev,data/videos_v3/int_10000ms/v3_10000_01177.avi,10000,0,0,-1.1429,-9.5252,-12.158,-12.6815,-11.8377,8,a,No,No
order_forced,data/videos_v3/int_10000ms/v3_10000_01177.avi,10000,0,1,0.7031,-0.4463,-1.1494,-3.6182,-6.1494,8,a,A,A
interval,data/videos_v3/int_10000ms/v3_10000_01177.avi,10000,D,B,,-1.5879,-1.1973,-1.3692,-1.5723,8,a,B,B
order_real,data/videos_v3/int_10000ms/v3_10000_01178.avi,10000,1,0,-0.4647,-9.288,-11.5771,-12.0927,-11.6083,8,a,No,No.
order_rev,data/videos_v3/int_10000ms/v3_10000_01178.avi,10000,1,0,-0.8585,-9.2076,-11.6763,-12.3091,-11.5669,8,a,No,No
order_forced,data/videos_v3/int_10000ms/v3_10000_01178.avi,10000,1,1,0.6875,-0.4752,-1.1627,-3.3033,-5.9752,8,a,A,A
interval,data/videos_v3/int_10000ms/v3_10000_01178.avi,10000,D,B,,-1.5434,-1.309,-1.3246,-1.5121,8,a,B,B
order_real,data/videos_v3/int_10000ms/v3_10000_01179.avi,10000,0,0,-1.0944,-9.2052,-11.6583,-12.463,-11.4942,8,a,No,No
order_rev,data/videos_v3/int_10000ms/v3_10000_01179.avi,10000,0,0,-0.889,-9.0733,-11.7452,-12.4093,-11.4405,8,a,No,No
order_forced,data/videos_v3/int_10000ms/v3_10000_01179.avi,10000,0,1,0.4532,-0.5272,-0.9804,-4.0585,-5.621,8,a,A,A
interval,data/videos_v3/int_10000ms/v3_10000_01179.avi,10000,D,B,,-1.7468,-1.2156,-1.3093,-1.5281,8,a,B,B
order_real,data/videos_v3/int_10000ms/v3_10000_01180.avi,10000,0,0,-0.9398,-9.5211,-11.9664,-12.0758,-11.8179,8,a,No,No
order_rev,data/videos_v3/int_10000ms/v3_10000_01180.avi,10000,0,0,-1.361,-9.5383,-12.218,-12.6008,-12.007,8,a,No,No
order_forced,data/videos_v3/int_10000ms/v3_10000_01180.avi,10000,0,1,0.3438,-0.573,-0.9168,-3.7917,-6.7136,8,a,A,A
interval,data/videos_v3/int_10000ms/v3_10000_01180.avi,10000,D,B,,-1.5533,-1.2096,-1.4908,-1.5377,8,a,B,B
order_real,data/videos_v3/int_10000ms/v3_10000_01181.avi,10000,0,0,-0.9777,-9.4155,-11.7905,-12.0952,-11.6499,8,b,No,No
order_rev,data/videos_v3/int_10000ms/v3_10000_01181.avi,10000,0,0,-1.0635,-9.423,-12.259,-12.6027,-11.884,8,b,No,No
order_forced,data/videos_v3/int_10000ms/v3_10000_01181.avi,10000,0,1,0.4375,-0.5591,-0.9966,-3.1997,-6.0122,8,b,A,A
interval,data/videos_v3/int_10000ms/v3_10000_01181.avi,10000,D,B,,-1.562,-1.2339,-1.3589,-1.5464,8,b,B,B
order_real,data/videos_v3/int_10000ms/v3_10000_01182.avi,10000,1,0,-1.168,-9.4545,-11.642,-12.3139,-11.5717,8,b,No,No
order_rev,data/videos_v3/int_10000ms/v3_10000_01182.avi,10000,1,0,-1.369,-9.5058,-12.1464,-12.7402,-11.8417,8,b,No,No
order_forced,data/videos_v3/int_10000ms/v3_10000_01182.avi,10000,1,1,0.4531,-0.5379,-0.991,-3.491,-5.8035,8,b,A,A
interval,data/videos_v3/int_10000ms/v3_10000_01182.avi,10000,D,B,,-1.6481,-1.1481,-1.3981,-1.6013,8,b,B,B
order_real,data/videos_v3/int_10000ms/v3_10000_01183.avi,10000,1,0,-0.5229,-9.3436,-11.5624,-12.2577,-11.5624,8,a,No,No
order_rev,data/videos_v3/int_10000ms/v3_10000_01183.avi,10000,1,0,-0.8269,-9.1329,-11.7579,-12.2188,-11.5626,8,a,No,No
order_forced,data/videos_v3/int_10000ms/v3_10000_01183.avi,10000,1,1,0.1719,-0.6384,-0.8103,-4.1071,-5.8259,8,a,A,A
interval,data/videos_v3/int_10000ms/v3_10000_01183.avi,10000,D,B,,-1.6375,-1.2625,-1.3094,-1.5282,8,a,B,B
order_real,data/videos_v3/int_10000ms/v3_10000_01184.avi,10000,0,0,-1.1046,-9.2819,-11.7272,-12.4772,-11.5319,8,a,No,No
order_rev,data/videos_v3/int_10000ms/v3_10000_01184.avi,10000,0,0,-1.0081,-9.1729,-11.9229,-12.5792,-11.5714,8,a,No,No
order_forced,data/videos_v3/int_10000ms/v3_10000_01184.avi,10000,0,1,0.4687,-0.5249,-0.9936,-3.9155,-5.6342,8,a,A,A
interval,data/videos_v3/int_10000ms/v3_10000_01184.avi,10000,D,B,,-1.6391,-1.2172,-1.3266,-1.6079,8,a,B,B
order_real,data/videos_v3/int_10000ms/v3_10000_01185.avi,10000,0,0,-0.9579,-9.3908,-11.633,-12.4846,-11.594,8,a,No,No
order_rev,data/videos_v3/int_10000ms/v3_10000_01185.avi,10000,0,0,-0.6748,-9.0758,-11.5524,-12.2399,-11.4899,8,a,No,No
order_forced,data/videos_v3/int_10000ms/v3_10000_01185.avi,10000,0,1,0.2969,-0.6042,-0.9011,-3.8386,-5.7448,8,a,A,A
interval,data/videos_v3/int_10000ms/v3_10000_01185.avi,10000,D,B,,-1.6203,-1.2297,-1.339,-1.5422,8,a,B,B
order_real,data/videos_v3/int_10000ms/v3_10000_01186.avi,10000,0,0,-0.8569,-9.3529,-11.7591,-12.6419,-11.6498,8,a,No,No
order_rev,data/videos_v3/int_10000ms/v3_10000_01186.avi,10000,0,0,-0.7129,-9.0941,-11.7504,-12.5785,-11.5316,8,a,No,No
order_forced,data/videos_v3/int_10000ms/v3_10000_01186.avi,10000,0,1,0.5156,-0.5106,-1.0262,-4.1199,-5.7293,8,a,A,A
interval,data/videos_v3/int_10000ms/v3_10000_01186.avi,10000,D,B,,-1.5829,-1.2547,-1.3641,-1.536,8,a,B,B
order_real,data/videos_v3/int_10000ms/v3_10000_01187.avi,10000,0,0,-1.198,-9.3971,-11.8893,-12.3815,-11.6471,8,b,No,No
order_rev,data/videos_v3/int_10000ms/v3_10000_01187.avi,10000,0,0,-0.5144,-8.9565,-11.48,-12.1206,-11.4409,8,b,No,No
order_forced,data/videos_v3/int_10000ms/v3_10000_01187.avi,10000,0,1,0.4844,-0.5248,-1.0092,-3.8686,-5.2905,8,b,A,A
interval,data/videos_v3/int_10000ms/v3_10000_01187.avi,10000,D,B,,-1.5976,-1.2226,-1.3163,-1.6132,8,b,B,B
order_real,data/videos_v3/int_10000ms/v3_10000_01188.avi,10000,1,0,-0.7668,-9.2848,-11.5035,-12.4801,-11.4644,8,b,No,No
order_rev,data/videos_v3/int_10000ms/v3_10000_01188.avi,10000,1,0,-0.9148,-9.0386,-11.3901,-12.4292,-11.3745,8,b,No,No
order_forced,data/videos_v3/int_10000ms/v3_10000_01188.avi,10000,1,1,0.3906,-0.5574,-0.948,-4.3542,-5.7761,8,b,A,A
interval,data/videos_v3/int_10000ms/v3_10000_01188.avi,10000,D,C,,-1.658,-1.2518,-1.2518,-1.5643,8,b,C,C
order_real,data/videos_v3/int_10000ms/v3_10000_01189.avi,10000,1,0,-0.6629,-9.2003,-11.6143,-11.9893,-11.419,8,b,No,No
order_rev,data/videos_v3/int_10000ms/v3_10000_01189.avi,10000,1,0,-0.7614,-9.0949,-11.6262,-12.2043,-11.4231,8,b,No,No
order_forced,data/videos_v3/int_10000ms/v3_10000_01189.avi,10000,1,1,0.6563,-0.4764,-1.1327,-3.3827,-5.8983,8,b,A,A
interval,data/videos_v3/int_10000ms/v3_10000_01189.avi,10000,D,C,,-1.5636,-1.3136,-1.3136,-1.4855,8,b,C,C
order_real,data/videos_v3/int_10000ms/v3_10000_01190.avi,10000,1,0,-1.1371,-9.4156,-11.8609,-12.2672,-11.5719,8,a,No,No
order_rev,data/videos_v3/int_10000ms/v3_10000_01190.avi,10000,1,0,-1.0916,-9.3217,-11.9858,-12.3452,-11.5327,8,a,No,No
order_forced,data/videos_v3/int_10000ms/v3_10000_01190.avi,10000,1,1,0.5312,-0.5151,-1.0463,-3.3745,-5.6088,8,a,A,A
interval,data/videos_v3/int_10000ms/v3_10000_01190.avi,10000,D,B,,-1.5093,-1.2593,-1.3843,-1.603,8,a,B,B
order_real,data/videos_v3/int_10000ms/v3_10000_01191.avi,10000,0,0,-0.8764,-9.4762,-11.8433,-12.273,-11.7183,8,a,No,No
order_rev,data/videos_v3/int_10000ms/v3_10000_01191.avi,10000,0,0,-1.5739,-9.7663,-12.5632,-12.8679,-12.2038,8,a,No,No
order_forced,data/videos_v3/int_10000ms/v3_10000_01191.avi,10000,0,1,0.7188,-0.4361,-1.1549,-3.8268,-6.1705,8,a,A,A
interval,data/videos_v3/int_10000ms/v3_10000_01191.avi,10000,D,B,,-1.5738,-1.1832,-1.4019,-1.5582,8,a,B,B
order_real,data/videos_v3/int_10000ms/v3_10000_01192.avi,10000,0,0,-1.2933,-9.3411,-11.6927,-12.2239,-11.5208,8,b,No,No
order_rev,data/videos_v3/int_10000ms/v3_10000_01192.avi,10000,0,0,-1.0325,-9.1586,-11.7602,-12.3774,-11.518,8,b,No,No
order_forced,data/videos_v3/int_10000ms/v3_10000_01192.avi,10000,0,1,0.625,-0.4723,-1.0973,-3.8161,-5.6598,8,b,A,A
interval,data/videos_v3/int_10000ms/v3_10000_01192.avi,10000,D,B,,-1.591,-1.2473,-1.341,-1.5285,8,b,B,B
order_real,data/videos_v3/int_10000ms/v3_10000_01193.avi,10000,1,0,-0.8839,-9.3322,-11.5275,-12.4885,-11.4963,8,b,No,No
order_rev,data/videos_v3/int_10000ms/v3_10000_01193.avi,10000,1,0,-0.8411,-9.2079,-11.7626,-12.5829,-11.5361,8,b,No,No
order_forced,data/videos_v3/int_10000ms/v3_10000_01193.avi,10000,1,1,0.1875,-0.645,-0.8325,-3.9731,-5.7075,8,b,A,A
interval,data/videos_v3/int_10000ms/v3_10000_01193.avi,10000,D,B,,-1.6848,-1.1848,-1.3098,-1.5754,8,b,B,B
order_real,data/videos_v3/int_10000ms/v3_10000_01194.avi,10000,1,0,-1.193,-9.6085,-11.835,-12.7335,-11.7647,8,a,No,No
order_rev,data/videos_v3/int_10000ms/v3_10000_01194.avi,10000,1,0,-1.1918,-9.6584,-12.3615,-13.1271,-11.9006,8,a,No,No
order_forced,data/videos_v3/int_10000ms/v3_10000_01194.avi,10000,1,1,0.4532,-0.5403,-0.9935,-3.7747,-6.1497,8,a,A,A
interval,data/videos_v3/int_10000ms/v3_10000_01194.avi,10000,D,B,,-1.8538,-1.2445,-1.2757,-1.4007,8,a,B,B
order_real,data/videos_v3/int_10000ms/v3_10000_01195.avi,10000,1,0,-0.9275,-9.559,-11.5121,-12.434,-11.8715,8,b,No,No.
order_rev,data/videos_v3/int_10000ms/v3_10000_01195.avi,10000,1,0,-0.6522,-9.1742,-11.2679,-12.3695,-11.5804,8,b,No,No
order_forced,data/videos_v3/int_10000ms/v3_10000_01195.avi,10000,1,1,0.5781,-0.497,-1.0751,-3.8407,-6.5126,8,b,A,A
interval,data/videos_v3/int_10000ms/v3_10000_01195.avi,10000,D,B,,-1.6278,-1.2059,-1.3934,-1.4715,8,b,B,B
order_real,data/videos_v3/int_10000ms/v3_10000_01196.avi,10000,0,0,-1.3326,-9.5731,-11.7137,-12.6434,-11.7137,8,a,No,No
order_rev,data/videos_v3/int_10000ms/v3_10000_01196.avi,10000,0,0,-0.8781,-9.3193,-11.9131,-12.5225,-11.6631,8,a,No,No
order_forced,data/videos_v3/int_10000ms/v3_10000_01196.avi,10000,0,1,0.3593,-0.5623,-0.9216,-3.906,-6.1873,8,a,A,A
interval,data/videos_v3/int_10000ms/v3_10000_01196.avi,10000,D,B,,-1.529,-1.2009,-1.4665,-1.5759,8,a,B,B
order_real,data/videos_v3/int_10000ms/v3_10000_01197.avi,10000,0,0,-1.0838,-9.4115,-11.6772,-12.435,-11.6693,8,a,No,No
order_rev,data/videos_v3/int_10000ms/v3_10000_01197.avi,10000,0,0,-0.8562,-9.2426,-11.8285,-12.477,-11.6332,8,a,No,No
order_forced,data/videos_v3/int_10000ms/v3_10000_01197.avi,10000,0,1,0.5312,-0.5092,-1.0404,-4.0873,-6.4154,8,a,A,A
interval,data/videos_v3/int_10000ms/v3_10000_01197.avi,10000,D,B,,-1.6641,-1.1954,-1.3673,-1.6016,8,a,B,B
order_real,data/videos_v3/int_10000ms/v3_10000_01198.avi,10000,0,0,-0.886,-9.5239,-11.5786,-12.3911,-11.6254,8,a,No,No
order_rev,data/videos_v3/int_10000ms/v3_10000_01198.avi,10000,0,0,-0.7907,-9.3164,-11.7773,-12.5351,-11.6757,8,a,No,No
order_forced,data/videos_v3/int_10000ms/v3_10000_01198.avi,10000,0,1,0.5157,-0.5029,-1.0186,-3.9404,-5.5654,8,a,A,A
interval,data/videos_v3/int_10000ms/v3_10000_01198.avi,10000,D,C,,-1.6934,-1.2403,-1.1934,-1.6153,8,a,C,C
order_real,data/videos_v3/int_10000ms/v3_10000_01199.avi,10000,1,0,-0.9672,-9.3937,-11.5422,-12.4093,-11.3703,8,b,No,No
order_rev,data/videos_v3/int_10000ms/v3_10000_01199.avi,10000,1,0,-1.2195,-9.2919,-12.0028,-12.5888,-11.5653,8,b,No,No
order_forced,data/videos_v3/int_10000ms/v3_10000_01199.avi,10000,1,1,0.3437,-0.5706,-0.9143,-4.0081,-5.8362,8,b,A,A
interval,data/videos_v3/int_10000ms/v3_10000_01199.avi,10000,D,B,,-1.6581,-1.2206,-1.3456,-1.5174,8,b,B,B
order_blank,data/blank_videos/blank/blank_0000.mp4,0,-1,0,-0.5485,-9.2027,-11.4215,-12.148,-11.2965,8,a,No,No
order_blank,data/blank_videos/blank/blank_0001.mp4,0,-1,0,-0.5485,-9.2027,-11.4215,-12.148,-11.2965,8,a,No,No
order_blank,data/blank_videos/blank/blank_0002.mp4,0,-1,0,-0.5485,-9.2027,-11.4215,-12.148,-11.2965,8,a,No,No
order_blank,data/blank_videos/blank/blank_0003.mp4,0,-1,0,-0.5485,-9.2027,-11.4215,-12.148,-11.2965,8,a,No,No
order_blank,data/blank_videos/blank/blank_0004.mp4,0,-1,0,-0.5485,-9.2027,-11.4215,-12.148,-11.2965,8,a,No,No
order_blank,data/blank_videos/blank/blank_0005.mp4,0,-1,0,-0.5485,-9.2027,-11.4215,-12.148,-11.2965,8,a,No,No
order_blank,data/blank_videos/blank/blank_0006.mp4,0,-1,0,-0.5485,-9.2027,-11.4215,-12.148,-11.2965,8,a,No,No
order_blank,data/blank_videos/blank/blank_0007.mp4,0,-1,0,-0.5485,-9.2027,-11.4215,-12.148,-11.2965,8,a,No,No
order_blank,data/blank_videos/blank/blank_0008.mp4,0,-1,0,-0.5485,-9.2027,-11.4215,-12.148,-11.2965,8,a,No,No
order_blank,data/blank_videos/blank/blank_0009.mp4,0,-1,0,-0.5485,-9.2027,-11.4215,-12.148,-11.2965,8,a,No,No
order_blank,data/blank_videos/blank/blank_0010.mp4,0,-1,0,-0.5485,-9.2027,-11.4215,-12.148,-11.2965,8,a,No,No
order_blank,data/blank_videos/blank/blank_0011.mp4,0,-1,0,-0.5485,-9.2027,-11.4215,-12.148,-11.2965,8,a,No,No
order_blank,data/blank_videos/blank/blank_0012.mp4,0,-1,0,-0.5485,-9.2027,-11.4215,-12.148,-11.2965,8,a,No,No
order_blank,data/blank_videos/blank/blank_0013.mp4,0,-1,0,-0.5485,-9.2027,-11.4215,-12.148,-11.2965,8,a,No,No
order_blank,data/blank_videos/blank/blank_0014.mp4,0,-1,0,-0.5485,-9.2027,-11.4215,-12.148,-11.2965,8,a,No,No
order_blank,data/blank_videos/blank/blank_0015.mp4,0,-1,0,-0.5485,-9.2027,-11.4215,-12.148,-11.2965,8,a,No,No
order_blank,data/blank_videos/blank/blank_0016.mp4,0,-1,0,-0.5485,-9.2027,-11.4215,-12.148,-11.2965,8,a,No,No
order_blank,data/blank_videos/blank/blank_0017.mp4,0,-1,0,-0.5485,-9.2027,-11.4215,-12.148,-11.2965,8,a,No,No
order_blank,data/blank_videos/blank/blank_0018.mp4,0,-1,0,-0.5485,-9.2027,-11.4215,-12.148,-11.2965,8,a,No,No
order_blank,data/blank_videos/blank/blank_0019.mp4,0,-1,0,-0.5485,-9.2027,-11.4215,-12.148,-11.2965,8,a,No,No
order_blank,data/blank_videos/blank/blank_0020.mp4,0,-1,0,-0.5485,-9.2027,-11.4215,-12.148,-11.2965,8,a,No,No
order_blank,data/blank_videos/blank/blank_0021.mp4,0,-1,0,-0.5485,-9.2027,-11.4215,-12.148,-11.2965,8,a,No,No
order_blank,data/blank_videos/blank/blank_0022.mp4,0,-1,0,-0.5485,-9.2027,-11.4215,-12.148,-11.2965,8,a,No,No
order_blank,data/blank_videos/blank/blank_0023.mp4,0,-1,0,-0.5485,-9.2027,-11.4215,-12.148,-11.2965,8,a,No,No
order_blank,data/blank_videos/blank/blank_0024.mp4,0,-1,0,-0.5485,-9.2027,-11.4215,-12.148,-11.2965,8,a,No,No
order_blank,data/blank_videos/blank/blank_0025.mp4,0,-1,0,-0.5485,-9.2027,-11.4215,-12.148,-11.2965,8,a,No,No
order_blank,data/blank_videos/blank/blank_0026.mp4,0,-1,0,-0.5485,-9.2027,-11.4215,-12.148,-11.2965,8,a,No,No
order_blank,data/blank_videos/blank/blank_0027.mp4,0,-1,0,-0.5485,-9.2027,-11.4215,-12.148,-11.2965,8,a,No,No
order_blank,data/blank_videos/blank/blank_0028.mp4,0,-1,0,-0.5485,-9.2027,-11.4215,-12.148,-11.2965,8,a,No,No
order_blank,data/blank_videos/blank/blank_0029.mp4,0,-1,0,-0.5485,-9.2027,-11.4215,-12.148,-11.2965,8,a,No,No
order_blank,data/blank_videos/blank/blank_0030.mp4,0,-1,0,-0.5485,-9.2027,-11.4215,-12.148,-11.2965,8,a,No,No
order_blank,data/blank_videos/blank/blank_0031.mp4,0,-1,0,-0.5485,-9.2027,-11.4215,-12.148,-11.2965,8,a,No,No
order_blank,data/blank_videos/blank/blank_0032.mp4,0,-1,0,-0.5485,-9.2027,-11.4215,-12.148,-11.2965,8,a,No,No
order_blank,data/blank_videos/blank/blank_0033.mp4,0,-1,0,-0.5485,-9.2027,-11.4215,-12.148,-11.2965,8,a,No,No
order_blank,data/blank_videos/blank/blank_0034.mp4,0,-1,0,-0.5485,-9.2027,-11.4215,-12.148,-11.2965,8,a,No,No
order_blank,data/blank_videos/blank/blank_0035.mp4,0,-1,0,-0.5485,-9.2027,-11.4215,-12.148,-11.2965,8,a,No,No
order_blank,data/blank_videos/blank/blank_0036.mp4,0,-1,0,-0.5485,-9.2027,-11.4215,-12.148,-11.2965,8,a,No,No
order_blank,data/blank_videos/blank/blank_0037.mp4,0,-1,0,-0.5485,-9.2027,-11.4215,-12.148,-11.2965,8,a,No,No
order_blank,data/blank_videos/blank/blank_0038.mp4,0,-1,0,-0.5485,-9.2027,-11.4215,-12.148,-11.2965,8,a,No,No
order_blank,data/blank_videos/blank/blank_0039.mp4,0,-1,0,-0.5485,-9.2027,-11.4215,-12.148,-11.2965,8,a,No,No
order_blank,data/blank_videos/blank/blank_0040.mp4,0,-1,0,-0.5485,-9.2027,-11.4215,-12.148,-11.2965,8,a,No,No
order_blank,data/blank_videos/blank/blank_0041.mp4,0,-1,0,-0.5485,-9.2027,-11.4215,-12.148,-11.2965,8,a,No,No
order_blank,data/blank_videos/blank/blank_0042.mp4,0,-1,0,-0.5485,-9.2027,-11.4215,-12.148,-11.2965,8,a,No,No
order_blank,data/blank_videos/blank/blank_0043.mp4,0,-1,0,-0.5485,-9.2027,-11.4215,-12.148,-11.2965,8,a,No,No
order_blank,data/blank_videos/blank/blank_0044.mp4,0,-1,0,-0.5485,-9.2027,-11.4215,-12.148,-11.2965,8,a,No,No
order_blank,data/blank_videos/blank/blank_0045.mp4,0,-1,0,-0.5485,-9.2027,-11.4215,-12.148,-11.2965,8,a,No,No
order_blank,data/blank_videos/blank/blank_0046.mp4,0,-1,0,-0.5485,-9.2027,-11.4215,-12.148,-11.2965,8,a,No,No
order_blank,data/blank_videos/blank/blank_0047.mp4,0,-1,0,-0.5485,-9.2027,-11.4215,-12.148,-11.2965,8,a,No,No
order_blank,data/blank_videos/blank/blank_0048.mp4,0,-1,0,-0.5485,-9.2027,-11.4215,-12.148,-11.2965,8,a,No,No
order_blank,data/blank_videos/blank/blank_0049.mp4,0,-1,0,-0.5485,-9.2027,-11.4215,-12.148,-11.2965,8,a,No,No
