layer,direction,alpha,path,gt,interval_ms,margin,pred,response
21,none,0.0,data/videos_v3/int_5000ms/v3_5000_00960.avi,1,5000,-0.4393,0,NO.
21,none,0.0,data/videos_v3/int_500ms/v3_500_00401.avi,0,500,-3.0948,0,NO.
21,none,0.0,data/videos_v3/int_500ms/v3_500_00417.avi,0,500,-1.5227,0,NO.
21,none,0.0,data/videos_v3/int_333ms/v3_333_00354.avi,0,333,-1.9076,0,NO.
21,none,0.0,data/videos_v3/int_2000ms/v3_2000_00717.avi,1,2000,-2.4467,0,NO.
21,none,0.0,data/videos_v3/int_2000ms/v3_2000_00789.avi,0,2000,-0.5591,0,NO.
21,none,0.0,data/videos_v3/int_10000ms/v3_10000_01184.avi,0,10000,-2.3507,0,NO.
21,none,0.0,data/videos_v3/int_7000ms/v3_7000_01090.avi,1,7000,-1.1371,0,NO.
21,none,0.0,data/videos_v3/int_1500ms/v3_1500_00634.avi,0,1500,-1.1694,0,NO.
21,none,0.0,data/videos_v3/int_500ms/v3_500_00459.avi,1,500,-0.7914,0,NO.
21,none,0.0,data/videos_v3/int_7000ms/v3_7000_01058.avi,0,7000,-2.4326,0,NO.
21,none,0.0,data/videos_v3/int_3000ms/v3_3000_00860.avi,1,3000,-2.3376,0,NO.
21,none,0.0,data/videos_v3/int_2000ms/v3_2000_00708.avi,0,2000,-1.4727,0,NO.
21,none,0.0,data/videos_v3/int_2000ms/v3_2000_00773.avi,0,2000,-3.0659,0,NO.
21,none,0.0,data/videos_v3/int_1000ms/v3_1000_00525.avi,1,1000,-1.6028,0,NO.
21,none,0.0,data/videos_v3/int_1000ms/v3_1000_00558.avi,1,1000,-3.2118,0,NO.
21,none,0.0,data/videos_v3/int_200ms/v3_200_00242.avi,0,200,-2.6991,0,NO.
21,none,0.0,data/videos_v3/int_333ms/v3_333_00396.avi,1,333,-2.5718,0,NO.
21,none,0.0,data/videos_v3/int_1500ms/v3_1500_00641.avi,1,1500,-1.0591,0,NO.
21,none,0.0,data/videos_v3/int_1000ms/v3_1000_00576.avi,0,1000,-2.2284,0,NO.
21,none,0.0,data/videos_v3/int_10000ms/v3_10000_01192.avi,0,10000,-1.3976,0,NO.
21,none,0.0,data/videos_v3/int_5000ms/v3_5000_00951.avi,0,5000,-2.0687,0,NO.
21,none,0.0,data/videos_v3/int_7000ms/v3_7000_01060.avi,0,7000,-2.0715,0,NO.
21,none,0.0,data/videos_v3/int_1000ms/v3_1000_00518.avi,0,1000,-1.8091,0,NO.
21,none,0.0,data/videos_v3/int_10000ms/v3_10000_01140.avi,0,10000,-0.7945,0,NO.
21,none,0.0,data/videos_v3/int_2000ms/v3_2000_00706.avi,0,2000,-2.9699,0,NO.
21,none,0.0,data/videos_v3/int_100ms/v3_100_00125.avi,0,100,-0.9406,0,NO.
21,none,0.0,data/videos_v3/int_1500ms/v3_1500_00670.avi,1,1500,-0.6373,0,NO.
21,none,0.0,data/videos_v3/int_100ms/v3_100_00149.avi,0,100,-1.6989,0,NO.
21,none,0.0,data/videos_v3/int_3000ms/v3_3000_00849.avi,0,3000,-2.7321,0,NO.
21,none,0.0,data/videos_v3/int_2000ms/v3_2000_00795.avi,1,2000,-2.4625,0,NO.
21,none,0.0,data/videos_v3/int_333ms/v3_333_00333.avi,0,333,-2.5659,0,NO.
21,none,0.0,data/videos_v3/int_500ms/v3_500_00404.avi,1,500,-1.5593,0,NO.
21,none,0.0,data/videos_v3/int_67ms/v3_67_00059.avi,1,67,-0.5654,0,NO.
21,none,0.0,data/videos_v3/int_7000ms/v3_7000_01034.avi,1,7000,-1.0819,0,NO.
21,none,0.0,data/videos_v3/int_333ms/v3_333_00356.avi,1,333,-1.1877,0,NO.
21,none,0.0,data/videos_v3/int_5000ms/v3_5000_00932.avi,0,5000,-1.2034,0,NO.
21,none,0.0,data/videos_v3/int_5000ms/v3_5000_00966.avi,1,5000,-2.7125,0,NO.
21,none,0.0,data/videos_v3/int_1000ms/v3_1000_00584.avi,1,1000,-1.6935,0,NO.
21,none,0.0,data/videos_v3/int_333ms/v3_333_00350.avi,0,333,0.066,0,NO.
21,none,0.0,data/videos_v3/int_3000ms/v3_3000_00813.avi,0,3000,-2.7126,0,NO.
21,none,0.0,data/videos_v3/int_1500ms/v3_1500_00663.avi,0,1500,-2.7357,0,NO.
21,none,0.0,data/videos_v3/int_7000ms/v3_7000_01098.avi,0,7000,-1.4075,0,NO.
21,none,0.0,data/videos_v3/int_200ms/v3_200_00245.avi,0,200,-2.7231,0,NO.
21,none,0.0,data/videos_v3/int_10000ms/v3_10000_01107.avi,1,10000,-0.677,0,NO.
21,none,0.0,data/videos_v3/int_3000ms/v3_3000_00892.avi,0,3000,-2.8408,0,NO.
21,none,0.0,data/videos_v3/int_2000ms/v3_2000_00771.avi,0,2000,-1.5522,0,NO.
21,none,0.0,data/videos_v3/int_2000ms/v3_2000_00767.avi,0,2000,-1.9489,0,NO.
21,none,0.0,data/videos_v3/int_200ms/v3_200_00283.avi,1,200,-0.6837,0,NO.
21,none,0.0,data/videos_v3/int_200ms/v3_200_00224.avi,1,200,-0.6891,0,NO.
21,none,0.0,data/videos_v3/int_2000ms/v3_2000_00790.avi,1,2000,-1.6374,0,NO.
21,none,0.0,data/videos_v3/int_10000ms/v3_10000_01173.avi,1,10000,0.1715,1,YES.
21,none,0.0,data/videos_v3/int_500ms/v3_500_00440.avi,1,500,-1.4406,0,NO.
21,none,0.0,data/videos_v3/int_500ms/v3_500_00494.avi,0,500,-1.9466,0,NO.
21,none,0.0,data/videos_v3/int_2000ms/v3_2000_00719.avi,1,2000,-1.9408,0,NO.
21,none,0.0,data/videos_v3/int_3000ms/v3_3000_00867.avi,0,3000,-1.473,0,NO.
21,none,0.0,data/videos_v3/int_500ms/v3_500_00468.avi,0,500,-1.98,0,NO.
21,none,0.0,data/videos_v3/int_7000ms/v3_7000_01052.avi,1,7000,-0.9071,0,NO.
21,none,0.0,data/videos_v3/int_10000ms/v3_10000_01120.avi,0,10000,-2.4169,0,NO.
21,none,0.0,data/videos_v3/int_10000ms/v3_10000_01146.avi,1,10000,-0.9249,0,NO.
21,none,0.0,data/videos_v3/int_67ms/v3_67_00038.avi,1,67,-0.4407,0,NO.
21,none,0.0,data/videos_v3/int_2000ms/v3_2000_00762.avi,0,2000,-1.707,0,NO.
21,none,0.0,data/videos_v3/int_10000ms/v3_10000_01112.avi,1,10000,-0.4517,0,NO.
21,none,0.0,data/videos_v3/int_7000ms/v3_7000_01044.avi,0,7000,-0.2997,0,NO.
21,none,0.0,data/videos_v3/int_200ms/v3_200_00270.avi,1,200,-1.6825,0,NO.
21,none,0.0,data/videos_v3/int_10000ms/v3_10000_01156.avi,1,10000,-1.5912,0,NO.
21,none,0.0,data/videos_v3/int_333ms/v3_333_00301.avi,0,333,-1.4343,0,NO.
21,none,0.0,data/videos_v3/int_2000ms/v3_2000_00733.avi,1,2000,-2.9758,0,NO.
21,none,0.0,data/videos_v3/int_10000ms/v3_10000_01151.avi,0,10000,-2.8552,0,NO.
21,none,0.0,data/videos_v3/int_2000ms/v3_2000_00774.avi,0,2000,-2.7164,0,NO.
21,none,0.0,data/videos_v3/int_10000ms/v3_10000_01134.avi,0,10000,-1.4488,0,NO.
21,none,0.0,data/videos_v3/int_5000ms/v3_5000_00913.avi,0,5000,-1.2824,0,NO.
21,none,0.0,data/videos_v3/int_500ms/v3_500_00465.avi,0,500,-3.5866,0,NO.
21,none,0.0,data/videos_v3/int_1500ms/v3_1500_00601.avi,1,1500,-3.9573,0,NO.
21,none,0.0,data/videos_v3/int_200ms/v3_200_00231.avi,0,200,-2.1825,0,NO.
21,none,0.0,data/videos_v3/int_500ms/v3_500_00407.avi,1,500,0.0543,0,NO.
21,none,0.0,data/videos_v3/int_10000ms/v3_10000_01147.avi,1,10000,-0.4519,0,NO.
21,none,0.0,data/videos_v3/int_500ms/v3_500_00469.avi,0,500,-2.3506,0,NO.
21,none,0.0,data/videos_v3/int_500ms/v3_500_00479.avi,1,500,-1.1476,0,NO.
21,none,0.0,data/videos_v3/int_333ms/v3_333_00311.avi,0,333,-1.0785,0,NO.
21,none,0.0,data/videos_v3/int_3000ms/v3_3000_00822.avi,1,3000,-2.8376,0,NO.
21,none,0.0,data/videos_v3/int_1500ms/v3_1500_00642.avi,0,1500,-2.1908,0,NO.
21,none,0.0,data/videos_v3/int_3000ms/v3_3000_00847.avi,0,3000,-2.4664,0,NO.
21,none,0.0,data/videos_v3/int_100ms/v3_100_00176.avi,0,100,-3.7073,0,NO.
21,none,0.0,data/videos_v3/int_7000ms/v3_7000_01042.avi,0,7000,-2.1967,0,NO.
21,none,0.0,data/videos_v3/int_333ms/v3_333_00382.avi,1,333,-1.4622,0,NO.
21,none,0.0,data/videos_v3/int_7000ms/v3_7000_01063.avi,0,7000,-1.5592,0,NO.
21,none,0.0,data/videos_v3/int_10000ms/v3_10000_01178.avi,1,10000,0.4356,1,YES.
21,none,0.0,data/videos_v3/int_67ms/v3_67_00068.avi,0,67,-1.5362,0,NO.
21,none,0.0,data/videos_v3/int_1500ms/v3_1500_00616.avi,0,1500,-1.5415,0,NO.
21,none,0.0,data/videos_v3/int_200ms/v3_200_00200.avi,0,200,-1.824,0,NO.
21,none,0.0,data/videos_v3/int_2000ms/v3_2000_00791.avi,0,2000,-1.853,0,NO.
21,none,0.0,data/videos_v3/int_1500ms/v3_1500_00695.avi,0,1500,-1.9438,0,NO.
21,none,0.0,data/videos_v3/int_500ms/v3_500_00415.avi,1,500,-0.3641,0,NO.
21,none,0.0,data/videos_v3/int_10000ms/v3_10000_01194.avi,1,10000,-0.1964,0,NO.
21,none,0.0,data/videos_v3/int_500ms/v3_500_00403.avi,1,500,-2.0717,0,NO.
21,none,0.0,data/videos_v3/int_2000ms/v3_2000_00752.avi,0,2000,-3.4998,0,NO.
21,none,0.0,data/videos_v3/int_10000ms/v3_10000_01165.avi,0,10000,-1.827,0,NO.
21,none,0.0,data/videos_v3/int_500ms/v3_500_00464.avi,1,500,-0.4325,0,NO.
21,none,0.0,data/videos_v3/int_500ms/v3_500_00492.avi,0,500,-2.3022,0,NO.
21,none,0.0,data/videos_v3/int_5000ms/v3_5000_00928.avi,0,5000,-2.9857,0,NO.
21,none,0.0,data/videos_v3/int_500ms/v3_500_00487.avi,0,500,-2.728,0,NO.
21,none,0.0,data/videos_v3/int_1000ms/v3_1000_00553.avi,0,1000,-1.6664,0,NO.
21,none,0.0,data/videos_v3/int_7000ms/v3_7000_01000.avi,1,7000,-1.8216,0,NO.
21,none,0.0,data/videos_v3/int_1500ms/v3_1500_00612.avi,0,1500,-2.4664,0,NO.
21,none,0.0,data/videos_v3/int_10000ms/v3_10000_01127.avi,1,10000,-1.8447,0,NO.
21,none,0.0,data/videos_v3/int_5000ms/v3_5000_00999.avi,0,5000,-2.5718,0,NO.
21,none,0.0,data/videos_v3/int_7000ms/v3_7000_01069.avi,1,7000,-1.9076,0,NO.
21,none,0.0,data/videos_v3/int_10000ms/v3_10000_01167.avi,0,10000,-1.3332,0,NO.
21,none,0.0,data/videos_v3/int_7000ms/v3_7000_01019.avi,0,7000,-1.9394,0,NO.
21,none,0.0,data/videos_v3/int_2000ms/v3_2000_00779.avi,0,2000,-2.3376,0,NO.
21,none,0.0,data/videos_v3/int_1500ms/v3_1500_00647.avi,1,1500,-1.5716,0,NO.
21,none,0.0,data/videos_v3/int_5000ms/v3_5000_00905.avi,1,5000,-1.5517,0,NO.
21,none,0.0,data/videos_v3/int_1000ms/v3_1000_00586.avi,1,1000,-1.2826,0,NO.
21,none,0.0,data/videos_v3/int_2000ms/v3_2000_00713.avi,0,2000,-2.6247,0,NO.
21,none,0.0,data/videos_v3/int_1500ms/v3_1500_00644.avi,1,1500,-1.0787,0,NO.
21,none,0.0,data/videos_v3/int_10000ms/v3_10000_01181.avi,0,10000,-1.5737,0,NO.
21,none,0.0,data/videos_v3/int_3000ms/v3_3000_00873.avi,0,3000,-0.9405,0,NO.
21,none,0.0,data/videos_v3/int_7000ms/v3_7000_01074.avi,0,7000,-0.3284,0,NO.
21,none,0.0,data/videos_v3/int_1000ms/v3_1000_00535.avi,0,1000,-2.7016,0,NO.
21,none,0.0,data/videos_v3/int_3000ms/v3_3000_00829.avi,0,3000,-2.0821,0,NO.
21,none,0.0,data/videos_v3/int_3000ms/v3_3000_00823.avi,1,3000,-0.9197,0,NO.
21,none,0.0,data/videos_v3/int_10000ms/v3_10000_01191.avi,0,10000,-1.1768,0,NO.
21,none,0.0,data/videos_v3/int_1500ms/v3_1500_00618.avi,1,1500,-3.0868,0,NO.
21,none,0.0,data/videos_v3/int_333ms/v3_333_00394.avi,0,333,-1.949,0,NO.
21,none,0.0,data/videos_v3/int_2000ms/v3_2000_00701.avi,1,2000,-2.3094,0,NO.
21,none,0.0,data/videos_v3/int_1500ms/v3_1500_00681.avi,1,1500,-2.4522,0,NO.
21,none,0.0,data/videos_v3/int_5000ms/v3_5000_00983.avi,0,5000,-1.4579,0,NO.
21,none,0.0,data/videos_v3/int_333ms/v3_333_00388.avi,1,333,-3.4573,0,NO.
21,none,0.0,data/videos_v3/int_1500ms/v3_1500_00669.avi,1,1500,-1.1696,0,NO.
21,none,0.0,data/videos_v3/int_2000ms/v3_2000_00755.avi,1,2000,-2.3333,0,NO.
21,none,0.0,data/videos_v3/int_1000ms/v3_1000_00566.avi,1,1000,-1.137,0,NO.
21,none,0.0,data/videos_v3/int_1000ms/v3_1000_00561.avi,1,1000,-1.1478,0,NO.
21,none,0.0,data/videos_v3/int_1500ms/v3_1500_00674.avi,1,1500,-0.7997,0,NO.
21,none,0.0,data/videos_v3/int_1000ms/v3_1000_00581.avi,1,1000,-1.5518,0,NO.
21,none,0.0,data/videos_v3/int_5000ms/v3_5000_00908.avi,1,5000,-0.7998,0,NO.
21,none,0.0,data/videos_v3/int_200ms/v3_200_00279.avi,1,200,-1.0497,0,NO.
21,none,0.0,data/videos_v3/int_100ms/v3_100_00133.avi,1,100,-0.0644,0,NO.
21,none,0.0,data/videos_v3/int_1500ms/v3_1500_00666.avi,0,1500,-0.5441,0,NO.
21,none,0.0,data/videos_v3/int_5000ms/v3_5000_00980.avi,0,5000,-0.4659,0,NO.
21,none,0.0,data/videos_v3/int_3000ms/v3_3000_00833.avi,0,3000,-2.941,0,NO.
21,none,0.0,data/videos_v3/int_333ms/v3_333_00336.avi,0,333,-1.4193,0,NO.
21,none,0.0,data/videos_v3/int_333ms/v3_333_00329.avi,1,333,-2.1751,0,NO.
21,none,0.0,data/videos_v3/int_500ms/v3_500_00491.avi,1,500,-0.9112,0,NO.
21,none,0.0,data/videos_v3/int_10000ms/v3_10000_01125.avi,0,10000,-2.2038,0,NO.
21,none,0.0,data/videos_v3/int_1000ms/v3_1000_00595.avi,0,1000,-0.5443,0,NO.
21,none,0.0,data/videos_v3/int_2000ms/v3_2000_00778.avi,0,2000,-1.427,0,NO.
21,none,0.0,data/videos_v3/int_10000ms/v3_10000_01130.avi,0,10000,-2.4467,0,NO.
21,none,0.0,data/videos_v3/int_200ms/v3_200_00223.avi,1,200,-1.9407,0,NO.
21,none,0.0,data/videos_v3/int_5000ms/v3_5000_00921.avi,0,5000,-2.3219,0,NO.
21,none,0.0,data/videos_v3/int_7000ms/v3_7000_01012.avi,1,7000,-1.4247,0,NO.
21,none,0.0,data/videos_v3/int_10000ms/v3_10000_01108.avi,1,10000,-0.6693,0,NO.
21,none,0.0,data/videos_v3/int_100ms/v3_100_00188.avi,1,100,-2.5866,0,NO.
21,none,0.0,data/videos_v3/int_7000ms/v3_7000_01097.avi,0,7000,-2.0326,0,NO.
21,none,0.0,data/videos_v3/int_1500ms/v3_1500_00677.avi,1,1500,-0.2859,0,NO.
21,none,0.0,data/videos_v3/int_333ms/v3_333_00379.avi,1,333,-1.5655,0,NO.
21,none,0.0,data/videos_v3/int_1000ms/v3_1000_00560.avi,1,1000,-2.3188,0,NO.
21,none,0.0,data/videos_v3/int_2000ms/v3_2000_00716.avi,1,2000,-2.2039,0,NO.
21,none,0.0,data/videos_v3/int_1000ms/v3_1000_00554.avi,0,1000,-0.6664,0,NO.
21,none,0.0,data/videos_v3/int_200ms/v3_200_00268.avi,0,200,-1.6696,0,NO.
21,none,0.0,data/videos_v3/int_1000ms/v3_1000_00529.avi,0,1000,-1.6895,0,NO.
21,none,0.0,data/videos_v3/int_3000ms/v3_3000_00879.avi,0,3000,-2.3335,0,NO.
21,none,0.0,data/videos_v3/int_2000ms/v3_2000_00777.avi,1,2000,-1.4536,0,NO.
21,none,0.0,data/videos_v3/int_1000ms/v3_1000_00545.avi,0,1000,-2.6843,0,NO.
21,none,0.0,data/videos_v3/int_1000ms/v3_1000_00520.avi,0,1000,-2.6969,0,NO.
21,none,0.0,data/videos_v3/int_1500ms/v3_1500_00675.avi,0,1500,-1.5656,0,NO.
21,none,0.0,data/videos_v3/int_10000ms/v3_10000_01126.avi,0,10000,-2.2322,0,NO.
21,none,0.0,data/videos_v3/int_1500ms/v3_1500_00617.avi,0,1500,-1.0518,0,NO.
21,none,0.0,data/videos_v3/int_3000ms/v3_3000_00885.avi,1,3000,-2.3981,0,NO.
21,none,0.0,data/videos_v3/int_5000ms/v3_5000_00935.avi,0,5000,-3.4618,0,NO.
21,none,0.0,data/videos_v3/int_3000ms/v3_3000_00871.avi,1,3000,-1.9997,0,NO.
21,none,0.0,data/videos_v3/int_1000ms/v3_1000_00598.avi,0,1000,-1.2998,0,NO.
21,none,0.0,data/videos_v3/int_1500ms/v3_1500_00631.avi,1,1500,-2.7497,0,NO.
21,none,0.0,data/videos_v3/int_5000ms/v3_5000_00968.avi,0,5000,-1.0443,0,NO.
21,none,0.0,data/videos_v3/int_3000ms/v3_3000_00878.avi,0,3000,-1.5657,0,NO.
21,none,0.0,data/videos_v3/int_1000ms/v3_1000_00551.avi,0,1000,-4.4759,0,NO.
21,none,0.0,data/videos_v3/int_1000ms/v3_1000_00548.avi,1,1000,-2.0979,0,NO.
21,none,0.0,data/videos_v3/int_1000ms/v3_1000_00509.avi,0,1000,-0.8019,0,NO.
21,none,0.0,data/videos_v3/int_200ms/v3_200_00254.avi,1,200,-1.302,0,NO.
21,none,0.0,data/videos_v3/int_200ms/v3_200_00226.avi,0,200,-3.5502,0,NO.
21,none,0.0,data/videos_v3/int_200ms/v3_200_00261.avi,1,200,-2.3551,0,NO.
21,none,0.0,data/videos_v3/int_2000ms/v3_2000_00743.avi,1,2000,-1.5657,0,NO.
21,none,0.0,data/videos_v3/int_7000ms/v3_7000_01031.avi,1,7000,0.423,1,YES.
21,none,0.0,data/videos_v3/int_67ms/v3_67_00074.avi,1,67,-2.0364,0,NO.
21,none,0.0,data/videos_v3/int_10000ms/v3_10000_01171.avi,0,10000,-2.1667,0,NO.
21,none,0.0,data/videos_v3/int_100ms/v3_100_00127.avi,0,100,-1.9074,0,NO.
21,none,0.0,data/videos_v3/int_100ms/v3_100_00137.avi,1,100,-1.0227,0,NO.
21,none,0.0,data/videos_v3/int_67ms/v3_67_00095.avi,1,67,-2.3376,0,NO.
21,none,0.0,data/videos_v3/int_1500ms/v3_1500_00659.avi,1,1500,-0.3236,0,NO.
21,none,0.0,data/videos_v3/int_333ms/v3_333_00344.avi,0,333,-1.9583,0,NO.
21,none,0.0,data/videos_v3/int_2000ms/v3_2000_00746.avi,1,2000,-1.0657,0,NO.
21,none,0.0,data/videos_v3/int_200ms/v3_200_00294.avi,1,200,-0.8089,0,NO.
21,none,0.0,data/videos_v3/int_3000ms/v3_3000_00854.avi,0,3000,-2.3094,0,NO.
21,none,0.0,data/videos_v3/int_5000ms/v3_5000_00955.avi,0,5000,-2.1028,0,NO.
21,none,0.0,data/videos_v3/int_7000ms/v3_7000_01036.avi,0,7000,-2.0786,0,NO.
21,none,0.0,data/videos_v3/int_333ms/v3_333_00352.avi,0,333,-2.3287,0,NO.
21,none,0.0,data/videos_v3/int_7000ms/v3_7000_01010.avi,0,7000,-3.2158,0,NO.
21,none,0.0,data/videos_v3/int_1500ms/v3_1500_00624.avi,1,1500,-3.5823,0,NO.
21,none,0.0,data/videos_v3/int_10000ms/v3_10000_01101.avi,1,10000,-2.0771,0,NO.
21,none,0.0,data/videos_v3/int_500ms/v3_500_00439.avi,0,500,-3.3376,0,NO.
21,order,-1,data/videos_v3/int_5000ms/v3_5000_00960.avi,1,5000,-7.1528,0,No
21,order,-1,data/videos_v3/int_500ms/v3_500_00401.avi,0,500,-10.0599,0,No.
21,order,-1,data/videos_v3/int_500ms/v3_500_00417.avi,0,500,-7.5329,0,No
21,order,-1,data/videos_v3/int_333ms/v3_333_00354.avi,0,333,-8.7979,0,No
21,order,-1,data/videos_v3/int_2000ms/v3_2000_00717.avi,1,2000,-9.2497,0,No
21,order,-1,data/videos_v3/int_2000ms/v3_2000_00789.avi,0,2000,-7.439,0,No
21,order,-1,data/videos_v3/int_10000ms/v3_10000_01184.avi,0,10000,-9.0535,0,No
21,order,-1,data/videos_v3/int_7000ms/v3_7000_01090.avi,1,7000,-7.6397,0,No
21,order,-1,data/videos_v3/int_1500ms/v3_1500_00634.avi,0,1500,-7.3578,0,No
21,order,-1,data/videos_v3/int_500ms/v3_500_00459.avi,1,500,-7.3443,0,No
21,order,-1,data/videos_v3/int_7000ms/v3_7000_01058.avi,0,7000,-8.3419,0,No
21,order,-1,data/videos_v3/int_3000ms/v3_3000_00860.avi,1,3000,-9.1238,0,No
21,order,-1,data/videos_v3/int_2000ms/v3_2000_00708.avi,0,2000,-8.526,0,No
21,order,-1,data/videos_v3/int_2000ms/v3_2000_00773.avi,0,2000,-10.2732,0,No
21,order,-1,data/videos_v3/int_1000ms/v3_1000_00525.avi,1,1000,-8.9743,0,No
21,order,-1,data/videos_v3/int_1000ms/v3_1000_00558.avi,1,1000,-9.7987,0,No
21,order,-1,data/videos_v3/int_200ms/v3_200_00242.avi,0,200,-9.7555,0,No.
21,order,-1,data/videos_v3/int_333ms/v3_333_00396.avi,1,333,-9.3177,0,No
21,order,-1,data/videos_v3/int_1500ms/v3_1500_00641.avi,1,1500,-7.7243,0,No.
21,order,-1,data/videos_v3/int_1000ms/v3_1000_00576.avi,0,1000,-8.7595,0,No.
21,order,-1,data/videos_v3/int_10000ms/v3_10000_01192.avi,0,10000,-7.9118,0,No.
21,order,-1,data/videos_v3/int_5000ms/v3_5000_00951.avi,0,5000,-8.6051,0,No.
21,order,-1,data/videos_v3/int_7000ms/v3_7000_01060.avi,0,7000,-8.3617,0,No.
21,order,-1,data/videos_v3/int_1000ms/v3_1000_00518.avi,0,1000,-8.3178,0,No.
21,order,-1,data/videos_v3/int_10000ms/v3_10000_01140.avi,0,10000,-7.6377,0,No
21,order,-1,data/videos_v3/int_2000ms/v3_2000_00706.avi,0,2000,-9.7954,0,No
21,order,-1,data/videos_v3/int_100ms/v3_100_00125.avi,0,100,-7.5876,0,No
21,order,-1,data/videos_v3/int_1500ms/v3_1500_00670.avi,1,1500,-7.5641,0,No
21,order,-1,data/videos_v3/int_100ms/v3_100_00149.avi,0,100,-8.2456,0,No.
21,order,-1,data/videos_v3/int_3000ms/v3_3000_00849.avi,0,3000,-9.6287,0,No
21,order,-1,data/videos_v3/int_2000ms/v3_2000_00795.avi,1,2000,-9.1632,0,No
21,order,-1,data/videos_v3/int_333ms/v3_333_00333.avi,0,333,-9.6872,0,No.
21,order,-1,data/videos_v3/int_500ms/v3_500_00404.avi,1,500,-7.6501,0,No
21,order,-1,data/videos_v3/int_67ms/v3_67_00059.avi,1,67,-6.736,0,No
21,order,-1,data/videos_v3/int_7000ms/v3_7000_01034.avi,1,7000,-7.6962,0,No
21,order,-1,data/videos_v3/int_333ms/v3_333_00356.avi,1,333,-8.0409,0,No.
21,order,-1,data/videos_v3/int_5000ms/v3_5000_00932.avi,0,5000,-7.3586,0,No.
21,order,-1,data/videos_v3/int_5000ms/v3_5000_00966.avi,1,5000,-9.7714,0,No
21,order,-1,data/videos_v3/int_1000ms/v3_1000_00584.avi,1,1000,-7.4907,0,No
21,order,-1,data/videos_v3/int_333ms/v3_333_00350.avi,0,333,-6.9656,0,No
21,order,-1,data/videos_v3/int_3000ms/v3_3000_00813.avi,0,3000,-9.7313,0,No.
21,order,-1,data/videos_v3/int_1500ms/v3_1500_00663.avi,0,1500,-9.8916,0,No.
21,order,-1,data/videos_v3/int_7000ms/v3_7000_01098.avi,0,7000,-7.7961,0,No
21,order,-1,data/videos_v3/int_200ms/v3_200_00245.avi,0,200,-10.0474,0,No.
21,order,-1,data/videos_v3/int_10000ms/v3_10000_01107.avi,1,10000,-7.5008,0,No
21,order,-1,data/videos_v3/int_3000ms/v3_3000_00892.avi,0,3000,-9.1419,0,No.
21,order,-1,data/videos_v3/int_2000ms/v3_2000_00771.avi,0,2000,-8.48,0,No
21,order,-1,data/videos_v3/int_2000ms/v3_2000_00767.avi,0,2000,-8.5024,0,No
21,order,-1,data/videos_v3/int_200ms/v3_200_00283.avi,1,200,-6.7485,0,No.
21,order,-1,data/videos_v3/int_200ms/v3_200_00224.avi,1,200,-7.2984,0,No
21,order,-1,data/videos_v3/int_2000ms/v3_2000_00790.avi,1,2000,-8.3489,0,No
21,order,-1,data/videos_v3/int_10000ms/v3_10000_01173.avi,1,10000,-6.9843,0,No.
21,order,-1,data/videos_v3/int_500ms/v3_500_00440.avi,1,500,-7.9175,0,No
21,order,-1,data/videos_v3/int_500ms/v3_500_00494.avi,0,500,-7.8559,0,No
21,order,-1,data/videos_v3/int_2000ms/v3_2000_00719.avi,1,2000,-8.0424,0,No.
21,order,-1,data/videos_v3/int_3000ms/v3_3000_00867.avi,0,3000,-8.9478,0,No
21,order,-1,data/videos_v3/int_500ms/v3_500_00468.avi,0,500,-8.6613,0,No.
21,order,-1,data/videos_v3/int_7000ms/v3_7000_01052.avi,1,7000,-7.1235,0,No.
21,order,-1,data/videos_v3/int_10000ms/v3_10000_01120.avi,0,10000,-9.8006,0,No.
21,order,-1,data/videos_v3/int_10000ms/v3_10000_01146.avi,1,10000,-7.8271,0,No
21,order,-1,data/videos_v3/int_67ms/v3_67_00038.avi,1,67,-7.1539,0,No.
21,order,-1,data/videos_v3/int_2000ms/v3_2000_00762.avi,0,2000,-8.1237,0,No
21,order,-1,data/videos_v3/int_10000ms/v3_10000_01112.avi,1,10000,-6.5759,0,No
21,order,-1,data/videos_v3/int_7000ms/v3_7000_01044.avi,0,7000,-7.0468,0,No
21,order,-1,data/videos_v3/int_200ms/v3_200_00270.avi,1,200,-8.0395,0,No
21,order,-1,data/videos_v3/int_10000ms/v3_10000_01156.avi,1,10000,-8.3882,0,No
21,order,-1,data/videos_v3/int_333ms/v3_333_00301.avi,0,333,-8.9605,0,No.
21,order,-1,data/videos_v3/int_2000ms/v3_2000_00733.avi,1,2000,-9.5368,0,No
21,order,-1,data/videos_v3/int_10000ms/v3_10000_01151.avi,0,10000,-10.2883,0,No
21,order,-1,data/videos_v3/int_2000ms/v3_2000_00774.avi,0,2000,-9.5233,0,No
21,order,-1,data/videos_v3/int_10000ms/v3_10000_01134.avi,0,10000,-8.4224,0,No.
21,order,-1,data/videos_v3/int_5000ms/v3_5000_00913.avi,0,5000,-7.6729,0,No
21,order,-1,data/videos_v3/int_500ms/v3_500_00465.avi,0,500,-10.2595,0,No
21,order,-1,data/videos_v3/int_1500ms/v3_1500_00601.avi,1,1500,-11.3005,0,No.
21,order,-1,data/videos_v3/int_200ms/v3_200_00231.avi,0,200,-8.549,0,No
21,order,-1,data/videos_v3/int_500ms/v3_500_00407.avi,1,500,-7.2526,0,No
21,order,-1,data/videos_v3/int_10000ms/v3_10000_01147.avi,1,10000,-6.9877,0,No
21,order,-1,data/videos_v3/int_500ms/v3_500_00469.avi,0,500,-9.4692,0,No.
21,order,-1,data/videos_v3/int_500ms/v3_500_00479.avi,1,500,-7.529,0,No.
21,order,-1,data/videos_v3/int_333ms/v3_333_00311.avi,0,333,-7.2249,0,No.
21,order,-1,data/videos_v3/int_3000ms/v3_3000_00822.avi,1,3000,-9.6912,0,No.
21,order,-1,data/videos_v3/int_1500ms/v3_1500_00642.avi,0,1500,-8.7474,0,No
21,order,-1,data/videos_v3/int_3000ms/v3_3000_00847.avi,0,3000,-8.8617,0,No.
21,order,-1,data/videos_v3/int_100ms/v3_100_00176.avi,0,100,-10.767,0,No.
21,order,-1,data/videos_v3/int_7000ms/v3_7000_01042.avi,0,7000,-8.6302,0,No
21,order,-1,data/videos_v3/int_333ms/v3_333_00382.avi,1,333,-8.2163,0,No
21,order,-1,data/videos_v3/int_7000ms/v3_7000_01063.avi,0,7000,-7.855,0,No
21,order,-1,data/videos_v3/int_10000ms/v3_10000_01178.avi,1,10000,-7.1445,0,No
21,order,-1,data/videos_v3/int_67ms/v3_67_00068.avi,0,67,-8.3556,0,No.
21,order,-1,data/videos_v3/int_1500ms/v3_1500_00616.avi,0,1500,-7.9854,0,No.
21,order,-1,data/videos_v3/int_200ms/v3_200_00200.avi,0,200,-9.6352,0,No
21,order,-1,data/videos_v3/int_2000ms/v3_2000_00791.avi,0,2000,-9.719,0,No
21,order,-1,data/videos_v3/int_1500ms/v3_1500_00695.avi,0,1500,-9.6352,0,No.
21,order,-1,data/videos_v3/int_500ms/v3_500_00415.avi,1,500,-7.3589,0,No
21,order,-1,data/videos_v3/int_10000ms/v3_10000_01194.avi,1,10000,-7.1718,0,No
21,order,-1,data/videos_v3/int_500ms/v3_500_00403.avi,1,500,-8.7045,0,No.
21,order,-1,data/videos_v3/int_2000ms/v3_2000_00752.avi,0,2000,-10.7673,0,No.
21,order,-1,data/videos_v3/int_10000ms/v3_10000_01165.avi,0,10000,-8.2934,0,No
21,order,-1,data/videos_v3/int_500ms/v3_500_00464.avi,1,500,-7.7342,0,No
21,order,-1,data/videos_v3/int_500ms/v3_500_00492.avi,0,500,-9.5809,0,No.
21,order,-1,data/videos_v3/int_5000ms/v3_5000_00928.avi,0,5000,-9.8474,0,No.
21,order,-1,data/videos_v3/int_500ms/v3_500_00487.avi,0,500,-10.36,0,No.
21,order,-1,data/videos_v3/int_1000ms/v3_1000_00553.avi,0,1000,-8.1419,0,No.
21,order,-1,data/videos_v3/int_7000ms/v3_7000_01000.avi,1,7000,-8.2366,0,No
21,order,-1,data/videos_v3/int_1500ms/v3_1500_00612.avi,0,1500,-8.9043,0,No.
21,order,-1,data/videos_v3/int_10000ms/v3_10000_01127.avi,1,10000,-8.3803,0,No
21,order,-1,data/videos_v3/int_5000ms/v3_5000_00999.avi,0,5000,-9.0887,0,No.
21,order,-1,data/videos_v3/int_7000ms/v3_7000_01069.avi,1,7000,-8.7979,0,No
21,order,-1,data/videos_v3/int_10000ms/v3_10000_01167.avi,0,10000,-8.8036,0,No
21,order,-1,data/videos_v3/int_7000ms/v3_7000_01019.avi,0,7000,-8.1345,0,No.
21,order,-1,data/videos_v3/int_2000ms/v3_2000_00779.avi,0,2000,-9.3738,0,No
21,order,-1,data/videos_v3/int_1500ms/v3_1500_00647.avi,1,1500,-8.3616,0,No.
21,order,-1,data/videos_v3/int_5000ms/v3_5000_00905.avi,1,5000,-7.6247,0,No.
21,order,-1,data/videos_v3/int_1000ms/v3_1000_00586.avi,1,1000,-8.7829,0,No
21,order,-1,data/videos_v3/int_2000ms/v3_2000_00713.avi,0,2000,-9.8646,0,No
21,order,-1,data/videos_v3/int_1500ms/v3_1500_00644.avi,1,1500,-7.9391,0,No
21,order,-1,data/videos_v3/int_10000ms/v3_10000_01181.avi,0,10000,-8.3481,0,No.
21,order,-1,data/videos_v3/int_3000ms/v3_3000_00873.avi,0,3000,-7.387,0,No
21,order,-1,data/videos_v3/int_7000ms/v3_7000_01074.avi,0,7000,-6.9211,0,No
21,order,-1,data/videos_v3/int_1000ms/v3_1000_00535.avi,0,1000,-8.9236,0,No
21,order,-1,data/videos_v3/int_3000ms/v3_3000_00829.avi,0,3000,-8.5487,0,No
21,order,-1,data/videos_v3/int_3000ms/v3_3000_00823.avi,1,3000,-8.4024,0,No.
21,order,-1,data/videos_v3/int_10000ms/v3_10000_01191.avi,0,10000,-7.2176,0,No.
21,order,-1,data/videos_v3/int_1500ms/v3_1500_00618.avi,1,1500,-10.4132,0,No
21,order,-1,data/videos_v3/int_333ms/v3_333_00394.avi,0,333,-8.8121,0,No.
21,order,-1,data/videos_v3/int_2000ms/v3_2000_00701.avi,1,2000,-9.3814,0,No
21,order,-1,data/videos_v3/int_1500ms/v3_1500_00681.avi,1,1500,-9.0502,0,No
21,order,-1,data/videos_v3/int_5000ms/v3_5000_00983.avi,0,5000,-7.7645,0,No
21,order,-1,data/videos_v3/int_333ms/v3_333_00388.avi,1,333,-10.5742,0,No
21,order,-1,data/videos_v3/int_1500ms/v3_1500_00669.avi,1,1500,-7.9811,0,No.
21,order,-1,data/videos_v3/int_2000ms/v3_2000_00755.avi,1,2000,-8.7856,0,No
21,order,-1,data/videos_v3/int_1000ms/v3_1000_00566.avi,1,1000,-7.7961,0,No.
21,order,-1,data/videos_v3/int_1000ms/v3_1000_00561.avi,1,1000,-8.5821,0,No.
21,order,-1,data/videos_v3/int_1500ms/v3_1500_00674.avi,1,1500,-7.3463,0,No.
21,order,-1,data/videos_v3/int_1000ms/v3_1000_00581.avi,1,1000,-8.0467,0,No.
21,order,-1,data/videos_v3/int_5000ms/v3_5000_00908.avi,1,5000,-6.6523,0,No
21,order,-1,data/videos_v3/int_200ms/v3_200_00279.avi,1,200,-7.6741,0,No.
21,order,-1,data/videos_v3/int_100ms/v3_100_00133.avi,1,100,-6.6691,0,No
21,order,-1,data/videos_v3/int_1500ms/v3_1500_00666.avi,0,1500,-7.4588,0,No
21,order,-1,data/videos_v3/int_5000ms/v3_5000_00980.avi,0,5000,-6.9712,0,No
21,order,-1,data/videos_v3/int_3000ms/v3_3000_00833.avi,0,3000,-10.3916,0,No
21,order,-1,data/videos_v3/int_333ms/v3_333_00336.avi,0,333,-7.6967,0,No
21,order,-1,data/videos_v3/int_333ms/v3_333_00329.avi,1,333,-8.8627,0,No.
21,order,-1,data/videos_v3/int_500ms/v3_500_00491.avi,1,500,-7.5408,0,No.
21,order,-1,data/videos_v3/int_10000ms/v3_10000_01125.avi,0,10000,-8.6831,0,No.
21,order,-1,data/videos_v3/int_1000ms/v3_1000_00595.avi,0,1000,-7.0462,0,No.
21,order,-1,data/videos_v3/int_2000ms/v3_2000_00778.avi,0,2000,-8.0008,0,No
21,order,-1,data/videos_v3/int_10000ms/v3_10000_01130.avi,0,10000,-9.5745,0,No
21,order,-1,data/videos_v3/int_200ms/v3_200_00223.avi,1,200,-8.6728,0,No
21,order,-1,data/videos_v3/int_5000ms/v3_5000_00921.avi,0,5000,-8.887,0,No
21,order,-1,data/videos_v3/int_7000ms/v3_7000_01012.avi,1,7000,-7.7985,0,No.
21,order,-1,data/videos_v3/int_10000ms/v3_10000_01108.avi,1,10000,-7.0465,0,No
21,order,-1,data/videos_v3/int_100ms/v3_100_00188.avi,1,100,-9.0262,0,No
21,order,-1,data/videos_v3/int_7000ms/v3_7000_01097.avi,0,7000,-8.6464,0,No.
21,order,-1,data/videos_v3/int_1500ms/v3_1500_00677.avi,1,1500,-8.5846,0,No.
21,order,-1,data/videos_v3/int_333ms/v3_333_00379.avi,1,333,-8.1674,0,No
21,order,-1,data/videos_v3/int_1000ms/v3_1000_00560.avi,1,1000,-9.2938,0,No.
21,order,-1,data/videos_v3/int_2000ms/v3_2000_00716.avi,1,2000,-9.276,0,No
21,order,-1,data/videos_v3/int_1000ms/v3_1000_00554.avi,0,1000,-7.6883,0,No
21,order,-1,data/videos_v3/int_200ms/v3_200_00268.avi,0,200,-9.105,0,No.
21,order,-1,data/videos_v3/int_1000ms/v3_1000_00529.avi,0,1000,-8.298,0,No.
21,order,-1,data/videos_v3/int_3000ms/v3_3000_00879.avi,0,3000,-9.6968,0,No.
21,order,-1,data/videos_v3/int_2000ms/v3_2000_00777.avi,1,2000,-7.6872,0,No
21,order,-1,data/videos_v3/int_1000ms/v3_1000_00545.avi,0,1000,-9.4492,0,No.
21,order,-1,data/videos_v3/int_1000ms/v3_1000_00520.avi,0,1000,-9.7411,0,No
21,order,-1,data/videos_v3/int_1500ms/v3_1500_00675.avi,0,1500,-7.98,0,No.
21,order,-1,data/videos_v3/int_10000ms/v3_10000_01126.avi,0,10000,-9.3983,0,No
21,order,-1,data/videos_v3/int_1500ms/v3_1500_00617.avi,0,1500,-7.4067,0,No
21,order,-1,data/videos_v3/int_3000ms/v3_3000_00885.avi,1,3000,-9.1501,0,No
21,order,-1,data/videos_v3/int_5000ms/v3_5000_00935.avi,0,5000,-10.2753,0,No
21,order,-1,data/videos_v3/int_3000ms/v3_3000_00871.avi,1,3000,-8.9667,0,No.
21,order,-1,data/videos_v3/int_1000ms/v3_1000_00598.avi,0,1000,-7.6338,0,No
21,order,-1,data/videos_v3/int_1500ms/v3_1500_00631.avi,1,1500,-9.9131,0,No
21,order,-1,data/videos_v3/int_5000ms/v3_5000_00968.avi,0,5000,-7.415,0,No
21,order,-1,data/videos_v3/int_3000ms/v3_3000_00878.avi,0,3000,-7.855,0,No
21,order,-1,data/videos_v3/int_1000ms/v3_1000_00551.avi,0,1000,-11.0719,0,No
21,order,-1,data/videos_v3/int_1000ms/v3_1000_00548.avi,1,1000,-8.7683,0,No.
21,order,-1,data/videos_v3/int_1000ms/v3_1000_00509.avi,0,1000,-7.1717,0,No
21,order,-1,data/videos_v3/int_200ms/v3_200_00254.avi,1,200,-7.4039,0,No.
21,order,-1,data/videos_v3/int_200ms/v3_200_00226.avi,0,200,-10.7949,0,No
21,order,-1,data/videos_v3/int_200ms/v3_200_00261.avi,1,200,-8.7713,0,No
21,order,-1,data/videos_v3/int_2000ms/v3_2000_00743.avi,1,2000,-7.9664,0,No
21,order,-1,data/videos_v3/int_7000ms/v3_7000_01031.avi,1,7000,-7.359,0,No.
21,order,-1,data/videos_v3/int_67ms/v3_67_00074.avi,1,67,-8.6239,0,No.
21,order,-1,data/videos_v3/int_10000ms/v3_10000_01171.avi,0,10000,-8.9243,0,No.
21,order,-1,data/videos_v3/int_100ms/v3_100_00127.avi,0,100,-8.5007,0,No
21,order,-1,data/videos_v3/int_100ms/v3_100_00137.avi,1,100,-7.2497,0,No
21,order,-1,data/videos_v3/int_67ms/v3_67_00095.avi,1,67,-8.8482,0,No
21,order,-1,data/videos_v3/int_1500ms/v3_1500_00659.avi,1,1500,-6.8121,0,No.
21,order,-1,data/videos_v3/int_333ms/v3_333_00344.avi,0,333,-7.7972,0,No
21,order,-1,data/videos_v3/int_2000ms/v3_2000_00746.avi,1,2000,-7.2672,0,No
21,order,-1,data/videos_v3/int_200ms/v3_200_00294.avi,1,200,-6.9977,0,No
21,order,-1,data/videos_v3/int_3000ms/v3_3000_00854.avi,0,3000,-8.8746,0,No.
21,order,-1,data/videos_v3/int_5000ms/v3_5000_00955.avi,0,5000,-8.8378,0,No.
21,order,-1,data/videos_v3/int_7000ms/v3_7000_01036.avi,0,7000,-8.4547,0,No
21,order,-1,data/videos_v3/int_333ms/v3_333_00352.avi,0,333,-9.2495,0,No
21,order,-1,data/videos_v3/int_7000ms/v3_7000_01010.avi,0,7000,-9.8245,0,No
21,order,-1,data/videos_v3/int_1500ms/v3_1500_00624.avi,1,1500,-10.5887,0,No.
21,order,-1,data/videos_v3/int_10000ms/v3_10000_01101.avi,1,10000,-8.7553,0,No
21,order,-1,data/videos_v3/int_500ms/v3_500_00439.avi,0,500,-10.7926,0,No.
21,order,-0.5,data/videos_v3/int_5000ms/v3_5000_00960.avi,1,5000,-4.1546,0,NO
21,order,-0.5,data/videos_v3/int_500ms/v3_500_00401.avi,0,500,-6.7564,0,NO.
21,order,-0.5,data/videos_v3/int_500ms/v3_500_00417.avi,0,500,-4.5047,0,NO
21,order,-0.5,data/videos_v3/int_333ms/v3_333_00354.avi,0,333,-5.4733,0,NO.
21,order,-0.5,data/videos_v3/int_2000ms/v3_2000_00717.avi,1,2000,-6.0165,0,NO
21,order,-0.5,data/videos_v3/int_2000ms/v3_2000_00789.avi,0,2000,-4.2261,0,NO
21,order,-0.5,data/videos_v3/int_10000ms/v3_10000_01184.avi,0,10000,-5.9533,0,NO
21,order,-0.5,data/videos_v3/int_7000ms/v3_7000_01090.avi,1,7000,-4.6112,0,NO.
21,order,-0.5,data/videos_v3/int_1500ms/v3_1500_00634.avi,0,1500,-4.3499,0,NO
21,order,-0.5,data/videos_v3/int_500ms/v3_500_00459.avi,1,500,-4.1835,0,NO
21,order,-0.5,data/videos_v3/int_7000ms/v3_7000_01058.avi,0,7000,-5.5812,0,NO.
21,order,-0.5,data/videos_v3/int_3000ms/v3_3000_00860.avi,1,3000,-5.6934,0,NO
21,order,-0.5,data/videos_v3/int_2000ms/v3_2000_00708.avi,0,2000,-4.9028,0,NO
21,order,-0.5,data/videos_v3/int_2000ms/v3_2000_00773.avi,0,2000,-6.9016,0,NO
21,order,-0.5,data/videos_v3/int_1000ms/v3_1000_00525.avi,1,1000,-5.3821,0,NO
21,order,-0.5,data/videos_v3/int_1000ms/v3_1000_00558.avi,1,1000,-6.8585,0,NO
21,order,-0.5,data/videos_v3/int_200ms/v3_200_00242.avi,0,200,-6.3221,0,NO.
21,order,-0.5,data/videos_v3/int_333ms/v3_333_00396.avi,1,333,-6.2209,0,NO
21,order,-0.5,data/videos_v3/int_1500ms/v3_1500_00641.avi,1,1500,-4.3671,0,NO
21,order,-0.5,data/videos_v3/int_1000ms/v3_1000_00576.avi,0,1000,-5.7093,0,NO.
21,order,-0.5,data/videos_v3/int_10000ms/v3_10000_01192.avi,0,10000,-4.6297,0,NO
21,order,-0.5,data/videos_v3/int_5000ms/v3_5000_00951.avi,0,5000,-5.2355,0,NO.
21,order,-0.5,data/videos_v3/int_7000ms/v3_7000_01060.avi,0,7000,-5.1415,0,NO.
21,order,-0.5,data/videos_v3/int_1000ms/v3_1000_00518.avi,0,1000,-5.2261,0,NO.
21,order,-0.5,data/videos_v3/int_10000ms/v3_10000_01140.avi,0,10000,-4.1785,0,NO
21,order,-0.5,data/videos_v3/int_2000ms/v3_2000_00706.avi,0,2000,-6.7464,0,NO
21,order,-0.5,data/videos_v3/int_100ms/v3_100_00125.avi,0,100,-4.3624,0,NO
21,order,-0.5,data/videos_v3/int_1500ms/v3_1500_00670.avi,1,1500,-4.1227,0,NO
21,order,-0.5,data/videos_v3/int_100ms/v3_100_00149.avi,0,100,-4.9119,0,NO.
21,order,-0.5,data/videos_v3/int_3000ms/v3_3000_00849.avi,0,3000,-6.2714,0,NO
21,order,-0.5,data/videos_v3/int_2000ms/v3_2000_00795.avi,1,2000,-5.8864,0,NO
21,order,-0.5,data/videos_v3/int_333ms/v3_333_00333.avi,0,333,-6.3809,0,NO.
21,order,-0.5,data/videos_v3/int_500ms/v3_500_00404.avi,1,500,-4.7306,0,NO.
21,order,-0.5,data/videos_v3/int_67ms/v3_67_00059.avi,1,67,-3.7972,0,NO
21,order,-0.5,data/videos_v3/int_7000ms/v3_7000_01034.avi,1,7000,-4.6886,0,NO
21,order,-0.5,data/videos_v3/int_333ms/v3_333_00356.avi,1,333,-4.7732,0,NO.
21,order,-0.5,data/videos_v3/int_5000ms/v3_5000_00932.avi,0,5000,-4.2547,0,NO.
21,order,-0.5,data/videos_v3/int_5000ms/v3_5000_00966.avi,1,5000,-6.4074,0,NO
21,order,-0.5,data/videos_v3/int_1000ms/v3_1000_00584.avi,1,1000,-4.5435,0,NO.
21,order,-0.5,data/videos_v3/int_333ms/v3_333_00350.avi,0,333,-3.6112,0,NO
21,order,-0.5,data/videos_v3/int_3000ms/v3_3000_00813.avi,0,3000,-6.1808,0,NO
21,order,-0.5,data/videos_v3/int_1500ms/v3_1500_00663.avi,0,1500,-6.3894,0,NO.
21,order,-0.5,data/videos_v3/int_7000ms/v3_7000_01098.avi,0,7000,-4.6297,0,NO
21,order,-0.5,data/videos_v3/int_200ms/v3_200_00245.avi,0,200,-6.4714,0,NO
21,order,-0.5,data/videos_v3/int_10000ms/v3_10000_01107.avi,1,10000,-4.3319,0,NO.
21,order,-0.5,data/videos_v3/int_3000ms/v3_3000_00892.avi,0,3000,-6.1053,0,NO.
21,order,-0.5,data/videos_v3/int_2000ms/v3_2000_00771.avi,0,2000,-5.0369,0,NO
21,order,-0.5,data/videos_v3/int_2000ms/v3_2000_00767.avi,0,2000,-5.2056,0,NO
21,order,-0.5,data/videos_v3/int_200ms/v3_200_00283.avi,1,200,-3.8239,0,NO.
21,order,-0.5,data/videos_v3/int_200ms/v3_200_00224.avi,1,200,-4.1982,0,NO
21,order,-0.5,data/videos_v3/int_2000ms/v3_2000_00790.avi,1,2000,-5.1333,0,NO
21,order,-0.5,data/videos_v3/int_10000ms/v3_10000_01173.avi,1,10000,-3.6804,0,NO.
21,order,-0.5,data/videos_v3/int_500ms/v3_500_00440.avi,1,500,-4.7374,0,NO
21,order,-0.5,data/videos_v3/int_500ms/v3_500_00494.avi,0,500,-4.9974,0,NO
21,order,-0.5,data/videos_v3/int_2000ms/v3_2000_00719.avi,1,2000,-5.1124,0,NO
21,order,-0.5,data/videos_v3/int_3000ms/v3_3000_00867.avi,0,3000,-5.3319,0,NO
21,order,-0.5,data/videos_v3/int_500ms/v3_500_00468.avi,0,500,-5.2932,0,NO
21,order,-0.5,data/videos_v3/int_7000ms/v3_7000_01052.avi,1,7000,-4.0825,0,NO
21,order,-0.5,data/videos_v3/int_10000ms/v3_10000_01120.avi,0,10000,-6.1809,0,NO.
21,order,-0.5,data/videos_v3/int_10000ms/v3_10000_01146.avi,1,10000,-4.5743,0,NO
21,order,-0.5,data/videos_v3/int_67ms/v3_67_00038.avi,1,67,-3.9733,0,NO
21,order,-0.5,data/videos_v3/int_2000ms/v3_2000_00762.avi,0,2000,-5.0812,0,NO.
21,order,-0.5,data/videos_v3/int_10000ms/v3_10000_01112.avi,1,10000,-3.7878,0,NO
21,order,-0.5,data/videos_v3/int_7000ms/v3_7000_01044.avi,0,7000,-3.9118,0,NO
21,order,-0.5,data/videos_v3/int_200ms/v3_200_00270.avi,1,200,-5.0657,0,NO
21,order,-0.5,data/videos_v3/int_10000ms/v3_10000_01156.avi,1,10000,-5.0059,0,NO
21,order,-0.5,data/videos_v3/int_333ms/v3_333_00301.avi,0,333,-5.3036,0,NO
21,order,-0.5,data/videos_v3/int_2000ms/v3_2000_00733.avi,1,2000,-6.5723,0,NO
21,order,-0.5,data/videos_v3/int_10000ms/v3_10000_01151.avi,0,10000,-6.8171,0,NO
21,order,-0.5,data/videos_v3/int_2000ms/v3_2000_00774.avi,0,2000,-6.151,0,NO
21,order,-0.5,data/videos_v3/int_10000ms/v3_10000_01134.avi,0,10000,-5.0602,0,NO
21,order,-0.5,data/videos_v3/int_5000ms/v3_5000_00913.avi,0,5000,-4.4755,0,NO.
21,order,-0.5,data/videos_v3/int_500ms/v3_500_00465.avi,0,500,-7.3585,0,NO.
21,order,-0.5,data/videos_v3/int_1500ms/v3_1500_00601.avi,1,1500,-8.0215,0,NO.
21,order,-0.5,data/videos_v3/int_200ms/v3_200_00231.avi,0,200,-5.5907,0,NO
21,order,-0.5,data/videos_v3/int_500ms/v3_500_00407.avi,1,500,-4.0403,0,NO
21,order,-0.5,data/videos_v3/int_10000ms/v3_10000_01147.avi,1,10000,-3.9337,0,NO
21,order,-0.5,data/videos_v3/int_500ms/v3_500_00469.avi,0,500,-5.8537,0,NO
21,order,-0.5,data/videos_v3/int_500ms/v3_500_00479.avi,1,500,-4.4755,0,NO.
21,order,-0.5,data/videos_v3/int_333ms/v3_333_00311.avi,0,333,-4.2199,0,NO.
21,order,-0.5,data/videos_v3/int_3000ms/v3_3000_00822.avi,1,3000,-6.1681,0,NO.
21,order,-0.5,data/videos_v3/int_1500ms/v3_1500_00642.avi,0,1500,-5.5266,0,NO.
21,order,-0.5,data/videos_v3/int_3000ms/v3_3000_00847.avi,0,3000,-5.7714,0,NO
21,order,-0.5,data/videos_v3/int_100ms/v3_100_00176.avi,0,100,-7.6214,0,NO
21,order,-0.5,data/videos_v3/int_7000ms/v3_7000_01042.avi,0,7000,-5.4974,0,NO
21,order,-0.5,data/videos_v3/int_333ms/v3_333_00382.avi,1,333,-4.9939,0,NO
21,order,-0.5,data/videos_v3/int_7000ms/v3_7000_01063.avi,0,7000,-4.8821,0,NO
21,order,-0.5,data/videos_v3/int_10000ms/v3_10000_01178.avi,1,10000,-3.6618,0,NO
21,order,-0.5,data/videos_v3/int_67ms/v3_67_00068.avi,0,67,-4.9079,0,NO.
21,order,-0.5,data/videos_v3/int_1500ms/v3_1500_00616.avi,0,1500,-4.8406,0,NO.
21,order,-0.5,data/videos_v3/int_200ms/v3_200_00200.avi,0,200,-5.8131,0,NO
21,order,-0.5,data/videos_v3/int_2000ms/v3_2000_00791.avi,0,2000,-5.8691,0,NO
21,order,-0.5,data/videos_v3/int_1500ms/v3_1500_00695.avi,0,1500,-5.7683,0,NO
21,order,-0.5,data/videos_v3/int_500ms/v3_500_00415.avi,1,500,-3.8462,0,NO
21,order,-0.5,data/videos_v3/int_10000ms/v3_10000_01194.avi,1,10000,-3.9199,0,NO
21,order,-0.5,data/videos_v3/int_500ms/v3_500_00403.avi,1,500,-5.5959,0,NO.
21,order,-0.5,data/videos_v3/int_2000ms/v3_2000_00752.avi,0,2000,-7.292,0,NO
21,order,-0.5,data/videos_v3/int_10000ms/v3_10000_01165.avi,0,10000,-5.1886,0,NO
21,order,-0.5,data/videos_v3/int_500ms/v3_500_00464.avi,1,500,-4.4493,0,NO
21,order,-0.5,data/videos_v3/int_500ms/v3_500_00492.avi,0,500,-5.9205,0,NO
21,order,-0.5,data/videos_v3/int_5000ms/v3_5000_00928.avi,0,5000,-6.6634,0,NO.
21,order,-0.5,data/videos_v3/int_500ms/v3_500_00487.avi,0,500,-6.631,0,NO.
21,order,-0.5,data/videos_v3/int_1000ms/v3_1000_00553.avi,0,1000,-4.889,0,NO.
21,order,-0.5,data/videos_v3/int_7000ms/v3_7000_01000.avi,1,7000,-5.2208,0,NO
21,order,-0.5,data/videos_v3/int_1500ms/v3_1500_00612.avi,0,1500,-5.5617,0,NO.
21,order,-0.5,data/videos_v3/int_10000ms/v3_10000_01127.avi,1,10000,-5.3507,0,NO.
21,order,-0.5,data/videos_v3/int_5000ms/v3_5000_00999.avi,0,5000,-5.8916,0,NO.
21,order,-0.5,data/videos_v3/int_7000ms/v3_7000_01069.avi,1,7000,-5.5907,0,NO.
21,order,-0.5,data/videos_v3/int_10000ms/v3_10000_01167.avi,0,10000,-5.2633,0,NO
21,order,-0.5,data/videos_v3/int_7000ms/v3_7000_01019.avi,0,7000,-5.2257,0,NO.
21,order,-0.5,data/videos_v3/int_2000ms/v3_2000_00779.avi,0,2000,-5.7997,0,NO
21,order,-0.5,data/videos_v3/int_1500ms/v3_1500_00647.avi,1,1500,-5.3233,0,NO.
21,order,-0.5,data/videos_v3/int_5000ms/v3_5000_00905.avi,1,5000,-4.6382,0,NO.
21,order,-0.5,data/videos_v3/int_1000ms/v3_1000_00586.avi,1,1000,-5.3707,0,NO
21,order,-0.5,data/videos_v3/int_2000ms/v3_2000_00713.avi,0,2000,-6.2355,0,NO
21,order,-0.5,data/videos_v3/int_1500ms/v3_1500_00644.avi,1,1500,-4.6112,0,NO
21,order,-0.5,data/videos_v3/int_10000ms/v3_10000_01181.avi,0,10000,-5.0291,0,NO.
21,order,-0.5,data/videos_v3/int_3000ms/v3_3000_00873.avi,0,3000,-4.2374,0,NO
21,order,-0.5,data/videos_v3/int_7000ms/v3_7000_01074.avi,0,7000,-3.6111,0,NO
21,order,-0.5,data/videos_v3/int_1000ms/v3_1000_00535.avi,0,1000,-5.9768,0,NO
21,order,-0.5,data/videos_v3/int_3000ms/v3_3000_00829.avi,0,3000,-5.4693,0,NO
21,order,-0.5,data/videos_v3/int_3000ms/v3_3000_00823.avi,1,3000,-4.5781,0,NO
21,order,-0.5,data/videos_v3/int_10000ms/v3_10000_01191.avi,0,10000,-4.2255,0,NO.
21,order,-0.5,data/videos_v3/int_1500ms/v3_1500_00618.avi,1,1500,-6.9998,0,NO
21,order,-0.5,data/videos_v3/int_333ms/v3_333_00394.avi,0,333,-5.5369,0,NO.
21,order,-0.5,data/videos_v3/int_2000ms/v3_2000_00701.avi,1,2000,-6.1541,0,NO
21,order,-0.5,data/videos_v3/int_1500ms/v3_1500_00681.avi,1,1500,-5.8554,0,NO.
21,order,-0.5,data/videos_v3/int_5000ms/v3_5000_00983.avi,0,5000,-4.7421,0,NO
21,order,-0.5,data/videos_v3/int_333ms/v3_333_00388.avi,1,333,-7.2498,0,NO
21,order,-0.5,data/videos_v3/int_1500ms/v3_1500_00669.avi,1,1500,-4.5183,0,NO.
21,order,-0.5,data/videos_v3/int_2000ms/v3_2000_00755.avi,1,2000,-5.5497,0,NO
21,order,-0.5,data/videos_v3/int_1000ms/v3_1000_00566.avi,1,1000,-4.6928,0,NO.
21,order,-0.5,data/videos_v3/int_1000ms/v3_1000_00561.avi,1,1000,-4.9762,0,NO.
21,order,-0.5,data/videos_v3/int_1500ms/v3_1500_00674.avi,1,1500,-4.1993,0,NO
21,order,-0.5,data/videos_v3/int_1000ms/v3_1000_00581.avi,1,1000,-4.8406,0,NO
21,order,-0.5,data/videos_v3/int_5000ms/v3_5000_00908.avi,1,5000,-3.9286,0,NO.
21,order,-0.5,data/videos_v3/int_200ms/v3_200_00279.avi,1,200,-4.601,0,NO.
21,order,-0.5,data/videos_v3/int_100ms/v3_100_00133.avi,1,100,-3.5481,0,NO
21,order,-0.5,data/videos_v3/int_1500ms/v3_1500_00666.avi,0,1500,-3.9866,0,NO
21,order,-0.5,data/videos_v3/int_5000ms/v3_5000_00980.avi,0,5000,-3.9348,0,NO
21,order,-0.5,data/videos_v3/int_3000ms/v3_3000_00833.avi,0,3000,-6.9309,0,NO
21,order,-0.5,data/videos_v3/int_333ms/v3_333_00336.avi,0,333,-4.6467,0,NO
21,order,-0.5,data/videos_v3/int_333ms/v3_333_00329.avi,1,333,-5.6309,0,NO.
21,order,-0.5,data/videos_v3/int_500ms/v3_500_00491.avi,1,500,-4.1351,0,NO
21,order,-0.5,data/videos_v3/int_10000ms/v3_10000_01125.avi,0,10000,-5.4113,0,NO
21,order,-0.5,data/videos_v3/int_1000ms/v3_1000_00595.avi,0,1000,-3.8512,0,NO.
21,order,-0.5,data/videos_v3/int_2000ms/v3_2000_00778.avi,0,2000,-4.8707,0,NO.
21,order,-0.5,data/videos_v3/int_10000ms/v3_10000_01130.avi,0,10000,-6.1464,0,NO
21,order,-0.5,data/videos_v3/int_200ms/v3_200_00223.avi,1,200,-5.3689,0,NO
21,order,-0.5,data/videos_v3/int_5000ms/v3_5000_00921.avi,0,5000,-5.7474,0,NO.
21,order,-0.5,data/videos_v3/int_7000ms/v3_7000_01012.avi,1,7000,-4.6982,0,NO.
21,order,-0.5,data/videos_v3/int_10000ms/v3_10000_01108.avi,1,10000,-3.957,0,NO
21,order,-0.5,data/videos_v3/int_100ms/v3_100_00188.avi,1,100,-6.3185,0,NO
21,order,-0.5,data/videos_v3/int_7000ms/v3_7000_01097.avi,0,7000,-5.3955,0,NO.
21,order,-0.5,data/videos_v3/int_1500ms/v3_1500_00677.avi,1,1500,-4.7262,0,NO.
21,order,-0.5,data/videos_v3/int_333ms/v3_333_00379.avi,1,333,-4.9939,0,NO
21,order,-0.5,data/videos_v3/int_1000ms/v3_1000_00560.avi,1,1000,-5.8036,0,NO.
21,order,-0.5,data/videos_v3/int_2000ms/v3_2000_00716.avi,1,2000,-5.7596,0,NO
21,order,-0.5,data/videos_v3/int_1000ms/v3_1000_00554.avi,0,1000,-4.3415,0,NO
21,order,-0.5,data/videos_v3/int_200ms/v3_200_00268.avi,0,200,-5.582,0,NO
21,order,-0.5,data/videos_v3/int_1000ms/v3_1000_00529.avi,0,1000,-5.3226,0,NO
21,order,-0.5,data/videos_v3/int_3000ms/v3_3000_00879.avi,0,3000,-6.0022,0,NO.
21,order,-0.5,data/videos_v3/int_2000ms/v3_2000_00777.avi,1,2000,-4.5139,0,NO.
21,order,-0.5,data/videos_v3/int_1000ms/v3_1000_00545.avi,0,1000,-6.1364,0,NO.
21,order,-0.5,data/videos_v3/int_1000ms/v3_1000_00520.avi,0,1000,-6.2666,0,NO.
21,order,-0.5,data/videos_v3/int_1500ms/v3_1500_00675.avi,0,1500,-4.8689,0,NO.
21,order,-0.5,data/videos_v3/int_10000ms/v3_10000_01126.avi,0,10000,-5.9308,0,NO
21,order,-0.5,data/videos_v3/int_1500ms/v3_1500_00617.avi,0,1500,-4.3505,0,NO
21,order,-0.5,data/videos_v3/int_3000ms/v3_3000_00885.avi,1,3000,-5.8221,0,NO.
21,order,-0.5,data/videos_v3/int_5000ms/v3_5000_00935.avi,0,5000,-7.2605,0,NO.
21,order,-0.5,data/videos_v3/int_3000ms/v3_3000_00871.avi,1,3000,-5.5497,0,NO
21,order,-0.5,data/videos_v3/int_1000ms/v3_1000_00598.avi,0,1000,-4.6907,0,NO
21,order,-0.5,data/videos_v3/int_1500ms/v3_1500_00631.avi,1,1500,-6.3045,0,NO
21,order,-0.5,data/videos_v3/int_5000ms/v3_5000_00968.avi,0,5000,-4.2718,0,NO.
21,order,-0.5,data/videos_v3/int_3000ms/v3_3000_00878.avi,0,3000,-4.8511,0,NO
21,order,-0.5,data/videos_v3/int_1000ms/v3_1000_00551.avi,0,1000,-8.2897,0,NO.
21,order,-0.5,data/videos_v3/int_1000ms/v3_1000_00548.avi,1,1000,-5.7193,0,NO.
21,order,-0.5,data/videos_v3/int_1000ms/v3_1000_00509.avi,0,1000,-4.0914,0,NO
21,order,-0.5,data/videos_v3/int_200ms/v3_200_00254.avi,1,200,-4.4656,0,NO
21,order,-0.5,data/videos_v3/int_200ms/v3_200_00226.avi,0,200,-7.4975,0,NO
21,order,-0.5,data/videos_v3/int_200ms/v3_200_00261.avi,1,200,-5.7501,0,NO
21,order,-0.5,data/videos_v3/int_2000ms/v3_2000_00743.avi,1,2000,-4.7319,0,NO
21,order,-0.5,data/videos_v3/int_7000ms/v3_7000_01031.avi,1,7000,-3.6659,0,NO.
21,order,-0.5,data/videos_v3/int_67ms/v3_67_00074.avi,1,67,-5.3131,0,NO.
21,order,-0.5,data/videos_v3/int_10000ms/v3_10000_01171.avi,0,10000,-5.7571,0,NO
21,order,-0.5,data/videos_v3/int_100ms/v3_100_00127.avi,0,100,-5.234,0,NO.
21,order,-0.5,data/videos_v3/int_100ms/v3_100_00137.avi,1,100,-4.2165,0,NO
21,order,-0.5,data/videos_v3/int_67ms/v3_67_00095.avi,1,67,-5.6364,0,NO.
21,order,-0.5,data/videos_v3/int_1500ms/v3_1500_00659.avi,1,1500,-3.7164,0,NO.
21,order,-0.5,data/videos_v3/int_333ms/v3_333_00344.avi,0,333,-5.0949,0,NO
21,order,-0.5,data/videos_v3/int_2000ms/v3_2000_00746.avi,1,2000,-4.1124,0,NO.
21,order,-0.5,data/videos_v3/int_200ms/v3_200_00294.avi,1,200,-4.0743,0,NO
21,order,-0.5,data/videos_v3/int_3000ms/v3_3000_00854.avi,0,3000,-5.6464,0,NO
21,order,-0.5,data/videos_v3/int_5000ms/v3_5000_00955.avi,0,5000,-5.4366,0,NO
21,order,-0.5,data/videos_v3/int_7000ms/v3_7000_01036.avi,0,7000,-5.3748,0,NO
21,order,-0.5,data/videos_v3/int_333ms/v3_333_00352.avi,0,333,-5.9204,0,NO
21,order,-0.5,data/videos_v3/int_7000ms/v3_7000_01010.avi,0,7000,-6.7463,0,NO.
21,order,-0.5,data/videos_v3/int_1500ms/v3_1500_00624.avi,1,1500,-7.4888,0,NO.
21,order,-0.5,data/videos_v3/int_10000ms/v3_10000_01101.avi,1,10000,-5.5858,0,NO
21,order,-0.5,data/videos_v3/int_500ms/v3_500_00439.avi,0,500,-7.3504,0,NO.
21,order,-0.25,data/videos_v3/int_5000ms/v3_5000_00960.avi,1,5000,-2.4697,0,NO.
21,order,-0.25,data/videos_v3/int_500ms/v3_500_00401.avi,0,500,-5.1516,0,NO.
21,order,-0.25,data/videos_v3/int_500ms/v3_500_00417.avi,0,500,-3.1129,0,NO.
21,order,-0.25,data/videos_v3/int_333ms/v3_333_00354.avi,0,333,-3.6348,0,NO.
21,order,-0.25,data/videos_v3/int_2000ms/v3_2000_00717.avi,1,2000,-4.2797,0,NO.
21,order,-0.25,data/videos_v3/int_2000ms/v3_2000_00789.avi,0,2000,-2.4755,0,NO.
21,order,-0.25,data/videos_v3/int_10000ms/v3_10000_01184.avi,0,10000,-4.2599,0,NO.
21,order,-0.25,data/videos_v3/int_7000ms/v3_7000_01090.avi,1,7000,-3.0979,0,NO.
21,order,-0.25,data/videos_v3/int_1500ms/v3_1500_00634.avi,0,1500,-2.848,0,NO.
21,order,-0.25,data/videos_v3/int_500ms/v3_500_00459.avi,1,500,-2.605,0,NO.
21,order,-0.25,data/videos_v3/int_7000ms/v3_7000_01058.avi,0,7000,-4.1248,0,NO.
21,order,-0.25,data/videos_v3/int_3000ms/v3_3000_00860.avi,1,3000,-4.1533,0,NO.
21,order,-0.25,data/videos_v3/int_2000ms/v3_2000_00708.avi,0,2000,-3.2619,0,NO.
21,order,-0.25,data/videos_v3/int_2000ms/v3_2000_00773.avi,0,2000,-5.17,0,NO.
21,order,-0.25,data/videos_v3/int_1000ms/v3_1000_00525.avi,1,1000,-3.6464,0,NO.
21,order,-0.25,data/videos_v3/int_1000ms/v3_1000_00558.avi,1,1000,-5.2646,0,NO.
21,order,-0.25,data/videos_v3/int_200ms/v3_200_00242.avi,0,200,-4.5455,0,NO.
21,order,-0.25,data/videos_v3/int_333ms/v3_333_00396.avi,1,333,-4.4998,0,NO.
21,order,-0.25,data/videos_v3/int_1500ms/v3_1500_00641.avi,1,1500,-2.7497,0,NO.
21,order,-0.25,data/videos_v3/int_1000ms/v3_1000_00576.avi,0,1000,-4.0145,0,NO.
21,order,-0.25,data/videos_v3/int_10000ms/v3_10000_01192.avi,0,10000,-2.9996,0,NO.
21,order,-0.25,data/videos_v3/int_5000ms/v3_5000_00951.avi,0,5000,-3.6864,0,NO.
21,order,-0.25,data/videos_v3/int_7000ms/v3_7000_01060.avi,0,7000,-3.7578,0,NO.
21,order,-0.25,data/videos_v3/int_1000ms/v3_1000_00518.avi,0,1000,-3.6248,0,NO.
21,order,-0.25,data/videos_v3/int_10000ms/v3_10000_01140.avi,0,10000,-2.651,0,NO.
21,order,-0.25,data/videos_v3/int_2000ms/v3_2000_00706.avi,0,2000,-5.029,0,NO.
21,order,-0.25,data/videos_v3/int_100ms/v3_100_00125.avi,0,100,-2.7691,0,NO.
21,order,-0.25,data/videos_v3/int_1500ms/v3_1500_00670.avi,1,1500,-2.473,0,NO.
21,order,-0.25,data/videos_v3/int_100ms/v3_100_00149.avi,0,100,-3.5119,0,NO.
21,order,-0.25,data/videos_v3/int_3000ms/v3_3000_00849.avi,0,3000,-4.6612,0,NO.
21,order,-0.25,data/videos_v3/int_2000ms/v3_2000_00795.avi,1,2000,-4.2904,0,NO.
21,order,-0.25,data/videos_v3/int_333ms/v3_333_00333.avi,0,333,-4.6582,0,NO.
21,order,-0.25,data/videos_v3/int_500ms/v3_500_00404.avi,1,500,-3.2497,0,NO.
21,order,-0.25,data/videos_v3/int_67ms/v3_67_00059.avi,1,67,-2.232,0,NO.
21,order,-0.25,data/videos_v3/int_7000ms/v3_7000_01034.avi,1,7000,-2.9997,0,NO.
21,order,-0.25,data/videos_v3/int_333ms/v3_333_00356.avi,1,333,-2.9673,0,NO.
21,order,-0.25,data/videos_v3/int_5000ms/v3_5000_00932.avi,0,5000,-2.8745,0,NO.
21,order,-0.25,data/videos_v3/int_5000ms/v3_5000_00966.avi,1,5000,-4.7831,0,NO.
21,order,-0.25,data/videos_v3/int_1000ms/v3_1000_00584.avi,1,1000,-3.3745,0,NO.
21,order,-0.25,data/videos_v3/int_333ms/v3_333_00350.avi,0,333,-1.8504,0,NO.
21,order,-0.25,data/videos_v3/int_3000ms/v3_3000_00813.avi,0,3000,-4.545,0,NO.
21,order,-0.25,data/videos_v3/int_1500ms/v3_1500_00663.avi,0,1500,-4.8988,0,NO.
21,order,-0.25,data/videos_v3/int_7000ms/v3_7000_01098.avi,0,7000,-3.1029,0,NO.
21,order,-0.25,data/videos_v3/int_200ms/v3_200_00245.avi,0,200,-4.7071,0,NO.
21,order,-0.25,data/videos_v3/int_10000ms/v3_10000_01107.avi,1,10000,-2.6006,0,NO.
21,order,-0.25,data/videos_v3/int_3000ms/v3_3000_00892.avi,0,3000,-4.648,0,NO.
21,order,-0.25,data/videos_v3/int_2000ms/v3_2000_00771.avi,0,2000,-3.3747,0,NO.
21,order,-0.25,data/videos_v3/int_2000ms/v3_2000_00767.avi,0,2000,-3.6752,0,NO.
21,order,-0.25,data/videos_v3/int_200ms/v3_200_00283.avi,1,200,-2.3745,0,NO.
21,order,-0.25,data/videos_v3/int_200ms/v3_200_00224.avi,1,200,-2.4918,0,NO.
21,order,-0.25,data/videos_v3/int_2000ms/v3_2000_00790.avi,1,2000,-3.4731,0,NO.
21,order,-0.25,data/videos_v3/int_10000ms/v3_10000_01173.avi,1,10000,-1.8333,0,NO.
21,order,-0.25,data/videos_v3/int_500ms/v3_500_00440.avi,1,500,-3.1422,0,NO.
21,order,-0.25,data/videos_v3/int_500ms/v3_500_00494.avi,0,500,-3.5296,0,NO.
21,order,-0.25,data/videos_v3/int_2000ms/v3_2000_00719.avi,1,2000,-3.6533,0,NO.
21,order,-0.25,data/videos_v3/int_3000ms/v3_3000_00867.avi,0,3000,-3.5263,0,NO.
21,order,-0.25,data/videos_v3/int_500ms/v3_500_00468.avi,0,500,-3.7868,0,NO.
21,order,-0.25,data/videos_v3/int_7000ms/v3_7000_01052.avi,1,7000,-2.6027,0,NO.
21,order,-0.25,data/videos_v3/int_10000ms/v3_10000_01120.avi,0,10000,-4.416,0,NO.
21,order,-0.25,data/videos_v3/int_10000ms/v3_10000_01146.avi,1,10000,-2.7411,0,NO.
21,order,-0.25,data/videos_v3/int_67ms/v3_67_00038.avi,1,67,-2.3571,0,NO.
21,order,-0.25,data/videos_v3/int_2000ms/v3_2000_00762.avi,0,2000,-3.6186,0,NO.
21,order,-0.25,data/videos_v3/int_10000ms/v3_10000_01112.avi,1,10000,-2.3446,0,NO.
21,order,-0.25,data/videos_v3/int_7000ms/v3_7000_01044.avi,0,7000,-2.107,0,NO.
21,order,-0.25,data/videos_v3/int_200ms/v3_200_00270.avi,1,200,-3.4997,0,NO.
21,order,-0.25,data/videos_v3/int_10000ms/v3_10000_01156.avi,1,10000,-3.5078,0,NO.
21,order,-0.25,data/videos_v3/int_333ms/v3_333_00301.avi,0,333,-3.3988,0,NO.
21,order,-0.25,data/videos_v3/int_2000ms/v3_2000_00733.avi,1,2000,-4.898,0,NO.
21,order,-0.25,data/videos_v3/int_10000ms/v3_10000_01151.avi,0,10000,-4.9494,0,NO.
21,order,-0.25,data/videos_v3/int_2000ms/v3_2000_00774.avi,0,2000,-4.5538,0,NO.
21,order,-0.25,data/videos_v3/int_10000ms/v3_10000_01134.avi,0,10000,-3.4011,0,NO.
21,order,-0.25,data/videos_v3/int_5000ms/v3_5000_00913.avi,0,5000,-2.9995,0,NO.
21,order,-0.25,data/videos_v3/int_500ms/v3_500_00465.avi,0,500,-5.6418,0,NO.
21,order,-0.25,data/videos_v3/int_1500ms/v3_1500_00601.avi,1,1500,-6.2879,0,NO.
21,order,-0.25,data/videos_v3/int_200ms/v3_200_00231.avi,0,200,-3.9929,0,NO.
21,order,-0.25,data/videos_v3/int_500ms/v3_500_00407.avi,1,500,-2.0821,0,NO.
21,order,-0.25,data/videos_v3/int_10000ms/v3_10000_01147.avi,1,10000,-2.3605,0,NO.
21,order,-0.25,data/videos_v3/int_500ms/v3_500_00469.avi,0,500,-4.315,0,NO.
21,order,-0.25,data/videos_v3/int_500ms/v3_500_00479.avi,1,500,-2.9778,0,NO.
21,order,-0.25,data/videos_v3/int_333ms/v3_333_00311.avi,0,333,-2.7495,0,NO.
21,order,-0.25,data/videos_v3/int_3000ms/v3_3000_00822.avi,1,3000,-4.7831,0,NO.
21,order,-0.25,data/videos_v3/int_1500ms/v3_1500_00642.avi,0,1500,-4.0088,0,NO.
21,order,-0.25,data/videos_v3/int_3000ms/v3_3000_00847.avi,0,3000,-4.2704,0,NO.
21,order,-0.25,data/videos_v3/int_100ms/v3_100_00176.avi,0,100,-5.9016,0,NO.
21,order,-0.25,data/videos_v3/int_7000ms/v3_7000_01042.avi,0,7000,-4.0155,0,NO.
21,order,-0.25,data/videos_v3/int_333ms/v3_333_00382.avi,1,333,-3.2672,0,NO.
21,order,-0.25,data/videos_v3/int_7000ms/v3_7000_01063.avi,0,7000,-3.3837,0,NO.
21,order,-0.25,data/videos_v3/int_10000ms/v3_10000_01178.avi,1,10000,-1.7163,0,NO.
21,order,-0.25,data/videos_v3/int_67ms/v3_67_00068.avi,0,67,-3.3745,0,NO.
21,order,-0.25,data/videos_v3/int_1500ms/v3_1500_00616.avi,0,1500,-3.3445,0,NO.
21,order,-0.25,data/videos_v3/int_200ms/v3_200_00200.avi,0,200,-4.012,0,NO.
21,order,-0.25,data/videos_v3/int_2000ms/v3_2000_00791.avi,0,2000,-4.0614,0,NO.
21,order,-0.25,data/videos_v3/int_1500ms/v3_1500_00695.avi,0,1500,-4.0555,0,NO.
21,order,-0.25,data/videos_v3/int_500ms/v3_500_00415.avi,1,500,-2.1821,0,NO.
21,order,-0.25,data/videos_v3/int_10000ms/v3_10000_01194.avi,1,10000,-2.0874,0,NO.
21,order,-0.25,data/videos_v3/int_500ms/v3_500_00403.avi,1,500,-3.9998,0,NO.
21,order,-0.25,data/videos_v3/int_2000ms/v3_2000_00752.avi,0,2000,-5.5588,0,NO.
21,order,-0.25,data/videos_v3/int_10000ms/v3_10000_01165.avi,0,10000,-3.5138,0,NO.
21,order,-0.25,data/videos_v3/int_500ms/v3_500_00464.avi,1,500,-2.5913,0,NO.
21,order,-0.25,data/videos_v3/int_500ms/v3_500_00492.avi,0,500,-4.3747,0,NO.
21,order,-0.25,data/videos_v3/int_5000ms/v3_5000_00928.avi,0,5000,-5.0385,0,NO.
21,order,-0.25,data/videos_v3/int_500ms/v3_500_00487.avi,0,500,-4.7869,0,NO.
21,order,-0.25,data/videos_v3/int_1000ms/v3_1000_00553.avi,0,1000,-3.3651,0,NO.
21,order,-0.25,data/videos_v3/int_7000ms/v3_7000_01000.avi,1,7000,-3.6247,0,NO.
21,order,-0.25,data/videos_v3/int_1500ms/v3_1500_00612.avi,0,1500,-4.1723,0,NO.
21,order,-0.25,data/videos_v3/int_10000ms/v3_10000_01127.avi,1,10000,-3.6454,0,NO.
21,order,-0.25,data/videos_v3/int_5000ms/v3_5000_00999.avi,0,5000,-4.3906,0,NO.
21,order,-0.25,data/videos_v3/int_7000ms/v3_7000_01069.avi,1,7000,-3.978,0,NO.
21,order,-0.25,data/videos_v3/int_10000ms/v3_10000_01167.avi,0,10000,-3.4996,0,NO.
21,order,-0.25,data/videos_v3/int_7000ms/v3_7000_01019.avi,0,7000,-3.7436,0,NO.
21,order,-0.25,data/videos_v3/int_2000ms/v3_2000_00779.avi,0,2000,-4.2831,0,NO.
21,order,-0.25,data/videos_v3/int_1500ms/v3_1500_00647.avi,1,1500,-3.609,0,NO.
21,order,-0.25,data/videos_v3/int_5000ms/v3_5000_00905.avi,1,5000,-3.2254,0,NO.
21,order,-0.25,data/videos_v3/int_1000ms/v3_1000_00586.avi,1,1000,-3.4756,0,NO.
21,order,-0.25,data/videos_v3/int_2000ms/v3_2000_00713.avi,0,2000,-4.5667,0,NO.
21,order,-0.25,data/videos_v3/int_1500ms/v3_1500_00644.avi,1,1500,-2.9995,0,NO.
21,order,-0.25,data/videos_v3/int_10000ms/v3_10000_01181.avi,0,10000,-3.4011,0,NO.
21,order,-0.25,data/videos_v3/int_3000ms/v3_3000_00873.avi,0,3000,-2.6421,0,NO.
21,order,-0.25,data/videos_v3/int_7000ms/v3_7000_01074.avi,0,7000,-1.9754,0,NO.
21,order,-0.25,data/videos_v3/int_1000ms/v3_1000_00535.avi,0,1000,-4.505,0,NO.
21,order,-0.25,data/videos_v3/int_3000ms/v3_3000_00829.avi,0,3000,-3.8861,0,NO.
21,order,-0.25,data/videos_v3/int_3000ms/v3_3000_00823.avi,1,3000,-2.8746,0,NO.
21,order,-0.25,data/videos_v3/int_10000ms/v3_10000_01191.avi,0,10000,-2.8528,0,NO.
21,order,-0.25,data/videos_v3/int_1500ms/v3_1500_00618.avi,1,1500,-5.3913,0,NO.
21,order,-0.25,data/videos_v3/int_333ms/v3_333_00394.avi,0,333,-3.7815,0,NO.
21,order,-0.25,data/videos_v3/int_2000ms/v3_2000_00701.avi,1,2000,-4.2815,0,NO.
21,order,-0.25,data/videos_v3/int_1500ms/v3_1500_00681.avi,1,1500,-4.2639,0,NO.
21,order,-0.25,data/videos_v3/int_5000ms/v3_5000_00983.avi,0,5000,-3.24,0,NO.
21,order,-0.25,data/videos_v3/int_333ms/v3_333_00388.avi,1,333,-5.5338,0,NO.
21,order,-0.25,data/videos_v3/int_1500ms/v3_1500_00669.avi,1,1500,-2.8617,0,NO.
21,order,-0.25,data/videos_v3/int_2000ms/v3_2000_00755.avi,1,2000,-4.0449,0,NO.
21,order,-0.25,data/videos_v3/int_1000ms/v3_1000_00566.avi,1,1000,-3.0687,0,NO.
21,order,-0.25,data/videos_v3/int_1000ms/v3_1000_00561.avi,1,1000,-3.1246,0,NO.
21,order,-0.25,data/videos_v3/int_1500ms/v3_1500_00674.avi,1,1500,-2.7125,0,NO.
21,order,-0.25,data/videos_v3/int_1000ms/v3_1000_00581.avi,1,1000,-3.3628,0,NO.
21,order,-0.25,data/videos_v3/int_5000ms/v3_5000_00908.avi,1,5000,-2.4997,0,NO.
21,order,-0.25,data/videos_v3/int_200ms/v3_200_00279.avi,1,200,-2.9996,0,NO.
21,order,-0.25,data/videos_v3/int_100ms/v3_100_00133.avi,1,100,-1.9697,0,NO.
21,order,-0.25,data/videos_v3/int_1500ms/v3_1500_00666.avi,0,1500,-2.3451,0,NO.
21,order,-0.25,data/videos_v3/int_5000ms/v3_5000_00980.avi,0,5000,-2.3412,0,NO.
21,order,-0.25,data/videos_v3/int_3000ms/v3_3000_00833.avi,0,3000,-5.1534,0,NO.
21,order,-0.25,data/videos_v3/int_333ms/v3_333_00336.avi,0,333,-3.1115,0,NO.
21,order,-0.25,data/videos_v3/int_333ms/v3_333_00329.avi,1,333,-4.0079,0,NO.
21,order,-0.25,data/videos_v3/int_500ms/v3_500_00491.avi,1,500,-2.5953,0,NO.
21,order,-0.25,data/videos_v3/int_10000ms/v3_10000_01125.avi,0,10000,-3.9064,0,NO.
21,order,-0.25,data/videos_v3/int_1000ms/v3_1000_00595.avi,0,1000,-2.2495,0,NO.
21,order,-0.25,data/videos_v3/int_2000ms/v3_2000_00778.avi,0,2000,-3.2255,0,NO.
21,order,-0.25,data/videos_v3/int_10000ms/v3_10000_01130.avi,0,10000,-4.5369,0,NO.
21,order,-0.25,data/videos_v3/int_200ms/v3_200_00223.avi,1,200,-3.7673,0,NO.
21,order,-0.25,data/videos_v3/int_5000ms/v3_5000_00921.avi,0,5000,-4.2639,0,NO.
21,order,-0.25,data/videos_v3/int_7000ms/v3_7000_01012.avi,1,7000,-3.2163,0,NO.
21,order,-0.25,data/videos_v3/int_10000ms/v3_10000_01108.avi,1,10000,-2.4755,0,NO.
21,order,-0.25,data/videos_v3/int_100ms/v3_100_00188.avi,1,100,-4.63,0,NO.
21,order,-0.25,data/videos_v3/int_7000ms/v3_7000_01097.avi,0,7000,-3.8747,0,NO.
21,order,-0.25,data/videos_v3/int_1500ms/v3_1500_00677.avi,1,1500,-2.5835,0,NO.
21,order,-0.25,data/videos_v3/int_333ms/v3_333_00379.avi,1,333,-3.2753,0,NO.
21,order,-0.25,data/videos_v3/int_1000ms/v3_1000_00560.avi,1,1000,-4.1488,0,NO.
21,order,-0.25,data/videos_v3/int_2000ms/v3_2000_00716.avi,1,2000,-4.0349,0,NO.
21,order,-0.25,data/videos_v3/int_1000ms/v3_1000_00554.avi,0,1000,-2.605,0,NO.
21,order,-0.25,data/videos_v3/int_200ms/v3_200_00268.avi,0,200,-3.7762,0,NO.
21,order,-0.25,data/videos_v3/int_1000ms/v3_1000_00529.avi,0,1000,-3.6248,0,NO.
21,order,-0.25,data/videos_v3/int_3000ms/v3_3000_00879.avi,0,3000,-4.41,0,NO.
21,order,-0.25,data/videos_v3/int_2000ms/v3_2000_00777.avi,1,2000,-3.1441,0,NO.
21,order,-0.25,data/videos_v3/int_1000ms/v3_1000_00545.avi,0,1000,-4.5255,0,NO.
21,order,-0.25,data/videos_v3/int_1000ms/v3_1000_00520.avi,0,1000,-4.5404,0,NO.
21,order,-0.25,data/videos_v3/int_1500ms/v3_1500_00675.avi,0,1500,-3.3747,0,NO.
21,order,-0.25,data/videos_v3/int_10000ms/v3_10000_01126.avi,0,10000,-4.2832,0,NO.
21,order,-0.25,data/videos_v3/int_1500ms/v3_1500_00617.avi,0,1500,-2.7495,0,NO.
21,order,-0.25,data/videos_v3/int_3000ms/v3_3000_00885.avi,1,3000,-4.2498,0,NO.
21,order,-0.25,data/videos_v3/int_5000ms/v3_5000_00935.avi,0,5000,-5.6414,0,NO.
21,order,-0.25,data/videos_v3/int_3000ms/v3_3000_00871.avi,1,3000,-3.92,0,NO.
21,order,-0.25,data/videos_v3/int_1000ms/v3_1000_00598.avi,0,1000,-3.2198,0,NO.
21,order,-0.25,data/videos_v3/int_1500ms/v3_1500_00631.avi,1,1500,-4.6836,0,NO.
21,order,-0.25,data/videos_v3/int_5000ms/v3_5000_00968.avi,0,5000,-2.7495,0,NO.
21,order,-0.25,data/videos_v3/int_3000ms/v3_3000_00878.avi,0,3000,-3.2673,0,NO.
21,order,-0.25,data/videos_v3/int_1000ms/v3_1000_00551.avi,0,1000,-6.765,0,NO.
21,order,-0.25,data/videos_v3/int_1000ms/v3_1000_00548.avi,1,1000,-4.1249,0,NO.
21,order,-0.25,data/videos_v3/int_1000ms/v3_1000_00509.avi,0,1000,-2.6027,0,NO.
21,order,-0.25,data/videos_v3/int_200ms/v3_200_00254.avi,1,200,-2.9996,0,NO.
21,order,-0.25,data/videos_v3/int_200ms/v3_200_00226.avi,0,200,-5.6547,0,NO.
21,order,-0.25,data/videos_v3/int_200ms/v3_200_00261.avi,1,200,-4.2588,0,NO.
21,order,-0.25,data/videos_v3/int_2000ms/v3_2000_00743.avi,1,2000,-3.2673,0,NO.
21,order,-0.25,data/videos_v3/int_7000ms/v3_7000_01031.avi,1,7000,-1.5913,0,NO.
21,order,-0.25,data/videos_v3/int_67ms/v3_67_00074.avi,1,67,-3.7762,0,NO.
21,order,-0.25,data/videos_v3/int_10000ms/v3_10000_01171.avi,0,10000,-4.1247,0,NO.
21,order,-0.25,data/videos_v3/int_100ms/v3_100_00127.avi,0,100,-3.603,0,NO.
21,order,-0.25,data/videos_v3/int_100ms/v3_100_00137.avi,1,100,-2.6246,0,NO.
21,order,-0.25,data/videos_v3/int_67ms/v3_67_00095.avi,1,67,-4.1478,0,NO.
21,order,-0.25,data/videos_v3/int_1500ms/v3_1500_00659.avi,1,1500,-2.2038,0,NO.
21,order,-0.25,data/videos_v3/int_333ms/v3_333_00344.avi,0,333,-3.6247,0,NO.
21,order,-0.25,data/videos_v3/int_2000ms/v3_2000_00746.avi,1,2000,-2.7401,0,NO.
21,order,-0.25,data/videos_v3/int_200ms/v3_200_00294.avi,1,200,-2.605,0,NO.
21,order,-0.25,data/videos_v3/int_3000ms/v3_3000_00854.avi,0,3000,-4.1464,0,NO.
21,order,-0.25,data/videos_v3/int_5000ms/v3_5000_00955.avi,0,5000,-3.9489,0,NO.
21,order,-0.25,data/videos_v3/int_7000ms/v3_7000_01036.avi,0,7000,-3.8847,0,NO.
21,order,-0.25,data/videos_v3/int_333ms/v3_333_00352.avi,0,333,-4.2608,0,NO.
21,order,-0.25,data/videos_v3/int_7000ms/v3_7000_01010.avi,0,7000,-5.1396,0,NO.
21,order,-0.25,data/videos_v3/int_1500ms/v3_1500_00624.avi,1,1500,-5.7612,0,NO.
21,order,-0.25,data/videos_v3/int_10000ms/v3_10000_01101.avi,1,10000,-3.9998,0,NO.
21,order,-0.25,data/videos_v3/int_500ms/v3_500_00439.avi,0,500,-5.5527,0,NO.
21,order,0.25,data/videos_v3/int_5000ms/v3_5000_00960.avi,1,5000,1.2143,1,YES.
21,order,0.25,data/videos_v3/int_500ms/v3_500_00401.avi,0,500,-0.6825,0,NO.
21,order,0.25,data/videos_v3/int_500ms/v3_500_00417.avi,0,500,0.2731,1,YES.
21,order,0.25,data/videos_v3/int_333ms/v3_333_00354.avi,0,333,0.1101,0,NO.
21,order,0.25,data/videos_v3/int_2000ms/v3_2000_00717.avi,1,2000,-0.1508,0,NO.
21,order,0.25,data/videos_v3/int_2000ms/v3_2000_00789.avi,0,2000,1.1217,1,YES.
21,order,0.25,data/videos_v3/int_10000ms/v3_10000_01184.avi,0,10000,-0.1892,0,NO.
21,order,0.25,data/videos_v3/int_7000ms/v3_7000_01090.avi,1,7000,0.738,1,YES.
21,order,0.25,data/videos_v3/int_1500ms/v3_1500_00634.avi,0,1500,0.6129,1,YES.
21,order,0.25,data/videos_v3/int_500ms/v3_500_00459.avi,1,500,0.872,1,YES.
21,order,0.25,data/videos_v3/int_7000ms/v3_7000_01058.avi,0,7000,-0.2857,0,NO.
21,order,0.25,data/videos_v3/int_3000ms/v3_3000_00860.avi,1,3000,-0.1908,0,NO.
21,order,0.25,data/videos_v3/int_2000ms/v3_2000_00708.avi,0,2000,0.2379,1,YES.
21,order,0.25,data/videos_v3/int_2000ms/v3_2000_00773.avi,0,2000,-0.7758,0,NO.
21,order,0.25,data/videos_v3/int_1000ms/v3_1000_00525.avi,1,1000,0.5658,1,YES.
21,order,0.25,data/videos_v3/int_1000ms/v3_1000_00558.avi,1,1000,-0.6896,0,NO.
21,order,0.25,data/videos_v3/int_200ms/v3_200_00242.avi,0,200,-0.5126,0,NO.
21,order,0.25,data/videos_v3/int_333ms/v3_333_00396.avi,1,333,-0.5358,0,NO.
21,order,0.25,data/videos_v3/int_1500ms/v3_1500_00641.avi,1,1500,0.7273,1,YES.
21,order,0.25,data/videos_v3/int_1000ms/v3_1000_00576.avi,0,1000,-0.1782,0,NO.
21,order,0.25,data/videos_v3/int_10000ms/v3_10000_01192.avi,0,10000,0.331,1,YES.
21,order,0.25,data/videos_v3/int_5000ms/v3_5000_00951.avi,0,5000,-0.1614,0,NO.
21,order,0.25,data/videos_v3/int_7000ms/v3_7000_01060.avi,0,7000,-0.0654,0,NO.
21,order,0.25,data/videos_v3/int_1000ms/v3_1000_00518.avi,0,1000,0.2177,1,YES.
21,order,0.25,data/videos_v3/int_10000ms/v3_10000_01140.avi,0,10000,0.8524,1,YES.
21,order,0.25,data/videos_v3/int_2000ms/v3_2000_00706.avi,0,2000,-0.5576,0,NO.
21,order,0.25,data/videos_v3/int_100ms/v3_100_00125.avi,0,100,0.816,1,YES.
21,order,0.25,data/videos_v3/int_1500ms/v3_1500_00670.avi,1,1500,1.1239,1,YES.
21,order,0.25,data/videos_v3/int_100ms/v3_100_00149.avi,0,100,-0.0122,0,NO.
21,order,0.25,data/videos_v3/int_3000ms/v3_3000_00849.avi,0,3000,-0.4467,0,NO.
21,order,0.25,data/videos_v3/int_2000ms/v3_2000_00795.avi,1,2000,-0.4249,0,NO.
21,order,0.25,data/videos_v3/int_333ms/v3_333_00333.avi,0,333,-0.4109,0,NO.
21,order,0.25,data/videos_v3/int_500ms/v3_500_00404.avi,1,500,0.2593,1,YES.
21,order,0.25,data/videos_v3/int_67ms/v3_67_00059.avi,1,67,1.0927,1,YES.
21,order,0.25,data/videos_v3/int_7000ms/v3_7000_01034.avi,1,7000,0.6915,1,YES.
21,order,0.25,data/videos_v3/int_333ms/v3_333_00356.avi,1,333,0.488,1,YES.
21,order,0.25,data/videos_v3/int_5000ms/v3_5000_00932.avi,0,5000,0.4775,1,YES.
21,order,0.25,data/videos_v3/int_5000ms/v3_5000_00966.avi,1,5000,-0.4167,0,NO.
21,order,0.25,data/videos_v3/int_1000ms/v3_1000_00584.avi,1,1000,0.1241,0,NO.
21,order,0.25,data/videos_v3/int_333ms/v3_333_00350.avi,0,333,1.506,1,YES.
21,order,0.25,data/videos_v3/int_3000ms/v3_3000_00813.avi,0,3000,-0.526,0,NO.
21,order,0.25,data/videos_v3/int_1500ms/v3_1500_00663.avi,0,1500,-0.536,0,NO.
21,order,0.25,data/videos_v3/int_7000ms/v3_7000_01098.avi,0,7000,0.4775,1,YES.
21,order,0.25,data/videos_v3/int_200ms/v3_200_00245.avi,0,200,-0.4489,0,NO.
21,order,0.25,data/videos_v3/int_10000ms/v3_10000_01107.avi,1,10000,1.1344,1,YES.
21,order,0.25,data/videos_v3/int_3000ms/v3_3000_00892.avi,0,3000,-0.6858,0,NO.
21,order,0.25,data/videos_v3/int_2000ms/v3_2000_00771.avi,0,2000,0.2789,1,YES.
21,order,0.25,data/videos_v3/int_2000ms/v3_2000_00767.avi,0,2000,-0.1478,0,NO.
21,order,0.25,data/videos_v3/int_200ms/v3_200_00283.avi,1,200,0.9853,1,YES.
21,order,0.25,data/videos_v3/int_200ms/v3_200_00224.avi,1,200,1.061,1,YES.
21,order,0.25,data/videos_v3/int_2000ms/v3_2000_00790.avi,1,2000,0.2731,1,YES.
21,order,0.25,data/videos_v3/int_10000ms/v3_10000_01173.avi,1,10000,1.8417,1,YES.
21,order,0.25,data/videos_v3/int_500ms/v3_500_00440.avi,1,500,0.417,1,YES.
21,order,0.25,data/videos_v3/int_500ms/v3_500_00494.avi,0,500,-0.1664,0,NO.
21,order,0.25,data/videos_v3/int_2000ms/v3_2000_00719.avi,1,2000,0.0728,1,YES.
21,order,0.25,data/videos_v3/int_3000ms/v3_3000_00867.avi,0,3000,0.4769,1,YES.
21,order,0.25,data/videos_v3/int_500ms/v3_500_00468.avi,0,500,-0.184,0,NO.
21,order,0.25,data/videos_v3/int_7000ms/v3_7000_01052.avi,1,7000,0.7474,1,YES.
21,order,0.25,data/videos_v3/int_10000ms/v3_10000_01120.avi,0,10000,-0.1401,0,NO.
21,order,0.25,data/videos_v3/int_10000ms/v3_10000_01146.avi,1,10000,0.9425,1,YES.
21,order,0.25,data/videos_v3/int_67ms/v3_67_00038.avi,1,67,1.2083,1,YES.
21,order,0.25,data/videos_v3/int_2000ms/v3_2000_00762.avi,0,2000,0.2054,1,YES.
21,order,0.25,data/videos_v3/int_10000ms/v3_10000_01112.avi,1,10000,1.1861,1,YES.
21,order,0.25,data/videos_v3/int_7000ms/v3_7000_01044.avi,0,7000,1.2245,1,YES.
21,order,0.25,data/videos_v3/int_200ms/v3_200_00270.avi,1,200,0.3253,1,YES.
21,order,0.25,data/videos_v3/int_10000ms/v3_10000_01156.avi,1,10000,0.4283,1,YES.
21,order,0.25,data/videos_v3/int_333ms/v3_333_00301.avi,0,333,0.6098,1,YES.
21,order,0.25,data/videos_v3/int_2000ms/v3_2000_00733.avi,1,2000,-0.8144,0,NO.
21,order,0.25,data/videos_v3/int_10000ms/v3_10000_01151.avi,0,10000,-0.5501,0,NO.
21,order,0.25,data/videos_v3/int_2000ms/v3_2000_00774.avi,0,2000,-0.536,0,NO.
21,order,0.25,data/videos_v3/int_10000ms/v3_10000_01134.avi,0,10000,0.448,1,YES.
21,order,0.25,data/videos_v3/int_5000ms/v3_5000_00913.avi,0,5000,0.6027,1,YES.
21,order,0.25,data/videos_v3/int_500ms/v3_500_00465.avi,0,500,-0.9427,0,NO.
21,order,0.25,data/videos_v3/int_1500ms/v3_1500_00601.avi,1,1500,-1.0534,0,NO.
21,order,0.25,data/videos_v3/int_200ms/v3_200_00231.avi,0,200,-0.1606,0,NO.
21,order,0.25,data/videos_v3/int_500ms/v3_500_00407.avi,1,500,1.697,1,YES.
21,order,0.25,data/videos_v3/int_10000ms/v3_10000_01147.avi,1,10000,1.3177,1,YES.
21,order,0.25,data/videos_v3/int_500ms/v3_500_00469.avi,0,500,-0.2828,0,NO.
21,order,0.25,data/videos_v3/int_500ms/v3_500_00479.avi,1,500,0.6347,1,YES.
21,order,0.25,data/videos_v3/int_333ms/v3_333_00311.avi,0,333,0.6026,1,YES.
21,order,0.25,data/videos_v3/int_3000ms/v3_3000_00822.avi,1,3000,-0.6667,0,NO.
21,order,0.25,data/videos_v3/int_1500ms/v3_1500_00642.avi,0,1500,-0.0417,0,NO.
21,order,0.25,data/videos_v3/int_3000ms/v3_3000_00847.avi,0,3000,-0.5259,0,NO.
21,order,0.25,data/videos_v3/int_100ms/v3_100_00176.avi,0,100,-0.9282,0,NO.
21,order,0.25,data/videos_v3/int_7000ms/v3_7000_01042.avi,0,7000,-0.1747,0,NO.
21,order,0.25,data/videos_v3/int_333ms/v3_333_00382.avi,1,333,0.4286,1,YES.
21,order,0.25,data/videos_v3/int_7000ms/v3_7000_01063.avi,0,7000,0.3427,1,YES.
21,order,0.25,data/videos_v3/int_10000ms/v3_10000_01178.avi,1,10000,2.2001,1,YES.
21,order,0.25,data/videos_v3/int_67ms/v3_67_00068.avi,0,67,0.339,1,YES.
21,order,0.25,data/videos_v3/int_1500ms/v3_1500_00616.avi,0,1500,0.2355,1,YES.
21,order,0.25,data/videos_v3/int_200ms/v3_200_00200.avi,0,200,0.3228,1,YES.
21,order,0.25,data/videos_v3/int_2000ms/v3_2000_00791.avi,0,2000,0.2172,1,YES.
21,order,0.25,data/videos_v3/int_1500ms/v3_1500_00695.avi,0,1500,0.2053,1,YES.
21,order,0.25,data/videos_v3/int_500ms/v3_500_00415.avi,1,500,1.2609,1,YES.
21,order,0.25,data/videos_v3/int_10000ms/v3_10000_01194.avi,1,10000,1.3178,1,YES.
21,order,0.25,data/videos_v3/int_500ms/v3_500_00403.avi,1,500,-0.1366,0,NO.
21,order,0.25,data/videos_v3/int_2000ms/v3_2000_00752.avi,0,2000,-1.0773,0,NO.
21,order,0.25,data/videos_v3/int_10000ms/v3_10000_01165.avi,0,10000,0.0754,1,YES.
21,order,0.25,data/videos_v3/int_500ms/v3_500_00464.avi,1,500,1.3493,1,YES.
21,order,0.25,data/videos_v3/int_500ms/v3_500_00492.avi,0,500,-0.096,0,NO.
21,order,0.25,data/videos_v3/int_5000ms/v3_5000_00928.avi,0,5000,-0.5646,0,NO.
21,order,0.25,data/videos_v3/int_500ms/v3_500_00487.avi,0,500,-0.5327,0,NO.
21,order,0.25,data/videos_v3/int_1000ms/v3_1000_00553.avi,0,1000,0.251,1,YES.
21,order,0.25,data/videos_v3/int_7000ms/v3_7000_01000.avi,1,7000,0.0754,0,NO.
21,order,0.25,data/videos_v3/int_1500ms/v3_1500_00612.avi,0,1500,-0.3375,0,NO.
21,order,0.25,data/videos_v3/int_10000ms/v3_10000_01127.avi,1,10000,0.0752,0,NO.
21,order,0.25,data/videos_v3/int_5000ms/v3_5000_00999.avi,0,5000,-0.4166,0,NO.
21,order,0.25,data/videos_v3/int_7000ms/v3_7000_01069.avi,1,7000,0.0144,0,NO.
21,order,0.25,data/videos_v3/int_10000ms/v3_10000_01167.avi,0,10000,0.5836,1,YES.
21,order,0.25,data/videos_v3/int_7000ms/v3_7000_01019.avi,0,7000,-0.0229,0,NO.
21,order,0.25,data/videos_v3/int_2000ms/v3_2000_00779.avi,0,2000,-0.3158,0,NO.
21,order,0.25,data/videos_v3/int_1500ms/v3_1500_00647.avi,1,1500,0.3495,1,YES.
21,order,0.25,data/videos_v3/int_5000ms/v3_5000_00905.avi,1,5000,0.3431,1,YES.
21,order,0.25,data/videos_v3/int_1000ms/v3_1000_00586.avi,1,1000,0.6102,1,YES.
21,order,0.25,data/videos_v3/int_2000ms/v3_2000_00713.avi,0,2000,-0.4583,0,NO.
21,order,0.25,data/videos_v3/int_1500ms/v3_1500_00644.avi,1,1500,0.6979,1,YES.
21,order,0.25,data/videos_v3/int_10000ms/v3_10000_01181.avi,0,10000,0.2471,1,YES.
21,order,0.25,data/videos_v3/int_3000ms/v3_3000_00873.avi,0,3000,0.6912,1,YES.
21,order,0.25,data/videos_v3/int_7000ms/v3_7000_01074.avi,0,7000,1.2083,1,YES.
21,order,0.25,data/videos_v3/int_1000ms/v3_1000_00535.avi,0,1000,-0.5607,0,NO.
21,order,0.25,data/videos_v3/int_3000ms/v3_3000_00829.avi,0,3000,-0.0447,0,NO.
21,order,0.25,data/videos_v3/int_3000ms/v3_3000_00823.avi,1,3000,0.9553,1,YES.
21,order,0.25,data/videos_v3/int_10000ms/v3_10000_01191.avi,0,10000,0.6026,1,YES.
21,order,0.25,data/videos_v3/int_1500ms/v3_1500_00618.avi,1,1500,-0.6783,0,NO.
21,order,0.25,data/videos_v3/int_333ms/v3_333_00394.avi,0,333,-0.0125,0,NO.
21,order,0.25,data/videos_v3/int_2000ms/v3_2000_00701.avi,1,2000,-0.0658,0,NO.
21,order,0.25,data/videos_v3/int_1500ms/v3_1500_00681.avi,1,1500,-0.2917,0,NO.
21,order,0.25,data/videos_v3/int_5000ms/v3_5000_00983.avi,0,5000,0.3164,1,YES.
21,order,0.25,data/videos_v3/int_333ms/v3_333_00388.avi,1,333,-1.0645,0,NO.
21,order,0.25,data/videos_v3/int_1500ms/v3_1500_00669.avi,1,1500,0.5886,1,YES.
21,order,0.25,data/videos_v3/int_2000ms/v3_2000_00755.avi,1,2000,-0.2825,0,NO.
21,order,0.25,data/videos_v3/int_1000ms/v3_1000_00566.avi,1,1000,0.6702,1,YES.
21,order,0.25,data/videos_v3/int_1000ms/v3_1000_00561.avi,1,1000,0.7645,1,YES.
21,order,0.25,data/videos_v3/int_1500ms/v3_1500_00674.avi,1,1500,0.8683,1,YES.
21,order,0.25,data/videos_v3/int_1000ms/v3_1000_00581.avi,1,1000,0.1106,0,NO.
21,order,0.25,data/videos_v3/int_5000ms/v3_5000_00908.avi,1,5000,0.941,1,YES.
21,order,0.25,data/videos_v3/int_200ms/v3_200_00279.avi,1,200,0.8255,1,YES.
21,order,0.25,data/videos_v3/int_100ms/v3_100_00133.avi,1,100,1.4644,1,YES.
21,order,0.25,data/videos_v3/int_1500ms/v3_1500_00666.avi,0,1500,1.01,1,YES.
21,order,0.25,data/videos_v3/int_5000ms/v3_5000_00980.avi,0,5000,1.1787,1,YES.
21,order,0.25,data/videos_v3/int_3000ms/v3_3000_00833.avi,0,3000,-0.637,0,NO.
21,order,0.25,data/videos_v3/int_333ms/v3_333_00336.avi,0,333,0.3524,1,YES.
21,order,0.25,data/videos_v3/int_333ms/v3_333_00329.avi,1,333,0.0007,0,NO.
21,order,0.25,data/videos_v3/int_500ms/v3_500_00491.avi,1,500,0.874,1,YES.
21,order,0.25,data/videos_v3/int_10000ms/v3_10000_01125.avi,0,10000,-0.2944,0,NO.
21,order,0.25,data/videos_v3/int_1000ms/v3_1000_00595.avi,0,1000,1.0097,1,YES.
21,order,0.25,data/videos_v3/int_2000ms/v3_2000_00778.avi,0,2000,0.3526,1,YES.
21,order,0.25,data/videos_v3/int_10000ms/v3_10000_01130.avi,0,10000,-0.1823,0,NO.
21,order,0.25,data/videos_v3/int_200ms/v3_200_00223.avi,1,200,-0.0415,0,NO.
21,order,0.25,data/videos_v3/int_5000ms/v3_5000_00921.avi,0,5000,-0.2759,0,NO.
21,order,0.25,data/videos_v3/int_7000ms/v3_7000_01012.avi,1,7000,0.4503,1,YES.
21,order,0.25,data/videos_v3/int_10000ms/v3_10000_01108.avi,1,10000,1.1129,1,YES.
21,order,0.25,data/videos_v3/int_100ms/v3_100_00188.avi,1,100,-0.1781,0,NO.
21,order,0.25,data/videos_v3/int_7000ms/v3_7000_01097.avi,0,7000,0.0926,0,NO.
21,order,0.25,data/videos_v3/int_1500ms/v3_1500_00677.avi,1,1500,1.8391,1,YES.
21,order,0.25,data/videos_v3/int_333ms/v3_333_00379.avi,1,333,0.3338,1,YES.
21,order,0.25,data/videos_v3/int_1000ms/v3_1000_00560.avi,1,1000,-0.3873,0,NO.
21,order,0.25,data/videos_v3/int_2000ms/v3_2000_00716.avi,1,2000,-0.0523,0,NO.
21,order,0.25,data/videos_v3/int_1000ms/v3_1000_00554.avi,0,1000,1.1102,1,YES.
21,order,0.25,data/videos_v3/int_200ms/v3_200_00268.avi,0,200,0.3844,1,YES.
21,order,0.25,data/videos_v3/int_1000ms/v3_1000_00529.avi,0,1000,0.4553,1,YES.
21,order,0.25,data/videos_v3/int_3000ms/v3_3000_00879.avi,0,3000,-0.1578,0,NO.
21,order,0.25,data/videos_v3/int_2000ms/v3_2000_00777.avi,1,2000,0.4317,1,YES.
21,order,0.25,data/videos_v3/int_1000ms/v3_1000_00545.avi,0,1000,-0.5324,0,NO.
21,order,0.25,data/videos_v3/int_1000ms/v3_1000_00520.avi,0,1000,-0.526,0,NO.
21,order,0.25,data/videos_v3/int_1500ms/v3_1500_00675.avi,0,1500,0.2351,1,YES.
21,order,0.25,data/videos_v3/int_10000ms/v3_10000_01126.avi,0,10000,0.0374,0,NO.
21,order,0.25,data/videos_v3/int_1500ms/v3_1500_00617.avi,0,1500,0.7275,1,YES.
21,order,0.25,data/videos_v3/int_3000ms/v3_3000_00885.avi,1,3000,-0.2213,0,NO.
21,order,0.25,data/videos_v3/int_5000ms/v3_5000_00935.avi,0,5000,-0.8209,0,NO.
21,order,0.25,data/videos_v3/int_3000ms/v3_3000_00871.avi,1,3000,-0.0328,0,NO.
21,order,0.25,data/videos_v3/int_1000ms/v3_1000_00598.avi,0,1000,0.4746,1,YES.
21,order,0.25,data/videos_v3/int_1500ms/v3_1500_00631.avi,1,1500,-0.5789,0,NO.
21,order,0.25,data/videos_v3/int_5000ms/v3_5000_00968.avi,0,5000,0.5891,1,YES.
21,order,0.25,data/videos_v3/int_3000ms/v3_3000_00878.avi,0,3000,0.3425,1,YES.
21,order,0.25,data/videos_v3/int_1000ms/v3_1000_00551.avi,0,1000,-1.6848,0,NO.
21,order,0.25,data/videos_v3/int_1000ms/v3_1000_00548.avi,1,1000,0.0605,0,NO.
21,order,0.25,data/videos_v3/int_1000ms/v3_1000_00509.avi,0,1000,0.8526,1,YES.
21,order,0.25,data/videos_v3/int_200ms/v3_200_00254.avi,1,200,0.3845,1,YES.
21,order,0.25,data/videos_v3/int_200ms/v3_200_00226.avi,0,200,-1.0119,0,NO.
21,order,0.25,data/videos_v3/int_200ms/v3_200_00261.avi,1,200,-0.4407,0,NO.
21,order,0.25,data/videos_v3/int_2000ms/v3_2000_00743.avi,1,2000,0.3424,1,YES.
21,order,0.25,data/videos_v3/int_7000ms/v3_7000_01031.avi,1,7000,2.0892,1,YES.
21,order,0.25,data/videos_v3/int_67ms/v3_67_00074.avi,1,67,-0.0009,0,NO.
21,order,0.25,data/videos_v3/int_10000ms/v3_10000_01171.avi,0,10000,-0.1106,0,NO.
21,order,0.25,data/videos_v3/int_100ms/v3_100_00127.avi,0,100,-0.0145,0,NO.
21,order,0.25,data/videos_v3/int_100ms/v3_100_00137.avi,1,100,0.7379,1,YES.
21,order,0.25,data/videos_v3/int_67ms/v3_67_00095.avi,1,67,-0.3157,0,NO.
21,order,0.25,data/videos_v3/int_1500ms/v3_1500_00659.avi,1,1500,1.2379,1,YES.
21,order,0.25,data/videos_v3/int_333ms/v3_333_00344.avi,0,333,-0.0592,0,NO.
21,order,0.25,data/videos_v3/int_2000ms/v3_2000_00746.avi,1,2000,0.6909,1,YES.
21,order,0.25,data/videos_v3/int_200ms/v3_200_00294.avi,1,200,0.8233,1,YES.
21,order,0.25,data/videos_v3/int_3000ms/v3_3000_00854.avi,0,3000,-0.3784,0,NO.
21,order,0.25,data/videos_v3/int_5000ms/v3_5000_00955.avi,0,5000,-0.1769,0,NO.
21,order,0.25,data/videos_v3/int_7000ms/v3_7000_01036.avi,0,7000,-0.2821,0,NO.
21,order,0.25,data/videos_v3/int_333ms/v3_333_00352.avi,0,333,-0.3977,0,NO.
21,order,0.25,data/videos_v3/int_7000ms/v3_7000_01010.avi,0,7000,-0.8033,0,NO.
21,order,0.25,data/videos_v3/int_1500ms/v3_1500_00624.avi,1,1500,-1.0338,0,NO.
21,order,0.25,data/videos_v3/int_10000ms/v3_10000_01101.avi,1,10000,-0.0115,0,NO.
21,order,0.25,data/videos_v3/int_500ms/v3_500_00439.avi,0,500,-0.9343,0,NO.
21,order,0.5,data/videos_v3/int_5000ms/v3_5000_00960.avi,1,5000,2.4476,1,YES.
21,order,0.5,data/videos_v3/int_500ms/v3_500_00401.avi,0,500,1.3491,1,YES.
21,order,0.5,data/videos_v3/int_500ms/v3_500_00417.avi,0,500,1.7234,1,YES.
21,order,0.5,data/videos_v3/int_333ms/v3_333_00354.avi,0,333,1.6798,1,YES.
21,order,0.5,data/videos_v3/int_2000ms/v3_2000_00717.avi,1,2000,1.6696,1,YES.
21,order,0.5,data/videos_v3/int_2000ms/v3_2000_00789.avi,0,2000,2.5078,1,YES.
21,order,0.5,data/videos_v3/int_10000ms/v3_10000_01184.avi,0,10000,1.515,1,YES.
21,order,0.5,data/videos_v3/int_7000ms/v3_7000_01090.avi,1,7000,2.112,1,YES.
21,order,0.5,data/videos_v3/int_1500ms/v3_1500_00634.avi,0,1500,1.9138,1,YES.
21,order,0.5,data/videos_v3/int_500ms/v3_500_00459.avi,1,500,2.2139,1,YES.
21,order,0.5,data/videos_v3/int_7000ms/v3_7000_01058.avi,0,7000,1.4051,1,YES.
21,order,0.5,data/videos_v3/int_3000ms/v3_3000_00860.avi,1,3000,1.3841,1,YES.
21,order,0.5,data/videos_v3/int_2000ms/v3_2000_00708.avi,0,2000,1.7869,1,YES.
21,order,0.5,data/videos_v3/int_2000ms/v3_2000_00773.avi,0,2000,1.3716,1,YES.
21,order,0.5,data/videos_v3/int_1000ms/v3_1000_00525.avi,1,1000,2.1477,1,YES.
21,order,0.5,data/videos_v3/int_1000ms/v3_1000_00558.avi,1,1000,1.4739,1,YES.
21,order,0.5,data/videos_v3/int_200ms/v3_200_00242.avi,0,200,1.2039,1,YES.
21,order,0.5,data/videos_v3/int_333ms/v3_333_00396.avi,1,333,1.2963,1,YES.
21,order,0.5,data/videos_v3/int_1500ms/v3_1500_00641.avi,1,1500,1.9869,1,YES.
21,order,0.5,data/videos_v3/int_1000ms/v3_1000_00576.avi,0,1000,1.6256,1,YES.
21,order,0.5,data/videos_v3/int_10000ms/v3_10000_01192.avi,0,10000,1.692,1,YES.
21,order,0.5,data/videos_v3/int_5000ms/v3_5000_00951.avi,0,5000,1.3983,1,YES.
21,order,0.5,data/videos_v3/int_7000ms/v3_7000_01060.avi,0,7000,1.5447,1,YES.
21,order,0.5,data/videos_v3/int_1000ms/v3_1000_00518.avi,0,1000,1.7084,1,YES.
21,order,0.5,data/videos_v3/int_10000ms/v3_10000_01140.avi,0,10000,2.1119,1,YES.
21,order,0.5,data/videos_v3/int_2000ms/v3_2000_00706.avi,0,2000,1.4049,1,YES.
21,order,0.5,data/videos_v3/int_100ms/v3_100_00125.avi,0,100,2.2166,1,YES.
21,order,0.5,data/videos_v3/int_1500ms/v3_1500_00670.avi,1,1500,2.212,1,YES.
21,order,0.5,data/videos_v3/int_100ms/v3_100_00149.avi,0,100,1.5792,1,YES.
21,order,0.5,data/videos_v3/int_3000ms/v3_3000_00849.avi,0,3000,1.3521,1,YES.
21,order,0.5,data/videos_v3/int_2000ms/v3_2000_00795.avi,1,2000,1.4038,1,YES.
21,order,0.5,data/videos_v3/int_333ms/v3_333_00333.avi,0,333,1.6255,1,YES.
21,order,0.5,data/videos_v3/int_500ms/v3_500_00404.avi,1,500,1.8678,1,YES.
21,order,0.5,data/videos_v3/int_67ms/v3_67_00059.avi,1,67,2.25,1,YES.
21,order,0.5,data/videos_v3/int_7000ms/v3_7000_01034.avi,1,7000,2.1181,1,YES.
21,order,0.5,data/videos_v3/int_333ms/v3_333_00356.avi,1,333,1.9591,1,YES.
21,order,0.5,data/videos_v3/int_5000ms/v3_5000_00932.avi,0,5000,1.7046,1,YES.
21,order,0.5,data/videos_v3/int_5000ms/v3_5000_00966.avi,1,5000,1.5092,1,YES.
21,order,0.5,data/videos_v3/int_1000ms/v3_1000_00584.avi,1,1000,1.6181,1,YES.
21,order,0.5,data/videos_v3/int_333ms/v3_333_00350.avi,0,333,2.758,1,YES.
21,order,0.5,data/videos_v3/int_3000ms/v3_3000_00813.avi,0,3000,1.4036,1,YES.
21,order,0.5,data/videos_v3/int_1500ms/v3_1500_00663.avi,0,1500,1.5285,1,YES.
21,order,0.5,data/videos_v3/int_7000ms/v3_7000_01098.avi,0,7000,1.8295,1,YES.
21,order,0.5,data/videos_v3/int_200ms/v3_200_00245.avi,0,200,1.3737,1,YES.
21,order,0.5,data/videos_v3/int_10000ms/v3_10000_01107.avi,1,10000,2.3388,1,YES.
21,order,0.5,data/videos_v3/int_3000ms/v3_3000_00892.avi,0,3000,1.45,1,YES.
21,order,0.5,data/videos_v3/int_2000ms/v3_2000_00771.avi,0,2000,1.8616,1,YES.
21,order,0.5,data/videos_v3/int_2000ms/v3_2000_00767.avi,0,2000,1.4364,1,YES.
21,order,0.5,data/videos_v3/int_200ms/v3_200_00283.avi,1,200,2.2622,1,YES.
21,order,0.5,data/videos_v3/int_200ms/v3_200_00224.avi,1,200,2.2699,1,YES.
21,order,0.5,data/videos_v3/int_2000ms/v3_2000_00790.avi,1,2000,1.8749,1,YES.
21,order,0.5,data/videos_v3/int_10000ms/v3_10000_01173.avi,1,10000,3.0303,1,YES.
21,order,0.5,data/videos_v3/int_500ms/v3_500_00440.avi,1,500,1.6697,1,YES.
21,order,0.5,data/videos_v3/int_500ms/v3_500_00494.avi,0,500,1.3846,1,YES.
21,order,0.5,data/videos_v3/int_2000ms/v3_2000_00719.avi,1,2000,1.6621,1,YES.
21,order,0.5,data/videos_v3/int_3000ms/v3_3000_00867.avi,0,3000,2.1613,1,YES.
21,order,0.5,data/videos_v3/int_500ms/v3_500_00468.avi,0,500,1.4123,1,YES.
21,order,0.5,data/videos_v3/int_7000ms/v3_7000_01052.avi,1,7000,2.0921,1,YES.
21,order,0.5,data/videos_v3/int_10000ms/v3_10000_01120.avi,0,10000,1.6889,1,YES.
21,order,0.5,data/videos_v3/int_10000ms/v3_10000_01146.avi,1,10000,2.2166,1,YES.
21,order,0.5,data/videos_v3/int_67ms/v3_67_00038.avi,1,67,2.3968,1,YES.
21,order,0.5,data/videos_v3/int_2000ms/v3_2000_00762.avi,0,2000,1.7881,1,YES.
21,order,0.5,data/videos_v3/int_10000ms/v3_10000_01112.avi,1,10000,2.3948,1,YES.
21,order,0.5,data/videos_v3/int_7000ms/v3_7000_01044.avi,0,7000,2.5122,1,YES.
21,order,0.5,data/videos_v3/int_200ms/v3_200_00270.avi,1,200,1.7725,1,YES.
21,order,0.5,data/videos_v3/int_10000ms/v3_10000_01156.avi,1,10000,1.8736,1,YES.
21,order,0.5,data/videos_v3/int_333ms/v3_333_00301.avi,0,333,2.2994,1,YES.
21,order,0.5,data/videos_v3/int_2000ms/v3_2000_00733.avi,1,2000,1.1258,1,YES.
21,order,0.5,data/videos_v3/int_10000ms/v3_10000_01151.avi,0,10000,1.6097,1,YES.
21,order,0.5,data/videos_v3/int_2000ms/v3_2000_00774.avi,0,2000,1.4848,1,YES.
21,order,0.5,data/videos_v3/int_10000ms/v3_10000_01134.avi,0,10000,1.9991,1,YES.
21,order,0.5,data/videos_v3/int_5000ms/v3_5000_00913.avi,0,5000,2.038,1,YES.
21,order,0.5,data/videos_v3/int_500ms/v3_500_00465.avi,0,500,1.3412,1,YES.
21,order,0.5,data/videos_v3/int_1500ms/v3_1500_00601.avi,1,1500,1.363,1,YES.
21,order,0.5,data/videos_v3/int_200ms/v3_200_00231.avi,0,200,1.5226,1,YES.
21,order,0.5,data/videos_v3/int_500ms/v3_500_00407.avi,1,500,2.9775,1,YES.
21,order,0.5,data/videos_v3/int_10000ms/v3_10000_01147.avi,1,10000,2.5547,1,YES.
21,order,0.5,data/videos_v3/int_500ms/v3_500_00469.avi,0,500,1.3978,1,YES.
21,order,0.5,data/videos_v3/int_500ms/v3_500_00479.avi,1,500,2.0069,1,YES.
21,order,0.5,data/videos_v3/int_333ms/v3_333_00311.avi,0,333,2.0693,1,YES.
21,order,0.5,data/videos_v3/int_3000ms/v3_3000_00822.avi,1,3000,1.2786,1,YES.
21,order,0.5,data/videos_v3/int_1500ms/v3_1500_00642.avi,0,1500,1.5465,1,YES.
21,order,0.5,data/videos_v3/int_3000ms/v3_3000_00847.avi,0,3000,1.3717,1,YES.
21,order,0.5,data/videos_v3/int_100ms/v3_100_00176.avi,0,100,1.3514,1,YES.
21,order,0.5,data/videos_v3/int_7000ms/v3_7000_01042.avi,0,7000,1.4853,1,YES.
21,order,0.5,data/videos_v3/int_333ms/v3_333_00382.avi,1,333,1.8809,1,YES.
21,order,0.5,data/videos_v3/int_7000ms/v3_7000_01063.avi,0,7000,1.8,1,YES.
21,order,0.5,data/videos_v3/int_10000ms/v3_10000_01178.avi,1,10000,3.3292,1,YES.
21,order,0.5,data/videos_v3/int_67ms/v3_67_00068.avi,0,67,1.8485,1,YES.
21,order,0.5,data/videos_v3/int_1500ms/v3_1500_00616.avi,0,1500,1.795,1,YES.
21,order,0.5,data/videos_v3/int_200ms/v3_200_00200.avi,0,200,2.0106,1,YES.
21,order,0.5,data/videos_v3/int_2000ms/v3_2000_00791.avi,0,2000,1.9662,1,YES.
21,order,0.5,data/videos_v3/int_1500ms/v3_1500_00695.avi,0,1500,1.9121,1,YES.
21,order,0.5,data/videos_v3/int_500ms/v3_500_00415.avi,1,500,2.3975,1,Yes.
21,order,0.5,data/videos_v3/int_10000ms/v3_10000_01194.avi,1,10000,2.5618,1,YES.
21,order,0.5,data/videos_v3/int_500ms/v3_500_00403.avi,1,500,1.6892,1,YES.
21,order,0.5,data/videos_v3/int_2000ms/v3_2000_00752.avi,0,2000,1.2238,1,YES.
21,order,0.5,data/videos_v3/int_10000ms/v3_10000_01165.avi,0,10000,1.6447,1,YES.
21,order,0.5,data/videos_v3/int_500ms/v3_500_00464.avi,1,500,2.6863,1,YES.
21,order,0.5,data/videos_v3/int_500ms/v3_500_00492.avi,0,500,1.8532,1,YES.
21,order,0.5,data/videos_v3/int_5000ms/v3_5000_00928.avi,0,5000,1.4583,1,YES.
21,order,0.5,data/videos_v3/int_500ms/v3_500_00487.avi,0,500,1.2728,1,YES.
21,order,0.5,data/videos_v3/int_1000ms/v3_1000_00553.avi,0,1000,1.8144,1,YES.
21,order,0.5,data/videos_v3/int_7000ms/v3_7000_01000.avi,1,7000,1.6542,1,YES.
21,order,0.5,data/videos_v3/int_1500ms/v3_1500_00612.avi,0,1500,1.4873,1,YES.
21,order,0.5,data/videos_v3/int_10000ms/v3_10000_01127.avi,1,10000,1.6713,1,YES.
21,order,0.5,data/videos_v3/int_5000ms/v3_5000_00999.avi,0,5000,1.2945,1,YES.
21,order,0.5,data/videos_v3/int_7000ms/v3_7000_01069.avi,1,7000,1.7081,1,YES.
21,order,0.5,data/videos_v3/int_10000ms/v3_10000_01167.avi,0,10000,2.1746,1,YES.
21,order,0.5,data/videos_v3/int_7000ms/v3_7000_01019.avi,0,7000,1.626,1,YES.
21,order,0.5,data/videos_v3/int_2000ms/v3_2000_00779.avi,0,2000,1.4873,1,YES.
21,order,0.5,data/videos_v3/int_1500ms/v3_1500_00647.avi,1,1500,1.8618,1,YES.
21,order,0.5,data/videos_v3/int_5000ms/v3_5000_00905.avi,1,5000,1.6981,1,YES.
21,order,0.5,data/videos_v3/int_1000ms/v3_1000_00586.avi,1,1000,1.9681,1,YES.
21,order,0.5,data/videos_v3/int_2000ms/v3_2000_00713.avi,0,2000,1.2374,1,YES.
21,order,0.5,data/videos_v3/int_1500ms/v3_1500_00644.avi,1,1500,1.9283,1,YES.
21,order,0.5,data/videos_v3/int_10000ms/v3_10000_01181.avi,0,10000,1.8117,1,YES.
21,order,0.5,data/videos_v3/int_3000ms/v3_3000_00873.avi,0,3000,1.9416,1,YES.
21,order,0.5,data/videos_v3/int_7000ms/v3_7000_01074.avi,0,7000,2.5386,1,YES.
21,order,0.5,data/videos_v3/int_1000ms/v3_1000_00535.avi,0,1000,1.3759,1,YES.
21,order,0.5,data/videos_v3/int_3000ms/v3_3000_00829.avi,0,3000,1.7644,1,YES.
21,order,0.5,data/videos_v3/int_3000ms/v3_3000_00823.avi,1,3000,2.3519,1,YES.
21,order,0.5,data/videos_v3/int_10000ms/v3_10000_01191.avi,0,10000,1.9546,1,YES.
21,order,0.5,data/videos_v3/int_1500ms/v3_1500_00618.avi,1,1500,1.5008,1,YES.
21,order,0.5,data/videos_v3/int_333ms/v3_333_00394.avi,0,333,1.4995,1,YES.
21,order,0.5,data/videos_v3/int_2000ms/v3_2000_00701.avi,1,2000,1.6536,1,YES.
21,order,0.5,data/videos_v3/int_1500ms/v3_1500_00681.avi,1,1500,1.5444,1,YES.
21,order,0.5,data/videos_v3/int_5000ms/v3_5000_00983.avi,0,5000,1.7845,1,YES.
21,order,0.5,data/videos_v3/int_333ms/v3_333_00388.avi,1,333,1.0149,1,YES.
21,order,0.5,data/videos_v3/int_1500ms/v3_1500_00669.avi,1,1500,1.8886,1,YES.
21,order,0.5,data/videos_v3/int_2000ms/v3_2000_00755.avi,1,2000,1.4123,1,YES.
21,order,0.5,data/videos_v3/int_1000ms/v3_1000_00566.avi,1,1000,2.1255,1,YES.
21,order,0.5,data/videos_v3/int_1000ms/v3_1000_00561.avi,1,1000,2.2737,1,YES.
21,order,0.5,data/videos_v3/int_1500ms/v3_1500_00674.avi,1,1500,2.092,1,YES.
21,order,0.5,data/videos_v3/int_1000ms/v3_1000_00581.avi,1,1000,1.67,1,YES.
21,order,0.5,data/videos_v3/int_5000ms/v3_5000_00908.avi,1,5000,2.2043,1,YES.
21,order,0.5,data/videos_v3/int_200ms/v3_200_00279.avi,1,200,2.2699,1,YES.
21,order,0.5,data/videos_v3/int_100ms/v3_100_00133.avi,1,100,2.635,1,YES.
21,order,0.5,data/videos_v3/int_1500ms/v3_1500_00666.avi,0,1500,2.3685,1,YES.
21,order,0.5,data/videos_v3/int_5000ms/v3_5000_00980.avi,0,5000,2.2948,1,YES.
21,order,0.5,data/videos_v3/int_3000ms/v3_3000_00833.avi,0,3000,1.5461,1,YES.
21,order,0.5,data/videos_v3/int_333ms/v3_333_00336.avi,0,333,1.7886,1,YES.
21,order,0.5,data/videos_v3/int_333ms/v3_333_00329.avi,1,333,1.5829,1,YES.
21,order,0.5,data/videos_v3/int_500ms/v3_500_00491.avi,1,500,2.1139,1,Yes.
21,order,0.5,data/videos_v3/int_10000ms/v3_10000_01125.avi,0,10000,1.4123,1,YES.
21,order,0.5,data/videos_v3/int_1000ms/v3_1000_00595.avi,0,1000,2.4733,1,YES.
21,order,0.5,data/videos_v3/int_2000ms/v3_2000_00778.avi,0,2000,1.7624,1,YES.
21,order,0.5,data/videos_v3/int_10000ms/v3_10000_01130.avi,0,10000,1.7508,1,YES.
21,order,0.5,data/videos_v3/int_200ms/v3_200_00223.avi,1,200,1.5288,1,YES.
21,order,0.5,data/videos_v3/int_5000ms/v3_5000_00921.avi,0,5000,1.6538,1,YES.
21,order,0.5,data/videos_v3/int_7000ms/v3_7000_01012.avi,1,7000,1.8943,1,YES.
21,order,0.5,data/videos_v3/int_10000ms/v3_10000_01108.avi,1,10000,2.5302,1,YES.
21,order,0.5,data/videos_v3/int_100ms/v3_100_00188.avi,1,100,1.7801,1,YES.
21,order,0.5,data/videos_v3/int_7000ms/v3_7000_01097.avi,0,7000,1.7082,1,YES.
21,order,0.5,data/videos_v3/int_1500ms/v3_1500_00677.avi,1,1500,3.3223,1,YES.
21,order,0.5,data/videos_v3/int_333ms/v3_333_00379.avi,1,333,1.8047,1,YES.
21,order,0.5,data/videos_v3/int_1000ms/v3_1000_00560.avi,1,1000,1.3292,1,YES.
21,order,0.5,data/videos_v3/int_2000ms/v3_2000_00716.avi,1,2000,1.4362,1,YES.
21,order,0.5,data/videos_v3/int_1000ms/v3_1000_00554.avi,0,1000,2.3872,1,YES.
21,order,0.5,data/videos_v3/int_200ms/v3_200_00268.avi,0,200,1.9997,1,YES.
21,order,0.5,data/videos_v3/int_1000ms/v3_1000_00529.avi,0,1000,2.0228,1,YES.
21,order,0.5,data/videos_v3/int_3000ms/v3_3000_00879.avi,0,3000,1.6692,1,YES.
21,order,0.5,data/videos_v3/int_2000ms/v3_2000_00777.avi,1,2000,1.836,1,YES.
21,order,0.5,data/videos_v3/int_1000ms/v3_1000_00545.avi,0,1000,1.1893,1,YES.
21,order,0.5,data/videos_v3/int_1000ms/v3_1000_00520.avi,0,1000,1.2641,1,YES.
21,order,0.5,data/videos_v3/int_1500ms/v3_1500_00675.avi,0,1500,1.8225,1,YES.
21,order,0.5,data/videos_v3/int_10000ms/v3_10000_01126.avi,0,10000,1.6535,1,YES.
21,order,0.5,data/videos_v3/int_1500ms/v3_1500_00617.avi,0,1500,2.0121,1,YES.
21,order,0.5,data/videos_v3/int_3000ms/v3_3000_00885.avi,1,3000,1.4782,1,YES.
21,order,0.5,data/videos_v3/int_5000ms/v3_5000_00935.avi,0,5000,1.5146,1,YES.
21,order,0.5,data/videos_v3/int_3000ms/v3_3000_00871.avi,1,3000,1.7484,1,YES.
21,order,0.5,data/videos_v3/int_1000ms/v3_1000_00598.avi,0,1000,1.9586,1,YES.
21,order,0.5,data/videos_v3/int_1500ms/v3_1500_00631.avi,1,1500,1.3384,1,YES.
21,order,0.5,data/videos_v3/int_5000ms/v3_5000_00968.avi,0,5000,1.8343,1,YES.
21,order,0.5,data/videos_v3/int_3000ms/v3_3000_00878.avi,0,3000,1.8114,1,YES.
21,order,0.5,data/videos_v3/int_1000ms/v3_1000_00551.avi,0,1000,1.1012,1,YES.
21,order,0.5,data/videos_v3/int_1000ms/v3_1000_00548.avi,1,1000,1.6549,1,YES.
21,order,0.5,data/videos_v3/int_1000ms/v3_1000_00509.avi,0,1000,2.1251,1,YES.
21,order,0.5,data/videos_v3/int_200ms/v3_200_00254.avi,1,200,1.7724,1,YES.
21,order,0.5,data/videos_v3/int_200ms/v3_200_00226.avi,0,200,1.2646,1,YES.
21,order,0.5,data/videos_v3/int_200ms/v3_200_00261.avi,1,200,1.3625,1,YES.
21,order,0.5,data/videos_v3/int_2000ms/v3_2000_00743.avi,1,2000,1.9121,1,YES.
21,order,0.5,data/videos_v3/int_7000ms/v3_7000_01031.avi,1,7000,3.2736,1,YES.
21,order,0.5,data/videos_v3/int_67ms/v3_67_00074.avi,1,67,1.6711,1,YES.
21,order,0.5,data/videos_v3/int_10000ms/v3_10000_01171.avi,0,10000,1.6028,1,YES.
21,order,0.5,data/videos_v3/int_100ms/v3_100_00127.avi,0,100,1.5835,1,YES.
21,order,0.5,data/videos_v3/int_100ms/v3_100_00137.avi,1,100,2.133,1,YES.
21,order,0.5,data/videos_v3/int_67ms/v3_67_00095.avi,1,67,1.509,1,YES.
21,order,0.5,data/videos_v3/int_1500ms/v3_1500_00659.avi,1,1500,2.421,1,YES.
21,order,0.5,data/videos_v3/int_333ms/v3_333_00344.avi,0,333,1.5228,1,YES.
21,order,0.5,data/videos_v3/int_2000ms/v3_2000_00746.avi,1,2000,2.0662,1,YES.
21,order,0.5,data/videos_v3/int_200ms/v3_200_00294.avi,1,200,2.0668,1,YES.
21,order,0.5,data/videos_v3/int_3000ms/v3_3000_00854.avi,0,3000,1.4193,1,YES.
21,order,0.5,data/videos_v3/int_5000ms/v3_5000_00955.avi,0,5000,1.499,1,YES.
21,order,0.5,data/videos_v3/int_7000ms/v3_7000_01036.avi,0,7000,1.3982,1,YES.
21,order,0.5,data/videos_v3/int_333ms/v3_333_00352.avi,0,333,1.3293,1,YES.
21,order,0.5,data/videos_v3/int_7000ms/v3_7000_01010.avi,0,7000,1.3631,1,YES.
21,order,0.5,data/videos_v3/int_1500ms/v3_1500_00624.avi,1,1500,1.3756,1,YES.
21,order,0.5,data/videos_v3/int_10000ms/v3_10000_01101.avi,1,10000,1.6716,1,YES.
21,order,0.5,data/videos_v3/int_500ms/v3_500_00439.avi,0,500,1.1215,1,YES.
21,order,1,data/videos_v3/int_5000ms/v3_5000_00960.avi,1,5000,5.3453,1,Yes.
21,order,1,data/videos_v3/int_500ms/v3_500_00401.avi,0,500,4.583,1,Yes.
21,order,1,data/videos_v3/int_500ms/v3_500_00417.avi,0,500,4.5795,1,Yes.
21,order,1,data/videos_v3/int_333ms/v3_333_00354.avi,0,333,4.7551,1,Yes.
21,order,1,data/videos_v3/int_2000ms/v3_2000_00717.avi,1,2000,5.0211,1,Yes.
21,order,1,data/videos_v3/int_2000ms/v3_2000_00789.avi,0,2000,5.6133,1,Yes.
21,order,1,data/videos_v3/int_10000ms/v3_10000_01184.avi,0,10000,4.637,1,Yes.
21,order,1,data/videos_v3/int_7000ms/v3_7000_01090.avi,1,7000,5.2242,1,Yes.
21,order,1,data/videos_v3/int_1500ms/v3_1500_00634.avi,0,1500,4.7549,1,Yes.
21,order,1,data/videos_v3/int_500ms/v3_500_00459.avi,1,500,5.1171,1,Yes.
21,order,1,data/videos_v3/int_7000ms/v3_7000_01058.avi,0,7000,4.4701,1,Yes.
21,order,1,data/videos_v3/int_3000ms/v3_3000_00860.avi,1,3000,4.524,1,Yes.
21,order,1,data/videos_v3/int_2000ms/v3_2000_00708.avi,0,2000,4.7274,1,Yes.
21,order,1,data/videos_v3/int_2000ms/v3_2000_00773.avi,0,2000,4.826,1,Yes.
21,order,1,data/videos_v3/int_1000ms/v3_1000_00525.avi,1,1000,5.2601,1,Yes.
21,order,1,data/videos_v3/int_1000ms/v3_1000_00558.avi,1,1000,5.003,1,Yes.
21,order,1,data/videos_v3/int_200ms/v3_200_00242.avi,0,200,4.4801,1,Yes.
21,order,1,data/videos_v3/int_333ms/v3_333_00396.avi,1,333,4.5642,1,Yes.
21,order,1,data/videos_v3/int_1500ms/v3_1500_00641.avi,1,1500,5.0596,1,Yes.
21,order,1,data/videos_v3/int_1000ms/v3_1000_00576.avi,0,1000,4.577,1,Yes.
21,order,1,data/videos_v3/int_10000ms/v3_10000_01192.avi,0,10000,4.4724,1,Yes.
21,order,1,data/videos_v3/int_5000ms/v3_5000_00951.avi,0,5000,4.1697,1,Yes.
21,order,1,data/videos_v3/int_7000ms/v3_7000_01060.avi,0,7000,4.4595,1,Yes.
21,order,1,data/videos_v3/int_1000ms/v3_1000_00518.avi,0,1000,4.7629,1,Yes.
21,order,1,data/videos_v3/int_10000ms/v3_10000_01140.avi,0,10000,5.3484,1,Yes.
21,order,1,data/videos_v3/int_2000ms/v3_2000_00706.avi,0,2000,4.7459,1,Yes.
21,order,1,data/videos_v3/int_100ms/v3_100_00125.avi,0,100,5.1686,1,Yes.
21,order,1,data/videos_v3/int_1500ms/v3_1500_00670.avi,1,1500,5.3505,1,Yes.
21,order,1,data/videos_v3/int_100ms/v3_100_00149.avi,0,100,4.5153,1,Yes.
21,order,1,data/videos_v3/int_3000ms/v3_3000_00849.avi,0,3000,4.5707,1,Yes.
21,order,1,data/videos_v3/int_2000ms/v3_2000_00795.avi,1,2000,4.7145,1,Yes.
21,order,1,data/videos_v3/int_333ms/v3_333_00333.avi,0,333,5.0122,1,Yes.
21,order,1,data/videos_v3/int_500ms/v3_500_00404.avi,1,500,4.8662,1,Yes.
21,order,1,data/videos_v3/int_67ms/v3_67_00059.avi,1,67,5.1379,1,Yes.
21,order,1,data/videos_v3/int_7000ms/v3_7000_01034.avi,1,7000,4.8999,1,Yes.
21,order,1,data/videos_v3/int_333ms/v3_333_00356.avi,1,333,5.1015,1,Yes.
21,order,1,data/videos_v3/int_5000ms/v3_5000_00932.avi,0,5000,4.3969,1,Yes.
21,order,1,data/videos_v3/int_5000ms/v3_5000_00966.avi,1,5000,4.6424,1,Yes.
21,order,1,data/videos_v3/int_1000ms/v3_1000_00584.avi,1,1000,4.5591,1,Yes.
21,order,1,data/videos_v3/int_333ms/v3_333_00350.avi,0,333,5.8998,1,Yes.
21,order,1,data/videos_v3/int_3000ms/v3_3000_00813.avi,0,3000,4.7069,1,Yes.
21,order,1,data/videos_v3/int_1500ms/v3_1500_00663.avi,0,1500,4.9382,1,Yes.
21,order,1,data/videos_v3/int_7000ms/v3_7000_01098.avi,0,7000,4.8023,1,Yes.
21,order,1,data/videos_v3/int_200ms/v3_200_00245.avi,0,200,4.6423,1,Yes.
21,order,1,data/videos_v3/int_10000ms/v3_10000_01107.avi,1,10000,5.6403,1,Yes.
21,order,1,data/videos_v3/int_3000ms/v3_3000_00892.avi,0,3000,4.3705,1,Yes.
21,order,1,data/videos_v3/int_2000ms/v3_2000_00771.avi,0,2000,4.8394,1,Yes.
21,order,1,data/videos_v3/int_2000ms/v3_2000_00767.avi,0,2000,4.3935,1,Yes.
21,order,1,data/videos_v3/int_200ms/v3_200_00283.avi,1,200,5.3107,1,Yes.
21,order,1,data/videos_v3/int_200ms/v3_200_00224.avi,1,200,5.2029,1,Yes.
21,order,1,data/videos_v3/int_2000ms/v3_2000_00790.avi,1,2000,4.8484,1,Yes.
21,order,1,data/videos_v3/int_10000ms/v3_10000_01173.avi,1,10000,5.8199,1,Yes.
21,order,1,data/videos_v3/int_500ms/v3_500_00440.avi,1,500,4.56,1,Yes.
21,order,1,data/videos_v3/int_500ms/v3_500_00494.avi,0,500,4.3572,1,Yes.
21,order,1,data/videos_v3/int_2000ms/v3_2000_00719.avi,1,2000,4.6907,1,Yes.
21,order,1,data/videos_v3/int_3000ms/v3_3000_00867.avi,0,3000,5.3636,1,Yes.
21,order,1,data/videos_v3/int_500ms/v3_500_00468.avi,0,500,4.3553,1,Yes.
21,order,1,data/videos_v3/int_7000ms/v3_7000_01052.avi,1,7000,5.0984,1,Yes.
21,order,1,data/videos_v3/int_10000ms/v3_10000_01120.avi,0,10000,5.3709,1,Yes.
21,order,1,data/videos_v3/int_10000ms/v3_10000_01146.avi,1,10000,5.4664,1,Yes.
21,order,1,data/videos_v3/int_67ms/v3_67_00038.avi,1,67,5.3615,1,Yes.
21,order,1,data/videos_v3/int_2000ms/v3_2000_00762.avi,0,2000,4.9113,1,Yes.
21,order,1,data/videos_v3/int_10000ms/v3_10000_01112.avi,1,10000,5.3949,1,Yes.
21,order,1,data/videos_v3/int_7000ms/v3_7000_01044.avi,0,7000,5.6055,1,Yes.
21,order,1,data/videos_v3/int_200ms/v3_200_00270.avi,1,200,5.0675,1,Yes.
21,order,1,data/videos_v3/int_10000ms/v3_10000_01156.avi,1,10000,4.9095,1,Yes.
21,order,1,data/videos_v3/int_333ms/v3_333_00301.avi,0,333,5.6719,1,Yes.
21,order,1,data/videos_v3/int_2000ms/v3_2000_00733.avi,1,2000,4.4959,1,Yes.
21,order,1,data/videos_v3/int_10000ms/v3_10000_01151.avi,0,10000,4.8421,1,Yes.
21,order,1,data/videos_v3/int_2000ms/v3_2000_00774.avi,0,2000,4.8842,1,Yes.
21,order,1,data/videos_v3/int_10000ms/v3_10000_01134.avi,0,10000,4.9889,1,Yes.
21,order,1,data/videos_v3/int_5000ms/v3_5000_00913.avi,0,5000,4.9636,1,Yes.
21,order,1,data/videos_v3/int_500ms/v3_500_00465.avi,0,500,4.7639,1,Yes.
21,order,1,data/videos_v3/int_1500ms/v3_1500_00601.avi,1,1500,5.0379,1,Yes.
21,order,1,data/videos_v3/int_200ms/v3_200_00231.avi,0,200,4.5671,1,Yes.
21,order,1,data/videos_v3/int_500ms/v3_500_00407.avi,1,500,6.2999,1,Yes.
21,order,1,data/videos_v3/int_10000ms/v3_10000_01147.avi,1,10000,5.7935,1,Yes.
21,order,1,data/videos_v3/int_500ms/v3_500_00469.avi,0,500,4.496,1,Yes.
21,order,1,data/videos_v3/int_500ms/v3_500_00479.avi,1,500,5.0446,1,Yes.
21,order,1,data/videos_v3/int_333ms/v3_333_00311.avi,0,333,4.9989,1,Yes.
21,order,1,data/videos_v3/int_3000ms/v3_3000_00822.avi,1,3000,4.5401,1,Yes.
21,order,1,data/videos_v3/int_1500ms/v3_1500_00642.avi,0,1500,4.6792,1,Yes.
21,order,1,data/videos_v3/int_3000ms/v3_3000_00847.avi,0,3000,4.4485,1,Yes.
21,order,1,data/videos_v3/int_100ms/v3_100_00176.avi,0,100,4.9008,1,Yes.
21,order,1,data/videos_v3/int_7000ms/v3_7000_01042.avi,0,7000,4.4224,1,Yes.
21,order,1,data/videos_v3/int_333ms/v3_333_00382.avi,1,333,4.8705,1,Yes.
21,order,1,data/videos_v3/int_7000ms/v3_7000_01063.avi,0,7000,4.5343,1,Yes.
21,order,1,data/videos_v3/int_10000ms/v3_10000_01178.avi,1,10000,6.4954,1,Yes.
21,order,1,data/videos_v3/int_67ms/v3_67_00068.avi,0,67,4.9153,1,Yes.
21,order,1,data/videos_v3/int_1500ms/v3_1500_00616.avi,0,1500,4.8504,1,Yes.
21,order,1,data/videos_v3/int_200ms/v3_200_00200.avi,0,200,5.2587,1,Yes.
21,order,1,data/videos_v3/int_2000ms/v3_2000_00791.avi,0,2000,5.4497,1,Yes.
21,order,1,data/videos_v3/int_1500ms/v3_1500_00695.avi,0,1500,5.3306,1,Yes.
21,order,1,data/videos_v3/int_500ms/v3_500_00415.avi,1,500,5.4208,1,Yes.
21,order,1,data/videos_v3/int_10000ms/v3_10000_01194.avi,1,10000,5.3067,1,Yes.
21,order,1,data/videos_v3/int_500ms/v3_500_00403.avi,1,500,4.9695,1,Yes.
21,order,1,data/videos_v3/int_2000ms/v3_2000_00752.avi,0,2000,4.7062,1,Yes.
21,order,1,data/videos_v3/int_10000ms/v3_10000_01165.avi,0,10000,4.6504,1,Yes.
21,order,1,data/videos_v3/int_500ms/v3_500_00464.avi,1,500,5.6605,1,Yes.
21,order,1,data/videos_v3/int_500ms/v3_500_00492.avi,0,500,5.1376,1,Yes.
21,order,1,data/videos_v3/int_5000ms/v3_5000_00928.avi,0,5000,4.7833,1,Yes.
21,order,1,data/videos_v3/int_500ms/v3_500_00487.avi,0,500,4.5266,1,Yes.
21,order,1,data/videos_v3/int_1000ms/v3_1000_00553.avi,0,1000,4.8738,1,Yes.
21,order,1,data/videos_v3/int_7000ms/v3_7000_01000.avi,1,7000,4.6267,1,Yes.
21,order,1,data/videos_v3/int_1500ms/v3_1500_00612.avi,0,1500,4.3557,1,Yes.
21,order,1,data/videos_v3/int_10000ms/v3_10000_01127.avi,1,10000,4.9473,1,Yes.
21,order,1,data/videos_v3/int_5000ms/v3_5000_00999.avi,0,5000,4.6053,1,Yes.
21,order,1,data/videos_v3/int_7000ms/v3_7000_01069.avi,1,7000,4.9355,1,Yes.
21,order,1,data/videos_v3/int_10000ms/v3_10000_01167.avi,0,10000,5.3626,1,Yes.
21,order,1,data/videos_v3/int_7000ms/v3_7000_01019.avi,0,7000,4.6806,1,Yes.
21,order,1,data/videos_v3/int_2000ms/v3_2000_00779.avi,0,2000,4.4128,1,Yes.
21,order,1,data/videos_v3/int_1500ms/v3_1500_00647.avi,1,1500,4.9558,1,Yes.
21,order,1,data/videos_v3/int_5000ms/v3_5000_00905.avi,1,5000,4.8594,1,Yes.
21,order,1,data/videos_v3/int_1000ms/v3_1000_00586.avi,1,1000,5.3366,1,Yes.
21,order,1,data/videos_v3/int_2000ms/v3_2000_00713.avi,0,2000,4.3677,1,Yes.
21,order,1,data/videos_v3/int_1500ms/v3_1500_00644.avi,1,1500,5.2067,1,Yes.
21,order,1,data/videos_v3/int_10000ms/v3_10000_01181.avi,0,10000,4.8916,1,Yes.
21,order,1,data/videos_v3/int_3000ms/v3_3000_00873.avi,0,3000,4.9111,1,Yes.
21,order,1,data/videos_v3/int_7000ms/v3_7000_01074.avi,0,7000,5.446,1,Yes.
21,order,1,data/videos_v3/int_1000ms/v3_1000_00535.avi,0,1000,4.4692,1,Yes.
21,order,1,data/videos_v3/int_3000ms/v3_3000_00829.avi,0,3000,4.9981,1,Yes.
21,order,1,data/videos_v3/int_3000ms/v3_3000_00823.avi,1,3000,5.6296,1,Yes.
21,order,1,data/videos_v3/int_10000ms/v3_10000_01191.avi,0,10000,4.8926,1,Yes.
21,order,1,data/videos_v3/int_1500ms/v3_1500_00618.avi,1,1500,5.073,1,Yes.
21,order,1,data/videos_v3/int_333ms/v3_333_00394.avi,0,333,4.6521,1,Yes.
21,order,1,data/videos_v3/int_2000ms/v3_2000_00701.avi,1,2000,5.126,1,Yes.
21,order,1,data/videos_v3/int_1500ms/v3_1500_00681.avi,1,1500,4.6891,1,Yes.
21,order,1,data/videos_v3/int_5000ms/v3_5000_00983.avi,0,5000,4.5969,1,Yes.
21,order,1,data/videos_v3/int_333ms/v3_333_00388.avi,1,333,4.421,1,Yes.
21,order,1,data/videos_v3/int_1500ms/v3_1500_00669.avi,1,1500,4.9619,1,Yes.
21,order,1,data/videos_v3/int_2000ms/v3_2000_00755.avi,1,2000,4.5516,1,Yes.
21,order,1,data/videos_v3/int_1000ms/v3_1000_00566.avi,1,1000,5.195,1,Yes.
21,order,1,data/videos_v3/int_1000ms/v3_1000_00561.avi,1,1000,5.6648,1,Yes.
21,order,1,data/videos_v3/int_1500ms/v3_1500_00674.avi,1,1500,4.8198,1,Yes.
21,order,1,data/videos_v3/int_1000ms/v3_1000_00581.avi,1,1000,4.4984,1,Yes.
21,order,1,data/videos_v3/int_5000ms/v3_5000_00908.avi,1,5000,4.9981,1,Yes.
21,order,1,data/videos_v3/int_200ms/v3_200_00279.avi,1,200,5.1439,1,Yes.
21,order,1,data/videos_v3/int_100ms/v3_100_00133.avi,1,100,5.7343,1,Yes.
21,order,1,data/videos_v3/int_1500ms/v3_1500_00666.avi,0,1500,5.3825,1,Yes.
21,order,1,data/videos_v3/int_5000ms/v3_5000_00980.avi,0,5000,5.1778,1,Yes.
21,order,1,data/videos_v3/int_3000ms/v3_3000_00833.avi,0,3000,4.9868,1,Yes.
21,order,1,data/videos_v3/int_333ms/v3_333_00336.avi,0,333,4.7645,1,Yes.
21,order,1,data/videos_v3/int_333ms/v3_333_00329.avi,1,333,4.7996,1,Yes.
21,order,1,data/videos_v3/int_500ms/v3_500_00491.avi,1,500,5.1783,1,Yes.
21,order,1,data/videos_v3/int_10000ms/v3_10000_01125.avi,0,10000,4.2949,1,Yes.
21,order,1,data/videos_v3/int_1000ms/v3_1000_00595.avi,0,1000,5.4928,1,Yes.
21,order,1,data/videos_v3/int_2000ms/v3_2000_00778.avi,0,2000,4.8474,1,Yes.
21,order,1,data/videos_v3/int_10000ms/v3_10000_01130.avi,0,10000,5.252,1,Yes.
21,order,1,data/videos_v3/int_200ms/v3_200_00223.avi,1,200,4.5019,1,Yes.
21,order,1,data/videos_v3/int_5000ms/v3_5000_00921.avi,0,5000,4.9235,1,Yes.
21,order,1,data/videos_v3/int_7000ms/v3_7000_01012.avi,1,7000,4.9068,1,Yes.
21,order,1,data/videos_v3/int_10000ms/v3_10000_01108.avi,1,10000,5.5193,1,Yes.
21,order,1,data/videos_v3/int_100ms/v3_100_00188.avi,1,100,5.1907,1,Yes.
21,order,1,data/videos_v3/int_7000ms/v3_7000_01097.avi,0,7000,5.0032,1,Yes.
21,order,1,data/videos_v3/int_1500ms/v3_1500_00677.avi,1,1500,6.8365,1,Yes.
21,order,1,data/videos_v3/int_333ms/v3_333_00379.avi,1,333,4.8305,1,Yes.
21,order,1,data/videos_v3/int_1000ms/v3_1000_00560.avi,1,1000,4.4969,1,Yes.
21,order,1,data/videos_v3/int_2000ms/v3_2000_00716.avi,1,2000,4.6319,1,Yes.
21,order,1,data/videos_v3/int_1000ms/v3_1000_00554.avi,0,1000,5.53,1,Yes.
21,order,1,data/videos_v3/int_200ms/v3_200_00268.avi,0,200,5.4377,1,Yes.
21,order,1,data/videos_v3/int_1000ms/v3_1000_00529.avi,0,1000,5.0583,1,Yes.
21,order,1,data/videos_v3/int_3000ms/v3_3000_00879.avi,0,3000,5.0577,1,Yes.
21,order,1,data/videos_v3/int_2000ms/v3_2000_00777.avi,1,2000,4.7098,1,Yes.
21,order,1,data/videos_v3/int_1000ms/v3_1000_00545.avi,0,1000,4.4396,1,Yes.
21,order,1,data/videos_v3/int_1000ms/v3_1000_00520.avi,0,1000,4.4387,1,Yes.
21,order,1,data/videos_v3/int_1500ms/v3_1500_00675.avi,0,1500,4.8271,1,Yes.
21,order,1,data/videos_v3/int_10000ms/v3_10000_01126.avi,0,10000,4.8618,1,Yes.
21,order,1,data/videos_v3/int_1500ms/v3_1500_00617.avi,0,1500,5.1434,1,Yes.
21,order,1,data/videos_v3/int_3000ms/v3_3000_00885.avi,1,3000,4.7074,1,Yes.
21,order,1,data/videos_v3/int_5000ms/v3_5000_00935.avi,0,5000,4.9576,1,Yes.
21,order,1,data/videos_v3/int_3000ms/v3_3000_00871.avi,1,3000,4.907,1,Yes.
21,order,1,data/videos_v3/int_1000ms/v3_1000_00598.avi,0,1000,4.9357,1,Yes.
21,order,1,data/videos_v3/int_1500ms/v3_1500_00631.avi,1,1500,4.3393,1,Yes.
21,order,1,data/videos_v3/int_5000ms/v3_5000_00968.avi,0,5000,4.7261,1,Yes.
21,order,1,data/videos_v3/int_3000ms/v3_3000_00878.avi,0,3000,4.8163,1,Yes.
21,order,1,data/videos_v3/int_1000ms/v3_1000_00551.avi,0,1000,5.0038,1,Yes.
21,order,1,data/videos_v3/int_1000ms/v3_1000_00548.avi,1,1000,4.7369,1,Yes.
21,order,1,data/videos_v3/int_1000ms/v3_1000_00509.avi,0,1000,5.1446,1,Yes.
21,order,1,data/videos_v3/int_200ms/v3_200_00254.avi,1,200,4.8909,1,Yes.
21,order,1,data/videos_v3/int_200ms/v3_200_00226.avi,0,200,4.6975,1,Yes.
21,order,1,data/videos_v3/int_200ms/v3_200_00261.avi,1,200,4.3018,1,Yes.
21,order,1,data/videos_v3/int_2000ms/v3_2000_00743.avi,1,2000,4.7588,1,Yes.
21,order,1,data/videos_v3/int_7000ms/v3_7000_01031.avi,1,7000,6.7651,1,Yes.
21,order,1,data/videos_v3/int_67ms/v3_67_00074.avi,1,67,4.9419,1,Yes.
21,order,1,data/videos_v3/int_10000ms/v3_10000_01171.avi,0,10000,4.8482,1,Yes.
21,order,1,data/videos_v3/int_100ms/v3_100_00127.avi,0,100,4.668,1,Yes.
21,order,1,data/videos_v3/int_100ms/v3_100_00137.avi,1,100,5.2434,1,Yes.
21,order,1,data/videos_v3/int_67ms/v3_67_00095.avi,1,67,4.6472,1,Yes.
21,order,1,data/videos_v3/int_1500ms/v3_1500_00659.avi,1,1500,5.6077,1,Yes.
21,order,1,data/videos_v3/int_333ms/v3_333_00344.avi,0,333,4.3983,1,Yes.
21,order,1,data/videos_v3/int_2000ms/v3_2000_00746.avi,1,2000,5.1857,1,Yes.
21,order,1,data/videos_v3/int_200ms/v3_200_00294.avi,1,200,4.8665,1,Yes.
21,order,1,data/videos_v3/int_3000ms/v3_3000_00854.avi,0,3000,4.6423,1,Yes.
21,order,1,data/videos_v3/int_5000ms/v3_5000_00955.avi,0,5000,4.4171,1,Yes.
21,order,1,data/videos_v3/int_7000ms/v3_7000_01036.avi,0,7000,4.1938,1,Yes.
21,order,1,data/videos_v3/int_333ms/v3_333_00352.avi,0,333,4.5385,1,Yes.
21,order,1,data/videos_v3/int_7000ms/v3_7000_01010.avi,0,7000,4.4814,1,Yes.
21,order,1,data/videos_v3/int_1500ms/v3_1500_00624.avi,1,1500,5.0138,1,Yes.
21,order,1,data/videos_v3/int_10000ms/v3_10000_01101.avi,1,10000,5.0992,1,Yes.
21,order,1,data/videos_v3/int_500ms/v3_500_00439.avi,0,500,4.4717,1,Yes.
21,random,-1,data/videos_v3/int_5000ms/v3_5000_00960.avi,1,5000,-1.1269,0,NO
21,random,-1,data/videos_v3/int_500ms/v3_500_00401.avi,0,500,-2.9177,0,NO
21,random,-1,data/videos_v3/int_500ms/v3_500_00417.avi,0,500,-1.7821,0,NO
21,random,-1,data/videos_v3/int_333ms/v3_333_00354.avi,0,333,-2.287,0,NO
21,random,-1,data/videos_v3/int_2000ms/v3_2000_00717.avi,1,2000,-2.3738,0,NO
21,random,-1,data/videos_v3/int_2000ms/v3_2000_00789.avi,0,2000,-1.1249,0,NO
21,random,-1,data/videos_v3/int_10000ms/v3_10000_01184.avi,0,10000,-2.592,0,NO
21,random,-1,data/videos_v3/int_7000ms/v3_7000_01090.avi,1,7000,-1.3501,0,NO
21,random,-1,data/videos_v3/int_1500ms/v3_1500_00634.avi,0,1500,-1.3706,0,NO
21,random,-1,data/videos_v3/int_500ms/v3_500_00459.avi,1,500,-1.3035,0,NO
21,random,-1,data/videos_v3/int_7000ms/v3_7000_01058.avi,0,7000,-2.3881,0,NO
21,random,-1,data/videos_v3/int_3000ms/v3_3000_00860.avi,1,3000,-2.5196,0,NO
21,random,-1,data/videos_v3/int_2000ms/v3_2000_00708.avi,0,2000,-1.7184,0,NO
21,random,-1,data/videos_v3/int_2000ms/v3_2000_00773.avi,0,2000,-3.0557,0,NO
21,random,-1,data/videos_v3/int_1000ms/v3_1000_00525.avi,1,1000,-1.6678,0,NO
21,random,-1,data/videos_v3/int_1000ms/v3_1000_00558.avi,1,1000,-2.8899,0,NO
21,random,-1,data/videos_v3/int_200ms/v3_200_00242.avi,0,200,-2.5845,0,NO
21,random,-1,data/videos_v3/int_333ms/v3_333_00396.avi,1,333,-2.6678,0,NO
21,random,-1,data/videos_v3/int_1500ms/v3_1500_00641.avi,1,1500,-1.547,0,NO
21,random,-1,data/videos_v3/int_1000ms/v3_1000_00576.avi,0,1000,-2.2051,0,NO
21,random,-1,data/videos_v3/int_10000ms/v3_10000_01192.avi,0,10000,-1.7178,0,NO
21,random,-1,data/videos_v3/int_5000ms/v3_5000_00951.avi,0,5000,-2.1531,0,NO
21,random,-1,data/videos_v3/int_7000ms/v3_7000_01060.avi,0,7000,-2.1096,0,NO
21,random,-1,data/videos_v3/int_1000ms/v3_1000_00518.avi,0,1000,-1.7792,0,NO
21,random,-1,data/videos_v3/int_10000ms/v3_10000_01140.avi,0,10000,-1.3113,0,NO
21,random,-1,data/videos_v3/int_2000ms/v3_2000_00706.avi,0,2000,-2.8249,0,NO
21,random,-1,data/videos_v3/int_100ms/v3_100_00125.avi,0,100,-1.3429,0,NO
21,random,-1,data/videos_v3/int_1500ms/v3_1500_00670.avi,1,1500,-1.147,0,NO
21,random,-1,data/videos_v3/int_100ms/v3_100_00149.avi,0,100,-1.836,0,NO
21,random,-1,data/videos_v3/int_3000ms/v3_3000_00849.avi,0,3000,-2.6408,0,NO
21,random,-1,data/videos_v3/int_2000ms/v3_2000_00795.avi,1,2000,-2.5672,0,NO
21,random,-1,data/videos_v3/int_333ms/v3_333_00333.avi,0,333,-2.4707,0,NO
21,random,-1,data/videos_v3/int_500ms/v3_500_00404.avi,1,500,-1.5613,0,NO
21,random,-1,data/videos_v3/int_67ms/v3_67_00059.avi,1,67,-1.0465,0,NO
21,random,-1,data/videos_v3/int_7000ms/v3_7000_01034.avi,1,7000,-1.7956,0,NO
21,random,-1,data/videos_v3/int_333ms/v3_333_00356.avi,1,333,-1.4498,0,NO
21,random,-1,data/videos_v3/int_5000ms/v3_5000_00932.avi,0,5000,-1.5515,0,NO
21,random,-1,data/videos_v3/int_5000ms/v3_5000_00966.avi,1,5000,-2.6974,0,NO
21,random,-1,data/videos_v3/int_1000ms/v3_1000_00584.avi,1,1000,-1.6349,0,NO
21,random,-1,data/videos_v3/int_333ms/v3_333_00350.avi,0,333,-0.6092,0,NO
21,random,-1,data/videos_v3/int_3000ms/v3_3000_00813.avi,0,3000,-2.647,0,NO
21,random,-1,data/videos_v3/int_1500ms/v3_1500_00663.avi,0,1500,-2.7128,0,NO
21,random,-1,data/videos_v3/int_7000ms/v3_7000_01098.avi,0,7000,-1.4715,0,NO
21,random,-1,data/videos_v3/int_200ms/v3_200_00245.avi,0,200,-2.7696,0,NO
21,random,-1,data/videos_v3/int_10000ms/v3_10000_01107.avi,1,10000,-1.1542,0,NO
21,random,-1,data/videos_v3/int_3000ms/v3_3000_00892.avi,0,3000,-2.6874,0,NO
21,random,-1,data/videos_v3/int_2000ms/v3_2000_00771.avi,0,2000,-1.8406,0,NO
21,random,-1,data/videos_v3/int_2000ms/v3_2000_00767.avi,0,2000,-2.2155,0,NO
21,random,-1,data/videos_v3/int_200ms/v3_200_00283.avi,1,200,-1.0928,0,NO
21,random,-1,data/videos_v3/int_200ms/v3_200_00224.avi,1,200,-1.3136,0,NO
21,random,-1,data/videos_v3/int_2000ms/v3_2000_00790.avi,1,2000,-1.8113,0,NO
21,random,-1,data/videos_v3/int_10000ms/v3_10000_01173.avi,1,10000,-0.2865,0,NO
21,random,-1,data/videos_v3/int_500ms/v3_500_00440.avi,1,500,-1.8899,0,NO
21,random,-1,data/videos_v3/int_500ms/v3_500_00494.avi,0,500,-2.2007,0,NO
21,random,-1,data/videos_v3/int_2000ms/v3_2000_00719.avi,1,2000,-1.849,0,NO
21,random,-1,data/videos_v3/int_3000ms/v3_3000_00867.avi,0,3000,-1.5544,0,NO
21,random,-1,data/videos_v3/int_500ms/v3_500_00468.avi,0,500,-2.3153,0,NO
21,random,-1,data/videos_v3/int_7000ms/v3_7000_01052.avi,1,7000,-1.1429,0,NO
21,random,-1,data/videos_v3/int_10000ms/v3_10000_01120.avi,0,10000,-2.4751,0,NO
21,random,-1,data/videos_v3/int_10000ms/v3_10000_01146.avi,1,10000,-1.4499,0,NO
21,random,-1,data/videos_v3/int_67ms/v3_67_00038.avi,1,67,-0.9715,0,NO
21,random,-1,data/videos_v3/int_2000ms/v3_2000_00762.avi,0,2000,-1.8949,0,NO
21,random,-1,data/videos_v3/int_10000ms/v3_10000_01112.avi,1,10000,-1.0466,0,NO
21,random,-1,data/videos_v3/int_7000ms/v3_7000_01044.avi,0,7000,-0.7499,0,NO
21,random,-1,data/videos_v3/int_200ms/v3_200_00270.avi,1,200,-1.9386,0,NO
21,random,-1,data/videos_v3/int_10000ms/v3_10000_01156.avi,1,10000,-2.0605,0,NO
21,random,-1,data/videos_v3/int_333ms/v3_333_00301.avi,0,333,-1.6678,0,NO
21,random,-1,data/videos_v3/int_2000ms/v3_2000_00733.avi,1,2000,-2.9524,0,NO
21,random,-1,data/videos_v3/int_10000ms/v3_10000_01151.avi,0,10000,-2.8378,0,NO
21,random,-1,data/videos_v3/int_2000ms/v3_2000_00774.avi,0,2000,-2.4863,0,NO
21,random,-1,data/videos_v3/int_10000ms/v3_10000_01134.avi,0,10000,-1.6737,0,NO
21,random,-1,data/videos_v3/int_5000ms/v3_5000_00913.avi,0,5000,-1.6534,0,NO
21,random,-1,data/videos_v3/int_500ms/v3_500_00465.avi,0,500,-3.1226,0,NO
21,random,-1,data/videos_v3/int_1500ms/v3_1500_00601.avi,1,1500,-3.601,0,NO
21,random,-1,data/videos_v3/int_200ms/v3_200_00231.avi,0,200,-2.3324,0,NO
21,random,-1,data/videos_v3/int_500ms/v3_500_00407.avi,1,500,-0.6867,0,NO
21,random,-1,data/videos_v3/int_10000ms/v3_10000_01147.avi,1,10000,-0.895,0,NO
21,random,-1,data/videos_v3/int_500ms/v3_500_00469.avi,0,500,-2.5364,0,NO
21,random,-1,data/videos_v3/int_500ms/v3_500_00479.avi,1,500,-1.2251,0,NO
21,random,-1,data/videos_v3/int_333ms/v3_333_00311.avi,0,333,-1.3578,0,NO
21,random,-1,data/videos_v3/int_3000ms/v3_3000_00822.avi,1,3000,-2.8105,0,NO
21,random,-1,data/videos_v3/int_1500ms/v3_1500_00642.avi,0,1500,-2.3274,0,NO
21,random,-1,data/videos_v3/int_3000ms/v3_3000_00847.avi,0,3000,-2.2876,0,NO
21,random,-1,data/videos_v3/int_100ms/v3_100_00176.avi,0,100,-3.476,0,NO
21,random,-1,data/videos_v3/int_7000ms/v3_7000_01042.avi,0,7000,-2.5371,0,NO
21,random,-1,data/videos_v3/int_333ms/v3_333_00382.avi,1,333,-1.9041,0,NO
21,random,-1,data/videos_v3/int_7000ms/v3_7000_01063.avi,0,7000,-1.7343,0,NO
21,random,-1,data/videos_v3/int_10000ms/v3_10000_01178.avi,1,10000,-0.3529,0,NO
21,random,-1,data/videos_v3/int_67ms/v3_67_00068.avi,0,67,-1.6353,0,NO
21,random,-1,data/videos_v3/int_1500ms/v3_1500_00616.avi,0,1500,-1.8457,0,NO
21,random,-1,data/videos_v3/int_200ms/v3_200_00200.avi,0,200,-2.1503,0,NO
21,random,-1,data/videos_v3/int_2000ms/v3_2000_00791.avi,0,2000,-2.0814,0,NO
21,random,-1,data/videos_v3/int_1500ms/v3_1500_00695.avi,0,1500,-1.9772,0,NO
21,random,-1,data/videos_v3/int_500ms/v3_500_00415.avi,1,500,-0.7368,0,NO
21,random,-1,data/videos_v3/int_10000ms/v3_10000_01194.avi,1,10000,-0.9386,0,NO
21,random,-1,data/videos_v3/int_500ms/v3_500_00403.avi,1,500,-2.241,0,NO
21,random,-1,data/videos_v3/int_2000ms/v3_2000_00752.avi,0,2000,-3.2318,0,NO
21,random,-1,data/videos_v3/int_10000ms/v3_10000_01165.avi,0,10000,-2.125,0,NO
21,random,-1,data/videos_v3/int_500ms/v3_500_00464.avi,1,500,-1.3035,0,NO
21,random,-1,data/videos_v3/int_500ms/v3_500_00492.avi,0,500,-2.2158,0,NO
21,random,-1,data/videos_v3/int_5000ms/v3_5000_00928.avi,0,5000,-2.6678,0,NO
21,random,-1,data/videos_v3/int_500ms/v3_500_00487.avi,0,500,-2.6965,0,NO
21,random,-1,data/videos_v3/int_1000ms/v3_1000_00553.avi,0,1000,-1.967,0,NO
21,random,-1,data/videos_v3/int_7000ms/v3_7000_01000.avi,1,7000,-2.1827,0,NO
21,random,-1,data/videos_v3/int_1500ms/v3_1500_00612.avi,0,1500,-2.3489,0,NO
21,random,-1,data/videos_v3/int_10000ms/v3_10000_01127.avi,1,10000,-2.034,0,NO
21,random,-1,data/videos_v3/int_5000ms/v3_5000_00999.avi,0,5000,-2.5103,0,NO
21,random,-1,data/videos_v3/int_7000ms/v3_7000_01069.avi,1,7000,-2.2207,0,NO
21,random,-1,data/videos_v3/int_10000ms/v3_10000_01167.avi,0,10000,-1.5557,0,NO
21,random,-1,data/videos_v3/int_7000ms/v3_7000_01019.avi,0,7000,-2.1249,0,NO
21,random,-1,data/videos_v3/int_2000ms/v3_2000_00779.avi,0,2000,-2.4979,0,NO
21,random,-1,data/videos_v3/int_1500ms/v3_1500_00647.avi,1,1500,-1.9453,0,NO
21,random,-1,data/videos_v3/int_5000ms/v3_5000_00905.avi,1,5000,-1.7342,0,NO
21,random,-1,data/videos_v3/int_1000ms/v3_1000_00586.avi,1,1000,-1.8004,0,NO
21,random,-1,data/videos_v3/int_2000ms/v3_2000_00713.avi,0,2000,-2.7078,0,NO
21,random,-1,data/videos_v3/int_1500ms/v3_1500_00644.avi,1,1500,-1.5364,0,NO
21,random,-1,data/videos_v3/int_10000ms/v3_10000_01181.avi,0,10000,-1.922,0,NO
21,random,-1,data/videos_v3/int_3000ms/v3_3000_00873.avi,0,3000,-1.3985,0,NO
21,random,-1,data/videos_v3/int_7000ms/v3_7000_01074.avi,0,7000,-0.782,0,NO
21,random,-1,data/videos_v3/int_1000ms/v3_1000_00535.avi,0,1000,-2.616,0,NO
21,random,-1,data/videos_v3/int_3000ms/v3_3000_00829.avi,0,3000,-2.2519,0,NO
21,random,-1,data/videos_v3/int_3000ms/v3_3000_00823.avi,1,3000,-1.3139,0,NO
21,random,-1,data/videos_v3/int_10000ms/v3_10000_01191.avi,0,10000,-1.3749,0,NO
21,random,-1,data/videos_v3/int_1500ms/v3_1500_00618.avi,1,1500,-2.875,0,NO
21,random,-1,data/videos_v3/int_333ms/v3_333_00394.avi,0,333,-2.1101,0,NO
21,random,-1,data/videos_v3/int_2000ms/v3_2000_00701.avi,1,2000,-2.4667,0,NO
21,random,-1,data/videos_v3/int_1500ms/v3_1500_00681.avi,1,1500,-2.2928,0,NO
21,random,-1,data/videos_v3/int_5000ms/v3_5000_00983.avi,0,5000,-1.9471,0,NO
21,random,-1,data/videos_v3/int_333ms/v3_333_00388.avi,1,333,-3.4494,0,NO
21,random,-1,data/videos_v3/int_1500ms/v3_1500_00669.avi,1,1500,-1.5604,0,NO
21,random,-1,data/videos_v3/int_2000ms/v3_2000_00755.avi,1,2000,-2.5099,0,NO
21,random,-1,data/videos_v3/int_1000ms/v3_1000_00566.avi,1,1000,-1.3749,0,NO
21,random,-1,data/videos_v3/int_1000ms/v3_1000_00561.avi,1,1000,-1.487,0,NO
21,random,-1,data/videos_v3/int_1500ms/v3_1500_00674.avi,1,1500,-1.3492,0,NO
21,random,-1,data/videos_v3/int_1000ms/v3_1000_00581.avi,1,1000,-1.9707,0,NO
21,random,-1,data/videos_v3/int_5000ms/v3_5000_00908.avi,1,5000,-1.0,0,NO
21,random,-1,data/videos_v3/int_200ms/v3_200_00279.avi,1,200,-1.4214,0,NO
21,random,-1,data/videos_v3/int_100ms/v3_100_00133.avi,1,100,-0.8124,0,NO
21,random,-1,data/videos_v3/int_1500ms/v3_1500_00666.avi,0,1500,-0.922,0,NO
21,random,-1,data/videos_v3/int_5000ms/v3_5000_00980.avi,0,5000,-1.0096,0,NO
21,random,-1,data/videos_v3/int_3000ms/v3_3000_00833.avi,0,3000,-2.7831,0,NO
21,random,-1,data/videos_v3/int_333ms/v3_333_00336.avi,0,333,-1.6349,0,NO
21,random,-1,data/videos_v3/int_333ms/v3_333_00329.avi,1,333,-2.1118,0,NO
21,random,-1,data/videos_v3/int_500ms/v3_500_00491.avi,1,500,-1.1359,0,NO
21,random,-1,data/videos_v3/int_10000ms/v3_10000_01125.avi,0,10000,-2.3985,0,NO
21,random,-1,data/videos_v3/int_1000ms/v3_1000_00595.avi,0,1000,-0.9999,0,NO
21,random,-1,data/videos_v3/int_2000ms/v3_2000_00778.avi,0,2000,-1.5749,0,NO
21,random,-1,data/videos_v3/int_10000ms/v3_10000_01130.avi,0,10000,-2.6851,0,NO
21,random,-1,data/videos_v3/int_200ms/v3_200_00223.avi,1,200,-2.3681,0,NO
21,random,-1,data/videos_v3/int_5000ms/v3_5000_00921.avi,0,5000,-2.1678,0,NO
21,random,-1,data/videos_v3/int_7000ms/v3_7000_01012.avi,1,7000,-1.6107,0,NO
21,random,-1,data/videos_v3/int_10000ms/v3_10000_01108.avi,1,10000,-0.635,0,NO
21,random,-1,data/videos_v3/int_100ms/v3_100_00188.avi,1,100,-2.5535,0,NO
21,random,-1,data/videos_v3/int_7000ms/v3_7000_01097.avi,0,7000,-2.1542,0,NO
21,random,-1,data/videos_v3/int_1500ms/v3_1500_00677.avi,1,1500,-0.6994,0,NO
21,random,-1,data/videos_v3/int_333ms/v3_333_00379.avi,1,333,-2.0534,0,NO
21,random,-1,data/videos_v3/int_1000ms/v3_1000_00560.avi,1,1000,-2.4114,0,NO
21,random,-1,data/videos_v3/int_2000ms/v3_2000_00716.avi,1,2000,-2.3321,0,NO
21,random,-1,data/videos_v3/int_1000ms/v3_1000_00554.avi,0,1000,-1.2871,0,NO
21,random,-1,data/videos_v3/int_200ms/v3_200_00268.avi,0,200,-1.9255,0,NO
21,random,-1,data/videos_v3/int_1000ms/v3_1000_00529.avi,0,1000,-1.8807,0,NO
21,random,-1,data/videos_v3/int_3000ms/v3_3000_00879.avi,0,3000,-2.3009,0,NO
21,random,-1,data/videos_v3/int_2000ms/v3_2000_00777.avi,1,2000,-1.5906,0,NO
21,random,-1,data/videos_v3/int_1000ms/v3_1000_00545.avi,0,1000,-2.6542,0,NO
21,random,-1,data/videos_v3/int_1000ms/v3_1000_00520.avi,0,1000,-2.8249,0,NO
21,random,-1,data/videos_v3/int_1500ms/v3_1500_00675.avi,0,1500,-1.8035,0,NO
21,random,-1,data/videos_v3/int_10000ms/v3_10000_01126.avi,0,10000,-2.2988,0,NO
21,random,-1,data/videos_v3/int_1500ms/v3_1500_00617.avi,0,1500,-1.3428,0,NO
21,random,-1,data/videos_v3/int_3000ms/v3_3000_00885.avi,1,3000,-2.3345,0,NO
21,random,-1,data/videos_v3/int_5000ms/v3_5000_00935.avi,0,5000,-3.0864,0,NO
21,random,-1,data/videos_v3/int_3000ms/v3_3000_00871.avi,1,3000,-2.1759,0,NO
21,random,-1,data/videos_v3/int_1000ms/v3_1000_00598.avi,0,1000,-1.6381,0,NO
21,random,-1,data/videos_v3/int_1500ms/v3_1500_00631.avi,1,1500,-2.6967,0,NO
21,random,-1,data/videos_v3/int_5000ms/v3_5000_00968.avi,0,5000,-1.1923,0,NO
21,random,-1,data/videos_v3/int_3000ms/v3_3000_00878.avi,0,3000,-1.672,0,NO
21,random,-1,data/videos_v3/int_1000ms/v3_1000_00551.avi,0,1000,-3.5135,0,NO
21,random,-1,data/videos_v3/int_1000ms/v3_1000_00548.avi,1,1000,-2.2631,0,NO
21,random,-1,data/videos_v3/int_1000ms/v3_1000_00509.avi,0,1000,-1.1414,0,NO
21,random,-1,data/videos_v3/int_200ms/v3_200_00254.avi,1,200,-1.6093,0,NO
21,random,-1,data/videos_v3/int_200ms/v3_200_00226.avi,0,200,-3.2432,0,NO
21,random,-1,data/videos_v3/int_200ms/v3_200_00261.avi,1,200,-2.3283,0,NO
21,random,-1,data/videos_v3/int_2000ms/v3_2000_00743.avi,1,2000,-1.7351,0,NO
21,random,-1,data/videos_v3/int_7000ms/v3_7000_01031.avi,1,7000,-0.0265,0,NO
21,random,-1,data/videos_v3/int_67ms/v3_67_00074.avi,1,67,-1.8523,0,NO
21,random,-1,data/videos_v3/int_10000ms/v3_10000_01171.avi,0,10000,-2.3749,0,NO
21,random,-1,data/videos_v3/int_100ms/v3_100_00127.avi,0,100,-2.0957,0,NO
21,random,-1,data/videos_v3/int_100ms/v3_100_00137.avi,1,100,-1.172,0,NO
21,random,-1,data/videos_v3/int_67ms/v3_67_00095.avi,1,67,-2.373,0,NO
21,random,-1,data/videos_v3/int_1500ms/v3_1500_00659.avi,1,1500,-0.623,0,NO
21,random,-1,data/videos_v3/int_333ms/v3_333_00344.avi,0,333,-2.0789,0,NO
21,random,-1,data/videos_v3/int_2000ms/v3_2000_00746.avi,1,2000,-1.4182,0,NO
21,random,-1,data/videos_v3/int_200ms/v3_200_00294.avi,1,200,-1.1886,0,NO
21,random,-1,data/videos_v3/int_3000ms/v3_3000_00854.avi,0,3000,-2.2987,0,NO
21,random,-1,data/videos_v3/int_5000ms/v3_5000_00955.avi,0,5000,-2.3016,0,NO
21,random,-1,data/videos_v3/int_7000ms/v3_7000_01036.avi,0,7000,-2.3274,0,NO
21,random,-1,data/videos_v3/int_333ms/v3_333_00352.avi,0,333,-2.6001,0,NO
21,random,-1,data/videos_v3/int_7000ms/v3_7000_01010.avi,0,7000,-2.8124,0,NO
21,random,-1,data/videos_v3/int_1500ms/v3_1500_00624.avi,1,1500,-3.5078,0,NO
21,random,-1,data/videos_v3/int_10000ms/v3_10000_01101.avi,1,10000,-2.2952,0,NO
21,random,-1,data/videos_v3/int_500ms/v3_500_00439.avi,0,500,-3.1864,0,NO
21,random,-0.5,data/videos_v3/int_5000ms/v3_5000_00960.avi,1,5000,-1.118,0,NO.
21,random,-0.5,data/videos_v3/int_500ms/v3_500_00401.avi,0,500,-3.4438,0,NO.
21,random,-0.5,data/videos_v3/int_500ms/v3_500_00417.avi,0,500,-1.8802,0,NO.
21,random,-0.5,data/videos_v3/int_333ms/v3_333_00354.avi,0,333,-2.5012,0,NO.
21,random,-0.5,data/videos_v3/int_2000ms/v3_2000_00717.avi,1,2000,-2.9516,0,NO.
21,random,-0.5,data/videos_v3/int_2000ms/v3_2000_00789.avi,0,2000,-1.0811,0,NO.
21,random,-0.5,data/videos_v3/int_10000ms/v3_10000_01184.avi,0,10000,-2.9892,0,NO.
21,random,-0.5,data/videos_v3/int_7000ms/v3_7000_01090.avi,1,7000,-1.5227,0,NO.
21,random,-0.5,data/videos_v3/int_1500ms/v3_1500_00634.avi,0,1500,-1.5228,0,NO.
21,random,-0.5,data/videos_v3/int_500ms/v3_500_00459.avi,1,500,-1.3072,0,NO.
21,random,-0.5,data/videos_v3/int_7000ms/v3_7000_01058.avi,0,7000,-2.8176,0,NO.
21,random,-0.5,data/videos_v3/int_3000ms/v3_3000_00860.avi,1,3000,-2.782,0,NO.
21,random,-0.5,data/videos_v3/int_2000ms/v3_2000_00708.avi,0,2000,-2.0228,0,NO.
21,random,-0.5,data/videos_v3/int_2000ms/v3_2000_00773.avi,0,2000,-3.5366,0,NO.
21,random,-0.5,data/videos_v3/int_1000ms/v3_1000_00525.avi,1,1000,-2.0437,0,NO.
21,random,-0.5,data/videos_v3/int_1000ms/v3_1000_00558.avi,1,1000,-3.4816,0,NO.
21,random,-0.5,data/videos_v3/int_200ms/v3_200_00242.avi,0,200,-2.9812,0,NO.
21,random,-0.5,data/videos_v3/int_333ms/v3_333_00396.avi,1,333,-3.2974,0,NO.
21,random,-0.5,data/videos_v3/int_1500ms/v3_1500_00641.avi,1,1500,-1.4562,0,NO.
21,random,-0.5,data/videos_v3/int_1000ms/v3_1000_00576.avi,0,1000,-2.7192,0,NO.
21,random,-0.5,data/videos_v3/int_10000ms/v3_10000_01192.avi,0,10000,-1.813,0,NO.
21,random,-0.5,data/videos_v3/int_5000ms/v3_5000_00951.avi,0,5000,-2.4174,0,NO.
21,random,-0.5,data/videos_v3/int_7000ms/v3_7000_01060.avi,0,7000,-2.4436,0,NO.
21,random,-0.5,data/videos_v3/int_1000ms/v3_1000_00518.avi,0,1000,-2.2638,0,NO.
21,random,-0.5,data/videos_v3/int_10000ms/v3_10000_01140.avi,0,10000,-1.4029,0,NO.
21,random,-0.5,data/videos_v3/int_2000ms/v3_2000_00706.avi,0,2000,-3.4325,0,NO.
21,random,-0.5,data/videos_v3/int_100ms/v3_100_00125.avi,0,100,-1.4561,0,NO.
21,random,-0.5,data/videos_v3/int_1500ms/v3_1500_00670.avi,1,1500,-1.1302,0,NO.
21,random,-0.5,data/videos_v3/int_100ms/v3_100_00149.avi,0,100,-2.1479,0,NO.
21,random,-0.5,data/videos_v3/int_3000ms/v3_3000_00849.avi,0,3000,-3.1907,0,NO.
21,random,-0.5,data/videos_v3/int_2000ms/v3_2000_00795.avi,1,2000,-2.9406,0,NO.
21,random,-0.5,data/videos_v3/int_333ms/v3_333_00333.avi,0,333,-3.0254,0,NO.
21,random,-0.5,data/videos_v3/int_500ms/v3_500_00404.avi,1,500,-1.9242,0,NO.
21,random,-0.5,data/videos_v3/int_67ms/v3_67_00059.avi,1,67,-1.0685,0,NO.
21,random,-0.5,data/videos_v3/int_7000ms/v3_7000_01034.avi,1,7000,-1.743,0,NO.
21,random,-0.5,data/videos_v3/int_333ms/v3_333_00356.avi,1,333,-1.6058,0,NO.
21,random,-0.5,data/videos_v3/int_5000ms/v3_5000_00932.avi,0,5000,-1.6879,0,NO.
21,random,-0.5,data/videos_v3/int_5000ms/v3_5000_00966.avi,1,5000,-3.0633,0,NO.
21,random,-0.5,data/videos_v3/int_1000ms/v3_1000_00584.avi,1,1000,-2.0227,0,NO.
21,random,-0.5,data/videos_v3/int_333ms/v3_333_00350.avi,0,333,-0.4727,0,NO.
21,random,-0.5,data/videos_v3/int_3000ms/v3_3000_00813.avi,0,3000,-3.1444,0,NO.
21,random,-0.5,data/videos_v3/int_1500ms/v3_1500_00663.avi,0,1500,-3.3076,0,NO.
21,random,-0.5,data/videos_v3/int_7000ms/v3_7000_01098.avi,0,7000,-1.674,0,NO.
21,random,-0.5,data/videos_v3/int_200ms/v3_200_00245.avi,0,200,-3.2312,0,NO.
21,random,-0.5,data/videos_v3/int_10000ms/v3_10000_01107.avi,1,10000,-1.174,0,NO.
21,random,-0.5,data/videos_v3/int_3000ms/v3_3000_00892.avi,0,3000,-3.4613,0,NO.
21,random,-0.5,data/videos_v3/int_2000ms/v3_2000_00771.avi,0,2000,-2.0053,0,NO.
21,random,-0.5,data/videos_v3/int_2000ms/v3_2000_00767.avi,0,2000,-2.4188,0,NO.
21,random,-0.5,data/videos_v3/int_200ms/v3_200_00283.avi,1,200,-1.1739,0,NO.
21,random,-0.5,data/videos_v3/int_200ms/v3_200_00224.avi,1,200,-1.2278,0,NO.
21,random,-0.5,data/videos_v3/int_2000ms/v3_2000_00790.avi,1,2000,-2.0053,0,NO.
21,random,-0.5,data/videos_v3/int_10000ms/v3_10000_01173.avi,1,10000,-0.3289,0,NO.
21,random,-0.5,data/videos_v3/int_500ms/v3_500_00440.avi,1,500,-1.9712,0,NO.
21,random,-0.5,data/videos_v3/int_500ms/v3_500_00494.avi,0,500,-2.3479,0,NO.
21,random,-0.5,data/videos_v3/int_2000ms/v3_2000_00719.avi,1,2000,-2.403,0,NO.
21,random,-0.5,data/videos_v3/int_3000ms/v3_3000_00867.avi,0,3000,-1.9811,0,NO.
21,random,-0.5,data/videos_v3/int_500ms/v3_500_00468.avi,0,500,-2.546,0,NO.
21,random,-0.5,data/videos_v3/int_7000ms/v3_7000_01052.avi,1,7000,-1.2037,0,NO.
21,random,-0.5,data/videos_v3/int_10000ms/v3_10000_01120.avi,0,10000,-2.963,0,NO.
21,random,-0.5,data/videos_v3/int_10000ms/v3_10000_01146.avi,1,10000,-1.4562,0,NO.
21,random,-0.5,data/videos_v3/int_67ms/v3_67_00038.avi,1,67,-0.9563,0,NO.
21,random,-0.5,data/videos_v3/int_2000ms/v3_2000_00762.avi,0,2000,-2.2061,0,NO.
21,random,-0.5,data/videos_v3/int_10000ms/v3_10000_01112.avi,1,10000,-0.9879,0,NO.
21,random,-0.5,data/videos_v3/int_7000ms/v3_7000_01044.avi,0,7000,-0.8364,0,NO.
21,random,-0.5,data/videos_v3/int_200ms/v3_200_00270.avi,1,200,-2.2014,0,NO.
21,random,-0.5,data/videos_v3/int_10000ms/v3_10000_01156.avi,1,10000,-2.1936,0,NO.
21,random,-0.5,data/videos_v3/int_333ms/v3_333_00301.avi,0,333,-1.889,0,NO.
21,random,-0.5,data/videos_v3/int_2000ms/v3_2000_00733.avi,1,2000,-3.5676,0,NO.
21,random,-0.5,data/videos_v3/int_10000ms/v3_10000_01151.avi,0,10000,-3.2993,0,NO.
21,random,-0.5,data/videos_v3/int_2000ms/v3_2000_00774.avi,0,2000,-3.1391,0,NO.
21,random,-0.5,data/videos_v3/int_10000ms/v3_10000_01134.avi,0,10000,-2.0279,0,NO.
21,random,-0.5,data/videos_v3/int_5000ms/v3_5000_00913.avi,0,5000,-1.706,0,NO.
21,random,-0.5,data/videos_v3/int_500ms/v3_500_00465.avi,0,500,-4.097,0,NO.
21,random,-0.5,data/videos_v3/int_1500ms/v3_1500_00601.avi,1,1500,-4.5386,0,NO.
21,random,-0.5,data/videos_v3/int_200ms/v3_200_00231.avi,0,200,-2.5723,0,NO.
21,random,-0.5,data/videos_v3/int_500ms/v3_500_00407.avi,1,500,-0.6247,0,NO.
21,random,-0.5,data/videos_v3/int_10000ms/v3_10000_01147.avi,1,10000,-0.969,0,NO.
21,random,-0.5,data/videos_v3/int_500ms/v3_500_00469.avi,0,500,-2.9032,0,NO.
21,random,-0.5,data/videos_v3/int_500ms/v3_500_00479.avi,1,500,-1.5279,0,NO.
21,random,-0.5,data/videos_v3/int_333ms/v3_333_00311.avi,0,333,-1.563,0,NO.
21,random,-0.5,data/videos_v3/int_3000ms/v3_3000_00822.avi,1,3000,-3.3702,0,NO.
21,random,-0.5,data/videos_v3/int_1500ms/v3_1500_00642.avi,0,1500,-2.6937,0,NO.
21,random,-0.5,data/videos_v3/int_3000ms/v3_3000_00847.avi,0,3000,-2.9116,0,NO.
21,random,-0.5,data/videos_v3/int_100ms/v3_100_00176.avi,0,100,-4.3292,0,NO.
21,random,-0.5,data/videos_v3/int_7000ms/v3_7000_01042.avi,0,7000,-2.7252,0,NO.
21,random,-0.5,data/videos_v3/int_333ms/v3_333_00382.avi,1,333,-1.9585,0,NO.
21,random,-0.5,data/videos_v3/int_7000ms/v3_7000_01063.avi,0,7000,-2.049,0,NO.
21,random,-0.5,data/videos_v3/int_10000ms/v3_10000_01178.avi,1,10000,-0.2431,0,NO.
21,random,-0.5,data/videos_v3/int_67ms/v3_67_00068.avi,0,67,-1.9808,0,NO.
21,random,-0.5,data/videos_v3/int_1500ms/v3_1500_00616.avi,0,1500,-2.0317,0,NO.
21,random,-0.5,data/videos_v3/int_200ms/v3_200_00200.avi,0,200,-2.3804,0,NO.
21,random,-0.5,data/videos_v3/int_2000ms/v3_2000_00791.avi,0,2000,-2.4898,0,NO.
21,random,-0.5,data/videos_v3/int_1500ms/v3_1500_00695.avi,0,1500,-2.3561,0,NO.
21,random,-0.5,data/videos_v3/int_500ms/v3_500_00415.avi,1,500,-0.731,0,NO.
21,random,-0.5,data/videos_v3/int_10000ms/v3_10000_01194.avi,1,10000,-0.9779,0,NO.
21,random,-0.5,data/videos_v3/int_500ms/v3_500_00403.avi,1,500,-2.6824,0,NO.
21,random,-0.5,data/videos_v3/int_2000ms/v3_2000_00752.avi,0,2000,-3.9408,0,NO.
21,random,-0.5,data/videos_v3/int_10000ms/v3_10000_01165.avi,0,10000,-2.2228,0,NO.
21,random,-0.5,data/videos_v3/int_500ms/v3_500_00464.avi,1,500,-1.0765,0,NO.
21,random,-0.5,data/videos_v3/int_500ms/v3_500_00492.avi,0,500,-2.7254,0,NO.
21,random,-0.5,data/videos_v3/int_5000ms/v3_5000_00928.avi,0,5000,-3.5678,0,NO.
21,random,-0.5,data/videos_v3/int_500ms/v3_500_00487.avi,0,500,-3.2397,0,NO.
21,random,-0.5,data/videos_v3/int_1000ms/v3_1000_00553.avi,0,1000,-2.1665,0,NO.
21,random,-0.5,data/videos_v3/int_7000ms/v3_7000_01000.avi,1,7000,-2.3185,0,NO.
21,random,-0.5,data/videos_v3/int_1500ms/v3_1500_00612.avi,0,1500,-2.794,0,NO.
21,random,-0.5,data/videos_v3/int_10000ms/v3_10000_01127.avi,1,10000,-2.3336,0,NO.
21,random,-0.5,data/videos_v3/int_5000ms/v3_5000_00999.avi,0,5000,-2.9406,0,NO.
21,random,-0.5,data/videos_v3/int_7000ms/v3_7000_01069.avi,1,7000,-2.3763,0,NO.
21,random,-0.5,data/videos_v3/int_10000ms/v3_10000_01167.avi,0,10000,-2.0364,0,NO.
21,random,-0.5,data/videos_v3/int_7000ms/v3_7000_01019.avi,0,7000,-2.3681,0,NO.
21,random,-0.5,data/videos_v3/int_2000ms/v3_2000_00779.avi,0,2000,-2.8157,0,NO.
21,random,-0.5,data/videos_v3/int_1500ms/v3_1500_00647.avi,1,1500,-2.1722,0,NO.
21,random,-0.5,data/videos_v3/int_5000ms/v3_5000_00905.avi,1,5000,-1.9238,0,NO.
21,random,-0.5,data/videos_v3/int_1000ms/v3_1000_00586.avi,1,1000,-1.8762,0,NO.
21,random,-0.5,data/videos_v3/int_2000ms/v3_2000_00713.avi,0,2000,-3.1501,0,NO.
21,random,-0.5,data/videos_v3/int_1500ms/v3_1500_00644.avi,1,1500,-1.6687,0,NO.
21,random,-0.5,data/videos_v3/int_10000ms/v3_10000_01181.avi,0,10000,-2.1303,0,NO.
21,random,-0.5,data/videos_v3/int_3000ms/v3_3000_00873.avi,0,3000,-1.5653,0,NO.
21,random,-0.5,data/videos_v3/int_7000ms/v3_7000_01074.avi,0,7000,-0.831,0,NO.
21,random,-0.5,data/videos_v3/int_1000ms/v3_1000_00535.avi,0,1000,-3.2112,0,NO.
21,random,-0.5,data/videos_v3/int_3000ms/v3_3000_00829.avi,0,3000,-2.6102,0,NO.
21,random,-0.5,data/videos_v3/int_3000ms/v3_3000_00823.avi,1,3000,-1.4811,0,NO.
21,random,-0.5,data/videos_v3/int_10000ms/v3_10000_01191.avi,0,10000,-1.5278,0,NO.
21,random,-0.5,data/videos_v3/int_1500ms/v3_1500_00618.avi,1,1500,-3.8027,0,NO.
21,random,-0.5,data/videos_v3/int_333ms/v3_333_00394.avi,0,333,-2.5054,0,NO.
21,random,-0.5,data/videos_v3/int_2000ms/v3_2000_00701.avi,1,2000,-2.764,0,NO.
21,random,-0.5,data/videos_v3/int_1500ms/v3_1500_00681.avi,1,1500,-2.8188,0,NO.
21,random,-0.5,data/videos_v3/int_5000ms/v3_5000_00983.avi,0,5000,-1.956,0,NO.
21,random,-0.5,data/videos_v3/int_333ms/v3_333_00388.avi,1,333,-4.1635,0,NO.
21,random,-0.5,data/videos_v3/int_1500ms/v3_1500_00669.avi,1,1500,-1.6687,0,NO.
21,random,-0.5,data/videos_v3/int_2000ms/v3_2000_00755.avi,1,2000,-2.8132,0,NO.
21,random,-0.5,data/videos_v3/int_1000ms/v3_1000_00566.avi,1,1000,-1.5051,0,NO.
21,random,-0.5,data/videos_v3/int_1000ms/v3_1000_00561.avi,1,1000,-1.6262,0,NO.
21,random,-0.5,data/videos_v3/int_1500ms/v3_1500_00674.avi,1,1500,-1.3264,0,NO.
21,random,-0.5,data/videos_v3/int_1000ms/v3_1000_00581.avi,1,1000,-2.1613,0,NO.
21,random,-0.5,data/videos_v3/int_5000ms/v3_5000_00908.avi,1,5000,-1.1935,0,NO.
21,random,-0.5,data/videos_v3/int_200ms/v3_200_00279.avi,1,200,-1.5864,0,NO.
21,random,-0.5,data/videos_v3/int_100ms/v3_100_00133.avi,1,100,-0.6181,0,NO.
21,random,-0.5,data/videos_v3/int_1500ms/v3_1500_00666.avi,0,1500,-1.0277,0,NO.
21,random,-0.5,data/videos_v3/int_5000ms/v3_5000_00980.avi,0,5000,-0.9879,0,NO.
21,random,-0.5,data/videos_v3/int_3000ms/v3_3000_00833.avi,0,3000,-3.5141,0,NO.
21,random,-0.5,data/videos_v3/int_333ms/v3_333_00336.avi,0,333,-1.7935,0,NO.
21,random,-0.5,data/videos_v3/int_333ms/v3_333_00329.avi,1,333,-2.6504,0,NO.
21,random,-0.5,data/videos_v3/int_500ms/v3_500_00491.avi,1,500,-1.2504,0,NO.
21,random,-0.5,data/videos_v3/int_10000ms/v3_10000_01125.avi,0,10000,-2.65,0,NO.
21,random,-0.5,data/videos_v3/int_1000ms/v3_1000_00595.avi,0,1000,-1.0489,0,NO.
21,random,-0.5,data/videos_v3/int_2000ms/v3_2000_00778.avi,0,2000,-1.7937,0,NO.
21,random,-0.5,data/videos_v3/int_10000ms/v3_10000_01130.avi,0,10000,-2.9324,0,NO.
21,random,-0.5,data/videos_v3/int_200ms/v3_200_00223.avi,1,200,-2.4279,0,NO.
21,random,-0.5,data/videos_v3/int_5000ms/v3_5000_00921.avi,0,5000,-2.8266,0,NO.
21,random,-0.5,data/videos_v3/int_7000ms/v3_7000_01012.avi,1,7000,-1.8477,0,NO.
21,random,-0.5,data/videos_v3/int_10000ms/v3_10000_01108.avi,1,10000,-0.9173,0,NO.
21,random,-0.5,data/videos_v3/int_100ms/v3_100_00188.avi,1,100,-3.0862,0,NO.
21,random,-0.5,data/videos_v3/int_7000ms/v3_7000_01097.avi,0,7000,-2.5139,0,NO.
21,random,-0.5,data/videos_v3/int_1500ms/v3_1500_00677.avi,1,1500,-0.9426,0,NO.
21,random,-0.5,data/videos_v3/int_333ms/v3_333_00379.avi,1,333,-2.0685,0,NO.
21,random,-0.5,data/videos_v3/int_1000ms/v3_1000_00560.avi,1,1000,-2.7312,0,NO.
21,random,-0.5,data/videos_v3/int_2000ms/v3_2000_00716.avi,1,2000,-2.6531,0,NO.
21,random,-0.5,data/videos_v3/int_1000ms/v3_1000_00554.avi,0,1000,-1.3071,0,NO.
21,random,-0.5,data/videos_v3/int_200ms/v3_200_00268.avi,0,200,-2.2254,0,NO.
21,random,-0.5,data/videos_v3/int_1000ms/v3_1000_00529.avi,0,1000,-2.228,0,NO.
21,random,-0.5,data/videos_v3/int_3000ms/v3_3000_00879.avi,0,3000,-2.7555,0,NO.
21,random,-0.5,data/videos_v3/int_2000ms/v3_2000_00777.avi,1,2000,-1.7924,0,NO.
21,random,-0.5,data/videos_v3/int_1000ms/v3_1000_00545.avi,0,1000,-3.139,0,NO.
21,random,-0.5,data/videos_v3/int_1000ms/v3_1000_00520.avi,0,1000,-3.157,0,NO.
21,random,-0.5,data/videos_v3/int_1500ms/v3_1500_00675.avi,0,1500,-1.9435,0,NO.
21,random,-0.5,data/videos_v3/int_10000ms/v3_10000_01126.avi,0,10000,-2.7992,0,NO.
21,random,-0.5,data/videos_v3/int_1500ms/v3_1500_00617.avi,0,1500,-1.456,0,NO.
21,random,-0.5,data/videos_v3/int_3000ms/v3_3000_00885.avi,1,3000,-2.8228,0,NO.
21,random,-0.5,data/videos_v3/int_5000ms/v3_5000_00935.avi,0,5000,-4.0793,0,NO.
21,random,-0.5,data/videos_v3/int_3000ms/v3_3000_00871.avi,1,3000,-2.6305,0,NO.
21,random,-0.5,data/videos_v3/int_1000ms/v3_1000_00598.avi,0,1000,-1.8265,0,NO.
21,random,-0.5,data/videos_v3/int_1500ms/v3_1500_00631.avi,1,1500,-3.1481,0,NO.
21,random,-0.5,data/videos_v3/int_5000ms/v3_5000_00968.avi,0,5000,-1.3976,0,NO.
21,random,-0.5,data/videos_v3/int_3000ms/v3_3000_00878.avi,0,3000,-1.9437,0,NO.
21,random,-0.5,data/videos_v3/int_1000ms/v3_1000_00551.avi,0,1000,-4.972,0,NO.
21,random,-0.5,data/videos_v3/int_1000ms/v3_1000_00548.avi,1,1000,-2.7192,0,NO.
21,random,-0.5,data/videos_v3/int_1000ms/v3_1000_00509.avi,0,1000,-1.313,0,NO.
21,random,-0.5,data/videos_v3/int_200ms/v3_200_00254.avi,1,200,-1.6687,0,NO.
21,random,-0.5,data/videos_v3/int_200ms/v3_200_00226.avi,0,200,-4.0254,0,NO.
21,random,-0.5,data/videos_v3/int_200ms/v3_200_00261.avi,1,200,-2.7781,0,NO.
21,random,-0.5,data/videos_v3/int_2000ms/v3_2000_00743.avi,1,2000,-2.0492,0,NO.
21,random,-0.5,data/videos_v3/int_7000ms/v3_7000_01031.avi,1,7000,-0.2015,0,NO.
21,random,-0.5,data/videos_v3/int_67ms/v3_67_00074.avi,1,67,-2.3756,0,NO.
21,random,-0.5,data/videos_v3/int_10000ms/v3_10000_01171.avi,0,10000,-2.7752,0,NO.
21,random,-0.5,data/videos_v3/int_100ms/v3_100_00127.avi,0,100,-2.3941,0,NO.
21,random,-0.5,data/videos_v3/int_100ms/v3_100_00137.avi,1,100,-1.3289,0,NO.
21,random,-0.5,data/videos_v3/int_67ms/v3_67_00095.avi,1,67,-2.7992,0,NO.
21,random,-0.5,data/videos_v3/int_1500ms/v3_1500_00659.avi,1,1500,-0.7553,0,NO.
21,random,-0.5,data/videos_v3/int_333ms/v3_333_00344.avi,0,333,-2.3155,0,NO.
21,random,-0.5,data/videos_v3/int_2000ms/v3_2000_00746.avi,1,2000,-1.4539,0,NO.
21,random,-0.5,data/videos_v3/int_200ms/v3_200_00294.avi,1,200,-1.3184,0,NO.
21,random,-0.5,data/videos_v3/int_3000ms/v3_3000_00854.avi,0,3000,-2.6343,0,NO.
21,random,-0.5,data/videos_v3/int_5000ms/v3_5000_00955.avi,0,5000,-2.5796,0,NO.
21,random,-0.5,data/videos_v3/int_7000ms/v3_7000_01036.avi,0,7000,-2.549,0,NO.
21,random,-0.5,data/videos_v3/int_333ms/v3_333_00352.avi,0,333,-2.8646,0,NO.
21,random,-0.5,data/videos_v3/int_7000ms/v3_7000_01010.avi,0,7000,-3.7282,0,NO.
21,random,-0.5,data/videos_v3/int_1500ms/v3_1500_00624.avi,1,1500,-4.0678,0,NO.
21,random,-0.5,data/videos_v3/int_10000ms/v3_10000_01101.avi,1,10000,-2.5676,0,NO.
21,random,-0.5,data/videos_v3/int_500ms/v3_500_00439.avi,0,500,-3.7782,0,NO.
21,random,-0.25,data/videos_v3/int_5000ms/v3_5000_00960.avi,1,5000,-0.6767,0,NO.
21,random,-0.25,data/videos_v3/int_500ms/v3_500_00401.avi,0,500,-3.2839,0,NO.
21,random,-0.25,data/videos_v3/int_500ms/v3_500_00417.avi,0,500,-1.6108,0,NO.
21,random,-0.25,data/videos_v3/int_333ms/v3_333_00354.avi,0,333,-2.1242,0,NO.
21,random,-0.25,data/videos_v3/int_2000ms/v3_2000_00717.avi,1,2000,-2.6487,0,NO.
21,random,-0.25,data/videos_v3/int_2000ms/v3_2000_00789.avi,0,2000,-0.7758,0,NO.
21,random,-0.25,data/videos_v3/int_10000ms/v3_10000_01184.avi,0,10000,-2.6846,0,NO.
21,random,-0.25,data/videos_v3/int_7000ms/v3_7000_01090.avi,1,7000,-1.3285,0,NO.
21,random,-0.25,data/videos_v3/int_1500ms/v3_1500_00634.avi,0,1500,-1.2533,0,NO.
21,random,-0.25,data/videos_v3/int_500ms/v3_500_00459.avi,1,500,-0.999,0,NO.
21,random,-0.25,data/videos_v3/int_7000ms/v3_7000_01058.avi,0,7000,-2.6397,0,NO.
21,random,-0.25,data/videos_v3/int_3000ms/v3_3000_00860.avi,1,3000,-2.4252,0,NO.
21,random,-0.25,data/videos_v3/int_2000ms/v3_2000_00708.avi,0,2000,-1.6576,0,NO.
21,random,-0.25,data/videos_v3/int_2000ms/v3_2000_00773.avi,0,2000,-3.2734,0,NO.
21,random,-0.25,data/videos_v3/int_1000ms/v3_1000_00525.avi,1,1000,-1.776,0,NO.
21,random,-0.25,data/videos_v3/int_1000ms/v3_1000_00558.avi,1,1000,-3.3021,0,NO.
21,random,-0.25,data/videos_v3/int_200ms/v3_200_00242.avi,0,200,-2.8466,0,NO.
21,random,-0.25,data/videos_v3/int_333ms/v3_333_00396.avi,1,333,-2.8988,0,NO.
21,random,-0.25,data/videos_v3/int_1500ms/v3_1500_00641.avi,1,1500,-1.1509,0,NO.
21,random,-0.25,data/videos_v3/int_1000ms/v3_1000_00576.avi,0,1000,-2.5439,0,NO.
21,random,-0.25,data/videos_v3/int_10000ms/v3_10000_01192.avi,0,10000,-1.5148,0,NO.
21,random,-0.25,data/videos_v3/int_5000ms/v3_5000_00951.avi,0,5000,-2.1481,0,NO.
21,random,-0.25,data/videos_v3/int_7000ms/v3_7000_01060.avi,0,7000,-2.2731,0,NO.
21,random,-0.25,data/videos_v3/int_1000ms/v3_1000_00518.avi,0,1000,-1.9992,0,NO.
21,random,-0.25,data/videos_v3/int_10000ms/v3_10000_01140.avi,0,10000,-0.9857,0,NO.
21,random,-0.25,data/videos_v3/int_2000ms/v3_2000_00706.avi,0,2000,-3.1784,0,NO.
21,random,-0.25,data/videos_v3/int_100ms/v3_100_00125.avi,0,100,-1.1482,0,NO.
21,random,-0.25,data/videos_v3/int_1500ms/v3_1500_00670.avi,1,1500,-0.8608,0,NO.
21,random,-0.25,data/videos_v3/int_100ms/v3_100_00149.avi,0,100,-2.0034,0,NO.
21,random,-0.25,data/videos_v3/int_3000ms/v3_3000_00849.avi,0,3000,-3.0338,0,NO.
21,random,-0.25,data/videos_v3/int_2000ms/v3_2000_00795.avi,1,2000,-2.7734,0,NO.
21,random,-0.25,data/videos_v3/int_333ms/v3_333_00333.avi,0,333,-2.7621,0,NO.
21,random,-0.25,data/videos_v3/int_500ms/v3_500_00404.avi,1,500,-1.661,0,NO.
21,random,-0.25,data/videos_v3/int_67ms/v3_67_00059.avi,1,67,-0.773,0,NO.
21,random,-0.25,data/videos_v3/int_7000ms/v3_7000_01034.avi,1,7000,-1.3017,0,NO.
21,random,-0.25,data/videos_v3/int_333ms/v3_333_00356.avi,1,333,-1.4359,0,NO.
21,random,-0.25,data/videos_v3/int_5000ms/v3_5000_00932.avi,0,5000,-1.4991,0,NO.
21,random,-0.25,data/videos_v3/int_5000ms/v3_5000_00966.avi,1,5000,-2.911,0,NO.
21,random,-0.25,data/videos_v3/int_1000ms/v3_1000_00584.avi,1,1000,-1.7728,0,NO.
21,random,-0.25,data/videos_v3/int_333ms/v3_333_00350.avi,0,333,-0.1366,0,NO.
21,random,-0.25,data/videos_v3/int_3000ms/v3_3000_00813.avi,0,3000,-2.9855,0,NO.
21,random,-0.25,data/videos_v3/int_1500ms/v3_1500_00663.avi,0,1500,-2.9518,0,NO.
21,random,-0.25,data/videos_v3/int_7000ms/v3_7000_01098.avi,0,7000,-1.4993,0,NO.
21,random,-0.25,data/videos_v3/int_200ms/v3_200_00245.avi,0,200,-3.0037,0,NO.
21,random,-0.25,data/videos_v3/int_10000ms/v3_10000_01107.avi,1,10000,-0.8743,0,NO.
21,random,-0.25,data/videos_v3/int_3000ms/v3_3000_00892.avi,0,3000,-3.0598,0,NO.
21,random,-0.25,data/videos_v3/int_2000ms/v3_2000_00771.avi,0,2000,-1.7494,0,NO.
21,random,-0.25,data/videos_v3/int_2000ms/v3_2000_00767.avi,0,2000,-2.2359,0,NO.
21,random,-0.25,data/videos_v3/int_200ms/v3_200_00283.avi,1,200,-0.8865,0,NO.
21,random,-0.25,data/videos_v3/int_200ms/v3_200_00224.avi,1,200,-0.8029,0,NO.
21,random,-0.25,data/videos_v3/int_2000ms/v3_2000_00790.avi,1,2000,-1.8462,0,NO.
21,random,-0.25,data/videos_v3/int_10000ms/v3_10000_01173.avi,1,10000,-0.0259,0,NO.
21,random,-0.25,data/videos_v3/int_500ms/v3_500_00440.avi,1,500,-1.5499,0,NO.
21,random,-0.25,data/videos_v3/int_500ms/v3_500_00494.avi,0,500,-2.045,0,NO.
21,random,-0.25,data/videos_v3/int_2000ms/v3_2000_00719.avi,1,2000,-2.151,0,NO.
21,random,-0.25,data/videos_v3/int_3000ms/v3_3000_00867.avi,0,3000,-1.6579,0,NO.
21,random,-0.25,data/videos_v3/int_500ms/v3_500_00468.avi,0,500,-2.175,0,NO.
21,random,-0.25,data/videos_v3/int_7000ms/v3_7000_01052.avi,1,7000,-0.9991,0,NO.
21,random,-0.25,data/videos_v3/int_10000ms/v3_10000_01120.avi,0,10000,-2.6105,0,NO.
21,random,-0.25,data/videos_v3/int_10000ms/v3_10000_01146.avi,1,10000,-1.1482,0,NO.
21,random,-0.25,data/videos_v3/int_67ms/v3_67_00038.avi,1,67,-0.7733,0,NO.
21,random,-0.25,data/videos_v3/int_2000ms/v3_2000_00762.avi,0,2000,-2.0261,0,NO.
21,random,-0.25,data/videos_v3/int_10000ms/v3_10000_01112.avi,1,10000,-0.668,0,NO.
21,random,-0.25,data/videos_v3/int_7000ms/v3_7000_01044.avi,0,7000,-0.523,0,NO.
21,random,-0.25,data/videos_v3/int_200ms/v3_200_00270.avi,1,200,-1.9086,0,NO.
21,random,-0.25,data/videos_v3/int_10000ms/v3_10000_01156.avi,1,10000,-1.795,0,NO.
21,random,-0.25,data/videos_v3/int_333ms/v3_333_00301.avi,0,333,-1.637,0,NO.
21,random,-0.25,data/videos_v3/int_2000ms/v3_2000_00733.avi,1,2000,-3.2939,0,NO.
21,random,-0.25,data/videos_v3/int_10000ms/v3_10000_01151.avi,0,10000,-3.1611,0,NO.
21,random,-0.25,data/videos_v3/int_2000ms/v3_2000_00774.avi,0,2000,-2.9111,0,NO.
21,random,-0.25,data/videos_v3/int_10000ms/v3_10000_01134.avi,0,10000,-1.7649,0,NO.
21,random,-0.25,data/videos_v3/int_5000ms/v3_5000_00913.avi,0,5000,-1.3866,0,NO.
21,random,-0.25,data/videos_v3/int_500ms/v3_500_00465.avi,0,500,-3.93,0,NO.
21,random,-0.25,data/videos_v3/int_1500ms/v3_1500_00601.avi,1,1500,-4.2845,0,NO.
21,random,-0.25,data/videos_v3/int_200ms/v3_200_00231.avi,0,200,-2.3986,0,NO.
21,random,-0.25,data/videos_v3/int_500ms/v3_500_00407.avi,1,500,-0.2937,0,NO.
21,random,-0.25,data/videos_v3/int_10000ms/v3_10000_01147.avi,1,10000,-0.6766,0,NO.
21,random,-0.25,data/videos_v3/int_500ms/v3_500_00469.avi,0,500,-2.6246,0,NO.
21,random,-0.25,data/videos_v3/int_500ms/v3_500_00479.avi,1,500,-1.3741,0,NO.
21,random,-0.25,data/videos_v3/int_333ms/v3_333_00311.avi,0,333,-1.2757,0,NO.
21,random,-0.25,data/videos_v3/int_3000ms/v3_3000_00822.avi,1,3000,-3.0361,0,NO.
21,random,-0.25,data/videos_v3/int_1500ms/v3_1500_00642.avi,0,1500,-2.4088,0,NO.
21,random,-0.25,data/videos_v3/int_3000ms/v3_3000_00847.avi,0,3000,-2.7621,0,NO.
21,random,-0.25,data/videos_v3/int_100ms/v3_100_00176.avi,0,100,-3.9191,0,NO.
21,random,-0.25,data/videos_v3/int_7000ms/v3_7000_01042.avi,0,7000,-2.5337,0,NO.
21,random,-0.25,data/videos_v3/int_333ms/v3_333_00382.avi,1,333,-1.6698,0,NO.
21,random,-0.25,data/videos_v3/int_7000ms/v3_7000_01063.avi,0,7000,-1.7618,0,NO.
21,random,-0.25,data/videos_v3/int_10000ms/v3_10000_01178.avi,1,10000,0.2068,1,YES.
21,random,-0.25,data/videos_v3/int_67ms/v3_67_00068.avi,0,67,-1.6156,0,NO.
21,random,-0.25,data/videos_v3/int_1500ms/v3_1500_00616.avi,0,1500,-1.7616,0,NO.
21,random,-0.25,data/videos_v3/int_200ms/v3_200_00200.avi,0,200,-2.111,0,NO.
21,random,-0.25,data/videos_v3/int_2000ms/v3_2000_00791.avi,0,2000,-2.1246,0,NO.
21,random,-0.25,data/videos_v3/int_1500ms/v3_1500_00695.avi,0,1500,-2.1286,0,NO.
21,random,-0.25,data/videos_v3/int_500ms/v3_500_00415.avi,1,500,-0.4556,0,NO.
21,random,-0.25,data/videos_v3/int_10000ms/v3_10000_01194.avi,1,10000,-0.553,0,NO.
21,random,-0.25,data/videos_v3/int_500ms/v3_500_00403.avi,1,500,-2.3987,0,NO.
21,random,-0.25,data/videos_v3/int_2000ms/v3_2000_00752.avi,0,2000,-3.6961,0,NO.
21,random,-0.25,data/videos_v3/int_10000ms/v3_10000_01165.avi,0,10000,-2.0336,0,NO.
21,random,-0.25,data/videos_v3/int_500ms/v3_500_00464.avi,1,500,-0.7736,0,NO.
21,random,-0.25,data/videos_v3/int_500ms/v3_500_00492.avi,0,500,-2.4702,0,NO.
21,random,-0.25,data/videos_v3/int_5000ms/v3_5000_00928.avi,0,5000,-3.1928,0,NO.
21,random,-0.25,data/videos_v3/int_500ms/v3_500_00487.avi,0,500,-2.9996,0,NO.
21,random,-0.25,data/videos_v3/int_1000ms/v3_1000_00553.avi,0,1000,-1.8475,0,NO.
21,random,-0.25,data/videos_v3/int_7000ms/v3_7000_01000.avi,1,7000,-2.0448,0,NO.
21,random,-0.25,data/videos_v3/int_1500ms/v3_1500_00612.avi,0,1500,-2.6611,0,NO.
21,random,-0.25,data/videos_v3/int_10000ms/v3_10000_01127.avi,1,10000,-2.1486,0,NO.
21,random,-0.25,data/videos_v3/int_5000ms/v3_5000_00999.avi,0,5000,-2.7734,0,NO.
21,random,-0.25,data/videos_v3/int_7000ms/v3_7000_01069.avi,1,7000,-2.2353,0,NO.
21,random,-0.25,data/videos_v3/int_10000ms/v3_10000_01167.avi,0,10000,-1.7491,0,NO.
21,random,-0.25,data/videos_v3/int_7000ms/v3_7000_01019.avi,0,7000,-2.0518,0,NO.
21,random,-0.25,data/videos_v3/int_2000ms/v3_2000_00779.avi,0,2000,-2.5451,0,NO.
21,random,-0.25,data/videos_v3/int_1500ms/v3_1500_00647.avi,1,1500,-1.8769,0,NO.
21,random,-0.25,data/videos_v3/int_5000ms/v3_5000_00905.avi,1,5000,-1.624,0,NO.
21,random,-0.25,data/videos_v3/int_1000ms/v3_1000_00586.avi,1,1000,-1.5117,0,NO.
21,random,-0.25,data/videos_v3/int_2000ms/v3_2000_00713.avi,0,2000,-2.9011,0,NO.
21,random,-0.25,data/videos_v3/int_1500ms/v3_1500_00644.avi,1,1500,-1.4008,0,NO.
21,random,-0.25,data/videos_v3/int_10000ms/v3_10000_01181.avi,0,10000,-1.7651,0,NO.
21,random,-0.25,data/videos_v3/int_3000ms/v3_3000_00873.avi,0,3000,-1.2731,0,NO.
21,random,-0.25,data/videos_v3/int_7000ms/v3_7000_01074.avi,0,7000,-0.4248,0,NO.
21,random,-0.25,data/videos_v3/int_1000ms/v3_1000_00535.avi,0,1000,-2.9347,0,NO.
21,random,-0.25,data/videos_v3/int_3000ms/v3_3000_00829.avi,0,3000,-2.3018,0,NO.
21,random,-0.25,data/videos_v3/int_3000ms/v3_3000_00823.avi,1,3000,-1.116,0,NO.
21,random,-0.25,data/videos_v3/int_10000ms/v3_10000_01191.avi,0,10000,-1.2756,0,NO.
21,random,-0.25,data/videos_v3/int_1500ms/v3_1500_00618.avi,1,1500,-3.5265,0,NO.
21,random,-0.25,data/videos_v3/int_333ms/v3_333_00394.avi,0,333,-2.236,0,NO.
21,random,-0.25,data/videos_v3/int_2000ms/v3_2000_00701.avi,1,2000,-2.512,0,NO.
21,random,-0.25,data/videos_v3/int_1500ms/v3_1500_00681.avi,1,1500,-2.6588,0,NO.
21,random,-0.25,data/videos_v3/int_5000ms/v3_5000_00983.avi,0,5000,-1.6606,0,NO.
21,random,-0.25,data/videos_v3/int_333ms/v3_333_00388.avi,1,333,-3.677,0,NO.
21,random,-0.25,data/videos_v3/int_1500ms/v3_1500_00669.avi,1,1500,-1.3744,0,NO.
21,random,-0.25,data/videos_v3/int_2000ms/v3_2000_00755.avi,1,2000,-2.6369,0,NO.
21,random,-0.25,data/videos_v3/int_1000ms/v3_1000_00566.avi,1,1000,-1.3284,0,NO.
21,random,-0.25,data/videos_v3/int_1000ms/v3_1000_00561.avi,1,1000,-1.2493,0,NO.
21,random,-0.25,data/videos_v3/int_1500ms/v3_1500_00674.avi,1,1500,-0.8981,0,NO.
21,random,-0.25,data/videos_v3/int_1000ms/v3_1000_00581.avi,1,1000,-1.735,0,NO.
21,random,-0.25,data/videos_v3/int_5000ms/v3_5000_00908.avi,1,5000,-0.9198,0,NO.
21,random,-0.25,data/videos_v3/int_200ms/v3_200_00279.avi,1,200,-1.2731,0,NO.
21,random,-0.25,data/videos_v3/int_100ms/v3_100_00133.avi,1,100,-0.3017,0,NO.
21,random,-0.25,data/videos_v3/int_1500ms/v3_1500_00666.avi,0,1500,-0.7355,0,NO.
21,random,-0.25,data/videos_v3/int_5000ms/v3_5000_00980.avi,0,5000,-0.7834,0,NO.
21,random,-0.25,data/videos_v3/int_3000ms/v3_3000_00833.avi,0,3000,-3.1372,0,NO.
21,random,-0.25,data/videos_v3/int_333ms/v3_333_00336.avi,0,333,-1.6398,0,NO.
21,random,-0.25,data/videos_v3/int_333ms/v3_333_00329.avi,1,333,-2.3871,0,NO.
21,random,-0.25,data/videos_v3/int_500ms/v3_500_00491.avi,1,500,-0.9907,0,NO.
21,random,-0.25,data/videos_v3/int_10000ms/v3_10000_01125.avi,0,10000,-2.3902,0,NO.
21,random,-0.25,data/videos_v3/int_1000ms/v3_1000_00595.avi,0,1000,-0.7649,0,NO.
21,random,-0.25,data/videos_v3/int_2000ms/v3_2000_00778.avi,0,2000,-1.6242,0,NO.
21,random,-0.25,data/videos_v3/int_10000ms/v3_10000_01130.avi,0,10000,-2.6483,0,NO.
21,random,-0.25,data/videos_v3/int_200ms/v3_200_00223.avi,1,200,-2.1483,0,NO.
21,random,-0.25,data/videos_v3/int_5000ms/v3_5000_00921.avi,0,5000,-2.5339,0,NO.
21,random,-0.25,data/videos_v3/int_7000ms/v3_7000_01012.avi,1,7000,-1.5448,0,NO.
21,random,-0.25,data/videos_v3/int_10000ms/v3_10000_01108.avi,1,10000,-0.8286,0,NO.
21,random,-0.25,data/videos_v3/int_100ms/v3_100_00188.avi,1,100,-2.794,0,NO.
21,random,-0.25,data/videos_v3/int_7000ms/v3_7000_01097.avi,0,7000,-2.2353,0,NO.
21,random,-0.25,data/videos_v3/int_1500ms/v3_1500_00677.avi,1,1500,-0.6029,0,NO.
21,random,-0.25,data/videos_v3/int_333ms/v3_333_00379.avi,1,333,-1.7731,0,NO.
21,random,-0.25,data/videos_v3/int_1000ms/v3_1000_00560.avi,1,1000,-2.5965,0,NO.
21,random,-0.25,data/videos_v3/int_2000ms/v3_2000_00716.avi,1,2000,-2.3745,0,NO.
21,random,-0.25,data/videos_v3/int_1000ms/v3_1000_00554.avi,0,1000,-0.898,0,NO.
21,random,-0.25,data/videos_v3/int_200ms/v3_200_00268.avi,0,200,-1.9538,0,NO.
21,random,-0.25,data/videos_v3/int_1000ms/v3_1000_00529.avi,0,1000,-1.9092,0,NO.
21,random,-0.25,data/videos_v3/int_3000ms/v3_3000_00879.avi,0,3000,-2.5154,0,NO.
21,random,-0.25,data/videos_v3/int_2000ms/v3_2000_00777.avi,1,2000,-1.64,0,NO.
21,random,-0.25,data/videos_v3/int_1000ms/v3_1000_00545.avi,0,1000,-2.8983,0,NO.
21,random,-0.25,data/videos_v3/int_1000ms/v3_1000_00520.avi,0,1000,-2.8984,0,NO.
21,random,-0.25,data/videos_v3/int_1500ms/v3_1500_00675.avi,0,1500,-1.6481,0,NO.
21,random,-0.25,data/videos_v3/int_10000ms/v3_10000_01126.avi,0,10000,-2.4202,0,NO.
21,random,-0.25,data/videos_v3/int_1500ms/v3_1500_00617.avi,0,1500,-1.2615,0,NO.
21,random,-0.25,data/videos_v3/int_3000ms/v3_3000_00885.avi,1,3000,-2.5789,0,NO.
21,random,-0.25,data/videos_v3/int_5000ms/v3_5000_00935.avi,0,5000,-3.8028,0,NO.
21,random,-0.25,data/videos_v3/int_3000ms/v3_3000_00871.avi,1,3000,-2.2762,0,NO.
21,random,-0.25,data/videos_v3/int_1000ms/v3_1000_00598.avi,0,1000,-1.5119,0,NO.
21,random,-0.25,data/videos_v3/int_1500ms/v3_1500_00631.avi,1,1500,-3.0419,0,NO.
21,random,-0.25,data/videos_v3/int_5000ms/v3_5000_00968.avi,0,5000,-1.2531,0,NO.
21,random,-0.25,data/videos_v3/int_3000ms/v3_3000_00878.avi,0,3000,-1.7732,0,NO.
21,random,-0.25,data/videos_v3/int_1000ms/v3_1000_00551.avi,0,1000,-4.805,0,NO.
21,random,-0.25,data/videos_v3/int_1000ms/v3_1000_00548.avi,1,1000,-2.4269,0,NO.
21,random,-0.25,data/videos_v3/int_1000ms/v3_1000_00509.avi,0,1000,-1.124,0,NO.
21,random,-0.25,data/videos_v3/int_200ms/v3_200_00254.avi,1,200,-1.515,0,NO.
21,random,-0.25,data/videos_v3/int_200ms/v3_200_00226.avi,0,200,-3.6485,0,NO.
21,random,-0.25,data/videos_v3/int_200ms/v3_200_00261.avi,1,200,-2.637,0,NO.
21,random,-0.25,data/videos_v3/int_2000ms/v3_2000_00743.avi,1,2000,-1.6609,0,NO.
21,random,-0.25,data/videos_v3/int_7000ms/v3_7000_01031.avi,1,7000,0.1014,1,YES.
21,random,-0.25,data/videos_v3/int_67ms/v3_67_00074.avi,1,67,-2.2213,0,NO.
21,random,-0.25,data/videos_v3/int_10000ms/v3_10000_01171.avi,0,10000,-2.3743,0,NO.
21,random,-0.25,data/videos_v3/int_100ms/v3_100_00127.avi,0,100,-1.9992,0,NO.
21,random,-0.25,data/videos_v3/int_100ms/v3_100_00137.avi,1,100,-1.1242,0,NO.
21,random,-0.25,data/videos_v3/int_67ms/v3_67_00095.avi,1,67,-2.5577,0,NO.
21,random,-0.25,data/videos_v3/int_1500ms/v3_1500_00659.avi,1,1500,-0.515,0,NO.
21,random,-0.25,data/videos_v3/int_333ms/v3_333_00344.avi,0,333,-2.1609,0,NO.
21,random,-0.25,data/videos_v3/int_2000ms/v3_2000_00746.avi,1,2000,-1.1749,0,NO.
21,random,-0.25,data/videos_v3/int_200ms/v3_200_00294.avi,1,200,-1.0356,0,NO.
21,random,-0.25,data/videos_v3/int_3000ms/v3_3000_00854.avi,0,3000,-2.4011,0,NO.
21,random,-0.25,data/videos_v3/int_5000ms/v3_5000_00955.avi,0,5000,-2.4008,0,NO.
21,random,-0.25,data/videos_v3/int_7000ms/v3_7000_01036.avi,0,7000,-2.2758,0,NO.
21,random,-0.25,data/videos_v3/int_333ms/v3_333_00352.avi,0,333,-2.4995,0,NO.
21,random,-0.25,data/videos_v3/int_7000ms/v3_7000_01010.avi,0,7000,-3.4418,0,NO.
21,random,-0.25,data/videos_v3/int_1500ms/v3_1500_00624.avi,1,1500,-3.9095,0,NO.
21,random,-0.25,data/videos_v3/int_10000ms/v3_10000_01101.avi,1,10000,-2.2736,0,NO.
21,random,-0.25,data/videos_v3/int_500ms/v3_500_00439.avi,0,500,-3.5361,0,NO.
21,random,0.25,data/videos_v3/int_5000ms/v3_5000_00960.avi,1,5000,-0.4465,0,NO.
21,random,0.25,data/videos_v3/int_500ms/v3_500_00401.avi,0,500,-2.9118,0,NO.
21,random,0.25,data/videos_v3/int_500ms/v3_500_00417.avi,0,500,-1.5363,0,NO.
21,random,0.25,data/videos_v3/int_333ms/v3_333_00354.avi,0,333,-1.8504,0,NO.
21,random,0.25,data/videos_v3/int_2000ms/v3_2000_00717.avi,1,2000,-2.3551,0,NO.
21,random,0.25,data/videos_v3/int_2000ms/v3_2000_00789.avi,0,2000,-0.4754,0,NO.
21,random,0.25,data/videos_v3/int_10000ms/v3_10000_01184.avi,0,10000,-2.2355,0,NO.
21,random,0.25,data/videos_v3/int_7000ms/v3_7000_01090.avi,1,7000,-0.9699,0,NO.
21,random,0.25,data/videos_v3/int_1500ms/v3_1500_00634.avi,0,1500,-0.9993,0,NO.
21,random,0.25,data/videos_v3/int_500ms/v3_500_00459.avi,1,500,-0.6987,0,NO.
21,random,0.25,data/videos_v3/int_7000ms/v3_7000_01058.avi,0,7000,-2.3375,0,NO.
21,random,0.25,data/videos_v3/int_3000ms/v3_3000_00860.avi,1,3000,-2.1443,0,NO.
21,random,0.25,data/videos_v3/int_2000ms/v3_2000_00708.avi,0,2000,-1.3744,0,NO.
21,random,0.25,data/videos_v3/int_2000ms/v3_2000_00773.avi,0,2000,-2.9159,0,NO.
21,random,0.25,data/videos_v3/int_1000ms/v3_1000_00525.avi,1,1000,-1.5212,0,NO.
21,random,0.25,data/videos_v3/int_1000ms/v3_1000_00558.avi,1,1000,-3.0139,0,NO.
21,random,0.25,data/videos_v3/int_200ms/v3_200_00242.avi,0,200,-2.5289,0,NO.
21,random,0.25,data/videos_v3/int_333ms/v3_333_00396.avi,1,333,-2.4997,0,NO.
21,random,0.25,data/videos_v3/int_1500ms/v3_1500_00641.avi,1,1500,-0.9753,0,NO.
21,random,0.25,data/videos_v3/int_1000ms/v3_1000_00576.avi,0,1000,-2.1247,0,NO.
21,random,0.25,data/videos_v3/int_10000ms/v3_10000_01192.avi,0,10000,-1.3448,0,NO.
21,random,0.25,data/videos_v3/int_5000ms/v3_5000_00951.avi,0,5000,-1.8374,0,NO.
21,random,0.25,data/videos_v3/int_7000ms/v3_7000_01060.avi,0,7000,-1.8744,0,NO.
21,random,0.25,data/videos_v3/int_1000ms/v3_1000_00518.avi,0,1000,-1.7253,0,NO.
21,random,0.25,data/videos_v3/int_10000ms/v3_10000_01140.avi,0,10000,-0.7493,0,NO.
21,random,0.25,data/videos_v3/int_2000ms/v3_2000_00706.avi,0,2000,-2.7831,0,NO.
21,random,0.25,data/videos_v3/int_100ms/v3_100_00125.avi,0,100,-0.8527,0,NO.
21,random,0.25,data/videos_v3/int_1500ms/v3_1500_00670.avi,1,1500,-0.5629,0,NO.
21,random,0.25,data/videos_v3/int_100ms/v3_100_00149.avi,0,100,-1.7201,0,NO.
21,random,0.25,data/videos_v3/int_3000ms/v3_3000_00849.avi,0,3000,-2.5585,0,NO.
21,random,0.25,data/videos_v3/int_2000ms/v3_2000_00795.avi,1,2000,-2.3747,0,NO.
21,random,0.25,data/videos_v3/int_333ms/v3_333_00333.avi,0,333,-2.5193,0,NO.
21,random,0.25,data/videos_v3/int_500ms/v3_500_00404.avi,1,500,-1.4437,0,NO.
21,random,0.25,data/videos_v3/int_67ms/v3_67_00059.avi,1,67,-0.4752,0,NO.
21,random,0.25,data/videos_v3/int_7000ms/v3_7000_01034.avi,1,7000,-0.9854,0,NO.
21,random,0.25,data/videos_v3/int_333ms/v3_333_00356.avi,1,333,-1.0921,0,NO.
21,random,0.25,data/videos_v3/int_5000ms/v3_5000_00932.avi,0,5000,-1.1243,0,NO.
21,random,0.25,data/videos_v3/int_5000ms/v3_5000_00966.avi,1,5000,-2.5409,0,NO.
21,random,0.25,data/videos_v3/int_1000ms/v3_1000_00584.avi,1,1000,-1.5922,0,NO.
21,random,0.25,data/videos_v3/int_333ms/v3_333_00350.avi,0,333,0.0248,0,NO.
21,random,0.25,data/videos_v3/int_3000ms/v3_3000_00813.avi,0,3000,-2.5214,0,NO.
21,random,0.25,data/videos_v3/int_1500ms/v3_1500_00663.avi,0,1500,-2.6581,0,NO.
21,random,0.25,data/videos_v3/int_7000ms/v3_7000_01098.avi,0,7000,-1.2493,0,NO.
21,random,0.25,data/videos_v3/int_200ms/v3_200_00245.avi,0,200,-2.5794,0,NO.
21,random,0.25,data/videos_v3/int_10000ms/v3_10000_01107.avi,1,10000,-0.5685,0,NO.
21,random,0.25,data/videos_v3/int_3000ms/v3_3000_00892.avi,0,3000,-2.6248,0,NO.
21,random,0.25,data/videos_v3/int_2000ms/v3_2000_00771.avi,0,2000,-1.3745,0,NO.
21,random,0.25,data/videos_v3/int_2000ms/v3_2000_00767.avi,0,2000,-1.901,0,NO.
21,random,0.25,data/videos_v3/int_200ms/v3_200_00283.avi,1,200,-0.5975,0,NO.
21,random,0.25,data/videos_v3/int_200ms/v3_200_00224.avi,1,200,-0.712,0,NO.
21,random,0.25,data/videos_v3/int_2000ms/v3_2000_00790.avi,1,2000,-1.5951,0,NO.
21,random,0.25,data/videos_v3/int_10000ms/v3_10000_01173.avi,1,10000,0.1765,1,YES.
21,random,0.25,data/videos_v3/int_500ms/v3_500_00440.avi,1,500,-1.3743,0,NO.
21,random,0.25,data/videos_v3/int_500ms/v3_500_00494.avi,0,500,-1.8745,0,NO.
21,random,0.25,data/videos_v3/int_2000ms/v3_2000_00719.avi,1,2000,-1.8746,0,NO.
21,random,0.25,data/videos_v3/int_3000ms/v3_3000_00867.avi,0,3000,-1.4038,0,NO.
21,random,0.25,data/videos_v3/int_500ms/v3_500_00468.avi,0,500,-1.8986,0,NO.
21,random,0.25,data/videos_v3/int_7000ms/v3_7000_01052.avi,1,7000,-0.6932,0,NO.
21,random,0.25,data/videos_v3/int_10000ms/v3_10000_01120.avi,0,10000,-2.2497,0,NO.
21,random,0.25,data/videos_v3/int_10000ms/v3_10000_01146.avi,1,10000,-0.8549,0,NO.
21,random,0.25,data/videos_v3/int_67ms/v3_67_00038.avi,1,67,-0.4778,0,NO.
21,random,0.25,data/videos_v3/int_2000ms/v3_2000_00762.avi,0,2000,-1.607,0,NO.
21,random,0.25,data/videos_v3/int_10000ms/v3_10000_01112.avi,1,10000,-0.4404,0,NO.
21,random,0.25,data/videos_v3/int_7000ms/v3_7000_01044.avi,0,7000,-0.3329,0,NO.
21,random,0.25,data/videos_v3/int_200ms/v3_200_00270.avi,1,200,-1.6069,0,NO.
21,random,0.25,data/videos_v3/int_10000ms/v3_10000_01156.avi,1,10000,-1.3922,0,NO.
21,random,0.25,data/videos_v3/int_333ms/v3_333_00301.avi,0,333,-1.3506,0,NO.
21,random,0.25,data/videos_v3/int_2000ms/v3_2000_00733.avi,1,2000,-2.7764,0,NO.
21,random,0.25,data/videos_v3/int_10000ms/v3_10000_01151.avi,0,10000,-2.6835,0,NO.
21,random,0.25,data/videos_v3/int_2000ms/v3_2000_00774.avi,0,2000,-2.541,0,NO.
21,random,0.25,data/videos_v3/int_10000ms/v3_10000_01134.avi,0,10000,-1.2759,0,NO.
21,random,0.25,data/videos_v3/int_5000ms/v3_5000_00913.avi,0,5000,-1.1986,0,NO.
21,random,0.25,data/videos_v3/int_500ms/v3_500_00465.avi,0,500,-3.3749,0,NO.
21,random,0.25,data/videos_v3/int_1500ms/v3_1500_00601.avi,1,1500,-3.9047,0,NO.
21,random,0.25,data/videos_v3/int_200ms/v3_200_00231.avi,0,200,-2.105,0,NO.
21,random,0.25,data/videos_v3/int_500ms/v3_500_00407.avi,1,500,0.0339,1,YES.
21,random,0.25,data/videos_v3/int_10000ms/v3_10000_01147.avi,1,10000,-0.3373,0,NO.
21,random,0.25,data/videos_v3/int_500ms/v3_500_00469.avi,0,500,-2.3746,0,NO.
21,random,0.25,data/videos_v3/int_500ms/v3_500_00479.avi,1,500,-1.0628,0,NO.
21,random,0.25,data/videos_v3/int_333ms/v3_333_00311.avi,0,333,-0.9992,0,NO.
21,random,0.25,data/videos_v3/int_3000ms/v3_3000_00822.avi,1,3000,-2.7692,0,NO.
21,random,0.25,data/videos_v3/int_1500ms/v3_1500_00642.avi,0,1500,-2.0213,0,NO.
21,random,0.25,data/videos_v3/int_3000ms/v3_3000_00847.avi,0,3000,-2.3747,0,NO.
21,random,0.25,data/videos_v3/int_100ms/v3_100_00176.avi,0,100,-3.4046,0,NO.
21,random,0.25,data/videos_v3/int_7000ms/v3_7000_01042.avi,0,7000,-2.1246,0,NO.
21,random,0.25,data/videos_v3/int_333ms/v3_333_00382.avi,1,333,-1.3744,0,NO.
21,random,0.25,data/videos_v3/int_7000ms/v3_7000_01063.avi,0,7000,-1.4994,0,NO.
21,random,0.25,data/videos_v3/int_10000ms/v3_10000_01178.avi,1,10000,0.6431,1,YES.
21,random,0.25,data/videos_v3/int_67ms/v3_67_00068.avi,0,67,-1.3742,0,NO.
21,random,0.25,data/videos_v3/int_1500ms/v3_1500_00616.avi,0,1500,-1.4536,0,NO.
21,random,0.25,data/videos_v3/int_200ms/v3_200_00200.avi,0,200,-1.7761,0,NO.
21,random,0.25,data/videos_v3/int_2000ms/v3_2000_00791.avi,0,2000,-1.7762,0,NO.
21,random,0.25,data/videos_v3/int_1500ms/v3_1500_00695.avi,0,1500,-1.8746,0,NO.
21,random,0.25,data/videos_v3/int_500ms/v3_500_00415.avi,1,500,-0.3004,0,NO.
21,random,0.25,data/videos_v3/int_10000ms/v3_10000_01194.avi,1,10000,-0.1242,0,NO.
21,random,0.25,data/videos_v3/int_500ms/v3_500_00403.avi,1,500,-1.9779,0,NO.
21,random,0.25,data/videos_v3/int_2000ms/v3_2000_00752.avi,0,2000,-3.2973,0,NO.
21,random,0.25,data/videos_v3/int_10000ms/v3_10000_01165.avi,0,10000,-1.6244,0,NO.
21,random,0.25,data/videos_v3/int_500ms/v3_500_00464.avi,1,500,-0.4582,0,NO.
21,random,0.25,data/videos_v3/int_500ms/v3_500_00492.avi,0,500,-2.151,0,NO.
21,random,0.25,data/videos_v3/int_5000ms/v3_5000_00928.avi,0,5000,-2.8905,0,NO.
21,random,0.25,data/videos_v3/int_500ms/v3_500_00487.avi,0,500,-2.6487,0,NO.
21,random,0.25,data/videos_v3/int_1000ms/v3_1000_00553.avi,0,1000,-1.6002,0,NO.
21,random,0.25,data/videos_v3/int_7000ms/v3_7000_01000.avi,1,7000,-1.7299,0,NO.
21,random,0.25,data/videos_v3/int_1500ms/v3_1500_00612.avi,0,1500,-2.1618,0,NO.
21,random,0.25,data/videos_v3/int_10000ms/v3_10000_01127.avi,1,10000,-1.8746,0,NO.
21,random,0.25,data/videos_v3/int_5000ms/v3_5000_00999.avi,0,5000,-2.3747,0,NO.
21,random,0.25,data/videos_v3/int_7000ms/v3_7000_01069.avi,1,7000,-1.9488,0,NO.
21,random,0.25,data/videos_v3/int_10000ms/v3_10000_01167.avi,0,10000,-1.2494,0,NO.
21,random,0.25,data/videos_v3/int_7000ms/v3_7000_01019.avi,0,7000,-1.732,0,NO.
21,random,0.25,data/videos_v3/int_2000ms/v3_2000_00779.avi,0,2000,-2.1899,0,NO.
21,random,0.25,data/videos_v3/int_1500ms/v3_1500_00647.avi,1,1500,-1.4778,0,NO.
21,random,0.25,data/videos_v3/int_5000ms/v3_5000_00905.avi,1,5000,-1.3475,0,NO.
21,random,0.25,data/videos_v3/int_1000ms/v3_1000_00586.avi,1,1000,-1.3503,0,NO.
21,random,0.25,data/videos_v3/int_2000ms/v3_2000_00713.avi,0,2000,-2.5454,0,NO.
21,random,0.25,data/videos_v3/int_1500ms/v3_1500_00644.avi,1,1500,-1.0259,0,NO.
21,random,0.25,data/videos_v3/int_10000ms/v3_10000_01181.avi,0,10000,-1.4991,0,NO.
21,random,0.25,data/videos_v3/int_3000ms/v3_3000_00873.avi,0,3000,-0.8742,0,NO.
21,random,0.25,data/videos_v3/int_7000ms/v3_7000_01074.avi,0,7000,-0.2226,0,NO.
21,random,0.25,data/videos_v3/int_1000ms/v3_1000_00535.avi,0,1000,-2.6106,0,NO.
21,random,0.25,data/videos_v3/int_3000ms/v3_3000_00829.avi,0,3000,-1.9996,0,NO.
21,random,0.25,data/videos_v3/int_3000ms/v3_3000_00823.avi,1,3000,-0.7496,0,NO.
21,random,0.25,data/videos_v3/int_10000ms/v3_10000_01191.avi,0,10000,-0.9991,0,NO.
21,random,0.25,data/videos_v3/int_1500ms/v3_1500_00618.avi,1,1500,-3.0139,0,NO.
21,random,0.25,data/videos_v3/int_333ms/v3_333_00394.avi,0,333,-1.9995,0,NO.
21,random,0.25,data/videos_v3/int_2000ms/v3_2000_00701.avi,1,2000,-2.1247,0,NO.
21,random,0.25,data/videos_v3/int_1500ms/v3_1500_00681.avi,1,1500,-2.3747,0,NO.
21,random,0.25,data/videos_v3/int_5000ms/v3_5000_00983.avi,0,5000,-1.475,0,NO.
21,random,0.25,data/videos_v3/int_333ms/v3_333_00388.avi,1,333,-3.2655,0,NO.
21,random,0.25,data/videos_v3/int_1500ms/v3_1500_00669.avi,1,1500,-1.0951,0,NO.
21,random,0.25,data/videos_v3/int_2000ms/v3_2000_00755.avi,1,2000,-2.2496,0,NO.
21,random,0.25,data/videos_v3/int_1000ms/v3_1000_00566.avi,1,1000,-1.161,0,NO.
21,random,0.25,data/videos_v3/int_1000ms/v3_1000_00561.avi,1,1000,-1.0737,0,NO.
21,random,0.25,data/videos_v3/int_1500ms/v3_1500_00674.avi,1,1500,-0.6027,0,NO.
21,random,0.25,data/videos_v3/int_1000ms/v3_1000_00581.avi,1,1000,-1.4991,0,NO.
21,random,0.25,data/videos_v3/int_5000ms/v3_5000_00908.avi,1,5000,-0.6244,0,NO.
21,random,0.25,data/videos_v3/int_200ms/v3_200_00279.avi,1,200,-0.9775,0,NO.
21,random,0.25,data/videos_v3/int_100ms/v3_100_00133.avi,1,100,0.0376,1,YES.
21,random,0.25,data/videos_v3/int_1500ms/v3_1500_00666.avi,0,1500,-0.4668,0,NO.
21,random,0.25,data/videos_v3/int_5000ms/v3_5000_00980.avi,0,5000,-0.4797,0,NO.
21,random,0.25,data/videos_v3/int_3000ms/v3_3000_00833.avi,0,3000,-2.7694,0,NO.
21,random,0.25,data/videos_v3/int_333ms/v3_333_00336.avi,0,333,-1.2784,0,NO.
21,random,0.25,data/videos_v3/int_333ms/v3_333_00329.avi,1,333,-1.9779,0,NO.
21,random,0.25,data/videos_v3/int_500ms/v3_500_00491.avi,1,500,-0.7171,0,NO.
21,random,0.25,data/videos_v3/int_10000ms/v3_10000_01125.avi,0,10000,-2.0288,0,NO.
21,random,0.25,data/videos_v3/int_1000ms/v3_1000_00595.avi,0,1000,-0.4726,0,NO.
21,random,0.25,data/videos_v3/int_2000ms/v3_2000_00778.avi,0,2000,-1.4434,0,NO.
21,random,0.25,data/videos_v3/int_10000ms/v3_10000_01130.avi,0,10000,-2.2671,0,NO.
21,random,0.25,data/videos_v3/int_200ms/v3_200_00223.avi,1,200,-1.7712,0,NO.
21,random,0.25,data/videos_v3/int_5000ms/v3_5000_00921.avi,0,5000,-2.1442,0,NO.
21,random,0.25,data/videos_v3/int_7000ms/v3_7000_01012.avi,1,7000,-1.2298,0,NO.
21,random,0.25,data/videos_v3/int_10000ms/v3_10000_01108.avi,1,10000,-0.5627,0,NO.
21,random,0.25,data/videos_v3/int_100ms/v3_100_00188.avi,1,100,-2.3747,0,NO.
21,random,0.25,data/videos_v3/int_7000ms/v3_7000_01097.avi,0,7000,-1.9754,0,NO.
21,random,0.25,data/videos_v3/int_1500ms/v3_1500_00677.avi,1,1500,-0.1907,0,NO.
21,random,0.25,data/videos_v3/int_333ms/v3_333_00379.avi,1,333,-1.3744,0,NO.
21,random,0.25,data/videos_v3/int_1000ms/v3_1000_00560.avi,1,1000,-2.2788,0,NO.
21,random,0.25,data/videos_v3/int_2000ms/v3_2000_00716.avi,1,2000,-2.0262,0,NO.
21,random,0.25,data/videos_v3/int_1000ms/v3_1000_00554.avi,0,1000,-0.5736,0,NO.
21,random,0.25,data/videos_v3/int_200ms/v3_200_00268.avi,0,200,-1.5952,0,NO.
21,random,0.25,data/videos_v3/int_1000ms/v3_1000_00529.avi,0,1000,-1.6069,0,NO.
21,random,0.25,data/videos_v3/int_3000ms/v3_3000_00879.avi,0,3000,-2.2737,0,NO.
21,random,0.25,data/videos_v3/int_2000ms/v3_2000_00777.avi,1,2000,-1.3743,0,NO.
21,random,0.25,data/videos_v3/int_1000ms/v3_1000_00545.avi,0,1000,-2.6245,0,NO.
21,random,0.25,data/videos_v3/int_1000ms/v3_1000_00520.avi,0,1000,-2.6247,0,NO.
21,random,0.25,data/videos_v3/int_1500ms/v3_1500_00675.avi,0,1500,-1.4754,0,NO.
21,random,0.25,data/videos_v3/int_10000ms/v3_10000_01126.avi,0,10000,-2.1443,0,NO.
21,random,0.25,data/videos_v3/int_1500ms/v3_1500_00617.avi,0,1500,-1.0684,0,NO.
21,random,0.25,data/videos_v3/int_3000ms/v3_3000_00885.avi,1,3000,-2.1247,0,NO.
21,random,0.25,data/videos_v3/int_5000ms/v3_5000_00935.avi,0,5000,-3.3748,0,NO.
21,random,0.25,data/videos_v3/int_3000ms/v3_3000_00871.avi,1,3000,-1.8964,0,NO.
21,random,0.25,data/videos_v3/int_1000ms/v3_1000_00598.avi,0,1000,-1.309,0,NO.
21,random,0.25,data/videos_v3/int_1500ms/v3_1500_00631.avi,1,1500,-2.6704,0,NO.
21,random,0.25,data/videos_v3/int_5000ms/v3_5000_00968.avi,0,5000,-0.8742,0,NO.
21,random,0.25,data/videos_v3/int_3000ms/v3_3000_00878.avi,0,3000,-1.3745,0,NO.
21,random,0.25,data/videos_v3/int_1000ms/v3_1000_00551.avi,0,1000,-4.3749,0,NO.
21,random,0.25,data/videos_v3/int_1000ms/v3_1000_00548.avi,1,1000,-1.9997,0,NO.
21,random,0.25,data/videos_v3/int_1000ms/v3_1000_00509.avi,0,1000,-0.7226,0,NO.
21,random,0.25,data/videos_v3/int_200ms/v3_200_00254.avi,1,200,-1.2227,0,NO.
21,random,0.25,data/videos_v3/int_200ms/v3_200_00226.avi,0,200,-3.3943,0,NO.
21,random,0.25,data/videos_v3/int_200ms/v3_200_00261.avi,1,200,-2.2714,0,NO.
21,random,0.25,data/videos_v3/int_2000ms/v3_2000_00743.avi,1,2000,-1.4755,0,NO.
21,random,0.25,data/videos_v3/int_7000ms/v3_7000_01031.avi,1,7000,0.5377,1,YES.
21,random,0.25,data/videos_v3/int_67ms/v3_67_00074.avi,1,67,-1.9641,0,NO.
21,random,0.25,data/videos_v3/int_10000ms/v3_10000_01171.avi,0,10000,-2.1004,0,NO.
21,random,0.25,data/videos_v3/int_100ms/v3_100_00127.avi,0,100,-1.7253,0,NO.
21,random,0.25,data/videos_v3/int_100ms/v3_100_00137.avi,1,100,-0.8743,0,NO.
21,random,0.25,data/videos_v3/int_67ms/v3_67_00095.avi,1,67,-2.2497,0,NO.
21,random,0.25,data/videos_v3/int_1500ms/v3_1500_00659.avi,1,1500,-0.3448,0,NO.
21,random,0.25,data/videos_v3/int_333ms/v3_333_00344.avi,0,333,-1.8746,0,NO.
21,random,0.25,data/videos_v3/int_2000ms/v3_2000_00746.avi,1,2000,-0.9994,0,NO.
21,random,0.25,data/videos_v3/int_200ms/v3_200_00294.avi,1,200,-0.7226,0,NO.
21,random,0.25,data/videos_v3/int_3000ms/v3_3000_00854.avi,0,3000,-2.2497,0,NO.
21,random,0.25,data/videos_v3/int_5000ms/v3_5000_00955.avi,0,5000,-2.0234,0,NO.
21,random,0.25,data/videos_v3/int_7000ms/v3_7000_01036.avi,0,7000,-2.0978,0,NO.
21,random,0.25,data/videos_v3/int_333ms/v3_333_00352.avi,0,333,-2.151,0,NO.
21,random,0.25,data/videos_v3/int_7000ms/v3_7000_01010.avi,0,7000,-2.8875,0,NO.
21,random,0.25,data/videos_v3/int_1500ms/v3_1500_00624.avi,1,1500,-3.3906,0,NO.
21,random,0.25,data/videos_v3/int_10000ms/v3_10000_01101.avi,1,10000,-1.98,0,NO.
21,random,0.25,data/videos_v3/int_500ms/v3_500_00439.avi,0,500,-3.2909,0,NO.
21,random,0.5,data/videos_v3/int_5000ms/v3_5000_00960.avi,1,5000,-0.3745,0,NO
21,random,0.5,data/videos_v3/int_500ms/v3_500_00401.avi,0,500,-2.9761,0,NO
21,random,0.5,data/videos_v3/int_500ms/v3_500_00417.avi,0,500,-1.4609,0,NO
21,random,0.5,data/videos_v3/int_333ms/v3_333_00354.avi,0,333,-1.7788,0,NO.
21,random,0.5,data/videos_v3/int_2000ms/v3_2000_00717.avi,1,2000,-2.2125,0,NO
21,random,0.5,data/videos_v3/int_2000ms/v3_2000_00789.avi,0,2000,-0.4995,0,NO
21,random,0.5,data/videos_v3/int_10000ms/v3_10000_01184.avi,0,10000,-2.2691,0,NO
21,random,0.5,data/videos_v3/int_7000ms/v3_7000_01090.avi,1,7000,-1.089,0,NO.
21,random,0.5,data/videos_v3/int_1500ms/v3_1500_00634.avi,0,1500,-1.0412,0,NO.
21,random,0.5,data/videos_v3/int_500ms/v3_500_00459.avi,1,500,-0.8007,0,NO
21,random,0.5,data/videos_v3/int_7000ms/v3_7000_01058.avi,0,7000,-2.1487,0,NO.
21,random,0.5,data/videos_v3/int_3000ms/v3_3000_00860.avi,1,3000,-2.1116,0,NO
21,random,0.5,data/videos_v3/int_2000ms/v3_2000_00708.avi,0,2000,-1.3297,0,NO
21,random,0.5,data/videos_v3/int_2000ms/v3_2000_00773.avi,0,2000,-2.9865,0,NO
21,random,0.5,data/videos_v3/int_1000ms/v3_1000_00525.avi,1,1000,-1.3294,0,NO.
21,random,0.5,data/videos_v3/int_1000ms/v3_1000_00558.avi,1,1000,-2.8243,0,NO
21,random,0.5,data/videos_v3/int_200ms/v3_200_00242.avi,0,200,-2.5733,0,NO
21,random,0.5,data/videos_v3/int_333ms/v3_333_00396.avi,1,333,-2.4544,0,NO
21,random,0.5,data/videos_v3/int_1500ms/v3_1500_00641.avi,1,1500,-0.9066,0,NO.
21,random,0.5,data/videos_v3/int_1000ms/v3_1000_00576.avi,0,1000,-1.9335,0,NO.
21,random,0.5,data/videos_v3/int_10000ms/v3_10000_01192.avi,0,10000,-1.2844,0,NO.
21,random,0.5,data/videos_v3/int_5000ms/v3_5000_00951.avi,0,5000,-1.8972,0,NO
21,random,0.5,data/videos_v3/int_7000ms/v3_7000_01060.avi,0,7000,-1.8292,0,NO
21,random,0.5,data/videos_v3/int_1000ms/v3_1000_00518.avi,0,1000,-1.6537,0,NO.
21,random,0.5,data/videos_v3/int_10000ms/v3_10000_01140.avi,0,10000,-0.7845,0,NO
21,random,0.5,data/videos_v3/int_2000ms/v3_2000_00706.avi,0,2000,-2.6207,0,NO
21,random,0.5,data/videos_v3/int_100ms/v3_100_00125.avi,0,100,-0.7787,0,NO
21,random,0.5,data/videos_v3/int_1500ms/v3_1500_00670.avi,1,1500,-0.6244,0,NO
21,random,0.5,data/videos_v3/int_100ms/v3_100_00149.avi,0,100,-1.663,0,NO.
21,random,0.5,data/videos_v3/int_3000ms/v3_3000_00849.avi,0,3000,-2.5218,0,NO
21,random,0.5,data/videos_v3/int_2000ms/v3_2000_00795.avi,1,2000,-2.3375,0,NO
21,random,0.5,data/videos_v3/int_333ms/v3_333_00333.avi,0,333,-2.3512,0,NO.
21,random,0.5,data/videos_v3/int_500ms/v3_500_00404.avi,1,500,-1.3746,0,NO
21,random,0.5,data/videos_v3/int_67ms/v3_67_00059.avi,1,67,-0.4672,0,NO
21,random,0.5,data/videos_v3/int_7000ms/v3_7000_01034.avi,1,7000,-0.9996,0,NO
21,random,0.5,data/videos_v3/int_333ms/v3_333_00356.avi,1,333,-1.1244,0,NO.
21,random,0.5,data/videos_v3/int_5000ms/v3_5000_00932.avi,0,5000,-1.0316,0,NO.
21,random,0.5,data/videos_v3/int_5000ms/v3_5000_00966.avi,1,5000,-2.4866,0,NO
21,random,0.5,data/videos_v3/int_1000ms/v3_1000_00584.avi,1,1000,-1.5413,0,NO.
21,random,0.5,data/videos_v3/int_333ms/v3_333_00350.avi,0,333,0.0358,0,NO
21,random,0.5,data/videos_v3/int_3000ms/v3_3000_00813.avi,0,3000,-2.4978,0,NO.
21,random,0.5,data/videos_v3/int_1500ms/v3_1500_00663.avi,0,1500,-2.6012,0,NO.
21,random,0.5,data/videos_v3/int_7000ms/v3_7000_01098.avi,0,7000,-1.2816,0,NO
21,random,0.5,data/videos_v3/int_200ms/v3_200_00245.avi,0,200,-2.6764,0,NO
21,random,0.5,data/videos_v3/int_10000ms/v3_10000_01107.avi,1,10000,-0.5891,0,NO.
21,random,0.5,data/videos_v3/int_3000ms/v3_3000_00892.avi,0,3000,-2.4493,0,NO
21,random,0.5,data/videos_v3/int_2000ms/v3_2000_00771.avi,0,2000,-1.3231,0,NO
21,random,0.5,data/videos_v3/int_2000ms/v3_2000_00767.avi,0,2000,-1.9104,0,NO
21,random,0.5,data/videos_v3/int_200ms/v3_200_00283.avi,1,200,-0.589,0,NO.
21,random,0.5,data/videos_v3/int_200ms/v3_200_00224.avi,1,200,-0.7492,0,NO
21,random,0.5,data/videos_v3/int_2000ms/v3_2000_00790.avi,1,2000,-1.6243,0,NO
21,random,0.5,data/videos_v3/int_10000ms/v3_10000_01173.avi,1,10000,0.286,1,YES.
21,random,0.5,data/videos_v3/int_500ms/v3_500_00440.avi,1,500,-1.3053,0,NO
21,random,0.5,data/videos_v3/int_500ms/v3_500_00494.avi,0,500,-1.8109,0,NO.
21,random,0.5,data/videos_v3/int_2000ms/v3_2000_00719.avi,1,2000,-1.692,0,NO
21,random,0.5,data/videos_v3/int_3000ms/v3_3000_00867.avi,0,3000,-1.2855,0,NO
21,random,0.5,data/videos_v3/int_500ms/v3_500_00468.avi,0,500,-1.9711,0,NO
21,random,0.5,data/videos_v3/int_7000ms/v3_7000_01052.avi,1,7000,-0.8355,0,NO
21,random,0.5,data/videos_v3/int_10000ms/v3_10000_01120.avi,0,10000,-2.2045,0,NO.
21,random,0.5,data/videos_v3/int_10000ms/v3_10000_01146.avi,1,10000,-0.7761,0,NO
21,random,0.5,data/videos_v3/int_67ms/v3_67_00038.avi,1,67,-0.3746,0,NO
21,random,0.5,data/videos_v3/int_2000ms/v3_2000_00762.avi,0,2000,-1.5236,0,NO.
21,random,0.5,data/videos_v3/int_10000ms/v3_10000_01112.avi,1,10000,-0.3477,0,NO
21,random,0.5,data/videos_v3/int_7000ms/v3_7000_01044.avi,0,7000,-0.2493,0,NO
21,random,0.5,data/videos_v3/int_200ms/v3_200_00270.avi,1,200,-1.4996,0,NO.
21,random,0.5,data/videos_v3/int_10000ms/v3_10000_01156.avi,1,10000,-1.5502,0,NO
21,random,0.5,data/videos_v3/int_333ms/v3_333_00301.avi,0,333,-1.192,0,NO.
21,random,0.5,data/videos_v3/int_2000ms/v3_2000_00733.avi,1,2000,-2.8242,0,NO
21,random,0.5,data/videos_v3/int_10000ms/v3_10000_01151.avi,0,10000,-2.6207,0,NO
21,random,0.5,data/videos_v3/int_2000ms/v3_2000_00774.avi,0,2000,-2.3833,0,NO
21,random,0.5,data/videos_v3/int_10000ms/v3_10000_01134.avi,0,10000,-1.3553,0,NO
21,random,0.5,data/videos_v3/int_5000ms/v3_5000_00913.avi,0,5000,-1.0607,0,NO.
21,random,0.5,data/videos_v3/int_500ms/v3_500_00465.avi,0,500,-3.1918,0,NO.
21,random,0.5,data/videos_v3/int_1500ms/v3_1500_00601.avi,1,1500,-3.7134,0,NO
21,random,0.5,data/videos_v3/int_200ms/v3_200_00231.avi,0,200,-2.0981,0,NO
21,random,0.5,data/videos_v3/int_500ms/v3_500_00407.avi,1,500,-0.0787,0,NO
21,random,0.5,data/videos_v3/int_10000ms/v3_10000_01147.avi,1,10000,-0.3452,0,NO
21,random,0.5,data/videos_v3/int_500ms/v3_500_00469.avi,0,500,-2.2862,0,NO
21,random,0.5,data/videos_v3/int_500ms/v3_500_00479.avi,1,500,-0.9609,0,NO
21,random,0.5,data/videos_v3/int_333ms/v3_333_00311.avi,0,333,-1.0344,0,NO
21,random,0.5,data/videos_v3/int_3000ms/v3_3000_00822.avi,1,3000,-2.5278,0,NO
21,random,0.5,data/videos_v3/int_1500ms/v3_1500_00642.avi,0,1500,-2.0554,0,NO.
21,random,0.5,data/videos_v3/int_3000ms/v3_3000_00847.avi,0,3000,-2.2045,0,NO.
21,random,0.5,data/videos_v3/int_100ms/v3_100_00176.avi,0,100,-3.3384,0,NO
21,random,0.5,data/videos_v3/int_7000ms/v3_7000_01042.avi,0,7000,-1.9469,0,NO
21,random,0.5,data/videos_v3/int_333ms/v3_333_00382.avi,1,333,-1.4302,0,NO
21,random,0.5,data/videos_v3/int_7000ms/v3_7000_01063.avi,0,7000,-1.4037,0,NO
21,random,0.5,data/videos_v3/int_10000ms/v3_10000_01178.avi,1,10000,0.4261,1,YES.
21,random,0.5,data/videos_v3/int_67ms/v3_67_00068.avi,0,67,-1.3296,0,NO
21,random,0.5,data/videos_v3/int_1500ms/v3_1500_00616.avi,0,1500,-1.4702,0,NO
21,random,0.5,data/videos_v3/int_200ms/v3_200_00200.avi,0,200,-1.7212,0,NO
21,random,0.5,data/videos_v3/int_2000ms/v3_2000_00791.avi,0,2000,-1.7723,0,NO
21,random,0.5,data/videos_v3/int_1500ms/v3_1500_00695.avi,0,1500,-1.7401,0,NO.
21,random,0.5,data/videos_v3/int_500ms/v3_500_00415.avi,1,500,-0.3323,0,NO
21,random,0.5,data/videos_v3/int_10000ms/v3_10000_01194.avi,1,10000,-0.2493,0,NO
21,random,0.5,data/videos_v3/int_500ms/v3_500_00403.avi,1,500,-2.0261,0,NO.
21,random,0.5,data/videos_v3/int_2000ms/v3_2000_00752.avi,0,2000,-3.2791,0,NO
21,random,0.5,data/videos_v3/int_10000ms/v3_10000_01165.avi,0,10000,-1.5552,0,NO
21,random,0.5,data/videos_v3/int_500ms/v3_500_00464.avi,1,500,-0.473,0,NO
21,random,0.5,data/videos_v3/int_500ms/v3_500_00492.avi,0,500,-2.0961,0,NO
21,random,0.5,data/videos_v3/int_5000ms/v3_5000_00928.avi,0,5000,-2.822,0,NO.
21,random,0.5,data/videos_v3/int_500ms/v3_500_00487.avi,0,500,-2.6347,0,NO.
21,random,0.5,data/videos_v3/int_1000ms/v3_1000_00553.avi,0,1000,-1.5259,0,NO.
21,random,0.5,data/videos_v3/int_7000ms/v3_7000_01000.avi,1,7000,-1.6751,0,NO.
21,random,0.5,data/videos_v3/int_1500ms/v3_1500_00612.avi,0,1500,-2.1117,0,NO.
21,random,0.5,data/videos_v3/int_10000ms/v3_10000_01127.avi,1,10000,-1.8002,0,NO
21,random,0.5,data/videos_v3/int_5000ms/v3_5000_00999.avi,0,5000,-2.3055,0,NO.
21,random,0.5,data/videos_v3/int_7000ms/v3_7000_01069.avi,1,7000,-1.8744,0,NO
21,random,0.5,data/videos_v3/int_10000ms/v3_10000_01167.avi,0,10000,-1.1803,0,NO
21,random,0.5,data/videos_v3/int_7000ms/v3_7000_01019.avi,0,7000,-1.6703,0,NO.
21,random,0.5,data/videos_v3/int_2000ms/v3_2000_00779.avi,0,2000,-2.1613,0,NO
21,random,0.5,data/videos_v3/int_1500ms/v3_1500_00647.avi,1,1500,-1.4703,0,NO.
21,random,0.5,data/videos_v3/int_5000ms/v3_5000_00905.avi,1,5000,-1.4639,0,NO.
21,random,0.5,data/videos_v3/int_1000ms/v3_1000_00586.avi,1,1000,-1.3744,0,NO
21,random,0.5,data/videos_v3/int_2000ms/v3_2000_00713.avi,0,2000,-2.3319,0,NO
21,random,0.5,data/videos_v3/int_1500ms/v3_1500_00644.avi,1,1500,-1.0347,0,NO
21,random,0.5,data/videos_v3/int_10000ms/v3_10000_01181.avi,0,10000,-1.5344,0,NO.
21,random,0.5,data/videos_v3/int_3000ms/v3_3000_00873.avi,0,3000,-0.9064,0,NO
21,random,0.5,data/videos_v3/int_7000ms/v3_7000_01074.avi,0,7000,-0.2493,0,NO
21,random,0.5,data/videos_v3/int_1000ms/v3_1000_00535.avi,0,1000,-2.4159,0,NO
21,random,0.5,data/videos_v3/int_3000ms/v3_3000_00829.avi,0,3000,-1.9252,0,NO
21,random,0.5,data/videos_v3/int_3000ms/v3_3000_00823.avi,1,3000,-0.7881,0,NO
21,random,0.5,data/videos_v3/int_10000ms/v3_10000_01191.avi,0,10000,-0.9992,0,NO.
21,random,0.5,data/videos_v3/int_1500ms/v3_1500_00618.avi,1,1500,-2.8325,0,NO
21,random,0.5,data/videos_v3/int_333ms/v3_333_00394.avi,0,333,-1.8233,0,NO.
21,random,0.5,data/videos_v3/int_2000ms/v3_2000_00701.avi,1,2000,-2.0795,0,NO
21,random,0.5,data/videos_v3/int_1500ms/v3_1500_00681.avi,1,1500,-2.3054,0,NO.
21,random,0.5,data/videos_v3/int_5000ms/v3_5000_00983.avi,0,5000,-1.4992,0,NO
21,random,0.5,data/videos_v3/int_333ms/v3_333_00388.avi,1,333,-3.3325,0,NO
21,random,0.5,data/videos_v3/int_1500ms/v3_1500_00669.avi,1,1500,-1.0798,0,NO.
21,random,0.5,data/videos_v3/int_2000ms/v3_2000_00755.avi,1,2000,-2.1346,0,NO
21,random,0.5,data/videos_v3/int_1000ms/v3_1000_00566.avi,1,1000,-0.9991,0,NO.
21,random,0.5,data/videos_v3/int_1000ms/v3_1000_00561.avi,1,1000,-1.0922,0,NO
21,random,0.5,data/videos_v3/int_1500ms/v3_1500_00674.avi,1,1500,-0.7202,0,NO.
21,random,0.5,data/videos_v3/int_1000ms/v3_1000_00581.avi,1,1000,-1.5285,0,NO
21,random,0.5,data/videos_v3/int_5000ms/v3_5000_00908.avi,1,5000,-0.5261,0,NO.
21,random,0.5,data/videos_v3/int_200ms/v3_200_00279.avi,1,200,-0.9008,0,NO.
21,random,0.5,data/videos_v3/int_100ms/v3_100_00133.avi,1,100,0.0244,1,YES
21,random,0.5,data/videos_v3/int_1500ms/v3_1500_00666.avi,0,1500,-0.5822,0,NO
21,random,0.5,data/videos_v3/int_5000ms/v3_5000_00980.avi,0,5000,-0.3744,0,NO
21,random,0.5,data/videos_v3/int_3000ms/v3_3000_00833.avi,0,3000,-2.6334,0,NO.
21,random,0.5,data/videos_v3/int_333ms/v3_333_00336.avi,0,333,-1.198,0,NO
21,random,0.5,data/videos_v3/int_333ms/v3_333_00329.avi,1,333,-1.9304,0,NO.
21,random,0.5,data/videos_v3/int_500ms/v3_500_00491.avi,1,500,-0.7493,0,NO.
21,random,0.5,data/videos_v3/int_10000ms/v3_10000_01125.avi,0,10000,-2.115,0,NO
21,random,0.5,data/videos_v3/int_1000ms/v3_1000_00595.avi,0,1000,-0.4993,0,NO.
21,random,0.5,data/videos_v3/int_2000ms/v3_2000_00778.avi,0,2000,-1.3743,0,NO
21,random,0.5,data/videos_v3/int_10000ms/v3_10000_01130.avi,0,10000,-2.1898,0,NO
21,random,0.5,data/videos_v3/int_200ms/v3_200_00223.avi,1,200,-1.9359,0,NO
21,random,0.5,data/videos_v3/int_5000ms/v3_5000_00921.avi,0,5000,-2.0794,0,NO.
21,random,0.5,data/videos_v3/int_7000ms/v3_7000_01012.avi,1,7000,-1.2494,0,NO.
21,random,0.5,data/videos_v3/int_10000ms/v3_10000_01108.avi,1,10000,-0.4993,0,NO
21,random,0.5,data/videos_v3/int_100ms/v3_100_00188.avi,1,100,-2.2867,0,NO
21,random,0.5,data/videos_v3/int_7000ms/v3_7000_01097.avi,0,7000,-1.8109,0,NO.
21,random,0.5,data/videos_v3/int_1500ms/v3_1500_00677.avi,1,1500,-0.199,0,NO.
21,random,0.5,data/videos_v3/int_333ms/v3_333_00379.avi,1,333,-1.4994,0,NO
21,random,0.5,data/videos_v3/int_1000ms/v3_1000_00560.avi,1,1000,-2.2304,0,NO.
21,random,0.5,data/videos_v3/int_2000ms/v3_2000_00716.avi,1,2000,-2.0097,0,NO
21,random,0.5,data/videos_v3/int_1000ms/v3_1000_00554.avi,0,1000,-0.5951,0,NO
21,random,0.5,data/videos_v3/int_200ms/v3_200_00268.avi,0,200,-1.6246,0,NO
21,random,0.5,data/videos_v3/int_1000ms/v3_1000_00529.avi,0,1000,-1.5212,0,NO
21,random,0.5,data/videos_v3/int_3000ms/v3_3000_00879.avi,0,3000,-2.1229,0,NO.
21,random,0.5,data/videos_v3/int_2000ms/v3_2000_00777.avi,1,2000,-1.2878,0,NO.
21,random,0.5,data/videos_v3/int_1000ms/v3_1000_00545.avi,0,1000,-2.5609,0,NO.
21,random,0.5,data/videos_v3/int_1000ms/v3_1000_00520.avi,0,1000,-2.4762,0,NO
21,random,0.5,data/videos_v3/int_1500ms/v3_1500_00675.avi,0,1500,-1.4037,0,NO.
21,random,0.5,data/videos_v3/int_10000ms/v3_10000_01126.avi,0,10000,-1.9763,0,NO
21,random,0.5,data/videos_v3/int_1500ms/v3_1500_00617.avi,0,1500,-0.9609,0,NO
21,random,0.5,data/videos_v3/int_3000ms/v3_3000_00885.avi,1,3000,-2.067,0,NO.
21,random,0.5,data/videos_v3/int_5000ms/v3_5000_00935.avi,0,5000,-3.2076,0,NO.
21,random,0.5,data/videos_v3/int_3000ms/v3_3000_00871.avi,1,3000,-1.7479,0,NO
21,random,0.5,data/videos_v3/int_1000ms/v3_1000_00598.avi,0,1000,-1.2493,0,NO
21,random,0.5,data/videos_v3/int_1500ms/v3_1500_00631.avi,1,1500,-2.5781,0,NO
21,random,0.5,data/videos_v3/int_5000ms/v3_5000_00968.avi,0,5000,-1.0377,0,NO.
21,random,0.5,data/videos_v3/int_3000ms/v3_3000_00878.avi,0,3000,-1.3109,0,NO
21,random,0.5,data/videos_v3/int_1000ms/v3_1000_00551.avi,0,1000,-4.0599,0,NO.
21,random,0.5,data/videos_v3/int_1000ms/v3_1000_00548.avi,1,1000,-1.9204,0,NO.
21,random,0.5,data/videos_v3/int_1000ms/v3_1000_00509.avi,0,1000,-0.7491,0,NO.
21,random,0.5,data/videos_v3/int_200ms/v3_200_00254.avi,1,200,-1.2493,0,NO
21,random,0.5,data/videos_v3/int_200ms/v3_200_00226.avi,0,200,-3.3219,0,NO
21,random,0.5,data/videos_v3/int_200ms/v3_200_00261.avi,1,200,-2.2477,0,NO
21,random,0.5,data/videos_v3/int_2000ms/v3_2000_00743.avi,1,2000,-1.4067,0,NO
21,random,0.5,data/videos_v3/int_7000ms/v3_7000_01031.avi,1,7000,0.5271,1,YES.
21,random,0.5,data/videos_v3/int_67ms/v3_67_00074.avi,1,67,-1.9161,0,NO.
21,random,0.5,data/videos_v3/int_10000ms/v3_10000_01171.avi,0,10000,-2.0608,0,NO.
21,random,0.5,data/videos_v3/int_100ms/v3_100_00127.avi,0,100,-1.6858,0,NO.
21,random,0.5,data/videos_v3/int_100ms/v3_100_00137.avi,1,100,-0.9574,0,NO
21,random,0.5,data/videos_v3/int_67ms/v3_67_00095.avi,1,67,-2.2125,0,NO
21,random,0.5,data/videos_v3/int_1500ms/v3_1500_00659.avi,1,1500,-0.2492,0,NO
21,random,0.5,data/videos_v3/int_333ms/v3_333_00344.avi,0,333,-1.8054,0,NO
21,random,0.5,data/videos_v3/int_2000ms/v3_2000_00746.avi,1,2000,-0.9418,0,NO
21,random,0.5,data/videos_v3/int_200ms/v3_200_00294.avi,1,200,-0.839,0,NO
21,random,0.5,data/videos_v3/int_3000ms/v3_3000_00854.avi,0,3000,-2.0097,0,NO
21,random,0.5,data/videos_v3/int_5000ms/v3_5000_00955.avi,0,5000,-1.9624,0,NO
21,random,0.5,data/videos_v3/int_7000ms/v3_7000_01036.avi,0,7000,-2.0346,0,NO
21,random,0.5,data/videos_v3/int_333ms/v3_333_00352.avi,0,333,-2.2303,0,NO
21,random,0.5,data/videos_v3/int_7000ms/v3_7000_01010.avi,0,7000,-2.8326,0,NO.
21,random,0.5,data/videos_v3/int_1500ms/v3_1500_00624.avi,1,1500,-3.4336,0,NO.
21,random,0.5,data/videos_v3/int_10000ms/v3_10000_01101.avi,1,10000,-1.9303,0,NO
21,random,0.5,data/videos_v3/int_500ms/v3_500_00439.avi,0,500,-3.2478,0,NO.
21,random,1,data/videos_v3/int_5000ms/v3_5000_00960.avi,1,5000,-1.0412,0,No.
21,random,1,data/videos_v3/int_500ms/v3_500_00401.avi,0,500,-3.8216,0,No.
21,random,1,data/videos_v3/int_500ms/v3_500_00417.avi,0,500,-2.0195,0,No.
21,random,1,data/videos_v3/int_333ms/v3_333_00354.avi,0,333,-2.6225,0,No.
21,random,1,data/videos_v3/int_2000ms/v3_2000_00717.avi,1,2000,-3.0811,0,No.
21,random,1,data/videos_v3/int_2000ms/v3_2000_00789.avi,0,2000,-1.0459,0,No.
21,random,1,data/videos_v3/int_10000ms/v3_10000_01184.avi,0,10000,-3.0599,0,No.
21,random,1,data/videos_v3/int_7000ms/v3_7000_01090.avi,1,7000,-1.569,0,No.
21,random,1,data/videos_v3/int_1500ms/v3_1500_00634.avi,0,1500,-1.5396,0,No.
21,random,1,data/videos_v3/int_500ms/v3_500_00459.avi,1,500,-1.3572,0,No.
21,random,1,data/videos_v3/int_7000ms/v3_7000_01058.avi,0,7000,-2.8733,0,No.
21,random,1,data/videos_v3/int_3000ms/v3_3000_00860.avi,1,3000,-3.1393,0,No.
21,random,1,data/videos_v3/int_2000ms/v3_2000_00708.avi,0,2000,-2.1228,0,No.
21,random,1,data/videos_v3/int_2000ms/v3_2000_00773.avi,0,2000,-4.0121,0,No.
21,random,1,data/videos_v3/int_1000ms/v3_1000_00525.avi,1,1000,-1.9978,0,No.
21,random,1,data/videos_v3/int_1000ms/v3_1000_00558.avi,1,1000,-3.6248,0,No.
21,random,1,data/videos_v3/int_200ms/v3_200_00242.avi,0,200,-3.34,0,No.
21,random,1,data/videos_v3/int_333ms/v3_333_00396.avi,1,333,-3.3105,0,No.
21,random,1,data/videos_v3/int_1500ms/v3_1500_00641.avi,1,1500,-1.7678,0,No.
21,random,1,data/videos_v3/int_1000ms/v3_1000_00576.avi,0,1000,-2.806,0,No.
21,random,1,data/videos_v3/int_10000ms/v3_10000_01192.avi,0,10000,-2.1222,0,No.
21,random,1,data/videos_v3/int_5000ms/v3_5000_00951.avi,0,5000,-2.9453,0,No.
21,random,1,data/videos_v3/int_7000ms/v3_7000_01060.avi,0,7000,-2.7696,0,No.
21,random,1,data/videos_v3/int_1000ms/v3_1000_00518.avi,0,1000,-2.4971,0,No.
21,random,1,data/videos_v3/int_10000ms/v3_10000_01140.avi,0,10000,-1.5265,0,No.
21,random,1,data/videos_v3/int_2000ms/v3_2000_00706.avi,0,2000,-3.7038,0,No.
21,random,1,data/videos_v3/int_100ms/v3_100_00125.avi,0,100,-1.4979,0,No.
21,random,1,data/videos_v3/int_1500ms/v3_1500_00670.avi,1,1500,-1.3021,0,No.
21,random,1,data/videos_v3/int_100ms/v3_100_00149.avi,0,100,-2.2488,0,No.
21,random,1,data/videos_v3/int_3000ms/v3_3000_00849.avi,0,3000,-3.4234,0,No.
21,random,1,data/videos_v3/int_2000ms/v3_2000_00795.avi,1,2000,-3.1823,0,No.
21,random,1,data/videos_v3/int_333ms/v3_333_00333.avi,0,333,-3.1872,0,No.
21,random,1,data/videos_v3/int_500ms/v3_500_00404.avi,1,500,-2.1426,0,No.
21,random,1,data/videos_v3/int_67ms/v3_67_00059.avi,1,67,-1.1808,0,No.
21,random,1,data/videos_v3/int_7000ms/v3_7000_01034.avi,1,7000,-1.6961,0,No.
21,random,1,data/videos_v3/int_333ms/v3_333_00356.avi,1,333,-1.9095,0,No.
21,random,1,data/videos_v3/int_5000ms/v3_5000_00932.avi,0,5000,-1.8993,0,No.
21,random,1,data/videos_v3/int_5000ms/v3_5000_00966.avi,1,5000,-3.3849,0,No.
21,random,1,data/videos_v3/int_1000ms/v3_1000_00584.avi,1,1000,-2.1238,0,No.
21,random,1,data/videos_v3/int_333ms/v3_333_00350.avi,0,333,-0.5615,0,No.
21,random,1,data/videos_v3/int_3000ms/v3_3000_00813.avi,0,3000,-3.4316,0,No.
21,random,1,data/videos_v3/int_1500ms/v3_1500_00663.avi,0,1500,-3.4896,0,No.
21,random,1,data/videos_v3/int_7000ms/v3_7000_01098.avi,0,7000,-1.8916,0,No.
21,random,1,data/videos_v3/int_200ms/v3_200_00245.avi,0,200,-3.5621,0,No.
21,random,1,data/videos_v3/int_10000ms/v3_10000_01107.avi,1,10000,-1.0723,0,No.
21,random,1,data/videos_v3/int_3000ms/v3_3000_00892.avi,0,3000,-3.1598,0,No.
21,random,1,data/videos_v3/int_2000ms/v3_2000_00771.avi,0,2000,-2.0175,0,No.
21,random,1,data/videos_v3/int_2000ms/v3_2000_00767.avi,0,2000,-2.7154,0,No.
21,random,1,data/videos_v3/int_200ms/v3_200_00283.avi,1,200,-1.0565,0,No.
21,random,1,data/videos_v3/int_200ms/v3_200_00224.avi,1,200,-1.4213,0,No.
21,random,1,data/videos_v3/int_2000ms/v3_2000_00790.avi,1,2000,-2.2476,0,No.
21,random,1,data/videos_v3/int_10000ms/v3_10000_01173.avi,1,10000,-0.2586,0,No.
21,random,1,data/videos_v3/int_500ms/v3_500_00440.avi,1,500,-2.2479,0,No.
21,random,1,data/videos_v3/int_500ms/v3_500_00494.avi,0,500,-2.7236,0,No.
21,random,1,data/videos_v3/int_2000ms/v3_2000_00719.avi,1,2000,-2.373,0,No.
21,random,1,data/videos_v3/int_3000ms/v3_3000_00867.avi,0,3000,-2.111,0,No.
21,random,1,data/videos_v3/int_500ms/v3_500_00468.avi,0,500,-2.965,0,No.
21,random,1,data/videos_v3/int_7000ms/v3_7000_01052.avi,1,7000,-1.3173,0,No.
21,random,1,data/videos_v3/int_10000ms/v3_10000_01120.avi,0,10000,-3.1007,0,No.
21,random,1,data/videos_v3/int_10000ms/v3_10000_01146.avi,1,10000,-1.438,0,No.
21,random,1,data/videos_v3/int_67ms/v3_67_00038.avi,1,67,-1.182,0,No.
21,random,1,data/videos_v3/int_2000ms/v3_2000_00762.avi,0,2000,-2.1523,0,No.
21,random,1,data/videos_v3/int_10000ms/v3_10000_01112.avi,1,10000,-1.0039,0,No.
21,random,1,data/videos_v3/int_7000ms/v3_7000_01044.avi,0,7000,-0.8451,0,No.
21,random,1,data/videos_v3/int_200ms/v3_200_00270.avi,1,200,-2.2476,0,No.
21,random,1,data/videos_v3/int_10000ms/v3_10000_01156.avi,1,10000,-2.2481,0,No.
21,random,1,data/videos_v3/int_333ms/v3_333_00301.avi,0,333,-2.0183,0,No.
21,random,1,data/videos_v3/int_2000ms/v3_2000_00733.avi,1,2000,-3.7593,0,No
21,random,1,data/videos_v3/int_10000ms/v3_10000_01151.avi,0,10000,-3.8591,0,No.
21,random,1,data/videos_v3/int_2000ms/v3_2000_00774.avi,0,2000,-3.1657,0,No.
21,random,1,data/videos_v3/int_10000ms/v3_10000_01134.avi,0,10000,-2.0859,0,No.
21,random,1,data/videos_v3/int_5000ms/v3_5000_00913.avi,0,5000,-1.6466,0,No.
21,random,1,data/videos_v3/int_500ms/v3_500_00465.avi,0,500,-3.8057,0,No.
21,random,1,data/videos_v3/int_1500ms/v3_1500_00601.avi,1,1500,-4.5977,0,No.
21,random,1,data/videos_v3/int_200ms/v3_200_00231.avi,0,200,-2.7475,0,No.
21,random,1,data/videos_v3/int_500ms/v3_500_00407.avi,1,500,-0.4349,0,No.
21,random,1,data/videos_v3/int_10000ms/v3_10000_01147.avi,1,10000,-0.8592,0,No.
21,random,1,data/videos_v3/int_500ms/v3_500_00469.avi,0,500,-3.1897,0,No.
21,random,1,data/videos_v3/int_500ms/v3_500_00479.avi,1,500,-1.7996,0,No.
21,random,1,data/videos_v3/int_333ms/v3_333_00311.avi,0,333,-1.6587,0,No.
21,random,1,data/videos_v3/int_3000ms/v3_3000_00822.avi,1,3000,-3.6564,0,No.
21,random,1,data/videos_v3/int_1500ms/v3_1500_00642.avi,0,1500,-2.8221,0,No.
21,random,1,data/videos_v3/int_3000ms/v3_3000_00847.avi,0,3000,-2.9475,0,No.
21,random,1,data/videos_v3/int_100ms/v3_100_00176.avi,0,100,-4.4354,0,No.
21,random,1,data/videos_v3/int_7000ms/v3_7000_01042.avi,0,7000,-2.9365,0,No.
21,random,1,data/videos_v3/int_333ms/v3_333_00382.avi,1,333,-2.2471,0,No.
21,random,1,data/videos_v3/int_7000ms/v3_7000_01063.avi,0,7000,-2.0934,0,No.
21,random,1,data/videos_v3/int_10000ms/v3_10000_01178.avi,1,10000,-0.0089,1,Yes.
21,random,1,data/videos_v3/int_67ms/v3_67_00068.avi,0,67,-2.0122,0,No.
21,random,1,data/videos_v3/int_1500ms/v3_1500_00616.avi,0,1500,-2.0242,0,No.
21,random,1,data/videos_v3/int_200ms/v3_200_00200.avi,0,200,-2.7137,0,No.
21,random,1,data/videos_v3/int_2000ms/v3_2000_00791.avi,0,2000,-2.7209,0,No.
21,random,1,data/videos_v3/int_1500ms/v3_1500_00695.avi,0,1500,-2.6048,0,No.
21,random,1,data/videos_v3/int_500ms/v3_500_00415.avi,1,500,-0.9524,0,No.
21,random,1,data/videos_v3/int_10000ms/v3_10000_01194.avi,1,10000,-0.9924,0,No.
21,random,1,data/videos_v3/int_500ms/v3_500_00403.avi,1,500,-2.747,0,No.
21,random,1,data/videos_v3/int_2000ms/v3_2000_00752.avi,0,2000,-4.3852,0,No.
21,random,1,data/videos_v3/int_10000ms/v3_10000_01165.avi,0,10000,-2.4745,0,No.
21,random,1,data/videos_v3/int_500ms/v3_500_00464.avi,1,500,-1.0894,0,No.
21,random,1,data/videos_v3/int_500ms/v3_500_00492.avi,0,500,-2.9969,0,No.
21,random,1,data/videos_v3/int_5000ms/v3_5000_00928.avi,0,5000,-3.6144,0,No.
21,random,1,data/videos_v3/int_500ms/v3_500_00487.avi,0,500,-3.5936,0,No.
21,random,1,data/videos_v3/int_1000ms/v3_1000_00553.avi,0,1000,-2.2754,0,No.
21,random,1,data/videos_v3/int_7000ms/v3_7000_01000.avi,1,7000,-2.4684,0,No.
21,random,1,data/videos_v3/int_1500ms/v3_1500_00612.avi,0,1500,-2.9073,0,No.
21,random,1,data/videos_v3/int_10000ms/v3_10000_01127.avi,1,10000,-2.4976,0,No.
21,random,1,data/videos_v3/int_5000ms/v3_5000_00999.avi,0,5000,-3.0776,0,No.
21,random,1,data/videos_v3/int_7000ms/v3_7000_01069.avi,1,7000,-2.6436,0,No.
21,random,1,data/videos_v3/int_10000ms/v3_10000_01167.avi,0,10000,-1.9054,0,No.
21,random,1,data/videos_v3/int_7000ms/v3_7000_01019.avi,0,7000,-2.4976,0,No.
21,random,1,data/videos_v3/int_2000ms/v3_2000_00779.avi,0,2000,-3.1742,0,No.
21,random,1,data/videos_v3/int_1500ms/v3_1500_00647.avi,1,1500,-2.2022,0,No.
21,random,1,data/videos_v3/int_5000ms/v3_5000_00905.avi,1,5000,-2.141,0,No.
21,random,1,data/videos_v3/int_1000ms/v3_1000_00586.avi,1,1000,-2.2615,0,No.
21,random,1,data/videos_v3/int_2000ms/v3_2000_00713.avi,0,2000,-3.5341,0,No.
21,random,1,data/videos_v3/int_1500ms/v3_1500_00644.avi,1,1500,-1.7605,0,No.
21,random,1,data/videos_v3/int_10000ms/v3_10000_01181.avi,0,10000,-2.3916,0,No.
21,random,1,data/videos_v3/int_3000ms/v3_3000_00873.avi,0,3000,-1.5386,0,No.
21,random,1,data/videos_v3/int_7000ms/v3_7000_01074.avi,0,7000,-0.9387,0,No.
21,random,1,data/videos_v3/int_1000ms/v3_1000_00535.avi,0,1000,-3.1915,0,No.
21,random,1,data/videos_v3/int_3000ms/v3_3000_00829.avi,0,3000,-2.623,0,No.
21,random,1,data/videos_v3/int_3000ms/v3_3000_00823.avi,1,3000,-1.6349,0,No.
21,random,1,data/videos_v3/int_10000ms/v3_10000_01191.avi,0,10000,-1.5431,0,No.
21,random,1,data/videos_v3/int_1500ms/v3_1500_00618.avi,1,1500,-3.7237,0,No.
21,random,1,data/videos_v3/int_333ms/v3_333_00394.avi,0,333,-2.7289,0,No.
21,random,1,data/videos_v3/int_2000ms/v3_2000_00701.avi,1,2000,-2.9737,0,No.
21,random,1,data/videos_v3/int_1500ms/v3_1500_00681.avi,1,1500,-2.9765,0,No.
21,random,1,data/videos_v3/int_5000ms/v3_5000_00983.avi,0,5000,-2.2247,0,No.
21,random,1,data/videos_v3/int_333ms/v3_333_00388.avi,1,333,-4.3353,0,No.
21,random,1,data/videos_v3/int_1500ms/v3_1500_00669.avi,1,1500,-1.8731,0,No.
21,random,1,data/videos_v3/int_2000ms/v3_2000_00755.avi,1,2000,-3.0397,0,No.
21,random,1,data/videos_v3/int_1000ms/v3_1000_00566.avi,1,1000,-1.4634,0,No.
21,random,1,data/videos_v3/int_1000ms/v3_1000_00561.avi,1,1000,-1.9086,0,No.
21,random,1,data/videos_v3/int_1500ms/v3_1500_00674.avi,1,1500,-1.4736,0,No.
21,random,1,data/videos_v3/int_1000ms/v3_1000_00581.avi,1,1000,-2.4727,0,No.
21,random,1,data/videos_v3/int_5000ms/v3_5000_00908.avi,1,5000,-1.1684,0,No.
21,random,1,data/videos_v3/int_200ms/v3_200_00279.avi,1,200,-1.552,0,No.
21,random,1,data/videos_v3/int_100ms/v3_100_00133.avi,1,100,-0.631,0,No.
21,random,1,data/videos_v3/int_1500ms/v3_1500_00666.avi,0,1500,-1.2031,0,No.
21,random,1,data/videos_v3/int_5000ms/v3_5000_00980.avi,0,5000,-1.0831,0,No.
21,random,1,data/videos_v3/int_3000ms/v3_3000_00833.avi,0,3000,-3.6568,0,No.
21,random,1,data/videos_v3/int_333ms/v3_333_00336.avi,0,333,-1.998,0,No.
21,random,1,data/videos_v3/int_333ms/v3_333_00329.avi,1,333,-2.7477,0,No.
21,random,1,data/videos_v3/int_500ms/v3_500_00491.avi,1,500,-1.2908,0,No.
21,random,1,data/videos_v3/int_10000ms/v3_10000_01125.avi,0,10000,-2.9819,0,No.
21,random,1,data/videos_v3/int_1000ms/v3_1000_00595.avi,0,1000,-1.0566,0,No.
21,random,1,data/videos_v3/int_2000ms/v3_2000_00778.avi,0,2000,-1.9248,0,No.
21,random,1,data/videos_v3/int_10000ms/v3_10000_01130.avi,0,10000,-3.1945,0,No.
21,random,1,data/videos_v3/int_200ms/v3_200_00223.avi,1,200,-2.8557,0,No.
21,random,1,data/videos_v3/int_5000ms/v3_5000_00921.avi,0,5000,-2.8007,0,No.
21,random,1,data/videos_v3/int_7000ms/v3_7000_01012.avi,1,7000,-1.9275,0,No.
21,random,1,data/videos_v3/int_10000ms/v3_10000_01108.avi,1,10000,-1.0861,0,No.
21,random,1,data/videos_v3/int_100ms/v3_100_00188.avi,1,100,-3.0468,0,No.
21,random,1,data/videos_v3/int_7000ms/v3_7000_01097.avi,0,7000,-2.6216,0,No.
21,random,1,data/videos_v3/int_1500ms/v3_1500_00677.avi,1,1500,-0.7202,0,No.
21,random,1,data/videos_v3/int_333ms/v3_333_00379.avi,1,333,-2.2231,0,No.
21,random,1,data/videos_v3/int_1000ms/v3_1000_00560.avi,1,1000,-3.1809,0,No.
21,random,1,data/videos_v3/int_2000ms/v3_2000_00716.avi,1,2000,-2.9685,0,No.
21,random,1,data/videos_v3/int_1000ms/v3_1000_00554.avi,0,1000,-1.22,0,No.
21,random,1,data/videos_v3/int_200ms/v3_200_00268.avi,0,200,-2.2634,0,No.
21,random,1,data/videos_v3/int_1000ms/v3_1000_00529.avi,0,1000,-2.2082,0,No.
21,random,1,data/videos_v3/int_3000ms/v3_3000_00879.avi,0,3000,-2.9162,0,No.
21,random,1,data/videos_v3/int_2000ms/v3_2000_00777.avi,1,2000,-2.0135,0,No.
21,random,1,data/videos_v3/int_1000ms/v3_1000_00545.avi,0,1000,-3.4093,0,No.
21,random,1,data/videos_v3/int_1000ms/v3_1000_00520.avi,0,1000,-3.4326,0,No.
21,random,1,data/videos_v3/int_1500ms/v3_1500_00675.avi,0,1500,-2.0629,0,No.
21,random,1,data/videos_v3/int_10000ms/v3_10000_01126.avi,0,10000,-2.9265,0,No.
21,random,1,data/videos_v3/int_1500ms/v3_1500_00617.avi,0,1500,-1.461,0,No.
21,random,1,data/videos_v3/int_3000ms/v3_3000_00885.avi,1,3000,-2.7267,0,No.
21,random,1,data/videos_v3/int_5000ms/v3_5000_00935.avi,0,5000,-3.9763,0,No.
21,random,1,data/videos_v3/int_3000ms/v3_3000_00871.avi,1,3000,-2.5653,0,No.
21,random,1,data/videos_v3/int_1000ms/v3_1000_00598.avi,0,1000,-1.9714,0,No.
21,random,1,data/videos_v3/int_1500ms/v3_1500_00631.avi,1,1500,-3.5331,0,No.
21,random,1,data/videos_v3/int_5000ms/v3_5000_00968.avi,0,5000,-1.6654,0,No.
21,random,1,data/videos_v3/int_3000ms/v3_3000_00878.avi,0,3000,-2.0992,0,No.
21,random,1,data/videos_v3/int_1000ms/v3_1000_00551.avi,0,1000,-4.506,0,No.
21,random,1,data/videos_v3/int_1000ms/v3_1000_00548.avi,1,1000,-2.7166,0,No.
21,random,1,data/videos_v3/int_1000ms/v3_1000_00509.avi,0,1000,-1.3111,0,No.
21,random,1,data/videos_v3/int_200ms/v3_200_00254.avi,1,200,-1.7842,0,No.
21,random,1,data/videos_v3/int_200ms/v3_200_00226.avi,0,200,-4.2597,0,No.
21,random,1,data/videos_v3/int_200ms/v3_200_00261.avi,1,200,-3.0484,0,No.
21,random,1,data/videos_v3/int_2000ms/v3_2000_00743.avi,1,2000,-2.2674,0,No.
21,random,1,data/videos_v3/int_7000ms/v3_7000_01031.avi,1,7000,0.1288,1,Yes.
21,random,1,data/videos_v3/int_67ms/v3_67_00074.avi,1,67,-2.7309,0,No.
21,random,1,data/videos_v3/int_10000ms/v3_10000_01171.avi,0,10000,-2.9708,0,No.
21,random,1,data/videos_v3/int_100ms/v3_100_00127.avi,0,100,-2.4977,0,No.
21,random,1,data/videos_v3/int_100ms/v3_100_00137.avi,1,100,-1.5356,0,No.
21,random,1,data/videos_v3/int_67ms/v3_67_00095.avi,1,67,-3.0648,0,No.
21,random,1,data/videos_v3/int_1500ms/v3_1500_00659.avi,1,1500,-0.9379,0,No.
21,random,1,data/videos_v3/int_333ms/v3_333_00344.avi,0,333,-2.4767,0,No.
21,random,1,data/videos_v3/int_2000ms/v3_2000_00746.avi,1,2000,-1.6227,0,No.
21,random,1,data/videos_v3/int_200ms/v3_200_00294.avi,1,200,-1.4313,0,No.
21,random,1,data/videos_v3/int_3000ms/v3_3000_00854.avi,0,3000,-2.8151,0,No.
21,random,1,data/videos_v3/int_5000ms/v3_5000_00955.avi,0,5000,-2.9469,0,No.
21,random,1,data/videos_v3/int_7000ms/v3_7000_01036.avi,0,7000,-2.8719,0,No.
21,random,1,data/videos_v3/int_333ms/v3_333_00352.avi,0,333,-3.195,0,No.
21,random,1,data/videos_v3/int_7000ms/v3_7000_01010.avi,0,7000,-3.6465,0,No.
21,random,1,data/videos_v3/int_1500ms/v3_1500_00624.avi,1,1500,-4.0264,0,No.
21,random,1,data/videos_v3/int_10000ms/v3_10000_01101.avi,1,10000,-2.7256,0,No.
21,random,1,data/videos_v3/int_500ms/v3_500_00439.avi,0,500,-4.173,0,No.
18,none,0.0,data/videos_v3/int_5000ms/v3_5000_00960.avi,1,5000,-0.4393,0,NO.
18,none,0.0,data/videos_v3/int_500ms/v3_500_00401.avi,0,500,-3.0948,0,NO.
18,none,0.0,data/videos_v3/int_500ms/v3_500_00417.avi,0,500,-1.5227,0,NO.
18,none,0.0,data/videos_v3/int_333ms/v3_333_00354.avi,0,333,-1.9076,0,NO.
18,none,0.0,data/videos_v3/int_2000ms/v3_2000_00717.avi,1,2000,-2.4467,0,NO.
18,none,0.0,data/videos_v3/int_2000ms/v3_2000_00789.avi,0,2000,-0.5591,0,NO.
18,none,0.0,data/videos_v3/int_10000ms/v3_10000_01184.avi,0,10000,-2.3507,0,NO.
18,none,0.0,data/videos_v3/int_7000ms/v3_7000_01090.avi,1,7000,-1.1371,0,NO.
18,none,0.0,data/videos_v3/int_1500ms/v3_1500_00634.avi,0,1500,-1.1694,0,NO.
18,none,0.0,data/videos_v3/int_500ms/v3_500_00459.avi,1,500,-0.7914,0,NO.
18,none,0.0,data/videos_v3/int_7000ms/v3_7000_01058.avi,0,7000,-2.4326,0,NO.
18,none,0.0,data/videos_v3/int_3000ms/v3_3000_00860.avi,1,3000,-2.3376,0,NO.
18,none,0.0,data/videos_v3/int_2000ms/v3_2000_00708.avi,0,2000,-1.4727,0,NO.
18,none,0.0,data/videos_v3/int_2000ms/v3_2000_00773.avi,0,2000,-3.0659,0,NO.
18,none,0.0,data/videos_v3/int_1000ms/v3_1000_00525.avi,1,1000,-1.6028,0,NO.
18,none,0.0,data/videos_v3/int_1000ms/v3_1000_00558.avi,1,1000,-3.2118,0,NO.
18,none,0.0,data/videos_v3/int_200ms/v3_200_00242.avi,0,200,-2.6991,0,NO.
18,none,0.0,data/videos_v3/int_333ms/v3_333_00396.avi,1,333,-2.5718,0,NO.
18,none,0.0,data/videos_v3/int_1500ms/v3_1500_00641.avi,1,1500,-1.0591,0,NO.
18,none,0.0,data/videos_v3/int_1000ms/v3_1000_00576.avi,0,1000,-2.2284,0,NO.
18,none,0.0,data/videos_v3/int_10000ms/v3_10000_01192.avi,0,10000,-1.3976,0,NO.
18,none,0.0,data/videos_v3/int_5000ms/v3_5000_00951.avi,0,5000,-2.0687,0,NO.
18,none,0.0,data/videos_v3/int_7000ms/v3_7000_01060.avi,0,7000,-2.0715,0,NO.
18,none,0.0,data/videos_v3/int_1000ms/v3_1000_00518.avi,0,1000,-1.8091,0,NO.
18,none,0.0,data/videos_v3/int_10000ms/v3_10000_01140.avi,0,10000,-0.7945,0,NO.
18,none,0.0,data/videos_v3/int_2000ms/v3_2000_00706.avi,0,2000,-2.9699,0,NO.
18,none,0.0,data/videos_v3/int_100ms/v3_100_00125.avi,0,100,-0.9406,0,NO.
18,none,0.0,data/videos_v3/int_1500ms/v3_1500_00670.avi,1,1500,-0.6373,0,NO.
18,none,0.0,data/videos_v3/int_100ms/v3_100_00149.avi,0,100,-1.6989,0,NO.
18,none,0.0,data/videos_v3/int_3000ms/v3_3000_00849.avi,0,3000,-2.7321,0,NO.
18,none,0.0,data/videos_v3/int_2000ms/v3_2000_00795.avi,1,2000,-2.4625,0,NO.
18,none,0.0,data/videos_v3/int_333ms/v3_333_00333.avi,0,333,-2.5659,0,NO.
18,none,0.0,data/videos_v3/int_500ms/v3_500_00404.avi,1,500,-1.5593,0,NO.
18,none,0.0,data/videos_v3/int_67ms/v3_67_00059.avi,1,67,-0.5654,0,NO.
18,none,0.0,data/videos_v3/int_7000ms/v3_7000_01034.avi,1,7000,-1.0819,0,NO.
18,none,0.0,data/videos_v3/int_333ms/v3_333_00356.avi,1,333,-1.1877,0,NO.
18,none,0.0,data/videos_v3/int_5000ms/v3_5000_00932.avi,0,5000,-1.2034,0,NO.
18,none,0.0,data/videos_v3/int_5000ms/v3_5000_00966.avi,1,5000,-2.7125,0,NO.
18,none,0.0,data/videos_v3/int_1000ms/v3_1000_00584.avi,1,1000,-1.6935,0,NO.
18,none,0.0,data/videos_v3/int_333ms/v3_333_00350.avi,0,333,0.066,0,NO.
18,none,0.0,data/videos_v3/int_3000ms/v3_3000_00813.avi,0,3000,-2.7126,0,NO.
18,none,0.0,data/videos_v3/int_1500ms/v3_1500_00663.avi,0,1500,-2.7357,0,NO.
18,none,0.0,data/videos_v3/int_7000ms/v3_7000_01098.avi,0,7000,-1.4075,0,NO.
18,none,0.0,data/videos_v3/int_200ms/v3_200_00245.avi,0,200,-2.7231,0,NO.
18,none,0.0,data/videos_v3/int_10000ms/v3_10000_01107.avi,1,10000,-0.677,0,NO.
18,none,0.0,data/videos_v3/int_3000ms/v3_3000_00892.avi,0,3000,-2.8408,0,NO.
18,none,0.0,data/videos_v3/int_2000ms/v3_2000_00771.avi,0,2000,-1.5522,0,NO.
18,none,0.0,data/videos_v3/int_2000ms/v3_2000_00767.avi,0,2000,-1.9489,0,NO.
18,none,0.0,data/videos_v3/int_200ms/v3_200_00283.avi,1,200,-0.6837,0,NO.
18,none,0.0,data/videos_v3/int_200ms/v3_200_00224.avi,1,200,-0.6891,0,NO.
18,none,0.0,data/videos_v3/int_2000ms/v3_2000_00790.avi,1,2000,-1.6374,0,NO.
18,none,0.0,data/videos_v3/int_10000ms/v3_10000_01173.avi,1,10000,0.1715,1,YES.
18,none,0.0,data/videos_v3/int_500ms/v3_500_00440.avi,1,500,-1.4406,0,NO.
18,none,0.0,data/videos_v3/int_500ms/v3_500_00494.avi,0,500,-1.9466,0,NO.
18,none,0.0,data/videos_v3/int_2000ms/v3_2000_00719.avi,1,2000,-1.9408,0,NO.
18,none,0.0,data/videos_v3/int_3000ms/v3_3000_00867.avi,0,3000,-1.473,0,NO.
18,none,0.0,data/videos_v3/int_500ms/v3_500_00468.avi,0,500,-1.98,0,NO.
18,none,0.0,data/videos_v3/int_7000ms/v3_7000_01052.avi,1,7000,-0.9071,0,NO.
18,none,0.0,data/videos_v3/int_10000ms/v3_10000_01120.avi,0,10000,-2.4169,0,NO.
18,none,0.0,data/videos_v3/int_10000ms/v3_10000_01146.avi,1,10000,-0.9249,0,NO.
18,none,0.0,data/videos_v3/int_67ms/v3_67_00038.avi,1,67,-0.4407,0,NO.
18,none,0.0,data/videos_v3/int_2000ms/v3_2000_00762.avi,0,2000,-1.707,0,NO.
18,none,0.0,data/videos_v3/int_10000ms/v3_10000_01112.avi,1,10000,-0.4517,0,NO.
18,none,0.0,data/videos_v3/int_7000ms/v3_7000_01044.avi,0,7000,-0.2997,0,NO.
18,none,0.0,data/videos_v3/int_200ms/v3_200_00270.avi,1,200,-1.6825,0,NO.
18,none,0.0,data/videos_v3/int_10000ms/v3_10000_01156.avi,1,10000,-1.5912,0,NO.
18,none,0.0,data/videos_v3/int_333ms/v3_333_00301.avi,0,333,-1.4343,0,NO.
18,none,0.0,data/videos_v3/int_2000ms/v3_2000_00733.avi,1,2000,-2.9758,0,NO.
18,none,0.0,data/videos_v3/int_10000ms/v3_10000_01151.avi,0,10000,-2.8552,0,NO.
18,none,0.0,data/videos_v3/int_2000ms/v3_2000_00774.avi,0,2000,-2.7164,0,NO.
18,none,0.0,data/videos_v3/int_10000ms/v3_10000_01134.avi,0,10000,-1.4488,0,NO.
18,none,0.0,data/videos_v3/int_5000ms/v3_5000_00913.avi,0,5000,-1.2824,0,NO.
18,none,0.0,data/videos_v3/int_500ms/v3_500_00465.avi,0,500,-3.5866,0,NO.
18,none,0.0,data/videos_v3/int_1500ms/v3_1500_00601.avi,1,1500,-3.9573,0,NO.
18,none,0.0,data/videos_v3/int_200ms/v3_200_00231.avi,0,200,-2.1825,0,NO.
18,none,0.0,data/videos_v3/int_500ms/v3_500_00407.avi,1,500,0.0543,0,NO.
18,none,0.0,data/videos_v3/int_10000ms/v3_10000_01147.avi,1,10000,-0.4519,0,NO.
18,none,0.0,data/videos_v3/int_500ms/v3_500_00469.avi,0,500,-2.3506,0,NO.
18,none,0.0,data/videos_v3/int_500ms/v3_500_00479.avi,1,500,-1.1476,0,NO.
18,none,0.0,data/videos_v3/int_333ms/v3_333_00311.avi,0,333,-1.0785,0,NO.
18,none,0.0,data/videos_v3/int_3000ms/v3_3000_00822.avi,1,3000,-2.8376,0,NO.
18,none,0.0,data/videos_v3/int_1500ms/v3_1500_00642.avi,0,1500,-2.1908,0,NO.
18,none,0.0,data/videos_v3/int_3000ms/v3_3000_00847.avi,0,3000,-2.4664,0,NO.
18,none,0.0,data/videos_v3/int_100ms/v3_100_00176.avi,0,100,-3.7073,0,NO.
18,none,0.0,data/videos_v3/int_7000ms/v3_7000_01042.avi,0,7000,-2.1967,0,NO.
18,none,0.0,data/videos_v3/int_333ms/v3_333_00382.avi,1,333,-1.4622,0,NO.
18,none,0.0,data/videos_v3/int_7000ms/v3_7000_01063.avi,0,7000,-1.5592,0,NO.
18,none,0.0,data/videos_v3/int_10000ms/v3_10000_01178.avi,1,10000,0.4356,1,YES.
18,none,0.0,data/videos_v3/int_67ms/v3_67_00068.avi,0,67,-1.5362,0,NO.
18,none,0.0,data/videos_v3/int_1500ms/v3_1500_00616.avi,0,1500,-1.5415,0,NO.
18,none,0.0,data/videos_v3/int_200ms/v3_200_00200.avi,0,200,-1.824,0,NO.
18,none,0.0,data/videos_v3/int_2000ms/v3_2000_00791.avi,0,2000,-1.853,0,NO.
18,none,0.0,data/videos_v3/int_1500ms/v3_1500_00695.avi,0,1500,-1.9438,0,NO.
18,none,0.0,data/videos_v3/int_500ms/v3_500_00415.avi,1,500,-0.3641,0,NO.
18,none,0.0,data/videos_v3/int_10000ms/v3_10000_01194.avi,1,10000,-0.1964,0,NO.
18,none,0.0,data/videos_v3/int_500ms/v3_500_00403.avi,1,500,-2.0717,0,NO.
18,none,0.0,data/videos_v3/int_2000ms/v3_2000_00752.avi,0,2000,-3.4998,0,NO.
18,none,0.0,data/videos_v3/int_10000ms/v3_10000_01165.avi,0,10000,-1.827,0,NO.
18,none,0.0,data/videos_v3/int_500ms/v3_500_00464.avi,1,500,-0.4325,0,NO.
18,none,0.0,data/videos_v3/int_500ms/v3_500_00492.avi,0,500,-2.3022,0,NO.
18,none,0.0,data/videos_v3/int_5000ms/v3_5000_00928.avi,0,5000,-2.9857,0,NO.
18,none,0.0,data/videos_v3/int_500ms/v3_500_00487.avi,0,500,-2.728,0,NO.
18,none,0.0,data/videos_v3/int_1000ms/v3_1000_00553.avi,0,1000,-1.6664,0,NO.
18,none,0.0,data/videos_v3/int_7000ms/v3_7000_01000.avi,1,7000,-1.8216,0,NO.
18,none,0.0,data/videos_v3/int_1500ms/v3_1500_00612.avi,0,1500,-2.4664,0,NO.
18,none,0.0,data/videos_v3/int_10000ms/v3_10000_01127.avi,1,10000,-1.8447,0,NO.
18,none,0.0,data/videos_v3/int_5000ms/v3_5000_00999.avi,0,5000,-2.5718,0,NO.
18,none,0.0,data/videos_v3/int_7000ms/v3_7000_01069.avi,1,7000,-1.9076,0,NO.
18,none,0.0,data/videos_v3/int_10000ms/v3_10000_01167.avi,0,10000,-1.3332,0,NO.
18,none,0.0,data/videos_v3/int_7000ms/v3_7000_01019.avi,0,7000,-1.9394,0,NO.
18,none,0.0,data/videos_v3/int_2000ms/v3_2000_00779.avi,0,2000,-2.3376,0,NO.
18,none,0.0,data/videos_v3/int_1500ms/v3_1500_00647.avi,1,1500,-1.5716,0,NO.
18,none,0.0,data/videos_v3/int_5000ms/v3_5000_00905.avi,1,5000,-1.5517,0,NO.
18,none,0.0,data/videos_v3/int_1000ms/v3_1000_00586.avi,1,1000,-1.2826,0,NO.
18,none,0.0,data/videos_v3/int_2000ms/v3_2000_00713.avi,0,2000,-2.6247,0,NO.
18,none,0.0,data/videos_v3/int_1500ms/v3_1500_00644.avi,1,1500,-1.0787,0,NO.
18,none,0.0,data/videos_v3/int_10000ms/v3_10000_01181.avi,0,10000,-1.5737,0,NO.
18,none,0.0,data/videos_v3/int_3000ms/v3_3000_00873.avi,0,3000,-0.9405,0,NO.
18,none,0.0,data/videos_v3/int_7000ms/v3_7000_01074.avi,0,7000,-0.3284,0,NO.
18,none,0.0,data/videos_v3/int_1000ms/v3_1000_00535.avi,0,1000,-2.7016,0,NO.
18,none,0.0,data/videos_v3/int_3000ms/v3_3000_00829.avi,0,3000,-2.0821,0,NO.
18,none,0.0,data/videos_v3/int_3000ms/v3_3000_00823.avi,1,3000,-0.9197,0,NO.
18,none,0.0,data/videos_v3/int_10000ms/v3_10000_01191.avi,0,10000,-1.1768,0,NO.
18,none,0.0,data/videos_v3/int_1500ms/v3_1500_00618.avi,1,1500,-3.0868,0,NO.
18,none,0.0,data/videos_v3/int_333ms/v3_333_00394.avi,0,333,-1.949,0,NO.
18,none,0.0,data/videos_v3/int_2000ms/v3_2000_00701.avi,1,2000,-2.3094,0,NO.
18,none,0.0,data/videos_v3/int_1500ms/v3_1500_00681.avi,1,1500,-2.4522,0,NO.
18,none,0.0,data/videos_v3/int_5000ms/v3_5000_00983.avi,0,5000,-1.4579,0,NO.
18,none,0.0,data/videos_v3/int_333ms/v3_333_00388.avi,1,333,-3.4573,0,NO.
18,none,0.0,data/videos_v3/int_1500ms/v3_1500_00669.avi,1,1500,-1.1696,0,NO.
18,none,0.0,data/videos_v3/int_2000ms/v3_2000_00755.avi,1,2000,-2.3333,0,NO.
18,none,0.0,data/videos_v3/int_1000ms/v3_1000_00566.avi,1,1000,-1.137,0,NO.
18,none,0.0,data/videos_v3/int_1000ms/v3_1000_00561.avi,1,1000,-1.1478,0,NO.
18,none,0.0,data/videos_v3/int_1500ms/v3_1500_00674.avi,1,1500,-0.7997,0,NO.
18,none,0.0,data/videos_v3/int_1000ms/v3_1000_00581.avi,1,1000,-1.5518,0,NO.
18,none,0.0,data/videos_v3/int_5000ms/v3_5000_00908.avi,1,5000,-0.7998,0,NO.
18,none,0.0,data/videos_v3/int_200ms/v3_200_00279.avi,1,200,-1.0497,0,NO.
18,none,0.0,data/videos_v3/int_100ms/v3_100_00133.avi,1,100,-0.0644,0,NO.
18,none,0.0,data/videos_v3/int_1500ms/v3_1500_00666.avi,0,1500,-0.5441,0,NO.
18,none,0.0,data/videos_v3/int_5000ms/v3_5000_00980.avi,0,5000,-0.4659,0,NO.
18,none,0.0,data/videos_v3/int_3000ms/v3_3000_00833.avi,0,3000,-2.941,0,NO.
18,none,0.0,data/videos_v3/int_333ms/v3_333_00336.avi,0,333,-1.4193,0,NO.
18,none,0.0,data/videos_v3/int_333ms/v3_333_00329.avi,1,333,-2.1751,0,NO.
18,none,0.0,data/videos_v3/int_500ms/v3_500_00491.avi,1,500,-0.9112,0,NO.
18,none,0.0,data/videos_v3/int_10000ms/v3_10000_01125.avi,0,10000,-2.2038,0,NO.
18,none,0.0,data/videos_v3/int_1000ms/v3_1000_00595.avi,0,1000,-0.5443,0,NO.
18,none,0.0,data/videos_v3/int_2000ms/v3_2000_00778.avi,0,2000,-1.427,0,NO.
18,none,0.0,data/videos_v3/int_10000ms/v3_10000_01130.avi,0,10000,-2.4467,0,NO.
18,none,0.0,data/videos_v3/int_200ms/v3_200_00223.avi,1,200,-1.9407,0,NO.
18,none,0.0,data/videos_v3/int_5000ms/v3_5000_00921.avi,0,5000,-2.3219,0,NO.
18,none,0.0,data/videos_v3/int_7000ms/v3_7000_01012.avi,1,7000,-1.4247,0,NO.
18,none,0.0,data/videos_v3/int_10000ms/v3_10000_01108.avi,1,10000,-0.6693,0,NO.
18,none,0.0,data/videos_v3/int_100ms/v3_100_00188.avi,1,100,-2.5866,0,NO.
18,none,0.0,data/videos_v3/int_7000ms/v3_7000_01097.avi,0,7000,-2.0326,0,NO.
18,none,0.0,data/videos_v3/int_1500ms/v3_1500_00677.avi,1,1500,-0.2859,0,NO.
18,none,0.0,data/videos_v3/int_333ms/v3_333_00379.avi,1,333,-1.5655,0,NO.
18,none,0.0,data/videos_v3/int_1000ms/v3_1000_00560.avi,1,1000,-2.3188,0,NO.
18,none,0.0,data/videos_v3/int_2000ms/v3_2000_00716.avi,1,2000,-2.2039,0,NO.
18,none,0.0,data/videos_v3/int_1000ms/v3_1000_00554.avi,0,1000,-0.6664,0,NO.
18,none,0.0,data/videos_v3/int_200ms/v3_200_00268.avi,0,200,-1.6696,0,NO.
18,none,0.0,data/videos_v3/int_1000ms/v3_1000_00529.avi,0,1000,-1.6895,0,NO.
18,none,0.0,data/videos_v3/int_3000ms/v3_3000_00879.avi,0,3000,-2.3335,0,NO.
18,none,0.0,data/videos_v3/int_2000ms/v3_2000_00777.avi,1,2000,-1.4536,0,NO.
18,none,0.0,data/videos_v3/int_1000ms/v3_1000_00545.avi,0,1000,-2.6843,0,NO.
18,none,0.0,data/videos_v3/int_1000ms/v3_1000_00520.avi,0,1000,-2.6969,0,NO.
18,none,0.0,data/videos_v3/int_1500ms/v3_1500_00675.avi,0,1500,-1.5656,0,NO.
18,none,0.0,data/videos_v3/int_10000ms/v3_10000_01126.avi,0,10000,-2.2322,0,NO.
18,none,0.0,data/videos_v3/int_1500ms/v3_1500_00617.avi,0,1500,-1.0518,0,NO.
18,none,0.0,data/videos_v3/int_3000ms/v3_3000_00885.avi,1,3000,-2.3981,0,NO.
18,none,0.0,data/videos_v3/int_5000ms/v3_5000_00935.avi,0,5000,-3.4618,0,NO.
18,none,0.0,data/videos_v3/int_3000ms/v3_3000_00871.avi,1,3000,-1.9997,0,NO.
18,none,0.0,data/videos_v3/int_1000ms/v3_1000_00598.avi,0,1000,-1.2998,0,NO.
18,none,0.0,data/videos_v3/int_1500ms/v3_1500_00631.avi,1,1500,-2.7497,0,NO.
18,none,0.0,data/videos_v3/int_5000ms/v3_5000_00968.avi,0,5000,-1.0443,0,NO.
18,none,0.0,data/videos_v3/int_3000ms/v3_3000_00878.avi,0,3000,-1.5657,0,NO.
18,none,0.0,data/videos_v3/int_1000ms/v3_1000_00551.avi,0,1000,-4.4759,0,NO.
18,none,0.0,data/videos_v3/int_1000ms/v3_1000_00548.avi,1,1000,-2.0979,0,NO.
18,none,0.0,data/videos_v3/int_1000ms/v3_1000_00509.avi,0,1000,-0.8019,0,NO.
18,none,0.0,data/videos_v3/int_200ms/v3_200_00254.avi,1,200,-1.302,0,NO.
18,none,0.0,data/videos_v3/int_200ms/v3_200_00226.avi,0,200,-3.5502,0,NO.
18,none,0.0,data/videos_v3/int_200ms/v3_200_00261.avi,1,200,-2.3551,0,NO.
18,none,0.0,data/videos_v3/int_2000ms/v3_2000_00743.avi,1,2000,-1.5657,0,NO.
18,none,0.0,data/videos_v3/int_7000ms/v3_7000_01031.avi,1,7000,0.423,1,YES.
18,none,0.0,data/videos_v3/int_67ms/v3_67_00074.avi,1,67,-2.0364,0,NO.
18,none,0.0,data/videos_v3/int_10000ms/v3_10000_01171.avi,0,10000,-2.1667,0,NO.
18,none,0.0,data/videos_v3/int_100ms/v3_100_00127.avi,0,100,-1.9074,0,NO.
18,none,0.0,data/videos_v3/int_100ms/v3_100_00137.avi,1,100,-1.0227,0,NO.
18,none,0.0,data/videos_v3/int_67ms/v3_67_00095.avi,1,67,-2.3376,0,NO.
18,none,0.0,data/videos_v3/int_1500ms/v3_1500_00659.avi,1,1500,-0.3236,0,NO.
18,none,0.0,data/videos_v3/int_333ms/v3_333_00344.avi,0,333,-1.9583,0,NO.
18,none,0.0,data/videos_v3/int_2000ms/v3_2000_00746.avi,1,2000,-1.0657,0,NO.
18,none,0.0,data/videos_v3/int_200ms/v3_200_00294.avi,1,200,-0.8089,0,NO.
18,none,0.0,data/videos_v3/int_3000ms/v3_3000_00854.avi,0,3000,-2.3094,0,NO.
18,none,0.0,data/videos_v3/int_5000ms/v3_5000_00955.avi,0,5000,-2.1028,0,NO.
18,none,0.0,data/videos_v3/int_7000ms/v3_7000_01036.avi,0,7000,-2.0786,0,NO.
18,none,0.0,data/videos_v3/int_333ms/v3_333_00352.avi,0,333,-2.3287,0,NO.
18,none,0.0,data/videos_v3/int_7000ms/v3_7000_01010.avi,0,7000,-3.2158,0,NO.
18,none,0.0,data/videos_v3/int_1500ms/v3_1500_00624.avi,1,1500,-3.5823,0,NO.
18,none,0.0,data/videos_v3/int_10000ms/v3_10000_01101.avi,1,10000,-2.0771,0,NO.
18,none,0.0,data/videos_v3/int_500ms/v3_500_00439.avi,0,500,-3.3376,0,NO.
18,order,-1,data/videos_v3/int_5000ms/v3_5000_00960.avi,1,5000,-5.1238,0,NO.
18,order,-1,data/videos_v3/int_500ms/v3_500_00401.avi,0,500,-6.1234,0,NO.
18,order,-1,data/videos_v3/int_500ms/v3_500_00417.avi,0,500,-4.9991,0,NO.
18,order,-1,data/videos_v3/int_333ms/v3_333_00354.avi,0,333,-6.1243,0,NO.
18,order,-1,data/videos_v3/int_2000ms/v3_2000_00717.avi,1,2000,-6.4986,0,NO
18,order,-1,data/videos_v3/int_2000ms/v3_2000_00789.avi,0,2000,-5.6231,0,NO
18,order,-1,data/videos_v3/int_10000ms/v3_10000_01184.avi,0,10000,-6.1235,0,NO
18,order,-1,data/videos_v3/int_7000ms/v3_7000_01090.avi,1,7000,-5.4989,0,NO.
18,order,-1,data/videos_v3/int_1500ms/v3_1500_00634.avi,0,1500,-5.498,0,NO.
18,order,-1,data/videos_v3/int_500ms/v3_500_00459.avi,1,500,-5.6238,0,NO.
18,order,-1,data/videos_v3/int_7000ms/v3_7000_01058.avi,0,7000,-4.9989,0,NO.
18,order,-1,data/videos_v3/int_3000ms/v3_3000_00860.avi,1,3000,-6.1238,0,NO
18,order,-1,data/videos_v3/int_2000ms/v3_2000_00708.avi,0,2000,-5.9986,0,NO
18,order,-1,data/videos_v3/int_2000ms/v3_2000_00773.avi,0,2000,-5.8742,0,NO
18,order,-1,data/videos_v3/int_1000ms/v3_1000_00525.avi,1,1000,-5.4995,0,NO.
18,order,-1,data/videos_v3/int_1000ms/v3_1000_00558.avi,1,1000,-6.2486,0,NO
18,order,-1,data/videos_v3/int_200ms/v3_200_00242.avi,0,200,-5.3734,0,NO.
18,order,-1,data/videos_v3/int_333ms/v3_333_00396.avi,1,333,-5.9983,0,NO.
18,order,-1,data/videos_v3/int_1500ms/v3_1500_00641.avi,1,1500,-5.7472,0,NO.
18,order,-1,data/videos_v3/int_1000ms/v3_1000_00576.avi,0,1000,-5.2491,0,NO.
18,order,-1,data/videos_v3/int_10000ms/v3_10000_01192.avi,0,10000,-5.6233,0,NO.
18,order,-1,data/videos_v3/int_5000ms/v3_5000_00951.avi,0,5000,-5.6232,0,NO.
18,order,-1,data/videos_v3/int_7000ms/v3_7000_01060.avi,0,7000,-5.4989,0,NO.
18,order,-1,data/videos_v3/int_1000ms/v3_1000_00518.avi,0,1000,-5.7481,0,NO.
18,order,-1,data/videos_v3/int_10000ms/v3_10000_01140.avi,0,10000,-5.8738,0,NO.
18,order,-1,data/videos_v3/int_2000ms/v3_2000_00706.avi,0,2000,-5.8743,0,NO
18,order,-1,data/videos_v3/int_100ms/v3_100_00125.avi,0,100,-5.2492,0,NO.
18,order,-1,data/videos_v3/int_1500ms/v3_1500_00670.avi,1,1500,-5.9975,0,NO
18,order,-1,data/videos_v3/int_100ms/v3_100_00149.avi,0,100,-5.3736,0,NO.
18,order,-1,data/videos_v3/int_3000ms/v3_3000_00849.avi,0,3000,-6.4985,0,NO
18,order,-1,data/videos_v3/int_2000ms/v3_2000_00795.avi,1,2000,-5.8738,0,NO
18,order,-1,data/videos_v3/int_333ms/v3_333_00333.avi,0,333,-5.499,0,NO.
18,order,-1,data/videos_v3/int_500ms/v3_500_00404.avi,1,500,-4.9985,0,NO.
18,order,-1,data/videos_v3/int_67ms/v3_67_00059.avi,1,67,-5.498,0,NO.
18,order,-1,data/videos_v3/int_7000ms/v3_7000_01034.avi,1,7000,-5.4992,0,NO
18,order,-1,data/videos_v3/int_333ms/v3_333_00356.avi,1,333,-5.4982,0,NO.
18,order,-1,data/videos_v3/int_5000ms/v3_5000_00932.avi,0,5000,-5.248,0,NO.
18,order,-1,data/videos_v3/int_5000ms/v3_5000_00966.avi,1,5000,-5.9994,0,NO
18,order,-1,data/videos_v3/int_1000ms/v3_1000_00584.avi,1,1000,-4.9984,0,NO.
18,order,-1,data/videos_v3/int_333ms/v3_333_00350.avi,0,333,-5.1231,0,NO.
18,order,-1,data/videos_v3/int_3000ms/v3_3000_00813.avi,0,3000,-6.4987,0,NO.
18,order,-1,data/videos_v3/int_1500ms/v3_1500_00663.avi,0,1500,-6.1228,0,NO.
18,order,-1,data/videos_v3/int_7000ms/v3_7000_01098.avi,0,7000,-5.8732,0,NO.
18,order,-1,data/videos_v3/int_200ms/v3_200_00245.avi,0,200,-6.2488,0,NO.
18,order,-1,data/videos_v3/int_10000ms/v3_10000_01107.avi,1,10000,-5.7464,0,NO.
18,order,-1,data/videos_v3/int_3000ms/v3_3000_00892.avi,0,3000,-5.9991,0,NO
18,order,-1,data/videos_v3/int_2000ms/v3_2000_00771.avi,0,2000,-6.2485,0,NO
18,order,-1,data/videos_v3/int_2000ms/v3_2000_00767.avi,0,2000,-6.1234,0,NO
18,order,-1,data/videos_v3/int_200ms/v3_200_00283.avi,1,200,-5.6227,0,NO.
18,order,-1,data/videos_v3/int_200ms/v3_200_00224.avi,1,200,-5.8736,0,NO
18,order,-1,data/videos_v3/int_2000ms/v3_2000_00790.avi,1,2000,-5.9989,0,NO
18,order,-1,data/videos_v3/int_10000ms/v3_10000_01173.avi,1,10000,-5.1236,0,NO.
18,order,-1,data/videos_v3/int_500ms/v3_500_00440.avi,1,500,-5.498,0,NO.
18,order,-1,data/videos_v3/int_500ms/v3_500_00494.avi,0,500,-5.7486,0,NO.
18,order,-1,data/videos_v3/int_2000ms/v3_2000_00719.avi,1,2000,-5.2463,0,NO.
18,order,-1,data/videos_v3/int_3000ms/v3_3000_00867.avi,0,3000,-5.8729,0,NO
18,order,-1,data/videos_v3/int_500ms/v3_500_00468.avi,0,500,-5.9979,0,NO
18,order,-1,data/videos_v3/int_7000ms/v3_7000_01052.avi,1,7000,-5.9978,0,NO
18,order,-1,data/videos_v3/int_10000ms/v3_10000_01120.avi,0,10000,-5.498,0,NO.
18,order,-1,data/videos_v3/int_10000ms/v3_10000_01146.avi,1,10000,-5.3737,0,NO
18,order,-1,data/videos_v3/int_67ms/v3_67_00038.avi,1,67,-5.1227,0,NO.
18,order,-1,data/videos_v3/int_2000ms/v3_2000_00762.avi,0,2000,-5.6234,0,NO.
18,order,-1,data/videos_v3/int_10000ms/v3_10000_01112.avi,1,10000,-4.749,0,NO.
18,order,-1,data/videos_v3/int_7000ms/v3_7000_01044.avi,0,7000,-5.8734,0,NO.
18,order,-1,data/videos_v3/int_200ms/v3_200_00270.avi,1,200,-5.2486,0,NO.
18,order,-1,data/videos_v3/int_10000ms/v3_10000_01156.avi,1,10000,-5.9986,0,NO
18,order,-1,data/videos_v3/int_333ms/v3_333_00301.avi,0,333,-4.9983,0,NO.
18,order,-1,data/videos_v3/int_2000ms/v3_2000_00733.avi,1,2000,-6.6241,0,NO
18,order,-1,data/videos_v3/int_10000ms/v3_10000_01151.avi,0,10000,-5.2483,0,NO.
18,order,-1,data/videos_v3/int_2000ms/v3_2000_00774.avi,0,2000,-6.1237,0,NO.
18,order,-1,data/videos_v3/int_10000ms/v3_10000_01134.avi,0,10000,-5.2482,0,NO
18,order,-1,data/videos_v3/int_5000ms/v3_5000_00913.avi,0,5000,-5.8734,0,NO.
18,order,-1,data/videos_v3/int_500ms/v3_500_00465.avi,0,500,-5.7488,0,NO
18,order,-1,data/videos_v3/int_1500ms/v3_1500_00601.avi,1,1500,-5.8742,0,NO
18,order,-1,data/videos_v3/int_200ms/v3_200_00231.avi,0,200,-5.8739,0,NO
18,order,-1,data/videos_v3/int_500ms/v3_500_00407.avi,1,500,-5.4984,0,NO.
18,order,-1,data/videos_v3/int_10000ms/v3_10000_01147.avi,1,10000,-4.8726,0,NO.
18,order,-1,data/videos_v3/int_500ms/v3_500_00469.avi,0,500,-6.2479,0,NO
18,order,-1,data/videos_v3/int_500ms/v3_500_00479.avi,1,500,-5.3728,0,NO.
18,order,-1,data/videos_v3/int_333ms/v3_333_00311.avi,0,333,-5.6238,0,NO.
18,order,-1,data/videos_v3/int_3000ms/v3_3000_00822.avi,1,3000,-6.1235,0,NO.
18,order,-1,data/videos_v3/int_1500ms/v3_1500_00642.avi,0,1500,-5.8733,0,NO.
18,order,-1,data/videos_v3/int_3000ms/v3_3000_00847.avi,0,3000,-5.7484,0,NO.
18,order,-1,data/videos_v3/int_100ms/v3_100_00176.avi,0,100,-5.7494,0,NO
18,order,-1,data/videos_v3/int_7000ms/v3_7000_01042.avi,0,7000,-5.3739,0,NO
18,order,-1,data/videos_v3/int_333ms/v3_333_00382.avi,1,333,-6.1227,0,NO.
18,order,-1,data/videos_v3/int_7000ms/v3_7000_01063.avi,0,7000,-5.2492,0,NO.
18,order,-1,data/videos_v3/int_10000ms/v3_10000_01178.avi,1,10000,-4.999,0,NO
18,order,-1,data/videos_v3/int_67ms/v3_67_00068.avi,0,67,-5.6221,0,NO.
18,order,-1,data/videos_v3/int_1500ms/v3_1500_00616.avi,0,1500,-5.7484,0,NO
18,order,-1,data/videos_v3/int_200ms/v3_200_00200.avi,0,200,-5.9989,0,NO
18,order,-1,data/videos_v3/int_2000ms/v3_2000_00791.avi,0,2000,-6.6233,0,NO
18,order,-1,data/videos_v3/int_1500ms/v3_1500_00695.avi,0,1500,-6.1241,0,NO.
18,order,-1,data/videos_v3/int_500ms/v3_500_00415.avi,1,500,-5.8736,0,NO.
18,order,-1,data/videos_v3/int_10000ms/v3_10000_01194.avi,1,10000,-5.1241,0,NO.
18,order,-1,data/videos_v3/int_500ms/v3_500_00403.avi,1,500,-6.1228,0,NO.
18,order,-1,data/videos_v3/int_2000ms/v3_2000_00752.avi,0,2000,-5.9983,0,NO
18,order,-1,data/videos_v3/int_10000ms/v3_10000_01165.avi,0,10000,-5.7492,0,NO.
18,order,-1,data/videos_v3/int_500ms/v3_500_00464.avi,1,500,-5.2484,0,NO.
18,order,-1,data/videos_v3/int_500ms/v3_500_00492.avi,0,500,-5.6245,0,NO
18,order,-1,data/videos_v3/int_5000ms/v3_5000_00928.avi,0,5000,-5.873,0,NO.
18,order,-1,data/videos_v3/int_500ms/v3_500_00487.avi,0,500,-6.3731,0,NO.
18,order,-1,data/videos_v3/int_1000ms/v3_1000_00553.avi,0,1000,-5.6239,0,NO
18,order,-1,data/videos_v3/int_7000ms/v3_7000_01000.avi,1,7000,-5.8736,0,NO
18,order,-1,data/videos_v3/int_1500ms/v3_1500_00612.avi,0,1500,-5.2484,0,NO.
18,order,-1,data/videos_v3/int_10000ms/v3_10000_01127.avi,1,10000,-5.9986,0,NO.
18,order,-1,data/videos_v3/int_5000ms/v3_5000_00999.avi,0,5000,-5.7475,0,NO.
18,order,-1,data/videos_v3/int_7000ms/v3_7000_01069.avi,1,7000,-6.3738,0,NO
18,order,-1,data/videos_v3/int_10000ms/v3_10000_01167.avi,0,10000,-5.2473,0,NO
18,order,-1,data/videos_v3/int_7000ms/v3_7000_01019.avi,0,7000,-5.6238,0,NO.
18,order,-1,data/videos_v3/int_2000ms/v3_2000_00779.avi,0,2000,-5.998,0,NO
18,order,-1,data/videos_v3/int_1500ms/v3_1500_00647.avi,1,1500,-6.1235,0,NO.
18,order,-1,data/videos_v3/int_5000ms/v3_5000_00905.avi,1,5000,-5.8735,0,NO.
18,order,-1,data/videos_v3/int_1000ms/v3_1000_00586.avi,1,1000,-6.4988,0,NO.
18,order,-1,data/videos_v3/int_2000ms/v3_2000_00713.avi,0,2000,-5.7477,0,NO.
18,order,-1,data/videos_v3/int_1500ms/v3_1500_00644.avi,1,1500,-6.123,0,NO
18,order,-1,data/videos_v3/int_10000ms/v3_10000_01181.avi,0,10000,-5.3729,0,NO.
18,order,-1,data/videos_v3/int_3000ms/v3_3000_00873.avi,0,3000,-5.8736,0,NO
18,order,-1,data/videos_v3/int_7000ms/v3_7000_01074.avi,0,7000,-5.372,0,NO.
18,order,-1,data/videos_v3/int_1000ms/v3_1000_00535.avi,0,1000,-5.8735,0,NO.
18,order,-1,data/videos_v3/int_3000ms/v3_3000_00829.avi,0,3000,-6.124,0,NO
18,order,-1,data/videos_v3/int_3000ms/v3_3000_00823.avi,1,3000,-5.4982,0,NO.
18,order,-1,data/videos_v3/int_10000ms/v3_10000_01191.avi,0,10000,-5.1237,0,NO.
18,order,-1,data/videos_v3/int_1500ms/v3_1500_00618.avi,1,1500,-5.9989,0,NO
18,order,-1,data/videos_v3/int_333ms/v3_333_00394.avi,0,333,-5.748,0,NO.
18,order,-1,data/videos_v3/int_2000ms/v3_2000_00701.avi,1,2000,-5.8737,0,NO.
18,order,-1,data/videos_v3/int_1500ms/v3_1500_00681.avi,1,1500,-5.623,0,NO.
18,order,-1,data/videos_v3/int_5000ms/v3_5000_00983.avi,0,5000,-5.7488,0,NO
18,order,-1,data/videos_v3/int_333ms/v3_333_00388.avi,1,333,-6.1238,0,NO
18,order,-1,data/videos_v3/int_1500ms/v3_1500_00669.avi,1,1500,-6.2479,0,NO.
18,order,-1,data/videos_v3/int_2000ms/v3_2000_00755.avi,1,2000,-5.6234,0,NO
18,order,-1,data/videos_v3/int_1000ms/v3_1000_00566.avi,1,1000,-5.499,0,NO.
18,order,-1,data/videos_v3/int_1000ms/v3_1000_00561.avi,1,1000,-5.8732,0,NO.
18,order,-1,data/videos_v3/int_1500ms/v3_1500_00674.avi,1,1500,-5.3734,0,NO.
18,order,-1,data/videos_v3/int_1000ms/v3_1000_00581.avi,1,1000,-5.7489,0,NO
18,order,-1,data/videos_v3/int_5000ms/v3_5000_00908.avi,1,5000,-4.9989,0,NO.
18,order,-1,data/videos_v3/int_200ms/v3_200_00279.avi,1,200,-5.3732,0,NO.
18,order,-1,data/videos_v3/int_100ms/v3_100_00133.avi,1,100,-5.3736,0,NO.
18,order,-1,data/videos_v3/int_1500ms/v3_1500_00666.avi,0,1500,-5.3725,0,NO.
18,order,-1,data/videos_v3/int_5000ms/v3_5000_00980.avi,0,5000,-5.123,0,NO.
18,order,-1,data/videos_v3/int_3000ms/v3_3000_00833.avi,0,3000,-6.6235,0,NO
18,order,-1,data/videos_v3/int_333ms/v3_333_00336.avi,0,333,-6.2479,0,NO.
18,order,-1,data/videos_v3/int_333ms/v3_333_00329.avi,1,333,-5.9975,0,NO.
18,order,-1,data/videos_v3/int_500ms/v3_500_00491.avi,1,500,-5.7469,0,NO.
18,order,-1,data/videos_v3/int_10000ms/v3_10000_01125.avi,0,10000,-5.6237,0,NO.
18,order,-1,data/videos_v3/int_1000ms/v3_1000_00595.avi,0,1000,-5.4977,0,NO.
18,order,-1,data/videos_v3/int_2000ms/v3_2000_00778.avi,0,2000,-5.499,0,NO.
18,order,-1,data/videos_v3/int_10000ms/v3_10000_01130.avi,0,10000,-5.499,0,NO
18,order,-1,data/videos_v3/int_200ms/v3_200_00223.avi,1,200,-5.8735,0,NO.
18,order,-1,data/videos_v3/int_5000ms/v3_5000_00921.avi,0,5000,-5.8738,0,NO.
18,order,-1,data/videos_v3/int_7000ms/v3_7000_01012.avi,1,7000,-5.1238,0,NO.
18,order,-1,data/videos_v3/int_10000ms/v3_10000_01108.avi,1,10000,-5.6227,0,NO.
18,order,-1,data/videos_v3/int_100ms/v3_100_00188.avi,1,100,-5.9989,0,NO
18,order,-1,data/videos_v3/int_7000ms/v3_7000_01097.avi,0,7000,-5.748,0,NO.
18,order,-1,data/videos_v3/int_1500ms/v3_1500_00677.avi,1,1500,-5.4974,0,NO.
18,order,-1,data/videos_v3/int_333ms/v3_333_00379.avi,1,333,-5.998,0,NO.
18,order,-1,data/videos_v3/int_1000ms/v3_1000_00560.avi,1,1000,-6.1226,0,NO.
18,order,-1,data/videos_v3/int_2000ms/v3_2000_00716.avi,1,2000,-6.248,0,NO
18,order,-1,data/videos_v3/int_1000ms/v3_1000_00554.avi,0,1000,-5.4988,0,NO.
18,order,-1,data/videos_v3/int_200ms/v3_200_00268.avi,0,200,-5.7488,0,NO.
18,order,-1,data/videos_v3/int_1000ms/v3_1000_00529.avi,0,1000,-5.874,0,NO.
18,order,-1,data/videos_v3/int_3000ms/v3_3000_00879.avi,0,3000,-6.3733,0,NO.
18,order,-1,data/videos_v3/int_2000ms/v3_2000_00777.avi,1,2000,-5.7471,0,NO.
18,order,-1,data/videos_v3/int_1000ms/v3_1000_00545.avi,0,1000,-6.2481,0,NO.
18,order,-1,data/videos_v3/int_1000ms/v3_1000_00520.avi,0,1000,-6.1232,0,NO
18,order,-1,data/videos_v3/int_1500ms/v3_1500_00675.avi,0,1500,-5.873,0,NO.
18,order,-1,data/videos_v3/int_10000ms/v3_10000_01126.avi,0,10000,-6.2485,0,NO
18,order,-1,data/videos_v3/int_1500ms/v3_1500_00617.avi,0,1500,-5.9982,0,NO.
18,order,-1,data/videos_v3/int_3000ms/v3_3000_00885.avi,1,3000,-6.2487,0,NO
18,order,-1,data/videos_v3/int_5000ms/v3_5000_00935.avi,0,5000,-6.2485,0,NO.
18,order,-1,data/videos_v3/int_3000ms/v3_3000_00871.avi,1,3000,-5.3736,0,NO
18,order,-1,data/videos_v3/int_1000ms/v3_1000_00598.avi,0,1000,-6.1239,0,NO
18,order,-1,data/videos_v3/int_1500ms/v3_1500_00631.avi,1,1500,-5.7488,0,NO.
18,order,-1,data/videos_v3/int_5000ms/v3_5000_00968.avi,0,5000,-5.3721,0,NO.
18,order,-1,data/videos_v3/int_3000ms/v3_3000_00878.avi,0,3000,-5.6232,0,NO.
18,order,-1,data/videos_v3/int_1000ms/v3_1000_00551.avi,0,1000,-6.4979,0,NO
18,order,-1,data/videos_v3/int_1000ms/v3_1000_00548.avi,1,1000,-5.7482,0,NO.
18,order,-1,data/videos_v3/int_1000ms/v3_1000_00509.avi,0,1000,-5.6239,0,NO.
18,order,-1,data/videos_v3/int_200ms/v3_200_00254.avi,1,200,-5.6231,0,NO.
18,order,-1,data/videos_v3/int_200ms/v3_200_00226.avi,0,200,-6.4986,0,NO
18,order,-1,data/videos_v3/int_200ms/v3_200_00261.avi,1,200,-5.3737,0,NO.
18,order,-1,data/videos_v3/int_2000ms/v3_2000_00743.avi,1,2000,-5.2481,0,NO.
18,order,-1,data/videos_v3/int_7000ms/v3_7000_01031.avi,1,7000,-5.748,0,NO.
18,order,-1,data/videos_v3/int_67ms/v3_67_00074.avi,1,67,-5.6224,0,NO.
18,order,-1,data/videos_v3/int_10000ms/v3_10000_01171.avi,0,10000,-5.9984,0,NO.
18,order,-1,data/videos_v3/int_100ms/v3_100_00127.avi,0,100,-5.6243,0,NO
18,order,-1,data/videos_v3/int_100ms/v3_100_00137.avi,1,100,-5.748,0,NO.
18,order,-1,data/videos_v3/int_67ms/v3_67_00095.avi,1,67,-5.373,0,NO.
18,order,-1,data/videos_v3/int_1500ms/v3_1500_00659.avi,1,1500,-5.4976,0,NO.
18,order,-1,data/videos_v3/int_333ms/v3_333_00344.avi,0,333,-5.3736,0,NO.
18,order,-1,data/videos_v3/int_2000ms/v3_2000_00746.avi,1,2000,-5.3739,0,NO.
18,order,-1,data/videos_v3/int_200ms/v3_200_00294.avi,1,200,-5.3733,0,NO.
18,order,-1,data/videos_v3/int_3000ms/v3_3000_00854.avi,0,3000,-6.1235,0,NO.
18,order,-1,data/videos_v3/int_5000ms/v3_5000_00955.avi,0,5000,-5.3736,0,NO.
18,order,-1,data/videos_v3/int_7000ms/v3_7000_01036.avi,0,7000,-6.1231,0,NO
18,order,-1,data/videos_v3/int_333ms/v3_333_00352.avi,0,333,-6.124,0,NO
18,order,-1,data/videos_v3/int_7000ms/v3_7000_01010.avi,0,7000,-6.4987,0,NO.
18,order,-1,data/videos_v3/int_1500ms/v3_1500_00624.avi,1,1500,-6.3742,0,NO
18,order,-1,data/videos_v3/int_10000ms/v3_10000_01101.avi,1,10000,-6.6232,0,NO
18,order,-1,data/videos_v3/int_500ms/v3_500_00439.avi,0,500,-6.1232,0,NO
18,order,-0.5,data/videos_v3/int_5000ms/v3_5000_00960.avi,1,5000,-3.1209,0,NO.
18,order,-0.5,data/videos_v3/int_500ms/v3_500_00401.avi,0,500,-4.8749,0,NO.
18,order,-0.5,data/videos_v3/int_500ms/v3_500_00417.avi,0,500,-3.4955,0,NO.
18,order,-0.5,data/videos_v3/int_333ms/v3_333_00354.avi,0,333,-4.1249,0,NO.
18,order,-0.5,data/videos_v3/int_2000ms/v3_2000_00717.avi,1,2000,-4.7527,0,NO.
18,order,-0.5,data/videos_v3/int_2000ms/v3_2000_00789.avi,0,2000,-3.3616,0,NO.
18,order,-0.5,data/videos_v3/int_10000ms/v3_10000_01184.avi,0,10000,-4.3793,0,NO.
18,order,-0.5,data/videos_v3/int_7000ms/v3_7000_01090.avi,1,7000,-3.6199,0,NO.
18,order,-0.5,data/videos_v3/int_1500ms/v3_1500_00634.avi,0,1500,-3.7449,0,NO.
18,order,-0.5,data/videos_v3/int_500ms/v3_500_00459.avi,1,500,-3.4999,0,NO.
18,order,-0.5,data/videos_v3/int_7000ms/v3_7000_01058.avi,0,7000,-3.9999,0,NO.
18,order,-0.5,data/videos_v3/int_3000ms/v3_3000_00860.avi,1,3000,-4.3776,0,NO.
18,order,-0.5,data/videos_v3/int_2000ms/v3_2000_00708.avi,0,2000,-3.9999,0,NO.
18,order,-0.5,data/videos_v3/int_2000ms/v3_2000_00773.avi,0,2000,-4.7499,0,NO.
18,order,-0.5,data/videos_v3/int_1000ms/v3_1000_00525.avi,1,1000,-3.8832,0,NO.
18,order,-0.5,data/videos_v3/int_1000ms/v3_1000_00558.avi,1,1000,-4.753,0,NO.
18,order,-0.5,data/videos_v3/int_200ms/v3_200_00242.avi,0,200,-4.1299,0,NO.
18,order,-0.5,data/videos_v3/int_333ms/v3_333_00396.avi,1,333,-4.6249,0,NO.
18,order,-0.5,data/videos_v3/int_1500ms/v3_1500_00641.avi,1,1500,-3.3793,0,NO.
18,order,-0.5,data/videos_v3/int_1000ms/v3_1000_00576.avi,0,1000,-4.1249,0,NO.
18,order,-0.5,data/videos_v3/int_10000ms/v3_10000_01192.avi,0,10000,-3.4892,0,NO.
18,order,-0.5,data/videos_v3/int_5000ms/v3_5000_00951.avi,0,5000,-3.9927,0,NO.
18,order,-0.5,data/videos_v3/int_7000ms/v3_7000_01060.avi,0,7000,-4.1199,0,NO.
18,order,-0.5,data/videos_v3/int_1000ms/v3_1000_00518.avi,0,1000,-3.8615,0,NO.
18,order,-0.5,data/videos_v3/int_10000ms/v3_10000_01140.avi,0,10000,-3.6249,0,NO.
18,order,-0.5,data/videos_v3/int_2000ms/v3_2000_00706.avi,0,2000,-4.8807,0,NO.
18,order,-0.5,data/videos_v3/int_100ms/v3_100_00125.avi,0,100,-3.3788,0,NO.
18,order,-0.5,data/videos_v3/int_1500ms/v3_1500_00670.avi,1,1500,-3.3748,0,NO.
18,order,-0.5,data/videos_v3/int_100ms/v3_100_00149.avi,0,100,-3.8799,0,NO.
18,order,-0.5,data/videos_v3/int_3000ms/v3_3000_00849.avi,0,3000,-4.8776,0,NO.
18,order,-0.5,data/videos_v3/int_2000ms/v3_2000_00795.avi,1,2000,-4.3788,0,NO.
18,order,-0.5,data/videos_v3/int_333ms/v3_333_00333.avi,0,333,-4.5082,0,NO.
18,order,-0.5,data/videos_v3/int_500ms/v3_500_00404.avi,1,500,-3.7549,0,NO.
18,order,-0.5,data/videos_v3/int_67ms/v3_67_00059.avi,1,67,-3.3748,0,NO.
18,order,-0.5,data/videos_v3/int_7000ms/v3_7000_01034.avi,1,7000,-3.7489,0,NO.
18,order,-0.5,data/videos_v3/int_333ms/v3_333_00356.avi,1,333,-3.7347,0,NO.
18,order,-0.5,data/videos_v3/int_5000ms/v3_5000_00932.avi,0,5000,-3.3692,0,NO.
18,order,-0.5,data/videos_v3/int_5000ms/v3_5000_00966.avi,1,5000,-4.6289,0,NO.
18,order,-0.5,data/videos_v3/int_1000ms/v3_1000_00584.avi,1,1000,-3.6248,0,NO.
18,order,-0.5,data/videos_v3/int_333ms/v3_333_00350.avi,0,333,-2.7348,0,NO.
18,order,-0.5,data/videos_v3/int_3000ms/v3_3000_00813.avi,0,3000,-4.7557,0,NO.
18,order,-0.5,data/videos_v3/int_1500ms/v3_1500_00663.avi,0,1500,-4.6332,0,NO.
18,order,-0.5,data/videos_v3/int_7000ms/v3_7000_01098.avi,0,7000,-3.9949,0,NO.
18,order,-0.5,data/videos_v3/int_200ms/v3_200_00245.avi,0,200,-4.3843,0,NO.
18,order,-0.5,data/videos_v3/int_10000ms/v3_10000_01107.avi,1,10000,-3.4999,0,NO.
18,order,-0.5,data/videos_v3/int_3000ms/v3_3000_00892.avi,0,3000,-4.9999,0,NO.
18,order,-0.5,data/videos_v3/int_2000ms/v3_2000_00771.avi,0,2000,-3.9999,0,NO.
18,order,-0.5,data/videos_v3/int_2000ms/v3_2000_00767.avi,0,2000,-4.3714,0,NO.
18,order,-0.5,data/videos_v3/int_200ms/v3_200_00283.avi,1,200,-3.6199,0,NO.
18,order,-0.5,data/videos_v3/int_200ms/v3_200_00224.avi,1,200,-3.8704,0,NO.
18,order,-0.5,data/videos_v3/int_2000ms/v3_2000_00790.avi,1,2000,-4.371,0,NO.
18,order,-0.5,data/videos_v3/int_10000ms/v3_10000_01173.avi,1,10000,-3.3748,0,NO.
18,order,-0.5,data/videos_v3/int_500ms/v3_500_00440.avi,1,500,-3.7499,0,NO.
18,order,-0.5,data/videos_v3/int_500ms/v3_500_00494.avi,0,500,-3.9999,0,NO.
18,order,-0.5,data/videos_v3/int_2000ms/v3_2000_00719.avi,1,2000,-3.7555,0,NO.
18,order,-0.5,data/videos_v3/int_3000ms/v3_3000_00867.avi,0,3000,-4.1293,0,NO.
18,order,-0.5,data/videos_v3/int_500ms/v3_500_00468.avi,0,500,-4.0043,0,NO.
18,order,-0.5,data/videos_v3/int_7000ms/v3_7000_01052.avi,1,7000,-3.8704,0,NO.
18,order,-0.5,data/videos_v3/int_10000ms/v3_10000_01120.avi,0,10000,-4.1343,0,NO.
18,order,-0.5,data/videos_v3/int_10000ms/v3_10000_01146.avi,1,10000,-3.3748,0,NO.
18,order,-0.5,data/videos_v3/int_67ms/v3_67_00038.avi,1,67,-3.2499,0,NO.
18,order,-0.5,data/videos_v3/int_2000ms/v3_2000_00762.avi,0,2000,-4.1215,0,NO.
18,order,-0.5,data/videos_v3/int_10000ms/v3_10000_01112.avi,1,10000,-2.9964,0,NO.
18,order,-0.5,data/videos_v3/int_7000ms/v3_7000_01044.avi,0,7000,-3.4925,0,NO.
18,order,-0.5,data/videos_v3/int_200ms/v3_200_00270.avi,1,200,-3.8749,0,NO.
18,order,-0.5,data/videos_v3/int_10000ms/v3_10000_01156.avi,1,10000,-4.1276,0,NO.
18,order,-0.5,data/videos_v3/int_333ms/v3_333_00301.avi,0,333,-3.5062,0,NO.
18,order,-0.5,data/videos_v3/int_2000ms/v3_2000_00733.avi,1,2000,-4.8771,0,NO.
18,order,-0.5,data/videos_v3/int_10000ms/v3_10000_01151.avi,0,10000,-4.378,0,NO.
18,order,-0.5,data/videos_v3/int_2000ms/v3_2000_00774.avi,0,2000,-4.7534,0,NO.
18,order,-0.5,data/videos_v3/int_10000ms/v3_10000_01134.avi,0,10000,-3.6248,0,NO.
18,order,-0.5,data/videos_v3/int_5000ms/v3_5000_00913.avi,0,5000,-4.1199,0,NO.
18,order,-0.5,data/videos_v3/int_500ms/v3_500_00465.avi,0,500,-4.9999,0,NO.
18,order,-0.5,data/videos_v3/int_1500ms/v3_1500_00601.avi,1,1500,-5.3784,0,NO.
18,order,-0.5,data/videos_v3/int_200ms/v3_200_00231.avi,0,200,-4.3728,0,NO.
18,order,-0.5,data/videos_v3/int_500ms/v3_500_00407.avi,1,500,-3.4892,0,NO.
18,order,-0.5,data/videos_v3/int_10000ms/v3_10000_01147.avi,1,10000,-3.1204,0,NO.
18,order,-0.5,data/videos_v3/int_500ms/v3_500_00469.avi,0,500,-4.6305,0,NO.
18,order,-0.5,data/videos_v3/int_500ms/v3_500_00479.avi,1,500,-3.8699,0,NO.
18,order,-0.5,data/videos_v3/int_333ms/v3_333_00311.avi,0,333,-3.7449,0,NO.
18,order,-0.5,data/videos_v3/int_3000ms/v3_3000_00822.avi,1,3000,-4.7499,0,NO.
18,order,-0.5,data/videos_v3/int_1500ms/v3_1500_00642.avi,0,1500,-4.1288,0,NO.
18,order,-0.5,data/videos_v3/int_3000ms/v3_3000_00847.avi,0,3000,-4.4999,0,NO.
18,order,-0.5,data/videos_v3/int_100ms/v3_100_00176.avi,0,100,-4.8807,0,NO.
18,order,-0.5,data/videos_v3/int_7000ms/v3_7000_01042.avi,0,7000,-4.1214,0,NO.
18,order,-0.5,data/videos_v3/int_333ms/v3_333_00382.avi,1,333,-3.8749,0,NO.
18,order,-0.5,data/videos_v3/int_7000ms/v3_7000_01063.avi,0,7000,-3.7543,0,NO.
18,order,-0.5,data/videos_v3/int_10000ms/v3_10000_01178.avi,1,10000,-2.6164,0,NO.
18,order,-0.5,data/videos_v3/int_67ms/v3_67_00068.avi,0,67,-3.6248,0,NO.
18,order,-0.5,data/videos_v3/int_1500ms/v3_1500_00616.avi,0,1500,-3.871,0,NO.
18,order,-0.5,data/videos_v3/int_200ms/v3_200_00200.avi,0,200,-4.2548,0,NO.
18,order,-0.5,data/videos_v3/int_2000ms/v3_2000_00791.avi,0,2000,-4.2564,0,NO.
18,order,-0.5,data/videos_v3/int_1500ms/v3_1500_00695.avi,0,1500,-4.1343,0,NO.
18,order,-0.5,data/videos_v3/int_500ms/v3_500_00415.avi,1,500,-3.6248,0,NO.
18,order,-0.5,data/videos_v3/int_10000ms/v3_10000_01194.avi,1,10000,-2.8709,0,NO.
18,order,-0.5,data/videos_v3/int_500ms/v3_500_00403.avi,1,500,-4.37,0,NO.
18,order,-0.5,data/videos_v3/int_2000ms/v3_2000_00752.avi,0,2000,-5.0038,0,NO.
18,order,-0.5,data/videos_v3/int_10000ms/v3_10000_01165.avi,0,10000,-4.2499,0,NO.
18,order,-0.5,data/videos_v3/int_500ms/v3_500_00464.avi,1,500,-3.4999,0,NO.
18,order,-0.5,data/videos_v3/int_500ms/v3_500_00492.avi,0,500,-4.1323,0,NO.
18,order,-0.5,data/videos_v3/int_5000ms/v3_5000_00928.avi,0,5000,-4.7543,0,NO.
18,order,-0.5,data/videos_v3/int_500ms/v3_500_00487.avi,0,500,-4.6293,0,NO.
18,order,-0.5,data/videos_v3/int_1000ms/v3_1000_00553.avi,0,1000,-3.9999,0,NO.
18,order,-0.5,data/videos_v3/int_7000ms/v3_7000_01000.avi,1,7000,-4.2464,0,NO.
18,order,-0.5,data/videos_v3/int_1500ms/v3_1500_00612.avi,0,1500,-4.0082,0,NO.
18,order,-0.5,data/videos_v3/int_10000ms/v3_10000_01127.avi,1,10000,-4.3749,0,NO.
18,order,-0.5,data/videos_v3/int_5000ms/v3_5000_00999.avi,0,5000,-4.3799,0,NO.
18,order,-0.5,data/videos_v3/int_7000ms/v3_7000_01069.avi,1,7000,-4.6219,0,NO.
18,order,-0.5,data/videos_v3/int_10000ms/v3_10000_01167.avi,0,10000,-3.4998,0,NO.
18,order,-0.5,data/videos_v3/int_7000ms/v3_7000_01019.avi,0,7000,-4.1191,0,NO.
18,order,-0.5,data/videos_v3/int_2000ms/v3_2000_00779.avi,0,2000,-4.1249,0,NO.
18,order,-0.5,data/videos_v3/int_1500ms/v3_1500_00647.avi,1,1500,-4.1249,0,NO.
18,order,-0.5,data/videos_v3/int_5000ms/v3_5000_00905.avi,1,5000,-4.1205,0,NO.
18,order,-0.5,data/videos_v3/int_1000ms/v3_1000_00586.avi,1,1000,-4.1249,0,NO.
18,order,-0.5,data/videos_v3/int_2000ms/v3_2000_00713.avi,0,2000,-4.3793,0,NO.
18,order,-0.5,data/videos_v3/int_1500ms/v3_1500_00644.avi,1,1500,-3.7455,0,NO.
18,order,-0.5,data/videos_v3/int_10000ms/v3_10000_01181.avi,0,10000,-3.6337,0,NO.
18,order,-0.5,data/videos_v3/int_3000ms/v3_3000_00873.avi,0,3000,-3.6283,0,NO.
18,order,-0.5,data/videos_v3/int_7000ms/v3_7000_01074.avi,0,7000,-2.8684,0,NO.
18,order,-0.5,data/videos_v3/int_1000ms/v3_1000_00535.avi,0,1000,-4.7465,0,NO.
18,order,-0.5,data/videos_v3/int_3000ms/v3_3000_00829.avi,0,3000,-4.6249,0,NO.
18,order,-0.5,data/videos_v3/int_3000ms/v3_3000_00823.avi,1,3000,-3.6354,0,NO.
18,order,-0.5,data/videos_v3/int_10000ms/v3_10000_01191.avi,0,10000,-3.4942,0,NO.
18,order,-0.5,data/videos_v3/int_1500ms/v3_1500_00618.avi,1,1500,-5.1284,0,NO.
18,order,-0.5,data/videos_v3/int_333ms/v3_333_00394.avi,0,333,-4.1312,0,NO.
18,order,-0.5,data/videos_v3/int_2000ms/v3_2000_00701.avi,1,2000,-4.2534,0,NO.
18,order,-0.5,data/videos_v3/int_1500ms/v3_1500_00681.avi,1,1500,-4.2582,0,NO.
18,order,-0.5,data/videos_v3/int_5000ms/v3_5000_00983.avi,0,5000,-3.7498,0,NO.
18,order,-0.5,data/videos_v3/int_333ms/v3_333_00388.avi,1,333,-5.0038,0,NO.
18,order,-0.5,data/videos_v3/int_1500ms/v3_1500_00669.avi,1,1500,-3.8749,0,NO.
18,order,-0.5,data/videos_v3/int_2000ms/v3_2000_00755.avi,1,2000,-4.2499,0,NO.
18,order,-0.5,data/videos_v3/int_1000ms/v3_1000_00566.avi,1,1000,-3.6185,0,NO.
18,order,-0.5,data/videos_v3/int_1000ms/v3_1000_00561.avi,1,1000,-3.9999,0,NO.
18,order,-0.5,data/videos_v3/int_1500ms/v3_1500_00674.avi,1,1500,-3.4964,0,NO.
18,order,-0.5,data/videos_v3/int_1000ms/v3_1000_00581.avi,1,1000,-3.9999,0,NO.
18,order,-0.5,data/videos_v3/int_5000ms/v3_5000_00908.avi,1,5000,-3.4999,0,NO.
18,order,-0.5,data/videos_v3/int_200ms/v3_200_00279.avi,1,200,-3.3748,0,NO.
18,order,-0.5,data/videos_v3/int_100ms/v3_100_00133.avi,1,100,-3.371,0,NO.
18,order,-0.5,data/videos_v3/int_1500ms/v3_1500_00666.avi,0,1500,-3.1006,0,NO.
18,order,-0.5,data/videos_v3/int_5000ms/v3_5000_00980.avi,0,5000,-3.2415,0,NO.
18,order,-0.5,data/videos_v3/int_3000ms/v3_3000_00833.avi,0,3000,-5.375,0,NO.
18,order,-0.5,data/videos_v3/int_333ms/v3_333_00336.avi,0,333,-3.8699,0,NO.
18,order,-0.5,data/videos_v3/int_333ms/v3_333_00329.avi,1,333,-4.3793,0,NO.
18,order,-0.5,data/videos_v3/int_500ms/v3_500_00491.avi,1,500,-3.4927,0,NO.
18,order,-0.5,data/videos_v3/int_10000ms/v3_10000_01125.avi,0,10000,-3.8749,0,NO.
18,order,-0.5,data/videos_v3/int_1000ms/v3_1000_00595.avi,0,1000,-3.3748,0,NO.
18,order,-0.5,data/videos_v3/int_2000ms/v3_2000_00778.avi,0,2000,-3.8749,0,NO.
18,order,-0.5,data/videos_v3/int_10000ms/v3_10000_01130.avi,0,10000,-4.1307,0,NO.
18,order,-0.5,data/videos_v3/int_200ms/v3_200_00223.avi,1,200,-3.9965,0,NO.
18,order,-0.5,data/videos_v3/int_5000ms/v3_5000_00921.avi,0,5000,-4.3793,0,NO.
18,order,-0.5,data/videos_v3/int_7000ms/v3_7000_01012.avi,1,7000,-3.6288,0,NO.
18,order,-0.5,data/videos_v3/int_10000ms/v3_10000_01108.avi,1,10000,-3.7443,0,NO.
18,order,-0.5,data/videos_v3/int_100ms/v3_100_00188.avi,1,100,-4.6249,0,NO.
18,order,-0.5,data/videos_v3/int_7000ms/v3_7000_01097.avi,0,7000,-4.1249,0,NO.
18,order,-0.5,data/videos_v3/int_1500ms/v3_1500_00677.avi,1,1500,-3.3677,0,NO.
18,order,-0.5,data/videos_v3/int_333ms/v3_333_00379.avi,1,333,-3.8749,0,NO.
18,order,-0.5,data/videos_v3/int_1000ms/v3_1000_00560.avi,1,1000,-4.3812,0,NO.
18,order,-0.5,data/videos_v3/int_2000ms/v3_2000_00716.avi,1,2000,-4.3749,0,NO.
18,order,-0.5,data/videos_v3/int_1000ms/v3_1000_00554.avi,0,1000,-3.3704,0,NO.
18,order,-0.5,data/videos_v3/int_200ms/v3_200_00268.avi,0,200,-4.1249,0,NO.
18,order,-0.5,data/videos_v3/int_1000ms/v3_1000_00529.avi,0,1000,-4.1249,0,NO.
18,order,-0.5,data/videos_v3/int_3000ms/v3_3000_00879.avi,0,3000,-4.7565,0,NO.
18,order,-0.5,data/videos_v3/int_2000ms/v3_2000_00777.avi,1,2000,-3.8677,0,NO.
18,order,-0.5,data/videos_v3/int_1000ms/v3_1000_00545.avi,0,1000,-4.6249,0,NO.
18,order,-0.5,data/videos_v3/int_1000ms/v3_1000_00520.avi,0,1000,-4.4999,0,NO.
18,order,-0.5,data/videos_v3/int_1500ms/v3_1500_00675.avi,0,1500,-3.8714,0,NO.
18,order,-0.5,data/videos_v3/int_10000ms/v3_10000_01126.avi,0,10000,-4.2539,0,NO.
18,order,-0.5,data/videos_v3/int_1500ms/v3_1500_00617.avi,0,1500,-3.8666,0,NO.
18,order,-0.5,data/videos_v3/int_3000ms/v3_3000_00885.avi,1,3000,-4.7538,0,NO.
18,order,-0.5,data/videos_v3/int_5000ms/v3_5000_00935.avi,0,5000,-5.125,0,NO.
18,order,-0.5,data/videos_v3/int_3000ms/v3_3000_00871.avi,1,3000,-4.0064,0,NO.
18,order,-0.5,data/videos_v3/int_1000ms/v3_1000_00598.avi,0,1000,-4.1249,0,NO.
18,order,-0.5,data/videos_v3/int_1500ms/v3_1500_00631.avi,1,1500,-4.5093,0,NO.
18,order,-0.5,data/videos_v3/int_5000ms/v3_5000_00968.avi,0,5000,-3.1192,0,NO.
18,order,-0.5,data/videos_v3/int_3000ms/v3_3000_00878.avi,0,3000,-3.8749,0,NO.
18,order,-0.5,data/videos_v3/int_1000ms/v3_1000_00551.avi,0,1000,-5.3784,0,NO.
18,order,-0.5,data/videos_v3/int_1000ms/v3_1000_00548.avi,1,1000,-4.3749,0,NO.
18,order,-0.5,data/videos_v3/int_1000ms/v3_1000_00509.avi,0,1000,-3.4949,0,NO.
18,order,-0.5,data/videos_v3/int_200ms/v3_200_00254.avi,1,200,-3.7554,0,NO.
18,order,-0.5,data/videos_v3/int_200ms/v3_200_00226.avi,0,200,-5.2499,0,NO.
18,order,-0.5,data/videos_v3/int_200ms/v3_200_00261.avi,1,200,-4.2499,0,NO.
18,order,-0.5,data/videos_v3/int_2000ms/v3_2000_00743.avi,1,2000,-3.8749,0,NO.
18,order,-0.5,data/videos_v3/int_7000ms/v3_7000_01031.avi,1,7000,-3.3614,0,NO.
18,order,-0.5,data/videos_v3/int_67ms/v3_67_00074.avi,1,67,-4.1328,0,NO.
18,order,-0.5,data/videos_v3/int_10000ms/v3_10000_01171.avi,0,10000,-4.2499,0,NO.
18,order,-0.5,data/videos_v3/int_100ms/v3_100_00127.avi,0,100,-4.0043,0,NO.
18,order,-0.5,data/videos_v3/int_100ms/v3_100_00137.avi,1,100,-3.4999,0,NO.
18,order,-0.5,data/videos_v3/int_67ms/v3_67_00095.avi,1,67,-3.9999,0,NO.
18,order,-0.5,data/videos_v3/int_1500ms/v3_1500_00659.avi,1,1500,-3.3748,0,NO.
18,order,-0.5,data/videos_v3/int_333ms/v3_333_00344.avi,0,333,-3.9999,0,NO.
18,order,-0.5,data/videos_v3/int_2000ms/v3_2000_00746.avi,1,2000,-3.7455,0,NO.
18,order,-0.5,data/videos_v3/int_200ms/v3_200_00294.avi,1,200,-3.4915,0,NO.
18,order,-0.5,data/videos_v3/int_3000ms/v3_3000_00854.avi,0,3000,-4.5034,0,NO.
18,order,-0.5,data/videos_v3/int_5000ms/v3_5000_00955.avi,0,5000,-4.1312,0,NO.
18,order,-0.5,data/videos_v3/int_7000ms/v3_7000_01036.avi,0,7000,-3.9954,0,NO.
18,order,-0.5,data/videos_v3/int_333ms/v3_333_00352.avi,0,333,-4.3793,0,NO.
18,order,-0.5,data/videos_v3/int_7000ms/v3_7000_01010.avi,0,7000,-5.1249,0,NO.
18,order,-0.5,data/videos_v3/int_1500ms/v3_1500_00624.avi,1,1500,-5.5,0,NO.
18,order,-0.5,data/videos_v3/int_10000ms/v3_10000_01101.avi,1,10000,-4.7499,0,NO.
18,order,-0.5,data/videos_v3/int_500ms/v3_500_00439.avi,0,500,-4.8793,0,NO.
18,order,-0.25,data/videos_v3/int_5000ms/v3_5000_00960.avi,1,5000,-2.2256,0,NO.
18,order,-0.25,data/videos_v3/int_500ms/v3_500_00401.avi,0,500,-4.1249,0,NO.
18,order,-0.25,data/videos_v3/int_500ms/v3_500_00417.avi,0,500,-2.7307,0,NO.
18,order,-0.25,data/videos_v3/int_333ms/v3_333_00354.avi,0,333,-2.9927,0,NO.
18,order,-0.25,data/videos_v3/int_2000ms/v3_2000_00717.avi,1,2000,-3.8749,0,NO.
18,order,-0.25,data/videos_v3/int_2000ms/v3_2000_00789.avi,0,2000,-2.2157,0,NO.
18,order,-0.25,data/videos_v3/int_10000ms/v3_10000_01184.avi,0,10000,-3.7393,0,NO.
18,order,-0.25,data/videos_v3/int_7000ms/v3_7000_01090.avi,1,7000,-2.7116,0,NO.
18,order,-0.25,data/videos_v3/int_1500ms/v3_1500_00634.avi,0,1500,-2.8534,0,NO.
18,order,-0.25,data/videos_v3/int_500ms/v3_500_00459.avi,1,500,-2.6057,0,NO.
18,order,-0.25,data/videos_v3/int_7000ms/v3_7000_01058.avi,0,7000,-3.3693,0,NO.
18,order,-0.25,data/videos_v3/int_3000ms/v3_3000_00860.avi,1,3000,-3.4999,0,NO.
18,order,-0.25,data/videos_v3/int_2000ms/v3_2000_00708.avi,0,2000,-2.8837,0,NO.
18,order,-0.25,data/videos_v3/int_2000ms/v3_2000_00773.avi,0,2000,-4.0069,0,NO.
18,order,-0.25,data/videos_v3/int_1000ms/v3_1000_00525.avi,1,1000,-3.1338,0,NO.
18,order,-0.25,data/videos_v3/int_1000ms/v3_1000_00558.avi,1,1000,-4.2499,0,NO.
18,order,-0.25,data/videos_v3/int_200ms/v3_200_00242.avi,0,200,-3.6148,0,NO.
18,order,-0.25,data/videos_v3/int_333ms/v3_333_00396.avi,1,333,-4.1098,0,NO.
18,order,-0.25,data/videos_v3/int_1500ms/v3_1500_00641.avi,1,1500,-2.4908,0,NO.
18,order,-0.25,data/videos_v3/int_1000ms/v3_1000_00576.avi,0,1000,-3.4905,0,NO.
18,order,-0.25,data/videos_v3/int_10000ms/v3_10000_01192.avi,0,10000,-2.4783,0,NO.
18,order,-0.25,data/videos_v3/int_5000ms/v3_5000_00951.avi,0,5000,-3.0265,0,NO.
18,order,-0.25,data/videos_v3/int_7000ms/v3_7000_01060.avi,0,7000,-3.2498,0,NO.
18,order,-0.25,data/videos_v3/int_1000ms/v3_1000_00518.avi,0,1000,-2.9897,0,NO.
18,order,-0.25,data/videos_v3/int_10000ms/v3_10000_01140.avi,0,10000,-2.6121,0,NO.
18,order,-0.25,data/videos_v3/int_2000ms/v3_2000_00706.avi,0,2000,-4.1249,0,NO.
18,order,-0.25,data/videos_v3/int_100ms/v3_100_00125.avi,0,100,-2.3838,0,NO.
18,order,-0.25,data/videos_v3/int_1500ms/v3_1500_00670.avi,1,1500,-2.2497,0,NO.
18,order,-0.25,data/videos_v3/int_100ms/v3_100_00149.avi,0,100,-2.9998,0,NO.
18,order,-0.25,data/videos_v3/int_3000ms/v3_3000_00849.avi,0,3000,-4.0062,0,NO.
18,order,-0.25,data/videos_v3/int_2000ms/v3_2000_00795.avi,1,2000,-3.7419,0,NO.
18,order,-0.25,data/videos_v3/int_333ms/v3_333_00333.avi,0,333,-3.7428,0,NO.
18,order,-0.25,data/videos_v3/int_500ms/v3_500_00404.avi,1,500,-3.2427,0,NO.
18,order,-0.25,data/videos_v3/int_67ms/v3_67_00059.avi,1,67,-2.2384,0,NO.
18,order,-0.25,data/videos_v3/int_7000ms/v3_7000_01034.avi,1,7000,-2.7448,0,NO.
18,order,-0.25,data/videos_v3/int_333ms/v3_333_00356.avi,1,333,-2.6088,0,NO.
18,order,-0.25,data/videos_v3/int_5000ms/v3_5000_00932.avi,0,5000,-2.4883,0,NO.
18,order,-0.25,data/videos_v3/int_5000ms/v3_5000_00966.avi,1,5000,-3.8812,0,NO.
18,order,-0.25,data/videos_v3/int_1000ms/v3_1000_00584.avi,1,1000,-2.9884,0,NO.
18,order,-0.25,data/videos_v3/int_333ms/v3_333_00350.avi,0,333,-1.7195,0,NO.
18,order,-0.25,data/videos_v3/int_3000ms/v3_3000_00813.avi,0,3000,-3.8812,0,NO.
18,order,-0.25,data/videos_v3/int_1500ms/v3_1500_00663.avi,0,1500,-4.0062,0,NO.
18,order,-0.25,data/videos_v3/int_7000ms/v3_7000_01098.avi,0,7000,-3.2307,0,NO.
18,order,-0.25,data/videos_v3/int_200ms/v3_200_00245.avi,0,200,-3.7498,0,NO.
18,order,-0.25,data/videos_v3/int_10000ms/v3_10000_01107.avi,1,10000,-2.4856,0,NO.
18,order,-0.25,data/videos_v3/int_3000ms/v3_3000_00892.avi,0,3000,-4.1249,0,NO.
18,order,-0.25,data/videos_v3/int_2000ms/v3_2000_00771.avi,0,2000,-2.8647,0,NO.
18,order,-0.25,data/videos_v3/int_2000ms/v3_2000_00767.avi,0,2000,-3.2408,0,NO.
18,order,-0.25,data/videos_v3/int_200ms/v3_200_00283.avi,1,200,-2.4896,0,NO.
18,order,-0.25,data/videos_v3/int_200ms/v3_200_00224.avi,1,200,-2.4907,0,NO.
18,order,-0.25,data/videos_v3/int_2000ms/v3_2000_00790.avi,1,2000,-3.1148,0,NO.
18,order,-0.25,data/videos_v3/int_10000ms/v3_10000_01173.avi,1,10000,-2.2355,0,NO.
18,order,-0.25,data/videos_v3/int_500ms/v3_500_00440.avi,1,500,-2.7497,0,NO.
18,order,-0.25,data/videos_v3/int_500ms/v3_500_00494.avi,0,500,-3.1168,0,NO.
18,order,-0.25,data/videos_v3/int_2000ms/v3_2000_00719.avi,1,2000,-3.3748,0,NO.
18,order,-0.25,data/videos_v3/int_3000ms/v3_3000_00867.avi,0,3000,-3.1248,0,NO.
18,order,-0.25,data/videos_v3/int_500ms/v3_500_00468.avi,0,500,-3.2588,0,NO.
18,order,-0.25,data/videos_v3/int_7000ms/v3_7000_01052.avi,1,7000,-2.8657,0,NO.
18,order,-0.25,data/videos_v3/int_10000ms/v3_10000_01120.avi,0,10000,-3.5078,0,NO.
18,order,-0.25,data/videos_v3/int_10000ms/v3_10000_01146.avi,1,10000,-2.2408,0,NO.
18,order,-0.25,data/videos_v3/int_67ms/v3_67_00038.avi,1,67,-2.2408,0,NO.
18,order,-0.25,data/videos_v3/int_2000ms/v3_2000_00762.avi,0,2000,-3.2379,0,NO.
18,order,-0.25,data/videos_v3/int_10000ms/v3_10000_01112.avi,1,10000,-2.1096,0,NO.
18,order,-0.25,data/videos_v3/int_7000ms/v3_7000_01044.avi,0,7000,-2.2396,0,NO.
18,order,-0.25,data/videos_v3/int_200ms/v3_200_00270.avi,1,200,-3.1097,0,NO.
18,order,-0.25,data/videos_v3/int_10000ms/v3_10000_01156.avi,1,10000,-2.8812,0,NO.
18,order,-0.25,data/videos_v3/int_333ms/v3_333_00301.avi,0,333,-2.7372,0,NO.
18,order,-0.25,data/videos_v3/int_2000ms/v3_2000_00733.avi,1,2000,-4.1249,0,NO.
18,order,-0.25,data/videos_v3/int_10000ms/v3_10000_01151.avi,0,10000,-3.8678,0,NO.
18,order,-0.25,data/videos_v3/int_2000ms/v3_2000_00774.avi,0,2000,-3.9999,0,NO.
18,order,-0.25,data/videos_v3/int_10000ms/v3_10000_01134.avi,0,10000,-2.8634,0,NO.
18,order,-0.25,data/videos_v3/int_5000ms/v3_5000_00913.avi,0,5000,-2.8658,0,NO.
18,order,-0.25,data/videos_v3/int_500ms/v3_500_00465.avi,0,500,-4.4999,0,NO.
18,order,-0.25,data/videos_v3/int_1500ms/v3_1500_00601.avi,1,1500,-4.7618,0,NO.
18,order,-0.25,data/videos_v3/int_200ms/v3_200_00231.avi,0,200,-3.3643,0,NO.
18,order,-0.25,data/videos_v3/int_500ms/v3_500_00407.avi,1,500,-2.2156,0,NO.
18,order,-0.25,data/videos_v3/int_10000ms/v3_10000_01147.avi,1,10000,-2.2328,0,NO.
18,order,-0.25,data/videos_v3/int_500ms/v3_500_00469.avi,0,500,-3.6349,0,NO.
18,order,-0.25,data/videos_v3/int_500ms/v3_500_00479.avi,1,500,-2.9807,0,NO.
18,order,-0.25,data/videos_v3/int_333ms/v3_333_00311.avi,0,333,-2.6247,0,NO.
18,order,-0.25,data/videos_v3/int_3000ms/v3_3000_00822.avi,1,3000,-3.882,0,NO.
18,order,-0.25,data/videos_v3/int_1500ms/v3_1500_00642.avi,0,1500,-3.3669,0,NO.
18,order,-0.25,data/videos_v3/int_3000ms/v3_3000_00847.avi,0,3000,-3.9928,0,NO.
18,order,-0.25,data/videos_v3/int_100ms/v3_100_00176.avi,0,100,-4.2499,0,NO.
18,order,-0.25,data/videos_v3/int_7000ms/v3_7000_01042.avi,0,7000,-3.3748,0,NO.
18,order,-0.25,data/videos_v3/int_333ms/v3_333_00382.avi,1,333,-2.8748,0,NO.
18,order,-0.25,data/videos_v3/int_7000ms/v3_7000_01063.avi,0,7000,-2.7408,0,NO.
18,order,-0.25,data/videos_v3/int_10000ms/v3_10000_01178.avi,1,10000,-1.4756,0,NO.
18,order,-0.25,data/videos_v3/int_67ms/v3_67_00068.avi,0,67,-2.7355,0,NO.
18,order,-0.25,data/videos_v3/int_1500ms/v3_1500_00616.avi,0,1500,-2.8507,0,NO.
18,order,-0.25,data/videos_v3/int_200ms/v3_200_00200.avi,0,200,-3.261,0,NO.
18,order,-0.25,data/videos_v3/int_2000ms/v3_2000_00791.avi,0,2000,-3.1418,0,NO.
18,order,-0.25,data/videos_v3/int_1500ms/v3_1500_00695.avi,0,1500,-3.2737,0,NO.
18,order,-0.25,data/videos_v3/int_500ms/v3_500_00415.avi,1,500,-2.4625,0,NO.
18,order,-0.25,data/videos_v3/int_10000ms/v3_10000_01194.avi,1,10000,-1.7395,0,NO.
18,order,-0.25,data/videos_v3/int_500ms/v3_500_00403.avi,1,500,-3.6098,0,NO.
18,order,-0.25,data/videos_v3/int_2000ms/v3_2000_00752.avi,0,2000,-4.3883,0,NO.
18,order,-0.25,data/videos_v3/int_10000ms/v3_10000_01165.avi,0,10000,-3.1185,0,NO.
18,order,-0.25,data/videos_v3/int_500ms/v3_500_00464.avi,1,500,-2.3557,0,NO.
18,order,-0.25,data/videos_v3/int_500ms/v3_500_00492.avi,0,500,-3.3647,0,NO.
18,order,-0.25,data/videos_v3/int_5000ms/v3_5000_00928.avi,0,5000,-4.2562,0,NO.
18,order,-0.25,data/videos_v3/int_500ms/v3_500_00487.avi,0,500,-3.8749,0,NO.
18,order,-0.25,data/videos_v3/int_1000ms/v3_1000_00553.avi,0,1000,-2.9828,0,NO.
18,order,-0.25,data/videos_v3/int_7000ms/v3_7000_01000.avi,1,7000,-3.1248,0,NO.
18,order,-0.25,data/videos_v3/int_1500ms/v3_1500_00612.avi,0,1500,-3.5149,0,NO.
18,order,-0.25,data/videos_v3/int_10000ms/v3_10000_01127.avi,1,10000,-3.4936,0,NO.
18,order,-0.25,data/videos_v3/int_5000ms/v3_5000_00999.avi,0,5000,-3.7499,0,NO.
18,order,-0.25,data/videos_v3/int_7000ms/v3_7000_01069.avi,1,7000,-3.6098,0,NO.
18,order,-0.25,data/videos_v3/int_10000ms/v3_10000_01167.avi,0,10000,-2.8634,0,NO.
18,order,-0.25,data/videos_v3/int_7000ms/v3_7000_01019.avi,0,7000,-3.2393,0,NO.
18,order,-0.25,data/videos_v3/int_2000ms/v3_2000_00779.avi,0,2000,-3.3749,0,NO.
18,order,-0.25,data/videos_v3/int_1500ms/v3_1500_00647.avi,1,1500,-3.1177,0,NO.
18,order,-0.25,data/videos_v3/int_5000ms/v3_5000_00905.avi,1,5000,-2.9896,0,NO.
18,order,-0.25,data/videos_v3/int_1000ms/v3_1000_00586.avi,1,1000,-2.9871,0,NO.
18,order,-0.25,data/videos_v3/int_2000ms/v3_2000_00713.avi,0,2000,-3.7588,0,NO.
18,order,-0.25,data/videos_v3/int_1500ms/v3_1500_00644.avi,1,1500,-2.7284,0,NO.
18,order,-0.25,data/videos_v3/int_10000ms/v3_10000_01181.avi,0,10000,-2.8606,0,NO.
18,order,-0.25,data/videos_v3/int_3000ms/v3_3000_00873.avi,0,3000,-2.4997,0,NO.
18,order,-0.25,data/videos_v3/int_7000ms/v3_7000_01074.avi,0,7000,-1.9696,0,NO.
18,order,-0.25,data/videos_v3/int_1000ms/v3_1000_00535.avi,0,1000,-3.9893,0,NO.
18,order,-0.25,data/videos_v3/int_3000ms/v3_3000_00829.avi,0,3000,-3.3749,0,NO.
18,order,-0.25,data/videos_v3/int_3000ms/v3_3000_00823.avi,1,3000,-2.4998,0,NO.
18,order,-0.25,data/videos_v3/int_10000ms/v3_10000_01191.avi,0,10000,-2.6134,0,NO.
18,order,-0.25,data/videos_v3/int_1500ms/v3_1500_00618.avi,1,1500,-4.4999,0,NO.
18,order,-0.25,data/videos_v3/int_333ms/v3_333_00394.avi,0,333,-3.3748,0,NO.
18,order,-0.25,data/videos_v3/int_2000ms/v3_2000_00701.avi,1,2000,-3.4999,0,NO.
18,order,-0.25,data/videos_v3/int_1500ms/v3_1500_00681.avi,1,1500,-3.7555,0,NO.
18,order,-0.25,data/videos_v3/int_5000ms/v3_5000_00983.avi,0,5000,-2.8646,0,NO.
18,order,-0.25,data/videos_v3/int_333ms/v3_333_00388.avi,1,333,-4.2562,0,NO.
18,order,-0.25,data/videos_v3/int_1500ms/v3_1500_00669.avi,1,1500,-2.8748,0,NO.
18,order,-0.25,data/videos_v3/int_2000ms/v3_2000_00755.avi,1,2000,-3.4998,0,NO.
18,order,-0.25,data/videos_v3/int_1000ms/v3_1000_00566.avi,1,1000,-2.5978,0,NO.
18,order,-0.25,data/videos_v3/int_1000ms/v3_1000_00561.avi,1,1000,-2.9871,0,NO.
18,order,-0.25,data/videos_v3/int_1500ms/v3_1500_00674.avi,1,1500,-2.3596,0,NO.
18,order,-0.25,data/videos_v3/int_1000ms/v3_1000_00581.avi,1,1000,-3.1057,0,NO.
18,order,-0.25,data/videos_v3/int_5000ms/v3_5000_00908.avi,1,5000,-2.4998,0,NO.
18,order,-0.25,data/videos_v3/int_200ms/v3_200_00279.avi,1,200,-2.3557,0,NO.
18,order,-0.25,data/videos_v3/int_100ms/v3_100_00133.avi,1,100,-2.2328,0,NO.
18,order,-0.25,data/videos_v3/int_1500ms/v3_1500_00666.avi,0,1500,-1.9622,0,NO.
18,order,-0.25,data/videos_v3/int_5000ms/v3_5000_00980.avi,0,5000,-2.2306,0,NO.
18,order,-0.25,data/videos_v3/int_3000ms/v3_3000_00833.avi,0,3000,-4.257,0,NO.
18,order,-0.25,data/videos_v3/int_333ms/v3_333_00336.avi,0,333,-2.8533,0,NO.
18,order,-0.25,data/videos_v3/int_333ms/v3_333_00329.avi,1,333,-3.7348,0,NO.
18,order,-0.25,data/videos_v3/int_500ms/v3_500_00491.avi,1,500,-2.5947,0,NO.
18,order,-0.25,data/videos_v3/int_10000ms/v3_10000_01125.avi,0,10000,-3.1361,0,NO.
18,order,-0.25,data/videos_v3/int_1000ms/v3_1000_00595.avi,0,1000,-2.4729,0,NO.
18,order,-0.25,data/videos_v3/int_2000ms/v3_2000_00778.avi,0,2000,-2.9807,0,NO.
18,order,-0.25,data/videos_v3/int_10000ms/v3_10000_01130.avi,0,10000,-3.2498,0,NO.
18,order,-0.25,data/videos_v3/int_200ms/v3_200_00223.avi,1,200,-3.1248,0,NO.
18,order,-0.25,data/videos_v3/int_5000ms/v3_5000_00921.avi,0,5000,-3.6178,0,NO.
18,order,-0.25,data/videos_v3/int_7000ms/v3_7000_01012.avi,1,7000,-2.8668,0,NO.
18,order,-0.25,data/videos_v3/int_10000ms/v3_10000_01108.avi,1,10000,-2.7384,0,NO.
18,order,-0.25,data/videos_v3/int_100ms/v3_100_00188.avi,1,100,-3.6249,0,NO.
18,order,-0.25,data/videos_v3/int_7000ms/v3_7000_01097.avi,0,7000,-3.3659,0,NO.
18,order,-0.25,data/videos_v3/int_1500ms/v3_1500_00677.avi,1,1500,-2.3479,0,NO.
18,order,-0.25,data/videos_v3/int_333ms/v3_333_00379.avi,1,333,-2.9918,0,NO.
18,order,-0.25,data/videos_v3/int_1000ms/v3_1000_00560.avi,1,1000,-3.7611,0,NO.
18,order,-0.25,data/videos_v3/int_2000ms/v3_2000_00716.avi,1,2000,-3.4998,0,NO.
18,order,-0.25,data/videos_v3/int_1000ms/v3_1000_00554.avi,0,1000,-2.3557,0,NO.
18,order,-0.25,data/videos_v3/int_200ms/v3_200_00268.avi,0,200,-3.2385,0,NO.
18,order,-0.25,data/videos_v3/int_1000ms/v3_1000_00529.avi,0,1000,-3.1114,0,NO.
18,order,-0.25,data/videos_v3/int_3000ms/v3_3000_00879.avi,0,3000,-3.882,0,NO.
18,order,-0.25,data/videos_v3/int_2000ms/v3_2000_00777.avi,1,2000,-2.8848,0,NO.
18,order,-0.25,data/videos_v3/int_1000ms/v3_1000_00545.avi,0,1000,-3.8749,0,NO.
18,order,-0.25,data/videos_v3/int_1000ms/v3_1000_00520.avi,0,1000,-3.8678,0,NO.
18,order,-0.25,data/videos_v3/int_1500ms/v3_1500_00675.avi,0,1500,-3.1097,0,NO.
18,order,-0.25,data/videos_v3/int_10000ms/v3_10000_01126.avi,0,10000,-3.2618,0,NO.
18,order,-0.25,data/videos_v3/int_1500ms/v3_1500_00617.avi,0,1500,-2.8646,0,NO.
18,order,-0.25,data/videos_v3/int_3000ms/v3_3000_00885.avi,1,3000,-3.7499,0,NO.
18,order,-0.25,data/videos_v3/int_5000ms/v3_5000_00935.avi,0,5000,-4.6249,0,NO.
18,order,-0.25,data/videos_v3/int_3000ms/v3_3000_00871.avi,1,3000,-3.382,0,NO.
18,order,-0.25,data/videos_v3/int_1000ms/v3_1000_00598.avi,0,1000,-2.9864,0,NO.
18,order,-0.25,data/videos_v3/int_1500ms/v3_1500_00631.avi,1,1500,-3.8838,0,NO.
18,order,-0.25,data/videos_v3/int_5000ms/v3_5000_00968.avi,0,5000,-2.237,0,NO.
18,order,-0.25,data/videos_v3/int_3000ms/v3_3000_00878.avi,0,3000,-2.9918,0,NO.
18,order,-0.25,data/videos_v3/int_1000ms/v3_1000_00551.avi,0,1000,-5.25,0,NO.
18,order,-0.25,data/videos_v3/int_1000ms/v3_1000_00548.avi,1,1000,-3.4936,0,NO.
18,order,-0.25,data/videos_v3/int_1000ms/v3_1000_00509.avi,0,1000,-2.3533,0,NO.
18,order,-0.25,data/videos_v3/int_200ms/v3_200_00254.avi,1,200,-2.9897,0,NO.
18,order,-0.25,data/videos_v3/int_200ms/v3_200_00226.avi,0,200,-4.4919,0,NO.
18,order,-0.25,data/videos_v3/int_200ms/v3_200_00261.avi,1,200,-3.6115,0,NO.
18,order,-0.25,data/videos_v3/int_2000ms/v3_2000_00743.avi,1,2000,-2.9919,0,NO.
18,order,-0.25,data/videos_v3/int_7000ms/v3_7000_01031.avi,1,7000,-1.9839,0,NO.
18,order,-0.25,data/videos_v3/int_67ms/v3_67_00074.avi,1,67,-3.6122,0,NO.
18,order,-0.25,data/videos_v3/int_10000ms/v3_10000_01171.avi,0,10000,-3.6058,0,NO.
18,order,-0.25,data/videos_v3/int_100ms/v3_100_00127.avi,0,100,-3.1034,0,NO.
18,order,-0.25,data/videos_v3/int_100ms/v3_100_00137.avi,1,100,-2.6134,0,NO.
18,order,-0.25,data/videos_v3/int_67ms/v3_67_00095.avi,1,67,-3.507,0,NO.
18,order,-0.25,data/videos_v3/int_1500ms/v3_1500_00659.avi,1,1500,-2.237,0,NO.
18,order,-0.25,data/videos_v3/int_333ms/v3_333_00344.avi,0,333,-3.2435,0,NO.
18,order,-0.25,data/videos_v3/int_2000ms/v3_2000_00746.avi,1,2000,-2.6248,0,NO.
18,order,-0.25,data/videos_v3/int_200ms/v3_200_00294.avi,1,200,-2.3646,0,NO.
18,order,-0.25,data/videos_v3/int_3000ms/v3_3000_00854.avi,0,3000,-3.6249,0,NO.
18,order,-0.25,data/videos_v3/int_5000ms/v3_5000_00955.avi,0,5000,-3.2599,0,NO.
18,order,-0.25,data/videos_v3/int_7000ms/v3_7000_01036.avi,0,7000,-3.1158,0,NO.
18,order,-0.25,data/videos_v3/int_333ms/v3_333_00352.avi,0,333,-3.3849,0,NO.
18,order,-0.25,data/videos_v3/int_7000ms/v3_7000_01010.avi,0,7000,-4.3693,0,NO.
18,order,-0.25,data/videos_v3/int_1500ms/v3_1500_00624.avi,1,1500,-4.5043,0,NO.
18,order,-0.25,data/videos_v3/int_10000ms/v3_10000_01101.avi,1,10000,-3.6249,0,NO.
18,order,-0.25,data/videos_v3/int_500ms/v3_500_00439.avi,0,500,-4.2499,0,NO.
18,order,0.25,data/videos_v3/int_5000ms/v3_5000_00960.avi,1,5000,2.7629,1,YES.
18,order,0.25,data/videos_v3/int_500ms/v3_500_00401.avi,0,500,-0.4282,0,NO.
18,order,0.25,data/videos_v3/int_500ms/v3_500_00417.avi,0,500,1.4262,1,YES.
18,order,0.25,data/videos_v3/int_333ms/v3_333_00354.avi,0,333,0.5654,1,YES.
18,order,0.25,data/videos_v3/int_2000ms/v3_2000_00717.avi,1,2000,0.4474,1,YES.
18,order,0.25,data/videos_v3/int_2000ms/v3_2000_00789.avi,0,2000,2.8999,1,YES.
18,order,0.25,data/videos_v3/int_10000ms/v3_10000_01184.avi,0,10000,0.2909,1,YES.
18,order,0.25,data/videos_v3/int_7000ms/v3_7000_01090.avi,1,7000,1.9154,1,YES.
18,order,0.25,data/videos_v3/int_1500ms/v3_1500_00634.avi,0,1500,1.9035,1,YES.
18,order,0.25,data/videos_v3/int_500ms/v3_500_00459.avi,1,500,2.2687,1,YES.
18,order,0.25,data/videos_v3/int_7000ms/v3_7000_01058.avi,0,7000,0.9158,1,YES.
18,order,0.25,data/videos_v3/int_3000ms/v3_3000_00860.avi,1,3000,0.4467,1,YES.
18,order,0.25,data/videos_v3/int_2000ms/v3_2000_00708.avi,0,2000,1.2885,1,YES.
18,order,0.25,data/videos_v3/int_2000ms/v3_2000_00773.avi,0,2000,-0.8207,0,NO.
18,order,0.25,data/videos_v3/int_1000ms/v3_1000_00525.avi,1,1000,1.4055,1,YES.
18,order,0.25,data/videos_v3/int_1000ms/v3_1000_00558.avi,1,1000,-0.0439,0,NO.
18,order,0.25,data/videos_v3/int_200ms/v3_200_00242.avi,0,200,-0.05,0,NO.
18,order,0.25,data/videos_v3/int_333ms/v3_333_00396.avi,1,333,0.4269,1,YES.
18,order,0.25,data/videos_v3/int_1500ms/v3_1500_00641.avi,1,1500,1.1712,1,YES.
18,order,0.25,data/videos_v3/int_1000ms/v3_1000_00576.avi,0,1000,0.5463,1,YES.
18,order,0.25,data/videos_v3/int_10000ms/v3_10000_01192.avi,0,10000,1.1636,1,YES.
18,order,0.25,data/videos_v3/int_5000ms/v3_5000_00951.avi,0,5000,0.8041,1,YES.
18,order,0.25,data/videos_v3/int_7000ms/v3_7000_01060.avi,0,7000,1.0362,1,YES.
18,order,0.25,data/videos_v3/int_1000ms/v3_1000_00518.avi,0,1000,0.7907,1,YES.
18,order,0.25,data/videos_v3/int_10000ms/v3_10000_01140.avi,0,10000,2.1535,1,YES.
18,order,0.25,data/videos_v3/int_2000ms/v3_2000_00706.avi,0,2000,0.4403,1,YES.
18,order,0.25,data/videos_v3/int_100ms/v3_100_00125.avi,0,100,2.5199,1,YES.
18,order,0.25,data/videos_v3/int_1500ms/v3_1500_00670.avi,1,1500,2.2823,1,YES.
18,order,0.25,data/videos_v3/int_100ms/v3_100_00149.avi,0,100,0.8153,1,YES.
18,order,0.25,data/videos_v3/int_3000ms/v3_3000_00849.avi,0,3000,0.7932,1,YES.
18,order,0.25,data/videos_v3/int_2000ms/v3_2000_00795.avi,1,2000,0.6982,1,YES.
18,order,0.25,data/videos_v3/int_333ms/v3_333_00333.avi,0,333,-0.0609,0,NO.
18,order,0.25,data/videos_v3/int_500ms/v3_500_00404.avi,1,500,2.3906,1,YES.
18,order,0.25,data/videos_v3/int_67ms/v3_67_00059.avi,1,67,2.1398,1,YES.
18,order,0.25,data/videos_v3/int_7000ms/v3_7000_01034.avi,1,7000,1.7638,1,YES.
18,order,0.25,data/videos_v3/int_333ms/v3_333_00356.avi,1,333,2.0285,1,YES.
18,order,0.25,data/videos_v3/int_5000ms/v3_5000_00932.avi,0,5000,1.2806,1,YES.
18,order,0.25,data/videos_v3/int_5000ms/v3_5000_00966.avi,1,5000,0.6682,1,YES.
18,order,0.25,data/videos_v3/int_1000ms/v3_1000_00584.avi,1,1000,0.7984,1,YES.
18,order,0.25,data/videos_v3/int_333ms/v3_333_00350.avi,0,333,2.7738,1,YES.
18,order,0.25,data/videos_v3/int_3000ms/v3_3000_00813.avi,0,3000,0.6966,1,YES.
18,order,0.25,data/videos_v3/int_1500ms/v3_1500_00663.avi,0,1500,-0.3108,0,NO.
18,order,0.25,data/videos_v3/int_7000ms/v3_7000_01098.avi,0,7000,2.2726,1,YES.
18,order,0.25,data/videos_v3/int_200ms/v3_200_00245.avi,0,200,-0.3075,0,NO.
18,order,0.25,data/videos_v3/int_10000ms/v3_10000_01107.avi,1,10000,2.0358,1,YES.
18,order,0.25,data/videos_v3/int_3000ms/v3_3000_00892.avi,0,3000,0.052,0,NO.
18,order,0.25,data/videos_v3/int_2000ms/v3_2000_00771.avi,0,2000,1.3082,1,YES.
18,order,0.25,data/videos_v3/int_2000ms/v3_2000_00767.avi,0,2000,1.0432,1,YES.
18,order,0.25,data/videos_v3/int_200ms/v3_200_00283.avi,1,200,2.5211,1,YES.
18,order,0.25,data/videos_v3/int_200ms/v3_200_00224.avi,1,200,2.2696,1,YES.
18,order,0.25,data/videos_v3/int_2000ms/v3_2000_00790.avi,1,2000,1.1832,1,YES.
18,order,0.25,data/videos_v3/int_10000ms/v3_10000_01173.avi,1,10000,3.8888,1,YES.
18,order,0.25,data/videos_v3/int_500ms/v3_500_00440.avi,1,500,0.9094,1,YES.
18,order,0.25,data/videos_v3/int_500ms/v3_500_00494.avi,0,500,0.6657,1,YES.
18,order,0.25,data/videos_v3/int_2000ms/v3_2000_00719.avi,1,2000,1.166,1,YES.
18,order,0.25,data/videos_v3/int_3000ms/v3_3000_00867.avi,0,3000,2.1705,1,YES.
18,order,0.25,data/videos_v3/int_500ms/v3_500_00468.avi,0,500,0.6904,1,YES.
18,order,0.25,data/videos_v3/int_7000ms/v3_7000_01052.avi,1,7000,2.6463,1,YES.
18,order,0.25,data/videos_v3/int_10000ms/v3_10000_01120.avi,0,10000,0.448,1,YES.
18,order,0.25,data/videos_v3/int_10000ms/v3_10000_01146.avi,1,10000,2.0156,1,YES.
18,order,0.25,data/videos_v3/int_67ms/v3_67_00038.avi,1,67,1.8974,1,YES.
18,order,0.25,data/videos_v3/int_2000ms/v3_2000_00762.avi,0,2000,1.1505,1,YES.
18,order,0.25,data/videos_v3/int_10000ms/v3_10000_01112.avi,1,10000,2.3898,1,YES.
18,order,0.25,data/videos_v3/int_7000ms/v3_7000_01044.avi,0,7000,2.6386,1,YES.
18,order,0.25,data/videos_v3/int_200ms/v3_200_00270.avi,1,200,1.6568,1,YES.
18,order,0.25,data/videos_v3/int_10000ms/v3_10000_01156.avi,1,10000,1.2906,1,YES.
18,order,0.25,data/videos_v3/int_333ms/v3_333_00301.avi,0,333,1.6611,1,YES.
18,order,0.25,data/videos_v3/int_2000ms/v3_2000_00733.avi,1,2000,0.1834,1,YES.
18,order,0.25,data/videos_v3/int_10000ms/v3_10000_01151.avi,0,10000,-0.6609,0,NO.
18,order,0.25,data/videos_v3/int_2000ms/v3_2000_00774.avi,0,2000,0.6981,1,YES.
18,order,0.25,data/videos_v3/int_10000ms/v3_10000_01134.avi,0,10000,1.6635,1,YES.
18,order,0.25,data/videos_v3/int_5000ms/v3_5000_00913.avi,0,5000,2.0287,1,YES.
18,order,0.25,data/videos_v3/int_500ms/v3_500_00465.avi,0,500,-0.8033,0,NO.
18,order,0.25,data/videos_v3/int_1500ms/v3_1500_00601.avi,1,1500,-0.9109,0,NO.
18,order,0.25,data/videos_v3/int_200ms/v3_200_00231.avi,0,200,0.8021,1,YES.
18,order,0.25,data/videos_v3/int_500ms/v3_500_00407.avi,1,500,3.2586,1,YES.
18,order,0.25,data/videos_v3/int_10000ms/v3_10000_01147.avi,1,10000,2.2614,1,YES.
18,order,0.25,data/videos_v3/int_500ms/v3_500_00469.avi,0,500,0.455,1,YES.
18,order,0.25,data/videos_v3/int_500ms/v3_500_00479.avi,1,500,2.2781,1,YES.
18,order,0.25,data/videos_v3/int_333ms/v3_333_00311.avi,0,333,2.1449,1,YES.
18,order,0.25,data/videos_v3/int_3000ms/v3_3000_00822.avi,1,3000,-0.151,0,NO.
18,order,0.25,data/videos_v3/int_1500ms/v3_1500_00642.avi,0,1500,0.4324,1,YES.
18,order,0.25,data/videos_v3/int_3000ms/v3_3000_00847.avi,0,3000,0.4182,1,YES.
18,order,0.25,data/videos_v3/int_100ms/v3_100_00176.avi,0,100,-0.9425,0,NO.
18,order,0.25,data/videos_v3/int_7000ms/v3_7000_01042.avi,0,7000,0.1825,1,YES.
18,order,0.25,data/videos_v3/int_333ms/v3_333_00382.avi,1,333,1.2825,1,YES.
18,order,0.25,data/videos_v3/int_7000ms/v3_7000_01063.avi,0,7000,1.4157,1,YES.
18,order,0.25,data/videos_v3/int_10000ms/v3_10000_01178.avi,1,10000,4.012,1,YES.
18,order,0.25,data/videos_v3/int_67ms/v3_67_00068.avi,0,67,1.2886,1,YES.
18,order,0.25,data/videos_v3/int_1500ms/v3_1500_00616.avi,0,1500,1.4115,1,YES.
18,order,0.25,data/videos_v3/int_200ms/v3_200_00200.avi,0,200,1.3141,1,YES.
18,order,0.25,data/videos_v3/int_2000ms/v3_2000_00791.avi,0,2000,0.9466,1,YES.
18,order,0.25,data/videos_v3/int_1500ms/v3_1500_00695.avi,0,1500,1.0817,1,YES.
18,order,0.25,data/videos_v3/int_500ms/v3_500_00415.avi,1,500,2.6489,1,YES.
18,order,0.25,data/videos_v3/int_10000ms/v3_10000_01194.avi,1,10000,2.8863,1,YES.
18,order,0.25,data/videos_v3/int_500ms/v3_500_00403.avi,1,500,0.7911,1,YES.
18,order,0.25,data/videos_v3/int_2000ms/v3_2000_00752.avi,0,2000,-0.411,0,NO.
18,order,0.25,data/videos_v3/int_10000ms/v3_10000_01165.avi,0,10000,1.1556,1,YES.
18,order,0.25,data/videos_v3/int_500ms/v3_500_00464.avi,1,500,2.5187,1,YES.
18,order,0.25,data/videos_v3/int_500ms/v3_500_00492.avi,0,500,0.9403,1,YES.
18,order,0.25,data/videos_v3/int_5000ms/v3_5000_00928.avi,0,5000,-0.4458,0,NO.
18,order,0.25,data/videos_v3/int_500ms/v3_500_00487.avi,0,500,0.1982,1,YES.
18,order,0.25,data/videos_v3/int_1000ms/v3_1000_00553.avi,0,1000,1.0286,1,YES.
18,order,0.25,data/videos_v3/int_7000ms/v3_7000_01000.avi,1,7000,0.802,1,YES.
18,order,0.25,data/videos_v3/int_1500ms/v3_1500_00612.avi,0,1500,0.5573,1,YES.
18,order,0.25,data/videos_v3/int_10000ms/v3_10000_01127.avi,1,10000,1.2824,1,YES.
18,order,0.25,data/videos_v3/int_5000ms/v3_5000_00999.avi,0,5000,0.3318,1,YES.
18,order,0.25,data/videos_v3/int_7000ms/v3_7000_01069.avi,1,7000,1.5324,1,YES.
18,order,0.25,data/videos_v3/int_10000ms/v3_10000_01167.avi,0,10000,1.7824,1,YES.
18,order,0.25,data/videos_v3/int_7000ms/v3_7000_01019.avi,0,7000,0.4213,1,YES.
18,order,0.25,data/videos_v3/int_2000ms/v3_2000_00779.avi,0,2000,0.0717,0,NO.
18,order,0.25,data/videos_v3/int_1500ms/v3_1500_00647.avi,1,1500,0.7821,1,YES.
18,order,0.25,data/videos_v3/int_5000ms/v3_5000_00905.avi,1,5000,1.4072,1,YES.
18,order,0.25,data/videos_v3/int_1000ms/v3_1000_00586.avi,1,1000,1.5225,1,YES.
18,order,0.25,data/videos_v3/int_2000ms/v3_2000_00713.avi,0,2000,0.3105,1,YES.
18,order,0.25,data/videos_v3/int_1500ms/v3_1500_00644.avi,1,1500,1.6536,1,YES.
18,order,0.25,data/videos_v3/int_10000ms/v3_10000_01181.avi,0,10000,1.4156,1,YES.
18,order,0.25,data/videos_v3/int_3000ms/v3_3000_00873.avi,0,3000,1.7734,1,YES.
18,order,0.25,data/videos_v3/int_7000ms/v3_7000_01074.avi,0,7000,2.2663,1,YES.
18,order,0.25,data/videos_v3/int_1000ms/v3_1000_00535.avi,0,1000,0.5513,1,YES.
18,order,0.25,data/videos_v3/int_3000ms/v3_3000_00829.avi,0,3000,0.5512,1,YES.
18,order,0.25,data/videos_v3/int_3000ms/v3_3000_00823.avi,1,3000,1.9322,1,YES.
18,order,0.25,data/videos_v3/int_10000ms/v3_10000_01191.avi,0,10000,2.1449,1,YES.
18,order,0.25,data/videos_v3/int_1500ms/v3_1500_00618.avi,1,1500,-0.0432,0,NO.
18,order,0.25,data/videos_v3/int_333ms/v3_333_00394.avi,0,333,1.1833,1,YES.
18,order,0.25,data/videos_v3/int_2000ms/v3_2000_00701.avi,1,2000,0.9391,1,YES.
18,order,0.25,data/videos_v3/int_1500ms/v3_1500_00681.avi,1,1500,1.4068,1,YES.
18,order,0.25,data/videos_v3/int_5000ms/v3_5000_00983.avi,0,5000,1.4072,1,YES.
18,order,0.25,data/videos_v3/int_333ms/v3_333_00388.avi,1,333,-1.0117,0,NO.
18,order,0.25,data/videos_v3/int_1500ms/v3_1500_00669.avi,1,1500,1.782,1,YES.
18,order,0.25,data/videos_v3/int_2000ms/v3_2000_00755.avi,1,2000,0.5642,1,YES.
18,order,0.25,data/videos_v3/int_1000ms/v3_1000_00566.avi,1,1000,1.9154,1,YES.
18,order,0.25,data/videos_v3/int_1000ms/v3_1000_00561.avi,1,1000,2.0403,1,YES.
18,order,0.25,data/videos_v3/int_1500ms/v3_1500_00674.avi,1,1500,1.8894,1,YES.
18,order,0.25,data/videos_v3/int_1000ms/v3_1000_00581.avi,1,1000,0.9117,1,YES.
18,order,0.25,data/videos_v3/int_5000ms/v3_5000_00908.avi,1,5000,2.1407,1,YES.
18,order,0.25,data/videos_v3/int_200ms/v3_200_00279.avi,1,200,1.769,1,YES.
18,order,0.25,data/videos_v3/int_100ms/v3_100_00133.avi,1,100,3.137,1,YES.
18,order,0.25,data/videos_v3/int_1500ms/v3_1500_00666.avi,0,1500,2.3882,1,YES.
18,order,0.25,data/videos_v3/int_5000ms/v3_5000_00980.avi,0,5000,2.0167,1,YES.
18,order,0.25,data/videos_v3/int_3000ms/v3_3000_00833.avi,0,3000,0.7156,1,YES.
18,order,0.25,data/videos_v3/int_333ms/v3_333_00336.avi,0,333,1.5241,1,YES.
18,order,0.25,data/videos_v3/int_333ms/v3_333_00329.avi,1,333,0.5519,1,YES.
18,order,0.25,data/videos_v3/int_500ms/v3_500_00491.avi,1,500,2.274,1,YES.
18,order,0.25,data/videos_v3/int_10000ms/v3_10000_01125.avi,0,10000,0.5819,1,YES.
18,order,0.25,data/videos_v3/int_1000ms/v3_1000_00595.avi,0,1000,2.645,1,YES.
18,order,0.25,data/videos_v3/int_2000ms/v3_2000_00778.avi,0,2000,1.4155,1,YES.
18,order,0.25,data/videos_v3/int_10000ms/v3_10000_01130.avi,0,10000,-0.2014,0,NO.
18,order,0.25,data/videos_v3/int_200ms/v3_200_00223.avi,1,200,0.4209,1,YES.
18,order,0.25,data/videos_v3/int_5000ms/v3_5000_00921.avi,0,5000,1.4093,1,YES.
18,order,0.25,data/videos_v3/int_7000ms/v3_7000_01012.avi,1,7000,1.7755,1,YES.
18,order,0.25,data/videos_v3/int_10000ms/v3_10000_01108.avi,1,10000,3.0173,1,YES.
18,order,0.25,data/videos_v3/int_100ms/v3_100_00188.avi,1,100,0.1833,1,YES.
18,order,0.25,data/videos_v3/int_7000ms/v3_7000_01097.avi,0,7000,0.8019,1,YES.
18,order,0.25,data/videos_v3/int_1500ms/v3_1500_00677.avi,1,1500,3.402,1,YES.
18,order,0.25,data/videos_v3/int_333ms/v3_333_00379.avi,1,333,0.9038,1,YES.
18,order,0.25,data/videos_v3/int_1000ms/v3_1000_00560.avi,1,1000,0.8231,1,YES.
18,order,0.25,data/videos_v3/int_2000ms/v3_2000_00716.avi,1,2000,0.8073,1,YES.
18,order,0.25,data/videos_v3/int_1000ms/v3_1000_00554.avi,0,1000,2.5177,1,YES.
18,order,0.25,data/videos_v3/int_200ms/v3_200_00268.avi,0,200,2.0403,1,YES.
18,order,0.25,data/videos_v3/int_1000ms/v3_1000_00529.avi,0,1000,1.1503,1,YES.
18,order,0.25,data/videos_v3/int_3000ms/v3_3000_00879.avi,0,3000,0.9465,1,YES.
18,order,0.25,data/videos_v3/int_2000ms/v3_2000_00777.avi,1,2000,1.5321,1,YES.
18,order,0.25,data/videos_v3/int_1000ms/v3_1000_00545.avi,0,1000,0.1016,1,YES.
18,order,0.25,data/videos_v3/int_1000ms/v3_1000_00520.avi,0,1000,-0.0607,0,NO.
18,order,0.25,data/videos_v3/int_1500ms/v3_1500_00675.avi,0,1500,1.4003,1,YES.
18,order,0.25,data/videos_v3/int_10000ms/v3_10000_01126.avi,0,10000,0.6891,1,YES.
18,order,0.25,data/videos_v3/int_1500ms/v3_1500_00617.avi,0,1500,1.8988,1,YES.
18,order,0.25,data/videos_v3/int_3000ms/v3_3000_00885.avi,1,3000,0.8406,1,YES.
18,order,0.25,data/videos_v3/int_5000ms/v3_5000_00935.avi,0,5000,-0.4269,0,NO.
18,order,0.25,data/videos_v3/int_3000ms/v3_3000_00871.avi,1,3000,0.9566,1,YES.
18,order,0.25,data/videos_v3/int_1000ms/v3_1000_00598.avi,0,1000,1.6476,1,YES.
18,order,0.25,data/videos_v3/int_1500ms/v3_1500_00631.avi,1,1500,0.8316,1,YES.
18,order,0.25,data/videos_v3/int_5000ms/v3_5000_00968.avi,0,5000,1.1657,1,YES.
18,order,0.25,data/videos_v3/int_3000ms/v3_3000_00878.avi,0,3000,1.4071,1,YES.
18,order,0.25,data/videos_v3/int_1000ms/v3_1000_00551.avi,0,1000,-1.4269,0,NO.
18,order,0.25,data/videos_v3/int_1000ms/v3_1000_00548.avi,1,1000,0.427,1,YES.
18,order,0.25,data/videos_v3/int_1000ms/v3_1000_00509.avi,0,1000,1.7804,1,YES.
18,order,0.25,data/videos_v3/int_200ms/v3_200_00254.avi,1,200,2.145,1,YES.
18,order,0.25,data/videos_v3/int_200ms/v3_200_00226.avi,0,200,-0.8982,0,NO.
18,order,0.25,data/videos_v3/int_200ms/v3_200_00261.avi,1,200,0.7907,1,YES.
18,order,0.25,data/videos_v3/int_2000ms/v3_2000_00743.avi,1,2000,1.5288,1,YES.
18,order,0.25,data/videos_v3/int_7000ms/v3_7000_01031.avi,1,7000,4.261,1,YES.
18,order,0.25,data/videos_v3/int_67ms/v3_67_00074.avi,1,67,1.1656,1,YES.
18,order,0.25,data/videos_v3/int_10000ms/v3_10000_01171.avi,0,10000,0.6763,1,YES.
18,order,0.25,data/videos_v3/int_100ms/v3_100_00127.avi,0,100,0.6834,1,YES.
18,order,0.25,data/videos_v3/int_100ms/v3_100_00137.avi,1,100,2.5177,1,YES.
18,order,0.25,data/videos_v3/int_67ms/v3_67_00095.avi,1,67,0.7862,1,YES.
18,order,0.25,data/videos_v3/int_1500ms/v3_1500_00659.avi,1,1500,2.3907,1,YES.
18,order,0.25,data/videos_v3/int_333ms/v3_333_00344.avi,0,333,1.0405,1,YES.
18,order,0.25,data/videos_v3/int_2000ms/v3_2000_00746.avi,1,2000,2.025,1,YES.
18,order,0.25,data/videos_v3/int_200ms/v3_200_00294.avi,1,200,1.4035,1,YES.
18,order,0.25,data/videos_v3/int_3000ms/v3_3000_00854.avi,0,3000,0.9323,1,YES.
18,order,0.25,data/videos_v3/int_5000ms/v3_5000_00955.avi,0,5000,0.7985,1,YES.
18,order,0.25,data/videos_v3/int_7000ms/v3_7000_01036.avi,0,7000,0.0515,0,NO.
18,order,0.25,data/videos_v3/int_333ms/v3_333_00352.avi,0,333,0.0643,0,NO.
18,order,0.25,data/videos_v3/int_7000ms/v3_7000_01010.avi,0,7000,-0.0596,0,NO.
18,order,0.25,data/videos_v3/int_1500ms/v3_1500_00624.avi,1,1500,-0.5338,0,NO.
18,order,0.25,data/videos_v3/int_10000ms/v3_10000_01101.avi,1,10000,1.4212,1,YES.
18,order,0.25,data/videos_v3/int_500ms/v3_500_00439.avi,0,500,-1.0151,0,NO.
18,order,0.5,data/videos_v3/int_5000ms/v3_5000_00960.avi,1,5000,4.8784,1,YES.
18,order,0.5,data/videos_v3/int_500ms/v3_500_00401.avi,0,500,3.6343,1,YES.
18,order,0.5,data/videos_v3/int_500ms/v3_500_00417.avi,0,500,4.5049,1,YES.
18,order,0.5,data/videos_v3/int_333ms/v3_333_00354.avi,0,333,4.1364,1,YES.
18,order,0.5,data/videos_v3/int_2000ms/v3_2000_00717.avi,1,2000,4.5129,1,YES.
18,order,0.5,data/videos_v3/int_2000ms/v3_2000_00789.avi,0,2000,5.7537,1,YES.
18,order,0.5,data/videos_v3/int_10000ms/v3_10000_01184.avi,0,10000,4.1307,1,YES.
18,order,0.5,data/videos_v3/int_7000ms/v3_7000_01090.avi,1,7000,3.8849,1,YES.
18,order,0.5,data/videos_v3/int_1500ms/v3_1500_00634.avi,0,1500,4.6329,1,YES.
18,order,0.5,data/videos_v3/int_500ms/v3_500_00459.avi,1,500,4.7576,1,YES.
18,order,0.5,data/videos_v3/int_7000ms/v3_7000_01058.avi,0,7000,4.2627,1,YES.
18,order,0.5,data/videos_v3/int_3000ms/v3_3000_00860.avi,1,3000,3.7632,1,YES.
18,order,0.5,data/videos_v3/int_2000ms/v3_2000_00708.avi,0,2000,4.5114,1,YES.
18,order,0.5,data/videos_v3/int_2000ms/v3_2000_00773.avi,0,2000,3.2601,1,YES.
18,order,0.5,data/videos_v3/int_1000ms/v3_1000_00525.avi,1,1000,4.2584,1,YES.
18,order,0.5,data/videos_v3/int_1000ms/v3_1000_00558.avi,1,1000,4.2677,1,YES.
18,order,0.5,data/videos_v3/int_200ms/v3_200_00242.avi,0,200,3.3937,1,YES.
18,order,0.5,data/videos_v3/int_333ms/v3_333_00396.avi,1,333,3.3874,1,YES.
18,order,0.5,data/videos_v3/int_1500ms/v3_1500_00641.avi,1,1500,4.0122,1,YES.
18,order,0.5,data/videos_v3/int_1000ms/v3_1000_00576.avi,0,1000,3.8893,1,YES.
18,order,0.5,data/videos_v3/int_10000ms/v3_10000_01192.avi,0,10000,4.0092,1,YES.
18,order,0.5,data/videos_v3/int_5000ms/v3_5000_00951.avi,0,5000,3.8906,1,YES.
18,order,0.5,data/videos_v3/int_7000ms/v3_7000_01060.avi,0,7000,4.6318,1,YES.
18,order,0.5,data/videos_v3/int_1000ms/v3_1000_00518.avi,0,1000,4.0091,1,YES.
18,order,0.5,data/videos_v3/int_10000ms/v3_10000_01140.avi,0,10000,5.006,1,YES.
18,order,0.5,data/videos_v3/int_2000ms/v3_2000_00706.avi,0,2000,4.5211,1,YES.
18,order,0.5,data/videos_v3/int_100ms/v3_100_00125.avi,0,100,5.2558,1,YES.
18,order,0.5,data/videos_v3/int_1500ms/v3_1500_00670.avi,1,1500,5.1329,1,YES.
18,order,0.5,data/videos_v3/int_100ms/v3_100_00149.avi,0,100,4.1331,1,YES.
18,order,0.5,data/videos_v3/int_3000ms/v3_3000_00849.avi,0,3000,4.6412,1,YES.
18,order,0.5,data/videos_v3/int_2000ms/v3_2000_00795.avi,1,2000,4.6379,1,YES.
18,order,0.5,data/videos_v3/int_333ms/v3_333_00333.avi,0,333,3.7656,1,YES.
18,order,0.5,data/videos_v3/int_500ms/v3_500_00404.avi,1,500,5.26,1,YES.
18,order,0.5,data/videos_v3/int_67ms/v3_67_00059.avi,1,67,5.1288,1,YES.
18,order,0.5,data/videos_v3/int_7000ms/v3_7000_01034.avi,1,7000,4.2528,1,YES.
18,order,0.5,data/videos_v3/int_333ms/v3_333_00356.avi,1,333,4.6307,1,YES.
18,order,0.5,data/videos_v3/int_5000ms/v3_5000_00932.avi,0,5000,3.8826,1,YES.
18,order,0.5,data/videos_v3/int_5000ms/v3_5000_00966.avi,1,5000,4.2592,1,YES.
18,order,0.5,data/videos_v3/int_1000ms/v3_1000_00584.avi,1,1000,3.6406,1,YES.
18,order,0.5,data/videos_v3/int_333ms/v3_333_00350.avi,0,333,5.004,1,YES.
18,order,0.5,data/videos_v3/int_3000ms/v3_3000_00813.avi,0,3000,5.0114,1,YES.
18,order,0.5,data/videos_v3/int_1500ms/v3_1500_00663.avi,0,1500,3.032,1,YES.
18,order,0.5,data/videos_v3/int_7000ms/v3_7000_01098.avi,0,7000,5.1324,1,YES.
18,order,0.5,data/videos_v3/int_200ms/v3_200_00245.avi,0,200,3.3869,1,YES.
18,order,0.5,data/videos_v3/int_10000ms/v3_10000_01107.avi,1,10000,4.7617,1,YES.
18,order,0.5,data/videos_v3/int_3000ms/v3_3000_00892.avi,0,3000,4.1345,1,YES.
18,order,0.5,data/videos_v3/int_2000ms/v3_2000_00771.avi,0,2000,4.2646,1,YES.
18,order,0.5,data/videos_v3/int_2000ms/v3_2000_00767.avi,0,2000,4.5114,1,YES.
18,order,0.5,data/videos_v3/int_200ms/v3_200_00283.avi,1,200,5.6327,1,YES.
18,order,0.5,data/videos_v3/int_200ms/v3_200_00224.avi,1,200,4.7548,1,YES.
18,order,0.5,data/videos_v3/int_2000ms/v3_2000_00790.avi,1,2000,4.8831,1,YES.
18,order,0.5,data/videos_v3/int_10000ms/v3_10000_01173.avi,1,10000,5.3851,1,YES.
18,order,0.5,data/videos_v3/int_500ms/v3_500_00440.avi,1,500,4.0091,1,YES.
18,order,0.5,data/videos_v3/int_500ms/v3_500_00494.avi,0,500,4.3798,1,YES.
18,order,0.5,data/videos_v3/int_2000ms/v3_2000_00719.avi,1,2000,4.39,1,YES.
18,order,0.5,data/videos_v3/int_3000ms/v3_3000_00867.avi,0,3000,5.5146,1,YES.
18,order,0.5,data/videos_v3/int_500ms/v3_500_00468.avi,0,500,4.393,1,YES.
18,order,0.5,data/videos_v3/int_7000ms/v3_7000_01052.avi,1,7000,5.0067,1,YES.
18,order,0.5,data/videos_v3/int_10000ms/v3_10000_01120.avi,0,10000,4.5173,1,YES.
18,order,0.5,data/videos_v3/int_10000ms/v3_10000_01146.avi,1,10000,4.5048,1,YES.
18,order,0.5,data/videos_v3/int_67ms/v3_67_00038.avi,1,67,4.6318,1,YES.
18,order,0.5,data/videos_v3/int_2000ms/v3_2000_00762.avi,0,2000,4.1337,1,YES.
18,order,0.5,data/videos_v3/int_10000ms/v3_10000_01112.avi,1,10000,4.3789,1,YES.
18,order,0.5,data/videos_v3/int_7000ms/v3_7000_01044.avi,0,7000,4.8779,1,YES.
18,order,0.5,data/videos_v3/int_200ms/v3_200_00270.avi,1,200,4.5152,1,YES.
18,order,0.5,data/videos_v3/int_10000ms/v3_10000_01156.avi,1,10000,4.262,1,YES.
18,order,0.5,data/videos_v3/int_333ms/v3_333_00301.avi,0,333,4.511,1,YES.
18,order,0.5,data/videos_v3/int_2000ms/v3_2000_00733.avi,1,2000,3.7612,1,YES.
18,order,0.5,data/videos_v3/int_10000ms/v3_10000_01151.avi,0,10000,2.7816,1,YES.
18,order,0.5,data/videos_v3/int_2000ms/v3_2000_00774.avi,0,2000,5.02,1,YES.
18,order,0.5,data/videos_v3/int_10000ms/v3_10000_01134.avi,0,10000,4.7626,1,YES.
18,order,0.5,data/videos_v3/int_5000ms/v3_5000_00913.avi,0,5000,5.1347,1,YES.
18,order,0.5,data/videos_v3/int_500ms/v3_500_00465.avi,0,500,3.1427,1,YES.
18,order,0.5,data/videos_v3/int_1500ms/v3_1500_00601.avi,1,1500,4.2614,1,YES.
18,order,0.5,data/videos_v3/int_200ms/v3_200_00231.avi,0,200,4.3824,1,YES.
18,order,0.5,data/videos_v3/int_500ms/v3_500_00407.avi,1,500,5.0032,1,YES.
18,order,0.5,data/videos_v3/int_10000ms/v3_10000_01147.avi,1,10000,5.1286,1,YES.
18,order,0.5,data/videos_v3/int_500ms/v3_500_00469.avi,0,500,4.6392,1,YES.
18,order,0.5,data/videos_v3/int_500ms/v3_500_00479.avi,1,500,4.7586,1,YES.
18,order,0.5,data/videos_v3/int_333ms/v3_333_00311.avi,0,333,5.1301,1,YES.
18,order,0.5,data/videos_v3/int_3000ms/v3_3000_00822.avi,1,3000,4.0126,1,YES.
18,order,0.5,data/videos_v3/int_1500ms/v3_1500_00642.avi,0,1500,3.6419,1,YES.
18,order,0.5,data/videos_v3/int_3000ms/v3_3000_00847.avi,0,3000,3.8832,1,YES.
18,order,0.5,data/videos_v3/int_100ms/v3_100_00176.avi,0,100,3.2652,1,YES.
18,order,0.5,data/videos_v3/int_7000ms/v3_7000_01042.avi,0,7000,3.6306,1,YES.
18,order,0.5,data/videos_v3/int_333ms/v3_333_00382.avi,1,333,4.1313,1,YES.
18,order,0.5,data/videos_v3/int_7000ms/v3_7000_01063.avi,0,7000,4.6337,1,YES.
18,order,0.5,data/videos_v3/int_10000ms/v3_10000_01178.avi,1,10000,5.3776,1,YES.
18,order,0.5,data/videos_v3/int_67ms/v3_67_00068.avi,0,67,4.382,1,YES.
18,order,0.5,data/videos_v3/int_1500ms/v3_1500_00616.avi,0,1500,4.5042,1,YES.
18,order,0.5,data/videos_v3/int_200ms/v3_200_00200.avi,0,200,4.6369,1,YES.
18,order,0.5,data/videos_v3/int_2000ms/v3_2000_00791.avi,0,2000,4.0255,1,YES.
18,order,0.5,data/videos_v3/int_1500ms/v3_1500_00695.avi,0,1500,4.3891,1,YES.
18,order,0.5,data/videos_v3/int_500ms/v3_500_00415.avi,1,500,5.254,1,YES.
18,order,0.5,data/videos_v3/int_10000ms/v3_10000_01194.avi,1,10000,5.0034,1,YES.
18,order,0.5,data/videos_v3/int_500ms/v3_500_00403.avi,1,500,4.138,1,YES.
18,order,0.5,data/videos_v3/int_2000ms/v3_2000_00752.avi,0,2000,4.275,1,YES.
18,order,0.5,data/videos_v3/int_10000ms/v3_10000_01165.avi,0,10000,4.7564,1,YES.
18,order,0.5,data/videos_v3/int_500ms/v3_500_00464.avi,1,500,5.1285,1,YES.
18,order,0.5,data/videos_v3/int_500ms/v3_500_00492.avi,0,500,4.5125,1,YES.
18,order,0.5,data/videos_v3/int_5000ms/v3_5000_00928.avi,0,5000,2.6437,1,YES.
18,order,0.5,data/videos_v3/int_500ms/v3_500_00487.avi,0,500,4.2656,1,YES.
18,order,0.5,data/videos_v3/int_1000ms/v3_1000_00553.avi,0,1000,4.3786,1,YES.
18,order,0.5,data/videos_v3/int_7000ms/v3_7000_01000.avi,1,7000,3.6337,1,YES.
18,order,0.5,data/videos_v3/int_1500ms/v3_1500_00612.avi,0,1500,4.2638,1,YES.
18,order,0.5,data/videos_v3/int_10000ms/v3_10000_01127.avi,1,10000,4.8839,1,YES.
18,order,0.5,data/videos_v3/int_5000ms/v3_5000_00999.avi,0,5000,3.6392,1,YES.
18,order,0.5,data/videos_v3/int_7000ms/v3_7000_01069.avi,1,7000,4.6305,1,YES.
18,order,0.5,data/videos_v3/int_10000ms/v3_10000_01167.avi,0,10000,4.7622,1,YES.
18,order,0.5,data/videos_v3/int_7000ms/v3_7000_01019.avi,0,7000,3.6313,1,YES.
18,order,0.5,data/videos_v3/int_2000ms/v3_2000_00779.avi,0,2000,3.3937,1,YES.
18,order,0.5,data/videos_v3/int_1500ms/v3_1500_00647.avi,1,1500,4.136,1,YES.
18,order,0.5,data/videos_v3/int_5000ms/v3_5000_00905.avi,1,5000,4.5092,1,YES.
18,order,0.5,data/videos_v3/int_1000ms/v3_1000_00586.avi,1,1000,4.3789,1,YES.
18,order,0.5,data/videos_v3/int_2000ms/v3_2000_00713.avi,0,2000,4.0156,1,YES.
18,order,0.5,data/videos_v3/int_1500ms/v3_1500_00644.avi,1,1500,4.8792,1,YES.
18,order,0.5,data/videos_v3/int_10000ms/v3_10000_01181.avi,0,10000,4.6347,1,YES.
18,order,0.5,data/videos_v3/int_3000ms/v3_3000_00873.avi,0,3000,4.6317,1,YES.
18,order,0.5,data/videos_v3/int_7000ms/v3_7000_01074.avi,0,7000,4.38,1,YES.
18,order,0.5,data/videos_v3/int_1000ms/v3_1000_00535.avi,0,1000,4.0102,1,YES.
18,order,0.5,data/videos_v3/int_3000ms/v3_3000_00829.avi,0,3000,4.1403,1,YES.
18,order,0.5,data/videos_v3/int_3000ms/v3_3000_00823.avi,1,3000,4.7726,1,YES.
18,order,0.5,data/videos_v3/int_10000ms/v3_10000_01191.avi,0,10000,5.2555,1,YES.
18,order,0.5,data/videos_v3/int_1500ms/v3_1500_00618.avi,1,1500,4.2726,1,YES.
18,order,0.5,data/videos_v3/int_333ms/v3_333_00394.avi,0,333,4.5106,1,YES.
18,order,0.5,data/videos_v3/int_2000ms/v3_2000_00701.avi,1,2000,4.0126,1,YES.
18,order,0.5,data/videos_v3/int_1500ms/v3_1500_00681.avi,1,1500,4.89,1,YES.
18,order,0.5,data/videos_v3/int_5000ms/v3_5000_00983.avi,0,5000,4.6297,1,YES.
18,order,0.5,data/videos_v3/int_333ms/v3_333_00388.avi,1,333,3.2601,1,YES.
18,order,0.5,data/videos_v3/int_1500ms/v3_1500_00669.avi,1,1500,4.5132,1,YES.
18,order,0.5,data/videos_v3/int_2000ms/v3_2000_00755.avi,1,2000,4.0234,1,YES.
18,order,0.5,data/videos_v3/int_1000ms/v3_1000_00566.avi,1,1000,4.8824,1,YES.
18,order,0.5,data/videos_v3/int_1000ms/v3_1000_00561.avi,1,1000,4.7598,1,YES.
18,order,0.5,data/videos_v3/int_1500ms/v3_1500_00674.avi,1,1500,4.2536,1,YES.
18,order,0.5,data/videos_v3/int_1000ms/v3_1000_00581.avi,1,1000,4.1304,1,YES.
18,order,0.5,data/videos_v3/int_5000ms/v3_5000_00908.avi,1,5000,4.8809,1,YES.
18,order,0.5,data/videos_v3/int_200ms/v3_200_00279.avi,1,200,4.5045,1,YES.
18,order,0.5,data/videos_v3/int_100ms/v3_100_00133.avi,1,100,5.5041,1,YES.
18,order,0.5,data/videos_v3/int_1500ms/v3_1500_00666.avi,0,1500,4.8786,1,YES.
18,order,0.5,data/videos_v3/int_5000ms/v3_5000_00980.avi,0,5000,4.2558,1,YES.
18,order,0.5,data/videos_v3/int_3000ms/v3_3000_00833.avi,0,3000,5.1415,1,YES.
18,order,0.5,data/videos_v3/int_333ms/v3_333_00336.avi,0,333,4.5046,1,YES.
18,order,0.5,data/videos_v3/int_333ms/v3_333_00329.avi,1,333,3.6423,1,YES.
18,order,0.5,data/videos_v3/int_500ms/v3_500_00491.avi,1,500,5.1345,1,YES.
18,order,0.5,data/videos_v3/int_10000ms/v3_10000_01125.avi,0,10000,4.1385,1,YES.
18,order,0.5,data/videos_v3/int_1000ms/v3_1000_00595.avi,0,1000,5.1332,1,YES.
18,order,0.5,data/videos_v3/int_2000ms/v3_2000_00778.avi,0,2000,4.5033,1,YES.
18,order,0.5,data/videos_v3/int_10000ms/v3_10000_01130.avi,0,10000,3.5108,1,YES.
18,order,0.5,data/videos_v3/int_200ms/v3_200_00223.avi,1,200,3.5089,1,YES.
18,order,0.5,data/videos_v3/int_5000ms/v3_5000_00921.avi,0,5000,5.3858,1,YES.
18,order,0.5,data/videos_v3/int_7000ms/v3_7000_01012.avi,1,7000,4.2569,1,YES.
18,order,0.5,data/videos_v3/int_10000ms/v3_10000_01108.avi,1,10000,5.5073,1,YES.
18,order,0.5,data/videos_v3/int_100ms/v3_100_00188.avi,1,100,4.2656,1,YES.
18,order,0.5,data/videos_v3/int_7000ms/v3_7000_01097.avi,0,7000,4.3831,1,YES.
18,order,0.5,data/videos_v3/int_1500ms/v3_1500_00677.avi,1,1500,5.3814,1,YES.
18,order,0.5,data/videos_v3/int_333ms/v3_333_00379.avi,1,333,4.2542,1,YES.
18,order,0.5,data/videos_v3/int_1000ms/v3_1000_00560.avi,1,1000,4.637,1,YES.
18,order,0.5,data/videos_v3/int_2000ms/v3_2000_00716.avi,1,2000,4.3911,1,YES.
18,order,0.5,data/videos_v3/int_1000ms/v3_1000_00554.avi,0,1000,4.6313,1,YES.
18,order,0.5,data/videos_v3/int_200ms/v3_200_00268.avi,0,200,5.2557,1,YES.
18,order,0.5,data/videos_v3/int_1000ms/v3_1000_00529.avi,0,1000,4.5041,1,YES.
18,order,0.5,data/videos_v3/int_3000ms/v3_3000_00879.avi,0,3000,5.0196,1,YES.
18,order,0.5,data/videos_v3/int_2000ms/v3_2000_00777.avi,1,2000,4.64,1,YES.
18,order,0.5,data/videos_v3/int_1000ms/v3_1000_00545.avi,0,1000,3.6379,1,YES.
18,order,0.5,data/videos_v3/int_1000ms/v3_1000_00520.avi,0,1000,3.6356,1,YES.
18,order,0.5,data/videos_v3/int_1500ms/v3_1500_00675.avi,0,1500,4.2582,1,YES.
18,order,0.5,data/videos_v3/int_10000ms/v3_10000_01126.avi,0,10000,4.1437,1,YES.
18,order,0.5,data/videos_v3/int_1500ms/v3_1500_00617.avi,0,1500,4.5067,1,YES.
18,order,0.5,data/videos_v3/int_3000ms/v3_3000_00885.avi,1,3000,4.5187,1,YES.
18,order,0.5,data/videos_v3/int_5000ms/v3_5000_00935.avi,0,5000,3.5177,1,YES.
18,order,0.5,data/videos_v3/int_3000ms/v3_3000_00871.avi,1,3000,4.7677,1,YES.
18,order,0.5,data/videos_v3/int_1000ms/v3_1000_00598.avi,0,1000,4.6319,1,YES.
18,order,0.5,data/videos_v3/int_1500ms/v3_1500_00631.avi,1,1500,5.0162,1,YES.
18,order,0.5,data/videos_v3/int_5000ms/v3_5000_00968.avi,0,5000,3.3832,1,YES.
18,order,0.5,data/videos_v3/int_3000ms/v3_3000_00878.avi,0,3000,4.6341,1,YES.
18,order,0.5,data/videos_v3/int_1000ms/v3_1000_00551.avi,0,1000,2.6427,1,YES.
18,order,0.5,data/videos_v3/int_1000ms/v3_1000_00548.avi,1,1000,3.7614,1,YES.
18,order,0.5,data/videos_v3/int_1000ms/v3_1000_00509.avi,0,1000,4.3803,1,YES.
18,order,0.5,data/videos_v3/int_200ms/v3_200_00254.avi,1,200,4.759,1,YES.
18,order,0.5,data/videos_v3/int_200ms/v3_200_00226.avi,0,200,3.0146,1,YES.
18,order,0.5,data/videos_v3/int_200ms/v3_200_00261.avi,1,200,4.0134,1,YES.
18,order,0.5,data/videos_v3/int_2000ms/v3_2000_00743.avi,1,2000,4.3839,1,YES.
18,order,0.5,data/videos_v3/int_7000ms/v3_7000_01031.avi,1,7000,5.8786,1,YES.
18,order,0.5,data/videos_v3/int_67ms/v3_67_00074.avi,1,67,4.5117,1,YES.
18,order,0.5,data/videos_v3/int_10000ms/v3_10000_01171.avi,0,10000,3.7598,1,YES.
18,order,0.5,data/videos_v3/int_100ms/v3_100_00127.avi,0,100,3.8839,1,YES.
18,order,0.5,data/videos_v3/int_100ms/v3_100_00137.avi,1,100,5.0061,1,YES.
18,order,0.5,data/videos_v3/int_67ms/v3_67_00095.avi,1,67,4.1422,1,YES.
18,order,0.5,data/videos_v3/int_1500ms/v3_1500_00659.avi,1,1500,5.005,1,YES.
18,order,0.5,data/videos_v3/int_333ms/v3_333_00344.avi,0,333,4.6324,1,YES.
18,order,0.5,data/videos_v3/int_2000ms/v3_2000_00746.avi,1,2000,5.0078,1,YES.
18,order,0.5,data/videos_v3/int_200ms/v3_200_00294.avi,1,200,4.1313,1,YES.
18,order,0.5,data/videos_v3/int_3000ms/v3_3000_00854.avi,0,3000,4.3903,1,YES.
18,order,0.5,data/videos_v3/int_5000ms/v3_5000_00955.avi,0,5000,4.1351,1,YES.
18,order,0.5,data/videos_v3/int_7000ms/v3_7000_01036.avi,0,7000,3.1351,1,YES.
18,order,0.5,data/videos_v3/int_333ms/v3_333_00352.avi,0,333,3.6334,1,YES.
18,order,0.5,data/videos_v3/int_7000ms/v3_7000_01010.avi,0,7000,3.8895,1,YES.
18,order,0.5,data/videos_v3/int_1500ms/v3_1500_00624.avi,1,1500,4.0129,1,YES.
18,order,0.5,data/videos_v3/int_10000ms/v3_10000_01101.avi,1,10000,5.3849,1,YES.
18,order,0.5,data/videos_v3/int_500ms/v3_500_00439.avi,0,500,2.7755,1,YES.
18,order,1,data/videos_v3/int_5000ms/v3_5000_00960.avi,1,5000,6.4679,1,Yes.
18,order,1,data/videos_v3/int_500ms/v3_500_00401.avi,0,500,6.1151,1,Yes.
18,order,1,data/videos_v3/int_500ms/v3_500_00417.avi,0,500,6.5885,1,Yes.
18,order,1,data/videos_v3/int_333ms/v3_333_00354.avi,0,333,6.633,1,Yes.
18,order,1,data/videos_v3/int_2000ms/v3_2000_00717.avi,1,2000,7.0413,1,Yes.
18,order,1,data/videos_v3/int_2000ms/v3_2000_00789.avi,0,2000,7.8435,1,Yes.
18,order,1,data/videos_v3/int_10000ms/v3_10000_01184.avi,0,10000,6.086,1,Yes.
18,order,1,data/videos_v3/int_7000ms/v3_7000_01090.avi,1,7000,6.332,1,Yes.
18,order,1,data/videos_v3/int_1500ms/v3_1500_00634.avi,0,1500,6.9354,1,Yes.
18,order,1,data/videos_v3/int_500ms/v3_500_00459.avi,1,500,7.1686,1,Yes.
18,order,1,data/videos_v3/int_7000ms/v3_7000_01058.avi,0,7000,6.5187,1,Yes.
18,order,1,data/videos_v3/int_3000ms/v3_3000_00860.avi,1,3000,7.2409,1,Yes.
18,order,1,data/videos_v3/int_2000ms/v3_2000_00708.avi,0,2000,7.7513,1,Yes.
18,order,1,data/videos_v3/int_2000ms/v3_2000_00773.avi,0,2000,6.2154,1,Yes.
18,order,1,data/videos_v3/int_1000ms/v3_1000_00525.avi,1,1000,7.2536,1,Yes.
18,order,1,data/videos_v3/int_1000ms/v3_1000_00558.avi,1,1000,7.5005,1,Yes.
18,order,1,data/videos_v3/int_200ms/v3_200_00242.avi,0,200,6.4495,1,Yes.
18,order,1,data/videos_v3/int_333ms/v3_333_00396.avi,1,333,6.6446,1,Yes.
18,order,1,data/videos_v3/int_1500ms/v3_1500_00641.avi,1,1500,7.3215,1,Yes.
18,order,1,data/videos_v3/int_1000ms/v3_1000_00576.avi,0,1000,6.7699,1,Yes.
18,order,1,data/videos_v3/int_10000ms/v3_10000_01192.avi,0,10000,6.9889,1,Yes.
18,order,1,data/videos_v3/int_5000ms/v3_5000_00951.avi,0,5000,7.3089,1,Yes.
18,order,1,data/videos_v3/int_7000ms/v3_7000_01060.avi,0,7000,7.337,1,Yes.
18,order,1,data/videos_v3/int_1000ms/v3_1000_00518.avi,0,1000,6.6523,1,Yes.
18,order,1,data/videos_v3/int_10000ms/v3_10000_01140.avi,0,10000,7.2007,1,Yes.
18,order,1,data/videos_v3/int_2000ms/v3_2000_00706.avi,0,2000,7.0516,1,Yes.
18,order,1,data/videos_v3/int_100ms/v3_100_00125.avi,0,100,6.8853,1,Yes.
18,order,1,data/videos_v3/int_1500ms/v3_1500_00670.avi,1,1500,8.1292,1,Yes.
18,order,1,data/videos_v3/int_100ms/v3_100_00149.avi,0,100,6.7582,1,Yes.
18,order,1,data/videos_v3/int_3000ms/v3_3000_00849.avi,0,3000,7.893,1,Yes.
18,order,1,data/videos_v3/int_2000ms/v3_2000_00795.avi,1,2000,7.0164,1,Yes.
18,order,1,data/videos_v3/int_333ms/v3_333_00333.avi,0,333,6.8832,1,Yes.
18,order,1,data/videos_v3/int_500ms/v3_500_00404.avi,1,500,8.3513,1,Yes.
18,order,1,data/videos_v3/int_67ms/v3_67_00059.avi,1,67,7.2658,1,Yes.
18,order,1,data/videos_v3/int_7000ms/v3_7000_01034.avi,1,7000,6.0359,1,Yes.
18,order,1,data/videos_v3/int_333ms/v3_333_00356.avi,1,333,7.7732,1,Yes.
18,order,1,data/videos_v3/int_5000ms/v3_5000_00932.avi,0,5000,6.8263,1,Yes.
18,order,1,data/videos_v3/int_5000ms/v3_5000_00966.avi,1,5000,6.255,1,Yes.
18,order,1,data/videos_v3/int_1000ms/v3_1000_00584.avi,1,1000,7.1645,1,Yes.
18,order,1,data/videos_v3/int_333ms/v3_333_00350.avi,0,333,7.3181,1,Yes.
18,order,1,data/videos_v3/int_3000ms/v3_3000_00813.avi,0,3000,7.8477,1,Yes.
18,order,1,data/videos_v3/int_1500ms/v3_1500_00663.avi,0,1500,7.2302,1,Yes.
18,order,1,data/videos_v3/int_7000ms/v3_7000_01098.avi,0,7000,7.703,1,Yes.
18,order,1,data/videos_v3/int_200ms/v3_200_00245.avi,0,200,6.3572,1,Yes.
18,order,1,data/videos_v3/int_10000ms/v3_10000_01107.avi,1,10000,7.3903,1,Yes.
18,order,1,data/videos_v3/int_3000ms/v3_3000_00892.avi,0,3000,7.0164,1,Yes.
18,order,1,data/videos_v3/int_2000ms/v3_2000_00771.avi,0,2000,6.6082,1,Yes.
18,order,1,data/videos_v3/int_2000ms/v3_2000_00767.avi,0,2000,7.5005,1,Yes.
18,order,1,data/videos_v3/int_200ms/v3_200_00283.avi,1,200,7.688,1,Yes.
18,order,1,data/videos_v3/int_200ms/v3_200_00224.avi,1,200,6.9558,1,Yes.
18,order,1,data/videos_v3/int_2000ms/v3_2000_00790.avi,1,2000,6.5245,1,Yes.
18,order,1,data/videos_v3/int_10000ms/v3_10000_01173.avi,1,10000,8.303,1,Yes.
18,order,1,data/videos_v3/int_500ms/v3_500_00440.avi,1,500,7.2731,1,Yes.
18,order,1,data/videos_v3/int_500ms/v3_500_00494.avi,0,500,6.2052,1,Yes.
18,order,1,data/videos_v3/int_2000ms/v3_2000_00719.avi,1,2000,8.3879,1,Yes.
18,order,1,data/videos_v3/int_3000ms/v3_3000_00867.avi,0,3000,8.5682,1,Yes.
18,order,1,data/videos_v3/int_500ms/v3_500_00468.avi,0,500,7.6886,1,Yes.
18,order,1,data/videos_v3/int_7000ms/v3_7000_01052.avi,1,7000,6.5928,1,Yes.
18,order,1,data/videos_v3/int_10000ms/v3_10000_01120.avi,0,10000,7.5726,1,Yes.
18,order,1,data/videos_v3/int_10000ms/v3_10000_01146.avi,1,10000,5.9766,1,Yes.
18,order,1,data/videos_v3/int_67ms/v3_67_00038.avi,1,67,7.2717,1,Yes.
18,order,1,data/videos_v3/int_2000ms/v3_2000_00762.avi,0,2000,6.4571,1,Yes.
18,order,1,data/videos_v3/int_10000ms/v3_10000_01112.avi,1,10000,6.7049,1,Yes.
18,order,1,data/videos_v3/int_7000ms/v3_7000_01044.avi,0,7000,6.6615,1,Yes.
18,order,1,data/videos_v3/int_200ms/v3_200_00270.avi,1,200,7.3182,1,Yes.
18,order,1,data/videos_v3/int_10000ms/v3_10000_01156.avi,1,10000,7.3279,1,Yes.
18,order,1,data/videos_v3/int_333ms/v3_333_00301.avi,0,333,7.6492,1,Yes.
18,order,1,data/videos_v3/int_2000ms/v3_2000_00733.avi,1,2000,6.7686,1,Yes.
18,order,1,data/videos_v3/int_10000ms/v3_10000_01151.avi,0,10000,6.4417,1,Yes.
18,order,1,data/videos_v3/int_2000ms/v3_2000_00774.avi,0,2000,7.6158,1,Yes.
18,order,1,data/videos_v3/int_10000ms/v3_10000_01134.avi,0,10000,7.2512,1,Yes.
18,order,1,data/videos_v3/int_5000ms/v3_5000_00913.avi,0,5000,7.3163,1,Yes.
18,order,1,data/videos_v3/int_500ms/v3_500_00465.avi,0,500,6.4331,1,Yes.
18,order,1,data/videos_v3/int_1500ms/v3_1500_00601.avi,1,1500,6.4822,1,Yes.
18,order,1,data/videos_v3/int_200ms/v3_200_00231.avi,0,200,6.0376,1,Yes.
18,order,1,data/videos_v3/int_500ms/v3_500_00407.avi,1,500,6.7746,1,Yes.
18,order,1,data/videos_v3/int_10000ms/v3_10000_01147.avi,1,10000,7.3689,1,Yes.
18,order,1,data/videos_v3/int_500ms/v3_500_00469.avi,0,500,7.6502,1,Yes.
18,order,1,data/videos_v3/int_500ms/v3_500_00479.avi,1,500,7.614,1,Yes.
18,order,1,data/videos_v3/int_333ms/v3_333_00311.avi,0,333,6.3994,1,Yes.
18,order,1,data/videos_v3/int_3000ms/v3_3000_00822.avi,1,3000,7.5629,1,Yes.
18,order,1,data/videos_v3/int_1500ms/v3_1500_00642.avi,0,1500,6.2597,1,Yes.
18,order,1,data/videos_v3/int_3000ms/v3_3000_00847.avi,0,3000,6.4765,1,Yes.
18,order,1,data/videos_v3/int_100ms/v3_100_00176.avi,0,100,6.3755,1,Yes.
18,order,1,data/videos_v3/int_7000ms/v3_7000_01042.avi,0,7000,6.2857,1,Yes.
18,order,1,data/videos_v3/int_333ms/v3_333_00382.avi,1,333,6.6203,1,Yes.
18,order,1,data/videos_v3/int_7000ms/v3_7000_01063.avi,0,7000,6.9478,1,Yes.
18,order,1,data/videos_v3/int_10000ms/v3_10000_01178.avi,1,10000,7.365,1,Yes.
18,order,1,data/videos_v3/int_67ms/v3_67_00068.avi,0,67,7.4066,1,Yes.
18,order,1,data/videos_v3/int_1500ms/v3_1500_00616.avi,0,1500,5.8946,1,Yes.
18,order,1,data/videos_v3/int_200ms/v3_200_00200.avi,0,200,7.9649,1,Yes.
18,order,1,data/videos_v3/int_2000ms/v3_2000_00791.avi,0,2000,7.8261,1,Yes.
18,order,1,data/videos_v3/int_1500ms/v3_1500_00695.avi,0,1500,6.7048,1,Yes.
18,order,1,data/videos_v3/int_500ms/v3_500_00415.avi,1,500,7.2612,1,Yes.
18,order,1,data/videos_v3/int_10000ms/v3_10000_01194.avi,1,10000,6.984,1,Yes.
18,order,1,data/videos_v3/int_500ms/v3_500_00403.avi,1,500,7.1254,1,Yes.
18,order,1,data/videos_v3/int_2000ms/v3_2000_00752.avi,0,2000,7.8011,1,Yes.
18,order,1,data/videos_v3/int_10000ms/v3_10000_01165.avi,0,10000,6.7153,1,Yes.
18,order,1,data/videos_v3/int_500ms/v3_500_00464.avi,1,500,7.071,1,Yes.
18,order,1,data/videos_v3/int_500ms/v3_500_00492.avi,0,500,7.4389,1,Yes.
18,order,1,data/videos_v3/int_5000ms/v3_5000_00928.avi,0,5000,6.2927,1,Yes.
18,order,1,data/videos_v3/int_500ms/v3_500_00487.avi,0,500,7.284,1,Yes.
18,order,1,data/videos_v3/int_1000ms/v3_1000_00553.avi,0,1000,6.4375,1,Yes.
18,order,1,data/videos_v3/int_7000ms/v3_7000_01000.avi,1,7000,6.2071,1,Yes.
18,order,1,data/videos_v3/int_1500ms/v3_1500_00612.avi,0,1500,7.5852,1,Yes.
18,order,1,data/videos_v3/int_10000ms/v3_10000_01127.avi,1,10000,7.4646,1,Yes.
18,order,1,data/videos_v3/int_5000ms/v3_5000_00999.avi,0,5000,6.0898,1,Yes.
18,order,1,data/videos_v3/int_7000ms/v3_7000_01069.avi,1,7000,6.762,1,Yes.
18,order,1,data/videos_v3/int_10000ms/v3_10000_01167.avi,0,10000,7.8555,1,Yes.
18,order,1,data/videos_v3/int_7000ms/v3_7000_01019.avi,0,7000,6.563,1,Yes.
18,order,1,data/videos_v3/int_2000ms/v3_2000_00779.avi,0,2000,7.1913,1,Yes.
18,order,1,data/videos_v3/int_1500ms/v3_1500_00647.avi,1,1500,7.0217,1,Yes.
18,order,1,data/videos_v3/int_5000ms/v3_5000_00905.avi,1,5000,7.4964,1,Yes.
18,order,1,data/videos_v3/int_1000ms/v3_1000_00586.avi,1,1000,6.614,1,Yes.
18,order,1,data/videos_v3/int_2000ms/v3_2000_00713.avi,0,2000,7.8992,1,Yes.
18,order,1,data/videos_v3/int_1500ms/v3_1500_00644.avi,1,1500,7.5015,1,Yes.
18,order,1,data/videos_v3/int_10000ms/v3_10000_01181.avi,0,10000,6.9432,1,Yes.
18,order,1,data/videos_v3/int_3000ms/v3_3000_00873.avi,0,3000,6.9275,1,Yes.
18,order,1,data/videos_v3/int_7000ms/v3_7000_01074.avi,0,7000,7.1238,1,Yes.
18,order,1,data/videos_v3/int_1000ms/v3_1000_00535.avi,0,1000,6.9354,1,Yes.
18,order,1,data/videos_v3/int_3000ms/v3_3000_00829.avi,0,3000,6.6888,1,Yes.
18,order,1,data/videos_v3/int_3000ms/v3_3000_00823.avi,1,3000,8.4272,1,Yes.
18,order,1,data/videos_v3/int_10000ms/v3_10000_01191.avi,0,10000,7.5304,1,Yes.
18,order,1,data/videos_v3/int_1500ms/v3_1500_00618.avi,1,1500,6.7196,1,Yes.
18,order,1,data/videos_v3/int_333ms/v3_333_00394.avi,0,333,7.3981,1,Yes.
18,order,1,data/videos_v3/int_2000ms/v3_2000_00701.avi,1,2000,6.6398,1,Yes.
18,order,1,data/videos_v3/int_1500ms/v3_1500_00681.avi,1,1500,7.7301,1,Yes.
18,order,1,data/videos_v3/int_5000ms/v3_5000_00983.avi,0,5000,7.1958,1,Yes.
18,order,1,data/videos_v3/int_333ms/v3_333_00388.avi,1,333,5.8579,1,Yes.
18,order,1,data/videos_v3/int_1500ms/v3_1500_00669.avi,1,1500,7.7889,1,Yes.
18,order,1,data/videos_v3/int_2000ms/v3_2000_00755.avi,1,2000,7.4862,1,Yes.
18,order,1,data/videos_v3/int_1000ms/v3_1000_00566.avi,1,1000,6.464,1,Yes.
18,order,1,data/videos_v3/int_1000ms/v3_1000_00561.avi,1,1000,7.4173,1,Yes.
18,order,1,data/videos_v3/int_1500ms/v3_1500_00674.avi,1,1500,6.7029,1,Yes.
18,order,1,data/videos_v3/int_1000ms/v3_1000_00581.avi,1,1000,6.4885,1,Yes.
18,order,1,data/videos_v3/int_5000ms/v3_5000_00908.avi,1,5000,7.0157,1,Yes.
18,order,1,data/videos_v3/int_200ms/v3_200_00279.avi,1,200,5.6903,1,Yes.
18,order,1,data/videos_v3/int_100ms/v3_100_00133.avi,1,100,7.5399,1,Yes.
18,order,1,data/videos_v3/int_1500ms/v3_1500_00666.avi,0,1500,6.8557,1,Yes.
18,order,1,data/videos_v3/int_5000ms/v3_5000_00980.avi,0,5000,6.3861,1,Yes.
18,order,1,data/videos_v3/int_3000ms/v3_3000_00833.avi,0,3000,7.4353,1,Yes.
18,order,1,data/videos_v3/int_333ms/v3_333_00336.avi,0,333,6.8353,1,Yes.
18,order,1,data/videos_v3/int_333ms/v3_333_00329.avi,1,333,6.2207,1,Yes.
18,order,1,data/videos_v3/int_500ms/v3_500_00491.avi,1,500,8.5746,1,Yes.
18,order,1,data/videos_v3/int_10000ms/v3_10000_01125.avi,0,10000,6.4979,1,Yes.
18,order,1,data/videos_v3/int_1000ms/v3_1000_00595.avi,0,1000,8.1761,1,Yes.
18,order,1,data/videos_v3/int_2000ms/v3_2000_00778.avi,0,2000,5.8351,1,Yes.
18,order,1,data/videos_v3/int_10000ms/v3_10000_01130.avi,0,10000,6.4482,1,Yes.
18,order,1,data/videos_v3/int_200ms/v3_200_00223.avi,1,200,6.3995,1,Yes.
18,order,1,data/videos_v3/int_5000ms/v3_5000_00921.avi,0,5000,7.7488,1,Yes.
18,order,1,data/videos_v3/int_7000ms/v3_7000_01012.avi,1,7000,7.1385,1,Yes.
18,order,1,data/videos_v3/int_10000ms/v3_10000_01108.avi,1,10000,7.4646,1,Yes.
18,order,1,data/videos_v3/int_100ms/v3_100_00188.avi,1,100,6.826,1,Yes.
18,order,1,data/videos_v3/int_7000ms/v3_7000_01097.avi,0,7000,6.6955,1,Yes.
18,order,1,data/videos_v3/int_1500ms/v3_1500_00677.avi,1,1500,8.0011,1,Yes.
18,order,1,data/videos_v3/int_333ms/v3_333_00379.avi,1,333,7.0274,1,Yes.
18,order,1,data/videos_v3/int_1000ms/v3_1000_00560.avi,1,1000,7.1148,1,Yes.
18,order,1,data/videos_v3/int_2000ms/v3_2000_00716.avi,1,2000,7.8189,1,Yes.
18,order,1,data/videos_v3/int_1000ms/v3_1000_00554.avi,0,1000,7.1721,1,Yes.
18,order,1,data/videos_v3/int_200ms/v3_200_00268.avi,0,200,7.2093,1,Yes.
18,order,1,data/videos_v3/int_1000ms/v3_1000_00529.avi,0,1000,6.1093,1,Yes.
18,order,1,data/videos_v3/int_3000ms/v3_3000_00879.avi,0,3000,7.9314,1,Yes.
18,order,1,data/videos_v3/int_2000ms/v3_2000_00777.avi,1,2000,7.4315,1,Yes.
18,order,1,data/videos_v3/int_1000ms/v3_1000_00545.avi,0,1000,7.4417,1,Yes.
18,order,1,data/videos_v3/int_1000ms/v3_1000_00520.avi,0,1000,6.2288,1,Yes.
18,order,1,data/videos_v3/int_1500ms/v3_1500_00675.avi,0,1500,6.8806,1,Yes.
18,order,1,data/videos_v3/int_10000ms/v3_10000_01126.avi,0,10000,7.366,1,Yes.
18,order,1,data/videos_v3/int_1500ms/v3_1500_00617.avi,0,1500,7.1721,1,Yes.
18,order,1,data/videos_v3/int_3000ms/v3_3000_00885.avi,1,3000,7.1385,1,Yes.
18,order,1,data/videos_v3/int_5000ms/v3_5000_00935.avi,0,5000,6.6862,1,Yes.
18,order,1,data/videos_v3/int_3000ms/v3_3000_00871.avi,1,3000,8.0137,1,Yes.
18,order,1,data/videos_v3/int_1000ms/v3_1000_00598.avi,0,1000,7.0754,1,Yes.
18,order,1,data/videos_v3/int_1500ms/v3_1500_00631.avi,1,1500,7.9978,1,Yes.
18,order,1,data/videos_v3/int_5000ms/v3_5000_00968.avi,0,5000,6.5638,1,Yes.
18,order,1,data/videos_v3/int_3000ms/v3_3000_00878.avi,0,3000,7.0726,1,Yes.
18,order,1,data/videos_v3/int_1000ms/v3_1000_00551.avi,0,1000,6.307,1,Yes.
18,order,1,data/videos_v3/int_1000ms/v3_1000_00548.avi,1,1000,6.582,1,Yes.
18,order,1,data/videos_v3/int_1000ms/v3_1000_00509.avi,0,1000,6.73,1,YES.
18,order,1,data/videos_v3/int_200ms/v3_200_00254.avi,1,200,7.9013,1,Yes.
18,order,1,data/videos_v3/int_200ms/v3_200_00226.avi,0,200,5.9021,1,Yes.
18,order,1,data/videos_v3/int_200ms/v3_200_00261.avi,1,200,7.3446,1,Yes.
18,order,1,data/videos_v3/int_2000ms/v3_2000_00743.avi,1,2000,7.0153,1,Yes.
18,order,1,data/videos_v3/int_7000ms/v3_7000_01031.avi,1,7000,7.6815,1,Yes.
18,order,1,data/videos_v3/int_67ms/v3_67_00074.avi,1,67,7.16,1,Yes.
18,order,1,data/videos_v3/int_10000ms/v3_10000_01171.avi,0,10000,5.9846,1,Yes.
18,order,1,data/videos_v3/int_100ms/v3_100_00127.avi,0,100,5.8751,1,Yes.
18,order,1,data/videos_v3/int_100ms/v3_100_00137.avi,1,100,7.6348,1,Yes.
18,order,1,data/videos_v3/int_67ms/v3_67_00095.avi,1,67,7.9412,1,Yes.
18,order,1,data/videos_v3/int_1500ms/v3_1500_00659.avi,1,1500,7.6357,1,Yes.
18,order,1,data/videos_v3/int_333ms/v3_333_00344.avi,0,333,7.5321,1,Yes.
18,order,1,data/videos_v3/int_2000ms/v3_2000_00746.avi,1,2000,7.2776,1,Yes.
18,order,1,data/videos_v3/int_200ms/v3_200_00294.avi,1,200,6.4361,1,Yes.
18,order,1,data/videos_v3/int_3000ms/v3_3000_00854.avi,0,3000,7.3247,1,Yes.
18,order,1,data/videos_v3/int_5000ms/v3_5000_00955.avi,0,5000,7.1254,1,Yes.
18,order,1,data/videos_v3/int_7000ms/v3_7000_01036.avi,0,7000,6.0898,1,Yes.
18,order,1,data/videos_v3/int_333ms/v3_333_00352.avi,0,333,6.6738,1,Yes.
18,order,1,data/videos_v3/int_7000ms/v3_7000_01010.avi,0,7000,7.0131,1,Yes.
18,order,1,data/videos_v3/int_1500ms/v3_1500_00624.avi,1,1500,5.8321,1,Yes.
18,order,1,data/videos_v3/int_10000ms/v3_10000_01101.avi,1,10000,7.1089,1,Yes.
18,order,1,data/videos_v3/int_500ms/v3_500_00439.avi,0,500,6.2408,1,Yes.
18,random,-1,data/videos_v3/int_5000ms/v3_5000_00960.avi,1,5000,0.5946,1,YES
18,random,-1,data/videos_v3/int_500ms/v3_500_00401.avi,0,500,-1.6855,0,No.
18,random,-1,data/videos_v3/int_500ms/v3_500_00417.avi,0,500,-0.273,0,NO
18,random,-1,data/videos_v3/int_333ms/v3_333_00354.avi,0,333,-0.5154,0,NO
18,random,-1,data/videos_v3/int_2000ms/v3_2000_00717.avi,1,2000,-1.023,0,NO
18,random,-1,data/videos_v3/int_2000ms/v3_2000_00789.avi,0,2000,0.2501,1,Yes.
18,random,-1,data/videos_v3/int_10000ms/v3_10000_01184.avi,0,10000,-0.8826,0,NO
18,random,-1,data/videos_v3/int_7000ms/v3_7000_01090.avi,1,7000,-0.4058,0,NO
18,random,-1,data/videos_v3/int_1500ms/v3_1500_00634.avi,0,1500,0.0646,1,Yes.
18,random,-1,data/videos_v3/int_500ms/v3_500_00459.avi,1,500,0.5568,1,YES
18,random,-1,data/videos_v3/int_7000ms/v3_7000_01058.avi,0,7000,-0.492,0,NO
18,random,-1,data/videos_v3/int_3000ms/v3_3000_00860.avi,1,3000,-1.0154,0,NO
18,random,-1,data/videos_v3/int_2000ms/v3_2000_00708.avi,0,2000,-0.6854,0,NO
18,random,-1,data/videos_v3/int_2000ms/v3_2000_00773.avi,0,2000,-1.6855,0,No.
18,random,-1,data/videos_v3/int_1000ms/v3_1000_00525.avi,1,1000,-0.8259,0,NO
18,random,-1,data/videos_v3/int_1000ms/v3_1000_00558.avi,1,1000,-1.4664,0,NO
18,random,-1,data/videos_v3/int_200ms/v3_200_00242.avi,0,200,-1.3827,0,NO
18,random,-1,data/videos_v3/int_333ms/v3_333_00396.avi,1,333,-0.8749,0,NO
18,random,-1,data/videos_v3/int_1500ms/v3_1500_00641.avi,1,1500,0.1779,1,YES
18,random,-1,data/videos_v3/int_1000ms/v3_1000_00576.avi,0,1000,-0.1932,0,NO
18,random,-1,data/videos_v3/int_10000ms/v3_10000_01192.avi,0,10000,-0.3104,0,NO
18,random,-1,data/videos_v3/int_5000ms/v3_5000_00951.avi,0,5000,-0.3827,0,NO
18,random,-1,data/videos_v3/int_7000ms/v3_7000_01060.avi,0,7000,-0.2421,0,No.
18,random,-1,data/videos_v3/int_1000ms/v3_1000_00518.avi,0,1000,-0.4432,0,NO
18,random,-1,data/videos_v3/int_10000ms/v3_10000_01140.avi,0,10000,0.0568,1,YES
18,random,-1,data/videos_v3/int_2000ms/v3_2000_00706.avi,0,2000,-1.5077,0,NO
18,random,-1,data/videos_v3/int_100ms/v3_100_00125.avi,0,100,0.1251,1,YES
18,random,-1,data/videos_v3/int_1500ms/v3_1500_00670.avi,1,1500,0.2579,1,Yes.
18,random,-1,data/videos_v3/int_100ms/v3_100_00149.avi,0,100,-0.7654,0,NO
18,random,-1,data/videos_v3/int_3000ms/v3_3000_00849.avi,0,3000,-1.1854,0,No.
18,random,-1,data/videos_v3/int_2000ms/v3_2000_00795.avi,1,2000,-1.2654,0,NO
18,random,-1,data/videos_v3/int_333ms/v3_333_00333.avi,0,333,-1.5154,0,NO
18,random,-1,data/videos_v3/int_500ms/v3_500_00404.avi,1,500,0.4434,1,Yes.
18,random,-1,data/videos_v3/int_67ms/v3_67_00059.avi,1,67,0.6818,1,YES
18,random,-1,data/videos_v3/int_7000ms/v3_7000_01034.avi,1,7000,-0.2147,0,NO
18,random,-1,data/videos_v3/int_333ms/v3_333_00356.avi,1,333,-0.3105,0,No.
18,random,-1,data/videos_v3/int_5000ms/v3_5000_00932.avi,0,5000,0.0001,0,NO
18,random,-1,data/videos_v3/int_5000ms/v3_5000_00966.avi,1,5000,-1.6027,0,NO
18,random,-1,data/videos_v3/int_1000ms/v3_1000_00584.avi,1,1000,0.2047,1,YES
18,random,-1,data/videos_v3/int_333ms/v3_333_00350.avi,0,333,0.5684,1,Yes.
18,random,-1,data/videos_v3/int_3000ms/v3_3000_00813.avi,0,3000,-1.1816,0,No.
18,random,-1,data/videos_v3/int_1500ms/v3_1500_00663.avi,0,1500,-0.8221,0,NO
18,random,-1,data/videos_v3/int_7000ms/v3_7000_01098.avi,0,7000,0.0001,0,NO
18,random,-1,data/videos_v3/int_200ms/v3_200_00245.avi,0,200,-1.2577,0,NO
18,random,-1,data/videos_v3/int_10000ms/v3_10000_01107.avi,1,10000,0.4318,1,YES
18,random,-1,data/videos_v3/int_3000ms/v3_3000_00892.avi,0,3000,-1.1249,0,NO
18,random,-1,data/videos_v3/int_2000ms/v3_2000_00771.avi,0,2000,-0.5799,0,NO
18,random,-1,data/videos_v3/int_2000ms/v3_2000_00767.avi,0,2000,-0.7499,0,NO
18,random,-1,data/videos_v3/int_200ms/v3_200_00283.avi,1,200,0.1934,1,Yes.
18,random,-1,data/videos_v3/int_200ms/v3_200_00224.avi,1,200,0.3107,1,Yes.
18,random,-1,data/videos_v3/int_2000ms/v3_2000_00790.avi,1,2000,-0.7421,0,No.
18,random,-1,data/videos_v3/int_10000ms/v3_10000_01173.avi,1,10000,0.9357,1,YES
18,random,-1,data/videos_v3/int_500ms/v3_500_00440.avi,1,500,-0.5605,0,NO
18,random,-1,data/videos_v3/int_500ms/v3_500_00494.avi,0,500,-0.8671,0,No.
18,random,-1,data/videos_v3/int_2000ms/v3_2000_00719.avi,1,2000,-0.0566,0,No.
18,random,-1,data/videos_v3/int_3000ms/v3_3000_00867.avi,0,3000,-0.4999,0,NO
18,random,-1,data/videos_v3/int_500ms/v3_500_00468.avi,0,500,-0.8749,0,NO
18,random,-1,data/videos_v3/int_7000ms/v3_7000_01052.avi,1,7000,-0.0077,0,NO
18,random,-1,data/videos_v3/int_10000ms/v3_10000_01120.avi,0,10000,-1.0683,0,NO
18,random,-1,data/videos_v3/int_10000ms/v3_10000_01146.avi,1,10000,0.2955,1,YES
18,random,-1,data/videos_v3/int_67ms/v3_67_00038.avi,1,67,0.6251,1,YES
18,random,-1,data/videos_v3/int_2000ms/v3_2000_00762.avi,0,2000,-0.0795,0,NO
18,random,-1,data/videos_v3/int_10000ms/v3_10000_01112.avi,1,10000,0.2196,1,YES
18,random,-1,data/videos_v3/int_7000ms/v3_7000_01044.avi,0,7000,0.4318,1,YES
18,random,-1,data/videos_v3/int_200ms/v3_200_00270.avi,1,200,0.2501,1,YES
18,random,-1,data/videos_v3/int_10000ms/v3_10000_01156.avi,1,10000,-0.3749,0,NO
18,random,-1,data/videos_v3/int_333ms/v3_333_00301.avi,0,333,-0.023,0,NO
18,random,-1,data/videos_v3/int_2000ms/v3_2000_00733.avi,1,2000,-1.648,0,NO
18,random,-1,data/videos_v3/int_10000ms/v3_10000_01151.avi,0,10000,-1.8144,0,NO
18,random,-1,data/videos_v3/int_2000ms/v3_2000_00774.avi,0,2000,-1.1893,0,NO
18,random,-1,data/videos_v3/int_10000ms/v3_10000_01134.avi,0,10000,-0.6327,0,NO
18,random,-1,data/videos_v3/int_5000ms/v3_5000_00913.avi,0,5000,0.3029,1,YES
18,random,-1,data/videos_v3/int_500ms/v3_500_00465.avi,0,500,-1.0795,0,NO
18,random,-1,data/videos_v3/int_1500ms/v3_1500_00601.avi,1,1500,-2.6327,0,NO
18,random,-1,data/videos_v3/int_200ms/v3_200_00231.avi,0,200,-0.7499,0,NO
18,random,-1,data/videos_v3/int_500ms/v3_500_00407.avi,1,500,0.6173,1,Yes.
18,random,-1,data/videos_v3/int_10000ms/v3_10000_01147.avi,1,10000,0.5646,1,YES
18,random,-1,data/videos_v3/int_500ms/v3_500_00469.avi,0,500,-1.4316,0,No.
18,random,-1,data/videos_v3/int_500ms/v3_500_00479.avi,1,500,0.4434,1,Yes.
18,random,-1,data/videos_v3/int_333ms/v3_333_00311.avi,0,333,-0.0914,0,NO
18,random,-1,data/videos_v3/int_3000ms/v3_3000_00822.avi,1,3000,-1.5604,0,NO
18,random,-1,data/videos_v3/int_1500ms/v3_1500_00642.avi,0,1500,-0.8143,0,NO
18,random,-1,data/videos_v3/int_3000ms/v3_3000_00847.avi,0,3000,-0.7499,0,NO
18,random,-1,data/videos_v3/int_100ms/v3_100_00176.avi,0,100,-1.9549,0,NO
18,random,-1,data/videos_v3/int_7000ms/v3_7000_01042.avi,0,7000,-0.9432,0,NO
18,random,-1,data/videos_v3/int_333ms/v3_333_00382.avi,1,333,-0.0643,0,NO
18,random,-1,data/videos_v3/int_7000ms/v3_7000_01063.avi,0,7000,-0.4998,0,NO
18,random,-1,data/videos_v3/int_10000ms/v3_10000_01178.avi,1,10000,0.8751,1,Yes.
18,random,-1,data/videos_v3/int_67ms/v3_67_00068.avi,0,67,-0.4844,0,No.
18,random,-1,data/videos_v3/int_1500ms/v3_1500_00616.avi,0,1500,0.0001,0,NO
18,random,-1,data/videos_v3/int_200ms/v3_200_00200.avi,0,200,-0.6932,0,NO
18,random,-1,data/videos_v3/int_2000ms/v3_2000_00791.avi,0,2000,-0.8143,0,NO
18,random,-1,data/videos_v3/int_1500ms/v3_1500_00695.avi,0,1500,-1.0721,0,NO
18,random,-1,data/videos_v3/int_500ms/v3_500_00415.avi,1,500,0.8029,1,YES
18,random,-1,data/videos_v3/int_10000ms/v3_10000_01194.avi,1,10000,0.3751,1,YES
18,random,-1,data/videos_v3/int_500ms/v3_500_00403.avi,1,500,-0.1932,0,NO
18,random,-1,data/videos_v3/int_2000ms/v3_2000_00752.avi,0,2000,-1.6249,0,NO
18,random,-1,data/videos_v3/int_10000ms/v3_10000_01165.avi,0,10000,-0.7654,0,NO
18,random,-1,data/videos_v3/int_500ms/v3_500_00464.avi,1,500,0.6251,1,YES
18,random,-1,data/videos_v3/int_500ms/v3_500_00492.avi,0,500,-0.8749,0,NO
18,random,-1,data/videos_v3/int_5000ms/v3_5000_00928.avi,0,5000,-1.2045,0,NO
18,random,-1,data/videos_v3/int_500ms/v3_500_00487.avi,0,500,-1.2499,0,NO
18,random,-1,data/videos_v3/int_1000ms/v3_1000_00553.avi,0,1000,-0.6893,0,NO
18,random,-1,data/videos_v3/int_7000ms/v3_7000_01000.avi,1,7000,-0.7493,0,NO
18,random,-1,data/videos_v3/int_1500ms/v3_1500_00612.avi,0,1500,-0.1249,0,NO
18,random,-1,data/videos_v3/int_10000ms/v3_10000_01127.avi,1,10000,-0.523,0,NO
18,random,-1,data/videos_v3/int_5000ms/v3_5000_00999.avi,0,5000,-0.648,0,NO
18,random,-1,data/videos_v3/int_7000ms/v3_7000_01069.avi,1,7000,-0.9277,0,No.
18,random,-1,data/videos_v3/int_10000ms/v3_10000_01167.avi,0,10000,-0.3904,0,NO
18,random,-1,data/videos_v3/int_7000ms/v3_7000_01019.avi,0,7000,-0.1249,0,NO
18,random,-1,data/videos_v3/int_2000ms/v3_2000_00779.avi,0,2000,-0.7654,0,NO
18,random,-1,data/videos_v3/int_1500ms/v3_1500_00647.avi,1,1500,0.0529,0,NO
18,random,-1,data/videos_v3/int_5000ms/v3_5000_00905.avi,1,5000,-0.3594,0,No.
18,random,-1,data/videos_v3/int_1000ms/v3_1000_00586.avi,1,1000,-0.4999,0,NO
18,random,-1,data/videos_v3/int_2000ms/v3_2000_00713.avi,0,2000,-1.1932,0,NO
18,random,-1,data/videos_v3/int_1500ms/v3_1500_00644.avi,1,1500,-0.3749,0,NO
18,random,-1,data/videos_v3/int_10000ms/v3_10000_01181.avi,0,10000,-0.8104,0,No.
18,random,-1,data/videos_v3/int_3000ms/v3_3000_00873.avi,0,3000,-0.1249,0,NO
18,random,-1,data/videos_v3/int_7000ms/v3_7000_01074.avi,0,7000,0.3752,1,Yes.
18,random,-1,data/videos_v3/int_1000ms/v3_1000_00535.avi,0,1000,-0.6932,0,NO
18,random,-1,data/videos_v3/int_3000ms/v3_3000_00829.avi,0,3000,-1.023,0,NO
18,random,-1,data/videos_v3/int_3000ms/v3_3000_00823.avi,1,3000,-0.1893,0,NO
18,random,-1,data/videos_v3/int_10000ms/v3_10000_01191.avi,0,10000,0.0079,1,Yes.
18,random,-1,data/videos_v3/int_1500ms/v3_1500_00618.avi,1,1500,-1.5721,0,NO
18,random,-1,data/videos_v3/int_333ms/v3_333_00394.avi,0,333,-0.9316,0,NO
18,random,-1,data/videos_v3/int_2000ms/v3_2000_00701.avi,1,2000,-0.898,0,NO
18,random,-1,data/videos_v3/int_1500ms/v3_1500_00681.avi,1,1500,0.0606,1,Yes.
18,random,-1,data/videos_v3/int_5000ms/v3_5000_00983.avi,0,5000,-0.4277,0,No.
18,random,-1,data/videos_v3/int_333ms/v3_333_00388.avi,1,333,-2.1932,0,NO
18,random,-1,data/videos_v3/int_1500ms/v3_1500_00669.avi,1,1500,-0.0682,0,NO
18,random,-1,data/videos_v3/int_2000ms/v3_2000_00755.avi,1,2000,-0.8827,0,NO
18,random,-1,data/videos_v3/int_1000ms/v3_1000_00566.avi,1,1000,-0.1815,0,No.
18,random,-1,data/videos_v3/int_1000ms/v3_1000_00561.avi,1,1000,-0.5077,0,NO
18,random,-1,data/videos_v3/int_1500ms/v3_1500_00674.avi,1,1500,0.727,1,YES
18,random,-1,data/videos_v3/int_1000ms/v3_1000_00581.avi,1,1000,-0.8065,0,No.
18,random,-1,data/videos_v3/int_5000ms/v3_5000_00908.avi,1,5000,0.5001,1,YES
18,random,-1,data/videos_v3/int_200ms/v3_200_00279.avi,1,200,0.1857,1,YES
18,random,-1,data/videos_v3/int_100ms/v3_100_00133.avi,1,100,1.1742,1,YES
18,random,-1,data/videos_v3/int_1500ms/v3_1500_00666.avi,0,1500,0.4435,1,Yes.
18,random,-1,data/videos_v3/int_5000ms/v3_5000_00980.avi,0,5000,0.1818,1,YES
18,random,-1,data/videos_v3/int_3000ms/v3_3000_00833.avi,0,3000,-1.3749,0,NO
18,random,-1,data/videos_v3/int_333ms/v3_333_00336.avi,0,333,-0.4354,0,NO
18,random,-1,data/videos_v3/int_333ms/v3_333_00329.avi,1,333,-0.4999,0,NO
18,random,-1,data/videos_v3/int_500ms/v3_500_00491.avi,1,500,0.0646,1,Yes.
18,random,-1,data/videos_v3/int_10000ms/v3_10000_01125.avi,0,10000,-1.1327,0,NO
18,random,-1,data/videos_v3/int_1000ms/v3_1000_00595.avi,0,1000,0.4395,1,Yes.
18,random,-1,data/videos_v3/int_2000ms/v3_2000_00778.avi,0,2000,-0.3221,0,NO
18,random,-1,data/videos_v3/int_10000ms/v3_10000_01130.avi,0,10000,-1.4471,0,NO
18,random,-1,data/videos_v3/int_200ms/v3_200_00223.avi,1,200,-0.4999,0,NO
18,random,-1,data/videos_v3/int_5000ms/v3_5000_00921.avi,0,5000,-0.7421,0,No.
18,random,-1,data/videos_v3/int_7000ms/v3_7000_01012.avi,1,7000,-0.2805,0,NO
18,random,-1,data/videos_v3/int_10000ms/v3_10000_01108.avi,1,10000,0.5079,1,Yes.
18,random,-1,data/videos_v3/int_100ms/v3_100_00188.avi,1,100,-0.8904,0,NO
18,random,-1,data/videos_v3/int_7000ms/v3_7000_01097.avi,0,7000,-0.9394,0,NO
18,random,-1,data/videos_v3/int_1500ms/v3_1500_00677.avi,1,1500,0.5568,1,YES
18,random,-1,data/videos_v3/int_333ms/v3_333_00379.avi,1,333,-0.3671,0,No.
18,random,-1,data/videos_v3/int_1000ms/v3_1000_00560.avi,1,1000,-1.2499,0,NO
18,random,-1,data/videos_v3/int_2000ms/v3_2000_00716.avi,1,2000,-0.7499,0,NO
18,random,-1,data/videos_v3/int_1000ms/v3_1000_00554.avi,0,1000,0.5492,1,YES
18,random,-1,data/videos_v3/int_200ms/v3_200_00268.avi,0,200,-0.1327,0,NO
18,random,-1,data/videos_v3/int_1000ms/v3_1000_00529.avi,0,1000,-0.023,0,NO
18,random,-1,data/videos_v3/int_3000ms/v3_3000_00879.avi,0,3000,-0.9354,0,No.
18,random,-1,data/videos_v3/int_2000ms/v3_2000_00777.avi,1,2000,-0.1249,0,No.
18,random,-1,data/videos_v3/int_1000ms/v3_1000_00545.avi,0,1000,-1.6018,0,No.
18,random,-1,data/videos_v3/int_1000ms/v3_1000_00520.avi,0,1000,-1.2499,0,NO
18,random,-1,data/videos_v3/int_1500ms/v3_1500_00675.avi,0,1500,0.2423,1,Yes.
18,random,-1,data/videos_v3/int_10000ms/v3_10000_01126.avi,0,10000,-1.1555,0,NO
18,random,-1,data/videos_v3/int_1500ms/v3_1500_00617.avi,0,1500,0.3146,1,Yes.
18,random,-1,data/videos_v3/int_3000ms/v3_3000_00885.avi,1,3000,-0.9355,0,NO
18,random,-1,data/videos_v3/int_5000ms/v3_5000_00935.avi,0,5000,-0.9393,0,NO
18,random,-1,data/videos_v3/int_3000ms/v3_3000_00871.avi,1,3000,-0.8414,0,NO
18,random,-1,data/videos_v3/int_1000ms/v3_1000_00598.avi,0,1000,0.3596,1,YES
18,random,-1,data/videos_v3/int_1500ms/v3_1500_00631.avi,1,1500,-1.3749,0,NO
18,random,-1,data/videos_v3/int_5000ms/v3_5000_00968.avi,0,5000,-0.0604,0,No.
18,random,-1,data/videos_v3/int_3000ms/v3_3000_00878.avi,0,3000,-0.4432,0,NO
18,random,-1,data/videos_v3/int_1000ms/v3_1000_00551.avi,0,1000,-1.4999,0,NO
18,random,-1,data/videos_v3/int_1000ms/v3_1000_00548.avi,1,1000,-0.7654,0,NO
18,random,-1,data/videos_v3/int_1000ms/v3_1000_00509.avi,0,1000,0.0455,0,NO
18,random,-1,data/videos_v3/int_200ms/v3_200_00254.avi,1,200,0.5646,1,Yes.
18,random,-1,data/videos_v3/int_200ms/v3_200_00226.avi,0,200,-1.9921,0,No.
18,random,-1,data/videos_v3/int_200ms/v3_200_00261.avi,1,200,-0.6894,0,NO
18,random,-1,data/videos_v3/int_2000ms/v3_2000_00743.avi,1,2000,0.1817,1,YES
18,random,-1,data/videos_v3/int_7000ms/v3_7000_01031.avi,1,7000,0.6935,1,Yes.
18,random,-1,data/videos_v3/int_67ms/v3_67_00074.avi,1,67,0.0607,1,YES
18,random,-1,data/videos_v3/int_10000ms/v3_10000_01171.avi,0,10000,-0.0604,0,No.
18,random,-1,data/videos_v3/int_100ms/v3_100_00127.avi,0,100,-0.7654,0,NO
18,random,-1,data/videos_v3/int_100ms/v3_100_00137.avi,1,100,0.3145,1,Yes.
18,random,-1,data/videos_v3/int_67ms/v3_67_00095.avi,1,67,-0.3749,0,No.
18,random,-1,data/videos_v3/int_1500ms/v3_1500_00659.avi,1,1500,0.9356,1,YES
18,random,-1,data/videos_v3/int_333ms/v3_333_00344.avi,0,333,-0.2654,0,NO
18,random,-1,data/videos_v3/int_2000ms/v3_2000_00746.avi,1,2000,0.1096,0,NO
18,random,-1,data/videos_v3/int_200ms/v3_200_00294.avi,1,200,0.5001,1,YES
18,random,-1,data/videos_v3/int_3000ms/v3_3000_00854.avi,0,3000,-1.0605,0,NO
18,random,-1,data/videos_v3/int_5000ms/v3_5000_00955.avi,0,5000,-0.6971,0,NO
18,random,-1,data/videos_v3/int_7000ms/v3_7000_01036.avi,0,7000,-1.3182,0,NO
18,random,-1,data/videos_v3/int_333ms/v3_333_00352.avi,0,333,-1.1327,0,NO
18,random,-1,data/videos_v3/int_7000ms/v3_7000_01010.avi,0,7000,-0.9393,0,NO
18,random,-1,data/videos_v3/int_1500ms/v3_1500_00624.avi,1,1500,-2.171,0,NO
18,random,-1,data/videos_v3/int_10000ms/v3_10000_01101.avi,1,10000,-0.8827,0,NO
18,random,-1,data/videos_v3/int_500ms/v3_500_00439.avi,0,500,-2.2577,0,NO
18,random,-0.5,data/videos_v3/int_5000ms/v3_5000_00960.avi,1,5000,-0.3784,0,NO.
18,random,-0.5,data/videos_v3/int_500ms/v3_500_00401.avi,0,500,-2.7397,0,NO.
18,random,-0.5,data/videos_v3/int_500ms/v3_500_00417.avi,0,500,-1.3065,0,NO.
18,random,-0.5,data/videos_v3/int_333ms/v3_333_00354.avi,0,333,-1.4116,0,NO.
18,random,-0.5,data/videos_v3/int_2000ms/v3_2000_00717.avi,1,2000,-2.2515,0,NO.
18,random,-0.5,data/videos_v3/int_2000ms/v3_2000_00789.avi,0,2000,-0.5187,0,NO.
18,random,-0.5,data/videos_v3/int_10000ms/v3_10000_01184.avi,0,10000,-2.1158,0,NO.
18,random,-0.5,data/videos_v3/int_7000ms/v3_7000_01090.avi,1,7000,-1.0884,0,NO.
18,random,-0.5,data/videos_v3/int_1500ms/v3_1500_00634.avi,0,1500,-0.9768,0,NO.
18,random,-0.5,data/videos_v3/int_500ms/v3_500_00459.avi,1,500,-0.3645,0,NO.
18,random,-0.5,data/videos_v3/int_7000ms/v3_7000_01058.avi,0,7000,-1.9767,0,NO.
18,random,-0.5,data/videos_v3/int_3000ms/v3_3000_00860.avi,1,3000,-2.0954,0,NO.
18,random,-0.5,data/videos_v3/int_2000ms/v3_2000_00708.avi,0,2000,-1.3841,0,NO.
18,random,-0.5,data/videos_v3/int_2000ms/v3_2000_00773.avi,0,2000,-2.7591,0,NO.
18,random,-0.5,data/videos_v3/int_1000ms/v3_1000_00525.avi,1,1000,-1.7689,0,NO.
18,random,-0.5,data/videos_v3/int_1000ms/v3_1000_00558.avi,1,1000,-2.67,0,NO.
18,random,-0.5,data/videos_v3/int_200ms/v3_200_00242.avi,0,200,-2.575,0,NO.
18,random,-0.5,data/videos_v3/int_333ms/v3_333_00396.avi,1,333,-2.1265,0,NO.
18,random,-0.5,data/videos_v3/int_1500ms/v3_1500_00641.avi,1,1500,-0.9894,0,NO.
18,random,-0.5,data/videos_v3/int_1000ms/v3_1000_00576.avi,0,1000,-1.7626,0,NO.
18,random,-0.5,data/videos_v3/int_10000ms/v3_10000_01192.avi,0,10000,-1.1017,0,NO.
18,random,-0.5,data/videos_v3/int_5000ms/v3_5000_00951.avi,0,5000,-1.8738,0,NO.
18,random,-0.5,data/videos_v3/int_7000ms/v3_7000_01060.avi,0,7000,-1.7685,0,NO.
18,random,-0.5,data/videos_v3/int_1000ms/v3_1000_00518.avi,0,1000,-1.4766,0,NO.
18,random,-0.5,data/videos_v3/int_10000ms/v3_10000_01140.avi,0,10000,-0.7268,0,NO.
18,random,-0.5,data/videos_v3/int_2000ms/v3_2000_00706.avi,0,2000,-2.6618,0,NO.
18,random,-0.5,data/videos_v3/int_100ms/v3_100_00125.avi,0,100,-0.7779,0,NO.
18,random,-0.5,data/videos_v3/int_1500ms/v3_1500_00670.avi,1,1500,-0.613,0,NO.
18,random,-0.5,data/videos_v3/int_100ms/v3_100_00149.avi,0,100,-1.8841,0,NO.
18,random,-0.5,data/videos_v3/int_3000ms/v3_3000_00849.avi,0,3000,-2.5573,0,NO.
18,random,-0.5,data/videos_v3/int_2000ms/v3_2000_00795.avi,1,2000,-2.278,0,NO.
18,random,-0.5,data/videos_v3/int_333ms/v3_333_00333.avi,0,333,-2.394,0,NO.
18,random,-0.5,data/videos_v3/int_500ms/v3_500_00404.avi,1,500,-0.9775,0,NO.
18,random,-0.5,data/videos_v3/int_67ms/v3_67_00059.avi,1,67,-0.3523,0,NO.
18,random,-0.5,data/videos_v3/int_7000ms/v3_7000_01034.avi,1,7000,-1.0418,0,NO.
18,random,-0.5,data/videos_v3/int_333ms/v3_333_00356.avi,1,333,-1.0299,0,NO.
18,random,-0.5,data/videos_v3/int_5000ms/v3_5000_00932.avi,0,5000,-1.1528,0,NO.
18,random,-0.5,data/videos_v3/int_5000ms/v3_5000_00966.avi,1,5000,-2.6824,0,NO.
18,random,-0.5,data/videos_v3/int_1000ms/v3_1000_00584.avi,1,1000,-1.4028,0,NO.
18,random,-0.5,data/videos_v3/int_333ms/v3_333_00350.avi,0,333,0.1263,1,YES.
18,random,-0.5,data/videos_v3/int_3000ms/v3_3000_00813.avi,0,3000,-2.4323,0,NO.
18,random,-0.5,data/videos_v3/int_1500ms/v3_1500_00663.avi,0,1500,-2.4118,0,NO.
18,random,-0.5,data/videos_v3/int_7000ms/v3_7000_01098.avi,0,7000,-1.2134,0,NO.
18,random,-0.5,data/videos_v3/int_200ms/v3_200_00245.avi,0,200,-2.4194,0,NO.
18,random,-0.5,data/videos_v3/int_10000ms/v3_10000_01107.avi,1,10000,-0.4894,0,NO.
18,random,-0.5,data/videos_v3/int_3000ms/v3_3000_00892.avi,0,3000,-2.7949,0,NO.
18,random,-0.5,data/videos_v3/int_2000ms/v3_2000_00771.avi,0,2000,-1.3519,0,NO.
18,random,-0.5,data/videos_v3/int_2000ms/v3_2000_00767.avi,0,2000,-1.7688,0,NO.
18,random,-0.5,data/videos_v3/int_200ms/v3_200_00283.avi,1,200,-0.7778,0,NO.
18,random,-0.5,data/videos_v3/int_200ms/v3_200_00224.avi,1,200,-0.6144,0,NO.
18,random,-0.5,data/videos_v3/int_2000ms/v3_2000_00790.avi,1,2000,-1.6021,0,NO.
18,random,-0.5,data/videos_v3/int_10000ms/v3_10000_01173.avi,1,10000,-0.0014,0,NO.
18,random,-0.5,data/videos_v3/int_500ms/v3_500_00440.avi,1,500,-1.3937,0,NO.
18,random,-0.5,data/videos_v3/int_500ms/v3_500_00494.avi,0,500,-2.009,0,NO.
18,random,-0.5,data/videos_v3/int_2000ms/v3_2000_00719.avi,1,2000,-1.5187,0,NO.
18,random,-0.5,data/videos_v3/int_3000ms/v3_3000_00867.avi,0,3000,-1.4123,0,NO.
18,random,-0.5,data/videos_v3/int_500ms/v3_500_00468.avi,0,500,-2.0572,0,NO.
18,random,-0.5,data/videos_v3/int_7000ms/v3_7000_01052.avi,1,7000,-0.7864,0,NO.
18,random,-0.5,data/videos_v3/int_10000ms/v3_10000_01120.avi,0,10000,-2.0189,0,NO.
18,random,-0.5,data/videos_v3/int_10000ms/v3_10000_01146.avi,1,10000,-0.4079,0,NO.
18,random,-0.5,data/videos_v3/int_67ms/v3_67_00038.avi,1,67,-0.403,0,NO.
18,random,-0.5,data/videos_v3/int_2000ms/v3_2000_00762.avi,0,2000,-1.4076,0,NO.
18,random,-0.5,data/videos_v3/int_10000ms/v3_10000_01112.avi,1,10000,-0.5326,0,NO.
18,random,-0.5,data/videos_v3/int_7000ms/v3_7000_01044.avi,0,7000,-0.3378,0,NO.
18,random,-0.5,data/videos_v3/int_200ms/v3_200_00270.avi,1,200,-1.2513,0,NO.
18,random,-0.5,data/videos_v3/int_10000ms/v3_10000_01156.avi,1,10000,-1.3024,0,NO.
18,random,-0.5,data/videos_v3/int_333ms/v3_333_00301.avi,0,333,-1.0188,0,NO.
18,random,-0.5,data/videos_v3/int_2000ms/v3_2000_00733.avi,1,2000,-2.8095,0,NO.
18,random,-0.5,data/videos_v3/int_10000ms/v3_10000_01151.avi,0,10000,-2.6695,0,NO.
18,random,-0.5,data/videos_v3/int_2000ms/v3_2000_00774.avi,0,2000,-2.5574,0,NO.
18,random,-0.5,data/videos_v3/int_10000ms/v3_10000_01134.avi,0,10000,-1.2941,0,NO.
18,random,-0.5,data/videos_v3/int_5000ms/v3_5000_00913.avi,0,5000,-1.0278,0,NO.
18,random,-0.5,data/videos_v3/int_500ms/v3_500_00465.avi,0,500,-3.0232,0,NO.
18,random,-0.5,data/videos_v3/int_1500ms/v3_1500_00601.avi,1,1500,-3.5444,0,NO.
18,random,-0.5,data/videos_v3/int_200ms/v3_200_00231.avi,0,200,-2.0565,0,NO.
18,random,-0.5,data/videos_v3/int_500ms/v3_500_00407.avi,1,500,-0.0013,0,NO.
18,random,-0.5,data/videos_v3/int_10000ms/v3_10000_01147.avi,1,10000,-0.3023,0,NO.
18,random,-0.5,data/videos_v3/int_500ms/v3_500_00469.avi,0,500,-2.1694,0,NO.
18,random,-0.5,data/videos_v3/int_500ms/v3_500_00479.avi,1,500,-0.9627,0,NO.
18,random,-0.5,data/videos_v3/int_333ms/v3_333_00311.avi,0,333,-1.0185,0,NO.
18,random,-0.5,data/videos_v3/int_3000ms/v3_3000_00822.avi,1,3000,-2.6693,0,NO.
18,random,-0.5,data/videos_v3/int_1500ms/v3_1500_00642.avi,0,1500,-1.884,0,NO.
18,random,-0.5,data/videos_v3/int_3000ms/v3_3000_00847.avi,0,3000,-2.153,0,NO.
18,random,-0.5,data/videos_v3/int_100ms/v3_100_00176.avi,0,100,-2.8766,0,NO.
18,random,-0.5,data/videos_v3/int_7000ms/v3_7000_01042.avi,0,7000,-1.9029,0,NO.
18,random,-0.5,data/videos_v3/int_333ms/v3_333_00382.avi,1,333,-1.2589,0,NO.
18,random,-0.5,data/videos_v3/int_7000ms/v3_7000_01063.avi,0,7000,-1.4987,0,NO.
18,random,-0.5,data/videos_v3/int_10000ms/v3_10000_01178.avi,1,10000,0.3981,1,YES.
18,random,-0.5,data/videos_v3/int_67ms/v3_67_00068.avi,0,67,-1.3974,0,NO.
18,random,-0.5,data/videos_v3/int_1500ms/v3_1500_00616.avi,0,1500,-1.1145,0,NO.
18,random,-0.5,data/videos_v3/int_200ms/v3_200_00200.avi,0,200,-1.7488,0,NO.
18,random,-0.5,data/videos_v3/int_2000ms/v3_2000_00791.avi,0,2000,-1.6624,0,NO.
18,random,-0.5,data/videos_v3/int_1500ms/v3_1500_00695.avi,0,1500,-1.9194,0,NO.
18,random,-0.5,data/videos_v3/int_500ms/v3_500_00415.avi,1,500,-0.259,0,NO.
18,random,-0.5,data/videos_v3/int_10000ms/v3_10000_01194.avi,1,10000,-0.2513,0,NO.
18,random,-0.5,data/videos_v3/int_500ms/v3_500_00403.avi,1,500,-1.6144,0,NO.
18,random,-0.5,data/videos_v3/int_2000ms/v3_2000_00752.avi,0,2000,-3.0955,0,NO.
18,random,-0.5,data/videos_v3/int_10000ms/v3_10000_01165.avi,0,10000,-1.7626,0,NO.
18,random,-0.5,data/videos_v3/int_500ms/v3_500_00464.avi,1,500,-0.3763,0,NO.
18,random,-0.5,data/videos_v3/int_500ms/v3_500_00492.avi,0,500,-1.9354,0,NO.
18,random,-0.5,data/videos_v3/int_5000ms/v3_5000_00928.avi,0,5000,-2.6939,0,NO.
18,random,-0.5,data/videos_v3/int_500ms/v3_500_00487.avi,0,500,-2.4897,0,NO.
18,random,-0.5,data/videos_v3/int_1000ms/v3_1000_00553.avi,0,1000,-1.338,0,NO.
18,random,-0.5,data/videos_v3/int_7000ms/v3_7000_01000.avi,1,7000,-1.7828,0,NO.
18,random,-0.5,data/videos_v3/int_1500ms/v3_1500_00612.avi,0,1500,-2.0574,0,NO.
18,random,-0.5,data/videos_v3/int_10000ms/v3_10000_01127.avi,1,10000,-1.6774,0,NO.
18,random,-0.5,data/videos_v3/int_5000ms/v3_5000_00999.avi,0,5000,-2.2395,0,NO.
18,random,-0.5,data/videos_v3/int_7000ms/v3_7000_01069.avi,1,7000,-1.4769,0,NO.
18,random,-0.5,data/videos_v3/int_10000ms/v3_10000_01167.avi,0,10000,-1.1758,0,NO.
18,random,-0.5,data/videos_v3/int_7000ms/v3_7000_01019.avi,0,7000,-1.398,0,NO.
18,random,-0.5,data/videos_v3/int_2000ms/v3_2000_00779.avi,0,2000,-1.7782,0,NO.
18,random,-0.5,data/videos_v3/int_1500ms/v3_1500_00647.avi,1,1500,-1.1376,0,NO.
18,random,-0.5,data/videos_v3/int_5000ms/v3_5000_00905.avi,1,5000,-1.1017,0,NO.
18,random,-0.5,data/videos_v3/int_1000ms/v3_1000_00586.avi,1,1000,-1.1021,0,NO.
18,random,-0.5,data/videos_v3/int_2000ms/v3_2000_00713.avi,0,2000,-2.3395,0,NO.
18,random,-0.5,data/videos_v3/int_1500ms/v3_1500_00644.avi,1,1500,-1.086,0,NO.
18,random,-0.5,data/videos_v3/int_10000ms/v3_10000_01181.avi,0,10000,-1.2488,0,NO.
18,random,-0.5,data/videos_v3/int_3000ms/v3_3000_00873.avi,0,3000,-0.7865,0,NO.
18,random,-0.5,data/videos_v3/int_7000ms/v3_7000_01074.avi,0,7000,-0.3836,0,NO.
18,random,-0.5,data/videos_v3/int_1000ms/v3_1000_00535.avi,0,1000,-2.5014,0,NO.
18,random,-0.5,data/videos_v3/int_3000ms/v3_3000_00829.avi,0,3000,-2.0449,0,NO.
18,random,-0.5,data/videos_v3/int_3000ms/v3_3000_00823.avi,1,3000,-1.03,0,NO.
18,random,-0.5,data/videos_v3/int_10000ms/v3_10000_01191.avi,0,10000,-0.9766,0,NO.
18,random,-0.5,data/videos_v3/int_1500ms/v3_1500_00618.avi,1,1500,-3.0368,0,NO.
18,random,-0.5,data/videos_v3/int_333ms/v3_333_00394.avi,0,333,-1.9638,0,NO.
18,random,-0.5,data/videos_v3/int_2000ms/v3_2000_00701.avi,1,2000,-2.0189,0,NO.
18,random,-0.5,data/videos_v3/int_1500ms/v3_1500_00681.avi,1,1500,-1.6376,0,NO.
18,random,-0.5,data/videos_v3/int_5000ms/v3_5000_00983.avi,0,5000,-1.3837,0,NO.
18,random,-0.5,data/videos_v3/int_333ms/v3_333_00388.avi,1,333,-3.1439,0,NO.
18,random,-0.5,data/videos_v3/int_1500ms/v3_1500_00669.avi,1,1500,-0.8519,0,NO.
18,random,-0.5,data/videos_v3/int_2000ms/v3_2000_00755.avi,1,2000,-2.153,0,NO.
18,random,-0.5,data/videos_v3/int_1000ms/v3_1000_00566.avi,1,1000,-0.8967,0,NO.
18,random,-0.5,data/videos_v3/int_1000ms/v3_1000_00561.avi,1,1000,-1.1238,0,NO.
18,random,-0.5,data/videos_v3/int_1500ms/v3_1500_00674.avi,1,1500,-0.2865,0,NO.
18,random,-0.5,data/videos_v3/int_1000ms/v3_1000_00581.avi,1,1000,-1.4635,0,NO.
18,random,-0.5,data/videos_v3/int_5000ms/v3_5000_00908.avi,1,5000,-0.5658,0,NO.
18,random,-0.5,data/videos_v3/int_200ms/v3_200_00279.avi,1,200,-0.7513,0,NO.
18,random,-0.5,data/videos_v3/int_100ms/v3_100_00133.avi,1,100,0.102,1,YES.
18,random,-0.5,data/videos_v3/int_1500ms/v3_1500_00666.avi,0,1500,-0.3245,0,NO.
18,random,-0.5,data/videos_v3/int_5000ms/v3_5000_00980.avi,0,5000,-0.5365,0,NO.
18,random,-0.5,data/videos_v3/int_3000ms/v3_3000_00833.avi,0,3000,-2.4897,0,NO.
18,random,-0.5,data/videos_v3/int_333ms/v3_333_00336.avi,0,333,-1.2487,0,NO.
18,random,-0.5,data/videos_v3/int_333ms/v3_333_00329.avi,1,333,-1.7781,0,NO.
18,random,-0.5,data/videos_v3/int_500ms/v3_500_00491.avi,1,500,-0.852,0,NO.
18,random,-0.5,data/videos_v3/int_10000ms/v3_10000_01125.avi,0,10000,-2.134,0,NO.
18,random,-0.5,data/videos_v3/int_1000ms/v3_1000_00595.avi,0,1000,-0.5186,0,NO.
18,random,-0.5,data/videos_v3/int_2000ms/v3_2000_00778.avi,0,2000,-1.3519,0,NO.
18,random,-0.5,data/videos_v3/int_10000ms/v3_10000_01130.avi,0,10000,-1.9675,0,NO.
18,random,-0.5,data/videos_v3/int_200ms/v3_200_00223.avi,1,200,-1.5091,0,NO.
18,random,-0.5,data/videos_v3/int_5000ms/v3_5000_00921.avi,0,5000,-2.134,0,NO.
18,random,-0.5,data/videos_v3/int_7000ms/v3_7000_01012.avi,1,7000,-1.2625,0,NO.
18,random,-0.5,data/videos_v3/int_10000ms/v3_10000_01108.avi,1,10000,-0.5089,0,NO.
18,random,-0.5,data/videos_v3/int_100ms/v3_100_00188.avi,1,100,-2.2627,0,NO.
18,random,-0.5,data/videos_v3/int_7000ms/v3_7000_01097.avi,0,7000,-1.8645,0,NO.
18,random,-0.5,data/videos_v3/int_1500ms/v3_1500_00677.avi,1,1500,-0.3386,0,NO.
18,random,-0.5,data/videos_v3/int_333ms/v3_333_00379.avi,1,333,-1.4635,0,NO.
18,random,-0.5,data/videos_v3/int_1000ms/v3_1000_00560.avi,1,1000,-2.3248,0,NO.
18,random,-0.5,data/videos_v3/int_2000ms/v3_2000_00716.avi,1,2000,-1.7591,0,NO.
18,random,-0.5,data/videos_v3/int_1000ms/v3_1000_00554.avi,0,1000,-0.3763,0,NO.
18,random,-0.5,data/videos_v3/int_200ms/v3_200_00268.avi,0,200,-1.3248,0,NO.
18,random,-0.5,data/videos_v3/int_1000ms/v3_1000_00529.avi,0,1000,-1.2513,0,NO.
18,random,-0.5,data/videos_v3/int_3000ms/v3_3000_00879.avi,0,3000,-2.2592,0,NO.
18,random,-0.5,data/videos_v3/int_2000ms/v3_2000_00777.avi,1,2000,-1.4028,0,NO.
18,random,-0.5,data/videos_v3/int_1000ms/v3_1000_00545.avi,0,1000,-2.5396,0,NO.
18,random,-0.5,data/videos_v3/int_1000ms/v3_1000_00520.avi,0,1000,-2.5368,0,NO.
18,random,-0.5,data/videos_v3/int_1500ms/v3_1500_00675.avi,0,1500,-1.0879,0,NO.
18,random,-0.5,data/videos_v3/int_10000ms/v3_10000_01126.avi,0,10000,-2.2869,0,NO.
18,random,-0.5,data/videos_v3/int_1500ms/v3_1500_00617.avi,0,1500,-0.8245,0,NO.
18,random,-0.5,data/videos_v3/int_3000ms/v3_3000_00885.avi,1,3000,-2.1855,0,NO.
18,random,-0.5,data/videos_v3/int_5000ms/v3_5000_00935.avi,0,5000,-2.6531,0,NO.
18,random,-0.5,data/videos_v3/int_3000ms/v3_3000_00871.avi,1,3000,-2.019,0,NO.
18,random,-0.5,data/videos_v3/int_1000ms/v3_1000_00598.avi,0,1000,-0.8784,0,NO.
18,random,-0.5,data/videos_v3/int_1500ms/v3_1500_00631.avi,1,1500,-2.8011,0,NO.
18,random,-0.5,data/videos_v3/int_5000ms/v3_5000_00968.avi,0,5000,-0.9121,0,NO.
18,random,-0.5,data/videos_v3/int_3000ms/v3_3000_00878.avi,0,3000,-1.5186,0,NO.
18,random,-0.5,data/videos_v3/int_1000ms/v3_1000_00551.avi,0,1000,-3.3527,0,NO.
18,random,-0.5,data/videos_v3/int_1000ms/v3_1000_00548.avi,1,1000,-1.8765,0,NO.
18,random,-0.5,data/videos_v3/int_1000ms/v3_1000_00509.avi,0,1000,-0.8517,0,NO.
18,random,-0.5,data/videos_v3/int_200ms/v3_200_00254.avi,1,200,-0.8643,0,NO.
18,random,-0.5,data/videos_v3/int_200ms/v3_200_00226.avi,0,200,-2.9148,0,NO.
18,random,-0.5,data/videos_v3/int_200ms/v3_200_00261.avi,1,200,-2.2396,0,NO.
18,random,-0.5,data/videos_v3/int_2000ms/v3_2000_00743.avi,1,2000,-1.153,0,NO.
18,random,-0.5,data/videos_v3/int_7000ms/v3_7000_01031.avi,1,7000,0.2864,1,YES.
18,random,-0.5,data/videos_v3/int_67ms/v3_67_00074.avi,1,67,-1.5088,0,NO.
18,random,-0.5,data/videos_v3/int_10000ms/v3_10000_01171.avi,0,10000,-1.5394,0,NO.
18,random,-0.5,data/videos_v3/int_100ms/v3_100_00127.avi,0,100,-1.5187,0,NO.
18,random,-0.5,data/videos_v3/int_100ms/v3_100_00137.avi,1,100,-0.8385,0,NO.
18,random,-0.5,data/videos_v3/int_67ms/v3_67_00095.avi,1,67,-2.1145,0,NO.
18,random,-0.5,data/videos_v3/int_1500ms/v3_1500_00659.avi,1,1500,-0.1145,0,NO.
18,random,-0.5,data/videos_v3/int_333ms/v3_333_00344.avi,0,333,-1.7687,0,NO.
18,random,-0.5,data/videos_v3/int_2000ms/v3_2000_00746.avi,1,2000,-1.0366,0,NO.
18,random,-0.5,data/videos_v3/int_200ms/v3_200_00294.avi,1,200,-0.6018,0,NO.
18,random,-0.5,data/videos_v3/int_3000ms/v3_3000_00854.avi,0,3000,-2.2591,0,NO.
18,random,-0.5,data/videos_v3/int_5000ms/v3_5000_00955.avi,0,5000,-2.0508,0,NO.
18,random,-0.5,data/videos_v3/int_7000ms/v3_7000_01036.avi,0,7000,-2.0089,0,NO.
18,random,-0.5,data/videos_v3/int_333ms/v3_333_00352.avi,0,333,-1.9989,0,NO.
18,random,-0.5,data/videos_v3/int_7000ms/v3_7000_01010.avi,0,7000,-2.6617,0,NO.
18,random,-0.5,data/videos_v3/int_1500ms/v3_1500_00624.avi,1,1500,-3.3648,0,NO.
18,random,-0.5,data/videos_v3/int_10000ms/v3_10000_01101.avi,1,10000,-1.8877,0,NO.
18,random,-0.5,data/videos_v3/int_500ms/v3_500_00439.avi,0,500,-3.269,0,NO.
18,random,-0.25,data/videos_v3/int_5000ms/v3_5000_00960.avi,1,5000,-0.5257,0,NO.
18,random,-0.25,data/videos_v3/int_500ms/v3_500_00401.avi,0,500,-3.0524,0,NO.
18,random,-0.25,data/videos_v3/int_500ms/v3_500_00417.avi,0,500,-1.6141,0,NO.
18,random,-0.25,data/videos_v3/int_333ms/v3_333_00354.avi,0,333,-1.6696,0,NO.
18,random,-0.25,data/videos_v3/int_2000ms/v3_2000_00717.avi,1,2000,-2.4078,0,NO.
18,random,-0.25,data/videos_v3/int_2000ms/v3_2000_00789.avi,0,2000,-0.6612,0,NO.
18,random,-0.25,data/videos_v3/int_10000ms/v3_10000_01184.avi,0,10000,-2.3216,0,NO.
18,random,-0.25,data/videos_v3/int_7000ms/v3_7000_01090.avi,1,7000,-1.114,0,NO.
18,random,-0.25,data/videos_v3/int_1500ms/v3_1500_00634.avi,0,1500,-1.2391,0,NO.
18,random,-0.25,data/videos_v3/int_500ms/v3_500_00459.avi,1,500,-0.7727,0,NO.
18,random,-0.25,data/videos_v3/int_7000ms/v3_7000_01058.avi,0,7000,-2.2625,0,NO.
18,random,-0.25,data/videos_v3/int_3000ms/v3_3000_00860.avi,1,3000,-2.3024,0,NO.
18,random,-0.25,data/videos_v3/int_2000ms/v3_2000_00708.avi,0,2000,-1.4028,0,NO.
18,random,-0.25,data/videos_v3/int_2000ms/v3_2000_00773.avi,0,2000,-2.9382,0,NO.
18,random,-0.25,data/videos_v3/int_1000ms/v3_1000_00525.avi,1,1000,-1.9029,0,NO.
18,random,-0.25,data/videos_v3/int_1000ms/v3_1000_00558.avi,1,1000,-3.0502,0,NO.
18,random,-0.25,data/videos_v3/int_200ms/v3_200_00242.avi,0,200,-2.852,0,NO.
18,random,-0.25,data/videos_v3/int_333ms/v3_333_00396.avi,1,333,-2.5328,0,NO.
18,random,-0.25,data/videos_v3/int_1500ms/v3_1500_00641.avi,1,1500,-1.0445,0,NO.
18,random,-0.25,data/videos_v3/int_1000ms/v3_1000_00576.avi,0,1000,-2.2999,0,NO.
18,random,-0.25,data/videos_v3/int_10000ms/v3_10000_01192.avi,0,10000,-1.2862,0,NO.
18,random,-0.25,data/videos_v3/int_5000ms/v3_5000_00951.avi,0,5000,-2.0571,0,NO.
18,random,-0.25,data/videos_v3/int_7000ms/v3_7000_01060.avi,0,7000,-2.0444,0,NO.
18,random,-0.25,data/videos_v3/int_1000ms/v3_1000_00518.avi,0,1000,-1.7623,0,NO.
18,random,-0.25,data/videos_v3/int_10000ms/v3_10000_01140.avi,0,10000,-0.7863,0,NO.
18,random,-0.25,data/videos_v3/int_2000ms/v3_2000_00706.avi,0,2000,-2.9345,0,NO.
18,random,-0.25,data/videos_v3/int_100ms/v3_100_00125.avi,0,100,-0.9195,0,NO.
18,random,-0.25,data/videos_v3/int_1500ms/v3_1500_00670.avi,1,1500,-0.6434,0,NO.
18,random,-0.25,data/videos_v3/int_100ms/v3_100_00149.avi,0,100,-1.9894,0,NO.
18,random,-0.25,data/videos_v3/int_3000ms/v3_3000_00849.avi,0,3000,-2.7256,0,NO.
18,random,-0.25,data/videos_v3/int_2000ms/v3_2000_00795.avi,1,2000,-2.5447,0,NO.
18,random,-0.25,data/videos_v3/int_333ms/v3_333_00333.avi,0,333,-2.5449,0,NO.
18,random,-0.25,data/videos_v3/int_500ms/v3_500_00404.avi,1,500,-1.3658,0,NO.
18,random,-0.25,data/videos_v3/int_67ms/v3_67_00059.avi,1,67,-0.4164,0,NO.
18,random,-0.25,data/videos_v3/int_7000ms/v3_7000_01034.avi,1,7000,-1.1894,0,NO.
18,random,-0.25,data/videos_v3/int_333ms/v3_333_00356.avi,1,333,-1.2131,0,NO.
18,random,-0.25,data/videos_v3/int_5000ms/v3_5000_00932.avi,0,5000,-1.2863,0,NO.
18,random,-0.25,data/videos_v3/int_5000ms/v3_5000_00966.avi,1,5000,-2.8241,0,NO.
18,random,-0.25,data/videos_v3/int_1000ms/v3_1000_00584.avi,1,1000,-1.6526,0,NO.
18,random,-0.25,data/videos_v3/int_333ms/v3_333_00350.avi,0,333,-0.0122,0,NO.
18,random,-0.25,data/videos_v3/int_3000ms/v3_3000_00813.avi,0,3000,-2.5689,0,NO.
18,random,-0.25,data/videos_v3/int_1500ms/v3_1500_00663.avi,0,1500,-2.7086,0,NO.
18,random,-0.25,data/videos_v3/int_7000ms/v3_7000_01098.avi,0,7000,-1.4025,0,NO.
18,random,-0.25,data/videos_v3/int_200ms/v3_200_00245.avi,0,200,-2.7688,0,NO.
18,random,-0.25,data/videos_v3/int_10000ms/v3_10000_01107.avi,1,10000,-0.6374,0,NO.
18,random,-0.25,data/videos_v3/int_3000ms/v3_3000_00892.avi,0,3000,-3.0501,0,NO.
18,random,-0.25,data/videos_v3/int_2000ms/v3_2000_00771.avi,0,2000,-1.4028,0,NO.
18,random,-0.25,data/videos_v3/int_2000ms/v3_2000_00767.avi,0,2000,-2.1263,0,NO.
18,random,-0.25,data/videos_v3/int_200ms/v3_200_00283.avi,1,200,-0.7726,0,NO.
18,random,-0.25,data/videos_v3/int_200ms/v3_200_00224.avi,1,200,-0.7824,0,NO.
18,random,-0.25,data/videos_v3/int_2000ms/v3_2000_00790.avi,1,2000,-1.7265,0,NO.
18,random,-0.25,data/videos_v3/int_10000ms/v3_10000_01173.avi,1,10000,-0.0227,0,NO.
18,random,-0.25,data/videos_v3/int_500ms/v3_500_00440.avi,1,500,-1.4196,0,NO.
18,random,-0.25,data/videos_v3/int_500ms/v3_500_00494.avi,0,500,-2.0447,0,NO.
18,random,-0.25,data/videos_v3/int_2000ms/v3_2000_00719.avi,1,2000,-1.9115,0,NO.
18,random,-0.25,data/videos_v3/int_3000ms/v3_3000_00867.avi,0,3000,-1.5508,0,NO.
18,random,-0.25,data/videos_v3/int_500ms/v3_500_00468.avi,0,500,-2.2865,0,NO.
18,random,-0.25,data/videos_v3/int_7000ms/v3_7000_01052.avi,1,7000,-0.8975,0,NO.
18,random,-0.25,data/videos_v3/int_10000ms/v3_10000_01120.avi,0,10000,-2.2948,0,NO.
18,random,-0.25,data/videos_v3/int_10000ms/v3_10000_01146.avi,1,10000,-0.7758,0,NO.
18,random,-0.25,data/videos_v3/int_67ms/v3_67_00038.avi,1,67,-0.5522,0,NO.
18,random,-0.25,data/videos_v3/int_2000ms/v3_2000_00762.avi,0,2000,-1.6748,0,NO.
18,random,-0.25,data/videos_v3/int_10000ms/v3_10000_01112.avi,1,10000,-0.4404,0,NO.
18,random,-0.25,data/videos_v3/int_7000ms/v3_7000_01044.avi,0,7000,-0.3782,0,NO.
18,random,-0.25,data/videos_v3/int_200ms/v3_200_00270.avi,1,200,-1.5326,0,NO.
18,random,-0.25,data/videos_v3/int_10000ms/v3_10000_01156.avi,1,10000,-1.5593,0,NO.
18,random,-0.25,data/videos_v3/int_333ms/v3_333_00301.avi,0,333,-1.2866,0,NO.
18,random,-0.25,data/videos_v3/int_2000ms/v3_2000_00733.avi,1,2000,-2.9468,0,NO.
18,random,-0.25,data/videos_v3/int_10000ms/v3_10000_01151.avi,0,10000,-2.8454,0,NO.
18,random,-0.25,data/videos_v3/int_2000ms/v3_2000_00774.avi,0,2000,-2.8242,0,NO.
18,random,-0.25,data/videos_v3/int_10000ms/v3_10000_01134.avi,0,10000,-1.4318,0,NO.
18,random,-0.25,data/videos_v3/int_5000ms/v3_5000_00913.avi,0,5000,-1.1693,0,NO.
18,random,-0.25,data/videos_v3/int_500ms/v3_500_00465.avi,0,500,-3.4469,0,NO.
18,random,-0.25,data/videos_v3/int_1500ms/v3_1500_00601.avi,1,1500,-3.8189,0,NO.
18,random,-0.25,data/videos_v3/int_200ms/v3_200_00231.avi,0,200,-2.2535,0,NO.
18,random,-0.25,data/videos_v3/int_500ms/v3_500_00407.avi,1,500,-0.0257,0,NO.
18,random,-0.25,data/videos_v3/int_10000ms/v3_10000_01147.avi,1,10000,-0.4323,0,NO.
18,random,-0.25,data/videos_v3/int_500ms/v3_500_00469.avi,0,500,-2.4322,0,NO.
18,random,-0.25,data/videos_v3/int_500ms/v3_500_00479.avi,1,500,-1.1019,0,NO.
18,random,-0.25,data/videos_v3/int_333ms/v3_333_00311.avi,0,333,-1.1524,0,NO.
18,random,-0.25,data/videos_v3/int_3000ms/v3_3000_00822.avi,1,3000,-2.9117,0,NO.
18,random,-0.25,data/videos_v3/int_1500ms/v3_1500_00642.avi,0,1500,-2.0687,0,NO.
18,random,-0.25,data/videos_v3/int_3000ms/v3_3000_00847.avi,0,3000,-2.5524,0,NO.
18,random,-0.25,data/videos_v3/int_100ms/v3_100_00176.avi,0,100,-3.4079,0,NO.
18,random,-0.25,data/videos_v3/int_7000ms/v3_7000_01042.avi,0,7000,-2.1772,0,NO.
18,random,-0.25,data/videos_v3/int_333ms/v3_333_00382.avi,1,333,-1.4196,0,NO.
18,random,-0.25,data/videos_v3/int_7000ms/v3_7000_01063.avi,0,7000,-1.7512,0,NO.
18,random,-0.25,data/videos_v3/int_10000ms/v3_10000_01178.avi,1,10000,0.2467,1,YES.
18,random,-0.25,data/videos_v3/int_67ms/v3_67_00068.avi,0,67,-1.4984,0,NO.
18,random,-0.25,data/videos_v3/int_1500ms/v3_1500_00616.avi,0,1500,-1.4906,0,NO.
18,random,-0.25,data/videos_v3/int_200ms/v3_200_00200.avi,0,200,-1.9321,0,NO.
18,random,-0.25,data/videos_v3/int_2000ms/v3_2000_00791.avi,0,2000,-1.8938,0,NO.
18,random,-0.25,data/videos_v3/int_1500ms/v3_1500_00695.avi,0,1500,-2.009,0,NO.
18,random,-0.25,data/videos_v3/int_500ms/v3_500_00415.avi,1,500,-0.3223,0,NO.
18,random,-0.25,data/videos_v3/int_10000ms/v3_10000_01194.avi,1,10000,-0.2914,0,NO.
18,random,-0.25,data/videos_v3/int_500ms/v3_500_00403.avi,1,500,-2.0034,0,NO.
18,random,-0.25,data/videos_v3/int_2000ms/v3_2000_00752.avi,0,2000,-3.4781,0,NO.
18,random,-0.25,data/videos_v3/int_10000ms/v3_10000_01165.avi,0,10000,-1.9076,0,NO.
18,random,-0.25,data/videos_v3/int_500ms/v3_500_00464.avi,1,500,-0.6399,0,NO.
18,random,-0.25,data/videos_v3/int_500ms/v3_500_00492.avi,0,500,-2.3063,0,NO.
18,random,-0.25,data/videos_v3/int_5000ms/v3_5000_00928.avi,0,5000,-3.0595,0,NO.
18,random,-0.25,data/videos_v3/int_500ms/v3_500_00487.avi,0,500,-2.7868,0,NO.
18,random,-0.25,data/videos_v3/int_1000ms/v3_1000_00553.avi,0,1000,-1.5228,0,NO.
18,random,-0.25,data/videos_v3/int_7000ms/v3_7000_01000.avi,1,7000,-1.9166,0,NO.
18,random,-0.25,data/videos_v3/int_1500ms/v3_1500_00612.avi,0,1500,-2.5449,0,NO.
18,random,-0.25,data/videos_v3/int_10000ms/v3_10000_01127.avi,1,10000,-1.8217,0,NO.
18,random,-0.25,data/videos_v3/int_5000ms/v3_5000_00999.avi,0,5000,-2.4198,0,NO.
18,random,-0.25,data/videos_v3/int_7000ms/v3_7000_01069.avi,1,7000,-1.7407,0,NO.
18,random,-0.25,data/videos_v3/int_10000ms/v3_10000_01167.avi,0,10000,-1.2946,0,NO.
18,random,-0.25,data/videos_v3/int_7000ms/v3_7000_01019.avi,0,7000,-1.7915,0,NO.
18,random,-0.25,data/videos_v3/int_2000ms/v3_2000_00779.avi,0,2000,-2.1774,0,NO.
18,random,-0.25,data/videos_v3/int_1500ms/v3_1500_00647.avi,1,1500,-1.4166,0,NO.
18,random,-0.25,data/videos_v3/int_5000ms/v3_5000_00905.avi,1,5000,-1.3519,0,NO.
18,random,-0.25,data/videos_v3/int_1000ms/v3_1000_00586.avi,1,1000,-1.3642,0,NO.
18,random,-0.25,data/videos_v3/int_2000ms/v3_2000_00713.avi,0,2000,-2.6246,0,NO.
18,random,-0.25,data/videos_v3/int_1500ms/v3_1500_00644.avi,1,1500,-1.1879,0,NO.
18,random,-0.25,data/videos_v3/int_10000ms/v3_10000_01181.avi,0,10000,-1.4378,0,NO.
18,random,-0.25,data/videos_v3/int_3000ms/v3_3000_00873.avi,0,3000,-0.927,0,NO.
18,random,-0.25,data/videos_v3/int_7000ms/v3_7000_01074.avi,0,7000,-0.4024,0,NO.
18,random,-0.25,data/videos_v3/int_1000ms/v3_1000_00535.avi,0,1000,-2.6844,0,NO.
18,random,-0.25,data/videos_v3/int_3000ms/v3_3000_00829.avi,0,3000,-2.2918,0,NO.
18,random,-0.25,data/videos_v3/int_3000ms/v3_3000_00823.avi,1,3000,-1.0089,0,NO.
18,random,-0.25,data/videos_v3/int_10000ms/v3_10000_01191.avi,0,10000,-1.126,0,NO.
18,random,-0.25,data/videos_v3/int_1500ms/v3_1500_00618.avi,1,1500,-3.1845,0,NO.
18,random,-0.25,data/videos_v3/int_333ms/v3_333_00394.avi,0,333,-2.2395,0,NO.
18,random,-0.25,data/videos_v3/int_2000ms/v3_2000_00701.avi,1,2000,-2.2867,0,NO.
18,random,-0.25,data/videos_v3/int_1500ms/v3_1500_00681.avi,1,1500,-2.2917,0,NO.
18,random,-0.25,data/videos_v3/int_5000ms/v3_5000_00983.avi,0,5000,-1.5362,0,NO.
18,random,-0.25,data/videos_v3/int_333ms/v3_333_00388.avi,1,333,-3.3241,0,NO.
18,random,-0.25,data/videos_v3/int_1500ms/v3_1500_00669.avi,1,1500,-1.0278,0,NO.
18,random,-0.25,data/videos_v3/int_2000ms/v3_2000_00755.avi,1,2000,-2.4115,0,NO.
18,random,-0.25,data/videos_v3/int_1000ms/v3_1000_00566.avi,1,1000,-0.989,0,NO.
18,random,-0.25,data/videos_v3/int_1000ms/v3_1000_00561.avi,1,1000,-1.1142,0,NO.
18,random,-0.25,data/videos_v3/int_1500ms/v3_1500_00674.avi,1,1500,-0.6282,0,NO.
18,random,-0.25,data/videos_v3/int_1000ms/v3_1000_00581.avi,1,1000,-1.5361,0,NO.
18,random,-0.25,data/videos_v3/int_5000ms/v3_5000_00908.avi,1,5000,-0.6906,0,NO.
18,random,-0.25,data/videos_v3/int_200ms/v3_200_00279.avi,1,200,-0.9074,0,NO.
18,random,-0.25,data/videos_v3/int_100ms/v3_100_00133.avi,1,100,-0.0498,0,NO.
18,random,-0.25,data/videos_v3/int_1500ms/v3_1500_00666.avi,0,1500,-0.5557,0,NO.
18,random,-0.25,data/videos_v3/int_5000ms/v3_5000_00980.avi,0,5000,-0.559,0,NO.
18,random,-0.25,data/videos_v3/int_3000ms/v3_3000_00833.avi,0,3000,-2.8878,0,NO.
18,random,-0.25,data/videos_v3/int_333ms/v3_333_00336.avi,0,333,-1.4026,0,NO.
18,random,-0.25,data/videos_v3/int_333ms/v3_333_00329.avi,1,333,-2.0329,0,NO.
18,random,-0.25,data/videos_v3/int_500ms/v3_500_00491.avi,1,500,-0.8836,0,NO.
18,random,-0.25,data/videos_v3/int_10000ms/v3_10000_01125.avi,0,10000,-2.1881,0,NO.
18,random,-0.25,data/videos_v3/int_1000ms/v3_1000_00595.avi,0,1000,-0.6612,0,NO.
18,random,-0.25,data/videos_v3/int_2000ms/v3_2000_00778.avi,0,2000,-1.5011,0,NO.
18,random,-0.25,data/videos_v3/int_10000ms/v3_10000_01130.avi,0,10000,-2.2038,0,NO.
18,random,-0.25,data/videos_v3/int_200ms/v3_200_00223.avi,1,200,-1.8876,0,NO.
18,random,-0.25,data/videos_v3/int_5000ms/v3_5000_00921.avi,0,5000,-2.3188,0,NO.
18,random,-0.25,data/videos_v3/int_7000ms/v3_7000_01012.avi,1,7000,-1.2826,0,NO.
18,random,-0.25,data/videos_v3/int_10000ms/v3_10000_01108.avi,1,10000,-0.6141,0,NO.
18,random,-0.25,data/videos_v3/int_100ms/v3_100_00188.avi,1,100,-2.4467,0,NO.
18,random,-0.25,data/videos_v3/int_7000ms/v3_7000_01097.avi,0,7000,-2.0125,0,NO.
18,random,-0.25,data/videos_v3/int_1500ms/v3_1500_00677.avi,1,1500,-0.3761,0,NO.
18,random,-0.25,data/videos_v3/int_333ms/v3_333_00379.avi,1,333,-1.5685,0,NO.
18,random,-0.25,data/videos_v3/int_1000ms/v3_1000_00560.avi,1,1000,-2.5188,0,NO.
18,random,-0.25,data/videos_v3/int_2000ms/v3_2000_00716.avi,1,2000,-2.028,0,NO.
18,random,-0.25,data/videos_v3/int_1000ms/v3_1000_00554.avi,0,1000,-0.5227,0,NO.
18,random,-0.25,data/videos_v3/int_200ms/v3_200_00268.avi,0,200,-1.7394,0,NO.
18,random,-0.25,data/videos_v3/int_1000ms/v3_1000_00529.avi,0,1000,-1.5149,0,NO.
18,random,-0.25,data/videos_v3/int_3000ms/v3_3000_00879.avi,0,3000,-2.4031,0,NO.
18,random,-0.25,data/videos_v3/int_2000ms/v3_2000_00777.avi,1,2000,-1.5444,0,NO.
18,random,-0.25,data/videos_v3/int_1000ms/v3_1000_00545.avi,0,1000,-2.653,0,NO.
18,random,-0.25,data/videos_v3/int_1000ms/v3_1000_00520.avi,0,1000,-2.8024,0,NO.
18,random,-0.25,data/videos_v3/int_1500ms/v3_1500_00675.avi,0,1500,-1.3978,0,NO.
18,random,-0.25,data/videos_v3/int_10000ms/v3_10000_01126.avi,0,10000,-2.454,0,NO.
18,random,-0.25,data/videos_v3/int_1500ms/v3_1500_00617.avi,0,1500,-1.0275,0,NO.
18,random,-0.25,data/videos_v3/int_3000ms/v3_3000_00885.avi,1,3000,-2.384,0,NO.
18,random,-0.25,data/videos_v3/int_5000ms/v3_5000_00935.avi,0,5000,-3.2654,0,NO.
18,random,-0.25,data/videos_v3/int_3000ms/v3_3000_00871.avi,1,3000,-2.1883,0,NO.
18,random,-0.25,data/videos_v3/int_1000ms/v3_1000_00598.avi,0,1000,-1.1664,0,NO.
18,random,-0.25,data/videos_v3/int_1500ms/v3_1500_00631.avi,1,1500,-3.0633,0,NO.
18,random,-0.25,data/videos_v3/int_5000ms/v3_5000_00968.avi,0,5000,-1.0184,0,NO.
18,random,-0.25,data/videos_v3/int_3000ms/v3_3000_00878.avi,0,3000,-1.5686,0,NO.
18,random,-0.25,data/videos_v3/int_1000ms/v3_1000_00551.avi,0,1000,-4.0774,0,NO.
18,random,-0.25,data/videos_v3/int_1000ms/v3_1000_00548.avi,1,1000,-2.276,0,NO.
18,random,-0.25,data/videos_v3/int_1000ms/v3_1000_00509.avi,0,1000,-0.8759,0,NO.
18,random,-0.25,data/videos_v3/int_200ms/v3_200_00254.avi,1,200,-1.1373,0,NO.
18,random,-0.25,data/videos_v3/int_200ms/v3_200_00226.avi,0,200,-3.2628,0,NO.
18,random,-0.25,data/videos_v3/int_200ms/v3_200_00261.avi,1,200,-2.4438,0,NO.
18,random,-0.25,data/videos_v3/int_2000ms/v3_2000_00743.avi,1,2000,-1.523,0,NO.
18,random,-0.25,data/videos_v3/int_7000ms/v3_7000_01031.avi,1,7000,0.3521,1,YES.
18,random,-0.25,data/videos_v3/int_67ms/v3_67_00074.avi,1,67,-1.8642,0,NO.
18,random,-0.25,data/videos_v3/int_10000ms/v3_10000_01171.avi,0,10000,-2.0011,0,NO.
18,random,-0.25,data/videos_v3/int_100ms/v3_100_00127.avi,0,100,-1.6614,0,NO.
18,random,-0.25,data/videos_v3/int_100ms/v3_100_00137.avi,1,100,-0.9892,0,NO.
18,random,-0.25,data/videos_v3/int_67ms/v3_67_00095.avi,1,67,-2.3981,0,NO.
18,random,-0.25,data/videos_v3/int_1500ms/v3_1500_00659.avi,1,1500,-0.3871,0,NO.
18,random,-0.25,data/videos_v3/int_333ms/v3_333_00344.avi,0,333,-2.0446,0,NO.
18,random,-0.25,data/videos_v3/int_2000ms/v3_2000_00746.avi,1,2000,-1.1771,0,NO.
18,random,-0.25,data/videos_v3/int_200ms/v3_200_00294.avi,1,200,-0.8871,0,NO.
18,random,-0.25,data/videos_v3/int_3000ms/v3_3000_00854.avi,0,3000,-2.2867,0,NO.
18,random,-0.25,data/videos_v3/int_5000ms/v3_5000_00955.avi,0,5000,-2.188,0,NO.
18,random,-0.25,data/videos_v3/int_7000ms/v3_7000_01036.avi,0,7000,-2.1262,0,NO.
18,random,-0.25,data/videos_v3/int_333ms/v3_333_00352.avi,0,333,-2.1821,0,NO.
18,random,-0.25,data/videos_v3/int_7000ms/v3_7000_01010.avi,0,7000,-3.1752,0,NO.
18,random,-0.25,data/videos_v3/int_1500ms/v3_1500_00624.avi,1,1500,-3.658,0,NO.
18,random,-0.25,data/videos_v3/int_10000ms/v3_10000_01101.avi,1,10000,-2.0416,0,NO.
18,random,-0.25,data/videos_v3/int_500ms/v3_500_00439.avi,0,500,-3.4118,0,NO.
18,random,0.25,data/videos_v3/int_5000ms/v3_5000_00960.avi,1,5000,-0.4706,0,NO.
18,random,0.25,data/videos_v3/int_500ms/v3_500_00401.avi,0,500,-2.8624,0,NO.
18,random,0.25,data/videos_v3/int_500ms/v3_500_00417.avi,0,500,-1.3269,0,NO.
18,random,0.25,data/videos_v3/int_333ms/v3_333_00354.avi,0,333,-1.957,0,NO.
18,random,0.25,data/videos_v3/int_2000ms/v3_2000_00717.avi,1,2000,-2.2307,0,NO.
18,random,0.25,data/videos_v3/int_2000ms/v3_2000_00789.avi,0,2000,-0.3406,0,NO.
18,random,0.25,data/videos_v3/int_10000ms/v3_10000_01184.avi,0,10000,-2.1033,0,NO.
18,random,0.25,data/videos_v3/int_7000ms/v3_7000_01090.avi,1,7000,-1.0769,0,NO.
18,random,0.25,data/videos_v3/int_1500ms/v3_1500_00634.avi,0,1500,-0.8411,0,NO.
18,random,0.25,data/videos_v3/int_500ms/v3_500_00459.avi,1,500,-0.6893,0,NO.
18,random,0.25,data/videos_v3/int_7000ms/v3_7000_01058.avi,0,7000,-2.1007,0,NO.
18,random,0.25,data/videos_v3/int_3000ms/v3_3000_00860.avi,1,3000,-1.9752,0,NO.
18,random,0.25,data/videos_v3/int_2000ms/v3_2000_00708.avi,0,2000,-1.2496,0,NO.
18,random,0.25,data/videos_v3/int_2000ms/v3_2000_00773.avi,0,2000,-2.9779,0,NO.
18,random,0.25,data/videos_v3/int_1000ms/v3_1000_00525.avi,1,1000,-1.4757,0,NO.
18,random,0.25,data/videos_v3/int_1000ms/v3_1000_00558.avi,1,1000,-2.8662,0,NO.
18,random,0.25,data/videos_v3/int_200ms/v3_200_00242.avi,0,200,-2.1247,0,NO.
18,random,0.25,data/videos_v3/int_333ms/v3_333_00396.avi,1,333,-2.3507,0,NO.
18,random,0.25,data/videos_v3/int_1500ms/v3_1500_00641.avi,1,1500,-0.8506,0,NO.
18,random,0.25,data/videos_v3/int_1000ms/v3_1000_00576.avi,0,1000,-1.9888,0,NO.
18,random,0.25,data/videos_v3/int_10000ms/v3_10000_01192.avi,0,10000,-1.1102,0,NO.
18,random,0.25,data/videos_v3/int_5000ms/v3_5000_00951.avi,0,5000,-1.7319,0,NO.
18,random,0.25,data/videos_v3/int_7000ms/v3_7000_01060.avi,0,7000,-1.6145,0,NO.
18,random,0.25,data/videos_v3/int_1000ms/v3_1000_00518.avi,0,1000,-1.5865,0,NO.
18,random,0.25,data/videos_v3/int_10000ms/v3_10000_01140.avi,0,10000,-0.8411,0,NO.
18,random,0.25,data/videos_v3/int_2000ms/v3_2000_00706.avi,0,2000,-2.6177,0,NO.
18,random,0.25,data/videos_v3/int_100ms/v3_100_00125.avi,0,100,-0.8365,0,NO.
18,random,0.25,data/videos_v3/int_1500ms/v3_1500_00670.avi,1,1500,-0.4662,0,NO.
18,random,0.25,data/videos_v3/int_100ms/v3_100_00149.avi,0,100,-1.457,0,NO.
18,random,0.25,data/videos_v3/int_3000ms/v3_3000_00849.avi,0,3000,-2.2498,0,NO.
18,random,0.25,data/videos_v3/int_2000ms/v3_2000_00795.avi,1,2000,-2.2341,0,NO.
18,random,0.25,data/videos_v3/int_333ms/v3_333_00333.avi,0,333,-2.5945,0,NO.
18,random,0.25,data/videos_v3/int_500ms/v3_500_00404.avi,1,500,-1.3479,0,NO.
18,random,0.25,data/videos_v3/int_67ms/v3_67_00059.avi,1,67,-0.5819,0,NO.
18,random,0.25,data/videos_v3/int_7000ms/v3_7000_01034.avi,1,7000,-0.9706,0,NO.
18,random,0.25,data/videos_v3/int_333ms/v3_333_00356.avi,1,333,-1.0769,0,NO.
18,random,0.25,data/videos_v3/int_5000ms/v3_5000_00932.avi,0,5000,-0.9726,0,NO.
18,random,0.25,data/videos_v3/int_5000ms/v3_5000_00966.avi,1,5000,-2.2497,0,NO.
18,random,0.25,data/videos_v3/int_1000ms/v3_1000_00584.avi,1,1000,-1.4623,0,NO.
18,random,0.25,data/videos_v3/int_333ms/v3_333_00350.avi,0,333,0.0386,0,NO.
18,random,0.25,data/videos_v3/int_3000ms/v3_3000_00813.avi,0,3000,-2.3647,0,NO.
18,random,0.25,data/videos_v3/int_1500ms/v3_1500_00663.avi,0,1500,-2.4998,0,NO.
18,random,0.25,data/videos_v3/int_7000ms/v3_7000_01098.avi,0,7000,-0.9756,0,NO.
18,random,0.25,data/videos_v3/int_200ms/v3_200_00245.avi,0,200,-2.4928,0,NO.
18,random,0.25,data/videos_v3/int_10000ms/v3_10000_01107.avi,1,10000,-0.5771,0,NO.
18,random,0.25,data/videos_v3/int_3000ms/v3_3000_00892.avi,0,3000,-2.4879,0,NO.
18,random,0.25,data/videos_v3/int_2000ms/v3_2000_00771.avi,0,2000,-1.3444,0,NO.
18,random,0.25,data/videos_v3/int_2000ms/v3_2000_00767.avi,0,2000,-1.6133,0,NO.
18,random,0.25,data/videos_v3/int_200ms/v3_200_00283.avi,1,200,-0.7018,0,NO.
18,random,0.25,data/videos_v3/int_200ms/v3_200_00224.avi,1,200,-0.4804,0,NO.
18,random,0.25,data/videos_v3/int_2000ms/v3_2000_00790.avi,1,2000,-1.577,0,NO.
18,random,0.25,data/videos_v3/int_10000ms/v3_10000_01173.avi,1,10000,0.2803,1,YES.
18,random,0.25,data/videos_v3/int_500ms/v3_500_00440.avi,1,500,-1.2255,0,NO.
18,random,0.25,data/videos_v3/int_500ms/v3_500_00494.avi,0,500,-1.484,0,NO.
18,random,0.25,data/videos_v3/int_2000ms/v3_2000_00719.avi,1,2000,-1.8508,0,NO.
18,random,0.25,data/videos_v3/int_3000ms/v3_3000_00867.avi,0,3000,-1.1135,0,NO.
18,random,0.25,data/videos_v3/int_500ms/v3_500_00468.avi,0,500,-1.6192,0,NO.
18,random,0.25,data/videos_v3/int_7000ms/v3_7000_01052.avi,1,7000,-0.8072,0,NO.
18,random,0.25,data/videos_v3/int_10000ms/v3_10000_01120.avi,0,10000,-2.2258,0,NO.
18,random,0.25,data/videos_v3/int_10000ms/v3_10000_01146.avi,1,10000,-0.9806,0,NO.
18,random,0.25,data/videos_v3/int_67ms/v3_67_00038.avi,1,67,-0.2258,0,NO.
18,random,0.25,data/videos_v3/int_2000ms/v3_2000_00762.avi,0,2000,-1.5943,0,NO.
18,random,0.25,data/videos_v3/int_10000ms/v3_10000_01112.avi,1,10000,-0.4654,0,NO.
18,random,0.25,data/videos_v3/int_7000ms/v3_7000_01044.avi,0,7000,-0.3441,0,NO.
18,random,0.25,data/videos_v3/int_200ms/v3_200_00270.avi,1,200,-1.3472,0,NO.
18,random,0.25,data/videos_v3/int_10000ms/v3_10000_01156.avi,1,10000,-1.3624,0,NO.
18,random,0.25,data/videos_v3/int_333ms/v3_333_00301.avi,0,333,-1.2284,0,NO.
18,random,0.25,data/videos_v3/int_2000ms/v3_2000_00733.avi,1,2000,-2.7411,0,NO.
18,random,0.25,data/videos_v3/int_10000ms/v3_10000_01151.avi,0,10000,-2.7498,0,NO.
18,random,0.25,data/videos_v3/int_2000ms/v3_2000_00774.avi,0,2000,-2.3625,0,NO.
18,random,0.25,data/videos_v3/int_10000ms/v3_10000_01134.avi,0,10000,-1.2369,0,NO.
18,random,0.25,data/videos_v3/int_5000ms/v3_5000_00913.avi,0,5000,-1.0643,0,NO.
18,random,0.25,data/videos_v3/int_500ms/v3_500_00465.avi,0,500,-3.2349,0,NO.
18,random,0.25,data/videos_v3/int_1500ms/v3_1500_00601.avi,1,1500,-3.8678,0,NO.
18,random,0.25,data/videos_v3/int_200ms/v3_200_00231.avi,0,200,-1.8381,0,NO.
18,random,0.25,data/videos_v3/int_500ms/v3_500_00407.avi,1,500,-0.0905,0,NO.
18,random,0.25,data/videos_v3/int_10000ms/v3_10000_01147.avi,1,10000,-0.4726,0,NO.
18,random,0.25,data/videos_v3/int_500ms/v3_500_00469.avi,0,500,-2.1312,0,NO.
18,random,0.25,data/videos_v3/int_500ms/v3_500_00479.avi,1,500,-0.8411,0,NO.
18,random,0.25,data/videos_v3/int_333ms/v3_333_00311.avi,0,333,-0.9569,0,NO.
18,random,0.25,data/videos_v3/int_3000ms/v3_3000_00822.avi,1,3000,-2.4908,0,NO.
18,random,0.25,data/videos_v3/int_1500ms/v3_1500_00642.avi,0,1500,-1.8634,0,NO.
18,random,0.25,data/videos_v3/int_3000ms/v3_3000_00847.avi,0,3000,-2.2359,0,NO.
18,random,0.25,data/videos_v3/int_100ms/v3_100_00176.avi,0,100,-3.6114,0,NO.
18,random,0.25,data/videos_v3/int_7000ms/v3_7000_01042.avi,0,7000,-1.9806,0,NO.
18,random,0.25,data/videos_v3/int_333ms/v3_333_00382.avi,1,333,-1.1107,0,NO.
18,random,0.25,data/videos_v3/int_7000ms/v3_7000_01063.avi,0,7000,-1.3207,0,NO.
18,random,0.25,data/videos_v3/int_10000ms/v3_10000_01178.avi,1,10000,0.5344,1,YES.
18,random,0.25,data/videos_v3/int_67ms/v3_67_00068.avi,0,67,-1.2161,0,NO.
18,random,0.25,data/videos_v3/int_1500ms/v3_1500_00616.avi,0,1500,-1.3437,0,NO.
18,random,0.25,data/videos_v3/int_200ms/v3_200_00200.avi,0,200,-1.6088,0,NO.
18,random,0.25,data/videos_v3/int_2000ms/v3_2000_00791.avi,0,2000,-1.7308,0,NO.
18,random,0.25,data/videos_v3/int_1500ms/v3_1500_00695.avi,0,1500,-1.734,0,NO.
18,random,0.25,data/videos_v3/int_500ms/v3_500_00415.avi,1,500,-0.2916,0,NO.
18,random,0.25,data/videos_v3/int_10000ms/v3_10000_01194.avi,1,10000,-0.2192,0,NO.
18,random,0.25,data/videos_v3/int_500ms/v3_500_00403.avi,1,500,-1.9757,0,NO.
18,random,0.25,data/videos_v3/int_2000ms/v3_2000_00752.avi,0,2000,-2.8805,0,NO.
18,random,0.25,data/videos_v3/int_10000ms/v3_10000_01165.avi,0,10000,-1.4777,0,NO.
18,random,0.25,data/videos_v3/int_500ms/v3_500_00464.avi,1,500,-0.2306,0,NO.
18,random,0.25,data/videos_v3/int_500ms/v3_500_00492.avi,0,500,-2.0865,0,NO.
18,random,0.25,data/videos_v3/int_5000ms/v3_5000_00928.avi,0,5000,-2.6248,0,NO.
18,random,0.25,data/videos_v3/int_500ms/v3_500_00487.avi,0,500,-2.3634,0,NO.
18,random,0.25,data/videos_v3/int_1000ms/v3_1000_00553.avi,0,1000,-1.5787,0,NO.
18,random,0.25,data/videos_v3/int_7000ms/v3_7000_01000.avi,1,7000,-1.7086,0,NO.
18,random,0.25,data/videos_v3/int_1500ms/v3_1500_00612.avi,0,1500,-1.9954,0,NO.
18,random,0.25,data/videos_v3/int_10000ms/v3_10000_01127.avi,1,10000,-1.7252,0,NO.
18,random,0.25,data/videos_v3/int_5000ms/v3_5000_00999.avi,0,5000,-2.2258,0,NO.
18,random,0.25,data/videos_v3/int_7000ms/v3_7000_01069.avi,1,7000,-1.9616,0,NO.
18,random,0.25,data/videos_v3/int_10000ms/v3_10000_01167.avi,0,10000,-1.2257,0,NO.
18,random,0.25,data/videos_v3/int_7000ms/v3_7000_01019.avi,0,7000,-1.7256,0,NO.
18,random,0.25,data/videos_v3/int_2000ms/v3_2000_00779.avi,0,2000,-2.1204,0,NO.
18,random,0.25,data/videos_v3/int_1500ms/v3_1500_00647.avi,1,1500,-1.5765,0,NO.
18,random,0.25,data/videos_v3/int_5000ms/v3_5000_00905.avi,1,5000,-1.5712,0,NO.
18,random,0.25,data/videos_v3/int_1000ms/v3_1000_00586.avi,1,1000,-1.2282,0,NO.
18,random,0.25,data/videos_v3/int_2000ms/v3_2000_00713.avi,0,2000,-2.2497,0,NO.
18,random,0.25,data/videos_v3/int_1500ms/v3_1500_00644.avi,1,1500,-0.8633,0,NO.
18,random,0.25,data/videos_v3/int_10000ms/v3_10000_01181.avi,0,10000,-1.702,0,NO.
18,random,0.25,data/videos_v3/int_3000ms/v3_3000_00873.avi,0,3000,-0.982,0,NO.
18,random,0.25,data/videos_v3/int_7000ms/v3_7000_01074.avi,0,7000,-0.2255,0,NO.
18,random,0.25,data/videos_v3/int_1000ms/v3_1000_00535.avi,0,1000,-2.3614,0,NO.
18,random,0.25,data/videos_v3/int_3000ms/v3_3000_00829.avi,0,3000,-1.8507,0,NO.
18,random,0.25,data/videos_v3/int_3000ms/v3_3000_00823.avi,1,3000,-0.5979,0,NO.
18,random,0.25,data/videos_v3/int_10000ms/v3_10000_01191.avi,0,10000,-0.8319,0,NO.
18,random,0.25,data/videos_v3/int_1500ms/v3_1500_00618.avi,1,1500,-2.8685,0,NO.
18,random,0.25,data/videos_v3/int_333ms/v3_333_00394.avi,0,333,-1.5978,0,NO.
18,random,0.25,data/videos_v3/int_2000ms/v3_2000_00701.avi,1,2000,-1.9758,0,NO.
18,random,0.25,data/videos_v3/int_1500ms/v3_1500_00681.avi,1,1500,-2.1158,0,NO.
18,random,0.25,data/videos_v3/int_5000ms/v3_5000_00983.avi,0,5000,-1.2254,0,NO.
18,random,0.25,data/videos_v3/int_333ms/v3_333_00388.avi,1,333,-3.3595,0,NO.
18,random,0.25,data/videos_v3/int_1500ms/v3_1500_00669.avi,1,1500,-1.0946,0,NO.
18,random,0.25,data/videos_v3/int_2000ms/v3_2000_00755.avi,1,2000,-1.9884,0,NO.
18,random,0.25,data/videos_v3/int_1000ms/v3_1000_00566.avi,1,1000,-1.0715,0,NO.
18,random,0.25,data/videos_v3/int_1000ms/v3_1000_00561.avi,1,1000,-1.082,0,NO.
18,random,0.25,data/videos_v3/int_1500ms/v3_1500_00674.avi,1,1500,-0.722,0,NO.
18,random,0.25,data/videos_v3/int_1000ms/v3_1000_00581.avi,1,1000,-1.5786,0,NO.
18,random,0.25,data/videos_v3/int_5000ms/v3_5000_00908.avi,1,5000,-0.7115,0,NO.
18,random,0.25,data/videos_v3/int_200ms/v3_200_00279.avi,1,200,-0.9756,0,NO.
18,random,0.25,data/videos_v3/int_100ms/v3_100_00133.avi,1,100,0.0217,0,NO.
18,random,0.25,data/videos_v3/int_1500ms/v3_1500_00666.avi,0,1500,-0.3319,0,NO.
18,random,0.25,data/videos_v3/int_5000ms/v3_5000_00980.avi,0,5000,-0.4654,0,NO.
18,random,0.25,data/videos_v3/int_3000ms/v3_3000_00833.avi,0,3000,-2.7398,0,NO.
18,random,0.25,data/videos_v3/int_333ms/v3_333_00336.avi,0,333,-1.1118,0,NO.
18,random,0.25,data/videos_v3/int_333ms/v3_333_00329.avi,1,333,-1.8507,0,NO.
18,random,0.25,data/videos_v3/int_500ms/v3_500_00491.avi,1,500,-0.5977,0,NO.
18,random,0.25,data/videos_v3/int_10000ms/v3_10000_01125.avi,0,10000,-1.9729,0,NO.
18,random,0.25,data/videos_v3/int_1000ms/v3_1000_00595.avi,0,1000,-0.4519,0,NO.
18,random,0.25,data/videos_v3/int_2000ms/v3_2000_00778.avi,0,2000,-1.3444,0,NO.
18,random,0.25,data/videos_v3/int_10000ms/v3_10000_01130.avi,0,10000,-2.4751,0,NO.
18,random,0.25,data/videos_v3/int_200ms/v3_200_00223.avi,1,200,-1.4895,0,NO.
18,random,0.25,data/videos_v3/int_5000ms/v3_5000_00921.avi,0,5000,-1.9807,0,NO.
18,random,0.25,data/videos_v3/int_7000ms/v3_7000_01012.avi,1,7000,-1.2192,0,NO.
18,random,0.25,data/videos_v3/int_10000ms/v3_10000_01108.avi,1,10000,-0.4818,0,NO.
18,random,0.25,data/videos_v3/int_100ms/v3_100_00188.avi,1,100,-2.3597,0,NO.
18,random,0.25,data/videos_v3/int_7000ms/v3_7000_01097.avi,0,7000,-1.7228,0,NO.
18,random,0.25,data/videos_v3/int_1500ms/v3_1500_00677.avi,1,1500,-0.2194,0,NO.
18,random,0.25,data/videos_v3/int_333ms/v3_333_00379.avi,1,333,-1.2225,0,NO.
18,random,0.25,data/videos_v3/int_1000ms/v3_1000_00560.avi,1,1000,-1.8571,0,NO.
18,random,0.25,data/videos_v3/int_2000ms/v3_2000_00716.avi,1,2000,-1.9884,0,NO.
18,random,0.25,data/videos_v3/int_1000ms/v3_1000_00554.avi,0,1000,-0.5819,0,NO.
18,random,0.25,data/videos_v3/int_200ms/v3_200_00268.avi,0,200,-1.5771,0,NO.
18,random,0.25,data/videos_v3/int_1000ms/v3_1000_00529.avi,0,1000,-1.7113,0,NO.
18,random,0.25,data/videos_v3/int_3000ms/v3_3000_00879.avi,0,3000,-1.9759,0,NO.
18,random,0.25,data/videos_v3/int_2000ms/v3_2000_00777.avi,1,2000,-1.2337,0,NO.
18,random,0.25,data/videos_v3/int_1000ms/v3_1000_00545.avi,0,1000,-2.2156,0,NO.
18,random,0.25,data/videos_v3/int_1000ms/v3_1000_00520.avi,0,1000,-2.1147,0,NO.
18,random,0.25,data/videos_v3/int_1500ms/v3_1500_00675.avi,0,1500,-1.3406,0,NO.
18,random,0.25,data/videos_v3/int_10000ms/v3_10000_01126.avi,0,10000,-1.8609,0,NO.
18,random,0.25,data/videos_v3/int_1500ms/v3_1500_00617.avi,0,1500,-0.707,0,NO.
18,random,0.25,data/videos_v3/int_3000ms/v3_3000_00885.avi,1,3000,-2.0866,0,NO.
18,random,0.25,data/videos_v3/int_5000ms/v3_5000_00935.avi,0,5000,-3.113,0,NO.
18,random,0.25,data/videos_v3/int_3000ms/v3_3000_00871.avi,1,3000,-1.7385,0,NO.
18,random,0.25,data/videos_v3/int_1000ms/v3_1000_00598.avi,0,1000,-1.2115,0,NO.
18,random,0.25,data/videos_v3/int_1500ms/v3_1500_00631.avi,1,1500,-2.13,0,NO.
18,random,0.25,data/videos_v3/int_5000ms/v3_5000_00968.avi,0,5000,-0.8445,0,NO.
18,random,0.25,data/videos_v3/int_3000ms/v3_3000_00878.avi,0,3000,-1.2115,0,NO.
18,random,0.25,data/videos_v3/int_1000ms/v3_1000_00551.avi,0,1000,-4.2406,0,NO.
18,random,0.25,data/videos_v3/int_1000ms/v3_1000_00548.avi,1,1000,-1.8578,0,NO.
18,random,0.25,data/videos_v3/int_1000ms/v3_1000_00509.avi,0,1000,-0.7114,0,NO.
18,random,0.25,data/videos_v3/int_200ms/v3_200_00254.avi,1,200,-1.0946,0,NO.
18,random,0.25,data/videos_v3/int_200ms/v3_200_00226.avi,0,200,-3.2329,0,NO.
18,random,0.25,data/videos_v3/int_200ms/v3_200_00261.avi,1,200,-1.9896,0,NO.
18,random,0.25,data/videos_v3/int_2000ms/v3_2000_00743.avi,1,2000,-1.2283,0,NO.
18,random,0.25,data/videos_v3/int_7000ms/v3_7000_01031.avi,1,7000,0.5273,1,YES.
18,random,0.25,data/videos_v3/int_67ms/v3_67_00074.avi,1,67,-1.7299,0,NO.
18,random,0.25,data/videos_v3/int_10000ms/v3_10000_01171.avi,0,10000,-1.9615,0,NO.
18,random,0.25,data/videos_v3/int_100ms/v3_100_00127.avi,0,100,-1.8247,0,NO.
18,random,0.25,data/videos_v3/int_100ms/v3_100_00137.avi,1,100,-0.707,0,NO.
18,random,0.25,data/videos_v3/int_67ms/v3_67_00095.avi,1,67,-1.9807,0,NO.
18,random,0.25,data/videos_v3/int_1500ms/v3_1500_00659.avi,1,1500,-0.4465,0,NO.
18,random,0.25,data/videos_v3/int_333ms/v3_333_00344.avi,0,333,-1.7251,0,NO.
18,random,0.25,data/videos_v3/int_2000ms/v3_2000_00746.avi,1,2000,-0.855,0,NO.
18,random,0.25,data/videos_v3/int_200ms/v3_200_00294.avi,1,200,-0.7114,0,NO.
18,random,0.25,data/videos_v3/int_3000ms/v3_3000_00854.avi,0,3000,-1.8508,0,NO.
18,random,0.25,data/videos_v3/int_5000ms/v3_5000_00955.avi,0,5000,-1.8618,0,NO.
18,random,0.25,data/videos_v3/int_7000ms/v3_7000_01036.avi,0,7000,-2.0787,0,NO.
18,random,0.25,data/videos_v3/int_333ms/v3_333_00352.avi,0,333,-2.2301,0,NO.
18,random,0.25,data/videos_v3/int_7000ms/v3_7000_01010.avi,0,7000,-2.7379,0,NO.
18,random,0.25,data/videos_v3/int_1500ms/v3_1500_00624.avi,1,1500,-3.2309,0,NO.
18,random,0.25,data/videos_v3/int_10000ms/v3_10000_01101.avi,1,10000,-1.9806,0,NO.
18,random,0.25,data/videos_v3/int_500ms/v3_500_00439.avi,0,500,-2.9998,0,NO.
18,random,0.5,data/videos_v3/int_5000ms/v3_5000_00960.avi,1,5000,-0.3643,0,NO
18,random,0.5,data/videos_v3/int_500ms/v3_500_00401.avi,0,500,-2.3733,0,NO.
18,random,0.5,data/videos_v3/int_500ms/v3_500_00417.avi,0,500,-0.9794,0,NO
18,random,0.5,data/videos_v3/int_333ms/v3_333_00354.avi,0,333,-1.6142,0,NO
18,random,0.5,data/videos_v3/int_2000ms/v3_2000_00717.avi,1,2000,-1.8695,0,NO
18,random,0.5,data/videos_v3/int_2000ms/v3_2000_00789.avi,0,2000,-0.1137,0,NO
18,random,0.5,data/videos_v3/int_10000ms/v3_10000_01184.avi,0,10000,-1.613,0,NO.
18,random,0.5,data/videos_v3/int_7000ms/v3_7000_01090.avi,1,7000,-0.853,0,NO.
18,random,0.5,data/videos_v3/int_1500ms/v3_1500_00634.avi,0,1500,-0.4893,0,NO.
18,random,0.5,data/videos_v3/int_500ms/v3_500_00459.avi,1,500,-0.4783,0,NO
18,random,0.5,data/videos_v3/int_7000ms/v3_7000_01058.avi,0,7000,-1.6115,0,NO
18,random,0.5,data/videos_v3/int_3000ms/v3_3000_00860.avi,1,3000,-1.4928,0,NO
18,random,0.5,data/videos_v3/int_2000ms/v3_2000_00708.avi,0,2000,-0.9998,0,NO
18,random,0.5,data/videos_v3/int_2000ms/v3_2000_00773.avi,0,2000,-2.7447,0,NO
18,random,0.5,data/videos_v3/int_1000ms/v3_1000_00525.avi,1,1000,-0.9954,0,NO
18,random,0.5,data/videos_v3/int_1000ms/v3_1000_00558.avi,1,1000,-2.4954,0,NO
18,random,0.5,data/videos_v3/int_200ms/v3_200_00242.avi,0,200,-1.6224,0,NO
18,random,0.5,data/videos_v3/int_333ms/v3_333_00396.avi,1,333,-1.8628,0,NO.
18,random,0.5,data/videos_v3/int_1500ms/v3_1500_00641.avi,1,1500,-0.4916,0,NO
18,random,0.5,data/videos_v3/int_1000ms/v3_1000_00576.avi,0,1000,-1.4942,0,NO.
18,random,0.5,data/videos_v3/int_10000ms/v3_10000_01192.avi,0,10000,-0.8665,0,NO
18,random,0.5,data/videos_v3/int_5000ms/v3_5000_00951.avi,0,5000,-1.2416,0,NO
18,random,0.5,data/videos_v3/int_7000ms/v3_7000_01060.avi,0,7000,-1.111,0,NO.
18,random,0.5,data/videos_v3/int_1000ms/v3_1000_00518.avi,0,1000,-1.2282,0,NO.
18,random,0.5,data/videos_v3/int_10000ms/v3_10000_01140.avi,0,10000,-0.7352,0,NO
18,random,0.5,data/videos_v3/int_2000ms/v3_2000_00706.avi,0,2000,-1.8749,0,NO
18,random,0.5,data/videos_v3/int_100ms/v3_100_00125.avi,0,100,-0.4886,0,NO
18,random,0.5,data/videos_v3/int_1500ms/v3_1500_00670.avi,1,1500,-0.2324,0,NO
18,random,0.5,data/videos_v3/int_100ms/v3_100_00149.avi,0,100,-1.1121,0,NO.
18,random,0.5,data/videos_v3/int_3000ms/v3_3000_00849.avi,0,3000,-1.8748,0,NO
18,random,0.5,data/videos_v3/int_2000ms/v3_2000_00795.avi,1,2000,-1.7424,0,NO
18,random,0.5,data/videos_v3/int_333ms/v3_333_00333.avi,0,333,-2.2459,0,NO
18,random,0.5,data/videos_v3/int_500ms/v3_500_00404.avi,1,500,-0.7435,0,NO.
18,random,0.5,data/videos_v3/int_67ms/v3_67_00059.avi,1,67,-0.3568,0,NO
18,random,0.5,data/videos_v3/int_7000ms/v3_7000_01034.avi,1,7000,-0.7386,0,NO
18,random,0.5,data/videos_v3/int_333ms/v3_333_00356.avi,1,333,-0.8588,0,NO
18,random,0.5,data/videos_v3/int_5000ms/v3_5000_00932.avi,0,5000,-0.6174,0,NO
18,random,0.5,data/videos_v3/int_5000ms/v3_5000_00966.avi,1,5000,-1.9937,0,NO
18,random,0.5,data/videos_v3/int_1000ms/v3_1000_00584.avi,1,1000,-1.1028,0,NO
18,random,0.5,data/videos_v3/int_333ms/v3_333_00350.avi,0,333,0.023,0,NO
18,random,0.5,data/videos_v3/int_3000ms/v3_3000_00813.avi,0,3000,-1.8732,0,NO
18,random,0.5,data/videos_v3/int_1500ms/v3_1500_00663.avi,0,1500,-2.1192,0,NO.
18,random,0.5,data/videos_v3/int_7000ms/v3_7000_01098.avi,0,7000,-0.6126,0,NO
18,random,0.5,data/videos_v3/int_200ms/v3_200_00245.avi,0,200,-2.1226,0,NO
18,random,0.5,data/videos_v3/int_10000ms/v3_10000_01107.avi,1,10000,-0.3546,0,NO.
18,random,0.5,data/videos_v3/int_3000ms/v3_3000_00892.avi,0,3000,-1.9964,0,NO.
18,random,0.5,data/videos_v3/int_2000ms/v3_2000_00771.avi,0,2000,-0.8716,0,NO
18,random,0.5,data/videos_v3/int_2000ms/v3_2000_00767.avi,0,2000,-1.244,0,NO
18,random,0.5,data/videos_v3/int_200ms/v3_200_00283.avi,1,200,-0.6045,0,NO.
18,random,0.5,data/videos_v3/int_200ms/v3_200_00224.avi,1,200,-0.4879,0,NO
18,random,0.5,data/videos_v3/int_2000ms/v3_2000_00790.avi,1,2000,-1.242,0,NO
18,random,0.5,data/videos_v3/int_10000ms/v3_10000_01173.avi,1,10000,0.5172,1,YES
18,random,0.5,data/videos_v3/int_500ms/v3_500_00440.avi,1,500,-0.9923,0,NO.
18,random,0.5,data/videos_v3/int_500ms/v3_500_00494.avi,0,500,-1.1126,0,NO.
18,random,0.5,data/videos_v3/int_2000ms/v3_2000_00719.avi,1,2000,-1.2412,0,NO
18,random,0.5,data/videos_v3/int_3000ms/v3_3000_00867.avi,0,3000,-0.7466,0,NO
18,random,0.5,data/videos_v3/int_500ms/v3_500_00468.avi,0,500,-1.1247,0,NO
18,random,0.5,data/videos_v3/int_7000ms/v3_7000_01052.avi,1,7000,-0.6002,0,NO
18,random,0.5,data/videos_v3/int_10000ms/v3_10000_01120.avi,0,10000,-1.7438,0,NO.
18,random,0.5,data/videos_v3/int_10000ms/v3_10000_01146.avi,1,10000,-0.6204,0,NO
18,random,0.5,data/videos_v3/int_67ms/v3_67_00038.avi,1,67,-0.1079,0,NO
18,random,0.5,data/videos_v3/int_2000ms/v3_2000_00762.avi,0,2000,-1.3579,0,NO.
18,random,0.5,data/videos_v3/int_10000ms/v3_10000_01112.avi,1,10000,-0.4872,0,NO
18,random,0.5,data/videos_v3/int_7000ms/v3_7000_01044.avi,0,7000,-0.2357,0,NO
18,random,0.5,data/videos_v3/int_200ms/v3_200_00270.avi,1,200,-0.9829,0,NO.
18,random,0.5,data/videos_v3/int_10000ms/v3_10000_01156.avi,1,10000,-1.1194,0,NO
18,random,0.5,data/videos_v3/int_333ms/v3_333_00301.avi,0,333,-0.8688,0,NO
18,random,0.5,data/videos_v3/int_2000ms/v3_2000_00733.avi,1,2000,-2.3696,0,NO
18,random,0.5,data/videos_v3/int_10000ms/v3_10000_01151.avi,0,10000,-2.6234,0,NO
18,random,0.5,data/videos_v3/int_2000ms/v3_2000_00774.avi,0,2000,-1.748,0,NO.
18,random,0.5,data/videos_v3/int_10000ms/v3_10000_01134.avi,0,10000,-0.8709,0,NO
18,random,0.5,data/videos_v3/int_5000ms/v3_5000_00913.avi,0,5000,-0.7313,0,NO.
18,random,0.5,data/videos_v3/int_500ms/v3_500_00465.avi,0,500,-2.6175,0,NO.
18,random,0.5,data/videos_v3/int_1500ms/v3_1500_00601.avi,1,1500,-3.6249,0,NO.
18,random,0.5,data/videos_v3/int_200ms/v3_200_00231.avi,0,200,-1.3598,0,NO
18,random,0.5,data/videos_v3/int_500ms/v3_500_00407.avi,1,500,-0.1122,0,NO
18,random,0.5,data/videos_v3/int_10000ms/v3_10000_01147.avi,1,10000,-0.357,0,NO
18,random,0.5,data/videos_v3/int_500ms/v3_500_00469.avi,0,500,-1.8748,0,NO
18,random,0.5,data/videos_v3/int_500ms/v3_500_00479.avi,1,500,-0.4689,0,NO.
18,random,0.5,data/videos_v3/int_333ms/v3_333_00311.avi,0,333,-0.7318,0,NO
18,random,0.5,data/videos_v3/int_3000ms/v3_3000_00822.avi,1,3000,-1.9968,0,NO.
18,random,0.5,data/videos_v3/int_1500ms/v3_1500_00642.avi,0,1500,-1.4954,0,NO.
18,random,0.5,data/videos_v3/int_3000ms/v3_3000_00847.avi,0,3000,-1.7421,0,NO.
18,random,0.5,data/videos_v3/int_100ms/v3_100_00176.avi,0,100,-3.3716,0,NO
18,random,0.5,data/videos_v3/int_7000ms/v3_7000_01042.avi,0,7000,-1.6168,0,NO
18,random,0.5,data/videos_v3/int_333ms/v3_333_00382.avi,1,333,-0.6191,0,NO.
18,random,0.5,data/videos_v3/int_7000ms/v3_7000_01063.avi,0,7000,-0.8593,0,NO
18,random,0.5,data/videos_v3/int_10000ms/v3_10000_01178.avi,1,10000,0.5218,1,YES.
18,random,0.5,data/videos_v3/int_67ms/v3_67_00068.avi,0,67,-0.992,0,NO
18,random,0.5,data/videos_v3/int_1500ms/v3_1500_00616.avi,0,1500,-1.1088,0,NO
18,random,0.5,data/videos_v3/int_200ms/v3_200_00200.avi,0,200,-1.3629,0,NO
18,random,0.5,data/videos_v3/int_2000ms/v3_2000_00791.avi,0,2000,-1.4937,0,NO
18,random,0.5,data/videos_v3/int_1500ms/v3_1500_00695.avi,0,1500,-1.6155,0,NO
18,random,0.5,data/videos_v3/int_500ms/v3_500_00415.avi,1,500,-0.0943,0,NO
18,random,0.5,data/videos_v3/int_10000ms/v3_10000_01194.avi,1,10000,-0.114,0,NO
18,random,0.5,data/videos_v3/int_500ms/v3_500_00403.avi,1,500,-1.4863,0,NO.
18,random,0.5,data/videos_v3/int_2000ms/v3_2000_00752.avi,0,2000,-2.2508,0,NO
18,random,0.5,data/videos_v3/int_10000ms/v3_10000_01165.avi,0,10000,-1.1203,0,NO
18,random,0.5,data/videos_v3/int_500ms/v3_500_00464.avi,1,500,0.0102,0,NO
18,random,0.5,data/videos_v3/int_500ms/v3_500_00492.avi,0,500,-1.6174,0,NO
18,random,0.5,data/videos_v3/int_5000ms/v3_5000_00928.avi,0,5000,-2.2498,0,NO.
18,random,0.5,data/videos_v3/int_500ms/v3_500_00487.avi,0,500,-1.7477,0,NO.
18,random,0.5,data/videos_v3/int_1000ms/v3_1000_00553.avi,0,1000,-1.4908,0,NO
18,random,0.5,data/videos_v3/int_7000ms/v3_7000_01000.avi,1,7000,-1.4808,0,NO
18,random,0.5,data/videos_v3/int_1500ms/v3_1500_00612.avi,0,1500,-1.3748,0,NO.
18,random,0.5,data/videos_v3/int_10000ms/v3_10000_01127.avi,1,10000,-1.2478,0,NO.
18,random,0.5,data/videos_v3/int_5000ms/v3_5000_00999.avi,0,5000,-1.7427,0,NO.
18,random,0.5,data/videos_v3/int_7000ms/v3_7000_01069.avi,1,7000,-1.7377,0,NO
18,random,0.5,data/videos_v3/int_10000ms/v3_10000_01167.avi,0,10000,-0.8704,0,NO
18,random,0.5,data/videos_v3/int_7000ms/v3_7000_01019.avi,0,7000,-1.2403,0,NO.
18,random,0.5,data/videos_v3/int_2000ms/v3_2000_00779.avi,0,2000,-1.7474,0,NO
18,random,0.5,data/videos_v3/int_1500ms/v3_1500_00647.avi,1,1500,-1.2308,0,NO.
18,random,0.5,data/videos_v3/int_5000ms/v3_5000_00905.avi,1,5000,-1.3648,0,NO.
18,random,0.5,data/videos_v3/int_1000ms/v3_1000_00586.avi,1,1000,-1.1164,0,NO
18,random,0.5,data/videos_v3/int_2000ms/v3_2000_00713.avi,0,2000,-1.7498,0,NO
18,random,0.5,data/videos_v3/int_1500ms/v3_1500_00644.avi,1,1500,-0.4963,0,NO
18,random,0.5,data/videos_v3/int_10000ms/v3_10000_01181.avi,0,10000,-1.491,0,NO.
18,random,0.5,data/videos_v3/int_3000ms/v3_3000_00873.avi,0,3000,-0.7441,0,NO
18,random,0.5,data/videos_v3/int_7000ms/v3_7000_01074.avi,0,7000,0.0117,1,YES
18,random,0.5,data/videos_v3/int_1000ms/v3_1000_00535.avi,0,1000,-1.9872,0,NO.
18,random,0.5,data/videos_v3/int_3000ms/v3_3000_00829.avi,0,3000,-1.3683,0,NO
18,random,0.5,data/videos_v3/int_3000ms/v3_3000_00823.avi,1,3000,-0.2452,0,NO
18,random,0.5,data/videos_v3/int_10000ms/v3_10000_01191.avi,0,10000,-0.4876,0,NO.
18,random,0.5,data/videos_v3/int_1500ms/v3_1500_00618.avi,1,1500,-2.2499,0,NO.
18,random,0.5,data/videos_v3/int_333ms/v3_333_00394.avi,0,333,-1.1128,0,NO.
18,random,0.5,data/videos_v3/int_2000ms/v3_2000_00701.avi,1,2000,-1.4951,0,NO
18,random,0.5,data/videos_v3/int_1500ms/v3_1500_00681.avi,1,1500,-1.6198,0,NO.
18,random,0.5,data/videos_v3/int_5000ms/v3_5000_00983.avi,0,5000,-0.8682,0,NO
18,random,0.5,data/videos_v3/int_333ms/v3_333_00388.avi,1,333,-3.1235,0,NO.
18,random,0.5,data/videos_v3/int_1500ms/v3_1500_00669.avi,1,1500,-0.7448,0,NO
18,random,0.5,data/videos_v3/int_2000ms/v3_2000_00755.avi,1,2000,-1.6198,0,NO
18,random,0.5,data/videos_v3/int_1000ms/v3_1000_00566.avi,1,1000,-0.9823,0,NO.
18,random,0.5,data/videos_v3/int_1000ms/v3_1000_00561.avi,1,1000,-0.9878,0,NO
18,random,0.5,data/videos_v3/int_1500ms/v3_1500_00674.avi,1,1500,-0.3648,0,NO
18,random,0.5,data/videos_v3/int_1000ms/v3_1000_00581.avi,1,1000,-1.3652,0,NO
18,random,0.5,data/videos_v3/int_5000ms/v3_5000_00908.avi,1,5000,-0.4818,0,NO
18,random,0.5,data/videos_v3/int_200ms/v3_200_00279.avi,1,200,-0.8588,0,NO.
18,random,0.5,data/videos_v3/int_100ms/v3_100_00133.avi,1,100,0.1412,1,YES
18,random,0.5,data/videos_v3/int_1500ms/v3_1500_00666.avi,0,1500,-0.1106,0,NO
18,random,0.5,data/videos_v3/int_5000ms/v3_5000_00980.avi,0,5000,-0.3646,0,NO
18,random,0.5,data/videos_v3/int_3000ms/v3_3000_00833.avi,0,3000,-2.2484,0,NO
18,random,0.5,data/videos_v3/int_333ms/v3_333_00336.avi,0,333,-0.9886,0,NO
18,random,0.5,data/videos_v3/int_333ms/v3_333_00329.avi,1,333,-1.3661,0,NO.
18,random,0.5,data/videos_v3/int_500ms/v3_500_00491.avi,1,500,-0.239,0,NO
18,random,0.5,data/videos_v3/int_10000ms/v3_10000_01125.avi,0,10000,-1.4948,0,NO
18,random,0.5,data/videos_v3/int_1000ms/v3_1000_00595.avi,0,1000,-0.2324,0,NO.
18,random,0.5,data/videos_v3/int_2000ms/v3_2000_00778.avi,0,2000,-1.235,0,NO
18,random,0.5,data/videos_v3/int_10000ms/v3_10000_01130.avi,0,10000,-2.1191,0,NO
18,random,0.5,data/videos_v3/int_200ms/v3_200_00223.avi,1,200,-0.9944,0,NO
18,random,0.5,data/videos_v3/int_5000ms/v3_5000_00921.avi,0,5000,-1.4892,0,NO.
18,random,0.5,data/videos_v3/int_7000ms/v3_7000_01012.avi,1,7000,-0.989,0,NO
18,random,0.5,data/videos_v3/int_10000ms/v3_10000_01108.avi,1,10000,-0.3577,0,NO
18,random,0.5,data/videos_v3/int_100ms/v3_100_00188.avi,1,100,-1.9915,0,NO.
18,random,0.5,data/videos_v3/int_7000ms/v3_7000_01097.avi,0,7000,-1.3649,0,NO.
18,random,0.5,data/videos_v3/int_1500ms/v3_1500_00677.avi,1,1500,-0.1167,0,NO
18,random,0.5,data/videos_v3/int_333ms/v3_333_00379.avi,1,333,-0.8663,0,NO
18,random,0.5,data/videos_v3/int_1000ms/v3_1000_00560.avi,1,1000,-1.4887,0,NO.
18,random,0.5,data/videos_v3/int_2000ms/v3_2000_00716.avi,1,2000,-1.6219,0,NO
18,random,0.5,data/videos_v3/int_1000ms/v3_1000_00554.avi,0,1000,-0.4781,0,NO
18,random,0.5,data/videos_v3/int_200ms/v3_200_00268.avi,0,200,-1.1129,0,NO
18,random,0.5,data/videos_v3/int_1000ms/v3_1000_00529.avi,0,1000,-1.3641,0,NO
18,random,0.5,data/videos_v3/int_3000ms/v3_3000_00879.avi,0,3000,-1.3774,0,NO.
18,random,0.5,data/videos_v3/int_2000ms/v3_2000_00777.avi,1,2000,-0.8702,0,NO
18,random,0.5,data/videos_v3/int_1000ms/v3_1000_00545.avi,0,1000,-1.744,0,NO.
18,random,0.5,data/videos_v3/int_1000ms/v3_1000_00520.avi,0,1000,-1.6174,0,NO.
18,random,0.5,data/videos_v3/int_1500ms/v3_1500_00675.avi,0,1500,-0.8634,0,NO.
18,random,0.5,data/videos_v3/int_10000ms/v3_10000_01126.avi,0,10000,-1.3714,0,NO
18,random,0.5,data/videos_v3/int_1500ms/v3_1500_00617.avi,0,1500,-0.3547,0,NO
18,random,0.5,data/videos_v3/int_3000ms/v3_3000_00885.avi,1,3000,-1.4904,0,NO.
18,random,0.5,data/videos_v3/int_5000ms/v3_5000_00935.avi,0,5000,-2.3709,0,NO.
18,random,0.5,data/videos_v3/int_3000ms/v3_3000_00871.avi,1,3000,-1.123,0,NO
18,random,0.5,data/videos_v3/int_1000ms/v3_1000_00598.avi,0,1000,-1.1021,0,NO
18,random,0.5,data/videos_v3/int_1500ms/v3_1500_00631.avi,1,1500,-1.4959,0,NO
18,random,0.5,data/videos_v3/int_5000ms/v3_5000_00968.avi,0,5000,-0.6141,0,NO
18,random,0.5,data/videos_v3/int_3000ms/v3_3000_00878.avi,0,3000,-0.8597,0,NO
18,random,0.5,data/videos_v3/int_1000ms/v3_1000_00551.avi,0,1000,-3.4915,0,NO.
18,random,0.5,data/videos_v3/int_1000ms/v3_1000_00548.avi,1,1000,-1.4844,0,NO.
18,random,0.5,data/videos_v3/int_1000ms/v3_1000_00509.avi,0,1000,-0.5992,0,NO
18,random,0.5,data/videos_v3/int_200ms/v3_200_00254.avi,1,200,-0.4935,0,NO
18,random,0.5,data/videos_v3/int_200ms/v3_200_00226.avi,0,200,-2.8701,0,NO.
18,random,0.5,data/videos_v3/int_200ms/v3_200_00261.avi,1,200,-1.4929,0,NO.
18,random,0.5,data/videos_v3/int_2000ms/v3_2000_00743.avi,1,2000,-0.8636,0,NO
18,random,0.5,data/videos_v3/int_7000ms/v3_7000_01031.avi,1,7000,0.6352,1,YES.
18,random,0.5,data/videos_v3/int_67ms/v3_67_00074.avi,1,67,-1.2395,0,NO.
18,random,0.5,data/videos_v3/int_10000ms/v3_10000_01171.avi,0,10000,-1.6043,0,NO
18,random,0.5,data/videos_v3/int_100ms/v3_100_00127.avi,0,100,-1.4908,0,NO.
18,random,0.5,data/videos_v3/int_100ms/v3_100_00137.avi,1,100,-0.3588,0,NO
18,random,0.5,data/videos_v3/int_67ms/v3_67_00095.avi,1,67,-1.3671,0,NO.
18,random,0.5,data/videos_v3/int_1500ms/v3_1500_00659.avi,1,1500,-0.2313,0,NO
18,random,0.5,data/videos_v3/int_333ms/v3_333_00344.avi,0,333,-1.3597,0,NO.
18,random,0.5,data/videos_v3/int_2000ms/v3_2000_00746.avi,1,2000,-0.4898,0,NO.
18,random,0.5,data/videos_v3/int_200ms/v3_200_00294.avi,1,200,-0.4868,0,NO
18,random,0.5,data/videos_v3/int_3000ms/v3_3000_00854.avi,0,3000,-1.3688,0,NO
18,random,0.5,data/videos_v3/int_5000ms/v3_5000_00955.avi,0,5000,-1.2441,0,NO
18,random,0.5,data/videos_v3/int_7000ms/v3_7000_01036.avi,0,7000,-1.7428,0,NO
18,random,0.5,data/videos_v3/int_333ms/v3_333_00352.avi,0,333,-1.8731,0,NO
18,random,0.5,data/videos_v3/int_7000ms/v3_7000_01010.avi,0,7000,-2.1174,0,NO.
18,random,0.5,data/videos_v3/int_1500ms/v3_1500_00624.avi,1,1500,-2.8698,0,NO.
18,random,0.5,data/videos_v3/int_10000ms/v3_10000_01101.avi,1,10000,-1.6174,0,NO
18,random,0.5,data/videos_v3/int_500ms/v3_500_00439.avi,0,500,-2.6218,0,NO
18,random,1,data/videos_v3/int_5000ms/v3_5000_00960.avi,1,5000,-1.1753,0,NO
18,random,1,data/videos_v3/int_500ms/v3_500_00401.avi,0,500,-3.836,0,NO
18,random,1,data/videos_v3/int_500ms/v3_500_00417.avi,0,500,-1.5334,0,NO
18,random,1,data/videos_v3/int_333ms/v3_333_00354.avi,0,333,-2.9738,0,NO
18,random,1,data/videos_v3/int_2000ms/v3_2000_00717.avi,1,2000,-2.9774,0,NO
18,random,1,data/videos_v3/int_2000ms/v3_2000_00789.avi,0,2000,-0.9776,0,NO
18,random,1,data/videos_v3/int_10000ms/v3_10000_01184.avi,0,10000,-2.4449,0,NO
18,random,1,data/videos_v3/int_7000ms/v3_7000_01090.avi,1,7000,-1.667,0,NO
18,random,1,data/videos_v3/int_1500ms/v3_1500_00634.avi,0,1500,-0.562,0,NO
18,random,1,data/videos_v3/int_500ms/v3_500_00459.avi,1,500,-0.9815,0,NO
18,random,1,data/videos_v3/int_7000ms/v3_7000_01058.avi,0,7000,-1.2327,0,NO
18,random,1,data/videos_v3/int_3000ms/v3_3000_00860.avi,1,3000,-2.5433,0,NO
18,random,1,data/videos_v3/int_2000ms/v3_2000_00708.avi,0,2000,-1.9302,0,NO
18,random,1,data/videos_v3/int_2000ms/v3_2000_00773.avi,0,2000,-3.6625,0,NO
18,random,1,data/videos_v3/int_1000ms/v3_1000_00525.avi,1,1000,-1.5522,0,NO
18,random,1,data/videos_v3/int_1000ms/v3_1000_00558.avi,1,1000,-3.3514,0,NO
18,random,1,data/videos_v3/int_200ms/v3_200_00242.avi,0,200,-2.6531,0,NO
18,random,1,data/videos_v3/int_333ms/v3_333_00396.avi,1,333,-2.5395,0,NO
18,random,1,data/videos_v3/int_1500ms/v3_1500_00641.avi,1,1500,-1.5994,0,NO
18,random,1,data/videos_v3/int_1000ms/v3_1000_00576.avi,0,1000,-1.3623,0,NO
18,random,1,data/videos_v3/int_10000ms/v3_10000_01192.avi,0,10000,-0.9396,0,NO
18,random,1,data/videos_v3/int_5000ms/v3_5000_00951.avi,0,5000,-1.489,0,NO
18,random,1,data/videos_v3/int_7000ms/v3_7000_01060.avi,0,7000,-1.2897,0,NO
18,random,1,data/videos_v3/int_1000ms/v3_1000_00518.avi,0,1000,-1.4696,0,NO
18,random,1,data/videos_v3/int_10000ms/v3_10000_01140.avi,0,10000,-1.3499,0,NO
18,random,1,data/videos_v3/int_2000ms/v3_2000_00706.avi,0,2000,-2.863,0,NO
18,random,1,data/videos_v3/int_100ms/v3_100_00125.avi,0,100,-0.7495,0,NO
18,random,1,data/videos_v3/int_1500ms/v3_1500_00670.avi,1,1500,-0.8637,0,NO
18,random,1,data/videos_v3/int_100ms/v3_100_00149.avi,0,100,-2.0886,0,NO
18,random,1,data/videos_v3/int_3000ms/v3_3000_00849.avi,0,3000,-2.7289,0,NO
18,random,1,data/videos_v3/int_2000ms/v3_2000_00795.avi,1,2000,-2.4066,0,NO
18,random,1,data/videos_v3/int_333ms/v3_333_00333.avi,0,333,-3.3531,0,NO
18,random,1,data/videos_v3/int_500ms/v3_500_00404.avi,1,500,-0.3158,0,NO
18,random,1,data/videos_v3/int_67ms/v3_67_00059.avi,1,67,-0.5502,0,NO
18,random,1,data/videos_v3/int_7000ms/v3_7000_01034.avi,1,7000,-1.915,0,NO
18,random,1,data/videos_v3/int_333ms/v3_333_00356.avi,1,333,-1.9022,0,NO
18,random,1,data/videos_v3/int_5000ms/v3_5000_00932.avi,0,5000,-0.9325,0,NO
18,random,1,data/videos_v3/int_5000ms/v3_5000_00966.avi,1,5000,-2.8521,0,NO
18,random,1,data/videos_v3/int_1000ms/v3_1000_00584.avi,1,1000,-0.9888,0,NO
18,random,1,data/videos_v3/int_333ms/v3_333_00350.avi,0,333,-0.9046,0,NO
18,random,1,data/videos_v3/int_3000ms/v3_3000_00813.avi,0,3000,-3.3434,0,NO
18,random,1,data/videos_v3/int_1500ms/v3_1500_00663.avi,0,1500,-2.3395,0,NO
18,random,1,data/videos_v3/int_7000ms/v3_7000_01098.avi,0,7000,-0.7951,0,NO
18,random,1,data/videos_v3/int_200ms/v3_200_00245.avi,0,200,-2.8015,0,NO
18,random,1,data/videos_v3/int_10000ms/v3_10000_01107.avi,1,10000,-1.2274,0,NO
18,random,1,data/videos_v3/int_3000ms/v3_3000_00892.avi,0,3000,-1.9032,0,NO
18,random,1,data/videos_v3/int_2000ms/v3_2000_00771.avi,0,2000,-2.0454,0,NO
18,random,1,data/videos_v3/int_2000ms/v3_2000_00767.avi,0,2000,-2.1068,0,NO
18,random,1,data/videos_v3/int_200ms/v3_200_00283.avi,1,200,-1.398,0,NO
18,random,1,data/videos_v3/int_200ms/v3_200_00224.avi,1,200,-1.0477,0,NO
18,random,1,data/videos_v3/int_2000ms/v3_2000_00790.avi,1,2000,-2.358,0,NO
18,random,1,data/videos_v3/int_10000ms/v3_10000_01173.avi,1,10000,-0.1245,0,NO
18,random,1,data/videos_v3/int_500ms/v3_500_00440.avi,1,500,-2.1716,0,NO
18,random,1,data/videos_v3/int_500ms/v3_500_00494.avi,0,500,-2.0806,0,NO
18,random,1,data/videos_v3/int_2000ms/v3_2000_00719.avi,1,2000,-1.3418,0,NO
18,random,1,data/videos_v3/int_3000ms/v3_3000_00867.avi,0,3000,-1.8451,0,NO
18,random,1,data/videos_v3/int_500ms/v3_500_00468.avi,0,500,-2.2771,0,NO
18,random,1,data/videos_v3/int_7000ms/v3_7000_01052.avi,1,7000,-1.3477,0,NO
18,random,1,data/videos_v3/int_10000ms/v3_10000_01120.avi,0,10000,-2.8999,0,NO
18,random,1,data/videos_v3/int_10000ms/v3_10000_01146.avi,1,10000,-1.3695,0,NO
18,random,1,data/videos_v3/int_67ms/v3_67_00038.avi,1,67,-0.6287,0,NO
18,random,1,data/videos_v3/int_2000ms/v3_2000_00762.avi,0,2000,-1.4806,0,NO
18,random,1,data/videos_v3/int_10000ms/v3_10000_01112.avi,1,10000,-1.3542,0,NO
18,random,1,data/videos_v3/int_7000ms/v3_7000_01044.avi,0,7000,-0.9173,0,NO
18,random,1,data/videos_v3/int_200ms/v3_200_00270.avi,1,200,-0.7934,0,NO
18,random,1,data/videos_v3/int_10000ms/v3_10000_01156.avi,1,10000,-2.3565,0,NO
18,random,1,data/videos_v3/int_333ms/v3_333_00301.avi,0,333,-1.5486,0,NO
18,random,1,data/videos_v3/int_2000ms/v3_2000_00733.avi,1,2000,-3.2195,0,NO
18,random,1,data/videos_v3/int_10000ms/v3_10000_01151.avi,0,10000,-4.0537,0,NO
18,random,1,data/videos_v3/int_2000ms/v3_2000_00774.avi,0,2000,-2.2345,0,NO
18,random,1,data/videos_v3/int_10000ms/v3_10000_01134.avi,0,10000,-1.6667,0,NO
18,random,1,data/videos_v3/int_5000ms/v3_5000_00913.avi,0,5000,-1.0471,0,NO
18,random,1,data/videos_v3/int_500ms/v3_500_00465.avi,0,500,-2.8846,0,NO
18,random,1,data/videos_v3/int_1500ms/v3_1500_00601.avi,1,1500,-4.7821,0,NO
18,random,1,data/videos_v3/int_200ms/v3_200_00231.avi,0,200,-2.1574,0,NO
18,random,1,data/videos_v3/int_500ms/v3_500_00407.avi,1,500,-0.9743,0,NO
18,random,1,data/videos_v3/int_10000ms/v3_10000_01147.avi,1,10000,-1.1002,0,NO
18,random,1,data/videos_v3/int_500ms/v3_500_00469.avi,0,500,-2.9208,0,NO
18,random,1,data/videos_v3/int_500ms/v3_500_00479.avi,1,500,-0.7213,0,NO
18,random,1,data/videos_v3/int_333ms/v3_333_00311.avi,0,333,-1.0934,0,NO
18,random,1,data/videos_v3/int_3000ms/v3_3000_00822.avi,1,3000,-3.3933,0,NO
18,random,1,data/videos_v3/int_1500ms/v3_1500_00642.avi,0,1500,-2.2298,0,NO
18,random,1,data/videos_v3/int_3000ms/v3_3000_00847.avi,0,3000,-1.9135,0,NO
18,random,1,data/videos_v3/int_100ms/v3_100_00176.avi,0,100,-4.4137,0,NO
18,random,1,data/videos_v3/int_7000ms/v3_7000_01042.avi,0,7000,-2.2921,0,NO
18,random,1,data/videos_v3/int_333ms/v3_333_00382.avi,1,333,-1.1805,0,NO
18,random,1,data/videos_v3/int_7000ms/v3_7000_01063.avi,0,7000,-0.9366,0,NO
18,random,1,data/videos_v3/int_10000ms/v3_10000_01178.avi,1,10000,-0.1164,0,NO
18,random,1,data/videos_v3/int_67ms/v3_67_00068.avi,0,67,-2.1035,0,NO
18,random,1,data/videos_v3/int_1500ms/v3_1500_00616.avi,0,1500,-1.8482,0,NO
18,random,1,data/videos_v3/int_200ms/v3_200_00200.avi,0,200,-2.6061,0,NO
18,random,1,data/videos_v3/int_2000ms/v3_2000_00791.avi,0,2000,-2.7918,0,NO
18,random,1,data/videos_v3/int_1500ms/v3_1500_00695.avi,0,1500,-2.6547,0,NO
18,random,1,data/videos_v3/int_500ms/v3_500_00415.avi,1,500,-0.1073,0,NO
18,random,1,data/videos_v3/int_10000ms/v3_10000_01194.avi,1,10000,-1.241,0,NO
18,random,1,data/videos_v3/int_500ms/v3_500_00403.avi,1,500,-2.26,0,NO
18,random,1,data/videos_v3/int_2000ms/v3_2000_00752.avi,0,2000,-3.5908,0,NO
18,random,1,data/videos_v3/int_10000ms/v3_10000_01165.avi,0,10000,-2.538,0,NO
18,random,1,data/videos_v3/int_500ms/v3_500_00464.avi,1,500,-0.9236,0,NO
18,random,1,data/videos_v3/int_500ms/v3_500_00492.avi,0,500,-2.8492,0,NO
18,random,1,data/videos_v3/int_5000ms/v3_5000_00928.avi,0,5000,-2.416,0,NO
18,random,1,data/videos_v3/int_500ms/v3_500_00487.avi,0,500,-3.1637,0,NO
18,random,1,data/videos_v3/int_1000ms/v3_1000_00553.avi,0,1000,-2.6593,0,NO
18,random,1,data/videos_v3/int_7000ms/v3_7000_01000.avi,1,7000,-2.5236,0,NO
18,random,1,data/videos_v3/int_1500ms/v3_1500_00612.avi,0,1500,-0.8983,0,NO
18,random,1,data/videos_v3/int_10000ms/v3_10000_01127.avi,1,10000,-2.1638,0,NO
18,random,1,data/videos_v3/int_5000ms/v3_5000_00999.avi,0,5000,-2.0824,0,NO
18,random,1,data/videos_v3/int_7000ms/v3_7000_01069.avi,1,7000,-2.8399,0,NO
18,random,1,data/videos_v3/int_10000ms/v3_10000_01167.avi,0,10000,-2.2065,0,NO
18,random,1,data/videos_v3/int_7000ms/v3_7000_01019.avi,0,7000,-1.8416,0,NO
18,random,1,data/videos_v3/int_2000ms/v3_2000_00779.avi,0,2000,-2.908,0,NO
18,random,1,data/videos_v3/int_1500ms/v3_1500_00647.avi,1,1500,-1.7973,0,NO
18,random,1,data/videos_v3/int_5000ms/v3_5000_00905.avi,1,5000,-2.7199,0,NO
18,random,1,data/videos_v3/int_1000ms/v3_1000_00586.avi,1,1000,-2.0427,0,NO
18,random,1,data/videos_v3/int_2000ms/v3_2000_00713.avi,0,2000,-2.9105,0,NO
18,random,1,data/videos_v3/int_1500ms/v3_1500_00644.avi,1,1500,-1.6124,0,NO
18,random,1,data/videos_v3/int_10000ms/v3_10000_01181.avi,0,10000,-3.0031,0,NO
18,random,1,data/videos_v3/int_3000ms/v3_3000_00873.avi,0,3000,-1.6795,0,NO
18,random,1,data/videos_v3/int_7000ms/v3_7000_01074.avi,0,7000,-0.6753,0,NO
18,random,1,data/videos_v3/int_1000ms/v3_1000_00535.avi,0,1000,-1.9579,0,NO
18,random,1,data/videos_v3/int_3000ms/v3_3000_00829.avi,0,3000,-2.4106,0,NO
18,random,1,data/videos_v3/int_3000ms/v3_3000_00823.avi,1,3000,-1.1788,0,NO
18,random,1,data/videos_v3/int_10000ms/v3_10000_01191.avi,0,10000,-0.494,0,NO
18,random,1,data/videos_v3/int_1500ms/v3_1500_00618.avi,1,1500,-2.9683,0,NO
18,random,1,data/videos_v3/int_333ms/v3_333_00394.avi,0,333,-2.2608,0,NO
18,random,1,data/videos_v3/int_2000ms/v3_2000_00701.avi,1,2000,-3.1593,0,NO
18,random,1,data/videos_v3/int_1500ms/v3_1500_00681.avi,1,1500,-1.4664,0,NO
18,random,1,data/videos_v3/int_5000ms/v3_5000_00983.avi,0,5000,-1.7959,0,NO
18,random,1,data/videos_v3/int_333ms/v3_333_00388.avi,1,333,-4.4068,0,NO
18,random,1,data/videos_v3/int_1500ms/v3_1500_00669.avi,1,1500,-1.6661,0,NO
18,random,1,data/videos_v3/int_2000ms/v3_2000_00755.avi,1,2000,-1.8478,0,NO
18,random,1,data/videos_v3/int_1000ms/v3_1000_00566.avi,1,1000,-1.6688,0,NO
18,random,1,data/videos_v3/int_1000ms/v3_1000_00561.avi,1,1000,-2.2808,0,NO
18,random,1,data/videos_v3/int_1500ms/v3_1500_00674.avi,1,1500,-0.8698,0,NO
18,random,1,data/videos_v3/int_1000ms/v3_1000_00581.avi,1,1000,-2.1032,0,NO
18,random,1,data/videos_v3/int_5000ms/v3_5000_00908.avi,1,5000,-0.6699,0,NO
18,random,1,data/videos_v3/int_200ms/v3_200_00279.avi,1,200,-1.7352,0,NO
18,random,1,data/videos_v3/int_100ms/v3_100_00133.avi,1,100,-0.2267,0,NO
18,random,1,data/videos_v3/int_1500ms/v3_1500_00666.avi,0,1500,-0.7337,0,NO
18,random,1,data/videos_v3/int_5000ms/v3_5000_00980.avi,0,5000,-0.9314,0,NO
18,random,1,data/videos_v3/int_3000ms/v3_3000_00833.avi,0,3000,-3.2265,0,NO
18,random,1,data/videos_v3/int_333ms/v3_333_00336.avi,0,333,-2.1746,0,NO
18,random,1,data/videos_v3/int_333ms/v3_333_00329.avi,1,333,-2.4097,0,NO
18,random,1,data/videos_v3/int_500ms/v3_500_00491.avi,1,500,-0.98,0,NO
18,random,1,data/videos_v3/int_10000ms/v3_10000_01125.avi,0,10000,-2.2947,0,NO
18,random,1,data/videos_v3/int_1000ms/v3_1000_00595.avi,0,1000,-0.6147,0,NO
18,random,1,data/videos_v3/int_2000ms/v3_2000_00778.avi,0,2000,-2.2708,0,NO
18,random,1,data/videos_v3/int_10000ms/v3_10000_01130.avi,0,10000,-3.6038,0,NO
18,random,1,data/videos_v3/int_200ms/v3_200_00223.avi,1,200,-1.4929,0,NO
18,random,1,data/videos_v3/int_5000ms/v3_5000_00921.avi,0,5000,-1.2392,0,NO
18,random,1,data/videos_v3/int_7000ms/v3_7000_01012.avi,1,7000,-1.6686,0,NO
18,random,1,data/videos_v3/int_10000ms/v3_10000_01108.avi,1,10000,-0.9173,0,NO
18,random,1,data/videos_v3/int_100ms/v3_100_00188.avi,1,100,-2.7796,0,NO
18,random,1,data/videos_v3/int_7000ms/v3_7000_01097.avi,0,7000,-2.2138,0,NO
18,random,1,data/videos_v3/int_1500ms/v3_1500_00677.avi,1,1500,-1.3312,0,NO
18,random,1,data/videos_v3/int_333ms/v3_333_00379.avi,1,333,-1.9186,0,NO
18,random,1,data/videos_v3/int_1000ms/v3_1000_00560.avi,1,1000,-2.8083,0,NO
18,random,1,data/videos_v3/int_2000ms/v3_2000_00716.avi,1,2000,-2.7265,0,NO
18,random,1,data/videos_v3/int_1000ms/v3_1000_00554.avi,0,1000,-1.4722,0,NO
18,random,1,data/videos_v3/int_200ms/v3_200_00268.avi,0,200,-1.9258,0,NO
18,random,1,data/videos_v3/int_1000ms/v3_1000_00529.avi,0,1000,-1.9806,0,NO
18,random,1,data/videos_v3/int_3000ms/v3_3000_00879.avi,0,3000,-2.4748,0,NO
18,random,1,data/videos_v3/int_2000ms/v3_2000_00777.avi,1,2000,-1.2168,0,NO
18,random,1,data/videos_v3/int_1000ms/v3_1000_00545.avi,0,1000,-2.7641,0,NO
18,random,1,data/videos_v3/int_1000ms/v3_1000_00520.avi,0,1000,-3.1736,0,NO
18,random,1,data/videos_v3/int_1500ms/v3_1500_00675.avi,0,1500,-0.9237,0,NO
18,random,1,data/videos_v3/int_10000ms/v3_10000_01126.avi,0,10000,-2.6063,0,NO
18,random,1,data/videos_v3/int_1500ms/v3_1500_00617.avi,0,1500,-0.5472,0,NO
18,random,1,data/videos_v3/int_3000ms/v3_3000_00885.avi,1,3000,-2.4088,0,NO
18,random,1,data/videos_v3/int_5000ms/v3_5000_00935.avi,0,5000,-2.7296,0,NO
18,random,1,data/videos_v3/int_3000ms/v3_3000_00871.avi,1,3000,-1.9832,0,NO
18,random,1,data/videos_v3/int_1000ms/v3_1000_00598.avi,0,1000,-1.4625,0,NO
18,random,1,data/videos_v3/int_1500ms/v3_1500_00631.avi,1,1500,-1.7439,0,NO
18,random,1,data/videos_v3/int_5000ms/v3_5000_00968.avi,0,5000,-1.1719,0,NO
18,random,1,data/videos_v3/int_3000ms/v3_3000_00878.avi,0,3000,-1.23,0,NO
18,random,1,data/videos_v3/int_1000ms/v3_1000_00551.avi,0,1000,-4.1383,0,NO
18,random,1,data/videos_v3/int_1000ms/v3_1000_00548.avi,1,1000,-2.103,0,NO
18,random,1,data/videos_v3/int_1000ms/v3_1000_00509.avi,0,1000,-1.2889,0,NO
18,random,1,data/videos_v3/int_200ms/v3_200_00254.avi,1,200,-0.3038,0,NO
18,random,1,data/videos_v3/int_200ms/v3_200_00226.avi,0,200,-4.0367,0,NO
18,random,1,data/videos_v3/int_200ms/v3_200_00261.avi,1,200,-1.4267,0,NO
18,random,1,data/videos_v3/int_2000ms/v3_2000_00743.avi,1,2000,-1.2261,0,NO
18,random,1,data/videos_v3/int_7000ms/v3_7000_01031.avi,1,7000,-0.1744,0,NO
18,random,1,data/videos_v3/int_67ms/v3_67_00074.avi,1,67,-1.2895,0,NO
18,random,1,data/videos_v3/int_10000ms/v3_10000_01171.avi,0,10000,-2.0482,0,NO
18,random,1,data/videos_v3/int_100ms/v3_100_00127.avi,0,100,-2.3006,0,NO
18,random,1,data/videos_v3/int_100ms/v3_100_00137.avi,1,100,-0.4922,0,NO
18,random,1,data/videos_v3/int_67ms/v3_67_00095.avi,1,67,-1.242,0,NO
18,random,1,data/videos_v3/int_1500ms/v3_1500_00659.avi,1,1500,-0.5333,0,NO
18,random,1,data/videos_v3/int_333ms/v3_333_00344.avi,0,333,-1.3443,0,NO
18,random,1,data/videos_v3/int_2000ms/v3_2000_00746.avi,1,2000,-1.036,0,NO
18,random,1,data/videos_v3/int_200ms/v3_200_00294.avi,1,200,-0.7994,0,NO
18,random,1,data/videos_v3/int_3000ms/v3_3000_00854.avi,0,3000,-2.1512,0,NO
18,random,1,data/videos_v3/int_5000ms/v3_5000_00955.avi,0,5000,-1.6642,0,NO
18,random,1,data/videos_v3/int_7000ms/v3_7000_01036.avi,0,7000,-2.727,0,NO
18,random,1,data/videos_v3/int_333ms/v3_333_00352.avi,0,333,-2.5588,0,NO
18,random,1,data/videos_v3/int_7000ms/v3_7000_01010.avi,0,7000,-1.9105,0,NO
18,random,1,data/videos_v3/int_1500ms/v3_1500_00624.avi,1,1500,-4.3351,0,NO
18,random,1,data/videos_v3/int_10000ms/v3_10000_01101.avi,1,10000,-2.7214,0,NO
18,random,1,data/videos_v3/int_500ms/v3_500_00439.avi,0,500,-3.6076,0,NO
