a_first,ax,ay,bg,bx,by,color_a,color_b,dir_a,dir_b,f_first,f_second,flip_path,fps,gap_frames,gt,interval_ms,jump_a,jump_b,lead_s,n_frames,name_first,path,shape_a,shape_b,size_a,size_b,solo_a_path,solo_b_path,tail_s,twin_path
False,321,308,220,267,215,yellow,cyan,"(1, 1)","(-1, 1)",26,28,data/videos_v3/int_67ms/v3_67_00000_flip.avi,30,2,1,67,63,73,0.87,77,b,data/videos_v3/int_67ms/v3_67_00000.avi,triangle,square,35,42,data/videos_v3/int_67ms/v3_67_00000_soloa.avi,data/videos_v3/int_67ms/v3_67_00000_solob.avi,1.65,data/twin_v3/v3_67_00000.avi
False,342,304,205,286,326,magenta,cyan,"(-1, -1)","(-1, 0)",33,35,data/videos_v3/int_67ms/v3_67_00001_flip.avi,30,2,1,67,70,74,1.13,79,b,data/videos_v3/int_67ms/v3_67_00001.avi,square,square,44,40,data/videos_v3/int_67ms/v3_67_00001_soloa.avi,data/videos_v3/int_67ms/v3_67_00001_solob.avi,1.44,data/twin_v3/v3_67_00001.avi
True,106,101,212,223,320,magenta,yellow,"(1, 1)","(1, 0)",27,29,data/videos_v3/int_67ms/v3_67_00002_flip.avi,30,2,1,67,54,62,0.9,81,a,data/videos_v3/int_67ms/v3_67_00002.avi,square,triangle,38,48,data/videos_v3/int_67ms/v3_67_00002_soloa.avi,data/videos_v3/int_67ms/v3_67_00002_solob.avi,1.75,data/twin_v3/v3_67_00002.avi
False,106,365,205,257,222,magenta,cyan,"(0, 1)","(-1, -1)",38,40,data/videos_v3/int_67ms/v3_67_00003_flip.avi,30,2,0,67,50,51,1.29,81,a,data/videos_v3/int_67ms/v3_67_00003.avi,square,triangle,43,48,data/videos_v3/int_67ms/v3_67_00003_soloa.avi,data/videos_v3/int_67ms/v3_67_00003_solob.avi,1.36,data/twin_v3/v3_67_00003.avi
True,101,418,220,336,409,red,blue,"(1, -1)","(-1, -1)",31,33,data/videos_v3/int_67ms/v3_67_00004_flip.avi,30,2,0,67,61,70,1.05,86,b,data/videos_v3/int_67ms/v3_67_00004.avi,square,triangle,38,35,data/videos_v3/int_67ms/v3_67_00004_soloa.avi,data/videos_v3/int_67ms/v3_67_00004_solob.avi,1.77,data/twin_v3/v3_67_00004.avi
False,226,373,220,119,309,yellow,cyan,"(-1, 1)","(0, 1)",24,26,data/videos_v3/int_67ms/v3_67_00005_flip.avi,30,2,0,67,52,45,0.83,77,a,data/videos_v3/int_67ms/v3_67_00005.avi,square,triangle,45,36,data/videos_v3/int_67ms/v3_67_00005_soloa.avi,data/videos_v3/int_67ms/v3_67_00005_solob.avi,1.68,data/twin_v3/v3_67_00005.avi
False,305,167,228,91,407,yellow,red,"(-1, 0)","(1, -1)",22,24,data/videos_v3/int_67ms/v3_67_00006_flip.avi,30,2,1,67,64,48,0.74,65,b,data/videos_v3/int_67ms/v3_67_00006.avi,square,square,39,37,data/videos_v3/int_67ms/v3_67_00006_soloa.avi,data/videos_v3/int_67ms/v3_67_00006_solob.avi,1.38,data/twin_v3/v3_67_00006.avi
True,392,242,220,258,396,blue,red,"(-1, -1)","(0, -1)",27,29,data/videos_v3/int_67ms/v3_67_00007_flip.avi,30,2,0,67,62,67,0.9,65,b,data/videos_v3/int_67ms/v3_67_00007.avi,triangle,square,50,43,data/videos_v3/int_67ms/v3_67_00007_soloa.avi,data/videos_v3/int_67ms/v3_67_00007_solob.avi,1.23,data/twin_v3/v3_67_00007.avi
False,79,313,205,226,219,blue,cyan,"(1, 1)","(-1, 0)",30,32,data/videos_v3/int_67ms/v3_67_00008_flip.avi,30,2,1,67,70,71,1.03,86,b,data/videos_v3/int_67ms/v3_67_00008.avi,circle,square,49,34,data/videos_v3/int_67ms/v3_67_00008_soloa.avi,data/videos_v3/int_67ms/v3_67_00008_solob.avi,1.78,data/twin_v3/v3_67_00008.avi
True,407,273,212,221,61,cyan,blue,"(0, 1)","(-1, 0)",32,34,data/videos_v3/int_67ms/v3_67_00009_flip.avi,30,2,0,67,67,69,1.07,73,b,data/videos_v3/int_67ms/v3_67_00009.avi,triangle,triangle,34,46,data/videos_v3/int_67ms/v3_67_00009_soloa.avi,data/videos_v3/int_67ms/v3_67_00009_solob.avi,1.31,data/twin_v3/v3_67_00009.avi
False,303,263,220,381,101,green,cyan,"(-1, 0)","(-1, -1)",23,25,data/videos_v3/int_67ms/v3_67_00010_flip.avi,30,2,1,67,74,59,0.78,70,b,data/videos_v3/int_67ms/v3_67_00010.avi,square,circle,39,37,data/videos_v3/int_67ms/v3_67_00010_soloa.avi,data/videos_v3/int_67ms/v3_67_00010_solob.avi,1.51,data/twin_v3/v3_67_00010.avi
True,130,137,220,198,230,red,blue,"(-1, 1)","(-1, 1)",21,23,data/videos_v3/int_67ms/v3_67_00011_flip.avi,30,2,1,67,67,47,0.72,62,a,data/videos_v3/int_67ms/v3_67_00011.avi,triangle,square,43,34,data/videos_v3/int_67ms/v3_67_00011_soloa.avi,data/videos_v3/int_67ms/v3_67_00011_solob.avi,1.3,data/twin_v3/v3_67_00011.avi
True,232,235,228,123,305,green,yellow,"(1, 0)","(1, 1)",37,39,data/videos_v3/int_67ms/v3_67_00012_flip.avi,30,2,0,67,58,46,1.24,91,b,data/videos_v3/int_67ms/v3_67_00012.avi,triangle,triangle,49,49,data/videos_v3/int_67ms/v3_67_00012_soloa.avi,data/videos_v3/int_67ms/v3_67_00012_solob.avi,1.75,data/twin_v3/v3_67_00012.avi
False,161,173,212,91,257,cyan,red,"(-1, 0)","(1, 0)",35,37,data/videos_v3/int_67ms/v3_67_00013_flip.avi,30,2,0,67,57,62,1.17,86,a,data/videos_v3/int_67ms/v3_67_00013.avi,circle,circle,36,36,data/videos_v3/int_67ms/v3_67_00013_soloa.avi,data/videos_v3/int_67ms/v3_67_00013_solob.avi,1.63,data/twin_v3/v3_67_00013.avi
False,193,359,212,145,280,yellow,red,"(0, 1)","(-1, 1)",37,39,data/videos_v3/int_67ms/v3_67_00014_flip.avi,30,2,1,67,48,47,1.24,83,b,data/videos_v3/int_67ms/v3_67_00014.avi,triangle,square,45,41,data/videos_v3/int_67ms/v3_67_00014_soloa.avi,data/videos_v3/int_67ms/v3_67_00014_solob.avi,1.47,data/twin_v3/v3_67_00014.avi
True,166,388,228,81,170,red,yellow,"(0, -1)","(1, 0)",22,24,data/videos_v3/int_67ms/v3_67_00015_flip.avi,30,2,0,67,51,59,0.76,71,b,data/videos_v3/int_67ms/v3_67_00015.avi,triangle,square,46,42,data/videos_v3/int_67ms/v3_67_00015_soloa.avi,data/videos_v3/int_67ms/v3_67_00015_solob.avi,1.56,data/twin_v3/v3_67_00015.avi
True,358,210,212,300,93,blue,magenta,"(1, 0)","(-1, 0)",34,36,data/videos_v3/int_67ms/v3_67_00016_flip.avi,30,2,1,67,47,52,1.16,80,a,data/videos_v3/int_67ms/v3_67_00016.avi,circle,square,38,46,data/videos_v3/int_67ms/v3_67_00016_soloa.avi,data/videos_v3/int_67ms/v3_67_00016_solob.avi,1.47,data/twin_v3/v3_67_00016.avi
False,255,331,228,317,77,blue,yellow,"(1, 0)","(1, 0)",30,32,data/videos_v3/int_67ms/v3_67_00017_flip.avi,30,2,1,67,68,58,1.02,79,b,data/videos_v3/int_67ms/v3_67_00017.avi,square,circle,45,50,data/videos_v3/int_67ms/v3_67_00017_soloa.avi,data/videos_v3/int_67ms/v3_67_00017_solob.avi,1.56,data/twin_v3/v3_67_00017.avi
False,268,256,212,256,91,yellow,magenta,"(0, -1)","(0, -1)",38,40,data/videos_v3/int_67ms/v3_67_00018_flip.avi,30,2,0,67,52,54,1.27,84,a,data/videos_v3/int_67ms/v3_67_00018.avi,circle,square,42,43,data/videos_v3/int_67ms/v3_67_00018_soloa.avi,data/videos_v3/int_67ms/v3_67_00018_solob.avi,1.49,data/twin_v3/v3_67_00018.avi
True,240,270,220,78,373,yellow,magenta,"(1, 1)","(1, -1)",21,23,data/videos_v3/int_67ms/v3_67_00019_flip.avi,30,2,1,67,59,46,0.72,70,a,data/videos_v3/int_67ms/v3_67_00019.avi,square,square,36,38,data/videos_v3/int_67ms/v3_67_00019_soloa.avi,data/videos_v3/int_67ms/v3_67_00019_solob.avi,1.57,data/twin_v3/v3_67_00019.avi
False,256,311,228,116,90,red,magenta,"(1, 1)","(-1, 1)",26,28,,30,2,0,67,65,48,0.88,79,a,data/videos_v3/int_67ms/v3_67_00020.avi,triangle,triangle,45,40,,,1.71,
False,79,260,212,287,250,green,red,"(0, 1)","(1, 1)",29,31,,30,2,0,67,56,70,0.99,83,a,data/videos_v3/int_67ms/v3_67_00021.avi,square,square,50,40,,,1.74,
True,275,319,212,216,118,blue,red,"(0, -1)","(1, -1)",28,30,,30,2,0,67,73,63,0.95,68,b,data/videos_v3/int_67ms/v3_67_00022.avi,square,square,50,50,,,1.26,
False,236,192,205,126,74,cyan,red,"(0, 1)","(-1, 1)",32,34,,30,2,1,67,55,60,1.08,73,b,data/videos_v3/int_67ms/v3_67_00023.avi,circle,triangle,37,49,,,1.31,
True,252,135,205,124,174,red,magenta,"(-1, 1)","(0, 1)",33,35,,30,2,1,67,52,69,1.1,86,a,data/videos_v3/int_67ms/v3_67_00024.avi,circle,circle,43,39,,,1.72,
True,275,213,205,341,273,yellow,red,"(0, -1)","(1, -1)",32,34,,30,2,1,67,54,65,1.08,81,a,data/videos_v3/int_67ms/v3_67_00025.avi,square,circle,36,38,,,1.58,
True,201,117,220,345,370,yellow,cyan,"(0, -1)","(1, 1)",24,26,,30,2,0,67,74,57,0.8,79,b,data/videos_v3/int_67ms/v3_67_00026.avi,circle,circle,39,37,,,1.78,
True,205,404,212,160,364,magenta,blue,"(1, 0)","(-1, 0)",23,25,,30,2,1,67,47,70,0.77,76,a,data/videos_v3/int_67ms/v3_67_00027.avi,triangle,circle,42,45,,,1.72,
False,326,128,220,353,327,red,yellow,"(0, 1)","(1, 0)",35,37,,30,2,0,67,58,75,1.17,87,a,data/videos_v3/int_67ms/v3_67_00028.avi,circle,triangle,43,43,,,1.67,
False,123,416,228,121,255,yellow,green,"(1, -1)","(1, 1)",29,31,,30,2,1,67,49,62,0.98,74,b,data/videos_v3/int_67ms/v3_67_00029.avi,circle,triangle,38,39,,,1.45,
False,393,90,205,287,213,yellow,magenta,"(0, -1)","(1, 1)",29,31,,30,2,0,67,46,73,0.98,83,a,data/videos_v3/int_67ms/v3_67_00030.avi,square,circle,44,49,,,1.73,
True,132,353,228,207,157,magenta,red,"(1, 0)","(1, -1)",28,30,,30,2,0,67,59,67,0.95,82,b,data/videos_v3/int_67ms/v3_67_00031.avi,square,circle,43,41,,,1.74,
True,221,126,228,166,155,blue,yellow,"(1, 1)","(-1, 1)",34,36,,30,2,0,67,70,57,1.14,86,b,data/videos_v3/int_67ms/v3_67_00032.avi,circle,circle,38,50,,,1.68,
False,77,179,220,384,103,blue,magenta,"(0, -1)","(-1, 1)",32,34,,30,2,0,67,46,68,1.07,81,a,data/videos_v3/int_67ms/v3_67_00033.avi,square,square,35,46,,,1.57,
True,232,196,212,81,82,green,yellow,"(-1, 0)","(0, -1)",22,24,,30,2,0,67,56,45,0.74,68,b,data/videos_v3/int_67ms/v3_67_00034.avi,square,square,49,40,,,1.46,
True,158,233,220,371,112,magenta,yellow,"(1, 0)","(-1, 1)",21,23,,30,2,0,67,55,62,0.72,60,b,data/videos_v3/int_67ms/v3_67_00035.avi,circle,circle,41,48,,,1.23,
True,156,163,220,188,404,red,blue,"(-1, -1)","(-1, -1)",36,38,,30,2,1,67,61,72,1.22,78,a,data/videos_v3/int_67ms/v3_67_00036.avi,circle,circle,50,45,,,1.34,
True,313,284,212,84,271,magenta,red,"(1, 1)","(1, 1)",36,38,,30,2,0,67,59,48,1.2,76,b,data/videos_v3/int_67ms/v3_67_00037.avi,square,square,34,48,,,1.29,
False,346,261,220,80,152,yellow,magenta,"(0, 1)","(1, 1)",26,28,,30,2,1,67,52,49,0.89,72,b,data/videos_v3/int_67ms/v3_67_00038.avi,circle,circle,36,47,,,1.46,
True,286,323,212,369,296,magenta,cyan,"(-1, -1)","(-1, -1)",24,26,,30,2,1,67,52,45,0.8,69,a,data/videos_v3/int_67ms/v3_67_00039.avi,triangle,square,40,43,,,1.45,
True,130,67,205,343,318,green,red,"(-1, 1)","(-1, 1)",23,25,,30,2,0,67,63,65,0.79,65,b,data/videos_v3/int_67ms/v3_67_00040.avi,square,circle,43,39,,,1.31,
False,180,127,220,179,256,blue,cyan,"(-1, 1)","(0, -1)",36,38,,30,2,0,67,65,60,1.2,83,a,data/videos_v3/int_67ms/v3_67_00041.avi,square,triangle,49,40,,,1.52,
False,172,344,212,394,143,yellow,cyan,"(1, 1)","(1, 1)",23,25,,30,2,1,67,62,55,0.78,68,b,data/videos_v3/int_67ms/v3_67_00042.avi,square,circle,43,34,,,1.44,
False,166,79,205,221,187,green,cyan,"(-1, 1)","(1, 1)",27,29,,30,2,0,67,66,68,0.91,68,a,data/videos_v3/int_67ms/v3_67_00043.avi,square,circle,46,35,,,1.3,
True,240,71,228,311,381,green,magenta,"(-1, 0)","(-1, 0)",22,24,,30,2,1,67,52,46,0.74,61,a,data/videos_v3/int_67ms/v3_67_00044.avi,triangle,circle,35,38,,,1.24,
True,132,243,228,219,150,blue,cyan,"(-1, 1)","(1, -1)",30,32,,30,2,1,67,57,45,1.02,81,a,data/videos_v3/int_67ms/v3_67_00045.avi,circle,triangle,48,47,,,1.64,
True,259,147,212,61,316,red,magenta,"(0, -1)","(0, -1)",38,40,,30,2,1,67,47,55,1.27,93,a,data/videos_v3/int_67ms/v3_67_00046.avi,square,square,37,47,,,1.77,
True,278,366,205,113,377,cyan,magenta,"(1, 1)","(0, -1)",34,36,,30,2,0,67,64,64,1.14,72,b,data/videos_v3/int_67ms/v3_67_00047.avi,circle,triangle,39,36,,,1.22,
False,257,188,212,166,119,yellow,red,"(-1, 1)","(0, 1)",24,26,,30,2,1,67,63,66,0.8,77,b,data/videos_v3/int_67ms/v3_67_00048.avi,triangle,circle,50,44,,,1.72,
False,147,60,220,132,351,green,red,"(-1, 0)","(1, 1)",37,39,,30,2,0,67,49,55,1.25,87,a,data/videos_v3/int_67ms/v3_67_00049.avi,triangle,circle,46,47,,,1.6,
True,341,277,228,202,149,cyan,magenta,"(0, -1)","(1, 0)",32,34,,30,2,1,67,66,65,1.08,80,a,data/videos_v3/int_67ms/v3_67_00050.avi,square,triangle,40,36,,,1.53,
False,353,289,228,181,290,yellow,green,"(1, 0)","(0, 1)",28,30,,30,2,0,67,50,59,0.94,71,a,data/videos_v3/int_67ms/v3_67_00051.avi,circle,triangle,47,36,,,1.36,
True,261,124,212,385,200,green,magenta,"(1, -1)","(0, -1)",22,24,,30,2,0,67,64,49,0.74,62,b,data/videos_v3/int_67ms/v3_67_00052.avi,circle,triangle,34,44,,,1.28,
True,346,149,212,195,163,yellow,red,"(-1, -1)","(-1, 1)",37,39,,30,2,1,67,67,67,1.26,93,a,data/videos_v3/int_67ms/v3_67_00053.avi,circle,triangle,36,36,,,1.8,
True,385,120,220,129,222,yellow,magenta,"(-1, 0)","(0, -1)",21,23,,30,2,1,67,68,49,0.73,71,a,data/videos_v3/int_67ms/v3_67_00054.avi,triangle,square,50,45,,,1.59,
True,152,75,205,292,195,yellow,red,"(0, 1)","(1, -1)",21,23,,30,2,1,67,47,56,0.71,66,a,data/videos_v3/int_67ms/v3_67_00055.avi,square,circle,48,47,,,1.44,
False,230,243,212,110,301,green,yellow,"(-1, 0)","(0, -1)",21,23,,30,2,0,67,74,61,0.7,65,a,data/videos_v3/int_67ms/v3_67_00056.avi,circle,square,37,36,,,1.4,
False,147,181,205,240,175,blue,cyan,"(0, -1)","(1, -1)",31,33,,30,2,0,67,59,56,1.04,69,a,data/videos_v3/int_67ms/v3_67_00057.avi,square,circle,43,44,,,1.21,
False,130,246,228,321,170,cyan,yellow,"(1, -1)","(1, 0)",28,30,,30,2,1,67,49,58,0.96,74,b,data/videos_v3/int_67ms/v3_67_00058.avi,circle,square,44,41,,,1.46,
False,390,306,212,263,357,yellow,blue,"(1, 0)","(-1, -1)",31,33,,30,2,1,67,53,73,1.06,83,b,data/videos_v3/int_67ms/v3_67_00059.avi,triangle,square,46,41,,,1.67,
True,281,113,205,295,369,green,red,"(1, 1)","(0, -1)",37,39,,30,2,0,67,50,55,1.25,91,b,data/videos_v3/int_67ms/v3_67_00060.avi,square,triangle,47,46,,,1.72,
True,166,237,205,128,127,green,cyan,"(1, 0)","(-1, 1)",22,24,,30,2,1,67,50,45,0.75,73,a,data/videos_v3/int_67ms/v3_67_00061.avi,circle,circle,42,46,,,1.63,
False,231,410,220,120,269,yellow,magenta,"(-1, -1)","(0, -1)",33,35,,30,2,0,67,55,65,1.12,88,a,data/videos_v3/int_67ms/v3_67_00062.avi,circle,triangle,45,43,,,1.75,
True,301,321,205,216,269,blue,yellow,"(1, -1)","(1, 0)",32,34,,30,2,0,67,66,49,1.08,88,b,data/videos_v3/int_67ms/v3_67_00063.avi,triangle,triangle,45,46,,,1.79,
True,196,412,228,374,146,cyan,blue,"(1, -1)","(1, 0)",29,31,,30,2,1,67,70,46,0.99,69,a,data/videos_v3/int_67ms/v3_67_00064.avi,circle,triangle,50,37,,,1.26,
False,177,141,228,347,342,green,magenta,"(1, 0)","(0, -1)",28,30,,30,2,0,67,45,71,0.95,78,a,data/videos_v3/int_67ms/v3_67_00065.avi,square,triangle,42,49,,,1.6,
False,360,128,228,258,147,cyan,yellow,"(1, 1)","(-1, 0)",31,33,,30,2,0,67,74,57,1.05,75,a,data/videos_v3/int_67ms/v3_67_00066.avi,square,triangle,42,34,,,1.4,
True,319,311,212,342,390,red,yellow,"(1, -1)","(1, 1)",26,28,,30,2,1,67,53,50,0.88,75,a,data/videos_v3/int_67ms/v3_67_00067.avi,circle,square,37,42,,,1.57,
True,132,244,228,108,130,yellow,red,"(-1, 0)","(0, -1)",30,32,,30,2,0,67,63,62,1.03,82,b,data/videos_v3/int_67ms/v3_67_00068.avi,square,circle,37,43,,,1.65,
False,235,109,220,411,62,cyan,red,"(0, 1)","(0, 1)",21,23,,30,2,0,67,60,71,0.71,65,a,data/videos_v3/int_67ms/v3_67_00069.avi,circle,square,49,45,,,1.41,
False,175,248,228,255,134,red,cyan,"(0, 1)","(-1, -1)",36,38,,30,2,1,67,74,51,1.23,81,b,data/videos_v3/int_67ms/v3_67_00070.avi,circle,triangle,43,47,,,1.42,
True,241,316,228,301,177,magenta,blue,"(-1, 1)","(-1, 1)",39,41,,30,2,0,67,58,53,1.3,92,b,data/videos_v3/int_67ms/v3_67_00071.avi,circle,triangle,37,46,,,1.72,
True,236,184,212,155,233,green,red,"(1, 1)","(0, 1)",30,32,,30,2,1,67,48,66,1.01,86,a,data/videos_v3/int_67ms/v3_67_00072.avi,circle,circle,48,38,,,1.79,
True,309,179,205,221,325,cyan,yellow,"(-1, 0)","(1, 0)",38,40,,30,2,0,67,60,55,1.29,87,b,data/videos_v3/int_67ms/v3_67_00073.avi,square,circle,50,43,,,1.55,
True,227,151,212,117,152,yellow,red,"(-1, 1)","(-1, 0)",21,23,,30,2,1,67,52,75,0.7,61,a,data/videos_v3/int_67ms/v3_67_00074.avi,circle,triangle,42,40,,,1.27,
True,326,378,205,272,94,red,yellow,"(0, -1)","(0, 1)",28,30,,30,2,1,67,52,74,0.96,73,a,data/videos_v3/int_67ms/v3_67_00075.avi,circle,square,40,34,,,1.43,
False,275,320,228,316,121,magenta,green,"(1, 0)","(1, 1)",29,31,,30,2,0,67,48,61,0.97,73,a,data/videos_v3/int_67ms/v3_67_00076.avi,circle,square,44,40,,,1.4,
True,231,179,228,292,187,green,yellow,"(-1, 1)","(1, 1)",36,38,,30,2,1,67,69,74,1.23,84,a,data/videos_v3/int_67ms/v3_67_00077.avi,circle,triangle,36,50,,,1.53,
True,304,303,205,132,176,blue,yellow,"(1, 1)","(-1, -1)",33,35,,30,2,1,67,56,65,1.11,74,a,data/videos_v3/int_67ms/v3_67_00078.avi,square,triangle,41,42,,,1.31,
True,231,378,220,142,299,red,blue,"(1, -1)","(0, 1)",35,37,,30,2,1,67,58,60,1.17,87,a,data/videos_v3/int_67ms/v3_67_00079.avi,circle,square,44,35,,,1.68,
False,153,325,205,337,364,cyan,magenta,"(1, -1)","(0, -1)",37,39,,30,2,0,67,65,67,1.26,86,a,data/videos_v3/int_67ms/v3_67_00080.avi,triangle,triangle,40,44,,,1.56,
False,420,83,212,70,267,blue,yellow,"(0, 1)","(1, 0)",24,26,,30,2,0,67,72,58,0.83,62,a,data/videos_v3/int_67ms/v3_67_00081.avi,circle,triangle,40,45,,,1.2,
True,102,71,212,182,374,magenta,yellow,"(-1, 0)","(-1, 1)",26,28,,30,2,1,67,49,59,0.87,79,a,data/videos_v3/int_67ms/v3_67_00082.avi,triangle,circle,45,43,,,1.7,
False,176,362,228,195,105,yellow,cyan,"(-1, 0)","(0, -1)",38,40,,30,2,0,67,55,65,1.27,85,a,data/videos_v3/int_67ms/v3_67_00083.avi,circle,square,50,44,,,1.52,
True,282,370,220,400,128,green,yellow,"(0, -1)","(-1, 0)",25,27,,30,2,0,67,48,67,0.86,70,b,data/videos_v3/int_67ms/v3_67_00084.avi,square,triangle,34,37,,,1.43,
False,233,323,205,342,67,green,cyan,"(0, -1)","(1, 1)",23,25,,30,2,1,67,71,45,0.78,79,b,data/videos_v3/int_67ms/v3_67_00085.avi,circle,circle,40,35,,,1.8,
False,188,352,212,113,326,magenta,cyan,"(1, 0)","(0, -1)",22,24,,30,2,1,67,60,46,0.76,75,b,data/videos_v3/int_67ms/v3_67_00086.avi,square,circle,47,36,,,1.7,
True,371,417,212,284,238,blue,cyan,"(0, -1)","(-1, -1)",24,26,,30,2,1,67,68,73,0.83,77,a,data/videos_v3/int_67ms/v3_67_00087.avi,triangle,square,46,40,,,1.7,
True,398,227,220,217,225,green,magenta,"(-1, 0)","(1, 0)",33,35,,30,2,1,67,64,45,1.13,89,a,data/videos_v3/int_67ms/v3_67_00088.avi,square,square,34,36,,,1.79,
True,332,269,205,122,101,yellow,red,"(1, 1)","(-1, 1)",33,35,,30,2,1,67,50,54,1.12,72,a,data/videos_v3/int_67ms/v3_67_00089.avi,circle,triangle,47,50,,,1.22,
False,222,340,228,394,207,cyan,green,"(-1, 0)","(0, 1)",31,33,,30,2,1,67,72,73,1.06,83,b,data/videos_v3/int_67ms/v3_67_00090.avi,square,circle,36,44,,,1.67,
False,220,332,212,310,289,green,magenta,"(1, 0)","(1, -1)",35,37,,30,2,0,67,56,50,1.18,80,a,data/videos_v3/int_67ms/v3_67_00091.avi,square,triangle,41,42,,,1.43,
False,197,266,220,280,301,red,green,"(-1, 0)","(0, -1)",25,27,,30,2,0,67,67,73,0.85,67,a,data/videos_v3/int_67ms/v3_67_00092.avi,circle,square,49,43,,,1.33,
False,152,179,220,273,140,blue,cyan,"(0, 1)","(0, -1)",25,27,,30,2,1,67,73,71,0.85,81,b,data/videos_v3/int_67ms/v3_67_00093.avi,square,triangle,42,34,,,1.79,
False,112,124,228,104,332,cyan,red,"(-1, 0)","(1, 0)",28,30,,30,2,0,67,45,75,0.94,78,a,data/videos_v3/int_67ms/v3_67_00094.avi,square,triangle,50,49,,,1.6,
True,140,360,212,184,167,green,yellow,"(-1, 0)","(-1, 0)",29,31,,30,2,1,67,61,70,0.97,81,a,data/videos_v3/int_67ms/v3_67_00095.avi,circle,square,42,36,,,1.67,
False,388,412,228,189,128,magenta,cyan,"(-1, 0)","(1, 1)",28,30,,30,2,0,67,70,68,0.94,74,a,data/videos_v3/int_67ms/v3_67_00096.avi,square,triangle,43,50,,,1.48,
False,238,386,212,368,254,blue,yellow,"(1, -1)","(1, -1)",36,38,,30,2,0,67,67,73,1.21,77,a,data/videos_v3/int_67ms/v3_67_00097.avi,triangle,triangle,43,44,,,1.31,
True,131,365,220,324,332,green,magenta,"(1, 1)","(-1, 1)",21,23,,30,2,0,67,53,58,0.73,73,b,data/videos_v3/int_67ms/v3_67_00098.avi,triangle,triangle,39,50,,,1.64,
False,261,315,212,245,241,yellow,red,"(1, 0)","(1, -1)",31,33,,30,2,1,67,70,48,1.06,74,b,data/videos_v3/int_67ms/v3_67_00099.avi,square,square,43,41,,,1.36,
True,151,314,212,396,137,yellow,blue,"(1, -1)","(0, 1)",32,35,data/videos_v3/int_100ms/v3_100_00100_flip.avi,30,3,0,100,73,45,1.09,83,b,data/videos_v3/int_100ms/v3_100_00100.avi,triangle,square,44,39,data/videos_v3/int_100ms/v3_100_00100_soloa.avi,data/videos_v3/int_100ms/v3_100_00100_solob.avi,1.59,data/twin_v3/v3_100_00100.avi
True,229,384,220,380,376,magenta,red,"(0, 1)","(-1, 0)",25,28,data/videos_v3/int_100ms/v3_100_00101_flip.avi,30,3,1,100,55,49,0.86,82,a,data/videos_v3/int_100ms/v3_100_00101.avi,triangle,triangle,47,43,data/videos_v3/int_100ms/v3_100_00101_soloa.avi,data/videos_v3/int_100ms/v3_100_00101_solob.avi,1.79,data/twin_v3/v3_100_00101.avi
True,115,322,205,192,346,green,red,"(1, -1)","(1, 1)",33,36,data/videos_v3/int_100ms/v3_100_00102_flip.avi,30,3,1,100,58,66,1.11,87,a,data/videos_v3/int_100ms/v3_100_00102.avi,circle,square,48,39,data/videos_v3/int_100ms/v3_100_00102_soloa.avi,data/videos_v3/int_100ms/v3_100_00102_solob.avi,1.69,data/twin_v3/v3_100_00102.avi
True,210,411,205,111,410,magenta,red,"(1, -1)","(-1, -1)",36,39,data/videos_v3/int_100ms/v3_100_00103_flip.avi,30,3,0,100,53,70,1.2,89,b,data/videos_v3/int_100ms/v3_100_00103.avi,circle,triangle,39,49,data/videos_v3/int_100ms/v3_100_00103_soloa.avi,data/videos_v3/int_100ms/v3_100_00103_solob.avi,1.68,data/twin_v3/v3_100_00103.avi
True,122,268,212,257,306,red,magenta,"(-1, 0)","(-1, 1)",32,35,data/videos_v3/int_100ms/v3_100_00104_flip.avi,30,3,0,100,65,71,1.09,85,b,data/videos_v3/int_100ms/v3_100_00104.avi,triangle,circle,34,38,data/videos_v3/int_100ms/v3_100_00104_soloa.avi,data/videos_v3/int_100ms/v3_100_00104_solob.avi,1.65,data/twin_v3/v3_100_00104.avi
False,197,189,212,168,266,red,blue,"(-1, 0)","(-1, 0)",26,29,data/videos_v3/int_100ms/v3_100_00105_flip.avi,30,3,1,100,61,69,0.87,78,b,data/videos_v3/int_100ms/v3_100_00105.avi,square,triangle,49,43,data/videos_v3/int_100ms/v3_100_00105_soloa.avi,data/videos_v3/int_100ms/v3_100_00105_solob.avi,1.66,data/twin_v3/v3_100_00105.avi
True,134,229,205,356,92,red,green,"(1, 0)","(-1, 1)",29,32,data/videos_v3/int_100ms/v3_100_00106_flip.avi,30,3,1,100,51,53,0.98,78,a,data/videos_v3/int_100ms/v3_100_00106.avi,triangle,circle,34,44,data/videos_v3/int_100ms/v3_100_00106_soloa.avi,data/videos_v3/int_100ms/v3_100_00106_solob.avi,1.52,data/twin_v3/v3_100_00106.avi
False,63,187,205,354,99,green,yellow,"(1, 1)","(1, 0)",21,24,data/videos_v3/int_100ms/v3_100_00107_flip.avi,30,3,0,100,56,58,0.71,69,a,data/videos_v3/int_100ms/v3_100_00107.avi,square,triangle,44,50,data/videos_v3/int_100ms/v3_100_00107_soloa.avi,data/videos_v3/int_100ms/v3_100_00107_solob.avi,1.5,data/twin_v3/v3_100_00107.avi
True,350,381,220,133,322,magenta,green,"(1, -1)","(1, -1)",25,28,data/videos_v3/int_100ms/v3_100_00108_flip.avi,30,3,1,100,52,56,0.85,69,a,data/videos_v3/int_100ms/v3_100_00108.avi,square,square,44,47,data/videos_v3/int_100ms/v3_100_00108_soloa.avi,data/videos_v3/int_100ms/v3_100_00108_solob.avi,1.35,data/twin_v3/v3_100_00108.avi
False,82,158,228,160,369,yellow,blue,"(0, -1)","(1, 1)",28,31,data/videos_v3/int_100ms/v3_100_00109_flip.avi,30,3,0,100,47,53,0.95,73,a,data/videos_v3/int_100ms/v3_100_00109.avi,triangle,circle,44,34,data/videos_v3/int_100ms/v3_100_00109_soloa.avi,data/videos_v3/int_100ms/v3_100_00109_solob.avi,1.39,data/twin_v3/v3_100_00109.avi
True,141,196,205,374,346,red,cyan,"(1, 1)","(-1, -1)",24,27,data/videos_v3/int_100ms/v3_100_00110_flip.avi,30,3,0,100,62,73,0.83,76,b,data/videos_v3/int_100ms/v3_100_00110.avi,circle,circle,35,44,data/videos_v3/int_100ms/v3_100_00110_soloa.avi,data/videos_v3/int_100ms/v3_100_00110_solob.avi,1.61,data/twin_v3/v3_100_00110.avi
False,106,361,220,260,125,cyan,red,"(0, 1)","(-1, -1)",23,26,data/videos_v3/int_100ms/v3_100_00111_flip.avi,30,3,1,100,54,50,0.78,78,b,data/videos_v3/int_100ms/v3_100_00111.avi,triangle,square,37,43,data/videos_v3/int_100ms/v3_100_00111_soloa.avi,data/videos_v3/int_100ms/v3_100_00111_solob.avi,1.73,data/twin_v3/v3_100_00111.avi
False,164,100,220,129,399,yellow,green,"(1, -1)","(0, -1)",33,36,data/videos_v3/int_100ms/v3_100_00112_flip.avi,30,3,1,100,51,72,1.1,84,b,data/videos_v3/int_100ms/v3_100_00112.avi,circle,triangle,38,42,data/videos_v3/int_100ms/v3_100_00112_soloa.avi,data/videos_v3/int_100ms/v3_100_00112_solob.avi,1.61,data/twin_v3/v3_100_00112.avi
True,392,386,228,200,405,red,magenta,"(0, 1)","(1, 0)",38,41,data/videos_v3/int_100ms/v3_100_00113_flip.avi,30,3,0,100,56,60,1.28,81,b,data/videos_v3/int_100ms/v3_100_00113.avi,triangle,triangle,48,41,data/videos_v3/int_100ms/v3_100_00113_soloa.avi,data/videos_v3/int_100ms/v3_100_00113_solob.avi,1.33,data/twin_v3/v3_100_00113.avi
True,362,393,205,108,324,red,blue,"(0, -1)","(1, 1)",24,27,data/videos_v3/int_100ms/v3_100_00114_flip.avi,30,3,0,100,49,58,0.82,77,b,data/videos_v3/int_100ms/v3_100_00114.avi,triangle,triangle,46,37,data/videos_v3/int_100ms/v3_100_00114_soloa.avi,data/videos_v3/int_100ms/v3_100_00114_solob.avi,1.67,data/twin_v3/v3_100_00114.avi
True,109,334,212,265,122,green,yellow,"(1, 1)","(0, -1)",27,30,data/videos_v3/int_100ms/v3_100_00115_flip.avi,30,3,0,100,46,51,0.93,68,b,data/videos_v3/int_100ms/v3_100_00115.avi,square,triangle,46,36,data/videos_v3/int_100ms/v3_100_00115_soloa.avi,data/videos_v3/int_100ms/v3_100_00115_solob.avi,1.24,data/twin_v3/v3_100_00115.avi
False,106,158,220,111,322,magenta,blue,"(0, -1)","(0, 1)",31,34,data/videos_v3/int_100ms/v3_100_00116_flip.avi,30,3,1,100,62,63,1.06,86,b,data/videos_v3/int_100ms/v3_100_00116.avi,triangle,circle,40,49,data/videos_v3/int_100ms/v3_100_00116_soloa.avi,data/videos_v3/int_100ms/v3_100_00116_solob.avi,1.72,data/twin_v3/v3_100_00116.avi
False,236,165,205,419,389,cyan,yellow,"(-1, 0)","(0, 1)",23,26,data/videos_v3/int_100ms/v3_100_00117_flip.avi,30,3,1,100,59,51,0.79,70,b,data/videos_v3/int_100ms/v3_100_00117.avi,square,square,34,45,data/videos_v3/int_100ms/v3_100_00117_soloa.avi,data/videos_v3/int_100ms/v3_100_00117_solob.avi,1.47,data/twin_v3/v3_100_00117.avi
False,177,129,220,269,182,magenta,green,"(-1, 0)","(1, 1)",34,37,data/videos_v3/int_100ms/v3_100_00118_flip.avi,30,3,1,100,54,49,1.14,75,b,data/videos_v3/int_100ms/v3_100_00118.avi,triangle,circle,45,36,data/videos_v3/int_100ms/v3_100_00118_soloa.avi,data/videos_v3/int_100ms/v3_100_00118_solob.avi,1.29,data/twin_v3/v3_100_00118.avi
True,162,211,212,326,417,green,red,"(1, -1)","(1, -1)",32,35,data/videos_v3/int_100ms/v3_100_00119_flip.avi,30,3,1,100,57,46,1.08,74,a,data/videos_v3/int_100ms/v3_100_00119.avi,square,circle,45,40,data/videos_v3/int_100ms/v3_100_00119_soloa.avi,data/videos_v3/int_100ms/v3_100_00119_solob.avi,1.29,data/twin_v3/v3_100_00119.avi
True,359,136,205,353,279,magenta,yellow,"(-1, -1)","(0, 1)",28,31,,30,3,0,100,48,75,0.95,70,b,data/videos_v3/int_100ms/v3_100_00120.avi,circle,triangle,45,38,,,1.31,
False,391,110,220,111,313,green,yellow,"(0, 1)","(-1, 0)",29,32,,30,3,0,100,45,72,0.98,73,a,data/videos_v3/int_100ms/v3_100_00121.avi,triangle,square,36,45,,,1.36,
False,175,133,205,367,405,cyan,magenta,"(0, -1)","(0, -1)",24,27,,30,3,1,100,72,69,0.81,65,b,data/videos_v3/int_100ms/v3_100_00122.avi,triangle,triangle,41,34,,,1.26,
True,356,274,220,81,98,green,magenta,"(0, -1)","(1, 1)",27,30,,30,3,1,100,46,56,0.93,67,a,data/videos_v3/int_100ms/v3_100_00123.avi,triangle,circle,48,42,,,1.21,
True,363,133,212,186,327,cyan,blue,"(0, 1)","(1, 1)",31,34,,30,3,0,100,55,72,1.05,80,b,data/videos_v3/int_100ms/v3_100_00124.avi,circle,circle,40,36,,,1.53,
True,323,266,205,127,371,cyan,green,"(1, 1)","(-1, -1)",27,30,,30,3,0,100,75,72,0.9,78,b,data/videos_v3/int_100ms/v3_100_00125.avi,square,square,49,42,,,1.63,
True,225,378,220,158,229,cyan,red,"(1, -1)","(0, -1)",37,40,,30,3,0,100,75,65,1.25,84,b,data/videos_v3/int_100ms/v3_100_00126.avi,circle,triangle,47,43,,,1.46,
False,359,114,228,104,345,yellow,cyan,"(1, 1)","(0, -1)",27,30,,30,3,0,100,48,45,0.93,75,a,data/videos_v3/int_100ms/v3_100_00127.avi,triangle,triangle,47,45,,,1.49,
True,133,60,228,107,233,cyan,red,"(-1, 1)","(1, 1)",29,32,,30,3,1,100,72,51,0.98,78,a,data/videos_v3/int_100ms/v3_100_00128.avi,triangle,triangle,44,34,,,1.53,
True,415,145,220,285,420,yellow,red,"(-1, 0)","(1, -1)",32,35,,30,3,1,100,45,75,1.08,78,a,data/videos_v3/int_100ms/v3_100_00129.avi,circle,square,48,42,,,1.43,
False,390,364,220,318,346,cyan,yellow,"(-1, 1)","(0, -1)",38,41,,30,3,0,100,58,65,1.28,88,a,data/videos_v3/int_100ms/v3_100_00130.avi,triangle,circle,41,48,,,1.56,
True,381,299,220,189,236,green,magenta,"(-1, -1)","(0, -1)",32,35,,30,3,1,100,50,73,1.09,78,a,data/videos_v3/int_100ms/v3_100_00131.avi,circle,circle,44,49,,,1.42,
True,295,324,220,153,161,cyan,blue,"(1, -1)","(-1, 1)",35,38,,30,3,0,100,62,49,1.18,90,b,data/videos_v3/int_100ms/v3_100_00132.avi,circle,circle,34,37,,,1.73,
False,360,367,228,214,300,red,blue,"(-1, 1)","(-1, -1)",27,30,,30,3,1,100,58,71,0.91,73,b,data/videos_v3/int_100ms/v3_100_00133.avi,triangle,square,47,46,,,1.45,
False,178,252,212,72,379,green,red,"(-1, 1)","(0, -1)",24,27,,30,3,1,100,50,71,0.81,74,b,data/videos_v3/int_100ms/v3_100_00134.avi,square,square,41,44,,,1.56,
True,141,305,220,140,114,cyan,blue,"(1, 0)","(1, 1)",27,30,,30,3,0,100,71,68,0.93,77,b,data/videos_v3/int_100ms/v3_100_00135.avi,circle,circle,43,35,,,1.55,
True,393,210,205,172,292,green,yellow,"(-1, -1)","(0, 1)",35,38,,30,3,1,100,57,73,1.18,75,a,data/videos_v3/int_100ms/v3_100_00136.avi,square,square,36,35,,,1.25,
False,76,379,205,82,139,green,cyan,"(0, -1)","(1, 1)",31,34,,30,3,1,100,65,47,1.04,84,b,data/videos_v3/int_100ms/v3_100_00137.avi,square,triangle,35,34,,,1.68,
True,111,309,212,281,101,cyan,red,"(1, 0)","(1, 1)",36,39,,30,3,1,100,67,72,1.23,85,a,data/videos_v3/int_100ms/v3_100_00138.avi,triangle,triangle,37,40,,,1.52,
False,330,225,220,347,417,green,yellow,"(1, -1)","(-1, -1)",28,31,,30,3,0,100,52,63,0.94,81,a,data/videos_v3/int_100ms/v3_100_00139.avi,square,triangle,46,45,,,1.67,
False,155,119,220,310,307,cyan,green,"(0, -1)","(-1, -1)",37,40,,30,3,1,100,75,53,1.25,82,b,data/videos_v3/int_100ms/v3_100_00140.avi,square,square,40,38,,,1.41,
True,264,112,212,200,258,blue,red,"(-1, 1)","(-1, 0)",30,33,,30,3,0,100,65,55,1.02,83,b,data/videos_v3/int_100ms/v3_100_00141.avi,square,circle,41,45,,,1.67,
False,231,392,205,273,63,green,red,"(-1, -1)","(0, 1)",25,28,,30,3,0,100,65,74,0.85,81,a,data/videos_v3/int_100ms/v3_100_00142.avi,triangle,square,42,36,,,1.76,
False,268,206,212,415,407,blue,yellow,"(-1, 0)","(-1, -1)",24,27,,30,3,1,100,45,45,0.8,70,b,data/videos_v3/int_100ms/v3_100_00143.avi,square,circle,40,36,,,1.44,
False,271,260,212,142,138,red,magenta,"(1, -1)","(1, -1)",34,37,,30,3,0,100,59,71,1.15,78,a,data/videos_v3/int_100ms/v3_100_00144.avi,triangle,triangle,40,49,,,1.35,
False,110,138,205,188,150,magenta,red,"(1, -1)","(-1, -1)",34,37,,30,3,1,100,61,73,1.14,81,b,data/videos_v3/int_100ms/v3_100_00145.avi,circle,triangle,43,39,,,1.49,
False,189,205,228,252,371,green,magenta,"(-1, 0)","(1, 1)",28,31,,30,3,1,100,74,65,0.95,80,b,data/videos_v3/int_100ms/v3_100_00146.avi,triangle,square,44,42,,,1.64,
False,167,217,228,280,94,cyan,red,"(0, 1)","(1, 0)",38,41,,30,3,0,100,50,70,1.29,86,a,data/videos_v3/int_100ms/v3_100_00147.avi,triangle,square,34,45,,,1.5,
True,333,392,205,364,109,cyan,blue,"(-1, -1)","(0, -1)",21,24,,30,3,0,100,61,49,0.73,69,b,data/videos_v3/int_100ms/v3_100_00148.avi,circle,square,42,46,,,1.49,
False,381,298,205,348,129,magenta,cyan,"(-1, -1)","(1, 0)",21,24,,30,3,0,100,54,56,0.73,62,a,data/videos_v3/int_100ms/v3_100_00149.avi,circle,circle,35,38,,,1.26,
True,381,158,212,197,96,magenta,red,"(0, -1)","(1, 1)",25,28,,30,3,0,100,55,56,0.85,72,b,data/videos_v3/int_100ms/v3_100_00150.avi,circle,circle,40,47,,,1.48,
False,139,109,205,334,360,cyan,green,"(1, 1)","(-1, 1)",37,40,,30,3,1,100,50,47,1.26,88,b,data/videos_v3/int_100ms/v3_100_00151.avi,square,circle,41,49,,,1.6,
False,218,230,220,60,156,red,yellow,"(-1, -1)","(0, -1)",22,25,,30,3,0,100,50,72,0.75,70,a,data/videos_v3/int_100ms/v3_100_00152.avi,circle,square,44,44,,,1.51,
True,105,260,205,297,308,cyan,red,"(0, -1)","(0, -1)",36,39,,30,3,0,100,46,74,1.2,85,b,data/videos_v3/int_100ms/v3_100_00153.avi,triangle,square,35,46,,,1.56,
False,214,266,212,148,331,green,red,"(1, 1)","(-1, -1)",25,28,,30,3,1,100,69,55,0.86,81,b,data/videos_v3/int_100ms/v3_100_00154.avi,triangle,circle,37,40,,,1.74,
True,88,131,205,238,149,cyan,red,"(1, 1)","(0, 1)",22,25,,30,3,0,100,74,52,0.76,75,b,data/videos_v3/int_100ms/v3_100_00155.avi,circle,circle,43,48,,,1.65,
True,176,229,205,313,134,green,blue,"(-1, 0)","(1, 1)",36,39,,30,3,0,100,70,49,1.21,89,b,data/videos_v3/int_100ms/v3_100_00156.avi,triangle,square,44,44,,,1.66,
False,274,167,212,260,80,red,green,"(0, 1)","(-1, 0)",35,38,,30,3,0,100,73,59,1.17,75,a,data/videos_v3/int_100ms/v3_100_00157.avi,circle,square,50,45,,,1.24,
True,333,230,228,265,403,green,cyan,"(-1, 1)","(1, -1)",24,27,,30,3,1,100,73,69,0.83,80,a,data/videos_v3/int_100ms/v3_100_00158.avi,triangle,square,43,48,,,1.75,
True,151,304,228,157,147,green,yellow,"(0, 1)","(1, 0)",31,34,,30,3,1,100,72,74,1.05,73,a,data/videos_v3/int_100ms/v3_100_00159.avi,triangle,square,47,38,,,1.31,
False,154,119,220,87,324,red,yellow,"(-1, 0)","(1, 0)",23,26,,30,3,0,100,70,68,0.79,66,a,data/videos_v3/int_100ms/v3_100_00160.avi,triangle,square,41,47,,,1.33,
False,310,124,205,231,353,green,red,"(0, 1)","(0, 1)",22,25,,30,3,1,100,69,64,0.76,69,b,data/videos_v3/int_100ms/v3_100_00161.avi,triangle,circle,37,46,,,1.45,
True,412,196,220,201,406,cyan,blue,"(-1, 1)","(0, -1)",28,31,,30,3,0,100,59,67,0.94,68,b,data/videos_v3/int_100ms/v3_100_00162.avi,square,square,38,39,,,1.24,
True,361,123,205,228,93,yellow,blue,"(1, 1)","(1, 1)",27,30,,30,3,1,100,54,52,0.91,69,a,data/videos_v3/int_100ms/v3_100_00163.avi,triangle,square,44,47,,,1.3,
True,199,299,220,205,74,magenta,green,"(1, -1)","(-1, 0)",35,38,,30,3,0,100,70,73,1.18,79,b,data/videos_v3/int_100ms/v3_100_00164.avi,square,square,36,46,,,1.38,
True,63,371,228,226,139,magenta,blue,"(1, -1)","(-1, 0)",22,25,,30,3,0,100,54,72,0.75,77,b,data/videos_v3/int_100ms/v3_100_00165.avi,triangle,square,49,48,,,1.72,
True,127,414,212,347,244,magenta,blue,"(0, -1)","(1, 0)",38,41,,30,3,1,100,47,52,1.28,89,a,data/videos_v3/int_100ms/v3_100_00166.avi,circle,triangle,47,44,,,1.59,
True,241,362,228,189,286,red,yellow,"(-1, 0)","(-1, -1)",34,37,,30,3,0,100,72,59,1.15,73,b,data/videos_v3/int_100ms/v3_100_00167.avi,square,triangle,44,42,,,1.21,
False,259,270,212,100,99,cyan,green,"(0, 1)","(1, 0)",31,34,,30,3,1,100,51,55,1.06,72,b,data/videos_v3/int_100ms/v3_100_00168.avi,triangle,triangle,36,39,,,1.26,
True,193,169,220,334,91,blue,magenta,"(1, 1)","(1, 0)",30,33,,30,3,1,100,45,65,1.0,81,a,data/videos_v3/int_100ms/v3_100_00169.avi,square,square,35,48,,,1.6,
False,66,353,205,271,241,magenta,cyan,"(1, 0)","(-1, 1)",26,29,,30,3,1,100,75,53,0.88,68,b,data/videos_v3/int_100ms/v3_100_00170.avi,circle,square,41,43,,,1.29,
True,281,179,205,280,351,cyan,red,"(1, 1)","(-1, -1)",30,33,,30,3,0,100,71,45,1.02,81,b,data/videos_v3/int_100ms/v3_100_00171.avi,triangle,circle,46,34,,,1.59,
True,261,256,220,366,149,cyan,red,"(0, 1)","(1, 0)",24,27,,30,3,1,100,45,72,0.8,69,a,data/videos_v3/int_100ms/v3_100_00172.avi,circle,circle,36,38,,,1.43,
False,323,242,212,365,185,cyan,yellow,"(-1, 0)","(1, -1)",27,30,,30,3,0,100,60,61,0.9,79,a,data/videos_v3/int_100ms/v3_100_00173.avi,square,square,50,40,,,1.64,
False,258,125,212,346,383,blue,red,"(1, 1)","(-1, 1)",24,27,,30,3,0,100,74,46,0.83,71,a,data/videos_v3/int_100ms/v3_100_00174.avi,triangle,square,41,47,,,1.44,
False,144,215,220,74,223,magenta,red,"(1, 0)","(0, -1)",35,38,,30,3,0,100,64,75,1.17,84,a,data/videos_v3/int_100ms/v3_100_00175.avi,triangle,triangle,37,38,,,1.53,
False,323,170,205,287,401,red,green,"(-1, -1)","(1, -1)",25,28,,30,3,0,100,72,74,0.86,70,a,data/videos_v3/int_100ms/v3_100_00176.avi,square,triangle,38,35,,,1.4,
False,183,162,205,156,410,cyan,green,"(1, -1)","(1, 0)",21,24,,30,3,0,100,62,53,0.72,70,a,data/videos_v3/int_100ms/v3_100_00177.avi,circle,circle,44,41,,,1.52,
True,162,321,220,213,103,magenta,yellow,"(1, 0)","(1, -1)",26,29,,30,3,0,100,66,62,0.87,80,b,data/videos_v3/int_100ms/v3_100_00178.avi,square,square,37,42,,,1.71,
True,197,227,220,112,131,blue,yellow,"(1, 1)","(-1, 1)",34,37,,30,3,0,100,61,49,1.16,79,b,data/videos_v3/int_100ms/v3_100_00179.avi,circle,circle,45,47,,,1.39,
False,270,413,220,93,297,yellow,blue,"(0, -1)","(1, 0)",32,35,,30,3,1,100,69,48,1.08,79,b,data/videos_v3/int_100ms/v3_100_00180.avi,square,circle,43,35,,,1.46,
True,271,328,228,248,176,magenta,red,"(0, 1)","(0, -1)",31,34,,30,3,1,100,65,65,1.06,76,a,data/videos_v3/int_100ms/v3_100_00181.avi,square,triangle,35,46,,,1.38,
True,366,366,205,155,234,magenta,blue,"(0, -1)","(-1, 0)",36,39,,30,3,1,100,55,49,1.23,77,a,data/videos_v3/int_100ms/v3_100_00182.avi,circle,triangle,47,38,,,1.26,
True,206,231,220,375,106,cyan,yellow,"(0, 1)","(-1, 0)",27,30,,30,3,0,100,65,74,0.9,83,b,data/videos_v3/int_100ms/v3_100_00183.avi,triangle,triangle,50,49,,,1.79,
False,70,93,205,295,200,green,red,"(1, -1)","(0, 1)",36,39,,30,3,0,100,50,68,1.22,78,a,data/videos_v3/int_100ms/v3_100_00184.avi,square,square,44,43,,,1.3,
False,175,314,212,190,219,red,green,"(-1, 1)","(-1, 1)",36,39,,30,3,0,100,65,69,1.2,89,a,data/videos_v3/int_100ms/v3_100_00185.avi,triangle,triangle,35,41,,,1.67,
True,131,114,220,81,367,blue,cyan,"(1, 0)","(1, -1)",32,35,,30,3,1,100,59,65,1.07,82,a,data/videos_v3/int_100ms/v3_100_00186.avi,square,triangle,41,37,,,1.58,
False,195,345,220,399,217,cyan,magenta,"(1, 0)","(-1, 1)",25,28,,30,3,0,100,63,67,0.86,72,a,data/videos_v3/int_100ms/v3_100_00187.avi,triangle,triangle,41,46,,,1.47,
False,63,115,205,228,361,green,red,"(1, 0)","(0, 1)",26,29,,30,3,1,100,63,66,0.89,74,b,data/videos_v3/int_100ms/v3_100_00188.avi,square,square,47,44,,,1.48,
True,214,195,205,162,265,yellow,blue,"(1, 1)","(1, 1)",37,40,,30,3,0,100,54,55,1.26,90,b,data/videos_v3/int_100ms/v3_100_00189.avi,triangle,triangle,42,50,,,1.66,
True,293,194,212,238,202,green,red,"(0, 1)","(0, -1)",22,25,,30,3,1,100,62,75,0.76,78,a,data/videos_v3/int_100ms/v3_100_00190.avi,circle,circle,38,46,,,1.76,
True,230,244,220,89,256,magenta,red,"(-1, 1)","(0, -1)",26,29,,30,3,1,100,54,73,0.88,81,a,data/videos_v3/int_100ms/v3_100_00191.avi,triangle,triangle,42,45,,,1.75,
True,378,148,205,243,375,red,green,"(-1, -1)","(-1, -1)",38,41,,30,3,1,100,60,45,1.28,79,a,data/videos_v3/int_100ms/v3_100_00192.avi,square,circle,34,48,,,1.27,
True,112,416,220,264,347,yellow,cyan,"(-1, 0)","(-1, -1)",30,33,,30,3,1,100,48,49,1.01,83,a,data/videos_v3/int_100ms/v3_100_00193.avi,circle,circle,39,48,,,1.66,
True,195,231,212,178,84,red,green,"(0, 1)","(1, 1)",21,24,,30,3,1,100,61,67,0.73,78,a,data/videos_v3/int_100ms/v3_100_00194.avi,circle,circle,49,44,,,1.78,
True,335,220,220,136,183,cyan,red,"(1, 1)","(1, 1)",27,30,,30,3,1,100,58,50,0.92,78,a,data/videos_v3/int_100ms/v3_100_00195.avi,square,square,41,34,,,1.61,
False,81,333,205,143,356,cyan,green,"(0, -1)","(1, 0)",21,24,,30,3,0,100,49,49,0.71,65,a,data/videos_v3/int_100ms/v3_100_00196.avi,circle,circle,39,34,,,1.37,
True,248,235,212,104,354,blue,magenta,"(-1, 1)","(-1, 1)",35,38,,30,3,1,100,47,58,1.18,78,a,data/videos_v3/int_100ms/v3_100_00197.avi,triangle,circle,34,45,,,1.33,
True,223,357,220,358,346,magenta,blue,"(1, 0)","(0, -1)",28,31,,30,3,1,100,56,53,0.94,73,a,data/videos_v3/int_100ms/v3_100_00198.avi,circle,square,50,37,,,1.42,
True,162,140,205,358,295,blue,green,"(1, -1)","(0, 1)",28,31,,30,3,0,100,69,45,0.95,84,b,data/videos_v3/int_100ms/v3_100_00199.avi,square,circle,47,40,,,1.75,
True,266,267,228,91,218,red,yellow,"(0, -1)","(0, -1)",29,35,data/videos_v3/int_200ms/v3_200_00200_flip.avi,30,6,0,200,72,71,0.97,81,b,data/videos_v3/int_200ms/v3_200_00200.avi,triangle,triangle,49,47,data/videos_v3/int_200ms/v3_200_00200_soloa.avi,data/videos_v3/int_200ms/v3_200_00200_solob.avi,1.55,data/twin_v3/v3_200_00200.avi
False,416,130,228,198,165,blue,cyan,"(-1, 1)","(-1, 0)",37,43,data/videos_v3/int_200ms/v3_200_00201_flip.avi,30,6,0,200,72,54,1.25,83,a,data/videos_v3/int_200ms/v3_200_00201.avi,triangle,square,34,49,data/videos_v3/int_200ms/v3_200_00201_soloa.avi,data/videos_v3/int_200ms/v3_200_00201_solob.avi,1.33,data/twin_v3/v3_200_00201.avi
True,193,263,228,366,183,blue,green,"(1, 1)","(0, 1)",34,40,data/videos_v3/int_200ms/v3_200_00202_flip.avi,30,6,1,200,67,50,1.14,91,a,data/videos_v3/int_200ms/v3_200_00202.avi,circle,square,43,49,data/videos_v3/int_200ms/v3_200_00202_soloa.avi,data/videos_v3/int_200ms/v3_200_00202_solob.avi,1.7,data/twin_v3/v3_200_00202.avi
True,113,218,205,198,143,blue,magenta,"(0, -1)","(0, 1)",31,37,data/videos_v3/int_200ms/v3_200_00203_flip.avi,30,6,1,200,54,49,1.06,76,a,data/videos_v3/int_200ms/v3_200_00203.avi,square,triangle,43,47,data/videos_v3/int_200ms/v3_200_00203_soloa.avi,data/videos_v3/int_200ms/v3_200_00203_solob.avi,1.3,data/twin_v3/v3_200_00203.avi
True,155,91,205,202,353,blue,green,"(-1, 1)","(1, 0)",30,36,data/videos_v3/int_200ms/v3_200_00204_flip.avi,30,6,1,200,58,53,1.01,77,a,data/videos_v3/int_200ms/v3_200_00204.avi,triangle,triangle,43,43,data/videos_v3/int_200ms/v3_200_00204_soloa.avi,data/videos_v3/int_200ms/v3_200_00204_solob.avi,1.36,data/twin_v3/v3_200_00204.avi
True,234,277,220,370,307,magenta,cyan,"(-1, 1)","(0, 1)",31,37,data/videos_v3/int_200ms/v3_200_00205_flip.avi,30,6,1,200,48,58,1.06,89,a,data/videos_v3/int_200ms/v3_200_00205.avi,triangle,square,35,34,data/videos_v3/int_200ms/v3_200_00205_soloa.avi,data/videos_v3/int_200ms/v3_200_00205_solob.avi,1.72,data/twin_v3/v3_200_00205.avi
False,124,257,205,246,74,cyan,blue,"(-1, 1)","(-1, 1)",30,36,data/videos_v3/int_200ms/v3_200_00206_flip.avi,30,6,1,200,61,63,1.02,89,b,data/videos_v3/int_200ms/v3_200_00206.avi,triangle,circle,35,34,data/videos_v3/int_200ms/v3_200_00206_soloa.avi,data/videos_v3/int_200ms/v3_200_00206_solob.avi,1.75,data/twin_v3/v3_200_00206.avi
True,225,388,205,344,266,red,magenta,"(0, -1)","(-1, 0)",27,33,data/videos_v3/int_200ms/v3_200_00207_flip.avi,30,6,0,200,73,73,0.91,85,b,data/videos_v3/int_200ms/v3_200_00207.avi,square,triangle,40,40,data/videos_v3/int_200ms/v3_200_00207_soloa.avi,data/videos_v3/int_200ms/v3_200_00207_solob.avi,1.73,data/twin_v3/v3_200_00207.avi
True,112,130,228,199,180,yellow,blue,"(0, -1)","(0, 1)",21,27,data/videos_v3/int_200ms/v3_200_00208_flip.avi,30,6,0,200,74,72,0.71,72,b,data/videos_v3/int_200ms/v3_200_00208.avi,square,square,44,36,data/videos_v3/int_200ms/v3_200_00208_soloa.avi,data/videos_v3/int_200ms/v3_200_00208_solob.avi,1.51,data/twin_v3/v3_200_00208.avi
True,349,398,205,115,195,cyan,blue,"(1, -1)","(1, 0)",32,38,data/videos_v3/int_200ms/v3_200_00209_flip.avi,30,6,1,200,70,46,1.07,91,a,data/videos_v3/int_200ms/v3_200_00209.avi,circle,square,40,35,data/videos_v3/int_200ms/v3_200_00209_soloa.avi,data/videos_v3/int_200ms/v3_200_00209_solob.avi,1.78,data/twin_v3/v3_200_00209.avi
True,260,305,212,136,226,blue,green,"(0, 1)","(0, -1)",29,35,data/videos_v3/int_200ms/v3_200_00210_flip.avi,30,6,1,200,52,49,0.98,81,a,data/videos_v3/int_200ms/v3_200_00210.avi,triangle,square,36,37,data/videos_v3/int_200ms/v3_200_00210_soloa.avi,data/videos_v3/int_200ms/v3_200_00210_solob.avi,1.53,data/twin_v3/v3_200_00210.avi
True,409,349,205,201,63,yellow,blue,"(-1, -1)","(1, 1)",31,37,data/videos_v3/int_200ms/v3_200_00211_flip.avi,30,6,0,200,72,73,1.05,73,b,data/videos_v3/int_200ms/v3_200_00211.avi,square,circle,41,45,data/videos_v3/int_200ms/v3_200_00211_soloa.avi,data/videos_v3/int_200ms/v3_200_00211_solob.avi,1.21,data/twin_v3/v3_200_00211.avi
False,87,268,205,379,213,yellow,red,"(1, 1)","(-1, 1)",28,34,data/videos_v3/int_200ms/v3_200_00212_flip.avi,30,6,0,200,65,45,0.95,84,a,data/videos_v3/int_200ms/v3_200_00212.avi,circle,square,34,35,data/videos_v3/int_200ms/v3_200_00212_soloa.avi,data/videos_v3/int_200ms/v3_200_00212_solob.avi,1.68,data/twin_v3/v3_200_00212.avi
False,363,357,220,270,203,green,red,"(1, 0)","(1, 0)",25,31,data/videos_v3/int_200ms/v3_200_00213_flip.avi,30,6,1,200,50,48,0.84,83,b,data/videos_v3/int_200ms/v3_200_00213.avi,triangle,square,35,40,data/videos_v3/int_200ms/v3_200_00213_soloa.avi,data/videos_v3/int_200ms/v3_200_00213_solob.avi,1.75,data/twin_v3/v3_200_00213.avi
False,331,309,205,98,176,yellow,blue,"(0, -1)","(1, -1)",25,31,data/videos_v3/int_200ms/v3_200_00214_flip.avi,30,6,1,200,67,74,0.84,81,b,data/videos_v3/int_200ms/v3_200_00214.avi,square,square,35,50,data/videos_v3/int_200ms/v3_200_00214_soloa.avi,data/videos_v3/int_200ms/v3_200_00214_solob.avi,1.66,data/twin_v3/v3_200_00214.avi
False,84,217,205,257,358,blue,yellow,"(1, 1)","(1, 1)",36,42,data/videos_v3/int_200ms/v3_200_00215_flip.avi,30,6,1,200,64,68,1.22,82,b,data/videos_v3/int_200ms/v3_200_00215.avi,circle,triangle,49,38,data/videos_v3/int_200ms/v3_200_00215_soloa.avi,data/videos_v3/int_200ms/v3_200_00215_solob.avi,1.34,data/twin_v3/v3_200_00215.avi
True,234,215,205,182,321,green,magenta,"(1, -1)","(-1, -1)",38,44,data/videos_v3/int_200ms/v3_200_00216_flip.avi,30,6,1,200,54,70,1.29,95,a,data/videos_v3/int_200ms/v3_200_00216.avi,triangle,circle,50,41,data/videos_v3/int_200ms/v3_200_00216_soloa.avi,data/videos_v3/int_200ms/v3_200_00216_solob.avi,1.7,data/twin_v3/v3_200_00216.avi
True,184,269,205,333,143,green,cyan,"(-1, 1)","(0, 1)",30,36,data/videos_v3/int_200ms/v3_200_00217_flip.avi,30,6,0,200,58,70,1.01,78,b,data/videos_v3/int_200ms/v3_200_00217.avi,square,circle,40,37,data/videos_v3/int_200ms/v3_200_00217_soloa.avi,data/videos_v3/int_200ms/v3_200_00217_solob.avi,1.42,data/twin_v3/v3_200_00217.avi
True,230,277,205,131,318,magenta,yellow,"(-1, -1)","(1, 1)",24,30,data/videos_v3/int_200ms/v3_200_00218_flip.avi,30,6,1,200,52,65,0.82,69,a,data/videos_v3/int_200ms/v3_200_00218.avi,square,triangle,41,39,data/videos_v3/int_200ms/v3_200_00218_soloa.avi,data/videos_v3/int_200ms/v3_200_00218_solob.avi,1.28,data/twin_v3/v3_200_00218.avi
False,70,255,220,298,375,yellow,green,"(0, -1)","(-1, 0)",27,33,data/videos_v3/int_200ms/v3_200_00219_flip.avi,30,6,1,200,50,65,0.91,87,b,data/videos_v3/int_200ms/v3_200_00219.avi,triangle,circle,43,50,data/videos_v3/int_200ms/v3_200_00219_soloa.avi,data/videos_v3/int_200ms/v3_200_00219_solob.avi,1.79,data/twin_v3/v3_200_00219.avi
True,192,253,228,90,281,red,yellow,"(1, 1)","(1, 1)",30,36,,30,6,0,200,50,71,1.01,81,b,data/videos_v3/int_200ms/v3_200_00220.avi,square,triangle,50,41,,,1.51,
True,223,405,212,202,104,green,cyan,"(0, -1)","(1, 0)",28,34,,30,6,1,200,59,69,0.96,73,a,data/videos_v3/int_200ms/v3_200_00221.avi,circle,circle,41,35,,,1.3,
False,369,332,220,356,86,blue,yellow,"(-1, 0)","(0, 1)",35,41,,30,6,1,200,45,63,1.19,85,b,data/videos_v3/int_200ms/v3_200_00222.avi,triangle,circle,40,43,,,1.47,
True,126,94,220,389,285,green,magenta,"(1, 0)","(1, 0)",25,31,,30,6,1,200,49,50,0.85,73,a,data/videos_v3/int_200ms/v3_200_00223.avi,square,triangle,44,45,,,1.41,
True,92,396,228,275,398,green,magenta,"(1, 0)","(1, -1)",29,35,,30,6,1,200,59,70,0.97,82,a,data/videos_v3/int_200ms/v3_200_00224.avi,square,triangle,34,50,,,1.58,
False,406,112,205,247,274,cyan,blue,"(0, 1)","(-1, -1)",33,39,,30,6,0,200,69,57,1.13,81,a,data/videos_v3/int_200ms/v3_200_00225.avi,triangle,square,34,39,,,1.4,
True,142,154,220,291,178,yellow,cyan,"(-1, 0)","(1, 0)",23,29,,30,6,0,200,52,57,0.79,70,b,data/videos_v3/int_200ms/v3_200_00226.avi,triangle,square,40,42,,,1.37,
True,308,255,228,117,373,cyan,red,"(-1, 1)","(1, 0)",21,27,,30,6,0,200,66,59,0.73,65,b,data/videos_v3/int_200ms/v3_200_00227.avi,triangle,triangle,40,43,,,1.26,
True,325,302,220,142,139,blue,green,"(-1, 0)","(1, 1)",38,44,,30,6,1,200,47,72,1.27,83,a,data/videos_v3/int_200ms/v3_200_00228.avi,triangle,circle,49,46,,,1.31,
True,395,312,228,95,301,yellow,magenta,"(-1, -1)","(1, 1)",22,28,,30,6,1,200,66,62,0.74,69,a,data/videos_v3/int_200ms/v3_200_00229.avi,circle,triangle,47,34,,,1.38,
False,413,306,205,244,92,yellow,green,"(-1, -1)","(0, 1)",32,38,,30,6,1,200,63,49,1.09,78,b,data/videos_v3/int_200ms/v3_200_00230.avi,triangle,circle,48,38,,,1.31,
True,83,187,228,276,393,magenta,cyan,"(1, 0)","(-1, 0)",25,31,,30,6,0,200,75,57,0.86,68,b,data/videos_v3/int_200ms/v3_200_00231.avi,square,square,35,35,,,1.21,
False,188,134,220,284,141,magenta,red,"(0, 1)","(0, 1)",22,28,,30,6,0,200,65,52,0.74,72,a,data/videos_v3/int_200ms/v3_200_00232.avi,triangle,square,36,34,,,1.47,
False,100,249,205,223,382,blue,red,"(0, 1)","(0, 1)",23,29,,30,6,1,200,62,61,0.79,72,b,data/videos_v3/int_200ms/v3_200_00233.avi,triangle,square,37,38,,,1.41,
False,190,331,220,138,116,green,yellow,"(-1, 1)","(1, -1)",28,34,,30,6,0,200,48,71,0.95,80,a,data/videos_v3/int_200ms/v3_200_00234.avi,square,square,47,50,,,1.54,
False,191,298,205,89,114,cyan,magenta,"(1, -1)","(0, 1)",38,44,,30,6,1,200,53,53,1.29,93,b,data/videos_v3/int_200ms/v3_200_00235.avi,triangle,triangle,36,43,,,1.61,
True,63,130,212,310,231,blue,magenta,"(0, 1)","(0, 1)",24,30,,30,6,1,200,47,58,0.8,77,a,data/videos_v3/int_200ms/v3_200_00236.avi,triangle,square,45,42,,,1.58,
False,391,114,220,221,259,magenta,red,"(1, -1)","(-1, 1)",38,44,,30,6,1,200,52,49,1.27,92,b,data/videos_v3/int_200ms/v3_200_00237.avi,circle,circle,34,47,,,1.62,
True,113,369,220,340,376,cyan,blue,"(-1, 0)","(-1, 1)",26,32,,30,6,0,200,49,50,0.88,82,b,data/videos_v3/int_200ms/v3_200_00238.avi,circle,circle,46,36,,,1.66,
False,399,297,212,131,269,yellow,blue,"(-1, 1)","(-1, 1)",33,39,,30,6,1,200,48,45,1.12,81,b,data/videos_v3/int_200ms/v3_200_00239.avi,triangle,square,48,38,,,1.4,
True,98,164,220,166,391,red,green,"(0, 1)","(-1, 1)",21,27,,30,6,1,200,56,45,0.71,74,a,data/videos_v3/int_200ms/v3_200_00240.avi,circle,triangle,36,41,,,1.57,
False,251,71,212,102,298,blue,yellow,"(1, 1)","(-1, 0)",37,43,,30,6,0,200,75,52,1.25,81,a,data/videos_v3/int_200ms/v3_200_00241.avi,triangle,square,44,34,,,1.26,
True,291,157,205,65,318,yellow,magenta,"(-1, 0)","(1, 1)",27,33,,30,6,0,200,73,60,0.9,80,b,data/videos_v3/int_200ms/v3_200_00242.avi,triangle,circle,48,39,,,1.57,
False,308,305,205,196,277,blue,magenta,"(0, 1)","(-1, 0)",27,33,,30,6,0,200,46,68,0.93,74,a,data/videos_v3/int_200ms/v3_200_00243.avi,triangle,circle,35,48,,,1.34,
False,414,139,220,210,333,magenta,blue,"(0, -1)","(1, -1)",25,31,,30,6,0,200,72,74,0.85,71,a,data/videos_v3/int_200ms/v3_200_00244.avi,square,triangle,44,40,,,1.33,
False,113,195,228,276,242,yellow,blue,"(-1, 1)","(1, -1)",25,31,,30,6,0,200,56,71,0.86,71,a,data/videos_v3/int_200ms/v3_200_00245.avi,circle,triangle,47,49,,,1.33,
False,66,252,205,274,164,green,blue,"(1, -1)","(0, 1)",32,38,,30,6,1,200,74,65,1.09,82,b,data/videos_v3/int_200ms/v3_200_00246.avi,triangle,triangle,36,44,,,1.45,
False,169,214,212,103,164,red,blue,"(0, -1)","(0, 1)",27,33,,30,6,0,200,63,67,0.9,85,a,data/videos_v3/int_200ms/v3_200_00247.avi,circle,triangle,43,36,,,1.74,
True,127,308,212,388,378,blue,magenta,"(1, 0)","(-1, 0)",30,36,,30,6,0,200,54,71,1.01,82,b,data/videos_v3/int_200ms/v3_200_00248.avi,circle,square,49,34,,,1.53,
True,154,225,228,266,211,cyan,green,"(-1, 1)","(1, 1)",24,30,,30,6,1,200,60,72,0.83,80,a,data/videos_v3/int_200ms/v3_200_00249.avi,triangle,circle,43,38,,,1.66,
True,323,334,212,159,369,yellow,red,"(0, 1)","(1, 0)",26,32,,30,6,0,200,61,57,0.89,69,b,data/videos_v3/int_200ms/v3_200_00250.avi,square,circle,35,43,,,1.23,
True,165,374,220,369,166,magenta,cyan,"(1, -1)","(0, -1)",22,28,,30,6,0,200,60,67,0.76,82,b,data/videos_v3/int_200ms/v3_200_00251.avi,square,triangle,46,40,,,1.79,
False,104,290,220,208,219,blue,red,"(1, 1)","(1, -1)",37,43,,30,6,1,200,53,52,1.25,81,b,data/videos_v3/int_200ms/v3_200_00252.avi,circle,triangle,35,45,,,1.27,
False,377,303,205,372,360,yellow,green,"(1, -1)","(-1, 1)",35,41,,30,6,0,200,70,53,1.19,79,a,data/videos_v3/int_200ms/v3_200_00253.avi,triangle,square,37,38,,,1.25,
True,242,259,212,346,238,green,red,"(1, 0)","(1, 1)",28,34,,30,6,1,200,45,69,0.95,78,a,data/videos_v3/int_200ms/v3_200_00254.avi,circle,square,41,50,,,1.46,
True,336,300,212,246,110,red,cyan,"(-1, 0)","(-1, 1)",21,27,,30,6,0,200,69,56,0.73,81,b,data/videos_v3/int_200ms/v3_200_00255.avi,triangle,circle,43,50,,,1.77,
False,105,353,220,368,363,yellow,green,"(1, 1)","(-1, -1)",35,41,,30,6,0,200,45,55,1.19,94,a,data/videos_v3/int_200ms/v3_200_00256.avi,square,triangle,49,50,,,1.76,
True,232,380,220,335,66,red,magenta,"(-1, 1)","(-1, 1)",31,37,,30,6,1,200,63,73,1.04,87,a,data/videos_v3/int_200ms/v3_200_00257.avi,circle,circle,41,46,,,1.67,
True,141,305,205,86,158,yellow,cyan,"(-1, 0)","(1, 1)",24,30,,30,6,0,200,72,45,0.83,80,b,data/videos_v3/int_200ms/v3_200_00258.avi,square,triangle,49,40,,,1.64,
True,142,253,205,142,120,yellow,blue,"(1, -1)","(-1, 1)",23,29,,30,6,1,200,61,69,0.77,68,a,data/videos_v3/int_200ms/v3_200_00259.avi,circle,square,50,34,,,1.32,
False,64,152,212,190,294,red,magenta,"(0, -1)","(-1, -1)",24,30,,30,6,1,200,66,54,0.83,72,b,data/videos_v3/int_200ms/v3_200_00260.avi,triangle,triangle,36,36,,,1.37,
False,204,110,228,84,279,cyan,yellow,"(-1, 0)","(0, -1)",24,30,,30,6,1,200,51,74,0.82,77,b,data/videos_v3/int_200ms/v3_200_00261.avi,square,triangle,39,34,,,1.55,
True,118,363,220,367,300,yellow,cyan,"(1, 1)","(0, 1)",25,31,,30,6,0,200,67,72,0.85,84,b,data/videos_v3/int_200ms/v3_200_00262.avi,square,circle,34,35,,,1.76,
False,260,247,205,414,166,cyan,magenta,"(0, 1)","(0, 1)",22,28,,30,6,0,200,55,45,0.75,78,a,data/videos_v3/int_200ms/v3_200_00263.avi,square,square,42,35,,,1.68,
False,155,284,212,291,294,magenta,yellow,"(0, 1)","(1, 0)",35,41,,30,6,0,200,69,61,1.18,92,a,data/videos_v3/int_200ms/v3_200_00264.avi,triangle,square,42,40,,,1.7,
True,135,338,212,315,194,red,green,"(0, -1)","(1, 0)",25,31,,30,6,0,200,48,69,0.85,69,b,data/videos_v3/int_200ms/v3_200_00265.avi,triangle,triangle,35,37,,,1.28,
False,245,277,220,338,150,yellow,magenta,"(-1, 0)","(1, -1)",33,39,,30,6,1,200,65,70,1.13,88,b,data/videos_v3/int_200ms/v3_200_00266.avi,square,triangle,49,37,,,1.62,
False,243,175,212,376,315,cyan,magenta,"(-1, 0)","(1, -1)",26,32,,30,6,0,200,64,66,0.89,74,a,data/videos_v3/int_200ms/v3_200_00267.avi,square,triangle,40,40,,,1.39,
True,345,372,220,266,217,red,green,"(0, -1)","(0, 1)",24,30,,30,6,0,200,66,45,0.82,71,b,data/videos_v3/int_200ms/v3_200_00268.avi,triangle,triangle,49,36,,,1.37,
False,400,106,205,67,364,green,red,"(-1, 0)","(1, 1)",21,27,,30,6,0,200,73,74,0.73,68,a,data/videos_v3/int_200ms/v3_200_00269.avi,square,square,45,42,,,1.35,
False,381,220,220,230,369,red,cyan,"(1, 1)","(-1, 0)",29,35,,30,6,1,200,62,71,0.99,86,b,data/videos_v3/int_200ms/v3_200_00270.avi,triangle,triangle,41,35,,,1.7,
False,369,338,228,169,213,magenta,red,"(0, -1)","(-1, 0)",21,27,,30,6,1,200,68,57,0.71,74,b,data/videos_v3/int_200ms/v3_200_00271.avi,circle,square,34,42,,,1.57,
True,212,395,220,260,316,magenta,blue,"(1, 0)","(1, 1)",26,32,,30,6,1,200,52,53,0.88,84,a,data/videos_v3/int_200ms/v3_200_00272.avi,circle,triangle,41,44,,,1.74,
False,209,200,212,253,308,blue,green,"(1, 0)","(1, 0)",38,44,,30,6,1,200,58,51,1.29,93,b,data/videos_v3/int_200ms/v3_200_00273.avi,square,triangle,44,50,,,1.61,
True,108,106,228,307,211,green,cyan,"(1, 1)","(1, 1)",38,44,,30,6,0,200,73,46,1.27,88,b,data/videos_v3/int_200ms/v3_200_00274.avi,triangle,triangle,44,50,,,1.48,
True,290,350,212,183,187,blue,magenta,"(0, 1)","(-1, 0)",23,29,,30,6,1,200,54,48,0.79,72,a,data/videos_v3/int_200ms/v3_200_00275.avi,circle,circle,41,35,,,1.43,
True,251,296,220,396,292,yellow,blue,"(1, 0)","(-1, 1)",21,27,,30,6,1,200,53,64,0.72,67,a,data/videos_v3/int_200ms/v3_200_00276.avi,triangle,circle,41,35,,,1.32,
True,118,332,220,309,224,green,blue,"(0, -1)","(-1, -1)",30,36,,30,6,0,200,61,48,1.02,88,b,data/videos_v3/int_200ms/v3_200_00277.avi,square,circle,36,48,,,1.72,
False,361,379,212,207,398,green,blue,"(0, -1)","(0, -1)",31,37,,30,6,1,200,63,60,1.06,79,b,data/videos_v3/int_200ms/v3_200_00278.avi,triangle,circle,34,38,,,1.39,
True,172,138,212,139,203,cyan,green,"(1, 1)","(-1, -1)",29,35,,30,6,1,200,59,54,0.98,85,a,data/videos_v3/int_200ms/v3_200_00279.avi,square,square,37,40,,,1.67,
False,201,171,205,238,392,magenta,blue,"(-1, -1)","(1, 1)",28,34,,30,6,0,200,66,49,0.95,74,a,data/videos_v3/int_200ms/v3_200_00280.avi,circle,circle,47,46,,,1.33,
False,396,306,205,355,84,green,magenta,"(1, -1)","(0, -1)",35,41,,30,6,1,200,45,45,1.19,82,b,data/videos_v3/int_200ms/v3_200_00281.avi,square,square,50,35,,,1.36,
True,254,268,212,229,165,cyan,green,"(0, 1)","(0, -1)",35,41,,30,6,0,200,72,64,1.19,87,b,data/videos_v3/int_200ms/v3_200_00282.avi,circle,circle,46,37,,,1.52,
True,377,119,228,129,215,magenta,red,"(0, 1)","(-1, 1)",34,40,,30,6,1,200,69,66,1.16,92,a,data/videos_v3/int_200ms/v3_200_00283.avi,triangle,circle,43,48,,,1.73,
False,400,191,212,201,125,red,cyan,"(0, 1)","(0, -1)",31,37,,30,6,0,200,56,55,1.05,91,a,data/videos_v3/int_200ms/v3_200_00284.avi,square,square,38,38,,,1.79,
False,262,300,220,313,164,magenta,yellow,"(1, 1)","(1, -1)",34,40,,30,6,0,200,67,54,1.14,90,a,data/videos_v3/int_200ms/v3_200_00285.avi,square,triangle,45,39,,,1.67,
False,389,175,205,313,333,green,red,"(0, -1)","(-1, 0)",21,27,,30,6,1,200,59,50,0.72,66,b,data/videos_v3/int_200ms/v3_200_00286.avi,circle,square,37,38,,,1.31,
False,228,349,220,231,225,green,cyan,"(1, 0)","(-1, -1)",37,43,,30,6,0,200,65,57,1.25,90,a,data/videos_v3/int_200ms/v3_200_00287.avi,triangle,circle,49,43,,,1.58,
True,138,332,228,349,247,yellow,red,"(0, 1)","(-1, 0)",27,33,,30,6,1,200,47,62,0.93,84,a,data/videos_v3/int_200ms/v3_200_00288.avi,circle,circle,37,34,,,1.7,
False,130,375,220,289,253,red,blue,"(0, -1)","(1, 0)",27,33,,30,6,0,200,53,68,0.93,75,a,data/videos_v3/int_200ms/v3_200_00289.avi,triangle,triangle,40,40,,,1.4,
True,330,125,212,307,219,green,yellow,"(-1, 0)","(1, 1)",30,36,,30,6,1,200,75,67,1.0,78,a,data/videos_v3/int_200ms/v3_200_00290.avi,square,triangle,38,41,,,1.43,
True,92,392,228,81,158,yellow,cyan,"(0, 1)","(0, -1)",27,33,,30,6,0,200,51,55,0.92,71,b,data/videos_v3/int_200ms/v3_200_00291.avi,circle,square,41,37,,,1.25,
False,98,84,212,210,212,red,magenta,"(-1, 0)","(0, -1)",29,35,,30,6,0,200,48,56,0.97,78,a,data/videos_v3/int_200ms/v3_200_00292.avi,circle,square,44,35,,,1.46,
False,272,141,220,314,362,cyan,blue,"(1, 1)","(0, -1)",29,35,,30,6,1,200,69,45,0.99,75,b,data/videos_v3/int_200ms/v3_200_00293.avi,square,square,36,37,,,1.32,
False,327,190,220,125,193,magenta,red,"(-1, 1)","(1, -1)",34,40,,30,6,1,200,48,68,1.14,94,b,data/videos_v3/int_200ms/v3_200_00294.avi,triangle,square,36,50,,,1.8,
True,188,176,228,121,381,yellow,magenta,"(0, 1)","(0, 1)",29,35,,30,6,1,200,61,54,0.99,89,a,data/videos_v3/int_200ms/v3_200_00295.avi,circle,triangle,35,40,,,1.78,
False,285,112,212,157,370,blue,cyan,"(-1, 0)","(0, 1)",36,42,,30,6,0,200,50,45,1.23,89,a,data/videos_v3/int_200ms/v3_200_00296.avi,circle,circle,43,34,,,1.56,
False,113,145,228,121,341,magenta,cyan,"(0, -1)","(1, 1)",23,29,,30,6,0,200,49,45,0.77,69,a,data/videos_v3/int_200ms/v3_200_00297.avi,circle,square,46,44,,,1.35,
True,214,287,212,172,364,blue,green,"(1, -1)","(1, 0)",35,41,,30,6,1,200,58,57,1.19,89,a,data/videos_v3/int_200ms/v3_200_00298.avi,triangle,circle,47,48,,,1.59,
True,70,268,228,242,162,cyan,red,"(0, 1)","(-1, 1)",28,34,,30,6,1,200,58,48,0.96,76,a,data/videos_v3/int_200ms/v3_200_00299.avi,triangle,circle,50,36,,,1.38,
False,299,283,228,163,265,magenta,green,"(-1, 0)","(-1, 1)",29,39,data/videos_v3/int_333ms/v3_333_00300_flip.avi,30,10,1,333,69,66,0.97,85,b,data/videos_v3/int_333ms/v3_333_00300.avi,triangle,triangle,45,50,data/videos_v3/int_333ms/v3_333_00300_soloa.avi,data/videos_v3/int_333ms/v3_333_00300_solob.avi,1.54,data/twin_v3/v3_333_00300.avi
False,206,147,205,385,396,magenta,green,"(1, -1)","(-1, -1)",26,36,data/videos_v3/int_333ms/v3_333_00301_flip.avi,30,10,0,333,49,65,0.88,80,a,data/videos_v3/int_333ms/v3_333_00301.avi,circle,circle,37,39,data/videos_v3/int_333ms/v3_333_00301_soloa.avi,data/videos_v3/int_333ms/v3_333_00301_solob.avi,1.46,data/twin_v3/v3_333_00301.avi
False,247,371,228,255,167,yellow,blue,"(-1, 1)","(-1, 0)",38,48,data/videos_v3/int_333ms/v3_333_00302_flip.avi,30,10,0,333,46,48,1.27,91,a,data/videos_v3/int_333ms/v3_333_00302.avi,triangle,triangle,45,46,data/videos_v3/int_333ms/v3_333_00302_soloa.avi,data/videos_v3/int_333ms/v3_333_00302_solob.avi,1.45,data/twin_v3/v3_333_00302.avi
False,238,249,212,135,220,green,blue,"(-1, 1)","(1, 0)",25,35,data/videos_v3/int_333ms/v3_333_00303_flip.avi,30,10,0,333,53,55,0.86,76,a,data/videos_v3/int_333ms/v3_333_00303.avi,triangle,triangle,44,44,data/videos_v3/int_333ms/v3_333_00303_soloa.avi,data/videos_v3/int_333ms/v3_333_00303_solob.avi,1.37,data/twin_v3/v3_333_00303.avi
False,371,113,205,177,197,yellow,magenta,"(1, 1)","(0, -1)",21,31,data/videos_v3/int_333ms/v3_333_00304_flip.avi,30,10,0,333,70,54,0.71,73,a,data/videos_v3/int_333ms/v3_333_00304.avi,circle,square,46,41,data/videos_v3/int_333ms/v3_333_00304_soloa.avi,data/videos_v3/int_333ms/v3_333_00304_solob.avi,1.42,data/twin_v3/v3_333_00304.avi
True,138,309,212,170,176,cyan,yellow,"(-1, 1)","(1, 0)",35,45,data/videos_v3/int_333ms/v3_333_00305_flip.avi,30,10,1,333,48,53,1.18,87,a,data/videos_v3/int_333ms/v3_333_00305.avi,circle,circle,35,42,data/videos_v3/int_333ms/v3_333_00305_soloa.avi,data/videos_v3/int_333ms/v3_333_00305_solob.avi,1.42,data/twin_v3/v3_333_00305.avi
True,199,103,220,338,363,red,cyan,"(-1, -1)","(0, -1)",25,35,data/videos_v3/int_333ms/v3_333_00306_flip.avi,30,10,0,333,67,74,0.86,76,b,data/videos_v3/int_333ms/v3_333_00306.avi,square,circle,38,46,data/videos_v3/int_333ms/v3_333_00306_soloa.avi,data/videos_v3/int_333ms/v3_333_00306_solob.avi,1.36,data/twin_v3/v3_333_00306.avi
False,209,257,220,264,233,blue,green,"(1, 1)","(1, 0)",24,34,data/videos_v3/int_333ms/v3_333_00307_flip.avi,30,10,0,333,66,47,0.8,73,a,data/videos_v3/int_333ms/v3_333_00307.avi,triangle,square,40,37,data/videos_v3/int_333ms/v3_333_00307_soloa.avi,data/videos_v3/int_333ms/v3_333_00307_solob.avi,1.31,data/twin_v3/v3_333_00307.avi
False,416,248,205,287,206,green,red,"(-1, -1)","(-1, 1)",24,34,data/videos_v3/int_333ms/v3_333_00308_flip.avi,30,10,0,333,50,66,0.8,77,a,data/videos_v3/int_333ms/v3_333_00308.avi,triangle,circle,38,34,data/videos_v3/int_333ms/v3_333_00308_soloa.avi,data/videos_v3/int_333ms/v3_333_00308_solob.avi,1.46,data/twin_v3/v3_333_00308.avi
True,298,404,220,283,175,yellow,cyan,"(-1, -1)","(0, -1)",33,43,data/videos_v3/int_333ms/v3_333_00309_flip.avi,30,10,1,333,63,60,1.12,87,a,data/videos_v3/int_333ms/v3_333_00309.avi,triangle,circle,36,35,data/videos_v3/int_333ms/v3_333_00309_soloa.avi,data/videos_v3/int_333ms/v3_333_00309_solob.avi,1.45,data/twin_v3/v3_333_00309.avi
False,350,218,205,102,118,yellow,cyan,"(1, 0)","(1, 0)",36,46,data/videos_v3/int_333ms/v3_333_00310_flip.avi,30,10,0,333,73,52,1.23,91,a,data/videos_v3/int_333ms/v3_333_00310.avi,circle,square,48,44,data/videos_v3/int_333ms/v3_333_00310_soloa.avi,data/videos_v3/int_333ms/v3_333_00310_solob.avi,1.48,data/twin_v3/v3_333_00310.avi
False,213,219,205,200,149,magenta,blue,"(0, 1)","(1, -1)",35,45,data/videos_v3/int_333ms/v3_333_00311_flip.avi,30,10,0,333,60,67,1.17,88,a,data/videos_v3/int_333ms/v3_333_00311.avi,circle,triangle,35,37,data/videos_v3/int_333ms/v3_333_00311_soloa.avi,data/videos_v3/int_333ms/v3_333_00311_solob.avi,1.44,data/twin_v3/v3_333_00311.avi
True,211,100,220,289,416,green,cyan,"(0, 1)","(-1, -1)",21,31,data/videos_v3/int_333ms/v3_333_00312_flip.avi,30,10,0,333,60,45,0.71,74,b,data/videos_v3/int_333ms/v3_333_00312.avi,square,square,46,43,data/videos_v3/int_333ms/v3_333_00312_soloa.avi,data/videos_v3/int_333ms/v3_333_00312_solob.avi,1.45,data/twin_v3/v3_333_00312.avi
True,299,217,212,131,279,red,cyan,"(-1, -1)","(-1, 1)",31,41,data/videos_v3/int_333ms/v3_333_00313_flip.avi,30,10,1,333,53,58,1.05,86,a,data/videos_v3/int_333ms/v3_333_00313.avi,triangle,circle,37,43,data/videos_v3/int_333ms/v3_333_00313_soloa.avi,data/videos_v3/int_333ms/v3_333_00313_solob.avi,1.49,data/twin_v3/v3_333_00313.avi
True,114,222,205,117,62,cyan,blue,"(0, 1)","(1, 0)",31,41,data/videos_v3/int_333ms/v3_333_00314_flip.avi,30,10,1,333,63,67,1.06,86,a,data/videos_v3/int_333ms/v3_333_00314.avi,square,circle,43,42,data/videos_v3/int_333ms/v3_333_00314_soloa.avi,data/videos_v3/int_333ms/v3_333_00314_solob.avi,1.49,data/twin_v3/v3_333_00314.avi
True,366,220,220,152,79,blue,green,"(-1, 0)","(-1, 0)",36,46,data/videos_v3/int_333ms/v3_333_00315_flip.avi,30,10,1,333,51,73,1.23,91,a,data/videos_v3/int_333ms/v3_333_00315.avi,triangle,square,40,41,data/videos_v3/int_333ms/v3_333_00315_soloa.avi,data/videos_v3/int_333ms/v3_333_00315_solob.avi,1.5,data/twin_v3/v3_333_00315.avi
False,376,376,205,278,351,blue,magenta,"(1, 1)","(0, -1)",38,48,data/videos_v3/int_333ms/v3_333_00316_flip.avi,30,10,1,333,58,64,1.27,100,b,data/videos_v3/int_333ms/v3_333_00316.avi,triangle,triangle,35,50,data/videos_v3/int_333ms/v3_333_00316_soloa.avi,data/videos_v3/int_333ms/v3_333_00316_solob.avi,1.74,data/twin_v3/v3_333_00316.avi
True,378,142,212,373,270,blue,magenta,"(-1, 1)","(1, -1)",31,41,data/videos_v3/int_333ms/v3_333_00317_flip.avi,30,10,1,333,66,58,1.05,86,a,data/videos_v3/int_333ms/v3_333_00317.avi,circle,circle,39,44,data/videos_v3/int_333ms/v3_333_00317_soloa.avi,data/videos_v3/int_333ms/v3_333_00317_solob.avi,1.5,data/twin_v3/v3_333_00317.avi
False,410,410,220,363,303,cyan,yellow,"(-1, 0)","(-1, 1)",32,42,data/videos_v3/int_333ms/v3_333_00318_flip.avi,30,10,1,333,55,69,1.08,88,b,data/videos_v3/int_333ms/v3_333_00318.avi,circle,circle,36,34,data/videos_v3/int_333ms/v3_333_00318_soloa.avi,data/videos_v3/int_333ms/v3_333_00318_solob.avi,1.54,data/twin_v3/v3_333_00318.avi
True,77,215,220,283,191,magenta,cyan,"(1, 0)","(-1, 0)",28,38,data/videos_v3/int_333ms/v3_333_00319_flip.avi,30,10,0,333,45,68,0.95,87,b,data/videos_v3/int_333ms/v3_333_00319.avi,square,square,37,40,data/videos_v3/int_333ms/v3_333_00319_soloa.avi,data/videos_v3/int_333ms/v3_333_00319_solob.avi,1.62,data/twin_v3/v3_333_00319.avi
False,131,117,228,216,308,red,blue,"(-1, 0)","(1, -1)",23,33,,30,10,1,333,51,58,0.78,82,b,data/videos_v3/int_333ms/v3_333_00320.avi,circle,triangle,45,41,,,1.65,
True,186,333,228,356,247,red,magenta,"(-1, 0)","(0, -1)",38,48,,30,10,1,333,47,61,1.28,101,a,data/videos_v3/int_333ms/v3_333_00321.avi,triangle,triangle,34,50,,,1.78,
False,161,133,220,179,300,green,blue,"(1, -1)","(-1, -1)",26,36,,30,10,1,333,56,50,0.88,88,b,data/videos_v3/int_333ms/v3_333_00322.avi,triangle,circle,36,47,,,1.73,
True,396,381,205,130,267,blue,cyan,"(-1, -1)","(0, 1)",37,47,,30,10,0,333,50,71,1.24,93,b,data/videos_v3/int_333ms/v3_333_00323.avi,triangle,circle,40,47,,,1.56,
True,390,83,228,144,347,green,blue,"(0, 1)","(-1, 1)",34,44,,30,10,1,333,59,74,1.16,95,a,data/videos_v3/int_333ms/v3_333_00324.avi,triangle,square,49,38,,,1.69,
True,366,80,205,266,127,magenta,cyan,"(-1, 0)","(0, 1)",35,45,,30,10,0,333,66,63,1.17,90,b,data/videos_v3/int_333ms/v3_333_00325.avi,circle,square,38,34,,,1.52,
False,232,180,205,231,304,green,yellow,"(1, -1)","(0, 1)",36,46,,30,10,0,333,52,57,1.2,89,a,data/videos_v3/int_333ms/v3_333_00326.avi,circle,circle,40,37,,,1.46,
False,145,106,212,308,366,blue,cyan,"(1, -1)","(1, -1)",30,40,,30,10,1,333,50,45,1.0,77,b,data/videos_v3/int_333ms/v3_333_00327.avi,square,square,43,50,,,1.26,
False,155,185,205,154,320,yellow,green,"(0, -1)","(-1, -1)",25,35,,30,10,1,333,66,59,0.86,75,b,data/videos_v3/int_333ms/v3_333_00328.avi,square,square,49,45,,,1.31,
False,198,290,205,300,236,cyan,blue,"(-1, 0)","(0, -1)",25,35,,30,10,1,333,51,56,0.85,74,b,data/videos_v3/int_333ms/v3_333_00329.avi,square,square,38,36,,,1.31,
False,140,379,212,358,302,yellow,green,"(-1, -1)","(1, -1)",37,47,,30,10,0,333,52,72,1.25,93,a,data/videos_v3/int_333ms/v3_333_00330.avi,square,square,42,45,,,1.53,
False,237,115,205,348,247,yellow,green,"(-1, 1)","(-1, 1)",36,46,,30,10,1,333,67,74,1.22,86,b,data/videos_v3/int_333ms/v3_333_00331.avi,triangle,triangle,42,34,,,1.34,
False,166,378,212,195,236,magenta,blue,"(0, 1)","(1, -1)",33,43,,30,10,0,333,56,72,1.1,86,a,data/videos_v3/int_333ms/v3_333_00332.avi,circle,circle,44,50,,,1.44,
True,103,234,205,295,135,cyan,magenta,"(1, 1)","(1, 0)",30,40,,30,10,0,333,53,51,1.03,82,b,data/videos_v3/int_333ms/v3_333_00333.avi,circle,circle,37,42,,,1.4,
False,366,184,220,258,400,blue,green,"(0, 1)","(-1, -1)",31,41,,30,10,1,333,46,45,1.04,89,b,data/videos_v3/int_333ms/v3_333_00334.avi,circle,triangle,49,37,,,1.61,
True,183,295,205,411,403,red,magenta,"(1, 1)","(-1, -1)",28,38,,30,10,0,333,73,49,0.95,86,b,data/videos_v3/int_333ms/v3_333_00335.avi,square,square,34,46,,,1.6,
True,127,279,212,118,117,cyan,green,"(0, 1)","(1, 0)",27,37,,30,10,0,333,50,70,0.92,75,b,data/videos_v3/int_333ms/v3_333_00336.avi,square,triangle,36,44,,,1.25,
True,158,200,212,100,168,cyan,green,"(1, 1)","(0, 1)",36,46,,30,10,1,333,47,63,1.21,94,a,data/videos_v3/int_333ms/v3_333_00337.avi,square,triangle,40,50,,,1.6,
False,236,372,228,175,265,red,magenta,"(0, -1)","(-1, 1)",22,32,,30,10,1,333,69,70,0.74,77,b,data/videos_v3/int_333ms/v3_333_00338.avi,square,circle,48,50,,,1.5,
False,106,198,212,239,264,cyan,magenta,"(1, 0)","(-1, 1)",37,47,,30,10,0,333,63,49,1.26,88,a,data/videos_v3/int_333ms/v3_333_00339.avi,triangle,circle,37,45,,,1.35,
False,302,107,212,220,173,magenta,red,"(-1, -1)","(1, 1)",30,40,,30,10,1,333,50,58,1.03,80,b,data/videos_v3/int_333ms/v3_333_00340.avi,triangle,triangle,37,40,,,1.31,
False,296,111,228,364,239,yellow,cyan,"(0, 1)","(1, -1)",30,40,,30,10,1,333,55,49,1.02,83,b,data/videos_v3/int_333ms/v3_333_00341.avi,triangle,circle,39,39,,,1.44,
False,257,293,220,114,124,green,cyan,"(1, 1)","(1, 1)",33,43,,30,10,0,333,59,50,1.12,97,a,data/videos_v3/int_333ms/v3_333_00342.avi,triangle,square,48,44,,,1.79,
False,278,80,220,188,304,blue,magenta,"(-1, 0)","(1, 1)",33,43,,30,10,1,333,69,60,1.11,86,b,data/videos_v3/int_333ms/v3_333_00343.avi,circle,triangle,49,42,,,1.45,
True,322,105,205,71,247,magenta,red,"(-1, 0)","(0, -1)",37,47,,30,10,0,333,54,57,1.24,89,b,data/videos_v3/int_333ms/v3_333_00344.avi,square,triangle,41,41,,,1.42,
False,399,309,220,300,225,green,blue,"(0, -1)","(0, 1)",31,41,,30,10,0,333,73,56,1.05,90,a,data/videos_v3/int_333ms/v3_333_00345.avi,triangle,square,46,47,,,1.65,
False,286,100,205,393,412,green,magenta,"(-1, -1)","(1, -1)",24,34,,30,10,1,333,51,45,0.83,71,b,data/videos_v3/int_333ms/v3_333_00346.avi,triangle,circle,47,38,,,1.21,
True,236,380,205,357,389,green,magenta,"(0, 1)","(-1, 0)",33,43,,30,10,0,333,58,62,1.11,87,b,data/videos_v3/int_333ms/v3_333_00347.avi,triangle,circle,42,38,,,1.48,
True,372,330,228,119,165,magenta,red,"(1, -1)","(-1, -1)",32,42,,30,10,0,333,50,45,1.07,81,b,data/videos_v3/int_333ms/v3_333_00348.avi,triangle,circle,45,41,,,1.31,
True,386,370,220,220,252,green,blue,"(1, -1)","(1, 0)",29,39,,30,10,0,333,57,74,0.99,91,b,data/videos_v3/int_333ms/v3_333_00349.avi,triangle,square,42,45,,,1.74,
True,304,187,228,116,128,magenta,blue,"(0, -1)","(-1, -1)",33,43,,30,10,0,333,69,70,1.11,92,b,data/videos_v3/int_333ms/v3_333_00350.avi,square,triangle,41,49,,,1.63,
True,191,299,205,248,382,blue,yellow,"(-1, -1)","(1, -1)",29,39,,30,10,0,333,74,64,0.98,80,b,data/videos_v3/int_333ms/v3_333_00351.avi,square,circle,48,35,,,1.38,
True,257,411,220,229,239,yellow,green,"(0, -1)","(-1, 1)",26,36,,30,10,0,333,54,63,0.88,80,b,data/videos_v3/int_333ms/v3_333_00352.avi,triangle,square,48,49,,,1.47,
True,383,362,220,239,60,red,blue,"(-1, 1)","(-1, 1)",21,31,,30,10,1,333,48,65,0.73,74,a,data/videos_v3/int_333ms/v3_333_00353.avi,triangle,circle,42,34,,,1.43,
True,274,76,220,377,81,blue,cyan,"(0, 1)","(-1, 0)",28,38,,30,10,0,333,49,47,0.94,81,b,data/videos_v3/int_333ms/v3_333_00354.avi,triangle,triangle,45,35,,,1.44,
False,102,380,220,151,151,red,cyan,"(0, 1)","(1, 1)",30,40,,30,10,0,333,61,64,1.01,85,a,data/videos_v3/int_333ms/v3_333_00355.avi,circle,triangle,41,44,,,1.51,
False,84,250,220,153,110,green,magenta,"(0, 1)","(-1, 1)",37,47,,30,10,1,333,61,71,1.26,93,b,data/videos_v3/int_333ms/v3_333_00356.avi,circle,triangle,43,35,,,1.54,
False,224,315,228,259,381,red,cyan,"(1, -1)","(1, 1)",22,32,,30,10,1,333,55,56,0.76,74,b,data/videos_v3/int_333ms/v3_333_00357.avi,square,circle,35,37,,,1.4,
False,372,148,205,242,298,green,red,"(1, 1)","(0, 1)",31,41,,30,10,0,333,56,63,1.05,91,a,data/videos_v3/int_333ms/v3_333_00358.avi,square,triangle,48,47,,,1.66,
False,164,144,228,346,71,blue,red,"(0, 1)","(1, 0)",28,38,,30,10,1,333,75,49,0.94,85,b,data/videos_v3/int_333ms/v3_333_00359.avi,square,square,38,35,,,1.58,
True,159,297,220,75,226,cyan,magenta,"(1, -1)","(1, 0)",34,44,,30,10,1,333,71,66,1.14,93,a,data/videos_v3/int_333ms/v3_333_00360.avi,circle,triangle,40,36,,,1.64,
True,384,313,228,242,304,blue,yellow,"(0, 1)","(-1, 0)",38,48,,30,10,1,333,73,56,1.28,88,a,data/videos_v3/int_333ms/v3_333_00361.avi,square,circle,46,48,,,1.35,
True,183,129,205,373,314,green,cyan,"(0, 1)","(1, 1)",30,40,,30,10,1,333,73,75,1.03,92,a,data/videos_v3/int_333ms/v3_333_00362.avi,triangle,triangle,38,34,,,1.72,
False,354,99,228,336,183,cyan,magenta,"(0, -1)","(1, -1)",32,42,,30,10,0,333,63,66,1.08,82,a,data/videos_v3/int_333ms/v3_333_00363.avi,circle,square,37,41,,,1.33,
True,175,340,212,273,165,green,cyan,"(0, 1)","(-1, 0)",27,37,,30,10,1,333,61,69,0.92,78,a,data/videos_v3/int_333ms/v3_333_00364.avi,circle,triangle,38,42,,,1.36,
True,279,193,220,203,336,cyan,red,"(-1, -1)","(-1, 1)",33,43,,30,10,1,333,63,54,1.13,86,a,data/videos_v3/int_333ms/v3_333_00365.avi,square,circle,48,45,,,1.43,
False,344,139,220,140,69,magenta,yellow,"(1, -1)","(0, 1)",26,36,,30,10,1,333,71,48,0.88,80,b,data/videos_v3/int_333ms/v3_333_00366.avi,square,square,49,45,,,1.48,
False,133,177,228,366,240,blue,green,"(-1, 1)","(0, 1)",38,48,,30,10,0,333,60,48,1.28,91,a,data/videos_v3/int_333ms/v3_333_00367.avi,circle,square,35,50,,,1.45,
False,166,389,205,403,227,red,yellow,"(-1, 0)","(0, -1)",33,43,,30,10,0,333,59,61,1.11,96,a,data/videos_v3/int_333ms/v3_333_00368.avi,triangle,circle,36,48,,,1.77,
False,245,83,228,170,300,blue,cyan,"(1, 0)","(0, 1)",24,34,,30,10,0,333,70,68,0.83,87,a,data/videos_v3/int_333ms/v3_333_00369.avi,circle,square,44,36,,,1.75,
False,82,324,205,68,154,cyan,blue,"(1, 0)","(0, 1)",25,35,,30,10,0,333,60,66,0.84,75,a,data/videos_v3/int_333ms/v3_333_00370.avi,triangle,triangle,46,35,,,1.33,
True,369,194,220,62,168,blue,red,"(0, 1)","(0, 1)",37,47,,30,10,0,333,59,45,1.24,92,b,data/videos_v3/int_333ms/v3_333_00371.avi,circle,circle,43,43,,,1.5,
True,348,406,205,199,163,yellow,cyan,"(0, -1)","(-1, -1)",38,48,,30,10,0,333,53,61,1.28,93,b,data/videos_v3/int_333ms/v3_333_00372.avi,square,circle,35,42,,,1.52,
True,213,78,212,417,225,green,magenta,"(-1, 0)","(-1, 0)",36,46,,30,10,0,333,45,52,1.21,86,b,data/videos_v3/int_333ms/v3_333_00373.avi,square,square,46,50,,,1.33,
True,112,415,220,312,412,green,magenta,"(0, -1)","(1, -1)",29,39,,30,10,0,333,64,45,0.99,75,b,data/videos_v3/int_333ms/v3_333_00374.avi,square,triangle,42,47,,,1.2,
True,393,362,205,377,91,blue,magenta,"(-1, 0)","(0, 1)",26,36,,30,10,1,333,59,74,0.87,87,a,data/videos_v3/int_333ms/v3_333_00375.avi,triangle,circle,45,44,,,1.71,
False,332,355,205,225,177,green,red,"(0, -1)","(1, 1)",22,32,,30,10,1,333,70,58,0.76,84,b,data/videos_v3/int_333ms/v3_333_00376.avi,circle,square,37,41,,,1.72,
False,257,317,220,362,211,red,yellow,"(-1, -1)","(1, 0)",22,32,,30,10,1,333,72,57,0.75,83,b,data/videos_v3/int_333ms/v3_333_00377.avi,triangle,circle,41,39,,,1.7,
False,107,61,220,380,304,green,blue,"(-1, 0)","(0, 1)",31,41,,30,10,1,333,47,71,1.04,84,b,data/videos_v3/int_333ms/v3_333_00378.avi,triangle,square,47,45,,,1.46,
False,333,251,228,167,137,red,magenta,"(1, 1)","(1, 0)",24,34,,30,10,1,333,62,57,0.81,85,b,data/videos_v3/int_333ms/v3_333_00379.avi,square,triangle,46,40,,,1.71,
True,261,117,212,194,169,blue,cyan,"(1, -1)","(0, 1)",37,47,,30,10,1,333,74,74,1.24,100,a,data/videos_v3/int_333ms/v3_333_00380.avi,square,circle,48,34,,,1.78,
True,330,172,212,349,75,green,red,"(1, -1)","(-1, 0)",37,47,,30,10,1,333,49,48,1.24,87,a,data/videos_v3/int_333ms/v3_333_00381.avi,square,circle,37,45,,,1.33,
True,224,208,212,393,220,cyan,green,"(1, 0)","(0, 1)",36,46,,30,10,1,333,51,74,1.22,96,a,data/videos_v3/int_333ms/v3_333_00382.avi,square,triangle,36,47,,,1.65,
False,112,63,205,117,348,green,yellow,"(-1, 0)","(-1, -1)",31,41,,30,10,0,333,46,45,1.04,79,a,data/videos_v3/int_333ms/v3_333_00383.avi,triangle,triangle,34,46,,,1.29,
True,165,186,220,180,60,red,magenta,"(1, 0)","(1, 0)",37,47,,30,10,0,333,66,68,1.24,98,b,data/videos_v3/int_333ms/v3_333_00384.avi,triangle,square,35,47,,,1.71,
True,259,254,228,363,307,cyan,green,"(1, -1)","(-1, 1)",28,38,,30,10,1,333,71,49,0.94,91,a,data/videos_v3/int_333ms/v3_333_00385.avi,square,circle,34,47,,,1.77,
True,226,156,212,68,272,green,magenta,"(-1, 1)","(0, -1)",33,43,,30,10,0,333,48,65,1.11,84,b,data/videos_v3/int_333ms/v3_333_00386.avi,circle,circle,35,47,,,1.39,
True,257,362,228,347,381,magenta,blue,"(0, 1)","(-1, -1)",26,36,,30,10,1,333,45,70,0.89,81,a,data/videos_v3/int_333ms/v3_333_00387.avi,circle,circle,46,37,,,1.51,
False,201,129,205,285,201,cyan,yellow,"(-1, -1)","(1, 0)",38,48,,30,10,1,333,62,47,1.29,94,b,data/videos_v3/int_333ms/v3_333_00388.avi,triangle,square,34,36,,,1.52,
True,98,131,205,355,149,blue,magenta,"(-1, 1)","(0, -1)",25,35,,30,10,0,333,53,61,0.85,87,b,data/videos_v3/int_333ms/v3_333_00389.avi,triangle,circle,44,37,,,1.72,
True,255,312,205,227,190,green,blue,"(-1, 0)","(0, -1)",25,35,,30,10,0,333,53,52,0.85,74,b,data/videos_v3/int_333ms/v3_333_00390.avi,circle,square,45,40,,,1.29,
True,179,401,228,406,210,red,yellow,"(0, -1)","(-1, 0)",25,35,,30,10,0,333,53,45,0.86,77,b,data/videos_v3/int_333ms/v3_333_00391.avi,square,circle,44,36,,,1.39,
False,117,283,205,113,216,blue,magenta,"(1, 1)","(-1, -1)",24,34,,30,10,1,333,50,57,0.81,73,b,data/videos_v3/int_333ms/v3_333_00392.avi,triangle,circle,48,47,,,1.3,
True,211,295,228,311,317,blue,cyan,"(-1, 0)","(-1, 1)",31,41,,30,10,1,333,53,54,1.05,82,a,data/videos_v3/int_333ms/v3_333_00393.avi,triangle,circle,45,43,,,1.37,
True,174,102,212,194,400,red,blue,"(1, 0)","(1, -1)",22,32,,30,10,0,333,66,67,0.75,73,b,data/videos_v3/int_333ms/v3_333_00394.avi,square,circle,36,50,,,1.36,
True,320,333,205,183,277,green,yellow,"(0, 1)","(1, 1)",28,38,,30,10,1,333,65,62,0.96,84,a,data/videos_v3/int_333ms/v3_333_00395.avi,circle,square,36,48,,,1.54,
False,81,233,212,216,162,cyan,yellow,"(0, 1)","(-1, -1)",32,42,,30,10,1,333,59,45,1.07,89,b,data/videos_v3/int_333ms/v3_333_00396.avi,triangle,square,39,38,,,1.58,
False,239,103,220,256,415,blue,magenta,"(1, -1)","(1, -1)",26,36,,30,10,0,333,51,55,0.89,75,a,data/videos_v3/int_333ms/v3_333_00397.avi,circle,square,36,36,,,1.28,
True,145,342,212,200,225,magenta,red,"(1, -1)","(-1, -1)",35,45,,30,10,0,333,57,67,1.18,96,b,data/videos_v3/int_333ms/v3_333_00398.avi,circle,circle,38,35,,,1.71,
True,174,322,212,360,398,red,green,"(1, -1)","(1, 0)",28,38,,30,10,0,333,58,71,0.95,89,b,data/videos_v3/int_333ms/v3_333_00399.avi,circle,triangle,38,42,,,1.7,
True,152,253,220,147,162,green,red,"(1, -1)","(-1, 0)",33,48,data/videos_v3/int_500ms/v3_500_00400_flip.avi,30,15,0,500,74,50,1.12,89,b,data/videos_v3/int_500ms/v3_500_00400.avi,square,triangle,41,38,data/videos_v3/int_500ms/v3_500_00400_soloa.avi,data/videos_v3/int_500ms/v3_500_00400_solob.avi,1.37,data/twin_v3/v3_500_00400.avi
True,102,71,228,213,171,magenta,yellow,"(-1, 0)","(-1, 1)",25,40,data/videos_v3/int_500ms/v3_500_00401_flip.avi,30,15,0,500,67,61,0.84,85,b,data/videos_v3/int_500ms/v3_500_00401.avi,triangle,circle,40,36,data/videos_v3/int_500ms/v3_500_00401_soloa.avi,data/videos_v3/int_500ms/v3_500_00401_solob.avi,1.52,data/twin_v3/v3_500_00401.avi
False,202,376,220,268,125,yellow,cyan,"(-1, -1)","(0, 1)",30,45,data/videos_v3/int_500ms/v3_500_00402_flip.avi,30,15,1,500,67,45,1.03,94,b,data/videos_v3/int_500ms/v3_500_00402.avi,square,circle,36,37,data/videos_v3/int_500ms/v3_500_00402_soloa.avi,data/videos_v3/int_500ms/v3_500_00402_solob.avi,1.62,data/twin_v3/v3_500_00402.avi
True,293,261,205,111,256,cyan,red,"(-1, -1)","(-1, 0)",24,39,data/videos_v3/int_500ms/v3_500_00403_flip.avi,30,15,1,500,53,52,0.8,88,a,data/videos_v3/int_500ms/v3_500_00403.avi,triangle,triangle,38,46,data/videos_v3/int_500ms/v3_500_00403_soloa.avi,data/videos_v3/int_500ms/v3_500_00403_solob.avi,1.66,data/twin_v3/v3_500_00403.avi
True,165,418,228,315,127,green,yellow,"(1, -1)","(-1, -1)",39,54,data/videos_v3/int_500ms/v3_500_00404_flip.avi,30,15,1,500,73,61,1.3,107,a,data/videos_v3/int_500ms/v3_500_00404.avi,circle,square,39,48,data/videos_v3/int_500ms/v3_500_00404_soloa.avi,data/videos_v3/int_500ms/v3_500_00404_solob.avi,1.79,data/twin_v3/v3_500_00404.avi
True,174,269,220,312,213,red,blue,"(-1, -1)","(1, 0)",35,50,data/videos_v3/int_500ms/v3_500_00405_flip.avi,30,15,1,500,47,68,1.19,90,a,data/videos_v3/int_500ms/v3_500_00405.avi,triangle,triangle,46,37,data/videos_v3/int_500ms/v3_500_00405_soloa.avi,data/videos_v3/int_500ms/v3_500_00405_solob.avi,1.31,data/twin_v3/v3_500_00405.avi
True,221,103,228,134,402,red,cyan,"(0, 1)","(1, -1)",28,43,data/videos_v3/int_500ms/v3_500_00406_flip.avi,30,15,1,500,46,75,0.96,90,a,data/videos_v3/int_500ms/v3_500_00406.avi,square,triangle,42,41,data/videos_v3/int_500ms/v3_500_00406_soloa.avi,data/videos_v3/int_500ms/v3_500_00406_solob.avi,1.56,data/twin_v3/v3_500_00406.avi
True,118,158,220,92,414,magenta,cyan,"(1, -1)","(-1, 0)",32,47,data/videos_v3/int_500ms/v3_500_00407_flip.avi,30,15,1,500,73,57,1.09,92,a,data/videos_v3/int_500ms/v3_500_00407.avi,triangle,circle,35,36,data/videos_v3/int_500ms/v3_500_00407_soloa.avi,data/videos_v3/int_500ms/v3_500_00407_solob.avi,1.49,data/twin_v3/v3_500_00407.avi
False,61,211,212,204,187,green,yellow,"(0, -1)","(-1, -1)",36,51,data/videos_v3/int_500ms/v3_500_00408_flip.avi,30,15,1,500,75,52,1.23,99,b,data/videos_v3/int_500ms/v3_500_00408.avi,square,triangle,35,42,data/videos_v3/int_500ms/v3_500_00408_soloa.avi,data/videos_v3/int_500ms/v3_500_00408_solob.avi,1.58,data/twin_v3/v3_500_00408.avi
False,321,126,228,147,109,yellow,cyan,"(0, -1)","(1, -1)",38,53,data/videos_v3/int_500ms/v3_500_00409_flip.avi,30,15,1,500,62,71,1.28,106,b,data/videos_v3/int_500ms/v3_500_00409.avi,square,circle,37,34,data/videos_v3/int_500ms/v3_500_00409_soloa.avi,data/videos_v3/int_500ms/v3_500_00409_solob.avi,1.77,data/twin_v3/v3_500_00409.avi
False,263,190,228,341,232,blue,cyan,"(1, -1)","(1, 0)",23,38,data/videos_v3/int_500ms/v3_500_00410_flip.avi,30,15,0,500,68,63,0.78,81,a,data/videos_v3/int_500ms/v3_500_00410.avi,circle,square,42,49,data/videos_v3/int_500ms/v3_500_00410_soloa.avi,data/videos_v3/int_500ms/v3_500_00410_solob.avi,1.42,data/twin_v3/v3_500_00410.avi
True,387,355,212,291,142,cyan,green,"(-1, -1)","(1, 0)",37,52,data/videos_v3/int_500ms/v3_500_00411_flip.avi,30,15,0,500,55,46,1.26,89,b,data/videos_v3/int_500ms/v3_500_00411.avi,circle,circle,42,36,data/videos_v3/int_500ms/v3_500_00411_soloa.avi,data/videos_v3/int_500ms/v3_500_00411_solob.avi,1.21,data/twin_v3/v3_500_00411.avi
True,127,288,220,253,306,cyan,green,"(-1, -1)","(1, 1)",38,53,data/videos_v3/int_500ms/v3_500_00412_flip.avi,30,15,0,500,75,51,1.28,96,b,data/videos_v3/int_500ms/v3_500_00412.avi,square,circle,37,48,data/videos_v3/int_500ms/v3_500_00412_soloa.avi,data/videos_v3/int_500ms/v3_500_00412_solob.avi,1.45,data/twin_v3/v3_500_00412.avi
True,125,361,205,271,80,green,blue,"(1, 1)","(-1, 1)",38,53,data/videos_v3/int_500ms/v3_500_00413_flip.avi,30,15,0,500,68,53,1.27,89,b,data/videos_v3/int_500ms/v3_500_00413.avi,triangle,circle,37,40,data/videos_v3/int_500ms/v3_500_00413_soloa.avi,data/videos_v3/int_500ms/v3_500_00413_solob.avi,1.2,data/twin_v3/v3_500_00413.avi
False,258,172,220,355,419,green,cyan,"(1, 0)","(1, 0)",35,50,data/videos_v3/int_500ms/v3_500_00414_flip.avi,30,15,0,500,65,53,1.19,99,a,data/videos_v3/int_500ms/v3_500_00414.avi,square,circle,47,41,data/videos_v3/int_500ms/v3_500_00414_soloa.avi,data/videos_v3/int_500ms/v3_500_00414_solob.avi,1.63,data/twin_v3/v3_500_00414.avi
False,368,358,205,123,346,yellow,blue,"(1, -1)","(-1, 1)",29,44,data/videos_v3/int_500ms/v3_500_00415_flip.avi,30,15,1,500,53,55,0.97,84,b,data/videos_v3/int_500ms/v3_500_00415.avi,triangle,square,45,46,data/videos_v3/int_500ms/v3_500_00415_soloa.avi,data/videos_v3/int_500ms/v3_500_00415_solob.avi,1.34,data/twin_v3/v3_500_00415.avi
True,375,101,228,352,359,yellow,blue,"(-1, 1)","(-1, 0)",38,53,data/videos_v3/int_500ms/v3_500_00416_flip.avi,30,15,1,500,46,72,1.29,98,a,data/videos_v3/int_500ms/v3_500_00416.avi,square,square,44,49,data/videos_v3/int_500ms/v3_500_00416_soloa.avi,data/videos_v3/int_500ms/v3_500_00416_solob.avi,1.49,data/twin_v3/v3_500_00416.avi
False,183,385,228,198,160,magenta,green,"(-1, 0)","(1, 1)",22,37,data/videos_v3/int_500ms/v3_500_00417_flip.avi,30,15,0,500,66,45,0.74,84,a,data/videos_v3/int_500ms/v3_500_00417.avi,square,square,42,35,data/videos_v3/int_500ms/v3_500_00417_soloa.avi,data/videos_v3/int_500ms/v3_500_00417_solob.avi,1.59,data/twin_v3/v3_500_00417.avi
False,141,341,205,296,155,yellow,magenta,"(-1, 1)","(1, 1)",29,44,data/videos_v3/int_500ms/v3_500_00418_flip.avi,30,15,1,500,50,47,0.98,95,b,data/videos_v3/int_500ms/v3_500_00418.avi,circle,square,37,46,data/videos_v3/int_500ms/v3_500_00418_soloa.avi,data/videos_v3/int_500ms/v3_500_00418_solob.avi,1.7,data/twin_v3/v3_500_00418.avi
True,352,138,205,399,285,red,yellow,"(0, -1)","(-1, 0)",27,42,data/videos_v3/int_500ms/v3_500_00419_flip.avi,30,15,1,500,48,46,0.92,87,a,data/videos_v3/int_500ms/v3_500_00419.avi,circle,square,36,37,data/videos_v3/int_500ms/v3_500_00419_soloa.avi,data/videos_v3/int_500ms/v3_500_00419_solob.avi,1.5,data/twin_v3/v3_500_00419.avi
True,116,123,212,319,333,red,blue,"(0, 1)","(0, 1)",34,49,,30,15,0,500,64,45,1.16,96,b,data/videos_v3/int_500ms/v3_500_00420.avi,square,square,38,46,,,1.57,
False,222,174,212,361,85,green,red,"(1, 1)","(1, 0)",27,42,,30,15,1,500,63,49,0.9,86,b,data/videos_v3/int_500ms/v3_500_00421.avi,triangle,triangle,44,38,,,1.49,
False,412,147,228,414,202,yellow,green,"(-1, 1)","(-1, 1)",37,52,,30,15,1,500,52,53,1.26,99,b,data/videos_v3/int_500ms/v3_500_00422.avi,circle,triangle,38,35,,,1.57,
False,259,159,228,395,257,green,blue,"(1, 0)","(0, -1)",31,46,,30,15,1,500,72,53,1.04,84,b,data/videos_v3/int_500ms/v3_500_00423.avi,circle,square,41,41,,,1.28,
True,347,101,205,107,279,yellow,cyan,"(-1, 1)","(-1, -1)",28,43,,30,15,0,500,74,60,0.94,86,b,data/videos_v3/int_500ms/v3_500_00424.avi,circle,circle,47,41,,,1.44,
True,87,220,205,215,227,red,green,"(1, 1)","(1, 0)",33,48,,30,15,1,500,64,63,1.12,91,a,data/videos_v3/int_500ms/v3_500_00425.avi,square,triangle,44,50,,,1.44,
True,257,274,212,201,92,green,blue,"(-1, 0)","(0, 1)",31,46,,30,15,1,500,54,62,1.05,97,a,data/videos_v3/int_500ms/v3_500_00426.avi,triangle,triangle,43,37,,,1.69,
False,171,394,228,97,202,blue,cyan,"(1, 0)","(-1, -1)",27,42,,30,15,1,500,73,59,0.93,80,b,data/videos_v3/int_500ms/v3_500_00427.avi,triangle,square,40,47,,,1.26,
False,217,408,228,144,125,red,cyan,"(-1, 0)","(0, 1)",37,52,,30,15,1,500,65,67,1.25,92,b,data/videos_v3/int_500ms/v3_500_00428.avi,square,circle,44,44,,,1.34,
True,146,302,220,416,270,cyan,magenta,"(-1, -1)","(0, 1)",29,44,,30,15,0,500,67,58,0.97,91,b,data/videos_v3/int_500ms/v3_500_00429.avi,square,square,35,37,,,1.58,
True,137,179,228,417,117,cyan,blue,"(1, -1)","(0, -1)",22,37,,30,15,1,500,51,50,0.76,87,a,data/videos_v3/int_500ms/v3_500_00430.avi,triangle,triangle,38,46,,,1.66,
False,227,321,228,338,347,red,yellow,"(1, 0)","(0, 1)",21,36,,30,15,1,500,56,68,0.72,77,b,data/videos_v3/int_500ms/v3_500_00431.avi,square,circle,42,42,,,1.35,
False,99,376,212,216,78,red,magenta,"(1, -1)","(-1, 0)",28,43,,30,15,1,500,63,74,0.95,81,b,data/videos_v3/int_500ms/v3_500_00432.avi,triangle,circle,36,50,,,1.26,
True,95,156,228,340,130,cyan,yellow,"(-1, -1)","(1, 1)",35,50,,30,15,1,500,52,50,1.19,102,a,data/videos_v3/int_500ms/v3_500_00433.avi,square,circle,39,35,,,1.71,
True,250,373,212,108,110,red,magenta,"(0, -1)","(-1, -1)",24,39,,30,15,1,500,70,52,0.82,84,a,data/videos_v3/int_500ms/v3_500_00434.avi,triangle,triangle,50,46,,,1.5,
False,339,338,228,181,190,blue,green,"(1, 1)","(0, -1)",32,47,,30,15,0,500,66,69,1.09,85,a,data/videos_v3/int_500ms/v3_500_00435.avi,square,square,47,42,,,1.25,
False,77,285,228,173,174,yellow,blue,"(0, 1)","(1, -1)",30,45,,30,15,1,500,45,72,1.01,90,b,data/videos_v3/int_500ms/v3_500_00436.avi,circle,square,48,35,,,1.52,
True,102,78,205,314,186,cyan,green,"(1, 0)","(0, 1)",31,46,,30,15,0,500,61,59,1.05,95,b,data/videos_v3/int_500ms/v3_500_00437.avi,triangle,square,50,49,,,1.62,
True,112,302,228,243,169,cyan,green,"(-1, 0)","(1, 0)",36,51,,30,15,1,500,71,61,1.21,93,a,data/videos_v3/int_500ms/v3_500_00438.avi,triangle,square,43,36,,,1.4,
True,307,100,220,281,343,yellow,green,"(-1, -1)","(0, 1)",29,44,,30,15,0,500,51,49,0.99,97,b,data/videos_v3/int_500ms/v3_500_00439.avi,circle,triangle,42,46,,,1.77,
True,286,227,205,240,365,yellow,green,"(0, 1)","(-1, 1)",28,43,,30,15,1,500,45,65,0.96,92,a,data/videos_v3/int_500ms/v3_500_00440.avi,square,circle,43,35,,,1.64,
True,354,237,212,153,257,yellow,magenta,"(-1, 0)","(0, -1)",38,53,,30,15,0,500,70,72,1.27,98,b,data/videos_v3/int_500ms/v3_500_00441.avi,circle,square,44,42,,,1.5,
False,282,342,220,236,227,cyan,yellow,"(0, 1)","(1, 0)",24,39,,30,15,1,500,53,54,0.82,89,b,data/videos_v3/int_500ms/v3_500_00442.avi,square,square,44,45,,,1.65,
True,123,320,205,406,354,green,yellow,"(1, 0)","(0, -1)",36,51,,30,15,0,500,57,58,1.2,92,b,data/videos_v3/int_500ms/v3_500_00443.avi,circle,triangle,38,39,,,1.38,
False,375,388,220,125,324,blue,cyan,"(-1, -1)","(-1, 1)",34,49,,30,15,0,500,73,64,1.16,93,a,data/videos_v3/int_500ms/v3_500_00444.avi,circle,triangle,45,46,,,1.46,
True,77,207,228,362,292,cyan,magenta,"(1, -1)","(0, 1)",23,38,,30,15,1,500,49,75,0.78,79,a,data/videos_v3/int_500ms/v3_500_00445.avi,square,circle,34,47,,,1.36,
True,166,175,228,317,245,cyan,blue,"(0, 1)","(-1, 0)",30,45,,30,15,1,500,68,64,1.02,91,a,data/videos_v3/int_500ms/v3_500_00446.avi,triangle,circle,42,43,,,1.53,
False,236,108,220,400,107,green,red,"(0, 1)","(-1, -1)",38,53,,30,15,0,500,68,58,1.27,106,a,data/videos_v3/int_500ms/v3_500_00447.avi,square,triangle,34,38,,,1.78,
True,103,270,205,333,104,red,yellow,"(1, -1)","(0, 1)",25,40,,30,15,0,500,53,50,0.84,93,b,data/videos_v3/int_500ms/v3_500_00448.avi,square,square,44,43,,,1.78,
False,374,374,212,226,113,magenta,red,"(1, 0)","(1, -1)",21,36,,30,15,0,500,68,47,0.71,81,a,data/videos_v3/int_500ms/v3_500_00449.avi,square,triangle,47,43,,,1.49,
False,365,259,220,283,309,blue,yellow,"(1, 0)","(0, -1)",33,48,,30,15,1,500,54,47,1.13,90,b,data/videos_v3/int_500ms/v3_500_00450.avi,circle,circle,47,43,,,1.37,
True,81,332,205,375,229,magenta,blue,"(1, 0)","(0, -1)",29,44,,30,15,1,500,59,55,0.97,94,a,data/videos_v3/int_500ms/v3_500_00451.avi,triangle,circle,42,41,,,1.68,
False,204,351,220,399,200,cyan,blue,"(-1, 0)","(0, -1)",29,44,,30,15,1,500,72,53,0.97,90,b,data/videos_v3/int_500ms/v3_500_00452.avi,triangle,circle,35,50,,,1.56,
True,316,169,228,207,333,red,yellow,"(0, 1)","(1, -1)",32,47,,30,15,0,500,70,66,1.09,85,b,data/videos_v3/int_500ms/v3_500_00453.avi,triangle,square,40,36,,,1.27,
True,110,295,212,407,356,magenta,blue,"(1, 1)","(-1, 1)",23,38,,30,15,1,500,64,58,0.77,75,a,data/videos_v3/int_500ms/v3_500_00454.avi,square,triangle,43,34,,,1.23,
True,389,366,212,100,200,green,cyan,"(-1, -1)","(1, -1)",22,37,,30,15,0,500,63,72,0.76,84,b,data/videos_v3/int_500ms/v3_500_00455.avi,square,circle,34,34,,,1.57,
False,352,406,220,209,132,blue,magenta,"(0, -1)","(-1, -1)",33,48,,30,15,0,500,75,68,1.13,91,a,data/videos_v3/int_500ms/v3_500_00456.avi,square,square,39,38,,,1.43,
True,138,128,205,161,409,green,magenta,"(1, -1)","(-1, 0)",38,53,,30,15,0,500,63,71,1.27,105,b,data/videos_v3/int_500ms/v3_500_00457.avi,circle,square,41,35,,,1.73,
True,109,345,220,298,126,green,yellow,"(0, -1)","(1, -1)",36,51,,30,15,1,500,59,68,1.21,93,a,data/videos_v3/int_500ms/v3_500_00458.avi,triangle,square,41,37,,,1.4,
True,302,166,205,293,394,blue,green,"(-1, 1)","(1, -1)",24,39,,30,15,1,500,57,51,0.82,89,a,data/videos_v3/int_500ms/v3_500_00459.avi,square,square,45,47,,,1.67,
True,235,83,205,386,207,yellow,magenta,"(0, 1)","(0, 1)",30,45,,30,15,1,500,72,52,1.02,81,a,data/videos_v3/int_500ms/v3_500_00460.avi,circle,triangle,48,37,,,1.21,
False,111,281,220,178,299,red,blue,"(-1, 0)","(0, -1)",31,46,,30,15,1,500,61,65,1.05,93,b,data/videos_v3/int_500ms/v3_500_00461.avi,circle,triangle,43,46,,,1.58,
True,259,259,220,190,199,blue,red,"(1, -1)","(0, 1)",28,43,,30,15,1,500,75,63,0.94,84,a,data/videos_v3/int_500ms/v3_500_00462.avi,square,triangle,45,49,,,1.36,
False,339,146,212,411,368,magenta,green,"(0, -1)","(0, -1)",29,44,,30,15,0,500,70,56,0.99,94,a,data/videos_v3/int_500ms/v3_500_00463.avi,square,circle,37,48,,,1.67,
True,262,89,205,343,356,magenta,blue,"(-1, 0)","(0, -1)",29,44,,30,15,1,500,61,60,0.99,92,a,data/videos_v3/int_500ms/v3_500_00464.avi,triangle,triangle,50,36,,,1.58,
True,152,328,220,352,402,red,blue,"(1, 1)","(1, 0)",38,53,,30,15,0,500,67,61,1.27,95,b,data/videos_v3/int_500ms/v3_500_00465.avi,triangle,triangle,45,35,,,1.41,
False,404,283,228,76,231,magenta,green,"(-1, 1)","(1, -1)",24,39,,30,15,0,500,48,65,0.82,87,a,data/videos_v3/int_500ms/v3_500_00466.avi,triangle,triangle,48,40,,,1.58,
True,78,178,212,206,232,green,magenta,"(1, 0)","(1, 1)",38,53,,30,15,1,500,49,75,1.28,90,a,data/videos_v3/int_500ms/v3_500_00467.avi,triangle,square,45,39,,,1.24,
True,227,227,205,271,322,red,green,"(0, -1)","(-1, 1)",33,48,,30,15,0,500,61,71,1.1,99,b,data/videos_v3/int_500ms/v3_500_00468.avi,square,circle,35,39,,,1.73,
True,156,319,205,391,106,blue,green,"(0, 1)","(-1, 1)",24,39,,30,15,0,500,52,73,0.8,89,b,data/videos_v3/int_500ms/v3_500_00469.avi,square,circle,34,43,,,1.69,
False,264,187,228,340,244,red,cyan,"(1, 0)","(1, 0)",27,42,,30,15,1,500,64,70,0.9,85,b,data/videos_v3/int_500ms/v3_500_00470.avi,circle,triangle,36,40,,,1.45,
True,99,75,205,285,366,blue,yellow,"(-1, 1)","(1, 0)",33,48,,30,15,1,500,66,54,1.1,87,a,data/videos_v3/int_500ms/v3_500_00471.avi,square,square,35,36,,,1.33,
True,162,292,205,185,355,cyan,yellow,"(0, -1)","(0, 1)",22,37,,30,15,1,500,67,52,0.75,76,a,data/videos_v3/int_500ms/v3_500_00472.avi,square,square,37,40,,,1.29,
True,242,135,205,153,145,cyan,magenta,"(-1, -1)","(-1, -1)",38,53,,30,15,0,500,65,64,1.27,92,b,data/videos_v3/int_500ms/v3_500_00473.avi,circle,square,43,48,,,1.31,
True,123,229,220,249,283,yellow,blue,"(0, 1)","(1, 0)",29,44,,30,15,0,500,53,51,0.98,90,b,data/videos_v3/int_500ms/v3_500_00474.avi,circle,square,49,38,,,1.54,
True,99,365,228,254,215,red,yellow,"(-1, -1)","(1, 1)",37,52,,30,15,0,500,58,68,1.24,101,b,data/videos_v3/int_500ms/v3_500_00475.avi,triangle,triangle,48,37,,,1.63,
True,179,316,228,152,100,red,cyan,"(1, -1)","(0, -1)",26,41,,30,15,1,500,50,55,0.87,90,a,data/videos_v3/int_500ms/v3_500_00476.avi,circle,square,35,50,,,1.66,
True,329,221,205,209,70,red,blue,"(1, -1)","(0, 1)",38,53,,30,15,1,500,75,54,1.27,100,a,data/videos_v3/int_500ms/v3_500_00477.avi,triangle,circle,39,40,,,1.57,
True,200,413,220,227,78,red,magenta,"(-1, 0)","(1, 1)",28,43,,30,15,1,500,67,66,0.94,86,a,data/videos_v3/int_500ms/v3_500_00478.avi,triangle,triangle,47,35,,,1.45,
True,156,260,228,153,63,blue,yellow,"(1, -1)","(-1, 0)",34,49,,30,15,1,500,64,65,1.14,95,a,data/videos_v3/int_500ms/v3_500_00479.avi,square,circle,49,41,,,1.54,
True,349,325,220,102,278,red,blue,"(-1, 1)","(0, 1)",36,51,,30,15,0,500,46,47,1.2,102,b,data/videos_v3/int_500ms/v3_500_00480.avi,circle,triangle,36,36,,,1.72,
False,136,416,220,141,211,cyan,blue,"(-1, 0)","(-1, 1)",24,39,,30,15,0,500,63,57,0.8,76,a,data/videos_v3/int_500ms/v3_500_00481.avi,square,square,38,35,,,1.24,
True,160,315,228,339,353,magenta,yellow,"(-1, -1)","(0, 1)",21,36,,30,15,0,500,47,51,0.7,73,b,data/videos_v3/int_500ms/v3_500_00482.avi,square,triangle,34,44,,,1.26,
False,326,260,212,101,146,magenta,cyan,"(0, 1)","(0, 1)",35,50,,30,15,0,500,49,55,1.17,91,a,data/videos_v3/int_500ms/v3_500_00483.avi,square,circle,46,34,,,1.39,
False,143,74,212,92,261,cyan,green,"(1, 1)","(0, 1)",24,39,,30,15,0,500,52,55,0.8,89,a,data/videos_v3/int_500ms/v3_500_00484.avi,square,circle,43,45,,,1.69,
False,134,347,212,255,385,yellow,blue,"(0, 1)","(-1, 0)",23,38,,30,15,0,500,68,69,0.78,79,a,data/videos_v3/int_500ms/v3_500_00485.avi,square,triangle,36,41,,,1.36,
False,334,255,212,228,77,red,cyan,"(1, -1)","(-1, 0)",34,49,,30,15,0,500,58,68,1.16,86,a,data/videos_v3/int_500ms/v3_500_00486.avi,triangle,triangle,44,40,,,1.23,
False,356,403,212,386,244,green,blue,"(-1, 0)","(-1, 0)",28,43,,30,15,0,500,47,64,0.96,89,a,data/videos_v3/int_500ms/v3_500_00487.avi,triangle,circle,49,46,,,1.51,
True,377,195,228,71,195,yellow,cyan,"(-1, 1)","(0, -1)",33,48,,30,15,1,500,55,55,1.11,87,a,data/videos_v3/int_500ms/v3_500_00488.avi,circle,triangle,46,43,,,1.31,
True,354,348,228,307,148,green,cyan,"(1, -1)","(-1, 0)",30,45,,30,15,1,500,69,65,1.02,89,a,data/videos_v3/int_500ms/v3_500_00489.avi,square,square,39,40,,,1.47,
False,285,75,228,391,109,blue,yellow,"(-1, 1)","(-1, 0)",32,47,,30,15,0,500,55,57,1.08,84,a,data/videos_v3/int_500ms/v3_500_00490.avi,triangle,square,41,36,,,1.25,
True,262,99,220,277,226,red,yellow,"(1, -1)","(0, -1)",22,37,,30,15,1,500,55,52,0.76,88,a,data/videos_v3/int_500ms/v3_500_00491.avi,circle,square,46,39,,,1.7,
False,148,164,220,216,398,red,yellow,"(1, -1)","(0, -1)",23,38,,30,15,0,500,50,65,0.77,90,a,data/videos_v3/int_500ms/v3_500_00492.avi,square,square,39,49,,,1.75,
False,285,353,228,164,276,yellow,blue,"(1, -1)","(1, -1)",24,39,,30,15,1,500,49,64,0.81,84,b,data/videos_v3/int_500ms/v3_500_00493.avi,circle,square,50,36,,,1.49,
False,336,306,228,150,118,red,green,"(-1, -1)","(1, 1)",26,41,,30,15,0,500,61,58,0.88,84,a,data/videos_v3/int_500ms/v3_500_00494.avi,triangle,square,39,47,,,1.44,
True,362,321,212,189,179,red,green,"(-1, 0)","(1, 1)",27,42,,30,15,1,500,69,62,0.92,96,a,data/videos_v3/int_500ms/v3_500_00495.avi,triangle,triangle,50,35,,,1.78,
False,155,266,220,221,97,blue,cyan,"(-1, -1)","(-1, -1)",27,42,,30,15,1,500,67,55,0.9,88,b,data/videos_v3/int_500ms/v3_500_00496.avi,square,triangle,41,44,,,1.55,
False,182,262,228,271,380,cyan,yellow,"(-1, 0)","(-1, 1)",30,45,,30,15,1,500,69,68,1.02,96,b,data/videos_v3/int_500ms/v3_500_00497.avi,triangle,triangle,37,34,,,1.7,
False,248,125,228,264,272,blue,yellow,"(0, -1)","(-1, 0)",34,49,,30,15,0,500,69,73,1.14,97,a,data/videos_v3/int_500ms/v3_500_00498.avi,circle,square,44,48,,,1.6,
True,112,138,220,267,119,cyan,magenta,"(-1, 1)","(0, 1)",30,45,,30,15,0,500,45,56,1.02,95,b,data/videos_v3/int_500ms/v3_500_00499.avi,triangle,triangle,48,38,,,1.65,
False,246,364,205,281,110,red,magenta,"(1, 0)","(0, -1)",23,53,data/videos_v3/int_1000ms/v3_1000_00500_flip.avi,30,30,1,1000,74,56,0.77,91,b,data/videos_v3/int_1000ms/v3_1000_00500.avi,circle,circle,47,42,data/videos_v3/int_1000ms/v3_1000_00500_soloa.avi,data/videos_v3/int_1000ms/v3_1000_00500_solob.avi,1.27,data/twin_v3/v3_1000_00500.avi
False,114,420,220,68,69,green,blue,"(-1, -1)","(0, 1)",29,59,data/videos_v3/int_1000ms/v3_1000_00501_flip.avi,30,30,0,1000,51,64,0.99,102,a,data/videos_v3/int_1000ms/v3_1000_00501.avi,square,square,44,47,data/videos_v3/int_1000ms/v3_1000_00501_soloa.avi,data/videos_v3/int_1000ms/v3_1000_00501_solob.avi,1.41,data/twin_v3/v3_1000_00501.avi
True,403,127,228,271,261,green,cyan,"(0, -1)","(1, -1)",23,53,data/videos_v3/int_1000ms/v3_1000_00502_flip.avi,30,30,1,1000,66,66,0.79,104,a,data/videos_v3/int_1000ms/v3_1000_00502.avi,square,square,40,50,data/videos_v3/int_1000ms/v3_1000_00502_soloa.avi,data/videos_v3/int_1000ms/v3_1000_00502_solob.avi,1.7,data/twin_v3/v3_1000_00502.avi
False,114,200,220,302,269,magenta,cyan,"(-1, -1)","(0, 1)",27,57,data/videos_v3/int_1000ms/v3_1000_00503_flip.avi,30,30,0,1000,50,49,0.92,99,a,data/videos_v3/int_1000ms/v3_1000_00503.avi,triangle,square,50,34,data/videos_v3/int_1000ms/v3_1000_00503_soloa.avi,data/videos_v3/int_1000ms/v3_1000_00503_solob.avi,1.39,data/twin_v3/v3_1000_00503.avi
False,77,410,228,89,168,red,cyan,"(0, -1)","(0, 1)",37,67,data/videos_v3/int_1000ms/v3_1000_00504_flip.avi,30,30,1,1000,57,47,1.25,119,b,data/videos_v3/int_1000ms/v3_1000_00504.avi,triangle,triangle,44,37,data/videos_v3/int_1000ms/v3_1000_00504_soloa.avi,data/videos_v3/int_1000ms/v3_1000_00504_solob.avi,1.73,data/twin_v3/v3_1000_00504.avi
False,304,60,205,132,235,red,magenta,"(-1, 1)","(1, -1)",26,56,data/videos_v3/int_1000ms/v3_1000_00505_flip.avi,30,30,1,1000,55,66,0.89,105,b,data/videos_v3/int_1000ms/v3_1000_00505.avi,circle,triangle,40,39,data/videos_v3/int_1000ms/v3_1000_00505_soloa.avi,data/videos_v3/int_1000ms/v3_1000_00505_solob.avi,1.63,data/twin_v3/v3_1000_00505.avi
False,181,256,228,147,126,magenta,cyan,"(1, -1)","(-1, 0)",25,55,data/videos_v3/int_1000ms/v3_1000_00506_flip.avi,30,30,1,1000,46,69,0.84,92,b,data/videos_v3/int_1000ms/v3_1000_00506.avi,circle,circle,50,40,data/videos_v3/int_1000ms/v3_1000_00506_soloa.avi,data/videos_v3/int_1000ms/v3_1000_00506_solob.avi,1.23,data/twin_v3/v3_1000_00506.avi
False,268,274,205,70,311,yellow,red,"(0, 1)","(0, -1)",22,52,data/videos_v3/int_1000ms/v3_1000_00507_flip.avi,30,30,0,1000,65,73,0.74,89,a,data/videos_v3/int_1000ms/v3_1000_00507.avi,square,triangle,46,40,data/videos_v3/int_1000ms/v3_1000_00507_soloa.avi,data/videos_v3/int_1000ms/v3_1000_00507_solob.avi,1.24,data/twin_v3/v3_1000_00507.avi
True,133,302,228,183,165,red,magenta,"(0, 1)","(-1, 1)",34,64,data/videos_v3/int_1000ms/v3_1000_00508_flip.avi,30,30,0,1000,64,66,1.16,111,b,data/videos_v3/int_1000ms/v3_1000_00508.avi,square,circle,39,43,data/videos_v3/int_1000ms/v3_1000_00508_soloa.avi,data/videos_v3/int_1000ms/v3_1000_00508_solob.avi,1.54,data/twin_v3/v3_1000_00508.avi
False,186,218,205,324,154,red,cyan,"(-1, -1)","(1, 1)",37,67,data/videos_v3/int_1000ms/v3_1000_00509_flip.avi,30,30,0,1000,58,51,1.26,111,a,data/videos_v3/int_1000ms/v3_1000_00509.avi,triangle,triangle,37,46,data/videos_v3/int_1000ms/v3_1000_00509_soloa.avi,data/videos_v3/int_1000ms/v3_1000_00509_solob.avi,1.46,data/twin_v3/v3_1000_00509.avi
False,102,415,220,293,319,blue,green,"(-1, 0)","(-1, 0)",38,68,data/videos_v3/int_1000ms/v3_1000_00510_flip.avi,30,30,0,1000,47,69,1.28,121,a,data/videos_v3/int_1000ms/v3_1000_00510.avi,square,square,43,35,data/videos_v3/int_1000ms/v3_1000_00510_soloa.avi,data/videos_v3/int_1000ms/v3_1000_00510_solob.avi,1.77,data/twin_v3/v3_1000_00510.avi
False,352,250,205,120,342,cyan,blue,"(0, -1)","(-1, 1)",21,51,data/videos_v3/int_1000ms/v3_1000_00511_flip.avi,30,30,1,1000,66,52,0.72,96,b,data/videos_v3/int_1000ms/v3_1000_00511.avi,triangle,triangle,34,37,data/videos_v3/int_1000ms/v3_1000_00511_soloa.avi,data/videos_v3/int_1000ms/v3_1000_00511_solob.avi,1.49,data/twin_v3/v3_1000_00511.avi
False,385,149,212,102,163,red,yellow,"(0, 1)","(1, 1)",36,66,data/videos_v3/int_1000ms/v3_1000_00512_flip.avi,30,30,1,1000,74,50,1.23,110,b,data/videos_v3/int_1000ms/v3_1000_00512.avi,square,square,45,47,data/videos_v3/int_1000ms/v3_1000_00512_soloa.avi,data/videos_v3/int_1000ms/v3_1000_00512_solob.avi,1.46,data/twin_v3/v3_1000_00512.avi
False,318,232,212,405,352,red,magenta,"(1, 1)","(-1, 1)",24,54,data/videos_v3/int_1000ms/v3_1000_00513_flip.avi,30,30,0,1000,55,51,0.83,104,a,data/videos_v3/int_1000ms/v3_1000_00513.avi,triangle,square,36,49,data/videos_v3/int_1000ms/v3_1000_00513_soloa.avi,data/videos_v3/int_1000ms/v3_1000_00513_solob.avi,1.66,data/twin_v3/v3_1000_00513.avi
False,140,137,220,362,137,magenta,yellow,"(-1, 1)","(0, 1)",34,64,data/videos_v3/int_1000ms/v3_1000_00514_flip.avi,30,30,1,1000,73,57,1.15,111,b,data/videos_v3/int_1000ms/v3_1000_00514.avi,circle,circle,44,44,data/videos_v3/int_1000ms/v3_1000_00514_soloa.avi,data/videos_v3/int_1000ms/v3_1000_00514_solob.avi,1.58,data/twin_v3/v3_1000_00514.avi
True,253,357,228,321,256,green,red,"(0, -1)","(0, 1)",38,68,data/videos_v3/int_1000ms/v3_1000_00515_flip.avi,30,30,0,1000,52,67,1.29,118,b,data/videos_v3/int_1000ms/v3_1000_00515.avi,triangle,square,34,35,data/videos_v3/int_1000ms/v3_1000_00515_soloa.avi,data/videos_v3/int_1000ms/v3_1000_00515_solob.avi,1.67,data/twin_v3/v3_1000_00515.avi
True,376,293,212,238,335,yellow,green,"(-1, -1)","(1, -1)",37,67,data/videos_v3/int_1000ms/v3_1000_00516_flip.avi,30,30,1,1000,63,52,1.26,109,a,data/videos_v3/int_1000ms/v3_1000_00516.avi,triangle,square,36,47,data/videos_v3/int_1000ms/v3_1000_00516_soloa.avi,data/videos_v3/int_1000ms/v3_1000_00516_solob.avi,1.39,data/twin_v3/v3_1000_00516.avi
False,379,219,205,370,157,blue,green,"(0, 1)","(1, -1)",22,52,data/videos_v3/int_1000ms/v3_1000_00517_flip.avi,30,30,1,1000,49,52,0.74,99,b,data/videos_v3/int_1000ms/v3_1000_00517.avi,triangle,square,43,44,data/videos_v3/int_1000ms/v3_1000_00517_soloa.avi,data/videos_v3/int_1000ms/v3_1000_00517_solob.avi,1.57,data/twin_v3/v3_1000_00517.avi
False,368,124,205,272,126,blue,yellow,"(1, 0)","(-1, -1)",32,62,data/videos_v3/int_1000ms/v3_1000_00518_flip.avi,30,30,0,1000,53,64,1.08,110,a,data/videos_v3/int_1000ms/v3_1000_00518.avi,circle,triangle,42,35,data/videos_v3/int_1000ms/v3_1000_00518_soloa.avi,data/videos_v3/int_1000ms/v3_1000_00518_solob.avi,1.59,data/twin_v3/v3_1000_00518.avi
False,197,135,212,339,163,magenta,red,"(1, -1)","(0, 1)",31,61,data/videos_v3/int_1000ms/v3_1000_00519_flip.avi,30,30,0,1000,51,69,1.05,108,a,data/videos_v3/int_1000ms/v3_1000_00519.avi,triangle,circle,46,37,data/videos_v3/int_1000ms/v3_1000_00519_soloa.avi,data/videos_v3/int_1000ms/v3_1000_00519_solob.avi,1.57,data/twin_v3/v3_1000_00519.avi
True,105,247,205,330,418,magenta,red,"(1, 0)","(1, -1)",36,66,,30,30,0,1000,45,72,1.21,103,b,data/videos_v3/int_1000ms/v3_1000_00520.avi,square,triangle,46,47,,,1.25,
True,358,136,220,162,107,yellow,cyan,"(1, -1)","(1, 1)",37,67,,30,30,0,1000,63,69,1.25,113,b,data/videos_v3/int_1000ms/v3_1000_00521.avi,circle,square,47,44,,,1.54,
False,235,175,205,230,264,green,red,"(1, 0)","(0, 1)",31,61,,30,30,1,1000,50,61,1.05,105,b,data/videos_v3/int_1000ms/v3_1000_00522.avi,triangle,circle,41,43,,,1.45,
False,354,271,228,230,208,blue,red,"(-1, -1)","(1, 1)",36,66,,30,30,1,1000,70,73,1.23,117,b,data/videos_v3/int_1000ms/v3_1000_00523.avi,circle,circle,34,41,,,1.7,
True,112,178,228,298,137,cyan,magenta,"(-1, 0)","(0, 1)",28,58,,30,30,0,1000,52,69,0.95,110,b,data/videos_v3/int_1000ms/v3_1000_00524.avi,triangle,square,44,40,,,1.74,
True,144,388,205,296,395,yellow,cyan,"(-1, 0)","(1, -1)",21,51,,30,30,1,1000,62,66,0.72,92,a,data/videos_v3/int_1000ms/v3_1000_00525.avi,circle,circle,41,48,,,1.38,
False,158,125,205,218,322,blue,red,"(1, -1)","(-1, 0)",28,58,,30,30,1,1000,50,53,0.95,104,b,data/videos_v3/int_1000ms/v3_1000_00526.avi,square,circle,40,48,,,1.52,
True,379,348,228,92,368,magenta,green,"(-1, 0)","(1, -1)",33,63,,30,30,1,1000,72,75,1.12,115,a,data/videos_v3/int_1000ms/v3_1000_00527.avi,triangle,square,44,38,,,1.73,
False,354,223,228,196,70,green,yellow,"(1, -1)","(1, 0)",37,67,,30,30,1,1000,65,73,1.26,114,b,data/videos_v3/int_1000ms/v3_1000_00528.avi,circle,square,48,46,,,1.56,
False,198,350,205,100,347,green,red,"(1, 1)","(-1, 0)",27,57,,30,30,0,1000,70,69,0.92,103,a,data/videos_v3/int_1000ms/v3_1000_00529.avi,square,square,50,34,,,1.52,
True,267,327,212,386,167,red,green,"(-1, -1)","(-1, 0)",24,54,,30,30,0,1000,52,50,0.82,96,b,data/videos_v3/int_1000ms/v3_1000_00530.avi,circle,triangle,46,47,,,1.4,
False,177,111,228,231,145,cyan,red,"(0, -1)","(1, 1)",34,64,,30,30,0,1000,53,69,1.16,102,a,data/videos_v3/int_1000ms/v3_1000_00531.avi,triangle,circle,35,48,,,1.27,
False,256,122,212,289,366,yellow,cyan,"(1, 0)","(-1, 1)",24,54,,30,30,1,1000,69,58,0.8,96,b,data/videos_v3/int_1000ms/v3_1000_00532.avi,square,square,48,35,,,1.41,
False,86,204,205,348,192,red,yellow,"(1, 0)","(1, 0)",33,63,,30,30,0,1000,57,58,1.13,105,a,data/videos_v3/int_1000ms/v3_1000_00533.avi,circle,triangle,40,42,,,1.37,
True,140,343,220,263,400,magenta,blue,"(0, 1)","(1, -1)",33,63,,30,30,1,1000,50,75,1.12,109,a,data/videos_v3/int_1000ms/v3_1000_00534.avi,square,triangle,43,34,,,1.54,
False,243,352,220,118,235,magenta,cyan,"(1, -1)","(0, 1)",36,66,,30,30,0,1000,51,70,1.21,112,a,data/videos_v3/int_1000ms/v3_1000_00535.avi,triangle,square,42,48,,,1.55,
True,136,417,220,332,254,magenta,blue,"(1, 0)","(1, -1)",33,63,,30,30,0,1000,60,73,1.12,113,b,data/videos_v3/int_1000ms/v3_1000_00536.avi,circle,circle,41,45,,,1.66,
False,309,336,220,240,97,red,blue,"(-1, 1)","(0, 1)",39,69,,30,30,1,1000,46,64,1.3,121,b,data/videos_v3/int_1000ms/v3_1000_00537.avi,circle,triangle,34,39,,,1.75,
False,106,334,220,326,79,magenta,green,"(1, -1)","(1, 0)",24,54,,30,30,0,1000,57,67,0.83,105,a,data/videos_v3/int_1000ms/v3_1000_00538.avi,triangle,triangle,36,44,,,1.7,
True,93,220,212,267,304,cyan,red,"(-1, 0)","(1, -1)",24,54,,30,30,1,1000,59,70,0.8,99,a,data/videos_v3/int_1000ms/v3_1000_00539.avi,square,triangle,40,47,,,1.52,
False,320,394,228,301,184,magenta,blue,"(1, 0)","(0, 1)",27,57,,30,30,0,1000,69,61,0.92,97,a,data/videos_v3/int_1000ms/v3_1000_00540.avi,square,triangle,49,43,,,1.33,
False,106,214,205,347,194,magenta,green,"(-1, -1)","(1, -1)",33,63,,30,30,1,1000,48,60,1.13,116,b,data/videos_v3/int_1000ms/v3_1000_00541.avi,circle,triangle,43,38,,,1.74,
False,163,251,212,299,193,cyan,yellow,"(-1, 1)","(0, -1)",31,61,,30,30,1,1000,60,50,1.06,104,b,data/videos_v3/int_1000ms/v3_1000_00542.avi,square,square,38,46,,,1.43,
True,347,69,220,159,231,red,magenta,"(-1, 1)","(1, -1)",39,69,,30,30,0,1000,57,70,1.3,113,b,data/videos_v3/int_1000ms/v3_1000_00543.avi,square,triangle,46,46,,,1.49,
True,166,338,228,126,178,magenta,green,"(-1, 0)","(0, 1)",29,59,,30,30,0,1000,57,75,0.99,102,b,data/videos_v3/int_1000ms/v3_1000_00544.avi,triangle,circle,38,45,,,1.42,
False,376,110,220,188,83,yellow,magenta,"(1, 0)","(-1, 0)",27,57,,30,30,0,1000,46,73,0.9,102,a,data/videos_v3/int_1000ms/v3_1000_00545.avi,square,circle,37,43,,,1.52,
True,68,273,220,262,84,yellow,green,"(0, -1)","(1, 1)",31,61,,30,30,0,1000,64,63,1.05,100,b,data/videos_v3/int_1000ms/v3_1000_00546.avi,circle,triangle,48,44,,,1.31,
True,154,346,212,340,110,green,magenta,"(1, -1)","(1, 1)",24,54,,30,30,1,1000,47,63,0.83,108,a,data/videos_v3/int_1000ms/v3_1000_00547.avi,triangle,circle,49,47,,,1.79,
False,61,327,228,389,343,yellow,magenta,"(1, 0)","(-1, 0)",35,65,,30,30,1,1000,68,74,1.18,116,b,data/videos_v3/int_1000ms/v3_1000_00548.avi,circle,circle,48,44,,,1.69,
False,374,369,212,273,232,cyan,blue,"(0, 1)","(-1, -1)",29,59,,30,30,1,1000,56,71,0.97,111,b,data/videos_v3/int_1000ms/v3_1000_00549.avi,circle,triangle,37,34,,,1.76,
False,188,373,228,397,214,red,yellow,"(1, 1)","(-1, 1)",23,53,,30,30,1,1000,62,61,0.78,93,b,data/videos_v3/int_1000ms/v3_1000_00550.avi,square,triangle,49,45,,,1.35,
True,99,92,228,385,289,green,red,"(-1, 1)","(-1, 0)",23,53,,30,30,0,1000,56,65,0.79,93,b,data/videos_v3/int_1000ms/v3_1000_00551.avi,triangle,triangle,39,41,,,1.32,
False,258,214,212,69,385,magenta,green,"(-1, 0)","(1, 0)",26,56,,30,30,1,1000,45,48,0.88,93,b,data/videos_v3/int_1000ms/v3_1000_00552.avi,triangle,square,43,36,,,1.23,
True,247,216,228,297,186,magenta,blue,"(-1, 1)","(1, -1)",31,61,,30,30,0,1000,64,55,1.04,112,b,data/videos_v3/int_1000ms/v3_1000_00553.avi,triangle,square,48,35,,,1.7,
True,261,385,205,239,325,red,blue,"(1, -1)","(-1, -1)",30,60,,30,30,0,1000,63,56,1.02,106,b,data/videos_v3/int_1000ms/v3_1000_00554.avi,triangle,triangle,42,37,,,1.54,
True,274,370,212,165,177,cyan,blue,"(-1, -1)","(-1, 1)",24,54,,30,30,1,1000,46,55,0.8,99,a,data/videos_v3/int_1000ms/v3_1000_00555.avi,circle,triangle,49,34,,,1.51,
True,189,348,205,365,185,green,cyan,"(-1, 0)","(1, 1)",37,67,,30,30,0,1000,69,70,1.26,117,b,data/videos_v3/int_1000ms/v3_1000_00556.avi,circle,square,42,44,,,1.67,
True,250,363,220,275,233,blue,green,"(1, 0)","(-1, -1)",32,62,,30,30,1,1000,49,72,1.08,110,a,data/videos_v3/int_1000ms/v3_1000_00557.avi,square,circle,50,44,,,1.59,
True,201,335,228,81,67,red,blue,"(1, 1)","(1, 0)",21,51,,30,30,1,1000,70,75,0.72,105,a,data/videos_v3/int_1000ms/v3_1000_00558.avi,triangle,triangle,44,36,,,1.79,
False,75,301,228,177,410,cyan,magenta,"(1, 0)","(-1, 0)",33,63,,30,30,1,1000,51,55,1.13,102,b,data/videos_v3/int_1000ms/v3_1000_00559.avi,triangle,square,50,42,,,1.29,
True,367,226,228,90,147,red,yellow,"(-1, -1)","(0, -1)",24,54,,30,30,1,1000,61,51,0.82,107,a,data/videos_v3/int_1000ms/v3_1000_00560.avi,circle,square,37,48,,,1.75,
True,383,187,220,362,268,red,blue,"(-1, -1)","(-1, -1)",29,59,,30,30,1,1000,68,45,0.98,96,a,data/videos_v3/int_1000ms/v3_1000_00561.avi,square,circle,40,39,,,1.25,
False,371,318,212,88,220,magenta,yellow,"(-1, 1)","(-1, -1)",30,60,,30,30,0,1000,74,49,1.03,103,a,data/videos_v3/int_1000ms/v3_1000_00562.avi,square,triangle,42,39,,,1.41,
True,145,189,220,266,75,blue,yellow,"(1, -1)","(1, 0)",32,62,,30,30,0,1000,50,66,1.09,103,b,data/videos_v3/int_1000ms/v3_1000_00563.avi,square,square,34,48,,,1.36,
True,163,210,220,264,385,cyan,yellow,"(0, 1)","(-1, 0)",28,58,,30,30,0,1000,71,47,0.96,95,b,data/videos_v3/int_1000ms/v3_1000_00564.avi,square,circle,39,46,,,1.22,
True,250,299,205,174,312,magenta,blue,"(1, 0)","(0, 1)",30,60,,30,30,0,1000,56,65,1.01,99,b,data/videos_v3/int_1000ms/v3_1000_00565.avi,circle,square,50,40,,,1.29,
True,373,241,205,286,319,cyan,yellow,"(0, 1)","(-1, -1)",27,57,,30,30,1,1000,66,75,0.91,95,a,data/videos_v3/int_1000ms/v3_1000_00566.avi,square,square,47,43,,,1.28,
True,184,318,212,303,65,green,blue,"(1, -1)","(1, 0)",38,68,,30,30,1,1000,62,52,1.27,117,a,data/videos_v3/int_1000ms/v3_1000_00567.avi,triangle,circle,42,34,,,1.64,
True,230,147,228,256,342,blue,green,"(-1, 1)","(-1, 1)",23,53,,30,30,1,1000,70,55,0.78,105,a,data/videos_v3/int_1000ms/v3_1000_00568.avi,circle,circle,38,38,,,1.73,
False,182,375,228,126,416,green,blue,"(0, 1)","(-1, -1)",37,67,,30,30,1,1000,67,68,1.26,116,b,data/videos_v3/int_1000ms/v3_1000_00569.avi,square,circle,49,41,,,1.63,
True,237,374,228,223,187,cyan,yellow,"(0, 1)","(1, 1)",30,60,,30,30,1,1000,47,74,1.03,106,a,data/videos_v3/int_1000ms/v3_1000_00570.avi,square,triangle,41,36,,,1.51,
False,378,201,228,285,137,yellow,blue,"(0, -1)","(-1, 1)",26,56,,30,30,0,1000,66,54,0.89,106,a,data/videos_v3/int_1000ms/v3_1000_00571.avi,triangle,circle,36,43,,,1.66,
False,288,273,212,360,115,magenta,cyan,"(1, -1)","(0, -1)",24,54,,30,30,0,1000,71,64,0.82,94,a,data/videos_v3/int_1000ms/v3_1000_00572.avi,triangle,square,48,39,,,1.32,
False,250,154,220,176,363,cyan,magenta,"(1, -1)","(1, -1)",31,61,,30,30,0,1000,55,51,1.06,101,a,data/videos_v3/int_1000ms/v3_1000_00573.avi,triangle,circle,48,50,,,1.32,
False,199,270,220,341,144,green,magenta,"(0, -1)","(1, -1)",33,63,,30,30,0,1000,74,64,1.11,115,a,data/videos_v3/int_1000ms/v3_1000_00574.avi,square,circle,38,47,,,1.73,
False,337,372,212,321,255,magenta,green,"(0, -1)","(-1, 0)",24,54,,30,30,1,1000,60,61,0.8,99,b,data/videos_v3/int_1000ms/v3_1000_00575.avi,square,circle,41,43,,,1.52,
True,206,231,212,221,395,yellow,cyan,"(-1, 1)","(1, 0)",24,54,,30,30,0,1000,73,74,0.8,105,b,data/videos_v3/int_1000ms/v3_1000_00576.avi,circle,circle,34,34,,,1.72,
True,213,416,220,89,186,blue,green,"(-1, 0)","(1, 0)",31,61,,30,30,0,1000,65,46,1.06,100,b,data/videos_v3/int_1000ms/v3_1000_00577.avi,square,circle,34,38,,,1.3,
True,191,305,205,150,152,green,blue,"(-1, -1)","(1, 1)",37,67,,30,30,1,1000,68,48,1.26,109,a,data/videos_v3/int_1000ms/v3_1000_00578.avi,circle,circle,44,43,,,1.38,
True,86,145,212,143,350,green,cyan,"(1, -1)","(-1, 0)",28,58,,30,30,0,1000,54,71,0.96,111,b,data/videos_v3/int_1000ms/v3_1000_00579.avi,circle,square,44,46,,,1.74,
False,260,217,205,317,109,blue,yellow,"(1, 0)","(0, 1)",31,61,,30,30,0,1000,50,55,1.05,108,a,data/videos_v3/int_1000ms/v3_1000_00580.avi,triangle,circle,47,34,,,1.56,
True,293,80,212,176,390,yellow,cyan,"(0, 1)","(0, -1)",38,68,,30,30,1,1000,68,69,1.28,109,a,data/videos_v3/int_1000ms/v3_1000_00581.avi,square,triangle,37,39,,,1.37,
False,132,329,205,251,319,yellow,red,"(-1, 1)","(1, -1)",29,59,,30,30,1,1000,73,48,0.98,102,b,data/videos_v3/int_1000ms/v3_1000_00582.avi,square,circle,37,48,,,1.44,
True,176,134,205,402,167,cyan,magenta,"(1, 1)","(0, -1)",32,62,,30,30,1,1000,60,66,1.09,103,a,data/videos_v3/int_1000ms/v3_1000_00583.avi,triangle,square,36,42,,,1.36,
True,325,167,228,414,117,green,magenta,"(-1, 1)","(-1, -1)",35,65,,30,30,1,1000,51,52,1.18,111,a,data/videos_v3/int_1000ms/v3_1000_00584.avi,circle,circle,40,48,,,1.55,
True,393,355,228,387,413,green,cyan,"(-1, 0)","(1, 0)",26,56,,30,30,1,1000,58,56,0.88,95,a,data/videos_v3/int_1000ms/v3_1000_00585.avi,square,circle,38,35,,,1.3,
False,399,219,228,160,78,red,cyan,"(0, -1)","(-1, 0)",32,62,,30,30,1,1000,56,73,1.09,114,b,data/videos_v3/int_1000ms/v3_1000_00586.avi,triangle,square,43,41,,,1.74,
True,126,364,205,178,242,blue,red,"(1, 1)","(1, 1)",25,55,,30,30,1,1000,56,59,0.84,100,a,data/videos_v3/int_1000ms/v3_1000_00587.avi,triangle,circle,38,38,,,1.5,
False,375,266,212,110,417,cyan,yellow,"(-1, 0)","(1, 0)",30,60,,30,30,1,1000,48,54,1.02,103,b,data/videos_v3/int_1000ms/v3_1000_00588.avi,triangle,circle,40,39,,,1.44,
True,144,230,228,337,231,magenta,yellow,"(-1, -1)","(1, 1)",22,52,,30,30,0,1000,51,64,0.74,93,b,data/videos_v3/int_1000ms/v3_1000_00589.avi,square,circle,43,34,,,1.37,
True,306,130,228,231,333,green,blue,"(0, 1)","(1, 1)",27,57,,30,30,1,1000,49,55,0.93,110,a,data/videos_v3/int_1000ms/v3_1000_00590.avi,square,square,36,44,,,1.74,
True,132,184,220,374,226,green,red,"(0, 1)","(0, 1)",25,55,,30,30,0,1000,65,59,0.84,107,b,data/videos_v3/int_1000ms/v3_1000_00591.avi,triangle,circle,34,40,,,1.76,
False,275,160,220,322,289,blue,yellow,"(1, 0)","(1, 0)",25,55,,30,30,0,1000,71,65,0.85,102,a,data/videos_v3/int_1000ms/v3_1000_00592.avi,square,circle,46,43,,,1.58,
False,204,293,205,414,143,blue,red,"(1, -1)","(-1, -1)",36,66,,30,30,0,1000,47,64,1.2,116,a,data/videos_v3/int_1000ms/v3_1000_00593.avi,square,square,46,39,,,1.68,
False,346,238,228,209,351,yellow,green,"(1, 1)","(1, 1)",32,62,,30,30,0,1000,45,47,1.07,99,a,data/videos_v3/int_1000ms/v3_1000_00594.avi,circle,triangle,50,34,,,1.23,
False,315,84,228,235,397,yellow,blue,"(1, 1)","(0, -1)",23,53,,30,30,0,1000,48,48,0.78,90,a,data/videos_v3/int_1000ms/v3_1000_00595.avi,triangle,circle,41,34,,,1.23,
False,239,347,205,184,84,blue,cyan,"(1, -1)","(-1, 0)",34,64,,30,30,0,1000,49,54,1.14,114,a,data/videos_v3/int_1000ms/v3_1000_00596.avi,triangle,circle,43,45,,,1.67,
False,132,346,212,344,332,red,blue,"(1, 0)","(-1, 0)",22,52,,30,30,1,1000,62,53,0.76,90,b,data/videos_v3/int_1000ms/v3_1000_00597.avi,circle,triangle,37,48,,,1.26,
True,95,347,228,300,356,red,blue,"(1, -1)","(1, 1)",32,62,,30,30,0,1000,70,50,1.08,108,b,data/videos_v3/int_1000ms/v3_1000_00598.avi,triangle,square,35,39,,,1.54,
False,76,154,220,208,246,yellow,magenta,"(0, 1)","(-1, 0)",38,68,,30,30,0,1000,60,55,1.29,108,a,data/videos_v3/int_1000ms/v3_1000_00599.avi,triangle,triangle,34,38,,,1.34,
False,153,368,220,354,108,green,cyan,"(1, 0)","(-1, 1)",36,81,data/videos_v3/int_1500ms/v3_1500_00600_flip.avi,30,45,0,1500,54,49,1.2,117,a,data/videos_v3/int_1500ms/v3_1500_00600.avi,triangle,circle,40,38,data/videos_v3/int_1500ms/v3_1500_00600_soloa.avi,data/videos_v3/int_1500ms/v3_1500_00600_solob.avi,1.22,data/twin_v3/v3_1500_00600.avi
False,149,316,220,317,132,yellow,cyan,"(1, -1)","(0, 1)",29,74,data/videos_v3/int_1500ms/v3_1500_00601_flip.avi,30,45,1,1500,52,47,0.98,122,b,data/videos_v3/int_1500ms/v3_1500_00601.avi,triangle,square,44,38,data/videos_v3/int_1500ms/v3_1500_00601_soloa.avi,data/videos_v3/int_1500ms/v3_1500_00601_solob.avi,1.61,data/twin_v3/v3_1500_00601.avi
True,219,314,205,183,154,red,blue,"(-1, 1)","(-1, 0)",33,78,data/videos_v3/int_1500ms/v3_1500_00602_flip.avi,30,45,1,1500,52,62,1.11,124,a,data/videos_v3/int_1500ms/v3_1500_00602.avi,circle,square,34,38,data/videos_v3/int_1500ms/v3_1500_00602_soloa.avi,data/videos_v3/int_1500ms/v3_1500_00602_solob.avi,1.54,data/twin_v3/v3_1500_00602.avi
False,170,87,220,413,301,blue,red,"(-1, 0)","(0, 1)",24,69,data/videos_v3/int_1500ms/v3_1500_00603_flip.avi,30,45,1,1500,53,68,0.83,105,b,data/videos_v3/int_1500ms/v3_1500_00603.avi,circle,circle,34,45,data/videos_v3/int_1500ms/v3_1500_00603_soloa.avi,data/videos_v3/int_1500ms/v3_1500_00603_solob.avi,1.2,data/twin_v3/v3_1500_00603.avi
True,316,314,205,203,342,yellow,green,"(-1, -1)","(0, 1)",37,82,data/videos_v3/int_1500ms/v3_1500_00604_flip.avi,30,45,1,1500,72,68,1.25,120,a,data/videos_v3/int_1500ms/v3_1500_00604.avi,square,triangle,34,37,data/videos_v3/int_1500ms/v3_1500_00604_soloa.avi,data/videos_v3/int_1500ms/v3_1500_00604_solob.avi,1.28,data/twin_v3/v3_1500_00604.avi
False,326,299,220,267,65,blue,red,"(0, -1)","(0, 1)",32,77,data/videos_v3/int_1500ms/v3_1500_00605_flip.avi,30,45,0,1500,72,63,1.07,127,a,data/videos_v3/int_1500ms/v3_1500_00605.avi,circle,circle,36,43,data/videos_v3/int_1500ms/v3_1500_00605_soloa.avi,data/videos_v3/int_1500ms/v3_1500_00605_solob.avi,1.67,data/twin_v3/v3_1500_00605.avi
True,390,264,205,253,133,blue,magenta,"(-1, 1)","(1, 0)",37,82,data/videos_v3/int_1500ms/v3_1500_00606_flip.avi,30,45,0,1500,52,47,1.26,122,b,data/videos_v3/int_1500ms/v3_1500_00606.avi,circle,square,50,34,data/videos_v3/int_1500ms/v3_1500_00606_soloa.avi,data/videos_v3/int_1500ms/v3_1500_00606_solob.avi,1.31,data/twin_v3/v3_1500_00606.avi
False,309,107,220,267,344,yellow,red,"(1, 0)","(0, 1)",32,77,data/videos_v3/int_1500ms/v3_1500_00607_flip.avi,30,45,1,1500,48,56,1.08,120,b,data/videos_v3/int_1500ms/v3_1500_00607.avi,triangle,circle,44,36,data/videos_v3/int_1500ms/v3_1500_00607_soloa.avi,data/videos_v3/int_1500ms/v3_1500_00607_solob.avi,1.45,data/twin_v3/v3_1500_00607.avi
False,226,117,205,227,349,green,blue,"(-1, 1)","(1, -1)",38,83,data/videos_v3/int_1500ms/v3_1500_00608_flip.avi,30,45,0,1500,51,47,1.27,129,a,data/videos_v3/int_1500ms/v3_1500_00608.avi,circle,square,35,47,data/videos_v3/int_1500ms/v3_1500_00608_soloa.avi,data/videos_v3/int_1500ms/v3_1500_00608_solob.avi,1.56,data/twin_v3/v3_1500_00608.avi
True,339,401,228,64,262,green,red,"(0, -1)","(1, 0)",21,66,data/videos_v3/int_1500ms/v3_1500_00609_flip.avi,30,45,0,1500,69,60,0.71,111,b,data/videos_v3/int_1500ms/v3_1500_00609.avi,circle,circle,47,50,data/videos_v3/int_1500ms/v3_1500_00609_soloa.avi,data/videos_v3/int_1500ms/v3_1500_00609_solob.avi,1.49,data/twin_v3/v3_1500_00609.avi
True,180,200,220,330,190,red,cyan,"(1, 1)","(-1, -1)",29,74,data/videos_v3/int_1500ms/v3_1500_00610_flip.avi,30,45,1,1500,74,48,0.97,122,a,data/videos_v3/int_1500ms/v3_1500_00610.avi,circle,square,46,35,data/videos_v3/int_1500ms/v3_1500_00610_soloa.avi,data/videos_v3/int_1500ms/v3_1500_00610_solob.avi,1.63,data/twin_v3/v3_1500_00610.avi
True,222,300,205,331,185,blue,yellow,"(1, 0)","(-1, -1)",26,71,data/videos_v3/int_1500ms/v3_1500_00611_flip.avi,30,45,0,1500,67,51,0.88,121,b,data/videos_v3/int_1500ms/v3_1500_00611.avi,square,square,42,36,data/videos_v3/int_1500ms/v3_1500_00611_soloa.avi,data/videos_v3/int_1500ms/v3_1500_00611_solob.avi,1.67,data/twin_v3/v3_1500_00611.avi
True,346,204,212,150,220,yellow,green,"(-1, 0)","(1, 0)",25,70,data/videos_v3/int_1500ms/v3_1500_00612_flip.avi,30,45,0,1500,45,60,0.85,121,b,data/videos_v3/int_1500ms/v3_1500_00612.avi,circle,circle,49,37,data/videos_v3/int_1500ms/v3_1500_00612_soloa.avi,data/videos_v3/int_1500ms/v3_1500_00612_solob.avi,1.71,data/twin_v3/v3_1500_00612.avi
False,326,363,205,154,382,blue,yellow,"(-1, 1)","(0, 1)",33,78,data/videos_v3/int_1500ms/v3_1500_00613_flip.avi,30,45,0,1500,60,46,1.13,129,a,data/videos_v3/int_1500ms/v3_1500_00613.avi,triangle,circle,49,44,data/videos_v3/int_1500ms/v3_1500_00613_soloa.avi,data/videos_v3/int_1500ms/v3_1500_00613_solob.avi,1.69,data/twin_v3/v3_1500_00613.avi
False,313,401,205,333,336,cyan,red,"(1, -1)","(-1, -1)",22,67,data/videos_v3/int_1500ms/v3_1500_00614_flip.avi,30,45,1,1500,69,72,0.75,111,b,data/videos_v3/int_1500ms/v3_1500_00614.avi,square,triangle,44,34,data/videos_v3/int_1500ms/v3_1500_00614_soloa.avi,data/videos_v3/int_1500ms/v3_1500_00614_solob.avi,1.46,data/twin_v3/v3_1500_00614.avi
True,338,171,205,219,302,magenta,green,"(-1, 1)","(-1, 1)",27,72,data/videos_v3/int_1500ms/v3_1500_00615_flip.avi,30,45,1,1500,74,64,0.91,125,a,data/videos_v3/int_1500ms/v3_1500_00615.avi,triangle,triangle,47,50,data/videos_v3/int_1500ms/v3_1500_00615_soloa.avi,data/videos_v3/int_1500ms/v3_1500_00615_solob.avi,1.76,data/twin_v3/v3_1500_00615.avi
True,244,334,205,342,210,magenta,red,"(1, -1)","(1, 1)",23,68,data/videos_v3/int_1500ms/v3_1500_00616_flip.avi,30,45,0,1500,59,60,0.77,115,b,data/videos_v3/int_1500ms/v3_1500_00616.avi,triangle,triangle,45,38,data/videos_v3/int_1500ms/v3_1500_00616_soloa.avi,data/videos_v3/int_1500ms/v3_1500_00616_solob.avi,1.58,data/twin_v3/v3_1500_00616.avi
False,139,264,220,376,397,cyan,magenta,"(1, -1)","(-1, 0)",34,79,data/videos_v3/int_1500ms/v3_1500_00617_flip.avi,30,45,0,1500,52,58,1.16,128,a,data/videos_v3/int_1500ms/v3_1500_00617.avi,triangle,square,50,40,data/videos_v3/int_1500ms/v3_1500_00617_soloa.avi,data/videos_v3/int_1500ms/v3_1500_00617_solob.avi,1.63,data/twin_v3/v3_1500_00617.avi
False,134,211,212,365,417,cyan,yellow,"(-1, -1)","(1, -1)",28,73,data/videos_v3/int_1500ms/v3_1500_00618_flip.avi,30,45,1,1500,50,73,0.95,115,b,data/videos_v3/int_1500ms/v3_1500_00618.avi,square,square,49,38,data/videos_v3/int_1500ms/v3_1500_00618_soloa.avi,data/videos_v3/int_1500ms/v3_1500_00618_solob.avi,1.4,data/twin_v3/v3_1500_00618.avi
False,377,65,212,105,222,magenta,red,"(1, 1)","(0, -1)",38,83,data/videos_v3/int_1500ms/v3_1500_00619_flip.avi,30,45,1,1500,58,69,1.28,121,b,data/videos_v3/int_1500ms/v3_1500_00619.avi,circle,triangle,42,47,data/videos_v3/int_1500ms/v3_1500_00619_soloa.avi,data/videos_v3/int_1500ms/v3_1500_00619_solob.avi,1.27,data/twin_v3/v3_1500_00619.avi
False,246,77,205,329,159,red,cyan,"(1, 0)","(0, 1)",36,81,,30,45,0,1500,68,60,1.23,126,a,data/videos_v3/int_1500ms/v3_1500_00620.avi,square,square,49,48,,,1.47,
False,225,177,212,165,193,cyan,red,"(1, -1)","(-1, 1)",24,69,,30,45,0,1500,70,67,0.83,120,a,data/videos_v3/int_1500ms/v3_1500_00621.avi,triangle,square,35,37,,,1.69,
False,70,361,228,332,305,green,magenta,"(0, -1)","(1, -1)",33,78,,30,45,1,1500,52,61,1.1,125,b,data/videos_v3/int_1500ms/v3_1500_00622.avi,square,square,38,41,,,1.57,
False,334,278,228,120,87,yellow,red,"(-1, 0)","(1, 0)",30,75,,30,45,1,1500,66,51,1.0,117,b,data/videos_v3/int_1500ms/v3_1500_00623.avi,square,triangle,46,38,,,1.4,
True,413,413,205,233,168,cyan,blue,"(-1, -1)","(-1, 1)",29,74,,30,45,1,1500,47,46,0.99,120,a,data/videos_v3/int_1500ms/v3_1500_00624.avi,triangle,triangle,43,44,,,1.54,
False,367,186,212,372,277,yellow,red,"(-1, 1)","(1, -1)",27,72,,30,45,1,1500,63,66,0.9,117,b,data/videos_v3/int_1500ms/v3_1500_00625.avi,square,square,42,48,,,1.51,
True,229,162,205,290,106,red,cyan,"(1, 0)","(1, 0)",36,81,,30,45,1,1500,65,73,1.23,123,a,data/videos_v3/int_1500ms/v3_1500_00626.avi,triangle,square,45,37,,,1.38,
True,323,367,220,130,97,yellow,blue,"(0, 1)","(1, -1)",27,72,,30,45,0,1500,54,51,0.91,126,b,data/videos_v3/int_1500ms/v3_1500_00627.avi,square,circle,40,47,,,1.79,
False,165,245,205,253,155,cyan,magenta,"(0, -1)","(1, -1)",21,66,,30,45,1,1500,73,53,0.73,109,b,data/videos_v3/int_1500ms/v3_1500_00628.avi,triangle,square,47,37,,,1.42,
False,307,93,212,105,113,green,yellow,"(0, 1)","(1, 0)",29,74,,30,45,1,1500,52,58,0.98,113,b,data/videos_v3/int_1500ms/v3_1500_00629.avi,square,triangle,45,46,,,1.31,
False,143,87,220,346,241,cyan,blue,"(1, -1)","(1, 0)",28,73,,30,45,0,1500,56,58,0.95,124,a,data/videos_v3/int_1500ms/v3_1500_00630.avi,triangle,square,34,46,,,1.69,
True,280,415,212,234,123,green,yellow,"(1, 0)","(1, -1)",25,70,,30,45,1,1500,65,47,0.85,109,a,data/videos_v3/int_1500ms/v3_1500_00631.avi,circle,square,45,45,,,1.31,
True,384,340,212,108,113,green,red,"(-1, -1)","(1, 0)",32,77,,30,45,1,1500,51,53,1.08,125,a,data/videos_v3/int_1500ms/v3_1500_00632.avi,circle,triangle,49,43,,,1.6,
True,300,245,220,126,272,magenta,red,"(1, 0)","(1, -1)",26,71,,30,45,1,1500,58,66,0.89,122,a,data/videos_v3/int_1500ms/v3_1500_00633.avi,square,circle,50,48,,,1.7,
False,350,76,220,181,249,yellow,cyan,"(-1, 1)","(0, 1)",21,66,,30,45,0,1500,66,49,0.7,111,a,data/videos_v3/int_1500ms/v3_1500_00634.avi,circle,triangle,34,34,,,1.53,
True,100,280,212,391,347,red,cyan,"(1, -1)","(-1, 1)",36,81,,30,45,0,1500,57,51,1.22,125,b,data/videos_v3/int_1500ms/v3_1500_00635.avi,square,triangle,43,38,,,1.46,
True,188,406,212,196,226,cyan,blue,"(1, -1)","(-1, -1)",29,74,,30,45,1,1500,50,48,0.98,124,a,data/videos_v3/int_1500ms/v3_1500_00636.avi,square,square,39,39,,,1.68,
False,406,338,205,291,185,cyan,green,"(-1, 1)","(1, 0)",22,67,,30,45,1,1500,54,48,0.76,118,b,data/videos_v3/int_1500ms/v3_1500_00637.avi,triangle,circle,49,44,,,1.7,
False,186,146,212,385,364,yellow,blue,"(0, 1)","(0, -1)",37,82,,30,45,0,1500,57,45,1.26,131,a,data/videos_v3/int_1500ms/v3_1500_00638.avi,triangle,square,49,48,,,1.62,
True,92,321,205,353,316,yellow,cyan,"(-1, 1)","(1, 0)",21,66,,30,45,1,1500,51,59,0.7,111,a,data/videos_v3/int_1500ms/v3_1500_00639.avi,triangle,circle,45,49,,,1.5,
True,96,355,212,107,134,blue,yellow,"(-1, 1)","(0, -1)",27,72,,30,45,1,1500,56,63,0.9,113,a,data/videos_v3/int_1500ms/v3_1500_00640.avi,circle,triangle,50,42,,,1.39,
True,264,246,220,363,348,red,green,"(0, -1)","(1, 0)",34,79,,30,45,1,1500,65,73,1.16,116,a,data/videos_v3/int_1500ms/v3_1500_00641.avi,circle,circle,37,42,,,1.21,
False,320,149,212,175,294,cyan,green,"(0, 1)","(-1, 1)",22,67,,30,45,0,1500,69,70,0.74,110,a,data/videos_v3/int_1500ms/v3_1500_00642.avi,square,square,49,44,,,1.43,
False,311,177,212,60,371,cyan,yellow,"(1, -1)","(0, -1)",35,80,,30,45,0,1500,72,61,1.19,130,a,data/videos_v3/int_1500ms/v3_1500_00643.avi,triangle,circle,36,46,,,1.65,
False,223,306,205,81,145,cyan,green,"(-1, -1)","(1, 0)",25,70,,30,45,1,1500,70,57,0.86,109,b,data/videos_v3/int_1500ms/v3_1500_00644.avi,square,triangle,35,36,,,1.29,
False,66,183,212,287,356,blue,green,"(1, 0)","(-1, 0)",30,75,,30,45,0,1500,63,51,1.02,127,a,data/videos_v3/int_1500ms/v3_1500_00645.avi,triangle,triangle,38,46,,,1.74,
True,282,312,205,288,370,cyan,blue,"(1, 1)","(1, -1)",28,73,,30,45,0,1500,75,64,0.96,116,b,data/videos_v3/int_1500ms/v3_1500_00646.avi,circle,triangle,49,36,,,1.43,
False,214,251,212,378,233,green,blue,"(0, 1)","(0, 1)",28,73,,30,45,1,1500,49,75,0.95,110,b,data/videos_v3/int_1500ms/v3_1500_00647.avi,triangle,triangle,35,43,,,1.24,
True,133,228,205,177,133,cyan,yellow,"(-1, -1)","(-1, 0)",21,66,,30,45,0,1500,69,51,0.72,106,b,data/videos_v3/int_1500ms/v3_1500_00648.avi,circle,triangle,46,48,,,1.33,
True,352,167,212,134,94,cyan,yellow,"(-1, 1)","(-1, 0)",22,67,,30,45,0,1500,72,74,0.74,119,b,data/videos_v3/int_1500ms/v3_1500_00649.avi,square,triangle,37,44,,,1.73,
True,374,90,228,353,350,blue,red,"(1, 1)","(-1, 0)",22,67,,30,45,1,1500,62,48,0.75,107,a,data/videos_v3/int_1500ms/v3_1500_00650.avi,circle,circle,38,36,,,1.34,
True,227,215,220,285,316,cyan,red,"(-1, 0)","(-1, 1)",24,69,,30,45,1,1500,64,60,0.83,122,a,data/videos_v3/int_1500ms/v3_1500_00651.avi,triangle,triangle,50,48,,,1.76,
True,231,311,212,326,141,green,red,"(0, -1)","(0, 1)",25,70,,30,45,1,1500,69,62,0.86,113,a,data/videos_v3/int_1500ms/v3_1500_00652.avi,triangle,square,44,36,,,1.41,
False,330,279,205,328,212,blue,magenta,"(0, 1)","(-1, 0)",22,67,,30,45,1,1500,75,60,0.76,105,b,data/videos_v3/int_1500ms/v3_1500_00653.avi,circle,triangle,40,46,,,1.26,
False,325,178,205,404,109,magenta,cyan,"(-1, 0)","(-1, 0)",37,82,,30,45,1,1500,73,66,1.26,120,b,data/videos_v3/int_1500ms/v3_1500_00654.avi,circle,circle,44,41,,,1.26,
False,236,327,205,368,402,red,cyan,"(-1, 1)","(-1, -1)",31,76,,30,45,1,1500,48,47,1.04,126,b,data/videos_v3/int_1500ms/v3_1500_00655.avi,circle,circle,35,42,,,1.68,
False,217,86,205,396,121,yellow,magenta,"(0, 1)","(0, -1)",23,68,,30,45,1,1500,46,74,0.77,116,b,data/videos_v3/int_1500ms/v3_1500_00656.avi,square,circle,38,37,,,1.61,
False,245,361,205,274,170,yellow,red,"(0, 1)","(-1, -1)",30,75,,30,45,1,1500,55,54,1.0,116,b,data/videos_v3/int_1500ms/v3_1500_00657.avi,square,circle,35,48,,,1.39,
True,191,351,205,347,135,green,red,"(-1, 0)","(-1, 0)",22,67,,30,45,0,1500,69,68,0.76,111,b,data/videos_v3/int_1500ms/v3_1500_00658.avi,square,triangle,35,38,,,1.46,
True,145,183,220,306,193,red,green,"(1, 1)","(1, 1)",33,78,,30,45,1,1500,48,71,1.13,121,a,data/videos_v3/int_1500ms/v3_1500_00659.avi,circle,triangle,36,48,,,1.43,
False,158,325,228,197,91,cyan,green,"(1, 0)","(-1, 0)",30,75,,30,45,0,1500,69,70,1.02,119,a,data/videos_v3/int_1500ms/v3_1500_00660.avi,square,circle,35,49,,,1.45,
True,82,103,205,379,300,red,magenta,"(0, 1)","(1, -1)",29,74,,30,45,1,1500,56,53,0.98,117,a,data/videos_v3/int_1500ms/v3_1500_00661.avi,triangle,square,39,40,,,1.42,
True,244,121,212,315,405,cyan,blue,"(1, 1)","(1, 0)",25,70,,30,45,0,1500,61,65,0.86,109,b,data/videos_v3/int_1500ms/v3_1500_00662.avi,triangle,circle,50,39,,,1.29,
False,266,332,212,122,251,green,blue,"(0, -1)","(0, -1)",21,66,,30,45,0,1500,56,63,0.7,113,a,data/videos_v3/int_1500ms/v3_1500_00663.avi,circle,circle,50,35,,,1.59,
False,399,151,205,147,132,yellow,blue,"(-1, 0)","(0, 1)",29,74,,30,45,0,1500,51,62,0.98,127,a,data/videos_v3/int_1500ms/v3_1500_00664.avi,square,triangle,35,43,,,1.77,
True,156,333,205,91,220,magenta,red,"(1, 0)","(1, 0)",22,67,,30,45,1,1500,55,65,0.74,114,a,data/videos_v3/int_1500ms/v3_1500_00665.avi,circle,square,46,36,,,1.59,
True,342,161,205,284,128,magenta,cyan,"(-1, 1)","(1, -1)",22,67,,30,45,0,1500,58,70,0.74,107,b,data/videos_v3/int_1500ms/v3_1500_00666.avi,square,triangle,41,41,,,1.35,
True,64,108,220,130,95,blue,yellow,"(0, 1)","(1, 0)",29,74,,30,45,1,1500,46,46,0.97,111,a,data/videos_v3/int_1500ms/v3_1500_00667.avi,square,square,43,48,,,1.24,
False,129,250,212,413,258,cyan,red,"(-1, 0)","(-1, 0)",26,71,,30,45,1,1500,56,51,0.87,123,b,data/videos_v3/int_1500ms/v3_1500_00668.avi,triangle,circle,42,39,,,1.76,
False,408,332,212,322,121,red,blue,"(0, 1)","(1, 1)",25,70,,30,45,1,1500,58,58,0.86,111,b,data/videos_v3/int_1500ms/v3_1500_00669.avi,triangle,circle,50,45,,,1.37,
False,233,314,212,188,157,red,green,"(0, 1)","(0, -1)",33,78,,30,45,1,1500,58,74,1.11,123,b,data/videos_v3/int_1500ms/v3_1500_00670.avi,square,square,40,44,,,1.51,
True,368,372,228,246,345,green,yellow,"(0, -1)","(1, 0)",27,72,,30,45,0,1500,72,68,0.93,119,b,data/videos_v3/int_1500ms/v3_1500_00671.avi,triangle,circle,39,41,,,1.55,
False,165,282,220,97,366,green,red,"(0, 1)","(1, 1)",37,82,,30,45,0,1500,67,74,1.25,133,a,data/videos_v3/int_1500ms/v3_1500_00672.avi,square,square,43,50,,,1.71,
False,162,298,212,138,106,green,magenta,"(0, 1)","(0, 1)",30,75,,30,45,0,1500,59,72,1.02,119,a,data/videos_v3/int_1500ms/v3_1500_00673.avi,square,square,46,44,,,1.46,
True,203,155,212,216,300,blue,yellow,"(1, 1)","(1, 1)",31,76,,30,45,1,1500,72,64,1.04,123,a,data/videos_v3/int_1500ms/v3_1500_00674.avi,triangle,triangle,47,49,,,1.58,
True,203,375,220,150,261,magenta,blue,"(-1, 0)","(-1, 0)",31,76,,30,45,0,1500,53,61,1.05,123,b,data/videos_v3/int_1500ms/v3_1500_00675.avi,triangle,circle,37,47,,,1.58,
True,65,210,220,143,69,green,magenta,"(1, 1)","(1, 0)",29,74,,30,45,1,1500,49,57,0.99,120,a,data/videos_v3/int_1500ms/v3_1500_00676.avi,square,triangle,49,49,,,1.54,
True,245,121,220,155,402,magenta,red,"(-1, -1)","(-1, 0)",21,66,,30,45,1,1500,73,70,0.7,117,a,data/videos_v3/int_1500ms/v3_1500_00677.avi,circle,circle,35,34,,,1.72,
False,97,248,205,266,330,blue,cyan,"(-1, 0)","(-1, 1)",31,76,,30,45,0,1500,52,54,1.05,125,a,data/videos_v3/int_1500ms/v3_1500_00678.avi,square,circle,43,37,,,1.64,
False,399,124,212,380,208,cyan,red,"(-1, 0)","(-1, 1)",37,82,,30,45,1,1500,54,64,1.24,123,b,data/videos_v3/int_1500ms/v3_1500_00679.avi,circle,square,46,50,,,1.37,
True,240,344,228,168,341,magenta,yellow,"(-1, 1)","(0, -1)",36,81,,30,45,1,1500,57,60,1.21,122,a,data/videos_v3/int_1500ms/v3_1500_00680.avi,square,circle,45,36,,,1.36,
False,87,141,212,146,351,blue,green,"(0, -1)","(-1, 1)",37,82,,30,45,1,1500,73,64,1.24,126,b,data/videos_v3/int_1500ms/v3_1500_00681.avi,square,circle,43,39,,,1.47,
True,136,276,212,344,163,cyan,green,"(1, 1)","(1, -1)",31,76,,30,45,1,1500,51,73,1.05,128,a,data/videos_v3/int_1500ms/v3_1500_00682.avi,triangle,circle,35,50,,,1.74,
True,149,108,212,267,303,yellow,green,"(0, 1)","(-1, 0)",32,77,,30,45,0,1500,67,64,1.07,130,b,data/videos_v3/int_1500ms/v3_1500_00683.avi,triangle,square,35,38,,,1.79,
False,319,289,220,288,82,cyan,red,"(1, 0)","(-1, 0)",22,67,,30,45,0,1500,49,75,0.74,108,a,data/videos_v3/int_1500ms/v3_1500_00684.avi,triangle,triangle,50,50,,,1.36,
False,159,226,212,144,417,blue,green,"(-1, 0)","(1, 0)",22,67,,30,45,1,1500,67,57,0.75,118,b,data/videos_v3/int_1500ms/v3_1500_00685.avi,square,circle,46,34,,,1.71,
False,329,369,228,114,145,red,green,"(-1, 0)","(0, 1)",25,70,,30,45,0,1500,54,48,0.84,116,a,data/videos_v3/int_1500ms/v3_1500_00686.avi,square,circle,48,34,,,1.54,
False,129,254,205,377,170,cyan,yellow,"(1, 1)","(0, -1)",26,71,,30,45,1,1500,65,73,0.88,122,b,data/videos_v3/int_1500ms/v3_1500_00687.avi,circle,circle,35,34,,,1.72,
False,138,330,228,249,319,red,blue,"(0, 1)","(1, 1)",27,72,,30,45,0,1500,57,71,0.9,122,a,data/videos_v3/int_1500ms/v3_1500_00688.avi,triangle,square,48,46,,,1.67,
False,182,401,228,223,174,magenta,green,"(-1, 0)","(0, 1)",22,67,,30,45,0,1500,61,48,0.76,116,a,data/videos_v3/int_1500ms/v3_1500_00689.avi,triangle,triangle,36,39,,,1.64,
True,314,392,205,123,359,magenta,red,"(-1, 1)","(1, 0)",39,84,,30,45,1,1500,53,70,1.3,133,a,data/videos_v3/int_1500ms/v3_1500_00690.avi,square,triangle,38,39,,,1.64,
True,94,141,205,413,144,blue,yellow,"(1, 0)","(0, 1)",32,77,,30,45,1,1500,49,50,1.08,123,a,data/videos_v3/int_1500ms/v3_1500_00691.avi,triangle,circle,37,47,,,1.55,
False,291,168,228,214,312,green,yellow,"(1, 1)","(-1, 1)",34,79,,30,45,1,1500,46,57,1.14,118,b,data/videos_v3/int_1500ms/v3_1500_00692.avi,square,circle,35,46,,,1.3,
False,315,148,220,277,209,yellow,green,"(1, 0)","(1, 1)",26,71,,30,45,1,1500,55,49,0.87,109,b,data/videos_v3/int_1500ms/v3_1500_00693.avi,triangle,square,49,41,,,1.29,
False,290,190,205,113,210,blue,green,"(-1, 1)","(-1, 0)",27,72,,30,45,1,1500,45,63,0.9,119,b,data/videos_v3/int_1500ms/v3_1500_00694.avi,triangle,circle,41,48,,,1.58,
True,286,329,220,96,365,red,cyan,"(1, 1)","(0, 1)",36,81,,30,45,0,1500,55,68,1.22,119,b,data/videos_v3/int_1500ms/v3_1500_00695.avi,triangle,circle,36,45,,,1.27,
True,190,183,220,305,64,magenta,yellow,"(-1, -1)","(-1, 1)",38,83,,30,45,0,1500,52,75,1.28,134,b,data/videos_v3/int_1500ms/v3_1500_00696.avi,circle,square,45,46,,,1.71,
False,294,285,228,340,346,blue,red,"(0, -1)","(-1, 0)",35,80,,30,45,0,1500,61,69,1.17,123,a,data/videos_v3/int_1500ms/v3_1500_00697.avi,circle,square,50,40,,,1.45,
False,92,385,205,163,374,red,cyan,"(-1, -1)","(0, -1)",24,69,,30,45,0,1500,46,64,0.82,110,a,data/videos_v3/int_1500ms/v3_1500_00698.avi,square,circle,43,38,,,1.35,
False,61,333,205,198,223,yellow,magenta,"(0, 1)","(1, 1)",32,77,,30,45,1,1500,54,67,1.09,115,b,data/videos_v3/int_1500ms/v3_1500_00699.avi,circle,circle,34,44,,,1.25,
True,173,369,220,101,89,cyan,magenta,"(-1, 0)","(-1, 1)",21,81,data/videos_v3/int_2000ms/v3_2000_00700_flip.avi,30,60,0,2000,51,46,0.73,130,b,data/videos_v3/int_2000ms/v3_2000_00700.avi,circle,circle,43,49,data/videos_v3/int_2000ms/v3_2000_00700_soloa.avi,data/videos_v3/int_2000ms/v3_2000_00700_solob.avi,1.61,data/twin_v3/v3_2000_00700.avi
False,282,133,212,78,204,blue,cyan,"(-1, 0)","(1, 1)",21,81,data/videos_v3/int_2000ms/v3_2000_00701_flip.avi,30,60,1,2000,47,58,0.71,135,b,data/videos_v3/int_2000ms/v3_2000_00701.avi,triangle,triangle,40,41,data/videos_v3/int_2000ms/v3_2000_00701_soloa.avi,data/videos_v3/int_2000ms/v3_2000_00701_solob.avi,1.79,data/twin_v3/v3_2000_00701.avi
True,112,336,220,112,169,blue,green,"(-1, 1)","(1, 1)",30,90,data/videos_v3/int_2000ms/v3_2000_00702_flip.avi,30,60,0,2000,55,45,1.03,135,b,data/videos_v3/int_2000ms/v3_2000_00702.avi,circle,triangle,35,45,data/videos_v3/int_2000ms/v3_2000_00702_soloa.avi,data/videos_v3/int_2000ms/v3_2000_00702_solob.avi,1.5,data/twin_v3/v3_2000_00702.avi
False,99,278,205,146,67,red,green,"(-1, 1)","(1, 1)",24,84,data/videos_v3/int_2000ms/v3_2000_00703_flip.avi,30,60,1,2000,60,62,0.81,130,b,data/videos_v3/int_2000ms/v3_2000_00703.avi,triangle,circle,48,34,data/videos_v3/int_2000ms/v3_2000_00703_soloa.avi,data/videos_v3/int_2000ms/v3_2000_00703_solob.avi,1.54,data/twin_v3/v3_2000_00703.avi
True,159,320,220,219,155,blue,green,"(1, 0)","(-1, 1)",31,91,data/videos_v3/int_2000ms/v3_2000_00704_flip.avi,30,60,1,2000,50,63,1.06,141,a,data/videos_v3/int_2000ms/v3_2000_00704.avi,circle,triangle,36,45,data/videos_v3/int_2000ms/v3_2000_00704_soloa.avi,data/videos_v3/int_2000ms/v3_2000_00704_solob.avi,1.64,data/twin_v3/v3_2000_00704.avi
False,150,274,212,364,262,yellow,green,"(0, 1)","(1, 0)",21,81,data/videos_v3/int_2000ms/v3_2000_00705_flip.avi,30,60,1,2000,47,70,0.72,132,b,data/videos_v3/int_2000ms/v3_2000_00705.avi,square,triangle,48,47,data/videos_v3/int_2000ms/v3_2000_00705_soloa.avi,data/videos_v3/int_2000ms/v3_2000_00705_solob.avi,1.69,data/twin_v3/v3_2000_00705.avi
False,225,231,228,169,69,green,yellow,"(1, -1)","(-1, 0)",33,93,data/videos_v3/int_2000ms/v3_2000_00706_flip.avi,30,60,0,2000,45,63,1.13,139,a,data/videos_v3/int_2000ms/v3_2000_00706.avi,square,square,39,34,data/videos_v3/int_2000ms/v3_2000_00706_soloa.avi,data/videos_v3/int_2000ms/v3_2000_00706_solob.avi,1.52,data/twin_v3/v3_2000_00706.avi
False,314,352,220,80,146,yellow,green,"(1, 0)","(1, 1)",33,93,data/videos_v3/int_2000ms/v3_2000_00707_flip.avi,30,60,0,2000,69,54,1.13,136,a,data/videos_v3/int_2000ms/v3_2000_00707.avi,triangle,circle,35,37,data/videos_v3/int_2000ms/v3_2000_00707_soloa.avi,data/videos_v3/int_2000ms/v3_2000_00707_solob.avi,1.41,data/twin_v3/v3_2000_00707.avi
False,152,306,205,203,371,yellow,cyan,"(-1, 1)","(-1, 1)",31,91,data/videos_v3/int_2000ms/v3_2000_00708_flip.avi,30,60,0,2000,57,64,1.06,134,a,data/videos_v3/int_2000ms/v3_2000_00708.avi,circle,square,50,34,data/videos_v3/int_2000ms/v3_2000_00708_soloa.avi,data/videos_v3/int_2000ms/v3_2000_00708_solob.avi,1.41,data/twin_v3/v3_2000_00708.avi
True,110,139,228,262,174,cyan,green,"(-1, 1)","(0, -1)",27,87,data/videos_v3/int_2000ms/v3_2000_00709_flip.avi,30,60,0,2000,70,66,0.91,128,b,data/videos_v3/int_2000ms/v3_2000_00709.avi,square,triangle,49,43,data/videos_v3/int_2000ms/v3_2000_00709_soloa.avi,data/videos_v3/int_2000ms/v3_2000_00709_solob.avi,1.36,data/twin_v3/v3_2000_00709.avi
True,142,293,212,226,302,yellow,magenta,"(0, 1)","(0, 1)",27,87,data/videos_v3/int_2000ms/v3_2000_00710_flip.avi,30,60,1,2000,63,50,0.92,139,a,data/videos_v3/int_2000ms/v3_2000_00710.avi,triangle,square,43,49,data/videos_v3/int_2000ms/v3_2000_00710_soloa.avi,data/videos_v3/int_2000ms/v3_2000_00710_solob.avi,1.74,data/twin_v3/v3_2000_00710.avi
False,232,255,220,297,248,green,red,"(-1, 0)","(1, 1)",22,82,data/videos_v3/int_2000ms/v3_2000_00711_flip.avi,30,60,0,2000,55,62,0.75,120,a,data/videos_v3/int_2000ms/v3_2000_00711.avi,circle,circle,48,39,data/videos_v3/int_2000ms/v3_2000_00711_soloa.avi,data/videos_v3/int_2000ms/v3_2000_00711_solob.avi,1.28,data/twin_v3/v3_2000_00711.avi
True,326,143,228,338,214,red,green,"(0, -1)","(1, 1)",24,84,data/videos_v3/int_2000ms/v3_2000_00712_flip.avi,30,60,1,2000,52,65,0.81,133,a,data/videos_v3/int_2000ms/v3_2000_00712.avi,triangle,circle,46,40,data/videos_v3/int_2000ms/v3_2000_00712_soloa.avi,data/videos_v3/int_2000ms/v3_2000_00712_solob.avi,1.65,data/twin_v3/v3_2000_00712.avi
False,137,196,228,222,127,yellow,red,"(1, 0)","(0, -1)",32,92,data/videos_v3/int_2000ms/v3_2000_00713_flip.avi,30,60,0,2000,48,66,1.09,133,a,data/videos_v3/int_2000ms/v3_2000_00713.avi,square,circle,39,41,data/videos_v3/int_2000ms/v3_2000_00713_soloa.avi,data/videos_v3/int_2000ms/v3_2000_00713_solob.avi,1.36,data/twin_v3/v3_2000_00713.avi
True,194,189,205,168,77,cyan,blue,"(1, 1)","(1, 0)",34,94,data/videos_v3/int_2000ms/v3_2000_00714_flip.avi,30,60,0,2000,73,73,1.16,137,b,data/videos_v3/int_2000ms/v3_2000_00714.avi,triangle,triangle,42,43,data/videos_v3/int_2000ms/v3_2000_00714_soloa.avi,data/videos_v3/int_2000ms/v3_2000_00714_solob.avi,1.41,data/twin_v3/v3_2000_00714.avi
False,216,142,205,315,132,yellow,red,"(-1, 0)","(0, 1)",23,83,data/videos_v3/int_2000ms/v3_2000_00715_flip.avi,30,60,1,2000,52,75,0.78,129,b,data/videos_v3/int_2000ms/v3_2000_00715.avi,square,circle,45,41,data/videos_v3/int_2000ms/v3_2000_00715_soloa.avi,data/videos_v3/int_2000ms/v3_2000_00715_solob.avi,1.54,data/twin_v3/v3_2000_00715.avi
False,343,255,205,211,63,red,blue,"(1, -1)","(1, 1)",36,96,data/videos_v3/int_2000ms/v3_2000_00716_flip.avi,30,60,1,2000,47,75,1.23,148,b,data/videos_v3/int_2000ms/v3_2000_00716.avi,triangle,square,35,44,data/videos_v3/int_2000ms/v3_2000_00716_soloa.avi,data/videos_v3/int_2000ms/v3_2000_00716_solob.avi,1.73,data/twin_v3/v3_2000_00716.avi
True,356,272,228,208,193,yellow,blue,"(-1, 0)","(0, 1)",31,91,data/videos_v3/int_2000ms/v3_2000_00717_flip.avi,30,60,1,2000,66,52,1.05,135,a,data/videos_v3/int_2000ms/v3_2000_00717.avi,triangle,triangle,49,37,data/videos_v3/int_2000ms/v3_2000_00717_soloa.avi,data/videos_v3/int_2000ms/v3_2000_00717_solob.avi,1.47,data/twin_v3/v3_2000_00717.avi
False,199,86,220,323,183,red,yellow,"(-1, 1)","(-1, 0)",38,98,data/videos_v3/int_2000ms/v3_2000_00718_flip.avi,30,60,1,2000,57,68,1.28,141,b,data/videos_v3/int_2000ms/v3_2000_00718.avi,triangle,circle,43,36,data/videos_v3/int_2000ms/v3_2000_00718_soloa.avi,data/videos_v3/int_2000ms/v3_2000_00718_solob.avi,1.42,data/twin_v3/v3_2000_00718.avi
False,406,85,205,266,241,red,cyan,"(-1, -1)","(0, 1)",37,97,data/videos_v3/int_2000ms/v3_2000_00719_flip.avi,30,60,1,2000,45,60,1.24,146,b,data/videos_v3/int_2000ms/v3_2000_00719.avi,square,circle,50,34,data/videos_v3/int_2000ms/v3_2000_00719_soloa.avi,data/videos_v3/int_2000ms/v3_2000_00719_solob.avi,1.63,data/twin_v3/v3_2000_00719.avi
False,154,350,228,367,140,red,yellow,"(1, 1)","(1, 1)",27,87,,30,60,1,2000,51,61,0.91,139,b,data/videos_v3/int_2000ms/v3_2000_00720.avi,circle,triangle,37,50,,,1.74,
True,284,122,220,333,410,magenta,cyan,"(0, -1)","(1, -1)",30,90,,30,60,1,2000,75,61,1.01,136,a,data/videos_v3/int_2000ms/v3_2000_00721.avi,triangle,circle,50,45,,,1.54,
True,324,192,220,166,208,red,blue,"(0, -1)","(1, 0)",30,90,,30,60,1,2000,72,63,1.01,130,a,data/videos_v3/int_2000ms/v3_2000_00722.avi,circle,square,49,37,,,1.35,
False,259,150,220,71,395,yellow,blue,"(0, 1)","(1, -1)",32,92,,30,60,0,2000,55,55,1.07,135,a,data/videos_v3/int_2000ms/v3_2000_00723.avi,circle,square,43,36,,,1.43,
False,184,348,228,248,172,yellow,red,"(-1, 0)","(0, 1)",30,90,,30,60,0,2000,47,45,1.03,135,a,data/videos_v3/int_2000ms/v3_2000_00724.avi,circle,triangle,49,44,,,1.5,
False,326,189,228,167,232,blue,green,"(1, -1)","(0, 1)",21,81,,30,60,0,2000,47,75,0.7,134,a,data/videos_v3/int_2000ms/v3_2000_00725.avi,triangle,circle,44,38,,,1.77,
False,185,287,220,148,91,blue,red,"(-1, 1)","(-1, 1)",37,97,,30,60,0,2000,46,62,1.24,133,a,data/videos_v3/int_2000ms/v3_2000_00726.avi,triangle,triangle,40,35,,,1.21,
False,405,304,228,61,242,blue,green,"(-1, -1)","(0, 1)",25,85,,30,60,0,2000,50,45,0.86,139,a,data/videos_v3/int_2000ms/v3_2000_00727.avi,triangle,circle,34,50,,,1.79,
False,348,148,220,233,290,magenta,yellow,"(0, 1)","(-1, 1)",27,87,,30,60,1,2000,57,71,0.93,141,b,data/videos_v3/int_2000ms/v3_2000_00728.avi,square,square,36,46,,,1.78,
False,226,332,228,314,319,yellow,red,"(1, 1)","(-1, 1)",24,84,,30,60,1,2000,69,72,0.83,135,b,data/videos_v3/int_2000ms/v3_2000_00729.avi,square,square,40,39,,,1.7,
True,83,247,228,337,63,red,cyan,"(1, 0)","(-1, 0)",32,92,,30,60,1,2000,74,51,1.07,142,a,data/videos_v3/int_2000ms/v3_2000_00730.avi,triangle,square,40,37,,,1.68,
False,339,223,220,85,346,yellow,blue,"(0, -1)","(-1, -1)",36,96,,30,60,1,2000,46,46,1.21,149,b,data/videos_v3/int_2000ms/v3_2000_00731.avi,circle,triangle,40,48,,,1.77,
False,351,364,212,198,288,yellow,magenta,"(-1, 1)","(0, 1)",33,93,,30,60,1,2000,59,74,1.12,145,b,data/videos_v3/int_2000ms/v3_2000_00732.avi,circle,square,43,35,,,1.74,
True,72,412,228,77,83,red,cyan,"(1, 0)","(0, 1)",23,83,,30,60,1,2000,69,48,0.78,132,a,data/videos_v3/int_2000ms/v3_2000_00733.avi,square,triangle,45,34,,,1.63,
True,103,103,228,319,122,yellow,blue,"(0, -1)","(1, 0)",21,81,,30,60,0,2000,62,74,0.73,127,b,data/videos_v3/int_2000ms/v3_2000_00734.avi,circle,circle,40,43,,,1.51,
False,287,235,228,418,139,blue,magenta,"(0, 1)","(-1, 0)",28,88,,30,60,1,2000,68,67,0.95,136,b,data/videos_v3/int_2000ms/v3_2000_00735.avi,triangle,triangle,50,50,,,1.6,
False,123,115,228,388,312,green,blue,"(1, 1)","(1, 0)",37,97,,30,60,1,2000,73,45,1.24,147,b,data/videos_v3/int_2000ms/v3_2000_00736.avi,circle,square,47,42,,,1.68,
True,364,361,212,263,209,yellow,magenta,"(-1, 1)","(0, -1)",31,91,,30,60,1,2000,59,64,1.04,128,a,data/videos_v3/int_2000ms/v3_2000_00737.avi,square,triangle,41,38,,,1.24,
False,173,410,205,124,203,red,yellow,"(1, -1)","(1, 0)",22,82,,30,60,1,2000,62,65,0.76,133,b,data/videos_v3/int_2000ms/v3_2000_00738.avi,circle,circle,49,43,,,1.69,
False,87,282,228,398,367,red,magenta,"(0, 1)","(0, 1)",25,85,,30,60,1,2000,71,45,0.85,122,b,data/videos_v3/int_2000ms/v3_2000_00739.avi,triangle,triangle,45,44,,,1.23,
False,135,325,228,222,166,magenta,blue,"(-1, 0)","(0, -1)",32,92,,30,60,0,2000,52,52,1.07,130,a,data/videos_v3/int_2000ms/v3_2000_00740.avi,circle,circle,43,41,,,1.27,
True,254,377,220,140,156,red,cyan,"(-1, -1)","(-1, -1)",34,94,,30,60,0,2000,68,50,1.14,141,b,data/videos_v3/int_2000ms/v3_2000_00741.avi,square,circle,45,40,,,1.57,
False,175,418,220,299,139,magenta,red,"(0, -1)","(-1, 1)",28,88,,30,60,0,2000,62,68,0.95,133,a,data/videos_v3/int_2000ms/v3_2000_00742.avi,square,square,48,34,,,1.49,
True,157,289,205,316,78,magenta,blue,"(-1, 0)","(-1, 1)",39,99,,30,60,1,2000,74,73,1.3,150,a,data/videos_v3/int_2000ms/v3_2000_00743.avi,circle,triangle,43,43,,,1.71,
True,127,215,212,332,121,cyan,magenta,"(-1, 0)","(-1, -1)",37,97,,30,60,1,2000,68,71,1.26,148,a,data/videos_v3/int_2000ms/v3_2000_00744.avi,square,triangle,36,42,,,1.69,
True,66,72,212,401,341,blue,magenta,"(0, 1)","(-1, 0)",29,89,,30,60,1,2000,52,73,0.97,135,a,data/videos_v3/int_2000ms/v3_2000_00745.avi,circle,triangle,40,34,,,1.56,
False,145,218,228,129,363,green,cyan,"(1, 0)","(1, -1)",27,87,,30,60,1,2000,75,63,0.93,126,b,data/videos_v3/int_2000ms/v3_2000_00746.avi,circle,triangle,39,35,,,1.29,
False,302,107,228,252,87,blue,cyan,"(1, -1)","(-1, 0)",21,81,,30,60,1,2000,59,62,0.73,122,b,data/videos_v3/int_2000ms/v3_2000_00747.avi,circle,triangle,35,45,,,1.35,
False,113,398,228,145,283,yellow,cyan,"(1, 0)","(1, 0)",31,91,,30,60,1,2000,64,59,1.04,138,b,data/videos_v3/int_2000ms/v3_2000_00748.avi,square,circle,47,35,,,1.57,
True,201,324,220,168,210,green,blue,"(0, 1)","(1, 1)",24,84,,30,60,0,2000,75,53,0.83,121,b,data/videos_v3/int_2000ms/v3_2000_00749.avi,square,triangle,39,43,,,1.22,
False,147,308,228,326,224,red,yellow,"(1, -1)","(1, -1)",21,81,,30,60,1,2000,72,45,0.73,134,b,data/videos_v3/int_2000ms/v3_2000_00750.avi,triangle,triangle,34,47,,,1.75,
True,242,210,212,348,318,red,blue,"(-1, -1)","(0, 1)",34,94,,30,60,1,2000,51,50,1.16,139,a,data/videos_v3/int_2000ms/v3_2000_00751.avi,triangle,circle,38,35,,,1.5,
True,127,124,205,263,326,red,magenta,"(1, -1)","(1, -1)",24,84,,30,60,0,2000,50,65,0.82,123,b,data/videos_v3/int_2000ms/v3_2000_00752.avi,circle,square,48,39,,,1.29,
True,332,222,228,267,308,red,blue,"(1, 1)","(0, 1)",28,88,,30,60,1,2000,48,69,0.94,127,a,data/videos_v3/int_2000ms/v3_2000_00753.avi,circle,square,47,47,,,1.32,
True,87,256,205,406,257,green,yellow,"(1, -1)","(-1, 1)",21,81,,30,60,1,2000,62,65,0.7,119,a,data/videos_v3/int_2000ms/v3_2000_00754.avi,triangle,square,40,50,,,1.29,
True,89,381,205,187,105,yellow,red,"(0, -1)","(1, -1)",36,96,,30,60,1,2000,57,60,1.23,141,a,data/videos_v3/int_2000ms/v3_2000_00755.avi,square,square,42,44,,,1.5,
False,90,195,228,240,237,cyan,blue,"(-1, -1)","(0, -1)",26,86,,30,60,1,2000,48,59,0.87,130,b,data/videos_v3/int_2000ms/v3_2000_00756.avi,square,square,40,43,,,1.48,
False,131,114,228,411,113,magenta,cyan,"(-1, 1)","(-1, -1)",35,95,,30,60,1,2000,72,60,1.18,148,b,data/videos_v3/int_2000ms/v3_2000_00757.avi,circle,circle,35,42,,,1.77,
False,109,114,212,248,354,magenta,blue,"(0, 1)","(0, 1)",23,83,,30,60,1,2000,74,66,0.78,120,b,data/videos_v3/int_2000ms/v3_2000_00758.avi,square,circle,34,41,,,1.25,
False,315,205,212,340,367,red,yellow,"(1, 1)","(0, 1)",25,85,,30,60,0,2000,58,54,0.86,138,a,data/videos_v3/int_2000ms/v3_2000_00759.avi,square,square,44,46,,,1.74,
True,62,71,205,109,367,cyan,red,"(1, 1)","(0, -1)",35,95,,30,60,1,2000,53,50,1.17,145,a,data/videos_v3/int_2000ms/v3_2000_00760.avi,triangle,triangle,34,45,,,1.69,
False,63,358,205,365,393,green,cyan,"(1, 0)","(1, -1)",23,83,,30,60,1,2000,57,66,0.78,134,b,data/videos_v3/int_2000ms/v3_2000_00761.avi,triangle,circle,42,40,,,1.71,
False,264,378,220,286,202,red,cyan,"(-1, 0)","(1, -1)",23,83,,30,60,0,2000,50,69,0.78,136,a,data/videos_v3/int_2000ms/v3_2000_00762.avi,triangle,triangle,47,39,,,1.77,
True,242,242,205,312,219,magenta,green,"(-1, -1)","(0, 1)",31,91,,30,60,0,2000,60,75,1.06,131,b,data/videos_v3/int_2000ms/v3_2000_00763.avi,circle,triangle,42,35,,,1.31,
True,368,234,212,258,104,blue,yellow,"(1, 0)","(-1, 1)",25,85,,30,60,0,2000,74,75,0.86,139,b,data/videos_v3/int_2000ms/v3_2000_00764.avi,circle,circle,42,42,,,1.8,
True,381,90,212,110,340,blue,green,"(-1, 0)","(1, 1)",38,98,,30,60,1,2000,53,65,1.27,146,a,data/videos_v3/int_2000ms/v3_2000_00765.avi,circle,triangle,35,40,,,1.62,
True,123,292,205,131,209,blue,cyan,"(-1, -1)","(1, -1)",24,84,,30,60,1,2000,47,49,0.8,129,a,data/videos_v3/int_2000ms/v3_2000_00766.avi,square,circle,43,42,,,1.5,
True,304,305,220,339,102,magenta,green,"(-1, 1)","(0, 1)",23,83,,30,60,0,2000,67,69,0.77,119,b,data/videos_v3/int_2000ms/v3_2000_00767.avi,square,triangle,42,48,,,1.21,
True,234,384,220,198,248,magenta,cyan,"(-1, 0)","(-1, -1)",22,82,,30,60,0,2000,60,57,0.75,123,b,data/videos_v3/int_2000ms/v3_2000_00768.avi,triangle,triangle,44,37,,,1.36,
True,335,64,212,174,177,red,green,"(0, 1)","(-1, 1)",26,86,,30,60,0,2000,54,71,0.89,130,b,data/videos_v3/int_2000ms/v3_2000_00769.avi,circle,square,36,40,,,1.45,
True,240,70,228,110,320,magenta,red,"(1, 0)","(1, 0)",39,99,,30,60,0,2000,51,49,1.3,144,b,data/videos_v3/int_2000ms/v3_2000_00770.avi,square,triangle,38,44,,,1.52,
False,388,197,212,356,309,blue,cyan,"(1, 0)","(1, 0)",28,88,,30,60,0,2000,56,72,0.96,127,a,data/videos_v3/int_2000ms/v3_2000_00771.avi,square,square,44,43,,,1.3,
True,220,262,228,217,394,green,yellow,"(0, -1)","(-1, -1)",30,90,,30,60,1,2000,73,57,1.01,141,a,data/videos_v3/int_2000ms/v3_2000_00772.avi,triangle,square,36,44,,,1.72,
False,95,129,220,193,267,red,magenta,"(0, -1)","(-1, -1)",35,95,,30,60,0,2000,58,47,1.17,134,a,data/videos_v3/int_2000ms/v3_2000_00773.avi,square,triangle,49,45,,,1.31,
True,113,122,220,318,218,yellow,cyan,"(0, 1)","(-1, 1)",32,92,,30,60,0,2000,56,55,1.09,140,b,data/videos_v3/int_2000ms/v3_2000_00774.avi,square,circle,46,37,,,1.6,
False,266,110,220,60,383,cyan,magenta,"(-1, 1)","(0, -1)",23,83,,30,60,1,2000,75,57,0.77,124,b,data/videos_v3/int_2000ms/v3_2000_00775.avi,circle,square,43,44,,,1.37,
False,231,346,212,419,186,magenta,cyan,"(0, -1)","(-1, 1)",25,85,,30,60,1,2000,50,50,0.84,123,b,data/videos_v3/int_2000ms/v3_2000_00776.avi,square,square,42,49,,,1.29,
False,370,155,212,343,252,red,yellow,"(0, -1)","(0, 1)",36,96,,30,60,1,2000,62,59,1.22,138,b,data/videos_v3/int_2000ms/v3_2000_00777.avi,triangle,circle,50,41,,,1.39,
False,122,181,220,106,93,cyan,blue,"(-1, -1)","(1, 1)",36,96,,30,60,0,2000,56,55,1.2,133,a,data/videos_v3/int_2000ms/v3_2000_00778.avi,triangle,square,37,35,,,1.25,
False,101,92,220,207,370,blue,magenta,"(1, 0)","(-1, 1)",21,81,,30,60,0,2000,74,66,0.73,118,a,data/videos_v3/int_2000ms/v3_2000_00779.avi,square,circle,44,43,,,1.23,
False,336,141,220,299,386,blue,green,"(0, 1)","(-1, 0)",21,81,,30,60,1,2000,66,58,0.73,135,b,data/videos_v3/int_2000ms/v3_2000_00780.avi,triangle,square,36,38,,,1.79,
False,278,174,205,141,162,blue,green,"(-1, -1)","(1, 1)",24,84,,30,60,1,2000,72,64,0.81,127,b,data/videos_v3/int_2000ms/v3_2000_00781.avi,circle,square,50,40,,,1.44,
False,69,279,220,145,88,red,magenta,"(1, 1)","(-1, 1)",28,88,,30,60,0,2000,73,60,0.96,126,a,data/videos_v3/int_2000ms/v3_2000_00782.avi,square,circle,42,35,,,1.25,
True,395,258,205,356,408,blue,magenta,"(0, 1)","(0, -1)",37,97,,30,60,0,2000,46,55,1.26,151,b,data/videos_v3/int_2000ms/v3_2000_00783.avi,circle,square,48,40,,,1.8,
True,300,329,228,75,328,yellow,blue,"(-1, 1)","(1, 0)",33,93,,30,60,0,2000,50,52,1.13,140,b,data/videos_v3/int_2000ms/v3_2000_00784.avi,triangle,triangle,35,47,,,1.56,
False,333,260,220,171,324,red,cyan,"(0, -1)","(1, 1)",36,96,,30,60,1,2000,73,47,1.23,132,b,data/videos_v3/int_2000ms/v3_2000_00785.avi,circle,circle,39,39,,,1.2,
False,98,304,212,299,207,red,blue,"(-1, -1)","(-1, 0)",24,84,,30,60,1,2000,65,74,0.82,122,b,data/videos_v3/int_2000ms/v3_2000_00786.avi,triangle,circle,38,39,,,1.26,
True,93,103,205,235,113,yellow,blue,"(1, 1)","(1, -1)",25,85,,30,60,1,2000,67,53,0.86,131,a,data/videos_v3/int_2000ms/v3_2000_00787.avi,circle,circle,41,36,,,1.51,
True,223,300,205,167,119,blue,cyan,"(0, -1)","(0, 1)",34,94,,30,60,0,2000,60,75,1.14,131,b,data/videos_v3/int_2000ms/v3_2000_00788.avi,circle,square,44,35,,,1.25,
True,163,352,220,116,123,blue,magenta,"(1, 0)","(-1, -1)",25,85,,30,60,0,2000,57,67,0.84,133,b,data/videos_v3/int_2000ms/v3_2000_00789.avi,square,triangle,40,46,,,1.6,
False,93,154,220,256,85,yellow,magenta,"(0, -1)","(1, 1)",27,87,,30,60,1,2000,60,48,0.92,137,b,data/videos_v3/int_2000ms/v3_2000_00790.avi,square,square,46,34,,,1.66,
False,107,213,220,372,322,cyan,green,"(-1, 0)","(1, 1)",28,88,,30,60,0,2000,56,52,0.95,135,a,data/videos_v3/int_2000ms/v3_2000_00791.avi,square,square,37,41,,,1.56,
False,90,185,212,238,95,blue,green,"(0, -1)","(1, 0)",25,85,,30,60,1,2000,58,68,0.84,135,b,data/videos_v3/int_2000ms/v3_2000_00792.avi,square,circle,48,48,,,1.66,
True,306,345,205,210,220,red,yellow,"(-1, 0)","(-1, 0)",27,87,,30,60,1,2000,62,51,0.9,138,a,data/videos_v3/int_2000ms/v3_2000_00793.avi,circle,circle,50,42,,,1.72,
True,155,96,228,395,346,blue,red,"(-1, -1)","(0, -1)",25,85,,30,60,1,2000,62,51,0.86,124,a,data/videos_v3/int_2000ms/v3_2000_00794.avi,square,circle,40,36,,,1.28,
False,183,133,220,320,306,red,cyan,"(1, 1)","(0, 1)",30,90,,30,60,1,2000,57,70,1.0,129,b,data/videos_v3/int_2000ms/v3_2000_00795.avi,triangle,square,48,35,,,1.33,
False,178,386,220,197,333,blue,red,"(1, 0)","(-1, -1)",29,89,,30,60,0,2000,75,63,0.99,141,a,data/videos_v3/int_2000ms/v3_2000_00796.avi,circle,square,46,39,,,1.72,
False,416,234,228,247,127,magenta,cyan,"(-1, -1)","(0, -1)",29,89,,30,60,1,2000,72,51,0.97,131,b,data/videos_v3/int_2000ms/v3_2000_00797.avi,circle,circle,35,35,,,1.4,
False,336,251,205,89,365,cyan,yellow,"(1, 0)","(1, 0)",30,90,,30,60,0,2000,56,75,1.0,134,a,data/videos_v3/int_2000ms/v3_2000_00798.avi,square,triangle,42,39,,,1.47,
False,238,275,228,352,144,cyan,magenta,"(-1, 0)","(1, 1)",28,88,,30,60,1,2000,45,73,0.95,139,b,data/videos_v3/int_2000ms/v3_2000_00799.avi,triangle,circle,50,34,,,1.69,
False,353,312,220,320,237,green,cyan,"(0, 1)","(1, -1)",35,125,data/videos_v3/int_3000ms/v3_3000_00800_flip.avi,30,90,0,3000,72,56,1.19,177,a,data/videos_v3/int_3000ms/v3_3000_00800.avi,triangle,square,49,44,data/videos_v3/int_3000ms/v3_3000_00800_soloa.avi,data/videos_v3/int_3000ms/v3_3000_00800_solob.avi,1.73,data/twin_v3/v3_3000_00800.avi
True,305,114,205,280,332,blue,cyan,"(-1, 1)","(-1, -1)",38,128,data/videos_v3/int_3000ms/v3_3000_00801_flip.avi,30,90,1,3000,50,61,1.27,173,a,data/videos_v3/int_3000ms/v3_3000_00801.avi,circle,square,48,40,data/videos_v3/int_3000ms/v3_3000_00801_soloa.avi,data/videos_v3/int_3000ms/v3_3000_00801_solob.avi,1.52,data/twin_v3/v3_3000_00801.avi
False,157,394,212,66,124,yellow,magenta,"(0, -1)","(0, 1)",29,119,data/videos_v3/int_3000ms/v3_3000_00802_flip.avi,30,90,0,3000,48,64,0.99,169,a,data/videos_v3/int_3000ms/v3_3000_00802.avi,square,triangle,41,35,data/videos_v3/int_3000ms/v3_3000_00802_soloa.avi,data/videos_v3/int_3000ms/v3_3000_00802_solob.avi,1.66,data/twin_v3/v3_3000_00802.avi
False,108,147,228,122,289,magenta,cyan,"(-1, 0)","(1, 0)",28,118,data/videos_v3/int_3000ms/v3_3000_00803_flip.avi,30,90,0,3000,56,50,0.95,166,a,data/videos_v3/int_3000ms/v3_3000_00803.avi,circle,triangle,36,41,data/videos_v3/int_3000ms/v3_3000_00803_soloa.avi,data/videos_v3/int_3000ms/v3_3000_00803_solob.avi,1.6,data/twin_v3/v3_3000_00803.avi
False,225,246,212,297,281,cyan,red,"(-1, -1)","(0, -1)",37,127,data/videos_v3/int_3000ms/v3_3000_00804_flip.avi,30,90,1,3000,71,65,1.25,172,b,data/videos_v3/int_3000ms/v3_3000_00804.avi,triangle,square,45,37,data/videos_v3/int_3000ms/v3_3000_00804_soloa.avi,data/videos_v3/int_3000ms/v3_3000_00804_solob.avi,1.5,data/twin_v3/v3_3000_00804.avi
True,414,403,228,351,250,red,cyan,"(0, -1)","(0, -1)",33,123,data/videos_v3/int_3000ms/v3_3000_00805_flip.avi,30,90,1,3000,57,73,1.1,163,a,data/videos_v3/int_3000ms/v3_3000_00805.avi,square,triangle,46,43,data/videos_v3/int_3000ms/v3_3000_00805_soloa.avi,data/videos_v3/int_3000ms/v3_3000_00805_solob.avi,1.34,data/twin_v3/v3_3000_00805.avi
True,274,344,212,386,157,blue,red,"(-1, 1)","(-1, 1)",24,114,data/videos_v3/int_3000ms/v3_3000_00806_flip.avi,30,90,0,3000,53,50,0.81,164,b,data/videos_v3/int_3000ms/v3_3000_00806.avi,square,triangle,44,39,data/videos_v3/int_3000ms/v3_3000_00806_soloa.avi,data/videos_v3/int_3000ms/v3_3000_00806_solob.avi,1.66,data/twin_v3/v3_3000_00806.avi
False,287,61,220,136,369,green,cyan,"(1, 1)","(-1, 1)",29,119,data/videos_v3/int_3000ms/v3_3000_00807_flip.avi,30,90,1,3000,68,62,0.99,162,b,data/videos_v3/int_3000ms/v3_3000_00807.avi,circle,square,45,36,data/videos_v3/int_3000ms/v3_3000_00807_soloa.avi,data/videos_v3/int_3000ms/v3_3000_00807_solob.avi,1.42,data/twin_v3/v3_3000_00807.avi
True,157,278,220,286,340,cyan,blue,"(1, 0)","(-1, 0)",30,120,data/videos_v3/int_3000ms/v3_3000_00808_flip.avi,30,90,1,3000,72,62,1.03,161,a,data/videos_v3/int_3000ms/v3_3000_00808.avi,circle,circle,37,43,data/videos_v3/int_3000ms/v3_3000_00808_soloa.avi,data/videos_v3/int_3000ms/v3_3000_00808_solob.avi,1.34,data/twin_v3/v3_3000_00808.avi
True,216,71,212,110,315,magenta,red,"(1, 0)","(-1, -1)",32,122,data/videos_v3/int_3000ms/v3_3000_00809_flip.avi,30,90,1,3000,53,68,1.09,172,a,data/videos_v3/int_3000ms/v3_3000_00809.avi,circle,triangle,46,38,data/videos_v3/int_3000ms/v3_3000_00809_soloa.avi,data/videos_v3/int_3000ms/v3_3000_00809_solob.avi,1.65,data/twin_v3/v3_3000_00809.avi
True,66,84,205,142,240,cyan,green,"(0, 1)","(-1, 0)",25,115,data/videos_v3/int_3000ms/v3_3000_00810_flip.avi,30,90,1,3000,68,57,0.85,167,a,data/videos_v3/int_3000ms/v3_3000_00810.avi,circle,circle,44,39,data/videos_v3/int_3000ms/v3_3000_00810_soloa.avi,data/videos_v3/int_3000ms/v3_3000_00810_solob.avi,1.72,data/twin_v3/v3_3000_00810.avi
True,210,405,220,362,369,red,green,"(0, -1)","(-1, 1)",26,116,data/videos_v3/int_3000ms/v3_3000_00811_flip.avi,30,90,0,3000,54,60,0.88,166,b,data/videos_v3/int_3000ms/v3_3000_00811.avi,triangle,square,39,49,data/videos_v3/int_3000ms/v3_3000_00811_soloa.avi,data/videos_v3/int_3000ms/v3_3000_00811_solob.avi,1.66,data/twin_v3/v3_3000_00811.avi
False,298,248,205,262,324,green,blue,"(-1, -1)","(0, -1)",24,114,data/videos_v3/int_3000ms/v3_3000_00812_flip.avi,30,90,1,3000,60,49,0.8,160,b,data/videos_v3/int_3000ms/v3_3000_00812.avi,square,triangle,35,37,data/videos_v3/int_3000ms/v3_3000_00812_soloa.avi,data/videos_v3/int_3000ms/v3_3000_00812_solob.avi,1.55,data/twin_v3/v3_3000_00812.avi
False,374,230,228,188,272,green,blue,"(0, -1)","(-1, 1)",21,111,data/videos_v3/int_3000ms/v3_3000_00813_flip.avi,30,90,0,3000,55,56,0.72,158,a,data/videos_v3/int_3000ms/v3_3000_00813.avi,triangle,circle,39,42,data/videos_v3/int_3000ms/v3_3000_00813_soloa.avi,data/videos_v3/int_3000ms/v3_3000_00813_solob.avi,1.56,data/twin_v3/v3_3000_00813.avi
False,263,377,220,321,202,cyan,yellow,"(0, 1)","(0, 1)",32,122,data/videos_v3/int_3000ms/v3_3000_00814_flip.avi,30,90,0,3000,57,52,1.09,161,a,data/videos_v3/int_3000ms/v3_3000_00814.avi,triangle,circle,35,35,data/videos_v3/int_3000ms/v3_3000_00814_soloa.avi,data/videos_v3/int_3000ms/v3_3000_00814_solob.avi,1.3,data/twin_v3/v3_3000_00814.avi
True,372,410,228,65,102,blue,magenta,"(1, 0)","(1, -1)",29,119,data/videos_v3/int_3000ms/v3_3000_00815_flip.avi,30,90,1,3000,65,65,0.99,163,a,data/videos_v3/int_3000ms/v3_3000_00815.avi,square,circle,34,40,data/videos_v3/int_3000ms/v3_3000_00815_soloa.avi,data/videos_v3/int_3000ms/v3_3000_00815_solob.avi,1.45,data/twin_v3/v3_3000_00815.avi
True,351,150,205,392,335,cyan,green,"(0, 1)","(0, 1)",30,120,data/videos_v3/int_3000ms/v3_3000_00816_flip.avi,30,90,1,3000,72,74,1.0,156,a,data/videos_v3/int_3000ms/v3_3000_00816.avi,triangle,square,48,46,data/videos_v3/int_3000ms/v3_3000_00816_soloa.avi,data/videos_v3/int_3000ms/v3_3000_00816_solob.avi,1.22,data/twin_v3/v3_3000_00816.avi
True,400,176,212,201,289,yellow,green,"(0, -1)","(1, -1)",36,126,data/videos_v3/int_3000ms/v3_3000_00817_flip.avi,30,90,0,3000,54,73,1.2,171,b,data/videos_v3/int_3000ms/v3_3000_00817.avi,square,triangle,35,46,data/videos_v3/int_3000ms/v3_3000_00817_soloa.avi,data/videos_v3/int_3000ms/v3_3000_00817_solob.avi,1.52,data/twin_v3/v3_3000_00817.avi
True,122,81,220,295,160,yellow,cyan,"(-1, 0)","(0, -1)",23,113,data/videos_v3/int_3000ms/v3_3000_00818_flip.avi,30,90,1,3000,48,75,0.77,165,a,data/videos_v3/int_3000ms/v3_3000_00818.avi,square,square,40,45,data/videos_v3/int_3000ms/v3_3000_00818_soloa.avi,data/videos_v3/int_3000ms/v3_3000_00818_solob.avi,1.76,data/twin_v3/v3_3000_00818.avi
True,199,354,220,176,195,magenta,green,"(-1, -1)","(-1, -1)",23,113,data/videos_v3/int_3000ms/v3_3000_00819_flip.avi,30,90,0,3000,51,45,0.77,158,b,data/videos_v3/int_3000ms/v3_3000_00819.avi,triangle,circle,37,38,data/videos_v3/int_3000ms/v3_3000_00819_soloa.avi,data/videos_v3/int_3000ms/v3_3000_00819_solob.avi,1.5,data/twin_v3/v3_3000_00819.avi
False,170,295,205,374,362,green,magenta,"(1, 1)","(1, 1)",34,124,,30,90,0,3000,51,60,1.16,162,a,data/videos_v3/int_3000ms/v3_3000_00820.avi,square,triangle,38,44,,,1.24,
False,118,111,212,187,291,cyan,yellow,"(1, -1)","(0, 1)",24,114,,30,90,0,3000,71,66,0.81,153,a,data/videos_v3/int_3000ms/v3_3000_00821.avi,square,square,38,48,,,1.29,
True,408,227,212,126,223,red,magenta,"(-1, -1)","(0, 1)",38,128,,30,90,1,3000,59,68,1.29,171,a,data/videos_v3/int_3000ms/v3_3000_00822.avi,square,circle,45,37,,,1.42,
False,264,337,228,152,133,yellow,cyan,"(0, 1)","(1, -1)",25,115,,30,90,1,3000,73,54,0.86,168,b,data/videos_v3/int_3000ms/v3_3000_00823.avi,circle,circle,50,35,,,1.74,
False,250,201,220,222,334,blue,magenta,"(1, -1)","(-1, 1)",28,118,,30,90,0,3000,52,69,0.94,155,a,data/videos_v3/int_3000ms/v3_3000_00824.avi,square,square,45,50,,,1.24,
True,138,325,205,254,78,cyan,yellow,"(-1, -1)","(1, 0)",26,116,,30,90,0,3000,58,60,0.89,157,b,data/videos_v3/int_3000ms/v3_3000_00825.avi,square,circle,40,41,,,1.36,
False,135,399,228,284,276,yellow,magenta,"(1, 0)","(0, -1)",34,124,,30,90,1,3000,67,55,1.15,161,b,data/videos_v3/int_3000ms/v3_3000_00826.avi,square,circle,48,45,,,1.22,
True,175,321,212,69,308,red,blue,"(-1, 1)","(1, -1)",37,127,,30,90,1,3000,51,75,1.25,177,a,data/videos_v3/int_3000ms/v3_3000_00827.avi,circle,circle,46,41,,,1.65,
True,63,328,212,363,144,green,blue,"(1, -1)","(-1, 1)",25,115,,30,90,1,3000,63,74,0.86,162,a,data/videos_v3/int_3000ms/v3_3000_00828.avi,triangle,square,38,49,,,1.56,
False,302,357,220,222,132,blue,magenta,"(-1, 1)","(1, 0)",27,117,,30,90,0,3000,58,63,0.9,156,a,data/videos_v3/int_3000ms/v3_3000_00829.avi,square,square,43,37,,,1.3,
False,281,328,220,270,139,green,blue,"(-1, -1)","(-1, 0)",32,122,,30,90,1,3000,53,45,1.08,161,b,data/videos_v3/int_3000ms/v3_3000_00830.avi,triangle,triangle,37,45,,,1.3,
False,227,275,205,374,91,magenta,green,"(-1, 0)","(0, 1)",35,125,,30,90,1,3000,72,66,1.18,178,b,data/videos_v3/int_3000ms/v3_3000_00831.avi,triangle,circle,34,34,,,1.77,
True,177,138,220,103,408,blue,green,"(-1, 1)","(-1, 0)",28,118,,30,90,1,3000,62,47,0.95,159,a,data/videos_v3/int_3000ms/v3_3000_00832.avi,circle,triangle,40,49,,,1.36,
False,344,144,220,104,285,cyan,blue,"(0, -1)","(1, 1)",27,117,,30,90,0,3000,51,67,0.93,156,a,data/videos_v3/int_3000ms/v3_3000_00833.avi,square,square,43,48,,,1.3,
False,357,334,205,271,176,green,magenta,"(0, 1)","(-1, -1)",37,127,,30,90,0,3000,74,72,1.24,163,a,data/videos_v3/int_3000ms/v3_3000_00834.avi,square,triangle,50,40,,,1.21,
True,116,388,220,189,85,red,yellow,"(0, -1)","(-1, 1)",32,122,,30,90,1,3000,68,53,1.09,163,a,data/videos_v3/int_3000ms/v3_3000_00835.avi,circle,triangle,44,45,,,1.35,
True,315,140,220,163,250,yellow,red,"(1, 0)","(0, -1)",27,117,,30,90,0,3000,46,46,0.92,155,b,data/videos_v3/int_3000ms/v3_3000_00836.avi,triangle,square,50,46,,,1.26,
False,167,85,212,312,405,cyan,blue,"(1, 0)","(0, -1)",27,117,,30,90,0,3000,47,52,0.92,160,a,data/videos_v3/int_3000ms/v3_3000_00837.avi,square,square,45,37,,,1.42,
False,88,369,205,178,106,green,magenta,"(-1, -1)","(-1, -1)",28,118,,30,90,0,3000,50,63,0.94,160,a,data/videos_v3/int_3000ms/v3_3000_00838.avi,circle,circle,40,38,,,1.41,
False,186,281,228,262,123,cyan,magenta,"(0, -1)","(1, 0)",26,116,,30,90,1,3000,55,60,0.87,162,b,data/videos_v3/int_3000ms/v3_3000_00839.avi,circle,square,39,38,,,1.55,
False,167,361,212,315,356,cyan,red,"(1, 1)","(0, 1)",30,120,,30,90,1,3000,48,65,1.03,168,b,data/videos_v3/int_3000ms/v3_3000_00840.avi,circle,square,43,35,,,1.59,
True,201,361,220,360,168,magenta,yellow,"(-1, 1)","(-1, -1)",24,114,,30,90,1,3000,66,58,0.8,153,a,data/videos_v3/int_3000ms/v3_3000_00841.avi,square,square,45,47,,,1.31,
True,266,124,228,223,268,cyan,yellow,"(-1, 0)","(-1, 0)",24,114,,30,90,0,3000,71,53,0.81,155,b,data/videos_v3/int_3000ms/v3_3000_00842.avi,square,square,36,45,,,1.37,
False,104,361,228,345,203,magenta,red,"(0, 1)","(1, 0)",27,117,,30,90,0,3000,47,62,0.92,168,a,data/videos_v3/int_3000ms/v3_3000_00843.avi,circle,circle,44,41,,,1.68,
False,204,382,212,266,62,red,green,"(-1, -1)","(1, 1)",26,116,,30,90,0,3000,50,56,0.87,167,a,data/videos_v3/int_3000ms/v3_3000_00844.avi,square,square,47,38,,,1.7,
True,252,264,205,100,308,green,red,"(0, -1)","(-1, 0)",28,118,,30,90,0,3000,61,45,0.96,163,b,data/videos_v3/int_3000ms/v3_3000_00845.avi,triangle,square,49,36,,,1.5,
True,186,86,212,285,155,yellow,red,"(0, -1)","(-1, 1)",38,128,,30,90,1,3000,49,74,1.27,181,a,data/videos_v3/int_3000ms/v3_3000_00846.avi,square,square,40,43,,,1.78,
False,225,338,228,112,414,red,magenta,"(-1, 1)","(-1, -1)",36,126,,30,90,0,3000,62,45,1.21,164,a,data/videos_v3/int_3000ms/v3_3000_00847.avi,circle,triangle,41,35,,,1.27,
True,264,121,205,208,362,yellow,green,"(0, -1)","(1, 1)",26,116,,30,90,0,3000,47,63,0.89,163,b,data/videos_v3/int_3000ms/v3_3000_00848.avi,square,square,44,38,,,1.55,
True,191,75,220,180,244,red,yellow,"(-1, 1)","(1, 0)",21,111,,30,90,0,3000,57,67,0.71,164,b,data/videos_v3/int_3000ms/v3_3000_00849.avi,square,triangle,46,43,,,1.76,
True,155,407,212,259,340,magenta,cyan,"(-1, 0)","(0, 1)",32,122,,30,90,1,3000,70,49,1.09,169,a,data/videos_v3/int_3000ms/v3_3000_00850.avi,circle,triangle,37,43,,,1.55,
False,346,355,205,235,247,blue,magenta,"(-1, 0)","(0, -1)",24,114,,30,90,1,3000,74,47,0.8,162,b,data/videos_v3/int_3000ms/v3_3000_00851.avi,triangle,circle,39,35,,,1.61,
False,320,373,228,209,367,magenta,green,"(1, -1)","(0, -1)",33,123,,30,90,1,3000,74,61,1.13,169,b,data/videos_v3/int_3000ms/v3_3000_00852.avi,circle,circle,48,34,,,1.51,
False,72,346,228,381,403,yellow,magenta,"(1, 0)","(1, 0)",22,112,,30,90,0,3000,62,46,0.76,155,a,data/videos_v3/int_3000ms/v3_3000_00853.avi,square,circle,50,41,,,1.44,
False,399,142,228,101,368,blue,cyan,"(0, 1)","(1, 0)",22,112,,30,90,0,3000,57,58,0.75,157,a,data/videos_v3/int_3000ms/v3_3000_00854.avi,triangle,circle,34,36,,,1.51,
False,208,383,220,377,99,blue,yellow,"(-1, 1)","(1, 1)",31,121,,30,90,0,3000,58,46,1.04,161,a,data/videos_v3/int_3000ms/v3_3000_00855.avi,triangle,square,43,39,,,1.35,
False,194,349,228,242,184,magenta,green,"(0, -1)","(1, -1)",30,120,,30,90,1,3000,74,59,1.03,169,b,data/videos_v3/int_3000ms/v3_3000_00856.avi,circle,circle,45,50,,,1.62,
True,213,302,220,128,351,green,yellow,"(1, 0)","(1, 0)",36,126,,30,90,0,3000,68,69,1.22,162,b,data/videos_v3/int_3000ms/v3_3000_00857.avi,circle,circle,42,39,,,1.21,
False,219,281,220,107,167,yellow,blue,"(1, 1)","(1, -1)",26,116,,30,90,0,3000,75,46,0.87,157,a,data/videos_v3/int_3000ms/v3_3000_00858.avi,triangle,triangle,47,50,,,1.38,
False,329,324,205,135,255,cyan,magenta,"(1, -1)","(-1, 1)",30,120,,30,90,0,3000,59,54,1.0,162,a,data/videos_v3/int_3000ms/v3_3000_00859.avi,triangle,square,37,43,,,1.43,
False,301,95,220,218,116,green,magenta,"(1, 1)","(-1, 0)",21,111,,30,90,1,3000,51,48,0.73,165,b,data/videos_v3/int_3000ms/v3_3000_00860.avi,triangle,square,48,43,,,1.78,
True,372,173,220,103,330,magenta,red,"(1, -1)","(1, 1)",28,118,,30,90,1,3000,73,57,0.96,162,a,data/videos_v3/int_3000ms/v3_3000_00861.avi,circle,square,38,49,,,1.44,
False,170,324,212,284,370,cyan,yellow,"(-1, -1)","(-1, 0)",29,119,,30,90,0,3000,62,67,0.99,169,a,data/videos_v3/int_3000ms/v3_3000_00862.avi,triangle,square,45,38,,,1.67,
True,200,368,205,230,266,yellow,cyan,"(1, 0)","(-1, -1)",39,129,,30,90,1,3000,54,46,1.3,169,a,data/videos_v3/int_3000ms/v3_3000_00863.avi,triangle,triangle,35,41,,,1.35,
False,245,376,220,130,377,red,magenta,"(0, 1)","(0, 1)",35,125,,30,90,0,3000,53,70,1.17,165,a,data/videos_v3/int_3000ms/v3_3000_00864.avi,square,square,43,39,,,1.34,
True,365,151,220,294,333,green,magenta,"(-1, 1)","(0, 1)",25,115,,30,90,1,3000,58,55,0.84,167,a,data/videos_v3/int_3000ms/v3_3000_00865.avi,triangle,circle,39,50,,,1.73,
True,416,65,220,141,322,yellow,cyan,"(-1, 1)","(-1, 1)",23,113,,30,90,0,3000,50,69,0.79,163,b,data/videos_v3/int_3000ms/v3_3000_00866.avi,triangle,circle,42,38,,,1.67,
True,267,317,212,148,73,yellow,magenta,"(1, 1)","(0, 1)",26,116,,30,90,0,3000,51,47,0.87,164,b,data/videos_v3/int_3000ms/v3_3000_00867.avi,square,circle,39,46,,,1.61,
False,263,252,212,315,179,magenta,cyan,"(1, 0)","(-1, -1)",38,128,,30,90,0,3000,67,66,1.28,172,a,data/videos_v3/int_3000ms/v3_3000_00868.avi,circle,square,48,44,,,1.47,
True,175,354,228,380,129,red,green,"(-1, -1)","(-1, -1)",24,114,,30,90,0,3000,71,46,0.82,151,b,data/videos_v3/int_3000ms/v3_3000_00869.avi,square,triangle,38,47,,,1.23,
False,75,126,220,261,125,yellow,blue,"(1, 1)","(0, -1)",38,128,,30,90,0,3000,71,47,1.28,170,a,data/videos_v3/int_3000ms/v3_3000_00870.avi,triangle,triangle,44,35,,,1.41,
True,221,368,220,336,329,green,blue,"(-1, 1)","(-1, -1)",27,117,,30,90,1,3000,51,68,0.93,162,a,data/videos_v3/int_3000ms/v3_3000_00871.avi,circle,circle,42,35,,,1.5,
True,393,276,205,287,266,blue,green,"(-1, 1)","(-1, -1)",24,114,,30,90,0,3000,62,62,0.81,157,b,data/videos_v3/int_3000ms/v3_3000_00872.avi,circle,square,38,38,,,1.44,
False,223,244,228,355,221,green,cyan,"(-1, 0)","(0, 1)",37,127,,30,90,0,3000,72,75,1.24,170,a,data/videos_v3/int_3000ms/v3_3000_00873.avi,square,square,49,39,,,1.43,
True,328,267,220,364,111,cyan,blue,"(-1, 1)","(0, -1)",30,120,,30,90,0,3000,62,61,1.02,159,b,data/videos_v3/int_3000ms/v3_3000_00874.avi,square,triangle,46,42,,,1.3,
False,215,223,228,329,174,magenta,yellow,"(-1, -1)","(-1, -1)",21,111,,30,90,0,3000,48,55,0.72,152,a,data/videos_v3/int_3000ms/v3_3000_00875.avi,circle,triangle,40,38,,,1.37,
True,75,396,220,102,160,yellow,green,"(1, -1)","(0, -1)",37,127,,30,90,0,3000,68,69,1.25,172,b,data/videos_v3/int_3000ms/v3_3000_00876.avi,circle,square,35,49,,,1.49,
False,391,115,205,126,135,green,cyan,"(0, -1)","(0, 1)",36,126,,30,90,1,3000,70,56,1.21,163,b,data/videos_v3/int_3000ms/v3_3000_00877.avi,square,square,45,48,,,1.24,
True,122,338,205,185,258,yellow,magenta,"(0, 1)","(0, 1)",34,124,,30,90,0,3000,66,68,1.14,165,b,data/videos_v3/int_3000ms/v3_3000_00878.avi,square,circle,45,42,,,1.38,
False,369,146,212,132,221,cyan,blue,"(0, 1)","(1, 0)",23,113,,30,90,0,3000,62,52,0.79,162,a,data/videos_v3/int_3000ms/v3_3000_00879.avi,circle,circle,36,41,,,1.61,
True,402,348,212,262,220,blue,green,"(1, 0)","(-1, 0)",34,124,,30,90,0,3000,46,46,1.16,171,b,data/videos_v3/int_3000ms/v3_3000_00880.avi,circle,circle,34,38,,,1.54,
True,380,374,220,229,89,cyan,magenta,"(-1, 1)","(-1, 1)",36,126,,30,90,0,3000,48,74,1.22,168,b,data/videos_v3/int_3000ms/v3_3000_00881.avi,circle,circle,35,34,,,1.4,
True,341,310,228,346,115,blue,red,"(1, 0)","(1, 1)",27,117,,30,90,0,3000,53,63,0.91,158,b,data/videos_v3/int_3000ms/v3_3000_00882.avi,triangle,circle,42,38,,,1.36,
True,397,300,228,177,254,cyan,green,"(-1, 0)","(-1, -1)",36,126,,30,90,1,3000,57,63,1.22,177,a,data/videos_v3/int_3000ms/v3_3000_00883.avi,triangle,square,42,47,,,1.7,
False,148,200,212,97,350,blue,magenta,"(1, 0)","(-1, -1)",21,111,,30,90,0,3000,47,58,0.73,148,a,data/videos_v3/int_3000ms/v3_3000_00884.avi,circle,circle,41,36,,,1.21,
True,419,108,205,188,207,blue,yellow,"(-1, -1)","(1, -1)",30,120,,30,90,1,3000,53,47,1.0,171,a,data/videos_v3/int_3000ms/v3_3000_00885.avi,square,square,49,50,,,1.73,
True,341,191,220,305,408,cyan,blue,"(1, 0)","(1, 0)",36,126,,30,90,0,3000,67,66,1.2,163,b,data/videos_v3/int_3000ms/v3_3000_00886.avi,triangle,circle,50,41,,,1.24,
False,213,240,220,295,178,yellow,cyan,"(0, 1)","(1, 0)",36,126,,30,90,1,3000,68,63,1.2,165,b,data/videos_v3/int_3000ms/v3_3000_00887.avi,square,circle,42,42,,,1.31,
True,410,241,205,271,393,red,blue,"(-1, 0)","(-1, -1)",31,121,,30,90,0,3000,45,66,1.05,158,b,data/videos_v3/int_3000ms/v3_3000_00888.avi,circle,triangle,35,41,,,1.22,
False,243,166,205,382,214,blue,yellow,"(1, -1)","(1, 0)",32,122,,30,90,1,3000,69,52,1.09,176,b,data/videos_v3/int_3000ms/v3_3000_00889.avi,square,square,42,49,,,1.78,
True,175,313,220,102,183,magenta,green,"(0, -1)","(1, 0)",29,119,,30,90,1,3000,52,72,0.99,161,a,data/videos_v3/int_3000ms/v3_3000_00890.avi,circle,circle,45,45,,,1.4,
True,343,296,220,156,212,yellow,green,"(1, 1)","(1, -1)",35,125,,30,90,0,3000,64,65,1.17,176,b,data/videos_v3/int_3000ms/v3_3000_00891.avi,circle,circle,36,40,,,1.7,
False,357,372,205,249,207,yellow,cyan,"(-1, -1)","(1, 0)",37,127,,30,90,0,3000,73,55,1.26,168,a,data/videos_v3/int_3000ms/v3_3000_00892.avi,triangle,square,49,42,,,1.37,
False,377,134,228,84,123,magenta,green,"(0, 1)","(-1, -1)",24,114,,30,90,0,3000,66,48,0.82,167,a,data/videos_v3/int_3000ms/v3_3000_00893.avi,square,triangle,46,34,,,1.76,
True,187,418,228,340,189,magenta,cyan,"(0, -1)","(-1, 1)",32,122,,30,90,0,3000,70,62,1.07,160,b,data/videos_v3/int_3000ms/v3_3000_00894.avi,circle,circle,49,41,,,1.29,
True,315,265,205,124,98,green,yellow,"(1, 0)","(1, 1)",32,122,,30,90,0,3000,52,48,1.07,159,b,data/videos_v3/int_3000ms/v3_3000_00895.avi,square,triangle,43,39,,,1.24,
False,178,323,212,240,212,red,yellow,"(-1, 1)","(1, 1)",24,114,,30,90,0,3000,63,54,0.82,167,a,data/videos_v3/int_3000ms/v3_3000_00896.avi,square,square,37,41,,,1.77,
False,154,155,212,84,342,magenta,yellow,"(0, -1)","(1, 0)",37,127,,30,90,0,3000,75,62,1.25,169,a,data/videos_v3/int_3000ms/v3_3000_00897.avi,square,triangle,47,42,,,1.39,
True,344,222,228,124,399,blue,cyan,"(0, 1)","(-1, -1)",29,119,,30,90,0,3000,73,67,0.98,173,b,data/videos_v3/int_3000ms/v3_3000_00898.avi,circle,circle,38,38,,,1.79,
False,409,257,205,216,272,yellow,cyan,"(-1, 0)","(0, 1)",32,122,,30,90,1,3000,63,58,1.07,173,b,data/videos_v3/int_3000ms/v3_3000_00899.avi,square,triangle,50,47,,,1.71,
False,405,181,228,129,240,cyan,red,"(-1, -1)","(0, 1)",27,177,data/videos_v3/int_5000ms/v3_5000_00900_flip.avi,30,150,1,5000,54,45,0.93,230,b,data/videos_v3/int_5000ms/v3_5000_00900.avi,circle,triangle,35,46,data/videos_v3/int_5000ms/v3_5000_00900_soloa.avi,data/videos_v3/int_5000ms/v3_5000_00900_solob.avi,1.76,data/twin_v3/v3_5000_00900.avi
True,317,344,205,285,148,yellow,cyan,"(0, 1)","(1, 1)",23,173,data/videos_v3/int_5000ms/v3_5000_00901_flip.avi,30,150,0,5000,65,70,0.77,209,b,data/videos_v3/int_5000ms/v3_5000_00901.avi,triangle,triangle,46,36,data/videos_v3/int_5000ms/v3_5000_00901_soloa.avi,data/videos_v3/int_5000ms/v3_5000_00901_solob.avi,1.2,data/twin_v3/v3_5000_00901.avi
True,251,349,228,135,213,magenta,yellow,"(-1, -1)","(1, -1)",30,180,data/videos_v3/int_5000ms/v3_5000_00902_flip.avi,30,150,0,5000,71,60,1.02,232,b,data/videos_v3/int_5000ms/v3_5000_00902.avi,circle,triangle,48,48,data/videos_v3/int_5000ms/v3_5000_00902_soloa.avi,data/videos_v3/int_5000ms/v3_5000_00902_solob.avi,1.73,data/twin_v3/v3_5000_00902.avi
False,362,71,220,312,180,red,yellow,"(1, 0)","(-1, 1)",35,185,data/videos_v3/int_5000ms/v3_5000_00903_flip.avi,30,150,1,5000,74,62,1.19,234,b,data/videos_v3/int_5000ms/v3_5000_00903.avi,square,triangle,49,45,data/videos_v3/int_5000ms/v3_5000_00903_soloa.avi,data/videos_v3/int_5000ms/v3_5000_00903_solob.avi,1.62,data/twin_v3/v3_5000_00903.avi
True,144,300,228,209,234,red,green,"(-1, 1)","(0, 1)",36,186,data/videos_v3/int_5000ms/v3_5000_00904_flip.avi,30,150,1,5000,64,50,1.21,232,a,data/videos_v3/int_5000ms/v3_5000_00904.avi,square,circle,44,37,data/videos_v3/int_5000ms/v3_5000_00904_soloa.avi,data/videos_v3/int_5000ms/v3_5000_00904_solob.avi,1.54,data/twin_v3/v3_5000_00904.avi
True,354,151,228,62,258,green,magenta,"(-1, 0)","(1, 1)",23,173,data/videos_v3/int_5000ms/v3_5000_00905_flip.avi,30,150,1,5000,70,62,0.79,212,a,data/videos_v3/int_5000ms/v3_5000_00905.avi,square,circle,37,49,data/videos_v3/int_5000ms/v3_5000_00905_soloa.avi,data/videos_v3/int_5000ms/v3_5000_00905_solob.avi,1.29,data/twin_v3/v3_5000_00905.avi
False,322,171,228,150,316,blue,green,"(0, -1)","(-1, 0)",23,173,data/videos_v3/int_5000ms/v3_5000_00906_flip.avi,30,150,0,5000,51,67,0.79,224,a,data/videos_v3/int_5000ms/v3_5000_00906.avi,circle,circle,44,35,data/videos_v3/int_5000ms/v3_5000_00906_soloa.avi,data/videos_v3/int_5000ms/v3_5000_00906_solob.avi,1.69,data/twin_v3/v3_5000_00906.avi
False,394,124,212,384,349,green,red,"(-1, 1)","(0, 1)",27,177,data/videos_v3/int_5000ms/v3_5000_00907_flip.avi,30,150,0,5000,69,57,0.93,230,a,data/videos_v3/int_5000ms/v3_5000_00907.avi,circle,square,43,45,data/videos_v3/int_5000ms/v3_5000_00907_soloa.avi,data/videos_v3/int_5000ms/v3_5000_00907_solob.avi,1.74,data/twin_v3/v3_5000_00907.avi
False,281,148,220,250,280,cyan,blue,"(1, -1)","(-1, 1)",24,174,data/videos_v3/int_5000ms/v3_5000_00908_flip.avi,30,150,1,5000,69,71,0.81,210,b,data/videos_v3/int_5000ms/v3_5000_00908.avi,square,circle,38,50,data/videos_v3/int_5000ms/v3_5000_00908_soloa.avi,data/videos_v3/int_5000ms/v3_5000_00908_solob.avi,1.21,data/twin_v3/v3_5000_00908.avi
False,246,337,212,369,190,magenta,blue,"(-1, -1)","(0, -1)",24,174,data/videos_v3/int_5000ms/v3_5000_00909_flip.avi,30,150,0,5000,49,63,0.83,224,a,data/videos_v3/int_5000ms/v3_5000_00909.avi,triangle,square,41,44,data/videos_v3/int_5000ms/v3_5000_00909_soloa.avi,data/videos_v3/int_5000ms/v3_5000_00909_solob.avi,1.65,data/twin_v3/v3_5000_00909.avi
True,387,120,205,142,352,red,blue,"(-1, -1)","(-1, 0)",37,187,data/videos_v3/int_5000ms/v3_5000_00910_flip.avi,30,150,1,5000,56,68,1.26,226,a,data/videos_v3/int_5000ms/v3_5000_00910.avi,triangle,circle,47,36,data/videos_v3/int_5000ms/v3_5000_00910_soloa.avi,data/videos_v3/int_5000ms/v3_5000_00910_solob.avi,1.28,data/twin_v3/v3_5000_00910.avi
True,378,261,212,116,390,green,magenta,"(-1, -1)","(1, -1)",28,178,data/videos_v3/int_5000ms/v3_5000_00911_flip.avi,30,150,1,5000,71,51,0.95,217,a,data/videos_v3/int_5000ms/v3_5000_00911.avi,triangle,circle,39,49,data/videos_v3/int_5000ms/v3_5000_00911_soloa.avi,data/videos_v3/int_5000ms/v3_5000_00911_solob.avi,1.31,data/twin_v3/v3_5000_00911.avi
True,119,100,228,66,156,red,magenta,"(0, 1)","(0, 1)",37,187,data/videos_v3/int_5000ms/v3_5000_00912_flip.avi,30,150,1,5000,59,55,1.26,235,a,data/videos_v3/int_5000ms/v3_5000_00912.avi,triangle,circle,38,38,data/videos_v3/int_5000ms/v3_5000_00912_soloa.avi,data/videos_v3/int_5000ms/v3_5000_00912_solob.avi,1.58,data/twin_v3/v3_5000_00912.avi
False,291,308,228,200,371,yellow,blue,"(-1, -1)","(1, 0)",35,185,data/videos_v3/int_5000ms/v3_5000_00913_flip.avi,30,150,0,5000,74,60,1.17,223,a,data/videos_v3/int_5000ms/v3_5000_00913.avi,triangle,triangle,37,48,data/videos_v3/int_5000ms/v3_5000_00913_soloa.avi,data/videos_v3/int_5000ms/v3_5000_00913_solob.avi,1.29,data/twin_v3/v3_5000_00913.avi
False,241,337,212,236,238,magenta,red,"(-1, 0)","(0, -1)",35,185,data/videos_v3/int_5000ms/v3_5000_00914_flip.avi,30,150,0,5000,64,72,1.19,237,a,data/videos_v3/int_5000ms/v3_5000_00914.avi,triangle,square,36,43,data/videos_v3/int_5000ms/v3_5000_00914_soloa.avi,data/videos_v3/int_5000ms/v3_5000_00914_solob.avi,1.74,data/twin_v3/v3_5000_00914.avi
False,219,160,220,289,213,yellow,cyan,"(0, -1)","(1, 0)",25,175,data/videos_v3/int_5000ms/v3_5000_00915_flip.avi,30,150,1,5000,45,73,0.84,213,b,data/videos_v3/int_5000ms/v3_5000_00915.avi,triangle,circle,42,40,data/videos_v3/int_5000ms/v3_5000_00915_soloa.avi,data/videos_v3/int_5000ms/v3_5000_00915_solob.avi,1.26,data/twin_v3/v3_5000_00915.avi
False,139,87,212,261,65,magenta,red,"(-1, 0)","(-1, 0)",26,176,data/videos_v3/int_5000ms/v3_5000_00916_flip.avi,30,150,1,5000,57,60,0.89,217,b,data/videos_v3/int_5000ms/v3_5000_00916.avi,circle,triangle,39,42,data/videos_v3/int_5000ms/v3_5000_00916_soloa.avi,data/videos_v3/int_5000ms/v3_5000_00916_solob.avi,1.37,data/twin_v3/v3_5000_00916.avi
False,221,123,205,204,270,red,magenta,"(1, 1)","(-1, 1)",33,183,data/videos_v3/int_5000ms/v3_5000_00917_flip.avi,30,150,0,5000,62,56,1.1,229,a,data/videos_v3/int_5000ms/v3_5000_00917.avi,circle,square,39,48,data/videos_v3/int_5000ms/v3_5000_00917_soloa.avi,data/videos_v3/int_5000ms/v3_5000_00917_solob.avi,1.56,data/twin_v3/v3_5000_00917.avi
False,120,253,228,295,390,magenta,yellow,"(-1, -1)","(1, 0)",23,173,data/videos_v3/int_5000ms/v3_5000_00918_flip.avi,30,150,0,5000,51,48,0.78,227,a,data/videos_v3/int_5000ms/v3_5000_00918.avi,circle,triangle,49,35,data/videos_v3/int_5000ms/v3_5000_00918_soloa.avi,data/videos_v3/int_5000ms/v3_5000_00918_solob.avi,1.79,data/twin_v3/v3_5000_00918.avi
False,71,266,220,347,402,yellow,red,"(0, -1)","(0, -1)",28,178,data/videos_v3/int_5000ms/v3_5000_00919_flip.avi,30,150,1,5000,67,75,0.96,227,b,data/videos_v3/int_5000ms/v3_5000_00919.avi,square,square,44,45,data/videos_v3/int_5000ms/v3_5000_00919_soloa.avi,data/videos_v3/int_5000ms/v3_5000_00919_solob.avi,1.63,data/twin_v3/v3_5000_00919.avi
True,338,400,205,254,215,blue,cyan,"(-1, -1)","(-1, 1)",22,172,,30,150,0,5000,51,61,0.75,213,b,data/videos_v3/int_5000ms/v3_5000_00920.avi,triangle,triangle,41,35,,,1.37,
False,367,125,220,107,199,cyan,yellow,"(0, -1)","(-1, -1)",31,181,,30,150,0,5000,69,48,1.05,228,a,data/videos_v3/int_5000ms/v3_5000_00921.avi,circle,square,34,36,,,1.58,
True,214,168,212,280,206,magenta,yellow,"(0, -1)","(1, -1)",31,181,,30,150,0,5000,74,67,1.05,222,b,data/videos_v3/int_5000ms/v3_5000_00922.avi,triangle,triangle,46,38,,,1.36,
True,387,344,220,307,381,yellow,cyan,"(-1, -1)","(0, 1)",29,179,,30,150,1,5000,52,64,0.97,232,a,data/videos_v3/int_5000ms/v3_5000_00923.avi,triangle,circle,39,41,,,1.77,
False,123,354,220,356,377,green,magenta,"(1, 0)","(0, -1)",28,178,,30,150,0,5000,54,70,0.96,225,a,data/videos_v3/int_5000ms/v3_5000_00924.avi,square,circle,50,49,,,1.57,
False,348,332,228,251,127,green,red,"(-1, 1)","(-1, 1)",22,172,,30,150,0,5000,66,57,0.76,218,a,data/videos_v3/int_5000ms/v3_5000_00925.avi,circle,square,44,36,,,1.52,
False,209,248,220,204,418,red,magenta,"(0, 1)","(1, -1)",34,184,,30,150,0,5000,62,66,1.16,221,a,data/videos_v3/int_5000ms/v3_5000_00926.avi,circle,circle,34,43,,,1.21,
False,140,374,228,314,307,cyan,yellow,"(-1, -1)","(-1, 0)",24,174,,30,150,0,5000,65,68,0.81,223,a,data/videos_v3/int_5000ms/v3_5000_00927.avi,circle,circle,45,50,,,1.64,
False,216,180,228,224,94,green,cyan,"(0, 1)","(-1, 0)",32,182,,30,150,0,5000,46,45,1.08,227,a,data/videos_v3/int_5000ms/v3_5000_00928.avi,circle,circle,39,46,,,1.5,
True,276,359,205,169,330,yellow,red,"(1, -1)","(1, -1)",31,181,,30,150,0,5000,66,66,1.04,223,b,data/videos_v3/int_5000ms/v3_5000_00929.avi,square,circle,48,48,,,1.4,
True,359,197,220,294,277,green,yellow,"(1, -1)","(-1, -1)",32,182,,30,150,1,5000,61,61,1.07,228,a,data/videos_v3/int_5000ms/v3_5000_00930.avi,triangle,triangle,38,40,,,1.54,
False,351,413,228,351,225,red,cyan,"(1, -1)","(-1, -1)",24,174,,30,150,1,5000,62,50,0.81,211,b,data/videos_v3/int_5000ms/v3_5000_00931.avi,square,triangle,43,35,,,1.25,
True,117,405,228,179,94,green,yellow,"(1, -1)","(1, -1)",27,177,,30,150,0,5000,57,55,0.9,224,b,data/videos_v3/int_5000ms/v3_5000_00932.avi,circle,triangle,50,45,,,1.58,
False,373,182,220,164,298,green,yellow,"(1, 0)","(0, 1)",22,172,,30,150,1,5000,48,69,0.76,217,b,data/videos_v3/int_5000ms/v3_5000_00933.avi,square,circle,46,41,,,1.49,
False,258,98,212,170,257,cyan,red,"(-1, -1)","(0, 1)",30,180,,30,150,0,5000,57,69,1.01,219,a,data/videos_v3/int_5000ms/v3_5000_00934.avi,triangle,circle,38,41,,,1.31,
True,113,154,228,396,119,blue,green,"(1, 0)","(-1, 0)",37,187,,30,150,0,5000,61,46,1.24,226,b,data/videos_v3/int_5000ms/v3_5000_00935.avi,triangle,triangle,48,47,,,1.32,
True,381,193,220,78,122,red,blue,"(1, 1)","(1, -1)",32,182,,30,150,1,5000,45,55,1.09,230,a,data/videos_v3/int_5000ms/v3_5000_00936.avi,circle,circle,47,48,,,1.6,
True,312,380,228,67,300,red,green,"(0, 1)","(0, -1)",24,174,,30,150,0,5000,57,67,0.83,214,b,data/videos_v3/int_5000ms/v3_5000_00937.avi,circle,triangle,42,44,,,1.32,
False,203,291,228,232,143,blue,magenta,"(1, 0)","(-1, -1)",30,180,,30,150,1,5000,59,50,1.0,217,b,data/videos_v3/int_5000ms/v3_5000_00938.avi,triangle,circle,40,37,,,1.26,
False,101,404,220,130,140,blue,yellow,"(1, 0)","(0, -1)",30,180,,30,150,1,5000,48,74,1.01,225,b,data/videos_v3/int_5000ms/v3_5000_00939.avi,square,circle,34,48,,,1.52,
False,161,236,220,292,142,yellow,cyan,"(0, 1)","(1, 1)",38,188,,30,150,0,5000,70,74,1.29,224,a,data/videos_v3/int_5000ms/v3_5000_00940.avi,square,circle,47,38,,,1.2,
True,200,419,212,308,250,yellow,cyan,"(0, -1)","(-1, 0)",27,177,,30,150,1,5000,62,68,0.92,218,a,data/videos_v3/int_5000ms/v3_5000_00941.avi,circle,circle,41,47,,,1.37,
False,79,108,220,408,276,red,yellow,"(1, 0)","(-1, -1)",26,176,,30,150,1,5000,55,70,0.89,226,b,data/videos_v3/int_5000ms/v3_5000_00942.avi,circle,triangle,41,34,,,1.66,
False,177,401,212,151,126,magenta,red,"(-1, 0)","(1, -1)",30,180,,30,150,0,5000,70,62,1.01,218,a,data/videos_v3/int_5000ms/v3_5000_00943.avi,triangle,triangle,45,43,,,1.28,
False,293,318,212,344,83,yellow,red,"(0, -1)","(1, 0)",26,176,,30,150,0,5000,52,51,0.87,227,a,data/videos_v3/int_5000ms/v3_5000_00944.avi,circle,triangle,50,46,,,1.7,
False,308,110,205,313,181,blue,yellow,"(1, -1)","(1, 0)",36,186,,30,150,0,5000,56,58,1.2,231,a,data/videos_v3/int_5000ms/v3_5000_00945.avi,circle,square,34,34,,,1.52,
True,133,331,228,182,103,yellow,red,"(0, -1)","(-1, 1)",21,171,,30,150,1,5000,64,51,0.73,211,a,data/videos_v3/int_5000ms/v3_5000_00946.avi,square,circle,45,48,,,1.31,
False,251,151,228,237,214,red,green,"(0, -1)","(1, 0)",37,187,,30,150,1,5000,72,62,1.26,229,b,data/videos_v3/int_5000ms/v3_5000_00947.avi,triangle,triangle,39,47,,,1.4,
False,378,304,212,164,415,cyan,green,"(-1, 1)","(1, 0)",33,183,,30,150,0,5000,70,45,1.13,234,a,data/videos_v3/int_5000ms/v3_5000_00948.avi,square,square,47,47,,,1.69,
False,184,232,212,133,231,magenta,cyan,"(1, 1)","(-1, 0)",25,175,,30,150,0,5000,53,65,0.85,222,a,data/videos_v3/int_5000ms/v3_5000_00949.avi,square,square,36,35,,,1.56,
True,97,307,220,244,192,red,yellow,"(1, -1)","(1, 1)",28,178,,30,150,0,5000,50,74,0.94,218,b,data/videos_v3/int_5000ms/v3_5000_00950.avi,circle,square,48,36,,,1.34,
True,263,235,220,186,218,red,green,"(0, -1)","(-1, 0)",35,185,,30,150,0,5000,70,69,1.17,222,b,data/videos_v3/int_5000ms/v3_5000_00951.avi,circle,square,39,50,,,1.25,
False,394,239,205,343,342,red,green,"(-1, 0)","(-1, 0)",21,171,,30,150,0,5000,66,62,0.7,207,a,data/videos_v3/int_5000ms/v3_5000_00952.avi,square,triangle,34,47,,,1.23,
True,292,331,228,147,220,magenta,blue,"(1, 0)","(-1, 1)",27,177,,30,150,0,5000,72,68,0.9,223,b,data/videos_v3/int_5000ms/v3_5000_00953.avi,triangle,triangle,46,44,,,1.56,
False,112,335,220,96,210,cyan,green,"(1, -1)","(-1, 0)",36,186,,30,150,1,5000,68,58,1.23,226,b,data/videos_v3/int_5000ms/v3_5000_00954.avi,triangle,triangle,40,43,,,1.31,
False,80,174,205,216,85,yellow,blue,"(0, 1)","(1, 1)",26,176,,30,150,0,5000,46,46,0.87,222,a,data/videos_v3/int_5000ms/v3_5000_00955.avi,square,circle,49,46,,,1.54,
False,376,251,205,97,338,magenta,red,"(1, -1)","(1, 1)",36,186,,30,150,0,5000,64,45,1.23,225,a,data/videos_v3/int_5000ms/v3_5000_00956.avi,triangle,square,34,50,,,1.3,
False,103,246,212,172,328,cyan,yellow,"(-1, 0)","(1, -1)",35,185,,30,150,0,5000,57,57,1.17,234,a,data/videos_v3/int_5000ms/v3_5000_00957.avi,square,triangle,37,45,,,1.66,
False,250,110,228,217,270,magenta,yellow,"(1, 0)","(-1, -1)",34,184,,30,150,1,5000,46,68,1.14,229,b,data/videos_v3/int_5000ms/v3_5000_00958.avi,square,circle,39,40,,,1.51,
True,220,312,220,353,324,yellow,green,"(-1, 1)","(-1, -1)",25,175,,30,150,0,5000,54,59,0.85,214,b,data/videos_v3/int_5000ms/v3_5000_00959.avi,triangle,triangle,46,37,,,1.3,
False,255,346,220,283,196,cyan,magenta,"(-1, -1)","(-1, -1)",27,177,,30,150,1,5000,75,49,0.92,219,b,data/videos_v3/int_5000ms/v3_5000_00960.avi,square,square,43,50,,,1.39,
False,212,116,205,414,264,magenta,yellow,"(0, -1)","(-1, -1)",31,181,,30,150,0,5000,66,75,1.06,226,a,data/videos_v3/int_5000ms/v3_5000_00961.avi,square,circle,35,48,,,1.48,
True,99,139,220,155,383,magenta,yellow,"(0, 1)","(-1, -1)",32,182,,30,150,0,5000,61,74,1.07,223,b,data/videos_v3/int_5000ms/v3_5000_00962.avi,square,circle,42,46,,,1.37,
False,229,358,228,148,303,magenta,green,"(1, 0)","(0, -1)",28,178,,30,150,1,5000,61,52,0.94,220,b,data/videos_v3/int_5000ms/v3_5000_00963.avi,square,triangle,38,45,,,1.42,
True,270,363,212,226,149,cyan,blue,"(1, 0)","(-1, 0)",37,187,,30,150,0,5000,73,46,1.24,236,b,data/videos_v3/int_5000ms/v3_5000_00964.avi,circle,triangle,34,40,,,1.64,
False,274,209,220,117,371,cyan,green,"(-1, -1)","(0, -1)",24,174,,30,150,0,5000,67,64,0.82,219,a,data/videos_v3/int_5000ms/v3_5000_00965.avi,square,triangle,44,44,,,1.51,
True,87,355,212,330,156,yellow,cyan,"(-1, 0)","(-1, -1)",33,183,,30,150,1,5000,49,49,1.13,231,a,data/videos_v3/int_5000ms/v3_5000_00966.avi,triangle,triangle,47,45,,,1.57,
True,339,204,205,171,324,blue,red,"(1, 0)","(-1, 0)",27,177,,30,150,0,5000,70,57,0.92,216,b,data/videos_v3/int_5000ms/v3_5000_00967.avi,triangle,triangle,41,40,,,1.29,
False,113,87,228,340,160,cyan,green,"(0, 1)","(-1, -1)",22,172,,30,150,0,5000,74,63,0.74,222,a,data/videos_v3/int_5000ms/v3_5000_00968.avi,triangle,circle,34,37,,,1.66,
False,175,321,220,169,215,magenta,blue,"(0, 1)","(1, 1)",26,176,,30,150,1,5000,73,68,0.89,221,b,data/videos_v3/int_5000ms/v3_5000_00969.avi,circle,triangle,46,42,,,1.5,
True,356,86,205,295,201,blue,magenta,"(-1, 0)","(1, 0)",24,174,,30,150,1,5000,60,61,0.81,227,a,data/videos_v3/int_5000ms/v3_5000_00970.avi,square,triangle,42,39,,,1.78,
False,104,367,205,249,144,cyan,yellow,"(0, -1)","(1, -1)",36,186,,30,150,0,5000,46,47,1.21,225,a,data/videos_v3/int_5000ms/v3_5000_00971.avi,triangle,triangle,34,34,,,1.31,
True,350,363,212,126,87,yellow,cyan,"(0, -1)","(1, 0)",26,176,,30,150,0,5000,62,69,0.87,213,b,data/videos_v3/int_5000ms/v3_5000_00972.avi,circle,triangle,42,35,,,1.26,
False,341,247,205,414,163,cyan,magenta,"(-1, -1)","(-1, -1)",30,180,,30,150,0,5000,61,64,1.0,225,a,data/videos_v3/int_5000ms/v3_5000_00973.avi,circle,circle,38,48,,,1.51,
True,144,410,228,376,313,red,magenta,"(0, -1)","(1, -1)",34,184,,30,150,0,5000,69,63,1.14,223,b,data/videos_v3/int_5000ms/v3_5000_00974.avi,circle,square,49,36,,,1.3,
False,246,224,205,226,88,cyan,red,"(0, 1)","(1, 1)",28,178,,30,150,1,5000,52,64,0.96,221,b,data/videos_v3/int_5000ms/v3_5000_00975.avi,circle,circle,35,35,,,1.43,
True,86,210,220,285,62,cyan,yellow,"(1, -1)","(1, 1)",21,171,,30,150,1,5000,52,71,0.72,212,a,data/videos_v3/int_5000ms/v3_5000_00976.avi,square,circle,44,36,,,1.37,
True,306,203,212,238,168,yellow,cyan,"(1, -1)","(0, 1)",31,181,,30,150,0,5000,51,66,1.06,219,b,data/videos_v3/int_5000ms/v3_5000_00977.avi,circle,circle,38,35,,,1.24,
False,326,146,205,254,369,cyan,red,"(0, -1)","(-1, 0)",25,175,,30,150,0,5000,65,69,0.86,228,a,data/videos_v3/int_5000ms/v3_5000_00978.avi,triangle,square,50,40,,,1.76,
True,240,352,205,167,370,green,magenta,"(-1, -1)","(0, 1)",37,187,,30,150,1,5000,67,54,1.24,224,a,data/videos_v3/int_5000ms/v3_5000_00979.avi,triangle,circle,36,47,,,1.23,
True,345,256,228,147,176,cyan,yellow,"(-1, 0)","(1, -1)",21,171,,30,150,0,5000,48,69,0.7,217,b,data/videos_v3/int_5000ms/v3_5000_00980.avi,circle,triangle,36,46,,,1.56,
True,111,232,228,312,125,green,yellow,"(0, 1)","(1, 1)",22,172,,30,150,0,5000,57,57,0.76,225,b,data/videos_v3/int_5000ms/v3_5000_00981.avi,triangle,square,37,45,,,1.75,
False,147,300,205,359,363,cyan,red,"(-1, 0)","(0, -1)",28,178,,30,150,1,5000,70,49,0.96,227,b,data/videos_v3/int_5000ms/v3_5000_00982.avi,square,square,49,46,,,1.63,
True,193,415,220,332,296,green,yellow,"(-1, 0)","(-1, 0)",21,171,,30,150,0,5000,56,62,0.72,219,b,data/videos_v3/int_5000ms/v3_5000_00983.avi,square,triangle,43,44,,,1.58,
True,257,388,220,74,93,blue,green,"(1, 0)","(0, -1)",32,182,,30,150,0,5000,56,46,1.09,220,b,data/videos_v3/int_5000ms/v3_5000_00984.avi,square,square,39,42,,,1.26,
False,97,265,205,282,233,green,red,"(0, -1)","(1, 0)",22,172,,30,150,0,5000,57,64,0.75,225,a,data/videos_v3/int_5000ms/v3_5000_00985.avi,square,triangle,45,40,,,1.76,
True,192,80,220,291,239,cyan,green,"(-1, 0)","(-1, -1)",29,179,,30,150,0,5000,59,58,0.99,227,b,data/videos_v3/int_5000ms/v3_5000_00986.avi,square,square,48,47,,,1.58,
False,388,388,205,173,202,green,magenta,"(-1, 1)","(0, -1)",38,188,,30,150,0,5000,45,53,1.27,231,a,data/videos_v3/int_5000ms/v3_5000_00987.avi,circle,triangle,44,38,,,1.46,
False,327,116,220,136,304,green,cyan,"(-1, 0)","(0, 1)",34,184,,30,150,0,5000,48,59,1.16,224,a,data/videos_v3/int_5000ms/v3_5000_00988.avi,triangle,triangle,49,43,,,1.33,
True,319,138,205,138,175,green,magenta,"(0, 1)","(0, -1)",26,176,,30,150,1,5000,45,64,0.89,229,a,data/videos_v3/int_5000ms/v3_5000_00989.avi,circle,square,45,42,,,1.77,
False,129,275,228,87,159,red,green,"(1, 1)","(1, 0)",26,176,,30,150,0,5000,61,53,0.88,228,a,data/videos_v3/int_5000ms/v3_5000_00990.avi,circle,triangle,42,36,,,1.73,
True,335,169,212,108,120,magenta,yellow,"(-1, -1)","(-1, 1)",23,173,,30,150,0,5000,57,67,0.79,221,b,data/videos_v3/int_5000ms/v3_5000_00991.avi,circle,circle,47,39,,,1.59,
True,173,318,228,300,258,magenta,green,"(0, -1)","(1, 1)",38,188,,30,150,1,5000,53,68,1.27,240,a,data/videos_v3/int_5000ms/v3_5000_00992.avi,circle,circle,37,47,,,1.76,
False,252,108,212,343,170,green,cyan,"(-1, 0)","(-1, 0)",21,171,,30,150,1,5000,62,49,0.72,221,b,data/videos_v3/int_5000ms/v3_5000_00993.avi,circle,circle,38,38,,,1.66,
True,315,68,220,141,144,blue,yellow,"(1, 0)","(1, 1)",24,174,,30,150,1,5000,65,66,0.81,220,a,data/videos_v3/int_5000ms/v3_5000_00994.avi,square,triangle,40,42,,,1.55,
False,150,109,205,394,317,red,yellow,"(0, -1)","(-1, 0)",22,172,,30,150,0,5000,56,74,0.76,225,a,data/videos_v3/int_5000ms/v3_5000_00995.avi,square,circle,41,38,,,1.76,
False,222,292,220,189,83,yellow,green,"(-1, 1)","(1, 0)",28,178,,30,150,0,5000,65,58,0.94,220,a,data/videos_v3/int_5000ms/v3_5000_00996.avi,triangle,triangle,44,43,,,1.4,
True,127,90,220,112,316,blue,magenta,"(1, 0)","(-1, 1)",33,183,,30,150,0,5000,67,67,1.1,227,b,data/videos_v3/int_5000ms/v3_5000_00997.avi,circle,square,38,39,,,1.49,
False,326,240,205,103,143,red,green,"(0, -1)","(1, -1)",28,178,,30,150,1,5000,73,69,0.95,222,b,data/videos_v3/int_5000ms/v3_5000_00998.avi,triangle,triangle,37,40,,,1.47,
True,303,104,228,199,247,blue,red,"(-1, 0)","(1, 0)",37,187,,30,150,0,5000,69,52,1.24,237,b,data/videos_v3/int_5000ms/v3_5000_00999.avi,circle,circle,47,41,,,1.66,
False,127,261,220,91,368,magenta,red,"(0, -1)","(1, 1)",36,246,data/videos_v3/int_7000ms/v3_7000_01000_flip.avi,30,210,1,7000,72,59,1.21,290,b,data/videos_v3/int_7000ms/v3_7000_01000.avi,triangle,triangle,36,38,data/videos_v3/int_7000ms/v3_7000_01000_soloa.avi,data/videos_v3/int_7000ms/v3_7000_01000_solob.avi,1.48,data/twin_v3/v3_7000_01000.avi
False,176,280,212,86,343,blue,yellow,"(-1, -1)","(0, -1)",28,238,data/videos_v3/int_7000ms/v3_7000_01001_flip.avi,30,210,1,7000,73,51,0.94,287,b,data/videos_v3/int_7000ms/v3_7000_01001.avi,circle,square,36,39,data/videos_v3/int_7000ms/v3_7000_01001_soloa.avi,data/videos_v3/int_7000ms/v3_7000_01001_solob.avi,1.64,data/twin_v3/v3_7000_01001.avi
True,349,251,228,333,412,cyan,blue,"(0, 1)","(-1, -1)",36,246,data/videos_v3/int_7000ms/v3_7000_01002_flip.avi,30,210,1,7000,62,69,1.2,287,a,data/videos_v3/int_7000ms/v3_7000_01002.avi,triangle,triangle,42,39,data/videos_v3/int_7000ms/v3_7000_01002_soloa.avi,data/videos_v3/int_7000ms/v3_7000_01002_solob.avi,1.38,data/twin_v3/v3_7000_01002.avi
True,152,186,205,365,102,red,green,"(0, 1)","(-1, 1)",36,246,data/videos_v3/int_7000ms/v3_7000_01003_flip.avi,30,210,0,7000,50,62,1.23,300,b,data/videos_v3/int_7000ms/v3_7000_01003.avi,circle,circle,37,39,data/videos_v3/int_7000ms/v3_7000_01003_soloa.avi,data/videos_v3/int_7000ms/v3_7000_01003_solob.avi,1.77,data/twin_v3/v3_7000_01003.avi
False,74,190,205,360,233,blue,red,"(1, 0)","(0, -1)",31,241,data/videos_v3/int_7000ms/v3_7000_01004_flip.avi,30,210,0,7000,46,58,1.04,281,a,data/videos_v3/int_7000ms/v3_7000_01004.avi,circle,square,48,34,data/videos_v3/int_7000ms/v3_7000_01004_soloa.avi,data/videos_v3/int_7000ms/v3_7000_01004_solob.avi,1.34,data/twin_v3/v3_7000_01004.avi
True,220,373,212,203,198,yellow,blue,"(1, -1)","(-1, 1)",22,232,data/videos_v3/int_7000ms/v3_7000_01005_flip.avi,30,210,0,7000,57,74,0.75,274,b,data/videos_v3/int_7000ms/v3_7000_01005.avi,square,square,45,46,data/videos_v3/int_7000ms/v3_7000_01005_soloa.avi,data/videos_v3/int_7000ms/v3_7000_01005_solob.avi,1.39,data/twin_v3/v3_7000_01005.avi
False,419,98,220,370,157,green,red,"(0, -1)","(-1, -1)",34,244,data/videos_v3/int_7000ms/v3_7000_01006_flip.avi,30,210,0,7000,66,63,1.16,285,a,data/videos_v3/int_7000ms/v3_7000_01006.avi,circle,circle,34,46,data/videos_v3/int_7000ms/v3_7000_01006_soloa.avi,data/videos_v3/int_7000ms/v3_7000_01006_solob.avi,1.35,data/twin_v3/v3_7000_01006.avi
True,357,109,228,178,330,magenta,red,"(-1, -1)","(1, 0)",25,235,data/videos_v3/int_7000ms/v3_7000_01007_flip.avi,30,210,0,7000,50,70,0.86,279,b,data/videos_v3/int_7000ms/v3_7000_01007.avi,circle,circle,36,42,data/videos_v3/int_7000ms/v3_7000_01007_soloa.avi,data/videos_v3/int_7000ms/v3_7000_01007_solob.avi,1.44,data/twin_v3/v3_7000_01007.avi
True,151,117,212,352,243,red,yellow,"(-1, 0)","(-1, -1)",21,231,data/videos_v3/int_7000ms/v3_7000_01008_flip.avi,30,210,1,7000,47,49,0.72,275,a,data/videos_v3/int_7000ms/v3_7000_01008.avi,circle,square,50,48,data/videos_v3/int_7000ms/v3_7000_01008_soloa.avi,data/videos_v3/int_7000ms/v3_7000_01008_solob.avi,1.47,data/twin_v3/v3_7000_01008.avi
False,321,284,228,155,265,red,yellow,"(1, 1)","(1, 0)",24,234,data/videos_v3/int_7000ms/v3_7000_01009_flip.avi,30,210,0,7000,71,53,0.81,277,a,data/videos_v3/int_7000ms/v3_7000_01009.avi,triangle,triangle,50,44,data/videos_v3/int_7000ms/v3_7000_01009_soloa.avi,data/videos_v3/int_7000ms/v3_7000_01009_solob.avi,1.44,data/twin_v3/v3_7000_01009.avi
False,396,357,220,220,326,green,blue,"(-1, 0)","(-1, 1)",37,247,data/videos_v3/int_7000ms/v3_7000_01010_flip.avi,30,210,0,7000,72,49,1.26,285,a,data/videos_v3/int_7000ms/v3_7000_01010.avi,triangle,square,49,34,data/videos_v3/int_7000ms/v3_7000_01010_soloa.avi,data/videos_v3/int_7000ms/v3_7000_01010_solob.avi,1.26,data/twin_v3/v3_7000_01010.avi
True,110,417,212,315,380,green,blue,"(-1, -1)","(-1, 0)",33,243,data/videos_v3/int_7000ms/v3_7000_01011_flip.avi,30,210,0,7000,57,67,1.12,291,b,data/videos_v3/int_7000ms/v3_7000_01011.avi,circle,square,35,35,data/videos_v3/int_7000ms/v3_7000_01011_soloa.avi,data/videos_v3/int_7000ms/v3_7000_01011_solob.avi,1.59,data/twin_v3/v3_7000_01011.avi
True,154,226,205,420,93,cyan,blue,"(1, 1)","(-1, 1)",24,234,data/videos_v3/int_7000ms/v3_7000_01012_flip.avi,30,210,1,7000,71,50,0.82,283,a,data/videos_v3/int_7000ms/v3_7000_01012.avi,square,circle,41,48,data/videos_v3/int_7000ms/v3_7000_01012_soloa.avi,data/videos_v3/int_7000ms/v3_7000_01012_solob.avi,1.64,data/twin_v3/v3_7000_01012.avi
False,177,130,212,343,213,blue,red,"(0, -1)","(0, -1)",26,236,data/videos_v3/int_7000ms/v3_7000_01013_flip.avi,30,210,0,7000,69,64,0.88,278,a,data/videos_v3/int_7000ms/v3_7000_01013.avi,circle,triangle,49,48,data/videos_v3/int_7000ms/v3_7000_01013_soloa.avi,data/videos_v3/int_7000ms/v3_7000_01013_solob.avi,1.41,data/twin_v3/v3_7000_01013.avi
True,363,90,212,208,408,blue,red,"(-1, 1)","(1, -1)",37,247,data/videos_v3/int_7000ms/v3_7000_01014_flip.avi,30,210,0,7000,61,70,1.25,297,b,data/videos_v3/int_7000ms/v3_7000_01014.avi,triangle,circle,38,38,data/videos_v3/int_7000ms/v3_7000_01014_soloa.avi,data/videos_v3/int_7000ms/v3_7000_01014_solob.avi,1.66,data/twin_v3/v3_7000_01014.avi
True,87,248,228,313,348,yellow,green,"(0, -1)","(-1, 0)",22,232,data/videos_v3/int_7000ms/v3_7000_01015_flip.avi,30,210,0,7000,74,66,0.76,281,b,data/videos_v3/int_7000ms/v3_7000_01015.avi,triangle,circle,43,38,data/videos_v3/int_7000ms/v3_7000_01015_soloa.avi,data/videos_v3/int_7000ms/v3_7000_01015_solob.avi,1.61,data/twin_v3/v3_7000_01015.avi
True,325,399,212,375,124,yellow,green,"(1, 0)","(-1, 0)",22,232,data/videos_v3/int_7000ms/v3_7000_01016_flip.avi,30,210,1,7000,75,53,0.75,271,a,data/videos_v3/int_7000ms/v3_7000_01016.avi,triangle,triangle,43,35,data/videos_v3/int_7000ms/v3_7000_01016_soloa.avi,data/videos_v3/int_7000ms/v3_7000_01016_solob.avi,1.29,data/twin_v3/v3_7000_01016.avi
False,149,208,228,166,273,yellow,cyan,"(0, -1)","(-1, 0)",36,246,data/videos_v3/int_7000ms/v3_7000_01017_flip.avi,30,210,1,7000,58,72,1.23,283,b,data/videos_v3/int_7000ms/v3_7000_01017.avi,square,circle,39,47,data/videos_v3/int_7000ms/v3_7000_01017_soloa.avi,data/videos_v3/int_7000ms/v3_7000_01017_solob.avi,1.23,data/twin_v3/v3_7000_01017.avi
True,359,208,220,194,363,red,cyan,"(-1, -1)","(-1, 1)",27,237,data/videos_v3/int_7000ms/v3_7000_01018_flip.avi,30,210,1,7000,50,58,0.91,288,a,data/videos_v3/int_7000ms/v3_7000_01018.avi,square,circle,37,36,data/videos_v3/int_7000ms/v3_7000_01018_soloa.avi,data/videos_v3/int_7000ms/v3_7000_01018_solob.avi,1.69,data/twin_v3/v3_7000_01018.avi
False,306,301,228,132,307,blue,magenta,"(0, 1)","(-1, 1)",33,243,data/videos_v3/int_7000ms/v3_7000_01019_flip.avi,30,210,0,7000,65,49,1.1,280,a,data/videos_v3/int_7000ms/v3_7000_01019.avi,triangle,circle,40,37,data/videos_v3/int_7000ms/v3_7000_01019_soloa.avi,data/videos_v3/int_7000ms/v3_7000_01019_solob.avi,1.24,data/twin_v3/v3_7000_01019.avi
False,150,319,212,261,297,yellow,green,"(0, -1)","(0, -1)",34,244,,30,210,1,7000,65,70,1.14,281,b,data/videos_v3/int_7000ms/v3_7000_01020.avi,triangle,triangle,36,40,,,1.23,
False,309,394,228,369,272,cyan,magenta,"(-1, 0)","(-1, 1)",22,232,,30,210,0,7000,75,50,0.74,284,a,data/videos_v3/int_7000ms/v3_7000_01021.avi,circle,triangle,38,36,,,1.73,
False,138,262,228,315,218,green,red,"(0, -1)","(-1, -1)",37,247,,30,210,0,7000,48,57,1.25,291,a,data/videos_v3/int_7000ms/v3_7000_01022.avi,square,circle,45,36,,,1.45,
True,256,201,220,129,213,green,magenta,"(-1, 1)","(1, -1)",29,239,,30,210,0,7000,69,61,0.97,292,b,data/videos_v3/int_7000ms/v3_7000_01023.avi,triangle,triangle,38,35,,,1.78,
True,389,335,212,148,365,blue,green,"(1, -1)","(-1, 1)",36,246,,30,210,0,7000,48,51,1.23,298,b,data/videos_v3/int_7000ms/v3_7000_01024.avi,square,triangle,47,40,,,1.71,
True,162,273,228,202,382,cyan,blue,"(0, -1)","(-1, -1)",24,234,,30,210,0,7000,63,49,0.82,276,b,data/videos_v3/int_7000ms/v3_7000_01025.avi,triangle,circle,34,35,,,1.41,
False,175,263,220,187,377,green,magenta,"(0, -1)","(1, 1)",24,234,,30,210,0,7000,72,54,0.83,275,a,data/videos_v3/int_7000ms/v3_7000_01026.avi,square,circle,44,46,,,1.36,
True,83,194,228,231,291,yellow,magenta,"(1, 0)","(1, -1)",34,244,,30,210,1,7000,54,62,1.15,283,a,data/videos_v3/int_7000ms/v3_7000_01027.avi,circle,circle,44,46,,,1.3,
True,235,197,212,262,329,green,magenta,"(0, 1)","(1, 1)",38,248,,30,210,0,7000,52,74,1.29,293,b,data/videos_v3/int_7000ms/v3_7000_01028.avi,triangle,triangle,37,34,,,1.5,
False,183,190,228,75,208,cyan,magenta,"(1, -1)","(1, -1)",30,240,,30,210,0,7000,55,48,1.02,282,a,data/videos_v3/int_7000ms/v3_7000_01029.avi,triangle,circle,37,47,,,1.4,
True,153,378,205,64,345,cyan,green,"(1, 1)","(1, -1)",25,235,,30,210,0,7000,53,54,0.86,278,b,data/videos_v3/int_7000ms/v3_7000_01030.avi,square,triangle,48,40,,,1.41,
False,331,250,205,265,159,cyan,green,"(1, 1)","(0, -1)",23,233,,30,210,1,7000,50,56,0.77,283,b,data/videos_v3/int_7000ms/v3_7000_01031.avi,square,circle,34,35,,,1.67,
True,67,418,220,248,116,yellow,cyan,"(1, -1)","(0, 1)",33,243,,30,210,0,7000,63,75,1.12,288,b,data/videos_v3/int_7000ms/v3_7000_01032.avi,circle,circle,47,45,,,1.49,
False,413,172,205,217,151,magenta,blue,"(-1, 0)","(-1, 0)",34,244,,30,210,0,7000,58,58,1.15,290,a,data/videos_v3/int_7000ms/v3_7000_01033.avi,triangle,circle,48,43,,,1.53,
False,226,382,212,92,380,cyan,magenta,"(-1, 1)","(0, 1)",27,237,,30,210,1,7000,46,63,0.92,285,b,data/videos_v3/int_7000ms/v3_7000_01034.avi,triangle,triangle,49,34,,,1.59,
False,288,325,212,170,130,cyan,blue,"(1, 1)","(0, 1)",36,246,,30,210,1,7000,54,68,1.21,295,b,data/videos_v3/int_7000ms/v3_7000_01035.avi,circle,circle,37,47,,,1.64,
True,329,368,220,328,262,yellow,red,"(1, 0)","(0, 1)",32,242,,30,210,0,7000,53,48,1.08,282,b,data/videos_v3/int_7000ms/v3_7000_01036.avi,triangle,square,46,46,,,1.35,
False,82,233,212,365,128,magenta,cyan,"(0, -1)","(1, 0)",31,241,,30,210,0,7000,71,57,1.04,285,a,data/videos_v3/int_7000ms/v3_7000_01037.avi,square,circle,43,46,,,1.47,
True,195,395,205,181,236,blue,yellow,"(1, 0)","(-1, 0)",21,231,,30,210,1,7000,66,45,0.73,279,a,data/videos_v3/int_7000ms/v3_7000_01038.avi,square,triangle,34,48,,,1.57,
False,235,142,228,76,135,cyan,blue,"(-1, 1)","(1, -1)",35,245,,30,210,1,7000,61,55,1.17,284,b,data/videos_v3/int_7000ms/v3_7000_01039.avi,square,triangle,40,43,,,1.3,
False,84,361,212,202,194,yellow,blue,"(1, 0)","(1, 0)",24,234,,30,210,1,7000,60,63,0.83,286,b,data/videos_v3/int_7000ms/v3_7000_01040.avi,square,square,44,46,,,1.73,
True,172,81,228,412,275,cyan,green,"(1, 1)","(0, -1)",33,243,,30,210,1,7000,63,51,1.13,286,a,data/videos_v3/int_7000ms/v3_7000_01041.avi,triangle,square,44,43,,,1.41,
False,245,226,212,112,345,yellow,magenta,"(1, 1)","(1, 1)",35,245,,30,210,0,7000,70,55,1.18,299,a,data/videos_v3/int_7000ms/v3_7000_01042.avi,square,triangle,43,41,,,1.79,
True,220,252,220,124,123,yellow,green,"(0, 1)","(1, -1)",32,242,,30,210,0,7000,50,55,1.07,280,b,data/videos_v3/int_7000ms/v3_7000_01043.avi,circle,circle,45,39,,,1.29,
False,150,284,212,334,384,magenta,cyan,"(-1, 1)","(1, 1)",31,241,,30,210,0,7000,50,65,1.06,294,a,data/videos_v3/int_7000ms/v3_7000_01044.avi,triangle,square,36,34,,,1.76,
True,251,330,212,379,381,cyan,green,"(-1, 0)","(-1, 0)",35,245,,30,210,0,7000,59,52,1.18,298,b,data/videos_v3/int_7000ms/v3_7000_01045.avi,triangle,square,42,42,,,1.77,
True,185,310,212,413,309,magenta,red,"(-1, 0)","(-1, 0)",29,239,,30,210,1,7000,65,58,0.98,277,a,data/videos_v3/int_7000ms/v3_7000_01046.avi,triangle,triangle,48,34,,,1.26,
False,374,290,212,370,154,blue,green,"(1, 0)","(0, -1)",36,246,,30,210,1,7000,53,54,1.22,295,b,data/videos_v3/int_7000ms/v3_7000_01047.avi,circle,triangle,49,40,,,1.63,
True,73,264,228,376,67,blue,cyan,"(1, -1)","(0, 1)",34,244,,30,210,0,7000,47,66,1.14,297,b,data/videos_v3/int_7000ms/v3_7000_01048.avi,square,triangle,41,42,,,1.76,
True,211,299,212,131,115,yellow,cyan,"(-1, 0)","(1, 0)",30,240,,30,210,1,7000,51,73,1.01,286,a,data/videos_v3/int_7000ms/v3_7000_01049.avi,square,triangle,34,43,,,1.55,
True,379,171,205,399,357,blue,yellow,"(-1, -1)","(-1, 0)",33,243,,30,210,1,7000,53,54,1.11,294,a,data/videos_v3/int_7000ms/v3_7000_01050.avi,square,square,50,41,,,1.72,
False,98,88,205,335,285,cyan,yellow,"(-1, 1)","(1, -1)",28,238,,30,210,0,7000,49,72,0.95,283,a,data/videos_v3/int_7000ms/v3_7000_01051.avi,triangle,square,45,48,,,1.49,
False,77,135,228,220,319,blue,cyan,"(0, 1)","(-1, -1)",23,233,,30,210,1,7000,52,57,0.79,272,b,data/videos_v3/int_7000ms/v3_7000_01052.avi,square,triangle,35,39,,,1.28,
True,129,301,205,300,339,green,yellow,"(1, 0)","(0, -1)",32,242,,30,210,0,7000,60,51,1.09,290,b,data/videos_v3/int_7000ms/v3_7000_01053.avi,triangle,triangle,45,36,,,1.58,
False,225,317,220,122,233,cyan,blue,"(-1, -1)","(-1, 1)",35,245,,30,210,1,7000,59,68,1.19,285,b,data/videos_v3/int_7000ms/v3_7000_01054.avi,triangle,square,35,38,,,1.34,
True,123,213,220,412,373,magenta,green,"(0, 1)","(0, -1)",32,242,,30,210,0,7000,59,46,1.07,279,b,data/videos_v3/int_7000ms/v3_7000_01055.avi,circle,square,49,44,,,1.25,
True,371,196,205,296,79,yellow,blue,"(0, -1)","(-1, 1)",32,242,,30,210,1,7000,53,56,1.09,293,a,data/videos_v3/int_7000ms/v3_7000_01056.avi,circle,circle,50,42,,,1.7,
False,366,79,228,66,381,cyan,yellow,"(1, -1)","(0, 1)",26,236,,30,210,1,7000,46,49,0.87,286,b,data/videos_v3/int_7000ms/v3_7000_01057.avi,triangle,triangle,34,34,,,1.67,
False,336,381,228,350,113,cyan,yellow,"(-1, 1)","(0, 1)",23,233,,30,210,0,7000,45,63,0.79,272,a,data/videos_v3/int_7000ms/v3_7000_01058.avi,square,square,49,41,,,1.28,
False,282,262,205,221,66,cyan,red,"(0, 1)","(-1, 1)",26,236,,30,210,1,7000,65,72,0.88,275,b,data/videos_v3/int_7000ms/v3_7000_01059.avi,square,square,34,41,,,1.31,
False,235,204,205,121,156,yellow,green,"(1, -1)","(-1, 0)",31,241,,30,210,0,7000,64,51,1.05,278,a,data/videos_v3/int_7000ms/v3_7000_01060.avi,triangle,circle,44,37,,,1.22,
False,359,403,212,141,176,yellow,magenta,"(-1, 0)","(1, 0)",28,238,,30,210,0,7000,49,70,0.95,285,a,data/videos_v3/int_7000ms/v3_7000_01061.avi,triangle,triangle,35,49,,,1.57,
False,209,112,205,299,220,blue,green,"(1, -1)","(-1, 1)",25,235,,30,210,0,7000,58,57,0.85,285,a,data/videos_v3/int_7000ms/v3_7000_01062.avi,square,square,35,47,,,1.66,
False,220,272,220,361,227,green,yellow,"(-1, 0)","(1, 0)",26,236,,30,210,0,7000,72,59,0.89,274,a,data/videos_v3/int_7000ms/v3_7000_01063.avi,square,square,36,34,,,1.26,
False,300,92,228,125,123,yellow,blue,"(-1, 0)","(0, 1)",31,241,,30,210,0,7000,49,54,1.05,283,a,data/videos_v3/int_7000ms/v3_7000_01064.avi,circle,triangle,41,42,,,1.39,
False,366,187,228,116,248,magenta,yellow,"(-1, 0)","(-1, 0)",28,238,,30,210,0,7000,58,60,0.95,279,a,data/videos_v3/int_7000ms/v3_7000_01065.avi,circle,circle,48,39,,,1.37,
True,152,295,228,242,353,cyan,green,"(0, 1)","(-1, 1)",32,242,,30,210,1,7000,53,68,1.08,294,a,data/videos_v3/int_7000ms/v3_7000_01066.avi,circle,circle,35,34,,,1.75,
True,335,285,205,231,359,blue,cyan,"(0, -1)","(1, -1)",32,242,,30,210,1,7000,46,58,1.09,292,a,data/videos_v3/int_7000ms/v3_7000_01067.avi,triangle,circle,38,37,,,1.65,
True,312,62,212,367,98,magenta,cyan,"(0, 1)","(1, -1)",22,232,,30,210,0,7000,66,53,0.76,281,b,data/videos_v3/int_7000ms/v3_7000_01068.avi,triangle,triangle,42,48,,,1.62,
True,260,309,212,122,377,magenta,yellow,"(0, -1)","(-1, 0)",30,240,,30,210,1,7000,66,65,1.03,283,a,data/videos_v3/int_7000ms/v3_7000_01069.avi,square,triangle,36,38,,,1.42,
True,203,117,228,198,325,yellow,magenta,"(1, 0)","(-1, 0)",30,240,,30,210,1,7000,47,73,1.02,285,a,data/videos_v3/int_7000ms/v3_7000_01070.avi,square,circle,43,43,,,1.49,
True,194,168,212,337,62,yellow,magenta,"(0, 1)","(1, 1)",32,242,,30,210,1,7000,62,48,1.09,289,a,data/videos_v3/int_7000ms/v3_7000_01071.avi,triangle,triangle,39,46,,,1.57,
True,64,139,228,141,296,red,green,"(0, -1)","(1, 1)",33,243,,30,210,1,7000,56,53,1.12,296,a,data/videos_v3/int_7000ms/v3_7000_01072.avi,triangle,square,45,36,,,1.76,
True,287,205,212,291,351,yellow,blue,"(0, -1)","(-1, 0)",30,240,,30,210,1,7000,46,56,1.03,283,a,data/videos_v3/int_7000ms/v3_7000_01073.avi,square,circle,35,36,,,1.41,
True,297,281,205,243,143,green,cyan,"(1, -1)","(-1, -1)",30,240,,30,210,0,7000,58,66,1.02,290,b,data/videos_v3/int_7000ms/v3_7000_01074.avi,circle,triangle,38,45,,,1.67,
False,66,349,205,173,235,red,green,"(1, -1)","(1, 1)",32,242,,30,210,0,7000,58,63,1.07,285,a,data/videos_v3/int_7000ms/v3_7000_01075.avi,triangle,circle,36,41,,,1.43,
False,365,206,205,399,393,red,green,"(0, 1)","(0, -1)",37,247,,30,210,0,7000,63,75,1.24,299,a,data/videos_v3/int_7000ms/v3_7000_01076.avi,circle,square,49,39,,,1.73,
False,225,169,212,370,296,yellow,blue,"(-1, 0)","(1, 0)",37,247,,30,210,1,7000,57,48,1.26,299,b,data/videos_v3/int_7000ms/v3_7000_01077.avi,square,triangle,45,38,,,1.71,
True,174,85,220,348,351,blue,cyan,"(1, 0)","(1, -1)",23,233,,30,210,0,7000,65,72,0.79,282,b,data/videos_v3/int_7000ms/v3_7000_01078.avi,circle,square,39,35,,,1.63,
True,414,365,220,379,144,yellow,cyan,"(-1, 1)","(1, 1)",31,241,,30,210,1,7000,70,45,1.05,290,a,data/videos_v3/int_7000ms/v3_7000_01079.avi,square,square,48,50,,,1.63,
True,149,194,228,337,149,blue,cyan,"(-1, -1)","(1, 1)",24,234,,30,210,1,7000,51,75,0.81,287,a,data/videos_v3/int_7000ms/v3_7000_01080.avi,square,square,42,35,,,1.77,
True,368,362,212,191,283,green,magenta,"(-1, 0)","(-1, 0)",32,242,,30,210,1,7000,64,73,1.07,290,a,data/videos_v3/int_7000ms/v3_7000_01081.avi,circle,square,37,41,,,1.61,
True,157,65,205,120,363,magenta,green,"(-1, 0)","(1, -1)",37,247,,30,210,0,7000,52,54,1.26,292,b,data/videos_v3/int_7000ms/v3_7000_01082.avi,triangle,circle,42,38,,,1.5,
True,326,153,228,94,338,green,cyan,"(1, 1)","(0, -1)",32,242,,30,210,1,7000,48,68,1.09,287,a,data/videos_v3/int_7000ms/v3_7000_01083.avi,circle,square,44,34,,,1.49,
False,112,323,220,273,337,red,green,"(-1, -1)","(0, -1)",23,233,,30,210,1,7000,48,74,0.77,271,b,data/videos_v3/int_7000ms/v3_7000_01084.avi,square,triangle,49,40,,,1.29,
False,342,392,228,220,84,yellow,cyan,"(1, 0)","(0, -1)",27,237,,30,210,0,7000,61,46,0.93,279,a,data/videos_v3/int_7000ms/v3_7000_01085.avi,square,square,40,36,,,1.4,
False,402,171,205,218,264,green,magenta,"(0, 1)","(-1, 1)",33,243,,30,210,0,7000,50,58,1.12,287,a,data/videos_v3/int_7000ms/v3_7000_01086.avi,circle,triangle,45,50,,,1.47,
False,214,151,228,158,116,blue,cyan,"(1, 1)","(-1, 0)",26,236,,30,210,0,7000,69,67,0.88,275,a,data/videos_v3/int_7000ms/v3_7000_01087.avi,square,triangle,36,45,,,1.29,
False,64,364,212,380,91,magenta,yellow,"(0, 1)","(0, 1)",38,248,,30,210,1,7000,74,55,1.29,292,b,data/videos_v3/int_7000ms/v3_7000_01088.avi,triangle,triangle,47,34,,,1.45,
True,382,303,212,80,168,yellow,magenta,"(1, 0)","(1, 1)",25,235,,30,210,0,7000,55,59,0.86,276,b,data/videos_v3/int_7000ms/v3_7000_01089.avi,square,square,44,34,,,1.34,
True,328,159,205,372,105,cyan,yellow,"(1, 0)","(-1, 0)",24,234,,30,210,1,7000,46,65,0.83,282,a,data/videos_v3/int_7000ms/v3_7000_01090.avi,square,square,42,38,,,1.59,
True,333,203,220,157,231,magenta,cyan,"(1, -1)","(0, -1)",28,238,,30,210,1,7000,67,72,0.95,290,a,data/videos_v3/int_7000ms/v3_7000_01091.avi,square,triangle,42,36,,,1.73,
False,380,388,205,183,252,yellow,blue,"(0, -1)","(0, 1)",27,237,,30,210,0,7000,64,51,0.91,284,a,data/videos_v3/int_7000ms/v3_7000_01092.avi,circle,triangle,39,48,,,1.58,
True,249,263,205,410,170,cyan,red,"(0, -1)","(0, 1)",38,248,,30,210,1,7000,66,71,1.27,301,a,data/videos_v3/int_7000ms/v3_7000_01093.avi,square,triangle,46,45,,,1.79,
False,282,281,212,143,236,yellow,blue,"(-1, 1)","(-1, -1)",30,240,,30,210,0,7000,65,55,1.01,281,a,data/videos_v3/int_7000ms/v3_7000_01094.avi,triangle,circle,48,37,,,1.36,
True,310,217,228,258,264,red,magenta,"(1, 0)","(-1, 1)",22,232,,30,210,0,7000,55,73,0.74,273,b,data/videos_v3/int_7000ms/v3_7000_01095.avi,circle,triangle,43,50,,,1.37,
False,289,394,212,148,261,magenta,yellow,"(-1, 1)","(1, 1)",25,235,,30,210,1,7000,54,46,0.86,273,b,data/videos_v3/int_7000ms/v3_7000_01096.avi,square,triangle,35,40,,,1.27,
True,160,171,205,384,170,cyan,red,"(0, 1)","(0, 1)",26,236,,30,210,0,7000,65,58,0.88,276,b,data/videos_v3/int_7000ms/v3_7000_01097.avi,triangle,circle,48,42,,,1.35,
False,145,250,212,69,420,blue,green,"(1, 1)","(0, -1)",23,233,,30,210,0,7000,67,45,0.77,275,a,data/videos_v3/int_7000ms/v3_7000_01098.avi,circle,triangle,37,47,,,1.41,
False,311,148,228,131,336,green,magenta,"(-1, 1)","(1, 0)",30,240,,30,210,1,7000,50,56,1.03,279,b,data/videos_v3/int_7000ms/v3_7000_01099.avi,triangle,square,50,37,,,1.3,
False,210,252,212,358,156,green,yellow,"(0, 1)","(-1, 1)",38,338,data/videos_v3/int_10000ms/v3_10000_01100_flip.avi,30,300,0,10000,56,48,1.28,380,a,data/videos_v3/int_10000ms/v3_10000_01100.avi,triangle,triangle,42,35,data/videos_v3/int_10000ms/v3_10000_01100_soloa.avi,data/videos_v3/int_10000ms/v3_10000_01100_solob.avi,1.41,data/twin_v3/v3_10000_01100.avi
True,359,240,220,88,240,green,blue,"(0, 1)","(1, -1)",31,331,data/videos_v3/int_10000ms/v3_10000_01101_flip.avi,30,300,1,10000,64,66,1.04,375,a,data/videos_v3/int_10000ms/v3_10000_01101.avi,square,triangle,45,37,data/videos_v3/int_10000ms/v3_10000_01101_soloa.avi,data/videos_v3/int_10000ms/v3_10000_01101_solob.avi,1.48,data/twin_v3/v3_10000_01101.avi
False,79,80,212,286,128,yellow,red,"(0, 1)","(-1, 0)",37,337,data/videos_v3/int_10000ms/v3_10000_01102_flip.avi,30,300,1,10000,73,73,1.25,386,b,data/videos_v3/int_10000ms/v3_10000_01102.avi,circle,circle,44,38,data/videos_v3/int_10000ms/v3_10000_01102_soloa.avi,data/videos_v3/int_10000ms/v3_10000_01102_solob.avi,1.63,data/twin_v3/v3_10000_01102.avi
True,299,221,212,171,91,green,magenta,"(0, 1)","(-1, 1)",38,338,data/videos_v3/int_10000ms/v3_10000_01103_flip.avi,30,300,0,10000,61,59,1.27,379,b,data/videos_v3/int_10000ms/v3_10000_01103.avi,square,square,37,50,data/videos_v3/int_10000ms/v3_10000_01103_soloa.avi,data/videos_v3/int_10000ms/v3_10000_01103_solob.avi,1.37,data/twin_v3/v3_10000_01103.avi
True,148,411,205,140,160,yellow,green,"(-1, 0)","(-1, 1)",36,336,data/videos_v3/int_10000ms/v3_10000_01104_flip.avi,30,300,1,10000,57,54,1.23,381,a,data/videos_v3/int_10000ms/v3_10000_01104.avi,triangle,triangle,36,40,data/videos_v3/int_10000ms/v3_10000_01104_soloa.avi,data/videos_v3/int_10000ms/v3_10000_01104_solob.avi,1.48,data/twin_v3/v3_10000_01104.avi
True,257,158,205,298,118,blue,yellow,"(-1, 1)","(1, 1)",33,333,data/videos_v3/int_10000ms/v3_10000_01105_flip.avi,30,300,0,10000,74,73,1.13,384,b,data/videos_v3/int_10000ms/v3_10000_01105.avi,triangle,triangle,46,43,data/videos_v3/int_10000ms/v3_10000_01105_soloa.avi,data/videos_v3/int_10000ms/v3_10000_01105_solob.avi,1.68,data/twin_v3/v3_10000_01105.avi
False,134,237,228,154,300,yellow,red,"(-1, -1)","(-1, 0)",22,322,data/videos_v3/int_10000ms/v3_10000_01106_flip.avi,30,300,0,10000,63,54,0.76,371,a,data/videos_v3/int_10000ms/v3_10000_01106.avi,triangle,circle,38,34,data/videos_v3/int_10000ms/v3_10000_01106_soloa.avi,data/videos_v3/int_10000ms/v3_10000_01106_solob.avi,1.61,data/twin_v3/v3_10000_01106.avi
True,298,117,228,309,254,red,blue,"(1, 0)","(1, -1)",38,338,data/videos_v3/int_10000ms/v3_10000_01107_flip.avi,30,300,1,10000,67,55,1.29,384,a,data/videos_v3/int_10000ms/v3_10000_01107.avi,circle,circle,43,48,data/videos_v3/int_10000ms/v3_10000_01107_soloa.avi,data/videos_v3/int_10000ms/v3_10000_01107_solob.avi,1.52,data/twin_v3/v3_10000_01107.avi
True,321,298,228,316,143,green,magenta,"(1, -1)","(0, 1)",27,327,data/videos_v3/int_10000ms/v3_10000_01108_flip.avi,30,300,1,10000,70,48,0.93,379,a,data/videos_v3/int_10000ms/v3_10000_01108.avi,circle,square,45,42,data/videos_v3/int_10000ms/v3_10000_01108_soloa.avi,data/videos_v3/int_10000ms/v3_10000_01108_solob.avi,1.72,data/twin_v3/v3_10000_01108.avi
False,177,110,220,169,384,blue,red,"(-1, -1)","(1, -1)",36,336,data/videos_v3/int_10000ms/v3_10000_01109_flip.avi,30,300,0,10000,73,46,1.22,384,a,data/videos_v3/int_10000ms/v3_10000_01109.avi,circle,circle,36,37,data/videos_v3/int_10000ms/v3_10000_01109_soloa.avi,data/videos_v3/int_10000ms/v3_10000_01109_solob.avi,1.61,data/twin_v3/v3_10000_01109.avi
True,132,416,220,331,358,yellow,green,"(1, -1)","(1, -1)",35,335,data/videos_v3/int_10000ms/v3_10000_01110_flip.avi,30,300,1,10000,75,55,1.18,382,a,data/videos_v3/int_10000ms/v3_10000_01110.avi,triangle,circle,40,38,data/videos_v3/int_10000ms/v3_10000_01110_soloa.avi,data/videos_v3/int_10000ms/v3_10000_01110_solob.avi,1.58,data/twin_v3/v3_10000_01110.avi
False,374,326,205,60,152,green,magenta,"(1, -1)","(1, -1)",36,336,data/videos_v3/int_10000ms/v3_10000_01111_flip.avi,30,300,1,10000,47,60,1.23,386,b,data/videos_v3/int_10000ms/v3_10000_01111.avi,square,triangle,34,40,data/videos_v3/int_10000ms/v3_10000_01111_soloa.avi,data/videos_v3/int_10000ms/v3_10000_01111_solob.avi,1.64,data/twin_v3/v3_10000_01111.avi
False,237,287,212,137,393,magenta,cyan,"(-1, -1)","(1, 1)",36,336,data/videos_v3/int_10000ms/v3_10000_01112_flip.avi,30,300,1,10000,69,48,1.23,390,b,data/videos_v3/int_10000ms/v3_10000_01112.avi,triangle,square,45,38,data/videos_v3/int_10000ms/v3_10000_01112_soloa.avi,data/videos_v3/int_10000ms/v3_10000_01112_solob.avi,1.77,data/twin_v3/v3_10000_01112.avi
True,121,246,212,173,183,blue,yellow,"(1, 1)","(0, -1)",24,324,data/videos_v3/int_10000ms/v3_10000_01113_flip.avi,30,300,1,10000,72,61,0.83,375,a,data/videos_v3/int_10000ms/v3_10000_01113.avi,square,square,35,43,data/videos_v3/int_10000ms/v3_10000_01113_soloa.avi,data/videos_v3/int_10000ms/v3_10000_01113_solob.avi,1.67,data/twin_v3/v3_10000_01113.avi
False,99,78,220,167,248,blue,magenta,"(-1, 0)","(0, 1)",34,334,data/videos_v3/int_10000ms/v3_10000_01114_flip.avi,30,300,0,10000,59,60,1.16,375,a,data/videos_v3/int_10000ms/v3_10000_01114.avi,circle,circle,38,34,data/videos_v3/int_10000ms/v3_10000_01114_soloa.avi,data/videos_v3/int_10000ms/v3_10000_01114_solob.avi,1.37,data/twin_v3/v3_10000_01114.avi
False,251,278,205,112,205,red,blue,"(0, -1)","(0, -1)",34,334,data/videos_v3/int_10000ms/v3_10000_01115_flip.avi,30,300,1,10000,50,51,1.14,375,b,data/videos_v3/int_10000ms/v3_10000_01115.avi,triangle,square,41,36,data/videos_v3/int_10000ms/v3_10000_01115_soloa.avi,data/videos_v3/int_10000ms/v3_10000_01115_solob.avi,1.36,data/twin_v3/v3_10000_01115.avi
False,199,263,220,250,93,magenta,blue,"(0, -1)","(0, 1)",21,321,data/videos_v3/int_10000ms/v3_10000_01116_flip.avi,30,300,0,10000,46,50,0.73,361,a,data/videos_v3/int_10000ms/v3_10000_01116.avi,triangle,square,48,43,data/videos_v3/int_10000ms/v3_10000_01116_soloa.avi,data/videos_v3/int_10000ms/v3_10000_01116_solob.avi,1.32,data/twin_v3/v3_10000_01116.avi
False,278,307,228,157,333,magenta,cyan,"(1, 0)","(0, -1)",31,331,data/videos_v3/int_10000ms/v3_10000_01117_flip.avi,30,300,0,10000,74,62,1.06,383,a,data/videos_v3/int_10000ms/v3_10000_01117.avi,circle,triangle,37,37,data/videos_v3/int_10000ms/v3_10000_01117_soloa.avi,data/videos_v3/int_10000ms/v3_10000_01117_solob.avi,1.72,data/twin_v3/v3_10000_01117.avi
True,260,215,205,332,374,red,yellow,"(-1, 1)","(-1, 1)",34,334,data/videos_v3/int_10000ms/v3_10000_01118_flip.avi,30,300,0,10000,73,67,1.15,375,b,data/videos_v3/int_10000ms/v3_10000_01118.avi,circle,square,42,43,data/videos_v3/int_10000ms/v3_10000_01118_soloa.avi,data/videos_v3/int_10000ms/v3_10000_01118_solob.avi,1.37,data/twin_v3/v3_10000_01118.avi
True,199,308,212,391,134,yellow,magenta,"(0, -1)","(-1, 0)",36,336,data/videos_v3/int_10000ms/v3_10000_01119_flip.avi,30,300,0,10000,64,50,1.22,373,b,data/videos_v3/int_10000ms/v3_10000_01119.avi,circle,triangle,50,44,data/videos_v3/int_10000ms/v3_10000_01119_soloa.avi,data/videos_v3/int_10000ms/v3_10000_01119_solob.avi,1.22,data/twin_v3/v3_10000_01119.avi
True,103,352,228,307,190,green,red,"(1, 0)","(-1, -1)",24,324,,30,300,0,10000,61,75,0.82,366,b,data/videos_v3/int_10000ms/v3_10000_01120.avi,circle,circle,43,40,,,1.41,
True,98,359,228,346,169,cyan,blue,"(1, 0)","(0, -1)",26,326,,30,300,1,10000,56,66,0.89,378,a,data/videos_v3/int_10000ms/v3_10000_01121.avi,circle,circle,48,48,,,1.74,
False,138,77,205,98,357,magenta,red,"(-1, 1)","(1, 0)",27,327,,30,300,1,10000,53,63,0.93,379,b,data/videos_v3/int_10000ms/v3_10000_01122.avi,square,circle,46,41,,,1.73,
True,415,262,205,210,134,magenta,green,"(-1, 0)","(-1, 1)",37,337,,30,300,1,10000,53,74,1.24,381,a,data/videos_v3/int_10000ms/v3_10000_01123.avi,circle,circle,42,49,,,1.46,
False,193,93,228,170,364,cyan,yellow,"(1, -1)","(1, 0)",21,321,,30,300,1,10000,59,56,0.71,370,b,data/videos_v3/int_10000ms/v3_10000_01124.avi,square,square,41,36,,,1.64,
True,334,106,220,332,358,yellow,cyan,"(0, 1)","(-1, 0)",32,332,,30,300,0,10000,65,67,1.07,370,b,data/videos_v3/int_10000ms/v3_10000_01125.avi,triangle,circle,46,42,,,1.29,
True,396,353,228,118,371,yellow,blue,"(-1, -1)","(-1, 1)",28,328,,30,300,0,10000,52,56,0.95,372,b,data/videos_v3/int_10000ms/v3_10000_01126.avi,square,square,38,47,,,1.46,
False,77,156,205,76,376,green,blue,"(0, 1)","(1, -1)",37,337,,30,300,1,10000,45,61,1.25,385,b,data/videos_v3/int_10000ms/v3_10000_01127.avi,circle,triangle,45,46,,,1.59,
False,323,164,228,227,158,blue,green,"(1, -1)","(0, -1)",23,323,,30,300,1,10000,55,62,0.78,367,b,data/videos_v3/int_10000ms/v3_10000_01128.avi,circle,square,37,49,,,1.47,
False,173,107,228,311,223,yellow,blue,"(0, -1)","(-1, 1)",38,338,,30,300,0,10000,53,50,1.29,382,a,data/videos_v3/int_10000ms/v3_10000_01129.avi,circle,square,35,50,,,1.45,
True,383,258,205,177,144,blue,red,"(1, 0)","(-1, 0)",29,329,,30,300,0,10000,59,58,0.99,367,b,data/videos_v3/int_10000ms/v3_10000_01130.avi,triangle,square,49,40,,,1.25,
False,383,121,220,414,303,blue,yellow,"(0, 1)","(-1, 0)",37,337,,30,300,1,10000,74,54,1.24,375,b,data/videos_v3/int_10000ms/v3_10000_01131.avi,square,circle,50,37,,,1.29,
False,160,116,220,162,375,red,yellow,"(-1, 1)","(-1, 1)",35,335,,30,300,0,10000,50,61,1.18,385,a,data/videos_v3/int_10000ms/v3_10000_01132.avi,triangle,triangle,48,49,,,1.67,
False,401,399,220,316,88,magenta,blue,"(0, -1)","(1, -1)",28,328,,30,300,0,10000,50,46,0.96,369,a,data/videos_v3/int_10000ms/v3_10000_01133.avi,circle,circle,35,34,,,1.35,
False,272,69,220,371,355,yellow,magenta,"(0, 1)","(-1, -1)",22,322,,30,300,0,10000,70,46,0.76,367,a,data/videos_v3/int_10000ms/v3_10000_01134.avi,circle,triangle,34,35,,,1.5,
True,271,355,220,117,354,magenta,red,"(1, 0)","(0, -1)",30,330,,30,300,1,10000,68,70,1.01,372,a,data/videos_v3/int_10000ms/v3_10000_01135.avi,circle,triangle,46,37,,,1.41,
True,97,327,205,384,162,green,yellow,"(-1, -1)","(1, 1)",33,333,,30,300,0,10000,50,46,1.1,382,b,data/videos_v3/int_10000ms/v3_10000_01136.avi,square,triangle,46,47,,,1.66,
False,221,414,212,65,300,green,yellow,"(1, 0)","(0, 1)",23,323,,30,300,1,10000,68,72,0.77,375,b,data/videos_v3/int_10000ms/v3_10000_01137.avi,square,triangle,38,41,,,1.73,
False,248,229,228,249,346,magenta,blue,"(-1, 1)","(1, 0)",38,338,,30,300,1,10000,63,60,1.29,389,b,data/videos_v3/int_10000ms/v3_10000_01138.avi,triangle,triangle,39,38,,,1.68,
True,242,170,212,406,130,red,magenta,"(1, 1)","(-1, -1)",37,337,,30,300,1,10000,55,48,1.24,376,a,data/videos_v3/int_10000ms/v3_10000_01139.avi,circle,square,49,50,,,1.3,
True,400,398,212,93,354,red,green,"(-1, 1)","(1, 1)",27,327,,30,300,0,10000,49,50,0.91,377,b,data/videos_v3/int_10000ms/v3_10000_01140.avi,triangle,square,38,34,,,1.66,
False,288,322,228,210,206,blue,magenta,"(1, -1)","(-1, 0)",35,335,,30,300,0,10000,64,46,1.18,389,a,data/videos_v3/int_10000ms/v3_10000_01141.avi,circle,triangle,46,50,,,1.8,
False,83,245,220,183,156,red,magenta,"(0, 1)","(1, 1)",35,335,,30,300,0,10000,63,65,1.18,377,a,data/videos_v3/int_10000ms/v3_10000_01142.avi,circle,square,37,42,,,1.41,
True,294,166,220,394,287,green,magenta,"(0, -1)","(-1, 0)",36,336,,30,300,1,10000,73,66,1.2,383,a,data/videos_v3/int_10000ms/v3_10000_01143.avi,square,triangle,44,45,,,1.59,
True,276,262,212,334,190,red,blue,"(-1, 0)","(1, -1)",33,333,,30,300,0,10000,64,62,1.13,381,b,data/videos_v3/int_10000ms/v3_10000_01144.avi,circle,circle,36,42,,,1.58,
True,165,99,220,347,220,green,blue,"(0, 1)","(-1, 1)",21,321,,30,300,1,10000,58,56,0.7,369,a,data/videos_v3/int_10000ms/v3_10000_01145.avi,triangle,circle,44,34,,,1.63,
True,172,344,212,239,332,green,cyan,"(0, -1)","(1, 0)",32,332,,30,300,1,10000,59,66,1.08,374,a,data/videos_v3/int_10000ms/v3_10000_01146.avi,triangle,triangle,49,36,,,1.41,
True,159,220,228,390,147,cyan,magenta,"(1, 1)","(1, 0)",35,335,,30,300,1,10000,68,51,1.19,376,a,data/videos_v3/int_10000ms/v3_10000_01147.avi,triangle,square,44,34,,,1.36,
False,369,227,228,236,291,red,blue,"(0, 1)","(1, 1)",27,327,,30,300,1,10000,62,66,0.91,373,b,data/videos_v3/int_10000ms/v3_10000_01148.avi,triangle,square,48,50,,,1.54,
True,183,268,228,341,256,red,blue,"(0, 1)","(1, 0)",24,324,,30,300,1,10000,46,51,0.81,365,a,data/videos_v3/int_10000ms/v3_10000_01149.avi,triangle,square,35,36,,,1.38,
True,282,156,205,102,323,magenta,green,"(1, 1)","(-1, 1)",25,325,,30,300,1,10000,54,60,0.86,370,a,data/videos_v3/int_10000ms/v3_10000_01150.avi,circle,circle,36,43,,,1.49,
False,137,110,228,343,385,cyan,yellow,"(-1, 0)","(-1, -1)",24,324,,30,300,0,10000,55,54,0.83,363,a,data/videos_v3/int_10000ms/v3_10000_01151.avi,square,circle,47,38,,,1.3,
True,155,96,205,166,368,red,yellow,"(1, -1)","(-1, 0)",25,325,,30,300,1,10000,55,60,0.85,370,a,data/videos_v3/int_10000ms/v3_10000_01152.avi,circle,circle,35,44,,,1.51,
False,142,88,212,316,402,green,red,"(1, 1)","(-1, 0)",24,324,,30,300,0,10000,65,51,0.83,371,a,data/videos_v3/int_10000ms/v3_10000_01153.avi,square,triangle,35,46,,,1.56,
False,226,82,212,265,297,red,green,"(1, 1)","(-1, 0)",21,321,,30,300,1,10000,54,64,0.72,372,b,data/videos_v3/int_10000ms/v3_10000_01154.avi,circle,triangle,44,39,,,1.68,
True,352,190,220,68,324,blue,cyan,"(1, 0)","(1, 0)",36,336,,30,300,1,10000,61,47,1.2,376,a,data/videos_v3/int_10000ms/v3_10000_01155.avi,square,triangle,36,41,,,1.36,
True,92,419,220,157,351,magenta,green,"(0, -1)","(-1, -1)",34,334,,30,300,1,10000,52,55,1.14,374,a,data/videos_v3/int_10000ms/v3_10000_01156.avi,square,square,42,38,,,1.35,
True,88,278,220,355,230,blue,cyan,"(1, -1)","(-1, -1)",30,330,,30,300,1,10000,69,45,1.03,383,a,data/videos_v3/int_10000ms/v3_10000_01157.avi,square,square,45,48,,,1.77,
True,335,346,228,76,122,blue,red,"(1, 0)","(1, 1)",33,333,,30,300,1,10000,60,58,1.11,379,a,data/videos_v3/int_10000ms/v3_10000_01158.avi,square,circle,41,42,,,1.55,
True,83,208,212,407,166,blue,green,"(-1, 0)","(-1, -1)",21,321,,30,300,0,10000,45,71,0.71,366,b,data/videos_v3/int_10000ms/v3_10000_01159.avi,triangle,square,45,37,,,1.52,
True,277,199,228,191,104,green,yellow,"(-1, 0)","(0, -1)",28,328,,30,300,1,10000,45,58,0.94,377,a,data/videos_v3/int_10000ms/v3_10000_01160.avi,circle,circle,46,34,,,1.63,
True,253,264,212,307,183,yellow,magenta,"(0, -1)","(1, 1)",26,326,,30,300,1,10000,71,66,0.89,366,a,data/videos_v3/int_10000ms/v3_10000_01161.avi,square,circle,39,47,,,1.32,
True,87,206,205,402,238,magenta,blue,"(1, 0)","(-1, -1)",28,328,,30,300,1,10000,50,73,0.94,377,a,data/videos_v3/int_10000ms/v3_10000_01162.avi,square,triangle,48,41,,,1.64,
True,299,263,205,387,220,red,blue,"(0, -1)","(0, 1)",27,327,,30,300,0,10000,46,61,0.92,366,b,data/videos_v3/int_10000ms/v3_10000_01163.avi,square,triangle,48,49,,,1.3,
True,240,328,220,341,360,cyan,red,"(-1, 0)","(0, -1)",24,324,,30,300,1,10000,67,50,0.8,362,a,data/videos_v3/int_10000ms/v3_10000_01164.avi,circle,square,37,48,,,1.29,
True,313,205,228,370,322,cyan,yellow,"(1, -1)","(1, 1)",35,335,,30,300,0,10000,51,56,1.19,375,b,data/videos_v3/int_10000ms/v3_10000_01165.avi,square,triangle,50,42,,,1.32,
True,281,85,220,102,167,green,yellow,"(0, 1)","(1, 0)",30,330,,30,300,0,10000,61,59,1.03,381,b,data/videos_v3/int_10000ms/v3_10000_01166.avi,triangle,circle,41,39,,,1.7,
True,367,396,220,76,76,red,blue,"(-1, 0)","(1, 1)",38,338,,30,300,0,10000,52,55,1.27,376,b,data/videos_v3/int_10000ms/v3_10000_01167.avi,square,circle,36,42,,,1.29,
False,228,106,212,87,88,yellow,red,"(1, -1)","(-1, -1)",21,321,,30,300,0,10000,61,48,0.71,357,a,data/videos_v3/int_10000ms/v3_10000_01168.avi,square,circle,43,43,,,1.22,
True,374,263,228,328,138,red,green,"(-1, 0)","(-1, -1)",24,324,,30,300,1,10000,55,47,0.81,366,a,data/videos_v3/int_10000ms/v3_10000_01169.avi,triangle,square,44,36,,,1.41,
False,249,108,228,295,260,red,blue,"(1, -1)","(1, 1)",38,338,,30,300,0,10000,72,70,1.28,377,a,data/videos_v3/int_10000ms/v3_10000_01170.avi,triangle,square,41,48,,,1.31,
False,219,247,220,96,317,green,red,"(-1, -1)","(0, -1)",34,334,,30,300,0,10000,73,71,1.15,387,a,data/videos_v3/int_10000ms/v3_10000_01171.avi,square,square,44,34,,,1.78,
False,346,65,212,190,256,blue,yellow,"(0, 1)","(0, -1)",23,323,,30,300,1,10000,53,71,0.79,360,b,data/videos_v3/int_10000ms/v3_10000_01172.avi,circle,square,35,37,,,1.21,
True,205,335,220,267,180,yellow,green,"(1, -1)","(1, -1)",26,326,,30,300,1,10000,46,68,0.89,375,a,data/videos_v3/int_10000ms/v3_10000_01173.avi,circle,circle,44,49,,,1.64,
True,401,388,220,261,273,blue,yellow,"(-1, -1)","(-1, 1)",36,336,,30,300,0,10000,61,66,1.22,383,b,data/videos_v3/int_10000ms/v3_10000_01174.avi,circle,circle,44,42,,,1.56,
True,130,154,205,382,130,yellow,magenta,"(-1, -1)","(1, -1)",27,327,,30,300,0,10000,50,56,0.9,375,b,data/videos_v3/int_10000ms/v3_10000_01175.avi,circle,triangle,36,48,,,1.61,
True,161,264,205,112,188,green,cyan,"(1, -1)","(-1, -1)",32,332,,30,300,1,10000,50,57,1.08,384,a,data/videos_v3/int_10000ms/v3_10000_01176.avi,triangle,triangle,40,48,,,1.75,
False,95,274,228,254,110,green,cyan,"(1, 1)","(-1, -1)",22,322,,30,300,0,10000,70,71,0.75,374,a,data/videos_v3/int_10000ms/v3_10000_01177.avi,circle,square,45,35,,,1.72,
True,64,105,228,340,146,yellow,cyan,"(0, -1)","(-1, 0)",37,337,,30,300,1,10000,53,74,1.26,389,a,data/videos_v3/int_10000ms/v3_10000_01178.avi,triangle,triangle,41,46,,,1.72,
False,369,247,212,150,112,red,green,"(0, -1)","(1, 1)",22,322,,30,300,0,10000,58,72,0.74,374,a,data/videos_v3/int_10000ms/v3_10000_01179.avi,square,triangle,47,42,,,1.74,
False,281,79,228,196,205,cyan,blue,"(0, 1)","(-1, 1)",34,334,,30,300,0,10000,52,58,1.16,386,a,data/videos_v3/int_10000ms/v3_10000_01180.avi,circle,square,50,34,,,1.71,
True,256,218,228,318,211,red,cyan,"(1, 1)","(0, -1)",22,322,,30,300,0,10000,58,75,0.76,367,b,data/videos_v3/int_10000ms/v3_10000_01181.avi,circle,square,47,41,,,1.48,
False,296,214,205,172,295,cyan,red,"(0, -1)","(1, 1)",30,330,,30,300,1,10000,69,55,1.03,379,b,data/videos_v3/int_10000ms/v3_10000_01182.avi,square,square,42,43,,,1.63,
True,307,255,205,312,323,magenta,red,"(1, 0)","(-1, 1)",35,335,,30,300,1,10000,55,73,1.17,373,a,data/videos_v3/int_10000ms/v3_10000_01183.avi,triangle,circle,50,39,,,1.29,
False,311,287,220,354,165,red,green,"(1, 0)","(-1, -1)",36,336,,30,300,0,10000,55,70,1.23,386,a,data/videos_v3/int_10000ms/v3_10000_01184.avi,square,triangle,35,43,,,1.64,
False,133,355,205,414,276,yellow,blue,"(1, -1)","(-1, -1)",31,331,,30,300,0,10000,68,65,1.06,384,a,data/videos_v3/int_10000ms/v3_10000_01185.avi,triangle,circle,50,34,,,1.75,
False,360,230,228,142,363,yellow,red,"(0, -1)","(-1, 0)",25,325,,30,300,0,10000,66,46,0.84,369,a,data/videos_v3/int_10000ms/v3_10000_01186.avi,triangle,square,39,35,,,1.46,
True,65,163,205,212,335,yellow,red,"(1, 1)","(1, 0)",29,329,,30,300,0,10000,57,55,0.99,375,b,data/videos_v3/int_10000ms/v3_10000_01187.avi,circle,triangle,47,50,,,1.53,
False,201,137,205,275,260,blue,red,"(0, -1)","(-1, -1)",27,327,,30,300,1,10000,71,53,0.91,380,b,data/videos_v3/int_10000ms/v3_10000_01188.avi,triangle,triangle,43,45,,,1.76,
False,384,117,228,120,387,cyan,green,"(0, -1)","(0, 1)",26,326,,30,300,1,10000,75,54,0.87,366,b,data/videos_v3/int_10000ms/v3_10000_01189.avi,triangle,triangle,41,34,,,1.35,
True,296,411,220,296,210,green,cyan,"(-1, -1)","(1, 0)",32,332,,30,300,1,10000,55,59,1.08,369,a,data/videos_v3/int_10000ms/v3_10000_01190.avi,triangle,square,44,41,,,1.22,
False,245,125,212,196,371,green,cyan,"(0, -1)","(0, -1)",28,328,,30,300,0,10000,48,67,0.94,378,a,data/videos_v3/int_10000ms/v3_10000_01191.avi,circle,square,44,42,,,1.66,
True,221,231,212,265,190,yellow,green,"(1, 1)","(-1, 0)",27,327,,30,300,0,10000,66,75,0.91,377,b,data/videos_v3/int_10000ms/v3_10000_01192.avi,triangle,circle,36,39,,,1.68,
False,235,139,205,402,278,yellow,blue,"(1, 1)","(-1, 0)",36,336,,30,300,1,10000,70,71,1.23,379,b,data/videos_v3/int_10000ms/v3_10000_01193.avi,triangle,triangle,47,46,,,1.43,
True,178,170,212,293,280,yellow,magenta,"(1, 1)","(0, 1)",34,334,,30,300,1,10000,55,73,1.16,388,a,data/videos_v3/int_10000ms/v3_10000_01194.avi,square,square,47,48,,,1.79,
False,247,105,220,325,375,blue,yellow,"(-1, 0)","(1, -1)",30,330,,30,300,1,10000,45,52,1.01,366,b,data/videos_v3/int_10000ms/v3_10000_01195.avi,circle,circle,40,39,,,1.21,
False,365,319,205,337,257,blue,red,"(1, 0)","(1, -1)",30,330,,30,300,0,10000,68,54,1.02,382,a,data/videos_v3/int_10000ms/v3_10000_01196.avi,square,circle,43,41,,,1.73,
False,266,275,205,116,127,yellow,green,"(0, 1)","(-1, -1)",23,323,,30,300,0,10000,60,48,0.77,368,a,data/videos_v3/int_10000ms/v3_10000_01197.avi,square,circle,42,34,,,1.5,
False,241,338,205,281,238,magenta,green,"(-1, -1)","(1, -1)",26,326,,30,300,0,10000,69,66,0.89,369,a,data/videos_v3/int_10000ms/v3_10000_01198.avi,circle,circle,41,38,,,1.42,
False,257,374,212,182,193,green,blue,"(1, -1)","(-1, 1)",36,336,,30,300,1,10000,65,53,1.23,385,b,data/videos_v3/int_10000ms/v3_10000_01199.avi,triangle,square,48,41,,,1.62,
