item,path,interval_ms,a_first,n_frames,gt,pred,margin,top_token,response
order_real,data/videos_v2/int_67ms/v2_67_00000.mp4,67,False,8,0,0,-1.6397,NO,NO.
order_real,data/videos_v2/int_67ms/v2_67_00001.mp4,67,False,8,0,0,-0.8864,NO,NO.
order_real,data/videos_v2/int_67ms/v2_67_00002.mp4,67,True,8,1,0,-2.0256,NO,NO.
order_real,data/videos_v2/int_67ms/v2_67_00003.mp4,67,True,8,1,0,-0.999,NO,NO.
order_real,data/videos_v2/int_67ms/v2_67_00004.mp4,67,False,8,0,0,-1.6505,NO,NO.
order_real,data/videos_v2/int_67ms/v2_67_00005.mp4,67,False,8,0,0,-0.4076,NO,NO.
order_real,data/videos_v2/int_67ms/v2_67_00006.mp4,67,True,8,1,0,-1.2647,NO,NO.
order_real,data/videos_v2/int_67ms/v2_67_00007.mp4,67,True,8,1,0,-1.2487,NO,NO.
order_real,data/videos_v2/int_67ms/v2_67_00008.mp4,67,False,8,0,0,-1.9769,NO,NO.
order_real,data/videos_v2/int_67ms/v2_67_00009.mp4,67,False,8,0,0,-1.3021,NO,NO.
order_real,data/videos_v2/int_67ms/v2_67_00010.mp4,67,True,8,1,0,-1.1661,NO,NO.
order_real,data/videos_v2/int_67ms/v2_67_00011.mp4,67,True,8,1,0,-1.1239,NO,NO.
order_real,data/videos_v2/int_67ms/v2_67_00012.mp4,67,True,8,1,0,-0.4197,NO,NO.
order_real,data/videos_v2/int_67ms/v2_67_00013.mp4,67,True,8,1,0,-1.7757,NO,NO.
order_real,data/videos_v2/int_67ms/v2_67_00014.mp4,67,True,8,1,0,-1.2645,NO,NO.
order_real,data/videos_v2/int_67ms/v2_67_00015.mp4,67,False,8,0,0,-1.7407,NO,NO.
order_real,data/videos_v2/int_67ms/v2_67_00016.mp4,67,False,8,0,0,-1.3779,NO,NO.
order_real,data/videos_v2/int_67ms/v2_67_00017.mp4,67,False,8,0,0,-1.3781,NO,NO.
order_real,data/videos_v2/int_67ms/v2_67_00018.mp4,67,False,8,0,0,-1.0226,NO,NO.
order_real,data/videos_v2/int_67ms/v2_67_00019.mp4,67,True,8,1,0,-2.1663,NO,NO.
order_real,data/videos_v2/int_67ms/v2_67_00020.mp4,67,True,8,1,0,-1.0701,NO,NO.
order_real,data/videos_v2/int_67ms/v2_67_00021.mp4,67,True,8,1,0,-1.2753,NO,NO.
order_real,data/videos_v2/int_67ms/v2_67_00022.mp4,67,True,8,1,0,-1.6104,NO,NO.
order_real,data/videos_v2/int_67ms/v2_67_00023.mp4,67,False,8,0,0,-0.9244,NO,NO.
order_real,data/videos_v2/int_67ms/v2_67_00024.mp4,67,True,8,1,0,-0.9271,NO,NO.
order_real,data/videos_v2/int_67ms/v2_67_00025.mp4,67,True,8,1,0,-1.5254,NO,NO.
order_real,data/videos_v2/int_67ms/v2_67_00026.mp4,67,False,8,0,0,-1.9987,NO,NO.
order_real,data/videos_v2/int_67ms/v2_67_00027.mp4,67,True,8,1,0,-1.2609,NO,NO.
order_real,data/videos_v2/int_67ms/v2_67_00028.mp4,67,False,8,0,0,-1.6604,NO,NO.
order_real,data/videos_v2/int_67ms/v2_67_00029.mp4,67,True,8,1,0,-1.0322,NO,NO.
order_real,data/videos_v2/int_67ms/v2_67_00030.mp4,67,True,8,1,0,-1.128,NO,NO.
order_real,data/videos_v2/int_67ms/v2_67_00031.mp4,67,True,8,1,0,0.0893,NO,NO.
order_real,data/videos_v2/int_67ms/v2_67_00032.mp4,67,False,8,0,0,-1.6667,NO,NO.
order_real,data/videos_v2/int_67ms/v2_67_00033.mp4,67,True,8,1,0,-1.2648,NO,NO.
order_real,data/videos_v2/int_67ms/v2_67_00034.mp4,67,False,8,0,0,-0.7754,NO,NO.
order_real,data/videos_v2/int_67ms/v2_67_00035.mp4,67,False,8,0,0,-1.5655,NO,NO.
order_real,data/videos_v2/int_67ms/v2_67_00036.mp4,67,False,8,0,0,-1.3736,NO,NO.
order_real,data/videos_v2/int_67ms/v2_67_00037.mp4,67,True,8,1,0,-1.5443,NO,NO.
order_real,data/videos_v2/int_67ms/v2_67_00038.mp4,67,False,8,0,0,-1.5497,NO,NO.
order_real,data/videos_v2/int_67ms/v2_67_00039.mp4,67,True,8,1,0,-1.4855,NO,NO.
order_real,data/videos_v2/int_67ms/v2_67_00040.mp4,67,False,8,0,0,-1.0445,NO,NO.
order_real,data/videos_v2/int_67ms/v2_67_00041.mp4,67,True,8,1,0,-1.7052,NO,NO.
order_real,data/videos_v2/int_67ms/v2_67_00042.mp4,67,True,8,1,0,-1.6478,NO,NO.
order_real,data/videos_v2/int_67ms/v2_67_00043.mp4,67,False,8,0,0,-0.8894,NO,NO.
order_real,data/videos_v2/int_67ms/v2_67_00044.mp4,67,False,8,0,0,-1.4767,NO,NO.
order_real,data/videos_v2/int_67ms/v2_67_00045.mp4,67,False,8,0,0,-1.3975,NO,NO.
order_real,data/videos_v2/int_67ms/v2_67_00046.mp4,67,True,8,1,0,0.0992,NO,NO.
order_real,data/videos_v2/int_67ms/v2_67_00047.mp4,67,True,8,1,0,-1.6476,NO,NO.
order_real,data/videos_v2/int_67ms/v2_67_00048.mp4,67,True,8,1,0,-1.2647,NO,NO.
order_real,data/videos_v2/int_67ms/v2_67_00049.mp4,67,True,8,1,0,-2.1365,NO,NO.
order_real,data/videos_v2/int_67ms/v2_67_00050.mp4,67,True,8,1,0,-1.3372,NO,NO.
order_real,data/videos_v2/int_67ms/v2_67_00051.mp4,67,True,8,1,0,-1.846,NO,NO.
order_real,data/videos_v2/int_67ms/v2_67_00052.mp4,67,False,8,0,0,-0.9267,NO,NO.
order_real,data/videos_v2/int_67ms/v2_67_00053.mp4,67,False,8,0,0,-1.2534,NO,NO.
order_real,data/videos_v2/int_67ms/v2_67_00054.mp4,67,True,8,1,0,-0.2997,NO,NO.
order_real,data/videos_v2/int_67ms/v2_67_00055.mp4,67,True,8,1,0,-1.9007,NO,NO.
order_real,data/videos_v2/int_67ms/v2_67_00056.mp4,67,False,8,0,0,-1.3898,NO,NO.
order_real,data/videos_v2/int_67ms/v2_67_00057.mp4,67,False,8,0,0,-1.3894,NO,NO.
order_real,data/videos_v2/int_67ms/v2_67_00058.mp4,67,False,8,0,0,-1.5113,NO,NO.
order_real,data/videos_v2/int_67ms/v2_67_00059.mp4,67,True,8,1,0,-1.6573,NO,NO.
order_real,data/videos_v2/int_67ms/v2_67_00060.mp4,67,False,8,0,0,-1.1579,NO,NO.
order_real,data/videos_v2/int_67ms/v2_67_00061.mp4,67,True,8,1,0,-2.2649,NO,NO.
order_real,data/videos_v2/int_67ms/v2_67_00062.mp4,67,False,8,0,0,-0.0715,NO,NO.
order_real,data/videos_v2/int_67ms/v2_67_00063.mp4,67,True,8,1,0,-0.5354,NO,NO.
order_real,data/videos_v2/int_67ms/v2_67_00064.mp4,67,False,8,0,0,-0.0257,NO,NO.
order_real,data/videos_v2/int_67ms/v2_67_00065.mp4,67,True,8,1,0,-0.1607,NO,NO.
order_real,data/videos_v2/int_67ms/v2_67_00066.mp4,67,True,8,1,0,-1.3874,NO,NO.
order_real,data/videos_v2/int_67ms/v2_67_00067.mp4,67,False,8,0,0,-1.4166,NO,NO.
order_real,data/videos_v2/int_67ms/v2_67_00068.mp4,67,True,8,1,1,0.2979,YES,YES.
order_real,data/videos_v2/int_67ms/v2_67_00069.mp4,67,False,8,0,0,-1.6769,NO,NO.
order_real,data/videos_v2/int_67ms/v2_67_00070.mp4,67,True,8,1,0,-1.4104,NO,NO.
order_real,data/videos_v2/int_67ms/v2_67_00071.mp4,67,False,8,0,0,-0.7492,NO,NO.
order_real,data/videos_v2/int_67ms/v2_67_00072.mp4,67,True,8,1,0,-1.765,NO,NO.
order_real,data/videos_v2/int_67ms/v2_67_00073.mp4,67,True,8,1,0,-1.4462,NO,NO.
order_real,data/videos_v2/int_67ms/v2_67_00074.mp4,67,False,8,0,0,-1.8977,NO,NO.
order_real,data/videos_v2/int_67ms/v2_67_00075.mp4,67,True,8,1,0,-1.427,NO,NO.
order_real,data/videos_v2/int_67ms/v2_67_00076.mp4,67,True,8,1,0,-1.6662,NO,NO.
order_real,data/videos_v2/int_67ms/v2_67_00077.mp4,67,True,8,1,0,-1.6663,NO,NO.
order_real,data/videos_v2/int_67ms/v2_67_00078.mp4,67,False,8,0,0,-1.9104,NO,NO.
order_real,data/videos_v2/int_67ms/v2_67_00079.mp4,67,False,8,0,0,-1.5323,NO,NO.
order_real,data/videos_v2/int_67ms/v2_67_00080.mp4,67,False,8,0,0,-1.1838,NO,NO.
order_real,data/videos_v2/int_67ms/v2_67_00081.mp4,67,True,8,1,0,-1.7825,NO,NO.
order_real,data/videos_v2/int_67ms/v2_67_00082.mp4,67,False,8,0,0,-1.1903,NO,NO.
order_real,data/videos_v2/int_67ms/v2_67_00083.mp4,67,False,8,0,0,-1.3214,NO,NO.
order_real,data/videos_v2/int_67ms/v2_67_00084.mp4,67,True,8,1,0,-1.0412,NO,NO.
order_real,data/videos_v2/int_67ms/v2_67_00085.mp4,67,True,8,1,0,-1.5654,NO,NO.
order_real,data/videos_v2/int_67ms/v2_67_00086.mp4,67,False,8,0,0,-1.6472,NO,NO.
order_real,data/videos_v2/int_67ms/v2_67_00087.mp4,67,True,8,1,0,-1.5326,NO,NO.
order_real,data/videos_v2/int_67ms/v2_67_00088.mp4,67,False,8,0,0,-1.8018,NO,NO.
order_real,data/videos_v2/int_67ms/v2_67_00089.mp4,67,False,8,0,0,-1.6019,NO,NO.
order_real,data/videos_v2/int_67ms/v2_67_00090.mp4,67,False,8,0,0,-1.052,NO,NO.
order_real,data/videos_v2/int_67ms/v2_67_00091.mp4,67,True,8,1,0,-1.2997,NO,NO.
order_real,data/videos_v2/int_67ms/v2_67_00092.mp4,67,False,8,0,0,-1.503,NO,NO.
order_real,data/videos_v2/int_67ms/v2_67_00093.mp4,67,True,8,1,0,-1.559,NO,NO.
order_real,data/videos_v2/int_67ms/v2_67_00094.mp4,67,False,8,0,0,-1.64,NO,NO.
order_real,data/videos_v2/int_67ms/v2_67_00095.mp4,67,False,8,0,0,-1.4856,NO,NO.
order_real,data/videos_v2/int_67ms/v2_67_00096.mp4,67,True,8,1,0,-1.2208,NO,NO.
order_real,data/videos_v2/int_67ms/v2_67_00097.mp4,67,True,8,1,0,-1.5147,NO,NO.
order_real,data/videos_v2/int_67ms/v2_67_00098.mp4,67,False,8,0,0,-0.6821,NO,NO.
order_real,data/videos_v2/int_67ms/v2_67_00099.mp4,67,False,8,0,0,-1.2199,NO,NO.
order_real,data/videos_v2/int_100ms/v2_100_00100.mp4,100,False,8,0,0,-1.7831,NO,NO.
order_real,data/videos_v2/int_100ms/v2_100_00101.mp4,100,False,8,0,0,-0.7853,NO,NO.
order_real,data/videos_v2/int_100ms/v2_100_00102.mp4,100,True,8,1,0,-1.4162,NO,NO.
order_real,data/videos_v2/int_100ms/v2_100_00103.mp4,100,False,8,0,0,-1.5255,NO,NO.
order_real,data/videos_v2/int_100ms/v2_100_00104.mp4,100,True,8,1,0,-1.7209,NO,NO.
order_real,data/videos_v2/int_100ms/v2_100_00105.mp4,100,False,8,0,0,-0.2998,NO,NO.
order_real,data/videos_v2/int_100ms/v2_100_00106.mp4,100,True,8,1,0,-0.1666,NO,NO.
order_real,data/videos_v2/int_100ms/v2_100_00107.mp4,100,True,8,1,0,-1.6824,NO,NO.
order_real,data/videos_v2/int_100ms/v2_100_00108.mp4,100,True,8,1,0,-1.7728,NO,NO.
order_real,data/videos_v2/int_100ms/v2_100_00109.mp4,100,False,8,0,0,-1.1505,NO,NO.
order_real,data/videos_v2/int_100ms/v2_100_00110.mp4,100,True,8,1,0,-2.096,NO,NO.
order_real,data/videos_v2/int_100ms/v2_100_00111.mp4,100,True,8,1,0,-1.1902,NO,NO.
order_real,data/videos_v2/int_100ms/v2_100_00112.mp4,100,False,8,0,0,-1.7863,NO,NO.
order_real,data/videos_v2/int_100ms/v2_100_00113.mp4,100,False,8,0,0,-1.435,NO,NO.
order_real,data/videos_v2/int_100ms/v2_100_00114.mp4,100,False,8,0,0,-1.6508,NO,NO.
order_real,data/videos_v2/int_100ms/v2_100_00115.mp4,100,True,8,1,0,-1.7823,NO,NO.
order_real,data/videos_v2/int_100ms/v2_100_00116.mp4,100,True,8,1,0,-1.3088,NO,NO.
order_real,data/videos_v2/int_100ms/v2_100_00117.mp4,100,True,8,1,0,-1.9465,NO,NO.
order_real,data/videos_v2/int_100ms/v2_100_00118.mp4,100,False,8,0,0,-1.5324,NO,NO.
order_real,data/videos_v2/int_100ms/v2_100_00119.mp4,100,False,8,0,0,-1.1504,NO,NO.
order_real,data/videos_v2/int_100ms/v2_100_00120.mp4,100,False,8,0,0,-1.3738,NO,NO.
order_real,data/videos_v2/int_100ms/v2_100_00121.mp4,100,False,8,0,0,-1.4101,NO,NO.
order_real,data/videos_v2/int_100ms/v2_100_00122.mp4,100,True,8,1,0,-1.0147,NO,NO.
order_real,data/videos_v2/int_100ms/v2_100_00123.mp4,100,False,8,0,0,-1.5255,NO,NO.
order_real,data/videos_v2/int_100ms/v2_100_00124.mp4,100,True,8,1,0,-1.6104,NO,NO.
order_real,data/videos_v2/int_100ms/v2_100_00125.mp4,100,False,8,0,0,-1.6477,NO,NO.
order_real,data/videos_v2/int_100ms/v2_100_00126.mp4,100,True,8,1,0,-1.7755,NO,NO.
order_real,data/videos_v2/int_100ms/v2_100_00127.mp4,100,False,8,0,0,-1.5031,NO,NO.
order_real,data/videos_v2/int_100ms/v2_100_00128.mp4,100,True,8,1,0,-0.2855,NO,NO.
order_real,data/videos_v2/int_100ms/v2_100_00129.mp4,100,True,8,1,0,-1.1506,NO,NO.
order_real,data/videos_v2/int_100ms/v2_100_00130.mp4,100,True,8,1,0,-0.1749,NO,NO.
order_real,data/videos_v2/int_100ms/v2_100_00131.mp4,100,False,8,0,0,-0.5496,NO,NO.
order_real,data/videos_v2/int_100ms/v2_100_00132.mp4,100,False,8,0,0,-1.1768,NO,NO.
order_real,data/videos_v2/int_100ms/v2_100_00133.mp4,100,False,8,0,0,-1.4269,NO,NO.
order_real,data/videos_v2/int_100ms/v2_100_00134.mp4,100,True,8,1,0,-1.1105,NO,NO.
order_real,data/videos_v2/int_100ms/v2_100_00135.mp4,100,True,8,1,0,-0.3156,NO,NO.
order_real,data/videos_v2/int_100ms/v2_100_00136.mp4,100,True,8,1,0,-1.7404,NO,NO.
order_real,data/videos_v2/int_100ms/v2_100_00137.mp4,100,True,8,1,0,-1.4341,NO,NO.
order_real,data/videos_v2/int_100ms/v2_100_00138.mp4,100,False,8,0,0,-0.7826,NO,NO.
order_real,data/videos_v2/int_100ms/v2_100_00139.mp4,100,True,8,1,0,-1.5416,NO,NO.
order_real,data/videos_v2/int_100ms/v2_100_00140.mp4,100,True,8,1,0,-0.6397,NO,NO.
order_real,data/videos_v2/int_100ms/v2_100_00141.mp4,100,True,8,1,0,-1.7645,NO,NO.
order_real,data/videos_v2/int_100ms/v2_100_00142.mp4,100,True,8,1,0,-1.249,NO,NO.
order_real,data/videos_v2/int_100ms/v2_100_00143.mp4,100,False,8,0,0,-0.7757,NO,NO.
order_real,data/videos_v2/int_100ms/v2_100_00144.mp4,100,True,8,1,0,-1.5959,NO,NO.
order_real,data/videos_v2/int_100ms/v2_100_00145.mp4,100,False,8,0,0,-1.7193,NO,NO.
order_real,data/videos_v2/int_100ms/v2_100_00146.mp4,100,False,8,0,0,-1.7613,NO,NO.
order_real,data/videos_v2/int_100ms/v2_100_00147.mp4,100,False,8,0,0,-1.1392,NO,NO.
order_real,data/videos_v2/int_100ms/v2_100_00148.mp4,100,True,8,1,0,-1.6396,NO,NO.
order_real,data/videos_v2/int_100ms/v2_100_00149.mp4,100,True,8,1,0,-0.7033,NO,NO.
order_real,data/videos_v2/int_100ms/v2_100_00150.mp4,100,False,8,0,0,-1.7645,NO,NO.
order_real,data/videos_v2/int_100ms/v2_100_00151.mp4,100,False,8,0,0,-1.4072,NO,NO.
order_real,data/videos_v2/int_100ms/v2_100_00152.mp4,100,True,8,1,0,-0.7728,NO,NO.
order_real,data/videos_v2/int_100ms/v2_100_00153.mp4,100,False,8,0,0,-1.2914,NO,NO.
order_real,data/videos_v2/int_100ms/v2_100_00154.mp4,100,True,8,1,0,-0.7915,NO,NO.
order_real,data/videos_v2/int_100ms/v2_100_00155.mp4,100,True,8,1,0,-1.3455,NO,NO.
order_real,data/videos_v2/int_100ms/v2_100_00156.mp4,100,False,8,0,0,-0.8779,NO,NO.
order_real,data/videos_v2/int_100ms/v2_100_00157.mp4,100,False,8,0,0,-0.428,NO,NO.
order_real,data/videos_v2/int_100ms/v2_100_00158.mp4,100,False,8,0,0,-1.5326,NO,NO.
order_real,data/videos_v2/int_100ms/v2_100_00159.mp4,100,False,8,0,0,-1.1889,NO,NO.
order_real,data/videos_v2/int_100ms/v2_100_00160.mp4,100,True,8,1,0,-0.0118,NO,NO.
order_real,data/videos_v2/int_100ms/v2_100_00161.mp4,100,False,8,0,0,-1.6747,NO,NO.
order_real,data/videos_v2/int_100ms/v2_100_00162.mp4,100,False,8,0,0,-1.0257,NO,NO.
order_real,data/videos_v2/int_100ms/v2_100_00163.mp4,100,True,8,1,0,-1.7356,NO,NO.
order_real,data/videos_v2/int_100ms/v2_100_00164.mp4,100,True,8,1,0,-0.1477,NO,NO.
order_real,data/videos_v2/int_100ms/v2_100_00165.mp4,100,False,8,0,0,-1.1018,NO,NO.
order_real,data/videos_v2/int_100ms/v2_100_00166.mp4,100,False,8,0,0,-0.1608,NO,NO.
order_real,data/videos_v2/int_100ms/v2_100_00167.mp4,100,False,8,0,0,-1.6769,NO,NO.
order_real,data/videos_v2/int_100ms/v2_100_00168.mp4,100,True,8,1,0,-1.1474,NO,NO.
order_real,data/videos_v2/int_100ms/v2_100_00169.mp4,100,False,8,0,0,-2.0227,NO,NO.
order_real,data/videos_v2/int_100ms/v2_100_00170.mp4,100,False,8,0,0,-1.1768,NO,NO.
order_real,data/videos_v2/int_100ms/v2_100_00171.mp4,100,True,8,1,0,-0.1665,NO,NO.
order_real,data/videos_v2/int_100ms/v2_100_00172.mp4,100,False,8,0,0,-0.9071,NO,NO.
order_real,data/videos_v2/int_100ms/v2_100_00173.mp4,100,True,8,1,0,-2.0415,NO,NO.
order_real,data/videos_v2/int_100ms/v2_100_00174.mp4,100,True,8,1,0,-1.596,NO,NO.
order_real,data/videos_v2/int_100ms/v2_100_00175.mp4,100,False,8,0,0,-0.5712,NO,NO.
order_real,data/videos_v2/int_100ms/v2_100_00176.mp4,100,True,8,1,0,-0.971,NO,NO.
order_real,data/videos_v2/int_100ms/v2_100_00177.mp4,100,False,8,0,0,-1.1747,NO,NO.
order_real,data/videos_v2/int_100ms/v2_100_00178.mp4,100,True,8,1,0,-1.4247,NO,NO.
order_real,data/videos_v2/int_100ms/v2_100_00179.mp4,100,False,8,0,1,0.2977,YES,YES.
order_real,data/videos_v2/int_100ms/v2_100_00180.mp4,100,False,8,0,0,-0.9535,NO,NO.
order_real,data/videos_v2/int_100ms/v2_100_00181.mp4,100,False,8,0,0,-1.0782,NO,NO.
order_real,data/videos_v2/int_100ms/v2_100_00182.mp4,100,True,8,1,0,-1.8736,NO,NO.
order_real,data/videos_v2/int_100ms/v2_100_00183.mp4,100,True,8,1,0,-1.4249,NO,NO.
order_real,data/videos_v2/int_100ms/v2_100_00184.mp4,100,True,8,1,0,-1.4246,NO,NO.
order_real,data/videos_v2/int_100ms/v2_100_00185.mp4,100,False,8,0,0,-1.5325,NO,NO.
order_real,data/videos_v2/int_100ms/v2_100_00186.mp4,100,False,8,0,0,-0.9984,NO,NO.
order_real,data/videos_v2/int_100ms/v2_100_00187.mp4,100,False,8,0,0,-1.3142,NO,NO.
order_real,data/videos_v2/int_100ms/v2_100_00188.mp4,100,False,8,0,0,-1.3601,NO,NO.
order_real,data/videos_v2/int_100ms/v2_100_00189.mp4,100,False,8,0,0,-1.0874,NO,NO.
order_real,data/videos_v2/int_100ms/v2_100_00190.mp4,100,True,8,1,0,-1.3898,NO,NO.
order_real,data/videos_v2/int_100ms/v2_100_00191.mp4,100,True,8,1,0,-0.5254,NO,NO.
order_real,data/videos_v2/int_100ms/v2_100_00192.mp4,100,True,8,1,0,-1.2641,NO,NO.
order_real,data/videos_v2/int_100ms/v2_100_00193.mp4,100,True,8,1,0,-1.3151,NO,NO.
order_real,data/videos_v2/int_100ms/v2_100_00194.mp4,100,False,8,0,0,-1.374,NO,NO.
order_real,data/videos_v2/int_100ms/v2_100_00195.mp4,100,False,8,0,0,-1.5113,NO,NO.
order_real,data/videos_v2/int_100ms/v2_100_00196.mp4,100,False,8,0,0,-1.273,NO,NO.
order_real,data/videos_v2/int_100ms/v2_100_00197.mp4,100,False,8,0,0,-1.333,NO,NO.
order_real,data/videos_v2/int_100ms/v2_100_00198.mp4,100,False,8,0,0,-1.8303,NO,NO.
order_real,data/videos_v2/int_100ms/v2_100_00199.mp4,100,True,8,1,0,-1.1507,NO,NO.
order_real,data/videos_v2/int_200ms/v2_200_00200.mp4,200,True,8,1,0,-0.5589,NO,NO.
order_real,data/videos_v2/int_200ms/v2_200_00201.mp4,200,False,8,0,0,-0.8012,NO,NO.
order_real,data/videos_v2/int_200ms/v2_200_00202.mp4,200,True,8,1,0,-0.8781,NO,NO.
order_real,data/videos_v2/int_200ms/v2_200_00203.mp4,200,True,8,1,0,-1.5145,NO,NO.
order_real,data/videos_v2/int_200ms/v2_200_00204.mp4,200,True,8,1,0,-0.6398,NO,NO.
order_real,data/videos_v2/int_200ms/v2_200_00205.mp4,200,True,8,1,0,-0.9404,NO,NO.
order_real,data/videos_v2/int_200ms/v2_200_00206.mp4,200,False,8,0,0,-1.1662,NO,NO.
order_real,data/videos_v2/int_200ms/v2_200_00207.mp4,200,False,8,0,0,-1.684,NO,NO.
order_real,data/videos_v2/int_200ms/v2_200_00208.mp4,200,True,8,1,0,-0.4196,NO,NO.
order_real,data/videos_v2/int_200ms/v2_200_00209.mp4,200,True,8,1,0,-1.4161,NO,NO.
order_real,data/videos_v2/int_200ms/v2_200_00210.mp4,200,True,8,1,0,-1.7996,NO,NO.
order_real,data/videos_v2/int_200ms/v2_200_00211.mp4,200,True,8,1,0,-0.9003,NO,NO.
order_real,data/videos_v2/int_200ms/v2_200_00212.mp4,200,True,8,1,0,-1.8606,NO,NO.
order_real,data/videos_v2/int_200ms/v2_200_00213.mp4,200,True,8,1,0,-1.6573,NO,NO.
order_real,data/videos_v2/int_200ms/v2_200_00214.mp4,200,False,8,0,0,-1.5785,NO,NO.
order_real,data/videos_v2/int_200ms/v2_200_00215.mp4,200,False,8,0,0,-1.0113,NO,NO.
order_real,data/videos_v2/int_200ms/v2_200_00216.mp4,200,False,8,0,0,-1.2755,NO,NO.
order_real,data/videos_v2/int_200ms/v2_200_00217.mp4,200,True,8,1,0,-1.6576,NO,NO.
order_real,data/videos_v2/int_200ms/v2_200_00218.mp4,200,False,8,0,0,-0.4197,NO,NO.
order_real,data/videos_v2/int_200ms/v2_200_00219.mp4,200,False,8,0,0,-1.8655,NO,NO.
order_real,data/videos_v2/int_200ms/v2_200_00220.mp4,200,False,8,0,0,-1.4001,NO,NO.
order_real,data/videos_v2/int_200ms/v2_200_00221.mp4,200,True,8,1,0,-1.3086,NO,NO.
order_real,data/videos_v2/int_200ms/v2_200_00222.mp4,200,False,8,0,0,-1.2913,NO,NO.
order_real,data/videos_v2/int_200ms/v2_200_00223.mp4,200,False,8,0,0,-1.5353,NO,NO.
order_real,data/videos_v2/int_200ms/v2_200_00224.mp4,200,False,8,0,0,-1.4854,NO,NO.
order_real,data/videos_v2/int_200ms/v2_200_00225.mp4,200,True,8,1,0,-1.2649,NO,NO.
order_real,data/videos_v2/int_200ms/v2_200_00226.mp4,200,False,8,0,0,-0.916,NO,NO.
order_real,data/videos_v2/int_200ms/v2_200_00227.mp4,200,False,8,0,0,-1.6397,NO,NO.
order_real,data/videos_v2/int_200ms/v2_200_00228.mp4,200,True,8,1,0,-1.532,NO,NO.
order_real,data/videos_v2/int_200ms/v2_200_00229.mp4,200,True,8,1,0,-1.1363,NO,NO.
order_real,data/videos_v2/int_200ms/v2_200_00230.mp4,200,True,8,1,0,-1.2727,NO,NO.
order_real,data/videos_v2/int_200ms/v2_200_00231.mp4,200,True,8,1,0,-0.2945,NO,NO.
order_real,data/videos_v2/int_200ms/v2_200_00232.mp4,200,True,8,1,0,-1.6241,NO,NO.
order_real,data/videos_v2/int_200ms/v2_200_00233.mp4,200,False,8,0,0,-2.2492,NO,NO.
order_real,data/videos_v2/int_200ms/v2_200_00234.mp4,200,False,8,0,0,-1.544,NO,NO.
order_real,data/videos_v2/int_200ms/v2_200_00235.mp4,200,True,8,1,0,-0.5829,NO,NO.
order_real,data/videos_v2/int_200ms/v2_200_00236.mp4,200,False,8,0,0,-1.2754,NO,NO.
order_real,data/videos_v2/int_200ms/v2_200_00237.mp4,200,True,8,1,0,-1.7645,NO,NO.
order_real,data/videos_v2/int_200ms/v2_200_00238.mp4,200,True,8,1,0,-1.2821,NO,NO.
order_real,data/videos_v2/int_200ms/v2_200_00239.mp4,200,True,8,1,0,-1.5412,NO,NO.
order_real,data/videos_v2/int_200ms/v2_200_00240.mp4,200,True,8,1,0,-0.2019,NO,NO.
order_real,data/videos_v2/int_200ms/v2_200_00241.mp4,200,False,8,0,0,-1.1841,NO,NO.
order_real,data/videos_v2/int_200ms/v2_200_00242.mp4,200,True,8,1,0,-1.4164,NO,NO.
order_real,data/videos_v2/int_200ms/v2_200_00243.mp4,200,False,8,0,0,-1.2529,NO,NO.
order_real,data/videos_v2/int_200ms/v2_200_00244.mp4,200,True,8,1,0,-1.1601,NO,NO.
order_real,data/videos_v2/int_200ms/v2_200_00245.mp4,200,False,8,0,0,-1.5445,NO,NO.
order_real,data/videos_v2/int_200ms/v2_200_00246.mp4,200,True,8,1,0,-1.5411,NO,NO.
order_real,data/videos_v2/int_200ms/v2_200_00247.mp4,200,True,8,1,0,-0.7754,NO,NO.
order_real,data/videos_v2/int_200ms/v2_200_00248.mp4,200,False,8,0,0,-1.3873,NO,NO.
order_real,data/videos_v2/int_200ms/v2_200_00249.mp4,200,False,8,0,0,-1.6576,NO,NO.
order_real,data/videos_v2/int_200ms/v2_200_00250.mp4,200,True,8,1,0,-1.1744,NO,NO.
order_real,data/videos_v2/int_200ms/v2_200_00251.mp4,200,False,8,0,0,-1.4989,NO,NO.
order_real,data/videos_v2/int_200ms/v2_200_00252.mp4,200,False,8,0,0,-2.0224,NO,NO.
order_real,data/videos_v2/int_200ms/v2_200_00253.mp4,200,False,8,0,0,-1.4002,NO,NO.
order_real,data/videos_v2/int_200ms/v2_200_00254.mp4,200,False,8,0,0,-1.3863,NO,NO.
order_real,data/videos_v2/int_200ms/v2_200_00255.mp4,200,True,8,1,0,-1.1507,NO,NO.
order_real,data/videos_v2/int_200ms/v2_200_00256.mp4,200,False,8,0,0,-1.2644,NO,NO.
order_real,data/videos_v2/int_200ms/v2_200_00257.mp4,200,True,8,1,0,-2.2348,NO,NO.
order_real,data/videos_v2/int_200ms/v2_200_00258.mp4,200,False,8,0,0,-1.2913,NO,NO.
order_real,data/videos_v2/int_200ms/v2_200_00259.mp4,200,True,8,1,0,-1.6021,NO,NO.
order_real,data/videos_v2/int_200ms/v2_200_00260.mp4,200,True,8,1,0,-0.9243,NO,NO.
order_real,data/videos_v2/int_200ms/v2_200_00261.mp4,200,False,8,0,0,-0.5114,NO,NO.
order_real,data/videos_v2/int_200ms/v2_200_00262.mp4,200,False,8,0,0,-1.7758,NO,NO.
order_real,data/videos_v2/int_200ms/v2_200_00263.mp4,200,True,8,1,0,-1.6098,NO,NO.
order_real,data/videos_v2/int_200ms/v2_200_00264.mp4,200,True,8,1,0,-0.3866,NO,NO.
order_real,data/videos_v2/int_200ms/v2_200_00265.mp4,200,False,8,0,0,-1.1661,NO,NO.
order_real,data/videos_v2/int_200ms/v2_200_00266.mp4,200,True,8,1,0,-0.9005,NO,NO.
order_real,data/videos_v2/int_200ms/v2_200_00267.mp4,200,True,8,1,0,-1.0226,NO,NO.
order_real,data/videos_v2/int_200ms/v2_200_00268.mp4,200,True,8,1,0,-0.0573,NO,NO.
order_real,data/videos_v2/int_200ms/v2_200_00269.mp4,200,True,8,1,0,-1.3028,NO,NO.
order_real,data/videos_v2/int_200ms/v2_200_00270.mp4,200,True,8,1,0,-1.7756,NO,NO.
order_real,data/videos_v2/int_200ms/v2_200_00271.mp4,200,True,8,1,0,-1.6476,NO,NO.
order_real,data/videos_v2/int_200ms/v2_200_00272.mp4,200,False,8,0,0,-1.0496,NO,NO.
order_real,data/videos_v2/int_200ms/v2_200_00273.mp4,200,False,8,0,0,-0.6744,NO,NO.
order_real,data/videos_v2/int_200ms/v2_200_00274.mp4,200,True,8,1,0,-1.7916,NO,NO.
order_real,data/videos_v2/int_200ms/v2_200_00275.mp4,200,False,8,0,0,-1.3739,NO,NO.
order_real,data/videos_v2/int_200ms/v2_200_00276.mp4,200,True,8,1,0,-1.8657,NO,NO.
order_real,data/videos_v2/int_200ms/v2_200_00277.mp4,200,True,8,1,0,-1.2914,NO,NO.
order_real,data/videos_v2/int_200ms/v2_200_00278.mp4,200,True,8,1,0,-0.8736,NO,NO.
order_real,data/videos_v2/int_200ms/v2_200_00279.mp4,200,False,8,0,0,-1.7488,NO,NO.
order_real,data/videos_v2/int_200ms/v2_200_00280.mp4,200,True,8,1,0,-1.5783,NO,NO.
order_real,data/videos_v2/int_200ms/v2_200_00281.mp4,200,True,8,1,0,-1.5256,NO,NO.
order_real,data/videos_v2/int_200ms/v2_200_00282.mp4,200,True,8,1,0,-1.4073,NO,NO.
order_real,data/videos_v2/int_200ms/v2_200_00283.mp4,200,True,8,1,0,-0.9007,NO,NO.
order_real,data/videos_v2/int_200ms/v2_200_00284.mp4,200,True,8,1,0,-0.775,NO,NO.
order_real,data/videos_v2/int_200ms/v2_200_00285.mp4,200,True,8,1,0,-1.0254,NO,NO.
order_real,data/videos_v2/int_200ms/v2_200_00286.mp4,200,False,8,0,0,-1.3214,NO,NO.
order_real,data/videos_v2/int_200ms/v2_200_00287.mp4,200,False,8,0,0,-1.7346,NO,NO.
order_real,data/videos_v2/int_200ms/v2_200_00288.mp4,200,False,8,0,0,-1.3898,NO,NO.
order_real,data/videos_v2/int_200ms/v2_200_00289.mp4,200,True,8,1,0,-1.3976,NO,NO.
order_real,data/videos_v2/int_200ms/v2_200_00290.mp4,200,False,8,0,0,-1.4246,NO,NO.
order_real,data/videos_v2/int_200ms/v2_200_00291.mp4,200,True,8,1,0,-1.1605,NO,NO.
order_real,data/videos_v2/int_200ms/v2_200_00292.mp4,200,True,8,1,0,-0.6238,NO,NO.
order_real,data/videos_v2/int_200ms/v2_200_00293.mp4,200,False,8,0,0,-1.5032,NO,NO.
order_real,data/videos_v2/int_200ms/v2_200_00294.mp4,200,False,8,0,0,-1.1506,NO,NO.
order_real,data/videos_v2/int_200ms/v2_200_00295.mp4,200,False,8,0,0,-1.3741,NO,NO.
order_real,data/videos_v2/int_200ms/v2_200_00296.mp4,200,True,8,1,0,-1.3738,NO,NO.
order_real,data/videos_v2/int_200ms/v2_200_00297.mp4,200,False,8,0,0,-1.0416,NO,NO.
order_real,data/videos_v2/int_200ms/v2_200_00298.mp4,200,False,8,0,0,-0.7822,NO,NO.
order_real,data/videos_v2/int_200ms/v2_200_00299.mp4,200,True,8,1,0,-0.9405,NO,NO.
order_real,data/videos_v2/int_333ms/v2_333_00300.mp4,333,False,8,0,0,-1.0321,NO,NO.
order_real,data/videos_v2/int_333ms/v2_333_00301.mp4,333,True,8,1,0,-0.7853,NO,NO.
order_real,data/videos_v2/int_333ms/v2_333_00302.mp4,333,False,8,0,0,-1.2122,NO,NO.
order_real,data/videos_v2/int_333ms/v2_333_00303.mp4,333,True,8,1,0,-1.3976,NO,NO.
order_real,data/videos_v2/int_333ms/v2_333_00304.mp4,333,True,8,1,0,-1.7613,NO,NO.
order_real,data/videos_v2/int_333ms/v2_333_00305.mp4,333,True,8,1,0,-0.5115,NO,NO.
order_real,data/videos_v2/int_333ms/v2_333_00306.mp4,333,False,8,0,0,-1.4006,NO,NO.
order_real,data/videos_v2/int_333ms/v2_333_00307.mp4,333,True,8,1,0,-0.4007,NO,NO.
order_real,data/videos_v2/int_333ms/v2_333_00308.mp4,333,True,8,1,0,-1.4989,NO,NO.
order_real,data/videos_v2/int_333ms/v2_333_00309.mp4,333,False,8,0,0,-0.7611,NO,NO.
order_real,data/videos_v2/int_333ms/v2_333_00310.mp4,333,True,8,1,0,-1.1398,NO,NO.
order_real,data/videos_v2/int_333ms/v2_333_00311.mp4,333,True,8,1,0,-1.9533,NO,NO.
order_real,data/videos_v2/int_333ms/v2_333_00312.mp4,333,True,8,1,0,-0.7067,NO,NO.
order_real,data/videos_v2/int_333ms/v2_333_00313.mp4,333,True,8,1,0,-2.1398,NO,NO.
order_real,data/videos_v2/int_333ms/v2_333_00314.mp4,333,False,8,0,0,-1.7623,NO,NO.
order_real,data/videos_v2/int_333ms/v2_333_00315.mp4,333,True,8,1,0,-1.7756,NO,NO.
order_real,data/videos_v2/int_333ms/v2_333_00316.mp4,333,False,8,0,0,-0.3215,NO,NO.
order_real,data/videos_v2/int_333ms/v2_333_00317.mp4,333,False,8,0,0,-1.1395,NO,NO.
order_real,data/videos_v2/int_333ms/v2_333_00318.mp4,333,False,8,0,0,-1.3739,NO,NO.
order_real,data/videos_v2/int_333ms/v2_333_00319.mp4,333,True,8,1,0,-0.1964,NO,NO.
order_real,data/videos_v2/int_333ms/v2_333_00320.mp4,333,False,8,0,0,-1.7995,NO,NO.
order_real,data/videos_v2/int_333ms/v2_333_00321.mp4,333,True,8,1,0,-2.0028,NO,NO.
order_real,data/videos_v2/int_333ms/v2_333_00322.mp4,333,True,8,1,0,-1.7726,NO,NO.
order_real,data/videos_v2/int_333ms/v2_333_00323.mp4,333,False,8,0,0,-0.8898,NO,NO.
order_real,data/videos_v2/int_333ms/v2_333_00324.mp4,333,False,8,0,0,-0.5715,NO,NO.
order_real,data/videos_v2/int_333ms/v2_333_00325.mp4,333,False,8,0,0,-1.6904,NO,NO.
order_real,data/videos_v2/int_333ms/v2_333_00326.mp4,333,True,8,1,0,-1.5148,NO,NO.
order_real,data/videos_v2/int_333ms/v2_333_00327.mp4,333,False,8,0,0,-1.8738,NO,NO.
order_real,data/videos_v2/int_333ms/v2_333_00328.mp4,333,True,8,1,0,-1.8106,NO,NO.
order_real,data/videos_v2/int_333ms/v2_333_00329.mp4,333,True,8,1,0,-1.1605,NO,NO.
order_real,data/videos_v2/int_333ms/v2_333_00330.mp4,333,True,8,1,0,-2.3285,NO,NO.
order_real,data/videos_v2/int_333ms/v2_333_00331.mp4,333,False,8,0,0,-0.3026,NO,NO.
order_real,data/videos_v2/int_333ms/v2_333_00332.mp4,333,True,8,1,0,-1.3458,NO,NO.
order_real,data/videos_v2/int_333ms/v2_333_00333.mp4,333,True,8,1,0,-1.1665,NO,NO.
order_real,data/videos_v2/int_333ms/v2_333_00334.mp4,333,True,8,1,0,-0.749,NO,NO.
order_real,data/videos_v2/int_333ms/v2_333_00335.mp4,333,True,8,1,0,-0.7019,NO,NO.
order_real,data/videos_v2/int_333ms/v2_333_00336.mp4,333,False,8,0,0,-1.1573,NO,NO.
order_real,data/videos_v2/int_333ms/v2_333_00337.mp4,333,True,8,1,0,-0.4166,NO,NO.
order_real,data/videos_v2/int_333ms/v2_333_00338.mp4,333,False,8,0,0,-1.3652,NO,NO.
order_real,data/videos_v2/int_333ms/v2_333_00339.mp4,333,True,8,1,0,-0.9115,NO,NO.
order_real,data/videos_v2/int_333ms/v2_333_00340.mp4,333,True,8,1,0,-0.178,NO,NO.
order_real,data/videos_v2/int_333ms/v2_333_00341.mp4,333,False,8,0,0,-1.6572,NO,NO.
order_real,data/videos_v2/int_333ms/v2_333_00342.mp4,333,False,8,0,0,-1.9697,NO,NO.
order_real,data/videos_v2/int_333ms/v2_333_00343.mp4,333,True,8,1,0,-1.5147,NO,NO.
order_real,data/videos_v2/int_333ms/v2_333_00344.mp4,333,True,8,1,0,-1.4708,NO,NO.
order_real,data/videos_v2/int_333ms/v2_333_00345.mp4,333,False,8,0,0,-1.1854,NO,NO.
order_real,data/videos_v2/int_333ms/v2_333_00346.mp4,333,True,8,1,0,-1.8975,NO,NO.
order_real,data/videos_v2/int_333ms/v2_333_00347.mp4,333,True,8,1,0,-1.1504,NO,NO.
order_real,data/videos_v2/int_333ms/v2_333_00348.mp4,333,False,8,0,0,-1.9072,NO,NO.
order_real,data/videos_v2/int_333ms/v2_333_00349.mp4,333,True,8,1,0,-1.0029,NO,NO.
order_real,data/videos_v2/int_333ms/v2_333_00350.mp4,333,True,8,1,0,-1.0253,NO,NO.
order_real,data/videos_v2/int_333ms/v2_333_00351.mp4,333,True,8,1,0,-1.1573,NO,NO.
order_real,data/videos_v2/int_333ms/v2_333_00352.mp4,333,True,8,1,0,-0.7646,NO,NO.
order_real,data/videos_v2/int_333ms/v2_333_00353.mp4,333,True,8,1,0,-1.182,NO,NO.
order_real,data/videos_v2/int_333ms/v2_333_00354.mp4,333,False,8,0,0,-1.2725,NO,NO.
order_real,data/videos_v2/int_333ms/v2_333_00355.mp4,333,True,8,1,0,-0.6357,NO,NO.
order_real,data/videos_v2/int_333ms/v2_333_00356.mp4,333,True,8,1,0,-1.2756,NO,NO.
order_real,data/videos_v2/int_333ms/v2_333_00357.mp4,333,True,8,1,0,-1.749,NO,NO.
order_real,data/videos_v2/int_333ms/v2_333_00358.mp4,333,True,8,1,0,-1.0324,NO,NO.
order_real,data/videos_v2/int_333ms/v2_333_00359.mp4,333,False,8,0,0,-1.6398,NO,NO.
order_real,data/videos_v2/int_333ms/v2_333_00360.mp4,333,False,8,0,0,-1.0415,NO,NO.
order_real,data/videos_v2/int_333ms/v2_333_00361.mp4,333,True,8,1,0,-1.6604,NO,NO.
order_real,data/videos_v2/int_333ms/v2_333_00362.mp4,333,True,8,1,0,-0.8735,NO,NO.
order_real,data/videos_v2/int_333ms/v2_333_00363.mp4,333,True,8,1,0,-2.0498,NO,NO.
order_real,data/videos_v2/int_333ms/v2_333_00364.mp4,333,True,8,1,0,-1.4074,NO,NO.
order_real,data/videos_v2/int_333ms/v2_333_00365.mp4,333,False,8,0,0,-1.5149,NO,NO.
order_real,data/videos_v2/int_333ms/v2_333_00366.mp4,333,False,8,0,0,-1.7353,NO,NO.
order_real,data/videos_v2/int_333ms/v2_333_00367.mp4,333,False,8,0,0,-1.8739,NO,NO.
order_real,data/videos_v2/int_333ms/v2_333_00368.mp4,333,False,8,0,0,-1.7649,NO,NO.
order_real,data/videos_v2/int_333ms/v2_333_00369.mp4,333,False,8,0,0,-1.8894,NO,NO.
order_real,data/videos_v2/int_333ms/v2_333_00370.mp4,333,True,8,1,0,-1.3872,NO,NO.
order_real,data/videos_v2/int_333ms/v2_333_00371.mp4,333,True,8,1,0,-2.0148,NO,NO.
order_real,data/videos_v2/int_333ms/v2_333_00372.mp4,333,True,8,1,0,-1.7644,NO,NO.
order_real,data/videos_v2/int_333ms/v2_333_00373.mp4,333,True,8,1,0,-1.8019,NO,NO.
order_real,data/videos_v2/int_333ms/v2_333_00374.mp4,333,False,8,0,0,-1.862,NO,NO.
order_real,data/videos_v2/int_333ms/v2_333_00375.mp4,333,True,8,1,0,-1.5785,NO,NO.
order_real,data/videos_v2/int_333ms/v2_333_00376.mp4,333,False,8,0,0,-1.2825,NO,NO.
order_real,data/videos_v2/int_333ms/v2_333_00377.mp4,333,True,8,1,0,-1.0146,NO,NO.
order_real,data/videos_v2/int_333ms/v2_333_00378.mp4,333,False,8,0,0,-1.8738,NO,NO.
order_real,data/videos_v2/int_333ms/v2_333_00379.mp4,333,True,8,1,0,-1.3018,NO,NO.
order_real,data/videos_v2/int_333ms/v2_333_00380.mp4,333,True,8,1,0,-1.2531,NO,NO.
order_real,data/videos_v2/int_333ms/v2_333_00381.mp4,333,False,8,0,0,-1.0028,NO,NO.
order_real,data/videos_v2/int_333ms/v2_333_00382.mp4,333,True,8,1,0,-1.0659,NO,NO.
order_real,data/videos_v2/int_333ms/v2_333_00383.mp4,333,False,8,0,0,-1.0527,NO,NO.
order_real,data/videos_v2/int_333ms/v2_333_00384.mp4,333,False,8,0,0,-1.2347,NO,NO.
order_real,data/videos_v2/int_333ms/v2_333_00385.mp4,333,False,8,0,0,-1.6396,NO,NO.
order_real,data/videos_v2/int_333ms/v2_333_00386.mp4,333,False,8,0,0,-1.3979,NO,NO.
order_real,data/videos_v2/int_333ms/v2_333_00387.mp4,333,True,8,1,0,-1.5252,NO,NO.
order_real,data/videos_v2/int_333ms/v2_333_00388.mp4,333,False,8,0,0,-1.3736,NO,NO.
order_real,data/videos_v2/int_333ms/v2_333_00389.mp4,333,True,8,1,0,-1.0655,NO,NO.
order_real,data/videos_v2/int_333ms/v2_333_00390.mp4,333,True,8,1,0,-2.0034,NO,NO.
order_real,data/videos_v2/int_333ms/v2_333_00391.mp4,333,False,8,0,0,-1.5257,NO,NO.
order_real,data/videos_v2/int_333ms/v2_333_00392.mp4,333,True,8,1,0,-2.2033,NO,NO.
order_real,data/videos_v2/int_333ms/v2_333_00393.mp4,333,True,8,1,0,-1.0497,NO,NO.
order_real,data/videos_v2/int_333ms/v2_333_00394.mp4,333,True,8,1,0,-0.7611,NO,NO.
order_real,data/videos_v2/int_333ms/v2_333_00395.mp4,333,False,8,0,0,-0.374,NO,NO.
order_real,data/videos_v2/int_333ms/v2_333_00396.mp4,333,False,8,0,0,-0.3029,NO,NO.
order_real,data/videos_v2/int_333ms/v2_333_00397.mp4,333,True,8,1,0,-1.9008,NO,NO.
order_real,data/videos_v2/int_333ms/v2_333_00398.mp4,333,False,8,0,0,-0.6747,NO,NO.
order_real,data/videos_v2/int_333ms/v2_333_00399.mp4,333,False,8,0,0,-1.5229,NO,NO.
order_real,data/videos_v2/int_500ms/v2_500_00400.mp4,500,True,8,1,0,-0.7856,NO,NO.
order_real,data/videos_v2/int_500ms/v2_500_00401.mp4,500,True,8,1,0,-0.7914,NO,NO.
order_real,data/videos_v2/int_500ms/v2_500_00402.mp4,500,True,8,1,0,-1.5799,NO,NO.
order_real,data/videos_v2/int_500ms/v2_500_00403.mp4,500,True,8,1,0,-1.807,NO,NO.
order_real,data/videos_v2/int_500ms/v2_500_00404.mp4,500,False,8,0,0,-1.7489,NO,NO.
order_real,data/videos_v2/int_500ms/v2_500_00405.mp4,500,True,8,1,0,-0.4322,NO,NO.
order_real,data/videos_v2/int_500ms/v2_500_00406.mp4,500,True,8,1,0,-1.4269,NO,NO.
order_real,data/videos_v2/int_500ms/v2_500_00407.mp4,500,True,8,1,0,-1.0253,NO,NO.
order_real,data/videos_v2/int_500ms/v2_500_00408.mp4,500,False,8,0,0,-0.6366,NO,NO.
order_real,data/videos_v2/int_500ms/v2_500_00409.mp4,500,True,8,1,0,-1.4269,NO,NO.
order_real,data/videos_v2/int_500ms/v2_500_00410.mp4,500,True,8,1,0,-1.0146,NO,NO.
order_real,data/videos_v2/int_500ms/v2_500_00411.mp4,500,False,8,0,0,-1.6577,NO,NO.
order_real,data/videos_v2/int_500ms/v2_500_00412.mp4,500,True,8,1,0,-1.1572,NO,NO.
order_real,data/videos_v2/int_500ms/v2_500_00413.mp4,500,False,8,0,0,-0.5253,NO,NO.
order_real,data/videos_v2/int_500ms/v2_500_00414.mp4,500,False,8,0,0,-0.761,NO,NO.
order_real,data/videos_v2/int_500ms/v2_500_00415.mp4,500,True,8,1,0,-1.2822,NO,NO.
order_real,data/videos_v2/int_500ms/v2_500_00416.mp4,500,False,8,0,0,-1.9072,NO,NO.
order_real,data/videos_v2/int_500ms/v2_500_00417.mp4,500,False,8,0,0,-1.0148,NO,NO.
order_real,data/videos_v2/int_500ms/v2_500_00418.mp4,500,True,8,1,0,-1.3595,NO,NO.
order_real,data/videos_v2/int_500ms/v2_500_00419.mp4,500,True,8,1,0,-0.9382,NO,NO.
order_real,data/videos_v2/int_500ms/v2_500_00420.mp4,500,True,8,1,0,-0.6364,NO,NO.
order_real,data/videos_v2/int_500ms/v2_500_00421.mp4,500,False,8,0,0,-0.1894,NO,NO.
order_real,data/videos_v2/int_500ms/v2_500_00422.mp4,500,False,8,0,0,-1.6905,NO,NO.
order_real,data/videos_v2/int_500ms/v2_500_00423.mp4,500,True,8,1,0,-0.7648,NO,NO.
order_real,data/videos_v2/int_500ms/v2_500_00424.mp4,500,True,8,1,0,-0.7647,NO,NO.
order_real,data/videos_v2/int_500ms/v2_500_00425.mp4,500,True,8,1,0,-1.7609,NO,NO.
order_real,data/videos_v2/int_500ms/v2_500_00426.mp4,500,False,8,0,0,-0.9268,NO,NO.
order_real,data/videos_v2/int_500ms/v2_500_00427.mp4,500,True,8,1,0,-1.4855,NO,NO.
order_real,data/videos_v2/int_500ms/v2_500_00428.mp4,500,True,8,1,0,-1.6769,NO,NO.
order_real,data/videos_v2/int_500ms/v2_500_00429.mp4,500,False,8,0,0,-1.4695,NO,NO.
order_real,data/videos_v2/int_500ms/v2_500_00430.mp4,500,True,8,1,0,-0.2615,NO,NO.
order_real,data/videos_v2/int_500ms/v2_500_00431.mp4,500,True,8,1,0,0.0644,NO,NO.
order_real,data/videos_v2/int_500ms/v2_500_00432.mp4,500,False,8,0,0,-0.1605,NO,NO.
order_real,data/videos_v2/int_500ms/v2_500_00433.mp4,500,False,8,0,0,-1.2995,NO,NO.
order_real,data/videos_v2/int_500ms/v2_500_00434.mp4,500,False,8,0,0,-0.9852,NO,NO.
order_real,data/videos_v2/int_500ms/v2_500_00435.mp4,500,False,8,0,0,-1.7999,NO,NO.
order_real,data/videos_v2/int_500ms/v2_500_00436.mp4,500,True,8,1,0,-1.1839,NO,NO.
order_real,data/videos_v2/int_500ms/v2_500_00437.mp4,500,True,8,1,0,-1.0143,NO,NO.
order_real,data/videos_v2/int_500ms/v2_500_00438.mp4,500,True,8,1,0,-1.5972,NO,NO.
order_real,data/videos_v2/int_500ms/v2_500_00439.mp4,500,False,8,0,0,-1.7485,NO,NO.
order_real,data/videos_v2/int_500ms/v2_500_00440.mp4,500,False,8,0,0,-1.7194,NO,NO.
order_real,data/videos_v2/int_500ms/v2_500_00441.mp4,500,True,8,1,0,-1.9074,NO,NO.
order_real,data/videos_v2/int_500ms/v2_500_00442.mp4,500,False,8,0,0,-1.1364,NO,NO.
order_real,data/videos_v2/int_500ms/v2_500_00443.mp4,500,True,8,1,0,-1.7486,NO,NO.
order_real,data/videos_v2/int_500ms/v2_500_00444.mp4,500,False,8,0,0,-1.4102,NO,NO.
order_real,data/videos_v2/int_500ms/v2_500_00445.mp4,500,False,8,0,0,-1.1371,NO,NO.
order_real,data/videos_v2/int_500ms/v2_500_00446.mp4,500,True,8,1,0,-1.2615,NO,NO.
order_real,data/videos_v2/int_500ms/v2_500_00447.mp4,500,True,8,1,0,-2.0147,NO,NO.
order_real,data/videos_v2/int_500ms/v2_500_00448.mp4,500,False,8,0,0,-0.3143,NO,NO.
order_real,data/videos_v2/int_500ms/v2_500_00449.mp4,500,False,8,0,0,-0.0574,NO,NO.
order_real,data/videos_v2/int_500ms/v2_500_00450.mp4,500,False,8,0,0,-1.5147,NO,NO.
order_real,data/videos_v2/int_500ms/v2_500_00451.mp4,500,True,8,1,0,-0.9163,NO,NO.
order_real,data/videos_v2/int_500ms/v2_500_00452.mp4,500,False,8,0,0,-0.6358,NO,NO.
order_real,data/videos_v2/int_500ms/v2_500_00453.mp4,500,False,8,0,0,-0.4455,NO,NO.
order_real,data/videos_v2/int_500ms/v2_500_00454.mp4,500,False,8,0,0,-1.7613,NO,NO.
order_real,data/videos_v2/int_500ms/v2_500_00455.mp4,500,True,8,1,0,-1.2082,NO,NO.
order_real,data/videos_v2/int_500ms/v2_500_00456.mp4,500,False,8,0,0,-1.4338,NO,NO.
order_real,data/videos_v2/int_500ms/v2_500_00457.mp4,500,True,8,1,0,-0.9245,NO,NO.
order_real,data/videos_v2/int_500ms/v2_500_00458.mp4,500,False,8,0,0,-2.2491,NO,NO.
order_real,data/videos_v2/int_500ms/v2_500_00459.mp4,500,True,8,1,0,-1.7996,NO,NO.
order_real,data/videos_v2/int_500ms/v2_500_00460.mp4,500,False,8,0,0,-1.2203,NO,NO.
order_real,data/videos_v2/int_500ms/v2_500_00461.mp4,500,True,8,1,0,-0.9195,NO,NO.
order_real,data/videos_v2/int_500ms/v2_500_00462.mp4,500,False,8,0,0,-1.6151,NO,NO.
order_real,data/videos_v2/int_500ms/v2_500_00463.mp4,500,True,8,1,0,-1.4246,NO,NO.
order_real,data/videos_v2/int_500ms/v2_500_00464.mp4,500,True,8,1,0,-1.5356,NO,NO.
order_real,data/videos_v2/int_500ms/v2_500_00465.mp4,500,True,8,1,0,-0.571,NO,NO.
order_real,data/videos_v2/int_500ms/v2_500_00466.mp4,500,False,8,0,0,-1.5323,NO,NO.
order_real,data/videos_v2/int_500ms/v2_500_00467.mp4,500,False,8,0,0,-0.5322,NO,NO.
order_real,data/videos_v2/int_500ms/v2_500_00468.mp4,500,False,8,0,0,-1.6664,NO,NO.
order_real,data/videos_v2/int_500ms/v2_500_00469.mp4,500,True,8,1,0,-1.1759,NO,NO.
order_real,data/videos_v2/int_500ms/v2_500_00470.mp4,500,False,8,0,0,-1.8978,NO,NO.
order_real,data/videos_v2/int_500ms/v2_500_00471.mp4,500,False,8,0,0,-1.3091,NO,NO.
order_real,data/videos_v2/int_500ms/v2_500_00472.mp4,500,False,8,0,0,-1.6238,NO,NO.
order_real,data/videos_v2/int_500ms/v2_500_00473.mp4,500,False,8,0,0,-1.6506,NO,NO.
order_real,data/videos_v2/int_500ms/v2_500_00474.mp4,500,False,8,0,0,-1.6102,NO,NO.
order_real,data/videos_v2/int_500ms/v2_500_00475.mp4,500,False,8,0,0,-0.4166,NO,NO.
order_real,data/videos_v2/int_500ms/v2_500_00476.mp4,500,True,8,1,0,-1.7611,NO,NO.
order_real,data/videos_v2/int_500ms/v2_500_00477.mp4,500,True,8,1,0,-1.1694,NO,NO.
order_real,data/videos_v2/int_500ms/v2_500_00478.mp4,500,False,8,0,0,-1.9987,NO,NO.
order_real,data/videos_v2/int_500ms/v2_500_00479.mp4,500,True,8,1,0,-1.5445,NO,NO.
order_real,data/videos_v2/int_500ms/v2_500_00480.mp4,500,False,8,0,0,-1.2756,NO,NO.
order_real,data/videos_v2/int_500ms/v2_500_00481.mp4,500,True,8,1,0,-1.0112,NO,NO.
order_real,data/videos_v2/int_500ms/v2_500_00482.mp4,500,True,8,1,0,-1.064,NO,NO.
order_real,data/videos_v2/int_500ms/v2_500_00483.mp4,500,False,8,0,0,-0.7725,NO,NO.
order_real,data/videos_v2/int_500ms/v2_500_00484.mp4,500,True,8,1,0,-0.6605,NO,NO.
order_real,data/videos_v2/int_500ms/v2_500_00485.mp4,500,False,8,0,0,-0.2728,NO,NO.
order_real,data/videos_v2/int_500ms/v2_500_00486.mp4,500,True,8,1,0,-0.9323,NO,NO.
order_real,data/videos_v2/int_500ms/v2_500_00487.mp4,500,True,8,1,0,-1.2854,NO,NO.
order_real,data/videos_v2/int_500ms/v2_500_00488.mp4,500,True,8,1,0,-1.1574,NO,NO.
order_real,data/videos_v2/int_500ms/v2_500_00489.mp4,500,True,8,1,0,-1.8605,NO,NO.
order_real,data/videos_v2/int_500ms/v2_500_00490.mp4,500,True,8,1,0,-1.3603,NO,NO.
order_real,data/videos_v2/int_500ms/v2_500_00491.mp4,500,False,8,0,0,-1.2756,NO,NO.
order_real,data/videos_v2/int_500ms/v2_500_00492.mp4,500,False,8,0,0,-1.3374,NO,NO.
order_real,data/videos_v2/int_500ms/v2_500_00493.mp4,500,False,8,0,0,-0.3741,NO,NO.
order_real,data/videos_v2/int_500ms/v2_500_00494.mp4,500,False,8,0,0,-0.886,NO,NO.
order_real,data/videos_v2/int_500ms/v2_500_00495.mp4,500,True,8,1,0,-1.5592,NO,NO.
order_real,data/videos_v2/int_500ms/v2_500_00496.mp4,500,False,8,0,0,-0.9162,NO,NO.
order_real,data/videos_v2/int_500ms/v2_500_00497.mp4,500,False,8,0,0,-1.1573,NO,NO.
order_real,data/videos_v2/int_500ms/v2_500_00498.mp4,500,False,8,0,0,-1.4526,NO,NO.
order_real,data/videos_v2/int_500ms/v2_500_00499.mp4,500,False,8,0,0,-1.0873,NO,NO.
order_real,data/videos_v2/int_1000ms/v2_1000_00500.mp4,1000,False,8,0,0,-1.4339,NO,NO.
order_real,data/videos_v2/int_1000ms/v2_1000_00501.mp4,1000,True,8,1,0,-0.9462,NO,NO.
order_real,data/videos_v2/int_1000ms/v2_1000_00502.mp4,1000,False,8,0,0,-0.7856,NO,NO.
order_real,data/videos_v2/int_1000ms/v2_1000_00503.mp4,1000,True,8,1,0,-1.512,NO,NO.
order_real,data/videos_v2/int_1000ms/v2_1000_00504.mp4,1000,True,8,1,0,-1.7824,NO,NO.
order_real,data/videos_v2/int_1000ms/v2_1000_00505.mp4,1000,True,8,1,0,-0.9074,NO,NO.
order_real,data/videos_v2/int_1000ms/v2_1000_00506.mp4,1000,True,8,1,0,-0.8975,NO,NO.
order_real,data/videos_v2/int_1000ms/v2_1000_00507.mp4,1000,True,8,1,0,-0.9245,NO,NO.
order_real,data/videos_v2/int_1000ms/v2_1000_00508.mp4,1000,True,8,1,0,-0.7854,NO,NO.
order_real,data/videos_v2/int_1000ms/v2_1000_00509.mp4,1000,False,8,0,0,-0.8372,NO,NO.
order_real,data/videos_v2/int_1000ms/v2_1000_00510.mp4,1000,False,8,0,0,-1.7488,NO,NO.
order_real,data/videos_v2/int_1000ms/v2_1000_00511.mp4,1000,False,8,0,0,-0.8444,NO,NO.
order_real,data/videos_v2/int_1000ms/v2_1000_00512.mp4,1000,False,8,0,0,-0.5569,NO,NO.
order_real,data/videos_v2/int_1000ms/v2_1000_00513.mp4,1000,True,8,1,0,-1.1745,NO,NO.
order_real,data/videos_v2/int_1000ms/v2_1000_00514.mp4,1000,True,8,1,0,-1.8737,NO,NO.
order_real,data/videos_v2/int_1000ms/v2_1000_00515.mp4,1000,False,8,0,0,-1.4105,NO,NO.
order_real,data/videos_v2/int_1000ms/v2_1000_00516.mp4,1000,False,8,0,0,-1.6399,NO,NO.
order_real,data/videos_v2/int_1000ms/v2_1000_00517.mp4,1000,True,8,1,0,-1.6824,NO,NO.
order_real,data/videos_v2/int_1000ms/v2_1000_00518.mp4,1000,True,8,1,0,-0.6601,NO,NO.
order_real,data/videos_v2/int_1000ms/v2_1000_00519.mp4,1000,True,8,1,0,0.0802,NO,NO.
order_real,data/videos_v2/int_1000ms/v2_1000_00520.mp4,1000,True,8,1,0,-1.7727,NO,NO.
order_real,data/videos_v2/int_1000ms/v2_1000_00521.mp4,1000,True,8,1,0,-0.398,NO,NO.
order_real,data/videos_v2/int_1000ms/v2_1000_00522.mp4,1000,False,8,0,0,-0.207,NO,NO.
order_real,data/videos_v2/int_1000ms/v2_1000_00523.mp4,1000,False,8,0,0,-1.1893,NO,NO.
order_real,data/videos_v2/int_1000ms/v2_1000_00524.mp4,1000,False,8,0,0,-0.8215,NO,NO.
order_real,data/videos_v2/int_1000ms/v2_1000_00525.mp4,1000,False,8,0,0,-1.2647,NO,NO.
order_real,data/videos_v2/int_1000ms/v2_1000_00526.mp4,1000,True,8,1,0,-1.1472,NO,NO.
order_real,data/videos_v2/int_1000ms/v2_1000_00527.mp4,1000,False,8,0,0,-1.3606,NO,NO.
order_real,data/videos_v2/int_1000ms/v2_1000_00528.mp4,1000,True,8,1,0,-1.5445,NO,NO.
order_real,data/videos_v2/int_1000ms/v2_1000_00529.mp4,1000,True,8,1,0,-1.1358,NO,NO.
order_real,data/videos_v2/int_1000ms/v2_1000_00530.mp4,1000,False,8,0,0,-1.6603,NO,NO.
order_real,data/videos_v2/int_1000ms/v2_1000_00531.mp4,1000,True,8,1,0,-0.3978,NO,NO.
order_real,data/videos_v2/int_1000ms/v2_1000_00532.mp4,1000,True,8,1,0,-1.1573,NO,NO.
order_real,data/videos_v2/int_1000ms/v2_1000_00533.mp4,1000,True,8,1,0,-1.6281,NO,NO.
order_real,data/videos_v2/int_1000ms/v2_1000_00534.mp4,1000,False,8,0,0,-0.6601,NO,NO.
order_real,data/videos_v2/int_1000ms/v2_1000_00535.mp4,1000,False,8,0,0,-1.9553,NO,NO.
order_real,data/videos_v2/int_1000ms/v2_1000_00536.mp4,1000,False,8,0,0,-1.0223,NO,NO.
order_real,data/videos_v2/int_1000ms/v2_1000_00537.mp4,1000,True,8,1,0,-0.5766,NO,NO.
order_real,data/videos_v2/int_1000ms/v2_1000_00538.mp4,1000,False,8,0,0,-1.7914,NO,NO.
order_real,data/videos_v2/int_1000ms/v2_1000_00539.mp4,1000,True,8,1,0,-1.1397,NO,NO.
order_real,data/videos_v2/int_1000ms/v2_1000_00540.mp4,1000,True,8,1,0,-1.5255,NO,NO.
order_real,data/videos_v2/int_1000ms/v2_1000_00541.mp4,1000,False,8,0,0,-1.2751,NO,NO.
order_real,data/videos_v2/int_1000ms/v2_1000_00542.mp4,1000,False,8,0,0,-1.6503,NO,NO.
order_real,data/videos_v2/int_1000ms/v2_1000_00543.mp4,1000,False,8,0,0,-1.0253,NO,NO.
order_real,data/videos_v2/int_1000ms/v2_1000_00544.mp4,1000,False,8,0,0,-0.9984,NO,NO.
order_real,data/videos_v2/int_1000ms/v2_1000_00545.mp4,1000,True,8,1,0,-0.8873,NO,NO.
order_real,data/videos_v2/int_1000ms/v2_1000_00546.mp4,1000,False,8,0,0,-1.4246,NO,NO.
order_real,data/videos_v2/int_1000ms/v2_1000_00547.mp4,1000,False,8,0,0,-0.7855,NO,NO.
order_real,data/videos_v2/int_1000ms/v2_1000_00548.mp4,1000,True,8,1,0,-1.6398,NO,NO.
order_real,data/videos_v2/int_1000ms/v2_1000_00549.mp4,1000,True,8,1,0,-1.8782,NO,NO.
order_real,data/videos_v2/int_1000ms/v2_1000_00550.mp4,1000,True,8,1,0,-0.2728,NO,NO.
order_real,data/videos_v2/int_1000ms/v2_1000_00551.mp4,1000,False,8,0,0,-1.1363,NO,NO.
order_real,data/videos_v2/int_1000ms/v2_1000_00552.mp4,1000,True,8,1,0,-1.5414,NO,NO.
order_real,data/videos_v2/int_1000ms/v2_1000_00553.mp4,1000,False,8,0,0,-0.4164,NO,NO.
order_real,data/videos_v2/int_1000ms/v2_1000_00554.mp4,1000,True,8,1,0,-1.2614,NO,NO.
order_real,data/videos_v2/int_1000ms/v2_1000_00555.mp4,1000,False,8,0,0,-1.4903,NO,NO.
order_real,data/videos_v2/int_1000ms/v2_1000_00556.mp4,1000,True,8,1,0,-0.9006,NO,NO.
order_real,data/videos_v2/int_1000ms/v2_1000_00557.mp4,1000,True,8,1,0,-1.6507,NO,NO.
order_real,data/videos_v2/int_1000ms/v2_1000_00558.mp4,1000,True,8,1,0,-1.2528,NO,NO.
order_real,data/videos_v2/int_1000ms/v2_1000_00559.mp4,1000,False,8,0,0,-1.1663,NO,NO.
order_real,data/videos_v2/int_1000ms/v2_1000_00560.mp4,1000,True,8,1,0,-1.3871,NO,NO.
order_real,data/videos_v2/int_1000ms/v2_1000_00561.mp4,1000,True,8,1,0,-0.4246,NO,NO.
order_real,data/videos_v2/int_1000ms/v2_1000_00562.mp4,1000,False,8,0,0,-1.0149,NO,NO.
order_real,data/videos_v2/int_1000ms/v2_1000_00563.mp4,1000,True,8,1,0,-1.8871,NO,NO.
order_real,data/videos_v2/int_1000ms/v2_1000_00564.mp4,1000,True,8,1,0,-0.7913,NO,NO.
order_real,data/videos_v2/int_1000ms/v2_1000_00565.mp4,1000,False,8,0,0,-1.3779,NO,NO.
order_real,data/videos_v2/int_1000ms/v2_1000_00566.mp4,1000,False,8,0,0,-1.5115,NO,NO.
order_real,data/videos_v2/int_1000ms/v2_1000_00567.mp4,1000,False,8,0,0,-1.1769,NO,NO.
order_real,data/videos_v2/int_1000ms/v2_1000_00568.mp4,1000,False,8,0,0,-1.5252,NO,NO.
order_real,data/videos_v2/int_1000ms/v2_1000_00569.mp4,1000,True,8,1,0,-1.1769,NO,NO.
order_real,data/videos_v2/int_1000ms/v2_1000_00570.mp4,1000,False,8,0,0,-1.5782,NO,NO.
order_real,data/videos_v2/int_1000ms/v2_1000_00571.mp4,1000,False,8,0,0,-1.809,NO,NO.
order_real,data/videos_v2/int_1000ms/v2_1000_00572.mp4,1000,True,8,1,0,-1.273,NO,NO.
order_real,data/videos_v2/int_1000ms/v2_1000_00573.mp4,1000,True,8,1,0,-1.2754,NO,NO.
order_real,data/videos_v2/int_1000ms/v2_1000_00574.mp4,1000,False,8,0,0,-0.5227,NO,NO.
order_real,data/videos_v2/int_1000ms/v2_1000_00575.mp4,1000,False,8,0,0,-1.7268,NO,NO.
order_real,data/videos_v2/int_1000ms/v2_1000_00576.mp4,1000,False,8,0,0,-1.6607,NO,NO.
order_real,data/videos_v2/int_1000ms/v2_1000_00577.mp4,1000,False,8,0,0,-1.4163,NO,NO.
order_real,data/videos_v2/int_1000ms/v2_1000_00578.mp4,1000,True,8,1,0,-1.5255,NO,NO.
order_real,data/videos_v2/int_1000ms/v2_1000_00579.mp4,1000,True,8,1,0,-1.8979,NO,NO.
order_real,data/videos_v2/int_1000ms/v2_1000_00580.mp4,1000,True,8,1,0,-0.9005,NO,NO.
order_real,data/videos_v2/int_1000ms/v2_1000_00581.mp4,1000,False,8,0,0,-2.0148,NO,NO.
order_real,data/videos_v2/int_1000ms/v2_1000_00582.mp4,1000,True,8,1,0,-0.273,NO,NO.
order_real,data/videos_v2/int_1000ms/v2_1000_00583.mp4,1000,True,8,1,0,-1.0113,NO,NO.
order_real,data/videos_v2/int_1000ms/v2_1000_00584.mp4,1000,False,8,0,0,-1.4075,NO,NO.
order_real,data/videos_v2/int_1000ms/v2_1000_00585.mp4,1000,True,8,1,0,-1.2853,NO,NO.
order_real,data/videos_v2/int_1000ms/v2_1000_00586.mp4,1000,True,8,1,0,-1.3976,NO,NO.
order_real,data/videos_v2/int_1000ms/v2_1000_00587.mp4,1000,False,8,0,0,-0.9198,NO,NO.
order_real,data/videos_v2/int_1000ms/v2_1000_00588.mp4,1000,True,8,1,0,-1.2911,NO,NO.
order_real,data/videos_v2/int_1000ms/v2_1000_00589.mp4,1000,True,8,1,0,-1.0353,NO,NO.
order_real,data/videos_v2/int_1000ms/v2_1000_00590.mp4,1000,False,8,0,0,-1.3155,NO,NO.
order_real,data/videos_v2/int_1000ms/v2_1000_00591.mp4,1000,False,8,0,0,-1.285,NO,NO.
order_real,data/videos_v2/int_1000ms/v2_1000_00592.mp4,1000,True,8,1,0,-0.6502,NO,NO.
order_real,data/videos_v2/int_1000ms/v2_1000_00593.mp4,1000,True,8,1,0,-1.515,NO,NO.
order_real,data/videos_v2/int_1000ms/v2_1000_00594.mp4,1000,False,8,0,0,-1.7207,NO,NO.
order_real,data/videos_v2/int_1000ms/v2_1000_00595.mp4,1000,False,8,0,0,-1.9552,NO,NO.
order_real,data/videos_v2/int_1000ms/v2_1000_00596.mp4,1000,True,8,1,0,-1.4006,NO,NO.
order_real,data/videos_v2/int_1000ms/v2_1000_00597.mp4,1000,True,8,1,0,-1.3088,NO,NO.
order_real,data/videos_v2/int_1000ms/v2_1000_00598.mp4,1000,True,8,1,0,-1.1239,NO,NO.
order_real,data/videos_v2/int_1000ms/v2_1000_00599.mp4,1000,True,8,1,0,-1.6606,NO,NO.
order_real,data/videos_v2/int_1500ms/v2_1500_00600.mp4,1500,False,8,0,0,-0.8862,NO,NO.
order_real,data/videos_v2/int_1500ms/v2_1500_00601.mp4,1500,True,8,1,0,-1.0256,NO,NO.
order_real,data/videos_v2/int_1500ms/v2_1500_00602.mp4,1500,True,8,1,0,-0.7824,NO,NO.
order_real,data/videos_v2/int_1500ms/v2_1500_00603.mp4,1500,False,8,0,0,-0.9006,NO,NO.
order_real,data/videos_v2/int_1500ms/v2_1500_00604.mp4,1500,True,8,1,0,-1.7645,NO,NO.
order_real,data/videos_v2/int_1500ms/v2_1500_00605.mp4,1500,True,8,1,0,-1.9162,NO,NO.
order_real,data/videos_v2/int_1500ms/v2_1500_00606.mp4,1500,True,8,1,0,-1.809,NO,NO.
order_real,data/videos_v2/int_1500ms/v2_1500_00607.mp4,1500,False,8,0,0,-0.4006,NO,NO.
order_real,data/videos_v2/int_1500ms/v2_1500_00608.mp4,1500,True,8,1,0,-0.4581,NO,NO.
order_real,data/videos_v2/int_1500ms/v2_1500_00609.mp4,1500,True,8,1,0,-1.499,NO,NO.
order_real,data/videos_v2/int_1500ms/v2_1500_00610.mp4,1500,True,8,1,0,-0.4517,NO,NO.
order_real,data/videos_v2/int_1500ms/v2_1500_00611.mp4,1500,False,8,0,0,-2.0033,NO,NO.
order_real,data/videos_v2/int_1500ms/v2_1500_00612.mp4,1500,True,8,1,0,-1.4075,NO,NO.
order_real,data/videos_v2/int_1500ms/v2_1500_00613.mp4,1500,True,8,1,0,-1.4854,NO,NO.
order_real,data/videos_v2/int_1500ms/v2_1500_00614.mp4,1500,True,8,1,0,-0.9987,NO,NO.
order_real,data/videos_v2/int_1500ms/v2_1500_00615.mp4,1500,False,8,0,0,-1.4854,NO,NO.
order_real,data/videos_v2/int_1500ms/v2_1500_00616.mp4,1500,True,8,1,0,-1.3739,NO,NO.
order_real,data/videos_v2/int_1500ms/v2_1500_00617.mp4,1500,True,8,1,0,-2.0114,NO,NO.
order_real,data/videos_v2/int_1500ms/v2_1500_00618.mp4,1500,False,8,0,0,-1.5256,NO,NO.
order_real,data/videos_v2/int_1500ms/v2_1500_00619.mp4,1500,False,8,0,0,-0.9193,NO,NO.
order_real,data/videos_v2/int_1500ms/v2_1500_00620.mp4,1500,False,8,0,0,-1.4074,NO,NO.
order_real,data/videos_v2/int_1500ms/v2_1500_00621.mp4,1500,True,8,1,0,-0.999,NO,NO.
order_real,data/videos_v2/int_1500ms/v2_1500_00622.mp4,1500,False,8,0,0,-1.2728,NO,NO.
order_real,data/videos_v2/int_1500ms/v2_1500_00623.mp4,1500,False,8,0,0,-1.1504,NO,NO.
order_real,data/videos_v2/int_1500ms/v2_1500_00624.mp4,1500,False,8,0,0,-1.6694,NO,NO.
order_real,data/videos_v2/int_1500ms/v2_1500_00625.mp4,1500,False,8,0,0,-1.7834,NO,NO.
order_real,data/videos_v2/int_1500ms/v2_1500_00626.mp4,1500,True,8,1,0,-1.14,NO,NO.
order_real,data/videos_v2/int_1500ms/v2_1500_00627.mp4,1500,False,8,0,0,-1.6237,NO,NO.
order_real,data/videos_v2/int_1500ms/v2_1500_00628.mp4,1500,True,8,1,0,-0.6362,NO,NO.
order_real,data/videos_v2/int_1500ms/v2_1500_00629.mp4,1500,True,8,1,0,-1.7492,NO,NO.
order_real,data/videos_v2/int_1500ms/v2_1500_00630.mp4,1500,True,8,1,0,-1.2909,NO,NO.
order_real,data/videos_v2/int_1500ms/v2_1500_00631.mp4,1500,True,8,1,0,-1.6279,NO,NO.
order_real,data/videos_v2/int_1500ms/v2_1500_00632.mp4,1500,False,8,0,0,-1.8301,NO,NO.
order_real,data/videos_v2/int_1500ms/v2_1500_00633.mp4,1500,True,8,1,0,-1.4161,NO,NO.
order_real,data/videos_v2/int_1500ms/v2_1500_00634.mp4,1500,True,8,1,0,-1.0224,NO,NO.
order_real,data/videos_v2/int_1500ms/v2_1500_00635.mp4,1500,True,8,1,0,-1.5225,NO,NO.
order_real,data/videos_v2/int_1500ms/v2_1500_00636.mp4,1500,False,8,0,0,-1.1662,NO,NO.
order_real,data/videos_v2/int_1500ms/v2_1500_00637.mp4,1500,True,8,1,0,-1.346,NO,NO.
order_real,data/videos_v2/int_1500ms/v2_1500_00638.mp4,1500,True,8,1,0,-0.0714,NO,NO.
order_real,data/videos_v2/int_1500ms/v2_1500_00639.mp4,1500,True,8,1,0,-1.5145,NO,NO.
order_real,data/videos_v2/int_1500ms/v2_1500_00640.mp4,1500,True,8,1,0,-1.3974,NO,NO.
order_real,data/videos_v2/int_1500ms/v2_1500_00641.mp4,1500,True,8,1,0,-1.5416,NO,NO.
order_real,data/videos_v2/int_1500ms/v2_1500_00642.mp4,1500,False,8,0,0,-1.4769,NO,NO.
order_real,data/videos_v2/int_1500ms/v2_1500_00643.mp4,1500,False,8,0,0,-0.9387,NO,NO.
order_real,data/videos_v2/int_1500ms/v2_1500_00644.mp4,1500,True,8,1,0,-1.7049,NO,NO.
order_real,data/videos_v2/int_1500ms/v2_1500_00645.mp4,1500,False,8,0,0,-1.7526,NO,NO.
order_real,data/videos_v2/int_1500ms/v2_1500_00646.mp4,1500,True,8,1,0,-1.4466,NO,NO.
order_real,data/videos_v2/int_1500ms/v2_1500_00647.mp4,1500,True,8,1,0,-1.5526,NO,NO.
order_real,data/videos_v2/int_1500ms/v2_1500_00648.mp4,1500,True,8,1,0,-1.5028,NO,NO.
order_real,data/videos_v2/int_1500ms/v2_1500_00649.mp4,1500,True,8,1,0,-1.9005,NO,NO.
order_real,data/videos_v2/int_1500ms/v2_1500_00650.mp4,1500,True,8,1,0,-0.0358,NO,NO.
order_real,data/videos_v2/int_1500ms/v2_1500_00651.mp4,1500,True,8,1,0,-1.8739,NO,NO.
order_real,data/videos_v2/int_1500ms/v2_1500_00652.mp4,1500,True,8,1,0,-1.3872,NO,NO.
order_real,data/videos_v2/int_1500ms/v2_1500_00653.mp4,1500,True,8,1,0,-1.1664,NO,NO.
order_real,data/videos_v2/int_1500ms/v2_1500_00654.mp4,1500,True,8,1,0,-1.6156,NO,NO.
order_real,data/videos_v2/int_1500ms/v2_1500_00655.mp4,1500,False,8,0,0,-1.1395,NO,NO.
order_real,data/videos_v2/int_1500ms/v2_1500_00656.mp4,1500,True,8,1,0,-0.7993,NO,NO.
order_real,data/videos_v2/int_1500ms/v2_1500_00657.mp4,1500,False,8,0,0,-0.2852,NO,NO.
order_real,data/videos_v2/int_1500ms/v2_1500_00658.mp4,1500,True,8,1,1,0.1729,YES,YES.
order_real,data/videos_v2/int_1500ms/v2_1500_00659.mp4,1500,False,8,0,0,-1.2825,NO,NO.
order_real,data/videos_v2/int_1500ms/v2_1500_00660.mp4,1500,False,8,0,0,-1.2532,NO,NO.
order_real,data/videos_v2/int_1500ms/v2_1500_00661.mp4,1500,True,8,1,0,-1.128,NO,NO.
order_real,data/videos_v2/int_1500ms/v2_1500_00662.mp4,1500,False,8,0,0,-1.6665,NO,NO.
order_real,data/videos_v2/int_1500ms/v2_1500_00663.mp4,1500,False,8,0,0,-0.7197,NO,NO.
order_real,data/videos_v2/int_1500ms/v2_1500_00664.mp4,1500,False,8,0,0,-1.0354,NO,NO.
order_real,data/videos_v2/int_1500ms/v2_1500_00665.mp4,1500,False,8,0,0,-2.0148,NO,NO.
order_real,data/videos_v2/int_1500ms/v2_1500_00666.mp4,1500,False,8,0,0,-1.5226,NO,NO.
order_real,data/videos_v2/int_1500ms/v2_1500_00667.mp4,1500,True,8,1,0,-1.6506,NO,NO.
order_real,data/videos_v2/int_1500ms/v2_1500_00668.mp4,1500,True,8,1,0,-1.6105,NO,NO.
order_real,data/videos_v2/int_1500ms/v2_1500_00669.mp4,1500,True,8,1,0,-1.6397,NO,NO.
order_real,data/videos_v2/int_1500ms/v2_1500_00670.mp4,1500,True,8,1,0,-1.1695,NO,NO.
order_real,data/videos_v2/int_1500ms/v2_1500_00671.mp4,1500,True,8,1,0,-0.0499,NO,NO.
order_real,data/videos_v2/int_1500ms/v2_1500_00672.mp4,1500,True,8,1,0,-1.3782,NO,NO.
order_real,data/videos_v2/int_1500ms/v2_1500_00673.mp4,1500,False,8,0,0,-1.8977,NO,NO.
order_real,data/videos_v2/int_1500ms/v2_1500_00674.mp4,1500,False,8,0,0,-1.5111,NO,NO.
order_real,data/videos_v2/int_1500ms/v2_1500_00675.mp4,1500,True,8,1,0,-1.3154,NO,NO.
order_real,data/videos_v2/int_1500ms/v2_1500_00676.mp4,1500,True,8,1,0,-1.4069,NO,NO.
order_real,data/videos_v2/int_1500ms/v2_1500_00677.mp4,1500,False,8,0,0,-1.2943,NO,NO.
order_real,data/videos_v2/int_1500ms/v2_1500_00678.mp4,1500,False,8,0,0,-0.9465,NO,NO.
order_real,data/videos_v2/int_1500ms/v2_1500_00679.mp4,1500,True,8,1,0,-1.6397,NO,NO.
order_real,data/videos_v2/int_1500ms/v2_1500_00680.mp4,1500,False,8,0,0,-0.9901,NO,NO.
order_real,data/videos_v2/int_1500ms/v2_1500_00681.mp4,1500,True,8,1,0,-0.5148,NO,NO.
order_real,data/videos_v2/int_1500ms/v2_1500_00682.mp4,1500,False,8,0,0,-1.4987,NO,NO.
order_real,data/videos_v2/int_1500ms/v2_1500_00683.mp4,1500,True,8,1,0,-1.532,NO,NO.
order_real,data/videos_v2/int_1500ms/v2_1500_00684.mp4,1500,True,8,1,0,-0.8073,NO,NO.
order_real,data/videos_v2/int_1500ms/v2_1500_00685.mp4,1500,False,8,0,0,-1.6662,NO,NO.
order_real,data/videos_v2/int_1500ms/v2_1500_00686.mp4,1500,False,8,0,0,-1.2346,NO,NO.
order_real,data/videos_v2/int_1500ms/v2_1500_00687.mp4,1500,True,8,1,0,-0.5495,NO,NO.
order_real,data/videos_v2/int_1500ms/v2_1500_00688.mp4,1500,False,8,0,0,-1.721,NO,NO.
order_real,data/videos_v2/int_1500ms/v2_1500_00689.mp4,1500,True,8,1,0,-1.1234,NO,NO.
order_real,data/videos_v2/int_1500ms/v2_1500_00690.mp4,1500,True,8,1,0,-0.4195,NO,NO.
order_real,data/videos_v2/int_1500ms/v2_1500_00691.mp4,1500,False,8,0,0,-0.7754,NO,NO.
order_real,data/videos_v2/int_1500ms/v2_1500_00692.mp4,1500,True,8,1,0,-1.3898,NO,NO.
order_real,data/videos_v2/int_1500ms/v2_1500_00693.mp4,1500,True,8,1,0,-0.9534,NO,NO.
order_real,data/videos_v2/int_1500ms/v2_1500_00694.mp4,1500,True,8,1,0,-1.2996,NO,NO.
order_real,data/videos_v2/int_1500ms/v2_1500_00695.mp4,1500,True,8,1,0,-0.7825,NO,NO.
order_real,data/videos_v2/int_1500ms/v2_1500_00696.mp4,1500,True,8,1,0,-2.2208,NO,NO.
order_real,data/videos_v2/int_1500ms/v2_1500_00697.mp4,1500,False,8,0,0,-1.6099,NO,NO.
order_real,data/videos_v2/int_1500ms/v2_1500_00698.mp4,1500,False,8,0,0,-1.6613,NO,NO.
order_real,data/videos_v2/int_1500ms/v2_1500_00699.mp4,1500,True,8,1,0,-1.4003,NO,NO.
order_real,data/videos_v2/int_2000ms/v2_2000_00700.mp4,2000,True,8,1,0,-0.7849,NO,NO.
order_real,data/videos_v2/int_2000ms/v2_2000_00701.mp4,2000,True,8,1,0,-0.7994,NO,NO.
order_real,data/videos_v2/int_2000ms/v2_2000_00702.mp4,2000,True,8,1,0,-0.7853,NO,NO.
order_real,data/videos_v2/int_2000ms/v2_2000_00703.mp4,2000,True,8,1,0,-1.7824,NO,NO.
order_real,data/videos_v2/int_2000ms/v2_2000_00704.mp4,2000,True,8,1,0,-1.6282,NO,NO.
order_real,data/videos_v2/int_2000ms/v2_2000_00705.mp4,2000,False,8,0,0,-1.2607,NO,NO.
order_real,data/videos_v2/int_2000ms/v2_2000_00706.mp4,2000,True,8,1,0,-0.3091,NO,NO.
order_real,data/videos_v2/int_2000ms/v2_2000_00707.mp4,2000,False,8,0,0,-0.9988,NO,NO.
order_real,data/videos_v2/int_2000ms/v2_2000_00708.mp4,2000,False,8,0,0,-1.7994,NO,NO.
order_real,data/videos_v2/int_2000ms/v2_2000_00709.mp4,2000,False,8,0,0,-1.4855,NO,NO.
order_real,data/videos_v2/int_2000ms/v2_2000_00710.mp4,2000,False,8,0,0,-1.5412,NO,NO.
order_real,data/videos_v2/int_2000ms/v2_2000_00711.mp4,2000,True,8,1,0,-1.3154,NO,NO.
order_real,data/videos_v2/int_2000ms/v2_2000_00712.mp4,2000,True,8,1,0,-0.7751,NO,NO.
order_real,data/videos_v2/int_2000ms/v2_2000_00713.mp4,2000,False,8,0,0,-1.1103,NO,NO.
order_real,data/videos_v2/int_2000ms/v2_2000_00714.mp4,2000,False,8,0,0,-1.3152,NO,NO.
order_real,data/videos_v2/int_2000ms/v2_2000_00715.mp4,2000,True,8,1,0,-1.6097,NO,NO.
order_real,data/videos_v2/int_2000ms/v2_2000_00716.mp4,2000,False,8,0,0,-1.3088,NO,NO.
order_real,data/videos_v2/int_2000ms/v2_2000_00717.mp4,2000,True,8,1,0,-0.9006,NO,NO.
order_real,data/videos_v2/int_2000ms/v2_2000_00718.mp4,2000,False,8,0,0,-1.011,NO,NO.
order_real,data/videos_v2/int_2000ms/v2_2000_00719.mp4,2000,True,8,1,0,-1.1502,NO,NO.
order_real,data/videos_v2/int_2000ms/v2_2000_00720.mp4,2000,True,8,1,0,-1.5716,NO,NO.
order_real,data/videos_v2/int_2000ms/v2_2000_00721.mp4,2000,True,8,1,0,-1.7754,NO,NO.
order_real,data/videos_v2/int_2000ms/v2_2000_00722.mp4,2000,True,8,1,0,-1.4708,NO,NO.
order_real,data/videos_v2/int_2000ms/v2_2000_00723.mp4,2000,True,8,1,0,-1.6149,NO,NO.
order_real,data/videos_v2/int_2000ms/v2_2000_00724.mp4,2000,False,8,0,0,-1.677,NO,NO.
order_real,data/videos_v2/int_2000ms/v2_2000_00725.mp4,2000,True,8,1,0,-2.012,NO,NO.
order_real,data/videos_v2/int_2000ms/v2_2000_00726.mp4,2000,True,8,1,0,-0.6964,NO,NO.
order_real,data/videos_v2/int_2000ms/v2_2000_00727.mp4,2000,True,8,1,0,-1.2756,NO,NO.
order_real,data/videos_v2/int_2000ms/v2_2000_00728.mp4,2000,False,8,0,0,-1.4986,NO,NO.
order_real,data/videos_v2/int_2000ms/v2_2000_00729.mp4,2000,False,8,0,0,-1.2529,NO,NO.
order_real,data/videos_v2/int_2000ms/v2_2000_00730.mp4,2000,True,8,1,0,-1.4072,NO,NO.
order_real,data/videos_v2/int_2000ms/v2_2000_00731.mp4,2000,False,8,0,0,-1.1237,NO,NO.
order_real,data/videos_v2/int_2000ms/v2_2000_00732.mp4,2000,True,8,1,0,-1.0113,NO,NO.
order_real,data/videos_v2/int_2000ms/v2_2000_00733.mp4,2000,True,8,1,0,-1.2035,NO,NO.
order_real,data/videos_v2/int_2000ms/v2_2000_00734.mp4,2000,False,8,0,0,-0.8898,NO,NO.
order_real,data/videos_v2/int_2000ms/v2_2000_00735.mp4,2000,False,8,0,0,-1.4075,NO,NO.
order_real,data/videos_v2/int_2000ms/v2_2000_00736.mp4,2000,True,8,1,0,-0.7649,NO,NO.
order_real,data/videos_v2/int_2000ms/v2_2000_00737.mp4,2000,False,8,0,0,-1.3605,NO,NO.
order_real,data/videos_v2/int_2000ms/v2_2000_00738.mp4,2000,False,8,0,0,-1.1662,NO,NO.
order_real,data/videos_v2/int_2000ms/v2_2000_00739.mp4,2000,True,8,1,0,-1.9853,NO,NO.
order_real,data/videos_v2/int_2000ms/v2_2000_00740.mp4,2000,False,8,0,0,-1.1571,NO,NO.
order_real,data/videos_v2/int_2000ms/v2_2000_00741.mp4,2000,True,8,1,0,-1.4852,NO,NO.
order_real,data/videos_v2/int_2000ms/v2_2000_00742.mp4,2000,True,8,1,0,-0.8977,NO,NO.
order_real,data/videos_v2/int_2000ms/v2_2000_00743.mp4,2000,False,8,0,0,-1.1476,NO,NO.
order_real,data/videos_v2/int_2000ms/v2_2000_00744.mp4,2000,False,8,0,0,-0.6365,NO,NO.
order_real,data/videos_v2/int_2000ms/v2_2000_00745.mp4,2000,False,8,0,0,-1.1238,NO,NO.
order_real,data/videos_v2/int_2000ms/v2_2000_00746.mp4,2000,False,8,0,0,-2.0255,NO,NO.
order_real,data/videos_v2/int_2000ms/v2_2000_00747.mp4,2000,False,8,0,0,-1.3214,NO,NO.
order_real,data/videos_v2/int_2000ms/v2_2000_00748.mp4,2000,False,8,0,0,-1.7648,NO,NO.
order_real,data/videos_v2/int_2000ms/v2_2000_00749.mp4,2000,False,8,0,0,-1.749,NO,NO.
order_real,data/videos_v2/int_2000ms/v2_2000_00750.mp4,2000,False,8,0,0,-1.0113,NO,NO.
order_real,data/videos_v2/int_2000ms/v2_2000_00751.mp4,2000,False,8,0,0,-1.0321,NO,NO.
order_real,data/videos_v2/int_2000ms/v2_2000_00752.mp4,2000,True,8,1,0,-0.785,NO,NO.
order_real,data/videos_v2/int_2000ms/v2_2000_00753.mp4,2000,True,8,1,0,-1.3736,NO,NO.
order_real,data/videos_v2/int_2000ms/v2_2000_00754.mp4,2000,True,8,1,0,-0.6673,NO,NO.
order_real,data/videos_v2/int_2000ms/v2_2000_00755.mp4,2000,False,8,0,0,-1.1238,NO,NO.
order_real,data/videos_v2/int_2000ms/v2_2000_00756.mp4,2000,False,8,0,0,-1.4248,NO,NO.
order_real,data/videos_v2/int_2000ms/v2_2000_00757.mp4,2000,False,8,0,0,-1.0253,NO,NO.
order_real,data/videos_v2/int_2000ms/v2_2000_00758.mp4,2000,True,8,1,0,-1.9165,NO,NO.
order_real,data/videos_v2/int_2000ms/v2_2000_00759.mp4,2000,False,8,0,0,-1.4391,NO,NO.
order_real,data/videos_v2/int_2000ms/v2_2000_00760.mp4,2000,False,8,0,0,-1.6507,NO,NO.
order_real,data/videos_v2/int_2000ms/v2_2000_00761.mp4,2000,True,8,1,0,-0.0496,NO,NO.
order_real,data/videos_v2/int_2000ms/v2_2000_00762.mp4,2000,False,8,0,0,-0.9462,NO,NO.
order_real,data/videos_v2/int_2000ms/v2_2000_00763.mp4,2000,False,8,0,0,-1.8022,NO,NO.
order_real,data/videos_v2/int_2000ms/v2_2000_00764.mp4,2000,False,8,0,0,-1.1665,NO,NO.
order_real,data/videos_v2/int_2000ms/v2_2000_00765.mp4,2000,False,8,0,0,-0.8976,NO,NO.
order_real,data/videos_v2/int_2000ms/v2_2000_00766.mp4,2000,True,8,1,0,-1.0226,NO,NO.
order_real,data/videos_v2/int_2000ms/v2_2000_00767.mp4,2000,True,8,1,0,-1.5831,NO,NO.
order_real,data/videos_v2/int_2000ms/v2_2000_00768.mp4,2000,False,8,0,0,-1.7351,NO,NO.
order_real,data/videos_v2/int_2000ms/v2_2000_00769.mp4,2000,False,8,0,0,-0.7913,NO,NO.
order_real,data/videos_v2/int_2000ms/v2_2000_00770.mp4,2000,True,8,1,0,-0.5148,NO,NO.
order_real,data/videos_v2/int_2000ms/v2_2000_00771.mp4,2000,True,8,1,0,-1.1478,NO,NO.
order_real,data/videos_v2/int_2000ms/v2_2000_00772.mp4,2000,False,8,0,0,-2.003,NO,NO.
order_real,data/videos_v2/int_2000ms/v2_2000_00773.mp4,2000,True,8,1,0,-1.5256,NO,NO.
order_real,data/videos_v2/int_2000ms/v2_2000_00774.mp4,2000,True,8,1,0,-1.5229,NO,NO.
order_real,data/videos_v2/int_2000ms/v2_2000_00775.mp4,2000,True,8,1,0,-1.3458,NO,NO.
order_real,data/videos_v2/int_2000ms/v2_2000_00776.mp4,2000,True,8,1,0,-0.6583,NO,NO.
order_real,data/videos_v2/int_2000ms/v2_2000_00777.mp4,2000,True,8,1,0,-0.5653,NO,NO.
order_real,data/videos_v2/int_2000ms/v2_2000_00778.mp4,2000,True,8,1,0,-1.999,NO,NO.
order_real,data/videos_v2/int_2000ms/v2_2000_00779.mp4,2000,False,8,0,0,-0.9989,NO,NO.
order_real,data/videos_v2/int_2000ms/v2_2000_00780.mp4,2000,True,8,1,0,-2.0109,NO,NO.
order_real,data/videos_v2/int_2000ms/v2_2000_00781.mp4,2000,True,8,1,0,-0.2756,NO,NO.
order_real,data/videos_v2/int_2000ms/v2_2000_00782.mp4,2000,True,8,1,0,-0.8283,NO,NO.
order_real,data/videos_v2/int_2000ms/v2_2000_00783.mp4,2000,True,8,1,0,-1.4246,NO,NO.
order_real,data/videos_v2/int_2000ms/v2_2000_00784.mp4,2000,False,8,0,0,-1.6106,NO,NO.
order_real,data/videos_v2/int_2000ms/v2_2000_00785.mp4,2000,False,8,0,0,-0.9165,NO,NO.
order_real,data/videos_v2/int_2000ms/v2_2000_00786.mp4,2000,False,8,0,0,-1.5431,NO,NO.
order_real,data/videos_v2/int_2000ms/v2_2000_00787.mp4,2000,False,8,0,0,-1.3459,NO,NO.
order_real,data/videos_v2/int_2000ms/v2_2000_00788.mp4,2000,True,8,1,0,-1.1602,NO,NO.
order_real,data/videos_v2/int_2000ms/v2_2000_00789.mp4,2000,False,8,0,0,-1.6238,NO,NO.
order_real,data/videos_v2/int_2000ms/v2_2000_00790.mp4,2000,False,8,0,0,-1.5324,NO,NO.
order_real,data/videos_v2/int_2000ms/v2_2000_00791.mp4,2000,True,8,1,0,-1.0411,NO,NO.
order_real,data/videos_v2/int_2000ms/v2_2000_00792.mp4,2000,False,8,0,0,-1.3896,NO,NO.
order_real,data/videos_v2/int_2000ms/v2_2000_00793.mp4,2000,False,8,0,0,-1.4175,NO,NO.
order_real,data/videos_v2/int_2000ms/v2_2000_00794.mp4,2000,True,8,1,0,-1.8604,NO,NO.
order_real,data/videos_v2/int_2000ms/v2_2000_00795.mp4,2000,False,8,0,0,-1.5225,NO,NO.
order_real,data/videos_v2/int_2000ms/v2_2000_00796.mp4,2000,True,8,1,0,-0.4847,NO,NO.
order_real,data/videos_v2/int_2000ms/v2_2000_00797.mp4,2000,False,8,0,0,-1.1571,NO,NO.
order_real,data/videos_v2/int_2000ms/v2_2000_00798.mp4,2000,True,8,1,0,-0.2998,NO,NO.
order_real,data/videos_v2/int_2000ms/v2_2000_00799.mp4,2000,False,8,0,0,-1.8015,NO,NO.
order_real,data/videos_v2/int_3000ms/v2_3000_00800.mp4,3000,False,8,0,0,-1.7489,NO,NO.
order_real,data/videos_v2/int_3000ms/v2_3000_00801.mp4,3000,True,8,1,0,-1.7825,NO,NO.
order_real,data/videos_v2/int_3000ms/v2_3000_00802.mp4,3000,True,8,1,0,-0.1697,NO,NO.
order_real,data/videos_v2/int_3000ms/v2_3000_00803.mp4,3000,True,8,1,0,-1.2647,NO,NO.
order_real,data/videos_v2/int_3000ms/v2_3000_00804.mp4,3000,False,8,0,0,-0.7854,NO,NO.
order_real,data/videos_v2/int_3000ms/v2_3000_00805.mp4,3000,True,8,1,0,-1.2757,NO,NO.
order_real,data/videos_v2/int_3000ms/v2_3000_00806.mp4,3000,False,8,0,0,-1.6822,NO,NO.
order_real,data/videos_v2/int_3000ms/v2_3000_00807.mp4,3000,False,8,0,0,-1.3444,NO,NO.
order_real,data/videos_v2/int_3000ms/v2_3000_00808.mp4,3000,True,8,1,0,-1.0227,NO,NO.
order_real,data/videos_v2/int_3000ms/v2_3000_00809.mp4,3000,True,8,1,0,-0.2757,NO,NO.
order_real,data/videos_v2/int_3000ms/v2_3000_00810.mp4,3000,False,8,0,0,-0.6241,NO,NO.
order_real,data/videos_v2/int_3000ms/v2_3000_00811.mp4,3000,False,8,0,0,-2.0253,NO,NO.
order_real,data/videos_v2/int_3000ms/v2_3000_00812.mp4,3000,True,8,1,0,-1.1399,NO,NO.
order_real,data/videos_v2/int_3000ms/v2_3000_00813.mp4,3000,False,8,0,0,-1.4002,NO,NO.
order_real,data/videos_v2/int_3000ms/v2_3000_00814.mp4,3000,False,8,0,0,-1.7648,NO,NO.
order_real,data/videos_v2/int_3000ms/v2_3000_00815.mp4,3000,False,8,0,0,-2.1237,NO,NO.
order_real,data/videos_v2/int_3000ms/v2_3000_00816.mp4,3000,True,8,1,0,-1.7487,NO,NO.
order_real,data/videos_v2/int_3000ms/v2_3000_00817.mp4,3000,False,8,0,0,-1.3896,NO,NO.
order_real,data/videos_v2/int_3000ms/v2_3000_00818.mp4,3000,False,8,0,0,-0.9003,NO,NO.
order_real,data/videos_v2/int_3000ms/v2_3000_00819.mp4,3000,True,8,1,0,-1.9165,NO,NO.
order_real,data/videos_v2/int_3000ms/v2_3000_00820.mp4,3000,False,8,0,0,-1.6506,NO,NO.
order_real,data/videos_v2/int_3000ms/v2_3000_00821.mp4,3000,True,8,1,0,-2.0326,NO,NO.
order_real,data/videos_v2/int_3000ms/v2_3000_00822.mp4,3000,True,8,1,0,-1.4708,NO,NO.
order_real,data/videos_v2/int_3000ms/v2_3000_00823.mp4,3000,False,8,0,0,-1.5442,NO,NO.
order_real,data/videos_v2/int_3000ms/v2_3000_00824.mp4,3000,False,8,0,0,-1.4006,NO,NO.
order_real,data/videos_v2/int_3000ms/v2_3000_00825.mp4,3000,False,8,0,0,-1.0494,NO,NO.
order_real,data/videos_v2/int_3000ms/v2_3000_00826.mp4,3000,True,8,1,0,-0.6364,NO,NO.
order_real,data/videos_v2/int_3000ms/v2_3000_00827.mp4,3000,False,8,0,0,-1.6473,NO,NO.
order_real,data/videos_v2/int_3000ms/v2_3000_00828.mp4,3000,False,8,0,0,-0.7848,NO,NO.
order_real,data/videos_v2/int_3000ms/v2_3000_00829.mp4,3000,True,8,1,0,-1.1151,NO,NO.
order_real,data/videos_v2/int_3000ms/v2_3000_00830.mp4,3000,True,8,1,0,-1.624,NO,NO.
order_real,data/videos_v2/int_3000ms/v2_3000_00831.mp4,3000,False,8,0,0,-1.0957,NO,NO.
order_real,data/videos_v2/int_3000ms/v2_3000_00832.mp4,3000,False,8,0,0,-1.3758,NO,NO.
order_real,data/videos_v2/int_3000ms/v2_3000_00833.mp4,3000,True,8,1,0,-1.1568,NO,NO.
order_real,data/videos_v2/int_3000ms/v2_3000_00834.mp4,3000,True,8,1,0,-1.7269,NO,NO.
order_real,data/videos_v2/int_3000ms/v2_3000_00835.mp4,3000,True,8,1,0,-1.9855,NO,NO.
order_real,data/videos_v2/int_3000ms/v2_3000_00836.mp4,3000,True,8,1,0,-1.8735,NO,NO.
order_real,data/videos_v2/int_3000ms/v2_3000_00837.mp4,3000,True,8,1,0,-1.765,NO,NO.
order_real,data/videos_v2/int_3000ms/v2_3000_00838.mp4,3000,False,8,0,0,-1.5322,NO,NO.
order_real,data/videos_v2/int_3000ms/v2_3000_00839.mp4,3000,True,8,1,0,-2.0417,NO,NO.
order_real,data/videos_v2/int_3000ms/v2_3000_00840.mp4,3000,True,8,1,0,-1.7915,NO,NO.
order_real,data/videos_v2/int_3000ms/v2_3000_00841.mp4,3000,True,8,1,0,-1.8604,NO,NO.
order_real,data/videos_v2/int_3000ms/v2_3000_00842.mp4,3000,True,8,1,0,-1.3782,NO,NO.
order_real,data/videos_v2/int_3000ms/v2_3000_00843.mp4,3000,False,8,0,0,-1.5148,NO,NO.
order_real,data/videos_v2/int_3000ms/v2_3000_00844.mp4,3000,True,8,1,0,-1.6394,NO,NO.
order_real,data/videos_v2/int_3000ms/v2_3000_00845.mp4,3000,False,8,0,0,-0.9246,NO,NO.
order_real,data/videos_v2/int_3000ms/v2_3000_00846.mp4,3000,False,8,0,0,-1.5257,NO,NO.
order_real,data/videos_v2/int_3000ms/v2_3000_00847.mp4,3000,True,8,1,0,-1.7269,NO,NO.
order_real,data/videos_v2/int_3000ms/v2_3000_00848.mp4,3000,False,8,0,0,-1.7489,NO,NO.
order_real,data/videos_v2/int_3000ms/v2_3000_00849.mp4,3000,False,8,0,0,-1.8865,NO,NO.
order_real,data/videos_v2/int_3000ms/v2_3000_00850.mp4,3000,False,8,0,0,-1.4193,NO,NO.
order_real,data/videos_v2/int_3000ms/v2_3000_00851.mp4,3000,True,8,1,0,-1.1691,NO,NO.
order_real,data/videos_v2/int_3000ms/v2_3000_00852.mp4,3000,False,8,0,0,-1.7824,NO,NO.
order_real,data/videos_v2/int_3000ms/v2_3000_00853.mp4,3000,False,8,0,0,-1.7487,NO,NO.
order_real,data/videos_v2/int_3000ms/v2_3000_00854.mp4,3000,False,8,0,0,-1.0415,NO,NO.
order_real,data/videos_v2/int_3000ms/v2_3000_00855.mp4,3000,True,8,1,0,-1.499,NO,NO.
order_real,data/videos_v2/int_3000ms/v2_3000_00856.mp4,3000,True,8,1,0,-1.4906,NO,NO.
order_real,data/videos_v2/int_3000ms/v2_3000_00857.mp4,3000,False,8,0,0,-1.0414,NO,NO.
order_real,data/videos_v2/int_3000ms/v2_3000_00858.mp4,3000,False,8,0,0,-1.753,NO,NO.
order_real,data/videos_v2/int_3000ms/v2_3000_00859.mp4,3000,True,8,1,0,-1.6364,NO,NO.
order_real,data/videos_v2/int_3000ms/v2_3000_00860.mp4,3000,False,8,0,0,-0.4341,NO,NO.
order_real,data/videos_v2/int_3000ms/v2_3000_00861.mp4,3000,True,8,1,0,-1.7724,NO,NO.
order_real,data/videos_v2/int_3000ms/v2_3000_00862.mp4,3000,True,8,1,0,-0.7752,NO,NO.
order_real,data/videos_v2/int_3000ms/v2_3000_00863.mp4,3000,False,8,0,0,-1.4105,NO,NO.
order_real,data/videos_v2/int_3000ms/v2_3000_00864.mp4,3000,True,8,1,0,-1.985,NO,NO.
order_real,data/videos_v2/int_3000ms/v2_3000_00865.mp4,3000,True,8,1,0,-0.934,NO,NO.
order_real,data/videos_v2/int_3000ms/v2_3000_00866.mp4,3000,True,8,1,0,-1.9105,NO,NO.
order_real,data/videos_v2/int_3000ms/v2_3000_00867.mp4,3000,False,8,0,0,-1.2855,NO,NO.
order_real,data/videos_v2/int_3000ms/v2_3000_00868.mp4,3000,True,8,1,0,-1.5113,NO,NO.
order_real,data/videos_v2/int_3000ms/v2_3000_00869.mp4,3000,False,8,0,0,-0.8089,NO,NO.
order_real,data/videos_v2/int_3000ms/v2_3000_00870.mp4,3000,True,8,1,0,-1.9987,NO,NO.
order_real,data/videos_v2/int_3000ms/v2_3000_00871.mp4,3000,False,8,0,0,-1.6603,NO,NO.
order_real,data/videos_v2/int_3000ms/v2_3000_00872.mp4,3000,False,8,0,0,-1.4003,NO,NO.
order_real,data/videos_v2/int_3000ms/v2_3000_00873.mp4,3000,False,8,0,0,-1.6503,NO,NO.
order_real,data/videos_v2/int_3000ms/v2_3000_00874.mp4,3000,False,8,0,0,-0.7726,NO,NO.
order_real,data/videos_v2/int_3000ms/v2_3000_00875.mp4,3000,True,8,1,0,-1.9855,NO,NO.
order_real,data/videos_v2/int_3000ms/v2_3000_00876.mp4,3000,True,8,1,0,-1.0412,NO,NO.
order_real,data/videos_v2/int_3000ms/v2_3000_00877.mp4,3000,False,8,0,0,-0.9259,NO,NO.
order_real,data/videos_v2/int_3000ms/v2_3000_00878.mp4,3000,False,8,0,0,-0.9246,NO,NO.
order_real,data/videos_v2/int_3000ms/v2_3000_00879.mp4,3000,False,8,0,0,-1.9849,NO,NO.
order_real,data/videos_v2/int_3000ms/v2_3000_00880.mp4,3000,False,8,0,0,-1.2851,NO,NO.
order_real,data/videos_v2/int_3000ms/v2_3000_00881.mp4,3000,False,8,0,0,-1.0114,NO,NO.
order_real,data/videos_v2/int_3000ms/v2_3000_00882.mp4,3000,True,8,1,0,-0.4659,NO,NO.
order_real,data/videos_v2/int_3000ms/v2_3000_00883.mp4,3000,False,8,0,0,-1.2487,NO,NO.
order_real,data/videos_v2/int_3000ms/v2_3000_00884.mp4,3000,False,8,0,0,-1.2351,NO,NO.
order_real,data/videos_v2/int_3000ms/v2_3000_00885.mp4,3000,True,8,1,0,-1.3873,NO,NO.
order_real,data/videos_v2/int_3000ms/v2_3000_00886.mp4,3000,True,8,1,0,-1.4164,NO,NO.
order_real,data/videos_v2/int_3000ms/v2_3000_00887.mp4,3000,True,8,1,0,-1.6838,NO,NO.
order_real,data/videos_v2/int_3000ms/v2_3000_00888.mp4,3000,False,8,0,0,-1.2645,NO,NO.
order_real,data/videos_v2/int_3000ms/v2_3000_00889.mp4,3000,False,8,0,0,-1.3655,NO,NO.
order_real,data/videos_v2/int_3000ms/v2_3000_00890.mp4,3000,False,8,0,0,-1.9175,NO,NO.
order_real,data/videos_v2/int_3000ms/v2_3000_00891.mp4,3000,False,8,0,0,-1.7193,NO,NO.
order_real,data/videos_v2/int_3000ms/v2_3000_00892.mp4,3000,False,8,0,0,-1.0114,NO,NO.
order_real,data/videos_v2/int_3000ms/v2_3000_00893.mp4,3000,True,8,1,0,-2.1243,NO,NO.
order_real,data/videos_v2/int_3000ms/v2_3000_00894.mp4,3000,False,8,0,0,-1.6574,NO,NO.
order_real,data/videos_v2/int_3000ms/v2_3000_00895.mp4,3000,False,8,0,0,-1.1281,NO,NO.
order_real,data/videos_v2/int_3000ms/v2_3000_00896.mp4,3000,False,8,0,0,-1.7356,NO,NO.
order_real,data/videos_v2/int_3000ms/v2_3000_00897.mp4,3000,True,8,1,0,-1.4163,NO,NO.
order_real,data/videos_v2/int_3000ms/v2_3000_00898.mp4,3000,True,8,1,0,-1.5324,NO,NO.
order_real,data/videos_v2/int_3000ms/v2_3000_00899.mp4,3000,False,8,0,0,-1.4107,NO,NO.
order_real,data/videos_v2/int_5000ms/v2_5000_00900.mp4,5000,False,8,0,0,-1.511,NO,NO.
order_real,data/videos_v2/int_5000ms/v2_5000_00901.mp4,5000,True,8,1,0,-1.1506,NO,NO.
order_real,data/videos_v2/int_5000ms/v2_5000_00902.mp4,5000,True,8,1,0,-1.765,NO,NO.
order_real,data/videos_v2/int_5000ms/v2_5000_00903.mp4,5000,True,8,1,0,-1.5498,NO,NO.
order_real,data/videos_v2/int_5000ms/v2_5000_00904.mp4,5000,True,8,1,0,-2.2913,NO,NO.
order_real,data/videos_v2/int_5000ms/v2_5000_00905.mp4,5000,False,8,0,0,-1.4196,NO,NO.
order_real,data/videos_v2/int_5000ms/v2_5000_00906.mp4,5000,True,8,1,0,-2.1104,NO,NO.
order_real,data/videos_v2/int_5000ms/v2_5000_00907.mp4,5000,False,8,0,0,-0.7996,NO,NO.
order_real,data/videos_v2/int_5000ms/v2_5000_00908.mp4,5000,True,8,1,0,-1.4165,NO,NO.
order_real,data/videos_v2/int_5000ms/v2_5000_00909.mp4,5000,True,8,1,0,-0.4279,NO,NO.
order_real,data/videos_v2/int_5000ms/v2_5000_00910.mp4,5000,False,8,0,0,-1.3741,NO,NO.
order_real,data/videos_v2/int_5000ms/v2_5000_00911.mp4,5000,False,8,0,0,-1.416,NO,NO.
order_real,data/videos_v2/int_5000ms/v2_5000_00912.mp4,5000,False,8,0,0,-1.3277,NO,NO.
order_real,data/videos_v2/int_5000ms/v2_5000_00913.mp4,5000,True,8,1,0,-1.3899,NO,NO.
order_real,data/videos_v2/int_5000ms/v2_5000_00914.mp4,5000,True,8,1,0,-1.8781,NO,NO.
order_real,data/videos_v2/int_5000ms/v2_5000_00915.mp4,5000,True,8,1,0,-1.9169,NO,NO.
order_real,data/videos_v2/int_5000ms/v2_5000_00916.mp4,5000,True,8,1,0,-1.8603,NO,NO.
order_real,data/videos_v2/int_5000ms/v2_5000_00917.mp4,5000,True,8,1,0,-1.7856,NO,NO.
order_real,data/videos_v2/int_5000ms/v2_5000_00918.mp4,5000,False,8,0,0,-1.3785,NO,NO.
order_real,data/videos_v2/int_5000ms/v2_5000_00919.mp4,5000,False,8,0,0,-1.5946,NO,NO.
order_real,data/videos_v2/int_5000ms/v2_5000_00920.mp4,5000,False,8,0,0,-1.6502,NO,NO.
order_real,data/videos_v2/int_5000ms/v2_5000_00921.mp4,5000,True,8,1,0,-1.1605,NO,NO.
order_real,data/videos_v2/int_5000ms/v2_5000_00922.mp4,5000,True,8,1,0,-1.2758,NO,NO.
order_real,data/videos_v2/int_5000ms/v2_5000_00923.mp4,5000,True,8,1,0,-0.9706,NO,NO.
order_real,data/videos_v2/int_5000ms/v2_5000_00924.mp4,5000,True,8,1,0,-1.8214,NO,NO.
order_real,data/videos_v2/int_5000ms/v2_5000_00925.mp4,5000,True,8,1,0,-1.0031,NO,NO.
order_real,data/videos_v2/int_5000ms/v2_5000_00926.mp4,5000,True,8,1,0,-1.807,NO,NO.
order_real,data/videos_v2/int_5000ms/v2_5000_00927.mp4,5000,False,8,0,0,-1.2017,NO,NO.
order_real,data/videos_v2/int_5000ms/v2_5000_00928.mp4,5000,True,8,1,0,-1.8304,NO,NO.
order_real,data/videos_v2/int_5000ms/v2_5000_00929.mp4,5000,True,8,1,0,-1.7492,NO,NO.
order_real,data/videos_v2/int_5000ms/v2_5000_00930.mp4,5000,False,8,0,0,-1.2945,NO,NO.
order_real,data/videos_v2/int_5000ms/v2_5000_00931.mp4,5000,False,8,0,0,-1.4156,NO,NO.
order_real,data/videos_v2/int_5000ms/v2_5000_00932.mp4,5000,False,8,0,0,-1.0108,NO,NO.
order_real,data/videos_v2/int_5000ms/v2_5000_00933.mp4,5000,False,8,0,0,-1.9341,NO,NO.
order_real,data/videos_v2/int_5000ms/v2_5000_00934.mp4,5000,False,8,0,0,-1.6364,NO,NO.
order_real,data/videos_v2/int_5000ms/v2_5000_00935.mp4,5000,False,8,0,0,-1.1571,NO,NO.
order_real,data/videos_v2/int_5000ms/v2_5000_00936.mp4,5000,True,8,1,0,-1.6101,NO,NO.
order_real,data/videos_v2/int_5000ms/v2_5000_00937.mp4,5000,True,8,1,0,-0.9855,NO,NO.
order_real,data/videos_v2/int_5000ms/v2_5000_00938.mp4,5000,True,8,1,0,-1.5032,NO,NO.
order_real,data/videos_v2/int_5000ms/v2_5000_00939.mp4,5000,True,8,1,0,-1.7056,NO,NO.
order_real,data/videos_v2/int_5000ms/v2_5000_00940.mp4,5000,False,8,0,0,-1.1834,NO,NO.
order_real,data/videos_v2/int_5000ms/v2_5000_00941.mp4,5000,True,8,1,0,-0.5353,NO,NO.
order_real,data/videos_v2/int_5000ms/v2_5000_00942.mp4,5000,True,8,1,0,-1.5356,NO,NO.
order_real,data/videos_v2/int_5000ms/v2_5000_00943.mp4,5000,True,8,1,0,-1.5258,NO,NO.
order_real,data/videos_v2/int_5000ms/v2_5000_00944.mp4,5000,True,8,1,0,-1.5786,NO,NO.
order_real,data/videos_v2/int_5000ms/v2_5000_00945.mp4,5000,True,8,1,0,-1.7824,NO,NO.
order_real,data/videos_v2/int_5000ms/v2_5000_00946.mp4,5000,True,8,1,0,-1.8978,NO,NO.
order_real,data/videos_v2/int_5000ms/v2_5000_00947.mp4,5000,False,8,0,0,-0.6697,NO,NO.
order_real,data/videos_v2/int_5000ms/v2_5000_00948.mp4,5000,False,8,0,0,-1.4072,NO,NO.
order_real,data/videos_v2/int_5000ms/v2_5000_00949.mp4,5000,True,8,1,0,-1.4357,NO,NO.
order_real,data/videos_v2/int_5000ms/v2_5000_00950.mp4,5000,True,8,1,0,-1.3873,NO,NO.
order_real,data/videos_v2/int_5000ms/v2_5000_00951.mp4,5000,False,8,0,0,-1.5227,NO,NO.
order_real,data/videos_v2/int_5000ms/v2_5000_00952.mp4,5000,False,8,0,0,-0.9988,NO,NO.
order_real,data/videos_v2/int_5000ms/v2_5000_00953.mp4,5000,False,8,0,0,-1.2913,NO,NO.
order_real,data/videos_v2/int_5000ms/v2_5000_00954.mp4,5000,True,8,1,0,-2.1099,NO,NO.
order_real,data/videos_v2/int_5000ms/v2_5000_00955.mp4,5000,True,8,1,0,-1.4006,NO,NO.
order_real,data/videos_v2/int_5000ms/v2_5000_00956.mp4,5000,True,8,1,0,-1.9007,NO,NO.
order_real,data/videos_v2/int_5000ms/v2_5000_00957.mp4,5000,False,8,0,0,-0.4109,NO,NO.
order_real,data/videos_v2/int_5000ms/v2_5000_00958.mp4,5000,True,8,1,0,-1.7726,NO,NO.
order_real,data/videos_v2/int_5000ms/v2_5000_00959.mp4,5000,True,8,1,0,-1.8136,NO,NO.
order_real,data/videos_v2/int_5000ms/v2_5000_00960.mp4,5000,True,8,1,0,-0.9006,NO,NO.
order_real,data/videos_v2/int_5000ms/v2_5000_00961.mp4,5000,True,8,1,0,-1.5354,NO,NO.
order_real,data/videos_v2/int_5000ms/v2_5000_00962.mp4,5000,True,8,1,0,-0.9166,NO,NO.
order_real,data/videos_v2/int_5000ms/v2_5000_00963.mp4,5000,False,8,0,0,-1.6574,NO,NO.
order_real,data/videos_v2/int_5000ms/v2_5000_00964.mp4,5000,True,8,1,0,-1.6508,NO,NO.
order_real,data/videos_v2/int_5000ms/v2_5000_00965.mp4,5000,False,8,0,0,-1.6154,NO,NO.
order_real,data/videos_v2/int_5000ms/v2_5000_00966.mp4,5000,True,8,1,0,-1.1574,NO,NO.
order_real,data/videos_v2/int_5000ms/v2_5000_00967.mp4,5000,False,8,0,0,-1.1503,NO,NO.
order_real,data/videos_v2/int_5000ms/v2_5000_00968.mp4,5000,False,8,0,0,-1.5029,NO,NO.
order_real,data/videos_v2/int_5000ms/v2_5000_00969.mp4,5000,False,8,0,0,-1.2648,NO,NO.
order_real,data/videos_v2/int_5000ms/v2_5000_00970.mp4,5000,True,8,1,0,-2.0115,NO,NO.
order_real,data/videos_v2/int_5000ms/v2_5000_00971.mp4,5000,False,8,0,0,-1.1507,NO,NO.
order_real,data/videos_v2/int_5000ms/v2_5000_00972.mp4,5000,False,8,0,0,-1.5256,NO,NO.
order_real,data/videos_v2/int_5000ms/v2_5000_00973.mp4,5000,False,8,0,0,-0.9102,NO,NO.
order_real,data/videos_v2/int_5000ms/v2_5000_00974.mp4,5000,True,8,1,0,-1.1373,NO,NO.
order_real,data/videos_v2/int_5000ms/v2_5000_00975.mp4,5000,True,8,1,0,-1.0411,NO,NO.
order_real,data/videos_v2/int_5000ms/v2_5000_00976.mp4,5000,True,8,1,0,-1.5254,NO,NO.
order_real,data/videos_v2/int_5000ms/v2_5000_00977.mp4,5000,False,8,0,0,-1.08,NO,NO.
order_real,data/videos_v2/int_5000ms/v2_5000_00978.mp4,5000,False,8,0,0,-1.1665,NO,NO.
order_real,data/videos_v2/int_5000ms/v2_5000_00979.mp4,5000,True,8,1,0,-1.7648,NO,NO.
order_real,data/videos_v2/int_5000ms/v2_5000_00980.mp4,5000,True,8,1,0,-1.7758,NO,NO.
order_real,data/videos_v2/int_5000ms/v2_5000_00981.mp4,5000,True,8,1,0,-1.64,NO,NO.
order_real,data/videos_v2/int_5000ms/v2_5000_00982.mp4,5000,True,8,1,0,-0.1608,NO,NO.
order_real,data/videos_v2/int_5000ms/v2_5000_00983.mp4,5000,False,8,0,0,-1.2194,NO,NO.
order_real,data/videos_v2/int_5000ms/v2_5000_00984.mp4,5000,False,8,0,0,-2.096,NO,NO.
order_real,data/videos_v2/int_5000ms/v2_5000_00985.mp4,5000,False,8,0,0,-1.1362,NO,NO.
order_real,data/videos_v2/int_5000ms/v2_5000_00986.mp4,5000,True,8,1,0,-0.1904,NO,NO.
order_real,data/videos_v2/int_5000ms/v2_5000_00987.mp4,5000,True,8,1,0,-1.9985,NO,NO.
order_real,data/videos_v2/int_5000ms/v2_5000_00988.mp4,5000,False,8,0,0,-1.0255,NO,NO.
order_real,data/videos_v2/int_5000ms/v2_5000_00989.mp4,5000,False,8,0,0,-1.7647,NO,NO.
order_real,data/videos_v2/int_5000ms/v2_5000_00990.mp4,5000,False,8,0,0,-1.5145,NO,NO.
order_real,data/videos_v2/int_5000ms/v2_5000_00991.mp4,5000,True,8,1,0,-1.6572,NO,NO.
order_real,data/videos_v2/int_5000ms/v2_5000_00992.mp4,5000,False,8,0,0,-1.2355,NO,NO.
order_real,data/videos_v2/int_5000ms/v2_5000_00993.mp4,5000,False,8,0,0,-1.7647,NO,NO.
order_real,data/videos_v2/int_5000ms/v2_5000_00994.mp4,5000,False,8,0,0,-1.2994,NO,NO.
order_real,data/videos_v2/int_5000ms/v2_5000_00995.mp4,5000,False,8,0,0,-1.5322,NO,NO.
order_real,data/videos_v2/int_5000ms/v2_5000_00996.mp4,5000,True,8,1,0,-0.9905,NO,NO.
order_real,data/videos_v2/int_5000ms/v2_5000_00997.mp4,5000,True,8,1,0,-1.1374,NO,NO.
order_real,data/videos_v2/int_5000ms/v2_5000_00998.mp4,5000,False,8,0,0,-1.9709,NO,NO.
order_real,data/videos_v2/int_5000ms/v2_5000_00999.mp4,5000,False,8,0,0,-1.1659,NO,NO.
order_real,data/videos_v2/int_7000ms/v2_7000_01000.mp4,7000,False,8,0,0,-0.6747,NO,NO.
order_real,data/videos_v2/int_7000ms/v2_7000_01001.mp4,7000,False,8,0,0,-1.4007,NO,NO.
order_real,data/videos_v2/int_7000ms/v2_7000_01002.mp4,7000,True,8,1,0,-1.5147,NO,NO.
order_real,data/videos_v2/int_7000ms/v2_7000_01003.mp4,7000,True,8,1,0,-1.2996,NO,NO.
order_real,data/videos_v2/int_7000ms/v2_7000_01004.mp4,7000,True,8,1,0,-1.8074,NO,NO.
order_real,data/videos_v2/int_7000ms/v2_7000_01005.mp4,7000,False,8,0,0,-1.4989,NO,NO.
order_real,data/videos_v2/int_7000ms/v2_7000_01006.mp4,7000,False,8,0,0,-1.4004,NO,NO.
order_real,data/videos_v2/int_7000ms/v2_7000_01007.mp4,7000,True,8,1,0,-1.5112,NO,NO.
order_real,data/videos_v2/int_7000ms/v2_7000_01008.mp4,7000,True,8,1,0,-1.2756,NO,NO.
order_real,data/videos_v2/int_7000ms/v2_7000_01009.mp4,7000,False,8,0,0,-1.8657,NO,NO.
order_real,data/videos_v2/int_7000ms/v2_7000_01010.mp4,7000,False,8,0,0,-1.3776,NO,NO.
order_real,data/videos_v2/int_7000ms/v2_7000_01011.mp4,7000,False,8,0,0,-1.2832,NO,NO.
order_real,data/videos_v2/int_7000ms/v2_7000_01012.mp4,7000,False,8,0,0,-1.4164,NO,NO.
order_real,data/videos_v2/int_7000ms/v2_7000_01013.mp4,7000,True,8,1,0,-2.0226,NO,NO.
order_real,data/videos_v2/int_7000ms/v2_7000_01014.mp4,7000,True,8,1,0,-1.5123,NO,NO.
order_real,data/videos_v2/int_7000ms/v2_7000_01015.mp4,7000,False,8,0,0,-1.4534,NO,NO.
order_real,data/videos_v2/int_7000ms/v2_7000_01016.mp4,7000,False,8,0,0,-1.2996,NO,NO.
order_real,data/videos_v2/int_7000ms/v2_7000_01017.mp4,7000,True,8,1,0,-1.7836,NO,NO.
order_real,data/videos_v2/int_7000ms/v2_7000_01018.mp4,7000,False,8,0,0,-1.8975,NO,NO.
order_real,data/videos_v2/int_7000ms/v2_7000_01019.mp4,7000,True,8,1,0,-1.2728,NO,NO.
order_real,data/videos_v2/int_7000ms/v2_7000_01020.mp4,7000,False,8,0,0,-1.4073,NO,NO.
order_real,data/videos_v2/int_7000ms/v2_7000_01021.mp4,7000,False,8,0,0,-1.4268,NO,NO.
order_real,data/videos_v2/int_7000ms/v2_7000_01022.mp4,7000,False,8,0,0,-1.2826,NO,NO.
order_real,data/videos_v2/int_7000ms/v2_7000_01023.mp4,7000,True,8,1,0,-1.5145,NO,NO.
order_real,data/videos_v2/int_7000ms/v2_7000_01024.mp4,7000,True,8,1,0,-1.4906,NO,NO.
order_real,data/videos_v2/int_7000ms/v2_7000_01025.mp4,7000,False,8,0,0,-1.1152,NO,NO.
order_real,data/videos_v2/int_7000ms/v2_7000_01026.mp4,7000,False,8,0,0,-1.3897,NO,NO.
order_real,data/videos_v2/int_7000ms/v2_7000_01027.mp4,7000,True,8,1,0,-0.8865,NO,NO.
order_real,data/videos_v2/int_7000ms/v2_7000_01028.mp4,7000,True,8,1,0,-1.8893,NO,NO.
order_real,data/videos_v2/int_7000ms/v2_7000_01029.mp4,7000,True,8,1,0,-2.0147,NO,NO.
order_real,data/videos_v2/int_7000ms/v2_7000_01030.mp4,7000,True,8,1,0,-1.5113,NO,NO.
order_real,data/videos_v2/int_7000ms/v2_7000_01031.mp4,7000,False,8,0,0,-1.1101,NO,NO.
order_real,data/videos_v2/int_7000ms/v2_7000_01032.mp4,7000,True,8,1,0,-1.1664,NO,NO.
order_real,data/videos_v2/int_7000ms/v2_7000_01033.mp4,7000,True,8,1,0,-1.0955,NO,NO.
order_real,data/videos_v2/int_7000ms/v2_7000_01034.mp4,7000,False,8,0,0,-1.5226,NO,NO.
order_real,data/videos_v2/int_7000ms/v2_7000_01035.mp4,7000,True,8,1,0,-1.302,NO,NO.
order_real,data/videos_v2/int_7000ms/v2_7000_01036.mp4,7000,True,8,1,0,-1.5592,NO,NO.
order_real,data/videos_v2/int_7000ms/v2_7000_01037.mp4,7000,True,8,1,0,-1.6395,NO,NO.
order_real,data/videos_v2/int_7000ms/v2_7000_01038.mp4,7000,False,8,0,0,-1.2755,NO,NO.
order_real,data/videos_v2/int_7000ms/v2_7000_01039.mp4,7000,True,8,1,0,-1.9164,NO,NO.
order_real,data/videos_v2/int_7000ms/v2_7000_01040.mp4,7000,False,8,0,0,-1.5253,NO,NO.
order_real,data/videos_v2/int_7000ms/v2_7000_01041.mp4,7000,False,8,0,0,-1.2855,NO,NO.
order_real,data/videos_v2/int_7000ms/v2_7000_01042.mp4,7000,False,8,0,0,-1.7753,NO,NO.
order_real,data/videos_v2/int_7000ms/v2_7000_01043.mp4,7000,True,8,1,0,-1.2532,NO,NO.
order_real,data/videos_v2/int_7000ms/v2_7000_01044.mp4,7000,False,8,0,0,-1.7529,NO,NO.
order_real,data/videos_v2/int_7000ms/v2_7000_01045.mp4,7000,False,8,0,0,-1.4005,NO,NO.
order_real,data/videos_v2/int_7000ms/v2_7000_01046.mp4,7000,False,8,0,0,-1.7913,NO,NO.
order_real,data/videos_v2/int_7000ms/v2_7000_01047.mp4,7000,True,8,1,0,-2.3126,NO,NO.
order_real,data/videos_v2/int_7000ms/v2_7000_01048.mp4,7000,True,8,1,0,-1.8736,NO,NO.
order_real,data/videos_v2/int_7000ms/v2_7000_01049.mp4,7000,False,8,0,0,-0.9247,NO,NO.
order_real,data/videos_v2/int_7000ms/v2_7000_01050.mp4,7000,True,8,1,0,-1.5146,NO,NO.
order_real,data/videos_v2/int_7000ms/v2_7000_01051.mp4,7000,False,8,0,0,-1.2756,NO,NO.
order_real,data/videos_v2/int_7000ms/v2_7000_01052.mp4,7000,False,8,0,0,-1.1391,NO,NO.
order_real,data/videos_v2/int_7000ms/v2_7000_01053.mp4,7000,True,8,1,0,-1.61,NO,NO.
order_real,data/videos_v2/int_7000ms/v2_7000_01054.mp4,7000,True,8,1,0,-1.5603,NO,NO.
order_real,data/videos_v2/int_7000ms/v2_7000_01055.mp4,7000,False,8,0,0,-1.7755,NO,NO.
order_real,data/videos_v2/int_7000ms/v2_7000_01056.mp4,7000,False,8,0,0,-1.6503,NO,NO.
order_real,data/videos_v2/int_7000ms/v2_7000_01057.mp4,7000,True,8,1,0,-1.5493,NO,NO.
order_real,data/videos_v2/int_7000ms/v2_7000_01058.mp4,7000,False,8,0,0,-1.0354,NO,NO.
order_real,data/videos_v2/int_7000ms/v2_7000_01059.mp4,7000,False,8,0,0,-0.3141,NO,NO.
order_real,data/videos_v2/int_7000ms/v2_7000_01060.mp4,7000,False,8,0,0,-1.4277,NO,NO.
order_real,data/videos_v2/int_7000ms/v2_7000_01061.mp4,7000,False,8,0,0,-1.3071,NO,NO.
order_real,data/videos_v2/int_7000ms/v2_7000_01062.mp4,7000,True,8,1,0,-2.0797,NO,NO.
order_real,data/videos_v2/int_7000ms/v2_7000_01063.mp4,7000,True,8,1,0,-1.0531,NO,NO.
order_real,data/videos_v2/int_7000ms/v2_7000_01064.mp4,7000,True,8,1,0,-1.6606,NO,NO.
order_real,data/videos_v2/int_7000ms/v2_7000_01065.mp4,7000,False,8,0,0,-1.3656,NO,NO.
order_real,data/videos_v2/int_7000ms/v2_7000_01066.mp4,7000,True,8,1,0,-1.7755,NO,NO.
order_real,data/videos_v2/int_7000ms/v2_7000_01067.mp4,7000,True,8,1,0,-1.2729,NO,NO.
order_real,data/videos_v2/int_7000ms/v2_7000_01068.mp4,7000,True,8,1,0,-1.5778,NO,NO.
order_real,data/videos_v2/int_7000ms/v2_7000_01069.mp4,7000,True,8,1,0,-1.4533,NO,NO.
order_real,data/videos_v2/int_7000ms/v2_7000_01070.mp4,7000,True,8,1,0,-2.0356,NO,NO.
order_real,data/videos_v2/int_7000ms/v2_7000_01071.mp4,7000,False,8,0,0,-1.6101,NO,NO.
order_real,data/videos_v2/int_7000ms/v2_7000_01072.mp4,7000,False,8,0,0,-1.5414,NO,NO.
order_real,data/videos_v2/int_7000ms/v2_7000_01073.mp4,7000,False,8,0,0,-1.499,NO,NO.
order_real,data/videos_v2/int_7000ms/v2_7000_01074.mp4,7000,True,8,1,0,-1.6397,NO,NO.
order_real,data/videos_v2/int_7000ms/v2_7000_01075.mp4,7000,False,8,0,0,-0.9102,NO,NO.
order_real,data/videos_v2/int_7000ms/v2_7000_01076.mp4,7000,True,8,1,0,-1.5229,NO,NO.
order_real,data/videos_v2/int_7000ms/v2_7000_01077.mp4,7000,True,8,1,0,-1.6283,NO,NO.
order_real,data/videos_v2/int_7000ms/v2_7000_01078.mp4,7000,True,8,1,0,-0.398,NO,NO.
order_real,data/videos_v2/int_7000ms/v2_7000_01079.mp4,7000,False,8,0,0,-1.499,NO,NO.
order_real,data/videos_v2/int_7000ms/v2_7000_01080.mp4,7000,True,8,1,0,-1.4196,NO,NO.
order_real,data/videos_v2/int_7000ms/v2_7000_01081.mp4,7000,True,8,1,0,-1.1575,NO,NO.
order_real,data/videos_v2/int_7000ms/v2_7000_01082.mp4,7000,True,8,1,0,-1.86,NO,NO.
order_real,data/videos_v2/int_7000ms/v2_7000_01083.mp4,7000,False,8,0,0,-1.4405,NO,NO.
order_real,data/videos_v2/int_7000ms/v2_7000_01084.mp4,7000,True,8,1,0,-0.8072,NO,NO.
order_real,data/videos_v2/int_7000ms/v2_7000_01085.mp4,7000,True,8,1,0,-1.9008,NO,NO.
order_real,data/videos_v2/int_7000ms/v2_7000_01086.mp4,7000,False,8,0,0,-1.275,NO,NO.
order_real,data/videos_v2/int_7000ms/v2_7000_01087.mp4,7000,False,8,0,0,-1.8653,NO,NO.
order_real,data/videos_v2/int_7000ms/v2_7000_01088.mp4,7000,True,8,1,0,-1.9008,NO,NO.
order_real,data/videos_v2/int_7000ms/v2_7000_01089.mp4,7000,False,8,0,0,-1.7855,NO,NO.
order_real,data/videos_v2/int_7000ms/v2_7000_01090.mp4,7000,True,8,1,0,-1.6239,NO,NO.
order_real,data/videos_v2/int_7000ms/v2_7000_01091.mp4,7000,True,8,1,0,-1.2853,NO,NO.
order_real,data/videos_v2/int_7000ms/v2_7000_01092.mp4,7000,False,8,0,0,-1.2029,NO,NO.
order_real,data/videos_v2/int_7000ms/v2_7000_01093.mp4,7000,False,8,0,0,-1.1663,NO,NO.
order_real,data/videos_v2/int_7000ms/v2_7000_01094.mp4,7000,False,8,0,0,-1.8864,NO,NO.
order_real,data/videos_v2/int_7000ms/v2_7000_01095.mp4,7000,True,8,1,0,-1.4454,NO,NO.
order_real,data/videos_v2/int_7000ms/v2_7000_01096.mp4,7000,False,8,0,0,-1.4246,NO,NO.
order_real,data/videos_v2/int_7000ms/v2_7000_01097.mp4,7000,True,8,1,0,-1.4582,NO,NO.
order_real,data/videos_v2/int_7000ms/v2_7000_01098.mp4,7000,True,8,1,0,-1.628,NO,NO.
order_real,data/videos_v2/int_7000ms/v2_7000_01099.mp4,7000,True,8,1,0,-1.3072,NO,NO.
order_real,data/videos_v2/int_10000ms/v2_10000_01100.mp4,10000,False,8,0,0,-1.8741,NO,NO.
order_real,data/videos_v2/int_10000ms/v2_10000_01101.mp4,10000,True,8,1,0,-1.5323,NO,NO.
order_real,data/videos_v2/int_10000ms/v2_10000_01102.mp4,10000,True,8,1,0,-1.4196,NO,NO.
order_real,data/videos_v2/int_10000ms/v2_10000_01103.mp4,10000,True,8,1,0,-1.499,NO,NO.
order_real,data/videos_v2/int_10000ms/v2_10000_01104.mp4,10000,True,8,1,0,-0.9103,NO,NO.
order_real,data/videos_v2/int_10000ms/v2_10000_01105.mp4,10000,False,8,0,0,-1.5115,NO,NO.
order_real,data/videos_v2/int_10000ms/v2_10000_01106.mp4,10000,True,8,1,0,-1.878,NO,NO.
order_real,data/videos_v2/int_10000ms/v2_10000_01107.mp4,10000,True,8,1,0,-2.0114,NO,NO.
order_real,data/videos_v2/int_10000ms/v2_10000_01108.mp4,10000,True,8,1,0,-1.6398,NO,NO.
order_real,data/videos_v2/int_10000ms/v2_10000_01109.mp4,10000,False,8,0,0,-2.0227,NO,NO.
order_real,data/videos_v2/int_10000ms/v2_10000_01110.mp4,10000,False,8,0,0,-1.9076,NO,NO.
order_real,data/videos_v2/int_10000ms/v2_10000_01111.mp4,10000,True,8,1,0,-1.5417,NO,NO.
order_real,data/videos_v2/int_10000ms/v2_10000_01112.mp4,10000,False,8,0,0,-1.6575,NO,NO.
order_real,data/videos_v2/int_10000ms/v2_10000_01113.mp4,10000,True,8,1,0,-1.8602,NO,NO.
order_real,data/videos_v2/int_10000ms/v2_10000_01114.mp4,10000,True,8,1,0,-1.7826,NO,NO.
order_real,data/videos_v2/int_10000ms/v2_10000_01115.mp4,10000,False,8,0,0,-1.5112,NO,NO.
order_real,data/videos_v2/int_10000ms/v2_10000_01116.mp4,10000,True,8,1,0,-1.4989,NO,NO.
order_real,data/videos_v2/int_10000ms/v2_10000_01117.mp4,10000,False,8,0,0,-0.9989,NO,NO.
order_real,data/videos_v2/int_10000ms/v2_10000_01118.mp4,10000,False,8,0,0,-1.7998,NO,NO.
order_real,data/videos_v2/int_10000ms/v2_10000_01119.mp4,10000,True,8,1,0,-1.3408,NO,NO.
order_real,data/videos_v2/int_10000ms/v2_10000_01120.mp4,10000,True,8,1,0,-1.3155,NO,NO.
order_real,data/videos_v2/int_10000ms/v2_10000_01121.mp4,10000,True,8,1,0,-1.5413,NO,NO.
order_real,data/videos_v2/int_10000ms/v2_10000_01122.mp4,10000,True,8,1,0,-1.9271,NO,NO.
order_real,data/videos_v2/int_10000ms/v2_10000_01123.mp4,10000,False,8,0,0,-1.8155,NO,NO.
order_real,data/videos_v2/int_10000ms/v2_10000_01124.mp4,10000,False,8,0,0,-1.809,NO,NO.
order_real,data/videos_v2/int_10000ms/v2_10000_01125.mp4,10000,False,8,0,0,-1.8782,NO,NO.
order_real,data/videos_v2/int_10000ms/v2_10000_01126.mp4,10000,True,8,1,0,-1.5229,NO,NO.
order_real,data/videos_v2/int_10000ms/v2_10000_01127.mp4,10000,True,8,1,0,-0.5495,NO,NO.
order_real,data/videos_v2/int_10000ms/v2_10000_01128.mp4,10000,True,8,1,0,-1.0417,NO,NO.
order_real,data/videos_v2/int_10000ms/v2_10000_01129.mp4,10000,True,8,1,0,-1.8604,NO,NO.
order_real,data/videos_v2/int_10000ms/v2_10000_01130.mp4,10000,True,8,1,0,-1.7533,NO,NO.
order_real,data/videos_v2/int_10000ms/v2_10000_01131.mp4,10000,False,8,0,0,-1.8978,NO,NO.
order_real,data/videos_v2/int_10000ms/v2_10000_01132.mp4,10000,True,8,1,0,-1.8897,NO,NO.
order_real,data/videos_v2/int_10000ms/v2_10000_01133.mp4,10000,True,8,1,0,-1.6508,NO,NO.
order_real,data/videos_v2/int_10000ms/v2_10000_01134.mp4,10000,False,8,0,0,-1.9166,NO,NO.
order_real,data/videos_v2/int_10000ms/v2_10000_01135.mp4,10000,False,8,0,0,-1.8899,NO,NO.
order_real,data/videos_v2/int_10000ms/v2_10000_01136.mp4,10000,True,8,1,0,-1.1575,NO,NO.
order_real,data/videos_v2/int_10000ms/v2_10000_01137.mp4,10000,True,8,1,0,-1.3607,NO,NO.
order_real,data/videos_v2/int_10000ms/v2_10000_01138.mp4,10000,False,8,0,0,-1.0031,NO,NO.
order_real,data/videos_v2/int_10000ms/v2_10000_01139.mp4,10000,True,8,1,0,-1.6748,NO,NO.
order_real,data/videos_v2/int_10000ms/v2_10000_01140.mp4,10000,True,8,1,0,-1.3898,NO,NO.
order_real,data/videos_v2/int_10000ms/v2_10000_01141.mp4,10000,False,8,0,0,-1.4196,NO,NO.
order_real,data/videos_v2/int_10000ms/v2_10000_01142.mp4,10000,False,8,0,0,-2.1509,NO,NO.
order_real,data/videos_v2/int_10000ms/v2_10000_01143.mp4,10000,True,8,1,0,-1.8448,NO,NO.
order_real,data/videos_v2/int_10000ms/v2_10000_01144.mp4,10000,False,8,0,0,-2.2759,NO,NO.
order_real,data/videos_v2/int_10000ms/v2_10000_01145.mp4,10000,False,8,0,0,-1.9853,NO,NO.
order_real,data/videos_v2/int_10000ms/v2_10000_01146.mp4,10000,True,8,1,0,-1.2915,NO,NO.
order_real,data/videos_v2/int_10000ms/v2_10000_01147.mp4,10000,False,8,0,0,-1.5872,NO,NO.
order_real,data/videos_v2/int_10000ms/v2_10000_01148.mp4,10000,True,8,1,0,-0.5715,NO,NO.
order_real,data/videos_v2/int_10000ms/v2_10000_01149.mp4,10000,True,8,1,0,-1.753,NO,NO.
order_real,data/videos_v2/int_10000ms/v2_10000_01150.mp4,10000,False,8,0,0,-2.0031,NO,NO.
order_real,data/videos_v2/int_10000ms/v2_10000_01151.mp4,10000,False,8,0,0,-1.4193,NO,NO.
order_real,data/videos_v2/int_10000ms/v2_10000_01152.mp4,10000,False,8,0,0,-2.0147,NO,NO.
order_real,data/videos_v2/int_10000ms/v2_10000_01153.mp4,10000,True,8,1,0,-1.2911,NO,NO.
order_real,data/videos_v2/int_10000ms/v2_10000_01154.mp4,10000,False,8,0,0,-1.1502,NO,NO.
order_real,data/videos_v2/int_10000ms/v2_10000_01155.mp4,10000,True,8,1,0,-1.7757,NO,NO.
order_real,data/videos_v2/int_10000ms/v2_10000_01156.mp4,10000,True,8,1,0,-1.7535,NO,NO.
order_real,data/videos_v2/int_10000ms/v2_10000_01157.mp4,10000,True,8,1,0,-2.1282,NO,NO.
order_real,data/videos_v2/int_10000ms/v2_10000_01158.mp4,10000,False,8,0,0,-2.0324,NO,NO.
order_real,data/videos_v2/int_10000ms/v2_10000_01159.mp4,10000,False,8,0,0,-1.9163,NO,NO.
order_real,data/videos_v2/int_10000ms/v2_10000_01160.mp4,10000,False,8,0,0,-1.6399,NO,NO.
order_real,data/videos_v2/int_10000ms/v2_10000_01161.mp4,10000,False,8,0,0,-1.2613,NO,NO.
order_real,data/videos_v2/int_10000ms/v2_10000_01162.mp4,10000,True,8,1,0,-1.6842,NO,NO.
order_real,data/videos_v2/int_10000ms/v2_10000_01163.mp4,10000,True,8,1,0,-1.677,NO,NO.
order_real,data/videos_v2/int_10000ms/v2_10000_01164.mp4,10000,False,8,0,0,-1.7757,NO,NO.
order_real,data/videos_v2/int_10000ms/v2_10000_01165.mp4,10000,False,8,0,0,-2.0148,NO,NO.
order_real,data/videos_v2/int_10000ms/v2_10000_01166.mp4,10000,False,8,0,0,-2.1577,NO,NO.
order_real,data/videos_v2/int_10000ms/v2_10000_01167.mp4,10000,True,8,1,0,-1.2081,NO,NO.
order_real,data/videos_v2/int_10000ms/v2_10000_01168.mp4,10000,False,8,0,0,-1.9082,NO,NO.
order_real,data/videos_v2/int_10000ms/v2_10000_01169.mp4,10000,True,8,1,0,-1.7757,NO,NO.
order_real,data/videos_v2/int_10000ms/v2_10000_01170.mp4,10000,False,8,0,0,-1.0495,NO,NO.
order_real,data/videos_v2/int_10000ms/v2_10000_01171.mp4,10000,True,8,1,0,-2.1279,NO,NO.
order_real,data/videos_v2/int_10000ms/v2_10000_01172.mp4,10000,True,8,1,0,-1.5496,NO,NO.
order_real,data/videos_v2/int_10000ms/v2_10000_01173.mp4,10000,False,8,0,0,-1.7611,NO,NO.
order_real,data/videos_v2/int_10000ms/v2_10000_01174.mp4,10000,True,8,1,0,-1.3895,NO,NO.
order_real,data/videos_v2/int_10000ms/v2_10000_01175.mp4,10000,False,8,0,0,-1.5572,NO,NO.
order_real,data/videos_v2/int_10000ms/v2_10000_01176.mp4,10000,False,8,0,0,-1.434,NO,NO.
order_real,data/videos_v2/int_10000ms/v2_10000_01177.mp4,10000,True,8,1,0,-1.5655,NO,NO.
order_real,data/videos_v2/int_10000ms/v2_10000_01178.mp4,10000,False,8,0,0,-1.9244,NO,NO.
order_real,data/videos_v2/int_10000ms/v2_10000_01179.mp4,10000,True,8,1,0,-1.7616,NO,NO.
order_real,data/videos_v2/int_10000ms/v2_10000_01180.mp4,10000,True,8,1,0,-1.2019,NO,NO.
order_real,data/videos_v2/int_10000ms/v2_10000_01181.mp4,10000,False,8,0,0,-1.374,NO,NO.
order_real,data/videos_v2/int_10000ms/v2_10000_01182.mp4,10000,False,8,0,0,-1.9906,NO,NO.
order_real,data/videos_v2/int_10000ms/v2_10000_01183.mp4,10000,True,8,1,0,-1.0786,NO,NO.
order_real,data/videos_v2/int_10000ms/v2_10000_01184.mp4,10000,True,8,1,0,-1.648,NO,NO.
order_real,data/videos_v2/int_10000ms/v2_10000_01185.mp4,10000,True,8,1,0,-1.4248,NO,NO.
order_real,data/videos_v2/int_10000ms/v2_10000_01186.mp4,10000,True,8,1,0,-1.3974,NO,NO.
order_real,data/videos_v2/int_10000ms/v2_10000_01187.mp4,10000,False,8,0,0,-1.6605,NO,NO.
order_real,data/videos_v2/int_10000ms/v2_10000_01188.mp4,10000,False,8,0,0,-1.1477,NO,NO.
order_real,data/videos_v2/int_10000ms/v2_10000_01189.mp4,10000,True,8,1,0,-1.7489,NO,NO.
order_real,data/videos_v2/int_10000ms/v2_10000_01190.mp4,10000,True,8,1,0,-1.6504,NO,NO.
order_real,data/videos_v2/int_10000ms/v2_10000_01191.mp4,10000,True,8,1,0,-1.7917,NO,NO.
order_real,data/videos_v2/int_10000ms/v2_10000_01192.mp4,10000,False,8,0,0,-1.2528,NO,NO.
order_real,data/videos_v2/int_10000ms/v2_10000_01193.mp4,10000,False,8,0,0,-1.7824,NO,NO.
order_real,data/videos_v2/int_10000ms/v2_10000_01194.mp4,10000,True,8,1,0,-1.3898,NO,NO.
order_real,data/videos_v2/int_10000ms/v2_10000_01195.mp4,10000,True,8,1,0,-2.0948,NO,NO.
order_real,data/videos_v2/int_10000ms/v2_10000_01196.mp4,10000,False,8,0,0,-2.0147,NO,NO.
order_real,data/videos_v2/int_10000ms/v2_10000_01197.mp4,10000,False,8,0,0,-1.7406,NO,NO.
order_real,data/videos_v2/int_10000ms/v2_10000_01198.mp4,10000,True,8,1,0,-2.2492,NO,NO.
order_real,data/videos_v2/int_10000ms/v2_10000_01199.mp4,10000,False,8,0,0,-0.6965,NO,NO.
order_32f,data/videos_v2/int_67ms/v2_67_00000.mp4,67,False,32,0,0,-1.9903,NO,NO.
moved_real,data/videos_v2/int_67ms/v2_67_00000.mp4,67,False,8,1,0,-3.3365,NO,NO.
moved_twin,data/twin_v2/v2_67_00000.mp4,67,False,8,0,0,-3.1509,NO,NO.
still_real,data/videos_v2/int_67ms/v2_67_00000.mp4,67,False,8,0,1,0.6824,YES,YES.
still_twin,data/twin_v2/v2_67_00000.mp4,67,False,8,1,1,1.899,YES,YES.
order_twin,data/twin_v2/v2_67_00000.mp4,67,False,8,-1,0,-1.6508,NO,NO.
order_32f,data/videos_v2/int_67ms/v2_67_00001.mp4,67,False,32,0,0,-0.6661,NO,NO.
moved_real,data/videos_v2/int_67ms/v2_67_00001.mp4,67,False,8,1,0,-0.9195,NO,NO.
moved_twin,data/twin_v2/v2_67_00001.mp4,67,False,8,0,0,-3.3598,NO,NO.
still_real,data/videos_v2/int_67ms/v2_67_00001.mp4,67,False,8,0,1,1.5298,YES,YES.
still_twin,data/twin_v2/v2_67_00001.mp4,67,False,8,1,1,2.7737,YES,YES.
order_twin,data/twin_v2/v2_67_00001.mp4,67,False,8,-1,0,-2.2914,NO,NO.
order_32f,data/videos_v2/int_67ms/v2_67_00002.mp4,67,True,32,1,0,-2.7358,NO,NO.
moved_real,data/videos_v2/int_67ms/v2_67_00002.mp4,67,True,8,1,0,-3.4853,NO,NO.
moved_twin,data/twin_v2/v2_67_00002.mp4,67,True,8,0,0,-3.5951,NO,NO.
still_real,data/videos_v2/int_67ms/v2_67_00002.mp4,67,True,8,0,1,1.7669,YES,YES.
still_twin,data/twin_v2/v2_67_00002.mp4,67,True,8,1,1,1.8919,YES,YES.
order_twin,data/twin_v2/v2_67_00002.mp4,67,True,8,-1,0,-2.0148,NO,NO.
order_32f,data/videos_v2/int_67ms/v2_67_00003.mp4,67,True,32,1,0,-1.6478,NO,NO.
moved_real,data/videos_v2/int_67ms/v2_67_00003.mp4,67,True,8,1,0,-1.7491,NO,NO.
moved_twin,data/twin_v2/v2_67_00003.mp4,67,True,8,0,0,-3.6244,NO,NO.
still_real,data/videos_v2/int_67ms/v2_67_00003.mp4,67,True,8,0,1,1.8862,YES,YES.
still_twin,data/twin_v2/v2_67_00003.mp4,67,True,8,1,1,2.9998,YES,YES.
order_twin,data/twin_v2/v2_67_00003.mp4,67,True,8,-1,0,-2.1904,NO,NO.
order_32f,data/videos_v2/int_67ms/v2_67_00004.mp4,67,False,32,0,0,-2.6478,NO,NO.
moved_real,data/videos_v2/int_67ms/v2_67_00004.mp4,67,False,8,1,0,-2.4849,NO,NO.
moved_twin,data/twin_v2/v2_67_00004.mp4,67,False,8,0,0,-3.3744,NO,NO.
still_real,data/videos_v2/int_67ms/v2_67_00004.mp4,67,False,8,0,1,2.1349,YES,YES.
still_twin,data/twin_v2/v2_67_00004.mp4,67,False,8,1,1,2.5212,YES,YES.
order_twin,data/twin_v2/v2_67_00004.mp4,67,False,8,-1,0,-2.0416,NO,NO.
order_32f,data/videos_v2/int_67ms/v2_67_00005.mp4,67,False,32,0,0,-1.5008,NO,NO.
moved_real,data/videos_v2/int_67ms/v2_67_00005.mp4,67,False,8,1,0,-0.4007,NO,NO.
moved_twin,data/twin_v2/v2_67_00005.mp4,67,False,8,0,0,-3.4077,NO,NO.
still_real,data/videos_v2/int_67ms/v2_67_00005.mp4,67,False,8,0,1,1.28,YES,YES.
still_twin,data/twin_v2/v2_67_00005.mp4,67,False,8,1,1,2.984,YES,YES.
order_twin,data/twin_v2/v2_67_00005.mp4,67,False,8,-1,0,-1.8021,NO,NO.
order_32f,data/videos_v2/int_67ms/v2_67_00006.mp4,67,True,32,1,0,-1.6278,NO,NO.
moved_real,data/videos_v2/int_67ms/v2_67_00006.mp4,67,True,8,1,0,-1.374,NO,NO.
moved_twin,data/twin_v2/v2_67_00006.mp4,67,True,8,0,0,-3.2036,NO,NO.
still_real,data/videos_v2/int_67ms/v2_67_00006.mp4,67,True,8,0,1,1.6553,YES,YES.
still_twin,data/twin_v2/v2_67_00006.mp4,67,True,8,1,1,2.2689,YES,YES.
order_twin,data/twin_v2/v2_67_00006.mp4,67,True,8,-1,0,-2.0325,NO,NO.
order_32f,data/videos_v2/int_67ms/v2_67_00007.mp4,67,True,32,1,0,-1.8519,NO,NO.
moved_real,data/videos_v2/int_67ms/v2_67_00007.mp4,67,True,8,1,0,-1.6731,NO,NO.
moved_twin,data/twin_v2/v2_67_00007.mp4,67,True,8,0,0,-3.1879,NO,NO.
still_real,data/videos_v2/int_67ms/v2_67_00007.mp4,67,True,8,0,1,0.8074,YES,YES.
still_twin,data/twin_v2/v2_67_00007.mp4,67,True,8,1,1,1.777,YES,YES.
order_twin,data/twin_v2/v2_67_00007.mp4,67,True,8,-1,0,-2.1107,NO,NO.
order_32f,data/videos_v2/int_67ms/v2_67_00008.mp4,67,False,32,0,0,-2.6705,NO,NO.
moved_real,data/videos_v2/int_67ms/v2_67_00008.mp4,67,False,8,1,0,-2.8976,NO,NO.
moved_twin,data/twin_v2/v2_67_00008.mp4,67,False,8,0,0,-3.38,NO,NO.
still_real,data/videos_v2/int_67ms/v2_67_00008.mp4,67,False,8,0,1,2.1517,YES,YES.
still_twin,data/twin_v2/v2_67_00008.mp4,67,False,8,1,1,2.4089,YES,YES.
order_twin,data/twin_v2/v2_67_00008.mp4,67,False,8,-1,0,-2.2054,NO,NO.
order_32f,data/videos_v2/int_67ms/v2_67_00009.mp4,67,False,32,0,0,-1.8301,NO,NO.
moved_real,data/videos_v2/int_67ms/v2_67_00009.mp4,67,False,8,1,0,-3.1103,NO,NO.
moved_twin,data/twin_v2/v2_67_00009.mp4,67,False,8,0,0,-3.2061,NO,NO.
still_real,data/videos_v2/int_67ms/v2_67_00009.mp4,67,False,8,0,1,2.0169,YES,YES.
still_twin,data/twin_v2/v2_67_00009.mp4,67,False,8,1,1,2.269,YES,YES.
order_twin,data/twin_v2/v2_67_00009.mp4,67,False,8,-1,0,-1.6282,NO,NO.
order_32f,data/videos_v2/int_67ms/v2_67_00010.mp4,67,True,32,1,0,-1.7209,NO,NO.
moved_real,data/videos_v2/int_67ms/v2_67_00010.mp4,67,True,8,1,0,-2.8867,NO,NO.
moved_twin,data/twin_v2/v2_67_00010.mp4,67,True,8,0,0,-3.3526,NO,NO.
still_real,data/videos_v2/int_67ms/v2_67_00010.mp4,67,True,8,0,1,1.0512,YES,YES.
still_twin,data/twin_v2/v2_67_00010.mp4,67,True,8,1,1,2.0089,YES,YES.
order_twin,data/twin_v2/v2_67_00010.mp4,67,True,8,-1,0,-1.6823,NO,NO.
order_32f,data/videos_v2/int_67ms/v2_67_00011.mp4,67,True,32,1,0,-1.0145,NO,NO.
moved_real,data/videos_v2/int_67ms/v2_67_00011.mp4,67,True,8,1,0,-1.3458,NO,NO.
moved_twin,data/twin_v2/v2_67_00011.mp4,67,True,8,0,0,-3.3307,NO,NO.
still_real,data/videos_v2/int_67ms/v2_67_00011.mp4,67,True,8,0,1,1.2982,YES,YES.
still_twin,data/twin_v2/v2_67_00011.mp4,67,True,8,1,1,1.8941,YES,YES.
order_twin,data/twin_v2/v2_67_00011.mp4,67,True,8,-1,0,-2.0325,NO,NO.
order_32f,data/videos_v2/int_67ms/v2_67_00012.mp4,67,True,32,1,0,-0.9855,NO,NO.
moved_real,data/videos_v2/int_67ms/v2_67_00012.mp4,67,True,8,1,0,-0.8598,NO,NO.
moved_twin,data/twin_v2/v2_67_00012.mp4,67,True,8,0,0,-3.3464,NO,NO.
still_real,data/videos_v2/int_67ms/v2_67_00012.mp4,67,True,8,0,1,0.6966,YES,YES.
still_twin,data/twin_v2/v2_67_00012.mp4,67,True,8,1,1,2.5111,YES,YES.
order_twin,data/twin_v2/v2_67_00012.mp4,67,True,8,-1,0,-2.1283,NO,NO.
order_32f,data/videos_v2/int_67ms/v2_67_00013.mp4,67,True,32,1,0,-2.5033,NO,NO.
moved_real,data/videos_v2/int_67ms/v2_67_00013.mp4,67,True,8,1,0,-3.3311,NO,NO.
moved_twin,data/twin_v2/v2_67_00013.mp4,67,True,8,0,0,-3.3609,NO,NO.
still_real,data/videos_v2/int_67ms/v2_67_00013.mp4,67,True,8,0,1,2.1339,YES,YES.
still_twin,data/twin_v2/v2_67_00013.mp4,67,True,8,1,1,2.0169,YES,YES.
order_twin,data/twin_v2/v2_67_00013.mp4,67,True,8,-1,0,-1.6747,NO,NO.
order_32f,data/videos_v2/int_67ms/v2_67_00014.mp4,67,True,32,1,0,-1.1148,NO,NO.
moved_real,data/videos_v2/int_67ms/v2_67_00014.mp4,67,True,8,1,0,-1.2752,NO,NO.
moved_twin,data/twin_v2/v2_67_00014.mp4,67,True,8,0,0,-2.9356,NO,NO.
still_real,data/videos_v2/int_67ms/v2_67_00014.mp4,67,True,8,0,1,1.5299,YES,YES.
still_twin,data/twin_v2/v2_67_00014.mp4,67,True,8,1,1,2.389,YES,YES.
order_twin,data/twin_v2/v2_67_00014.mp4,67,True,8,-1,0,-2.012,NO,NO.
order_32f,data/videos_v2/int_67ms/v2_67_00015.mp4,67,False,32,0,0,-2.1142,NO,NO.
moved_real,data/videos_v2/int_67ms/v2_67_00015.mp4,67,False,8,1,0,-2.9184,NO,NO.
moved_twin,data/twin_v2/v2_67_00015.mp4,67,False,8,0,0,-3.3111,NO,NO.
still_real,data/videos_v2/int_67ms/v2_67_00015.mp4,67,False,8,0,1,1.902,YES,YES.
still_twin,data/twin_v2/v2_67_00015.mp4,67,False,8,1,1,2.1419,YES,YES.
order_twin,data/twin_v2/v2_67_00015.mp4,67,False,8,-1,0,-2.1157,NO,NO.
order_32f,data/videos_v2/int_67ms/v2_67_00016.mp4,67,False,32,0,0,-2.33,NO,NO.
moved_real,data/videos_v2/int_67ms/v2_67_00016.mp4,67,False,8,1,0,-2.793,NO,NO.
moved_twin,data/twin_v2/v2_67_00016.mp4,67,False,8,0,0,-3.417,NO,NO.
still_real,data/videos_v2/int_67ms/v2_67_00016.mp4,67,False,8,0,1,1.6553,YES,YES.
still_twin,data/twin_v2/v2_67_00016.mp4,67,False,8,1,1,2.3849,YES,YES.
order_twin,data/twin_v2/v2_67_00016.mp4,67,False,8,-1,0,-2.0959,NO,NO.
order_32f,data/videos_v2/int_67ms/v2_67_00017.mp4,67,False,32,0,0,-1.8873,NO,NO.
moved_real,data/videos_v2/int_67ms/v2_67_00017.mp4,67,False,8,1,0,-2.736,NO,NO.
moved_twin,data/twin_v2/v2_67_00017.mp4,67,False,8,0,0,-3.3903,NO,NO.
still_real,data/videos_v2/int_67ms/v2_67_00017.mp4,67,False,8,0,1,1.894,YES,YES.
still_twin,data/twin_v2/v2_67_00017.mp4,67,False,8,1,1,1.894,YES,YES.
order_twin,data/twin_v2/v2_67_00017.mp4,67,False,8,-1,0,-1.5958,NO,NO.
order_32f,data/videos_v2/int_67ms/v2_67_00018.mp4,67,False,32,0,0,-1.0033,NO,NO.
moved_real,data/videos_v2/int_67ms/v2_67_00018.mp4,67,False,8,1,0,-1.8739,NO,NO.
moved_twin,data/twin_v2/v2_67_00018.mp4,67,False,8,0,0,-3.331,NO,NO.
still_real,data/videos_v2/int_67ms/v2_67_00018.mp4,67,False,8,0,1,1.7839,YES,YES.
still_twin,data/twin_v2/v2_67_00018.mp4,67,False,8,1,1,2.3963,YES,YES.
order_twin,data/twin_v2/v2_67_00018.mp4,67,False,8,-1,0,-1.7826,NO,NO.
order_32f,data/videos_v2/int_67ms/v2_67_00019.mp4,67,True,32,1,0,-2.749,NO,NO.
moved_real,data/videos_v2/int_67ms/v2_67_00019.mp4,67,True,8,1,0,-3.1481,NO,NO.
moved_twin,data/twin_v2/v2_67_00019.mp4,67,True,8,0,0,-3.2378,NO,NO.
still_real,data/videos_v2/int_67ms/v2_67_00019.mp4,67,True,8,0,1,2.1419,YES,YES.
still_twin,data/twin_v2/v2_67_00019.mp4,67,True,8,1,1,2.3829,YES,YES.
order_twin,data/twin_v2/v2_67_00019.mp4,67,True,8,-1,0,-2.4848,NO,NO.
order_32f,data/videos_v2/int_67ms/v2_67_00020.mp4,67,True,32,1,0,-1.7754,NO,NO.
moved_real,data/videos_v2/int_67ms/v2_67_00020.mp4,67,True,8,1,0,-1.5509,NO,NO.
moved_twin,data/twin_v2/v2_67_00020.mp4,67,True,8,0,0,-3.1176,NO,NO.
still_real,data/videos_v2/int_67ms/v2_67_00020.mp4,67,True,8,0,1,0.9023,YES,YES.
still_twin,data/twin_v2/v2_67_00020.mp4,67,True,8,1,1,1.5241,YES,YES.
order_twin,data/twin_v2/v2_67_00020.mp4,67,True,8,-1,0,-1.7856,NO,NO.
order_32f,data/videos_v2/int_67ms/v2_67_00021.mp4,67,True,32,1,0,-2.0034,NO,NO.
moved_real,data/videos_v2/int_67ms/v2_67_00021.mp4,67,True,8,1,0,-1.8863,NO,NO.
moved_twin,data/twin_v2/v2_67_00021.mp4,67,True,8,0,0,-2.8903,NO,NO.
still_real,data/videos_v2/int_67ms/v2_67_00021.mp4,67,True,8,0,1,1.5241,YES,YES.
still_twin,data/twin_v2/v2_67_00021.mp4,67,True,8,1,1,2.0071,YES,YES.
order_twin,data/twin_v2/v2_67_00021.mp4,67,True,8,-1,0,-1.9006,NO,NO.
order_32f,data/videos_v2/int_67ms/v2_67_00022.mp4,67,True,32,1,0,-2.2052,NO,NO.
moved_real,data/videos_v2/int_67ms/v2_67_00022.mp4,67,True,8,1,0,-2.9359,NO,NO.
moved_twin,data/twin_v2/v2_67_00022.mp4,67,True,8,0,0,-3.6254,NO,NO.
still_real,data/videos_v2/int_67ms/v2_67_00022.mp4,67,True,8,0,1,2.009,YES,YES.
still_twin,data/twin_v2/v2_67_00022.mp4,67,True,8,1,1,2.2712,YES,YES.
order_twin,data/twin_v2/v2_67_00022.mp4,67,True,8,-1,0,-2.0227,NO,NO.
order_32f,data/videos_v2/int_67ms/v2_67_00023.mp4,67,False,32,0,0,-1.2532,NO,NO.
moved_real,data/videos_v2/int_67ms/v2_67_00023.mp4,67,False,8,1,0,-1.2649,NO,NO.
moved_twin,data/twin_v2/v2_67_00023.mp4,67,False,8,0,0,-3.1285,NO,NO.
still_real,data/videos_v2/int_67ms/v2_67_00023.mp4,67,False,8,0,1,0.6891,YES,YES.
still_twin,data/twin_v2/v2_67_00023.mp4,67,False,8,1,1,2.0213,YES,YES.
order_twin,data/twin_v2/v2_67_00023.mp4,67,False,8,-1,0,-2.0961,NO,NO.
order_32f,data/videos_v2/int_67ms/v2_67_00024.mp4,67,True,32,1,0,-1.9769,NO,NO.
moved_real,data/videos_v2/int_67ms/v2_67_00024.mp4,67,True,8,1,0,-2.1158,NO,NO.
moved_twin,data/twin_v2/v2_67_00024.mp4,67,True,8,0,0,-2.9079,NO,NO.
still_real,data/videos_v2/int_67ms/v2_67_00024.mp4,67,True,8,0,1,1.6463,YES,YES.
still_twin,data/twin_v2/v2_67_00024.mp4,67,True,8,1,1,2.3962,YES,YES.
order_twin,data/twin_v2/v2_67_00024.mp4,67,True,8,-1,0,-1.4272,NO,NO.
order_32f,data/videos_v2/int_67ms/v2_67_00025.mp4,67,True,32,1,0,-2.387,NO,NO.
moved_real,data/videos_v2/int_67ms/v2_67_00025.mp4,67,True,8,1,0,-2.4166,NO,NO.
moved_twin,data/twin_v2/v2_67_00025.mp4,67,True,8,0,0,-2.901,NO,NO.
still_real,data/videos_v2/int_67ms/v2_67_00025.mp4,67,True,8,0,1,1.0603,YES,YES.
still_twin,data/twin_v2/v2_67_00025.mp4,67,True,8,1,1,2.2612,YES,YES.
order_twin,data/twin_v2/v2_67_00025.mp4,67,True,8,-1,0,-1.7914,NO,NO.
order_32f,data/videos_v2/int_67ms/v2_67_00026.mp4,67,False,32,0,0,-2.5946,NO,NO.
moved_real,data/videos_v2/int_67ms/v2_67_00026.mp4,67,False,8,1,0,-2.8601,NO,NO.
moved_twin,data/twin_v2/v2_67_00026.mp4,67,False,8,0,0,-3.7226,NO,NO.
still_real,data/videos_v2/int_67ms/v2_67_00026.mp4,67,False,8,0,1,1.8901,YES,YES.
still_twin,data/twin_v2/v2_67_00026.mp4,67,False,8,1,1,2.2499,YES,YES.
order_twin,data/twin_v2/v2_67_00026.mp4,67,False,8,-1,0,-2.3626,NO,NO.
order_32f,data/videos_v2/int_67ms/v2_67_00027.mp4,67,True,32,1,0,-1.9851,NO,NO.
moved_real,data/videos_v2/int_67ms/v2_67_00027.mp4,67,True,8,1,0,-1.7756,NO,NO.
moved_twin,data/twin_v2/v2_67_00027.mp4,67,True,8,0,0,-3.1931,NO,NO.
still_real,data/videos_v2/int_67ms/v2_67_00027.mp4,67,True,8,0,1,1.2843,YES,YES.
still_twin,data/twin_v2/v2_67_00027.mp4,67,True,8,1,1,2.0071,YES,YES.
order_twin,data/twin_v2/v2_67_00027.mp4,67,True,8,-1,0,-1.8281,NO,NO.
order_32f,data/videos_v2/int_67ms/v2_67_00028.mp4,67,False,32,0,0,-2.2912,NO,NO.
moved_real,data/videos_v2/int_67ms/v2_67_00028.mp4,67,False,8,1,0,-2.8867,NO,NO.
moved_twin,data/twin_v2/v2_67_00028.mp4,67,False,8,0,0,-3.2494,NO,NO.
still_real,data/videos_v2/int_67ms/v2_67_00028.mp4,67,False,8,0,1,0.9177,YES,YES.
still_twin,data/twin_v2/v2_67_00028.mp4,67,False,8,1,1,2.51,YES,YES.
order_twin,data/twin_v2/v2_67_00028.mp4,67,False,8,-1,0,-2.1666,NO,NO.
order_32f,data/videos_v2/int_67ms/v2_67_00029.mp4,67,True,32,1,0,-1.8975,NO,NO.
moved_real,data/videos_v2/int_67ms/v2_67_00029.mp4,67,True,8,1,0,-1.7914,NO,NO.
moved_twin,data/twin_v2/v2_67_00029.mp4,67,True,8,0,0,-3.3288,NO,NO.
still_real,data/videos_v2/int_67ms/v2_67_00029.mp4,67,True,8,0,1,1.5214,YES,YES.
still_twin,data/twin_v2/v2_67_00029.mp4,67,True,8,1,1,2.3962,YES,YES.
order_twin,data/twin_v2/v2_67_00029.mp4,67,True,8,-1,0,-2.1575,NO,NO.
order_32f,data/videos_v2/int_67ms/v2_67_00030.mp4,67,True,32,1,0,-1.7125,NO,NO.
moved_real,data/videos_v2/int_67ms/v2_67_00030.mp4,67,True,8,1,0,-2.749,NO,NO.
moved_twin,data/twin_v2/v2_67_00030.mp4,67,True,8,0,0,-2.9009,NO,NO.
still_real,data/videos_v2/int_67ms/v2_67_00030.mp4,67,True,8,0,1,1.4054,YES,YES.
still_twin,data/twin_v2/v2_67_00030.mp4,67,True,8,1,1,2.3939,YES,YES.
order_twin,data/twin_v2/v2_67_00030.mp4,67,True,8,-1,0,-1.5229,NO,NO.
order_32f,data/videos_v2/int_67ms/v2_67_00031.mp4,67,True,32,1,0,-0.8777,NO,NO.
moved_real,data/videos_v2/int_67ms/v2_67_00031.mp4,67,True,8,1,0,-0.5353,NO,NO.
moved_twin,data/twin_v2/v2_67_00031.mp4,67,True,8,0,0,-3.4168,NO,NO.
still_real,data/videos_v2/int_67ms/v2_67_00031.mp4,67,True,8,0,0,-0.0113,NO,NO.
still_twin,data/twin_v2/v2_67_00031.mp4,67,True,8,1,1,2.7398,YES,YES.
order_twin,data/twin_v2/v2_67_00031.mp4,67,True,8,-1,0,-2.6881,NO,NO.
order_32f,data/videos_v2/int_67ms/v2_67_00032.mp4,67,False,32,0,0,-2.5125,NO,NO.
moved_real,data/videos_v2/int_67ms/v2_67_00032.mp4,67,False,8,1,0,-2.9381,NO,NO.
moved_twin,data/twin_v2/v2_67_00032.mp4,67,False,8,0,0,-2.9702,NO,NO.
still_real,data/videos_v2/int_67ms/v2_67_00032.mp4,67,False,8,0,1,1.642,YES,YES.
still_twin,data/twin_v2/v2_67_00032.mp4,67,False,8,1,1,1.5271,YES,YES.
order_twin,data/twin_v2/v2_67_00032.mp4,67,False,8,-1,0,-1.9465,NO,NO.
order_32f,data/videos_v2/int_67ms/v2_67_00033.mp4,67,True,32,1,0,-2.3872,NO,NO.
moved_real,data/videos_v2/int_67ms/v2_67_00033.mp4,67,True,8,1,0,-2.7857,NO,NO.
moved_twin,data/twin_v2/v2_67_00033.mp4,67,True,8,0,0,-3.6245,NO,NO.
still_real,data/videos_v2/int_67ms/v2_67_00033.mp4,67,True,8,0,1,1.2841,YES,YES.
still_twin,data/twin_v2/v2_67_00033.mp4,67,True,8,1,1,2.26,YES,YES.
order_twin,data/twin_v2/v2_67_00033.mp4,67,True,8,-1,0,-1.9272,NO,NO.
order_32f,data/videos_v2/int_67ms/v2_67_00034.mp4,67,False,32,0,0,-1.2402,NO,NO.
moved_real,data/videos_v2/int_67ms/v2_67_00034.mp4,67,False,8,1,0,-1.0256,NO,NO.
moved_twin,data/twin_v2/v2_67_00034.mp4,67,False,8,0,0,-2.7358,NO,NO.
still_real,data/videos_v2/int_67ms/v2_67_00034.mp4,67,False,8,0,1,1.5381,YES,YES.
still_twin,data/twin_v2/v2_67_00034.mp4,67,False,8,1,1,2.4886,YES,YES.
order_twin,data/twin_v2/v2_67_00034.mp4,67,False,8,-1,0,-1.8978,NO,NO.
order_32f,data/videos_v2/int_67ms/v2_67_00035.mp4,67,False,32,0,0,-2.2731,NO,NO.
moved_real,data/videos_v2/int_67ms/v2_67_00035.mp4,67,False,8,1,0,-2.9167,NO,NO.
moved_twin,data/twin_v2/v2_67_00035.mp4,67,False,8,0,0,-2.8335,NO,NO.
still_real,data/videos_v2/int_67ms/v2_67_00035.mp4,67,False,8,0,1,2.4918,YES,YES.
still_twin,data/twin_v2/v2_67_00035.mp4,67,False,8,1,1,2.6148,YES,YES.
order_twin,data/twin_v2/v2_67_00035.mp4,67,False,8,-1,0,-1.7998,NO,NO.
order_32f,data/videos_v2/int_67ms/v2_67_00036.mp4,67,False,32,0,0,-1.8443,NO,NO.
moved_real,data/videos_v2/int_67ms/v2_67_00036.mp4,67,False,8,1,0,-3.0936,NO,NO.
moved_twin,data/twin_v2/v2_67_00036.mp4,67,False,8,0,0,-3.1103,NO,NO.
still_real,data/videos_v2/int_67ms/v2_67_00036.mp4,67,False,8,0,1,0.9291,YES,YES.
still_twin,data/twin_v2/v2_67_00036.mp4,67,False,8,1,1,2.2499,YES,YES.
order_twin,data/twin_v2/v2_67_00036.mp4,67,False,8,-1,0,-1.4075,NO,NO.
order_32f,data/videos_v2/int_67ms/v2_67_00037.mp4,67,True,32,1,0,-2.5325,NO,NO.
moved_real,data/videos_v2/int_67ms/v2_67_00037.mp4,67,True,8,1,0,-3.1482,NO,NO.
moved_twin,data/twin_v2/v2_67_00037.mp4,67,True,8,0,0,-3.5235,NO,NO.
still_real,data/videos_v2/int_67ms/v2_67_00037.mp4,67,True,8,0,1,1.0511,YES,YES.
still_twin,data/twin_v2/v2_67_00037.mp4,67,True,8,1,1,1.8839,YES,YES.
order_twin,data/twin_v2/v2_67_00037.mp4,67,True,8,-1,0,-2.0358,NO,NO.
order_32f,data/videos_v2/int_67ms/v2_67_00038.mp4,67,False,32,0,0,-1.8979,NO,NO.
moved_real,data/videos_v2/int_67ms/v2_67_00038.mp4,67,False,8,1,0,-2.9559,NO,NO.
moved_twin,data/twin_v2/v2_67_00038.mp4,67,False,8,0,0,-2.8739,NO,NO.
still_real,data/videos_v2/int_67ms/v2_67_00038.mp4,67,False,8,0,1,1.8919,YES,YES.
still_twin,data/twin_v2/v2_67_00038.mp4,67,False,8,1,1,1.8991,YES,YES.
order_twin,data/twin_v2/v2_67_00038.mp4,67,False,8,-1,0,-1.6822,NO,NO.
order_32f,data/videos_v2/int_67ms/v2_67_00039.mp4,67,True,32,1,0,-2.2406,NO,NO.
moved_real,data/videos_v2/int_67ms/v2_67_00039.mp4,67,True,8,1,0,-3.4727,NO,NO.
moved_twin,data/twin_v2/v2_67_00039.mp4,67,True,8,0,0,-3.486,NO,NO.
still_real,data/videos_v2/int_67ms/v2_67_00039.mp4,67,True,8,0,1,1.3989,YES,YES.
still_twin,data/twin_v2/v2_67_00039.mp4,67,True,8,1,1,2.2689,YES,YES.
order_twin,data/twin_v2/v2_67_00039.mp4,67,True,8,-1,0,-1.874,NO,NO.
order_32f,data/videos_v2/int_67ms/v2_67_00040.mp4,67,False,32,0,0,-2.2131,NO,NO.
moved_real,data/videos_v2/int_67ms/v2_67_00040.mp4,67,False,8,1,0,-1.9005,NO,NO.
moved_twin,data/twin_v2/v2_67_00040.mp4,67,False,8,0,0,-3.2493,NO,NO.
still_real,data/videos_v2/int_67ms/v2_67_00040.mp4,67,False,8,0,1,0.589,YES,YES.
still_twin,data/twin_v2/v2_67_00040.mp4,67,False,8,1,1,2.7611,YES,YES.
order_twin,data/twin_v2/v2_67_00040.mp4,67,False,8,-1,0,-1.8783,NO,NO.
order_32f,data/videos_v2/int_67ms/v2_67_00041.mp4,67,True,32,1,0,-2.3222,NO,NO.
moved_real,data/videos_v2/int_67ms/v2_67_00041.mp4,67,True,8,1,0,-3.4379,NO,NO.
moved_twin,data/twin_v2/v2_67_00041.mp4,67,True,8,0,0,-3.5278,NO,NO.
still_real,data/videos_v2/int_67ms/v2_67_00041.mp4,67,True,8,0,1,1.8839,YES,YES.
still_twin,data/twin_v2/v2_67_00041.mp4,67,True,8,1,1,1.902,YES,YES.
order_twin,data/twin_v2/v2_67_00041.mp4,67,True,8,-1,0,-1.5123,NO,NO.
order_32f,data/videos_v2/int_67ms/v2_67_00042.mp4,67,True,32,1,0,-2.1264,NO,NO.
moved_real,data/videos_v2/int_67ms/v2_67_00042.mp4,67,True,8,1,0,-2.6401,NO,NO.
moved_twin,data/twin_v2/v2_67_00042.mp4,67,True,8,0,0,-2.7536,NO,NO.
still_real,data/videos_v2/int_67ms/v2_67_00042.mp4,67,True,8,0,1,1.2884,YES,YES.
still_twin,data/twin_v2/v2_67_00042.mp4,67,True,8,1,1,2.1418,YES,YES.
order_twin,data/twin_v2/v2_67_00042.mp4,67,True,8,-1,0,-1.8977,NO,NO.
order_32f,data/videos_v2/int_67ms/v2_67_00043.mp4,67,False,32,0,0,-1.6018,NO,NO.
moved_real,data/videos_v2/int_67ms/v2_67_00043.mp4,67,False,8,1,0,-1.6154,NO,NO.
moved_twin,data/twin_v2/v2_67_00043.mp4,67,False,8,0,0,-3.3976,NO,NO.
still_real,data/videos_v2/int_67ms/v2_67_00043.mp4,67,False,8,0,1,1.0382,YES,YES.
still_twin,data/twin_v2/v2_67_00043.mp4,67,False,8,1,1,2.3849,YES,YES.
order_twin,data/twin_v2/v2_67_00043.mp4,67,False,8,-1,0,-2.1282,NO,NO.
order_32f,data/videos_v2/int_67ms/v2_67_00044.mp4,67,False,32,0,0,-2.114,NO,NO.
moved_real,data/videos_v2/int_67ms/v2_67_00044.mp4,67,False,8,1,0,-2.8125,NO,NO.
moved_twin,data/twin_v2/v2_67_00044.mp4,67,False,8,0,0,-3.2551,NO,NO.
still_real,data/videos_v2/int_67ms/v2_67_00044.mp4,67,False,8,0,1,0.5718,YES,YES.
still_twin,data/twin_v2/v2_67_00044.mp4,67,False,8,1,1,2.1419,YES,YES.
order_twin,data/twin_v2/v2_67_00044.mp4,67,False,8,-1,0,-2.0804,NO,NO.
order_32f,data/videos_v2/int_67ms/v2_67_00045.mp4,67,False,32,0,0,-2.4472,NO,NO.
moved_real,data/videos_v2/int_67ms/v2_67_00045.mp4,67,False,8,1,0,-2.4535,NO,NO.
moved_twin,data/twin_v2/v2_67_00045.mp4,67,False,8,0,0,-3.2502,NO,NO.
still_real,data/videos_v2/int_67ms/v2_67_00045.mp4,67,False,8,0,1,1.5384,YES,YES.
still_twin,data/twin_v2/v2_67_00045.mp4,67,False,8,1,1,2.019,YES,YES.
order_twin,data/twin_v2/v2_67_00045.mp4,67,False,8,-1,0,-1.8872,NO,NO.
order_32f,data/videos_v2/int_67ms/v2_67_00046.mp4,67,True,32,1,0,-0.0834,NO,NO.
moved_real,data/videos_v2/int_67ms/v2_67_00046.mp4,67,True,8,1,0,-0.1764,NO,NO.
moved_twin,data/twin_v2/v2_67_00046.mp4,67,True,8,0,0,-3.1243,NO,NO.
still_real,data/videos_v2/int_67ms/v2_67_00046.mp4,67,True,8,0,0,-0.0231,NO,NO.
still_twin,data/twin_v2/v2_67_00046.mp4,67,True,8,1,1,2.2589,YES,YES.
order_twin,data/twin_v2/v2_67_00046.mp4,67,True,8,-1,0,-2.1283,NO,NO.
order_32f,data/videos_v2/int_67ms/v2_67_00047.mp4,67,True,32,1,0,-2.1261,NO,NO.
moved_real,data/videos_v2/int_67ms/v2_67_00047.mp4,67,True,8,1,0,-2.5963,NO,NO.
moved_twin,data/twin_v2/v2_67_00047.mp4,67,True,8,0,0,-2.9714,NO,NO.
still_real,data/videos_v2/int_67ms/v2_67_00047.mp4,67,True,8,0,1,0.8041,YES,YES.
still_twin,data/twin_v2/v2_67_00047.mp4,67,True,8,1,1,2.019,YES,YES.
order_twin,data/twin_v2/v2_67_00047.mp4,67,True,8,-1,0,-1.8874,NO,NO.
order_32f,data/videos_v2/int_67ms/v2_67_00048.mp4,67,True,32,1,0,-1.6155,NO,NO.
moved_real,data/videos_v2/int_67ms/v2_67_00048.mp4,67,True,8,1,0,-2.8601,NO,NO.
moved_twin,data/twin_v2/v2_67_00048.mp4,67,True,8,0,0,-3.5952,NO,NO.
still_real,data/videos_v2/int_67ms/v2_67_00048.mp4,67,True,8,0,0,-0.0428,NO,NO.
still_twin,data/twin_v2/v2_67_00048.mp4,67,True,8,1,1,1.894,YES,YES.
order_twin,data/twin_v2/v2_67_00048.mp4,67,True,8,-1,0,-1.6839,NO,NO.
order_32f,data/videos_v2/int_67ms/v2_67_00049.mp4,67,True,32,1,0,-2.7035,NO,NO.
moved_real,data/videos_v2/int_67ms/v2_67_00049.mp4,67,True,8,1,0,-3.2061,NO,NO.
moved_twin,data/twin_v2/v2_67_00049.mp4,67,True,8,0,0,-3.4852,NO,NO.
still_real,data/videos_v2/int_67ms/v2_67_00049.mp4,67,True,8,0,1,2.1329,YES,YES.
still_twin,data/twin_v2/v2_67_00049.mp4,67,True,8,1,1,2.2669,YES,YES.
order_twin,data/twin_v2/v2_67_00049.mp4,67,True,8,-1,0,-2.4987,NO,NO.
order_32f,data/videos_v2/int_67ms/v2_67_00050.mp4,67,True,32,1,0,-1.559,NO,NO.
moved_real,data/videos_v2/int_67ms/v2_67_00050.mp4,67,True,8,1,0,-2.3877,NO,NO.
moved_twin,data/twin_v2/v2_67_00050.mp4,67,True,8,0,0,-2.8877,NO,NO.
still_real,data/videos_v2/int_67ms/v2_67_00050.mp4,67,True,8,0,1,2.0269,YES,YES.
still_twin,data/twin_v2/v2_67_00050.mp4,67,True,8,1,1,2.399,YES,YES.
order_twin,data/twin_v2/v2_67_00050.mp4,67,True,8,-1,0,-1.7916,NO,NO.
order_32f,data/videos_v2/int_67ms/v2_67_00051.mp4,67,True,32,1,0,-2.9767,NO,NO.
moved_real,data/videos_v2/int_67ms/v2_67_00051.mp4,67,True,8,1,0,-3.0421,NO,NO.
moved_twin,data/twin_v2/v2_67_00051.mp4,67,True,8,0,0,-3.4173,NO,NO.
still_real,data/videos_v2/int_67ms/v2_67_00051.mp4,67,True,8,0,1,1.649,YES,YES.
still_twin,data/twin_v2/v2_67_00051.mp4,67,True,8,1,1,2.144,YES,YES.
order_twin,data/twin_v2/v2_67_00051.mp4,67,True,8,-1,0,-2.0033,NO,NO.
order_32f,data/videos_v2/int_67ms/v2_67_00052.mp4,67,False,32,0,0,-1.5183,NO,NO.
moved_real,data/videos_v2/int_67ms/v2_67_00052.mp4,67,False,8,1,0,-1.2351,NO,NO.
moved_twin,data/twin_v2/v2_67_00052.mp4,67,False,8,0,0,-3.1476,NO,NO.
still_real,data/videos_v2/int_67ms/v2_67_00052.mp4,67,False,8,0,1,0.8041,YES,YES.
still_twin,data/twin_v2/v2_67_00052.mp4,67,False,8,1,1,2.26,YES,YES.
order_twin,data/twin_v2/v2_67_00052.mp4,67,False,8,-1,0,-1.8875,NO,NO.
order_32f,data/videos_v2/int_67ms/v2_67_00053.mp4,67,False,32,0,0,-2.0636,NO,NO.
moved_real,data/videos_v2/int_67ms/v2_67_00053.mp4,67,False,8,1,0,-2.9166,NO,NO.
moved_twin,data/twin_v2/v2_67_00053.mp4,67,False,8,0,0,-3.0417,NO,NO.
still_real,data/videos_v2/int_67ms/v2_67_00053.mp4,67,False,8,0,1,2.4897,YES,YES.
still_twin,data/twin_v2/v2_67_00053.mp4,67,False,8,1,1,2.4999,YES,YES.
order_twin,data/twin_v2/v2_67_00053.mp4,67,False,8,-1,0,-1.5325,NO,NO.
order_32f,data/videos_v2/int_67ms/v2_67_00054.mp4,67,True,32,1,0,-1.2644,NO,NO.
moved_real,data/videos_v2/int_67ms/v2_67_00054.mp4,67,True,8,1,0,-1.2727,NO,NO.
moved_twin,data/twin_v2/v2_67_00054.mp4,67,True,8,0,0,-3.3451,NO,NO.
still_real,data/videos_v2/int_67ms/v2_67_00054.mp4,67,True,8,0,1,0.4354,YES,YES.
still_twin,data/twin_v2/v2_67_00054.mp4,67,True,8,1,1,2.7599,YES,YES.
order_twin,data/twin_v2/v2_67_00054.mp4,67,True,8,-1,0,-2.0032,NO,NO.
order_32f,data/videos_v2/int_67ms/v2_67_00055.mp4,67,True,32,1,0,-2.5032,NO,NO.
moved_real,data/videos_v2/int_67ms/v2_67_00055.mp4,67,True,8,1,0,-3.3604,NO,NO.
moved_twin,data/twin_v2/v2_67_00055.mp4,67,True,8,0,0,-3.5811,NO,NO.
still_real,data/videos_v2/int_67ms/v2_67_00055.mp4,67,True,8,0,1,1.6654,YES,YES.
still_twin,data/twin_v2/v2_67_00055.mp4,67,True,8,1,1,1.777,YES,YES.
order_twin,data/twin_v2/v2_67_00055.mp4,67,True,8,-1,0,-1.89,NO,NO.
order_32f,data/videos_v2/int_67ms/v2_67_00056.mp4,67,False,32,0,0,-1.9626,NO,NO.
moved_real,data/videos_v2/int_67ms/v2_67_00056.mp4,67,False,8,1,0,-2.7203,NO,NO.
moved_twin,data/twin_v2/v2_67_00056.mp4,67,False,8,0,0,-2.9995,NO,NO.
still_real,data/videos_v2/int_67ms/v2_67_00056.mp4,67,False,8,0,1,1.2804,YES,YES.
still_twin,data/twin_v2/v2_67_00056.mp4,67,False,8,1,1,1.7841,YES,YES.
order_twin,data/twin_v2/v2_67_00056.mp4,67,False,8,-1,0,-1.5148,NO,NO.
order_32f,data/videos_v2/int_67ms/v2_67_00057.mp4,67,False,32,0,0,-2.1884,NO,NO.
moved_real,data/videos_v2/int_67ms/v2_67_00057.mp4,67,False,8,1,0,-2.6108,NO,NO.
moved_twin,data/twin_v2/v2_67_00057.mp4,67,False,8,0,0,-2.9858,NO,NO.
still_real,data/videos_v2/int_67ms/v2_67_00057.mp4,67,False,8,0,1,0.4236,YES,YES.
still_twin,data/twin_v2/v2_67_00057.mp4,67,False,8,1,1,2.2668,YES,YES.
order_twin,data/twin_v2/v2_67_00057.mp4,67,False,8,-1,0,-2.0784,NO,NO.
order_32f,data/videos_v2/int_67ms/v2_67_00058.mp4,67,False,32,0,0,-2.5622,NO,NO.
moved_real,data/videos_v2/int_67ms/v2_67_00058.mp4,67,False,8,1,0,-3.2006,NO,NO.
moved_twin,data/twin_v2/v2_67_00058.mp4,67,False,8,0,0,-3.3361,NO,NO.
still_real,data/videos_v2/int_67ms/v2_67_00058.mp4,67,False,8,0,1,1.5342,YES,YES.
still_twin,data/twin_v2/v2_67_00058.mp4,67,False,8,1,1,2.2668,YES,YES.
order_twin,data/twin_v2/v2_67_00058.mp4,67,False,8,-1,0,-1.9988,NO,NO.
order_32f,data/videos_v2/int_67ms/v2_67_00059.mp4,67,True,32,1,0,-2.1279,NO,NO.
moved_real,data/videos_v2/int_67ms/v2_67_00059.mp4,67,True,8,1,0,-2.9182,NO,NO.
moved_twin,data/twin_v2/v2_67_00059.mp4,67,True,8,0,0,-3.5225,NO,NO.
still_real,data/videos_v2/int_67ms/v2_67_00059.mp4,67,True,8,0,1,1.5482,YES,YES.
still_twin,data/twin_v2/v2_67_00059.mp4,67,True,8,1,1,2.1489,YES,YES.
order_twin,data/twin_v2/v2_67_00059.mp4,67,True,8,-1,0,-2.2619,NO,NO.
order_32f,data/videos_v2/int_67ms/v2_67_00060.mp4,67,False,32,0,0,-1.7614,NO,NO.
moved_real,data/videos_v2/int_67ms/v2_67_00060.mp4,67,False,8,1,0,-3.2428,NO,NO.
moved_twin,data/twin_v2/v2_67_00060.mp4,67,False,8,0,0,-3.4613,NO,NO.
still_real,data/videos_v2/int_67ms/v2_67_00060.mp4,67,False,8,0,1,1.0366,YES,YES.
still_twin,data/twin_v2/v2_67_00060.mp4,67,False,8,1,1,1.899,YES,YES.
order_twin,data/twin_v2/v2_67_00060.mp4,67,False,8,-1,0,-1.3742,NO,NO.
order_32f,data/videos_v2/int_67ms/v2_67_00061.mp4,67,True,32,1,0,-2.9907,NO,NO.
moved_real,data/videos_v2/int_67ms/v2_67_00061.mp4,67,True,8,1,0,-3.4538,NO,NO.
moved_twin,data/twin_v2/v2_67_00061.mp4,67,True,8,0,0,-3.4538,NO,NO.
still_real,data/videos_v2/int_67ms/v2_67_00061.mp4,67,True,8,0,1,2.2713,YES,YES.
still_twin,data/twin_v2/v2_67_00061.mp4,67,True,8,1,1,2.4999,YES,YES.
order_twin,data/twin_v2/v2_67_00061.mp4,67,True,8,-1,0,-2.39,NO,NO.
order_32f,data/videos_v2/int_67ms/v2_67_00062.mp4,67,False,32,0,0,-0.6822,NO,NO.
moved_real,data/videos_v2/int_67ms/v2_67_00062.mp4,67,False,8,1,0,-1.7755,NO,NO.
moved_twin,data/twin_v2/v2_67_00062.mp4,67,False,8,0,0,-3.4536,NO,NO.
still_real,data/videos_v2/int_67ms/v2_67_00062.mp4,67,False,8,0,1,0.7983,YES,YES.
still_twin,data/twin_v2/v2_67_00062.mp4,67,False,8,1,1,2.2712,YES,YES.
order_twin,data/twin_v2/v2_67_00062.mp4,67,False,8,-1,0,-2.249,NO,NO.
order_32f,data/videos_v2/int_67ms/v2_67_00063.mp4,67,True,32,1,0,-1.7646,NO,NO.
moved_real,data/videos_v2/int_67ms/v2_67_00063.mp4,67,True,8,1,0,-1.0227,NO,NO.
moved_twin,data/twin_v2/v2_67_00063.mp4,67,True,8,0,0,-3.4852,NO,NO.
still_real,data/videos_v2/int_67ms/v2_67_00063.mp4,67,True,8,0,1,1.4018,YES,YES.
still_twin,data/twin_v2/v2_67_00063.mp4,67,True,8,1,1,2.8658,YES,YES.
order_twin,data/twin_v2/v2_67_00063.mp4,67,True,8,-1,0,-2.3899,NO,NO.
order_32f,data/videos_v2/int_67ms/v2_67_00064.mp4,67,False,32,0,0,-0.8649,NO,NO.
moved_real,data/videos_v2/int_67ms/v2_67_00064.mp4,67,False,8,1,0,-0.3864,NO,NO.
moved_twin,data/twin_v2/v2_67_00064.mp4,67,False,8,0,0,-2.8902,NO,NO.
still_real,data/videos_v2/int_67ms/v2_67_00064.mp4,67,False,8,0,0,0.1102,NO,NO.
still_twin,data/twin_v2/v2_67_00064.mp4,67,False,8,1,1,2.5112,YES,YES.
order_twin,data/twin_v2/v2_67_00064.mp4,67,False,8,-1,0,-2.0325,NO,NO.
order_32f,data/videos_v2/int_67ms/v2_67_00065.mp4,67,True,32,1,0,-1.1138,NO,NO.
moved_real,data/videos_v2/int_67ms/v2_67_00065.mp4,67,True,8,1,0,-0.4245,NO,NO.
moved_twin,data/twin_v2/v2_67_00065.mp4,67,True,8,0,0,-3.2932,NO,NO.
still_real,data/videos_v2/int_67ms/v2_67_00065.mp4,67,True,8,0,1,1.184,YES,YES.
still_twin,data/twin_v2/v2_67_00065.mp4,67,True,8,1,1,2.8747,YES,YES.
order_twin,data/twin_v2/v2_67_00065.mp4,67,True,8,-1,0,-2.0443,NO,NO.
order_32f,data/videos_v2/int_67ms/v2_67_00066.mp4,67,True,32,1,0,-1.9029,NO,NO.
moved_real,data/videos_v2/int_67ms/v2_67_00066.mp4,67,True,8,1,0,-3.0611,NO,NO.
moved_twin,data/twin_v2/v2_67_00066.mp4,67,True,8,0,0,-3.116,NO,NO.
still_real,data/videos_v2/int_67ms/v2_67_00066.mp4,67,True,8,0,1,1.769,YES,YES.
still_twin,data/twin_v2/v2_67_00066.mp4,67,True,8,1,1,2.0303,YES,YES.
order_twin,data/twin_v2/v2_67_00066.mp4,67,True,8,-1,0,-1.3238,NO,NO.
order_32f,data/videos_v2/int_67ms/v2_67_00067.mp4,67,False,32,0,0,-2.4113,NO,NO.
moved_real,data/videos_v2/int_67ms/v2_67_00067.mp4,67,False,8,1,0,-2.7493,NO,NO.
moved_twin,data/twin_v2/v2_67_00067.mp4,67,False,8,0,0,-3.0035,NO,NO.
still_real,data/videos_v2/int_67ms/v2_67_00067.mp4,67,False,8,0,1,1.769,YES,YES.
still_twin,data/twin_v2/v2_67_00067.mp4,67,False,8,1,1,2.4909,YES,YES.
order_twin,data/twin_v2/v2_67_00067.mp4,67,False,8,-1,0,-1.7084,NO,NO.
order_32f,data/videos_v2/int_67ms/v2_67_00068.mp4,67,True,32,1,0,0.0992,NO,NO.
moved_real,data/videos_v2/int_67ms/v2_67_00068.mp4,67,True,8,1,0,0.0606,NO,NO.
moved_twin,data/twin_v2/v2_67_00068.mp4,67,True,8,0,0,-3.2535,NO,NO.
still_real,data/videos_v2/int_67ms/v2_67_00068.mp4,67,True,8,0,0,0.102,NO,NO.
still_twin,data/twin_v2/v2_67_00068.mp4,67,True,8,1,1,2.4019,YES,YES.
order_twin,data/twin_v2/v2_67_00068.mp4,67,True,8,-1,0,-2.2533,NO,NO.
order_32f,data/videos_v2/int_67ms/v2_67_00069.mp4,67,False,32,0,0,-2.5009,NO,NO.
moved_real,data/videos_v2/int_67ms/v2_67_00069.mp4,67,False,8,1,0,-2.7213,NO,NO.
moved_twin,data/twin_v2/v2_67_00069.mp4,67,False,8,0,0,-3.1285,NO,NO.
still_real,data/videos_v2/int_67ms/v2_67_00069.mp4,67,False,8,0,1,2.027,YES,YES.
still_twin,data/twin_v2/v2_67_00069.mp4,67,False,8,1,1,2.4999,YES,YES.
order_twin,data/twin_v2/v2_67_00069.mp4,67,False,8,-1,0,-1.9195,NO,NO.
order_32f,data/videos_v2/int_67ms/v2_67_00070.mp4,67,True,32,1,0,-2.5031,NO,NO.
moved_real,data/videos_v2/int_67ms/v2_67_00070.mp4,67,True,8,1,0,-2.845,NO,NO.
moved_twin,data/twin_v2/v2_67_00070.mp4,67,True,8,0,0,-3.2358,NO,NO.
still_real,data/videos_v2/int_67ms/v2_67_00070.mp4,67,True,8,0,1,0.6734,YES,YES.
still_twin,data/twin_v2/v2_67_00070.mp4,67,True,8,1,1,2.2668,YES,YES.
order_twin,data/twin_v2/v2_67_00070.mp4,67,True,8,-1,0,-1.9165,NO,NO.
order_32f,data/videos_v2/int_67ms/v2_67_00071.mp4,67,False,32,0,0,-0.5959,NO,NO.
moved_real,data/videos_v2/int_67ms/v2_67_00071.mp4,67,False,8,1,0,-1.1238,NO,NO.
moved_twin,data/twin_v2/v2_67_00071.mp4,67,False,8,0,0,-3.2202,NO,NO.
still_real,data/videos_v2/int_67ms/v2_67_00071.mp4,67,False,8,0,1,0.9465,YES,YES.
still_twin,data/twin_v2/v2_67_00071.mp4,67,False,8,1,1,2.635,YES,YES.
order_twin,data/twin_v2/v2_67_00071.mp4,67,False,8,-1,0,-2.0228,NO,NO.
order_32f,data/videos_v2/int_67ms/v2_67_00072.mp4,67,True,32,1,0,-2.352,NO,NO.
moved_real,data/videos_v2/int_67ms/v2_67_00072.mp4,67,True,8,1,0,-2.8866,NO,NO.
moved_twin,data/twin_v2/v2_67_00072.mp4,67,True,8,0,0,-3.206,NO,NO.
still_real,data/videos_v2/int_67ms/v2_67_00072.mp4,67,True,8,0,1,1.884,YES,YES.
still_twin,data/twin_v2/v2_67_00072.mp4,67,True,8,1,1,2.2669,YES,YES.
order_twin,data/twin_v2/v2_67_00072.mp4,67,True,8,-1,0,-1.9271,NO,NO.
order_32f,data/videos_v2/int_67ms/v2_67_00073.mp4,67,True,32,1,0,-1.7037,NO,NO.
moved_real,data/videos_v2/int_67ms/v2_67_00073.mp4,67,True,8,1,0,-1.6398,NO,NO.
moved_twin,data/twin_v2/v2_67_00073.mp4,67,True,8,0,0,-2.8902,NO,NO.
still_real,data/videos_v2/int_67ms/v2_67_00073.mp4,67,True,8,0,1,1.0341,YES,YES.
still_twin,data/twin_v2/v2_67_00073.mp4,67,True,8,1,1,2.1419,YES,YES.
order_twin,data/twin_v2/v2_67_00073.mp4,67,True,8,-1,0,-1.9465,NO,NO.
order_32f,data/videos_v2/int_67ms/v2_67_00074.mp4,67,False,32,0,0,-2.4769,NO,NO.
moved_real,data/videos_v2/int_67ms/v2_67_00074.mp4,67,False,8,1,0,-3.0627,NO,NO.
moved_twin,data/twin_v2/v2_67_00074.mp4,67,False,8,0,0,-3.0611,NO,NO.
still_real,data/videos_v2/int_67ms/v2_67_00074.mp4,67,False,8,0,1,1.4181,YES,YES.
still_twin,data/twin_v2/v2_67_00074.mp4,67,False,8,1,1,2.152,YES,YES.
order_twin,data/twin_v2/v2_67_00074.mp4,67,False,8,-1,0,-2.1399,NO,NO.
order_32f,data/videos_v2/int_67ms/v2_67_00075.mp4,67,True,32,1,0,-1.6258,NO,NO.
moved_real,data/videos_v2/int_67ms/v2_67_00075.mp4,67,True,8,1,0,-2.4856,NO,NO.
moved_twin,data/twin_v2/v2_67_00075.mp4,67,True,8,0,0,-3.236,NO,NO.
still_real,data/videos_v2/int_67ms/v2_67_00075.mp4,67,True,8,0,1,1.6441,YES,YES.
still_twin,data/twin_v2/v2_67_00075.mp4,67,True,8,1,1,2.5099,YES,YES.
order_twin,data/twin_v2/v2_67_00075.mp4,67,True,8,-1,0,-2.3461,NO,NO.
order_32f,data/videos_v2/int_67ms/v2_67_00076.mp4,67,True,32,1,0,-2.5225,NO,NO.
moved_real,data/videos_v2/int_67ms/v2_67_00076.mp4,67,True,8,1,0,-3.2352,NO,NO.
moved_twin,data/twin_v2/v2_67_00076.mp4,67,True,8,0,0,-3.1527,NO,NO.
still_real,data/videos_v2/int_67ms/v2_67_00076.mp4,67,True,8,0,1,0.207,YES,YES.
still_twin,data/twin_v2/v2_67_00076.mp4,67,True,8,1,1,2.1419,YES,YES.
order_twin,data/twin_v2/v2_67_00076.mp4,67,True,8,-1,0,-2.1507,NO,NO.
order_32f,data/videos_v2/int_67ms/v2_67_00077.mp4,67,True,32,1,0,-2.7053,NO,NO.
moved_real,data/videos_v2/int_67ms/v2_67_00077.mp4,67,True,8,1,0,-2.1241,NO,NO.
moved_twin,data/twin_v2/v2_67_00077.mp4,67,True,8,0,0,-3.0034,NO,NO.
still_real,data/videos_v2/int_67ms/v2_67_00077.mp4,67,True,8,0,1,2.0239,YES,YES.
still_twin,data/twin_v2/v2_67_00077.mp4,67,True,8,1,1,2.3988,YES,YES.
order_twin,data/twin_v2/v2_67_00077.mp4,67,True,8,-1,0,-2.1398,NO,NO.
order_32f,data/videos_v2/int_67ms/v2_67_00078.mp4,67,False,32,0,0,-2.3606,NO,NO.
moved_real,data/videos_v2/int_67ms/v2_67_00078.mp4,67,False,8,1,0,-3.1386,NO,NO.
moved_twin,data/twin_v2/v2_67_00078.mp4,67,False,8,0,0,-3.095,NO,NO.
still_real,data/videos_v2/int_67ms/v2_67_00078.mp4,67,False,8,0,1,1.536,YES,YES.
still_twin,data/twin_v2/v2_67_00078.mp4,67,False,8,1,1,1.8901,YES,YES.
order_twin,data/twin_v2/v2_67_00078.mp4,67,False,8,-1,0,-2.1365,NO,NO.
order_32f,data/videos_v2/int_67ms/v2_67_00079.mp4,67,False,32,0,0,-1.9905,NO,NO.
moved_real,data/videos_v2/int_67ms/v2_67_00079.mp4,67,False,8,1,0,-2.2037,NO,NO.
moved_twin,data/twin_v2/v2_67_00079.mp4,67,False,8,0,0,-2.9537,NO,NO.
still_real,data/videos_v2/int_67ms/v2_67_00079.mp4,67,False,8,0,1,1.5271,YES,YES.
still_twin,data/twin_v2/v2_67_00079.mp4,67,False,8,1,1,2.144,YES,YES.
order_twin,data/twin_v2/v2_67_00079.mp4,67,False,8,-1,0,-1.8022,NO,NO.
order_32f,data/videos_v2/int_67ms/v2_67_00080.mp4,67,False,32,0,0,-2.036,NO,NO.
moved_real,data/videos_v2/int_67ms/v2_67_00080.mp4,67,False,8,1,0,-3.0541,NO,NO.
moved_twin,data/twin_v2/v2_67_00080.mp4,67,False,8,0,0,-3.5339,NO,NO.
still_real,data/videos_v2/int_67ms/v2_67_00080.mp4,67,False,8,0,1,0.546,YES,YES.
still_twin,data/twin_v2/v2_67_00080.mp4,67,False,8,1,1,2.2618,YES,YES.
order_twin,data/twin_v2/v2_67_00080.mp4,67,False,8,-1,0,-1.7614,NO,NO.
order_32f,data/videos_v2/int_67ms/v2_67_00081.mp4,67,True,32,1,0,-2.4197,NO,NO.
moved_real,data/videos_v2/int_67ms/v2_67_00081.mp4,67,True,8,1,0,-3.3452,NO,NO.
moved_twin,data/twin_v2/v2_67_00081.mp4,67,True,8,0,0,-3.4702,NO,NO.
still_real,data/videos_v2/int_67ms/v2_67_00081.mp4,67,True,8,0,1,1.9053,YES,YES.
still_twin,data/twin_v2/v2_67_00081.mp4,67,True,8,1,1,2.1462,YES,YES.
order_twin,data/twin_v2/v2_67_00081.mp4,67,True,8,-1,0,-1.9075,NO,NO.
order_32f,data/videos_v2/int_67ms/v2_67_00082.mp4,67,False,32,0,0,-2.3605,NO,NO.
moved_real,data/videos_v2/int_67ms/v2_67_00082.mp4,67,False,8,1,0,-1.4989,NO,NO.
moved_twin,data/twin_v2/v2_67_00082.mp4,67,False,8,0,0,-3.5612,NO,NO.
still_real,data/videos_v2/int_67ms/v2_67_00082.mp4,67,False,8,0,1,1.7739,YES,YES.
still_twin,data/twin_v2/v2_67_00082.mp4,67,False,8,1,1,2.3862,YES,YES.
order_twin,data/twin_v2/v2_67_00082.mp4,67,False,8,-1,0,-2.265,NO,NO.
order_32f,data/videos_v2/int_67ms/v2_67_00083.mp4,67,False,32,0,0,-1.6573,NO,NO.
moved_real,data/videos_v2/int_67ms/v2_67_00083.mp4,67,False,8,1,0,-1.9375,NO,NO.
moved_twin,data/twin_v2/v2_67_00083.mp4,67,False,8,0,0,-3.5809,NO,NO.
still_real,data/videos_v2/int_67ms/v2_67_00083.mp4,67,False,8,0,1,1.5303,YES,YES.
still_twin,data/twin_v2/v2_67_00083.mp4,67,False,8,1,1,2.3918,YES,YES.
order_twin,data/twin_v2/v2_67_00083.mp4,67,False,8,-1,0,-2.374,NO,NO.
order_32f,data/videos_v2/int_67ms/v2_67_00084.mp4,67,True,32,1,0,-1.5412,NO,NO.
moved_real,data/videos_v2/int_67ms/v2_67_00084.mp4,67,True,8,1,0,-1.9006,NO,NO.
moved_twin,data/twin_v2/v2_67_00084.mp4,67,True,8,0,0,-3.6285,NO,NO.
still_real,data/videos_v2/int_67ms/v2_67_00084.mp4,67,True,8,0,1,1.7879,YES,YES.
still_twin,data/twin_v2/v2_67_00084.mp4,67,True,8,1,1,2.6249,YES,YES.
order_twin,data/twin_v2/v2_67_00084.mp4,67,True,8,-1,0,-2.3742,NO,NO.
order_32f,data/videos_v2/int_67ms/v2_67_00085.mp4,67,True,32,1,0,-1.2823,NO,NO.
moved_real,data/videos_v2/int_67ms/v2_67_00085.mp4,67,True,8,1,0,-2.5033,NO,NO.
moved_twin,data/twin_v2/v2_67_00085.mp4,67,True,8,0,0,-3.2409,NO,NO.
still_real,data/videos_v2/int_67ms/v2_67_00085.mp4,67,True,8,0,1,1.399,YES,YES.
still_twin,data/twin_v2/v2_67_00085.mp4,67,True,8,1,1,2.152,YES,YES.
order_twin,data/twin_v2/v2_67_00085.mp4,67,True,8,-1,0,-2.1748,NO,NO.
order_32f,data/videos_v2/int_67ms/v2_67_00086.mp4,67,False,32,0,0,-2.0785,NO,NO.
moved_real,data/videos_v2/int_67ms/v2_67_00086.mp4,67,False,8,1,0,-3.2208,NO,NO.
moved_twin,data/twin_v2/v2_67_00086.mp4,67,False,8,0,0,-3.5804,NO,NO.
still_real,data/videos_v2/int_67ms/v2_67_00086.mp4,67,False,8,0,1,0.9405,YES,YES.
still_twin,data/twin_v2/v2_67_00086.mp4,67,False,8,1,1,2.6248,YES,YES.
order_twin,data/twin_v2/v2_67_00086.mp4,67,False,8,-1,0,-2.3655,NO,NO.
order_32f,data/videos_v2/int_67ms/v2_67_00087.mp4,67,True,32,1,0,-2.1975,NO,NO.
moved_real,data/videos_v2/int_67ms/v2_67_00087.mp4,67,True,8,1,0,-3.151,NO,NO.
moved_twin,data/twin_v2/v2_67_00087.mp4,67,True,8,0,0,-3.0261,NO,NO.
still_real,data/videos_v2/int_67ms/v2_67_00087.mp4,67,True,8,0,1,2.5089,YES,YES.
still_twin,data/twin_v2/v2_67_00087.mp4,67,True,8,1,1,2.5189,YES,YES.
order_twin,data/twin_v2/v2_67_00087.mp4,67,True,8,-1,0,-1.7533,NO,NO.
order_32f,data/videos_v2/int_67ms/v2_67_00088.mp4,67,False,32,0,0,-2.4207,NO,NO.
moved_real,data/videos_v2/int_67ms/v2_67_00088.mp4,67,False,8,1,0,-2.7201,NO,NO.
moved_twin,data/twin_v2/v2_67_00088.mp4,67,False,8,0,0,-3.0789,NO,NO.
still_real,data/videos_v2/int_67ms/v2_67_00088.mp4,67,False,8,0,1,1.769,YES,YES.
still_twin,data/twin_v2/v2_67_00088.mp4,67,False,8,1,1,2.1463,YES,YES.
order_twin,data/twin_v2/v2_67_00088.mp4,67,False,8,-1,0,-2.1282,NO,NO.
order_32f,data/videos_v2/int_67ms/v2_67_00089.mp4,67,False,32,0,0,-2.6014,NO,NO.
moved_real,data/videos_v2/int_67ms/v2_67_00089.mp4,67,False,8,1,0,-3.5788,NO,NO.
moved_twin,data/twin_v2/v2_67_00089.mp4,67,False,8,0,0,-3.7057,NO,NO.
still_real,data/videos_v2/int_67ms/v2_67_00089.mp4,67,False,8,0,1,0.3301,YES,YES.
still_twin,data/twin_v2/v2_67_00089.mp4,67,False,8,1,1,2.3849,YES,YES.
order_twin,data/twin_v2/v2_67_00089.mp4,67,False,8,-1,0,-2.2053,NO,NO.
order_32f,data/videos_v2/int_67ms/v2_67_00090.mp4,67,False,32,0,0,-1.4904,NO,NO.
moved_real,data/videos_v2/int_67ms/v2_67_00090.mp4,67,False,8,1,0,-2.7758,NO,NO.
moved_twin,data/twin_v2/v2_67_00090.mp4,67,False,8,0,0,-3.1368,NO,NO.
still_real,data/videos_v2/int_67ms/v2_67_00090.mp4,67,False,8,0,1,2.135,YES,YES.
still_twin,data/twin_v2/v2_67_00090.mp4,67,False,8,1,1,2.2589,YES,YES.
order_twin,data/twin_v2/v2_67_00090.mp4,67,False,8,-1,0,-1.5031,NO,NO.
order_32f,data/videos_v2/int_67ms/v2_67_00091.mp4,67,True,32,1,0,-2.1478,NO,NO.
moved_real,data/videos_v2/int_67ms/v2_67_00091.mp4,67,True,8,1,0,-2.6966,NO,NO.
moved_twin,data/twin_v2/v2_67_00091.mp4,67,True,8,0,0,-2.8157,NO,NO.
still_real,data/videos_v2/int_67ms/v2_67_00091.mp4,67,True,8,0,1,2.2419,YES,YES.
still_twin,data/twin_v2/v2_67_00091.mp4,67,True,8,1,1,2.5088,YES,YES.
order_twin,data/twin_v2/v2_67_00091.mp4,67,True,8,-1,0,-1.5499,NO,NO.
order_32f,data/videos_v2/int_67ms/v2_67_00092.mp4,67,False,32,0,0,-1.7206,NO,NO.
moved_real,data/videos_v2/int_67ms/v2_67_00092.mp4,67,False,8,1,0,-2.8107,NO,NO.
moved_twin,data/twin_v2/v2_67_00092.mp4,67,False,8,0,0,-3.3975,NO,NO.
still_real,data/videos_v2/int_67ms/v2_67_00092.mp4,67,False,8,0,1,1.0382,YES,YES.
still_twin,data/twin_v2/v2_67_00092.mp4,67,False,8,1,1,2.26,YES,YES.
order_twin,data/twin_v2/v2_67_00092.mp4,67,False,8,-1,0,-1.89,NO,NO.
order_32f,data/videos_v2/int_67ms/v2_67_00093.mp4,67,True,32,1,0,-2.1476,NO,NO.
moved_real,data/videos_v2/int_67ms/v2_67_00093.mp4,67,True,8,1,0,-3.0117,NO,NO.
moved_twin,data/twin_v2/v2_67_00093.mp4,67,True,8,0,0,-3.3869,NO,NO.
still_real,data/videos_v2/int_67ms/v2_67_00093.mp4,67,True,8,0,1,2.144,YES,YES.
still_twin,data/twin_v2/v2_67_00093.mp4,67,True,8,1,1,2.4089,YES,YES.
order_twin,data/twin_v2/v2_67_00093.mp4,67,True,8,-1,0,-1.8606,NO,NO.
order_32f,data/videos_v2/int_67ms/v2_67_00094.mp4,67,False,32,0,0,-2.346,NO,NO.
moved_real,data/videos_v2/int_67ms/v2_67_00094.mp4,67,False,8,1,0,-3.0976,NO,NO.
moved_twin,data/twin_v2/v2_67_00094.mp4,67,False,8,0,0,-3.2496,NO,NO.
still_real,data/videos_v2/int_67ms/v2_67_00094.mp4,67,False,8,0,1,2.024,YES,YES.
still_twin,data/twin_v2/v2_67_00094.mp4,67,False,8,1,1,2.3839,YES,YES.
order_twin,data/twin_v2/v2_67_00094.mp4,67,False,8,-1,0,-1.8783,NO,NO.
order_32f,data/videos_v2/int_67ms/v2_67_00095.mp4,67,False,32,0,0,-1.7622,NO,NO.
moved_real,data/videos_v2/int_67ms/v2_67_00095.mp4,67,False,8,1,0,-2.8475,NO,NO.
moved_twin,data/twin_v2/v2_67_00095.mp4,67,False,8,0,0,-3.1104,NO,NO.
still_real,data/videos_v2/int_67ms/v2_67_00095.mp4,67,False,8,0,1,1.0432,YES,YES.
still_twin,data/twin_v2/v2_67_00095.mp4,67,False,8,1,1,1.894,YES,YES.
order_twin,data/twin_v2/v2_67_00095.mp4,67,False,8,-1,0,-1.4076,NO,NO.
order_32f,data/videos_v2/int_67ms/v2_67_00096.mp4,67,True,32,1,0,-1.9472,NO,NO.
moved_real,data/videos_v2/int_67ms/v2_67_00096.mp4,67,True,8,1,0,-1.8459,NO,NO.
moved_twin,data/twin_v2/v2_67_00096.mp4,67,True,8,0,0,-3.2213,NO,NO.
still_real,data/videos_v2/int_67ms/v2_67_00096.mp4,67,True,8,0,1,1.284,YES,YES.
still_twin,data/twin_v2/v2_67_00096.mp4,67,True,8,1,1,2.1553,YES,YES.
order_twin,data/twin_v2/v2_67_00096.mp4,67,True,8,-1,0,-2.1156,NO,NO.
order_32f,data/videos_v2/int_67ms/v2_67_00097.mp4,67,True,32,1,0,-1.9551,NO,NO.
moved_real,data/videos_v2/int_67ms/v2_67_00097.mp4,67,True,8,1,0,-2.7036,NO,NO.
moved_twin,data/twin_v2/v2_67_00097.mp4,67,True,8,0,0,-3.3307,NO,NO.
still_real,data/videos_v2/int_67ms/v2_67_00097.mp4,67,True,8,0,1,1.0382,YES,YES.
still_twin,data/twin_v2/v2_67_00097.mp4,67,True,8,1,1,2.2589,YES,YES.
order_twin,data/twin_v2/v2_67_00097.mp4,67,True,8,-1,0,-2.4856,NO,NO.
order_32f,data/videos_v2/int_67ms/v2_67_00098.mp4,67,False,32,0,0,-0.7859,NO,NO.
moved_real,data/videos_v2/int_67ms/v2_67_00098.mp4,67,False,8,1,0,-0.9533,NO,NO.
moved_twin,data/twin_v2/v2_67_00098.mp4,67,False,8,0,0,-2.3288,NO,NO.
still_real,data/videos_v2/int_67ms/v2_67_00098.mp4,67,False,8,0,1,1.2872,YES,YES.
still_twin,data/twin_v2/v2_67_00098.mp4,67,False,8,1,1,2.3748,YES,YES.
order_twin,data/twin_v2/v2_67_00098.mp4,67,False,8,-1,0,-1.5829,NO,NO.
order_32f,data/videos_v2/int_67ms/v2_67_00099.mp4,67,False,32,0,0,-1.846,NO,NO.
moved_real,data/videos_v2/int_67ms/v2_67_00099.mp4,67,False,8,1,0,-1.2757,NO,NO.
moved_twin,data/twin_v2/v2_67_00099.mp4,67,False,8,0,0,-3.2359,NO,NO.
still_real,data/videos_v2/int_67ms/v2_67_00099.mp4,67,False,8,0,1,1.1789,YES,YES.
still_twin,data/twin_v2/v2_67_00099.mp4,67,False,8,1,1,2.6349,YES,YES.
order_twin,data/twin_v2/v2_67_00099.mp4,67,False,8,-1,0,-2.3286,NO,NO.
order_32f,data/videos_v2/int_100ms/v2_100_00100.mp4,100,False,32,0,0,-2.4007,NO,NO.
moved_real,data/videos_v2/int_100ms/v2_100_00100.mp4,100,False,8,1,0,-2.2107,NO,NO.
moved_twin,data/twin_v2/v2_100_00100.mp4,100,False,8,0,0,-3.456,NO,NO.
still_real,data/videos_v2/int_100ms/v2_100_00100.mp4,100,False,8,0,1,1.2806,YES,YES.
still_twin,data/twin_v2/v2_100_00100.mp4,100,False,8,1,1,1.899,YES,YES.
order_twin,data/twin_v2/v2_100_00100.mp4,100,False,8,-1,0,-2.2616,NO,NO.
order_32f,data/videos_v2/int_100ms/v2_100_00101.mp4,100,False,32,0,0,-1.2349,NO,NO.
moved_real,data/videos_v2/int_100ms/v2_100_00101.mp4,100,False,8,1,0,-0.7832,NO,NO.
moved_twin,data/twin_v2/v2_100_00101.mp4,100,False,8,0,0,-3.4559,NO,NO.
still_real,data/videos_v2/int_100ms/v2_100_00101.mp4,100,False,8,0,0,-0.2354,NO,NO.
still_twin,data/twin_v2/v2_100_00101.mp4,100,False,8,1,1,2.2612,YES,YES.
order_twin,data/twin_v2/v2_100_00101.mp4,100,False,8,-1,0,-2.1575,NO,NO.
order_32f,data/videos_v2/int_100ms/v2_100_00102.mp4,100,True,32,1,0,-1.8978,NO,NO.
moved_real,data/videos_v2/int_100ms/v2_100_00102.mp4,100,True,8,1,0,-2.7731,NO,NO.
moved_twin,data/twin_v2/v2_100_00102.mp4,100,True,8,0,0,-2.8743,NO,NO.
still_real,data/videos_v2/int_100ms/v2_100_00102.mp4,100,True,8,0,1,1.5304,YES,YES.
still_twin,data/twin_v2/v2_100_00102.mp4,100,True,8,1,1,1.6654,YES,YES.
order_twin,data/twin_v2/v2_100_00102.mp4,100,True,8,-1,0,-1.2916,NO,NO.
order_32f,data/videos_v2/int_100ms/v2_100_00103.mp4,100,False,32,0,0,-1.2756,NO,NO.
moved_real,data/videos_v2/int_100ms/v2_100_00103.mp4,100,False,8,1,0,-2.374,NO,NO.
moved_twin,data/twin_v2/v2_100_00103.mp4,100,False,8,0,0,-3.4538,NO,NO.
still_real,data/videos_v2/int_100ms/v2_100_00103.mp4,100,False,8,0,1,2.2611,YES,YES.
still_twin,data/twin_v2/v2_100_00103.mp4,100,False,8,1,1,2.9884,YES,YES.
order_twin,data/twin_v2/v2_100_00103.mp4,100,False,8,-1,0,-2.2758,NO,NO.
order_32f,data/videos_v2/int_100ms/v2_100_00104.mp4,100,True,32,1,0,-2.227,NO,NO.
moved_real,data/videos_v2/int_100ms/v2_100_00104.mp4,100,True,8,1,0,-3.438,NO,NO.
moved_twin,data/twin_v2/v2_100_00104.mp4,100,True,8,0,0,-3.438,NO,NO.
still_real,data/videos_v2/int_100ms/v2_100_00104.mp4,100,True,8,0,1,0.4393,YES,YES.
still_twin,data/twin_v2/v2_100_00104.mp4,100,True,8,1,1,1.892,YES,YES.
order_twin,data/twin_v2/v2_100_00104.mp4,100,True,8,-1,0,-1.8608,NO,NO.
order_32f,data/videos_v2/int_100ms/v2_100_00105.mp4,100,False,32,0,0,-0.6575,NO,NO.
moved_real,data/videos_v2/int_100ms/v2_100_00105.mp4,100,False,8,1,0,-0.1241,NO,NO.
moved_twin,data/twin_v2/v2_100_00105.mp4,100,False,8,0,0,-3.1861,NO,NO.
still_real,data/videos_v2/int_100ms/v2_100_00105.mp4,100,False,8,0,1,0.58,YES,YES.
still_twin,data/twin_v2/v2_100_00105.mp4,100,False,8,1,1,2.1419,YES,YES.
order_twin,data/twin_v2/v2_100_00105.mp4,100,False,8,-1,0,-1.8608,NO,NO.
order_32f,data/videos_v2/int_100ms/v2_100_00106.mp4,100,True,32,1,0,0.0922,NO,NO.
moved_real,data/videos_v2/int_100ms/v2_100_00106.mp4,100,True,8,1,1,0.6634,YES,YES.
moved_twin,data/twin_v2/v2_100_00106.mp4,100,True,8,0,0,-2.8024,NO,NO.
still_real,data/videos_v2/int_100ms/v2_100_00106.mp4,100,True,8,0,0,0.0992,NO,NO.
still_twin,data/twin_v2/v2_100_00106.mp4,100,True,8,1,1,2.5088,YES,YES.
order_twin,data/twin_v2/v2_100_00106.mp4,100,True,8,-1,0,-1.9342,NO,NO.
order_32f,data/videos_v2/int_100ms/v2_100_00107.mp4,100,True,32,1,0,-2.7649,NO,NO.
moved_real,data/videos_v2/int_100ms/v2_100_00107.mp4,100,True,8,1,0,-3.0119,NO,NO.
moved_twin,data/twin_v2/v2_100_00107.mp4,100,True,8,0,0,-3.6367,NO,NO.
still_real,data/videos_v2/int_100ms/v2_100_00107.mp4,100,True,8,0,1,1.6521,YES,YES.
still_twin,data/twin_v2/v2_100_00107.mp4,100,True,8,1,1,2.0071,YES,YES.
order_twin,data/twin_v2/v2_100_00107.mp4,100,True,8,-1,0,-2.0447,NO,NO.
order_32f,data/videos_v2/int_100ms/v2_100_00108.mp4,100,True,32,1,0,-2.4084,NO,NO.
moved_real,data/videos_v2/int_100ms/v2_100_00108.mp4,100,True,8,1,0,-3.2688,NO,NO.
moved_twin,data/twin_v2/v2_100_00108.mp4,100,True,8,0,0,-3.0975,NO,NO.
still_real,data/videos_v2/int_100ms/v2_100_00108.mp4,100,True,8,0,1,1.7669,YES,YES.
still_twin,data/twin_v2/v2_100_00108.mp4,100,True,8,1,1,2.008,YES,YES.
order_twin,data/twin_v2/v2_100_00108.mp4,100,True,8,-1,0,-1.5256,NO,NO.
order_32f,data/videos_v2/int_100ms/v2_100_00109.mp4,100,False,32,0,0,-1.8898,NO,NO.
moved_real,data/videos_v2/int_100ms/v2_100_00109.mp4,100,False,8,1,0,-2.485,NO,NO.
moved_twin,data/twin_v2/v2_100_00109.mp4,100,False,8,0,0,-3.236,NO,NO.
still_real,data/videos_v2/int_100ms/v2_100_00109.mp4,100,False,8,0,1,1.543,YES,YES.
still_twin,data/twin_v2/v2_100_00109.mp4,100,False,8,1,1,2.2589,YES,YES.
order_twin,data/twin_v2/v2_100_00109.mp4,100,False,8,-1,0,-1.9007,NO,NO.
order_32f,data/videos_v2/int_100ms/v2_100_00110.mp4,100,True,32,1,0,-2.4385,NO,NO.
moved_real,data/videos_v2/int_100ms/v2_100_00110.mp4,100,True,8,1,0,-3.1107,NO,NO.
moved_twin,data/twin_v2/v2_100_00110.mp4,100,True,8,0,0,-3.1158,NO,NO.
still_real,data/videos_v2/int_100ms/v2_100_00110.mp4,100,True,8,0,1,2.3918,YES,YES.
still_twin,data/twin_v2/v2_100_00110.mp4,100,True,8,1,1,2.4089,YES,YES.
order_twin,data/twin_v2/v2_100_00110.mp4,100,True,8,-1,0,-2.2054,NO,NO.
order_32f,data/videos_v2/int_100ms/v2_100_00111.mp4,100,True,32,1,0,-2.0788,NO,NO.
moved_real,data/videos_v2/int_100ms/v2_100_00111.mp4,100,True,8,1,0,-2.3901,NO,NO.
moved_twin,data/twin_v2/v2_100_00111.mp4,100,True,8,0,0,-2.9438,NO,NO.
still_real,data/videos_v2/int_100ms/v2_100_00111.mp4,100,True,8,0,1,1.644,YES,YES.
still_twin,data/twin_v2/v2_100_00111.mp4,100,True,8,1,1,2.3849,YES,YES.
order_twin,data/twin_v2/v2_100_00111.mp4,100,True,8,-1,0,-1.9342,NO,NO.
order_32f,data/videos_v2/int_100ms/v2_100_00112.mp4,100,False,32,0,0,-2.6519,NO,NO.
moved_real,data/videos_v2/int_100ms/v2_100_00112.mp4,100,False,8,1,0,-2.8285,NO,NO.
moved_twin,data/twin_v2/v2_100_00112.mp4,100,False,8,0,0,-3.4186,NO,NO.
still_real,data/videos_v2/int_100ms/v2_100_00112.mp4,100,False,8,0,1,2.2669,YES,YES.
still_twin,data/twin_v2/v2_100_00112.mp4,100,False,8,1,1,2.6338,YES,YES.
order_twin,data/twin_v2/v2_100_00112.mp4,100,False,8,-1,0,-2.2407,NO,NO.
order_32f,data/videos_v2/int_100ms/v2_100_00113.mp4,100,False,32,0,0,-2.408,NO,NO.
moved_real,data/videos_v2/int_100ms/v2_100_00113.mp4,100,False,8,1,0,-2.5187,NO,NO.
moved_twin,data/twin_v2/v2_100_00113.mp4,100,False,8,0,0,-3.0231,NO,NO.
still_real,data/videos_v2/int_100ms/v2_100_00113.mp4,100,False,8,0,1,1.5191,YES,YES.
still_twin,data/twin_v2/v2_100_00113.mp4,100,False,8,1,1,2.2499,YES,YES.
order_twin,data/twin_v2/v2_100_00113.mp4,100,False,8,-1,0,-1.7945,NO,NO.
order_32f,data/videos_v2/int_100ms/v2_100_00114.mp4,100,False,32,0,0,-2.4857,NO,NO.
moved_real,data/videos_v2/int_100ms/v2_100_00114.mp4,100,False,8,1,0,-2.2197,NO,NO.
moved_twin,data/twin_v2/v2_100_00114.mp4,100,False,8,0,0,-3.4537,NO,NO.
still_real,data/videos_v2/int_100ms/v2_100_00114.mp4,100,False,8,0,1,1.2931,YES,YES.
still_twin,data/twin_v2/v2_100_00114.mp4,100,False,8,1,1,1.885,YES,YES.
order_twin,data/twin_v2/v2_100_00114.mp4,100,False,8,-1,0,-2.2357,NO,NO.
order_32f,data/videos_v2/int_100ms/v2_100_00115.mp4,100,True,32,1,0,-2.8461,NO,NO.
moved_real,data/videos_v2/int_100ms/v2_100_00115.mp4,100,True,8,1,0,-2.9852,NO,NO.
moved_twin,data/twin_v2/v2_100_00115.mp4,100,True,8,0,0,-3.2352,NO,NO.
still_real,data/videos_v2/int_100ms/v2_100_00115.mp4,100,True,8,0,1,1.6441,YES,YES.
still_twin,data/twin_v2/v2_100_00115.mp4,100,True,8,1,1,2.4998,YES,YES.
order_twin,data/twin_v2/v2_100_00115.mp4,100,True,8,-1,0,-2.2533,NO,NO.
order_32f,data/videos_v2/int_100ms/v2_100_00116.mp4,100,True,32,1,0,-1.5184,NO,NO.
moved_real,data/videos_v2/int_100ms/v2_100_00116.mp4,100,True,8,1,0,-1.434,NO,NO.
moved_twin,data/twin_v2/v2_100_00116.mp4,100,True,8,0,0,-2.6575,NO,NO.
still_real,data/videos_v2/int_100ms/v2_100_00116.mp4,100,True,8,0,1,2.2498,YES,YES.
still_twin,data/twin_v2/v2_100_00116.mp4,100,True,8,1,1,2.7322,YES,YES.
order_twin,data/twin_v2/v2_100_00116.mp4,100,True,8,-1,0,-1.8236,NO,NO.
order_32f,data/videos_v2/int_100ms/v2_100_00117.mp4,100,True,32,1,0,-2.3095,NO,NO.
moved_real,data/videos_v2/int_100ms/v2_100_00117.mp4,100,True,8,1,0,-2.9995,NO,NO.
moved_twin,data/twin_v2/v2_100_00117.mp4,100,True,8,0,0,-3.1402,NO,NO.
still_real,data/videos_v2/int_100ms/v2_100_00117.mp4,100,True,8,0,1,1.8919,YES,YES.
still_twin,data/twin_v2/v2_100_00117.mp4,100,True,8,1,1,2.0169,YES,YES.
order_twin,data/twin_v2/v2_100_00117.mp4,100,True,8,-1,0,-2.1607,NO,NO.
order_32f,data/videos_v2/int_100ms/v2_100_00118.mp4,100,False,32,0,0,-2.0723,NO,NO.
moved_real,data/videos_v2/int_100ms/v2_100_00118.mp4,100,False,8,1,0,-3.2759,NO,NO.
moved_twin,data/twin_v2/v2_100_00118.mp4,100,False,8,0,0,-3.3603,NO,NO.
still_real,data/videos_v2/int_100ms/v2_100_00118.mp4,100,False,8,0,1,1.777,YES,YES.
still_twin,data/twin_v2/v2_100_00118.mp4,100,False,8,1,1,2.1519,YES,YES.
order_twin,data/twin_v2/v2_100_00118.mp4,100,False,8,-1,0,-1.7407,NO,NO.
order_32f,data/videos_v2/int_100ms/v2_100_00119.mp4,100,False,32,0,0,-2.0222,NO,NO.
moved_real,data/videos_v2/int_100ms/v2_100_00119.mp4,100,False,8,1,0,-2.8625,NO,NO.
moved_twin,data/twin_v2/v2_100_00119.mp4,100,False,8,0,0,-3.363,NO,NO.
still_real,data/videos_v2/int_100ms/v2_100_00119.mp4,100,False,8,0,1,1.2884,YES,YES.
still_twin,data/twin_v2/v2_100_00119.mp4,100,False,8,1,1,1.7883,YES,YES.
order_twin,data/twin_v2/v2_100_00119.mp4,100,False,8,-1,0,-1.5415,NO,NO.
order_32f,data/videos_v2/int_100ms/v2_100_00120.mp4,100,False,32,0,0,-2.0959,NO,NO.
moved_real,data/videos_v2/int_100ms/v2_100_00120.mp4,100,False,8,1,0,-2.0945,NO,NO.
moved_twin,data/twin_v2/v2_100_00120.mp4,100,False,8,0,0,-3.2039,NO,NO.
still_real,data/videos_v2/int_100ms/v2_100_00120.mp4,100,False,8,0,1,0.6593,YES,YES.
still_twin,data/twin_v2/v2_100_00120.mp4,100,False,8,1,1,1.902,YES,YES.
order_twin,data/twin_v2/v2_100_00120.mp4,100,False,8,-1,0,-2.2492,NO,NO.
order_32f,data/videos_v2/int_100ms/v2_100_00121.mp4,100,False,32,0,0,-2.3736,NO,NO.
moved_real,data/videos_v2/int_100ms/v2_100_00121.mp4,100,False,8,1,0,-1.749,NO,NO.
moved_twin,data/twin_v2/v2_100_00121.mp4,100,False,8,0,0,-3.236,NO,NO.
still_real,data/videos_v2/int_100ms/v2_100_00121.mp4,100,False,8,0,1,1.1522,YES,YES.
still_twin,data/twin_v2/v2_100_00121.mp4,100,False,8,1,1,2.1329,YES,YES.
order_twin,data/twin_v2/v2_100_00121.mp4,100,False,8,-1,0,-2.0257,NO,NO.
order_32f,data/videos_v2/int_100ms/v2_100_00122.mp4,100,True,32,1,0,-1.9623,NO,NO.
moved_real,data/videos_v2/int_100ms/v2_100_00122.mp4,100,True,8,1,0,-1.499,NO,NO.
moved_twin,data/twin_v2/v2_100_00122.mp4,100,True,8,0,0,-2.8463,NO,NO.
still_real,data/videos_v2/int_100ms/v2_100_00122.mp4,100,True,8,0,1,0.777,YES,YES.
still_twin,data/twin_v2/v2_100_00122.mp4,100,True,8,1,1,2.2712,YES,YES.
order_twin,data/twin_v2/v2_100_00122.mp4,100,True,8,-1,0,-1.9166,NO,NO.
order_32f,data/videos_v2/int_100ms/v2_100_00123.mp4,100,False,32,0,0,-1.9905,NO,NO.
moved_real,data/videos_v2/int_100ms/v2_100_00123.mp4,100,False,8,1,0,-2.648,NO,NO.
moved_twin,data/twin_v2/v2_100_00123.mp4,100,False,8,0,0,-3.1367,NO,NO.
still_real,data/videos_v2/int_100ms/v2_100_00123.mp4,100,False,8,0,1,1.4055,YES,YES.
still_twin,data/twin_v2/v2_100_00123.mp4,100,False,8,1,1,2.2499,YES,YES.
order_twin,data/twin_v2/v2_100_00123.mp4,100,False,8,-1,0,-1.5655,NO,NO.
order_32f,data/videos_v2/int_100ms/v2_100_00124.mp4,100,True,32,1,0,-2.1472,NO,NO.
moved_real,data/videos_v2/int_100ms/v2_100_00124.mp4,100,True,8,1,0,-3.2226,NO,NO.
moved_twin,data/twin_v2/v2_100_00124.mp4,100,True,8,0,0,-3.4561,NO,NO.
still_real,data/videos_v2/int_100ms/v2_100_00124.mp4,100,True,8,0,1,1.1554,YES,YES.
still_twin,data/twin_v2/v2_100_00124.mp4,100,True,8,1,1,1.777,YES,YES.
order_twin,data/twin_v2/v2_100_00124.mp4,100,True,8,-1,0,-1.6281,NO,NO.
order_32f,data/videos_v2/int_100ms/v2_100_00125.mp4,100,False,32,0,0,-1.7648,NO,NO.
moved_real,data/videos_v2/int_100ms/v2_100_00125.mp4,100,False,8,1,0,-3.2426,NO,NO.
moved_twin,data/twin_v2/v2_100_00125.mp4,100,False,8,0,0,-3.0017,NO,NO.
still_real,data/videos_v2/int_100ms/v2_100_00125.mp4,100,False,8,0,1,1.1522,YES,YES.
still_twin,data/twin_v2/v2_100_00125.mp4,100,False,8,1,1,1.774,YES,YES.
order_twin,data/twin_v2/v2_100_00125.mp4,100,False,8,-1,0,-1.5445,NO,NO.
order_32f,data/videos_v2/int_100ms/v2_100_00126.mp4,100,True,32,1,0,-2.3743,NO,NO.
moved_real,data/videos_v2/int_100ms/v2_100_00126.mp4,100,True,8,1,0,-2.1364,NO,NO.
moved_twin,data/twin_v2/v2_100_00126.mp4,100,True,8,0,0,-3.3603,NO,NO.
still_real,data/videos_v2/int_100ms/v2_100_00126.mp4,100,True,8,0,1,1.4021,YES,YES.
still_twin,data/twin_v2/v2_100_00126.mp4,100,True,8,1,1,1.8919,YES,YES.
order_twin,data/twin_v2/v2_100_00126.mp4,100,True,8,-1,0,-2.0575,NO,NO.
order_32f,data/videos_v2/int_100ms/v2_100_00127.mp4,100,False,32,0,0,-2.262,NO,NO.
moved_real,data/videos_v2/int_100ms/v2_100_00127.mp4,100,False,8,1,0,-2.4555,NO,NO.
moved_twin,data/twin_v2/v2_100_00127.mp4,100,False,8,0,0,-3.3464,NO,NO.
still_real,data/videos_v2/int_100ms/v2_100_00127.mp4,100,False,8,0,1,1.6554,YES,YES.
still_twin,data/twin_v2/v2_100_00127.mp4,100,False,8,1,1,2.2589,YES,YES.
order_twin,data/twin_v2/v2_100_00127.mp4,100,False,8,-1,0,-2.015,NO,NO.
order_32f,data/videos_v2/int_100ms/v2_100_00128.mp4,100,True,32,1,0,-0.6279,NO,NO.
moved_real,data/videos_v2/int_100ms/v2_100_00128.mp4,100,True,8,1,0,-0.8977,NO,NO.
moved_twin,data/twin_v2/v2_100_00128.mp4,100,True,8,0,0,-3.1109,NO,NO.
still_real,data/videos_v2/int_100ms/v2_100_00128.mp4,100,True,8,0,1,0.8103,YES,YES.
still_twin,data/twin_v2/v2_100_00128.mp4,100,True,8,1,1,2.385,YES,YES.
order_twin,data/twin_v2/v2_100_00128.mp4,100,True,8,-1,0,-1.8977,NO,NO.
order_32f,data/videos_v2/int_100ms/v2_100_00129.mp4,100,True,32,1,0,-1.3898,NO,NO.
moved_real,data/videos_v2/int_100ms/v2_100_00129.mp4,100,True,8,1,0,-2.4699,NO,NO.
moved_twin,data/twin_v2/v2_100_00129.mp4,100,True,8,0,0,-3.5437,NO,NO.
still_real,data/videos_v2/int_100ms/v2_100_00129.mp4,100,True,8,0,1,0.6853,YES,YES.
still_twin,data/twin_v2/v2_100_00129.mp4,100,True,8,1,1,2.1553,YES,YES.
order_twin,data/twin_v2/v2_100_00129.mp4,100,True,8,-1,0,-2.0324,NO,NO.
order_32f,data/videos_v2/int_100ms/v2_100_00130.mp4,100,True,32,1,0,-1.0148,NO,NO.
moved_real,data/videos_v2/int_100ms/v2_100_00130.mp4,100,True,8,1,0,-0.6506,NO,NO.
moved_twin,data/twin_v2/v2_100_00130.mp4,100,True,8,0,0,-3.4538,NO,NO.
still_real,data/videos_v2/int_100ms/v2_100_00130.mp4,100,True,8,0,1,0.4228,YES,YES.
still_twin,data/twin_v2/v2_100_00130.mp4,100,True,8,1,1,2.269,YES,YES.
order_twin,data/twin_v2/v2_100_00130.mp4,100,True,8,-1,0,-1.8606,NO,NO.
order_32f,data/videos_v2/int_100ms/v2_100_00131.mp4,100,False,32,0,0,-0.9191,NO,NO.
moved_real,data/videos_v2/int_100ms/v2_100_00131.mp4,100,False,8,1,0,-0.0642,NO,NO.
moved_twin,data/twin_v2/v2_100_00131.mp4,100,False,8,0,0,-2.773,NO,NO.
still_real,data/videos_v2/int_100ms/v2_100_00131.mp4,100,False,8,0,1,0.6905,YES,YES.
still_twin,data/twin_v2/v2_100_00131.mp4,100,False,8,1,1,2.6389,YES,YES.
order_twin,data/twin_v2/v2_100_00131.mp4,100,False,8,-1,0,-1.8527,NO,NO.
order_32f,data/videos_v2/int_100ms/v2_100_00132.mp4,100,False,32,0,0,-1.8873,NO,NO.
moved_real,data/videos_v2/int_100ms/v2_100_00132.mp4,100,False,8,1,0,-2.6577,NO,NO.
moved_twin,data/twin_v2/v2_100_00132.mp4,100,False,8,0,0,-3.581,NO,NO.
still_real,data/videos_v2/int_100ms/v2_100_00132.mp4,100,False,8,0,1,2.2599,YES,YES.
still_twin,data/twin_v2/v2_100_00132.mp4,100,False,8,1,1,2.6248,YES,YES.
order_twin,data/twin_v2/v2_100_00132.mp4,100,False,8,-1,0,-1.7648,NO,NO.
order_32f,data/videos_v2/int_100ms/v2_100_00133.mp4,100,False,32,0,0,-1.5361,NO,NO.
moved_real,data/videos_v2/int_100ms/v2_100_00133.mp4,100,False,8,1,0,-1.9489,NO,NO.
moved_twin,data/twin_v2/v2_100_00133.mp4,100,False,8,0,0,-2.9274,NO,NO.
still_real,data/videos_v2/int_100ms/v2_100_00133.mp4,100,False,8,0,1,1.538,YES,YES.
still_twin,data/twin_v2/v2_100_00133.mp4,100,False,8,1,1,2.8621,YES,YES.
order_twin,data/twin_v2/v2_100_00133.mp4,100,False,8,-1,0,-2.2726,NO,NO.
order_32f,data/videos_v2/int_100ms/v2_100_00134.mp4,100,True,32,1,0,-0.9708,NO,NO.
moved_real,data/videos_v2/int_100ms/v2_100_00134.mp4,100,True,8,1,0,-1.5947,NO,NO.
moved_twin,data/twin_v2/v2_100_00134.mp4,100,True,8,0,0,-3.4185,NO,NO.
still_real,data/videos_v2/int_100ms/v2_100_00134.mp4,100,True,8,0,0,0.0719,NO,NO.
still_twin,data/twin_v2/v2_100_00134.mp4,100,True,8,1,1,2.4019,YES,YES.
order_twin,data/twin_v2/v2_100_00134.mp4,100,True,8,-1,0,-2.2212,NO,NO.
order_32f,data/videos_v2/int_100ms/v2_100_00135.mp4,100,True,32,1,0,-0.4406,NO,NO.
moved_real,data/videos_v2/int_100ms/v2_100_00135.mp4,100,True,8,1,0,-0.5257,NO,NO.
moved_twin,data/twin_v2/v2_100_00135.mp4,100,True,8,0,0,-2.8023,NO,NO.
still_real,data/videos_v2/int_100ms/v2_100_00135.mp4,100,True,8,0,1,1.1733,YES,YES.
still_twin,data/twin_v2/v2_100_00135.mp4,100,True,8,1,1,2.3861,YES,YES.
order_twin,data/twin_v2/v2_100_00135.mp4,100,True,8,-1,0,-1.9534,NO,NO.
order_32f,data/videos_v2/int_100ms/v2_100_00136.mp4,100,True,32,1,0,-2.2715,NO,NO.
moved_real,data/videos_v2/int_100ms/v2_100_00136.mp4,100,True,8,1,0,-3.5277,NO,NO.
moved_twin,data/twin_v2/v2_100_00136.mp4,100,True,8,0,0,-3.4239,NO,NO.
still_real,data/videos_v2/int_100ms/v2_100_00136.mp4,100,True,8,0,1,1.5342,YES,YES.
still_twin,data/twin_v2/v2_100_00136.mp4,100,True,8,1,1,1.902,YES,YES.
order_twin,data/twin_v2/v2_100_00136.mp4,100,True,8,-1,0,-1.7208,NO,NO.
order_32f,data/videos_v2/int_100ms/v2_100_00137.mp4,100,True,32,1,0,-1.7826,NO,NO.
moved_real,data/videos_v2/int_100ms/v2_100_00137.mp4,100,True,8,1,0,-2.1842,NO,NO.
moved_twin,data/twin_v2/v2_100_00137.mp4,100,True,8,0,0,-3.116,NO,NO.
still_real,data/videos_v2/int_100ms/v2_100_00137.mp4,100,True,8,0,1,2.3849,YES,YES.
still_twin,data/twin_v2/v2_100_00137.mp4,100,True,8,1,1,2.5099,YES,YES.
order_twin,data/twin_v2/v2_100_00137.mp4,100,True,8,-1,0,-1.9407,NO,NO.
order_32f,data/videos_v2/int_100ms/v2_100_00138.mp4,100,False,32,0,0,-0.6572,NO,NO.
moved_real,data/videos_v2/int_100ms/v2_100_00138.mp4,100,False,8,1,0,-0.9989,NO,NO.
moved_twin,data/twin_v2/v2_100_00138.mp4,100,False,8,0,0,-2.9702,NO,NO.
still_real,data/videos_v2/int_100ms/v2_100_00138.mp4,100,False,8,0,1,1.2881,YES,YES.
still_twin,data/twin_v2/v2_100_00138.mp4,100,False,8,1,1,2.2499,YES,YES.
order_twin,data/twin_v2/v2_100_00138.mp4,100,False,8,-1,0,-2.0326,NO,NO.
order_32f,data/videos_v2/int_100ms/v2_100_00139.mp4,100,True,32,1,0,-2.2728,NO,NO.
moved_real,data/videos_v2/int_100ms/v2_100_00139.mp4,100,True,8,1,0,-3.206,NO,NO.
moved_twin,data/twin_v2/v2_100_00139.mp4,100,True,8,0,0,-3.095,NO,NO.
still_real,data/videos_v2/int_100ms/v2_100_00139.mp4,100,True,8,0,1,1.8901,YES,YES.
still_twin,data/twin_v2/v2_100_00139.mp4,100,True,8,1,1,2.135,YES,YES.
order_twin,data/twin_v2/v2_100_00139.mp4,100,True,8,-1,0,-1.6903,NO,NO.
order_32f,data/videos_v2/int_100ms/v2_100_00140.mp4,100,True,32,1,0,-0.7527,NO,NO.
moved_real,data/videos_v2/int_100ms/v2_100_00140.mp4,100,True,8,1,0,-1.2487,NO,NO.
moved_twin,data/twin_v2/v2_100_00140.mp4,100,True,8,0,0,-3.5433,NO,NO.
still_real,data/videos_v2/int_100ms/v2_100_00140.mp4,100,True,8,0,0,-0.1573,NO,NO.
still_twin,data/twin_v2/v2_100_00140.mp4,100,True,8,1,1,2.8749,YES,YES.
order_twin,data/twin_v2/v2_100_00140.mp4,100,True,8,-1,0,-2.1155,NO,NO.
order_32f,data/videos_v2/int_100ms/v2_100_00141.mp4,100,True,32,1,0,-2.7915,NO,NO.
moved_real,data/videos_v2/int_100ms/v2_100_00141.mp4,100,True,8,1,0,-3.292,NO,NO.
moved_twin,data/twin_v2/v2_100_00141.mp4,100,True,8,0,0,-3.6252,NO,NO.
still_real,data/videos_v2/int_100ms/v2_100_00141.mp4,100,True,8,0,1,1.6376,YES,YES.
still_twin,data/twin_v2/v2_100_00141.mp4,100,True,8,1,1,2.5099,YES,YES.
order_twin,data/twin_v2/v2_100_00141.mp4,100,True,8,-1,0,-2.1397,NO,NO.
order_32f,data/videos_v2/int_100ms/v2_100_00142.mp4,100,True,32,1,0,-2.0605,NO,NO.
moved_real,data/videos_v2/int_100ms/v2_100_00142.mp4,100,True,8,1,0,-2.8306,NO,NO.
moved_twin,data/twin_v2/v2_100_00142.mp4,100,True,8,0,0,-3.401,NO,NO.
still_real,data/videos_v2/int_100ms/v2_100_00142.mp4,100,True,8,0,1,1.4232,YES,YES.
still_twin,data/twin_v2/v2_100_00142.mp4,100,True,8,1,1,1.8989,YES,YES.
order_twin,data/twin_v2/v2_100_00142.mp4,100,True,8,-1,0,-1.7826,NO,NO.
order_32f,data/videos_v2/int_100ms/v2_100_00143.mp4,100,False,32,0,0,-1.1662,NO,NO.
moved_real,data/videos_v2/int_100ms/v2_100_00143.mp4,100,False,8,1,0,-0.5257,NO,NO.
moved_twin,data/twin_v2/v2_100_00143.mp4,100,False,8,0,0,-3.116,NO,NO.
still_real,data/videos_v2/int_100ms/v2_100_00143.mp4,100,False,8,0,1,1.4054,YES,YES.
still_twin,data/twin_v2/v2_100_00143.mp4,100,False,8,1,1,2.2589,YES,YES.
order_twin,data/twin_v2/v2_100_00143.mp4,100,False,8,-1,0,-2.0326,NO,NO.
order_32f,data/videos_v2/int_100ms/v2_100_00144.mp4,100,True,32,1,0,-2.2404,NO,NO.
moved_real,data/videos_v2/int_100ms/v2_100_00144.mp4,100,True,8,1,0,-2.6682,NO,NO.
moved_twin,data/twin_v2/v2_100_00144.mp4,100,True,8,0,0,-3.2936,NO,NO.
still_real,data/videos_v2/int_100ms/v2_100_00144.mp4,100,True,8,0,1,1.5271,YES,YES.
still_twin,data/twin_v2/v2_100_00144.mp4,100,True,8,1,1,1.9053,YES,YES.
order_twin,data/twin_v2/v2_100_00144.mp4,100,True,8,-1,0,-1.8979,NO,NO.
order_32f,data/videos_v2/int_100ms/v2_100_00145.mp4,100,False,32,0,0,-2.2862,NO,NO.
moved_real,data/videos_v2/int_100ms/v2_100_00145.mp4,100,False,8,1,0,-2.97,NO,NO.
moved_twin,data/twin_v2/v2_100_00145.mp4,100,False,8,0,0,-3.4701,NO,NO.
still_real,data/videos_v2/int_100ms/v2_100_00145.mp4,100,False,8,0,1,1.6517,YES,YES.
still_twin,data/twin_v2/v2_100_00145.mp4,100,False,8,1,1,2.7371,YES,YES.
order_twin,data/twin_v2/v2_100_00145.mp4,100,False,8,-1,0,-2.2826,NO,NO.
order_32f,data/videos_v2/int_100ms/v2_100_00146.mp4,100,False,32,0,0,-2.4856,NO,NO.
moved_real,data/videos_v2/int_100ms/v2_100_00146.mp4,100,False,8,1,0,-2.9724,NO,NO.
moved_twin,data/twin_v2/v2_100_00146.mp4,100,False,8,0,0,-2.9994,NO,NO.
still_real,data/videos_v2/int_100ms/v2_100_00146.mp4,100,False,8,0,1,0.6683,YES,YES.
still_twin,data/twin_v2/v2_100_00146.mp4,100,False,8,1,1,1.899,YES,YES.
order_twin,data/twin_v2/v2_100_00146.mp4,100,False,8,-1,0,-2.0115,NO,NO.
order_32f,data/videos_v2/int_100ms/v2_100_00147.mp4,100,False,32,0,0,-2.063,NO,NO.
moved_real,data/videos_v2/int_100ms/v2_100_00147.mp4,100,False,8,1,0,-1.5412,NO,NO.
moved_twin,data/twin_v2/v2_100_00147.mp4,100,False,8,0,0,-3.5951,NO,NO.
still_real,data/videos_v2/int_100ms/v2_100_00147.mp4,100,False,8,0,1,1.784,YES,YES.
still_twin,data/twin_v2/v2_100_00147.mp4,100,False,8,1,1,2.6461,YES,YES.
order_twin,data/twin_v2/v2_100_00147.mp4,100,False,8,-1,0,-2.0323,NO,NO.
order_32f,data/videos_v2/int_100ms/v2_100_00148.mp4,100,True,32,1,0,-2.33,NO,NO.
moved_real,data/videos_v2/int_100ms/v2_100_00148.mp4,100,True,8,1,0,-2.7489,NO,NO.
moved_twin,data/twin_v2/v2_100_00148.mp4,100,True,8,0,0,-3.1932,NO,NO.
still_real,data/videos_v2/int_100ms/v2_100_00148.mp4,100,True,8,0,1,1.2956,YES,YES.
still_twin,data/twin_v2/v2_100_00148.mp4,100,True,8,1,1,2.027,YES,YES.
order_twin,data/twin_v2/v2_100_00148.mp4,100,True,8,-1,0,-1.7532,NO,NO.
order_32f,data/videos_v2/int_100ms/v2_100_00149.mp4,100,True,32,1,0,-1.5568,NO,NO.
moved_real,data/videos_v2/int_100ms/v2_100_00149.mp4,100,True,8,1,0,-2.1839,NO,NO.
moved_twin,data/twin_v2/v2_100_00149.mp4,100,True,8,0,0,-3.4538,NO,NO.
still_real,data/videos_v2/int_100ms/v2_100_00149.mp4,100,True,8,0,1,0.9165,YES,YES.
still_twin,data/twin_v2/v2_100_00149.mp4,100,True,8,1,1,3.0688,YES,YES.
order_twin,data/twin_v2/v2_100_00149.mp4,100,True,8,-1,0,-1.9642,NO,NO.
order_32f,data/videos_v2/int_100ms/v2_100_00150.mp4,100,False,32,0,0,-3.096,NO,NO.
moved_real,data/videos_v2/int_100ms/v2_100_00150.mp4,100,False,8,1,0,-3.401,NO,NO.
moved_twin,data/twin_v2/v2_100_00150.mp4,100,False,8,0,0,-3.4995,NO,NO.
still_real,data/videos_v2/int_100ms/v2_100_00150.mp4,100,False,8,0,1,1.03,YES,YES.
still_twin,data/twin_v2/v2_100_00150.mp4,100,False,8,1,1,2.5125,YES,YES.
order_twin,data/twin_v2/v2_100_00150.mp4,100,False,8,-1,0,-2.0324,NO,NO.
order_32f,data/videos_v2/int_100ms/v2_100_00151.mp4,100,False,32,0,0,-1.7406,NO,NO.
moved_real,data/videos_v2/int_100ms/v2_100_00151.mp4,100,False,8,1,0,-2.0431,NO,NO.
moved_twin,data/twin_v2/v2_100_00151.mp4,100,False,8,0,0,-3.6299,NO,NO.
still_real,data/videos_v2/int_100ms/v2_100_00151.mp4,100,False,8,0,1,1.051,YES,YES.
still_twin,data/twin_v2/v2_100_00151.mp4,100,False,8,1,1,1.894,YES,YES.
order_twin,data/twin_v2/v2_100_00151.mp4,100,False,8,-1,0,-2.0257,NO,NO.
order_32f,data/videos_v2/int_100ms/v2_100_00152.mp4,100,True,32,1,0,-1.1505,NO,NO.
moved_real,data/videos_v2/int_100ms/v2_100_00152.mp4,100,True,8,1,0,-1.0233,NO,NO.
moved_twin,data/twin_v2/v2_100_00152.mp4,100,True,8,0,0,-3.5435,NO,NO.
still_real,data/videos_v2/int_100ms/v2_100_00152.mp4,100,True,8,0,1,1.4053,YES,YES.
still_twin,data/twin_v2/v2_100_00152.mp4,100,True,8,1,1,2.2589,YES,YES.
order_twin,data/twin_v2/v2_100_00152.mp4,100,True,8,-1,0,-2.1749,NO,NO.
order_32f,data/videos_v2/int_100ms/v2_100_00153.mp4,100,False,32,0,0,-1.9673,NO,NO.
moved_real,data/videos_v2/int_100ms/v2_100_00153.mp4,100,False,8,1,0,-2.7199,NO,NO.
moved_twin,data/twin_v2/v2_100_00153.mp4,100,False,8,0,0,-3.236,NO,NO.
still_real,data/videos_v2/int_100ms/v2_100_00153.mp4,100,False,8,0,1,1.7713,YES,YES.
still_twin,data/twin_v2/v2_100_00153.mp4,100,False,8,1,1,2.3838,YES,YES.
order_twin,data/twin_v2/v2_100_00153.mp4,100,False,8,-1,0,-1.6576,NO,NO.
order_32f,data/videos_v2/int_100ms/v2_100_00154.mp4,100,True,32,1,0,-1.7644,NO,NO.
moved_real,data/videos_v2/int_100ms/v2_100_00154.mp4,100,True,8,1,0,-2.0254,NO,NO.
moved_twin,data/twin_v2/v2_100_00154.mp4,100,True,8,0,0,-3.2493,NO,NO.
still_real,data/videos_v2/int_100ms/v2_100_00154.mp4,100,True,8,0,1,1.7767,YES,YES.
still_twin,data/twin_v2/v2_100_00154.mp4,100,True,8,1,1,2.7497,YES,YES.
order_twin,data/twin_v2/v2_100_00154.mp4,100,True,8,-1,0,-1.7822,NO,NO.
order_32f,data/videos_v2/int_100ms/v2_100_00155.mp4,100,True,32,1,0,-2.3223,NO,NO.
moved_real,data/videos_v2/int_100ms/v2_100_00155.mp4,100,True,8,1,0,-2.1104,NO,NO.
moved_twin,data/twin_v2/v2_100_00155.mp4,100,True,8,0,0,-3.3307,NO,NO.
still_real,data/videos_v2/int_100ms/v2_100_00155.mp4,100,True,8,0,1,1.5268,YES,YES.
still_twin,data/twin_v2/v2_100_00155.mp4,100,True,8,1,1,2.6148,YES,YES.
order_twin,data/twin_v2/v2_100_00155.mp4,100,True,8,-1,0,-2.4709,NO,NO.
order_32f,data/videos_v2/int_100ms/v2_100_00156.mp4,100,False,32,0,0,-0.887,NO,NO.
moved_real,data/videos_v2/int_100ms/v2_100_00156.mp4,100,False,8,1,0,-1.7355,NO,NO.
moved_twin,data/twin_v2/v2_100_00156.mp4,100,False,8,0,0,-3.3451,NO,NO.
still_real,data/videos_v2/int_100ms/v2_100_00156.mp4,100,False,8,0,1,1.03,YES,YES.
still_twin,data/twin_v2/v2_100_00156.mp4,100,False,8,1,1,2.7498,YES,YES.
order_twin,data/twin_v2/v2_100_00156.mp4,100,False,8,-1,0,-2.2271,NO,NO.
order_32f,data/videos_v2/int_100ms/v2_100_00157.mp4,100,False,32,0,0,-1.6097,NO,NO.
moved_real,data/videos_v2/int_100ms/v2_100_00157.mp4,100,False,8,1,0,-0.7832,NO,NO.
moved_twin,data/twin_v2/v2_100_00157.mp4,100,False,8,0,0,-3.3744,NO,NO.
still_real,data/videos_v2/int_100ms/v2_100_00157.mp4,100,False,8,0,1,1.0432,YES,YES.
still_twin,data/twin_v2/v2_100_00157.mp4,100,False,8,1,1,2.26,YES,YES.
order_twin,data/twin_v2/v2_100_00157.mp4,100,False,8,-1,0,-1.9697,NO,NO.
order_32f,data/videos_v2/int_100ms/v2_100_00158.mp4,100,False,32,0,0,-2.0124,NO,NO.
moved_real,data/videos_v2/int_100ms/v2_100_00158.mp4,100,False,8,1,0,-2.9726,NO,NO.
moved_twin,data/twin_v2/v2_100_00158.mp4,100,False,8,0,0,-3.0683,NO,NO.
still_real,data/videos_v2/int_100ms/v2_100_00158.mp4,100,False,8,0,1,2.0071,YES,YES.
still_twin,data/twin_v2/v2_100_00158.mp4,100,False,8,1,1,2.1419,YES,YES.
order_twin,data/twin_v2/v2_100_00158.mp4,100,False,8,-1,0,-1.6664,NO,NO.
order_32f,data/videos_v2/int_100ms/v2_100_00159.mp4,100,False,32,0,0,-1.4988,NO,NO.
moved_real,data/videos_v2/int_100ms/v2_100_00159.mp4,100,False,8,1,0,-1.9986,NO,NO.
moved_twin,data/twin_v2/v2_100_00159.mp4,100,False,8,0,0,-3.2057,NO,NO.
still_real,data/videos_v2/int_100ms/v2_100_00159.mp4,100,False,8,0,1,1.0385,YES,YES.
still_twin,data/twin_v2/v2_100_00159.mp4,100,False,8,1,1,1.6441,YES,YES.
order_twin,data/twin_v2/v2_100_00159.mp4,100,False,8,-1,0,-1.7726,NO,NO.
order_32f,data/videos_v2/int_100ms/v2_100_00160.mp4,100,True,32,1,0,-0.6101,NO,NO.
moved_real,data/videos_v2/int_100ms/v2_100_00160.mp4,100,True,8,1,1,0.1906,YES,YES.
moved_twin,data/twin_v2/v2_100_00160.mp4,100,True,8,0,0,-2.9851,NO,NO.
still_real,data/videos_v2/int_100ms/v2_100_00160.mp4,100,True,8,0,0,-0.81,NO,NO.
still_twin,data/twin_v2/v2_100_00160.mp4,100,True,8,1,1,2.3875,YES,YES.
order_twin,data/twin_v2/v2_100_00160.mp4,100,True,8,-1,0,-2.3456,NO,NO.
order_32f,data/videos_v2/int_100ms/v2_100_00161.mp4,100,False,32,0,0,-2.3781,NO,NO.
moved_real,data/videos_v2/int_100ms/v2_100_00161.mp4,100,False,8,1,0,-3.2224,NO,NO.
moved_twin,data/twin_v2/v2_100_00161.mp4,100,False,8,0,0,-3.4702,NO,NO.
still_real,data/videos_v2/int_100ms/v2_100_00161.mp4,100,False,8,0,1,1.284,YES,YES.
still_twin,data/twin_v2/v2_100_00161.mp4,100,False,8,1,1,2.01,YES,YES.
order_twin,data/twin_v2/v2_100_00161.mp4,100,False,8,-1,0,-1.9407,NO,NO.
order_32f,data/videos_v2/int_100ms/v2_100_00162.mp4,100,False,32,0,0,-2.2826,NO,NO.
moved_real,data/videos_v2/int_100ms/v2_100_00162.mp4,100,False,8,1,0,-2.1402,NO,NO.
moved_twin,data/twin_v2/v2_100_00162.mp4,100,False,8,0,0,-3.2537,NO,NO.
still_real,data/videos_v2/int_100ms/v2_100_00162.mp4,100,False,8,0,1,2.0099,YES,YES.
still_twin,data/twin_v2/v2_100_00162.mp4,100,False,8,1,1,2.6248,YES,YES.
order_twin,data/twin_v2/v2_100_00162.mp4,100,False,8,-1,0,-1.9167,NO,NO.
order_32f,data/videos_v2/int_100ms/v2_100_00163.mp4,100,True,32,1,0,-2.0521,NO,NO.
moved_real,data/videos_v2/int_100ms/v2_100_00163.mp4,100,True,8,1,0,-3.9219,NO,NO.
moved_twin,data/twin_v2/v2_100_00163.mp4,100,True,8,0,0,-3.7647,NO,NO.
still_real,data/videos_v2/int_100ms/v2_100_00163.mp4,100,True,8,0,1,2.1329,YES,YES.
still_twin,data/twin_v2/v2_100_00163.mp4,100,True,8,1,1,2.0134,YES,YES.
order_twin,data/twin_v2/v2_100_00163.mp4,100,True,8,-1,0,-1.8863,NO,NO.
order_32f,data/videos_v2/int_100ms/v2_100_00164.mp4,100,True,32,1,1,0.1923,YES,YES.
moved_real,data/videos_v2/int_100ms/v2_100_00164.mp4,100,True,8,1,1,0.5432,YES,YES.
moved_twin,data/twin_v2/v2_100_00164.mp4,100,True,8,0,0,-3.2494,NO,NO.
still_real,data/videos_v2/int_100ms/v2_100_00164.mp4,100,True,8,0,1,0.4422,YES,YES.
still_twin,data/twin_v2/v2_100_00164.mp4,100,True,8,1,1,2.2669,YES,YES.
order_twin,data/twin_v2/v2_100_00164.mp4,100,True,8,-1,0,-1.9165,NO,NO.
order_32f,data/videos_v2/int_100ms/v2_100_00165.mp4,100,False,32,0,0,-1.8872,NO,NO.
moved_real,data/videos_v2/int_100ms/v2_100_00165.mp4,100,False,8,1,0,-2.0784,NO,NO.
moved_twin,data/twin_v2/v2_100_00165.mp4,100,False,8,0,0,-3.8558,NO,NO.
still_real,data/videos_v2/int_100ms/v2_100_00165.mp4,100,False,8,0,1,1.418,YES,YES.
still_twin,data/twin_v2/v2_100_00165.mp4,100,False,8,1,1,2.0213,YES,YES.
order_twin,data/twin_v2/v2_100_00165.mp4,100,False,8,-1,0,-2.0227,NO,NO.
order_32f,data/videos_v2/int_100ms/v2_100_00166.mp4,100,False,32,0,0,-0.5443,NO,NO.
moved_real,data/videos_v2/int_100ms/v2_100_00166.mp4,100,False,8,1,0,-0.5335,NO,NO.
moved_twin,data/twin_v2/v2_100_00166.mp4,100,False,8,0,0,-2.9859,NO,NO.
still_real,data/videos_v2/int_100ms/v2_100_00166.mp4,100,False,8,0,1,1.1789,YES,YES.
still_twin,data/twin_v2/v2_100_00166.mp4,100,False,8,1,1,2.4999,YES,YES.
order_twin,data/twin_v2/v2_100_00166.mp4,100,False,8,-1,0,-2.0324,NO,NO.
order_32f,data/videos_v2/int_100ms/v2_100_00167.mp4,100,False,32,0,0,-1.637,NO,NO.
moved_real,data/videos_v2/int_100ms/v2_100_00167.mp4,100,False,8,1,0,-2.3449,NO,NO.
moved_twin,data/twin_v2/v2_100_00167.mp4,100,False,8,0,0,-2.8606,NO,NO.
still_real,data/videos_v2/int_100ms/v2_100_00167.mp4,100,False,8,0,1,1.788,YES,YES.
still_twin,data/twin_v2/v2_100_00167.mp4,100,False,8,1,1,2.3748,YES,YES.
order_twin,data/twin_v2/v2_100_00167.mp4,100,False,8,-1,0,-1.9074,NO,NO.
order_32f,data/videos_v2/int_100ms/v2_100_00168.mp4,100,True,32,1,0,-2.2651,NO,NO.
moved_real,data/videos_v2/int_100ms/v2_100_00168.mp4,100,True,8,1,0,-1.7485,NO,NO.
moved_twin,data/twin_v2/v2_100_00168.mp4,100,True,8,0,0,-3.2352,NO,NO.
still_real,data/videos_v2/int_100ms/v2_100_00168.mp4,100,True,8,0,1,0.7843,YES,YES.
still_twin,data/twin_v2/v2_100_00168.mp4,100,True,8,1,1,2.2589,YES,YES.
order_twin,data/twin_v2/v2_100_00168.mp4,100,True,8,-1,0,-2.1607,NO,NO.
order_32f,data/videos_v2/int_100ms/v2_100_00169.mp4,100,False,32,0,0,-2.4627,NO,NO.
moved_real,data/videos_v2/int_100ms/v2_100_00169.mp4,100,False,8,1,0,-3.2778,NO,NO.
moved_twin,data/twin_v2/v2_100_00169.mp4,100,False,8,0,0,-3.4537,NO,NO.
still_real,data/videos_v2/int_100ms/v2_100_00169.mp4,100,False,8,0,1,1.892,YES,YES.
still_twin,data/twin_v2/v2_100_00169.mp4,100,False,8,1,1,2.152,YES,YES.
order_twin,data/twin_v2/v2_100_00169.mp4,100,False,8,-1,0,-2.0786,NO,NO.
order_32f,data/videos_v2/int_100ms/v2_100_00170.mp4,100,False,32,0,0,-1.8107,NO,NO.
moved_real,data/videos_v2/int_100ms/v2_100_00170.mp4,100,False,8,1,0,-1.7035,NO,NO.
moved_twin,data/twin_v2/v2_100_00170.mp4,100,False,8,0,0,-2.9537,NO,NO.
still_real,data/videos_v2/int_100ms/v2_100_00170.mp4,100,False,8,0,1,1.4091,YES,YES.
still_twin,data/twin_v2/v2_100_00170.mp4,100,False,8,1,1,2.1419,YES,YES.
order_twin,data/twin_v2/v2_100_00170.mp4,100,False,8,-1,0,-2.1399,NO,NO.
order_32f,data/videos_v2/int_100ms/v2_100_00171.mp4,100,True,32,1,0,-0.0148,NO,NO.
moved_real,data/videos_v2/int_100ms/v2_100_00171.mp4,100,True,8,1,0,0.0435,NO,NO.
moved_twin,data/twin_v2/v2_100_00171.mp4,100,True,8,0,0,-3.3451,NO,NO.
still_real,data/videos_v2/int_100ms/v2_100_00171.mp4,100,True,8,0,1,0.2142,YES,YES.
still_twin,data/twin_v2/v2_100_00171.mp4,100,True,8,1,1,2.7599,YES,YES.
order_twin,data/twin_v2/v2_100_00171.mp4,100,True,8,-1,0,-2.1158,NO,NO.
order_32f,data/videos_v2/int_100ms/v2_100_00172.mp4,100,False,32,0,0,-0.7207,NO,NO.
moved_real,data/videos_v2/int_100ms/v2_100_00172.mp4,100,False,8,1,0,-1.624,NO,NO.
moved_twin,data/twin_v2/v2_100_00172.mp4,100,False,8,0,0,-2.9853,NO,NO.
still_real,data/videos_v2/int_100ms/v2_100_00172.mp4,100,False,8,0,1,1.517,YES,YES.
still_twin,data/twin_v2/v2_100_00172.mp4,100,False,8,1,1,2.274,YES,YES.
order_twin,data/twin_v2/v2_100_00172.mp4,100,False,8,-1,0,-1.7406,NO,NO.
order_32f,data/videos_v2/int_100ms/v2_100_00173.mp4,100,True,32,1,0,-2.8461,NO,NO.
moved_real,data/videos_v2/int_100ms/v2_100_00173.mp4,100,True,8,1,0,-3.1402,NO,NO.
moved_twin,data/twin_v2/v2_100_00173.mp4,100,True,8,0,0,-3.2651,NO,NO.
still_real,data/videos_v2/int_100ms/v2_100_00173.mp4,100,True,8,0,1,2.5189,YES,YES.
still_twin,data/twin_v2/v2_100_00173.mp4,100,True,8,1,1,2.7689,YES,YES.
order_twin,data/twin_v2/v2_100_00173.mp4,100,True,8,-1,0,-2.1398,NO,NO.
order_32f,data/videos_v2/int_100ms/v2_100_00174.mp4,100,True,32,1,0,-2.4626,NO,NO.
moved_real,data/videos_v2/int_100ms/v2_100_00174.mp4,100,True,8,1,0,-2.8447,NO,NO.
moved_twin,data/twin_v2/v2_100_00174.mp4,100,True,8,0,0,-3.2776,NO,NO.
still_real,data/videos_v2/int_100ms/v2_100_00174.mp4,100,True,8,0,1,1.76,YES,YES.
still_twin,data/twin_v2/v2_100_00174.mp4,100,True,8,1,1,1.769,YES,YES.
order_twin,data/twin_v2/v2_100_00174.mp4,100,True,8,-1,0,-1.8779,NO,NO.
order_32f,data/videos_v2/int_100ms/v2_100_00175.mp4,100,False,32,0,0,-1.032,NO,NO.
moved_real,data/videos_v2/int_100ms/v2_100_00175.mp4,100,False,8,1,0,-0.8141,NO,NO.
moved_twin,data/twin_v2/v2_100_00175.mp4,100,False,8,0,0,-2.8449,NO,NO.
still_real,data/videos_v2/int_100ms/v2_100_00175.mp4,100,False,8,0,1,1.304,YES,YES.
still_twin,data/twin_v2/v2_100_00175.mp4,100,False,8,1,1,2.1362,YES,YES.
order_twin,data/twin_v2/v2_100_00175.mp4,100,False,8,-1,0,-1.7824,NO,NO.
order_32f,data/videos_v2/int_100ms/v2_100_00176.mp4,100,True,32,1,0,-1.7126,NO,NO.
moved_real,data/videos_v2/int_100ms/v2_100_00176.mp4,100,True,8,1,0,-3.0683,NO,NO.
moved_twin,data/twin_v2/v2_100_00176.mp4,100,True,8,0,0,-3.4853,NO,NO.
still_real,data/videos_v2/int_100ms/v2_100_00176.mp4,100,True,8,0,1,0.3105,YES,YES.
still_twin,data/twin_v2/v2_100_00176.mp4,100,True,8,1,1,1.899,YES,YES.
order_twin,data/twin_v2/v2_100_00176.mp4,100,True,8,-1,0,-1.4907,NO,NO.
order_32f,data/videos_v2/int_100ms/v2_100_00177.mp4,100,False,32,0,0,-2.3873,NO,NO.
moved_real,data/videos_v2/int_100ms/v2_100_00177.mp4,100,False,8,1,0,-2.7351,NO,NO.
moved_twin,data/twin_v2/v2_100_00177.mp4,100,False,8,0,0,-3.2201,NO,NO.
still_real,data/videos_v2/int_100ms/v2_100_00177.mp4,100,False,8,0,1,1.6463,YES,YES.
still_twin,data/twin_v2/v2_100_00177.mp4,100,False,8,1,1,2.1463,YES,YES.
order_twin,data/twin_v2/v2_100_00177.mp4,100,False,8,-1,0,-1.89,NO,NO.
order_32f,data/videos_v2/int_100ms/v2_100_00178.mp4,100,True,32,1,0,-2.1398,NO,NO.
moved_real,data/videos_v2/int_100ms/v2_100_00178.mp4,100,True,8,1,0,-2.9991,NO,NO.
moved_twin,data/twin_v2/v2_100_00178.mp4,100,True,8,0,0,-3.026,NO,NO.
still_real,data/videos_v2/int_100ms/v2_100_00178.mp4,100,True,8,0,1,1.633,YES,YES.
still_twin,data/twin_v2/v2_100_00178.mp4,100,True,8,1,1,2.1339,YES,YES.
order_twin,data/twin_v2/v2_100_00178.mp4,100,True,8,-1,0,-1.6748,NO,NO.
order_32f,data/videos_v2/int_100ms/v2_100_00179.mp4,100,False,32,0,0,-0.0354,NO,NO.
moved_real,data/videos_v2/int_100ms/v2_100_00179.mp4,100,False,8,1,1,1.2931,YES,YES.
moved_twin,data/twin_v2/v2_100_00179.mp4,100,False,8,0,0,-2.8289,NO,NO.
still_real,data/videos_v2/int_100ms/v2_100_00179.mp4,100,False,8,0,0,-0.0117,NO,NO.
still_twin,data/twin_v2/v2_100_00179.mp4,100,False,8,1,1,2.5112,YES,YES.
order_twin,data/twin_v2/v2_100_00179.mp4,100,False,8,-1,0,-2.1664,NO,NO.
order_32f,data/videos_v2/int_100ms/v2_100_00180.mp4,100,False,32,0,0,-1.2267,NO,NO.
moved_real,data/videos_v2/int_100ms/v2_100_00180.mp4,100,False,8,1,0,-1.4846,NO,NO.
moved_twin,data/twin_v2/v2_100_00180.mp4,100,False,8,0,0,-3.2493,NO,NO.
still_real,data/videos_v2/int_100ms/v2_100_00180.mp4,100,False,8,0,1,2.1375,YES,YES.
still_twin,data/twin_v2/v2_100_00180.mp4,100,False,8,1,1,2.6248,YES,YES.
order_twin,data/twin_v2/v2_100_00180.mp4,100,False,8,-1,0,-2.0628,NO,NO.
order_32f,data/videos_v2/int_100ms/v2_100_00181.mp4,100,False,32,0,0,-1.9767,NO,NO.
moved_real,data/videos_v2/int_100ms/v2_100_00181.mp4,100,False,8,1,0,-2.5628,NO,NO.
moved_twin,data/twin_v2/v2_100_00181.mp4,100,False,8,0,0,-3.5436,NO,NO.
still_real,data/videos_v2/int_100ms/v2_100_00181.mp4,100,False,8,0,0,0.1019,NO,NO.
still_twin,data/twin_v2/v2_100_00181.mp4,100,False,8,1,1,2.26,YES,YES.
order_twin,data/twin_v2/v2_100_00181.mp4,100,False,8,-1,0,-2.1157,NO,NO.
order_32f,data/videos_v2/int_100ms/v2_100_00182.mp4,100,True,32,1,0,-2.4856,NO,NO.
moved_real,data/videos_v2/int_100ms/v2_100_00182.mp4,100,True,8,1,0,-3.2516,NO,NO.
moved_twin,data/twin_v2/v2_100_00182.mp4,100,True,8,0,0,-3.0116,NO,NO.
still_real,data/videos_v2/int_100ms/v2_100_00182.mp4,100,True,8,0,1,1.5271,YES,YES.
still_twin,data/twin_v2/v2_100_00182.mp4,100,True,8,1,1,2.0119,YES,YES.
order_twin,data/twin_v2/v2_100_00182.mp4,100,True,8,-1,0,-1.7728,NO,NO.
order_32f,data/videos_v2/int_100ms/v2_100_00183.mp4,100,True,32,1,0,-2.1907,NO,NO.
moved_real,data/videos_v2/int_100ms/v2_100_00183.mp4,100,True,8,1,0,-3.4009,NO,NO.
moved_twin,data/twin_v2/v2_100_00183.mp4,100,True,8,0,0,-3.5259,NO,NO.
still_real,data/videos_v2/int_100ms/v2_100_00183.mp4,100,True,8,0,1,2.0089,YES,YES.
still_twin,data/twin_v2/v2_100_00183.mp4,100,True,8,1,1,2.4998,YES,YES.
order_twin,data/twin_v2/v2_100_00183.mp4,100,True,8,-1,0,-1.7998,NO,NO.
order_32f,data/videos_v2/int_100ms/v2_100_00184.mp4,100,True,32,1,0,-2.4858,NO,NO.
moved_real,data/videos_v2/int_100ms/v2_100_00184.mp4,100,True,8,1,0,-3.2225,NO,NO.
moved_twin,data/twin_v2/v2_100_00184.mp4,100,True,8,0,0,-3.5811,NO,NO.
still_real,data/videos_v2/int_100ms/v2_100_00184.mp4,100,True,8,0,1,1.409,YES,YES.
still_twin,data/twin_v2/v2_100_00184.mp4,100,True,8,1,1,1.8963,YES,YES.
order_twin,data/twin_v2/v2_100_00184.mp4,100,True,8,-1,0,-2.0149,NO,NO.
order_32f,data/videos_v2/int_100ms/v2_100_00185.mp4,100,False,32,0,0,-2.3284,NO,NO.
moved_real,data/videos_v2/int_100ms/v2_100_00185.mp4,100,False,8,1,0,-3.2378,NO,NO.
moved_twin,data/twin_v2/v2_100_00185.mp4,100,False,8,0,0,-3.2353,NO,NO.
still_real,data/videos_v2/int_100ms/v2_100_00185.mp4,100,False,8,0,1,2.019,YES,YES.
still_twin,data/twin_v2/v2_100_00185.mp4,100,False,8,1,1,2.2579,YES,YES.
order_twin,data/twin_v2/v2_100_00185.mp4,100,False,8,-1,0,-1.6506,NO,NO.
order_32f,data/videos_v2/int_100ms/v2_100_00186.mp4,100,False,32,0,0,-1.3652,NO,NO.
moved_real,data/videos_v2/int_100ms/v2_100_00186.mp4,100,False,8,1,0,-0.9845,NO,NO.
moved_twin,data/twin_v2/v2_100_00186.mp4,100,False,8,0,0,-2.9699,NO,NO.
still_real,data/videos_v2/int_100ms/v2_100_00186.mp4,100,False,8,0,0,-0.0032,NO,NO.
still_twin,data/twin_v2/v2_100_00186.mp4,100,False,8,1,1,2.5089,YES,YES.
order_twin,data/twin_v2/v2_100_00186.mp4,100,False,8,-1,0,-2.1239,NO,NO.
order_32f,data/videos_v2/int_100ms/v2_100_00187.mp4,100,False,32,0,0,-2.1105,NO,NO.
moved_real,data/videos_v2/int_100ms/v2_100_00187.mp4,100,False,8,1,0,-2.2375,NO,NO.
moved_twin,data/twin_v2/v2_100_00187.mp4,100,False,8,0,0,-3.206,NO,NO.
still_real,data/videos_v2/int_100ms/v2_100_00187.mp4,100,False,8,0,1,1.5241,YES,YES.
still_twin,data/twin_v2/v2_100_00187.mp4,100,False,8,1,1,2.1321,YES,YES.
order_twin,data/twin_v2/v2_100_00187.mp4,100,False,8,-1,0,-1.9197,NO,NO.
order_32f,data/videos_v2/int_100ms/v2_100_00188.mp4,100,False,32,0,0,-2.0721,NO,NO.
moved_real,data/videos_v2/int_100ms/v2_100_00188.mp4,100,False,8,1,0,-2.8863,NO,NO.
moved_twin,data/twin_v2/v2_100_00188.mp4,100,False,8,0,0,-3.1368,NO,NO.
still_real,data/videos_v2/int_100ms/v2_100_00188.mp4,100,False,8,0,1,1.6464,YES,YES.
still_twin,data/twin_v2/v2_100_00188.mp4,100,False,8,1,1,2.1321,YES,YES.
order_twin,data/twin_v2/v2_100_00188.mp4,100,False,8,-1,0,-1.9004,NO,NO.
order_32f,data/videos_v2/int_100ms/v2_100_00189.mp4,100,False,32,0,0,-1.8656,NO,NO.
moved_real,data/videos_v2/int_100ms/v2_100_00189.mp4,100,False,8,1,0,-2.7618,NO,NO.
moved_twin,data/twin_v2/v2_100_00189.mp4,100,False,8,0,0,-3.0232,NO,NO.
still_real,data/videos_v2/int_100ms/v2_100_00189.mp4,100,False,8,0,1,1.7669,YES,YES.
still_twin,data/twin_v2/v2_100_00189.mp4,100,False,8,1,1,2.0071,YES,YES.
order_twin,data/twin_v2/v2_100_00189.mp4,100,False,8,-1,0,-1.4197,NO,NO.
order_32f,data/videos_v2/int_100ms/v2_100_00190.mp4,100,True,32,1,0,-1.5956,NO,NO.
moved_real,data/videos_v2/int_100ms/v2_100_00190.mp4,100,True,8,1,0,-2.6857,NO,NO.
moved_twin,data/twin_v2/v2_100_00190.mp4,100,True,8,0,0,-3.6299,NO,NO.
still_real,data/videos_v2/int_100ms/v2_100_00190.mp4,100,True,8,0,1,1.8862,YES,YES.
still_twin,data/twin_v2/v2_100_00190.mp4,100,True,8,1,1,2.3963,YES,YES.
order_twin,data/twin_v2/v2_100_00190.mp4,100,True,8,-1,0,-1.9991,NO,NO.
order_32f,data/videos_v2/int_100ms/v2_100_00191.mp4,100,True,32,1,0,-1.1016,NO,NO.
moved_real,data/videos_v2/int_100ms/v2_100_00191.mp4,100,True,8,1,0,-0.1781,NO,NO.
moved_twin,data/twin_v2/v2_100_00191.mp4,100,True,8,0,0,-2.8744,NO,NO.
still_real,data/videos_v2/int_100ms/v2_100_00191.mp4,100,True,8,0,1,1.5475,YES,YES.
still_twin,data/twin_v2/v2_100_00191.mp4,100,True,8,1,1,2.6375,YES,YES.
order_twin,data/twin_v2/v2_100_00191.mp4,100,True,8,-1,0,-2.1281,NO,NO.
order_32f,data/videos_v2/int_100ms/v2_100_00192.mp4,100,True,32,1,0,-1.4754,NO,NO.
moved_real,data/videos_v2/int_100ms/v2_100_00192.mp4,100,True,8,1,0,-1.7351,NO,NO.
moved_twin,data/twin_v2/v2_100_00192.mp4,100,True,8,0,0,-2.9555,NO,NO.
still_real,data/videos_v2/int_100ms/v2_100_00192.mp4,100,True,8,0,1,1.2976,YES,YES.
still_twin,data/twin_v2/v2_100_00192.mp4,100,True,8,1,1,2.2739,YES,YES.
order_twin,data/twin_v2/v2_100_00192.mp4,100,True,8,-1,0,-2.2531,NO,NO.
order_32f,data/videos_v2/int_100ms/v2_100_00193.mp4,100,True,32,1,0,-2.3897,NO,NO.
moved_real,data/videos_v2/int_100ms/v2_100_00193.mp4,100,True,8,1,0,-2.7493,NO,NO.
moved_twin,data/twin_v2/v2_100_00193.mp4,100,True,8,0,0,-3.1109,NO,NO.
still_real,data/videos_v2/int_100ms/v2_100_00193.mp4,100,True,8,0,1,1.1554,YES,YES.
still_twin,data/twin_v2/v2_100_00193.mp4,100,True,8,1,1,1.894,YES,YES.
order_twin,data/twin_v2/v2_100_00193.mp4,100,True,8,-1,0,-1.6606,NO,NO.
order_32f,data/videos_v2/int_100ms/v2_100_00194.mp4,100,False,32,0,0,-1.6154,NO,NO.
moved_real,data/videos_v2/int_100ms/v2_100_00194.mp4,100,False,8,1,0,-2.5116,NO,NO.
moved_twin,data/twin_v2/v2_100_00194.mp4,100,False,8,0,0,-3.3288,NO,NO.
still_real,data/videos_v2/int_100ms/v2_100_00194.mp4,100,False,8,0,1,1.399,YES,YES.
still_twin,data/twin_v2/v2_100_00194.mp4,100,False,8,1,1,2.385,YES,YES.
order_twin,data/twin_v2/v2_100_00194.mp4,100,False,8,-1,0,-2.1478,NO,NO.
order_32f,data/videos_v2/int_100ms/v2_100_00195.mp4,100,False,32,0,0,-2.0353,NO,NO.
moved_real,data/videos_v2/int_100ms/v2_100_00195.mp4,100,False,8,1,0,-3.3525,NO,NO.
moved_twin,data/twin_v2/v2_100_00195.mp4,100,False,8,0,0,-3.3067,NO,NO.
still_real,data/videos_v2/int_100ms/v2_100_00195.mp4,100,False,8,0,1,1.1635,YES,YES.
still_twin,data/twin_v2/v2_100_00195.mp4,100,False,8,1,1,2.0151,YES,YES.
order_twin,data/twin_v2/v2_100_00195.mp4,100,False,8,-1,0,-1.6477,NO,NO.
order_32f,data/videos_v2/int_100ms/v2_100_00196.mp4,100,False,32,0,0,-1.9405,NO,NO.
moved_real,data/videos_v2/int_100ms/v2_100_00196.mp4,100,False,8,1,0,-2.4009,NO,NO.
moved_twin,data/twin_v2/v2_100_00196.mp4,100,False,8,0,0,-3.1577,NO,NO.
still_real,data/videos_v2/int_100ms/v2_100_00196.mp4,100,False,8,0,1,1.2804,YES,YES.
still_twin,data/twin_v2/v2_100_00196.mp4,100,False,8,1,1,1.784,YES,YES.
order_twin,data/twin_v2/v2_100_00196.mp4,100,False,8,-1,0,-1.5788,NO,NO.
order_32f,data/videos_v2/int_100ms/v2_100_00197.mp4,100,False,32,0,0,-1.973,NO,NO.
moved_real,data/videos_v2/int_100ms/v2_100_00197.mp4,100,False,8,1,0,-2.7858,NO,NO.
moved_twin,data/twin_v2/v2_100_00197.mp4,100,False,8,0,0,-2.8901,NO,NO.
still_real,data/videos_v2/int_100ms/v2_100_00197.mp4,100,False,8,0,1,1.774,YES,YES.
still_twin,data/twin_v2/v2_100_00197.mp4,100,False,8,1,1,2.2499,YES,YES.
order_twin,data/twin_v2/v2_100_00197.mp4,100,False,8,-1,0,-1.7036,NO,NO.
order_32f,data/videos_v2/int_100ms/v2_100_00198.mp4,100,False,32,0,0,-2.542,NO,NO.
moved_real,data/videos_v2/int_100ms/v2_100_00198.mp4,100,False,8,1,0,-3.0975,NO,NO.
moved_twin,data/twin_v2/v2_100_00198.mp4,100,False,8,0,0,-3.3451,NO,NO.
still_real,data/videos_v2/int_100ms/v2_100_00198.mp4,100,False,8,0,1,1.4205,YES,YES.
still_twin,data/twin_v2/v2_100_00198.mp4,100,False,8,1,1,2.3749,YES,YES.
order_twin,data/twin_v2/v2_100_00198.mp4,100,False,8,-1,0,-2.1877,NO,NO.
order_32f,data/videos_v2/int_100ms/v2_100_00199.mp4,100,True,32,1,0,-2.4532,NO,NO.
moved_real,data/videos_v2/int_100ms/v2_100_00199.mp4,100,True,8,1,0,-2.3286,NO,NO.
moved_twin,data/twin_v2/v2_100_00199.mp4,100,True,8,0,0,-3.4538,NO,NO.
still_real,data/videos_v2/int_100ms/v2_100_00199.mp4,100,True,8,0,1,1.1732,YES,YES.
still_twin,data/twin_v2/v2_100_00199.mp4,100,True,8,1,1,1.7803,YES,YES.
order_twin,data/twin_v2/v2_100_00199.mp4,100,True,8,-1,0,-2.1109,NO,NO.
order_32f,data/videos_v2/int_200ms/v2_200_00200.mp4,200,True,32,1,0,-1.2405,NO,NO.
moved_real,data/videos_v2/int_200ms/v2_200_00200.mp4,200,True,8,1,0,-0.8899,NO,NO.
moved_twin,data/twin_v2/v2_200_00200.mp4,200,True,8,0,0,-2.8981,NO,NO.
still_real,data/videos_v2/int_200ms/v2_200_00200.mp4,200,True,8,0,1,1.2882,YES,YES.
still_twin,data/twin_v2/v2_200_00200.mp4,200,True,8,1,1,2.1519,YES,YES.
order_twin,data/twin_v2/v2_200_00200.mp4,200,True,8,-1,0,-2.1664,NO,NO.
order_32f,data/videos_v2/int_200ms/v2_200_00201.mp4,200,False,32,0,0,-1.1581,NO,NO.
moved_real,data/videos_v2/int_200ms/v2_200_00201.mp4,200,False,8,1,0,-1.5333,NO,NO.
moved_twin,data/twin_v2/v2_200_00201.mp4,200,False,8,0,0,-3.2277,NO,NO.
still_real,data/videos_v2/int_200ms/v2_200_00201.mp4,200,False,8,0,1,1.0456,YES,YES.
still_twin,data/twin_v2/v2_200_00201.mp4,200,False,8,1,1,1.8991,YES,YES.
order_twin,data/twin_v2/v2_200_00201.mp4,200,False,8,-1,0,-1.4989,NO,NO.
order_32f,data/videos_v2/int_200ms/v2_200_00202.mp4,200,True,32,1,0,-1.8758,NO,NO.
moved_real,data/videos_v2/int_200ms/v2_200_00202.mp4,200,True,8,1,0,-2.9993,NO,NO.
moved_twin,data/twin_v2/v2_200_00202.mp4,200,True,8,0,0,-3.2652,NO,NO.
still_real,data/videos_v2/int_200ms/v2_200_00202.mp4,200,True,8,0,1,0.3318,YES,YES.
still_twin,data/twin_v2/v2_200_00202.mp4,200,True,8,1,1,2.2599,YES,YES.
order_twin,data/twin_v2/v2_200_00202.mp4,200,True,8,-1,0,-1.8979,NO,NO.
order_32f,data/videos_v2/int_200ms/v2_200_00203.mp4,200,True,32,1,0,-1.8137,NO,NO.
moved_real,data/videos_v2/int_200ms/v2_200_00203.mp4,200,True,8,1,0,-2.3868,NO,NO.
moved_twin,data/twin_v2/v2_200_00203.mp4,200,True,8,0,0,-3.0152,NO,NO.
still_real,data/videos_v2/int_200ms/v2_200_00203.mp4,200,True,8,0,1,1.5191,YES,YES.
still_twin,data/twin_v2/v2_200_00203.mp4,200,True,8,1,1,2.0169,YES,YES.
order_twin,data/twin_v2/v2_200_00203.mp4,200,True,8,-1,0,-1.5149,NO,NO.
order_32f,data/videos_v2/int_200ms/v2_200_00204.mp4,200,True,32,1,0,-1.3655,NO,NO.
moved_real,data/videos_v2/int_200ms/v2_200_00204.mp4,200,True,8,1,0,-0.2855,NO,NO.
moved_twin,data/twin_v2/v2_200_00204.mp4,200,True,8,0,0,-2.8785,NO,NO.
still_real,data/videos_v2/int_200ms/v2_200_00204.mp4,200,True,8,0,1,0.6891,YES,YES.
still_twin,data/twin_v2/v2_200_00204.mp4,200,True,8,1,1,1.9019,YES,YES.
order_twin,data/twin_v2/v2_200_00204.mp4,200,True,8,-1,0,-1.9195,NO,NO.
order_32f,data/videos_v2/int_200ms/v2_200_00205.mp4,200,True,32,1,0,-1.9554,NO,NO.
moved_real,data/videos_v2/int_200ms/v2_200_00205.mp4,200,True,8,1,0,-2.0497,NO,NO.
moved_twin,data/twin_v2/v2_200_00205.mp4,200,True,8,0,0,-2.9168,NO,NO.
still_real,data/videos_v2/int_200ms/v2_200_00205.mp4,200,True,8,0,1,1.4232,YES,YES.
still_twin,data/twin_v2/v2_200_00205.mp4,200,True,8,1,1,2.3659,YES,YES.
order_twin,data/twin_v2/v2_200_00205.mp4,200,True,8,-1,0,-1.9164,NO,NO.
order_32f,data/videos_v2/int_200ms/v2_200_00206.mp4,200,False,32,0,0,-2.1016,NO,NO.
moved_real,data/videos_v2/int_200ms/v2_200_00206.mp4,200,False,8,1,0,-2.2053,NO,NO.
moved_twin,data/twin_v2/v2_200_00206.mp4,200,False,8,0,0,-3.2503,NO,NO.
still_real,data/videos_v2/int_200ms/v2_200_00206.mp4,200,False,8,0,1,0.455,YES,YES.
still_twin,data/twin_v2/v2_200_00206.mp4,200,False,8,1,1,2.277,YES,YES.
order_twin,data/twin_v2/v2_200_00206.mp4,200,False,8,-1,0,-1.9075,NO,NO.
order_32f,data/videos_v2/int_200ms/v2_200_00207.mp4,200,False,32,0,0,-2.033,NO,NO.
moved_real,data/videos_v2/int_200ms/v2_200_00207.mp4,200,False,8,1,0,-2.9926,NO,NO.
moved_twin,data/twin_v2/v2_200_00207.mp4,200,False,8,0,0,-2.8472,NO,NO.
still_real,data/videos_v2/int_200ms/v2_200_00207.mp4,200,False,8,0,1,1.782,YES,YES.
still_twin,data/twin_v2/v2_200_00207.mp4,200,False,8,1,1,2.0119,YES,YES.
order_twin,data/twin_v2/v2_200_00207.mp4,200,False,8,-1,0,-1.6582,NO,NO.
order_32f,data/videos_v2/int_200ms/v2_200_00208.mp4,200,True,32,1,0,-1.1576,NO,NO.
moved_real,data/videos_v2/int_200ms/v2_200_00208.mp4,200,True,8,1,0,-1.0332,NO,NO.
moved_twin,data/twin_v2/v2_200_00208.mp4,200,True,8,0,0,-3.4702,NO,NO.
still_real,data/videos_v2/int_200ms/v2_200_00208.mp4,200,True,8,0,1,0.1855,YES,YES.
still_twin,data/twin_v2/v2_200_00208.mp4,200,True,8,1,1,1.9052,YES,YES.
order_twin,data/twin_v2/v2_200_00208.mp4,200,True,8,-1,0,-2.14,NO,NO.
order_32f,data/videos_v2/int_200ms/v2_200_00209.mp4,200,True,32,1,0,-2.1019,NO,NO.
moved_real,data/videos_v2/int_200ms/v2_200_00209.mp4,200,True,8,1,0,-2.14,NO,NO.
moved_twin,data/twin_v2/v2_200_00209.mp4,200,True,8,0,0,-2.9713,NO,NO.
still_real,data/videos_v2/int_200ms/v2_200_00209.mp4,200,True,8,0,1,1.409,YES,YES.
still_twin,data/twin_v2/v2_200_00209.mp4,200,True,8,1,1,2.3939,YES,YES.
order_twin,data/twin_v2/v2_200_00209.mp4,200,True,8,-1,0,-2.0151,NO,NO.
order_32f,data/videos_v2/int_200ms/v2_200_00210.mp4,200,True,32,1,0,-2.5417,NO,NO.
moved_real,data/videos_v2/int_200ms/v2_200_00210.mp4,200,True,8,1,0,-3.3476,NO,NO.
moved_twin,data/twin_v2/v2_200_00210.mp4,200,True,8,0,0,-3.4853,NO,NO.
still_real,data/videos_v2/int_200ms/v2_200_00210.mp4,200,True,8,0,1,1.7589,YES,YES.
still_twin,data/twin_v2/v2_200_00210.mp4,200,True,8,1,1,1.875,YES,YES.
order_twin,data/twin_v2/v2_200_00210.mp4,200,True,8,-1,0,-1.7758,NO,NO.
order_32f,data/videos_v2/int_200ms/v2_200_00211.mp4,200,True,32,1,0,-1.2915,NO,NO.
moved_real,data/videos_v2/int_200ms/v2_200_00211.mp4,200,True,8,1,0,-2.6241,NO,NO.
moved_twin,data/twin_v2/v2_200_00211.mp4,200,True,8,0,0,-3.706,NO,NO.
still_real,data/videos_v2/int_200ms/v2_200_00211.mp4,200,True,8,0,1,1.1518,YES,YES.
still_twin,data/twin_v2/v2_200_00211.mp4,200,True,8,1,1,2.2738,YES,YES.
order_twin,data/twin_v2/v2_200_00211.mp4,200,True,8,-1,0,-2.14,NO,NO.
order_32f,data/videos_v2/int_200ms/v2_200_00212.mp4,200,True,32,1,0,-2.5232,NO,NO.
moved_real,data/videos_v2/int_200ms/v2_200_00212.mp4,200,True,8,1,0,-3.4538,NO,NO.
moved_twin,data/twin_v2/v2_200_00212.mp4,200,True,8,0,0,-3.4363,NO,NO.
still_real,data/videos_v2/int_200ms/v2_200_00212.mp4,200,True,8,0,1,1.409,YES,YES.
still_twin,data/twin_v2/v2_200_00212.mp4,200,True,8,1,1,2.2712,YES,YES.
order_twin,data/twin_v2/v2_200_00212.mp4,200,True,8,-1,0,-2.2532,NO,NO.
order_32f,data/videos_v2/int_200ms/v2_200_00213.mp4,200,True,32,1,0,-2.227,NO,NO.
moved_real,data/videos_v2/int_200ms/v2_200_00213.mp4,200,True,8,1,0,-3.0786,NO,NO.
moved_twin,data/twin_v2/v2_200_00213.mp4,200,True,8,0,0,-3.4379,NO,NO.
still_real,data/videos_v2/int_200ms/v2_200_00213.mp4,200,True,8,0,1,0.9181,YES,YES.
still_twin,data/twin_v2/v2_200_00213.mp4,200,True,8,1,1,2.019,YES,YES.
order_twin,data/twin_v2/v2_200_00213.mp4,200,True,8,-1,0,-2.0256,NO,NO.
order_32f,data/videos_v2/int_200ms/v2_200_00214.mp4,200,False,32,0,0,-2.1023,NO,NO.
moved_real,data/videos_v2/int_200ms/v2_200_00214.mp4,200,False,8,1,0,-2.7495,NO,NO.
moved_twin,data/twin_v2/v2_200_00214.mp4,200,False,8,0,0,-2.7829,NO,NO.
still_real,data/videos_v2/int_200ms/v2_200_00214.mp4,200,False,8,0,1,1.9053,YES,YES.
still_twin,data/twin_v2/v2_200_00214.mp4,200,False,8,1,1,2.26,YES,YES.
order_twin,data/twin_v2/v2_200_00214.mp4,200,False,8,-1,0,-1.8288,NO,NO.
order_32f,data/videos_v2/int_200ms/v2_200_00215.mp4,200,False,32,0,0,-2.2055,NO,NO.
moved_real,data/videos_v2/int_200ms/v2_200_00215.mp4,200,False,8,1,0,-2.0254,NO,NO.
moved_twin,data/twin_v2/v2_200_00215.mp4,200,False,8,0,0,-3.206,NO,NO.
still_real,data/videos_v2/int_200ms/v2_200_00215.mp4,200,False,8,0,1,0.9466,YES,YES.
still_twin,data/twin_v2/v2_200_00215.mp4,200,False,8,1,1,2.2713,YES,YES.
order_twin,data/twin_v2/v2_200_00215.mp4,200,False,8,-1,0,-2.1107,NO,NO.
order_32f,data/videos_v2/int_200ms/v2_200_00216.mp4,200,False,32,0,0,-1.9905,NO,NO.
moved_real,data/videos_v2/int_200ms/v2_200_00216.mp4,200,False,8,1,0,-2.4699,NO,NO.
moved_twin,data/twin_v2/v2_200_00216.mp4,200,False,8,0,0,-3.313,NO,NO.
still_real,data/videos_v2/int_200ms/v2_200_00216.mp4,200,False,8,0,1,1.1725,YES,YES.
still_twin,data/twin_v2/v2_200_00216.mp4,200,False,8,1,1,2.2803,YES,YES.
order_twin,data/twin_v2/v2_200_00216.mp4,200,False,8,-1,0,-1.9075,NO,NO.
order_32f,data/videos_v2/int_200ms/v2_200_00217.mp4,200,True,32,1,0,-2.3523,NO,NO.
moved_real,data/videos_v2/int_200ms/v2_200_00217.mp4,200,True,8,1,0,-3.4702,NO,NO.
moved_twin,data/twin_v2/v2_200_00217.mp4,200,True,8,0,0,-3.3463,NO,NO.
still_real,data/videos_v2/int_200ms/v2_200_00217.mp4,200,True,8,0,1,1.2841,YES,YES.
still_twin,data/twin_v2/v2_200_00217.mp4,200,True,8,1,1,2.1351,YES,YES.
order_twin,data/twin_v2/v2_200_00217.mp4,200,True,8,-1,0,-2.1022,NO,NO.
order_32f,data/videos_v2/int_200ms/v2_200_00218.mp4,200,False,32,0,0,-1.0319,NO,NO.
moved_real,data/videos_v2/int_200ms/v2_200_00218.mp4,200,False,8,1,0,-0.2855,NO,NO.
moved_twin,data/twin_v2/v2_200_00218.mp4,200,False,8,0,0,-2.7083,NO,NO.
still_real,data/videos_v2/int_200ms/v2_200_00218.mp4,200,False,8,0,1,1.0672,YES,YES.
still_twin,data/twin_v2/v2_200_00218.mp4,200,False,8,1,1,2.6249,YES,YES.
order_twin,data/twin_v2/v2_200_00218.mp4,200,False,8,-1,0,-2.0414,NO,NO.
order_32f,data/videos_v2/int_200ms/v2_200_00219.mp4,200,False,32,0,0,-2.5184,NO,NO.
moved_real,data/videos_v2/int_200ms/v2_200_00219.mp4,200,False,8,1,0,-3.1102,NO,NO.
moved_twin,data/twin_v2/v2_200_00219.mp4,200,False,8,0,0,-3.1244,NO,NO.
still_real,data/videos_v2/int_200ms/v2_200_00219.mp4,200,False,8,0,1,1.3892,YES,YES.
still_twin,data/twin_v2/v2_200_00219.mp4,200,False,8,1,1,2.4998,YES,YES.
order_twin,data/twin_v2/v2_200_00219.mp4,200,False,8,-1,0,-2.015,NO,NO.
order_32f,data/videos_v2/int_200ms/v2_200_00220.mp4,200,False,32,0,0,-2.0606,NO,NO.
moved_real,data/videos_v2/int_200ms/v2_200_00220.mp4,200,False,8,1,0,-2.3977,NO,NO.
moved_twin,data/twin_v2/v2_200_00220.mp4,200,False,8,0,0,-3.0231,NO,NO.
still_real,data/videos_v2/int_200ms/v2_200_00220.mp4,200,False,8,0,1,1.5383,YES,YES.
still_twin,data/twin_v2/v2_200_00220.mp4,200,False,8,1,1,2.382,YES,YES.
order_twin,data/twin_v2/v2_200_00220.mp4,200,False,8,-1,0,-1.7914,NO,NO.
order_32f,data/videos_v2/int_200ms/v2_200_00221.mp4,200,True,32,1,0,-0.9266,NO,NO.
moved_real,data/videos_v2/int_200ms/v2_200_00221.mp4,200,True,8,1,0,-2.0326,NO,NO.
moved_twin,data/twin_v2/v2_200_00221.mp4,200,True,8,0,0,-2.765,NO,NO.
still_real,data/videos_v2/int_200ms/v2_200_00221.mp4,200,True,8,0,1,1.889,YES,YES.
still_twin,data/twin_v2/v2_200_00221.mp4,200,True,8,1,1,2.9459,YES,YES.
order_twin,data/twin_v2/v2_200_00221.mp4,200,True,8,-1,0,-1.9536,NO,NO.
order_32f,data/videos_v2/int_200ms/v2_200_00222.mp4,200,False,32,0,0,-1.3872,NO,NO.
moved_real,data/videos_v2/int_200ms/v2_200_00222.mp4,200,False,8,1,0,-1.9856,NO,NO.
moved_twin,data/twin_v2/v2_200_00222.mp4,200,False,8,0,0,-3.2039,NO,NO.
still_real,data/videos_v2/int_200ms/v2_200_00222.mp4,200,False,8,0,1,1.6679,YES,YES.
still_twin,data/twin_v2/v2_200_00222.mp4,200,False,8,1,1,2.5111,YES,YES.
order_twin,data/twin_v2/v2_200_00222.mp4,200,False,8,-1,0,-1.8899,NO,NO.
order_32f,data/videos_v2/int_200ms/v2_200_00223.mp4,200,False,32,0,0,-2.1242,NO,NO.
moved_real,data/videos_v2/int_200ms/v2_200_00223.mp4,200,False,8,1,0,-3.1484,NO,NO.
moved_twin,data/twin_v2/v2_200_00223.mp4,200,False,8,0,0,-3.1484,NO,NO.
still_real,data/videos_v2/int_200ms/v2_200_00223.mp4,200,False,8,0,1,1.767,YES,YES.
still_twin,data/twin_v2/v2_200_00223.mp4,200,False,8,1,1,2.1419,YES,YES.
order_twin,data/twin_v2/v2_200_00223.mp4,200,False,8,-1,0,-1.7728,NO,NO.
order_32f,data/videos_v2/int_200ms/v2_200_00224.mp4,200,False,32,0,0,-2.0031,NO,NO.
moved_real,data/videos_v2/int_200ms/v2_200_00224.mp4,200,False,8,1,0,-3.2378,NO,NO.
moved_twin,data/twin_v2/v2_200_00224.mp4,200,False,8,0,0,-3.1368,NO,NO.
still_real,data/videos_v2/int_200ms/v2_200_00224.mp4,200,False,8,0,1,2.1329,YES,YES.
still_twin,data/twin_v2/v2_200_00224.mp4,200,False,8,1,1,2.2499,YES,YES.
order_twin,data/twin_v2/v2_200_00224.mp4,200,False,8,-1,0,-1.2997,NO,NO.
order_32f,data/videos_v2/int_200ms/v2_200_00225.mp4,200,True,32,1,0,-1.9357,NO,NO.
moved_real,data/videos_v2/int_200ms/v2_200_00225.mp4,200,True,8,1,0,-3.637,NO,NO.
moved_twin,data/twin_v2/v2_200_00225.mp4,200,True,8,0,0,-3.5684,NO,NO.
still_real,data/videos_v2/int_200ms/v2_200_00225.mp4,200,True,8,0,1,0.5485,YES,YES.
still_twin,data/twin_v2/v2_200_00225.mp4,200,True,8,1,1,2.0214,YES,YES.
order_twin,data/twin_v2/v2_200_00225.mp4,200,True,8,-1,0,-1.4465,NO,NO.
order_32f,data/videos_v2/int_200ms/v2_200_00226.mp4,200,False,32,0,0,-2.2206,NO,NO.
moved_real,data/videos_v2/int_200ms/v2_200_00226.mp4,200,False,8,1,0,-2.2224,NO,NO.
moved_twin,data/twin_v2/v2_200_00226.mp4,200,False,8,0,0,-3.0788,NO,NO.
still_real,data/videos_v2/int_200ms/v2_200_00226.mp4,200,False,8,0,1,1.5151,YES,YES.
still_twin,data/twin_v2/v2_200_00226.mp4,200,False,8,1,1,2.024,YES,YES.
order_twin,data/twin_v2/v2_200_00226.mp4,200,False,8,-1,0,-2.1241,NO,NO.
order_32f,data/videos_v2/int_200ms/v2_200_00227.mp4,200,False,32,0,0,-2.0638,NO,NO.
moved_real,data/videos_v2/int_200ms/v2_200_00227.mp4,200,False,8,1,0,-3.5488,NO,NO.
moved_twin,data/twin_v2/v2_200_00227.mp4,200,False,8,0,0,-3.595,NO,NO.
still_real,data/videos_v2/int_200ms/v2_200_00227.mp4,200,False,8,0,1,1.767,YES,YES.
still_twin,data/twin_v2/v2_200_00227.mp4,200,False,8,1,1,1.784,YES,YES.
order_twin,data/twin_v2/v2_200_00227.mp4,200,False,8,-1,0,-1.7648,NO,NO.
order_32f,data/videos_v2/int_200ms/v2_200_00228.mp4,200,True,32,1,0,-2.1877,NO,NO.
moved_real,data/videos_v2/int_200ms/v2_200_00228.mp4,200,True,8,1,0,-2.2198,NO,NO.
moved_twin,data/twin_v2/v2_200_00228.mp4,200,True,8,0,0,-3.0788,NO,NO.
still_real,data/videos_v2/int_200ms/v2_200_00228.mp4,200,True,8,0,1,1.7626,YES,YES.
still_twin,data/twin_v2/v2_200_00228.mp4,200,True,8,1,1,2.6248,YES,YES.
order_twin,data/twin_v2/v2_200_00228.mp4,200,True,8,-1,0,-2.1398,NO,NO.
order_32f,data/videos_v2/int_200ms/v2_200_00229.mp4,200,True,32,1,0,-1.6373,NO,NO.
moved_real,data/videos_v2/int_200ms/v2_200_00229.mp4,200,True,8,1,0,-2.4849,NO,NO.
moved_twin,data/twin_v2/v2_200_00229.mp4,200,True,8,0,0,-3.4858,NO,NO.
still_real,data/videos_v2/int_200ms/v2_200_00229.mp4,200,True,8,0,0,0.0676,NO,NO.
still_twin,data/twin_v2/v2_200_00229.mp4,200,True,8,1,1,2.2625,YES,YES.
order_twin,data/twin_v2/v2_200_00229.mp4,200,True,8,-1,0,-2.1576,NO,NO.
order_32f,data/videos_v2/int_200ms/v2_200_00230.mp4,200,True,32,1,0,-1.8642,NO,NO.
moved_real,data/videos_v2/int_200ms/v2_200_00230.mp4,200,True,8,1,0,-3.0151,NO,NO.
moved_twin,data/twin_v2/v2_200_00230.mp4,200,True,8,0,0,-3.111,NO,NO.
still_real,data/videos_v2/int_200ms/v2_200_00230.mp4,200,True,8,0,1,1.894,YES,YES.
still_twin,data/twin_v2/v2_200_00230.mp4,200,True,8,1,1,1.9053,YES,YES.
order_twin,data/twin_v2/v2_200_00230.mp4,200,True,8,-1,0,-1.2729,NO,NO.
order_32f,data/videos_v2/int_200ms/v2_200_00231.mp4,200,True,32,1,0,-0.7945,NO,NO.
moved_real,data/videos_v2/int_200ms/v2_200_00231.mp4,200,True,8,1,0,0.0545,NO,NO.
moved_twin,data/twin_v2/v2_200_00231.mp4,200,True,8,0,0,-3.3608,NO,NO.
still_real,data/videos_v2/int_200ms/v2_200_00231.mp4,200,True,8,0,1,0.804,YES,YES.
still_twin,data/twin_v2/v2_200_00231.mp4,200,True,8,1,1,2.019,YES,YES.
order_twin,data/twin_v2/v2_200_00231.mp4,200,True,8,-1,0,-1.6907,NO,NO.
order_32f,data/videos_v2/int_200ms/v2_200_00232.mp4,200,True,32,1,0,-1.8781,NO,NO.
moved_real,data/videos_v2/int_200ms/v2_200_00232.mp4,200,True,8,1,0,-2.9558,NO,NO.
moved_twin,data/twin_v2/v2_200_00232.mp4,200,True,8,0,0,-3.2617,NO,NO.
still_real,data/videos_v2/int_200ms/v2_200_00232.mp4,200,True,8,0,1,1.7601,YES,YES.
still_twin,data/twin_v2/v2_200_00232.mp4,200,True,8,1,1,2.019,YES,YES.
order_twin,data/twin_v2/v2_200_00232.mp4,200,True,8,-1,0,-1.9249,NO,NO.
order_32f,data/videos_v2/int_200ms/v2_200_00233.mp4,200,False,32,0,0,-2.9538,NO,NO.
moved_real,data/videos_v2/int_200ms/v2_200_00233.mp4,200,False,8,1,0,-3.4702,NO,NO.
moved_twin,data/twin_v2/v2_200_00233.mp4,200,False,8,0,0,-3.7393,NO,NO.
still_real,data/videos_v2/int_200ms/v2_200_00233.mp4,200,False,8,0,1,2.2589,YES,YES.
still_twin,data/twin_v2/v2_200_00233.mp4,200,False,8,1,1,2.2769,YES,YES.
order_twin,data/twin_v2/v2_200_00233.mp4,200,False,8,-1,0,-2.3599,NO,NO.
order_32f,data/videos_v2/int_200ms/v2_200_00234.mp4,200,False,32,0,0,-2.703,NO,NO.
moved_real,data/videos_v2/int_200ms/v2_200_00234.mp4,200,False,8,1,0,-2.5756,NO,NO.
moved_twin,data/twin_v2/v2_200_00234.mp4,200,False,8,0,0,-3.3181,NO,NO.
still_real,data/videos_v2/int_200ms/v2_200_00234.mp4,200,False,8,0,1,1.0432,YES,YES.
still_twin,data/twin_v2/v2_200_00234.mp4,200,False,8,1,1,2.1464,YES,YES.
order_twin,data/twin_v2/v2_200_00234.mp4,200,False,8,-1,0,-2.3895,NO,NO.
order_32f,data/videos_v2/int_200ms/v2_200_00235.mp4,200,True,32,1,0,-0.9002,NO,NO.
moved_real,data/videos_v2/int_200ms/v2_200_00235.mp4,200,True,8,1,0,0.0675,NO,NO.
moved_twin,data/twin_v2/v2_200_00235.mp4,200,True,8,0,0,-3.0036,NO,NO.
still_real,data/videos_v2/int_200ms/v2_200_00235.mp4,200,True,8,0,1,0.3598,YES,YES.
still_twin,data/twin_v2/v2_200_00235.mp4,200,True,8,1,1,2.2802,YES,YES.
order_twin,data/twin_v2/v2_200_00235.mp4,200,True,8,-1,0,-2.2825,NO,NO.
order_32f,data/videos_v2/int_200ms/v2_200_00236.mp4,200,False,32,0,0,-2.1277,NO,NO.
moved_real,data/videos_v2/int_200ms/v2_200_00236.mp4,200,False,8,1,0,-2.2985,NO,NO.
moved_twin,data/twin_v2/v2_200_00236.mp4,200,False,8,0,0,-3.4537,NO,NO.
still_real,data/videos_v2/int_200ms/v2_200_00236.mp4,200,False,8,0,1,1.0342,YES,YES.
still_twin,data/twin_v2/v2_200_00236.mp4,200,False,8,1,1,2.2589,YES,YES.
order_twin,data/twin_v2/v2_200_00236.mp4,200,False,8,-1,0,-2.1575,NO,NO.
order_32f,data/videos_v2/int_200ms/v2_200_00237.mp4,200,True,32,1,0,-2.2209,NO,NO.
moved_real,data/videos_v2/int_200ms/v2_200_00237.mp4,200,True,8,1,0,-3.6103,NO,NO.
moved_twin,data/twin_v2/v2_200_00237.mp4,200,True,8,0,0,-3.4715,NO,NO.
still_real,data/videos_v2/int_200ms/v2_200_00237.mp4,200,True,8,0,1,1.4181,YES,YES.
still_twin,data/twin_v2/v2_200_00237.mp4,200,True,8,1,1,2.1589,YES,YES.
order_twin,data/twin_v2/v2_200_00237.mp4,200,True,8,-1,0,-2.1105,NO,NO.
order_32f,data/videos_v2/int_200ms/v2_200_00238.mp4,200,True,32,1,0,-1.1152,NO,NO.
moved_real,data/videos_v2/int_200ms/v2_200_00238.mp4,200,True,8,1,0,-1.7353,NO,NO.
moved_twin,data/twin_v2/v2_200_00238.mp4,200,True,8,0,0,-3.0961,NO,NO.
still_real,data/videos_v2/int_200ms/v2_200_00238.mp4,200,True,8,0,1,2.0126,YES,YES.
still_twin,data/twin_v2/v2_200_00238.mp4,200,True,8,1,1,2.7737,YES,YES.
order_twin,data/twin_v2/v2_200_00238.mp4,200,True,8,-1,0,-2.6104,NO,NO.
order_32f,data/videos_v2/int_200ms/v2_200_00239.mp4,200,True,32,1,0,-1.9766,NO,NO.
moved_real,data/videos_v2/int_200ms/v2_200_00239.mp4,200,True,8,1,0,-2.9009,NO,NO.
moved_twin,data/twin_v2/v2_200_00239.mp4,200,True,8,0,0,-3.1243,NO,NO.
still_real,data/videos_v2/int_200ms/v2_200_00239.mp4,200,True,8,0,1,0.9052,YES,YES.
still_twin,data/twin_v2/v2_200_00239.mp4,200,True,8,1,1,2.6249,YES,YES.
order_twin,data/twin_v2/v2_200_00239.mp4,200,True,8,-1,0,-1.9074,NO,NO.
order_blank,data/blank_videos/blank/blank_0000.mp4,0,False,8,-1,0,-0.2866,NO,NO.
order_blank,data/blank_videos/blank/blank_0001.mp4,0,False,8,-1,0,-0.2866,NO,NO.
order_blank,data/blank_videos/blank/blank_0002.mp4,0,False,8,-1,0,-0.5876,NO,NO.
order_blank,data/blank_videos/blank/blank_0003.mp4,0,False,8,-1,0,-0.2866,NO,NO.
order_blank,data/blank_videos/blank/blank_0004.mp4,0,False,8,-1,0,-0.4703,NO,NO.
order_blank,data/blank_videos/blank/blank_0005.mp4,0,False,8,-1,0,-0.2866,NO,NO.
order_blank,data/blank_videos/blank/blank_0006.mp4,0,False,8,-1,0,-0.2866,NO,NO.
order_blank,data/blank_videos/blank/blank_0007.mp4,0,False,8,-1,0,-0.2866,NO,NO.
order_blank,data/blank_videos/blank/blank_0008.mp4,0,False,8,-1,0,-0.2866,NO,NO.
order_blank,data/blank_videos/blank/blank_0009.mp4,0,False,8,-1,0,-0.2866,NO,NO.
order_blank,data/blank_videos/blank/blank_0010.mp4,0,False,8,-1,0,-0.4703,NO,NO.
order_blank,data/blank_videos/blank/blank_0011.mp4,0,False,8,-1,0,-0.5876,NO,NO.
order_blank,data/blank_videos/blank/blank_0012.mp4,0,False,8,-1,0,-0.4703,NO,NO.
order_blank,data/blank_videos/blank/blank_0013.mp4,0,False,8,-1,0,-0.5876,NO,NO.
order_blank,data/blank_videos/blank/blank_0014.mp4,0,False,8,-1,0,-0.2866,NO,NO.
order_blank,data/blank_videos/blank/blank_0015.mp4,0,False,8,-1,0,-0.5876,NO,NO.
order_blank,data/blank_videos/blank/blank_0016.mp4,0,False,8,-1,0,-0.5876,NO,NO.
order_blank,data/blank_videos/blank/blank_0017.mp4,0,False,8,-1,0,-0.4703,NO,NO.
order_blank,data/blank_videos/blank/blank_0018.mp4,0,False,8,-1,0,-0.2866,NO,NO.
order_blank,data/blank_videos/blank/blank_0019.mp4,0,False,8,-1,0,-0.4703,NO,NO.
order_blank,data/blank_videos/blank/blank_0020.mp4,0,False,8,-1,0,-0.4703,NO,NO.
order_blank,data/blank_videos/blank/blank_0021.mp4,0,False,8,-1,0,-0.4703,NO,NO.
order_blank,data/blank_videos/blank/blank_0022.mp4,0,False,8,-1,0,-0.5876,NO,NO.
order_blank,data/blank_videos/blank/blank_0023.mp4,0,False,8,-1,0,-0.2866,NO,NO.
order_blank,data/blank_videos/blank/blank_0024.mp4,0,False,8,-1,0,-0.5876,NO,NO.
order_blank,data/blank_videos/blank/blank_0025.mp4,0,False,8,-1,0,-0.4703,NO,NO.
order_blank,data/blank_videos/blank/blank_0026.mp4,0,False,8,-1,0,-0.5876,NO,NO.
order_blank,data/blank_videos/blank/blank_0027.mp4,0,False,8,-1,0,-0.4703,NO,NO.
order_blank,data/blank_videos/blank/blank_0028.mp4,0,False,8,-1,0,-0.2866,NO,NO.
order_blank,data/blank_videos/blank/blank_0029.mp4,0,False,8,-1,0,-0.2866,NO,NO.
order_blank,data/blank_videos/blank/blank_0030.mp4,0,False,8,-1,0,-0.4703,NO,NO.
order_blank,data/blank_videos/blank/blank_0031.mp4,0,False,8,-1,0,-0.5876,NO,NO.
order_blank,data/blank_videos/blank/blank_0032.mp4,0,False,8,-1,0,-0.2866,NO,NO.
order_blank,data/blank_videos/blank/blank_0033.mp4,0,False,8,-1,0,-0.2866,NO,NO.
order_blank,data/blank_videos/blank/blank_0034.mp4,0,False,8,-1,0,-0.2866,NO,NO.
order_blank,data/blank_videos/blank/blank_0035.mp4,0,False,8,-1,0,-0.4703,NO,NO.
order_blank,data/blank_videos/blank/blank_0036.mp4,0,False,8,-1,0,-0.4703,NO,NO.
order_blank,data/blank_videos/blank/blank_0037.mp4,0,False,8,-1,0,-0.5876,NO,NO.
order_blank,data/blank_videos/blank/blank_0038.mp4,0,False,8,-1,0,-0.4703,NO,NO.
order_blank,data/blank_videos/blank/blank_0039.mp4,0,False,8,-1,0,-0.2866,NO,NO.
order_blank,data/blank_videos/blank/blank_0040.mp4,0,False,8,-1,0,-0.2866,NO,NO.
order_blank,data/blank_videos/blank/blank_0041.mp4,0,False,8,-1,0,-0.4703,NO,NO.
order_blank,data/blank_videos/blank/blank_0042.mp4,0,False,8,-1,0,-0.2866,NO,NO.
order_blank,data/blank_videos/blank/blank_0043.mp4,0,False,8,-1,0,-0.5876,NO,NO.
order_blank,data/blank_videos/blank/blank_0044.mp4,0,False,8,-1,0,-0.4703,NO,NO.
order_blank,data/blank_videos/blank/blank_0045.mp4,0,False,8,-1,0,-0.5876,NO,NO.
order_blank,data/blank_videos/blank/blank_0046.mp4,0,False,8,-1,0,-0.5876,NO,NO.
order_blank,data/blank_videos/blank/blank_0047.mp4,0,False,8,-1,0,-0.4703,NO,NO.
order_blank,data/blank_videos/blank/blank_0048.mp4,0,False,8,-1,0,-0.2866,NO,NO.
order_blank,data/blank_videos/blank/blank_0049.mp4,0,False,8,-1,0,-0.4703,NO,NO.
