item,path,interval_ms,gt,pred,margin,lpA,lpB,lpC,lpD,n_frames,queried,top_token,response
order_real,data/videos_real/int_67ms/real_67_00000.avi,67,0,0,-0.9831,-10.4565,-10.4548,-12.0759,-11.0801,8,b,NO,NO.
order_rev,data/videos_real/int_67ms/real_67_00000.avi,67,0,0,-2.1241,-9.2229,-11.4716,-12.2803,-11.1595,8,b,No,No.
moved_real,data/videos_real/int_67ms/real_67_00000.avi,67,1,0,-0.7488,-10.7422,-11.5526,-12.0484,-10.8044,8,b,No,No.
moved_twin,data/twin_real/real_67_00000.avi,67,0,0,-1.989,-10.7525,-11.7497,-11.9969,-10.814,8,b,No,No.
order_twin,data/twin_real/real_67_00000.avi,67,-1,0,-1.1081,-10.4877,-10.486,-11.9832,-11.111,8,b,No,No.
bind_twin,data/twin_real/real_67_00000.avi,67,0,0,-3.0211,-11.6169,-12.8032,-13.1143,-12.5539,8,b,No,No.
order_real,data/videos_real/int_67ms/real_67_00000_flip.avi,67,1,0,-0.7936,-10.5097,-10.4459,-12.0665,-11.1334,8,b,No,No.
order_real,data/videos_real/int_67ms/real_67_00012.avi,67,1,0,-1.7327,-10.6749,-10.4857,-12.1695,-11.1739,8,b,No,No.
order_rev,data/videos_real/int_67ms/real_67_00012.avi,67,1,1,-0.101,-8.8515,-10.6008,-11.9095,-11.0376,8,b,Yes,Yes.
moved_real,data/videos_real/int_67ms/real_67_00012.avi,67,1,0,-3.2393,-11.2814,-11.9665,-12.4032,-11.4692,8,b,No,No.
moved_twin,data/twin_real/real_67_00012.avi,67,0,0,-3.2043,-11.1594,-12.0318,-12.4061,-11.4091,8,b,No,No.
order_twin,data/twin_real/real_67_00012.avi,67,-1,0,-1.7821,-10.36,-10.358,-11.9792,-10.9209,8,b,No,No.
bind_twin,data/twin_real/real_67_00012.avi,67,0,0,-0.7736,-11.3317,-11.8306,-12.8274,-12.0813,8,b,No,No.
order_real,data/videos_real/int_67ms/real_67_00012_flip.avi,67,0,0,-1.6682,-10.6209,-10.4313,-12.1154,-11.1199,8,b,No,No.
order_real,data/videos_real/int_67ms/real_67_00024.avi,67,1,0,-0.7793,-10.298,-10.0463,-11.7302,-10.1718,8,b,NO,NO.
order_rev,data/videos_real/int_67ms/real_67_00024.avi,67,1,0,-1.2172,-9.0855,-10.7716,-11.9559,-10.3343,8,b,No,No.
moved_real,data/videos_real/int_67ms/real_67_00024.avi,67,1,1,0.5349,-10.4747,-11.161,-11.9681,-10.8489,8,b,YES,YES.
moved_twin,data/twin_real/real_67_00024.avi,67,0,0,-0.8281,-10.3307,-11.2032,-11.7628,-10.6419,8,b,NO,NO.
order_twin,data/twin_real/real_67_00024.avi,67,-1,0,-1.0289,-10.1845,-9.995,-11.5549,-9.933,8,b,NO,NO.
bind_twin,data/twin_real/real_67_00024.avi,67,0,0,-0.7799,-11.2901,-12.4125,-13.0346,-12.2258,8,b,No,No.
order_real,data/videos_real/int_67ms/real_67_00024_flip.avi,67,0,0,-0.904,-10.2606,-10.0089,-11.6928,-10.1341,8,b,NO,NO.
order_real,data/videos_real/int_67ms/real_67_00036.avi,67,0,0,-1.0287,-10.1208,-10.1186,-11.8644,-10.7427,8,b,NO,NO.
order_rev,data/videos_real/int_67ms/real_67_00036.avi,67,0,0,-1.2485,-8.8385,-10.8367,-11.833,-10.6488,8,b,NO,NO.
moved_real,data/videos_real/int_67ms/real_67_00036.avi,67,1,1,0.2015,-10.5147,-11.2632,-12.1312,-10.8263,8,b,Yes,Yes.
moved_twin,data/twin_real/real_67_00036.avi,67,0,0,-1.1347,-10.4354,-11.3071,-11.9269,-10.6835,8,b,No,No.
order_twin,data/twin_real/real_67_00036.avi,67,-1,0,-1.1237,-10.1459,-10.1434,-11.8885,-10.705,8,b,NO,NO.
bind_twin,data/twin_real/real_67_00036.avi,67,0,0,-0.405,-11.1107,-12.1095,-12.7314,-12.047,8,b,No,No.
order_real,data/videos_real/int_67ms/real_67_00036_flip.avi,67,1,0,-1.0216,-10.1065,-10.0418,-11.8494,-10.6664,8,b,NO,NO.
order_real,data/videos_real/int_67ms/real_67_00048.avi,67,1,0,-0.2494,-9.4642,-10.1485,-10.773,-10.5874,8,b,NO,NO.
order_rev,data/videos_real/int_67ms/real_67_00048.avi,67,1,0,-0.5825,-8.5915,-10.6523,-11.2136,-10.7155,8,b,NO,NO.
moved_real,data/videos_real/int_67ms/real_67_00048.avi,67,1,1,1.0199,-9.8665,-11.4253,-11.1729,-10.9891,8,b,YES,YES.
moved_twin,data/twin_real/real_67_00048.avi,67,0,0,-0.3108,-9.8749,-11.3687,-11.1188,-10.4972,8,b,NO,NO.
order_twin,data/twin_real/real_67_00048.avi,67,-1,0,-0.3741,-9.4491,-9.9466,-10.9451,-10.4474,8,b,NO,NO.
bind_twin,data/twin_real/real_67_00048.avi,67,0,0,-3.1964,-10.3172,-11.7514,-11.7503,-11.5026,8,b,NO,NO.
order_real,data/videos_real/int_67ms/real_67_00048_flip.avi,67,0,0,-0.1244,-9.521,-10.0807,-10.7671,-10.5816,8,b,NO,NO.
order_real,data/videos_real/int_67ms/real_67_00060.avi,67,0,1,0.1263,-10.2172,-10.09,-11.9608,-10.9025,8,a,YES,YES.
order_rev,data/videos_real/int_67ms/real_67_00060.avi,67,0,0,-0.8879,-8.1295,-10.6278,-11.5004,-10.5028,8,a,NO,NO.
moved_real,data/videos_real/int_67ms/real_67_00060.avi,67,1,1,1.8598,-10.8398,-11.6522,-12.3953,-11.2756,8,a,YES,YES.
moved_twin,data/twin_real/real_67_00060.avi,67,0,0,-2.3579,-10.6046,-11.6643,-11.7877,-10.9776,8,a,No,No.
order_twin,data/twin_real/real_67_00060.avi,67,-1,0,-0.3208,-10.1426,-10.0776,-11.8241,-10.8272,8,a,NO,NO.
bind_twin,data/twin_real/real_67_00060.avi,67,1,1,2.208,-10.4937,-11.6168,-12.2365,-11.6151,8,a,Yes,Yes.
order_real,data/videos_real/int_67ms/real_67_00060_flip.avi,67,1,0,0.1107,-10.1573,-10.0297,-11.9009,-10.7806,8,a,NO,NO.
order_real,data/videos_real/int_67ms/real_67_00072.avi,67,0,0,-0.5373,-9.9247,-9.798,-11.6661,-10.4226,8,a,NO,NO.
order_rev,data/videos_real/int_67ms/real_67_00072.avi,67,0,0,-0.5628,-8.7198,-10.5934,-11.9623,-10.717,8,a,NO,NO.
moved_real,data/videos_real/int_67ms/real_67_00072.avi,67,1,0,-3.4306,-10.9804,-11.728,-12.2248,-11.1046,8,a,No,No.
moved_twin,data/twin_real/real_67_00072.avi,67,0,0,-3.249,-10.9247,-11.6723,-12.0447,-11.0489,8,a,NO,NO.
order_twin,data/twin_real/real_67_00072.avi,67,-1,0,-0.4093,-9.7564,-9.8166,-11.4973,-10.3161,8,a,NO,NO.
bind_twin,data/twin_real/real_67_00072.avi,67,1,1,2.2146,-10.5403,-11.789,-12.4061,-11.4744,8,a,Yes,Yes.
order_real,data/videos_real/int_67ms/real_67_00072_flip.avi,67,1,0,-0.5853,-9.8698,-9.8673,-11.735,-10.4293,8,a,NO,NO.
order_real,data/videos_real/int_67ms/real_67_00084.avi,67,1,0,-0.1463,-10.1073,-9.8552,-11.9124,-10.6677,8,a,NO,NO.
order_rev,data/videos_real/int_67ms/real_67_00084.avi,67,1,0,-0.8163,-8.3282,-10.5144,-11.6991,-10.5758,8,a,NO,NO.
moved_real,data/videos_real/int_67ms/real_67_00084.avi,67,1,1,0.5092,-10.8812,-11.4431,-12.3124,-11.0682,8,a,Yes,Yes.
moved_twin,data/twin_real/real_67_00084.avi,67,0,0,-2.3644,-10.9622,-11.835,-12.0832,-11.0238,8,a,No,No.
order_twin,data/twin_real/real_67_00084.avi,67,-1,0,-0.779,-9.9453,-9.6933,-11.7501,-10.4429,8,a,NO,NO.
bind_twin,data/twin_real/real_67_00084.avi,67,1,1,1.2284,-10.9373,-11.8738,-12.6197,-11.8109,8,a,Yes,Yes.
order_real,data/videos_real/int_67ms/real_67_00084_flip.avi,67,0,0,-0.1464,-10.1068,-9.8551,-11.9126,-10.7297,8,a,NO,NO.
order_real,data/videos_real/int_67ms/real_67_00096.avi,67,0,0,-0.2102,-9.3289,-9.3903,-11.5126,-10.5768,8,b,NO,NO.
order_rev,data/videos_real/int_67ms/real_67_00096.avi,67,0,0,-0.374,-8.0887,-10.0878,-11.5225,-10.4621,8,b,NO,NO.
moved_real,data/videos_real/int_67ms/real_67_00096.avi,67,1,1,2.351,-10.1678,-10.9177,-11.9753,-10.8536,8,b,YES,YES.
moved_twin,data/twin_real/real_67_00096.avi,67,0,0,-2.3207,-9.9416,-10.8144,-11.1262,-10.2533,8,b,NO,NO.
order_twin,data/twin_real/real_67_00096.avi,67,-1,0,-0.8385,-9.4363,-9.4343,-11.3695,-10.4339,8,b,NO,NO.
bind_twin,data/twin_real/real_67_00096.avi,67,0,0,-3.0729,-10.56,-11.6207,-12.0571,-11.4335,8,b,No,No.
order_real,data/videos_real/int_67ms/real_67_00096_flip.avi,67,1,0,-0.3353,-9.3379,-9.3371,-11.4589,-10.4615,8,b,NO,NO.
order_real,data/videos_real/int_67ms/real_67_00108.avi,67,1,0,-0.0089,-9.6367,-10.0092,-11.1943,-10.822,8,a,NO,NO.
order_rev,data/videos_real/int_67ms/real_67_00108.avi,67,1,0,-0.1599,-8.3515,-10.3499,-10.8483,-10.5998,8,a,NO,NO.
moved_real,data/videos_real/int_67ms/real_67_00108.avi,67,1,0,-0.1574,-10.0326,-11.2181,-11.7143,-10.8439,8,a,NO,NO.
moved_twin,data/twin_real/real_67_00108.avi,67,0,0,-2.2037,-10.0414,-11.2262,-11.5988,-10.7891,8,a,NO,NO.
order_twin,data/twin_real/real_67_00108.avi,67,-1,0,-0.4994,-9.6749,-9.9228,-11.2325,-10.6102,8,a,NO,NO.
bind_twin,data/twin_real/real_67_00108.avi,67,1,1,2.8134,-10.3127,-11.8709,-12.1162,-11.6823,8,a,YES,YES.
order_real,data/videos_real/int_67ms/real_67_00108_flip.avi,67,0,0,0.0742,-9.7399,-10.0502,-11.2353,-10.863,8,a,NO,NO.
order_real,data/videos_real/int_67ms/real_67_00120.avi,67,0,0,-0.807,-9.9719,-10.4064,-11.5927,-10.9075,8,b,NO,NO.
order_rev,data/videos_real/int_67ms/real_67_00120.avi,67,0,0,-0.4068,-8.9585,-10.9561,-11.5797,-10.832,8,b,NO,NO.
moved_real,data/videos_real/int_67ms/real_67_00120.avi,67,1,0,-0.4534,-10.2033,-11.264,-11.6368,-10.7644,8,b,NO,NO.
moved_twin,data/twin_real/real_67_00120.avi,67,0,0,-1.9627,-9.8674,-11.2396,-11.4885,-10.6155,8,b,NO,NO.
order_twin,data/twin_real/real_67_00120.avi,67,-1,0,-1.163,-9.7405,-10.2369,-11.3615,-10.738,8,b,NO,NO.
bind_twin,data/twin_real/real_67_00120.avi,67,0,0,-1.0001,-10.1718,-11.607,-11.9185,-11.5454,8,b,No,No.
order_real,data/videos_real/int_67ms/real_67_00120_flip.avi,67,1,0,-0.5893,-10.0138,-10.3867,-11.6346,-10.887,8,b,NO,NO.
order_real,data/videos_real/int_67ms/real_67_00132.avi,67,1,1,0.671,-10.1442,-10.1434,-11.8259,-10.6441,8,a,YES,YES.
order_rev,data/videos_real/int_67ms/real_67_00132.avi,67,1,0,-1.2334,-9.0214,-10.7699,-11.8916,-10.6457,8,a,NO,NO.
moved_real,data/videos_real/int_67ms/real_67_00132.avi,67,1,1,2.6248,-10.9417,-11.8798,-12.3732,-11.1929,8,a,YES,YES.
moved_twin,data/twin_real/real_67_00132.avi,67,0,0,-1.589,-10.1987,-11.382,-11.3808,-10.3226,8,a,NO,NO.
order_twin,data/twin_real/real_67_00132.avi,67,-1,0,0.0007,-9.8428,-10.0906,-11.587,-10.5294,8,a,NO,NO.
bind_twin,data/twin_real/real_67_00132.avi,67,1,1,2.0758,-9.9764,-11.7868,-12.0959,-11.0368,8,a,YES,YES.
order_real,data/videos_real/int_67ms/real_67_00132_flip.avi,67,0,1,0.7958,-10.1656,-10.1647,-11.8473,-10.6655,8,a,YES,YES.
order_real,data/videos_real/int_67ms/real_67_00144.avi,67,1,1,0.6596,-9.9967,-9.9956,-11.6177,-10.7459,8,a,YES,YES.
order_rev,data/videos_real/int_67ms/real_67_00144.avi,67,1,0,0.0621,-7.7423,-10.4905,-11.6757,-10.6155,8,a,NO,NO.
moved_real,data/videos_real/int_67ms/real_67_00144.avi,67,1,0,-1.4449,-10.1167,-11.1777,-11.6124,-10.5538,8,a,NO,NO.
moved_twin,data/twin_real/real_67_00144.avi,67,0,0,-1.8881,-10.2337,-11.2945,-11.668,-10.5456,8,a,NO,NO.
order_twin,data/twin_real/real_67_00144.avi,67,-1,0,-0.3166,-9.8237,-9.9467,-11.6317,-10.6346,8,a,NO,NO.
bind_twin,data/twin_real/real_67_00144.avi,67,1,1,1.3846,-9.7946,-11.3559,-11.6656,-10.9796,8,a,Yes,Yes.
order_real,data/videos_real/int_67ms/real_67_00144_flip.avi,67,0,1,0.5347,-9.9795,-9.8538,-11.6002,-10.666,8,a,YES,YES.
order_real,data/videos_real/int_67ms/real_67_00156.avi,67,1,0,-1.0288,-9.5623,-9.8725,-11.1836,-10.4361,8,b,NO,NO.
order_rev,data/videos_real/int_67ms/real_67_00156.avi,67,1,0,-1.1692,-8.7512,-11.0002,-11.81,-10.938,8,b,No,No.
moved_real,data/videos_real/int_67ms/real_67_00156.avi,67,1,0,-2.8289,-10.6798,-11.9266,-11.9879,-10.9911,8,b,No,No.
moved_twin,data/twin_real/real_67_00156.avi,67,0,0,-2.6623,-10.5854,-11.9573,-11.9562,-10.9593,8,b,No,No.
order_twin,data/twin_real/real_67_00156.avi,67,-1,0,-1.2261,-9.7005,-10.011,-11.1972,-10.5743,8,b,NO,NO.
bind_twin,data/twin_real/real_67_00156.avi,67,0,0,-1.1588,-11.1135,-12.1113,-12.6088,-11.9873,8,b,No,No.
order_real,data/videos_real/int_67ms/real_67_00156_flip.avi,67,0,0,-1.0288,-9.6861,-9.8718,-11.245,-10.5598,8,b,NO,NO.
order_real,data/videos_real/int_67ms/real_67_00168.avi,67,1,0,-0.8731,-10.2393,-10.3,-11.7959,-10.676,8,a,No,No.
order_rev,data/videos_real/int_67ms/real_67_00168.avi,67,1,0,-0.7106,-8.6307,-10.7546,-11.8765,-10.8796,8,a,No,No.
moved_real,data/videos_real/int_67ms/real_67_00168.avi,67,1,0,-2.1347,-10.461,-11.5836,-11.645,-10.6478,8,a,No,No.
moved_twin,data/twin_real/real_67_00168.avi,67,0,0,-2.2936,-10.3654,-11.5503,-11.4866,-10.6139,8,a,No,No.
order_twin,data/twin_real/real_67_00168.avi,67,-1,0,-0.7484,-10.1543,-10.3401,-11.7114,-10.5912,8,a,No,No.
bind_twin,data/twin_real/real_67_00168.avi,67,1,1,3.2496,-10.2412,-11.9891,-12.1106,-11.4875,8,a,YES,YES.
order_real,data/videos_real/int_67ms/real_67_00168_flip.avi,67,0,0,-0.7483,-10.1535,-10.2767,-11.772,-10.5903,8,a,No,No.
order_real,data/videos_real/int_67ms/real_67_00180.avi,67,0,1,1.0952,-10.2178,-10.528,-11.6494,-11.2774,8,a,YES,YES.
order_rev,data/videos_real/int_67ms/real_67_00180.avi,67,0,1,0.5748,-8.9039,-10.8408,-11.8385,-11.2775,8,a,YES,YES.
moved_real,data/videos_real/int_67ms/real_67_00180.avi,67,1,0,-0.9162,-10.0497,-11.0472,-11.2945,-10.7977,8,a,NO,NO.
moved_twin,data/twin_real/real_67_00180.avi,67,0,0,-0.5715,-9.8982,-11.1454,-11.2064,-10.8329,8,a,NO,NO.
order_twin,data/twin_real/real_67_00180.avi,67,-1,1,0.7168,-9.9068,-10.2169,-11.4006,-11.09,8,a,YES,YES.
bind_twin,data/twin_real/real_67_00180.avi,67,1,1,3.0915,-10.2983,-12.0453,-12.0431,-12.2306,8,a,YES,YES.
order_real,data/videos_real/int_67ms/real_67_00180_flip.avi,67,1,1,1.1124,-10.2629,-10.5737,-11.6946,-11.3851,8,a,YES,YES.
order_real,data/videos_real/int_67ms/real_67_00192.avi,67,1,0,-0.4463,-9.9436,-9.8799,-11.751,-10.2544,8,b,NO,NO.
order_rev,data/videos_real/int_67ms/real_67_00192.avi,67,1,0,-1.3207,-8.6468,-10.5205,-11.6428,-9.8332,8,b,NO,NO.
moved_real,data/videos_real/int_67ms/real_67_00192.avi,67,1,0,-0.8391,-10.0918,-10.9648,-11.8984,-10.591,8,b,NO,NO.
moved_twin,data/twin_real/real_67_00192.avi,67,0,0,-1.6154,-10.3197,-11.2547,-11.9405,-10.7558,8,b,No,No.
order_twin,data/twin_real/real_67_00192.avi,67,-1,0,-0.3509,-9.9495,-9.8858,-11.7572,-10.1354,8,b,NO,NO.
bind_twin,data/twin_real/real_67_00192.avi,67,0,0,-1.8146,-10.6286,-11.6891,-12.3742,-11.627,8,b,No,No.
order_real,data/videos_real/int_67ms/real_67_00192_flip.avi,67,0,0,-0.4463,-9.8819,-9.7563,-11.6898,-10.1305,8,b,NO,NO.
order_real,data/videos_real/int_67ms/real_67_00204.avi,67,0,0,-1.0929,-10.3193,-10.3164,-11.6888,-10.5685,8,a,No,No.
order_rev,data/videos_real/int_67ms/real_67_00204.avi,67,0,0,-0.5784,-9.1059,-10.9795,-11.9768,-11.0417,8,a,No,No.
moved_real,data/videos_real/int_67ms/real_67_00204.avi,67,1,0,-1.6876,-10.6325,-11.8771,-11.8148,-10.8816,8,a,No,No.
moved_twin,data/twin_real/real_67_00204.avi,67,0,0,-2.0527,-10.7713,-11.9537,-11.767,-10.9581,8,a,No,No.
order_twin,data/twin_real/real_67_00204.avi,67,-1,0,-1.0857,-10.2123,-10.2093,-11.4578,-10.4615,8,a,No,No.
bind_twin,data/twin_real/real_67_00204.avi,67,1,1,2.8507,-9.6404,-11.6996,-11.8195,-11.385,8,a,Yes,Yes.
order_real,data/videos_real/int_67ms/real_67_00204_flip.avi,67,1,0,-1.1458,-10.2976,-10.232,-11.605,-10.4841,8,a,No,No.
order_real,data/videos_real/int_67ms/real_67_00216.avi,67,1,0,-0.9832,-10.5198,-10.5184,-12.0778,-11.019,8,a,No,No.
order_rev,data/videos_real/int_67ms/real_67_00216.avi,67,1,0,-0.9155,-8.5218,-11.0206,-12.0177,-11.0203,8,a,No,No.
moved_real,data/videos_real/int_67ms/real_67_00216.avi,67,1,0,-1.8287,-11.0023,-12.0003,-12.373,-11.0643,8,a,No,No.
moved_twin,data/twin_real/real_67_00216.avi,67,0,0,-3.0908,-11.3112,-12.4347,-12.4339,-11.1238,8,a,No,No.
order_twin,data/twin_real/real_67_00216.avi,67,-1,0,-1.6238,-10.5785,-10.6391,-12.012,-10.9525,8,a,No,No.
bind_twin,data/twin_real/real_67_00216.avi,67,1,1,2.8171,-10.5324,-12.2192,-12.5907,-11.7804,8,a,Yes,Yes.
order_real,data/videos_real/int_67ms/real_67_00216_flip.avi,67,0,0,-1.3734,-10.491,-10.5518,-12.0487,-10.9899,8,a,No,No.
order_real,data/videos_real/int_67ms/real_67_00228.avi,67,1,0,-0.4254,-9.8271,-10.0112,-11.1992,-10.8878,8,b,NO,NO.
order_rev,data/videos_real/int_67ms/real_67_00228.avi,67,1,0,0.0006,-7.3408,-10.5249,-11.2737,-10.7753,8,b,NO,NO.
moved_real,data/videos_real/int_67ms/real_67_00228.avi,67,1,0,-1.0932,-9.8767,-11.4353,-11.25,-10.6255,8,b,No,No.
moved_twin,data/twin_real/real_67_00228.avi,67,0,0,-1.9834,-9.9063,-11.653,-11.2798,-10.7801,8,b,NO,NO.
order_twin,data/twin_real/real_67_00228.avi,67,-1,0,-0.8005,-9.8216,-10.0677,-11.2557,-10.9443,8,b,NO,NO.
bind_twin,data/twin_real/real_67_00228.avi,67,0,0,-3.7453,-10.6588,-11.9677,-12.0928,-11.9063,8,b,NO,NO.
order_real,data/videos_real/int_67ms/real_67_00228_flip.avi,67,0,0,-0.3356,-9.7748,-9.8964,-11.1465,-10.8355,8,b,NO,NO.
order_real,data/videos_real/int_67ms/real_67_00240.avi,67,0,1,0.0316,-9.9907,-10.1761,-11.6716,-10.6765,8,a,Yes,Yes.
order_real,data/videos_real/int_67ms/real_67_00240_flip.avi,67,1,1,0.0319,-9.9287,-10.1143,-11.6719,-10.6767,8,a,Yes,Yes.
order_real,data/videos_real/int_67ms/real_67_00252.avi,67,1,1,0.3756,-9.908,-10.0934,-11.6508,-10.9048,8,a,YES,YES.
order_real,data/videos_real/int_67ms/real_67_00252_flip.avi,67,0,1,0.2796,-9.9764,-10.2236,-11.5938,-11.0355,8,a,YES,YES.
order_real,data/videos_real/int_67ms/real_67_00264.avi,67,0,0,-0.4111,-9.7807,-9.9035,-11.6499,-10.6542,8,a,NO,NO.
order_real,data/videos_real/int_67ms/real_67_00264_flip.avi,67,1,0,-0.4977,-9.833,-9.8936,-11.7019,-10.7068,8,a,NO,NO.
order_real,data/videos_real/int_67ms/real_67_00276.avi,67,1,0,0.0578,-10.1192,-9.1809,-11.7384,-10.5548,8,a,NO,NO.
order_real,data/videos_real/int_67ms/real_67_00276_flip.avi,67,0,1,0.1258,-10.1492,-9.2735,-11.7677,-10.5223,8,a,Yes,Yes.
order_real,data/videos_real/int_67ms/real_67_00288.avi,67,1,0,-0.4633,-9.8202,-10.2552,-11.1292,-10.8172,8,a,NO,NO.
order_real,data/videos_real/int_67ms/real_67_00288_flip.avi,67,0,0,-0.4633,-9.8203,-10.1927,-11.1291,-10.8172,8,a,NO,NO.
order_real,data/videos_real/int_67ms/real_67_00300.avi,67,1,1,0.33,-10.1832,-9.495,-11.8044,-10.8074,8,a,YES,YES.
order_real,data/videos_real/int_67ms/real_67_00300_flip.avi,67,0,1,0.3907,-10.1562,-9.5924,-11.8391,-10.8426,8,a,Yes,Yes.
order_real,data/videos_real/int_67ms/real_67_00312.avi,67,1,0,-0.1316,-10.15,-10.5849,-11.8315,-11.1476,8,b,NO,NO.
order_real,data/videos_real/int_67ms/real_67_00312_flip.avi,67,0,0,-0.1316,-10.2119,-10.6468,-11.8934,-11.2096,8,b,NO,NO.
order_real,data/videos_real/int_67ms/real_67_00324.avi,67,0,0,-0.4727,-9.8471,-10.095,-11.2818,-10.5332,8,a,NO,NO.
order_real,data/videos_real/int_67ms/real_67_00324_flip.avi,67,1,0,-0.4727,-9.8475,-10.1577,-11.2821,-10.596,8,a,NO,NO.
order_real,data/videos_real/int_67ms/real_67_00336.avi,67,1,0,-0.9994,-9.7065,-10.1418,-11.3902,-10.6425,8,b,NO,NO.
order_real,data/videos_real/int_67ms/real_67_00336_flip.avi,67,0,0,-0.9702,-9.7153,-10.0257,-11.399,-10.6513,8,b,NO,NO.
order_real,data/videos_real/int_67ms/real_67_00348.avi,67,0,0,-0.7843,-9.6197,-10.116,-11.3031,-10.6171,8,a,NO,NO.
order_real,data/videos_real/int_67ms/real_67_00348_flip.avi,67,1,0,-0.749,-9.5342,-10.0926,-11.3416,-10.5941,8,a,NO,NO.
order_real,data/videos_real/int_67ms/real_67_00360.avi,67,1,0,-0.1242,-9.9714,-10.0939,-11.2796,-10.4693,8,a,NO,NO.
order_real,data/videos_real/int_67ms/real_67_00360_flip.avi,67,0,0,-0.1626,-9.9541,-10.0763,-11.262,-10.5142,8,a,NO,NO.
order_real,data/videos_real/int_67ms/real_67_00372.avi,67,0,0,-0.5672,-10.161,-10.1586,-11.8445,-10.3476,8,b,NO,NO.
order_real,data/videos_real/int_67ms/real_67_00372_flip.avi,67,1,0,-0.6235,-10.1961,-10.1939,-11.8793,-10.4451,8,b,NO,NO.
order_real,data/videos_real/int_67ms/real_67_00384.avi,67,0,0,-1.2524,-10.3328,-10.3302,-12.0144,-10.8313,8,b,NO,NO.
order_real,data/videos_real/int_67ms/real_67_00384_flip.avi,67,1,0,-1.1842,-10.2861,-10.2839,-11.9677,-10.7846,8,b,NO,NO.
order_real,data/videos_real/int_67ms/real_67_00396.avi,67,0,0,-0.5684,-9.7494,-10.1221,-11.2464,-10.4979,8,a,NO,NO.
order_real,data/videos_real/int_67ms/real_67_00396_flip.avi,67,1,0,-0.5684,-9.8742,-10.1844,-11.2466,-10.5602,8,a,NO,NO.
order_real,data/videos_real/int_67ms/real_67_00408.avi,67,0,0,-0.1804,-9.8138,-9.8121,-11.3722,-10.3124,8,b,NO,NO.
order_real,data/videos_real/int_67ms/real_67_00408_flip.avi,67,1,0,-0.1801,-9.8133,-9.7495,-11.3712,-10.3116,8,b,NO,NO.
order_real,data/videos_real/int_67ms/real_67_00420.avi,67,0,1,0.8076,-9.7677,-9.8897,-11.447,-9.1409,8,a,Yes,Yes.
order_real,data/videos_real/int_67ms/real_67_00420_flip.avi,67,1,1,0.7431,-9.7863,-9.9082,-11.4036,-9.0978,8,a,Yes,Yes.
order_real,data/videos_real/int_67ms/real_67_00432.avi,67,0,0,-2.0207,-10.5785,-10.2635,-11.9487,-11.0154,8,b,No,No.
order_real,data/videos_real/int_67ms/real_67_00432_flip.avi,67,1,0,-2.2108,-10.7051,-10.4525,-12.1371,-11.2044,8,b,No,No.
order_real,data/videos_real/int_67ms/real_67_00444.avi,67,0,1,0.6522,-9.8077,-10.2431,-11.4266,-10.4317,8,a,YES,YES.
order_real,data/videos_real/int_67ms/real_67_00444_flip.avi,67,1,1,0.724,-9.8206,-10.1929,-11.377,-10.444,8,a,YES,YES.
order_real,data/videos_real/int_67ms/real_67_00456.avi,67,0,0,0.0813,-9.7792,-10.0277,-11.4617,-10.6532,8,a,NO,NO.
order_real,data/videos_real/int_67ms/real_67_00456_flip.avi,67,1,1,0.206,-9.7222,-9.9704,-11.4671,-10.6583,8,a,YES,YES.
order_real,data/videos_real/int_67ms/real_67_00468.avi,67,0,1,0.2212,-9.6707,-10.1064,-10.9811,-10.3571,8,a,YES,YES.
order_real,data/videos_real/int_67ms/real_67_00468_flip.avi,67,1,1,0.1548,-9.6669,-10.165,-10.9772,-10.3532,8,a,YES,YES.
order_real,data/videos_real/int_67ms/real_67_00480.avi,67,0,0,-0.5373,-9.9247,-9.798,-11.6661,-10.4226,8,a,NO,NO.
order_real,data/videos_real/int_67ms/real_67_00480_flip.avi,67,1,0,-0.5853,-9.8698,-9.8673,-11.735,-10.4293,8,a,NO,NO.
order_real,data/videos_real/int_67ms/real_67_00492.avi,67,0,0,-0.2331,-10.4117,-10.2229,-12.0922,-10.9722,8,a,No,No.
order_real,data/videos_real/int_67ms/real_67_00492_flip.avi,67,1,0,-0.3016,-10.4501,-10.261,-12.0688,-10.9486,8,a,No,No.
order_real,data/videos_real/int_67ms/real_67_00504.avi,67,1,0,-0.0787,-9.6271,-9.8746,-11.3086,-10.4379,8,a,NO,NO.
order_real,data/videos_real/int_67ms/real_67_00504_flip.avi,67,0,0,-0.0554,-9.7479,-9.9333,-11.43,-10.4966,8,a,NO,NO.
order_real,data/videos_real/int_67ms/real_67_00516.avi,67,0,0,-0.536,-9.8626,-9.7986,-11.5447,-10.4231,8,b,NO,NO.
order_real,data/videos_real/int_67ms/real_67_00516_flip.avi,67,1,0,-0.3621,-9.8673,-9.8033,-11.4878,-10.3657,8,b,NO,NO.
order_real,data/videos_real/int_67ms/real_67_00528.avi,67,0,1,0.0935,-9.6931,-10.0038,-11.1897,-10.3787,8,a,YES,YES.
order_real,data/videos_real/int_67ms/real_67_00528_flip.avi,67,1,1,0.1254,-9.7104,-10.021,-11.2692,-10.3959,8,a,YES,YES.
order_real,data/videos_real/int_67ms/real_67_00540.avi,67,1,1,0.6492,-9.9043,-9.965,-11.5235,-10.6528,8,a,YES,YES.
order_real,data/videos_real/int_67ms/real_67_00540_flip.avi,67,0,1,0.6469,-9.8816,-9.8798,-11.4383,-10.6918,8,a,YES,YES.
order_real,data/videos_real/int_67ms/real_67_00552.avi,67,0,0,-1.05,-10.1871,-10.3712,-11.8687,-10.3727,8,b,NO,NO.
order_real,data/videos_real/int_67ms/real_67_00552_flip.avi,67,1,0,-0.9605,-10.0592,-10.306,-11.8655,-10.3695,8,b,NO,NO.
order_real,data/videos_real/int_67ms/real_67_00564.avi,67,0,1,0.2861,-9.7992,-9.7357,-11.4187,-9.1737,8,a,YES,YES.
order_real,data/videos_real/int_67ms/real_67_00564_flip.avi,67,1,1,0.1997,-9.7514,-9.8123,-11.4329,-9.2503,8,a,YES,YES.
order_real,data/videos_real/int_67ms/real_67_00576.avi,67,0,0,-0.7253,-9.6197,-10.055,-11.1786,-10.305,8,a,NO,NO.
order_real,data/videos_real/int_67ms/real_67_00576_flip.avi,67,1,0,-0.6243,-9.5912,-10.0264,-11.1499,-10.2763,8,a,NO,NO.
order_real,data/videos_real/int_67ms/real_67_00588.avi,67,0,1,0.2964,-10.0402,-9.8511,-11.6601,-10.4779,8,b,YES,YES.
order_real,data/videos_real/int_67ms/real_67_00588_flip.avi,67,1,1,0.4212,-10.113,-9.9235,-11.6704,-10.5504,8,b,YES,YES.
order_real,data/videos_real/int_100ms/real_100_00001.avi,100,1,0,-0.7029,-9.7802,-9.7152,-11.7109,-10.7776,8,b,NO,NO.
order_rev,data/videos_real/int_100ms/real_100_00001.avi,100,1,1,0.3753,-7.3366,-10.022,-11.4551,-10.5837,8,b,YES,YES.
moved_real,data/videos_real/int_100ms/real_100_00001.avi,100,1,0,-1.8169,-10.2977,-11.2327,-11.8544,-10.6716,8,b,NO,NO.
moved_twin,data/twin_real/real_100_00001.avi,100,0,0,-2.2979,-10.3789,-11.3766,-11.8122,-10.6279,8,b,NO,NO.
order_twin,data/twin_real/real_100_00001.avi,100,-1,0,-1.1236,-9.6639,-9.7239,-11.4708,-10.536,8,b,NO,NO.
bind_twin,data/twin_real/real_100_00001.avi,100,0,0,-1.0605,-10.5513,-11.3622,-12.2962,-11.4872,8,b,No,No.
order_real,data/videos_real/int_100ms/real_100_00001_flip.avi,100,0,0,-0.7029,-9.9038,-9.8384,-11.7721,-10.8388,8,b,NO,NO.
order_real,data/videos_real/int_100ms/real_100_00013.avi,100,0,0,-1.9757,-9.7572,-10.0674,-11.4408,-10.5684,8,b,NO,NO.
order_rev,data/videos_real/int_100ms/real_100_00013.avi,100,0,0,-2.2643,-8.8798,-11.0033,-11.9369,-10.6291,8,b,NO,NO.
moved_real,data/videos_real/int_100ms/real_100_00013.avi,100,1,0,-0.4836,-10.1069,-11.0424,-11.6635,-10.5437,8,b,NO,NO.
moved_twin,data/twin_real/real_100_00013.avi,100,0,0,-1.5443,-10.0087,-11.0685,-11.3795,-10.4448,8,b,NO,NO.
order_twin,data/twin_real/real_100_00013.avi,100,-1,0,-1.9977,-9.6763,-9.9862,-11.36,-10.4872,8,b,NO,NO.
bind_twin,data/twin_real/real_100_00013.avi,100,0,0,-3.3012,-10.4684,-11.6541,-12.1519,-11.4669,8,b,No,No.
order_real,data/videos_real/int_100ms/real_100_00013_flip.avi,100,1,0,-1.9338,-9.8443,-10.092,-11.5283,-10.6555,8,b,NO,NO.
order_real,data/videos_real/int_100ms/real_100_00025.avi,100,0,1,0.1613,-9.6614,-10.2203,-11.8417,-10.8462,8,a,YES,YES.
order_rev,data/videos_real/int_100ms/real_100_00025.avi,100,0,1,0.1946,-8.0854,-10.5821,-11.5787,-10.52,8,a,YES,YES.
moved_real,data/videos_real/int_100ms/real_100_00025.avi,100,1,0,-0.8621,-9.9985,-11.0577,-11.6801,-10.4976,8,a,NO,NO.
moved_twin,data/twin_real/real_100_00025.avi,100,0,0,-2.3738,-10.0911,-11.4002,-11.5869,-10.4645,8,a,NO,NO.
order_twin,data/twin_real/real_100_00025.avi,100,-1,0,0.0009,-9.6423,-10.1394,-11.574,-10.7023,8,a,NO,NO.
bind_twin,data/twin_real/real_100_00025.avi,100,1,1,1.4434,-10.2924,-11.6648,-12.0985,-11.4768,8,a,YES,YES.
order_real,data/videos_real/int_100ms/real_100_00025_flip.avi,100,1,1,0.5008,-9.7946,-10.2911,-11.8506,-10.9176,8,a,YES,YES.
order_real,data/videos_real/int_100ms/real_100_00037.avi,100,0,0,-0.2033,-10.097,-9.9075,-11.593,-10.4097,8,b,NO,NO.
order_rev,data/videos_real/int_100ms/real_100_00037.avi,100,0,0,-0.1239,-9.0378,-10.5997,-11.9088,-10.9119,8,b,NO,NO.
moved_real,data/videos_real/int_100ms/real_100_00037.avi,100,1,0,-0.8011,-10.5161,-11.2019,-11.7612,-10.5161,8,b,NO,NO.
moved_twin,data/twin_real/real_100_00037.avi,100,0,0,-2.0672,-10.3288,-11.3885,-11.5123,-10.3909,8,b,NO,NO.
order_twin,data/twin_real/real_100_00037.avi,100,-1,0,-0.4045,-9.7671,-9.6397,-11.1997,-10.0169,8,b,NO,NO.
bind_twin,data/twin_real/real_100_00037.avi,100,0,0,-0.9156,-10.6669,-11.7902,-12.35,-11.416,8,b,No,No.
order_real,data/videos_real/int_100ms/real_100_00037_flip.avi,100,1,0,-0.0293,-10.1779,-9.9261,-11.6734,-10.4906,8,b,NO,NO.
order_real,data/videos_real/int_100ms/real_100_00049.avi,100,1,0,-1.1278,-10.3621,-10.2975,-11.7325,-10.3608,8,b,NO,NO.
order_rev,data/videos_real/int_100ms/real_100_00049.avi,100,1,0,-1.0515,-8.8842,-10.7578,-11.6925,-10.008,8,b,No,No.
moved_real,data/videos_real/int_100ms/real_100_00049.avi,100,1,0,-1.2817,-10.5716,-11.4438,-11.5049,-10.6333,8,b,No,No.
moved_twin,data/twin_real/real_100_00049.avi,100,0,0,-2.4069,-10.6012,-11.6611,-11.4104,-10.6,8,b,No,No.
order_twin,data/twin_real/real_100_00049.avi,100,-1,0,-1.5025,-10.284,-10.1571,-11.5926,-10.2201,8,b,NO,NO.
bind_twin,data/twin_real/real_100_00049.avi,100,0,0,-2.795,-11.6587,-12.6574,-13.0308,-12.5955,8,b,No,No.
order_real,data/videos_real/int_100ms/real_100_00049_flip.avi,100,0,0,-1.1692,-10.3316,-10.2673,-11.7024,-10.3303,8,b,NO,NO.
order_real,data/videos_real/int_100ms/real_100_00061.avi,100,0,0,-0.2482,-9.849,-9.9726,-11.6564,-10.785,8,a,NO,NO.
order_rev,data/videos_real/int_100ms/real_100_00061.avi,100,0,0,-0.5512,-8.6641,-10.7253,-11.5349,-10.6631,8,a,No,No.
moved_real,data/videos_real/int_100ms/real_100_00061.avi,100,1,0,-1.2488,-10.2954,-11.2924,-11.978,-10.6698,8,a,No,No.
moved_twin,data/twin_real/real_100_00061.avi,100,0,0,-1.593,-10.2166,-11.2762,-11.7743,-10.5282,8,a,No,No.
order_twin,data/twin_real/real_100_00061.avi,100,-1,0,-0.5061,-9.6839,-9.745,-11.3674,-10.5574,8,a,NO,NO.
bind_twin,data/twin_real/real_100_00061.avi,100,1,1,0.8138,-10.1238,-11.4953,-12.1163,-11.2453,8,a,Yes,Yes.
order_real,data/videos_real/int_100ms/real_100_00061_flip.avi,100,1,0,-0.305,-9.8191,-9.9419,-11.6265,-10.693,8,a,NO,NO.
order_real,data/videos_real/int_100ms/real_100_00073.avi,100,1,0,-0.6683,-9.8718,-9.7449,-11.4288,-10.3703,8,b,No,No.
order_rev,data/videos_real/int_100ms/real_100_00073.avi,100,1,0,-1.8166,-8.6248,-10.81,-11.8072,-10.5604,8,b,No,No.
moved_real,data/videos_real/int_100ms/real_100_00073.avi,100,1,0,-0.6384,-10.1442,-10.893,-11.3906,-10.2683,8,b,NO,NO.
moved_twin,data/twin_real/real_100_00073.avi,100,0,0,-1.1155,-10.1733,-11.0462,-11.3574,-10.2346,8,b,No,No.
order_twin,data/twin_real/real_100_00073.avi,100,-1,0,-0.8581,-9.9385,-9.8118,-11.4337,-10.4367,8,b,No,No.
bind_twin,data/twin_real/real_100_00073.avi,100,0,0,-1.7738,-11.4857,-12.4845,-12.9818,-12.4224,8,b,No,No.
order_real,data/videos_real/int_100ms/real_100_00073_flip.avi,100,0,0,-0.6156,-9.8905,-9.7011,-11.4469,-10.3886,8,b,No,No.
order_real,data/videos_real/int_100ms/real_100_00085.avi,100,1,0,-0.5366,-9.8569,-9.9175,-11.602,-10.4815,8,b,NO,NO.
order_rev,data/videos_real/int_100ms/real_100_00085.avi,100,1,0,-0.2489,-8.9331,-10.6195,-11.7398,-10.6823,8,b,NO,NO.
moved_real,data/videos_real/int_100ms/real_100_00085.avi,100,1,1,3.2497,-11.0655,-12.0663,-12.4337,-11.3162,8,b,YES,YES.
moved_twin,data/twin_real/real_100_00085.avi,100,0,0,-1.3386,-10.0623,-11.183,-11.2436,-10.1236,8,b,NO,NO.
order_twin,data/twin_real/real_100_00085.avi,100,-1,0,-0.9987,-9.757,-9.942,-11.3774,-10.319,8,b,NO,NO.
bind_twin,data/twin_real/real_100_00085.avi,100,0,0,-2.1697,-10.09,-11.2758,-11.7124,-11.0261,8,b,No,No.
order_real,data/videos_real/int_100ms/real_100_00085_flip.avi,100,0,0,-0.6615,-9.9374,-9.9356,-11.6204,-10.562,8,b,NO,NO.
order_real,data/videos_real/int_100ms/real_100_00097.avi,100,1,0,-1.2974,-10.0281,-10.2132,-11.586,-10.4024,8,a,NO,NO.
order_rev,data/videos_real/int_100ms/real_100_00097.avi,100,1,0,-0.7104,-8.8828,-10.7559,-12.125,-10.7569,8,a,No,No.
moved_real,data/videos_real/int_100ms/real_100_00097.avi,100,1,0,-3.749,-11.2166,-12.4016,-12.5251,-11.4036,8,a,No,No.
moved_twin,data/twin_real/real_100_00097.avi,100,0,0,-3.4124,-11.1123,-12.1102,-12.2333,-11.1744,8,a,No,No.
order_twin,data/twin_real/real_100_00097.avi,100,-1,0,-0.8737,-9.9671,-9.9647,-11.5864,-10.2783,8,a,NO,NO.
bind_twin,data/twin_real/real_100_00097.avi,100,1,1,2.3608,-10.952,-12.2008,-12.6954,-11.95,8,a,Yes,Yes.
order_real,data/videos_real/int_100ms/real_100_00097_flip.avi,100,0,0,-1.3244,-10.0365,-10.1592,-11.5939,-10.4109,8,a,NO,NO.
order_real,data/videos_real/int_100ms/real_100_00109.avi,100,1,1,0.3019,-10.0054,-10.1275,-11.2506,-10.5658,8,a,YES,YES.
order_rev,data/videos_real/int_100ms/real_100_00109.avi,100,1,0,-1.3436,-8.4006,-10.7106,-11.2721,-10.5859,8,a,NO,NO.
moved_real,data/videos_real/int_100ms/real_100_00109.avi,100,1,0,-1.124,-10.2994,-11.4207,-11.1088,-10.4857,8,a,No,No.
moved_twin,data/twin_real/real_100_00109.avi,100,0,0,-1.9384,-10.4045,-11.5261,-11.0891,-10.5279,8,a,NO,NO.
order_twin,data/twin_real/real_100_00109.avi,100,-1,0,-0.0447,-9.9114,-10.096,-11.1565,-10.4718,8,a,NO,NO.
bind_twin,data/twin_real/real_100_00109.avi,100,1,1,1.3222,-10.4515,-11.824,-11.6344,-11.324,8,a,Yes,Yes.
order_real,data/videos_real/int_100ms/real_100_00109_flip.avi,100,0,1,0.2506,-10.0002,-10.1224,-11.2456,-10.5607,8,a,YES,YES.
order_real,data/videos_real/int_100ms/real_100_00121.avi,100,0,0,-0.3731,-9.7317,-9.7291,-11.3528,-10.6049,8,b,NO,NO.
order_rev,data/videos_real/int_100ms/real_100_00121.avi,100,0,0,-0.4981,-7.3684,-10.2408,-11.2384,-10.2412,8,b,No,No.
moved_real,data/videos_real/int_100ms/real_100_00121.avi,100,1,0,-0.8355,-9.8445,-10.9049,-11.3399,-10.4674,8,b,NO,NO.
moved_twin,data/twin_real/real_100_00121.avi,100,0,0,-1.9291,-9.8649,-10.8605,-11.2341,-10.3629,8,b,NO,NO.
order_twin,data/twin_real/real_100_00121.avi,100,-1,0,-0.555,-9.6001,-9.7216,-11.22,-10.5351,8,b,No,No.
bind_twin,data/twin_real/real_100_00121.avi,100,0,0,-0.938,-9.9165,-10.9149,-11.475,-11.0396,8,b,No,No.
order_real,data/videos_real/int_100ms/real_100_00121_flip.avi,100,1,0,-0.3576,-9.7987,-9.796,-11.4816,-10.6097,8,b,No,No.
order_real,data/videos_real/int_100ms/real_100_00133.avi,100,0,1,-0.0488,-10.329,-10.014,-11.8222,-10.0157,8,a,Yes,Yes.
order_rev,data/videos_real/int_100ms/real_100_00133.avi,100,0,0,-1.5855,-9.1697,-10.9805,-12.04,-10.6061,8,a,No,No.
moved_real,data/videos_real/int_100ms/real_100_00133.avi,100,1,1,1.3107,-10.3743,-11.1853,-11.8056,-9.5004,8,a,Yes,Yes.
moved_twin,data/twin_real/real_100_00133.avi,100,0,0,-0.8737,-10.3495,-11.2837,-11.5321,-9.2872,8,a,No,No.
order_twin,data/twin_real/real_100_00133.avi,100,-1,0,-0.2875,-10.283,-9.9671,-11.7138,-9.8444,8,a,No,No.
bind_twin,data/twin_real/real_100_00133.avi,100,1,1,1.981,-10.9479,-12.1961,-12.8161,-11.6953,8,a,Yes,Yes.
order_real,data/videos_real/int_100ms/real_100_00133_flip.avi,100,1,1,-0.0488,-10.268,-9.953,-11.7612,-9.8925,8,a,Yes,Yes.
order_real,data/videos_real/int_100ms/real_100_00145.avi,100,0,1,0.7285,-9.4026,-9.0886,-11.1483,-10.4002,8,a,YES,YES.
order_rev,data/videos_real/int_100ms/real_100_00145.avi,100,0,0,-0.3167,-7.6652,-9.8512,-10.7252,-10.1633,8,a,NO,NO.
moved_real,data/videos_real/int_100ms/real_100_00145.avi,100,1,1,1.096,-9.6743,-10.61,-11.4811,-10.5466,8,a,YES,YES.
moved_twin,data/twin_real/real_100_00145.avi,100,0,1,0.3972,-9.5417,-10.7254,-11.3481,-10.5997,8,a,YES,YES.
order_twin,data/twin_real/real_100_00145.avi,100,-1,1,0.4546,-9.1968,-9.0062,-10.8795,-10.4425,8,a,YES,YES.
bind_twin,data/twin_real/real_100_00145.avi,100,1,1,1.3238,-9.6326,-10.755,-11.6272,-11.3157,8,a,YES,YES.
order_real,data/videos_real/int_100ms/real_100_00145_flip.avi,100,1,1,0.8535,-9.4864,-9.1107,-11.1702,-10.484,8,a,YES,YES.
order_real,data/videos_real/int_100ms/real_100_00157.avi,100,1,0,-1.0521,-9.6223,-9.9327,-11.3065,-10.5573,8,b,NO,NO.
order_rev,data/videos_real/int_100ms/real_100_00157.avi,100,1,0,-1.4065,-8.6717,-10.5452,-11.4195,-10.6704,8,b,NO,NO.
moved_real,data/videos_real/int_100ms/real_100_00157.avi,100,1,0,-2.2509,-10.0858,-11.2708,-11.3953,-10.5219,8,b,NO,NO.
moved_twin,data/twin_real/real_100_00157.avi,100,0,0,-2.2863,-10.145,-11.3301,-11.4545,-10.6434,8,b,NO,NO.
order_twin,data/twin_real/real_100_00157.avi,100,-1,0,-1.4778,-9.8999,-10.1479,-11.3971,-10.7104,8,b,NO,NO.
bind_twin,data/twin_real/real_100_00157.avi,100,0,0,-3.1966,-10.1952,-11.4428,-11.8171,-11.3811,8,b,NO,NO.
order_real,data/videos_real/int_100ms/real_100_00157_flip.avi,100,0,0,-0.9537,-9.5877,-9.8981,-11.334,-10.4608,8,b,NO,NO.
order_real,data/videos_real/int_100ms/real_100_00169.avi,100,1,0,-0.4111,-9.9292,-10.1765,-11.3632,-10.8031,8,b,NO,NO.
order_rev,data/videos_real/int_100ms/real_100_00169.avi,100,1,0,-0.0826,-8.8587,-10.8572,-11.7286,-11.045,8,b,NO,NO.
moved_real,data/videos_real/int_100ms/real_100_00169.avi,100,1,0,-1.3401,-10.0949,-11.3418,-11.3427,-10.4066,8,b,NO,NO.
moved_twin,data/twin_real/real_100_00169.avi,100,0,0,-1.5594,-10.0909,-11.3372,-11.2132,-10.4021,8,b,NO,NO.
order_twin,data/twin_real/real_100_00169.avi,100,-1,0,-0.7198,-9.8451,-10.0924,-11.3411,-10.7182,8,b,NO,NO.
bind_twin,data/twin_real/real_100_00169.avi,100,0,0,-4.6204,-10.8941,-12.7035,-12.3914,-12.1428,8,b,No,No.
order_real,data/videos_real/int_100ms/real_100_00169_flip.avi,100,0,0,-0.5443,-9.917,-10.2263,-11.475,-10.8529,8,b,NO,NO.
order_real,data/videos_real/int_100ms/real_100_00181.avi,100,0,1,0.2846,-10.1407,-10.202,-11.8845,-10.827,8,a,YES,YES.
order_rev,data/videos_real/int_100ms/real_100_00181.avi,100,0,0,-0.2489,-8.1865,-10.6846,-11.6188,-10.6846,8,a,NO,NO.
moved_real,data/videos_real/int_100ms/real_100_00181.avi,100,1,1,1.0494,-10.3925,-11.3919,-12.0121,-10.8299,8,a,YES,YES.
moved_twin,data/twin_real/real_100_00181.avi,100,0,0,-1.2982,-9.9712,-11.281,-11.4042,-10.2825,8,a,NO,NO.
order_twin,data/twin_real/real_100_00181.avi,100,-1,1,0.1711,-9.8495,-10.16,-11.6554,-10.5983,8,a,YES,YES.
bind_twin,data/twin_real/real_100_00181.avi,100,1,1,2.4126,-10.3531,-11.7882,-12.3469,-11.5994,8,a,YES,YES.
order_real,data/videos_real/int_100ms/real_100_00181_flip.avi,100,1,1,0.3075,-10.192,-10.2535,-11.9362,-10.8788,8,a,YES,YES.
order_real,data/videos_real/int_100ms/real_100_00193.avi,100,0,0,-0.1543,-9.9313,-9.805,-11.3642,-10.5556,8,a,NO,NO.
order_rev,data/videos_real/int_100ms/real_100_00193.avi,100,0,0,-0.5442,-8.8143,-10.0012,-11.6231,-10.7512,8,a,No,No.
moved_real,data/videos_real/int_100ms/real_100_00193.avi,100,1,0,-0.2331,-10.3443,-11.343,-11.5273,-10.8438,8,a,No,No.
moved_twin,data/twin_real/real_100_00193.avi,100,0,0,-1.8207,-10.3664,-11.4891,-11.2379,-10.678,8,a,No,No.
order_twin,data/twin_real/real_100_00193.avi,100,-1,0,-0.2866,-9.9561,-9.8913,-11.2638,-10.6423,8,a,NO,NO.
bind_twin,data/twin_real/real_100_00193.avi,100,1,1,2.5943,-9.9727,-11.6569,-11.5887,-11.3422,8,a,Yes,Yes.
order_real,data/videos_real/int_100ms/real_100_00193_flip.avi,100,1,0,-0.1544,-9.9934,-9.8047,-11.426,-10.6799,8,a,NO,NO.
order_real,data/videos_real/int_100ms/real_100_00205.avi,100,0,0,-1.0817,-9.9416,-10.127,-11.7495,-10.6269,8,b,NO,NO.
order_rev,data/videos_real/int_100ms/real_100_00205.avi,100,0,0,-0.5631,-8.4686,-10.5922,-11.9015,-10.6544,8,b,NO,NO.
moved_real,data/videos_real/int_100ms/real_100_00205.avi,100,1,0,-3.1731,-10.5714,-11.6932,-11.755,-10.8204,8,b,No,No.
moved_twin,data/twin_real/real_100_00205.avi,100,0,0,-2.2944,-10.2858,-11.4699,-11.47,-10.4721,8,b,NO,NO.
order_twin,data/twin_real/real_100_00205.avi,100,-1,0,-1.2491,-9.6781,-9.9883,-11.4245,-10.3636,8,b,NO,NO.
bind_twin,data/twin_real/real_100_00205.avi,100,0,0,-2.4358,-10.6519,-11.6501,-12.2114,-11.5882,8,b,No,No.
order_real,data/videos_real/int_100ms/real_100_00205_flip.avi,100,1,0,-1.0431,-9.9137,-10.0992,-11.7218,-10.5989,8,b,NO,NO.
order_real,data/videos_real/int_100ms/real_100_00217.avi,100,0,0,-0.4067,-9.8449,-9.9055,-11.4019,-10.4675,8,a,No,No.
order_rev,data/videos_real/int_100ms/real_100_00217.avi,100,0,0,-1.3204,-8.5282,-10.8386,-11.5238,-10.4007,8,a,No,No.
moved_real,data/videos_real/int_100ms/real_100_00217.avi,100,1,0,-1.3218,-10.6291,-11.4397,-11.9373,-10.7534,8,a,No,No.
moved_twin,data/twin_real/real_100_00217.avi,100,0,0,-2.1785,-10.8317,-11.6419,-11.953,-10.8935,8,a,No,No.
order_twin,data/twin_real/real_100_00217.avi,100,-1,0,-0.6233,-9.9391,-10.1238,-11.3708,-10.4362,8,a,No,No.
bind_twin,data/twin_real/real_100_00217.avi,100,1,1,0.7048,-10.7102,-12.2087,-12.4562,-12.0204,8,a,Yes,Yes.
order_real,data/videos_real/int_100ms/real_100_00217_flip.avi,100,1,0,-0.3577,-9.8646,-9.9248,-11.4213,-10.4869,8,a,No,No.
order_real,data/videos_real/int_100ms/real_100_00229.avi,100,1,0,-1.6839,-10.1916,-10.3135,-11.8118,-10.9397,8,b,NO,NO.
order_rev,data/videos_real/int_100ms/real_100_00229.avi,100,1,0,-1.1227,-8.5492,-10.7346,-11.7319,-10.673,8,b,NO,NO.
moved_real,data/videos_real/int_100ms/real_100_00229.avi,100,1,0,-1.7327,-10.4318,-11.2426,-11.7397,-10.5565,8,b,No,No.
moved_twin,data/twin_real/real_100_00229.avi,100,0,0,-1.9987,-10.3359,-11.3338,-11.5821,-10.5853,8,b,No,No.
order_twin,data/twin_real/real_100_00229.avi,100,-1,0,-1.9762,-10.1955,-10.442,-11.8158,-10.9435,8,b,NO,NO.
bind_twin,data/twin_real/real_100_00229.avi,100,0,0,-3.2687,-11.7499,-12.748,-13.1832,-12.7492,8,b,No,No.
order_real,data/videos_real/int_100ms/real_100_00229_flip.avi,100,0,0,-1.5591,-10.274,-10.3338,-11.956,-10.9598,8,b,NO,NO.
order_real,data/videos_real/int_100ms/real_100_00241.avi,100,0,0,-1.3388,-10.0924,-10.2152,-11.7752,-10.5914,8,a,NO,NO.
order_real,data/videos_real/int_100ms/real_100_00241_flip.avi,100,1,0,-1.2708,-10.1069,-10.2292,-11.7277,-10.6059,8,a,NO,NO.
order_real,data/videos_real/int_100ms/real_100_00253.avi,100,0,0,-0.1615,-9.394,-9.6426,-11.14,-10.3297,8,b,NO,NO.
order_real,data/videos_real/int_100ms/real_100_00253_flip.avi,100,1,0,-0.1613,-9.4554,-9.7041,-11.2016,-10.3912,8,b,NO,NO.
order_real,data/videos_real/int_100ms/real_100_00265.avi,100,0,0,-0.7202,-9.7305,-10.1645,-11.3507,-10.6023,8,a,NO,NO.
order_real,data/videos_real/int_100ms/real_100_00265_flip.avi,100,1,0,-0.8131,-9.8242,-10.1958,-11.382,-10.6336,8,a,NO,NO.
order_real,data/videos_real/int_100ms/real_100_00277.avi,100,1,1,0.4142,-9.9648,-10.1504,-11.6461,-10.6517,8,a,YES,YES.
order_real,data/videos_real/int_100ms/real_100_00277_flip.avi,100,0,1,0.5004,-9.9554,-10.079,-11.6363,-10.5803,8,a,YES,YES.
order_real,data/videos_real/int_100ms/real_100_00289.avi,100,0,1,0.1642,-9.8876,-10.0726,-11.8189,-10.6976,8,b,YES,YES.
order_real,data/videos_real/int_100ms/real_100_00289_flip.avi,100,1,0,0.0393,-9.8228,-10.0078,-11.816,-10.6324,8,b,NO,NO.
order_real,data/videos_real/int_100ms/real_100_00301.avi,100,0,0,-0.2488,-9.9357,-9.8715,-11.6807,-10.6218,8,a,NO,NO.
order_real,data/videos_real/int_100ms/real_100_00301_flip.avi,100,1,0,-0.249,-9.8909,-9.8891,-11.6358,-10.6391,8,a,NO,NO.
order_real,data/videos_real/int_100ms/real_100_00313.avi,100,1,0,-0.2999,-9.941,-10.1255,-11.4362,-10.6266,8,a,NO,NO.
order_real,data/videos_real/int_100ms/real_100_00313_flip.avi,100,0,0,-0.2577,-10.0828,-10.1425,-11.5777,-10.7061,8,a,NO,NO.
order_real,data/videos_real/int_100ms/real_100_00325.avi,100,1,0,-0.376,-10.0668,-10.2532,-11.5632,-11.0653,8,b,NO,NO.
order_real,data/videos_real/int_100ms/real_100_00325_flip.avi,100,0,0,-0.5635,-10.0962,-10.2824,-11.5931,-11.0321,8,b,NO,NO.
order_real,data/videos_real/int_100ms/real_100_00337.avi,100,1,0,-0.1232,-10.0514,-10.1125,-11.7317,-10.8628,8,b,NO,NO.
order_real,data/videos_real/int_100ms/real_100_00337_flip.avi,100,0,0,-0.2479,-9.9953,-10.0565,-11.6767,-10.9314,8,b,NO,NO.
order_real,data/videos_real/int_100ms/real_100_00349.avi,100,0,1,0.6253,-10.0013,-10.1867,-11.806,-10.8745,8,a,YES,YES.
order_real,data/videos_real/int_100ms/real_100_00349_flip.avi,100,1,1,0.4048,-10.1129,-10.1738,-11.7934,-10.8616,8,a,YES,YES.
order_real,data/videos_real/int_100ms/real_100_00361.avi,100,1,0,-0.2491,-9.8385,-10.3981,-11.3335,-10.7115,8,a,NO,NO.
order_real,data/videos_real/int_100ms/real_100_00361_flip.avi,100,0,0,-0.2733,-9.8637,-10.4233,-11.3587,-10.7367,8,a,NO,NO.
order_real,data/videos_real/int_100ms/real_100_00373.avi,100,1,0,0.0363,-9.9715,-10.0322,-11.7156,-10.6568,8,a,NO,NO.
order_real,data/videos_real/int_100ms/real_100_00373_flip.avi,100,0,0,0.0361,-10.0325,-10.1556,-11.7768,-10.7181,8,a,NO,NO.
order_real,data/videos_real/int_100ms/real_100_00385.avi,100,0,0,-0.4244,-9.9524,-9.8887,-11.6981,-10.5764,8,a,NO,NO.
order_real,data/videos_real/int_100ms/real_100_00385_flip.avi,100,1,0,-0.4012,-9.8388,-9.8995,-11.647,-10.4626,8,a,NO,NO.
order_real,data/videos_real/int_100ms/real_100_00397.avi,100,1,1,0.1429,-9.9816,-10.4166,-11.4151,-11.0412,8,a,YES,YES.
order_real,data/videos_real/int_100ms/real_100_00397_flip.avi,100,0,0,0.0418,-9.9468,-10.32,-11.3183,-11.0064,8,a,NO,NO.
order_real,data/videos_real/int_100ms/real_100_00409.avi,100,0,0,-1.3886,-10.3162,-10.1268,-12.1228,-11.0639,8,b,NO,NO.
order_real,data/videos_real/int_100ms/real_100_00409_flip.avi,100,1,0,-1.4041,-10.2645,-10.0752,-12.1323,-11.0123,8,b,NO,NO.
order_real,data/videos_real/int_100ms/real_100_00421.avi,100,1,0,-1.0217,-9.9821,-10.0428,-11.6638,-10.1052,8,b,NO,NO.
order_real,data/videos_real/int_100ms/real_100_00421_flip.avi,100,0,0,-1.0215,-9.8595,-9.9826,-11.6034,-9.983,8,b,NO,NO.
order_real,data/videos_real/int_100ms/real_100_00433.avi,100,0,0,-0.5889,-9.5836,-9.8939,-11.3908,-10.3313,8,b,NO,NO.
order_real,data/videos_real/int_100ms/real_100_00433_flip.avi,100,1,0,-0.4993,-9.5544,-9.8646,-11.2999,-10.302,8,b,NO,NO.
order_real,data/videos_real/int_100ms/real_100_00445.avi,100,1,1,0.126,-10.3974,-10.2716,-12.0786,-10.8966,8,a,Yes,Yes.
order_real,data/videos_real/int_100ms/real_100_00445_flip.avi,100,0,1,0.1864,-10.3678,-10.242,-11.9869,-10.8049,8,a,Yes,Yes.
order_real,data/videos_real/int_100ms/real_100_00457.avi,100,0,0,-0.3581,-10.1158,-9.8641,-11.6728,-9.8027,8,a,No,No.
order_real,data/videos_real/int_100ms/real_100_00457_flip.avi,100,1,0,-0.407,-10.0343,-9.8452,-11.6534,-9.7833,8,a,No,No.
order_real,data/videos_real/int_100ms/real_100_00469.avi,100,0,0,-0.2896,-9.8009,-10.2361,-11.4211,-10.7367,8,a,NO,NO.
order_real,data/videos_real/int_100ms/real_100_00469_flip.avi,100,1,0,-0.3332,-9.8705,-10.181,-11.4282,-10.7437,8,a,NO,NO.
order_real,data/videos_real/int_100ms/real_100_00481.avi,100,0,0,-0.3375,-9.8007,-9.7978,-11.4826,-10.611,8,a,NO,NO.
order_real,data/videos_real/int_100ms/real_100_00481_flip.avi,100,1,0,-0.3237,-9.9027,-9.8377,-11.5845,-10.6508,8,a,NO,NO.
order_real,data/videos_real/int_100ms/real_100_00493.avi,100,0,0,-0.1858,-9.6267,-9.9351,-11.5562,-10.249,8,a,NO,NO.
order_real,data/videos_real/int_100ms/real_100_00493_flip.avi,100,1,0,-0.0874,-9.7338,-9.9169,-11.4769,-10.2935,8,a,NO,NO.
order_real,data/videos_real/int_100ms/real_100_00505.avi,100,1,0,-0.5948,-9.5218,-9.8327,-11.4552,-10.3954,8,b,NO,NO.
order_real,data/videos_real/int_100ms/real_100_00505_flip.avi,100,0,0,-0.592,-9.5511,-9.862,-11.4846,-10.4241,8,b,NO,NO.
order_real,data/videos_real/int_100ms/real_100_00517.avi,100,0,0,-1.2764,-9.8823,-9.9428,-11.6908,-10.5066,8,b,NO,NO.
order_real,data/videos_real/int_100ms/real_100_00517_flip.avi,100,1,0,-1.056,-9.7787,-9.7768,-11.5248,-10.4025,8,b,NO,NO.
order_real,data/videos_real/int_100ms/real_100_00529.avi,100,1,0,-0.7704,-9.9053,-9.8407,-11.4007,-10.4039,8,b,No,No.
order_real,data/videos_real/int_100ms/real_100_00529_flip.avi,100,0,0,-0.7704,-9.9668,-9.9025,-11.4625,-10.4654,8,b,No,No.
order_real,data/videos_real/int_100ms/real_100_00541.avi,100,1,0,-0.3521,-10.402,-10.7718,-11.7704,-11.0255,8,a,NO,NO.
order_real,data/videos_real/int_100ms/real_100_00541_flip.avi,100,0,0,-0.5299,-10.4571,-10.7032,-11.8263,-11.0803,8,a,NO,NO.
order_real,data/videos_real/int_100ms/real_100_00553.avi,100,0,0,-0.1686,-9.7874,-9.8479,-11.5934,-10.5979,8,a,NO,NO.
order_real,data/videos_real/int_100ms/real_100_00553_flip.avi,100,1,0,-0.0504,-9.8077,-9.8683,-11.6766,-10.6187,8,a,NO,NO.
order_real,data/videos_real/int_100ms/real_100_00565.avi,100,0,1,0.0763,-10.3256,-10.0117,-11.8192,-10.0744,8,a,Yes,Yes.
order_real,data/videos_real/int_100ms/real_100_00565_flip.avi,100,1,1,0.1149,-10.2843,-9.97,-11.7775,-10.0331,8,a,Yes,Yes.
order_real,data/videos_real/int_100ms/real_100_00577.avi,100,0,0,-0.7934,-10.2002,-10.0735,-11.6948,-10.1363,8,b,No,No.
order_real,data/videos_real/int_100ms/real_100_00577_flip.avi,100,1,0,-0.8426,-10.2475,-10.1202,-11.6798,-10.121,8,b,No,No.
order_real,data/videos_real/int_100ms/real_100_00589.avi,100,0,0,-0.4067,-9.905,-9.9026,-11.6492,-10.5908,8,a,No,No.
order_real,data/videos_real/int_100ms/real_100_00589_flip.avi,100,1,0,-0.3578,-9.9872,-9.8604,-11.6697,-10.6108,8,a,NO,NO.
order_real,data/videos_real/int_200ms/real_200_00002.avi,200,1,0,-0.6686,-10.0804,-10.2041,-11.8872,-11.0165,8,b,NO,NO.
order_rev,data/videos_real/int_200ms/real_200_00002.avi,200,1,0,-0.9991,-9.1679,-10.7917,-11.8511,-10.9167,8,b,NO,NO.
moved_real,data/videos_real/int_200ms/real_200_00002.avi,200,1,1,1.0344,-10.7923,-11.5419,-12.2872,-11.4155,8,b,YES,YES.
moved_twin,data/twin_real/real_200_00002.avi,200,0,0,-2.1152,-10.4235,-11.2967,-11.857,-10.8595,8,b,NO,NO.
order_twin,data/twin_real/real_200_00002.avi,200,-1,0,-1.2937,-10.1594,-10.2826,-11.9672,-11.0947,8,b,NO,NO.
bind_twin,data/twin_real/real_200_00002.avi,200,0,0,-3.1203,-10.8031,-11.8637,-12.4244,-11.8639,8,b,No,No.
order_real,data/videos_real/int_200ms/real_200_00002_flip.avi,200,0,0,-0.7682,-10.1054,-10.2912,-11.9124,-11.0415,8,b,NO,NO.
order_real,data/videos_real/int_200ms/real_200_00014.avi,200,1,0,-0.7488,-9.8157,-9.9998,-11.4978,-10.439,8,a,NO,NO.
order_rev,data/videos_real/int_200ms/real_200_00014.avi,200,1,0,-1.4149,-7.9105,-10.5339,-11.5942,-10.5339,8,a,No,No.
moved_real,data/videos_real/int_200ms/real_200_00014.avi,200,1,0,-2.711,-10.6063,-11.7911,-11.8523,-10.731,8,a,No,No.
moved_twin,data/twin_real/real_200_00014.avi,200,0,0,-2.7939,-10.6008,-11.7851,-11.7842,-10.7252,8,a,No,No.
order_twin,data/twin_real/real_200_00014.avi,200,-1,0,-0.6999,-9.831,-9.9529,-11.5128,-10.5163,8,a,NO,NO.
bind_twin,data/twin_real/real_200_00014.avi,200,1,1,2.0957,-9.8745,-11.5589,-11.928,-11.3066,8,a,Yes,Yes.
order_real,data/videos_real/int_200ms/real_200_00014_flip.avi,200,0,0,-0.7487,-9.8016,-9.9857,-11.4837,-10.4249,8,a,NO,NO.
order_real,data/videos_real/int_200ms/real_200_00026.avi,200,1,0,-0.6677,-9.9345,-10.0562,-11.5539,-10.4324,8,b,No,No.
order_rev,data/videos_real/int_200ms/real_200_00026.avi,200,1,0,-0.7582,-9.1544,-10.9653,-12.0868,-11.0272,8,b,No,No.
moved_real,data/videos_real/int_200ms/real_200_00026.avi,200,1,0,-0.4093,-10.6506,-11.5847,-12.0201,-10.9615,8,b,No,No.
moved_twin,data/twin_real/real_200_00026.avi,200,0,0,-0.9942,-10.7878,-11.7221,-12.0951,-11.0363,8,b,No,No.
order_twin,data/twin_real/real_200_00026.avi,200,-1,0,-1.1451,-10.058,-10.1797,-11.6154,-10.5555,8,b,No,No.
bind_twin,data/twin_real/real_200_00026.avi,200,0,0,-2.2746,-11.4645,-12.7113,-13.0223,-12.4629,8,b,No,No.
order_real,data/videos_real/int_200ms/real_200_00026_flip.avi,200,0,0,-0.7319,-9.9763,-10.0357,-11.5955,-10.474,8,b,NO,NO.
order_real,data/videos_real/int_200ms/real_200_00038.avi,200,0,0,-1.3726,-10.1789,-10.301,-11.5503,-10.5527,8,b,NO,NO.
order_rev,data/videos_real/int_200ms/real_200_00038.avi,200,0,0,-0.4153,-8.8179,-10.9413,-11.9385,-10.8787,8,b,No,No.
moved_real,data/videos_real/int_200ms/real_200_00038.avi,200,1,0,-1.7568,-10.9778,-11.9753,-11.9755,-10.9771,8,b,No,No.
moved_twin,data/twin_real/real_200_00038.avi,200,0,0,-2.3283,-11.0063,-12.2533,-11.8794,-10.9431,8,b,No,No.
order_twin,data/twin_real/real_200_00038.avi,200,-1,0,-1.558,-10.0833,-10.2673,-11.33,-10.3945,8,b,No,No.
bind_twin,data/twin_real/real_200_00038.avi,200,0,0,-3.2685,-12.0846,-13.145,-13.394,-12.8964,8,b,No,No.
order_real,data/videos_real/int_200ms/real_200_00038_flip.avi,200,1,0,-0.9976,-10.1484,-10.2699,-11.5816,-10.5847,8,b,NO,NO.
order_real,data/videos_real/int_200ms/real_200_00050.avi,200,1,0,-1.1806,-10.4103,-10.4708,-12.0296,-10.7844,8,a,No,No.
order_rev,data/videos_real/int_200ms/real_200_00050.avi,200,1,0,-1.1238,-8.0971,-10.7827,-11.718,-10.7824,8,a,No,No.
moved_real,data/videos_real/int_200ms/real_200_00050.avi,200,1,0,-2.8643,-10.997,-11.9323,-12.2434,-10.8718,8,a,No,No.
moved_twin,data/twin_real/real_200_00050.avi,200,0,0,-2.7393,-10.9424,-11.8154,-12.1886,-10.8171,8,a,No,No.
order_twin,data/twin_real/real_200_00050.avi,200,-1,0,-1.2488,-10.272,-10.4573,-11.9542,-10.7084,8,a,No,No.
bind_twin,data/twin_real/real_200_00050.avi,200,1,1,2.7044,-9.7488,-11.3723,-12.0566,-11.2452,8,a,Yes,Yes.
order_real,data/videos_real/int_200ms/real_200_00050_flip.avi,200,0,0,-1.2488,-10.3997,-10.4604,-12.0819,-10.8364,8,a,No,No.
order_real,data/videos_real/int_200ms/real_200_00062.avi,200,1,1,0.3151,-10.071,-10.1325,-11.8152,-10.8828,8,a,YES,YES.
order_rev,data/videos_real/int_200ms/real_200_00062.avi,200,1,0,-1.6236,-9.2867,-11.2223,-12.1562,-11.036,8,a,No,No.
moved_real,data/videos_real/int_200ms/real_200_00062.avi,200,1,1,0.8454,-10.5532,-11.2407,-11.9226,-10.9911,8,a,Yes,Yes.
moved_twin,data/twin_real/real_200_00062.avi,200,0,0,-1.3881,-10.3775,-11.3745,-11.6854,-10.6271,8,a,NO,NO.
order_twin,data/twin_real/real_200_00062.avi,200,-1,0,-0.1544,-9.81,-10.0572,-11.7406,-10.7455,8,a,NO,NO.
bind_twin,data/twin_real/real_200_00062.avi,200,1,1,0.8007,-10.4996,-11.6237,-12.119,-11.3113,8,a,Yes,Yes.
order_real,data/videos_real/int_200ms/real_200_00062_flip.avi,200,0,1,0.3007,-10.1485,-10.1478,-11.893,-10.8981,8,a,YES,YES.
order_real,data/videos_real/int_200ms/real_200_00074.avi,200,0,0,-1.2681,-9.7941,-10.0418,-11.5389,-10.6674,8,b,NO,NO.
order_rev,data/videos_real/int_200ms/real_200_00074.avi,200,0,0,-1.124,-8.7321,-10.8559,-11.7273,-10.794,8,b,No,No.
moved_real,data/videos_real/int_200ms/real_200_00074.avi,200,1,0,-2.3739,-10.604,-11.6007,-11.7854,-10.7276,8,b,No,No.
moved_twin,data/twin_real/real_200_00074.avi,200,0,0,-1.8738,-10.4718,-11.4061,-11.592,-10.5956,8,b,No,No.
order_twin,data/twin_real/real_200_00074.avi,200,-1,0,-1.3066,-9.7272,-10.0994,-11.4102,-10.663,8,b,NO,NO.
bind_twin,data/twin_real/real_200_00074.avi,200,0,0,-2.0453,-11.0357,-11.9712,-12.4685,-11.7225,8,b,No,No.
order_real,data/videos_real/int_200ms/real_200_00074_flip.avi,200,1,0,-1.2137,-9.7156,-10.0256,-11.4605,-10.6516,8,b,NO,NO.
order_real,data/videos_real/int_200ms/real_200_00086.avi,200,0,0,-1.657,-10.3782,-10.3136,-11.9363,-10.5018,8,b,NO,NO.
order_rev,data/videos_real/int_200ms/real_200_00086.avi,200,0,0,-1.0709,-8.93,-10.8663,-12.3009,-10.5541,8,b,No,No.
moved_real,data/videos_real/int_200ms/real_200_00086.avi,200,1,0,-3.5789,-11.3739,-12.4964,-12.5571,-11.5608,8,b,No,No.
moved_twin,data/twin_real/real_200_00086.avi,200,0,0,-3.6697,-11.5032,-12.6257,-12.6242,-11.6898,8,b,No,No.
order_twin,data/twin_real/real_200_00086.avi,200,-1,0,-1.6685,-10.3774,-10.2505,-11.8108,-10.4385,8,b,No,No.
bind_twin,data/twin_real/real_200_00086.avi,200,0,0,-1.6385,-12.1429,-12.7666,-13.5135,-12.955,8,b,No,No.
order_real,data/videos_real/int_200ms/real_200_00086_flip.avi,200,1,0,-1.5548,-10.3333,-10.2686,-11.891,-10.4571,8,b,NO,NO.
order_real,data/videos_real/int_200ms/real_200_00098.avi,200,1,0,-0.2264,-9.9617,-10.0836,-11.3321,-10.5231,8,a,NO,NO.
order_rev,data/videos_real/int_200ms/real_200_00098.avi,200,1,0,-0.5782,-7.7297,-10.6013,-11.35,-10.4775,8,a,NO,NO.
moved_real,data/videos_real/int_200ms/real_200_00098.avi,200,1,0,-1.6187,-10.3821,-11.5041,-11.5046,-10.5065,8,a,No,No.
moved_twin,data/twin_real/real_200_00098.avi,200,0,0,-2.5769,-10.5866,-11.9587,-11.7091,-10.7734,8,a,No,No.
order_twin,data/twin_real/real_200_00098.avi,200,-1,0,-0.5778,-10.0096,-10.0687,-11.2558,-10.5082,8,a,NO,NO.
bind_twin,data/twin_real/real_200_00098.avi,200,1,1,2.6738,-9.9677,-11.9002,-11.7727,-11.2121,8,a,Yes,Yes.
order_real,data/videos_real/int_200ms/real_200_00098_flip.avi,200,0,0,-0.3281,-9.9188,-9.9785,-11.2276,-10.418,8,a,NO,NO.
order_real,data/videos_real/int_200ms/real_200_00110.avi,200,0,1,0.2063,-9.7869,-10.0353,-11.4053,-10.5963,8,a,YES,YES.
order_rev,data/videos_real/int_200ms/real_200_00110.avi,200,0,0,-0.5554,-8.3486,-10.4715,-11.0931,-10.3465,8,a,NO,NO.
moved_real,data/videos_real/int_200ms/real_200_00110.avi,200,1,1,0.3453,-10.3766,-11.3125,-11.8076,-10.6881,8,a,YES,YES.
moved_twin,data/twin_real/real_200_00110.avi,200,0,0,-0.9156,-10.0902,-11.2112,-11.3948,-10.2756,8,a,NO,NO.
order_twin,data/twin_real/real_200_00110.avi,200,-1,0,0.0329,-9.632,-9.9424,-11.3125,-10.4418,8,a,NO,NO.
bind_twin,data/twin_real/real_200_00110.avi,200,1,1,2.4999,-10.0325,-11.9674,-11.9003,-11.2147,8,a,YES,YES.
order_real,data/videos_real/int_200ms/real_200_00110_flip.avi,200,1,1,0.1679,-9.7423,-9.9903,-11.3608,-10.5518,8,a,YES,YES.
order_real,data/videos_real/int_200ms/real_200_00122.avi,200,1,1,0.3757,-9.9209,-9.669,-11.7266,-10.606,8,a,YES,YES.
order_rev,data/videos_real/int_200ms/real_200_00122.avi,200,1,1,0.1826,-8.1256,-9.875,-11.683,-10.4987,8,a,YES,YES.
moved_real,data/videos_real/int_200ms/real_200_00122.avi,200,1,0,-1.4303,-10.6022,-11.5377,-12.0352,-10.9135,8,a,No,No.
moved_twin,data/twin_real/real_200_00122.avi,200,0,0,-2.2488,-10.4331,-11.5549,-11.741,-10.7433,8,a,NO,NO.
order_twin,data/twin_real/real_200_00122.avi,200,-1,1,0.0935,-9.6343,-9.3818,-11.4395,-10.3187,8,a,YES,YES.
bind_twin,data/twin_real/real_200_00122.avi,200,1,1,2.7497,-10.0734,-11.8191,-12.1248,-11.5657,8,a,Yes,Yes.
order_real,data/videos_real/int_200ms/real_200_00122_flip.avi,200,0,1,0.4175,-9.884,-9.6316,-11.6896,-10.507,8,a,YES,YES.
order_real,data/videos_real/int_200ms/real_200_00134.avi,200,1,0,-0.0674,-10.3714,-10.1195,-11.8643,-9.9962,8,b,NO,NO.
order_rev,data/videos_real/int_200ms/real_200_00134.avi,200,1,0,-0.688,-8.1742,-10.8593,-11.7314,-10.4226,8,b,NO,NO.
moved_real,data/videos_real/int_200ms/real_200_00134.avi,200,1,1,0.8911,-10.5577,-11.4321,-11.8641,-9.7464,8,b,Yes,Yes.
moved_twin,data/twin_real/real_200_00134.avi,200,0,0,-2.048,-10.6516,-11.7743,-11.6478,-9.901,8,b,No,No.
order_twin,data/twin_real/real_200_00134.avi,200,-1,0,-0.8092,-10.2697,-10.267,-11.7629,-9.956,8,b,No,No.
bind_twin,data/twin_real/real_200_00134.avi,200,0,0,-1.8986,-11.7004,-12.3862,-13.0713,-11.9501,8,b,No,No.
order_real,data/videos_real/int_200ms/real_200_00134_flip.avi,200,0,0,-0.1239,-10.277,-10.0872,-11.7696,-9.9639,8,b,NO,NO.
order_real,data/videos_real/int_200ms/real_200_00146.avi,200,1,0,-0.6329,-9.9409,-10.1877,-11.6852,-10.5631,8,b,NO,NO.
order_rev,data/videos_real/int_200ms/real_200_00146.avi,200,1,0,-1.4979,-8.5952,-10.7185,-11.7167,-10.5934,8,b,NO,NO.
moved_real,data/videos_real/int_200ms/real_200_00146.avi,200,1,1,0.4936,-10.3677,-11.2381,-11.7962,-10.4897,8,b,Yes,Yes.
moved_twin,data/twin_real/real_200_00146.avi,200,0,0,-0.3049,-10.1962,-11.2536,-11.6262,-10.444,8,b,No,No.
order_twin,data/twin_real/real_200_00146.avi,200,-1,0,-0.9112,-9.8086,-10.117,-11.4903,-10.4305,8,b,NO,NO.
bind_twin,data/twin_real/real_200_00146.avi,200,0,0,-0.9175,-10.8259,-11.8234,-12.5081,-11.8235,8,b,No,No.
order_real,data/videos_real/int_200ms/real_200_00146_flip.avi,200,0,0,-0.5499,-9.8464,-10.0935,-11.591,-10.4068,8,b,NO,NO.
order_real,data/videos_real/int_200ms/real_200_00158.avi,200,1,1,0.2134,-10.2604,-10.1964,-11.8799,-11.0084,8,a,YES,YES.
order_rev,data/videos_real/int_200ms/real_200_00158.avi,200,1,1,0.5638,-7.4594,-10.4573,-11.6412,-10.7069,8,a,YES,YES.
moved_real,data/videos_real/int_200ms/real_200_00158.avi,200,1,0,0.001,-10.4561,-11.3293,-11.9503,-10.8303,8,a,NO,NO.
moved_twin,data/twin_real/real_200_00158.avi,200,0,0,-1.0218,-10.2276,-11.1632,-11.6589,-10.5382,8,a,NO,NO.
order_twin,data/twin_real/real_200_00158.avi,200,-1,1,0.1715,-9.9077,-9.9679,-11.5894,-10.7795,8,a,YES,YES.
bind_twin,data/twin_real/real_200_00158.avi,200,1,1,0.7502,-10.3179,-11.5663,-11.9996,-11.1904,8,a,Yes,Yes.
order_real,data/videos_real/int_200ms/real_200_00158_flip.avi,200,0,1,0.3456,-10.067,-10.0648,-11.6862,-10.8147,8,a,YES,YES.
order_real,data/videos_real/int_200ms/real_200_00170.avi,200,0,0,0.0012,-9.9707,-10.2171,-11.4661,-10.6561,8,a,NO,NO.
order_rev,data/videos_real/int_200ms/real_200_00170.avi,200,0,0,-0.2939,-7.8944,-10.704,-11.5147,-10.4544,8,a,No,No.
moved_real,data/videos_real/int_200ms/real_200_00170.avi,200,1,0,-1.8956,-10.784,-11.8429,-11.904,-10.9077,8,a,No,No.
moved_twin,data/twin_real/real_200_00170.avi,200,0,0,-1.9757,-10.7745,-12.0209,-11.9571,-11.0228,8,a,No,No.
order_twin,data/twin_real/real_200_00170.avi,200,-1,0,-0.1881,-10.0634,-10.3099,-11.558,-10.7486,8,a,NO,NO.
bind_twin,data/twin_real/real_200_00170.avi,200,1,1,2.9997,-10.4859,-11.9801,-12.3452,-11.8523,8,a,Yes,Yes.
order_real,data/videos_real/int_200ms/real_200_00170_flip.avi,200,1,1,0.1259,-10.0441,-10.2909,-11.5395,-10.6676,8,a,YES,YES.
order_real,data/videos_real/int_200ms/real_200_00182.avi,200,1,0,-0.3614,-10.051,-10.1122,-11.3587,-10.5499,8,a,NO,NO.
order_rev,data/videos_real/int_200ms/real_200_00182.avi,200,1,0,-0.967,-8.232,-10.5425,-11.4157,-10.5424,8,a,No,No.
moved_real,data/videos_real/int_200ms/real_200_00182.avi,200,1,1,0.5616,-10.4009,-11.5253,-11.5215,-10.7753,8,a,Yes,Yes.
moved_twin,data/twin_real/real_200_00182.avi,200,0,0,-1.0626,-10.2541,-11.5019,-11.1261,-10.254,8,a,No,No.
order_twin,data/twin_real/real_200_00182.avi,200,-1,0,-0.4594,-9.9751,-10.0987,-11.3446,-10.4112,8,a,NO,NO.
bind_twin,data/twin_real/real_200_00182.avi,200,1,1,2.9276,-10.1292,-12.0634,-12.117,-11.6236,8,a,Yes,Yes.
order_real,data/videos_real/int_200ms/real_200_00182_flip.avi,200,0,0,-0.2786,-10.0652,-10.1263,-11.3726,-10.502,8,a,NO,NO.
order_real,data/videos_real/int_200ms/real_200_00194.avi,200,1,0,-0.2069,-9.806,-9.9916,-11.4255,-10.493,8,b,NO,NO.
order_rev,data/videos_real/int_200ms/real_200_00194.avi,200,1,0,-1.7979,-9.3071,-11.0555,-11.6779,-10.7443,8,b,NO,NO.
moved_real,data/videos_real/int_200ms/real_200_00194.avi,200,1,1,3.5262,-11.1483,-12.3975,-12.6395,-11.6474,8,b,YES,YES.
moved_twin,data/twin_real/real_200_00194.avi,200,0,0,-1.1315,-10.1167,-11.1758,-11.3602,-10.1789,8,b,NO,NO.
order_twin,data/twin_real/real_200_00194.avi,200,-1,0,-0.578,-9.7009,-9.9479,-11.1958,-10.263,8,b,NO,NO.
bind_twin,data/twin_real/real_200_00194.avi,200,0,0,-1.6966,-10.5493,-11.7354,-12.1713,-11.2986,8,b,No,No.
order_real,data/videos_real/int_200ms/real_200_00194_flip.avi,200,0,0,-0.3315,-9.7529,-9.9382,-11.3728,-10.5018,8,b,NO,NO.
order_real,data/videos_real/int_200ms/real_200_00206.avi,200,0,0,-0.5062,-10.0556,-10.1162,-11.6739,-10.8036,8,b,NO,NO.
order_rev,data/videos_real/int_200ms/real_200_00206.avi,200,0,0,-1.696,-8.3296,-10.8275,-11.6993,-10.7024,8,b,NO,NO.
moved_real,data/videos_real/int_200ms/real_200_00206.avi,200,1,0,-0.0218,-10.1037,-11.1643,-11.2849,-10.4772,8,b,NO,NO.
moved_twin,data/twin_real/real_200_00206.avi,200,0,0,-1.2487,-9.9683,-11.1522,-10.9637,-10.3411,8,b,NO,NO.
order_twin,data/twin_real/real_200_00206.avi,200,-1,0,-0.6959,-9.8767,-9.9996,-11.3087,-10.6245,8,b,NO,NO.
bind_twin,data/twin_real/real_200_00206.avi,200,0,0,-1.4357,-10.655,-11.5283,-12.0261,-11.3412,8,b,No,No.
order_real,data/videos_real/int_200ms/real_200_00206_flip.avi,200,1,0,-0.5897,-9.9863,-9.9849,-11.4808,-10.6724,8,b,NO,NO.
order_real,data/videos_real/int_200ms/real_200_00218.avi,200,0,0,-0.9034,-10.1554,-10.1529,-11.776,-10.7163,8,a,NO,NO.
order_rev,data/videos_real/int_200ms/real_200_00218.avi,200,0,0,-0.6229,-8.8928,-10.8907,-12.0114,-10.8902,8,a,No,No.
moved_real,data/videos_real/int_200ms/real_200_00218.avi,200,1,0,-0.9058,-10.4791,-11.2889,-11.9115,-10.8529,8,a,NO,NO.
moved_twin,data/twin_real/real_200_00218.avi,200,0,0,-1.7158,-10.6778,-11.6739,-11.9231,-11.113,8,a,No,No.
order_twin,data/twin_real/real_200_00218.avi,200,-1,0,-1.3193,-10.3354,-10.4573,-11.8933,-10.8955,8,a,NO,NO.
bind_twin,data/twin_real/real_200_00218.avi,200,1,1,1.2118,-11.1356,-12.1957,-12.8166,-12.3204,8,a,Yes,Yes.
order_real,data/videos_real/int_200ms/real_200_00218_flip.avi,200,1,0,-0.903,-10.1563,-10.1538,-11.7763,-10.7172,8,a,NO,NO.
order_real,data/videos_real/int_200ms/real_200_00230.avi,200,1,0,-0.2329,-9.7903,-9.7262,-11.3482,-10.2268,8,b,NO,NO.
order_rev,data/videos_real/int_200ms/real_200_00230.avi,200,1,0,-0.2391,-8.7681,-10.2672,-11.7017,-10.5797,8,b,No,No.
moved_real,data/videos_real/int_200ms/real_200_00230.avi,200,1,0,-0.327,-10.3069,-11.1186,-11.8027,-10.5561,8,b,No,No.
moved_twin,data/twin_real/real_200_00230.avi,200,0,0,-2.0315,-10.2642,-11.3241,-11.6354,-10.3881,8,b,No,No.
order_twin,data/twin_real/real_200_00230.avi,200,-1,0,-0.8652,-9.7451,-9.6805,-11.3033,-10.3058,8,b,No,No.
bind_twin,data/twin_real/real_200_00230.avi,200,0,0,-1.5267,-11.0181,-12.204,-12.6396,-12.1416,8,b,No,No.
order_real,data/videos_real/int_200ms/real_200_00230_flip.avi,200,0,0,-0.358,-9.8612,-9.7973,-11.4188,-10.2977,8,b,NO,NO.
order_real,data/videos_real/int_200ms/real_200_00242.avi,200,1,0,-0.4252,-9.5847,-9.8945,-11.0184,-10.333,8,b,NO,NO.
order_real,data/videos_real/int_200ms/real_200_00242_flip.avi,200,0,0,-0.5261,-9.6075,-9.9174,-11.1037,-10.418,8,b,NO,NO.
order_real,data/videos_real/int_200ms/real_200_00254.avi,200,1,0,-1.214,-9.9548,-10.3882,-11.5127,-10.7029,8,b,NO,NO.
order_real,data/videos_real/int_200ms/real_200_00254_flip.avi,200,0,0,-1.089,-9.9235,-10.3569,-11.5428,-10.6092,8,b,NO,NO.
order_real,data/videos_real/int_200ms/real_200_00266.avi,200,0,1,0.0965,-10.1587,-10.0942,-11.7764,-10.4704,8,a,YES,YES.
order_real,data/videos_real/int_200ms/real_200_00266_flip.avi,200,1,1,0.1258,-10.2067,-10.2041,-11.7623,-10.5184,8,a,YES,YES.
order_real,data/videos_real/int_200ms/real_200_00278.avi,200,1,0,-0.8813,-10.0591,-10.1817,-11.5551,-10.0582,8,b,NO,NO.
order_real,data/videos_real/int_200ms/real_200_00278_flip.avi,200,0,0,-0.8168,-9.8921,-10.077,-11.4504,-9.8906,8,b,NO,NO.
order_real,data/videos_real/int_200ms/real_200_00290.avi,200,1,1,0.1677,-9.9289,-9.9891,-11.5478,-9.6152,8,b,YES,YES.
order_real,data/videos_real/int_200ms/real_200_00290_flip.avi,200,0,0,0.0427,-9.9262,-9.986,-11.5447,-9.6124,8,b,NO,NO.
order_real,data/videos_real/int_200ms/real_200_00302.avi,200,0,0,-0.1922,-10.1259,-10.062,-11.6838,-10.0622,8,b,NO,NO.
order_real,data/videos_real/int_200ms/real_200_00302_flip.avi,200,1,0,-0.1238,-10.1514,-10.025,-11.7088,-10.0881,8,b,NO,NO.
order_real,data/videos_real/int_200ms/real_200_00314.avi,200,1,0,-0.5631,-10.1585,-10.0311,-11.7779,-10.7193,8,a,NO,NO.
order_real,data/videos_real/int_200ms/real_200_00314_flip.avi,200,0,0,-0.4383,-10.2054,-10.0778,-11.7619,-10.7039,8,a,NO,NO.
order_real,data/videos_real/int_200ms/real_200_00326.avi,200,1,1,0.3531,-10.1169,-9.8649,-11.7367,-10.2408,8,a,YES,YES.
order_real,data/videos_real/int_200ms/real_200_00326_flip.avi,200,0,1,0.2436,-10.0937,-9.7795,-11.7132,-10.2801,8,a,Yes,Yes.
order_real,data/videos_real/int_200ms/real_200_00338.avi,200,0,0,-0.3871,-10.0555,-9.991,-11.5498,-10.6789,8,a,NO,NO.
order_real,data/videos_real/int_200ms/real_200_00338_flip.avi,200,1,0,-0.5046,-10.0625,-9.9983,-11.5573,-10.6858,8,a,NO,NO.
order_real,data/videos_real/int_200ms/real_200_00350.avi,200,1,0,-0.2493,-9.9871,-10.4232,-11.7313,-10.7356,8,a,NO,NO.
order_real,data/videos_real/int_200ms/real_200_00350_flip.avi,200,0,0,-0.2982,-10.0279,-10.4012,-11.71,-10.7758,8,a,NO,NO.
order_real,data/videos_real/int_200ms/real_200_00362.avi,200,1,0,-0.8274,-10.393,-9.8914,-11.8254,-10.3304,8,a,NO,NO.
order_real,data/videos_real/int_200ms/real_200_00362_flip.avi,200,0,0,-1.0284,-10.4122,-9.9728,-11.8443,-10.3495,8,a,NO,NO.
order_real,data/videos_real/int_200ms/real_200_00374.avi,200,0,1,0.6711,-10.0818,-10.0813,-11.7639,-10.5817,8,a,YES,YES.
order_real,data/videos_real/int_200ms/real_200_00374_flip.avi,200,1,1,0.7129,-10.1306,-10.1297,-11.8747,-10.568,8,a,YES,YES.
order_real,data/videos_real/int_200ms/real_200_00386.avi,200,0,0,-0.8165,-10.1395,-10.1996,-11.6969,-10.8871,8,b,NO,NO.
order_real,data/videos_real/int_200ms/real_200_00386_flip.avi,200,1,0,-0.8163,-10.139,-10.1994,-11.7586,-10.8868,8,b,NO,NO.
order_real,data/videos_real/int_200ms/real_200_00398.avi,200,1,0,-0.1239,-10.4789,-10.1641,-11.8481,-9.9787,8,b,No,No.
order_real,data/videos_real/int_200ms/real_200_00398_flip.avi,200,0,0,-0.3737,-10.5702,-10.193,-11.939,-10.1946,8,b,No,No.
order_real,data/videos_real/int_200ms/real_200_00410.avi,200,0,0,-2.2073,-10.432,-10.6797,-11.864,-11.1176,8,b,NO,NO.
order_real,data/videos_real/int_200ms/real_200_00410_flip.avi,200,1,0,-2.1241,-10.4648,-10.7125,-11.9594,-11.2134,8,b,NO,NO.
order_real,data/videos_real/int_200ms/real_200_00422.avi,200,0,0,-0.5896,-10.2355,-10.4205,-11.9792,-10.9836,8,b,NO,NO.
order_real,data/videos_real/int_200ms/real_200_00422_flip.avi,200,1,0,-0.2717,-10.1739,-10.4215,-11.9177,-10.9842,8,b,NO,NO.
order_real,data/videos_real/int_200ms/real_200_00434.avi,200,1,0,-0.0377,-9.8827,-10.4431,-11.3148,-10.6319,8,a,NO,NO.
order_real,data/videos_real/int_200ms/real_200_00434_flip.avi,200,0,0,-0.0346,-9.9085,-10.4686,-11.4027,-10.6574,8,a,NO,NO.
order_real,data/videos_real/int_200ms/real_200_00446.avi,200,1,1,0.5396,-9.7971,-9.7325,-11.4169,-10.2341,8,a,YES,YES.
order_real,data/videos_real/int_200ms/real_200_00446_flip.avi,200,0,1,0.3317,-9.8578,-9.7313,-11.4158,-10.2948,8,a,YES,YES.
order_real,data/videos_real/int_200ms/real_200_00458.avi,200,1,0,0.0463,-10.3103,-9.8706,-11.8031,-10.3713,8,a,NO,NO.
order_real,data/videos_real/int_200ms/real_200_00458_flip.avi,200,0,0,0.0577,-10.2452,-9.8676,-11.8002,-10.3063,8,a,NO,NO.
order_real,data/videos_real/int_200ms/real_200_00470.avi,200,0,1,0.421,-9.8343,-9.8954,-11.4523,-9.9578,8,a,Yes,Yes.
order_real,data/videos_real/int_200ms/real_200_00470_flip.avi,200,1,1,0.3079,-9.8212,-9.8827,-11.3779,-9.9446,8,a,YES,YES.
order_real,data/videos_real/int_200ms/real_200_00482.avi,200,1,0,-0.6237,-10.3856,-10.4459,-12.006,-11.1349,8,a,No,No.
order_real,data/videos_real/int_200ms/real_200_00482_flip.avi,200,0,0,-0.6238,-10.448,-10.3212,-12.0059,-11.1348,8,a,No,No.
order_real,data/videos_real/int_200ms/real_200_00494.avi,200,0,0,-0.953,-10.0453,-9.6059,-11.6642,-10.6059,8,b,NO,NO.
order_real,data/videos_real/int_200ms/real_200_00494_flip.avi,200,1,0,-0.8887,-9.8786,-9.5008,-11.5596,-10.4388,8,b,NO,NO.
order_real,data/videos_real/int_200ms/real_200_00506.avi,200,1,1,0.1711,-9.7831,-10.1551,-11.6515,-10.7803,8,b,YES,YES.
order_real,data/videos_real/int_200ms/real_200_00506_flip.avi,200,0,0,-0.0822,-9.8613,-10.171,-11.7301,-10.7966,8,b,NO,NO.
order_real,data/videos_real/int_200ms/real_200_00518.avi,200,1,0,-0.7865,-10.1458,-10.082,-11.8904,-10.707,8,b,NO,NO.
order_real,data/videos_real/int_200ms/real_200_00518_flip.avi,200,0,0,-0.8284,-9.9886,-9.9873,-11.7954,-10.612,8,b,NO,NO.
order_real,data/videos_real/int_200ms/real_200_00530.avi,200,0,0,-1.114,-10.1051,-9.9782,-11.6013,-10.7294,8,b,NO,NO.
order_real,data/videos_real/int_200ms/real_200_00530_flip.avi,200,1,0,-1.1523,-10.0335,-9.9693,-11.592,-10.7201,8,b,NO,NO.
order_real,data/videos_real/int_200ms/real_200_00542.avi,200,1,1,0.8867,-10.0006,-10.0622,-11.6181,-9.9374,8,a,YES,YES.
order_real,data/videos_real/int_200ms/real_200_00542_flip.avi,200,0,1,1.0227,-10.0148,-10.0765,-11.6316,-9.9517,8,a,YES,YES.
order_real,data/videos_real/int_200ms/real_200_00554.avi,200,0,0,-1.4698,-9.7847,-10.0318,-11.5933,-10.6579,8,b,NO,NO.
order_real,data/videos_real/int_200ms/real_200_00554_flip.avi,200,1,0,-1.6876,-9.9334,-10.056,-11.7418,-10.682,8,b,NO,NO.
order_real,data/videos_real/int_200ms/real_200_00566.avi,200,1,1,0.2045,-9.9813,-10.4154,-11.2895,-10.7908,8,a,YES,YES.
order_real,data/videos_real/int_200ms/real_200_00566_flip.avi,200,0,1,0.2262,-9.9929,-10.4263,-11.3013,-10.7401,8,a,YES,YES.
order_real,data/videos_real/int_200ms/real_200_00578.avi,200,1,0,-0.6921,-10.1792,-10.2395,-11.7339,-10.677,8,b,NO,NO.
order_real,data/videos_real/int_200ms/real_200_00578_flip.avi,200,0,0,-0.5065,-10.1824,-10.2427,-11.7371,-10.6802,8,b,NO,NO.
order_real,data/videos_real/int_200ms/real_200_00590.avi,200,0,1,0.8451,-9.9506,-9.3881,-11.5714,-10.887,8,a,YES,YES.
order_real,data/videos_real/int_200ms/real_200_00590_flip.avi,200,1,1,0.7959,-9.979,-9.4164,-11.6,-10.915,8,a,YES,YES.
order_real,data/videos_real/int_333ms/real_333_00003.avi,333,0,0,-0.5066,-10.3035,-10.1132,-11.9849,-10.8636,8,a,NO,NO.
order_rev,data/videos_real/int_333ms/real_333_00003.avi,333,0,0,-0.9976,-8.9536,-10.9512,-12.1351,-10.8266,8,a,No,No.
moved_real,data/videos_real/int_333ms/real_333_00003.avi,333,1,1,1.9668,-10.9167,-11.6654,-12.5332,-11.1634,8,a,Yes,Yes.
moved_twin,data/twin_real/real_333_00003.avi,333,0,0,-2.0276,-11.0987,-12.0324,-12.4051,-11.0969,8,a,No,No.
order_twin,data/twin_real/real_333_00003.avi,333,-1,0,-1.0665,-10.3155,-10.3743,-11.8093,-10.6883,8,a,NO,NO.
bind_twin,data/twin_real/real_333_00003.avi,333,1,1,1.6058,-10.3226,-11.8207,-12.2552,-11.2578,8,a,Yes,Yes.
order_real,data/videos_real/int_333ms/real_333_00003_flip.avi,333,1,0,-0.4417,-10.3897,-10.1995,-12.0081,-10.8254,8,a,NO,NO.
order_real,data/videos_real/int_333ms/real_333_00015.avi,333,0,1,0.2215,-9.5468,-10.0445,-11.2309,-10.4829,8,b,YES,YES.
order_rev,data/videos_real/int_333ms/real_333_00015.avi,333,0,0,-0.5406,-8.3987,-10.8963,-11.4578,-10.6469,8,b,NO,NO.
moved_real,data/videos_real/int_333ms/real_333_00015.avi,333,1,1,1.3309,-10.1705,-11.3564,-11.6045,-10.8568,8,b,YES,YES.
moved_twin,data/twin_real/real_333_00015.avi,333,0,0,-1.0892,-9.9654,-11.1498,-11.3374,-10.4644,8,b,NO,NO.
order_twin,data/twin_real/real_333_00015.avi,333,-1,0,-0.5372,-9.3122,-9.9965,-10.9344,-10.3106,8,b,NO,NO.
bind_twin,data/twin_real/real_333_00015.avi,333,0,0,-0.4415,-10.0414,-11.5379,-11.8491,-11.1646,8,b,No,No.
order_real,data/videos_real/int_333ms/real_333_00015_flip.avi,333,1,1,0.2186,-9.4525,-9.9503,-11.1366,-10.3891,8,b,YES,YES.
order_real,data/videos_real/int_333ms/real_333_00027.avi,333,0,0,-0.0889,-9.7289,-9.977,-11.5359,-10.4778,8,a,NO,NO.
order_rev,data/videos_real/int_333ms/real_333_00027.avi,333,0,0,-1.124,-8.5533,-10.5518,-11.5495,-10.4271,8,a,NO,NO.
moved_real,data/videos_real/int_333ms/real_333_00027.avi,333,1,0,-2.1998,-10.4023,-11.4623,-11.5849,-10.3394,8,a,NO,NO.
moved_twin,data/twin_real/real_333_00027.avi,333,0,0,-2.5748,-10.4332,-11.5557,-11.4919,-10.4329,8,a,NO,NO.
order_twin,data/twin_real/real_333_00027.avi,333,-1,0,-0.3229,-9.6398,-9.9501,-11.4465,-10.4505,8,a,NO,NO.
bind_twin,data/twin_real/real_333_00027.avi,333,1,1,2.492,-10.1511,-11.7742,-11.956,-11.1473,8,a,Yes,Yes.
order_real,data/videos_real/int_333ms/real_333_00027_flip.avi,333,1,0,-0.089,-9.668,-9.9783,-11.5372,-10.4169,8,a,NO,NO.
order_real,data/videos_real/int_333ms/real_333_00039.avi,333,0,0,-0.6565,-10.1261,-9.9995,-11.6215,-9.8756,8,b,No,No.
order_rev,data/videos_real/int_333ms/real_333_00039.avi,333,0,0,-1.5775,-9.0006,-10.9362,-11.6216,-10.375,8,b,No,No.
moved_real,data/videos_real/int_333ms/real_333_00039.avi,333,1,1,1.1256,-10.6666,-11.417,-12.0365,-9.7308,8,b,Yes,Yes.
moved_twin,data/twin_real/real_333_00039.avi,333,0,0,-0.5552,-10.4069,-11.2179,-11.6532,-9.1581,8,b,No,No.
order_twin,data/twin_real/real_333_00039.avi,333,-1,0,-0.7407,-9.9767,-9.9121,-11.4099,-9.6637,8,b,No,No.
bind_twin,data/twin_real/real_333_00039.avi,333,0,0,-1.9049,-11.5296,-12.4032,-12.9019,-12.0294,8,b,No,No.
order_real,data/videos_real/int_333ms/real_333_00039_flip.avi,333,1,0,-0.5428,-10.0406,-9.914,-11.4736,-9.7898,8,b,No,No.
order_real,data/videos_real/int_333ms/real_333_00051.avi,333,1,1,0.4212,-9.9604,-9.8955,-11.3303,-9.7725,8,a,Yes,Yes.
order_rev,data/videos_real/int_333ms/real_333_00051.avi,333,1,0,-0.2904,-8.4945,-10.9299,-11.8025,-10.3056,8,a,No,No.
moved_real,data/videos_real/int_333ms/real_333_00051.avi,333,1,0,-1.5472,-10.5349,-11.4704,-11.9041,-10.7843,8,a,No,No.
moved_twin,data/twin_real/real_333_00051.avi,333,0,0,-2.0431,-10.3845,-11.4443,-11.6307,-10.6338,8,a,No,No.
order_twin,data/twin_real/real_333_00051.avi,333,-1,1,0.3455,-9.5164,-9.5764,-10.949,-9.4531,8,a,YES,YES.
bind_twin,data/twin_real/real_333_00051.avi,333,1,1,1.4172,-10.1149,-11.6749,-11.983,-11.362,8,a,Yes,Yes.
order_real,data/videos_real/int_333ms/real_333_00051_flip.avi,333,0,1,0.3985,-9.7921,-9.852,-11.2242,-9.6664,8,a,YES,YES.
order_real,data/videos_real/int_333ms/real_333_00063.avi,333,1,1,0.4778,-9.945,-9.8183,-11.5016,-10.3198,8,a,YES,YES.
order_rev,data/videos_real/int_333ms/real_333_00063.avi,333,1,0,-0.5322,-8.8538,-10.2276,-11.7871,-10.6648,8,a,No,No.
moved_real,data/videos_real/int_333ms/real_333_00063.avi,333,1,1,1.9171,-10.69,-11.565,-11.9969,-11.0649,8,a,YES,YES.
moved_twin,data/twin_real/real_333_00063.avi,333,0,0,-1.5783,-10.4357,-11.2463,-11.4317,-10.3735,8,a,NO,NO.
order_twin,data/twin_real/real_333_00063.avi,333,-1,0,-0.0787,-9.9081,-9.843,-11.4651,-10.2826,8,a,NO,NO.
bind_twin,data/twin_real/real_333_00063.avi,333,1,1,2.2498,-10.0029,-11.564,-11.9988,-11.0637,8,a,Yes,Yes.
order_real,data/videos_real/int_333ms/real_333_00063_flip.avi,333,0,1,0.3605,-9.9852,-9.7961,-11.48,-10.3597,8,a,YES,YES.
order_real,data/videos_real/int_333ms/real_333_00075.avi,333,0,0,-0.2867,-9.8342,-9.8944,-11.5149,-9.583,8,b,NO,NO.
order_rev,data/videos_real/int_333ms/real_333_00075.avi,333,0,0,-0.6962,-8.8088,-10.6827,-11.7402,-10.308,8,b,NO,NO.
moved_real,data/videos_real/int_333ms/real_333_00075.avi,333,1,1,0.8306,-10.2328,-11.1061,-11.5383,-9.296,8,b,YES,YES.
moved_twin,data/twin_real/real_333_00075.avi,333,0,0,-1.0409,-10.0551,-11.0516,-11.1128,-8.9928,8,b,NO,NO.
order_twin,data/twin_real/real_333_00075.avi,333,-1,0,-1.0787,-9.8004,-10.0479,-11.4193,-9.6114,8,b,NO,NO.
bind_twin,data/twin_real/real_333_00075.avi,333,0,0,-2.4482,-10.4736,-11.5335,-11.9064,-10.4725,8,b,No,No.
order_real,data/videos_real/int_333ms/real_333_00075_flip.avi,333,1,0,-0.1127,-9.9732,-9.9717,-11.5913,-9.7222,8,b,NO,NO.
order_real,data/videos_real/int_333ms/real_333_00087.avi,333,0,0,-0.7641,-10.1028,-9.5383,-11.9089,-10.7254,8,b,NO,NO.
order_rev,data/videos_real/int_333ms/real_333_00087.avi,333,0,0,-0.9983,-8.399,-10.6469,-11.7062,-10.5847,8,b,No,No.
moved_real,data/videos_real/int_333ms/real_333_00087.avi,333,1,1,0.6823,-10.1123,-10.236,-11.7923,-10.423,8,b,Yes,Yes.
moved_twin,data/twin_real/real_333_00087.avi,333,0,0,-1.6765,-10.3194,-10.6918,-11.7526,-10.5057,8,b,No,No.
order_twin,data/twin_real/real_333_00087.avi,333,-1,0,-1.1316,-10.1179,-9.6154,-11.9248,-10.7404,8,b,NO,NO.
bind_twin,data/twin_real/real_333_00087.avi,333,0,0,-2.6547,-11.6056,-12.0419,-13.0405,-12.3549,8,b,No,No.
order_real,data/videos_real/int_333ms/real_333_00087_flip.avi,333,1,0,-0.6313,-10.0751,-9.3866,-11.8197,-10.698,8,b,NO,NO.
order_real,data/videos_real/int_333ms/real_333_00099.avi,333,0,0,-1.6902,-10.3781,-10.2508,-11.8118,-9.9406,8,b,NO,NO.
order_rev,data/videos_real/int_333ms/real_333_00099.avi,333,0,0,-0.8847,-9.1256,-10.9367,-11.9344,-10.3747,8,b,No,No.
moved_real,data/videos_real/int_333ms/real_333_00099.avi,333,1,0,-1.5623,-10.7734,-11.6463,-12.2694,-10.8976,8,b,No,No.
moved_twin,data/twin_real/real_333_00099.avi,333,0,0,-2.407,-10.9123,-11.8479,-12.1595,-10.9117,8,b,NO,NO.
order_twin,data/twin_real/real_333_00099.avi,333,-1,0,-1.9526,-10.3519,-10.35,-11.7861,-9.9143,8,b,NO,NO.
bind_twin,data/twin_real/real_333_00099.avi,333,0,0,-1.9125,-11.2645,-12.0753,-12.8859,-12.076,8,b,No,No.
order_real,data/videos_real/int_333ms/real_333_00099_flip.avi,333,1,0,-1.8155,-10.4836,-10.3563,-11.8548,-10.1084,8,b,NO,NO.
order_real,data/videos_real/int_333ms/real_333_00111.avi,333,1,0,-1.4162,-9.9661,-10.5234,-11.336,-10.5266,8,b,NO,NO.
order_rev,data/videos_real/int_333ms/real_333_00111.avi,333,1,0,-0.4901,-8.5417,-10.9751,-11.7861,-10.7886,8,b,NO,NO.
moved_real,data/videos_real/int_333ms/real_333_00111.avi,333,1,1,0.4552,-10.2376,-11.4838,-11.794,-10.6102,8,b,YES,YES.
moved_twin,data/twin_real/real_333_00111.avi,333,0,0,-1.2483,-10.2992,-11.5467,-11.4843,-10.6724,8,b,NO,NO.
order_twin,data/twin_real/real_333_00111.avi,333,-1,0,-1.8007,-10.1647,-10.7238,-11.4742,-10.9747,8,b,NO,NO.
bind_twin,data/twin_real/real_333_00111.avi,333,0,0,-2.4384,-10.4168,-11.7275,-11.7896,-11.5404,8,b,No,No.
order_real,data/videos_real/int_333ms/real_333_00111_flip.avi,333,0,0,-1.5411,-10.0035,-10.6226,-11.5602,-10.6886,8,b,NO,NO.
order_real,data/videos_real/int_333ms/real_333_00123.avi,333,0,0,-0.5287,-9.9657,-10.0889,-11.7101,-10.4639,8,b,NO,NO.
order_rev,data/videos_real/int_333ms/real_333_00123.avi,333,0,0,-0.8242,-8.8477,-10.7839,-11.9677,-10.5967,8,b,NO,NO.
moved_real,data/videos_real/int_333ms/real_333_00123.avi,333,1,0,-0.0511,-10.2541,-11.0022,-11.6229,-10.4405,8,b,NO,NO.
moved_twin,data/twin_real/real_333_00123.avi,333,0,0,-1.5219,-10.1231,-11.1203,-11.3685,-10.2472,8,b,NO,NO.
order_twin,data/twin_real/real_333_00123.avi,333,-1,0,-1.036,-9.8285,-10.0763,-11.5118,-10.3273,8,b,NO,NO.
bind_twin,data/twin_real/real_333_00123.avi,333,0,0,-0.0378,-10.1931,-11.2545,-11.8775,-11.0047,8,b,No,No.
order_real,data/videos_real/int_333ms/real_333_00123_flip.avi,333,1,0,-0.2787,-10.0028,-10.1258,-11.6852,-10.439,8,b,NO,NO.
order_real,data/videos_real/int_333ms/real_333_00135.avi,333,0,0,-1.2167,-10.2744,-10.0221,-11.7066,-10.2727,8,b,No,No.
order_rev,data/videos_real/int_333ms/real_333_00135.avi,333,0,0,-1.4092,-9.3279,-10.8267,-12.0733,-10.3892,8,b,No,No.
moved_real,data/videos_real/int_333ms/real_333_00135.avi,333,1,1,0.1267,-10.6612,-11.2843,-12.0301,-10.9726,8,b,Yes,Yes.
moved_twin,data/twin_real/real_333_00135.avi,333,0,0,-0.637,-10.6232,-11.3084,-11.9925,-10.9345,8,b,No,No.
order_twin,data/twin_real/real_333_00135.avi,333,-1,0,-1.2819,-10.3256,-10.011,-11.7576,-10.3862,8,b,No,No.
bind_twin,data/twin_real/real_333_00135.avi,333,0,0,-2.0172,-12.0367,-13.0347,-13.6576,-12.9732,8,b,No,No.
order_real,data/videos_real/int_333ms/real_333_00135_flip.avi,333,1,0,-1.1074,-10.3023,-9.9878,-11.7341,-10.3008,8,b,NO,NO.
order_real,data/videos_real/int_333ms/real_333_00147.avi,333,0,0,-0.874,-9.8964,-10.1446,-11.6429,-10.5829,8,b,NO,NO.
order_rev,data/videos_real/int_333ms/real_333_00147.avi,333,0,0,-0.6248,-8.4172,-10.7272,-11.7255,-10.54,8,b,NO,NO.
moved_real,data/videos_real/int_333ms/real_333_00147.avi,333,1,1,0.0691,-10.4351,-11.433,-11.8055,-10.6843,8,b,Yes,Yes.
moved_twin,data/twin_real/real_333_00147.avi,333,0,0,-2.366,-10.4264,-11.549,-11.5487,-10.4259,8,b,No,No.
order_twin,data/twin_real/real_333_00147.avi,333,-1,0,-1.3738,-9.8391,-10.2117,-11.5233,-10.4629,8,b,NO,NO.
bind_twin,data/twin_real/real_333_00147.avi,333,0,0,-4.1603,-10.8673,-11.9903,-12.302,-11.6784,8,b,No,No.
order_real,data/videos_real/int_333ms/real_333_00147_flip.avi,333,1,0,-0.7845,-9.8618,-10.1099,-11.5457,-10.4855,8,b,NO,NO.
order_real,data/videos_real/int_333ms/real_333_00159.avi,333,0,0,-0.633,-9.8732,-9.934,-11.8058,-10.8089,8,b,NO,NO.
order_rev,data/videos_real/int_333ms/real_333_00159.avi,333,0,0,-0.8739,-8.631,-10.7548,-11.8143,-10.6301,8,b,NO,NO.
moved_real,data/videos_real/int_333ms/real_333_00159.avi,333,1,0,-0.5785,-10.4115,-11.2227,-12.0939,-10.7244,8,b,NO,NO.
moved_twin,data/twin_real/real_333_00159.avi,333,0,0,-2.1544,-10.2355,-11.2328,-11.669,-10.4221,8,b,NO,NO.
order_twin,data/twin_real/real_333_00159.avi,333,-1,0,-0.7135,-9.7226,-9.7837,-11.655,-10.6583,8,b,NO,NO.
bind_twin,data/twin_real/real_333_00159.avi,333,0,0,-2.4163,-10.6421,-11.6401,-12.3261,-11.5157,8,b,No,No.
order_real,data/videos_real/int_333ms/real_333_00159_flip.avi,333,1,0,-0.5177,-9.8825,-9.9436,-11.8149,-10.8185,8,b,NO,NO.
order_real,data/videos_real/int_333ms/real_333_00171.avi,333,1,0,0.0502,-10.0769,-9.9499,-12.0074,-10.762,8,a,NO,NO.
order_rev,data/videos_real/int_333ms/real_333_00171.avi,333,1,0,-0.2979,-8.0905,-10.6508,-11.7104,-10.5258,8,a,NO,NO.
moved_real,data/videos_real/int_333ms/real_333_00171.avi,333,1,1,1.0006,-10.5194,-11.331,-12.0757,-10.955,8,a,Yes,Yes.
moved_twin,data/twin_real/real_333_00171.avi,333,0,0,-2.632,-10.5914,-11.7763,-11.8996,-10.9019,8,a,NO,NO.
order_twin,data/twin_real/real_333_00171.avi,333,-1,0,-0.541,-9.9032,-10.0259,-11.8345,-10.588,8,a,NO,NO.
bind_twin,data/twin_real/real_333_00171.avi,333,1,1,1.3261,-10.2172,-11.3405,-12.0238,-11.2141,8,a,Yes,Yes.
order_real,data/videos_real/int_333ms/real_333_00171_flip.avi,333,0,0,0.0501,-10.0151,-9.826,-11.8838,-10.7002,8,a,NO,NO.
order_real,data/videos_real/int_333ms/real_333_00183.avi,333,0,0,-1.9339,-9.7205,-10.0305,-11.4665,-10.5937,8,b,NO,NO.
order_rev,data/videos_real/int_333ms/real_333_00183.avi,333,0,0,-2.249,-8.934,-11.0568,-11.9289,-10.6215,8,b,NO,NO.
moved_real,data/videos_real/int_333ms/real_333_00183.avi,333,1,0,-0.7936,-9.9393,-10.9369,-11.4342,-10.3757,8,b,NO,NO.
moved_twin,data/twin_real/real_333_00183.avi,333,0,0,-1.5443,-10.0087,-11.0685,-11.3795,-10.4448,8,b,NO,NO.
order_twin,data/twin_real/real_333_00183.avi,333,-1,0,-1.9977,-9.6763,-9.9862,-11.36,-10.4872,8,b,NO,NO.
bind_twin,data/twin_real/real_333_00183.avi,333,0,0,-3.3012,-10.4684,-11.6541,-12.1519,-11.4669,8,b,No,No.
order_real,data/videos_real/int_333ms/real_333_00183_flip.avi,333,1,0,-1.8509,-9.7107,-10.0207,-11.3949,-10.5221,8,b,NO,NO.
order_real,data/videos_real/int_333ms/real_333_00195.avi,333,0,0,-0.4112,-9.8481,-9.8463,-11.5305,-10.4088,8,b,NO,NO.
order_rev,data/videos_real/int_333ms/real_333_00195.avi,333,0,0,-1.1232,-8.6762,-10.7998,-11.9215,-10.6745,8,b,NO,NO.
moved_real,data/videos_real/int_333ms/real_333_00195.avi,333,1,0,-0.0443,-10.4189,-11.167,-11.8509,-10.7303,8,b,NO,NO.
moved_twin,data/twin_real/real_333_00195.avi,333,0,0,-1.0774,-10.2001,-11.1345,-11.57,-10.3868,8,b,NO,NO.
order_twin,data/twin_real/real_333_00195.avi,333,-1,0,-0.7858,-9.8427,-9.7786,-11.463,-10.3407,8,b,NO,NO.
bind_twin,data/twin_real/real_333_00195.avi,333,0,0,-1.2874,-11.2461,-12.2433,-12.7408,-11.932,8,b,No,No.
order_real,data/videos_real/int_333ms/real_333_00195_flip.avi,333,1,0,-0.1613,-9.8914,-9.8898,-11.5738,-10.4523,8,b,NO,NO.
order_real,data/videos_real/int_333ms/real_333_00207.avi,333,1,1,0.2048,-9.6045,-9.7901,-11.4752,-10.4776,8,a,YES,YES.
order_rev,data/videos_real/int_333ms/real_333_00207.avi,333,1,0,-0.5311,-7.5472,-10.1712,-11.4172,-10.2327,8,a,NO,NO.
moved_real,data/videos_real/int_333ms/real_333_00207.avi,333,1,0,-2.2796,-10.4703,-11.6551,-11.9041,-10.8439,8,a,NO,NO.
moved_twin,data/twin_real/real_333_00207.avi,333,0,0,-2.6621,-10.3379,-11.7097,-11.7715,-10.7113,8,a,NO,NO.
order_twin,data/twin_real/real_333_00207.avi,333,-1,0,-0.2907,-9.4074,-9.7175,-11.2154,-10.2799,8,a,NO,NO.
bind_twin,data/twin_real/real_333_00207.avi,333,1,1,2.4997,-9.9657,-11.7726,-11.8291,-11.5203,8,a,YES,YES.
order_real,data/videos_real/int_333ms/real_333_00207_flip.avi,333,0,1,0.1016,-9.4882,-9.7361,-11.3587,-10.4236,8,a,YES,YES.
order_real,data/videos_real/int_333ms/real_333_00219.avi,333,0,1,0.2961,-10.32,-9.9435,-11.6895,-10.1323,8,a,Yes,Yes.
order_rev,data/videos_real/int_333ms/real_333_00219.avi,333,0,0,-0.8811,-9.0553,-10.7411,-11.6764,-10.0545,8,a,NO,NO.
moved_real,data/videos_real/int_333ms/real_333_00219.avi,333,1,1,2.3301,-10.8953,-11.6452,-12.2007,-11.0202,8,a,YES,YES.
moved_twin,data/twin_real/real_333_00219.avi,333,0,0,-1.9301,-10.4656,-11.5253,-11.6476,-10.3404,8,a,NO,NO.
order_twin,data/twin_real/real_333_00219.avi,333,-1,0,-0.567,-10.2247,-9.973,-11.5324,-9.9117,8,a,NO,NO.
bind_twin,data/twin_real/real_333_00219.avi,333,1,1,2.572,-10.3484,-11.7224,-12.2187,-11.284,8,a,Yes,Yes.
order_real,data/videos_real/int_333ms/real_333_00219_flip.avi,333,1,1,0.3079,-10.3789,-10.0024,-11.8112,-10.2533,8,a,Yes,Yes.
order_real,data/videos_real/int_333ms/real_333_00231.avi,333,0,1,0.4762,-9.9451,-9.9416,-11.626,-10.568,8,a,YES,YES.
order_rev,data/videos_real/int_333ms/real_333_00231.avi,333,0,1,0.7239,-7.8815,-10.0672,-11.5642,-10.6906,8,a,YES,YES.
moved_real,data/videos_real/int_333ms/real_333_00231.avi,333,1,1,0.5988,-10.2321,-11.2898,-11.7257,-10.6053,8,a,YES,YES.
moved_twin,data/twin_real/real_333_00231.avi,333,0,0,-1.4418,-9.9567,-11.2626,-11.3877,-10.2038,8,a,NO,NO.
order_twin,data/twin_real/real_333_00231.avi,333,-1,1,0.0454,-9.8881,-10.0072,-11.569,-10.5103,8,a,YES,YES.
bind_twin,data/twin_real/real_333_00231.avi,333,1,1,2.6478,-10.1724,-11.9779,-12.2852,-11.7888,8,a,YES,YES.
order_real,data/videos_real/int_333ms/real_333_00231_flip.avi,333,1,1,0.6012,-9.8991,-9.8956,-11.6425,-10.6465,8,a,YES,YES.
order_real,data/videos_real/int_333ms/real_333_00243.avi,333,1,0,-0.5797,-9.768,-10.14,-11.3882,-10.5783,8,a,NO,NO.
order_real,data/videos_real/int_333ms/real_333_00243_flip.avi,333,0,0,-0.6148,-9.7561,-10.1277,-11.3138,-10.5661,8,a,NO,NO.
order_real,data/videos_real/int_333ms/real_333_00255.avi,333,0,0,-1.0434,-9.9111,-9.9087,-11.656,-10.6594,8,a,NO,NO.
order_real,data/videos_real/int_333ms/real_333_00255_flip.avi,333,1,0,-1.0847,-9.9014,-9.8991,-11.6463,-10.6498,8,a,NO,NO.
order_real,data/videos_real/int_333ms/real_333_00267.avi,333,0,0,-0.9909,-10.2383,-10.2348,-11.731,-10.6733,8,b,No,No.
order_real,data/videos_real/int_333ms/real_333_00267_flip.avi,333,1,0,-0.9188,-10.1331,-10.1921,-11.6882,-10.5685,8,b,No,No.
order_real,data/videos_real/int_333ms/real_333_00279.avi,333,0,0,-0.2154,-9.8878,-9.1987,-11.6953,-10.5737,8,a,NO,NO.
order_real,data/videos_real/int_333ms/real_333_00279_flip.avi,333,1,0,-0.1549,-9.8533,-9.2266,-11.6605,-10.5391,8,a,NO,NO.
order_real,data/videos_real/int_333ms/real_333_00291.avi,333,0,0,-0.8087,-10.319,-10.2547,-11.7511,-11.0674,8,b,No,No.
order_real,data/videos_real/int_333ms/real_333_00291_flip.avi,333,1,0,-0.8087,-10.3202,-10.2561,-11.6273,-10.9439,8,b,No,No.
order_real,data/videos_real/int_333ms/real_333_00303.avi,333,0,0,-0.8959,-10.141,-10.2008,-11.8233,-10.702,8,a,NO,NO.
order_real,data/videos_real/int_333ms/real_333_00303_flip.avi,333,1,0,-0.8498,-10.1095,-10.1068,-11.7294,-10.6703,8,a,NO,NO.
order_real,data/videos_real/int_333ms/real_333_00315.avi,333,1,0,-0.0851,-9.7028,-10.1374,-11.1977,-10.576,8,a,NO,NO.
order_real,data/videos_real/int_333ms/real_333_00315_flip.avi,333,0,0,0.0017,-9.586,-10.0831,-11.0814,-10.5213,8,a,NO,NO.
order_real,data/videos_real/int_333ms/real_333_00327.avi,333,1,0,-0.3183,-9.9048,-10.2145,-11.4008,-10.8406,8,b,NO,NO.
order_real,data/videos_real/int_333ms/real_333_00327_flip.avi,333,0,0,-0.3237,-9.9412,-10.1885,-11.4372,-10.8149,8,b,NO,NO.
order_real,data/videos_real/int_333ms/real_333_00339.avi,333,0,0,-1.8129,-10.0964,-10.3436,-11.5925,-10.907,8,b,NO,NO.
order_real,data/videos_real/int_333ms/real_333_00339_flip.avi,333,1,0,-1.4751,-10.1006,-10.1608,-11.5346,-10.7868,8,b,NO,NO.
order_real,data/videos_real/int_333ms/real_333_00351.avi,333,0,0,-0.5626,-9.406,-9.4677,-11.402,-10.4042,8,b,NO,NO.
order_real,data/videos_real/int_333ms/real_333_00351_flip.avi,333,1,0,-0.6874,-9.425,-9.5487,-11.5445,-10.4231,8,b,NO,NO.
order_real,data/videos_real/int_333ms/real_333_00363.avi,333,0,0,-0.2564,-10.0343,-9.7832,-11.5913,-10.6569,8,b,NO,NO.
order_real,data/videos_real/int_333ms/real_333_00363_flip.avi,333,1,0,-0.0788,-10.0007,-9.7497,-11.5574,-10.6235,8,b,NO,NO.
order_real,data/videos_real/int_333ms/real_333_00375.avi,333,1,0,-0.249,-10.078,-10.2012,-11.8197,-10.6387,8,a,NO,NO.
order_real,data/videos_real/int_333ms/real_333_00375_flip.avi,333,0,0,-0.2106,-10.0145,-10.2619,-11.8193,-10.6373,8,a,NO,NO.
order_real,data/videos_real/int_333ms/real_333_00387.avi,333,1,0,-0.0711,-10.0072,-9.8799,-11.6265,-9.3811,8,b,NO,NO.
order_real,data/videos_real/int_333ms/real_333_00387_flip.avi,333,0,0,-0.215,-10.016,-9.8887,-11.5734,-9.39,8,b,NO,NO.
order_real,data/videos_real/int_333ms/real_333_00399.avi,333,0,0,-0.7796,-10.232,-10.3539,-11.6644,-10.918,8,b,NO,NO.
order_real,data/videos_real/int_333ms/real_333_00399_flip.avi,333,1,0,-0.2647,-10.2851,-10.5316,-11.6549,-10.9717,8,b,NO,NO.
order_real,data/videos_real/int_333ms/real_333_00411.avi,333,0,0,-0.9531,-10.4175,-10.1658,-11.9127,-10.9165,8,b,NO,NO.
order_real,data/videos_real/int_333ms/real_333_00411_flip.avi,333,1,0,-0.8889,-10.4363,-10.0598,-11.8071,-10.8106,8,b,NO,NO.
order_real,data/videos_real/int_333ms/real_333_00423.avi,333,0,0,-0.8275,-10.0546,-10.2393,-11.7358,-10.553,8,a,NO,NO.
order_real,data/videos_real/int_333ms/real_333_00423_flip.avi,333,1,0,-0.536,-10.1095,-10.2324,-11.8535,-10.6078,8,a,NO,NO.
order_real,data/videos_real/int_333ms/real_333_00435.avi,333,0,0,-0.6613,-9.9393,-10.0002,-11.7468,-10.6254,8,b,NO,NO.
order_real,data/videos_real/int_333ms/real_333_00435_flip.avi,333,1,0,-0.758,-10.0199,-10.0805,-11.8277,-10.7679,8,b,NO,NO.
order_real,data/videos_real/int_333ms/real_333_00447.avi,333,1,0,-0.2795,-10.1249,-10.2483,-11.7448,-10.6245,8,a,NO,NO.
order_real,data/videos_real/int_333ms/real_333_00447_flip.avi,333,0,0,-0.0785,-10.0912,-10.2146,-11.7736,-10.6529,8,a,NO,NO.
order_real,data/videos_real/int_333ms/real_333_00459.avi,333,1,0,-0.4358,-9.5793,-10.0754,-11.2619,-10.5775,8,b,NO,NO.
order_real,data/videos_real/int_333ms/real_333_00459_flip.avi,333,0,0,-0.4358,-9.5806,-9.9522,-11.2008,-10.4539,8,b,NO,NO.
order_real,data/videos_real/int_333ms/real_333_00471.avi,333,1,0,-0.6231,-9.9766,-9.9745,-11.7221,-10.6001,8,b,NO,NO.
order_real,data/videos_real/int_333ms/real_333_00471_flip.avi,333,0,0,-0.6684,-9.9608,-10.0214,-11.8306,-10.7088,8,b,NO,NO.
order_real,data/videos_real/int_333ms/real_333_00483.avi,333,1,0,-1.3734,-9.9411,-10.0012,-11.6236,-10.44,8,a,NO,NO.
order_real,data/videos_real/int_333ms/real_333_00483_flip.avi,333,0,0,-1.3891,-9.9469,-10.0694,-11.6298,-10.5079,8,a,NO,NO.
order_real,data/videos_real/int_333ms/real_333_00495.avi,333,0,0,-1.8051,-10.5377,-10.6593,-11.9704,-10.8492,8,b,NO,NO.
order_real,data/videos_real/int_333ms/real_333_00495_flip.avi,333,1,0,-1.4302,-10.5375,-10.5966,-12.1571,-10.849,8,b,NO,NO.
order_real,data/videos_real/int_333ms/real_333_00507.avi,333,0,0,-1.3734,-10.0549,-10.1146,-11.6134,-10.6783,8,b,NO,NO.
order_real,data/videos_real/int_333ms/real_333_00507_flip.avi,333,1,0,-1.2405,-10.0193,-10.079,-11.5778,-10.6427,8,b,No,No.
order_real,data/videos_real/int_333ms/real_333_00519.avi,333,1,0,-1.3014,-9.7653,-9.451,-11.5108,-10.6389,8,b,NO,NO.
order_real,data/videos_real/int_333ms/real_333_00519_flip.avi,333,0,0,-1.2934,-9.8212,-9.3821,-11.5669,-10.6325,8,b,No,No.
order_real,data/videos_real/int_333ms/real_333_00531.avi,333,0,0,-0.6238,-9.5194,-9.9543,-11.1393,-10.2663,8,b,NO,NO.
order_real,data/videos_real/int_333ms/real_333_00531_flip.avi,333,1,0,-0.5886,-9.4586,-9.9556,-11.1403,-10.2056,8,b,NO,NO.
order_real,data/videos_real/int_333ms/real_333_00543.avi,333,0,0,-0.4533,-9.8713,-9.9943,-11.6146,-10.6817,8,a,NO,NO.
order_real,data/videos_real/int_333ms/real_333_00543_flip.avi,333,1,0,-0.4493,-9.8571,-9.98,-11.6003,-10.6674,8,a,NO,NO.
order_real,data/videos_real/int_333ms/real_333_00555.avi,333,0,0,-0.0452,-10.0302,-10.403,-11.5247,-10.5905,8,a,NO,NO.
order_real,data/videos_real/int_333ms/real_333_00555_flip.avi,333,1,1,0.075,-10.054,-10.4261,-11.5475,-10.7385,8,a,YES,YES.
order_real,data/videos_real/int_333ms/real_333_00567.avi,333,1,0,-1.0998,-10.558,-9.9938,-12.1772,-11.1185,8,b,NO,NO.
order_real,data/videos_real/int_333ms/real_333_00567_flip.avi,333,0,0,-1.1757,-10.6014,-10.0371,-12.1583,-11.1617,8,b,NO,NO.
order_real,data/videos_real/int_333ms/real_333_00579.avi,333,1,0,-0.4409,-10.086,-10.396,-11.582,-11.1456,8,b,NO,NO.
order_real,data/videos_real/int_333ms/real_333_00579_flip.avi,333,0,0,-0.8331,-10.1546,-10.4022,-11.6507,-11.09,8,b,NO,NO.
order_real,data/videos_real/int_333ms/real_333_00591.avi,333,0,0,-0.4091,-9.6824,-9.8678,-11.4906,-10.4316,8,b,NO,NO.
order_real,data/videos_real/int_333ms/real_333_00591_flip.avi,333,1,0,-0.3739,-9.6964,-9.8817,-11.5666,-10.5076,8,b,NO,NO.
order_real,data/videos_real/int_500ms/real_500_00004.avi,500,1,0,-0.1472,-10.1666,-10.0394,-11.7854,-10.7273,8,b,NO,NO.
order_rev,data/videos_real/int_500ms/real_500_00004.avi,500,1,0,-0.3092,-8.7509,-10.4997,-11.6837,-10.6247,8,b,No,No.
moved_real,data/videos_real/int_500ms/real_500_00004.avi,500,1,1,0.5901,-10.7558,-11.5666,-12.3097,-11.1916,8,b,Yes,Yes.
moved_twin,data/twin_real/real_500_00004.avi,500,0,0,-1.1763,-10.4141,-11.3487,-11.7193,-10.6622,8,b,No,No.
order_twin,data/twin_real/real_500_00004.avi,500,-1,0,-0.3284,-9.9219,-9.9808,-11.6021,-10.4813,8,b,NO,NO.
bind_twin,data/twin_real/real_500_00004.avi,500,0,0,-0.405,-11.0489,-11.7346,-12.605,-11.9217,8,b,No,No.
order_real,data/videos_real/int_500ms/real_500_00004_flip.avi,500,0,0,-0.3966,-10.1835,-10.1186,-11.8649,-10.7445,8,b,NO,NO.
order_real,data/videos_real/int_500ms/real_500_00016.avi,500,1,0,-0.8291,-10.0295,-10.464,-11.4008,-10.5279,8,a,NO,NO.
order_rev,data/videos_real/int_500ms/real_500_00016.avi,500,1,0,-1.1356,-8.6902,-10.8752,-11.8104,-10.7505,8,a,NO,NO.
moved_real,data/videos_real/int_500ms/real_500_00016.avi,500,1,0,-1.8514,-10.1515,-11.3361,-11.21,-10.338,8,a,NO,NO.
moved_twin,data/twin_real/real_500_00016.avi,500,0,0,-2.0595,-10.1466,-11.3314,-11.2057,-10.3957,8,a,NO,NO.
order_twin,data/twin_real/real_500_00016.avi,500,-1,0,-1.0549,-10.0291,-10.4639,-11.4003,-10.5277,8,a,NO,NO.
bind_twin,data/twin_real/real_500_00016.avi,500,1,1,3.2349,-9.6045,-11.6633,-11.5362,-11.1625,8,a,YES,YES.
order_real,data/videos_real/int_500ms/real_500_00016_flip.avi,500,0,0,-0.962,-9.9611,-10.3956,-11.3944,-10.3973,8,a,NO,NO.
order_real,data/videos_real/int_500ms/real_500_00028.avi,500,0,0,-0.7859,-10.1104,-10.1081,-11.4816,-10.1089,8,b,NO,NO.
order_rev,data/videos_real/int_500ms/real_500_00028.avi,500,0,0,-1.4536,-8.8994,-10.71,-11.3966,-9.7111,8,b,NO,NO.
moved_real,data/videos_real/int_500ms/real_500_00028.avi,500,1,0,-0.514,-10.3766,-11.1863,-11.3099,-10.4385,8,b,NO,NO.
moved_twin,data/twin_real/real_500_00028.avi,500,0,0,-2.2567,-10.4975,-11.6194,-11.2449,-10.5586,8,b,NO,NO.
order_twin,data/twin_real/real_500_00028.avi,500,-1,0,-1.1522,-10.0993,-10.0348,-11.4076,-10.0346,8,b,NO,NO.
bind_twin,data/twin_real/real_500_00028.avi,500,0,0,-2.5432,-10.9263,-11.9243,-12.2978,-11.8624,8,b,No,No.
order_real,data/videos_real/int_500ms/real_500_00028_flip.avi,500,1,0,-0.7771,-10.0777,-10.0755,-11.4487,-10.076,8,b,NO,NO.
order_real,data/videos_real/int_500ms/real_500_00040.avi,500,1,0,-0.0627,-9.924,-9.9851,-11.7944,-10.6098,8,a,NO,NO.
order_rev,data/videos_real/int_500ms/real_500_00040.avi,500,1,0,-0.2001,-8.4574,-10.7055,-11.7642,-10.7051,8,a,NO,NO.
moved_real,data/videos_real/int_500ms/real_500_00040.avi,500,1,0,0.1491,-10.3064,-11.3657,-11.9877,-10.7426,8,a,NO,NO.
moved_twin,data/twin_real/real_500_00040.avi,500,0,0,-1.6539,-10.236,-11.2958,-11.5441,-10.4844,8,a,NO,NO.
order_twin,data/twin_real/real_500_00040.avi,500,-1,0,-0.3742,-9.8801,-10.1279,-11.6878,-10.565,8,a,NO,NO.
bind_twin,data/twin_real/real_500_00040.avi,500,1,1,2.6249,-10.0236,-11.7698,-11.9522,-11.3306,8,a,Yes,Yes.
order_real,data/videos_real/int_500ms/real_500_00040_flip.avi,500,0,0,-0.1614,-9.9754,-10.0987,-11.8458,-10.6611,8,a,NO,NO.
order_real,data/videos_real/int_500ms/real_500_00052.avi,500,1,0,-0.1685,-10.0039,-9.9398,-11.3744,-10.003,8,b,No,No.
order_rev,data/videos_real/int_500ms/real_500_00052.avi,500,1,0,-1.0599,-9.1187,-10.9921,-11.9272,-10.2431,8,b,No,No.
moved_real,data/videos_real/int_500ms/real_500_00052.avi,500,1,0,-0.842,-10.6362,-11.26,-11.9447,-10.6983,8,b,No,No.
moved_twin,data/twin_real/real_500_00052.avi,500,0,0,-1.5509,-10.4014,-11.2116,-11.6474,-10.4627,8,b,No,No.
order_twin,data/twin_real/real_500_00052.avi,500,-1,0,-0.4187,-9.9022,-9.8377,-11.2723,-9.9005,8,b,No,No.
bind_twin,data/twin_real/real_500_00052.avi,500,0,0,-0.0269,-10.8981,-11.959,-12.5187,-11.834,8,b,No,No.
order_real,data/videos_real/int_500ms/real_500_00052_flip.avi,500,0,0,-0.233,-10.0392,-9.9751,-11.4718,-10.0379,8,b,No,No.
order_real,data/videos_real/int_500ms/real_500_00064.avi,500,0,0,-0.3742,-9.9106,-10.0331,-11.9025,-10.7195,8,a,NO,NO.
order_rev,data/videos_real/int_500ms/real_500_00064.avi,500,0,1,0.7505,-8.3006,-10.5498,-11.9821,-10.9223,8,a,YES,YES.
moved_real,data/videos_real/int_500ms/real_500_00064.avi,500,1,0,-2.8249,-10.5991,-11.5328,-11.9056,-10.9725,8,a,NO,NO.
moved_twin,data/twin_real/real_500_00064.avi,500,0,0,-2.249,-10.5187,-11.2665,-11.7008,-10.7677,8,a,NO,NO.
order_twin,data/twin_real/real_500_00064.avi,500,-1,0,-0.4993,-9.8635,-10.0486,-11.8553,-10.7351,8,a,NO,NO.
bind_twin,data/twin_real/real_500_00064.avi,500,1,1,2.3748,-10.532,-11.7794,-12.335,-11.7152,8,a,Yes,Yes.
order_real,data/videos_real/int_500ms/real_500_00064_flip.avi,500,1,0,-0.4698,-9.8736,-9.9341,-11.803,-10.6206,8,a,NO,NO.
order_real,data/videos_real/int_500ms/real_500_00076.avi,500,1,0,-0.8849,-10.7472,-10.7447,-12.3036,-11.3083,8,a,No,No.
order_rev,data/videos_real/int_500ms/real_500_00076.avi,500,1,0,-0.1237,-8.7725,-10.9589,-12.0175,-10.9588,8,a,NO,NO.
moved_real,data/videos_real/int_500ms/real_500_00076.avi,500,1,1,1.9512,-10.7915,-11.6653,-12.5288,-11.2881,8,a,Yes,Yes.
moved_twin,data/twin_real/real_500_00076.avi,500,0,0,-1.6622,-10.9415,-11.8757,-12.1854,-11.0021,8,a,No,No.
order_twin,data/twin_real/real_500_00076.avi,500,-1,0,-1.0514,-10.5075,-10.754,-11.8767,-10.9429,8,a,No,No.
bind_twin,data/twin_real/real_500_00076.avi,500,1,1,2.2456,-10.2364,-12.1699,-12.2928,-11.4832,8,a,Yes,Yes.
order_real,data/videos_real/int_500ms/real_500_00076_flip.avi,500,0,0,-1.1458,-10.7931,-10.7282,-12.3492,-11.2918,8,a,No,No.
order_real,data/videos_real/int_500ms/real_500_00088.avi,500,0,0,-0.3967,-9.9986,-9.872,-11.6803,-10.7465,8,b,NO,NO.
order_rev,data/videos_real/int_500ms/real_500_00088.avi,500,0,0,-1.8169,-8.7396,-10.9245,-11.8575,-10.6745,8,b,NO,NO.
moved_real,data/videos_real/int_500ms/real_500_00088.avi,500,1,1,0.2928,-10.3685,-10.8685,-11.8619,-10.5554,8,b,YES,YES.
moved_twin,data/twin_real/real_500_00088.avi,500,0,0,-0.7029,-10.2767,-10.8387,-11.7094,-10.4633,8,b,NO,NO.
order_twin,data/twin_real/real_500_00088.avi,500,-1,0,-0.6237,-9.9037,-9.7766,-11.5221,-10.5886,8,b,NO,NO.
bind_twin,data/twin_real/real_500_00088.avi,500,0,0,-2.2921,-11.3635,-12.1753,-12.7979,-12.1754,8,b,No,No.
order_real,data/videos_real/int_500ms/real_500_00088_flip.avi,500,1,0,-0.2717,-9.9261,-9.7995,-11.6078,-10.674,8,b,NO,NO.
order_real,data/videos_real/int_500ms/real_500_00100.avi,500,1,0,-0.5978,-9.9229,-10.1701,-11.6653,-10.7334,8,b,NO,NO.
order_rev,data/videos_real/int_500ms/real_500_00100.avi,500,1,0,-0.7876,-8.8952,-10.7056,-11.6383,-10.644,8,b,NO,NO.
moved_real,data/videos_real/int_500ms/real_500_00100.avi,500,1,1,0.7746,-10.4154,-11.413,-11.9053,-10.9146,8,b,YES,YES.
moved_twin,data/twin_real/real_500_00100.avi,500,0,0,-2.1682,-10.2765,-11.273,-11.5821,-10.5247,8,b,NO,NO.
order_twin,data/twin_real/real_500_00100.avi,500,-1,0,-1.5888,-9.9488,-10.1335,-11.6921,-10.5722,8,b,NO,NO.
bind_twin,data/twin_real/real_500_00100.avi,500,0,0,-3.4251,-11.1596,-12.2823,-12.842,-12.096,8,b,No,No.
order_real,data/videos_real/int_500ms/real_500_00100_flip.avi,500,0,0,-0.9432,-10.0004,-10.1233,-11.6815,-10.6865,8,b,NO,NO.
order_real,data/videos_real/int_500ms/real_500_00112.avi,500,0,0,-0.4189,-9.9271,-10.0507,-11.2981,-10.6131,8,b,NO,NO.
order_rev,data/videos_real/int_500ms/real_500_00112.avi,500,0,0,-0.2493,-8.8652,-10.8012,-11.4871,-10.8008,8,b,NO,NO.
moved_real,data/videos_real/int_500ms/real_500_00112.avi,500,1,0,-1.0144,-9.9593,-11.0819,-11.3931,-10.5826,8,b,NO,NO.
moved_twin,data/twin_real/real_500_00112.avi,500,0,0,-1.6151,-9.8717,-11.0569,-11.2432,-10.4947,8,b,NO,NO.
order_twin,data/twin_real/real_500_00112.avi,500,-1,0,-0.8744,-9.7537,-9.9391,-11.0624,-10.5007,8,b,NO,NO.
bind_twin,data/twin_real/real_500_00112.avi,500,0,0,-1.5394,-9.891,-11.2014,-11.5758,-11.1391,8,b,NO,NO.
order_real,data/videos_real/int_500ms/real_500_00112_flip.avi,500,1,0,-0.2111,-10.0135,-10.1366,-11.3223,-10.699,8,b,NO,NO.
order_real,data/videos_real/int_500ms/real_500_00124.avi,500,1,0,-0.8419,-9.7175,-9.9648,-11.4627,-10.5279,8,b,NO,NO.
order_rev,data/videos_real/int_500ms/real_500_00124.avi,500,1,0,-1.2981,-8.5286,-10.5269,-11.4621,-10.4025,8,b,NO,NO.
moved_real,data/videos_real/int_500ms/real_500_00124.avi,500,1,0,-1.9569,-10.2174,-11.2768,-11.3372,-10.2792,8,b,NO,NO.
moved_twin,data/twin_real/real_500_00124.avi,500,0,0,-2.1618,-10.1345,-11.1941,-11.2546,-10.3207,8,b,NO,NO.
order_twin,data/twin_real/real_500_00124.avi,500,-1,0,-1.2681,-9.7335,-9.9811,-11.479,-10.6064,8,b,NO,NO.
bind_twin,data/twin_real/real_500_00124.avi,500,0,0,-2.7502,-10.4153,-11.4756,-11.9115,-11.3512,8,b,No,No.
order_real,data/videos_real/int_500ms/real_500_00124_flip.avi,500,0,0,-0.842,-9.6565,-9.9041,-11.4015,-10.4672,8,b,NO,NO.
order_real,data/videos_real/int_500ms/real_500_00136.avi,500,0,0,-1.2678,-9.8537,-10.1643,-11.7239,-10.6643,8,b,NO,NO.
order_rev,data/videos_real/int_500ms/real_500_00136.avi,500,0,0,-0.9421,-8.7879,-10.7867,-11.9715,-10.7247,8,b,NO,NO.
moved_real,data/videos_real/int_500ms/real_500_00136.avi,500,1,0,-2.919,-10.6904,-11.7502,-11.9367,-10.8143,8,b,No,No.
moved_twin,data/twin_real/real_500_00136.avi,500,0,0,-2.9989,-10.6263,-11.7486,-11.8096,-10.7499,8,b,NO,NO.
order_twin,data/twin_real/real_500_00136.avi,500,-1,0,-1.5919,-9.792,-10.2273,-11.6621,-10.6647,8,b,NO,NO.
bind_twin,data/twin_real/real_500_00136.avi,500,0,0,-3.2476,-10.8886,-11.8864,-12.3851,-11.762,8,b,No,No.
order_real,data/videos_real/int_500ms/real_500_00136_flip.avi,500,1,0,-1.0565,-9.7806,-10.1534,-11.7132,-10.6536,8,b,NO,NO.
order_real,data/videos_real/int_500ms/real_500_00148.avi,500,1,0,-0.6244,-9.8175,-10.2522,-11.438,-10.7525,8,a,NO,NO.
order_rev,data/videos_real/int_500ms/real_500_00148.avi,500,1,1,0.4445,-7.7305,-10.4778,-11.4136,-10.7898,8,a,YES,YES.
moved_real,data/videos_real/int_500ms/real_500_00148.avi,500,1,0,-2.3214,-10.0634,-11.6229,-11.5605,-10.6875,8,a,NO,NO.
moved_twin,data/twin_real/real_500_00148.avi,500,0,0,-2.4542,-9.9935,-11.4913,-11.4289,-10.6803,8,a,NO,NO.
order_twin,data/twin_real/real_500_00148.avi,500,-1,0,-0.4994,-9.74,-10.1757,-11.2368,-10.8628,8,a,NO,NO.
bind_twin,data/twin_real/real_500_00148.avi,500,1,1,2.3749,-9.9428,-11.7523,-12.126,-11.7518,8,a,YES,YES.
order_real,data/videos_real/int_500ms/real_500_00148_flip.avi,500,0,0,-0.55,-9.7202,-10.1549,-11.3407,-10.7177,8,a,NO,NO.
order_real,data/videos_real/int_500ms/real_500_00160.avi,500,1,1,0.6062,-10.0171,-9.4536,-11.3875,-10.8902,8,a,YES,YES.
order_rev,data/videos_real/int_500ms/real_500_00160.avi,500,1,0,-0.7001,-9.1346,-10.6334,-11.5694,-10.8836,8,a,NO,NO.
moved_real,data/videos_real/int_500ms/real_500_00160.avi,500,1,1,1.1479,-10.3317,-10.8309,-11.7656,-10.9558,8,a,YES,YES.
moved_twin,data/twin_real/real_500_00160.avi,500,0,0,-2.6242,-10.4017,-10.8996,-11.5247,-10.8383,8,a,NO,NO.
order_twin,data/twin_real/real_500_00160.avi,500,-1,0,-0.4192,-9.806,-9.5538,-11.3018,-10.8038,8,a,NO,NO.
bind_twin,data/twin_real/real_500_00160.avi,500,1,1,3.0526,-10.1235,-11.3097,-11.8075,-11.6836,8,a,YES,YES.
order_real,data/videos_real/int_500ms/real_500_00160_flip.avi,500,0,1,0.3184,-10.0285,-9.5273,-11.399,-10.964,8,a,YES,YES.
order_real,data/videos_real/int_500ms/real_500_00172.avi,500,1,0,-0.7492,-9.8117,-10.3717,-11.3707,-10.5604,8,a,NO,NO.
order_rev,data/videos_real/int_500ms/real_500_00172.avi,500,1,0,-0.5482,-8.6167,-10.9264,-11.7993,-10.8647,8,a,NO,NO.
moved_real,data/videos_real/int_500ms/real_500_00172.avi,500,1,0,-1.3514,-10.0491,-11.2965,-11.2333,-10.4236,8,a,NO,NO.
moved_twin,data/twin_real/real_500_00172.avi,500,0,0,-1.889,-10.1174,-11.3019,-11.3006,-10.3664,8,a,NO,NO.
order_twin,data/twin_real/real_500_00172.avi,500,-1,0,-1.0374,-9.6439,-10.2032,-11.1404,-10.3299,8,a,NO,NO.
bind_twin,data/twin_real/real_500_00172.avi,500,1,1,3.0522,-9.2607,-11.3198,-11.2541,-10.9431,8,a,Yes,Yes.
order_real,data/videos_real/int_500ms/real_500_00172_flip.avi,500,0,0,-0.6536,-9.7753,-10.4598,-11.272,-10.5867,8,a,NO,NO.
order_real,data/videos_real/int_500ms/real_500_00184.avi,500,1,0,-0.3425,-10.179,-9.7385,-11.921,-10.7396,8,a,No,No.
order_rev,data/videos_real/int_500ms/real_500_00184.avi,500,1,0,-2.4299,-9.4815,-11.4164,-12.2881,-11.0422,8,a,No,No.
moved_real,data/videos_real/int_500ms/real_500_00184.avi,500,1,1,0.5705,-10.5916,-11.3393,-12.1457,-11.0273,8,a,Yes,Yes.
moved_twin,data/twin_real/real_500_00184.avi,500,0,0,-2.2487,-10.8306,-11.8899,-11.8891,-11.0168,8,a,No,No.
order_twin,data/twin_real/real_500_00184.avi,500,-1,0,-0.7706,-10.2811,-9.9655,-11.8988,-10.8417,8,a,No,No.
bind_twin,data/twin_real/real_500_00184.avi,500,1,1,2.0824,-10.8419,-12.2771,-12.7089,-12.0888,8,a,Yes,Yes.
order_real,data/videos_real/int_500ms/real_500_00184_flip.avi,500,0,0,-0.3271,-10.3113,-9.8089,-11.9285,-10.8092,8,a,No,No.
order_real,data/videos_real/int_500ms/real_500_00196.avi,500,0,1,0.7485,-9.8713,-9.1202,-11.4894,-10.6814,8,a,YES,YES.
order_rev,data/videos_real/int_500ms/real_500_00196.avi,500,0,0,-0.4993,-8.9947,-10.4935,-11.6787,-10.7441,8,a,NO,NO.
moved_real,data/videos_real/int_500ms/real_500_00196.avi,500,1,0,-0.1527,-9.941,-10.2516,-11.5615,-10.4403,8,a,NO,NO.
moved_twin,data/twin_real/real_500_00196.avi,500,0,0,-1.3935,-10.0105,-10.3199,-11.5679,-10.4465,8,a,NO,NO.
order_twin,data/twin_real/real_500_00196.avi,500,-1,1,0.4139,-9.5987,-8.9094,-11.4047,-10.4715,8,a,YES,YES.
bind_twin,data/twin_real/real_500_00196.avi,500,1,1,3.1246,-9.851,-10.5991,-11.8459,-10.9725,8,a,YES,YES.
order_real,data/videos_real/int_500ms/real_500_00196_flip.avi,500,1,1,0.6062,-9.8952,-9.082,-11.5769,-10.6434,8,a,YES,YES.
order_real,data/videos_real/int_500ms/real_500_00208.avi,500,1,0,-0.2934,-9.9777,-10.1008,-11.5353,-10.6627,8,b,NO,NO.
order_rev,data/videos_real/int_500ms/real_500_00208.avi,500,1,0,-0.4601,-8.349,-10.7225,-11.5328,-10.4731,8,b,NO,NO.
moved_real,data/videos_real/int_500ms/real_500_00208.avi,500,1,0,-0.8727,-9.9567,-10.9537,-11.3897,-10.268,8,b,NO,NO.
moved_twin,data/twin_real/real_500_00208.avi,500,0,0,-1.4183,-9.9528,-10.8878,-11.2615,-10.1386,8,b,NO,NO.
order_twin,data/twin_real/real_500_00208.avi,500,-1,0,-0.9114,-9.9868,-10.172,-11.5445,-10.6095,8,b,NO,NO.
bind_twin,data/twin_real/real_500_00208.avi,500,0,0,-0.7452,-10.0293,-11.2772,-11.8998,-11.1519,8,b,No,No.
order_real,data/videos_real/int_500ms/real_500_00208_flip.avi,500,0,0,-0.3626,-9.9255,-10.049,-11.4831,-10.611,8,b,NO,NO.
order_real,data/videos_real/int_500ms/real_500_00220.avi,500,0,0,-0.8884,-9.9404,-9.9387,-11.5606,-10.3772,8,b,NO,NO.
order_rev,data/videos_real/int_500ms/real_500_00220.avi,500,0,0,-1.2483,-9.0361,-10.7217,-11.78,-10.4722,8,b,NO,NO.
moved_real,data/videos_real/int_500ms/real_500_00220.avi,500,1,0,0.0351,-10.2559,-10.8793,-11.5632,-10.2559,8,b,NO,NO.
moved_twin,data/twin_real/real_500_00220.avi,500,0,0,-1.1844,-10.1039,-10.9769,-11.2872,-9.9789,8,b,NO,NO.
order_twin,data/twin_real/real_500_00220.avi,500,-1,0,-1.2261,-9.8232,-10.0087,-11.3817,-10.3225,8,b,NO,NO.
bind_twin,data/twin_real/real_500_00220.avi,500,0,0,-0.6859,-10.4758,-11.4746,-12.0975,-11.2247,8,b,No,No.
order_real,data/videos_real/int_500ms/real_500_00220_flip.avi,500,1,0,-0.6463,-9.8445,-9.8423,-11.5263,-10.3435,8,b,NO,NO.
order_real,data/videos_real/int_500ms/real_500_00232.avi,500,1,1,0.0457,-9.6004,-10.0349,-11.3446,-10.5352,8,a,YES,YES.
order_rev,data/videos_real/int_500ms/real_500_00232.avi,500,1,0,-0.5328,-8.3604,-10.7945,-11.7294,-10.6695,8,a,NO,NO.
moved_real,data/videos_real/int_500ms/real_500_00232.avi,500,1,0,-1.9452,-10.2927,-11.2904,-11.5384,-10.6661,8,a,NO,NO.
moved_twin,data/twin_real/real_500_00232.avi,500,0,0,-2.3165,-10.3043,-11.4264,-11.5503,-10.7403,8,a,NO,NO.
order_twin,data/twin_real/real_500_00232.avi,500,-1,0,-0.1241,-9.6885,-10.1227,-11.3711,-10.6231,8,a,NO,NO.
bind_twin,data/twin_real/real_500_00232.avi,500,1,1,1.4547,-10.0235,-11.459,-11.8308,-11.145,8,a,Yes,Yes.
order_real,data/videos_real/int_500ms/real_500_00232_flip.avi,500,0,1,0.0838,-9.6814,-10.1157,-11.4883,-10.6786,8,a,YES,YES.
order_real,data/videos_real/int_500ms/real_500_00244.avi,500,1,0,-0.3651,-9.7943,-9.7921,-11.4148,-10.605,8,b,No,No.
order_real,data/videos_real/int_500ms/real_500_00244_flip.avi,500,0,0,-0.3731,-9.7306,-9.7906,-11.4133,-10.6035,8,b,NO,NO.
order_real,data/videos_real/int_500ms/real_500_00256.avi,500,1,0,-0.7937,-10.1381,-10.074,-11.6954,-10.8243,8,b,No,No.
order_real,data/videos_real/int_500ms/real_500_00256_flip.avi,500,0,0,-0.8579,-10.0596,-9.9954,-11.616,-10.6833,8,b,No,No.
order_real,data/videos_real/int_500ms/real_500_00268.avi,500,0,0,-1.2703,-10.3311,-10.3279,-11.6384,-10.5175,8,a,No,No.
order_real,data/videos_real/int_500ms/real_500_00268_flip.avi,500,1,0,-1.1458,-10.2973,-10.2319,-11.6049,-10.4844,8,a,No,No.
order_real,data/videos_real/int_500ms/real_500_00280.avi,500,0,0,-0.2069,-9.9323,-10.1793,-11.5508,-10.4923,8,a,NO,NO.
order_real,data/videos_real/int_500ms/real_500_00280_flip.avi,500,1,0,0.0012,-9.9065,-10.091,-11.5236,-10.466,8,a,NO,NO.
order_real,data/videos_real/int_500ms/real_500_00292.avi,500,0,1,0.3339,-9.8143,-9.6875,-11.6204,-10.4378,8,a,YES,YES.
order_real,data/videos_real/int_500ms/real_500_00292_flip.avi,500,1,1,0.5005,-9.9338,-9.7445,-11.6774,-10.4945,8,a,YES,YES.
order_real,data/videos_real/int_500ms/real_500_00304.avi,500,1,1,0.2055,-10.0101,-10.0081,-11.6903,-10.3213,8,a,YES,YES.
order_real,data/videos_real/int_500ms/real_500_00304_flip.avi,500,0,1,0.1762,-10.1184,-10.1165,-11.7991,-10.3668,8,a,YES,YES.
order_real,data/videos_real/int_500ms/real_500_00316.avi,500,1,0,-0.1237,-9.7825,-9.7808,-11.4013,-10.4053,8,a,NO,NO.
order_real,data/videos_real/int_500ms/real_500_00316_flip.avi,500,0,0,-0.1238,-9.8455,-9.8438,-11.4635,-10.4058,8,a,NO,NO.
order_real,data/videos_real/int_500ms/real_500_00328.avi,500,0,0,-1.6337,-10.0017,-10.498,-11.5591,-10.9988,8,b,NO,NO.
order_real,data/videos_real/int_500ms/real_500_00328_flip.avi,500,1,0,-1.4986,-9.9362,-10.3081,-11.4317,-10.8093,8,b,NO,NO.
order_real,data/videos_real/int_500ms/real_500_00340.avi,500,0,0,-0.8398,-10.2169,-10.3409,-11.8368,-10.7165,8,a,NO,NO.
order_real,data/videos_real/int_500ms/real_500_00340_flip.avi,500,1,0,-0.7717,-10.299,-10.4854,-11.9813,-10.8607,8,a,NO,NO.
order_real,data/videos_real/int_500ms/real_500_00352.avi,500,1,0,-0.5918,-9.9822,-10.1046,-11.7893,-10.6053,8,b,NO,NO.
order_real,data/videos_real/int_500ms/real_500_00352_flip.avi,500,0,0,-0.4992,-9.9858,-10.108,-11.7926,-10.6713,8,b,NO,NO.
order_real,data/videos_real/int_500ms/real_500_00364.avi,500,0,0,-0.6261,-10.2235,-10.0343,-11.3455,-10.9097,8,b,NO,NO.
order_real,data/videos_real/int_500ms/real_500_00364_flip.avi,500,1,0,-0.5011,-10.2058,-10.0171,-11.3281,-10.9545,8,b,NO,NO.
order_real,data/videos_real/int_500ms/real_500_00376.avi,500,1,0,0.0006,-9.8351,-10.0202,-11.3297,-9.3336,8,a,NO,NO.
order_real,data/videos_real/int_500ms/real_500_00376_flip.avi,500,0,0,-0.2141,-9.9208,-10.106,-11.4157,-9.3572,8,a,NO,NO.
order_real,data/videos_real/int_500ms/real_500_00388.avi,500,1,1,0.1641,-9.6381,-9.9489,-11.1332,-10.5738,8,a,YES,YES.
order_real,data/videos_real/int_500ms/real_500_00388_flip.avi,500,0,1,0.1872,-9.6163,-9.9271,-11.3608,-10.5525,8,a,YES,YES.
order_real,data/videos_real/int_500ms/real_500_00400.avi,500,0,0,0.0161,-9.9641,-10.2119,-11.1487,-10.7118,8,b,NO,NO.
order_real,data/videos_real/int_500ms/real_500_00400_flip.avi,500,1,0,0.0338,-9.9726,-10.2207,-11.2195,-10.7827,8,b,NO,NO.
order_real,data/videos_real/int_500ms/real_500_00412.avi,500,1,0,-0.4495,-10.2259,-10.2868,-11.8458,-10.7246,8,b,NO,NO.
order_real,data/videos_real/int_500ms/real_500_00412_flip.avi,500,0,0,-0.6536,-10.1062,-10.2917,-11.7885,-10.7299,8,b,NO,NO.
order_real,data/videos_real/int_500ms/real_500_00424.avi,500,1,0,-0.9034,-9.946,-10.3179,-11.6278,-10.6933,8,b,NO,NO.
order_real,data/videos_real/int_500ms/real_500_00424_flip.avi,500,0,0,-1.0314,-9.8211,-10.2548,-11.5026,-10.5682,8,b,NO,NO.
order_real,data/videos_real/int_500ms/real_500_00436.avi,500,0,0,-0.8933,-10.0688,-10.1917,-11.8765,-11.0046,8,b,NO,NO.
order_real,data/videos_real/int_500ms/real_500_00436_flip.avi,500,1,0,-0.6611,-10.0244,-10.0849,-11.8318,-10.9599,8,b,NO,NO.
order_real,data/videos_real/int_500ms/real_500_00448.avi,500,1,1,0.5903,-9.7063,-9.9534,-11.5123,-10.5788,8,a,YES,YES.
order_real,data/videos_real/int_500ms/real_500_00448_flip.avi,500,0,1,0.5901,-9.7673,-9.9517,-11.5728,-10.5781,8,a,YES,YES.
order_real,data/videos_real/int_500ms/real_500_00460.avi,500,1,0,-0.6982,-9.8851,-10.0085,-11.8809,-10.8216,8,b,NO,NO.
order_real,data/videos_real/int_500ms/real_500_00460_flip.avi,500,0,0,-0.7258,-9.8937,-10.1415,-11.889,-10.8921,8,b,NO,NO.
order_real,data/videos_real/int_500ms/real_500_00472.avi,500,1,1,0.3454,-9.9444,-9.8804,-11.9368,-10.692,8,a,YES,YES.
order_real,data/videos_real/int_500ms/real_500_00472_flip.avi,500,0,1,0.3454,-9.8832,-9.8192,-11.8139,-10.5683,8,a,YES,YES.
order_real,data/videos_real/int_500ms/real_500_00484.avi,500,1,0,-0.6801,-10.1128,-10.2975,-11.7925,-10.7355,8,b,NO,NO.
order_real,data/videos_real/int_500ms/real_500_00484_flip.avi,500,0,0,-0.7483,-10.2203,-10.3432,-11.8388,-10.7807,8,b,NO,NO.
order_real,data/videos_real/int_500ms/real_500_00496.avi,500,0,0,-1.2527,-10.1046,-10.2897,-11.8496,-11.1024,8,b,NO,NO.
order_real,data/videos_real/int_500ms/real_500_00496_flip.avi,500,1,0,-1.407,-10.1966,-10.444,-11.9419,-11.1946,8,b,NO,NO.
order_real,data/videos_real/int_500ms/real_500_00508.avi,500,0,0,-1.8964,-10.124,-10.3717,-11.4325,-10.3734,8,b,NO,NO.
order_real,data/videos_real/int_500ms/real_500_00508_flip.avi,500,1,0,-1.8282,-10.0257,-10.2731,-11.3964,-10.337,8,b,NO,NO.
order_real,data/videos_real/int_500ms/real_500_00520.avi,500,1,1,0.7281,-9.7958,-9.8558,-11.29,-10.1071,8,a,YES,YES.
order_real,data/videos_real/int_500ms/real_500_00520_flip.avi,500,0,1,0.3535,-9.8095,-9.9311,-11.304,-10.0587,8,a,YES,YES.
order_real,data/videos_real/int_500ms/real_500_00532.avi,500,0,0,-0.7139,-9.8513,-10.0989,-11.4088,-9.5373,8,b,NO,NO.
order_real,data/videos_real/int_500ms/real_500_00532_flip.avi,500,1,0,-0.6241,-9.8539,-10.1014,-11.4117,-9.5401,8,b,NO,NO.
order_real,data/videos_real/int_500ms/real_500_00544.avi,500,1,0,-0.2945,-10.0153,-10.2003,-11.511,-10.8889,8,b,NO,NO.
order_real,data/videos_real/int_500ms/real_500_00544_flip.avi,500,0,0,-0.4195,-9.9023,-10.212,-11.3982,-10.8381,8,b,NO,NO.
order_real,data/videos_real/int_500ms/real_500_00556.avi,500,1,0,-0.0739,-10.1997,-10.1983,-11.8814,-10.9486,8,a,NO,NO.
order_real,data/videos_real/int_500ms/real_500_00556_flip.avi,500,0,0,-0.1125,-10.2813,-10.2802,-11.9626,-11.0305,8,a,NO,NO.
order_real,data/videos_real/int_500ms/real_500_00568.avi,500,0,0,-0.5586,-9.9734,-10.0347,-11.5929,-10.7846,8,b,NO,NO.
order_real,data/videos_real/int_500ms/real_500_00568_flip.avi,500,1,0,-0.4337,-10.0204,-10.0818,-11.5781,-10.8317,8,b,NO,NO.
order_real,data/videos_real/int_500ms/real_500_00580.avi,500,0,1,0.1258,-9.7219,-10.0319,-11.652,-10.5952,8,a,YES,YES.
order_real,data/videos_real/int_500ms/real_500_00580_flip.avi,500,1,1,0.1258,-9.7214,-9.9697,-11.6519,-10.5326,8,a,YES,YES.
order_real,data/videos_real/int_500ms/real_500_00592.avi,500,0,1,0.1263,-9.9692,-8.9681,-11.4646,-10.593,8,a,Yes,Yes.
order_real,data/videos_real/int_500ms/real_500_00592_flip.avi,500,1,1,0.1986,-9.9452,-9.0068,-11.4406,-10.5697,8,a,Yes,Yes.
order_real,data/videos_real/int_1000ms/real_1000_00005.avi,1000,1,0,-0.6237,-10.1977,-10.0087,-11.8158,-10.6341,8,b,NO,NO.
order_rev,data/videos_real/int_1000ms/real_1000_00005.avi,1000,1,0,-2.4305,-9.126,-11.0618,-12.058,-10.749,8,b,NO,NO.
moved_real,data/videos_real/int_1000ms/real_1000_00005.avi,1000,1,0,-0.7171,-10.351,-11.2856,-11.7178,-10.3507,8,b,No,No.
moved_twin,data/twin_real/real_1000_00005.avi,1000,0,0,-1.9302,-10.6524,-11.5872,-11.6473,-10.4644,8,b,NO,NO.
order_twin,data/twin_real/real_1000_00005.avi,1000,-1,0,-0.8211,-10.0896,-9.9625,-11.7696,-10.65,8,b,NO,NO.
bind_twin,data/twin_real/real_1000_00005.avi,1000,0,0,-1.5505,-11.3053,-12.1168,-12.6771,-11.9924,8,b,No,No.
order_real,data/videos_real/int_1000ms/real_1000_00005_flip.avi,1000,0,0,-0.6239,-10.1981,-9.9466,-11.8784,-10.6963,8,b,NO,NO.
order_real,data/videos_real/int_1000ms/real_1000_00017.avi,1000,1,0,-0.4299,-10.0843,-10.2061,-11.5765,-10.5811,8,b,No,No.
order_rev,data/videos_real/int_1000ms/real_1000_00017.avi,1000,1,0,-1.3096,-8.8091,-10.9323,-12.0542,-10.9938,8,b,No,No.
moved_real,data/videos_real/int_1000ms/real_1000_00017.avi,1000,1,0,-0.8231,-11.005,-12.0632,-12.1845,-11.1291,8,b,No,No.
moved_twin,data/twin_real/real_1000_00017.avi,1000,0,0,-1.6712,-11.0839,-12.2668,-11.953,-11.2081,8,b,No,No.
order_twin,data/twin_real/real_1000_00017.avi,1000,-1,0,-0.8427,-10.0237,-10.2702,-11.3922,-10.4587,8,b,No,No.
bind_twin,data/twin_real/real_1000_00017.avi,1000,0,0,-1.1404,-11.5566,-12.6797,-13.0524,-12.6177,8,b,No,No.
order_real,data/videos_real/int_1000ms/real_1000_00017_flip.avi,1000,0,0,-0.6151,-10.0139,-10.1362,-11.5069,-10.5112,8,b,No,No.
order_real,data/videos_real/int_1000ms/real_1000_00029.avi,1000,1,0,-0.1332,-9.9511,-9.7003,-11.7603,-10.6385,8,b,NO,NO.
order_rev,data/videos_real/int_1000ms/real_1000_00029.avi,1000,1,0,-0.3885,-8.7988,-10.2358,-11.8574,-10.7357,8,b,NO,NO.
moved_real,data/videos_real/int_1000ms/real_1000_00029.avi,1000,1,1,0.6764,-10.253,-11.002,-11.6859,-10.7529,8,b,YES,YES.
moved_twin,data/twin_real/real_1000_00029.avi,1000,0,0,-0.8227,-10.0941,-11.092,-11.6518,-10.5316,8,b,NO,NO.
order_twin,data/twin_real/real_1000_00029.avi,1000,-1,0,-0.3061,-9.781,-9.5916,-11.5895,-10.53,8,b,NO,NO.
bind_twin,data/twin_real/real_1000_00029.avi,1000,0,0,-0.0235,-10.7317,-11.6046,-12.6003,-11.7925,8,b,No,No.
order_real,data/videos_real/int_1000ms/real_1000_00029_flip.avi,1000,0,0,-0.2258,-10.0013,-9.7501,-11.8725,-10.7509,8,b,NO,NO.
order_real,data/videos_real/int_1000ms/real_1000_00041.avi,1000,0,0,-0.4673,-10.0246,-9.6477,-11.3953,-10.7727,8,a,NO,NO.
order_rev,data/videos_real/int_1000ms/real_1000_00041.avi,1000,0,0,-0.2949,-8.5412,-10.4145,-11.4123,-10.727,8,a,NO,NO.
moved_real,data/videos_real/int_1000ms/real_1000_00041.avi,1000,1,0,-0.3736,-9.7564,-10.3183,-11.3131,-10.3172,8,a,NO,NO.
moved_twin,data/twin_real/real_1000_00041.avi,1000,0,0,-2.0672,-10.2059,-10.5173,-11.7022,-10.3931,8,a,NO,NO.
order_twin,data/twin_real/real_1000_00041.avi,1000,-1,0,-0.7172,-9.9384,-9.3745,-11.4338,-10.624,8,a,NO,NO.
bind_twin,data/twin_real/real_1000_00041.avi,1000,1,1,1.8065,-10.3523,-11.102,-11.9737,-11.2256,8,a,YES,YES.
order_real,data/videos_real/int_1000ms/real_1000_00041_flip.avi,1000,1,0,-0.6934,-10.0752,-9.5116,-11.4454,-10.7608,8,a,NO,NO.
order_real,data/videos_real/int_1000ms/real_1000_00053.avi,1000,1,0,0.0393,-9.8239,-10.0096,-11.3816,-10.6348,8,a,NO,NO.
order_rev,data/videos_real/int_1000ms/real_1000_00053.avi,1000,1,0,-1.3738,-7.5042,-10.502,-11.2508,-10.4394,8,a,NO,NO.
moved_real,data/videos_real/int_1000ms/real_1000_00053.avi,1000,1,0,-0.582,-10.0316,-11.2787,-11.0277,-10.3434,8,a,NO,NO.
moved_twin,data/twin_real/real_1000_00053.avi,1000,0,0,-0.8386,-10.0003,-11.3097,-10.9968,-10.3739,8,a,NO,NO.
order_twin,data/twin_real/real_1000_00053.avi,1000,-1,0,-0.124,-9.745,-9.9929,-11.3029,-10.6182,8,a,NO,NO.
bind_twin,data/twin_real/real_1000_00053.avi,1000,1,1,3.0445,-10.397,-11.8323,-11.8916,-11.5806,8,a,YES,YES.
order_real,data/videos_real/int_1000ms/real_1000_00053_flip.avi,1000,0,1,0.1258,-9.7832,-9.9061,-11.4025,-10.5942,8,a,YES,YES.
order_real,data/videos_real/int_1000ms/real_1000_00065.avi,1000,0,0,-1.2032,-10.5411,-10.4139,-12.2232,-11.0391,8,b,NO,NO.
order_rev,data/videos_real/int_1000ms/real_1000_00065.avi,1000,0,0,-0.8048,-9.1325,-10.8189,-12.003,-10.8813,8,b,No,No.
moved_real,data/videos_real/int_1000ms/real_1000_00065.avi,1000,1,0,-1.6347,-10.6458,-11.456,-12.2663,-11.0196,8,b,No,No.
moved_twin,data/twin_real/real_1000_00065.avi,1000,0,0,-2.3016,-10.4938,-11.491,-11.9273,-10.7425,8,b,No,No.
order_twin,data/twin_real/real_1000_00065.avi,1000,-1,0,-1.8392,-10.2538,-10.5628,-11.9354,-10.814,8,b,NO,NO.
bind_twin,data/twin_real/real_1000_00065.avi,1000,0,0,-2.642,-10.7308,-11.9786,-12.4769,-11.9167,8,b,No,No.
order_real,data/videos_real/int_1000ms/real_1000_00065_flip.avi,1000,1,0,-0.9529,-10.4178,-10.3525,-12.1614,-10.9161,8,b,NO,NO.
order_real,data/videos_real/int_1000ms/real_1000_00077.avi,1000,0,1,0.9104,-9.8207,-10.256,-11.3766,-11.0054,8,a,YES,YES.
order_rev,data/videos_real/int_1000ms/real_1000_00077.avi,1000,0,0,-0.2203,-8.727,-10.6626,-11.3483,-10.9746,8,a,NO,NO.
moved_real,data/videos_real/int_1000ms/real_1000_00077.avi,1000,1,1,1.2079,-10.1151,-11.4888,-11.611,-11.3622,8,a,YES,YES.
moved_twin,data/twin_real/real_1000_00077.avi,1000,0,0,-1.5459,-9.8086,-11.2429,-11.3667,-10.8061,8,a,NO,NO.
order_twin,data/twin_real/real_1000_00077.avi,1000,-1,1,0.2503,-9.7542,-10.0645,-11.4343,-10.8139,8,a,YES,YES.
bind_twin,data/twin_real/real_1000_00077.avi,1000,1,1,2.7498,-9.9174,-11.9134,-11.9118,-11.8487,8,a,YES,YES.
order_real,data/videos_real/int_1000ms/real_1000_00077_flip.avi,1000,1,1,0.8753,-9.8303,-10.2032,-11.3858,-10.8907,8,a,YES,YES.
order_real,data/videos_real/int_1000ms/real_1000_00089.avi,1000,0,0,-2.6233,-10.7771,-10.9622,-12.3327,-11.151,8,b,NO,NO.
order_rev,data/videos_real/int_1000ms/real_1000_00089.avi,1000,0,0,-1.5481,-9.0974,-10.9711,-12.0305,-10.971,8,b,No,No.
moved_real,data/videos_real/int_1000ms/real_1000_00089.avi,1000,1,0,-1.851,-10.1757,-11.3591,-11.545,-10.3627,8,b,No,No.
moved_twin,data/twin_real/real_1000_00089.avi,1000,0,0,-2.1913,-10.2856,-11.4692,-11.6547,-10.4723,8,b,No,No.
order_twin,data/twin_real/real_1000_00089.avi,1000,-1,0,-2.5924,-10.7727,-10.8954,-12.2659,-11.1463,8,b,No,No.
bind_twin,data/twin_real/real_1000_00089.avi,1000,0,0,-3.5366,-11.3342,-12.3953,-12.8314,-12.2709,8,b,No,No.
order_real,data/videos_real/int_1000ms/real_1000_00089_flip.avi,1000,1,0,-2.6077,-10.8964,-11.0194,-12.3899,-11.2085,8,b,NO,NO.
order_real,data/videos_real/int_1000ms/real_1000_00101.avi,1000,0,0,-0.1327,-10.0147,-10.0133,-11.5102,-10.3886,8,a,NO,NO.
order_rev,data/videos_real/int_1000ms/real_1000_00101.avi,1000,0,0,-0.949,-8.1887,-10.3749,-11.5602,-10.3745,8,a,NO,NO.
moved_real,data/videos_real/int_1000ms/real_1000_00101.avi,1000,1,0,-0.5895,-10.3606,-11.1086,-11.6054,-10.4856,8,a,NO,NO.
moved_twin,data/twin_real/real_1000_00101.avi,1000,0,0,-2.0668,-10.3316,-11.3911,-11.4523,-10.1441,8,a,NO,NO.
order_twin,data/twin_real/real_1000_00101.avi,1000,-1,0,-0.4531,-9.9949,-9.9301,-11.4272,-10.2434,8,a,NO,NO.
bind_twin,data/twin_real/real_1000_00101.avi,1000,1,1,2.0721,-10.0222,-11.5833,-11.9553,-10.8331,8,a,Yes,Yes.
order_real,data/videos_real/int_1000ms/real_1000_00101_flip.avi,1000,1,0,0.0749,-9.9921,-9.9281,-11.5498,-10.3663,8,a,NO,NO.
order_real,data/videos_real/int_1000ms/real_1000_00113.avi,1000,1,0,-0.5668,-10.096,-10.0319,-11.7771,-10.6572,8,a,NO,NO.
order_rev,data/videos_real/int_1000ms/real_1000_00113.avi,1000,1,0,-1.5477,-8.4768,-10.6005,-11.9097,-10.7874,8,a,No,No.
moved_real,data/videos_real/int_1000ms/real_1000_00113.avi,1000,1,0,-1.9941,-10.2734,-11.3952,-11.4564,-10.4601,8,a,No,No.
moved_twin,data/twin_real/real_1000_00113.avi,1000,0,0,-2.0551,-10.2038,-11.2631,-11.3248,-10.4529,8,a,NO,NO.
order_twin,data/twin_real/real_1000_00113.avi,1000,-1,0,-0.5669,-9.9108,-9.8465,-11.5917,-10.5965,8,a,NO,NO.
bind_twin,data/twin_real/real_1000_00113.avi,1000,1,1,2.7946,-9.8823,-11.5056,-11.9391,-11.3787,8,a,Yes,Yes.
order_real,data/videos_real/int_1000ms/real_1000_00113_flip.avi,1000,0,0,-0.6877,-10.0491,-10.0473,-11.7928,-10.6104,8,a,NO,NO.
order_real,data/videos_real/int_1000ms/real_1000_00125.avi,1000,0,0,-2.2269,-10.4113,-11.0942,-11.8453,-11.0979,8,b,NO,NO.
order_rev,data/videos_real/int_1000ms/real_1000_00125.avi,1000,0,0,-0.8515,-8.8942,-11.1412,-11.6405,-11.0174,8,b,NO,NO.
moved_real,data/videos_real/int_1000ms/real_1000_00125.avi,1000,1,0,-0.4136,-10.3271,-11.3872,-11.7609,-10.8883,8,b,NO,NO.
moved_twin,data/twin_real/real_1000_00125.avi,1000,0,0,-1.92,-10.4482,-11.7577,-11.8203,-10.8846,8,b,NO,NO.
order_twin,data/twin_real/real_1000_00125.avi,1000,-1,0,-2.6286,-10.3411,-11.2739,-11.7753,-11.1519,8,b,NO,NO.
bind_twin,data/twin_real/real_1000_00125.avi,1000,0,0,-2.6604,-10.9193,-12.2927,-12.4798,-12.1061,8,b,No,No.
order_real,data/videos_real/int_1000ms/real_1000_00125_flip.avi,1000,1,0,-2.1546,-10.2944,-10.9153,-11.7284,-11.0432,8,b,NO,NO.
order_real,data/videos_real/int_1000ms/real_1000_00137.avi,1000,0,1,0.3248,-9.8824,-9.8166,-11.5644,-10.5054,8,a,YES,YES.
order_rev,data/videos_real/int_1000ms/real_1000_00137.avi,1000,0,1,0.5962,-7.8277,-9.9513,-11.4485,-10.5748,8,a,YES,YES.
moved_real,data/videos_real/int_1000ms/real_1000_00137.avi,1000,1,0,-0.1242,-10.1742,-11.2324,-11.6688,-10.5471,8,a,NO,NO.
moved_twin,data/twin_real/real_1000_00137.avi,1000,0,0,-1.4418,-9.9567,-11.2626,-11.3877,-10.2038,8,a,NO,NO.
order_twin,data/twin_real/real_1000_00137.avi,1000,-1,1,0.0454,-9.8881,-10.0072,-11.569,-10.5103,8,a,YES,YES.
bind_twin,data/twin_real/real_1000_00137.avi,1000,1,1,2.6478,-10.1724,-11.9779,-12.2852,-11.7888,8,a,YES,YES.
order_real,data/videos_real/int_1000ms/real_1000_00137_flip.avi,1000,1,1,0.4786,-10.1082,-10.0422,-11.7899,-10.7936,8,a,YES,YES.
order_real,data/videos_real/int_1000ms/real_1000_00149.avi,1000,0,0,-1.0596,-9.6932,-10.066,-11.6261,-10.8171,8,b,NO,NO.
order_rev,data/videos_real/int_1000ms/real_1000_00149.avi,1000,0,0,-2.1242,-9.0713,-11.0688,-11.6918,-10.9446,8,b,NO,NO.
moved_real,data/videos_real/int_1000ms/real_1000_00149.avi,1000,1,0,-1.1922,-9.849,-11.1589,-11.6577,-10.4734,8,b,NO,NO.
moved_twin,data/twin_real/real_1000_00149.avi,1000,0,0,-1.8164,-9.9242,-10.9837,-11.6069,-10.3609,8,b,NO,NO.
order_twin,data/twin_real/real_1000_00149.avi,1000,-1,0,-1.0782,-9.762,-9.9473,-11.7567,-10.7604,8,b,NO,NO.
bind_twin,data/twin_real/real_1000_00149.avi,1000,0,0,-1.5451,-10.7951,-11.7928,-12.4781,-11.7313,8,b,No,No.
order_real,data/videos_real/int_1000ms/real_1000_00149_flip.avi,1000,1,0,-1.2267,-9.6955,-10.1929,-11.5659,-10.9436,8,b,NO,NO.
order_real,data/videos_real/int_1000ms/real_1000_00161.avi,1000,0,1,0.4705,-9.836,-9.584,-11.4546,-10.3965,8,a,YES,YES.
order_rev,data/videos_real/int_1000ms/real_1000_00161.avi,1000,0,1,0.9851,-8.4591,-10.2088,-11.7669,-10.894,8,a,YES,YES.
moved_real,data/videos_real/int_1000ms/real_1000_00161.avi,1000,1,0,-0.714,-10.4424,-11.3145,-11.6876,-10.754,8,a,NO,NO.
moved_twin,data/twin_real/real_1000_00161.avi,1000,0,0,-1.8728,-10.7199,-11.5926,-11.6544,-10.8439,8,a,NO,NO.
order_twin,data/twin_real/real_1000_00161.avi,1000,-1,0,0.1028,-9.8624,-9.61,-11.3567,-10.3603,8,a,NO,NO.
bind_twin,data/twin_real/real_1000_00161.avi,1000,1,1,1.0795,-10.5374,-11.9105,-12.282,-11.5976,8,a,Yes,Yes.
order_real,data/videos_real/int_1000ms/real_1000_00161_flip.avi,1000,1,1,0.5463,-9.8823,-9.6921,-11.501,-10.4428,8,a,YES,YES.
order_real,data/videos_real/int_1000ms/real_1000_00173.avi,1000,1,0,-0.5548,-9.5676,-9.7524,-11.5,-10.3774,8,a,NO,NO.
order_rev,data/videos_real/int_1000ms/real_1000_00173.avi,1000,1,0,-0.3366,-7.9106,-10.4078,-11.4681,-10.2824,8,a,NO,NO.
moved_real,data/videos_real/int_1000ms/real_1000_00173.avi,1000,1,0,-2.7795,-10.6828,-11.4295,-11.8025,-10.9311,8,a,NO,NO.
moved_twin,data/twin_real/real_1000_00173.avi,1000,0,0,-2.9117,-10.5093,-11.3809,-11.6915,-10.8825,8,a,NO,NO.
order_twin,data/twin_real/real_1000_00173.avi,1000,-1,0,-0.6801,-9.5897,-9.837,-11.3355,-10.3991,8,a,NO,NO.
bind_twin,data/twin_real/real_1000_00173.avi,1000,1,1,2.6247,-9.8319,-11.3888,-12.0072,-11.4499,8,a,YES,YES.
order_real,data/videos_real/int_1000ms/real_1000_00173_flip.avi,1000,0,0,-0.555,-9.6905,-9.8754,-11.6224,-10.5,8,a,NO,NO.
order_real,data/videos_real/int_1000ms/real_1000_00185.avi,1000,0,0,-1.1792,-10.1593,-10.2809,-11.5302,-10.5331,8,b,NO,NO.
order_rev,data/videos_real/int_1000ms/real_1000_00185.avi,1000,0,0,-0.5436,-8.8141,-11.0,-11.9352,-10.8128,8,b,No,No.
moved_real,data/videos_real/int_1000ms/real_1000_00185.avi,1000,1,0,-1.2568,-10.9436,-11.8787,-12.066,-11.0053,8,b,No,No.
moved_twin,data/twin_real/real_1000_00185.avi,1000,0,0,-2.3283,-11.0063,-12.2533,-11.8794,-10.9431,8,b,No,No.
order_twin,data/twin_real/real_1000_00185.avi,1000,-1,0,-1.558,-10.0833,-10.2673,-11.33,-10.3945,8,b,No,No.
bind_twin,data/twin_real/real_1000_00185.avi,1000,0,0,-3.2685,-12.0846,-13.145,-13.394,-12.8964,8,b,No,No.
order_real,data/videos_real/int_1000ms/real_1000_00185_flip.avi,1000,1,0,-0.9294,-10.0996,-10.1592,-11.533,-10.5359,8,b,NO,NO.
order_real,data/videos_real/int_1000ms/real_1000_00197.avi,1000,0,0,-0.0262,-10.1277,-10.3754,-11.6846,-10.8136,8,a,NO,NO.
order_rev,data/videos_real/int_1000ms/real_1000_00197.avi,1000,0,0,-0.0875,-8.5999,-10.8479,-11.5956,-10.7232,8,a,NO,NO.
moved_real,data/videos_real/int_1000ms/real_1000_00197.avi,1000,1,1,0.3034,-10.5492,-11.5481,-11.9822,-10.9859,8,a,YES,YES.
moved_twin,data/twin_real/real_1000_00197.avi,1000,0,0,-2.1259,-10.4698,-11.5303,-11.654,-10.8436,8,a,NO,NO.
order_twin,data/twin_real/real_1000_00197.avi,1000,-1,0,-0.4304,-10.0431,-10.3523,-11.5386,-10.7906,8,a,NO,NO.
bind_twin,data/twin_real/real_1000_00197.avi,1000,1,1,1.5722,-10.219,-11.5293,-11.9016,-11.5915,8,a,YES,YES.
order_real,data/videos_real/int_1000ms/real_1000_00197_flip.avi,1000,1,0,-0.0261,-10.1897,-10.3752,-11.6843,-10.8754,8,a,NO,NO.
order_real,data/videos_real/int_1000ms/real_1000_00209.avi,1000,1,1,0.2186,-9.4507,-9.7615,-11.0719,-10.2614,8,a,YES,YES.
order_rev,data/videos_real/int_1000ms/real_1000_00209.avi,1000,1,1,0.286,-7.9209,-10.2321,-11.4802,-10.4817,8,a,YES,YES.
moved_real,data/videos_real/int_1000ms/real_1000_00209.avi,1000,1,0,-1.4873,-10.0406,-10.976,-11.2254,-10.227,8,a,NO,NO.
moved_twin,data/twin_real/real_1000_00209.avi,1000,0,0,-1.9538,-9.9517,-11.1364,-11.074,-10.2624,8,a,NO,NO.
order_twin,data/twin_real/real_1000_00209.avi,1000,-1,0,-0.1242,-9.2802,-9.7157,-10.9016,-10.2148,8,a,NO,NO.
bind_twin,data/twin_real/real_1000_00209.avi,1000,1,1,2.3012,-9.6661,-11.7256,-11.6608,-10.9737,8,a,YES,YES.
order_real,data/videos_real/int_1000ms/real_1000_00209_flip.avi,1000,0,1,0.1257,-9.4361,-9.747,-11.0575,-10.2469,8,a,YES,YES.
order_real,data/videos_real/int_1000ms/real_1000_00221.avi,1000,1,0,-1.0211,-10.2269,-10.0999,-11.9707,-10.8508,8,a,NO,NO.
order_rev,data/videos_real/int_1000ms/real_1000_00221.avi,1000,1,1,0.308,-8.1941,-10.5054,-11.752,-10.7551,8,a,YES,YES.
moved_real,data/videos_real/int_1000ms/real_1000_00221.avi,1000,1,0,-2.8285,-10.7706,-11.6425,-12.0783,-11.0206,8,a,NO,NO.
moved_twin,data/twin_real/real_1000_00221.avi,1000,0,0,-2.514,-10.6683,-11.4786,-11.9766,-10.918,8,a,NO,NO.
order_twin,data/twin_real/real_1000_00221.avi,1000,-1,0,-1.0745,-10.1546,-10.1528,-12.0224,-10.9024,8,a,NO,NO.
bind_twin,data/twin_real/real_1000_00221.avi,1000,1,1,2.208,-10.3659,-11.6145,-12.2339,-11.363,8,a,Yes,Yes.
order_real,data/videos_real/int_1000ms/real_1000_00221_flip.avi,1000,0,0,-0.8242,-10.2206,-10.094,-11.9641,-10.9065,8,a,NO,NO.
order_real,data/videos_real/int_1000ms/real_1000_00233.avi,1000,1,0,-1.0592,-10.256,-10.1293,-11.9382,-10.8171,8,b,NO,NO.
order_rev,data/videos_real/int_1000ms/real_1000_00233.avi,1000,1,0,-0.7405,-9.2152,-10.9644,-12.0846,-10.9019,8,b,No,No.
moved_real,data/videos_real/int_1000ms/real_1000_00233.avi,1000,1,1,0.8454,-10.6815,-11.3054,-12.1131,-10.9303,8,b,Yes,Yes.
moved_twin,data/twin_real/real_1000_00233.avi,1000,0,0,-1.8726,-10.5393,-11.3492,-11.7221,-10.6008,8,b,NO,NO.
order_twin,data/twin_real/real_1000_00233.avi,1000,-1,0,-1.6989,-10.1519,-10.2122,-11.8966,-10.8375,8,b,NO,NO.
bind_twin,data/twin_real/real_1000_00233.avi,1000,0,0,-2.9219,-11.5871,-12.5226,-13.2068,-12.3361,8,b,No,No.
order_real,data/videos_real/int_1000ms/real_1000_00233_flip.avi,1000,0,0,-1.1841,-10.2257,-10.0989,-11.9078,-10.7867,8,b,NO,NO.
order_real,data/videos_real/int_1000ms/real_1000_00245.avi,1000,0,0,0.0428,-10.3585,-10.17,-11.8524,-10.7949,8,a,NO,NO.
order_real,data/videos_real/int_1000ms/real_1000_00245_flip.avi,1000,1,1,0.2508,-10.4073,-10.1562,-11.9011,-10.8433,8,a,YES,YES.
order_real,data/videos_real/int_1000ms/real_1000_00257.avi,1000,0,0,-0.3321,-9.8169,-10.0635,-11.4991,-9.5028,8,b,NO,NO.
order_real,data/videos_real/int_1000ms/real_1000_00257_flip.avi,1000,1,0,-0.3742,-9.8414,-10.0881,-11.5239,-9.652,8,b,NO,NO.
order_real,data/videos_real/int_1000ms/real_1000_00269.avi,1000,0,0,0.0647,-9.9334,-9.6819,-11.3041,-10.8068,8,a,NO,NO.
order_real,data/videos_real/int_1000ms/real_1000_00269_flip.avi,1000,1,1,0.2865,-10.0417,-9.6657,-11.3499,-10.8524,8,a,YES,YES.
order_real,data/videos_real/int_1000ms/real_1000_00281.avi,1000,1,1,0.2059,-10.3763,-10.2499,-11.8711,-10.3129,8,a,Yes,Yes.
order_real,data/videos_real/int_1000ms/real_1000_00281_flip.avi,1000,0,0,-0.2821,-10.3271,-10.2626,-11.8219,-10.2634,8,a,No,No.
order_real,data/videos_real/int_1000ms/real_1000_00293.avi,1000,1,0,-1.0776,-10.3852,-10.4463,-11.9425,-10.8845,8,a,NO,NO.
order_real,data/videos_real/int_1000ms/real_1000_00293_flip.avi,1000,0,0,-1.0894,-10.3345,-10.3953,-11.8297,-10.8335,8,a,NO,NO.
order_real,data/videos_real/int_1000ms/real_1000_00305.avi,1000,0,0,-0.3745,-10.0124,-10.3851,-11.2591,-11.0718,8,b,NO,NO.
order_real,data/videos_real/int_1000ms/real_1000_00305_flip.avi,1000,1,0,-0.4779,-10.0489,-10.4837,-11.2959,-11.1708,8,b,NO,NO.
order_real,data/videos_real/int_1000ms/real_1000_00317.avi,1000,0,0,-0.7025,-10.4786,-10.414,-12.0986,-10.7899,8,b,No,No.
order_real,data/videos_real/int_1000ms/real_1000_00317_flip.avi,1000,1,0,-0.5924,-10.3903,-10.263,-12.0104,-10.6389,8,b,No,No.
order_real,data/videos_real/int_1000ms/real_1000_00329.avi,1000,0,1,0.2927,-10.1826,-9.931,-11.7406,-10.5581,8,b,YES,YES.
order_real,data/videos_real/int_1000ms/real_1000_00329_flip.avi,1000,1,1,0.5463,-10.0649,-9.8761,-11.685,-10.5029,8,b,YES,YES.
order_real,data/videos_real/int_1000ms/real_1000_00341.avi,1000,0,0,0.0104,-10.0233,-10.3349,-11.2086,-11.1462,8,a,NO,NO.
order_real,data/videos_real/int_1000ms/real_1000_00341_flip.avi,1000,1,0,-0.088,-10.0733,-10.3846,-11.1964,-11.1961,8,a,NO,NO.
order_real,data/videos_real/int_1000ms/real_1000_00353.avi,1000,0,0,-1.1122,-9.7471,-9.495,-11.6169,-10.4953,8,b,NO,NO.
order_real,data/videos_real/int_1000ms/real_1000_00353_flip.avi,1000,1,0,-1.0362,-9.8284,-9.5137,-11.6979,-10.5765,8,b,NO,NO.
order_real,data/videos_real/int_1000ms/real_1000_00365.avi,1000,0,0,0.0013,-10.0861,-9.8962,-11.6437,-10.7721,8,a,No,No.
order_real,data/videos_real/int_1000ms/real_1000_00365_flip.avi,1000,1,0,0.0014,-10.0248,-9.835,-11.5824,-10.6483,8,a,No,No.
order_real,data/videos_real/int_1000ms/real_1000_00377.avi,1000,0,0,-0.4898,-10.243,-10.1783,-11.8622,-10.8662,8,a,No,No.
order_real,data/videos_real/int_1000ms/real_1000_00377_flip.avi,1000,1,0,-0.4296,-10.2066,-10.2042,-11.8256,-10.8916,8,a,No,No.
order_real,data/videos_real/int_1000ms/real_1000_00389.avi,1000,1,0,-0.2033,-10.0668,-10.0024,-11.3739,-10.2533,8,a,NO,NO.
order_real,data/videos_real/int_1000ms/real_1000_00389_flip.avi,1000,0,0,-0.139,-10.158,-10.0939,-11.4025,-10.3441,8,a,NO,NO.
order_real,data/videos_real/int_1000ms/real_1000_00401.avi,1000,1,1,0.3606,-10.1094,-10.1077,-11.7282,-10.6701,8,a,YES,YES.
order_real,data/videos_real/int_1000ms/real_1000_00401_flip.avi,1000,0,1,0.2284,-10.1092,-10.0454,-11.6659,-10.6083,8,a,YES,YES.
order_real,data/videos_real/int_1000ms/real_1000_00413.avi,1000,1,1,0.2699,-9.7599,-10.0069,-10.8823,-10.8826,8,a,YES,YES.
order_real,data/videos_real/int_1000ms/real_1000_00413_flip.avi,1000,0,1,0.1625,-9.8698,-10.0547,-10.9927,-10.93,8,a,YES,YES.
order_real,data/videos_real/int_1000ms/real_1000_00425.avi,1000,1,0,-0.1387,-10.2192,-10.4055,-11.5886,-10.9058,8,a,NO,NO.
order_real,data/videos_real/int_1000ms/real_1000_00425_flip.avi,1000,0,0,-0.0781,-10.0618,-10.3111,-11.4931,-10.811,8,a,NO,NO.
order_real,data/videos_real/int_1000ms/real_1000_00437.avi,1000,1,0,-1.0293,-10.0058,-10.3163,-11.6869,-10.5659,8,a,NO,NO.
order_real,data/videos_real/int_1000ms/real_1000_00437_flip.avi,1000,0,0,-0.9987,-10.0578,-10.3058,-11.677,-10.5558,8,a,NO,NO.
order_real,data/videos_real/int_1000ms/real_1000_00449.avi,1000,0,0,0.0352,-10.005,-10.19,-11.7491,-10.8156,8,b,NO,NO.
order_real,data/videos_real/int_1000ms/real_1000_00449_flip.avi,1000,1,1,0.3983,-10.0348,-10.2199,-11.8405,-10.908,8,b,YES,YES.
order_real,data/videos_real/int_1000ms/real_1000_00461.avi,1000,1,0,-0.4906,-10.1211,-10.1815,-11.4907,-10.6204,8,a,No,No.
order_real,data/videos_real/int_1000ms/real_1000_00461_flip.avi,1000,0,0,-0.4902,-10.0595,-10.1198,-11.429,-10.6209,8,a,No,No.
order_real,data/videos_real/int_1000ms/real_1000_00473.avi,1000,0,1,0.2376,-9.6572,-8.906,-11.4646,-10.4677,8,a,YES,YES.
order_real,data/videos_real/int_1000ms/real_1000_00473_flip.avi,1000,1,1,0.3626,-9.6655,-8.8524,-11.4734,-10.4759,8,a,YES,YES.
order_real,data/videos_real/int_1000ms/real_1000_00485.avi,1000,1,1,0.0735,-9.9452,-10.1921,-11.4407,-10.6307,8,a,YES,YES.
order_real,data/videos_real/int_1000ms/real_1000_00485_flip.avi,1000,0,0,-0.1237,-9.9821,-10.2911,-11.5397,-10.6677,8,a,NO,NO.
order_real,data/videos_real/int_1000ms/real_1000_00497.avi,1000,0,0,-1.1228,-10.4249,-10.1114,-11.92,-11.1114,8,a,NO,NO.
order_real,data/videos_real/int_1000ms/real_1000_00497_flip.avi,1000,1,0,-0.9038,-10.3816,-10.0677,-11.9389,-11.0681,8,a,NO,NO.
order_real,data/videos_real/int_1000ms/real_1000_00509.avi,1000,0,0,-0.2491,-9.8149,-10.0613,-11.6834,-10.5622,8,a,NO,NO.
order_real,data/videos_real/int_1000ms/real_1000_00509_flip.avi,1000,1,0,-0.1592,-9.8546,-10.1629,-11.7225,-10.6639,8,a,NO,NO.
order_real,data/videos_real/int_1000ms/real_1000_00521.avi,1000,1,0,-0.9114,-9.7406,-9.9878,-11.4843,-10.6132,8,a,NO,NO.
order_real,data/videos_real/int_1000ms/real_1000_00521_flip.avi,1000,0,0,-0.7864,-9.7775,-9.9002,-11.5212,-10.588,8,a,NO,NO.
order_real,data/videos_real/int_1000ms/real_1000_00533.avi,1000,1,0,-0.4648,-9.91,-9.9711,-11.4685,-10.4089,8,b,NO,NO.
order_real,data/videos_real/int_1000ms/real_1000_00533_flip.avi,1000,0,0,-0.3888,-9.8023,-9.8634,-11.4228,-10.4258,8,b,NO,NO.
order_real,data/videos_real/int_1000ms/real_1000_00545.avi,1000,1,0,-1.9185,-10.152,-10.0876,-11.9592,-10.9626,8,b,No,No.
order_real,data/videos_real/int_1000ms/real_1000_00545_flip.avi,1000,0,0,-1.8581,-10.0998,-10.0351,-11.907,-10.9725,8,b,NO,NO.
order_real,data/videos_real/int_1000ms/real_1000_00557.avi,1000,0,0,-0.3831,-10.1551,-10.0905,-11.7737,-10.7787,8,b,NO,NO.
order_real,data/videos_real/int_1000ms/real_1000_00557_flip.avi,1000,1,0,-0.199,-10.0824,-9.956,-11.7013,-10.7063,8,b,NO,NO.
order_real,data/videos_real/int_1000ms/real_1000_00569.avi,1000,1,0,-1.1238,-10.0876,-10.3357,-11.7068,-10.5856,8,a,NO,NO.
order_real,data/videos_real/int_1000ms/real_1000_00569_flip.avi,1000,0,0,-1.1238,-9.9823,-10.2929,-11.6018,-10.5422,8,a,NO,NO.
order_real,data/videos_real/int_1000ms/real_1000_00581.avi,1000,1,0,-0.082,-9.5572,-9.9298,-11.1782,-10.2426,8,a,NO,NO.
order_real,data/videos_real/int_1000ms/real_1000_00581_flip.avi,1000,0,0,-0.207,-9.6253,-9.9353,-11.1212,-10.1859,8,a,NO,NO.
order_real,data/videos_real/int_1000ms/real_1000_00593.avi,1000,1,1,0.5391,-10.044,-9.8548,-11.7872,-10.7294,8,a,YES,YES.
order_real,data/videos_real/int_1000ms/real_1000_00593_flip.avi,1000,0,1,0.5391,-9.9813,-9.7921,-11.8488,-10.7288,8,a,YES,YES.
order_real,data/videos_real/int_1500ms/real_1500_00006.avi,1500,0,0,-0.8019,-10.2651,-9.8878,-11.5742,-10.9519,8,a,NO,NO.
order_rev,data/videos_real/int_1500ms/real_1500_00006.avi,1500,0,0,-1.2155,-9.2395,-10.8633,-11.6128,-10.9892,8,a,NO,NO.
moved_real,data/videos_real/int_1500ms/real_1500_00006.avi,1500,1,1,1.4087,-10.416,-10.9156,-11.8501,-10.9155,8,a,YES,YES.
moved_twin,data/twin_real/real_1500_00006.avi,1500,0,0,-2.8342,-10.7096,-11.5203,-12.0826,-11.3341,8,a,No,No.
order_twin,data/twin_real/real_1500_00006.avi,1500,-1,0,-1.4991,-10.0406,-9.9129,-11.4752,-10.8519,8,a,NO,NO.
bind_twin,data/twin_real/real_1500_00006.avi,1500,1,1,2.8844,-10.2452,-11.6818,-12.1179,-11.9311,8,a,Yes,Yes.
order_real,data/videos_real/int_1500ms/real_1500_00006_flip.avi,1500,1,0,-0.3293,-10.1954,-9.8183,-11.6911,-10.9446,8,a,NO,NO.
order_real,data/videos_real/int_1500ms/real_1500_00018.avi,1500,1,1,0.5931,-10.1027,-10.6596,-11.9075,-11.0364,8,a,YES,YES.
order_rev,data/videos_real/int_1500ms/real_1500_00018.avi,1500,1,1,0.2788,-8.074,-10.8209,-11.5689,-10.6333,8,a,YES,YES.
moved_real,data/videos_real/int_1500ms/real_1500_00018.avi,1500,1,0,-0.7045,-10.2172,-11.3991,-11.7727,-10.465,8,a,NO,NO.
moved_twin,data/twin_real/real_1500_00018.avi,1500,0,0,-1.682,-10.0912,-11.5257,-11.4008,-10.7142,8,a,NO,NO.
order_twin,data/twin_real/real_1500_00018.avi,1500,-1,0,0.0221,-10.0195,-10.5787,-11.64,-11.1407,8,a,NO,NO.
bind_twin,data/twin_real/real_1500_00018.avi,1500,1,1,1.0001,-10.1499,-11.8337,-11.8325,-11.8328,8,a,YES,YES.
order_real,data/videos_real/int_1500ms/real_1500_00018_flip.avi,1500,0,1,0.8193,-10.1581,-10.6532,-11.9002,-11.0919,8,a,YES,YES.
order_real,data/videos_real/int_1500ms/real_1500_00030.avi,1500,0,1,0.4485,-10.2122,-9.961,-11.9558,-11.0855,8,a,Yes,Yes.
order_rev,data/videos_real/int_1500ms/real_1500_00030.avi,1500,0,0,-1.975,-9.5854,-11.1467,-12.2063,-11.0849,8,a,No,No.
moved_real,data/videos_real/int_1500ms/real_1500_00030.avi,1500,1,1,2.2349,-10.5482,-11.3611,-12.0424,-11.1101,8,a,Yes,Yes.
moved_twin,data/twin_real/real_1500_00030.avi,1500,0,0,-0.5317,-10.166,-11.039,-11.6607,-10.6648,8,a,No,No.
order_twin,data/twin_real/real_1500_00030.avi,1500,-1,1,0.0093,-9.9018,-9.8994,-11.7085,-10.8372,8,a,Yes,Yes.
bind_twin,data/twin_real/real_1500_00030.avi,1500,1,1,1.4571,-10.839,-11.9008,-12.581,-11.8384,8,a,Yes,Yes.
order_real,data/videos_real/int_1500ms/real_1500_00030_flip.avi,1500,1,1,0.5734,-9.9787,-9.8525,-11.7855,-10.9774,8,a,Yes,Yes.
order_real,data/videos_real/int_1500ms/real_1500_00042.avi,1500,1,1,0.2062,-9.9121,-9.9731,-11.4684,-9.7862,8,a,YES,YES.
order_rev,data/videos_real/int_1500ms/real_1500_00042.avi,1500,1,0,-0.6765,-8.747,-10.4964,-11.3054,-10.1213,8,a,NO,NO.
moved_real,data/videos_real/int_1500ms/real_1500_00042.avi,1500,1,0,-1.6014,-10.4941,-11.367,-11.6774,-9.619,8,a,NO,NO.
moved_twin,data/twin_real/real_1500_00042.avi,1500,0,0,-2.2491,-10.5067,-11.5046,-11.5657,-9.3816,8,a,NO,NO.
order_twin,data/twin_real/real_1500_00042.avi,1500,-1,0,-0.1128,-9.8534,-9.9761,-11.348,-9.6022,8,a,NO,NO.
bind_twin,data/twin_real/real_1500_00042.avi,1500,1,1,1.75,-10.0913,-11.5271,-12.022,-10.3391,8,a,Yes,Yes.
order_real,data/videos_real/int_1500ms/real_1500_00042_flip.avi,1500,0,1,0.3453,-9.8835,-9.9442,-11.4402,-9.8194,8,a,YES,YES.
order_real,data/videos_real/int_1500ms/real_1500_00054.avi,1500,1,0,0.0012,-9.8993,-10.0225,-11.6442,-10.7724,8,a,NO,NO.
order_rev,data/videos_real/int_1500ms/real_1500_00054.avi,1500,1,0,-0.0518,-8.2507,-10.4997,-11.8718,-10.8119,8,a,No,No.
moved_real,data/videos_real/int_1500ms/real_1500_00054.avi,1500,1,0,-1.3051,-10.3181,-11.1914,-11.7513,-10.5672,8,a,NO,NO.
moved_twin,data/twin_real/real_1500_00054.avi,1500,0,0,-1.3131,-10.1946,-11.1298,-11.5656,-10.4434,8,a,NO,NO.
order_twin,data/twin_real/real_1500_00054.avi,1500,-1,0,-0.3093,-9.8212,-9.9443,-11.5664,-10.6322,8,a,No,No.
bind_twin,data/twin_real/real_1500_00054.avi,1500,1,1,1.375,-10.0774,-11.5763,-11.8847,-11.1372,8,a,Yes,Yes.
order_real,data/videos_real/int_1500ms/real_1500_00054_flip.avi,1500,0,0,0.0015,-9.8972,-9.9586,-11.6424,-10.7707,8,a,No,No.
order_real,data/videos_real/int_1500ms/real_1500_00066.avi,1500,0,1,0.7122,-9.6327,-10.0685,-11.5635,-10.5681,8,a,YES,YES.
order_rev,data/videos_real/int_1500ms/real_1500_00066.avi,1500,0,0,0.0541,-8.376,-10.6879,-11.9332,-10.7496,8,a,NO,NO.
moved_real,data/videos_real/int_1500ms/real_1500_00066.avi,1500,1,0,-1.2476,-10.1496,-11.0856,-11.5816,-10.4614,8,a,NO,NO.
moved_twin,data/twin_real/real_1500_00066.avi,1500,0,0,-1.5137,-10.1073,-11.1057,-11.4782,-10.3567,8,a,NO,NO.
order_twin,data/twin_real/real_1500_00066.avi,1500,-1,1,0.1257,-9.5947,-9.9059,-11.4637,-10.4677,8,a,YES,YES.
bind_twin,data/twin_real/real_1500_00066.avi,1500,1,1,1.7046,-10.1011,-11.5375,-11.8455,-11.1612,8,a,Yes,Yes.
order_real,data/videos_real/int_1500ms/real_1500_00066_flip.avi,1500,1,1,0.962,-9.6195,-10.0557,-11.4885,-10.5553,8,a,YES,YES.
order_real,data/videos_real/int_1500ms/real_1500_00078.avi,1500,0,0,-1.0084,-9.8842,-10.3201,-11.4413,-10.6334,8,b,NO,NO.
order_rev,data/videos_real/int_1500ms/real_1500_00078.avi,1500,0,0,-0.8357,-8.5955,-10.4683,-11.2785,-10.5311,8,b,NO,NO.
moved_real,data/videos_real/int_1500ms/real_1500_00078.avi,1500,1,0,-1.5028,-9.8714,-11.1187,-10.9922,-10.3704,8,b,NO,NO.
moved_twin,data/twin_real/real_1500_00078.avi,1500,0,0,-1.7724,-9.6627,-11.0963,-10.9069,-10.2859,8,b,NO,NO.
order_twin,data/twin_real/real_1500_00078.avi,1500,-1,0,-1.2491,-9.8001,-10.4225,-11.4182,-10.6105,8,b,NO,NO.
bind_twin,data/twin_real/real_1500_00078.avi,1500,0,0,-3.9206,-10.3287,-11.7015,-11.8876,-11.5142,8,b,NO,NO.
order_real,data/videos_real/int_1500ms/real_1500_00078_flip.avi,1500,1,0,-0.9315,-9.873,-10.3704,-11.4294,-10.6218,8,b,NO,NO.
order_real,data/videos_real/int_1500ms/real_1500_00090.avi,1500,1,0,-1.2943,-10.0564,-10.1796,-11.6765,-10.6174,8,b,NO,NO.
order_rev,data/videos_real/int_1500ms/real_1500_00090.avi,1500,1,0,-0.9296,-8.7218,-10.9703,-12.0293,-10.8457,8,b,NO,NO.
moved_real,data/videos_real/int_1500ms/real_1500_00090.avi,1500,1,0,-0.9255,-10.1705,-10.9814,-11.6657,-10.4203,8,b,NO,NO.
moved_twin,data/twin_real/real_1500_00090.avi,1500,0,0,-1.8422,-10.2879,-11.2852,-11.5965,-10.4749,8,b,No,No.
order_twin,data/twin_real/real_1500_00090.avi,1500,-1,0,-1.5898,-10.109,-10.3563,-11.7289,-10.7944,8,b,NO,NO.
bind_twin,data/twin_real/real_1500_00090.avi,1500,0,0,-2.1718,-11.0192,-12.0804,-12.6407,-12.0183,8,b,No,No.
order_real,data/videos_real/int_1500ms/real_1500_00090_flip.avi,1500,0,0,-1.2943,-10.1185,-10.3039,-11.8003,-10.7414,8,b,NO,NO.
order_real,data/videos_real/int_1500ms/real_1500_00102.avi,1500,0,0,-0.2125,-9.7402,-9.9243,-11.4848,-10.3622,8,a,NO,NO.
order_rev,data/videos_real/int_1500ms/real_1500_00102.avi,1500,0,0,-0.9801,-8.1096,-10.4191,-11.1688,-10.2322,8,a,NO,NO.
moved_real,data/videos_real/int_1500ms/real_1500_00102.avi,1500,1,1,0.3081,-10.0343,-11.2801,-11.5906,-10.4069,8,a,YES,YES.
moved_twin,data/twin_real/real_1500_00102.avi,1500,0,0,-1.2304,-10.0431,-11.351,-11.2891,-10.2907,8,a,NO,NO.
order_twin,data/twin_real/real_1500_00102.avi,1500,-1,0,-0.436,-9.7748,-10.0845,-11.4583,-10.4598,8,a,NO,NO.
bind_twin,data/twin_real/real_1500_00102.avi,1500,1,1,2.0369,-10.3536,-12.1616,-12.3466,-11.787,8,a,YES,YES.
order_real,data/videos_real/int_1500ms/real_1500_00102_flip.avi,1500,1,0,-0.3107,-9.7598,-9.8815,-11.4419,-10.3198,8,a,NO,NO.
order_real,data/videos_real/int_1500ms/real_1500_00114.avi,1500,1,0,0.0005,-9.7037,-9.8273,-11.6985,-10.7639,8,b,NO,NO.
order_rev,data/videos_real/int_1500ms/real_1500_00114.avi,1500,1,0,-0.1596,-8.1008,-10.2868,-11.5968,-10.5992,8,b,NO,NO.
moved_real,data/videos_real/int_1500ms/real_1500_00114.avi,1500,1,0,-0.0442,-9.9665,-10.9646,-11.6492,-10.465,8,b,NO,NO.
moved_twin,data/twin_real/real_1500_00114.avi,1500,0,0,-1.419,-9.8257,-11.0106,-11.3215,-10.5109,8,b,NO,NO.
order_twin,data/twin_real/real_1500_00114.avi,1500,-1,0,-0.2494,-9.5892,-9.7116,-11.4584,-10.587,8,b,NO,NO.
bind_twin,data/twin_real/real_1500_00114.avi,1500,0,0,-0.4764,-10.0671,-11.1275,-11.8129,-11.1272,8,b,No,No.
order_real,data/videos_real/int_1500ms/real_1500_00114_flip.avi,1500,0,0,-0.0922,-9.7508,-9.8742,-11.7454,-10.7487,8,b,NO,NO.
order_real,data/videos_real/int_1500ms/real_1500_00126.avi,1500,0,1,0.3371,-9.7139,-9.8982,-11.3959,-10.5866,8,a,YES,YES.
order_rev,data/videos_real/int_1500ms/real_1500_00126.avi,1500,0,0,-0.4497,-7.7304,-10.4156,-11.3515,-10.4784,8,a,NO,NO.
moved_real,data/videos_real/int_1500ms/real_1500_00126.avi,1500,1,0,-1.0144,-10.3408,-11.3386,-11.8356,-10.6523,8,a,NO,NO.
moved_twin,data/twin_real/real_1500_00126.avi,1500,0,0,-2.3743,-10.0737,-11.5078,-11.507,-10.5715,8,a,NO,NO.
order_twin,data/twin_real/real_1500_00126.avi,1500,-1,0,-0.073,-9.4434,-9.876,-11.1872,-10.3782,8,a,NO,NO.
bind_twin,data/twin_real/real_1500_00126.avi,1500,1,1,2.5913,-10.3002,-12.0464,-12.2288,-11.8572,8,a,YES,YES.
order_real,data/videos_real/int_1500ms/real_1500_00126_flip.avi,1500,1,1,0.5006,-9.7501,-9.8716,-11.4318,-10.498,8,a,YES,YES.
order_real,data/videos_real/int_1500ms/real_1500_00138.avi,1500,1,0,-0.5901,-10.172,-9.7325,-11.7924,-10.9207,8,b,NO,NO.
order_rev,data/videos_real/int_1500ms/real_1500_00138.avi,1500,1,0,-0.4419,-8.8288,-10.7649,-11.8242,-10.8906,8,b,NO,NO.
moved_real,data/videos_real/int_1500ms/real_1500_00138.avi,1500,1,1,0.694,-10.3617,-10.8608,-11.9815,-10.8608,8,b,Yes,Yes.
moved_twin,data/twin_real/real_1500_00138.avi,1500,0,0,-1.1238,-10.1738,-10.9838,-11.6687,-10.5474,8,b,NO,NO.
order_twin,data/twin_real/real_1500_00138.avi,1500,-1,0,-0.9763,-10.0068,-9.7544,-11.6898,-10.7554,8,b,NO,NO.
bind_twin,data/twin_real/real_1500_00138.avi,1500,0,0,-2.0367,-11.178,-11.9269,-12.6751,-12.052,8,b,No,No.
order_real,data/videos_real/int_1500ms/real_1500_00138_flip.avi,1500,0,0,-0.6466,-10.2142,-9.8366,-11.8969,-10.9627,8,b,NO,NO.
order_real,data/videos_real/int_1500ms/real_1500_00150.avi,1500,0,0,-0.1246,-9.685,-10.1194,-11.4299,-10.5582,8,a,NO,NO.
order_rev,data/videos_real/int_1500ms/real_1500_00150.avi,1500,0,0,-0.5347,-7.951,-10.4487,-11.198,-10.2618,8,a,NO,NO.
moved_real,data/videos_real/int_1500ms/real_1500_00150.avi,1500,1,0,-0.8733,-9.7166,-11.0878,-11.2118,-10.2156,8,a,NO,NO.
moved_twin,data/twin_real/real_1500_00150.avi,1500,0,0,-2.0089,-9.8363,-11.3322,-11.1443,-10.3968,8,a,NO,NO.
order_twin,data/twin_real/real_1500_00150.avi,1500,-1,0,-0.2762,-9.4007,-9.9598,-11.1459,-10.3982,8,a,NO,NO.
bind_twin,data/twin_real/real_1500_00150.avi,1500,1,1,3.3335,-9.8256,-12.2572,-12.1311,-11.756,8,a,YES,YES.
order_real,data/videos_real/int_1500ms/real_1500_00150_flip.avi,1500,1,0,-0.1486,-9.5495,-10.0462,-11.3566,-10.4849,8,a,NO,NO.
order_real,data/videos_real/int_1500ms/real_1500_00162.avi,1500,0,0,-0.2258,-9.9617,-9.8357,-11.8312,-10.7732,8,b,NO,NO.
order_rev,data/videos_real/int_1500ms/real_1500_00162.avi,1500,0,0,-2.5139,-9.2333,-11.0441,-12.2286,-10.9822,8,b,NO,NO.
moved_real,data/videos_real/int_1500ms/real_1500_00162.avi,1500,1,1,3.5982,-11.1207,-12.1213,-12.6761,-11.7433,8,b,YES,YES.
moved_twin,data/twin_real/real_1500_00162.avi,1500,0,0,-0.6113,-10.141,-11.0762,-11.6365,-10.5151,8,b,NO,NO.
order_twin,data/twin_real/real_1500_00162.avi,1500,-1,0,-0.487,-9.817,-9.7518,-11.7482,-10.69,8,b,NO,NO.
bind_twin,data/twin_real/real_1500_00162.avi,1500,0,0,-1.6584,-11.3487,-12.1599,-12.9073,-12.0984,8,b,No,No.
order_real,data/videos_real/int_1500ms/real_1500_00162_flip.avi,1500,1,1,0.3011,-10.0862,-9.8977,-12.0169,-10.9598,8,b,YES,YES.
order_real,data/videos_real/int_1500ms/real_1500_00174.avi,1500,1,1,0.435,-10.1089,-10.5432,-11.6674,-11.0436,8,a,YES,YES.
order_rev,data/videos_real/int_1500ms/real_1500_00174.avi,1500,1,0,-0.1539,-8.7893,-10.7251,-11.5366,-10.8497,8,a,NO,NO.
moved_real,data/videos_real/int_1500ms/real_1500_00174.avi,1500,1,0,-0.7776,-10.3253,-11.5098,-11.7585,-10.8859,8,a,NO,NO.
moved_twin,data/twin_real/real_1500_00174.avi,1500,0,0,-0.7865,-10.2986,-11.5452,-11.6703,-10.9217,8,a,NO,NO.
order_twin,data/twin_real/real_1500_00174.avi,1500,-1,0,-0.186,-9.935,-10.4944,-11.5567,-11.0565,8,a,NO,NO.
bind_twin,data/twin_real/real_1500_00174.avi,1500,1,1,2.4991,-10.432,-12.1777,-12.2377,-12.2368,8,a,YES,YES.
order_real,data/videos_real/int_1500ms/real_1500_00174_flip.avi,1500,0,1,0.2503,-10.1264,-10.4369,-11.6231,-10.9989,8,a,YES,YES.
order_real,data/videos_real/int_1500ms/real_1500_00186.avi,1500,1,1,0.5004,-9.9339,-10.1186,-11.2405,-10.9315,8,a,YES,YES.
order_rev,data/videos_real/int_1500ms/real_1500_00186.avi,1500,1,1,0.3848,-8.4688,-10.7163,-11.1513,-10.6543,8,a,YES,YES.
moved_real,data/videos_real/int_1500ms/real_1500_00186.avi,1500,1,1,0.2958,-10.2245,-11.3453,-11.6555,-10.7853,8,a,YES,YES.
moved_twin,data/twin_real/real_1500_00186.avi,1500,0,0,-1.874,-10.1021,-11.3475,-11.2226,-10.537,8,a,NO,NO.
order_twin,data/twin_real/real_1500_00186.avi,1500,-1,0,-0.1566,-9.7569,-10.1279,-11.2502,-10.6909,8,a,NO,NO.
bind_twin,data/twin_real/real_1500_00186.avi,1500,1,1,3.1553,-9.9695,-12.0245,-12.0784,-11.5837,8,a,YES,YES.
order_real,data/videos_real/int_1500ms/real_1500_00186_flip.avi,1500,0,1,0.3756,-10.0937,-10.2788,-11.525,-10.9667,8,a,YES,YES.
order_real,data/videos_real/int_1500ms/real_1500_00198.avi,1500,1,0,-0.4435,-10.1031,-10.1639,-11.5364,-10.9138,8,b,NO,NO.
order_rev,data/videos_real/int_1500ms/real_1500_00198.avi,1500,1,0,0.0454,-9.2446,-10.5568,-11.5539,-11.0561,8,b,NO,NO.
moved_real,data/videos_real/int_1500ms/real_1500_00198.avi,1500,1,0,-0.8095,-10.1974,-11.5077,-11.6312,-10.8842,8,b,NO,NO.
moved_twin,data/twin_real/real_1500_00198.avi,1500,0,0,-1.6545,-10.0324,-11.5293,-11.3416,-10.7187,8,b,NO,NO.
order_twin,data/twin_real/real_1500_00198.avi,1500,-1,0,-0.6615,-9.8442,-10.0296,-11.2161,-10.7173,8,b,NO,NO.
bind_twin,data/twin_real/real_1500_00198.avi,1500,0,0,-3.3318,-11.0479,-12.3586,-12.5453,-12.2971,8,b,No,No.
order_real,data/videos_real/int_1500ms/real_1500_00198_flip.avi,1500,0,0,-0.5363,-10.1314,-10.005,-11.5027,-10.8177,8,b,NO,NO.
order_real,data/videos_real/int_1500ms/real_1500_00210.avi,1500,0,0,-1.0632,-10.251,-10.436,-11.9331,-10.8743,8,b,NO,NO.
order_rev,data/videos_real/int_1500ms/real_1500_00210.avi,1500,0,0,-1.1961,-8.2969,-10.9203,-11.7915,-10.6703,8,b,No,No.
moved_real,data/videos_real/int_1500ms/real_1500_00210.avi,1500,1,0,-1.0791,-10.4812,-11.5408,-11.9757,-10.6062,8,b,No,No.
moved_twin,data/twin_real/real_1500_00210.avi,1500,0,0,-1.6657,-10.551,-11.6113,-11.8589,-10.5507,8,b,No,No.
order_twin,data/twin_real/real_1500_00210.avi,1500,-1,0,-1.3095,-10.2556,-10.566,-12.0001,-11.0035,8,b,No,No.
bind_twin,data/twin_real/real_1500_00210.avi,1500,0,0,-3.1991,-11.2422,-11.9909,-12.5518,-11.9289,8,b,No,No.
order_real,data/videos_real/int_1500ms/real_1500_00210_flip.avi,1500,1,0,-1.1884,-10.3447,-10.4679,-12.0264,-10.9679,8,b,NO,NO.
order_real,data/videos_real/int_1500ms/real_1500_00222.avi,1500,0,1,0.5012,-9.8354,-10.2086,-11.1444,-10.9577,8,a,YES,YES.
order_rev,data/videos_real/int_1500ms/real_1500_00222.avi,1500,0,0,-0.3007,-8.878,-10.6893,-11.2504,-10.8757,8,a,NO,NO.
moved_real,data/videos_real/int_1500ms/real_1500_00222.avi,1500,1,0,-0.4515,-10.2231,-11.3456,-11.2827,-10.7848,8,a,NO,NO.
moved_twin,data/twin_real/real_1500_00222.avi,1500,0,0,-1.3294,-10.0264,-11.5232,-11.0868,-10.7126,8,a,NO,NO.
order_twin,data/twin_real/real_1500_00222.avi,1500,-1,0,0.1261,-9.7483,-10.3707,-11.0579,-10.9328,8,a,NO,NO.
bind_twin,data/twin_real/real_1500_00222.avi,1500,1,1,0.8896,-10.0447,-11.5429,-11.4795,-11.667,8,a,Yes,Yes.
order_real,data/videos_real/int_1500ms/real_1500_00222_flip.avi,1500,1,1,0.9045,-9.9431,-10.2539,-11.3144,-11.0034,8,a,YES,YES.
order_real,data/videos_real/int_1500ms/real_1500_00234.avi,1500,0,0,-1.684,-10.191,-10.1887,-11.7492,-9.8153,8,b,NO,NO.
order_rev,data/videos_real/int_1500ms/real_1500_00234.avi,1500,0,0,-1.5631,-8.8347,-10.8955,-11.6442,-9.9591,8,b,No,No.
moved_real,data/videos_real/int_1500ms/real_1500_00234.avi,1500,1,0,-1.2821,-10.5131,-11.386,-12.0713,-10.6999,8,b,NO,NO.
moved_twin,data/twin_real/real_1500_00234.avi,1500,0,0,-2.5557,-10.904,-11.9643,-12.2134,-10.9658,8,b,NO,NO.
order_twin,data/twin_real/real_1500_00234.avi,1500,-1,0,-2.0214,-10.1711,-10.2934,-11.667,-9.6703,8,b,NO,NO.
bind_twin,data/twin_real/real_1500_00234.avi,1500,0,0,-1.6545,-10.9438,-11.7548,-12.6891,-11.7552,8,b,No,No.
order_real,data/videos_real/int_1500ms/real_1500_00234_flip.avi,1500,1,0,-1.7256,-10.1637,-10.1612,-11.7218,-9.8506,8,b,NO,NO.
order_real,data/videos_real/int_1500ms/real_1500_00246.avi,1500,0,0,-2.6227,-10.3606,-10.2963,-11.67,-10.9225,8,a,NO,NO.
order_real,data/videos_real/int_1500ms/real_1500_00246_flip.avi,1500,1,0,-2.4868,-10.2843,-10.2197,-11.5937,-10.8463,8,a,NO,NO.
order_real,data/videos_real/int_1500ms/real_1500_00258.avi,1500,0,1,0.2826,-9.7583,-10.0691,-11.4389,-10.8186,8,a,YES,YES.
order_real,data/videos_real/int_1500ms/real_1500_00258_flip.avi,1500,1,1,0.2857,-9.7305,-10.0412,-11.4731,-10.7907,8,a,YES,YES.
order_real,data/videos_real/int_1500ms/real_1500_00270.avi,1500,1,1,1.4626,-10.1259,-10.1879,-11.6814,-9.8756,8,a,YES,YES.
order_real,data/videos_real/int_1500ms/real_1500_00270_flip.avi,1500,0,1,1.3754,-10.1799,-10.3039,-11.6729,-9.9921,8,a,YES,YES.
order_real,data/videos_real/int_1500ms/real_1500_00282.avi,1500,1,0,0.056,-10.016,-10.0772,-11.4494,-11.0139,8,b,NO,NO.
order_real,data/videos_real/int_1500ms/real_1500_00282_flip.avi,1500,0,0,-0.278,-9.9475,-10.1333,-11.444,-10.9461,8,b,NO,NO.
order_real,data/videos_real/int_1500ms/real_1500_00294.avi,1500,1,0,-0.624,-9.9558,-10.2652,-11.8881,-10.7038,8,b,NO,NO.
order_real,data/videos_real/int_1500ms/real_1500_00294_flip.avi,1500,0,0,-0.6236,-9.9185,-10.1659,-11.8507,-10.6666,8,b,NO,NO.
order_real,data/videos_real/int_1500ms/real_1500_00306.avi,1500,1,1,0.2927,-10.0583,-10.1819,-11.8029,-10.744,8,a,YES,YES.
order_real,data/videos_real/int_1500ms/real_1500_00306_flip.avi,1500,0,0,0.0427,-9.986,-10.1717,-11.793,-10.6717,8,a,NO,NO.
order_real,data/videos_real/int_1500ms/real_1500_00318.avi,1500,0,0,-0.7627,-10.1451,-9.7063,-11.8283,-10.8316,8,a,No,No.
order_real,data/videos_real/int_1500ms/real_1500_00318_flip.avi,1500,1,0,-0.6376,-10.1244,-9.7482,-11.8076,-10.8107,8,a,No,No.
order_real,data/videos_real/int_1500ms/real_1500_00330.avi,1500,0,0,-1.4416,-10.052,-10.1122,-11.6727,-10.5506,8,a,NO,NO.
order_real,data/videos_real/int_1500ms/real_1500_00330_flip.avi,1500,1,0,-1.317,-10.0143,-10.0747,-11.6348,-10.5132,8,a,NO,NO.
order_real,data/videos_real/int_1500ms/real_1500_00342.avi,1500,0,0,-0.2328,-10.5341,-10.2201,-11.9661,-10.4711,8,b,NO,NO.
order_real,data/videos_real/int_1500ms/real_1500_00342_flip.avi,1500,1,0,-0.6077,-10.8219,-10.4455,-12.1292,-10.696,8,b,NO,NO.
order_real,data/videos_real/int_1500ms/real_1500_00354.avi,1500,1,1,0.5391,-9.9843,-9.9207,-11.6024,-9.4205,8,a,YES,YES.
order_real,data/videos_real/int_1500ms/real_1500_00354_flip.avi,1500,0,1,0.3312,-9.797,-9.8577,-11.4155,-9.2958,8,a,YES,YES.
order_real,data/videos_real/int_1500ms/real_1500_00366.avi,1500,1,0,-0.3549,-9.8298,-10.1406,-11.2642,-10.3915,8,a,NO,NO.
order_real,data/videos_real/int_1500ms/real_1500_00366_flip.avi,1500,0,0,-0.2083,-9.7688,-10.0798,-11.2038,-10.3304,8,a,NO,NO.
order_real,data/videos_real/int_1500ms/real_1500_00378.avi,1500,0,0,-2.1238,-10.2166,-10.7739,-11.774,-10.715,8,b,NO,NO.
order_real,data/videos_real/int_1500ms/real_1500_00378_flip.avi,1500,1,0,-1.4987,-10.1057,-10.5383,-11.7872,-10.6665,8,b,NO,NO.
order_real,data/videos_real/int_1500ms/real_1500_00390.avi,1500,1,0,-0.6307,-10.201,-10.1364,-11.4455,-10.1999,8,a,NO,NO.
order_real,data/videos_real/int_1500ms/real_1500_00390_flip.avi,1500,0,0,-0.4183,-10.1468,-10.0826,-11.4539,-10.1461,8,a,No,No.
order_real,data/videos_real/int_1500ms/real_1500_00402.avi,1500,1,0,-0.8086,-9.8879,-10.0113,-11.8832,-10.8866,8,b,NO,NO.
order_real,data/videos_real/int_1500ms/real_1500_00402_flip.avi,1500,0,0,-0.6536,-9.918,-10.1035,-11.8515,-10.7922,8,b,NO,NO.
order_real,data/videos_real/int_1500ms/real_1500_00414.avi,1500,0,0,-0.6955,-10.4969,-10.4952,-12.1776,-11.058,8,b,NO,NO.
order_real,data/videos_real/int_1500ms/real_1500_00414_flip.avi,1500,1,0,-0.8202,-10.5197,-10.5182,-12.1382,-11.0811,8,b,NO,NO.
order_real,data/videos_real/int_1500ms/real_1500_00426.avi,1500,1,1,0.4391,-9.8205,-10.3177,-11.1875,-10.8183,8,a,YES,YES.
order_real,data/videos_real/int_1500ms/real_1500_00426_flip.avi,1500,0,1,0.4685,-9.7752,-10.2725,-11.1422,-10.773,8,a,YES,YES.
order_real,data/videos_real/int_1500ms/real_1500_00438.avi,1500,1,0,-0.4624,-9.6875,-9.5611,-11.5585,-10.561,8,b,NO,NO.
order_real,data/videos_real/int_1500ms/real_1500_00438_flip.avi,1500,0,0,-0.7701,-9.8012,-9.675,-11.672,-10.6746,8,b,NO,NO.
order_real,data/videos_real/int_1500ms/real_1500_00450.avi,1500,0,1,0.1813,-9.7712,-10.0192,-11.4522,-10.7696,8,a,YES,YES.
order_real,data/videos_real/int_1500ms/real_1500_00450_flip.avi,1500,1,1,0.2855,-9.7922,-10.2271,-11.2876,-10.9774,8,a,YES,YES.
order_real,data/videos_real/int_1500ms/real_1500_00462.avi,1500,0,0,-0.4313,-9.9787,-9.9146,-11.725,-10.7896,8,b,NO,NO.
order_real,data/videos_real/int_1500ms/real_1500_00462_flip.avi,1500,1,0,-0.2934,-9.978,-9.8516,-11.7235,-10.7884,8,b,NO,NO.
order_real,data/videos_real/int_1500ms/real_1500_00474.avi,1500,0,0,-0.1468,-9.7967,-9.9821,-11.4791,-10.3574,8,a,NO,NO.
order_real,data/videos_real/int_1500ms/real_1500_00474_flip.avi,1500,1,0,-0.1996,-9.834,-10.0193,-11.4545,-10.3943,8,a,NO,NO.
order_real,data/videos_real/int_1500ms/real_1500_00486.avi,1500,0,0,-0.8382,-9.8096,-9.871,-11.6798,-10.6199,8,b,NO,NO.
order_real,data/videos_real/int_1500ms/real_1500_00486_flip.avi,1500,1,0,-0.8831,-9.797,-9.9206,-11.6667,-10.6069,8,b,NO,NO.
order_real,data/videos_real/int_1500ms/real_1500_00498.avi,1500,1,0,-0.2719,-10.1114,-9.9851,-11.7935,-10.6732,8,b,NO,NO.
order_real,data/videos_real/int_1500ms/real_1500_00498_flip.avi,1500,0,0,-0.3207,-10.0764,-10.0746,-11.8206,-10.7006,8,b,NO,NO.
order_real,data/videos_real/int_1500ms/real_1500_00510.avi,1500,0,0,-0.7941,-10.3082,-10.2448,-12.1162,-10.9948,8,b,NO,NO.
order_real,data/videos_real/int_1500ms/real_1500_00510_flip.avi,1500,1,0,-0.9414,-10.3469,-10.2216,-12.093,-11.0337,8,b,NO,NO.
order_real,data/videos_real/int_1500ms/real_1500_00522.avi,1500,1,0,-0.8742,-9.8318,-10.2659,-11.5749,-10.5794,8,b,NO,NO.
order_real,data/videos_real/int_1500ms/real_1500_00522_flip.avi,1500,0,0,-1.0315,-9.8817,-10.3155,-11.6254,-10.6914,8,b,NO,NO.
order_real,data/videos_real/int_1500ms/real_1500_00534.avi,1500,1,0,-0.6919,-10.1782,-9.4892,-11.9224,-10.8013,8,b,NO,NO.
order_real,data/videos_real/int_1500ms/real_1500_00534_flip.avi,1500,0,0,-0.7036,-10.06,-9.4337,-11.8662,-10.683,8,b,NO,NO.
order_real,data/videos_real/int_1500ms/real_1500_00546.avi,1500,0,1,0.3528,-10.2418,-10.1149,-11.7348,-10.5534,8,a,YES,YES.
order_real,data/videos_real/int_1500ms/real_1500_00546_flip.avi,1500,1,1,0.6257,-10.1473,-10.0197,-11.7015,-10.5203,8,a,YES,YES.
order_real,data/videos_real/int_1500ms/real_1500_00558.avi,1500,0,0,-1.1797,-10.2837,-10.2195,-11.9034,-10.7826,8,a,NO,NO.
order_real,data/videos_real/int_1500ms/real_1500_00558_flip.avi,1500,1,0,-1.5781,-10.2827,-10.2185,-11.8406,-10.719,8,a,NO,NO.
order_real,data/videos_real/int_1500ms/real_1500_00570.avi,1500,0,0,-0.6461,-10.3381,-10.2119,-11.8319,-10.3372,8,b,NO,NO.
order_real,data/videos_real/int_1500ms/real_1500_00570_flip.avi,1500,1,0,-0.4492,-10.1625,-10.0362,-11.7188,-10.099,8,b,NO,NO.
order_real,data/videos_real/int_1500ms/real_1500_00582.avi,1500,0,0,-0.0369,-10.0697,-9.9439,-11.7532,-10.8188,8,a,NO,NO.
order_real,data/videos_real/int_1500ms/real_1500_00582_flip.avi,1500,1,0,-0.1126,-10.0956,-9.97,-11.7787,-10.8446,8,a,NO,NO.
order_real,data/videos_real/int_1500ms/real_1500_00594.avi,1500,1,0,0.068,-10.0789,-10.4512,-11.4488,-11.0761,8,a,NO,NO.
order_real,data/videos_real/int_1500ms/real_1500_00594_flip.avi,1500,0,1,0.2925,-9.9326,-10.2418,-11.4257,-10.9292,8,a,YES,YES.
order_real,data/videos_real/int_2000ms/real_2000_00007.avi,2000,1,0,-0.1696,-10.1624,-10.3466,-11.7805,-10.659,8,a,NO,NO.
order_rev,data/videos_real/int_2000ms/real_2000_00007.avi,2000,1,0,-0.7485,-8.5328,-11.0305,-11.7154,-10.5934,8,a,No,No.
moved_real,data/videos_real/int_2000ms/real_2000_00007.avi,2000,1,0,-0.688,-10.3667,-11.3628,-11.7362,-10.5527,8,a,No,No.
moved_twin,data/twin_real/real_2000_00007.avi,2000,0,0,-1.3171,-10.5777,-11.5743,-11.7604,-10.6384,8,a,No,No.
order_twin,data/twin_real/real_2000_00007.avi,2000,-1,0,-0.2828,-10.2745,-10.5204,-11.8299,-10.7089,8,a,NO,NO.
bind_twin,data/twin_real/real_2000_00007.avi,2000,1,1,2.9309,-10.4981,-12.0576,-12.5522,-11.6807,8,a,Yes,Yes.
order_real,data/videos_real/int_2000ms/real_2000_00007_flip.avi,2000,0,0,-0.423,-10.1667,-10.4138,-11.785,-10.6638,8,a,NO,NO.
order_real,data/videos_real/int_2000ms/real_2000_00019.avi,2000,1,0,0.0395,-9.7629,-9.9492,-11.5063,-10.5108,8,a,NO,NO.
order_rev,data/videos_real/int_2000ms/real_2000_00019.avi,2000,1,0,-1.2069,-8.5373,-10.7856,-11.7191,-10.4726,8,a,NO,NO.
moved_real,data/videos_real/int_2000ms/real_2000_00019.avi,2000,1,0,-1.0079,-10.1957,-11.0689,-11.8146,-10.4449,8,a,NO,NO.
moved_twin,data/twin_real/real_2000_00019.avi,2000,0,0,-1.3352,-10.3408,-11.0896,-11.7733,-10.4646,8,a,NO,NO.
order_twin,data/twin_real/real_2000_00019.avi,2000,-1,0,0.001,-9.7239,-9.9718,-11.4045,-10.4087,8,a,NO,NO.
bind_twin,data/twin_real/real_2000_00019.avi,2000,1,1,1.6971,-10.3178,-11.7552,-12.1241,-11.3151,8,a,Yes,Yes.
order_real,data/videos_real/int_2000ms/real_2000_00019_flip.avi,2000,0,1,0.2509,-9.6674,-9.916,-11.349,-10.415,8,a,YES,YES.
order_real,data/videos_real/int_2000ms/real_2000_00031.avi,2000,0,0,-1.3659,-10.4915,-10.4897,-12.0487,-10.8657,8,a,No,No.
order_rev,data/videos_real/int_2000ms/real_2000_00031.avi,2000,0,0,-1.0442,-8.0375,-10.7229,-11.7201,-10.7847,8,a,No,No.
moved_real,data/videos_real/int_2000ms/real_2000_00031.avi,2000,1,0,-2.8291,-10.9369,-11.8721,-12.1831,-10.8119,8,a,No,No.
moved_twin,data/twin_real/real_2000_00031.avi,2000,0,0,-2.7393,-10.9424,-11.8154,-12.1886,-10.8171,8,a,No,No.
order_twin,data/twin_real/real_2000_00031.avi,2000,-1,0,-1.2488,-10.272,-10.4573,-11.9542,-10.7084,8,a,No,No.
bind_twin,data/twin_real/real_2000_00031.avi,2000,1,1,2.7044,-9.7488,-11.3723,-12.0566,-11.2452,8,a,Yes,Yes.
order_real,data/videos_real/int_2000ms/real_2000_00031_flip.avi,2000,1,0,-1.3172,-10.3855,-10.4458,-12.0052,-10.8219,8,a,No,No.
order_real,data/videos_real/int_2000ms/real_2000_00043.avi,2000,1,0,-1.1073,-10.4259,-10.2371,-12.1708,-10.9868,8,b,NO,NO.
order_rev,data/videos_real/int_2000ms/real_2000_00043.avi,2000,1,0,-1.1907,-8.3515,-10.6618,-11.8458,-10.6618,8,b,NO,NO.
moved_real,data/videos_real/int_2000ms/real_2000_00043.avi,2000,1,0,-1.2603,-10.3944,-11.2046,-11.9521,-10.7066,8,b,No,No.
moved_twin,data/twin_real/real_2000_00043.avi,2000,0,0,-1.909,-10.6796,-11.4898,-12.1756,-10.9913,8,b,No,No.
order_twin,data/twin_real/real_2000_00043.avi,2000,-1,0,-1.418,-10.298,-10.1715,-11.9802,-10.8586,8,b,No,No.
bind_twin,data/twin_real/real_2000_00043.avi,2000,0,0,-0.7977,-11.3734,-12.1223,-12.8696,-12.1851,8,b,No,No.
order_real,data/videos_real/int_2000ms/real_2000_00043_flip.avi,2000,0,0,-1.2322,-10.4582,-10.2698,-12.2031,-11.0194,8,b,NO,NO.
order_real,data/videos_real/int_2000ms/real_2000_00055.avi,2000,1,0,-0.4484,-10.4115,-10.0977,-11.8442,-10.3489,8,a,NO,NO.
order_rev,data/videos_real/int_2000ms/real_2000_00055.avi,2000,1,0,-0.9182,-9.2844,-10.7839,-11.968,-10.5963,8,a,No,No.
moved_real,data/videos_real/int_2000ms/real_2000_00055.avi,2000,1,0,-0.8682,-10.7988,-11.3598,-12.0443,-11.0488,8,a,No,No.
moved_twin,data/twin_real/real_2000_00055.avi,2000,0,0,-2.0773,-10.8799,-11.69,-12.0009,-11.0041,8,a,No,No.
order_twin,data/twin_real/real_2000_00055.avi,2000,-1,0,-1.2788,-10.309,-9.9317,-11.6177,-9.9336,8,a,NO,NO.
bind_twin,data/twin_real/real_2000_00055.avi,2000,1,0,-0.2721,-11.5508,-12.362,-13.1703,-12.3627,8,a,No,No.
order_real,data/videos_real/int_2000ms/real_2000_00055_flip.avi,2000,0,0,-0.7367,-10.3483,-9.9724,-11.781,-10.1609,8,a,NO,NO.
order_real,data/videos_real/int_2000ms/real_2000_00067.avi,2000,1,0,-0.351,-10.0968,-9.7832,-11.7173,-10.0961,8,a,NO,NO.
order_rev,data/videos_real/int_2000ms/real_2000_00067.avi,2000,1,0,-0.5931,-8.5996,-10.4738,-11.6582,-9.7865,8,a,No,No.
moved_real,data/videos_real/int_2000ms/real_2000_00067.avi,2000,1,0,-2.2175,-10.5692,-11.6291,-12.1895,-10.8188,8,a,No,No.
moved_twin,data/twin_real/real_2000_00067.avi,2000,0,0,-2.0856,-10.6583,-11.5939,-12.2786,-10.9079,8,a,No,No.
order_twin,data/twin_real/real_2000_00067.avi,2000,-1,0,-0.2261,-10.0262,-9.7753,-11.647,-9.963,8,a,NO,NO.
bind_twin,data/twin_real/real_2000_00067.avi,2000,1,1,0.8277,-10.7265,-11.8499,-12.5955,-11.6003,8,a,Yes,Yes.
order_real,data/videos_real/int_2000ms/real_2000_00067_flip.avi,2000,0,0,-0.0593,-10.1848,-9.8716,-11.7427,-10.1843,8,a,NO,NO.
order_real,data/videos_real/int_2000ms/real_2000_00079.avi,2000,0,0,-0.6541,-10.0453,-9.9813,-11.5402,-9.4824,8,b,NO,NO.
order_rev,data/videos_real/int_2000ms/real_2000_00079.avi,2000,0,0,-1.1798,-9.0338,-10.7827,-11.7799,-10.2835,8,b,No,No.
moved_real,data/videos_real/int_2000ms/real_2000_00079.avi,2000,1,0,-0.9651,-10.4905,-11.0514,-11.674,-9.4281,8,b,NO,NO.
moved_twin,data/twin_real/real_2000_00079.avi,2000,0,0,-1.8893,-10.6085,-11.232,-11.605,-9.2959,8,b,NO,NO.
order_twin,data/twin_real/real_2000_00079.avi,2000,-1,0,-1.0746,-10.0307,-10.0287,-11.526,-9.5298,8,b,NO,NO.
bind_twin,data/twin_real/real_2000_00079.avi,2000,0,0,-0.5534,-11.0977,-11.6594,-12.4071,-11.1597,8,b,No,No.
order_real,data/videos_real/int_2000ms/real_2000_00079_flip.avi,2000,1,0,-0.6122,-10.0178,-9.9536,-11.5124,-9.517,8,b,NO,NO.
order_real,data/videos_real/int_2000ms/real_2000_00091.avi,2000,1,0,-0.4498,-9.9775,-10.1627,-11.8453,-10.8513,8,a,NO,NO.
order_rev,data/videos_real/int_2000ms/real_2000_00091.avi,2000,1,1,0.0164,-8.3405,-10.9015,-12.0842,-10.9643,8,a,Yes,Yes.
moved_real,data/videos_real/int_2000ms/real_2000_00091.avi,2000,1,0,-2.4759,-10.7914,-11.8515,-12.1604,-10.9786,8,a,No,No.
moved_twin,data/twin_real/real_2000_00091.avi,2000,0,0,-2.7413,-10.6431,-11.8903,-12.013,-11.017,8,a,No,No.
order_twin,data/twin_real/real_2000_00091.avi,2000,-1,0,-1.124,-9.7891,-10.0989,-11.5946,-10.7246,8,a,NO,NO.
bind_twin,data/twin_real/real_2000_00091.avi,2000,1,1,2.4998,-10.2551,-11.7524,-12.1785,-11.6241,8,a,Yes,Yes.
order_real,data/videos_real/int_2000ms/real_2000_00091_flip.avi,2000,0,0,-0.6542,-10.0455,-10.1685,-11.8513,-10.8567,8,a,NO,NO.
order_real,data/videos_real/int_2000ms/real_2000_00103.avi,2000,0,0,-0.9993,-9.7352,-10.0456,-11.4194,-10.6712,8,b,NO,NO.
order_rev,data/videos_real/int_2000ms/real_2000_00103.avi,2000,0,0,-1.6245,-8.5069,-10.7548,-11.5042,-10.6929,8,b,NO,NO.
moved_real,data/videos_real/int_2000ms/real_2000_00103.avi,2000,1,0,-0.7156,-9.8275,-11.0124,-11.3235,-10.3265,8,b,NO,NO.
moved_twin,data/twin_real/real_2000_00103.avi,2000,0,0,-1.3133,-9.954,-11.3874,-11.4488,-10.3897,8,b,NO,NO.
order_twin,data/twin_real/real_2000_00103.avi,2000,-1,0,-0.9994,-9.7981,-10.1705,-11.4183,-10.5464,8,b,NO,NO.
bind_twin,data/twin_real/real_2000_00103.avi,2000,0,0,-3.5783,-10.6652,-11.7884,-12.1627,-11.6013,8,b,No,No.
order_real,data/videos_real/int_2000ms/real_2000_00103_flip.avi,2000,1,0,-0.9672,-9.683,-10.0557,-11.304,-10.6186,8,b,NO,NO.
order_real,data/videos_real/int_2000ms/real_2000_00115.avi,2000,1,0,-0.5631,-10.0911,-10.1523,-11.7103,-10.7147,8,b,NO,NO.
order_rev,data/videos_real/int_2000ms/real_2000_00115.avi,2000,1,0,-1.1952,-8.5476,-10.9201,-11.7299,-10.4834,8,b,NO,NO.
moved_real,data/videos_real/int_2000ms/real_2000_00115.avi,2000,1,0,-0.4535,-10.3021,-11.0511,-11.7345,-10.4886,8,b,NO,NO.
moved_twin,data/twin_real/real_2000_00115.avi,2000,0,0,-1.029,-10.3043,-10.9282,-11.5504,-10.4902,8,b,NO,NO.
order_twin,data/twin_real/real_2000_00115.avi,2000,-1,0,-0.7488,-10.0286,-10.0273,-11.7091,-10.6519,8,b,No,No.
bind_twin,data/twin_real/real_2000_00115.avi,2000,0,0,-1.4467,-10.7159,-11.777,-12.3371,-11.5898,8,b,No,No.
order_real,data/videos_real/int_2000ms/real_2000_00115_flip.avi,2000,0,0,-0.563,-10.0287,-10.0275,-11.7108,-10.7149,8,b,NO,NO.
order_real,data/videos_real/int_2000ms/real_2000_00127.avi,2000,0,0,-0.7863,-9.677,-9.7375,-11.4847,-10.6124,8,b,NO,NO.
order_rev,data/videos_real/int_2000ms/real_2000_00127.avi,2000,0,0,-1.2945,-8.604,-10.5399,-11.5376,-10.5405,8,b,NO,NO.
moved_real,data/videos_real/int_2000ms/real_2000_00127.avi,2000,1,0,-1.9375,-10.2697,-11.0792,-11.4527,-10.5187,8,b,NO,NO.
moved_twin,data/twin_real/real_2000_00127.avi,2000,0,0,-2.7375,-10.4584,-11.1435,-11.5792,-10.645,8,b,NO,NO.
order_twin,data/twin_real/real_2000_00127.avi,2000,-1,0,-1.268,-9.6696,-9.6676,-11.4775,-10.5426,8,b,NO,NO.
bind_twin,data/twin_real/real_2000_00127.avi,2000,0,0,-2.3727,-10.6902,-11.5009,-12.3117,-11.6264,8,b,No,No.
order_real,data/videos_real/int_2000ms/real_2000_00127_flip.avi,2000,1,0,-0.9315,-9.6266,-9.6873,-11.5587,-10.6244,8,b,NO,NO.
order_real,data/videos_real/int_2000ms/real_2000_00139.avi,2000,1,1,0.7124,-9.825,-9.9475,-11.4442,-10.2613,8,a,YES,YES.
order_rev,data/videos_real/int_2000ms/real_2000_00139.avi,2000,1,0,-0.2024,-8.4124,-10.5988,-11.721,-10.5984,8,a,NO,NO.
moved_real,data/videos_real/int_2000ms/real_2000_00139.avi,2000,1,0,-1.1691,-10.1473,-11.1446,-11.3308,-10.2093,8,a,NO,NO.
moved_twin,data/twin_real/real_2000_00139.avi,2000,0,0,-1.1243,-10.0191,-11.2035,-11.2651,-10.2057,8,a,NO,NO.
order_twin,data/twin_real/real_2000_00139.avi,2000,-1,1,0.2185,-9.4569,-9.8913,-11.1396,-10.0806,8,a,YES,YES.
bind_twin,data/twin_real/real_2000_00139.avi,2000,1,1,1.201,-9.7493,-11.4341,-11.6188,-10.7466,8,a,YES,YES.
order_real,data/videos_real/int_2000ms/real_2000_00139_flip.avi,2000,0,1,0.2936,-9.6919,-9.8145,-11.312,-10.1286,8,a,YES,YES.
order_real,data/videos_real/int_2000ms/real_2000_00151.avi,2000,0,0,-1.793,-9.8883,-9.9488,-11.6333,-10.4497,8,b,NO,NO.
order_rev,data/videos_real/int_2000ms/real_2000_00151.avi,2000,0,0,-1.2939,-8.1064,-10.5417,-11.4768,-10.4166,8,b,NO,NO.
moved_real,data/videos_real/int_2000ms/real_2000_00151.avi,2000,1,0,-1.5552,-10.3976,-11.3955,-11.9563,-10.5841,8,b,NO,NO.
moved_twin,data/twin_real/real_2000_00151.avi,2000,0,0,-2.4423,-10.6073,-11.7919,-11.979,-10.6067,8,b,NO,NO.
order_twin,data/twin_real/real_2000_00151.avi,2000,-1,0,-2.0177,-9.9177,-10.227,-11.7247,-10.5406,8,b,NO,NO.
bind_twin,data/twin_real/real_2000_00151.avi,2000,0,0,-2.0666,-10.5328,-11.5307,-12.2778,-11.344,8,b,No,No.
order_real,data/videos_real/int_2000ms/real_2000_00151_flip.avi,2000,1,0,-1.8722,-9.9393,-10.1241,-11.7465,-10.5004,8,b,NO,NO.
order_real,data/videos_real/int_2000ms/real_2000_00163.avi,2000,0,0,-1.2032,-10.2976,-10.4198,-12.0399,-10.8577,8,a,NO,NO.
order_rev,data/videos_real/int_2000ms/real_2000_00163.avi,2000,0,0,-1.2441,-8.2727,-10.6462,-11.83,-10.5834,8,a,No,No.
moved_real,data/videos_real/int_2000ms/real_2000_00163.avi,2000,1,0,-2.7712,-10.7682,-11.8904,-12.0745,-10.8924,8,a,No,No.
moved_twin,data/twin_real/real_2000_00163.avi,2000,0,0,-2.7979,-10.7151,-11.8996,-11.8979,-10.7769,8,a,No,No.
order_twin,data/twin_real/real_2000_00163.avi,2000,-1,0,-1.0218,-10.1724,-10.4193,-11.9145,-10.7327,8,a,NO,NO.
bind_twin,data/twin_real/real_2000_00163.avi,2000,1,1,1.9327,-10.4171,-11.8521,-12.2198,-11.351,8,a,Yes,Yes.
order_real,data/videos_real/int_2000ms/real_2000_00163_flip.avi,2000,1,0,-1.1313,-10.3046,-10.4269,-11.9849,-10.8027,8,a,NO,NO.
order_real,data/videos_real/int_2000ms/real_2000_00175.avi,2000,0,0,-0.6906,-9.6293,-9.9397,-11.1884,-10.315,8,b,NO,NO.
order_rev,data/videos_real/int_2000ms/real_2000_00175.avi,2000,0,0,-0.4037,-8.5584,-10.4938,-11.2439,-10.4944,8,b,NO,NO.
moved_real,data/videos_real/int_2000ms/real_2000_00175.avi,2000,1,0,-0.5321,-9.7599,-10.8198,-11.3183,-10.4457,8,b,NO,NO.
moved_twin,data/twin_real/real_2000_00175.avi,2000,0,0,-1.5364,-9.752,-10.8746,-11.1239,-10.3748,8,b,NO,NO.
order_twin,data/twin_real/real_2000_00175.avi,2000,-1,0,-0.9799,-9.6911,-9.8761,-11.0007,-10.3135,8,b,NO,NO.
bind_twin,data/twin_real/real_2000_00175.avi,2000,0,0,-3.5682,-9.9229,-11.2325,-11.6072,-11.2331,8,b,NO,NO.
order_real,data/videos_real/int_2000ms/real_2000_00175_flip.avi,2000,1,0,-0.7081,-9.8291,-9.9521,-11.2008,-10.5145,8,b,NO,NO.
order_real,data/videos_real/int_2000ms/real_2000_00187.avi,2000,1,0,-1.1238,-10.3269,-10.3244,-11.8215,-10.8872,8,b,No,No.
order_rev,data/videos_real/int_2000ms/real_2000_00187.avi,2000,1,0,-1.4532,-8.5239,-10.8967,-11.7068,-10.5845,8,b,No,No.
moved_real,data/videos_real/int_2000ms/real_2000_00187.avi,2000,1,0,-1.2479,-10.5449,-11.2929,-11.8531,-10.7936,8,b,No,No.
moved_twin,data/twin_real/real_2000_00187.avi,2000,0,0,-1.9885,-10.6251,-11.4975,-11.8093,-10.8739,8,b,No,No.
order_twin,data/twin_real/real_2000_00187.avi,2000,-1,0,-1.1136,-10.2853,-10.3451,-11.7802,-10.9076,8,b,No,No.
bind_twin,data/twin_real/real_2000_00187.avi,2000,0,0,-0.4087,-10.7518,-11.9376,-12.3731,-11.9376,8,b,No,No.
order_real,data/videos_real/int_2000ms/real_2000_00187_flip.avi,2000,0,0,-1.0619,-10.3192,-10.2546,-11.8138,-10.8791,8,b,No,No.
order_real,data/videos_real/int_2000ms/real_2000_00199.avi,2000,1,0,-0.8962,-10.3257,-10.0114,-11.7578,-10.1369,8,b,NO,NO.
order_rev,data/videos_real/int_2000ms/real_2000_00199.avi,2000,1,0,-1.293,-9.0685,-10.8172,-12.0013,-10.4422,8,b,No,No.
moved_real,data/videos_real/int_2000ms/real_2000_00199.avi,2000,1,0,-0.2325,-10.4718,-11.1577,-11.9034,-10.846,8,b,NO,NO.
moved_twin,data/twin_real/real_2000_00199.avi,2000,0,0,-1.43,-10.4785,-11.4758,-11.9113,-10.8519,8,b,NO,NO.
order_twin,data/twin_real/real_2000_00199.avi,2000,-1,0,-1.0895,-10.2127,-9.9606,-11.6455,-10.0236,8,b,NO,NO.
bind_twin,data/twin_real/real_2000_00199.avi,2000,0,0,-0.4087,-11.2239,-12.2219,-12.9689,-12.0973,8,b,No,No.
order_real,data/videos_real/int_2000ms/real_2000_00199_flip.avi,2000,0,0,-0.9757,-10.2581,-10.0686,-11.6898,-10.1313,8,b,NO,NO.
order_real,data/videos_real/int_2000ms/real_2000_00211.avi,2000,0,0,-1.348,-10.0266,-9.962,-11.3975,-10.7748,8,b,NO,NO.
order_rev,data/videos_real/int_2000ms/real_2000_00211.avi,2000,0,0,-0.0289,-8.718,-10.7782,-11.5892,-10.966,8,b,NO,NO.
moved_real,data/videos_real/int_2000ms/real_2000_00211.avi,2000,1,0,-0.2997,-9.8763,-10.6252,-11.3726,-10.5002,8,b,NO,NO.
moved_twin,data/twin_real/real_2000_00211.avi,2000,0,0,-2.2407,-9.918,-10.5417,-11.5393,-10.4173,8,b,NO,NO.
order_twin,data/twin_real/real_2000_00211.avi,2000,-1,0,-1.8481,-9.8203,-9.8807,-11.1922,-10.5066,8,b,NO,NO.
bind_twin,data/twin_real/real_2000_00211.avi,2000,0,0,-2.3788,-10.4814,-11.2302,-11.9166,-11.3554,8,b,NO,NO.
order_real,data/videos_real/int_2000ms/real_2000_00211_flip.avi,2000,1,0,-1.1511,-9.849,-9.8467,-11.158,-10.4728,8,b,NO,NO.
order_real,data/videos_real/int_2000ms/real_2000_00223.avi,2000,1,0,-0.3383,-9.8029,-10.3003,-11.7366,-10.7389,8,b,NO,NO.
order_rev,data/videos_real/int_2000ms/real_2000_00223.avi,2000,1,0,-0.7487,-8.7484,-10.8717,-11.8683,-10.6842,8,b,NO,NO.
moved_real,data/videos_real/int_2000ms/real_2000_00223.avi,2000,1,1,0.3877,-10.2385,-11.3611,-11.7343,-10.738,8,b,YES,YES.
moved_twin,data/twin_real/real_2000_00223.avi,2000,0,0,-0.4488,-10.104,-11.4125,-11.7238,-10.6029,8,b,NO,NO.
order_twin,data/twin_real/real_2000_00223.avi,2000,-1,0,-0.5373,-9.7378,-10.2967,-11.6713,-10.6739,8,b,NO,NO.
bind_twin,data/twin_real/real_2000_00223.avi,2000,0,0,-1.2731,-10.4784,-11.7882,-12.1622,-11.477,8,b,No,No.
order_real,data/videos_real/int_2000ms/real_2000_00223_flip.avi,2000,0,0,-0.1237,-9.7453,-10.3047,-11.7408,-10.6816,8,b,NO,NO.
order_real,data/videos_real/int_2000ms/real_2000_00235.avi,2000,0,1,0.1448,-10.0021,-10.4999,-11.3113,-11.1865,8,a,YES,YES.
order_rev,data/videos_real/int_2000ms/real_2000_00235.avi,2000,0,0,-0.3093,-9.2182,-10.8423,-11.6525,-11.216,8,a,NO,NO.
moved_real,data/videos_real/int_2000ms/real_2000_00235.avi,2000,1,0,-1.181,-10.2428,-11.6142,-11.2397,-10.8669,8,a,NO,NO.
moved_twin,data/twin_real/real_2000_00235.avi,2000,0,0,-1.8384,-9.9711,-11.2804,-10.9687,-10.7821,8,a,NO,NO.
order_twin,data/twin_real/real_2000_00235.avi,2000,-1,0,-0.1248,-9.8703,-10.3675,-11.0551,-11.0549,8,a,NO,NO.
bind_twin,data/twin_real/real_2000_00235.avi,2000,1,1,2.2497,-9.8311,-11.8263,-11.0773,-11.9495,8,a,YES,YES.
order_real,data/videos_real/int_2000ms/real_2000_00235_flip.avi,2000,1,1,0.1252,-10.0218,-10.3944,-11.2066,-11.0815,8,a,YES,YES.
order_real,data/videos_real/int_2000ms/real_2000_00247.avi,2000,1,0,-0.1002,-9.9804,-10.1032,-11.4746,-9.9167,8,a,NO,NO.
order_real,data/videos_real/int_2000ms/real_2000_00247_flip.avi,2000,0,0,-0.1877,-10.1146,-10.1129,-11.671,-9.926,8,a,NO,NO.
order_real,data/videos_real/int_2000ms/real_2000_00259.avi,2000,0,0,-1.2714,-10.045,-10.0427,-11.8517,-10.6681,8,b,NO,NO.
order_real,data/videos_real/int_2000ms/real_2000_00259_flip.avi,2000,1,0,-1.215,-10.0579,-10.0555,-11.8029,-10.6187,8,b,NO,NO.
order_real,data/videos_real/int_2000ms/real_2000_00271.avi,2000,0,0,-0.3726,-10.0675,-9.9405,-11.811,-10.8775,8,b,NO,NO.
order_real,data/videos_real/int_2000ms/real_2000_00271_flip.avi,2000,1,0,-0.4111,-10.0905,-9.9633,-11.7725,-10.9008,8,b,NO,NO.
order_real,data/videos_real/int_2000ms/real_2000_00283.avi,2000,0,0,0.0008,-9.7408,-9.9257,-11.2357,-10.551,8,b,NO,NO.
order_real,data/videos_real/int_2000ms/real_2000_00283_flip.avi,2000,1,1,0.1257,-9.7194,-9.9674,-11.2154,-10.4052,8,b,YES,YES.
order_real,data/videos_real/int_2000ms/real_2000_00295.avi,2000,1,0,-0.0436,-9.8441,-9.7797,-11.5247,-10.405,8,a,NO,NO.
order_real,data/videos_real/int_2000ms/real_2000_00295_flip.avi,2000,0,0,-0.3,-9.7549,-9.7526,-11.4363,-10.3159,8,a,NO,NO.
order_real,data/videos_real/int_2000ms/real_2000_00307.avi,2000,0,0,-0.9186,-10.0643,-10.5603,-11.5585,-10.8743,8,a,NO,NO.
order_real,data/videos_real/int_2000ms/real_2000_00307_flip.avi,2000,1,0,-0.7934,-10.1028,-10.3493,-11.7214,-10.7877,8,a,NO,NO.
order_real,data/videos_real/int_2000ms/real_2000_00319.avi,2000,1,1,0.1757,-10.2693,-10.3923,-11.7002,-10.5802,8,a,YES,YES.
order_real,data/videos_real/int_2000ms/real_2000_00319_flip.avi,2000,0,0,0.0962,-10.3686,-10.4291,-11.7378,-10.5549,8,a,NO,NO.
order_real,data/videos_real/int_2000ms/real_2000_00331.avi,2000,0,0,-0.2102,-9.7665,-9.8902,-11.5121,-10.4522,8,b,NO,NO.
order_real,data/videos_real/int_2000ms/real_2000_00331_flip.avi,2000,1,0,-0.2133,-9.8542,-9.9784,-11.5366,-10.4154,8,b,NO,NO.
order_real,data/videos_real/int_2000ms/real_2000_00343.avi,2000,0,0,-0.5357,-9.8205,-9.9448,-11.6904,-10.6318,8,a,NO,NO.
order_real,data/videos_real/int_2000ms/real_2000_00343_flip.avi,2000,1,0,-0.4695,-9.6852,-9.8719,-11.6172,-10.5589,8,a,NO,NO.
order_real,data/videos_real/int_2000ms/real_2000_00355.avi,2000,1,0,-0.8837,-9.7953,-10.1667,-11.2288,-10.792,8,b,NO,NO.
order_real,data/videos_real/int_2000ms/real_2000_00355_flip.avi,2000,0,0,-0.9121,-9.7999,-10.1713,-11.1709,-10.7347,8,b,NO,NO.
order_real,data/videos_real/int_2000ms/real_2000_00367.avi,2000,1,0,-0.5778,-9.7035,-9.8267,-11.3867,-10.3891,8,b,NO,NO.
order_real,data/videos_real/int_2000ms/real_2000_00367_flip.avi,2000,0,0,-0.7483,-9.7279,-9.9133,-11.4114,-10.4757,8,b,NO,NO.
order_real,data/videos_real/int_2000ms/real_2000_00379.avi,2000,1,0,-0.4993,-9.7288,-10.0388,-11.2251,-10.6637,8,b,NO,NO.
order_real,data/videos_real/int_2000ms/real_2000_00379_flip.avi,2000,0,0,-0.5873,-9.782,-10.0923,-11.2787,-10.7793,8,b,NO,NO.
order_real,data/videos_real/int_2000ms/real_2000_00391.avi,2000,1,0,-1.3204,-10.4528,-10.4496,-12.134,-10.9508,8,a,NO,NO.
order_real,data/videos_real/int_2000ms/real_2000_00391_flip.avi,2000,0,0,-0.8961,-10.3227,-10.3196,-12.1282,-10.8832,8,a,NO,NO.
order_real,data/videos_real/int_2000ms/real_2000_00403.avi,2000,1,0,-0.4495,-9.7948,-9.9803,-11.4772,-10.6677,8,a,NO,NO.
order_real,data/videos_real/int_2000ms/real_2000_00403_flip.avi,2000,0,0,-0.3247,-9.7836,-9.9696,-11.4038,-10.6561,8,a,NO,NO.
order_real,data/videos_real/int_2000ms/real_2000_00415.avi,2000,1,1,0.2971,-10.3051,-10.1155,-11.7981,-10.2416,8,a,Yes,Yes.
order_real,data/videos_real/int_2000ms/real_2000_00415_flip.avi,2000,0,1,0.0168,-10.2794,-10.0898,-11.7728,-10.2155,8,a,Yes,Yes.
order_real,data/videos_real/int_2000ms/real_2000_00427.avi,2000,1,0,-0.4182,-9.6199,-9.7429,-11.4893,-10.6175,8,b,NO,NO.
order_real,data/videos_real/int_2000ms/real_2000_00427_flip.avi,2000,0,0,-0.3376,-9.7395,-9.8002,-11.6086,-10.6748,8,b,NO,NO.
order_real,data/videos_real/int_2000ms/real_2000_00439.avi,2000,1,0,-0.9435,-10.1923,-10.5024,-11.5639,-10.8777,8,b,NO,NO.
order_real,data/videos_real/int_2000ms/real_2000_00439_flip.avi,2000,0,0,-0.9702,-10.0887,-10.3986,-11.3981,-10.7742,8,b,NO,NO.
order_real,data/videos_real/int_2000ms/real_2000_00451.avi,2000,0,0,-1.0218,-9.9181,-9.5416,-11.5396,-10.729,8,b,NO,NO.
order_real,data/videos_real/int_2000ms/real_2000_00451_flip.avi,2000,1,0,-0.8892,-9.9404,-9.5641,-11.6241,-10.7513,8,b,NO,NO.
order_real,data/videos_real/int_2000ms/real_2000_00463.avi,2000,1,0,-1.9643,-10.1155,-10.1138,-11.9234,-10.7393,8,b,NO,NO.
order_real,data/videos_real/int_2000ms/real_2000_00463_flip.avi,2000,0,0,-1.9036,-10.1848,-10.0578,-11.9302,-10.7462,8,b,NO,NO.
order_real,data/videos_real/int_2000ms/real_2000_00475.avi,2000,0,0,-1.244,-10.1461,-9.5194,-11.9533,-10.7075,8,b,No,No.
order_real,data/videos_real/int_2000ms/real_2000_00475_flip.avi,2000,1,0,-1.119,-10.1749,-9.4239,-11.9202,-10.7364,8,b,No,No.
order_real,data/videos_real/int_2000ms/real_2000_00487.avi,2000,1,0,-0.4418,-10.2694,-10.4552,-12.0116,-10.8302,8,a,NO,NO.
order_real,data/videos_real/int_2000ms/real_2000_00487_flip.avi,2000,0,0,-0.3168,-10.0732,-10.3215,-11.8163,-10.6965,8,a,NO,NO.
order_real,data/videos_real/int_2000ms/real_2000_00499.avi,2000,1,0,-0.1128,-10.2815,-9.9053,-12.0267,-10.8437,8,b,NO,NO.
order_real,data/videos_real/int_2000ms/real_2000_00499_flip.avi,2000,0,0,-0.4346,-10.2674,-10.0157,-12.0751,-10.8918,8,b,NO,NO.
order_real,data/videos_real/int_2000ms/real_2000_00511.avi,2000,1,1,0.4561,-10.1785,-9.8649,-11.6733,-9.8032,8,a,YES,YES.
order_real,data/videos_real/int_2000ms/real_2000_00511_flip.avi,2000,0,0,0.1163,-10.0754,-9.9491,-11.6333,-9.7626,8,a,NO,NO.
order_real,data/videos_real/int_2000ms/real_2000_00523.avi,2000,1,0,-0.2375,-10.2247,-10.2233,-12.0315,-10.9108,8,a,NO,NO.
order_real,data/videos_real/int_2000ms/real_2000_00523_flip.avi,2000,0,0,-0.0435,-10.2142,-10.1508,-12.021,-10.9001,8,a,NO,NO.
order_real,data/videos_real/int_2000ms/real_2000_00535.avi,2000,1,0,-0.6912,-9.9927,-9.9906,-11.5504,-10.7416,8,b,NO,NO.
order_real,data/videos_real/int_2000ms/real_2000_00535_flip.avi,2000,0,0,-1.0135,-10.0301,-10.0907,-11.5881,-10.7788,8,b,NO,NO.
order_real,data/videos_real/int_2000ms/real_2000_00547.avi,2000,1,0,-0.2168,-9.6358,-10.0075,-11.3812,-10.634,8,b,NO,NO.
order_real,data/videos_real/int_2000ms/real_2000_00547_flip.avi,2000,0,0,-0.2169,-9.635,-10.0695,-11.4428,-10.6956,8,b,NO,NO.
order_real,data/videos_real/int_2000ms/real_2000_00559.avi,2000,1,0,-0.7784,-9.6198,-9.867,-11.4266,-10.3674,8,b,NO,NO.
order_real,data/videos_real/int_2000ms/real_2000_00559_flip.avi,2000,0,0,-0.6535,-9.7808,-10.1526,-11.5883,-10.5908,8,b,NO,NO.
order_real,data/videos_real/int_2000ms/real_2000_00571.avi,2000,0,0,-0.4115,-9.7265,-9.7869,-11.347,-9.1635,8,b,NO,NO.
order_real,data/videos_real/int_2000ms/real_2000_00571_flip.avi,2000,1,0,-0.2794,-9.8198,-9.943,-11.3785,-9.2571,8,b,NO,NO.
order_real,data/videos_real/int_2000ms/real_2000_00583.avi,2000,1,0,-0.4598,-10.0989,-10.097,-11.656,-10.5349,8,b,NO,NO.
order_real,data/videos_real/int_2000ms/real_2000_00583_flip.avi,2000,0,0,-0.5818,-9.9674,-10.0897,-11.5866,-10.4659,8,b,NO,NO.
order_real,data/videos_real/int_2000ms/real_2000_00595.avi,2000,0,0,-0.8506,-9.9578,-9.8931,-11.5783,-10.7686,8,b,NO,NO.
order_real,data/videos_real/int_2000ms/real_2000_00595_flip.avi,2000,1,0,-0.777,-9.8291,-9.8267,-11.3871,-10.5773,8,b,NO,NO.
order_real,data/videos_real/int_3000ms/real_3000_00008.avi,3000,1,1,0.9628,-10.2419,-9.6789,-11.9251,-10.6782,8,a,YES,YES.
order_rev,data/videos_real/int_3000ms/real_3000_00008.avi,3000,1,0,-0.2487,-8.0392,-10.3502,-11.4102,-9.9749,8,a,NO,NO.
moved_real,data/videos_real/int_3000ms/real_3000_00008.avi,3000,1,1,1.3033,-10.1346,-10.7595,-11.817,-10.7581,8,a,YES,YES.
moved_twin,data/twin_real/real_3000_00008.avi,3000,0,0,-0.0597,-10.0549,-10.9281,-11.6753,-10.6777,8,a,No,No.
order_twin,data/twin_real/real_3000_00008.avi,3000,-1,1,0.789,-10.1455,-9.6441,-11.7664,-10.519,8,a,YES,YES.
bind_twin,data/twin_real/real_3000_00008.avi,3000,1,1,0.7786,-10.3837,-11.133,-12.0676,-11.3195,8,a,Yes,Yes.
order_real,data/videos_real/int_3000ms/real_3000_00008_flip.avi,3000,0,1,0.9627,-10.3039,-9.7408,-11.9868,-10.7403,8,a,YES,YES.
order_real,data/videos_real/int_3000ms/real_3000_00020.avi,3000,1,0,-1.3511,-10.291,-10.3513,-11.8482,-10.7895,8,b,NO,NO.
order_rev,data/videos_real/int_3000ms/real_3000_00020.avi,3000,1,0,-0.2329,-8.9719,-10.7839,-12.0922,-10.9707,8,b,No,No.
moved_real,data/videos_real/int_3000ms/real_3000_00020.avi,3000,1,0,-2.2709,-10.4809,-11.5404,-11.6011,-10.6051,8,b,No,No.
moved_twin,data/twin_real/real_3000_00020.avi,3000,0,0,-1.9581,-10.2325,-11.417,-11.6658,-10.4818,8,b,No,No.
order_twin,data/twin_real/real_3000_00020.avi,3000,-1,0,-1.5741,-10.2952,-10.3556,-11.7908,-10.7313,8,b,NO,NO.
bind_twin,data/twin_real/real_3000_00020.avi,3000,0,0,-3.3216,-11.0393,-11.8507,-12.4743,-11.8509,8,b,No,No.
order_real,data/videos_real/int_3000ms/real_3000_00020_flip.avi,3000,0,0,-1.2637,-10.2797,-10.278,-11.8372,-10.7161,8,b,NO,NO.
order_real,data/videos_real/int_3000ms/real_3000_00032.avi,3000,0,0,-0.6389,-10.0258,-10.0235,-11.7068,-9.7746,8,a,NO,NO.
order_rev,data/videos_real/int_3000ms/real_3000_00032.avi,3000,0,0,-0.9983,-8.5818,-10.5807,-11.7026,-10.33,8,a,NO,NO.
moved_real,data/videos_real/int_3000ms/real_3000_00032.avi,3000,1,0,-0.7328,-10.3453,-11.1551,-11.7141,-9.9076,8,a,No,No.
moved_twin,data/twin_real/real_3000_00032.avi,3000,0,0,-1.6845,-10.312,-11.3092,-11.4321,-9.5616,8,a,No,No.
order_twin,data/twin_real/real_3000_00032.avi,3000,-1,0,-0.5747,-9.8787,-9.8763,-11.4357,-9.4403,8,a,NO,NO.
bind_twin,data/twin_real/real_3000_00032.avi,3000,1,1,0.9589,-10.6734,-11.672,-12.3544,-10.8602,8,a,Yes,Yes.
order_real,data/videos_real/int_3000ms/real_3000_00032_flip.avi,3000,1,0,-0.3894,-9.9315,-9.9292,-11.6132,-9.7428,8,a,NO,NO.
order_real,data/videos_real/int_3000ms/real_3000_00044.avi,3000,1,0,-2.4871,-10.4697,-10.5287,-11.7152,-10.7815,8,b,NO,NO.
order_rev,data/videos_real/int_3000ms/real_3000_00044.avi,3000,1,0,-0.7325,-8.5339,-10.7191,-11.717,-10.7819,8,b,No,No.
moved_real,data/videos_real/int_3000ms/real_3000_00044.avi,3000,1,0,-0.673,-10.1943,-11.067,-11.9376,-10.693,8,b,No,No.
moved_twin,data/twin_real/real_3000_00044.avi,3000,0,0,-2.1693,-10.4091,-11.281,-12.0286,-10.6584,8,b,No,No.
order_twin,data/twin_real/real_3000_00044.avi,3000,-1,0,-2.7861,-10.2636,-10.4474,-11.5707,-10.6374,8,b,NO,NO.
bind_twin,data/twin_real/real_3000_00044.avi,3000,0,0,-0.5501,-10.7721,-11.7084,-12.3303,-11.3967,8,b,No,No.
order_real,data/videos_real/int_3000ms/real_3000_00044_flip.avi,3000,0,0,-2.6328,-10.386,-10.4455,-11.6933,-10.7598,8,b,NO,NO.
order_real,data/videos_real/int_3000ms/real_3000_00056.avi,3000,0,0,-0.3286,-10.1034,-10.4143,-11.6616,-10.9767,8,a,NO,NO.
order_rev,data/videos_real/int_3000ms/real_3000_00056.avi,3000,0,1,0.1254,-9.0153,-10.7647,-11.8238,-11.1389,8,a,YES,YES.
moved_real,data/videos_real/int_3000ms/real_3000_00056.avi,3000,1,0,-1.6464,-10.0744,-11.3222,-11.4454,-10.6361,8,a,NO,NO.
moved_twin,data/twin_real/real_3000_00056.avi,3000,0,0,-1.6334,-10.1895,-11.3125,-11.4352,-10.5014,8,a,NO,NO.
order_twin,data/twin_real/real_3000_00056.avi,3000,-1,0,-0.5315,-10.0965,-10.4073,-11.6541,-10.7823,8,a,NO,NO.
bind_twin,data/twin_real/real_3000_00056.avi,3000,1,1,3.2274,-10.2214,-12.0317,-12.1542,-11.7179,8,a,YES,YES.
order_real,data/videos_real/int_3000ms/real_3000_00056_flip.avi,3000,1,0,-0.4775,-10.0447,-10.4173,-11.6652,-10.918,8,a,NO,NO.
order_real,data/videos_real/int_3000ms/real_3000_00068.avi,3000,1,0,-0.5892,-10.1375,-10.0739,-11.3845,-11.0733,8,a,NO,NO.
order_rev,data/videos_real/int_3000ms/real_3000_00068.avi,3000,1,1,0.1255,-8.615,-10.614,-11.3623,-11.1133,8,a,YES,YES.
moved_real,data/videos_real/int_3000ms/real_3000_00068.avi,3000,1,0,-0.2357,-10.044,-10.7305,-11.4775,-10.9172,8,a,NO,NO.
moved_twin,data/twin_real/real_3000_00068.avi,3000,0,0,-1.5805,-9.9373,-10.5614,-11.4344,-10.8734,8,a,NO,NO.
order_twin,data/twin_real/real_3000_00068.avi,3000,-1,0,-0.9987,-9.9219,-9.9831,-11.1071,-10.9825,8,a,NO,NO.
bind_twin,data/twin_real/real_3000_00068.avi,3000,1,1,1.76,-10.6728,-11.3596,-12.1069,-12.0451,8,a,YES,YES.
order_real,data/videos_real/int_3000ms/real_3000_00068_flip.avi,3000,0,0,-0.3745,-10.1943,-10.1304,-11.5036,-11.0675,8,a,NO,NO.
order_real,data/videos_real/int_3000ms/real_3000_00080.avi,3000,1,1,0.5006,-9.6513,-9.8983,-10.9592,-10.3371,8,a,YES,YES.
order_rev,data/videos_real/int_3000ms/real_3000_00080.avi,3000,1,0,-0.9344,-8.5368,-10.785,-11.5955,-10.7231,8,a,No,No.
moved_real,data/videos_real/int_3000ms/real_3000_00080.avi,3000,1,0,-2.0141,-10.5939,-11.5899,-11.4025,-10.593,8,a,NO,NO.
moved_twin,data/twin_real/real_3000_00080.avi,3000,0,0,-2.8971,-10.7223,-11.7816,-11.4075,-10.7834,8,a,NO,NO.
order_twin,data/twin_real/real_3000_00080.avi,3000,-1,1,0.1257,-9.6869,-9.9341,-10.932,-10.3724,8,a,YES,YES.
bind_twin,data/twin_real/real_3000_00080.avi,3000,1,1,2.8181,-10.387,-12.0082,-11.5059,-11.4457,8,a,YES,YES.
order_real,data/videos_real/int_3000ms/real_3000_00080_flip.avi,3000,0,1,0.6258,-9.7914,-9.9764,-11.0368,-10.4768,8,a,YES,YES.
order_real,data/videos_real/int_3000ms/real_3000_00092.avi,3000,0,0,0.03,-9.9711,-10.0948,-11.5915,-10.0953,8,a,NO,NO.
order_rev,data/videos_real/int_3000ms/real_3000_00092.avi,3000,0,0,-0.4536,-8.3072,-10.4306,-11.4283,-9.8683,8,a,NO,NO.
moved_real,data/videos_real/int_3000ms/real_3000_00092.avi,3000,1,0,-0.7036,-10.2786,-11.2138,-11.7113,-10.4657,8,a,NO,NO.
moved_twin,data/twin_real/real_3000_00092.avi,3000,0,0,-1.749,-10.46,-11.5826,-11.6435,-10.4591,8,a,NO,NO.
order_twin,data/twin_real/real_3000_00092.avi,3000,-1,0,-0.1821,-9.8398,-10.0254,-11.46,-9.776,8,a,NO,NO.
bind_twin,data/twin_real/real_3000_00092.avi,3000,1,1,3.2652,-10.5612,-12.0594,-12.4297,-11.5581,8,a,YES,YES.
order_real,data/videos_real/int_3000ms/real_3000_00092_flip.avi,3000,1,0,0.0329,-9.8787,-10.0021,-11.4366,-10.0023,8,a,NO,NO.
order_real,data/videos_real/int_3000ms/real_3000_00104.avi,3000,0,0,-0.3446,-10.047,-10.1082,-11.7302,-10.6088,8,b,NO,NO.
order_rev,data/videos_real/int_3000ms/real_3000_00104.avi,3000,0,0,-0.9528,-8.7648,-10.7637,-11.8236,-10.639,8,b,NO,NO.
moved_real,data/videos_real/int_3000ms/real_3000_00104.avi,3000,1,1,2.1571,-10.7336,-11.7324,-12.2887,-11.2942,8,b,YES,YES.
moved_twin,data/twin_real/real_3000_00104.avi,3000,0,0,-1.0743,-10.2123,-11.2094,-11.645,-10.5861,8,b,NO,NO.
order_twin,data/twin_real/real_3000_00104.avi,3000,-1,0,-0.9694,-9.8366,-10.0222,-11.5199,-10.5221,8,b,NO,NO.
bind_twin,data/twin_real/real_3000_00104.avi,3000,0,0,-1.0259,-10.6244,-11.8715,-12.2441,-11.4975,8,b,No,No.
order_real,data/videos_real/int_3000ms/real_3000_00104_flip.avi,3000,1,0,-0.1928,-9.8996,-9.9606,-11.6445,-10.5855,8,b,NO,NO.
order_real,data/videos_real/int_3000ms/real_3000_00116.avi,3000,0,0,-1.6839,-10.1882,-10.2488,-11.7452,-10.7492,8,b,NO,NO.
order_rev,data/videos_real/int_3000ms/real_3000_00116.avi,3000,0,0,-1.059,-8.8748,-10.7478,-11.9918,-10.8093,8,b,No,No.
moved_real,data/videos_real/int_3000ms/real_3000_00116.avi,3000,1,0,-1.3877,-10.054,-11.113,-11.3607,-10.3037,8,b,No,No.
moved_twin,data/twin_real/real_3000_00116.avi,3000,0,0,-2.1684,-10.2516,-11.2489,-11.4343,-10.3763,8,b,No,No.
order_twin,data/twin_real/real_3000_00116.avi,3000,-1,0,-2.2861,-10.3014,-10.424,-11.7965,-10.862,8,b,NO,NO.
bind_twin,data/twin_real/real_3000_00116.avi,3000,0,0,-3.0872,-10.9844,-11.9206,-12.3571,-11.7333,8,b,No,No.
order_real,data/videos_real/int_3000ms/real_3000_00116_flip.avi,3000,1,0,-1.8724,-10.2472,-10.2451,-11.6795,-10.7456,8,b,NO,NO.
order_real,data/videos_real/int_3000ms/real_3000_00128.avi,3000,0,0,-0.2867,-9.7717,-9.8952,-11.4547,-10.2716,8,b,NO,NO.
order_rev,data/videos_real/int_3000ms/real_3000_00128.avi,3000,0,0,-1.0371,-8.5774,-10.5759,-11.511,-10.2641,8,b,NO,NO.
moved_real,data/videos_real/int_3000ms/real_3000_00128.avi,3000,1,1,0.661,-10.2085,-11.0813,-11.5769,-10.5199,8,b,YES,YES.
moved_twin,data/twin_real/real_3000_00128.avi,3000,0,0,-0.5821,-9.7822,-10.8414,-11.1517,-9.969,8,b,NO,NO.
order_twin,data/twin_real/real_3000_00128.avi,3000,-1,0,-0.8318,-9.7001,-9.8855,-11.2589,-10.1372,8,b,NO,NO.
bind_twin,data/twin_real/real_3000_00128.avi,3000,0,0,-0.823,-10.0712,-11.257,-11.6924,-10.8826,8,b,No,No.
order_real,data/videos_real/int_3000ms/real_3000_00128_flip.avi,3000,1,1,0.1261,-9.7817,-9.9051,-11.4637,-10.2812,8,b,YES,YES.
order_real,data/videos_real/int_3000ms/real_3000_00140.avi,3000,0,0,-0.1626,-9.8911,-10.077,-11.4491,-10.5137,8,a,NO,NO.
order_rev,data/videos_real/int_3000ms/real_3000_00140.avi,3000,0,0,-0.6658,-8.1082,-10.5434,-11.3542,-10.3556,8,a,NO,NO.
moved_real,data/videos_real/int_3000ms/real_3000_00140.avi,3000,1,0,-1.2791,-10.0613,-10.9966,-11.308,-10.2476,8,a,NO,NO.
moved_twin,data/twin_real/real_3000_00140.avi,3000,0,0,-1.7945,-9.9547,-11.0144,-11.0766,-10.1405,8,a,NO,NO.
order_twin,data/twin_real/real_3000_00140.avi,3000,-1,0,-0.4416,-9.6167,-9.9271,-11.1751,-10.2392,8,a,NO,NO.
bind_twin,data/twin_real/real_3000_00140.avi,3000,1,1,1.0685,-9.7553,-11.4401,-11.6246,-11.0635,8,a,YES,YES.
order_real,data/videos_real/int_3000ms/real_3000_00140_flip.avi,3000,1,1,0.1258,-9.8076,-10.1185,-11.4278,-10.4925,8,a,YES,YES.
order_real,data/videos_real/int_3000ms/real_3000_00152.avi,3000,1,0,-0.0658,-9.8115,-10.2471,-11.5569,-10.9957,8,a,NO,NO.
order_rev,data/videos_real/int_3000ms/real_3000_00152.avi,3000,1,0,-0.8284,-8.8014,-10.4874,-11.2992,-10.7996,8,a,NO,NO.
moved_real,data/videos_real/int_3000ms/real_3000_00152.avi,3000,1,0,-2.1675,-9.9445,-11.254,-11.6278,-10.8175,8,a,NO,NO.
moved_twin,data/twin_real/real_3000_00152.avi,3000,0,0,-2.3457,-9.885,-11.1948,-11.5067,-10.758,8,a,NO,NO.
order_twin,data/twin_real/real_3000_00152.avi,3000,-1,0,0.022,-9.3406,-9.9626,-11.2108,-10.7117,8,a,NO,NO.
bind_twin,data/twin_real/real_3000_00152.avi,3000,1,1,1.5736,-9.7067,-11.5164,-11.9523,-11.7031,8,a,YES,YES.
order_real,data/videos_real/int_3000ms/real_3000_00152_flip.avi,3000,0,1,0.1255,-9.7192,-10.1547,-11.5272,-10.8412,8,a,YES,YES.
order_real,data/videos_real/int_3000ms/real_3000_00164.avi,3000,1,0,-0.7192,-9.6648,-9.7251,-11.409,-10.288,8,b,NO,NO.
order_rev,data/videos_real/int_3000ms/real_3000_00164.avi,3000,1,0,-1.1991,-8.4976,-10.4959,-11.6804,-10.3715,8,b,NO,NO.
moved_real,data/videos_real/int_3000ms/real_3000_00164.avi,3000,1,0,-2.3284,-10.4033,-11.2749,-11.5847,-10.527,8,b,NO,NO.
moved_twin,data/twin_real/real_3000_00164.avi,3000,0,0,-1.8509,-10.2715,-10.9566,-11.3923,-10.3334,8,b,NO,NO.
order_twin,data/twin_real/real_3000_00164.avi,3000,-1,0,-0.8381,-9.6289,-9.7518,-11.3741,-10.3143,8,b,NO,NO.
bind_twin,data/twin_real/real_3000_00164.avi,3000,0,0,-1.8724,-10.7446,-11.4304,-12.1777,-11.4304,8,b,No,No.
order_real,data/videos_real/int_3000ms/real_3000_00164_flip.avi,3000,0,0,-0.5884,-9.709,-9.7065,-11.5155,-10.394,8,b,NO,NO.
order_real,data/videos_real/int_3000ms/real_3000_00176.avi,3000,1,0,-0.7029,-10.0315,-10.1544,-11.7748,-10.5922,8,a,NO,NO.
order_rev,data/videos_real/int_3000ms/real_3000_00176.avi,3000,1,0,-0.5316,-8.355,-10.7287,-11.9126,-10.7901,8,a,No,No.
moved_real,data/videos_real/int_3000ms/real_3000_00176.avi,3000,1,0,-3.3221,-11.0511,-12.1729,-12.2335,-11.3005,8,a,No,No.
moved_twin,data/twin_real/real_3000_00176.avi,3000,0,0,-2.7407,-10.637,-11.6963,-11.8188,-10.6986,8,a,No,No.
order_twin,data/twin_real/real_3000_00176.avi,3000,-1,0,-0.4634,-9.755,-9.9398,-11.4987,-10.3776,8,a,NO,NO.
bind_twin,data/twin_real/real_3000_00176.avi,3000,1,1,2.3748,-10.4761,-11.5991,-12.2782,-11.5966,8,a,Yes,Yes.
order_real,data/videos_real/int_3000ms/real_3000_00176_flip.avi,3000,0,0,-0.574,-10.059,-10.1819,-11.7404,-10.6197,8,a,NO,NO.
order_real,data/videos_real/int_3000ms/real_3000_00188.avi,3000,1,0,-0.5363,-9.8578,-9.9817,-11.728,-10.6066,8,a,NO,NO.
order_rev,data/videos_real/int_3000ms/real_3000_00188.avi,3000,1,0,-0.4986,-8.3723,-10.6204,-11.6793,-10.5582,8,a,NO,NO.
moved_real,data/videos_real/int_3000ms/real_3000_00188.avi,3000,1,0,-2.1429,-10.2094,-11.5188,-11.8918,-10.7707,8,a,NO,NO.
moved_twin,data/twin_real/real_3000_00188.avi,3000,0,0,-2.2478,-10.2053,-11.328,-11.7014,-10.6418,8,a,NO,NO.
order_twin,data/twin_real/real_3000_00188.avi,3000,-1,0,-0.5293,-9.7176,-9.9658,-11.6505,-10.4661,8,a,NO,NO.
bind_twin,data/twin_real/real_3000_00188.avi,3000,1,1,1.5,-10.0238,-11.6463,-12.1415,-11.2078,8,a,Yes,Yes.
order_real,data/videos_real/int_3000ms/real_3000_00188_flip.avi,3000,0,0,-0.3623,-9.9239,-10.0477,-11.9186,-10.7352,8,a,NO,NO.
order_real,data/videos_real/int_3000ms/real_3000_00200.avi,3000,0,0,-0.9333,-10.2284,-10.2261,-11.8478,-10.6647,8,b,NO,NO.
order_rev,data/videos_real/int_3000ms/real_3000_00200.avi,3000,0,0,-0.9369,-8.9723,-11.0329,-11.7806,-10.7212,8,b,NO,NO.
moved_real,data/videos_real/int_3000ms/real_3000_00200.avi,3000,1,0,-0.1567,-10.8183,-11.3797,-12.1881,-11.0048,8,b,NO,NO.
moved_twin,data/twin_real/real_3000_00200.avi,3000,0,0,-2.3039,-10.6724,-11.4831,-11.7316,-10.9212,8,b,NO,NO.
order_twin,data/twin_real/real_3000_00200.avi,3000,-1,0,-1.2919,-9.9187,-10.0407,-11.5383,-10.4793,8,b,NO,NO.
bind_twin,data/twin_real/real_3000_00200.avi,3000,0,0,-1.0737,-10.6866,-11.5598,-12.3706,-11.6226,8,b,No,No.
order_real,data/videos_real/int_3000ms/real_3000_00200_flip.avi,3000,1,0,-1.2242,-10.1982,-10.1956,-11.7559,-10.5723,8,b,NO,NO.
order_real,data/videos_real/int_3000ms/real_3000_00212.avi,3000,0,0,-0.4037,-9.8877,-9.76,-11.5694,-10.6357,8,a,NO,NO.
order_rev,data/videos_real/int_3000ms/real_3000_00212.avi,3000,0,0,-1.2791,-8.062,-10.497,-11.6817,-10.6838,8,a,NO,NO.
moved_real,data/videos_real/int_3000ms/real_3000_00212.avi,3000,1,0,-0.9759,-10.3196,-11.3781,-11.6263,-10.6926,8,a,NO,NO.
moved_twin,data/twin_real/real_3000_00212.avi,3000,0,0,-1.8627,-10.2324,-11.541,-11.2924,-10.6684,8,a,NO,NO.
order_twin,data/twin_real/real_3000_00212.avi,3000,-1,0,-0.6816,-9.5807,-9.7652,-11.139,-10.5786,8,a,NO,NO.
bind_twin,data/twin_real/real_3000_00212.avi,3000,1,1,3.1695,-10.3914,-12.2623,-12.1354,-12.0733,8,a,YES,YES.
order_real,data/videos_real/int_3000ms/real_3000_00212_flip.avi,3000,1,0,-0.4869,-10.0006,-9.8111,-11.5581,-10.6867,8,a,NO,NO.
order_real,data/videos_real/int_3000ms/real_3000_00224.avi,3000,1,0,-0.6478,-10.1077,-10.1058,-11.8529,-11.0429,8,b,NO,NO.
order_rev,data/videos_real/int_3000ms/real_3000_00224.avi,3000,1,0,-0.3745,-9.3333,-10.7699,-11.9543,-11.1442,8,b,NO,NO.
moved_real,data/videos_real/int_3000ms/real_3000_00224.avi,3000,1,0,-1.3974,-10.2641,-11.1371,-11.7591,-10.7624,8,b,NO,NO.
moved_twin,data/twin_real/real_3000_00224.avi,3000,0,0,-2.1506,-10.1824,-11.1803,-11.8025,-10.8056,8,b,NO,NO.
order_twin,data/twin_real/real_3000_00224.avi,3000,-1,0,-1.7778,-10.0431,-10.2278,-11.8506,-11.1649,8,b,NO,NO.
bind_twin,data/twin_real/real_3000_00224.avi,3000,0,0,-3.1101,-10.3524,-11.4122,-12.1601,-11.6622,8,b,NO,NO.
order_real,data/videos_real/int_3000ms/real_3000_00224_flip.avi,3000,0,0,-0.9254,-10.0291,-10.0896,-11.899,-10.965,8,b,NO,NO.
order_real,data/videos_real/int_3000ms/real_3000_00236.avi,3000,0,0,-0.3622,-10.1122,-10.1106,-11.4821,-10.1736,8,a,NO,NO.
order_rev,data/videos_real/int_3000ms/real_3000_00236.avi,3000,0,0,-0.7489,-8.4066,-10.655,-11.4655,-9.9057,8,a,NO,NO.
moved_real,data/videos_real/int_3000ms/real_3000_00236.avi,3000,1,0,0.0011,-10.4259,-11.4243,-11.6704,-10.738,8,a,NO,NO.
moved_twin,data/twin_real/real_3000_00236.avi,3000,0,0,-1.6235,-10.5119,-11.7589,-11.5701,-10.6358,8,a,NO,NO.
order_twin,data/twin_real/real_3000_00236.avi,3000,-1,0,-0.6992,-10.0769,-10.0131,-11.4473,-9.9511,8,a,NO,NO.
bind_twin,data/twin_real/real_3000_00236.avi,3000,1,1,3.4389,-10.7314,-12.3553,-12.4131,-12.0392,8,a,Yes,Yes.
order_real,data/videos_real/int_3000ms/real_3000_00236_flip.avi,3000,1,0,-0.5364,-10.1692,-10.1054,-11.5388,-10.1684,8,a,NO,NO.
order_real,data/videos_real/int_3000ms/real_3000_00248.avi,3000,1,1,0.4777,-10.1297,-10.4404,-11.5589,-10.8778,8,a,YES,YES.
order_real,data/videos_real/int_3000ms/real_3000_00248_flip.avi,3000,0,1,0.2356,-10.162,-10.3483,-11.53,-10.8482,8,a,YES,YES.
order_real,data/videos_real/int_3000ms/real_3000_00260.avi,3000,1,0,-1.6121,-10.0149,-9.9509,-11.6984,-10.7634,8,b,NO,NO.
order_real,data/videos_real/int_3000ms/real_3000_00260_flip.avi,3000,0,0,-1.3728,-10.0824,-9.8938,-11.7663,-10.7688,8,b,NO,NO.
order_real,data/videos_real/int_3000ms/real_3000_00272.avi,3000,0,1,0.3756,-9.9083,-10.1568,-11.5282,-10.7192,8,a,YES,YES.
order_real,data/videos_real/int_3000ms/real_3000_00272_flip.avi,3000,1,1,0.5006,-9.7977,-10.1081,-11.4172,-10.671,8,a,YES,YES.
order_real,data/videos_real/int_3000ms/real_3000_00284.avi,3000,0,0,-0.151,-9.3913,-9.5765,-11.3245,-10.4518,8,b,NO,NO.
order_real,data/videos_real/int_3000ms/real_3000_00284_flip.avi,3000,1,0,-0.2229,-9.4561,-9.7036,-11.3273,-10.5164,8,b,NO,NO.
order_real,data/videos_real/int_3000ms/real_3000_00296.avi,3000,0,0,-0.2721,-9.863,-9.8621,-11.6717,-10.7989,8,b,NO,NO.
order_real,data/videos_real/int_3000ms/real_3000_00296_flip.avi,3000,1,0,-0.397,-9.9355,-9.8723,-11.6192,-10.7467,8,b,NO,NO.
order_real,data/videos_real/int_3000ms/real_3000_00308.avi,3000,0,0,-0.327,-9.8554,-10.291,-11.415,-10.9152,8,b,NO,NO.
order_real,data/videos_real/int_3000ms/real_3000_00308_flip.avi,3000,1,0,-0.6823,-9.7257,-10.2857,-11.3472,-10.7853,8,b,NO,NO.
order_real,data/videos_real/int_3000ms/real_3000_00320.avi,3000,0,0,-0.7031,-10.3067,-10.4292,-11.9875,-11.0537,8,b,NO,NO.
order_real,data/videos_real/int_3000ms/real_3000_00320_flip.avi,3000,1,0,-0.3814,-10.1661,-10.4756,-11.9711,-11.1,8,b,NO,NO.
order_real,data/videos_real/int_3000ms/real_3000_00332.avi,3000,0,0,-0.0365,-10.3175,-10.4416,-11.9346,-10.8161,8,b,NO,NO.
order_real,data/videos_real/int_3000ms/real_3000_00332_flip.avi,3000,1,0,-0.1542,-10.3036,-10.4897,-11.9207,-10.8022,8,b,NO,NO.
order_real,data/videos_real/int_3000ms/real_3000_00344.avi,3000,0,0,-0.5458,-10.1886,-9.6876,-11.3728,-10.9372,8,a,NO,NO.
order_real,data/videos_real/int_3000ms/real_3000_00344_flip.avi,3000,1,0,-0.3523,-10.2402,-9.6141,-11.3618,-10.9884,8,a,NO,NO.
order_real,data/videos_real/int_3000ms/real_3000_00356.avi,3000,0,0,-0.8396,-10.2781,-10.0894,-11.7733,-10.4024,8,a,NO,NO.
order_real,data/videos_real/int_3000ms/real_3000_00356_flip.avi,3000,1,0,-1.0897,-10.2099,-10.1454,-11.7051,-10.3962,8,a,NO,NO.
order_real,data/videos_real/int_3000ms/real_3000_00368.avi,3000,0,1,0.6105,-10.5099,-10.507,-12.065,-11.071,8,a,YES,YES.
order_real,data/videos_real/int_3000ms/real_3000_00368_flip.avi,3000,1,1,1.0462,-10.4367,-10.5595,-12.0547,-11.1224,8,a,Yes,Yes.
order_real,data/videos_real/int_3000ms/real_3000_00380.avi,3000,0,0,-0.8736,-10.1776,-10.176,-11.6105,-10.7392,8,a,NO,NO.
order_real,data/videos_real/int_3000ms/real_3000_00380_flip.avi,3000,1,0,-0.8736,-10.1305,-10.2537,-11.5637,-10.7543,8,a,NO,NO.
order_real,data/videos_real/int_3000ms/real_3000_00392.avi,3000,1,0,-1.0086,-9.8231,-10.1327,-11.1944,-10.7576,8,b,NO,NO.
order_real,data/videos_real/int_3000ms/real_3000_00392_flip.avi,3000,0,0,-1.0088,-9.8254,-10.1973,-11.1964,-10.7601,8,b,NO,NO.
order_real,data/videos_real/int_3000ms/real_3000_00404.avi,3000,0,0,-0.7034,-9.9671,-10.1524,-11.7732,-10.7786,8,a,NO,NO.
order_real,data/videos_real/int_3000ms/real_3000_00404_flip.avi,3000,1,0,-0.5144,-10.0642,-10.1874,-11.8703,-10.9378,8,a,NO,NO.
order_real,data/videos_real/int_3000ms/real_3000_00416.avi,3000,0,0,-0.2106,-9.4551,-10.0138,-11.0747,-10.3286,8,a,NO,NO.
order_real,data/videos_real/int_3000ms/real_3000_00416_flip.avi,3000,1,0,-0.2494,-9.5386,-10.0976,-11.096,-10.4118,8,a,NO,NO.
order_real,data/videos_real/int_3000ms/real_3000_00428.avi,3000,0,0,-1.6379,-10.8117,-10.8725,-12.4315,-11.311,8,b,No,No.
order_real,data/videos_real/int_3000ms/real_3000_00428_flip.avi,3000,1,0,-1.3501,-10.7474,-10.7464,-12.3669,-11.3092,8,b,NO,NO.
order_real,data/videos_real/int_3000ms/real_3000_00440.avi,3000,1,1,0.1262,-9.9064,-9.9041,-11.5239,-10.3438,8,b,YES,YES.
order_real,data/videos_real/int_3000ms/real_3000_00440_flip.avi,3000,0,0,0.001,-10.027,-9.8998,-11.6449,-10.4643,8,b,No,No.
order_real,data/videos_real/int_3000ms/real_3000_00452.avi,3000,0,0,-0.0501,-9.3056,-9.3044,-11.5511,-10.5532,8,b,NO,NO.
order_real,data/videos_real/int_3000ms/real_3000_00452_flip.avi,3000,1,0,0.0749,-9.243,-9.3043,-11.6129,-10.6155,8,b,NO,NO.
order_real,data/videos_real/int_3000ms/real_3000_00464.avi,3000,0,0,-1.6238,-10.458,-10.0812,-11.829,-11.0201,8,b,NO,NO.
order_real,data/videos_real/int_3000ms/real_3000_00464_flip.avi,3000,1,0,-1.5142,-10.477,-10.0372,-11.8474,-11.0388,8,b,NO,NO.
order_real,data/videos_real/int_3000ms/real_3000_00476.avi,3000,1,1,0.2962,-9.9801,-10.2278,-11.2888,-11.039,8,a,YES,YES.
order_real,data/videos_real/int_3000ms/real_3000_00476_flip.avi,3000,0,0,0.0595,-9.8772,-10.0625,-11.248,-10.8741,8,a,NO,NO.
order_real,data/videos_real/int_3000ms/real_3000_00488.avi,3000,0,0,-0.1573,-9.9475,-9.9458,-11.5679,-10.5708,8,a,No,No.
order_real,data/videos_real/int_3000ms/real_3000_00488_flip.avi,3000,1,0,-0.108,-9.9093,-9.8451,-11.5294,-10.4079,8,a,NO,NO.
order_real,data/videos_real/int_3000ms/real_3000_00500.avi,3000,0,0,-1.0896,-10.2723,-10.27,-11.8306,-10.1461,8,b,NO,NO.
order_real,data/videos_real/int_3000ms/real_3000_00500_flip.avi,3000,1,0,-1.0897,-10.2096,-10.2696,-11.7676,-10.0837,8,b,NO,NO.
order_real,data/videos_real/int_3000ms/real_3000_00512.avi,3000,1,1,0.2264,-9.4282,-9.9257,-11.2958,-10.4244,8,a,YES,YES.
order_real,data/videos_real/int_3000ms/real_3000_00512_flip.avi,3000,0,1,0.1256,-9.4365,-9.8711,-11.3045,-10.4323,8,a,YES,YES.
order_real,data/videos_real/int_3000ms/real_3000_00524.avi,3000,0,0,-1.8162,-10.4844,-10.2328,-11.9169,-10.7335,8,b,NO,NO.
order_real,data/videos_real/int_3000ms/real_3000_00524_flip.avi,3000,1,0,-1.6463,-10.346,-10.1569,-11.7165,-10.6576,8,b,NO,NO.
order_real,data/videos_real/int_3000ms/real_3000_00536.avi,3000,1,0,-1.2793,-10.0588,-10.3068,-11.865,-10.8072,8,b,NO,NO.
order_real,data/videos_real/int_3000ms/real_3000_00536_flip.avi,3000,0,0,-1.154,-10.0867,-10.3351,-11.8316,-10.773,8,b,NO,NO.
order_real,data/videos_real/int_3000ms/real_3000_00548.avi,3000,0,0,-0.2648,-10.1609,-10.5318,-11.7169,-10.8458,8,a,NO,NO.
order_real,data/videos_real/int_3000ms/real_3000_00548_flip.avi,3000,1,0,-0.2567,-10.2166,-10.4002,-11.9589,-10.9021,8,a,NO,NO.
order_real,data/videos_real/int_3000ms/real_3000_00560.avi,3000,0,0,-0.457,-9.6398,-9.8863,-11.3833,-10.3882,8,a,NO,NO.
order_real,data/videos_real/int_3000ms/real_3000_00560_flip.avi,3000,1,1,0.2508,-9.8094,-9.8074,-11.4911,-10.4948,8,a,YES,YES.
order_real,data/videos_real/int_3000ms/real_3000_00572.avi,3000,1,0,-0.1924,-9.9424,-10.066,-11.6237,-10.5654,8,a,NO,NO.
order_real,data/videos_real/int_3000ms/real_3000_00572_flip.avi,3000,0,0,-0.249,-9.9736,-10.1593,-11.6545,-10.6582,8,a,NO,NO.
order_real,data/videos_real/int_3000ms/real_3000_00584.avi,3000,0,0,-0.4634,-9.9356,-10.2462,-11.4296,-10.6219,8,a,NO,NO.
order_real,data/videos_real/int_3000ms/real_3000_00584_flip.avi,3000,1,0,-0.3352,-10.0217,-10.2701,-11.516,-10.6454,8,a,NO,NO.
order_real,data/videos_real/int_3000ms/real_3000_00596.avi,3000,0,0,-1.1242,-9.8616,-10.4216,-11.5463,-10.5476,8,b,NO,NO.
order_real,data/videos_real/int_3000ms/real_3000_00596_flip.avi,3000,1,0,-0.7227,-9.761,-10.2584,-11.5077,-10.5095,8,b,NO,NO.
order_real,data/videos_real/int_5000ms/real_5000_00009.avi,5000,0,0,-0.3579,-10.3567,-10.2925,-12.0368,-11.0415,8,b,NO,NO.
order_rev,data/videos_real/int_5000ms/real_5000_00009.avi,5000,0,0,-0.5668,-8.7835,-10.9066,-11.841,-10.8445,8,b,NO,NO.
moved_real,data/videos_real/int_5000ms/real_5000_00009.avi,5000,1,1,0.7663,-10.47,-11.2819,-11.9625,-10.9688,8,b,Yes,Yes.
moved_twin,data/twin_real/real_5000_00009.avi,5000,0,0,-0.3814,-10.2904,-11.1013,-11.7824,-10.6638,8,b,NO,NO.
order_twin,data/twin_real/real_5000_00009.avi,5000,-1,0,-0.6237,-10.2585,-10.2565,-11.8774,-10.9431,8,b,NO,NO.
bind_twin,data/twin_real/real_5000_00009.avi,5000,0,0,-0.0296,-10.822,-11.8832,-12.5044,-11.8825,8,b,No,No.
order_real,data/videos_real/int_5000ms/real_5000_00009_flip.avi,5000,1,0,-0.4829,-10.4944,-10.3678,-12.1121,-11.0552,8,b,NO,NO.
order_real,data/videos_real/int_5000ms/real_5000_00021.avi,5000,0,0,-1.1235,-10.2648,-10.2624,-11.8847,-10.7011,8,a,NO,NO.
order_rev,data/videos_real/int_5000ms/real_5000_00021.avi,5000,0,0,-0.7484,-8.9077,-11.0302,-12.1499,-10.843,8,a,NO,NO.
moved_real,data/videos_real/int_5000ms/real_5000_00021.avi,5000,1,0,0.1113,-10.4667,-11.3389,-12.0222,-10.9031,8,a,NO,NO.
moved_twin,data/twin_real/real_5000_00021.avi,5000,0,0,-2.2331,-10.7406,-11.8624,-11.8617,-11.0513,8,a,No,No.
order_twin,data/twin_real/real_5000_00021.avi,5000,-1,0,-1.5818,-10.3343,-10.5192,-11.9545,-10.8326,8,a,NO,NO.
bind_twin,data/twin_real/real_5000_00021.avi,5000,1,1,1.2305,-10.6682,-11.9157,-12.4738,-11.8532,8,a,Yes,Yes.
order_real,data/videos_real/int_5000ms/real_5000_00021_flip.avi,5000,1,0,-1.1911,-10.2491,-10.3087,-11.8072,-10.6227,8,a,NO,NO.
order_real,data/videos_real/int_5000ms/real_5000_00033.avi,5000,0,0,-1.1241,-9.9739,-10.3461,-11.8439,-10.7843,8,b,NO,NO.
order_rev,data/videos_real/int_5000ms/real_5000_00033.avi,5000,0,0,-2.0483,-9.03,-11.0909,-11.839,-10.7165,8,b,NO,NO.
moved_real,data/videos_real/int_5000ms/real_5000_00033.avi,5000,1,1,1.5577,-10.5994,-11.6579,-12.216,-11.0961,8,b,YES,YES.
moved_twin,data/twin_real/real_5000_00033.avi,5000,0,0,-0.9616,-10.2486,-11.3073,-11.6182,-10.5586,8,b,NO,NO.
order_twin,data/twin_real/real_5000_00033.avi,5000,-1,0,-1.2877,-9.9594,-10.4563,-11.7676,-10.832,8,b,NO,NO.
bind_twin,data/twin_real/real_5000_00033.avi,5000,0,0,-2.2033,-10.3685,-11.4911,-12.1145,-11.3667,8,b,No,No.
order_real,data/videos_real/int_5000ms/real_5000_00033_flip.avi,5000,1,0,-1.2493,-10.1316,-10.4409,-11.8771,-10.8171,8,b,NO,NO.
order_real,data/videos_real/int_5000ms/real_5000_00045.avi,5000,0,0,-0.3287,-9.7949,-9.2935,-11.4781,-10.6685,8,b,NO,NO.
order_rev,data/videos_real/int_5000ms/real_5000_00045.avi,5000,0,0,-1.2485,-7.9895,-10.4249,-11.2989,-10.4254,8,b,NO,NO.
moved_real,data/videos_real/int_5000ms/real_5000_00045.avi,5000,1,1,1.5,-10.2067,-11.0177,-11.7648,-11.0796,8,b,YES,YES.
moved_twin,data/twin_real/real_5000_00045.avi,5000,0,0,-0.6689,-9.8403,-10.713,-11.2742,-10.4633,8,b,NO,NO.
order_twin,data/twin_real/real_5000_00045.avi,5000,-1,0,-0.4991,-9.6894,-9.313,-11.3733,-10.6251,8,b,NO,NO.
bind_twin,data/twin_real/real_5000_00045.avi,5000,0,0,-1.0216,-10.2653,-11.0141,-11.8248,-11.2011,8,b,No,No.
order_real,data/videos_real/int_5000ms/real_5000_00045_flip.avi,5000,1,0,-0.397,-9.8749,-9.3738,-11.6203,-10.6862,8,b,NO,NO.
order_real,data/videos_real/int_5000ms/real_5000_00057.avi,5000,1,0,-0.0064,-10.2719,-10.458,-11.7029,-11.0208,8,a,NO,NO.
order_rev,data/videos_real/int_5000ms/real_5000_00057.avi,5000,1,0,-0.6235,-8.585,-11.0204,-11.7058,-10.8339,8,a,NO,NO.
moved_real,data/videos_real/int_5000ms/real_5000_00057.avi,5000,1,0,-1.6236,-10.4417,-11.6268,-11.4368,-10.7535,8,a,No,No.
moved_twin,data/twin_real/real_5000_00057.avi,5000,0,0,-1.9263,-10.2819,-11.5911,-11.2783,-10.6555,8,a,No,No.
order_twin,data/twin_real/real_5000_00057.avi,5000,-1,0,-0.0631,-10.0536,-10.2394,-11.3606,-10.8022,8,a,NO,NO.
bind_twin,data/twin_real/real_5000_00057.avi,5000,1,1,1.9203,-10.113,-11.6734,-11.6063,-11.1717,8,a,Yes,Yes.
order_real,data/videos_real/int_5000ms/real_5000_00057_flip.avi,5000,0,0,0.0017,-10.2077,-10.3941,-11.639,-10.9568,8,a,NO,NO.
order_real,data/videos_real/int_5000ms/real_5000_00069.avi,5000,1,0,-0.821,-10.0606,-10.0596,-11.9923,-10.747,8,b,NO,NO.
order_rev,data/videos_real/int_5000ms/real_5000_00069.avi,5000,1,0,-0.8354,-9.0913,-10.7154,-11.8366,-10.1535,8,b,NO,NO.
moved_real,data/videos_real/int_5000ms/real_5000_00069.avi,5000,1,1,0.3193,-10.4019,-11.0257,-11.9575,-10.7137,8,b,YES,YES.
moved_twin,data/twin_real/real_5000_00069.avi,5000,0,0,-1.7677,-10.2586,-11.069,-11.6287,-10.5074,8,b,NO,NO.
order_twin,data/twin_real/real_5000_00069.avi,5000,-1,0,-1.2584,-10.0711,-10.1318,-11.8782,-10.5692,8,b,NO,NO.
bind_twin,data/twin_real/real_5000_00069.avi,5000,0,0,-2.9975,-10.8983,-12.0838,-12.5193,-11.7721,8,b,No,No.
order_real,data/videos_real/int_5000ms/real_5000_00069_flip.avi,5000,0,0,-1.3232,-10.1541,-10.1525,-11.8993,-10.5904,8,b,NO,NO.
order_real,data/videos_real/int_5000ms/real_5000_00081.avi,5000,0,1,0.5679,-9.7474,-9.8712,-11.429,-9.4339,8,a,YES,YES.
order_rev,data/videos_real/int_5000ms/real_5000_00081.avi,5000,0,0,-0.9179,-8.3214,-10.3204,-11.567,-10.07,8,a,NO,NO.
moved_real,data/videos_real/int_5000ms/real_5000_00081.avi,5000,1,1,0.3242,-10.1237,-11.1217,-11.5559,-9.3118,8,a,YES,YES.
moved_twin,data/twin_real/real_5000_00081.avi,5000,0,0,-1.0378,-9.8893,-11.0725,-11.072,-8.8269,8,a,NO,NO.
order_twin,data/twin_real/real_5000_00081.avi,5000,-1,1,0.5006,-9.4658,-9.8391,-11.1475,-8.9656,8,a,YES,YES.
bind_twin,data/twin_real/real_5000_00081.avi,5000,1,1,2.1249,-9.5686,-11.438,-11.6821,-10.0636,8,a,YES,YES.
order_real,data/videos_real/int_5000ms/real_5000_00081_flip.avi,5000,1,1,0.8766,-9.8943,-9.9561,-11.5753,-9.3312,8,a,YES,YES.
order_real,data/videos_real/int_5000ms/real_5000_00093.avi,5000,1,1,0.4366,-10.1421,-10.0147,-11.6342,-9.3294,8,a,Yes,Yes.
order_rev,data/videos_real/int_5000ms/real_5000_00093.avi,5000,1,0,-0.8352,-9.0914,-10.7775,-11.836,-10.4036,8,a,No,No.
moved_real,data/videos_real/int_5000ms/real_5000_00093.avi,5000,1,0,-0.7331,-10.5937,-11.3421,-11.7757,-9.4067,8,a,No,No.
moved_twin,data/twin_real/real_5000_00093.avi,5000,0,0,-0.794,-10.5415,-11.4143,-11.8488,-9.6038,8,a,No,No.
order_twin,data/twin_real/real_5000_00093.avi,5000,-1,1,0.2511,-9.975,-9.9105,-11.5309,-9.4732,8,a,Yes,Yes.
bind_twin,data/twin_real/real_5000_00093.avi,5000,1,1,1.6054,-10.5943,-11.5317,-12.277,-10.9683,8,a,Yes,Yes.
order_real,data/videos_real/int_5000ms/real_5000_00093_flip.avi,5000,0,1,0.4367,-10.0158,-9.951,-11.57,-9.4531,8,a,Yes,Yes.
order_real,data/videos_real/int_5000ms/real_5000_00105.avi,5000,1,0,-0.8811,-10.4338,-10.4317,-12.0521,-10.9321,8,a,NO,NO.
order_rev,data/videos_real/int_5000ms/real_5000_00105.avi,5000,1,0,-0.8419,-8.3139,-10.5626,-11.7464,-10.6248,8,a,No,No.
moved_real,data/videos_real/int_5000ms/real_5000_00105.avi,5000,1,0,-2.9834,-10.8138,-11.8735,-11.9957,-10.938,8,a,No,No.
moved_twin,data/twin_real/real_5000_00105.avi,5000,0,0,-2.9834,-10.691,-11.813,-11.8743,-10.8151,8,a,No,No.
order_twin,data/twin_real/real_5000_00105.avi,5000,-1,0,-0.8966,-10.1468,-10.2693,-11.8268,-10.7067,8,a,NO,NO.
bind_twin,data/twin_real/real_5000_00105.avi,5000,1,1,1.6827,-10.3283,-11.7012,-12.1938,-11.4496,8,a,Yes,Yes.
order_real,data/videos_real/int_5000ms/real_5000_00105_flip.avi,5000,0,0,-1.0295,-10.4173,-10.3529,-12.0978,-10.9154,8,a,NO,NO.
order_real,data/videos_real/int_5000ms/real_5000_00117.avi,5000,0,0,-0.2492,-9.7498,-10.3095,-11.4949,-10.7479,8,b,NO,NO.
order_rev,data/videos_real/int_5000ms/real_5000_00117.avi,5000,0,0,-0.698,-8.1819,-10.7411,-11.3028,-10.4921,8,b,NO,NO.
moved_real,data/videos_real/int_5000ms/real_5000_00117.avi,5000,1,1,0.8995,-10.0113,-11.2591,-11.1941,-10.759,8,b,YES,YES.
moved_twin,data/twin_real/real_5000_00117.avi,5000,0,0,-1.3084,-9.973,-11.1583,-11.0334,-10.6588,8,b,NO,NO.
order_twin,data/twin_real/real_5000_00117.avi,5000,-1,0,-0.4201,-9.4959,-10.0555,-10.9298,-10.4937,8,b,NO,NO.
bind_twin,data/twin_real/real_5000_00117.avi,5000,0,0,-1.738,-10.1803,-11.303,-11.4901,-11.2408,8,b,NO,NO.
order_real,data/videos_real/int_5000ms/real_5000_00117_flip.avi,5000,1,0,-0.1508,-9.6956,-10.193,-11.3158,-10.6937,8,b,NO,NO.
order_real,data/videos_real/int_5000ms/real_5000_00129.avi,5000,0,0,-0.1236,-10.1491,-10.0848,-12.0169,-10.8968,8,a,NO,NO.
order_rev,data/videos_real/int_5000ms/real_5000_00129.avi,5000,0,0,-1.8732,-9.2264,-11.1,-12.1578,-10.85,8,a,No,No.
moved_real,data/videos_real/int_5000ms/real_5000_00129.avi,5000,1,1,1.0317,-10.9065,-11.5309,-12.4615,-11.3419,8,a,Yes,Yes.
moved_twin,data/twin_real/real_5000_00129.avi,5000,0,0,-2.6571,-10.8935,-11.8914,-12.2646,-11.2046,8,a,No,No.
order_twin,data/twin_real/real_5000_00129.avi,5000,-1,0,-0.567,-10.0994,-10.0974,-11.9052,-10.8469,8,a,NO,NO.
bind_twin,data/twin_real/real_5000_00129.avi,5000,1,1,1.9999,-10.5159,-11.6394,-12.4454,-11.7625,8,a,Yes,Yes.
order_real,data/videos_real/int_5000ms/real_5000_00129_flip.avi,5000,1,0,-0.0552,-10.12,-10.056,-11.9881,-10.868,8,a,NO,NO.
order_real,data/videos_real/int_5000ms/real_5000_00141.avi,5000,0,0,-0.131,-10.0905,-10.2133,-11.7096,-10.9644,8,a,NO,NO.
order_rev,data/videos_real/int_5000ms/real_5000_00141.avi,5000,0,0,-0.5204,-8.7986,-10.86,-11.7936,-11.0471,8,a,No,No.
moved_real,data/videos_real/int_5000ms/real_5000_00141.avi,5000,1,1,0.1311,-10.5849,-11.334,-12.0166,-11.0849,8,a,Yes,Yes.
moved_twin,data/twin_real/real_5000_00141.avi,5000,0,0,-1.6679,-10.3717,-11.5552,-11.804,-10.8706,8,a,No,No.
order_twin,data/twin_real/real_5000_00141.avi,5000,-1,0,-0.2484,-9.8753,-10.1845,-11.4954,-10.8733,8,a,NO,NO.
bind_twin,data/twin_real/real_5000_00141.avi,5000,1,1,0.9632,-10.3426,-11.7156,-12.087,-11.5906,8,a,Yes,Yes.
order_real,data/videos_real/int_5000ms/real_5000_00141_flip.avi,5000,1,0,0.1183,-10.1509,-10.4611,-11.7713,-11.2121,8,a,NO,NO.
order_real,data/videos_real/int_5000ms/real_5000_00153.avi,5000,0,0,-1.8576,-10.7813,-10.3424,-12.1514,-11.28,8,a,NO,NO.
order_rev,data/videos_real/int_5000ms/real_5000_00153.avi,5000,0,0,-0.7709,-8.8148,-11.1254,-12.2467,-11.2497,8,a,No,No.
moved_real,data/videos_real/int_5000ms/real_5000_00153.avi,5000,1,0,-2.7156,-11.2612,-11.7609,-12.6334,-11.3862,8,a,No,No.
moved_twin,data/twin_real/real_5000_00153.avi,5000,0,0,-2.946,-11.2505,-11.8126,-12.6847,-11.3755,8,a,No,No.
order_twin,data/twin_real/real_5000_00153.avi,5000,-1,0,-1.9824,-10.8277,-10.3888,-12.1359,-11.2642,8,a,NO,NO.
bind_twin,data/twin_real/real_5000_00153.avi,5000,1,1,1.0795,-10.9105,-11.9103,-12.6566,-11.722,8,a,Yes,Yes.
order_real,data/videos_real/int_5000ms/real_5000_00153_flip.avi,5000,1,0,-1.8423,-10.7813,-10.2802,-12.1517,-11.2182,8,a,No,No.
order_real,data/videos_real/int_5000ms/real_5000_00165.avi,5000,1,0,0.0957,-9.9156,-10.0373,-11.4719,-10.1644,8,b,NO,NO.
order_rev,data/videos_real/int_5000ms/real_5000_00165.avi,5000,1,0,-1.0097,-9.0911,-10.8398,-11.7752,-10.7148,8,b,No,No.
moved_real,data/videos_real/int_5000ms/real_5000_00165.avi,5000,1,0,-1.2437,-10.2688,-11.2655,-11.5133,-10.331,8,b,No,No.
moved_twin,data/twin_real/real_5000_00165.avi,5000,0,0,-1.499,-10.0613,-11.3069,-11.244,-10.1231,8,b,No,No.
order_twin,data/twin_real/real_5000_00165.avi,5000,-1,0,-0.7325,-9.7885,-10.0971,-11.3456,-10.0999,8,b,No,No.
bind_twin,data/twin_real/real_5000_00165.avi,5000,0,0,-1.0316,-10.8769,-12.1255,-12.4983,-11.8133,8,b,No,No.
order_real,data/videos_real/int_5000ms/real_5000_00165_flip.avi,5000,0,0,-0.4646,-9.9721,-10.0944,-11.5295,-10.2833,8,b,NO,NO.
order_real,data/videos_real/int_5000ms/real_5000_00177.avi,5000,0,0,-0.0292,-9.6792,-9.8028,-11.5491,-10.6777,8,a,NO,NO.
order_rev,data/videos_real/int_5000ms/real_5000_00177.avi,5000,0,0,-0.5704,-8.2316,-10.4802,-11.3516,-10.4804,8,a,NO,NO.
moved_real,data/videos_real/int_5000ms/real_5000_00177.avi,5000,1,0,-0.4422,-10.2654,-11.1392,-12.0727,-10.7029,8,a,NO,NO.
moved_twin,data/twin_real/real_5000_00177.avi,5000,0,0,-2.0064,-10.2723,-11.2078,-11.7063,-10.5215,8,a,NO,NO.
order_twin,data/twin_real/real_5000_00177.avi,5000,-1,0,-0.4046,-9.5767,-9.7629,-11.3849,-10.5753,8,a,NO,NO.
bind_twin,data/twin_real/real_5000_00177.avi,5000,1,1,1.3751,-9.7557,-11.1888,-11.8722,-11.1257,8,a,Yes,Yes.
order_real,data/videos_real/int_5000ms/real_5000_00177_flip.avi,5000,1,0,-0.1847,-9.813,-9.9363,-11.6826,-10.8116,8,a,NO,NO.
order_real,data/videos_real/int_5000ms/real_5000_00189.avi,5000,1,0,-0.7717,-10.0512,-9.55,-11.7347,-10.7998,8,b,NO,NO.
order_rev,data/videos_real/int_5000ms/real_5000_00189.avi,5000,1,0,-1.6232,-8.5396,-10.726,-11.9109,-10.9757,8,b,No,No.
moved_real,data/videos_real/int_5000ms/real_5000_00189.avi,5000,1,1,1.3225,-10.3262,-10.8882,-12.007,-10.9492,8,b,Yes,Yes.
moved_twin,data/twin_real/real_5000_00189.avi,5000,0,0,-0.6156,-10.1973,-10.8205,-11.6302,-10.6331,8,b,No,No.
order_twin,data/twin_real/real_5000_00189.avi,5000,-1,0,-1.2265,-9.949,-9.6349,-11.5704,-10.7599,8,b,NO,NO.
bind_twin,data/twin_real/real_5000_00189.avi,5000,0,0,-1.9489,-10.8369,-11.6479,-12.2714,-11.7733,8,b,No,No.
order_real,data/videos_real/int_5000ms/real_5000_00189_flip.avi,5000,0,0,-1.2036,-10.0455,-9.6068,-11.7292,-10.8565,8,b,NO,NO.
order_real,data/videos_real/int_5000ms/real_5000_00201.avi,5000,0,0,-1.556,-9.9192,-9.9788,-11.6,-10.4796,8,b,NO,NO.
order_rev,data/videos_real/int_5000ms/real_5000_00201.avi,5000,0,0,-2.1237,-8.4756,-10.5982,-11.8447,-10.5981,8,b,NO,NO.
moved_real,data/videos_real/int_5000ms/real_5000_00201.avi,5000,1,0,-1.889,-10.1783,-11.237,-11.2978,-10.1776,8,b,NO,NO.
moved_twin,data/twin_real/real_5000_00201.avi,5000,0,0,-2.4197,-10.2164,-11.4003,-11.3369,-10.2781,8,b,NO,NO.
order_twin,data/twin_real/real_5000_00201.avi,5000,-1,0,-1.5916,-9.789,-9.9736,-11.408,-10.412,8,b,NO,NO.
bind_twin,data/twin_real/real_5000_00201.avi,5000,0,0,-2.8135,-10.5127,-11.4483,-12.0719,-11.3863,8,b,No,No.
order_real,data/videos_real/int_5000ms/real_5000_00201_flip.avi,5000,1,0,-1.4664,-9.8112,-9.9958,-11.492,-10.4966,8,b,NO,NO.
order_real,data/videos_real/int_5000ms/real_5000_00213.avi,5000,0,0,-0.2874,-9.7118,-10.1475,-11.5185,-10.3355,8,a,NO,NO.
order_rev,data/videos_real/int_5000ms/real_5000_00213.avi,5000,0,0,-0.5408,-8.3986,-10.459,-11.6415,-10.2723,8,a,NO,NO.
moved_real,data/videos_real/int_5000ms/real_5000_00213.avi,5000,1,0,-1.4987,-10.2837,-11.0952,-11.6547,-10.4077,8,a,NO,NO.
moved_twin,data/twin_real/real_5000_00213.avi,5000,0,0,-1.4181,-10.1375,-11.0106,-11.5701,-10.261,8,a,NO,NO.
order_twin,data/twin_real/real_5000_00213.avi,5000,-1,0,-0.2843,-9.679,-10.0515,-11.4233,-10.2395,8,a,NO,NO.
bind_twin,data/twin_real/real_5000_00213.avi,5000,1,1,0.8751,-9.9534,-11.4526,-11.8229,-11.0137,8,a,Yes,Yes.
order_real,data/videos_real/int_5000ms/real_5000_00213_flip.avi,5000,1,0,-0.1595,-9.7291,-10.1027,-11.5979,-10.3527,8,a,NO,NO.
order_real,data/videos_real/int_5000ms/real_5000_00225.avi,5000,0,0,-1.1237,-9.9188,-10.2916,-11.6016,-10.5426,8,a,NO,NO.
order_rev,data/videos_real/int_5000ms/real_5000_00225.avi,5000,0,1,0.1581,-7.3213,-10.2569,-11.3798,-10.5062,8,a,YES,YES.
moved_real,data/videos_real/int_5000ms/real_5000_00225.avi,5000,1,0,-2.6686,-10.3603,-11.6076,-11.6693,-10.6098,8,a,NO,NO.
moved_twin,data/twin_real/real_5000_00225.avi,5000,0,0,-2.4043,-10.3991,-11.5219,-11.5212,-10.5854,8,a,NO,NO.
order_twin,data/twin_real/real_5000_00225.avi,5000,-1,0,-0.8283,-9.931,-10.1792,-11.5518,-10.5545,8,a,NO,NO.
bind_twin,data/twin_real/real_5000_00225.avi,5000,1,1,2.9998,-10.0589,-11.9306,-12.1122,-11.303,8,a,YES,YES.
order_real,data/videos_real/int_5000ms/real_5000_00225_flip.avi,5000,1,0,-1.4179,-10.0753,-10.3235,-11.6336,-10.6988,8,a,NO,NO.
order_real,data/videos_real/int_5000ms/real_5000_00237.avi,5000,1,0,-1.2147,-10.304,-10.0527,-12.1098,-10.9898,8,b,NO,NO.
order_rev,data/videos_real/int_5000ms/real_5000_00237.avi,5000,1,0,-0.2793,-8.6239,-10.6228,-11.9933,-10.8724,8,b,NO,NO.
moved_real,data/videos_real/int_5000ms/real_5000_00237.avi,5000,1,0,-2.6394,-10.5964,-11.3428,-11.9024,-10.97,8,b,NO,NO.
moved_twin,data/twin_real/real_5000_00237.avi,5000,0,0,-2.0216,-10.6043,-11.164,-11.8495,-10.7908,8,b,NO,NO.
order_twin,data/twin_real/real_5000_00237.avi,5000,-1,0,-1.2717,-10.1692,-10.1045,-12.0377,-10.917,8,b,NO,NO.
bind_twin,data/twin_real/real_5000_00237.avi,5000,0,0,-1.4397,-11.1895,-11.7511,-12.6864,-11.8139,8,b,No,No.
order_real,data/videos_real/int_5000ms/real_5000_00237_flip.avi,5000,0,0,-1.4196,-10.3401,-10.1508,-12.1464,-11.088,8,b,NO,NO.
order_real,data/videos_real/int_5000ms/real_5000_00249.avi,5000,1,0,-1.3391,-9.9688,-9.8417,-11.5893,-10.7792,8,b,NO,NO.
order_real,data/videos_real/int_5000ms/real_5000_00249_flip.avi,5000,0,0,-1.3583,-9.9821,-9.8548,-11.6023,-10.7922,8,b,NO,NO.
order_real,data/videos_real/int_5000ms/real_5000_00261.avi,5000,0,0,-0.1545,-10.1189,-9.9296,-12.0492,-10.8041,8,a,NO,NO.
order_real,data/videos_real/int_5000ms/real_5000_00261_flip.avi,5000,1,0,0.05,-10.0766,-10.0122,-11.9447,-10.6993,8,a,NO,NO.
order_real,data/videos_real/int_5000ms/real_5000_00273.avi,5000,1,0,-0.5632,-9.9706,-9.9686,-11.8399,-10.5321,8,a,NO,NO.
order_real,data/videos_real/int_5000ms/real_5000_00273_flip.avi,5000,0,0,-0.5632,-9.9082,-10.0309,-11.8394,-10.5319,8,a,NO,NO.
order_real,data/videos_real/int_5000ms/real_5000_00285.avi,5000,1,0,-0.7886,-9.9471,-9.0712,-11.8172,-10.6952,8,b,NO,NO.
order_real,data/videos_real/int_5000ms/real_5000_00285_flip.avi,5000,0,0,-0.9043,-9.9484,-9.0724,-11.8185,-10.6965,8,b,NO,NO.
order_real,data/videos_real/int_5000ms/real_5000_00297.avi,5000,1,0,-0.9567,-10.0978,-10.2825,-11.8422,-10.5328,8,b,NO,NO.
order_real,data/videos_real/int_5000ms/real_5000_00297_flip.avi,5000,0,0,-0.9981,-10.1107,-10.3576,-11.8556,-10.4214,8,b,NO,NO.
order_real,data/videos_real/int_5000ms/real_5000_00309.avi,5000,1,1,0.2511,-10.1036,-10.0391,-11.597,-10.5406,8,b,YES,YES.
order_real,data/videos_real/int_5000ms/real_5000_00309_flip.avi,5000,0,1,0.2282,-10.1117,-9.9852,-11.73,-10.5494,8,b,YES,YES.
order_real,data/videos_real/int_5000ms/real_5000_00321.avi,5000,1,1,0.2131,-10.0771,-10.2009,-11.8213,-10.7013,8,a,YES,YES.
order_real,data/videos_real/int_5000ms/real_5000_00321_flip.avi,5000,0,0,-0.3246,-10.0907,-10.3392,-11.8974,-10.7774,8,a,NO,NO.
order_real,data/videos_real/int_5000ms/real_5000_00333.avi,5000,0,0,-0.3746,-9.8301,-10.2647,-11.4506,-10.64,8,a,NO,NO.
order_real,data/videos_real/int_5000ms/real_5000_00333_flip.avi,5000,1,0,-0.4994,-9.6542,-10.151,-11.3372,-10.4642,8,a,NO,NO.
order_real,data/videos_real/int_5000ms/real_5000_00345.avi,5000,1,0,-1.3353,-10.0904,-10.2757,-11.7737,-10.7139,8,b,NO,NO.
order_real,data/videos_real/int_5000ms/real_5000_00345_flip.avi,5000,0,0,-0.9036,-10.1515,-10.2749,-11.8975,-10.7755,8,b,NO,NO.
order_real,data/videos_real/int_5000ms/real_5000_00357.avi,5000,0,0,-2.0025,-10.4545,-10.1398,-11.8872,-10.7037,8,a,NO,NO.
order_real,data/videos_real/int_5000ms/real_5000_00357_flip.avi,5000,1,0,-2.2793,-10.5747,-10.2598,-11.9443,-10.7616,8,a,NO,NO.
order_real,data/videos_real/int_5000ms/real_5000_00369.avi,5000,0,0,-0.717,-9.7514,-10.1857,-11.3091,-10.6249,8,a,NO,NO.
order_real,data/videos_real/int_5000ms/real_5000_00369_flip.avi,5000,1,0,-0.7492,-9.745,-10.1167,-11.302,-10.6185,8,a,NO,NO.
order_real,data/videos_real/int_5000ms/real_5000_00381.avi,5000,0,1,0.1826,-10.1226,-9.8704,-11.9279,-10.8704,8,a,YES,YES.
order_real,data/videos_real/int_5000ms/real_5000_00381_flip.avi,5000,1,1,0.259,-10.4047,-10.0903,-12.0861,-11.0279,8,a,Yes,Yes.
order_real,data/videos_real/int_5000ms/real_5000_00393.avi,5000,0,0,-0.6571,-10.0604,-9.8714,-11.6806,-10.0594,8,b,No,No.
order_real,data/videos_real/int_5000ms/real_5000_00393_flip.avi,5000,1,0,-0.4072,-9.9038,-9.8394,-11.5243,-9.9025,8,b,No,No.
order_real,data/videos_real/int_5000ms/real_5000_00405.avi,5000,1,1,0.72,-10.0359,-9.2845,-11.8422,-10.7219,8,a,Yes,Yes.
order_real,data/videos_real/int_5000ms/real_5000_00405_flip.avi,5000,0,0,-0.0142,-9.9688,-9.1546,-11.7749,-10.6549,8,a,NO,NO.
order_real,data/videos_real/int_5000ms/real_5000_00417.avi,5000,1,0,-0.8419,-9.5334,-9.9058,-11.2786,-10.5311,8,b,NO,NO.
order_real,data/videos_real/int_5000ms/real_5000_00417_flip.avi,5000,0,0,-0.717,-9.5714,-10.0059,-11.3779,-10.5687,8,b,NO,NO.
order_real,data/videos_real/int_5000ms/real_5000_00429.avi,5000,1,0,-0.4042,-9.8914,-10.0146,-11.4496,-9.3909,8,b,NO,NO.
order_real,data/videos_real/int_5000ms/real_5000_00429_flip.avi,5000,0,0,-0.4115,-9.8484,-9.8467,-11.4069,-9.2854,8,b,NO,NO.
order_real,data/videos_real/int_5000ms/real_5000_00441.avi,5000,0,1,-0.0484,-10.3879,-10.0109,-11.881,-10.7617,8,a,Yes,Yes.
order_real,data/videos_real/int_5000ms/real_5000_00441_flip.avi,5000,1,1,0.0317,-10.3038,-9.9894,-11.8595,-10.6777,8,a,Yes,Yes.
order_real,data/videos_real/int_5000ms/real_5000_00453.avi,5000,0,1,0.2503,-9.7191,-10.0921,-11.1515,-10.8416,8,a,YES,YES.
order_real,data/videos_real/int_5000ms/real_5000_00453_flip.avi,5000,1,1,0.2503,-9.8083,-10.119,-11.3021,-10.8064,8,a,YES,YES.
order_real,data/videos_real/int_5000ms/real_5000_00465.avi,5000,0,0,-0.3386,-9.8613,-9.7976,-11.6681,-10.6718,8,a,NO,NO.
order_real,data/videos_real/int_5000ms/real_5000_00465_flip.avi,5000,1,0,-0.3125,-9.6262,-9.7497,-11.5583,-10.5617,8,a,NO,NO.
order_real,data/videos_real/int_5000ms/real_5000_00477.avi,5000,0,0,-0.4753,-10.009,-10.0692,-11.5669,-10.8195,8,a,No,No.
order_real,data/videos_real/int_5000ms/real_5000_00477_flip.avi,5000,1,0,-0.2935,-9.9485,-10.0714,-11.5061,-10.8213,8,a,No,No.
order_real,data/videos_real/int_5000ms/real_5000_00489.avi,5000,0,0,-0.823,-9.8474,-9.9088,-11.9043,-10.7206,8,b,NO,NO.
order_real,data/videos_real/int_5000ms/real_5000_00489_flip.avi,5000,1,0,-0.758,-9.7704,-9.8943,-11.8278,-10.6436,8,b,NO,NO.
order_real,data/videos_real/int_5000ms/real_5000_00501.avi,5000,1,1,0.2068,-10.2235,-10.4088,-11.5929,-10.4726,8,a,YES,YES.
order_real,data/videos_real/int_5000ms/real_5000_00501_flip.avi,5000,0,1,0.3462,-10.2587,-10.3195,-11.5656,-10.5699,8,a,YES,YES.
order_real,data/videos_real/int_5000ms/real_5000_00513.avi,5000,1,0,-1.1387,-10.3078,-10.056,-11.7408,-10.7443,8,b,NO,NO.
order_real,data/videos_real/int_5000ms/real_5000_00513_flip.avi,5000,0,0,-1.1311,-10.2996,-10.0475,-11.7947,-10.7358,8,b,NO,NO.
order_real,data/videos_real/int_5000ms/real_5000_00525.avi,5000,1,0,-0.5852,-9.8655,-9.9268,-11.6103,-10.5509,8,b,NO,NO.
order_real,data/videos_real/int_5000ms/real_5000_00525_flip.avi,5000,0,0,-0.6333,-9.8757,-9.9371,-11.6828,-10.5613,8,b,NO,NO.
order_real,data/videos_real/int_5000ms/real_5000_00537.avi,5000,1,0,-1.2953,-10.1166,-10.176,-11.5508,-11.1148,8,b,NO,NO.
order_real,data/videos_real/int_5000ms/real_5000_00537_flip.avi,5000,0,0,-1.7158,-9.9602,-9.8946,-11.3318,-10.8335,8,b,NO,NO.
order_real,data/videos_real/int_5000ms/real_5000_00549.avi,5000,0,0,-1.3732,-10.619,-10.5544,-12.051,-11.1802,8,b,NO,NO.
order_real,data/videos_real/int_5000ms/real_5000_00549_flip.avi,5000,1,0,-1.2639,-10.589,-10.6489,-12.0207,-11.1501,8,b,NO,NO.
order_real,data/videos_real/int_5000ms/real_5000_00561.avi,5000,0,0,-0.8811,-10.1812,-9.9922,-11.864,-10.7425,8,a,NO,NO.
order_real,data/videos_real/int_5000ms/real_5000_00561_flip.avi,5000,1,0,-0.9414,-10.1639,-9.9752,-11.8465,-10.7876,8,a,NO,NO.
order_real,data/videos_real/int_5000ms/real_5000_00573.avi,5000,0,0,-0.5669,-10.0995,-10.222,-11.7164,-10.6595,8,b,NO,NO.
order_real,data/videos_real/int_5000ms/real_5000_00573_flip.avi,5000,1,0,-0.6881,-10.2368,-10.2972,-11.7916,-10.7347,8,b,NO,NO.
order_real,data/videos_real/int_5000ms/real_5000_00585.avi,5000,0,0,-0.3513,-9.8465,-9.9072,-11.3407,-10.0321,8,b,NO,NO.
order_real,data/videos_real/int_5000ms/real_5000_00585_flip.avi,5000,1,0,0.0124,-9.9074,-9.9685,-11.4641,-10.1554,8,b,NO,NO.
order_real,data/videos_real/int_5000ms/real_5000_00597.avi,5000,0,1,0.3303,-9.9198,-9.855,-11.7272,-10.7928,8,a,YES,YES.
order_real,data/videos_real/int_5000ms/real_5000_00597_flip.avi,5000,1,1,0.3756,-9.9625,-9.8359,-11.7704,-10.8358,8,a,YES,YES.
order_real,data/videos_real/int_7000ms/real_7000_00010.avi,7000,1,0,-1.239,-10.4437,-10.1914,-12.0629,-10.5054,8,b,No,No.
order_rev,data/videos_real/int_7000ms/real_7000_00010.avi,7000,1,0,-1.9188,-9.2497,-11.0608,-12.1825,-10.7489,8,b,No,No.
moved_real,data/videos_real/int_7000ms/real_7000_00010.avi,7000,1,1,2.2499,-10.6142,-11.4262,-12.1067,-9.989,8,b,YES,YES.
moved_twin,data/twin_real/real_7000_00010.avi,7000,0,1,0.1491,-10.2294,-11.0399,-11.6602,-9.48,8,b,Yes,Yes.
order_twin,data/twin_real/real_7000_00010.avi,7000,-1,0,-1.3358,-10.2301,-9.9775,-11.8496,-10.1043,8,b,No,No.
bind_twin,data/twin_real/real_7000_00010.avi,7000,0,0,-2.8915,-11.846,-12.7819,-13.2798,-12.5329,8,b,No,No.
order_real,data/videos_real/int_7000ms/real_7000_00010_flip.avi,7000,0,0,-1.2389,-10.3859,-10.0713,-11.8814,-10.3228,8,b,No,No.
order_real,data/videos_real/int_7000ms/real_7000_00022.avi,7000,1,0,-0.9571,-9.7877,-9.9735,-11.5957,-10.5988,8,b,NO,NO.
order_rev,data/videos_real/int_7000ms/real_7000_00022.avi,7000,1,0,-1.0856,-8.1522,-10.6503,-11.5855,-10.4631,8,b,NO,NO.
moved_real,data/videos_real/int_7000ms/real_7000_00022.avi,7000,1,0,-1.6317,-10.0827,-11.3288,-11.5154,-10.2691,8,b,NO,NO.
moved_twin,data/twin_real/real_7000_00022.avi,7000,0,0,-1.3894,-9.9505,-11.2593,-11.446,-10.1991,8,b,NO,NO.
order_twin,data/twin_real/real_7000_00022.avi,7000,-1,0,-0.9608,-9.565,-9.8753,-11.3735,-10.5006,8,b,NO,NO.
bind_twin,data/twin_real/real_7000_00022.avi,7000,0,0,-3.4803,-10.7949,-11.9179,-12.1668,-11.606,8,b,No,No.
order_real,data/videos_real/int_7000ms/real_7000_00022_flip.avi,7000,0,0,-0.8323,-9.6991,-9.9475,-11.5702,-10.5727,8,b,NO,NO.
order_real,data/videos_real/int_7000ms/real_7000_00034.avi,7000,0,0,-0.682,-10.0284,-10.463,-11.5864,-11.0258,8,a,NO,NO.
order_rev,data/videos_real/int_7000ms/real_7000_00034.avi,7000,0,0,-0.1906,-8.8761,-10.8121,-11.8099,-11.1241,8,a,NO,NO.
moved_real,data/videos_real/int_7000ms/real_7000_00034.avi,7000,1,0,-1.646,-10.0749,-11.3216,-11.3842,-10.698,8,a,NO,NO.
moved_twin,data/twin_real/real_7000_00034.avi,7000,0,0,-2.2712,-10.2468,-11.5552,-11.3683,-10.6826,8,a,NO,NO.
order_twin,data/twin_real/real_7000_00034.avi,7000,-1,0,-0.6068,-10.0847,-10.3321,-11.518,-10.9571,8,a,NO,NO.
bind_twin,data/twin_real/real_7000_00034.avi,7000,1,1,3.3748,-10.4225,-11.9822,-11.919,-11.7318,8,a,YES,YES.
order_real,data/videos_real/int_7000ms/real_7000_00034_flip.avi,7000,1,0,-0.4463,-10.1276,-10.3125,-11.6229,-11.0624,8,a,NO,NO.
order_real,data/videos_real/int_7000ms/real_7000_00046.avi,7000,1,0,-0.6613,-9.7506,-9.874,-11.6197,-10.6247,8,a,NO,NO.
order_rev,data/videos_real/int_7000ms/real_7000_00046.avi,7000,1,0,-0.249,-8.4341,-10.6828,-11.7419,-10.621,8,a,NO,NO.
moved_real,data/videos_real/int_7000ms/real_7000_00046.avi,7000,1,0,-2.1389,-10.4538,-11.5755,-12.0733,-10.766,8,a,NO,NO.
moved_twin,data/twin_real/real_7000_00046.avi,7000,0,0,-2.1391,-10.3901,-11.3877,-11.9481,-10.7023,8,a,NO,NO.
order_twin,data/twin_real/real_7000_00046.avi,7000,-1,0,-0.2935,-9.7906,-9.914,-11.6602,-10.6647,8,a,NO,NO.
bind_twin,data/twin_real/real_7000_00046.avi,7000,1,1,0.42,-10.4801,-11.7279,-12.4106,-11.5409,8,a,Yes,Yes.
order_real,data/videos_real/int_7000ms/real_7000_00046_flip.avi,7000,0,0,-0.2863,-9.8938,-9.8926,-11.7012,-10.7055,8,a,NO,NO.
order_real,data/videos_real/int_7000ms/real_7000_00058.avi,7000,0,0,-0.9186,-10.1334,-10.3806,-11.8785,-10.8188,8,b,NO,NO.
order_rev,data/videos_real/int_7000ms/real_7000_00058.avi,7000,0,0,-1.3017,-8.707,-10.8915,-11.9512,-10.7044,8,b,NO,NO.
moved_real,data/videos_real/int_7000ms/real_7000_00058.avi,7000,1,1,0.7732,-10.4001,-11.3974,-11.957,-10.9604,8,b,YES,YES.
moved_twin,data/twin_real/real_7000_00058.avi,7000,0,0,-0.4382,-10.2652,-11.2618,-11.7598,-10.7627,8,b,NO,NO.
order_twin,data/twin_real/real_7000_00058.avi,7000,-1,0,-1.2716,-10.0466,-10.2935,-11.7916,-10.7942,8,b,NO,NO.
bind_twin,data/twin_real/real_7000_00058.avi,7000,0,1,0.3251,-10.5635,-11.6235,-12.2453,-11.4982,8,b,Yes,Yes.
order_real,data/videos_real/int_7000ms/real_7000_00058_flip.avi,7000,1,0,-0.9112,-10.1109,-10.2958,-11.9178,-10.8582,8,b,NO,NO.
order_real,data/videos_real/int_7000ms/real_7000_00070.avi,7000,0,1,0.3199,-9.8495,-10.2214,-10.908,-10.286,8,a,YES,YES.
order_rev,data/videos_real/int_7000ms/real_7000_00070.avi,7000,0,0,-0.548,-8.1237,-10.5582,-11.0573,-10.1231,8,a,NO,NO.
moved_real,data/videos_real/int_7000ms/real_7000_00070.avi,7000,1,0,-1.45,-10.2574,-11.441,-11.2531,-10.5688,8,a,NO,NO.
moved_twin,data/twin_real/real_7000_00070.avi,7000,0,0,-1.9993,-9.9925,-11.3638,-10.9276,-10.4282,8,a,NO,NO.
order_twin,data/twin_real/real_7000_00070.avi,7000,-1,0,-0.1535,-9.3003,-9.9219,-10.4219,-9.9859,8,a,NO,NO.
bind_twin,data/twin_real/real_7000_00070.avi,7000,1,1,1.8144,-9.9166,-11.7232,-11.2239,-11.1001,8,a,YES,YES.
order_real,data/videos_real/int_7000ms/real_7000_00070_flip.avi,7000,1,0,-0.2758,-9.7704,-10.2043,-10.7664,-10.1442,8,a,NO,NO.
order_real,data/videos_real/int_7000ms/real_7000_00082.avi,7000,1,1,1.1023,-10.2454,-10.1807,-11.6751,-9.6197,8,a,YES,YES.
order_rev,data/videos_real/int_7000ms/real_7000_00082.avi,7000,1,0,-0.5202,-8.7997,-10.7364,-11.8578,-10.4867,8,a,No,No.
moved_real,data/videos_real/int_7000ms/real_7000_00082.avi,7000,1,0,-0.1393,-10.4048,-11.2777,-11.65,-9.1558,8,a,NO,NO.
moved_twin,data/twin_real/real_7000_00082.avi,7000,0,0,-1.8054,-10.3551,-11.4142,-11.3513,-8.9182,8,a,NO,NO.
order_twin,data/twin_real/real_7000_00082.avi,7000,-1,1,0.2204,-9.8186,-10.0036,-11.1878,-9.1309,8,a,YES,YES.
bind_twin,data/twin_real/real_7000_00082.avi,7000,1,1,1.5576,-10.2246,-11.473,-12.0298,-10.0983,8,a,Yes,Yes.
order_real,data/videos_real/int_7000ms/real_7000_00082_flip.avi,7000,0,1,0.3608,-10.1734,-10.1092,-11.6039,-9.5478,8,a,YES,YES.
order_real,data/videos_real/int_7000ms/real_7000_00094.avi,7000,1,0,-0.9994,-9.6486,-10.2079,-11.4561,-10.7086,8,a,NO,NO.
order_rev,data/videos_real/int_7000ms/real_7000_00094.avi,7000,1,0,-0.2494,-8.1862,-10.6843,-11.6198,-10.8721,8,a,NO,NO.
moved_real,data/videos_real/int_7000ms/real_7000_00094.avi,7000,1,0,-2.8596,-10.6193,-11.9286,-11.9903,-10.8682,8,a,NO,NO.
moved_twin,data/twin_real/real_7000_00094.avi,7000,0,0,-2.6618,-10.5275,-11.7116,-11.7102,-10.5886,8,a,NO,NO.
order_twin,data/twin_real/real_7000_00094.avi,7000,-1,0,-0.8742,-9.5897,-9.8369,-11.2718,-10.3998,8,a,NO,NO.
bind_twin,data/twin_real/real_7000_00094.avi,7000,1,1,2.9507,-10.2766,-11.7726,-12.0164,-11.5206,8,a,YES,YES.
order_real,data/videos_real/int_7000ms/real_7000_00094_flip.avi,7000,0,0,-0.8737,-9.7397,-9.9868,-11.4218,-10.4876,8,a,NO,NO.
order_real,data/videos_real/int_7000ms/real_7000_00106.avi,7000,0,1,0.3403,-9.6162,-9.8,-11.3592,-10.4884,8,a,YES,YES.
order_rev,data/videos_real/int_7000ms/real_7000_00106.avi,7000,0,0,-0.7035,-7.7188,-10.5281,-11.3394,-10.4663,8,a,NO,NO.
moved_real,data/videos_real/int_7000ms/real_7000_00106.avi,7000,1,0,-1.0145,-10.278,-11.3376,-11.7731,-10.6513,8,a,NO,NO.
moved_twin,data/twin_real/real_7000_00106.avi,7000,0,0,-2.3743,-10.0737,-11.5078,-11.507,-10.5715,8,a,NO,NO.
order_twin,data/twin_real/real_7000_00106.avi,7000,-1,0,-0.073,-9.4434,-9.876,-11.1872,-10.3782,8,a,NO,NO.
bind_twin,data/twin_real/real_7000_00106.avi,7000,1,1,2.5913,-10.3002,-12.0464,-12.2288,-11.8572,8,a,YES,YES.
order_real,data/videos_real/int_7000ms/real_7000_00106_flip.avi,7000,1,1,0.5519,-9.6576,-9.9033,-11.4015,-10.5297,8,a,YES,YES.
order_real,data/videos_real/int_7000ms/real_7000_00118.avi,7000,0,0,-0.4667,-9.4701,-9.9055,-11.2166,-10.2192,8,b,NO,NO.
order_rev,data/videos_real/int_7000ms/real_7000_00118.avi,7000,0,0,-0.4992,-8.4904,-10.5509,-11.1128,-10.2392,8,b,NO,NO.
moved_real,data/videos_real/int_7000ms/real_7000_00118.avi,7000,1,1,3.1965,-10.8467,-12.0958,-12.1532,-11.3457,8,b,YES,YES.
moved_twin,data/twin_real/real_7000_00118.avi,7000,0,0,-0.2789,-9.7973,-10.982,-11.044,-10.1088,8,b,NO,NO.
order_twin,data/twin_real/real_7000_00118.avi,7000,-1,0,-1.0887,-9.5627,-9.8729,-10.9977,-10.0619,8,b,NO,NO.
bind_twin,data/twin_real/real_7000_00118.avi,7000,0,0,-1.4995,-9.7215,-11.2193,-11.4686,-10.6576,8,b,NO,NO.
order_real,data/videos_real/int_7000ms/real_7000_00118_flip.avi,7000,1,0,-0.1878,-9.2457,-9.8058,-11.2412,-10.1817,8,b,NO,NO.
order_real,data/videos_real/int_7000ms/real_7000_00130.avi,7000,1,0,-0.1771,-9.7991,-9.3603,-11.419,-10.4224,8,a,NO,NO.
order_rev,data/videos_real/int_7000ms/real_7000_00130.avi,7000,1,0,-0.5506,-8.4045,-10.5902,-11.401,-10.5282,8,a,NO,NO.
moved_real,data/videos_real/int_7000ms/real_7000_00130.avi,7000,1,0,-0.2132,-9.9158,-10.4764,-11.5365,-10.1653,8,a,NO,NO.
moved_twin,data/twin_real/real_7000_00130.avi,7000,0,0,-1.4992,-10.2862,-10.9715,-11.5334,-10.4729,8,a,NO,NO.
order_twin,data/twin_real/real_7000_00130.avi,7000,-1,0,-0.6697,-9.8258,-9.5114,-11.1345,-10.3864,8,a,NO,NO.
bind_twin,data/twin_real/real_7000_00130.avi,7000,1,1,3.1775,-10.1195,-11.5556,-12.0537,-11.5551,8,a,YES,YES.
order_real,data/videos_real/int_7000ms/real_7000_00130_flip.avi,7000,0,0,-0.0592,-9.7125,-9.3358,-11.2707,-10.3985,8,a,NO,NO.
order_real,data/videos_real/int_7000ms/real_7000_00142.avi,7000,1,0,-0.8394,-9.9674,-9.9034,-11.462,-10.653,8,b,NO,NO.
order_rev,data/videos_real/int_7000ms/real_7000_00142.avi,7000,1,0,-1.6236,-8.2166,-10.6521,-11.5867,-10.5892,8,b,NO,NO.
moved_real,data/videos_real/int_7000ms/real_7000_00142.avi,7000,1,0,-1.1953,-10.1115,-11.2335,-11.1066,-10.3598,8,b,NO,NO.
moved_twin,data/twin_real/real_7000_00142.avi,7000,0,0,-1.2487,-9.9683,-11.1522,-10.9637,-10.3411,8,b,NO,NO.
order_twin,data/twin_real/real_7000_00142.avi,7000,-1,0,-0.6959,-9.8767,-9.9996,-11.3087,-10.6245,8,b,NO,NO.
bind_twin,data/twin_real/real_7000_00142.avi,7000,0,0,-1.4357,-10.655,-11.5283,-12.0261,-11.3412,8,b,No,No.
order_real,data/videos_real/int_7000ms/real_7000_00142_flip.avi,7000,0,0,-0.6012,-10.0605,-10.1839,-11.6798,-10.8714,8,b,NO,NO.
order_real,data/videos_real/int_7000ms/real_7000_00154.avi,7000,1,0,-0.707,-9.9222,-10.0458,-11.7926,-10.7339,8,b,NO,NO.
order_rev,data/videos_real/int_7000ms/real_7000_00154.avi,7000,1,0,-1.5311,-8.0225,-10.8323,-11.642,-10.5202,8,b,NO,NO.
moved_real,data/videos_real/int_7000ms/real_7000_00154.avi,7000,1,1,1.7502,-10.5724,-11.6342,-12.0661,-10.9473,8,b,YES,YES.
moved_twin,data/twin_real/real_7000_00154.avi,7000,0,0,-1.272,-10.0544,-11.487,-11.5483,-10.2416,8,b,NO,NO.
order_twin,data/twin_real/real_7000_00154.avi,7000,-1,0,-1.0605,-9.6307,-10.0017,-11.4374,-10.5037,8,b,NO,NO.
bind_twin,data/twin_real/real_7000_00154.avi,7000,0,0,-2.7115,-10.6677,-11.6032,-12.04,-11.416,8,b,No,No.
order_real,data/videos_real/int_7000ms/real_7000_00154_flip.avi,7000,0,0,-1.092,-9.7707,-10.0186,-11.5172,-10.6449,8,b,NO,NO.
order_real,data/videos_real/int_7000ms/real_7000_00166.avi,7000,1,0,-1.0294,-10.3025,-10.362,-11.7977,-10.801,8,a,NO,NO.
order_rev,data/videos_real/int_7000ms/real_7000_00166.avi,7000,1,0,-0.3741,-8.1808,-10.8658,-11.6762,-10.7414,8,a,NO,NO.
moved_real,data/videos_real/int_7000ms/real_7000_00166.avi,7000,1,0,-0.3956,-10.5953,-11.593,-12.1523,-10.9063,8,a,No,No.
moved_twin,data/twin_real/real_7000_00166.avi,7000,0,0,-1.4228,-10.6218,-11.7438,-11.9301,-10.7449,8,a,No,No.
order_twin,data/twin_real/real_7000_00166.avi,7000,-1,0,-1.2037,-10.0126,-10.3845,-11.4458,-10.6352,8,a,NO,NO.
bind_twin,data/twin_real/real_7000_00166.avi,7000,1,1,3.1324,-9.8742,-12.3063,-12.1803,-11.3688,8,a,YES,YES.
order_real,data/videos_real/int_7000ms/real_7000_00166_flip.avi,7000,0,0,-1.1015,-10.2838,-10.4058,-11.7785,-10.8448,8,a,NO,NO.
order_real,data/videos_real/int_7000ms/real_7000_00178.avi,7000,1,0,-0.3093,-9.9413,-10.1265,-11.5605,-10.564,8,a,No,No.
order_rev,data/videos_real/int_7000ms/real_7000_00178.avi,7000,1,0,-0.8846,-8.8794,-10.8771,-11.8108,-10.6891,8,a,No,No.
moved_real,data/videos_real/int_7000ms/real_7000_00178.avi,7000,1,0,-1.7199,-10.642,-11.7015,-12.1365,-10.9532,8,a,No,No.
moved_twin,data/twin_real/real_7000_00178.avi,7000,0,0,-2.0865,-10.4983,-11.6826,-11.9312,-10.8717,8,a,No,No.
order_twin,data/twin_real/real_7000_00178.avi,7000,-1,0,-0.858,-9.8745,-10.184,-11.4934,-10.5594,8,a,No,No.
bind_twin,data/twin_real/real_7000_00178.avi,7000,1,1,0.7161,-10.1066,-11.6671,-12.0988,-11.4779,8,a,Yes,Yes.
order_real,data/videos_real/int_7000ms/real_7000_00178_flip.avi,7000,0,0,-0.6082,-10.0142,-10.3238,-11.5705,-10.6993,8,a,No,No.
order_real,data/videos_real/int_7000ms/real_7000_00190.avi,7000,1,1,0.3118,-10.0634,-9.9365,-11.6833,-10.1877,8,a,Yes,Yes.
order_rev,data/videos_real/int_7000ms/real_7000_00190.avi,7000,1,0,-0.249,-7.9326,-10.4311,-11.5527,-10.431,8,a,NO,NO.
moved_real,data/videos_real/int_7000ms/real_7000_00190.avi,7000,1,1,1.5002,-10.4455,-11.3821,-12.0022,-10.1958,8,a,YES,YES.
moved_twin,data/twin_real/real_7000_00190.avi,7000,0,0,-0.8739,-10.1136,-11.1113,-11.671,-9.8626,8,a,No,No.
order_twin,data/twin_real/real_7000_00190.avi,7000,-1,1,0.0089,-10.0856,-9.9586,-11.7055,-10.2721,8,a,Yes,Yes.
bind_twin,data/twin_real/real_7000_00190.avi,7000,1,1,0.3753,-10.5265,-11.5249,-12.2695,-11.0249,8,a,Yes,Yes.
order_real,data/videos_real/int_7000ms/real_7000_00190_flip.avi,7000,0,1,0.1418,-10.2797,-10.0281,-11.8376,-10.4665,8,a,Yes,Yes.
order_real,data/videos_real/int_7000ms/real_7000_00202.avi,7000,1,0,-0.3816,-10.3541,-10.2897,-11.9121,-10.5406,8,b,NO,NO.
order_rev,data/videos_real/int_7000ms/real_7000_00202.avi,7000,1,0,-0.7108,-9.1301,-11.0041,-12.0012,-10.5668,8,b,No,No.
moved_real,data/videos_real/int_7000ms/real_7000_00202.avi,7000,1,0,-1.8221,-11.1018,-12.0365,-12.4718,-11.413,8,b,No,No.
moved_twin,data/twin_real/real_7000_00202.avi,7000,0,0,-2.6237,-10.6452,-11.83,-11.8915,-10.8935,8,b,NO,NO.
order_twin,data/twin_real/real_7000_00202.avi,7000,-1,0,-0.8738,-9.9596,-10.1451,-11.6429,-10.2081,8,b,NO,NO.
bind_twin,data/twin_real/real_7000_00202.avi,7000,0,1,0.4806,-10.5811,-11.7659,-12.4473,-11.578,8,b,Yes,Yes.
order_real,data/videos_real/int_7000ms/real_7000_00202_flip.avi,7000,0,0,-0.5671,-10.4068,-10.2801,-11.9653,-10.5309,8,b,NO,NO.
order_real,data/videos_real/int_7000ms/real_7000_00214.avi,7000,1,0,-0.6698,-9.4853,-9.7949,-11.2313,-10.359,8,a,NO,NO.
order_rev,data/videos_real/int_7000ms/real_7000_00214.avi,7000,1,0,-0.9907,-8.2712,-10.519,-11.33,-10.4568,8,a,No,No.
moved_real,data/videos_real/int_7000ms/real_7000_00214.avi,7000,1,0,-1.7523,-9.9929,-11.2403,-11.3016,-10.5545,8,a,NO,NO.
moved_twin,data/twin_real/real_7000_00214.avi,7000,0,0,-1.4193,-9.8438,-11.0913,-11.215,-10.4682,8,a,NO,NO.
order_twin,data/twin_real/real_7000_00214.avi,7000,-1,0,-0.8513,-9.3074,-9.7414,-11.1153,-10.2428,8,a,NO,NO.
bind_twin,data/twin_real/real_7000_00214.avi,7000,1,1,1.2005,-9.2534,-11.0635,-11.0612,-10.7507,8,a,Yes,Yes.
order_real,data/videos_real/int_7000ms/real_7000_00214_flip.avi,7000,0,0,-0.692,-9.6841,-9.8692,-11.3676,-10.3708,8,a,NO,NO.
order_real,data/videos_real/int_7000ms/real_7000_00226.avi,7000,0,0,-0.0013,-9.8079,-9.994,-10.9311,-10.6811,8,a,NO,NO.
order_rev,data/videos_real/int_7000ms/real_7000_00226.avi,7000,0,0,-0.2395,-8.971,-10.2199,-11.1566,-10.6564,8,a,NO,NO.
moved_real,data/videos_real/int_7000ms/real_7000_00226.avi,7000,1,0,-1.2715,-10.2046,-11.3279,-11.3902,-10.8908,8,a,NO,NO.
moved_twin,data/twin_real/real_7000_00226.avi,7000,0,0,-1.6321,-10.0934,-11.3411,-11.1537,-10.7793,8,a,NO,NO.
order_twin,data/twin_real/real_7000_00226.avi,7000,-1,0,-0.1531,-9.5246,-9.8977,-10.7097,-10.5845,8,a,NO,NO.
bind_twin,data/twin_real/real_7000_00226.avi,7000,1,1,1.2722,-10.0795,-11.5774,-11.3271,-11.8258,8,a,YES,YES.
order_real,data/videos_real/int_7000ms/real_7000_00226_flip.avi,7000,1,0,0.162,-9.7044,-10.0153,-10.952,-10.7646,8,a,NO,NO.
order_real,data/videos_real/int_7000ms/real_7000_00238.avi,7000,1,0,-0.0287,-9.2922,-9.9135,-11.0985,-10.4134,8,a,NO,NO.
order_rev,data/videos_real/int_7000ms/real_7000_00238.avi,7000,1,0,-0.0553,-8.2086,-10.6432,-11.516,-10.7057,8,a,NO,NO.
moved_real,data/videos_real/int_7000ms/real_7000_00238.avi,7000,1,0,-0.0859,-9.8225,-11.1932,-11.3775,-10.5078,8,a,NO,NO.
moved_twin,data/twin_real/real_7000_00238.avi,7000,0,0,-0.7494,-9.7172,-11.1495,-11.1481,-10.3383,8,a,NO,NO.
order_twin,data/twin_real/real_7000_00238.avi,7000,-1,1,0.0456,-9.2701,-9.9539,-11.0757,-10.3283,8,a,YES,YES.
bind_twin,data/twin_real/real_7000_00238.avi,7000,1,1,2.0864,-9.5968,-11.7159,-11.6497,-11.338,8,a,YES,YES.
order_real,data/videos_real/int_7000ms/real_7000_00238_flip.avi,7000,0,1,0.2045,-9.2952,-9.916,-11.2248,-10.4152,8,a,YES,YES.
order_real,data/videos_real/int_7000ms/real_7000_00250.avi,7000,0,1,0.368,-10.3516,-10.3495,-11.7204,-10.5382,8,a,Yes,Yes.
order_real,data/videos_real/int_7000ms/real_7000_00250_flip.avi,7000,1,1,0.2206,-10.3086,-10.3689,-11.6778,-10.3702,8,a,YES,YES.
order_real,data/videos_real/int_7000ms/real_7000_00262.avi,7000,0,0,-0.6307,-10.2019,-9.8873,-11.8202,-10.5751,8,a,NO,NO.
order_real,data/videos_real/int_7000ms/real_7000_00262_flip.avi,7000,1,0,-0.3284,-10.0169,-9.7017,-11.6965,-10.3897,8,a,NO,NO.
order_real,data/videos_real/int_7000ms/real_7000_00274.avi,7000,0,1,0.2353,-9.9127,-9.4742,-11.595,-10.7233,8,a,YES,YES.
order_real,data/videos_real/int_7000ms/real_7000_00274_flip.avi,7000,1,0,0.0501,-9.8279,-9.3279,-11.5736,-10.6389,8,a,NO,NO.
order_real,data/videos_real/int_7000ms/real_7000_00286.avi,7000,1,0,-0.9605,-9.9949,-10.1811,-11.5536,-10.6188,8,a,NO,NO.
order_real,data/videos_real/int_7000ms/real_7000_00286_flip.avi,7000,0,0,-0.5855,-10.1125,-10.236,-11.7331,-10.7365,8,a,NO,NO.
order_real,data/videos_real/int_7000ms/real_7000_00298.avi,7000,1,0,-0.0368,-10.1333,-10.0058,-11.8136,-10.6311,8,a,NO,NO.
order_real,data/videos_real/int_7000ms/real_7000_00298_flip.avi,7000,0,0,0.0432,-10.1105,-9.9828,-11.791,-10.6085,8,a,NO,NO.
order_real,data/videos_real/int_7000ms/real_7000_00310.avi,7000,1,0,-0.8739,-9.7885,-9.9121,-11.5351,-10.5999,8,b,NO,NO.
order_real,data/videos_real/int_7000ms/real_7000_00310_flip.avi,7000,0,0,-0.6684,-9.7112,-9.8976,-11.5201,-10.5851,8,b,NO,NO.
order_real,data/videos_real/int_7000ms/real_7000_00322.avi,7000,0,0,0.0363,-9.7901,-9.8508,-11.4077,-10.2873,8,a,NO,NO.
order_real,data/videos_real/int_7000ms/real_7000_00322_flip.avi,7000,1,0,-0.2104,-9.9562,-10.0169,-11.5121,-10.3294,8,a,NO,NO.
order_real,data/videos_real/int_7000ms/real_7000_00334.avi,7000,0,0,-0.5011,-10.1432,-10.0784,-11.3271,-10.954,8,b,NO,NO.
order_real,data/videos_real/int_7000ms/real_7000_00334_flip.avi,7000,1,0,-0.6262,-10.1611,-10.0965,-11.3457,-10.9096,8,b,NO,NO.
order_real,data/videos_real/int_7000ms/real_7000_00346.avi,7000,1,0,-0.5921,-9.7358,-9.9843,-11.2952,-10.6086,8,b,NO,NO.
order_real,data/videos_real/int_7000ms/real_7000_00346_flip.avi,7000,0,0,-0.3478,-9.7118,-9.8356,-11.2708,-10.3973,8,b,NO,NO.
order_real,data/videos_real/int_7000ms/real_7000_00358.avi,7000,0,0,-0.6879,-9.9917,-9.9271,-11.673,-10.6765,8,b,NO,NO.
order_real,data/videos_real/int_7000ms/real_7000_00358_flip.avi,7000,1,0,-0.4985,-9.9325,-9.8679,-11.6131,-10.6799,8,b,No,No.
order_real,data/videos_real/int_7000ms/real_7000_00370.avi,7000,0,0,-1.6545,-10.3401,-10.5238,-11.8965,-10.8386,8,a,NO,NO.
order_real,data/videos_real/int_7000ms/real_7000_00370_flip.avi,7000,1,0,-1.0141,-10.3368,-10.3958,-11.8309,-10.7106,8,a,NO,NO.
order_real,data/videos_real/int_7000ms/real_7000_00382.avi,7000,0,0,-0.3285,-9.9818,-10.1681,-11.6624,-10.6047,8,a,NO,NO.
order_real,data/videos_real/int_7000ms/real_7000_00382_flip.avi,7000,1,0,-0.4989,-9.9606,-10.1461,-11.7037,-10.6452,8,a,NO,NO.
order_real,data/videos_real/int_7000ms/real_7000_00394.avi,7000,1,0,-1.0291,-10.2888,-10.0995,-11.7214,-10.1002,8,b,NO,NO.
order_real,data/videos_real/int_7000ms/real_7000_00394_flip.avi,7000,0,0,-0.7525,-10.2819,-10.0302,-11.7758,-10.1554,8,b,NO,NO.
order_real,data/videos_real/int_7000ms/real_7000_00406.avi,7000,0,0,-0.0594,-9.9314,-9.8671,-11.5506,-9.9923,8,a,No,No.
order_real,data/videos_real/int_7000ms/real_7000_00406_flip.avi,7000,1,0,-0.3092,-9.8823,-9.8799,-11.5022,-9.8184,8,a,No,No.
order_real,data/videos_real/int_7000ms/real_7000_00418.avi,7000,0,1,0.1554,-10.034,-9.7831,-11.7803,-10.7214,8,b,YES,YES.
order_real,data/videos_real/int_7000ms/real_7000_00418_flip.avi,7000,1,0,0.1069,-10.0987,-9.973,-11.7827,-10.8482,8,b,NO,NO.
order_real,data/videos_real/int_7000ms/real_7000_00430.avi,7000,1,0,-0.3739,-9.7923,-9.9141,-11.6603,-10.2895,8,a,NO,NO.
order_real,data/videos_real/int_7000ms/real_7000_00430_flip.avi,7000,0,0,-0.249,-9.6581,-9.78,-11.4023,-10.1558,8,a,NO,NO.
order_real,data/videos_real/int_7000ms/real_7000_00442.avi,7000,1,1,0.4726,-9.8445,-10.0929,-11.7141,-10.7181,8,a,YES,YES.
order_real,data/videos_real/int_7000ms/real_7000_00442_flip.avi,7000,0,1,0.4053,-9.8045,-9.9907,-11.6115,-10.6156,8,a,YES,YES.
order_real,data/videos_real/int_7000ms/real_7000_00454.avi,7000,1,0,-1.1684,-9.9434,-10.0046,-11.8134,-10.6914,8,b,NO,NO.
order_real,data/videos_real/int_7000ms/real_7000_00454_flip.avi,7000,0,0,-0.7374,-9.7898,-9.7889,-11.7216,-10.6,8,b,NO,NO.
order_real,data/videos_real/int_7000ms/real_7000_00466.avi,7000,0,1,0.0693,-10.0622,-9.8733,-11.6183,-9.4992,8,a,Yes,Yes.
order_real,data/videos_real/int_7000ms/real_7000_00466_flip.avi,7000,1,0,0.0617,-9.994,-9.7428,-11.5492,-9.3684,8,a,NO,NO.
order_real,data/videos_real/int_7000ms/real_7000_00478.avi,7000,1,0,-1.0784,-10.3306,-10.2659,-11.8866,-10.8269,8,b,NO,NO.
order_real,data/videos_real/int_7000ms/real_7000_00478_flip.avi,7000,0,0,-1.0707,-10.3943,-10.2047,-11.9493,-10.8284,8,b,NO,NO.
order_real,data/videos_real/int_7000ms/real_7000_00490.avi,7000,0,0,-0.8106,-9.7579,-10.2547,-11.4414,-10.6935,8,b,NO,NO.
order_real,data/videos_real/int_7000ms/real_7000_00490_flip.avi,7000,1,0,-0.8167,-9.6083,-10.1044,-11.2291,-10.6057,8,b,NO,NO.
order_real,data/videos_real/int_7000ms/real_7000_00502.avi,7000,0,0,-1.5441,-10.526,-10.4617,-11.834,-11.0244,8,b,NO,NO.
order_real,data/videos_real/int_7000ms/real_7000_00502_flip.avi,7000,1,0,-1.4626,-10.4662,-10.4018,-11.8367,-10.9018,8,b,NO,NO.
order_real,data/videos_real/int_7000ms/real_7000_00514.avi,7000,0,1,0.522,-9.8675,-10.0523,-10.9898,-10.9901,8,a,YES,YES.
order_real,data/videos_real/int_7000ms/real_7000_00514_flip.avi,7000,1,1,0.5003,-9.9158,-10.0382,-11.0383,-10.9136,8,a,YES,YES.
order_real,data/videos_real/int_7000ms/real_7000_00526.avi,7000,1,0,-0.0945,-9.8471,-9.9704,-11.6548,-10.5336,8,a,NO,NO.
order_real,data/videos_real/int_7000ms/real_7000_00526_flip.avi,7000,0,0,-0.3921,-10.0571,-9.9931,-11.8648,-10.6811,8,a,NO,NO.
order_real,data/videos_real/int_7000ms/real_7000_00538.avi,7000,0,0,-0.4939,-10.6766,-10.2378,-12.0461,-10.4889,8,b,No,No.
order_real,data/videos_real/int_7000ms/real_7000_00538_flip.avi,7000,1,0,-0.6456,-10.6288,-10.2522,-11.9973,-10.4408,8,b,No,No.
order_real,data/videos_real/int_7000ms/real_7000_00550.avi,7000,0,0,-0.1918,-10.4341,-10.183,-11.928,-10.5583,8,b,NO,NO.
order_real,data/videos_real/int_7000ms/real_7000_00550_flip.avi,7000,1,0,-0.3168,-10.5046,-10.2535,-11.8741,-10.5034,8,b,NO,NO.
order_real,data/videos_real/int_7000ms/real_7000_00562.avi,7000,1,0,0.0008,-9.7792,-10.1521,-11.273,-10.6525,8,a,NO,NO.
order_real,data/videos_real/int_7000ms/real_7000_00562_flip.avi,7000,0,1,0.1256,-9.9058,-10.0917,-11.3381,-10.6545,8,a,YES,YES.
order_real,data/videos_real/int_7000ms/real_7000_00574.avi,7000,0,1,0.671,-9.8344,-10.0828,-11.5145,-9.8959,8,a,YES,YES.
order_real,data/videos_real/int_7000ms/real_7000_00574_flip.avi,7000,1,1,1.0229,-10.0154,-10.1391,-11.6946,-9.8897,8,a,YES,YES.
order_real,data/videos_real/int_7000ms/real_7000_00586.avi,7000,1,0,-0.4095,-9.8098,-10.3057,-11.3678,-10.6203,8,a,NO,NO.
order_real,data/videos_real/int_7000ms/real_7000_00586_flip.avi,7000,0,1,0.0696,-9.712,-10.2082,-11.394,-10.585,8,a,YES,YES.
order_real,data/videos_real/int_7000ms/real_7000_00598.avi,7000,1,0,-0.5352,-10.5455,-10.2312,-12.0397,-10.295,8,a,No,No.
order_real,data/videos_real/int_7000ms/real_7000_00598_flip.avi,7000,0,0,-0.7357,-10.528,-10.2757,-12.0221,-10.34,8,a,No,No.
order_real,data/videos_real/int_10000ms/real_10000_00011.avi,10000,0,1,0.1257,-9.7216,-10.0944,-11.5902,-10.6573,8,a,YES,YES.
order_rev,data/videos_real/int_10000ms/real_10000_00011.avi,10000,0,0,-1.7032,-8.5683,-10.8783,-11.6261,-10.504,8,a,NO,NO.
moved_real,data/videos_real/int_10000ms/real_10000_00011.avi,10000,1,0,-2.423,-10.4941,-11.5541,-11.8017,-10.6181,8,a,NO,NO.
moved_twin,data/twin_real/real_10000_00011.avi,10000,0,0,-2.6239,-10.5319,-11.5924,-11.8404,-10.6561,8,a,NO,NO.
order_twin,data/twin_real/real_10000_00011.avi,10000,-1,0,0.0009,-9.8458,-10.0933,-11.6515,-10.6561,8,a,NO,NO.
bind_twin,data/twin_real/real_10000_00011.avi,10000,1,1,1.8743,-10.2438,-11.5553,-12.0495,-11.4279,8,a,Yes,Yes.
order_real,data/videos_real/int_10000ms/real_10000_00011_flip.avi,10000,1,1,0.2508,-9.8765,-10.1866,-11.7438,-10.7495,8,a,YES,YES.
order_real,data/videos_real/int_10000ms/real_10000_00023.avi,10000,0,0,-0.7259,-9.8657,-10.1745,-11.5475,-10.4887,8,b,NO,NO.
order_rev,data/videos_real/int_10000ms/real_10000_00023.avi,10000,0,0,-1.6804,-8.1948,-11.0045,-11.5035,-10.5051,8,b,NO,NO.
moved_real,data/videos_real/int_10000ms/real_10000_00023.avi,10000,1,1,0.6256,-10.4452,-11.5034,-11.9389,-10.8182,8,b,Yes,Yes.
moved_twin,data/twin_real/real_10000_00023.avi,10000,0,0,-1.977,-10.5733,-12.0687,-11.9439,-10.8212,8,b,No,No.
order_twin,data/twin_real/real_10000_00023.avi,10000,-1,0,-1.0556,-9.8348,-10.3302,-11.5787,-10.5195,8,b,NO,NO.
bind_twin,data/twin_real/real_10000_00023.avi,10000,0,0,-1.5298,-11.2344,-11.8571,-12.9172,-12.1084,8,b,No,No.
order_real,data/videos_real/int_10000ms/real_10000_00023_flip.avi,10000,1,0,-0.677,-9.9425,-10.2511,-11.6872,-10.6903,8,b,NO,NO.
order_real,data/videos_real/int_10000ms/real_10000_00035.avi,10000,1,0,-0.8742,-9.8945,-10.08,-11.8882,-10.7671,8,b,NO,NO.
order_rev,data/videos_real/int_10000ms/real_10000_00035.avi,10000,1,0,-2.0864,-8.9814,-10.8543,-11.7884,-10.4802,8,b,NO,NO.
moved_real,data/videos_real/int_10000ms/real_10000_00035.avi,10000,1,0,-0.2723,-10.3602,-11.1707,-11.9794,-10.7337,8,b,NO,NO.
moved_twin,data/twin_real/real_10000_00035.avi,10000,0,0,-1.6468,-10.2851,-11.158,-11.7803,-10.5337,8,b,NO,NO.
order_twin,data/twin_real/real_10000_00035.avi,10000,-1,0,-1.1623,-9.919,-10.0417,-11.8508,-10.7296,8,b,NO,NO.
bind_twin,data/twin_real/real_10000_00035.avi,10000,0,0,-2.9481,-10.815,-11.7503,-12.4977,-11.6882,8,b,No,No.
order_real,data/videos_real/int_10000ms/real_10000_00035_flip.avi,10000,0,0,-1.1749,-10.0275,-10.0884,-11.9603,-10.8384,8,b,NO,NO.
order_real,data/videos_real/int_10000ms/real_10000_00047.avi,10000,0,0,-0.4502,-10.2243,-10.3471,-11.4702,-10.9103,8,a,NO,NO.
order_rev,data/videos_real/int_10000ms/real_10000_00047.avi,10000,0,1,0.22,-8.7455,-10.4933,-11.5532,-11.0554,8,a,YES,YES.
moved_real,data/videos_real/int_10000ms/real_10000_00047.avi,10000,1,0,-0.3174,-10.5649,-11.5636,-11.9356,-11.1257,8,a,NO,NO.
moved_twin,data/twin_real/real_10000_00047.avi,10000,0,0,-1.5905,-10.5408,-11.6637,-11.7873,-10.9143,8,a,NO,NO.
order_twin,data/twin_real/real_10000_00047.avi,10000,-1,0,-0.6244,-10.0564,-10.3648,-11.3018,-10.8657,8,a,NO,NO.
bind_twin,data/twin_real/real_10000_00047.avi,10000,1,1,1.5761,-10.3531,-11.9138,-12.0374,-11.6637,8,a,Yes,Yes.
order_real,data/videos_real/int_10000ms/real_10000_00047_flip.avi,10000,1,0,-0.7,-10.197,-10.1933,-11.8156,-10.8195,8,a,NO,NO.
order_real,data/videos_real/int_10000ms/real_10000_00059.avi,10000,0,1,0.9324,-9.9112,-10.2215,-11.4672,-10.7222,8,a,YES,YES.
order_rev,data/videos_real/int_10000ms/real_10000_00059.avi,10000,0,0,-1.5669,-8.7745,-11.0845,-11.8323,-10.7106,8,a,No,No.
moved_real,data/videos_real/int_10000ms/real_10000_00059.avi,10000,1,0,-0.445,-10.3385,-11.087,-11.5829,-10.5881,8,a,NO,NO.
moved_twin,data/twin_real/real_10000_00059.avi,10000,0,0,-2.1375,-10.3761,-11.3737,-11.6221,-10.5631,8,a,No,No.
order_twin,data/twin_real/real_10000_00059.avi,10000,-1,1,0.4363,-9.7069,-9.9547,-11.3262,-10.4555,8,a,Yes,Yes.
bind_twin,data/twin_real/real_10000_00059.avi,10000,1,1,2.0284,-10.0056,-11.629,-11.9373,-11.315,8,a,Yes,Yes.
order_real,data/videos_real/int_10000ms/real_10000_00059_flip.avi,10000,1,1,0.6863,-9.8623,-10.0481,-11.4812,-10.5491,8,a,Yes,Yes.
order_real,data/videos_real/int_10000ms/real_10000_00071.avi,10000,1,0,-1.9267,-10.2224,-10.5331,-11.9051,-10.9084,8,b,NO,NO.
order_rev,data/videos_real/int_10000ms/real_10000_00071.avi,10000,1,0,-0.9305,-7.9765,-10.7248,-11.6591,-10.6622,8,b,No,No.
moved_real,data/videos_real/int_10000ms/real_10000_00071.avi,10000,1,0,-2.3738,-10.8255,-11.8865,-11.9476,-10.7007,8,b,No,No.
moved_twin,data/twin_real/real_10000_00071.avi,10000,0,0,-2.6239,-10.8869,-12.0727,-12.0713,-10.8244,8,b,No,No.
order_twin,data/twin_real/real_10000_00071.avi,10000,-1,0,-1.9307,-10.2194,-10.5923,-11.9018,-10.9051,8,b,NO,NO.
bind_twin,data/twin_real/real_10000_00071.avi,10000,0,0,-4.3148,-11.4888,-12.6128,-12.9239,-12.3632,8,b,No,No.
order_real,data/videos_real/int_10000ms/real_10000_00071_flip.avi,10000,0,0,-1.5672,-10.2127,-10.4611,-11.958,-10.8986,8,b,NO,NO.
order_real,data/videos_real/int_10000ms/real_10000_00083.avi,10000,0,0,-0.2488,-9.7285,-9.9137,-11.3469,-10.3512,8,a,NO,NO.
order_rev,data/videos_real/int_10000ms/real_10000_00083.avi,10000,0,0,-1.8054,-8.6913,-10.8134,-11.6234,-10.3768,8,a,NO,NO.
moved_real,data/videos_real/int_10000ms/real_10000_00083.avi,10000,1,0,-1.5703,-10.346,-11.281,-11.5298,-10.4068,8,a,NO,NO.
moved_twin,data/twin_real/real_10000_00083.avi,10000,0,0,-1.3166,-10.1991,-11.0718,-11.3824,-10.2601,8,a,NO,NO.
order_twin,data/twin_real/real_10000_00083.avi,10000,-1,0,-0.2488,-9.6082,-9.8554,-11.2891,-10.2929,8,a,No,No.
bind_twin,data/twin_real/real_10000_00083.avi,10000,1,1,0.8459,-10.3626,-11.8603,-12.1685,-11.6096,8,a,Yes,Yes.
order_real,data/videos_real/int_10000ms/real_10000_00083_flip.avi,10000,1,0,-0.1843,-9.8802,-9.9409,-11.4369,-10.4409,8,a,No,No.
order_real,data/videos_real/int_10000ms/real_10000_00095.avi,10000,1,0,-0.1314,-10.0879,-9.6492,-11.8328,-10.9616,8,b,NO,NO.
order_rev,data/videos_real/int_10000ms/real_10000_00095.avi,10000,1,0,-0.874,-8.8638,-10.7379,-11.7965,-10.8003,8,b,NO,NO.
moved_real,data/videos_real/int_10000ms/real_10000_00095.avi,10000,1,1,0.7957,-10.3835,-10.696,-11.9405,-10.8826,8,b,Yes,Yes.
moved_twin,data/twin_real/real_10000_00095.avi,10000,0,0,-1.2718,-10.2932,-10.9163,-11.6636,-10.6045,8,b,NO,NO.
order_twin,data/twin_real/real_10000_00095.avi,10000,-1,0,-0.5141,-9.8772,-9.5013,-11.5601,-10.7509,8,b,NO,NO.
bind_twin,data/twin_real/real_10000_00095.avi,10000,0,0,-1.8001,-10.782,-11.531,-12.3416,-11.7182,8,b,No,No.
order_real,data/videos_real/int_10000ms/real_10000_00095_flip.avi,10000,0,0,-0.3285,-10.1971,-9.5711,-11.8797,-10.9464,8,b,NO,NO.
order_real,data/videos_real/int_10000ms/real_10000_00107.avi,10000,0,0,-0.9995,-9.7338,-10.1675,-11.48,-10.6695,8,b,NO,NO.
order_rev,data/videos_real/int_10000ms/real_10000_00107.avi,10000,0,0,-1.2815,-8.6975,-10.6954,-11.3823,-10.6338,8,b,NO,NO.
moved_real,data/videos_real/int_10000ms/real_10000_00107.avi,10000,1,0,0.0994,-10.1903,-11.3121,-11.8099,-10.813,8,b,NO,NO.
moved_twin,data/twin_real/real_10000_00107.avi,10000,0,0,-1.6565,-9.9423,-11.3124,-11.4989,-10.3773,8,b,NO,NO.
order_twin,data/twin_real/real_10000_00107.avi,10000,-1,0,-1.5924,-9.7327,-10.2288,-11.5409,-10.6683,8,b,NO,NO.
bind_twin,data/twin_real/real_10000_00107.avi,10000,0,0,-3.4687,-9.9829,-11.6671,-11.9165,-11.5432,8,b,No,No.
order_real,data/videos_real/int_10000ms/real_10000_00107_flip.avi,10000,1,0,-1.2174,-9.8072,-10.1787,-11.4909,-10.6799,8,b,NO,NO.
order_real,data/videos_real/int_10000ms/real_10000_00119.avi,10000,0,0,-0.7146,-9.8849,-10.1326,-11.442,-10.2583,8,a,NO,NO.
order_rev,data/videos_real/int_10000ms/real_10000_00119.avi,10000,0,0,-0.7905,-8.9377,-10.6239,-11.5588,-10.6234,8,a,No,No.
moved_real,data/videos_real/int_10000ms/real_10000_00119.avi,10000,1,1,0.1044,-10.3878,-11.4467,-11.8187,-10.6997,8,a,Yes,Yes.
moved_twin,data/twin_real/real_10000_00119.avi,10000,0,0,-1.4885,-10.3875,-11.5704,-11.6943,-10.6987,8,a,No,No.
order_twin,data/twin_real/real_10000_00119.avi,10000,-1,0,-0.8129,-9.7062,-10.0778,-11.2634,-10.204,8,a,NO,NO.
bind_twin,data/twin_real/real_10000_00119.avi,10000,1,1,2.7498,-9.4178,-11.5378,-11.656,-11.0984,8,a,Yes,Yes.
order_real,data/videos_real/int_10000ms/real_10000_00119_flip.avi,10000,1,0,-0.8511,-9.6755,-10.0477,-11.358,-10.1741,8,a,NO,NO.
order_real,data/videos_real/int_10000ms/real_10000_00131.avi,10000,0,0,-1.405,-10.2002,-10.7599,-11.5707,-11.0731,8,b,NO,NO.
order_rev,data/videos_real/int_10000ms/real_10000_00131.avi,10000,0,0,-1.2587,-9.3198,-11.0681,-11.629,-11.1306,8,b,NO,NO.
moved_real,data/videos_real/int_10000ms/real_10000_00131.avi,10000,1,1,0.6755,-10.4373,-11.5611,-11.6835,-11.185,8,b,YES,YES.
moved_twin,data/twin_real/real_10000_00131.avi,10000,0,0,-1.1095,-10.2219,-11.5321,-11.4068,-10.7827,8,b,NO,NO.
order_twin,data/twin_real/real_10000_00131.avi,10000,-1,0,-1.4542,-9.995,-10.6794,-11.3658,-10.9926,8,b,NO,NO.
bind_twin,data/twin_real/real_10000_00131.avi,10000,0,0,-2.6021,-10.6505,-12.0864,-11.899,-11.8994,8,b,No,No.
order_real,data/videos_real/int_10000ms/real_10000_00131_flip.avi,10000,1,0,-1.3519,-10.1024,-10.5996,-11.535,-10.9129,8,b,NO,NO.
order_real,data/videos_real/int_10000ms/real_10000_00143.avi,10000,0,0,-0.8657,-10.3001,-10.4233,-11.7933,-11.1103,8,b,No,No.
order_rev,data/videos_real/int_10000ms/real_10000_00143.avi,10000,0,0,-1.4989,-8.1826,-11.0554,-11.741,-10.8682,8,b,No,No.
moved_real,data/videos_real/int_10000ms/real_10000_00143.avi,10000,1,1,1.1899,-10.4623,-11.5866,-11.7673,-11.0241,8,b,Yes,Yes.
moved_twin,data/twin_real/real_10000_00143.avi,10000,0,0,0.0616,-10.3639,-11.4874,-11.6705,-10.8009,8,b,NO,NO.
order_twin,data/twin_real/real_10000_00143.avi,10000,-1,0,-1.0593,-10.2491,-10.4968,-11.8055,-10.9972,8,b,No,No.
bind_twin,data/twin_real/real_10000_00143.avi,10000,0,0,-3.324,-11.1125,-12.2358,-12.547,-12.1113,8,b,No,No.
order_real,data/videos_real/int_10000ms/real_10000_00143_flip.avi,10000,1,0,-0.991,-10.2033,-10.4511,-11.8225,-11.0765,8,b,No,No.
order_real,data/videos_real/int_10000ms/real_10000_00155.avi,10000,0,0,-0.2489,-10.4155,-9.9765,-11.8478,-10.0407,8,b,No,No.
order_rev,data/videos_real/int_10000ms/real_10000_00155.avi,10000,0,0,-1.3209,-8.3954,-11.0184,-11.8289,-10.4572,8,b,No,No.
moved_real,data/videos_real/int_10000ms/real_10000_00155.avi,10000,1,1,2.1856,-10.736,-11.3615,-12.1661,-9.863,8,b,Yes,Yes.
moved_twin,data/twin_real/real_10000_00155.avi,10000,0,0,-0.3738,-10.6273,-11.3752,-11.9327,-9.6288,8,b,No,No.
order_twin,data/twin_real/real_10000_00155.avi,10000,-1,0,-0.5406,-10.3443,-10.029,-11.8388,-10.0317,8,b,No,No.
bind_twin,data/twin_real/real_10000_00155.avi,10000,0,0,-1.3903,-12.1291,-12.5656,-13.5625,-12.5042,8,b,No,No.
order_real,data/videos_real/int_10000ms/real_10000_00155_flip.avi,10000,1,0,0.0013,-10.4912,-10.2383,-11.9228,-10.1785,8,b,No,No.
order_real,data/videos_real/int_10000ms/real_10000_00167.avi,10000,1,1,0.2289,-10.6428,-10.5158,-12.2605,-10.9544,8,a,Yes,Yes.
order_rev,data/videos_real/int_10000ms/real_10000_00167.avi,10000,1,0,-0.298,-8.5831,-10.8935,-12.0147,-10.8313,8,a,No,No.
moved_real,data/videos_real/int_10000ms/real_10000_00167.avi,10000,1,1,0.4064,-10.6304,-11.4412,-12.2479,-10.3177,8,a,Yes,Yes.
moved_twin,data/twin_real/real_10000_00167.avi,10000,0,0,-1.1238,-10.4529,-11.4496,-11.9467,-9.8903,8,a,No,No.
order_twin,data/twin_real/real_10000_00167.avi,10000,-1,0,-0.271,-10.5237,-10.4593,-12.08,-10.7725,8,a,No,No.
bind_twin,data/twin_real/real_10000_00167.avi,10000,1,0,-1.138,-11.7565,-12.6297,-13.251,-12.1937,8,a,No,No.
order_real,data/videos_real/int_10000ms/real_10000_00167_flip.avi,10000,0,0,-0.3745,-10.7508,-10.6853,-12.3072,-11.0618,8,a,No,No.
order_real,data/videos_real/int_10000ms/real_10000_00179.avi,10000,0,0,-0.5632,-10.2829,-10.1559,-11.7146,-9.9699,8,b,NO,NO.
order_rev,data/videos_real/int_10000ms/real_10000_00179.avi,10000,0,0,-1.0707,-8.4514,-10.8869,-11.7592,-10.4503,8,b,NO,NO.
moved_real,data/videos_real/int_10000ms/real_10000_00179.avi,10000,1,1,1.3186,-10.5031,-11.3775,-11.9955,-10.1283,8,b,Yes,Yes.
moved_twin,data/twin_real/real_10000_00179.avi,10000,0,0,-2.048,-10.6516,-11.7743,-11.6478,-9.901,8,b,No,No.
order_twin,data/twin_real/real_10000_00179.avi,10000,-1,0,-0.8092,-10.2697,-10.267,-11.7629,-9.956,8,b,No,No.
bind_twin,data/twin_real/real_10000_00179.avi,10000,0,0,-1.8986,-11.7004,-12.3862,-13.0713,-11.9501,8,b,No,No.
order_real,data/videos_real/int_10000ms/real_10000_00179_flip.avi,10000,1,0,-0.1804,-10.499,-10.3097,-11.9915,-10.2479,8,b,No,No.
order_real,data/videos_real/int_10000ms/real_10000_00191.avi,10000,0,0,-0.7145,-10.0699,-9.88,-11.75,-10.6314,8,a,NO,NO.
order_rev,data/videos_real/int_10000ms/real_10000_00191.avi,10000,0,0,-0.4221,-9.1589,-11.0327,-12.0895,-10.9081,8,a,No,No.
moved_real,data/videos_real/int_10000ms/real_10000_00191.avi,10000,1,1,0.2371,-10.7027,-11.4508,-12.1938,-11.0767,8,a,Yes,Yes.
moved_twin,data/twin_real/real_10000_00191.avi,10000,0,0,-2.2937,-10.7342,-11.8561,-11.9785,-10.9205,8,a,No,No.
order_twin,data/twin_real/real_10000_00191.avi,10000,-1,0,-1.1956,-9.9862,-10.046,-11.7296,-10.6721,8,a,NO,NO.
bind_twin,data/twin_real/real_10000_00191.avi,10000,1,1,2.7739,-10.6573,-12.2795,-12.5826,-11.9039,8,a,Yes,Yes.
order_real,data/videos_real/int_10000ms/real_10000_00191_flip.avi,10000,1,0,-0.8244,-10.0356,-9.9084,-11.7167,-10.5974,8,a,NO,NO.
order_real,data/videos_real/int_10000ms/real_10000_00203.avi,10000,0,0,-1.6241,-10.0711,-10.4413,-11.5649,-10.6943,8,b,NO,NO.
order_rev,data/videos_real/int_10000ms/real_10000_00203.avi,10000,0,0,-0.5728,-8.5921,-10.7767,-11.8356,-10.8401,8,b,NO,NO.
moved_real,data/videos_real/int_10000ms/real_10000_00203.avi,10000,1,1,0.8753,-10.4492,-11.5083,-12.0652,-10.9465,8,b,YES,YES.
moved_twin,data/twin_real/real_10000_00203.avi,10000,0,0,-0.8585,-10.4938,-11.553,-11.7387,-10.6165,8,b,NO,NO.
order_twin,data/twin_real/real_10000_00203.avi,10000,-1,0,-1.9572,-9.9634,-10.4582,-11.3326,-10.5237,8,b,NO,NO.
bind_twin,data/twin_real/real_10000_00203.avi,10000,0,0,-1.7949,-10.5074,-11.817,-12.1907,-11.3184,8,b,No,No.
order_real,data/videos_real/int_10000ms/real_10000_00203_flip.avi,10000,1,0,-1.832,-10.041,-10.4111,-11.4723,-10.6634,8,b,NO,NO.
order_real,data/videos_real/int_10000ms/real_10000_00215.avi,10000,0,1,0.5326,-10.0316,-10.2803,-11.7129,-10.9052,8,a,YES,YES.
order_rev,data/videos_real/int_10000ms/real_10000_00215.avi,10000,0,0,-1.2116,-8.7444,-10.8047,-11.5518,-10.618,8,a,NO,NO.
moved_real,data/videos_real/int_10000ms/real_10000_00215.avi,10000,1,1,0.9016,-10.5317,-11.3442,-11.9638,-11.0311,8,a,YES,YES.
moved_twin,data/twin_real/real_10000_00215.avi,10000,0,0,-2.1628,-10.1899,-11.3749,-11.6851,-10.8127,8,a,NO,NO.
order_twin,data/twin_real/real_10000_00215.avi,10000,-1,0,-0.0347,-9.7234,-10.0334,-11.4668,-10.6583,8,a,NO,NO.
bind_twin,data/twin_real/real_10000_00215.avi,10000,1,1,1.8749,-10.0979,-11.4699,-11.9017,-11.4677,8,a,YES,YES.
order_real,data/videos_real/int_10000ms/real_10000_00215_flip.avi,10000,1,1,0.3754,-9.9421,-10.2524,-11.5625,-11.0027,8,a,YES,YES.
order_real,data/videos_real/int_10000ms/real_10000_00227.avi,10000,0,0,-0.6119,-10.0801,-9.7657,-11.6382,-10.5784,8,b,NO,NO.
order_rev,data/videos_real/int_10000ms/real_10000_00227.avi,10000,0,0,-1.4182,-9.4163,-10.6029,-12.1624,-10.9154,8,b,No,No.
moved_real,data/videos_real/int_10000ms/real_10000_00227.avi,10000,1,1,0.2746,-10.5242,-11.2097,-11.9551,-10.8355,8,b,YES,YES.
moved_twin,data/twin_real/real_10000_00227.avi,10000,0,0,-0.3882,-10.5469,-11.2322,-11.8546,-10.7338,8,b,NO,NO.
order_twin,data/twin_real/real_10000_00227.avi,10000,-1,0,-0.8398,-10.0319,-9.7798,-11.6523,-10.53,8,b,NO,NO.
bind_twin,data/twin_real/real_10000_00227.avi,10000,0,0,-2.7646,-11.8173,-12.8153,-13.3759,-12.6915,8,b,No,No.
order_real,data/videos_real/int_10000ms/real_10000_00227_flip.avi,10000,1,0,-0.7792,-10.1117,-9.8598,-11.6699,-10.5478,8,b,NO,NO.
order_real,data/videos_real/int_10000ms/real_10000_00239.avi,10000,1,1,0.251,-9.9713,-10.0945,-11.7167,-10.9698,8,a,YES,YES.
order_rev,data/videos_real/int_10000ms/real_10000_00239.avi,10000,1,1,0.308,-7.3416,-10.5266,-11.462,-10.7765,8,a,YES,YES.
moved_real,data/videos_real/int_10000ms/real_10000_00239.avi,10000,1,0,-0.2495,-10.1567,-11.4046,-11.7769,-10.7813,8,a,No,No.
moved_twin,data/twin_real/real_10000_00239.avi,10000,0,0,-1.3587,-9.8874,-11.3208,-11.3822,-10.3238,8,a,NO,NO.
order_twin,data/twin_real/real_10000_00239.avi,10000,-1,0,-0.0795,-9.7826,-10.0296,-11.5274,-10.718,8,a,NO,NO.
bind_twin,data/twin_real/real_10000_00239.avi,10000,1,1,2.8106,-10.1983,-11.9449,-12.4402,-11.7556,8,a,YES,YES.
order_real,data/videos_real/int_10000ms/real_10000_00239_flip.avi,10000,0,1,0.251,-9.9338,-9.9948,-11.7414,-10.8701,8,a,YES,YES.
order_real,data/videos_real/int_10000ms/real_10000_00251.avi,10000,1,1,0.3193,-10.3188,-10.1926,-11.6872,-9.9424,8,a,Yes,Yes.
order_real,data/videos_real/int_10000ms/real_10000_00251_flip.avi,10000,0,1,0.376,-10.3519,-10.1637,-11.7825,-10.0385,8,a,Yes,Yes.
order_real,data/videos_real/int_10000ms/real_10000_00263.avi,10000,1,0,-0.374,-9.8209,-10.0676,-11.2547,-10.5064,8,b,NO,NO.
order_real,data/videos_real/int_10000ms/real_10000_00263_flip.avi,10000,0,0,-0.6238,-10.1016,-10.287,-11.5975,-10.5379,8,b,NO,NO.
order_real,data/videos_real/int_10000ms/real_10000_00275.avi,10000,0,0,-0.3658,-10.475,-10.4722,-12.0313,-10.7862,8,a,No,No.
order_real,data/videos_real/int_10000ms/real_10000_00275_flip.avi,10000,1,1,0.4329,-10.5124,-10.5729,-12.0683,-10.886,8,a,YES,YES.
order_real,data/videos_real/int_10000ms/real_10000_00287.avi,10000,0,0,-0.1238,-9.7459,-9.9949,-11.4264,-10.4306,8,a,NO,NO.
order_real,data/videos_real/int_10000ms/real_10000_00287_flip.avi,10000,1,0,0.0006,-9.7411,-10.0529,-11.5451,-10.4885,8,a,NO,NO.
order_real,data/videos_real/int_10000ms/real_10000_00299.avi,10000,1,0,0.0008,-9.8059,-9.9278,-11.4244,-9.4289,8,b,NO,NO.
order_real,data/videos_real/int_10000ms/real_10000_00299_flip.avi,10000,0,0,-0.5855,-10.0518,-10.2369,-11.6718,-9.863,8,b,NO,NO.
order_real,data/videos_real/int_10000ms/real_10000_00311.avi,10000,1,0,-1.5214,-10.3656,-10.364,-11.8602,-10.7397,8,b,NO,NO.
order_real,data/videos_real/int_10000ms/real_10000_00311_flip.avi,10000,0,0,-1.2789,-10.2894,-10.2878,-11.7844,-10.7257,8,b,NO,NO.
order_real,data/videos_real/int_10000ms/real_10000_00323.avi,10000,0,0,-1.0876,-10.2369,-10.2332,-11.7924,-10.7974,8,b,NO,NO.
order_real,data/videos_real/int_10000ms/real_10000_00323_flip.avi,10000,1,0,-1.2261,-10.2566,-10.1911,-11.8132,-10.8797,8,b,NO,NO.
order_real,data/videos_real/int_10000ms/real_10000_00335.avi,10000,1,0,-0.1238,-10.3991,-10.0224,-11.768,-10.8344,8,a,NO,NO.
order_real,data/videos_real/int_10000ms/real_10000_00335_flip.avi,10000,0,0,-0.1843,-10.3698,-10.0555,-11.8009,-10.8055,8,a,No,No.
order_real,data/videos_real/int_10000ms/real_10000_00347.avi,10000,0,0,-0.9421,-9.8141,-10.0631,-11.6843,-10.5631,8,b,NO,NO.
order_real,data/videos_real/int_10000ms/real_10000_00347_flip.avi,10000,1,0,-1.0922,-9.4,-10.1463,-11.2695,-10.5228,8,b,NO,NO.
order_real,data/videos_real/int_10000ms/real_10000_00359.avi,10000,1,0,-0.4376,-10.3899,-10.2627,-12.0703,-10.9506,8,b,NO,NO.
order_real,data/videos_real/int_10000ms/real_10000_00359_flip.avi,10000,0,0,-0.6391,-10.331,-10.0167,-12.0117,-10.7674,8,b,NO,NO.
order_real,data/videos_real/int_10000ms/real_10000_00371.avi,10000,0,0,-0.2564,-10.6539,-10.3398,-11.9609,-10.6534,8,a,NO,NO.
order_real,data/videos_real/int_10000ms/real_10000_00371_flip.avi,10000,1,0,-0.4644,-10.5311,-10.2168,-11.8385,-10.5307,8,a,NO,NO.
order_real,data/videos_real/int_10000ms/real_10000_00383.avi,10000,0,0,-0.8186,-9.9149,-9.537,-11.3488,-10.8499,8,b,NO,NO.
order_real,data/videos_real/int_10000ms/real_10000_00383_flip.avi,10000,1,0,-0.5366,-9.7624,-9.3847,-11.134,-10.7597,8,b,NO,NO.
order_real,data/videos_real/int_10000ms/real_10000_00395.avi,10000,1,0,-0.7735,-10.1131,-10.5471,-11.794,-10.8605,8,b,NO,NO.
order_real,data/videos_real/int_10000ms/real_10000_00395_flip.avi,10000,0,0,-0.9995,-9.9226,-10.4815,-11.605,-10.7952,8,b,NO,NO.
order_real,data/videos_real/int_10000ms/real_10000_00407.avi,10000,0,0,-1.4765,-9.9944,-9.8052,-11.6779,-10.8677,8,b,NO,NO.
order_real,data/videos_real/int_10000ms/real_10000_00407_flip.avi,10000,1,0,-1.5744,-9.7375,-9.4235,-11.2965,-10.6732,8,b,NO,NO.
order_real,data/videos_real/int_10000ms/real_10000_00419.avi,10000,1,1,0.244,-9.6085,-9.6682,-11.1659,-10.3569,8,a,Yes,Yes.
order_real,data/videos_real/int_10000ms/real_10000_00419_flip.avi,10000,0,1,0.2444,-9.7299,-9.7278,-11.287,-10.4157,8,a,Yes,Yes.
order_real,data/videos_real/int_10000ms/real_10000_00431.avi,10000,1,0,-0.0141,-10.1541,-9.8396,-11.7731,-10.3398,8,b,NO,NO.
order_real,data/videos_real/int_10000ms/real_10000_00431_flip.avi,10000,0,0,-0.0669,-10.2427,-9.803,-11.8613,-10.4287,8,b,NO,NO.
order_real,data/videos_real/int_10000ms/real_10000_00443.avi,10000,1,0,-0.4453,-9.9694,-10.2782,-11.5268,-10.5923,8,a,NO,NO.
order_real,data/videos_real/int_10000ms/real_10000_00443_flip.avi,10000,0,0,0.0011,-9.9797,-10.3511,-11.4746,-10.6655,8,a,NO,NO.
order_real,data/videos_real/int_10000ms/real_10000_00455.avi,10000,1,0,-0.3374,-9.9437,-10.1917,-11.3145,-10.6912,8,a,NO,NO.
order_real,data/videos_real/int_10000ms/real_10000_00455_flip.avi,10000,0,0,-0.1841,-10.0893,-10.2751,-11.2735,-10.8369,8,a,NO,NO.
order_real,data/videos_real/int_10000ms/real_10000_00467.avi,10000,0,0,-0.9776,-10.0686,-10.4413,-11.5635,-10.7549,8,b,NO,NO.
order_real,data/videos_real/int_10000ms/real_10000_00467_flip.avi,10000,1,0,-1.3235,-10.0064,-10.3794,-11.5635,-10.7547,8,b,NO,NO.
order_real,data/videos_real/int_10000ms/real_10000_00479.avi,10000,0,1,0.1261,-9.9328,-9.9303,-11.4887,-10.4302,8,a,YES,YES.
order_real,data/videos_real/int_10000ms/real_10000_00479_flip.avi,10000,1,1,0.2511,-10.0,-9.9977,-11.5559,-10.5601,8,a,YES,YES.
order_real,data/videos_real/int_10000ms/real_10000_00491.avi,10000,0,0,-0.5185,-9.9437,-10.1924,-11.1888,-10.8794,8,b,NO,NO.
order_real,data/videos_real/int_10000ms/real_10000_00491_flip.avi,10000,1,0,-0.5504,-10.088,-10.2738,-11.3325,-10.8362,8,b,NO,NO.
order_real,data/videos_real/int_10000ms/real_10000_00503.avi,10000,0,0,-0.3747,-10.0745,-10.5716,-11.3213,-11.1965,8,b,NO,NO.
order_real,data/videos_real/int_10000ms/real_10000_00503_flip.avi,10000,1,0,-0.4538,-9.9948,-10.4299,-11.3665,-11.2413,8,b,NO,NO.
order_real,data/videos_real/int_10000ms/real_10000_00515.avi,10000,0,1,0.0989,-9.7584,-10.255,-11.191,-10.6937,8,a,YES,YES.
order_real,data/videos_real/int_10000ms/real_10000_00515_flip.avi,10000,1,0,-0.1801,-9.7128,-10.21,-11.1452,-10.586,8,a,NO,NO.
order_real,data/videos_real/int_10000ms/real_10000_00527.avi,10000,0,0,-1.054,-10.0034,-9.3767,-11.5615,-10.5017,8,b,No,No.
order_real,data/videos_real/int_10000ms/real_10000_00527_flip.avi,10000,1,0,-0.3423,-9.6826,-9.2435,-11.4281,-10.3685,8,b,No,No.
order_real,data/videos_real/int_10000ms/real_10000_00539.avi,10000,0,0,0.0348,-10.1307,-10.3164,-11.8749,-10.8171,8,a,NO,NO.
order_real,data/videos_real/int_10000ms/real_10000_00539_flip.avi,10000,1,0,0.1107,-10.0943,-10.1555,-11.7755,-10.7188,8,a,NO,NO.
order_real,data/videos_real/int_10000ms/real_10000_00551.avi,10000,1,0,-0.4037,-10.2598,-10.2585,-11.6915,-10.6955,8,b,NO,NO.
order_real,data/videos_real/int_10000ms/real_10000_00551_flip.avi,10000,0,0,-0.32,-10.3261,-10.1377,-11.7573,-10.6377,8,b,NO,NO.
order_real,data/videos_real/int_10000ms/real_10000_00563.avi,10000,0,0,-0.988,-9.9027,-10.1505,-11.3979,-10.0267,8,b,NO,NO.
order_real,data/videos_real/int_10000ms/real_10000_00563_flip.avi,10000,1,0,-1.1237,-10.1161,-10.2388,-11.7359,-10.3644,8,b,NO,NO.
order_real,data/videos_real/int_10000ms/real_10000_00575.avi,10000,1,0,-0.8885,-10.375,-10.3106,-11.8063,-10.6864,8,b,NO,NO.
order_real,data/videos_real/int_10000ms/real_10000_00575_flip.avi,10000,0,0,-0.4417,-10.2681,-10.2038,-11.6978,-10.5789,8,b,NO,NO.
order_real,data/videos_real/int_10000ms/real_10000_00587.avi,10000,0,0,-0.0741,-9.6823,-10.3042,-11.0533,-10.8046,8,a,NO,NO.
order_real,data/videos_real/int_10000ms/real_10000_00587_flip.avi,10000,1,0,-0.2494,-10.0359,-10.2831,-11.5936,-10.8467,8,a,NO,NO.
order_real,data/videos_real/int_10000ms/real_10000_00599.avi,10000,0,0,0.0241,-10.3314,-10.3919,-11.7627,-10.6424,8,a,NO,NO.
order_real,data/videos_real/int_10000ms/real_10000_00599_flip.avi,10000,1,0,0.047,-10.3428,-10.4661,-11.7115,-10.5294,8,a,NO,NO.
order_blank,data/blank_videos/blank/blank_0000.mp4,0,-1,0,-0.919,-8.7553,-9.7507,-10.7501,-10.2512,8,a,NO,NO.
order_blank,data/blank_videos/blank/blank_0001.mp4,0,-1,0,-0.9266,-8.9121,-9.9709,-10.5954,-10.4083,8,a,NO,NO.
order_blank,data/blank_videos/blank/blank_0002.mp4,0,-1,0,-0.6877,-8.9332,-10.0543,-10.8031,-10.4293,8,a,NO,NO.
order_blank,data/blank_videos/blank/blank_0003.mp4,0,-1,0,-0.6986,-8.9447,-10.0028,-10.8139,-10.377,8,a,NO,NO.
order_blank,data/blank_videos/blank/blank_0004.mp4,0,-1,0,-0.7859,-8.8758,-9.8724,-10.7463,-9.6852,8,a,NO,NO.
order_blank,data/blank_videos/blank/blank_0005.mp4,0,-1,0,-0.5737,-8.9199,-9.9787,-11.0394,-10.4156,8,a,NO,NO.
order_blank,data/blank_videos/blank/blank_0006.mp4,0,-1,0,-0.7682,-8.8738,-9.9952,-10.994,-10.3702,8,a,NO,NO.
order_blank,data/blank_videos/blank/blank_0007.mp4,0,-1,0,-1.0678,-8.7948,-9.9774,-10.8518,-10.2287,8,a,NO,NO.
order_blank,data/blank_videos/blank/blank_0008.mp4,0,-1,0,-0.6875,-8.81,-9.869,-10.8046,-10.3058,8,a,NO,NO.
order_blank,data/blank_videos/blank/blank_0009.mp4,0,-1,0,-0.9433,-9.0785,-10.0742,-10.9487,-10.4492,8,a,NO,NO.
order_blank,data/blank_videos/blank/blank_0010.mp4,0,-1,0,-0.1693,-8.7129,-9.9575,-10.7684,-10.2699,8,a,NO,NO.
order_blank,data/blank_videos/blank/blank_0011.mp4,0,-1,0,-0.7034,-8.9219,-10.0426,-10.9171,-10.355,8,a,NO,NO.
order_blank,data/blank_videos/blank/blank_0012.mp4,0,-1,0,-0.661,-8.855,-9.9763,-10.7883,-10.4131,8,a,NO,NO.
order_blank,data/blank_videos/blank/blank_0013.mp4,0,-1,0,-0.5735,-8.9222,-9.981,-11.041,-10.4172,8,a,NO,NO.
order_blank,data/blank_videos/blank/blank_0014.mp4,0,-1,0,-0.5977,-8.7541,-9.9377,-10.8733,-10.3738,8,a,NO,NO.
order_blank,data/blank_videos/blank/blank_0015.mp4,0,-1,0,-0.9768,-9.1681,-10.1017,-11.0998,-10.5391,8,a,NO,NO.
order_blank,data/blank_videos/blank/blank_0016.mp4,0,-1,0,-0.5323,-8.9004,-9.46,-10.7084,-10.3338,8,a,NO,NO.
order_blank,data/blank_videos/blank/blank_0017.mp4,0,-1,0,-0.309,-8.9244,-8.9844,-10.7317,-10.3578,8,a,NO,NO.
order_blank,data/blank_videos/blank/blank_0018.mp4,0,-1,0,-0.4487,-8.9081,-9.3423,-10.6532,-10.3412,8,a,NO,NO.
order_blank,data/blank_videos/blank/blank_0019.mp4,0,-1,0,-0.4269,-8.8996,-9.5206,-10.3326,-10.3324,8,a,NO,NO.
order_blank,data/blank_videos/blank/blank_0020.mp4,0,-1,0,-0.5362,-8.9044,-9.5875,-10.462,-10.3368,8,a,NO,NO.
order_blank,data/blank_videos/blank/blank_0021.mp4,0,-1,0,-0.4582,-9.1768,-9.7352,-10.7341,-10.484,8,a,NO,NO.
order_blank,data/blank_videos/blank/blank_0022.mp4,0,-1,0,-0.4536,-9.0123,-9.509,-10.8193,-10.3823,8,a,NO,NO.
order_blank,data/blank_videos/blank/blank_0023.mp4,0,-1,0,-0.438,-8.9641,-9.5853,-10.8336,-10.3972,8,a,NO,NO.
order_blank,data/blank_videos/blank/blank_0024.mp4,0,-1,0,-0.5518,-8.79,-9.5352,-10.5346,-10.0364,8,a,NO,NO.
order_blank,data/blank_videos/blank/blank_0025.mp4,0,-1,0,-0.9191,-8.6978,-9.4435,-10.5041,-10.1928,8,a,NO,NO.
order_blank,data/blank_videos/blank/blank_0026.mp4,0,-1,0,-0.911,-8.6665,-9.4731,-10.412,-10.0374,8,a,NO,NO.
order_blank,data/blank_videos/blank/blank_0027.mp4,0,-1,0,-0.6156,-9.1993,-9.6952,-10.7566,-10.3826,8,a,NO,NO.
order_blank,data/blank_videos/blank/blank_0028.mp4,0,-1,0,-0.5591,-8.9579,-9.5788,-10.6402,-10.2651,8,a,NO,NO.
order_blank,data/blank_videos/blank/blank_0029.mp4,0,-1,0,-0.5443,-8.8797,-9.4384,-10.6248,-10.2502,8,a,NO,NO.
order_blank,data/blank_videos/blank/blank_0030.mp4,0,-1,0,-0.4537,-8.9483,-9.5065,-10.7554,-10.3808,8,a,NO,NO.
order_blank,data/blank_videos/blank/blank_0031.mp4,0,-1,0,-0.4272,-8.7134,-9.5213,-10.6444,-10.3324,8,a,NO,NO.
order_blank,data/blank_videos/blank/blank_0032.mp4,0,-1,0,-0.727,-9.1838,-9.6792,-10.8029,-10.3667,8,a,NO,NO.
order_blank,data/blank_videos/blank/blank_0033.mp4,0,-1,0,-1.147,-8.8594,-8.7942,-10.6674,-10.2922,8,a,NO,NO.
order_blank,data/blank_videos/blank/blank_0034.mp4,0,-1,0,-0.9111,-8.9624,-9.2091,-10.832,-10.333,8,a,NO,NO.
order_blank,data/blank_videos/blank/blank_0035.mp4,0,-1,0,-0.9107,-8.8425,-8.9647,-10.5252,-10.2756,8,a,NO,NO.
order_blank,data/blank_videos/blank/blank_0036.mp4,0,-1,0,-0.9266,-8.6083,-8.7928,-10.6018,-10.2273,8,a,NO,NO.
order_blank,data/blank_videos/blank/blank_0037.mp4,0,-1,0,-0.911,-8.6543,-8.9008,-10.6486,-10.2122,8,a,NO,NO.
order_blank,data/blank_videos/blank/blank_0038.mp4,0,-1,0,-1.2724,-9.1345,-9.3191,-11.0041,-10.4426,8,a,NO,NO.
order_blank,data/blank_videos/blank/blank_0039.mp4,0,-1,0,-0.8329,-8.9246,-9.109,-10.8569,-10.3568,8,a,NO,NO.
order_blank,data/blank_videos/blank/blank_0040.mp4,0,-1,0,-0.7939,-8.7903,-8.912,-10.7842,-10.3478,8,a,NO,NO.
order_blank,data/blank_videos/blank/blank_0041.mp4,0,-1,0,-0.8019,-8.5824,-8.9538,-10.576,-10.2021,8,a,NO,NO.
order_blank,data/blank_videos/blank/blank_0042.mp4,0,-1,0,-1.2267,-9.1667,-9.3509,-11.0362,-10.4748,8,a,NO,NO.
order_blank,data/blank_videos/blank/blank_0043.mp4,0,-1,0,-0.657,-9.0342,-9.4694,-11.0287,-10.5303,8,a,NO,NO.
order_blank,data/blank_videos/blank/blank_0044.mp4,0,-1,0,-0.7772,-8.9639,-9.8971,-10.8335,-10.4595,8,a,NO,NO.
order_blank,data/blank_videos/blank/blank_0045.mp4,0,-1,0,-0.7773,-8.9656,-10.1482,-10.897,-10.3987,8,a,NO,NO.
order_blank,data/blank_videos/blank/blank_0046.mp4,0,-1,0,-0.8869,-8.9456,-10.0665,-10.7536,-9.8799,8,a,NO,NO.
order_blank,data/blank_videos/blank/blank_0047.mp4,0,-1,0,-0.6258,-8.9281,-9.9865,-10.9222,-10.3615,8,a,NO,NO.
order_blank,data/blank_videos/blank/blank_0048.mp4,0,-1,0,-0.7263,-8.9482,-10.1314,-11.0052,-10.5069,8,a,NO,NO.
order_blank,data/blank_videos/blank/blank_0049.mp4,0,-1,0,-1.1372,-9.0667,-10.1249,-10.8738,-10.3754,8,a,NO,NO.
