item,path,interval_ms,gt,pred,margin,lpA,lpB,lpC,lpD,n_frames,queried,top_token,response
order_real,data/videos_real/int_67ms/real_67_00000.avi,67,0,0,-0.245,-8.9031,-11.4812,-11.7,-11.2078,8,b,No,No.
order_rev,data/videos_real/int_67ms/real_67_00000.avi,67,0,1,-0.0734,-9.3291,-12.251,-12.4776,-11.5557,8,b,Yes,Yes.
moved_real,data/videos_real/int_67ms/real_67_00000.avi,67,1,1,1.3281,-8.8871,-12.0824,-11.9887,-11.6293,8,b,Yes,Yes
moved_twin,data/twin_real/real_67_00000.avi,67,0,1,1.4979,-8.929,-12.1712,-12.0072,-11.6478,8,b,Yes,Yes
order_twin,data/twin_real/real_67_00000.avi,67,-1,0,-0.1423,-8.8507,-11.5148,-11.6476,-11.1788,8,b,No,No.
bind_twin,data/twin_real/real_67_00000.avi,67,0,0,-0.5523,-9.3069,-11.721,-11.9007,-11.5725,8,b,No,No
order_real,data/videos_real/int_67ms/real_67_00000_flip.avi,67,1,0,-0.2576,-8.8953,-11.4734,-11.6687,-11.2078,8,b,No,No.
order_real,data/videos_real/int_67ms/real_67_00012.avi,67,1,0,-0.6261,-9.3718,-11.5202,-12.2937,-11.5749,8,b,No,No.
order_rev,data/videos_real/int_67ms/real_67_00012.avi,67,1,0,-0.6314,-9.003,-11.5264,-12.2217,-11.2139,8,b,No,No.
moved_real,data/videos_real/int_67ms/real_67_00012.avi,67,1,1,0.4848,-9.0252,-11.5721,-12.0799,-11.5565,8,b,Yes,Yes
moved_twin,data/twin_real/real_67_00012.avi,67,0,1,0.6848,-9.1608,-11.6373,-12.028,-11.6061,8,b,Yes,Yes
order_twin,data/twin_real/real_67_00012.avi,67,-1,0,-0.6926,-9.4053,-11.6006,-12.2881,-11.5772,8,b,No,No.
bind_twin,data/twin_real/real_67_00012.avi,67,0,1,0.1222,-9.9234,-11.5796,-12.3921,-11.9546,8,b,Yes,Yes
order_real,data/videos_real/int_67ms/real_67_00012_flip.avi,67,0,0,-0.6245,-9.3627,-11.5112,-12.2924,-11.5658,8,b,No,No.
order_real,data/videos_real/int_67ms/real_67_00024.avi,67,1,0,-0.9942,-9.8106,-12.545,-12.959,-12.209,8,b,No,No.
order_rev,data/videos_real/int_67ms/real_67_00024.avi,67,1,0,-0.5556,-9.2905,-12.1889,-12.5092,-11.6498,8,b,No,No. The dancer moves before the
moved_real,data/videos_real/int_67ms/real_67_00024.avi,67,1,1,1.0257,-9.2447,-12.2291,-12.3228,-12.1431,8,b,Yes,Yes.
moved_twin,data/twin_real/real_67_00024.avi,67,0,1,0.4787,-9.1925,-12.2706,-12.3722,-12.0284,8,b,Yes,Yes.
order_twin,data/twin_real/real_67_00024.avi,67,-1,0,-1.0299,-9.7911,-12.5411,-12.8849,-12.1583,8,b,No,No.
bind_twin,data/twin_real/real_67_00024.avi,67,0,1,0.1348,-10.0165,-12.6728,-13.0478,-12.6181,8,b,Yes,Yes
order_real,data/videos_real/int_67ms/real_67_00024_flip.avi,67,0,0,-0.9632,-9.8192,-12.5614,-12.9599,-12.2255,8,b,No,No.
order_real,data/videos_real/int_67ms/real_67_00036.avi,67,0,1,0.0479,-8.8441,-11.3519,-12.2191,-11.391,8,b,Yes,Yes.
order_rev,data/videos_real/int_67ms/real_67_00036.avi,67,0,0,-0.7929,-8.8975,-11.6788,-12.21,-11.3272,8,b,No,No. The juggler is performing
moved_real,data/videos_real/int_67ms/real_67_00036.avi,67,1,1,1.5324,-9.1262,-11.9934,-12.259,-11.7043,8,b,Yes,Yes.
moved_twin,data/twin_real/real_67_00036.avi,67,0,1,1.3791,-9.0628,-11.93,-12.219,-11.6565,8,b,Yes,Yes.
order_twin,data/twin_real/real_67_00036.avi,67,-1,1,-0.009,-8.8554,-11.3867,-12.1367,-11.332,8,b,Yes,Yes
bind_twin,data/twin_real/real_67_00036.avi,67,0,0,-0.2391,-9.8149,-11.979,-12.4477,-11.9946,8,b,No,No
order_real,data/videos_real/int_67ms/real_67_00036_flip.avi,67,1,1,0.0157,-8.8076,-11.3389,-12.1905,-11.3701,8,b,Yes,Yes.
order_real,data/videos_real/int_67ms/real_67_00048.avi,67,1,1,0.0459,-9.1343,-12.0718,-11.6968,-11.7203,8,b,Yes,Yes.
order_rev,data/videos_real/int_67ms/real_67_00048.avi,67,1,0,-0.7624,-8.5458,-11.5224,-11.5614,-11.2567,8,b,No,No. The archer moved before the
moved_real,data/videos_real/int_67ms/real_67_00048.avi,67,1,1,3.4228,-9.5957,-12.8223,-12.041,-12.5254,8,b,Yes,Yes.
moved_twin,data/twin_real/real_67_00048.avi,67,0,1,1.9088,-9.4502,-12.8252,-12.0205,-12.3252,8,b,Yes,Yes.
order_twin,data/twin_real/real_67_00048.avi,67,-1,1,0.2449,-9.1945,-12.1633,-11.6945,-11.8039,8,b,Yes,Yes.
bind_twin,data/twin_real/real_67_00048.avi,67,0,0,-1.726,-10.1167,-12.8823,-12.4605,-12.4839,8,b,No,No
order_real,data/videos_real/int_67ms/real_67_00048_flip.avi,67,0,1,0.0722,-9.1003,-12.0066,-11.6081,-11.6863,8,b,Yes,Yes.
order_real,data/videos_real/int_67ms/real_67_00060.avi,67,0,0,-0.3413,-8.4592,-10.9357,-11.506,-10.7951,8,a,No,No.
order_rev,data/videos_real/int_67ms/real_67_00060.avi,67,0,0,-0.821,-8.741,-11.3113,-11.9207,-11.0613,8,a,No,No.
moved_real,data/videos_real/int_67ms/real_67_00060.avi,67,1,1,0.3917,-8.6114,-11.6895,-11.6505,-11.088,8,a,Yes,Yes
moved_twin,data/twin_real/real_67_00060.avi,67,0,0,-0.2232,-8.749,-11.9208,-11.8193,-11.1318,8,a,No,No
order_twin,data/twin_real/real_67_00060.avi,67,-1,0,-0.6162,-8.6238,-11.1551,-11.6629,-10.8894,8,a,No,No.
bind_twin,data/twin_real/real_67_00060.avi,67,1,0,-1.0513,-9.688,-12.0396,-12.4224,-11.8677,8,a,No,No
order_real,data/videos_real/int_67ms/real_67_00060_flip.avi,67,1,0,-0.2814,-8.4703,-10.9625,-11.5093,-10.814,8,a,No,No.
order_real,data/videos_real/int_67ms/real_67_00072.avi,67,0,0,-0.3612,-9.0183,-11.3465,-12.2215,-11.3465,8,a,No,No.
order_rev,data/videos_real/int_67ms/real_67_00072.avi,67,0,1,-0.1362,-8.7673,-11.4782,-12.4236,-11.4157,8,a,Yes,Yes.
moved_real,data/videos_real/int_67ms/real_67_00072.avi,67,1,1,0.8909,-9.0229,-11.851,-11.9917,-11.5385,8,a,Yes,Yes.
moved_twin,data/twin_real/real_67_00072.avi,67,0,1,1.101,-8.8168,-11.5278,-11.8246,-11.3325,8,a,Yes,Yes.
order_twin,data/twin_real/real_67_00072.avi,67,-1,0,-0.2269,-8.9343,-11.3328,-12.1453,-11.3406,8,a,No,No.
bind_twin,data/twin_real/real_67_00072.avi,67,1,0,-0.1683,-9.5931,-11.8587,-12.3665,-11.9212,8,a,No,No
order_real,data/videos_real/int_67ms/real_67_00072_flip.avi,67,1,0,-0.3754,-9.0253,-11.3612,-12.2362,-11.3456,8,a,No,No.
order_real,data/videos_real/int_67ms/real_67_00084.avi,67,1,1,0.2156,-8.8229,-11.2682,-12.0026,-11.3463,8,a,Yes,Yes.
order_rev,data/videos_real/int_67ms/real_67_00084.avi,67,1,0,-0.8385,-8.5444,-11.4663,-11.9741,-11.2163,8,a,No,No.
moved_real,data/videos_real/int_67ms/real_67_00084.avi,67,1,1,0.9643,-8.6829,-11.4486,-11.7767,-11.3939,8,a,Yes,Yes.
moved_twin,data/twin_real/real_67_00084.avi,67,0,1,0.8876,-8.7296,-11.4952,-11.7374,-11.4484,8,a,Yes,Yes.
order_twin,data/twin_real/real_67_00084.avi,67,-1,1,0.0664,-8.7863,-11.1769,-11.8019,-11.2629,8,a,Yes,Yes.
bind_twin,data/twin_real/real_67_00084.avi,67,1,0,-0.1752,-9.7513,-11.9857,-12.4466,-12.0325,8,a,No,No
order_real,data/videos_real/int_67ms/real_67_00084_flip.avi,67,0,1,0.204,-8.8116,-11.2803,-12.0069,-11.3428,8,a,Yes,Yes.
order_real,data/videos_real/int_67ms/real_67_00096.avi,67,0,1,0.3975,-8.9493,-11.3789,-12.0586,-11.2071,8,b,Yes,Yes.
order_rev,data/videos_real/int_67ms/real_67_00096.avi,67,0,0,-0.4819,-8.7314,-11.6689,-12.1611,-11.2471,8,b,No,No. The bowler moved before the
moved_real,data/videos_real/int_67ms/real_67_00096.avi,67,1,1,1.9543,-9.1064,-11.9657,-11.8564,-11.5361,8,b,Yes,Yes.
moved_twin,data/twin_real/real_67_00096.avi,67,0,1,0.7029,-8.8876,-11.7236,-11.8564,-11.2236,8,b,Yes,Yes.
order_twin,data/twin_real/real_67_00096.avi,67,-1,1,0.0974,-8.9285,-11.3191,-12.0613,-11.1629,8,b,Yes,Yes.
bind_twin,data/twin_real/real_67_00096.avi,67,0,0,-1.2081,-10.0023,-12.3304,-12.7601,-12.0492,8,b,No,No
order_real,data/videos_real/int_67ms/real_67_00096_flip.avi,67,1,1,0.4101,-8.9372,-11.3591,-12.0154,-11.1794,8,b,Yes,Yes.
order_real,data/videos_real/int_67ms/real_67_00108.avi,67,1,0,-0.3377,-9.1695,-11.5758,-11.6617,-11.4352,8,a,No,No.
order_rev,data/videos_real/int_67ms/real_67_00108.avi,67,1,1,-0.0462,-9.2413,-12.1007,-11.9288,-11.8663,8,a,Yes,Yes.
moved_real,data/videos_real/int_67ms/real_67_00108.avi,67,1,1,0.5369,-8.9856,-12.0559,-11.8215,-11.6028,8,a,Yes,Yes
moved_twin,data/twin_real/real_67_00108.avi,67,0,1,0.214,-8.9277,-12.0058,-11.8574,-11.537,8,a,Yes,Yes
order_twin,data/twin_real/real_67_00108.avi,67,-1,0,-0.2848,-9.156,-11.4841,-11.6638,-11.3747,8,a,No,No.
bind_twin,data/twin_real/real_67_00108.avi,67,1,0,-0.8511,-9.6716,-11.8513,-12.1872,-11.8591,8,a,No,No
order_real,data/videos_real/int_67ms/real_67_00108_flip.avi,67,0,0,-0.3218,-9.1604,-11.5432,-11.6682,-11.426,8,a,No,No.
order_real,data/videos_real/int_67ms/real_67_00120.avi,67,0,0,-0.7051,-8.8155,-11.5576,-11.9248,-11.2608,8,b,No,No.
order_rev,data/videos_real/int_67ms/real_67_00120.avi,67,0,0,-0.63,-8.7869,-11.9119,-11.99,-11.3416,8,b,No,No.
moved_real,data/videos_real/int_67ms/real_67_00120.avi,67,1,0,-0.1525,-8.7763,-12.0263,-11.917,-11.3779,8,b,No,No.
moved_twin,data/twin_real/real_67_00120.avi,67,0,0,-0.3544,-8.6698,-11.8026,-11.873,-11.2323,8,b,No,No.
order_twin,data/twin_real/real_67_00120.avi,67,-1,0,-0.6643,-8.7383,-11.3868,-11.7774,-11.1211,8,b,No,No.
bind_twin,data/twin_real/real_67_00120.avi,67,0,0,-0.5317,-9.5781,-12.1015,-12.4218,-11.9297,8,b,No,No
order_real,data/videos_real/int_67ms/real_67_00120_flip.avi,67,1,0,-0.7164,-8.8112,-11.6159,-11.9909,-11.3034,8,b,No,No.
order_real,data/videos_real/int_67ms/real_67_00132.avi,67,1,0,-0.2955,-8.7837,-11.44,-11.7837,-11.1041,8,a,No,No.
order_rev,data/videos_real/int_67ms/real_67_00132.avi,67,1,0,-0.4581,-9.056,-12.1966,-12.3294,-11.5091,8,a,No,No.
moved_real,data/videos_real/int_67ms/real_67_00132.avi,67,1,1,1.1811,-8.9036,-11.6927,-11.8333,-11.0521,8,a,Yes,Yes.
moved_twin,data/twin_real/real_67_00132.avi,67,0,0,-0.433,-8.8549,-11.7221,-12.0033,-10.8705,8,a,No,No.
order_twin,data/twin_real/real_67_00132.avi,67,-1,0,-0.472,-8.811,-11.3969,-11.9516,-11.1157,8,a,No,No.
bind_twin,data/twin_real/real_67_00132.avi,67,1,0,-0.9138,-9.1793,-11.7496,-12.2262,-11.4918,8,a,No,No
order_real,data/videos_real/int_67ms/real_67_00132_flip.avi,67,0,0,-0.3298,-8.7877,-11.4518,-11.7877,-11.108,8,a,No,No.
order_real,data/videos_real/int_67ms/real_67_00144.avi,67,1,0,-0.5883,-9.4065,-11.844,-12.2034,-11.6644,8,a,No,No.
order_rev,data/videos_real/int_67ms/real_67_00144.avi,67,1,0,-0.6095,-9.2539,-11.8946,-12.2149,-11.5899,8,a,No,No.
moved_real,data/videos_real/int_67ms/real_67_00144.avi,67,1,1,1.269,-8.7678,-11.3537,-11.6194,-11.3772,8,a,Yes,Yes.
moved_twin,data/twin_real/real_67_00144.avi,67,0,1,0.9752,-8.6853,-11.3884,-11.615,-11.1775,8,a,Yes,Yes.
order_twin,data/twin_real/real_67_00144.avi,67,-1,0,-0.7163,-9.3584,-11.9209,-12.2256,-11.6318,8,a,No,No.
bind_twin,data/twin_real/real_67_00144.avi,67,1,1,0.1592,-9.8788,-12.0663,-12.4882,-12.121,8,a,Yes,Yes
order_real,data/videos_real/int_67ms/real_67_00144_flip.avi,67,0,0,-0.6085,-9.4273,-11.8413,-12.2085,-11.6616,8,a,No,No.
order_real,data/videos_real/int_67ms/real_67_00156.avi,67,1,0,-0.663,-9.0607,-11.8185,-11.7404,-11.5372,8,b,No,No.
order_rev,data/videos_real/int_67ms/real_67_00156.avi,67,1,0,-0.5075,-9.0884,-12.018,-11.7212,-11.5962,8,b,No,No. The cat was already on the
moved_real,data/videos_real/int_67ms/real_67_00156.avi,67,1,1,1.2327,-8.9887,-12.2152,-11.9731,-11.7465,8,b,Yes,Yes.
moved_twin,data/twin_real/real_67_00156.avi,67,0,1,1.5615,-8.9687,-12.164,-11.9843,-11.7499,8,b,Yes,Yes.
order_twin,data/twin_real/real_67_00156.avi,67,-1,0,-0.5936,-8.9839,-11.8199,-11.6402,-11.4761,8,b,No,No.
bind_twin,data/twin_real/real_67_00156.avi,67,0,0,-1.1526,-9.9527,-12.234,-12.4918,-12.0699,8,b,No,No
order_real,data/videos_real/int_67ms/real_67_00156_flip.avi,67,0,0,-0.662,-9.0673,-11.8407,-11.747,-11.5439,8,b,No,No.
order_real,data/videos_real/int_67ms/real_67_00168.avi,67,1,0,-0.1428,-9.9652,-12.973,-12.684,-12.5512,8,a,No,"No, the kittens did not"
order_rev,data/videos_real/int_67ms/real_67_00168.avi,67,1,0,-0.2526,-9.0043,-12.098,-12.1293,-11.6527,8,a,No,No.
moved_real,data/videos_real/int_67ms/real_67_00168.avi,67,1,1,1.0489,-9.4525,-12.3978,-12.2572,-12.265,8,a,Yes,Yes.
moved_twin,data/twin_real/real_67_00168.avi,67,0,1,0.7381,-9.2267,-12.2111,-12.0158,-12.0627,8,a,Yes,Yes.
order_twin,data/twin_real/real_67_00168.avi,67,-1,0,-0.2698,-9.7999,-12.7921,-12.5187,-12.3937,8,a,No,"No, the kittens did not"
bind_twin,data/twin_real/real_67_00168.avi,67,1,1,0.7436,-10.1204,-12.6907,-12.6907,-12.6673,8,a,Yes,Yes
order_real,data/videos_real/int_67ms/real_67_00168_flip.avi,67,0,0,-0.1434,-9.9498,-12.9264,-12.6373,-12.5201,8,a,No,"No, the kittens did not"
order_real,data/videos_real/int_67ms/real_67_00180.avi,67,0,1,0.4306,-9.7446,-12.6587,-12.2758,-12.3774,8,a,Yes,Yes.
order_rev,data/videos_real/int_67ms/real_67_00180.avi,67,0,0,-0.3615,-8.6724,-11.4537,-11.6568,-11.399,8,a,No,No.
moved_real,data/videos_real/int_67ms/real_67_00180.avi,67,1,1,3.932,-10.0202,-13.2468,-12.2233,-13.1296,8,a,Yes,Yes
moved_twin,data/twin_real/real_67_00180.avi,67,0,1,3.4057,-10.3616,-13.6116,-12.5178,-13.3147,8,a,Yes,Yes
order_twin,data/twin_real/real_67_00180.avi,67,-1,1,0.2462,-9.9765,-12.8671,-12.5312,-12.4531,8,a,Yes,Yes.
bind_twin,data/twin_real/real_67_00180.avi,67,1,0,-0.7047,-10.257,-12.7727,-12.4289,-12.593,8,a,No,No
order_real,data/videos_real/int_67ms/real_67_00180_flip.avi,67,1,1,0.4306,-9.7373,-12.6436,-12.2764,-12.3623,8,a,Yes,Yes.
order_real,data/videos_real/int_67ms/real_67_00192.avi,67,1,0,-1.0524,-9.2181,-11.4993,-12.1634,-11.054,8,b,No,No
order_rev,data/videos_real/int_67ms/real_67_00192.avi,67,1,0,-1.1724,-9.1538,-11.5757,-12.107,-11.0835,8,b,No,No.
moved_real,data/videos_real/int_67ms/real_67_00192.avi,67,1,1,-0.0612,-9.2346,-11.8049,-12.0627,-11.344,8,b,Yes,Yes.
moved_twin,data/twin_real/real_67_00192.avi,67,0,0,-0.1588,-9.1759,-11.8087,-12.0743,-11.3556,8,b,No,No
order_twin,data/twin_real/real_67_00192.avi,67,-1,0,-1.0449,-9.3215,-11.6261,-12.3058,-11.1886,8,b,No,No
bind_twin,data/twin_real/real_67_00192.avi,67,0,0,-1.2065,-9.8756,-12.1334,-12.4224,-11.9068,8,b,No,No
order_real,data/videos_real/int_67ms/real_67_00192_flip.avi,67,0,0,-1.0251,-9.1989,-11.488,-12.1521,-11.0427,8,b,No,No
order_real,data/videos_real/int_67ms/real_67_00204.avi,67,0,0,-0.2475,-9.5699,-12.3746,-12.023,-12.0699,8,a,No,"No, the kittens did not"
order_rev,data/videos_real/int_67ms/real_67_00204.avi,67,0,0,-0.8241,-8.9898,-11.9429,-11.9039,-11.5054,8,a,No,No.
moved_real,data/videos_real/int_67ms/real_67_00204.avi,67,1,1,1.2052,-9.2549,-12.2002,-11.9893,-11.9581,8,a,Yes,Yes.
moved_twin,data/twin_real/real_67_00204.avi,67,0,1,0.9565,-9.2284,-12.3144,-12.0878,-12.0409,8,a,Yes,Yes.
order_twin,data/twin_real/real_67_00204.avi,67,-1,0,-0.1866,-9.4465,-12.2981,-12.0715,-12.0715,8,a,No,"No, the kittens did not"
bind_twin,data/twin_real/real_67_00204.avi,67,1,1,1.7626,-10.3458,-12.9239,-12.8927,-13.0177,8,a,Yes,Yes
order_real,data/videos_real/int_67ms/real_67_00204_flip.avi,67,1,0,-0.2651,-9.5068,-12.3271,-11.9912,-12.0693,8,a,No,"No, the kittens did not"
order_real,data/videos_real/int_67ms/real_67_00216.avi,67,1,1,0.1485,-9.2897,-12.1569,-12.1413,-11.5397,8,a,Yes,Yes.
order_rev,data/videos_real/int_67ms/real_67_00216.avi,67,1,0,-0.68,-8.8937,-11.7374,-11.9874,-11.214,8,a,No,No.
moved_real,data/videos_real/int_67ms/real_67_00216.avi,67,1,1,0.4135,-9.2902,-12.4933,-12.4855,-11.8527,8,a,Yes,Yes
moved_twin,data/twin_real/real_67_00216.avi,67,0,1,0.0264,-9.2224,-12.4568,-12.5115,-11.8162,8,a,Yes,Yes
order_twin,data/twin_real/real_67_00216.avi,67,-1,1,0.1463,-9.2365,-12.1505,-12.0646,-11.463,8,a,Yes,Yes.
bind_twin,data/twin_real/real_67_00216.avi,67,1,0,-0.9144,-9.7263,-12.1013,-12.5076,-11.9138,8,a,No,No
order_real,data/videos_real/int_67ms/real_67_00216_flip.avi,67,0,1,0.1338,-9.2814,-12.172,-12.1642,-11.5548,8,a,Yes,Yes.
order_real,data/videos_real/int_67ms/real_67_00228.avi,67,1,0,-0.1471,-9.0529,-11.9748,-12.0764,-11.5217,8,b,No,No.
order_rev,data/videos_real/int_67ms/real_67_00228.avi,67,1,0,-0.1584,-9.1825,-11.9012,-12.3465,-11.8153,8,b,No,"No, the bowling pins did"
moved_real,data/videos_real/int_67ms/real_67_00228.avi,67,1,1,0.2813,-8.9184,-12.0434,-11.9184,-11.5121,8,b,Yes,Yes
moved_twin,data/twin_real/real_67_00228.avi,67,0,1,0.4043,-9.0385,-12.0776,-12.0619,-11.5385,8,b,Yes,Yes
order_twin,data/twin_real/real_67_00228.avi,67,-1,0,-0.1468,-9.0646,-11.9787,-12.1115,-11.4553,8,b,No,No.
bind_twin,data/twin_real/real_67_00228.avi,67,0,0,-1.9191,-10.2213,-12.737,-12.8776,-12.3151,8,b,No,No
order_real,data/videos_real/int_67ms/real_67_00228_flip.avi,67,0,0,-0.1927,-9.0385,-11.9604,-12.062,-11.5073,8,b,No,No.
order_real,data/videos_real/int_67ms/real_67_00240.avi,67,0,0,-0.5981,-9.2103,-11.804,-12.015,-11.4447,8,a,No,No.
order_real,data/videos_real/int_67ms/real_67_00240_flip.avi,67,1,0,-0.5957,-9.2393,-11.8331,-12.0284,-11.4737,8,a,No,No.
order_real,data/videos_real/int_67ms/real_67_00252.avi,67,1,1,0.0413,-9.1475,-11.6085,-11.7882,-11.3194,8,a,Yes,Yes
order_real,data/videos_real/int_67ms/real_67_00252_flip.avi,67,0,1,0.1113,-9.1453,-11.6062,-11.7781,-11.325,8,a,Yes,Yes
order_real,data/videos_real/int_67ms/real_67_00264.avi,67,0,0,-0.4122,-8.5925,-11.366,-11.7019,-11.1941,8,a,No,No.
order_real,data/videos_real/int_67ms/real_67_00264_flip.avi,67,1,0,-0.3642,-8.609,-11.3902,-11.734,-11.2183,8,a,No,No.
order_real,data/videos_real/int_67ms/real_67_00276.avi,67,1,1,0.0477,-9.1658,-11.4783,-11.8142,-11.0877,8,a,Yes,Yes.
order_real,data/videos_real/int_67ms/real_67_00276_flip.avi,67,0,1,0.0521,-9.1559,-11.4762,-11.8121,-11.0934,8,a,Yes,Yes.
order_real,data/videos_real/int_67ms/real_67_00288.avi,67,1,0,-0.6021,-9.0095,-11.5642,-11.9861,-11.0642,8,a,No,No.
order_real,data/videos_real/int_67ms/real_67_00288_flip.avi,67,0,0,-0.6304,-9.0333,-11.6036,-12.0099,-11.0646,8,a,No,No.
order_real,data/videos_real/int_67ms/real_67_00300.avi,67,1,1,-0.0309,-9.7523,-11.9555,-12.5492,-11.6898,8,a,Yes,Yes
order_real,data/videos_real/int_67ms/real_67_00300_flip.avi,67,0,1,0.0094,-9.7256,-11.9365,-12.5225,-11.6787,8,a,Yes,Yes
order_real,data/videos_real/int_67ms/real_67_00312.avi,67,1,1,0.0807,-8.876,-11.5713,-11.751,-11.4151,8,b,Yes,Yes
order_real,data/videos_real/int_67ms/real_67_00312_flip.avi,67,0,1,0.0637,-8.8329,-11.5282,-11.7,-11.3719,8,b,Yes,Yes
order_real,data/videos_real/int_67ms/real_67_00324.avi,67,0,0,-0.3188,-9.0528,-11.584,-11.584,-11.3965,8,a,No,No.
order_real,data/videos_real/int_67ms/real_67_00324_flip.avi,67,1,0,-0.3329,-9.06,-11.6225,-11.6068,-11.4115,8,a,No,No.
order_real,data/videos_real/int_67ms/real_67_00336.avi,67,1,0,-0.5867,-9.1343,-12.0328,-12.3296,-11.6109,8,b,No,No.
order_real,data/videos_real/int_67ms/real_67_00336_flip.avi,67,0,0,-0.572,-9.1185,-12.0248,-12.3217,-11.6029,8,b,No,No.
order_real,data/videos_real/int_67ms/real_67_00348.avi,67,0,0,-0.2703,-9.2529,-11.8388,-12.1357,-11.6591,8,a,No,No.
order_real,data/videos_real/int_67ms/real_67_00348_flip.avi,67,1,0,-0.2547,-9.252,-11.8379,-12.1348,-11.6582,8,a,No,No.
order_real,data/videos_real/int_67ms/real_67_00360.avi,67,1,1,0.0486,-8.4823,-11.1776,-11.1933,-11.2558,8,a,Yes,Yes.
order_real,data/videos_real/int_67ms/real_67_00360_flip.avi,67,0,1,0.0508,-8.4811,-11.192,-11.1998,-11.2545,8,a,Yes,Yes.
order_real,data/videos_real/int_67ms/real_67_00372.avi,67,0,0,-0.7285,-9.3405,-11.8092,-12.2233,-11.3249,8,b,No,No
order_real,data/videos_real/int_67ms/real_67_00372_flip.avi,67,1,0,-0.7118,-9.3592,-11.8279,-12.2498,-11.3592,8,b,No,No
order_real,data/videos_real/int_67ms/real_67_00384.avi,67,0,1,-0.0544,-9.0803,-11.7444,-12.2913,-11.5022,8,b,Yes,Yes.
order_real,data/videos_real/int_67ms/real_67_00384_flip.avi,67,1,1,-0.0556,-9.0668,-11.7308,-12.2855,-11.4886,8,b,Yes,Yes.
order_real,data/videos_real/int_67ms/real_67_00396.avi,67,0,0,-0.3188,-9.03,-11.5534,-11.5691,-11.3737,8,a,No,No.
order_real,data/videos_real/int_67ms/real_67_00396_flip.avi,67,1,0,-0.3363,-9.0248,-11.5483,-11.5717,-11.3764,8,a,No,No.
order_real,data/videos_real/int_67ms/real_67_00408.avi,67,0,0,-1.3039,-9.1822,-11.7837,-12.0337,-11.4947,8,b,No,No.
order_real,data/videos_real/int_67ms/real_67_00408_flip.avi,67,1,0,-1.3172,-9.2152,-11.809,-12.0512,-11.4965,8,b,No,No.
order_real,data/videos_real/int_67ms/real_67_00420.avi,67,0,0,-0.7326,-9.1342,-11.6577,-12.1186,-11.0171,8,a,No,No.
order_real,data/videos_real/int_67ms/real_67_00420_flip.avi,67,1,0,-0.7648,-9.1401,-11.6791,-12.1323,-11.0307,8,a,No,No.
order_real,data/videos_real/int_67ms/real_67_00432.avi,67,0,0,-0.4705,-9.2632,-11.5757,-12.2788,-11.4741,8,b,No,No.
order_real,data/videos_real/int_67ms/real_67_00432_flip.avi,67,1,0,-0.4867,-9.2283,-11.533,-12.244,-11.4471,8,b,No,No.
order_real,data/videos_real/int_67ms/real_67_00444.avi,67,0,0,-0.5196,-8.9016,-11.2766,-11.8703,-11.0032,8,a,No,No.
order_real,data/videos_real/int_67ms/real_67_00444_flip.avi,67,1,0,-0.4649,-8.87,-11.2685,-11.8778,-11.0028,8,a,No,No.
order_real,data/videos_real/int_67ms/real_67_00456.avi,67,0,0,-0.5915,-8.7405,-11.2483,-11.7249,-11.1858,8,a,No,No.
order_real,data/videos_real/int_67ms/real_67_00456_flip.avi,67,1,0,-0.6071,-8.7429,-11.2507,-11.7195,-11.1804,8,a,No,No.
order_real,data/videos_real/int_67ms/real_67_00468.avi,67,0,0,-0.6611,-8.9356,-11.6777,-12.0762,-11.0137,8,a,No,No.
order_real,data/videos_real/int_67ms/real_67_00468_flip.avi,67,1,0,-0.6472,-8.9422,-11.6922,-12.075,-11.0281,8,a,No,No.
order_real,data/videos_real/int_67ms/real_67_00480.avi,67,0,0,-0.3612,-9.0183,-11.3465,-12.2215,-11.3465,8,a,No,No.
order_real,data/videos_real/int_67ms/real_67_00480_flip.avi,67,1,0,-0.3754,-9.0253,-11.3612,-12.2362,-11.3456,8,a,No,No.
order_real,data/videos_real/int_67ms/real_67_00492.avi,67,0,1,-0.0165,-8.8758,-11.4695,-11.7039,-11.1024,8,a,Yes,Yes
order_real,data/videos_real/int_67ms/real_67_00492_flip.avi,67,1,1,0.0042,-8.9238,-11.5332,-11.7519,-11.1504,8,a,Yes,Yes
order_real,data/videos_real/int_67ms/real_67_00504.avi,67,1,0,-0.4921,-9.262,-11.6916,-12.1213,-11.5901,8,a,No,No.
order_real,data/videos_real/int_67ms/real_67_00504_flip.avi,67,0,0,-0.5193,-9.2701,-11.7232,-12.1294,-11.5982,8,a,No,No.
order_real,data/videos_real/int_67ms/real_67_00516.avi,67,0,0,-0.6336,-9.5072,-12.1556,-12.5697,-11.8822,8,b,No,No.
order_real,data/videos_real/int_67ms/real_67_00516_flip.avi,67,1,0,-0.6182,-9.5204,-12.1767,-12.5673,-11.8876,8,b,No,No.
order_real,data/videos_real/int_67ms/real_67_00528.avi,67,0,0,-1.0239,-9.2134,-11.9087,-12.3619,-10.9634,8,a,No,No.
order_real,data/videos_real/int_67ms/real_67_00528_flip.avi,67,1,0,-1.039,-9.2169,-11.8887,-12.3419,-10.9512,8,a,No,No.
order_real,data/videos_real/int_67ms/real_67_00540.avi,67,1,0,-0.5344,-9.5098,-11.8535,-12.3613,-11.4551,8,a,No,No
order_real,data/videos_real/int_67ms/real_67_00540_flip.avi,67,0,0,-0.564,-9.5127,-11.8564,-12.3564,-11.4424,8,a,No,No
order_real,data/videos_real/int_67ms/real_67_00552.avi,67,0,0,-0.6469,-9.0496,-11.6121,-12.0027,-11.0964,8,b,No,No
order_real,data/videos_real/int_67ms/real_67_00552_flip.avi,67,1,0,-0.6336,-9.0645,-11.627,-12.0098,-11.1114,8,b,No,No
order_real,data/videos_real/int_67ms/real_67_00564.avi,67,0,0,-0.9386,-9.3229,-11.5026,-12.151,-11.0182,8,a,No,No
order_real,data/videos_real/int_67ms/real_67_00564_flip.avi,67,1,0,-0.9855,-9.3334,-11.5209,-12.1615,-11.0287,8,a,No,No
order_real,data/videos_real/int_67ms/real_67_00576.avi,67,0,0,-0.6579,-9.0602,-11.6618,-11.9977,-11.3649,8,a,No,No.
order_real,data/videos_real/int_67ms/real_67_00576_flip.avi,67,1,0,-0.6427,-9.0806,-11.6665,-12.0102,-11.3774,8,a,No,No.
order_real,data/videos_real/int_67ms/real_67_00588.avi,67,0,0,-1.306,-9.3385,-11.987,-12.4479,-11.6667,8,b,No,No.
order_real,data/videos_real/int_67ms/real_67_00588_flip.avi,67,1,0,-1.3541,-9.3459,-12.01,-12.4553,-11.6506,8,b,No,No.
order_real,data/videos_real/int_100ms/real_100_00001.avi,100,1,1,-0.091,-8.9778,-11.6028,-11.8528,-11.2357,8,b,Yes,Yes
order_rev,data/videos_real/int_100ms/real_100_00001.avi,100,1,0,-0.4995,-9.0798,-11.7595,-12.2673,-11.4938,8,b,No,"No, the bowling pins did"
moved_real,data/videos_real/int_100ms/real_100_00001.avi,100,1,1,0.8828,-8.8996,-11.6574,-11.7433,-11.3449,8,b,Yes,Yes
moved_twin,data/twin_real/real_100_00001.avi,100,0,1,0.6392,-8.8774,-11.6743,-11.7212,-11.3306,8,b,Yes,Yes
order_twin,data/twin_real/real_100_00001.avi,100,-1,1,-0.1535,-8.9879,-11.6207,-11.8629,-11.2457,8,b,Yes,Yes
bind_twin,data/twin_real/real_100_00001.avi,100,0,0,-1.5703,-10.0529,-12.3186,-12.4982,-12.0607,8,b,No,No
order_real,data/videos_real/int_100ms/real_100_00001_flip.avi,100,0,1,-0.0875,-8.9672,-11.5922,-11.8344,-11.2328,8,b,Yes,Yes
order_real,data/videos_real/int_100ms/real_100_00013.avi,100,0,0,-0.2165,-8.3544,-11.0731,-11.4638,-11.0653,8,b,No,No.
order_rev,data/videos_real/int_100ms/real_100_00013.avi,100,0,0,-0.3428,-8.6566,-11.4144,-11.9847,-11.2972,8,b,No,No.
moved_real,data/videos_real/int_100ms/real_100_00013.avi,100,1,1,0.8105,-8.4932,-11.3447,-11.5713,-11.2432,8,b,Yes,Yes
moved_twin,data/twin_real/real_100_00013.avi,100,0,1,0.8032,-8.6424,-11.6658,-11.5877,-11.2674,8,b,Yes,Yes
order_twin,data/twin_real/real_100_00013.avi,100,-1,0,-0.3382,-8.5958,-11.3692,-11.5567,-11.127,8,b,No,No.
bind_twin,data/twin_real/real_100_00013.avi,100,0,0,-0.1992,-9.5977,-11.9649,-12.2774,-11.9337,8,b,No,No
order_real,data/videos_real/int_100ms/real_100_00013_flip.avi,100,1,0,-0.2321,-8.3558,-11.0589,-11.4729,-11.0589,8,b,No,No.
order_real,data/videos_real/int_100ms/real_100_00025.avi,100,0,0,-0.1327,-9.1625,-11.8265,-11.975,-11.5921,8,a,No,No.
order_rev,data/videos_real/int_100ms/real_100_00025.avi,100,0,0,-0.7055,-9.337,-12.3917,-12.3136,-11.8526,8,a,No,No.
moved_real,data/videos_real/int_100ms/real_100_00025.avi,100,1,1,0.6189,-9.4045,-12.2561,-12.0607,-11.7717,8,a,Yes,Yes
moved_twin,data/twin_real/real_100_00025.avi,100,0,1,0.7672,-9.2933,-12.1683,-12.0355,-11.6839,8,a,Yes,Yes
order_twin,data/twin_real/real_100_00025.avi,100,-1,0,-0.0731,-9.1159,-11.7722,-11.9441,-11.5378,8,a,No,No.
bind_twin,data/twin_real/real_100_00025.avi,100,1,1,0.0128,-9.8741,-12.2023,-12.3507,-12.0851,8,a,Yes,Yes
order_real,data/videos_real/int_100ms/real_100_00025_flip.avi,100,1,0,-0.1029,-9.1839,-11.8558,-11.9964,-11.6058,8,a,No,No.
order_real,data/videos_real/int_100ms/real_100_00037.avi,100,0,0,-0.819,-9.1116,-11.9475,-12.4241,-11.5491,8,b,No,No.
order_rev,data/videos_real/int_100ms/real_100_00037.avi,100,0,0,-0.64,-8.8824,-11.5074,-12.2183,-11.1402,8,b,No,No.
moved_real,data/videos_real/int_100ms/real_100_00037.avi,100,1,1,0.8482,-9.097,-12.0111,-12.2142,-11.3705,8,b,Yes,Yes
moved_twin,data/twin_real/real_100_00037.avi,100,0,1,0.3466,-8.8489,-11.927,-12.2004,-11.1692,8,b,Yes,Yes.
order_twin,data/twin_real/real_100_00037.avi,100,-1,0,-0.9815,-8.854,-11.9087,-12.3306,-11.4243,8,b,No,No.
bind_twin,data/twin_real/real_100_00037.avi,100,0,0,-0.575,-8.9069,-11.4147,-11.9382,-11.321,8,b,No,No
order_real,data/videos_real/int_100ms/real_100_00037_flip.avi,100,1,0,-0.7409,-9.0449,-11.912,-12.3964,-11.5292,8,b,No,No.
order_real,data/videos_real/int_100ms/real_100_00049.avi,100,1,0,-0.5576,-9.2411,-11.8583,-11.8114,-11.3739,8,b,No,No
order_rev,data/videos_real/int_100ms/real_100_00049.avi,100,1,0,-0.8933,-8.9366,-11.7101,-11.9366,-11.0304,8,b,No,No.
moved_real,data/videos_real/int_100ms/real_100_00049.avi,100,1,1,1.4982,-9.0854,-12.2104,-11.7495,-11.7651,8,b,Yes,Yes
moved_twin,data/twin_real/real_100_00049.avi,100,0,1,1.3828,-9.0645,-12.1583,-11.7442,-11.7364,8,b,Yes,Yes
order_twin,data/twin_real/real_100_00049.avi,100,-1,0,-0.6972,-9.2357,-11.806,-11.8216,-11.3529,8,b,No,No
bind_twin,data/twin_real/real_100_00049.avi,100,0,0,-0.4857,-9.8242,-12.043,-11.918,-11.8633,8,b,No,No
order_real,data/videos_real/int_100ms/real_100_00049_flip.avi,100,0,0,-0.5711,-9.2494,-11.851,-11.8197,-11.3822,8,b,No,No
order_real,data/videos_real/int_100ms/real_100_00061.avi,100,0,0,-0.368,-8.9155,-11.3451,-11.3373,-11.3061,8,a,No,No.
order_rev,data/videos_real/int_100ms/real_100_00061.avi,100,0,0,-0.3932,-9.1116,-11.9319,-11.6663,-11.6584,8,a,No,No.
moved_real,data/videos_real/int_100ms/real_100_00061.avi,100,1,0,-0.1816,-9.1835,-12.1678,-12.0038,-11.6132,8,a,No,No.
moved_twin,data/twin_real/real_100_00061.avi,100,0,0,-0.7449,-8.9846,-12.0705,-11.8361,-11.4064,8,a,No,No.
order_twin,data/twin_real/real_100_00061.avi,100,-1,0,-0.4262,-8.7076,-11.1608,-11.1842,-11.1529,8,a,No,No.
bind_twin,data/twin_real/real_100_00061.avi,100,1,0,-1.0631,-9.6181,-12.1103,-12.1337,-11.9306,8,a,No,No
order_real,data/videos_real/int_100ms/real_100_00061_flip.avi,100,1,0,-0.3669,-8.9374,-11.3984,-11.3984,-11.3359,8,a,No,No.
order_real,data/videos_real/int_100ms/real_100_00073.avi,100,1,0,-1.0448,-8.8794,-11.3716,-11.8638,-11.1685,8,b,No,No.
order_rev,data/videos_real/int_100ms/real_100_00073.avi,100,1,0,-0.5218,-8.9928,-11.6334,-12.2349,-11.4381,8,b,No,No. The guitarist moved before the
moved_real,data/videos_real/int_100ms/real_100_00073.avi,100,1,1,1.0195,-8.7751,-11.736,-11.861,-11.3688,8,b,Yes,Yes.
moved_twin,data/twin_real/real_100_00073.avi,100,0,1,0.9409,-8.8334,-11.6224,-11.7787,-11.2318,8,b,Yes,Yes
order_twin,data/twin_real/real_100_00073.avi,100,-1,0,-1.0138,-8.8574,-11.2636,-11.7636,-11.0683,8,b,No,No.
bind_twin,data/twin_real/real_100_00073.avi,100,0,1,0.4421,-9.3377,-11.4783,-11.8533,-11.6111,8,b,Yes,Yes
order_real,data/videos_real/int_100ms/real_100_00073_flip.avi,100,0,0,-1.0437,-8.8931,-11.3619,-11.8775,-11.1744,8,b,No,No.
order_real,data/videos_real/int_100ms/real_100_00085.avi,100,1,0,-0.1841,-8.4738,-11.1222,-11.841,-11.0754,8,b,No,No.
order_rev,data/videos_real/int_100ms/real_100_00085.avi,100,1,1,0.1937,-8.7031,-12.1328,-12.461,-11.5078,8,b,Yes,Yes.
moved_real,data/videos_real/int_100ms/real_100_00085.avi,100,1,1,1.206,-8.7678,-11.6585,-11.971,-11.1038,8,b,Yes,Yes
moved_twin,data/twin_real/real_100_00085.avi,100,0,1,0.2709,-8.6933,-11.6386,-11.9745,-10.9198,8,b,Yes,Yes
order_twin,data/twin_real/real_100_00085.avi,100,-1,0,-0.3357,-8.5272,-11.246,-11.9257,-11.1366,8,b,No,No.
bind_twin,data/twin_real/real_100_00085.avi,100,0,0,-0.5058,-9.0557,-11.5791,-12.0479,-11.3838,8,b,No,No
order_real,data/videos_real/int_100ms/real_100_00085_flip.avi,100,0,0,-0.2318,-8.4999,-11.1327,-11.8124,-11.0624,8,b,No,No.
order_real,data/videos_real/int_100ms/real_100_00097.avi,100,1,0,-0.5716,-8.6667,-11.448,-11.8151,-11.0886,8,a,No,No.
order_rev,data/videos_real/int_100ms/real_100_00097.avi,100,1,0,-0.5847,-8.7515,-11.6343,-12.0015,-11.0484,8,a,No,No.
moved_real,data/videos_real/int_100ms/real_100_00097.avi,100,1,1,-0.0686,-8.7798,-11.9517,-11.772,-11.3033,8,a,Yes,Yes
moved_twin,data/twin_real/real_100_00097.avi,100,0,1,-0.0229,-8.8072,-11.8854,-11.8229,-11.3072,8,a,Yes,Yes.
order_twin,data/twin_real/real_100_00097.avi,100,-1,0,-0.7375,-8.8284,-11.5784,-11.9925,-11.2034,8,a,No,No.
bind_twin,data/twin_real/real_100_00097.avi,100,1,1,0.0161,-9.7382,-11.9335,-12.2538,-11.8866,8,a,Yes,Yes
order_real,data/videos_real/int_100ms/real_100_00097_flip.avi,100,0,0,-0.5565,-8.6721,-11.4533,-11.8127,-11.1018,8,a,No,No.
order_real,data/videos_real/int_100ms/real_100_00109.avi,100,1,0,-0.4149,-9.2029,-11.7185,-11.4685,-11.5076,8,a,No,No.
order_rev,data/videos_real/int_100ms/real_100_00109.avi,100,1,0,-0.9928,-8.8683,-11.6808,-11.673,-11.1495,8,a,No,No.
moved_real,data/videos_real/int_100ms/real_100_00109.avi,100,1,1,0.8877,-8.9922,-12.1953,-11.4766,-11.6484,8,a,Yes,Yes.
moved_twin,data/twin_real/real_100_00109.avi,100,0,1,0.8123,-9.0202,-12.1921,-11.4812,-11.6062,8,a,Yes,Yes.
order_twin,data/twin_real/real_100_00109.avi,100,-1,0,-0.4098,-9.2062,-11.7297,-11.4562,-11.5265,8,a,No,No.
bind_twin,data/twin_real/real_100_00109.avi,100,1,1,0.3574,-9.7541,-12.176,-11.8947,-12.1291,8,a,Yes,Yes
order_real,data/videos_real/int_100ms/real_100_00109_flip.avi,100,0,0,-0.4098,-9.1987,-11.73,-11.48,-11.5112,8,a,No,No.
order_real,data/videos_real/int_100ms/real_100_00121.avi,100,0,0,-0.8011,-9.0133,-11.7398,-11.9352,-11.357,8,b,No,No.
order_rev,data/videos_real/int_100ms/real_100_00121.avi,100,0,1,0.1644,-9.2984,-12.1109,-12.4078,-11.9625,8,b,Yes,Yes.
moved_real,data/videos_real/int_100ms/real_100_00121.avi,100,1,1,0.7378,-8.6402,-11.6637,-11.6402,-11.1637,8,b,Yes,Yes.
moved_twin,data/twin_real/real_100_00121.avi,100,0,1,0.1838,-8.3777,-11.5886,-11.5964,-11.0183,8,b,Yes,Yes.
order_twin,data/twin_real/real_100_00121.avi,100,-1,0,-0.8975,-8.718,-11.4837,-11.6868,-11.1321,8,b,No,No.
bind_twin,data/twin_real/real_100_00121.avi,100,0,0,-0.7548,-9.3716,-11.6685,-12.0826,-11.5747,8,b,No,No
order_real,data/videos_real/int_100ms/real_100_00121_flip.avi,100,1,0,-0.8009,-9.0211,-11.7555,-11.9274,-11.3571,8,b,No,No.
order_real,data/videos_real/int_100ms/real_100_00133.avi,100,0,0,-0.4177,-9.3187,-11.5297,-12.2406,-11.0687,8,a,No,No
order_rev,data/videos_real/int_100ms/real_100_00133.avi,100,0,0,-0.7672,-9.1351,-11.4554,-12.2757,-11.2132,8,a,No,No
moved_real,data/videos_real/int_100ms/real_100_00133.avi,100,1,1,2.1338,-9.7377,-12.5268,-12.4252,-11.8706,8,a,Yes,Yes
moved_twin,data/twin_real/real_100_00133.avi,100,0,1,2.2283,-9.721,-12.5569,-12.4241,-11.9163,8,a,Yes,Yes.
order_twin,data/twin_real/real_100_00133.avi,100,-1,0,-0.3351,-9.378,-11.5968,-12.3155,-11.1514,8,a,No,No
bind_twin,data/twin_real/real_100_00133.avi,100,1,1,0.0729,-9.9782,-12.0876,-12.4548,-11.8454,8,a,Yes,Yes
order_real,data/videos_real/int_100ms/real_100_00133_flip.avi,100,1,0,-0.4347,-9.3137,-11.5168,-12.2434,-11.0559,8,a,No,No
order_real,data/videos_real/int_100ms/real_100_00145.avi,100,0,0,-0.5189,-8.4144,-10.9457,-11.2347,-10.8597,8,a,No,No
order_rev,data/videos_real/int_100ms/real_100_00145.avi,100,0,0,-0.3407,-8.5112,-11.1831,-11.0894,-10.9175,8,a,No,No.
moved_real,data/videos_real/int_100ms/real_100_00145.avi,100,1,1,0.1135,-8.4568,-11.2068,-11.4724,-10.9802,8,a,Yes,Yes
moved_twin,data/twin_real/real_100_00145.avi,100,0,1,0.0644,-8.6322,-11.429,-11.5384,-11.0462,8,a,Yes,Yes.
order_twin,data/twin_real/real_100_00145.avi,100,-1,0,-0.5892,-8.5459,-11.1553,-11.3272,-10.9131,8,a,No,No
bind_twin,data/twin_real/real_100_00145.avi,100,1,1,0.682,-9.2444,-11.5491,-11.8226,-11.8069,8,a,Yes,Yes
order_real,data/videos_real/int_100ms/real_100_00145_flip.avi,100,1,0,-0.4877,-8.4201,-10.9748,-11.2638,-10.881,8,a,No,No
order_real,data/videos_real/int_100ms/real_100_00157.avi,100,1,0,-0.2003,-8.9259,-11.5509,-11.9805,-11.3634,8,b,No,No.
order_rev,data/videos_real/int_100ms/real_100_00157.avi,100,1,0,-1.0778,-9.0197,-12.1213,-12.2151,-11.5119,8,b,No,No.
moved_real,data/videos_real/int_100ms/real_100_00157.avi,100,1,1,0.5977,-8.9744,-11.9979,-12.0448,-11.5916,8,b,Yes,Yes.
moved_twin,data/twin_real/real_100_00157.avi,100,0,1,0.8775,-8.8812,-11.9046,-11.9983,-11.5062,8,b,Yes,Yes.
order_twin,data/twin_real/real_100_00157.avi,100,-1,0,-0.2053,-8.7993,-11.5259,-11.8931,-11.2056,8,b,No,No.
bind_twin,data/twin_real/real_100_00157.avi,100,0,0,-0.388,-9.5874,-11.8452,-12.1812,-11.7593,8,b,No,No
order_real,data/videos_real/int_100ms/real_100_00157_flip.avi,100,0,0,-0.1831,-8.924,-11.5646,-11.9787,-11.3693,8,b,No,No.
order_real,data/videos_real/int_100ms/real_100_00169.avi,100,1,0,-0.5378,-9.5012,-12.259,-12.5559,-11.8293,8,b,No,No.
order_rev,data/videos_real/int_100ms/real_100_00169.avi,100,1,0,-0.4093,-9.1554,-12.1319,-12.3585,-11.8976,8,b,No,No. The weightlifter moved
moved_real,data/videos_real/int_100ms/real_100_00169.avi,100,1,1,0.0863,-9.251,-12.3526,-12.3839,-11.9464,8,b,Yes,Yes.
moved_twin,data/twin_real/real_100_00169.avi,100,0,1,-0.0646,-9.0579,-12.0969,-12.1829,-11.6594,8,b,Yes,Yes.
order_twin,data/twin_real/real_100_00169.avi,100,-1,0,-0.5525,-9.3903,-12.07,-12.3903,-11.6716,8,b,No,No.
bind_twin,data/twin_real/real_100_00169.avi,100,0,0,-1.6228,-10.2916,-12.651,-12.901,-12.4557,8,b,No,No
order_real,data/videos_real/int_100ms/real_100_00169_flip.avi,100,0,0,-0.5092,-9.5,-12.25,-12.5469,-11.8282,8,b,No,No.
order_real,data/videos_real/int_100ms/real_100_00181.avi,100,0,1,0.273,-9.5461,-12.7571,-12.8039,-12.2727,8,a,Yes,Yes.
order_rev,data/videos_real/int_100ms/real_100_00181.avi,100,0,0,-0.3345,-9.0033,-12.0971,-12.2924,-11.6205,8,a,No,No. The man exercising moves
moved_real,data/videos_real/int_100ms/real_100_00181.avi,100,1,1,1.3654,-8.9624,-12.3062,-12.0562,-11.7671,8,a,Yes,Yes.
moved_twin,data/twin_real/real_100_00181.avi,100,0,1,0.4466,-8.7648,-12.1866,-12.0695,-11.5616,8,a,Yes,Yes.
order_twin,data/twin_real/real_100_00181.avi,100,-1,1,0.1614,-9.5358,-12.6921,-12.7702,-12.1842,8,a,Yes,Yes.
bind_twin,data/twin_real/real_100_00181.avi,100,1,0,-0.0977,-9.811,-12.5375,-12.7719,-12.3188,8,a,No,No
order_real,data/videos_real/int_100ms/real_100_00181_flip.avi,100,1,1,0.2747,-9.5544,-12.7732,-12.8278,-12.3044,8,a,Yes,Yes.
order_real,data/videos_real/int_100ms/real_100_00193.avi,100,0,0,-0.1403,-9.5159,-12.2346,-11.7503,-11.9378,8,a,No,No.
order_rev,data/videos_real/int_100ms/real_100_00193.avi,100,0,1,-0.031,-8.4908,-11.1783,-11.3658,-10.9752,8,a,Yes,Yes.
moved_real,data/videos_real/int_100ms/real_100_00193.avi,100,1,1,0.6295,-8.8419,-12.0216,-10.6232,-11.5997,8,a,Yes,Yes.
moved_twin,data/twin_real/real_100_00193.avi,100,0,1,0.2268,-8.5591,-11.6763,-10.606,-11.2701,8,a,Yes,Yes.
order_twin,data/twin_real/real_100_00193.avi,100,-1,0,-0.1515,-9.1736,-11.7908,-11.4783,-11.5955,8,a,No,No.
bind_twin,data/twin_real/real_100_00193.avi,100,1,1,1.8556,-10.037,-12.7011,-11.7245,-12.9199,8,a,Yes,Yes
order_real,data/videos_real/int_100ms/real_100_00193_flip.avi,100,1,0,-0.1726,-9.4407,-12.1438,-11.6595,-11.8548,8,a,No,No.
order_real,data/videos_real/int_100ms/real_100_00205.avi,100,0,0,-0.5505,-8.8349,-11.3974,-11.9209,-11.1787,8,b,No,No.
order_rev,data/videos_real/int_100ms/real_100_00205.avi,100,0,0,-0.7063,-8.6326,-11.3513,-11.9373,-10.9295,8,b,No,No.
moved_real,data/videos_real/int_100ms/real_100_00205.avi,100,1,1,0.4592,-8.7602,-11.7602,-11.8149,-11.354,8,b,Yes,Yes.
moved_twin,data/twin_real/real_100_00205.avi,100,0,1,0.546,-8.7641,-11.7172,-11.7641,-11.3344,8,b,Yes,Yes
order_twin,data/twin_real/real_100_00205.avi,100,-1,0,-0.6435,-8.8886,-11.3964,-11.9355,-11.1776,8,b,No,No.
bind_twin,data/twin_real/real_100_00205.avi,100,0,0,-0.1804,-9.7427,-11.9614,-12.3989,-11.9146,8,b,No,No
order_real,data/videos_real/int_100ms/real_100_00205_flip.avi,100,1,0,-0.5621,-8.8258,-11.4195,-11.9351,-11.1695,8,b,No,No.
order_real,data/videos_real/int_100ms/real_100_00217.avi,100,0,0,-0.3805,-8.8476,-11.4414,-11.5273,-11.0976,8,a,No,No.
order_rev,data/videos_real/int_100ms/real_100_00217.avi,100,0,0,-0.5398,-8.5952,-11.2749,-11.5014,-10.8218,8,a,No,No.
moved_real,data/videos_real/int_100ms/real_100_00217.avi,100,1,1,0.8182,-8.5795,-11.5873,-11.6108,-11.0327,8,a,Yes,Yes.
moved_twin,data/twin_real/real_100_00217.avi,100,0,1,0.3472,-8.4276,-11.8026,-11.701,-11.0291,8,a,Yes,Yes.
order_twin,data/twin_real/real_100_00217.avi,100,-1,0,-0.4233,-8.6735,-11.2985,-11.4626,-10.9939,8,a,No,No.
bind_twin,data/twin_real/real_100_00217.avi,100,1,0,-0.5418,-9.2207,-11.5254,-11.8379,-11.3926,8,a,No,No
order_real,data/videos_real/int_100ms/real_100_00217_flip.avi,100,1,0,-0.3362,-8.8667,-11.476,-11.5385,-11.1167,8,a,No,No.
order_real,data/videos_real/int_100ms/real_100_00229.avi,100,1,0,-0.3615,-9.2265,-11.8046,-12.1328,-11.8359,8,b,No,No.
order_rev,data/videos_real/int_100ms/real_100_00229.avi,100,1,0,-0.5997,-9.077,-11.8817,-12.2879,-11.5379,8,b,No,No.
moved_real,data/videos_real/int_100ms/real_100_00229.avi,100,1,1,1.063,-9.359,-12.1715,-12.195,-11.859,8,b,Yes,Yes
moved_twin,data/twin_real/real_100_00229.avi,100,0,1,0.9133,-9.3356,-12.1091,-12.1403,-11.7809,8,b,Yes,Yes
order_twin,data/twin_real/real_100_00229.avi,100,-1,0,-0.5053,-9.2567,-11.7645,-12.1004,-11.7801,8,b,No,No.
bind_twin,data/twin_real/real_100_00229.avi,100,0,0,-0.8471,-9.9742,-12.1539,-12.4429,-11.9429,8,b,No,No
order_real,data/videos_real/int_100ms/real_100_00229_flip.avi,100,0,0,-0.3755,-9.2347,-11.8129,-12.1488,-11.8441,8,b,No,No.
order_real,data/videos_real/int_100ms/real_100_00241.avi,100,0,0,-0.3782,-9.4841,-12.1873,-12.5154,-11.7029,8,a,No,No.
order_real,data/videos_real/int_100ms/real_100_00241_flip.avi,100,1,0,-0.38,-9.4772,-12.1569,-12.5085,-11.6882,8,a,No,No.
order_real,data/videos_real/int_100ms/real_100_00253.avi,100,0,1,0.2142,-8.2271,-10.7271,-11.2115,-10.938,8,b,Yes,Yes.
order_real,data/videos_real/int_100ms/real_100_00253_flip.avi,100,1,1,0.2399,-8.2346,-10.7503,-11.2268,-10.9534,8,b,Yes,Yes.
order_real,data/videos_real/int_100ms/real_100_00265.avi,100,0,0,-0.514,-8.7945,-11.4664,-11.4273,-11.0211,8,a,No,No.
order_real,data/videos_real/int_100ms/real_100_00265_flip.avi,100,1,0,-0.5126,-8.8613,-11.5488,-11.4941,-11.0722,8,a,No,No.
order_real,data/videos_real/int_100ms/real_100_00277.avi,100,1,1,0.0108,-8.5819,-11.3163,-11.9491,-11.1054,8,a,Yes,Yes
order_real,data/videos_real/int_100ms/real_100_00277_flip.avi,100,0,1,-0.0144,-8.5718,-11.3374,-11.9546,-11.1343,8,a,Yes,Yes
order_real,data/videos_real/int_100ms/real_100_00289.avi,100,0,0,-0.5576,-8.7151,-11.6682,-11.8792,-11.2385,8,b,No,No
order_real,data/videos_real/int_100ms/real_100_00289_flip.avi,100,1,0,-0.5669,-8.7125,-11.6734,-11.9,-11.2515,8,b,No,No
order_real,data/videos_real/int_100ms/real_100_00301.avi,100,0,1,0.0697,-9.1939,-11.7017,-11.9908,-11.233,8,a,Yes,Yes
order_real,data/videos_real/int_100ms/real_100_00301_flip.avi,100,1,1,0.0827,-9.1573,-11.6729,-11.9385,-11.1964,8,a,Yes,Yes
order_real,data/videos_real/int_100ms/real_100_00313.avi,100,1,0,-0.1459,-9.6108,-12.4155,-12.6264,-12.0092,8,a,No,No.
order_real,data/videos_real/int_100ms/real_100_00313_flip.avi,100,0,0,-0.1904,-9.5961,-12.4242,-12.6195,-12.0101,8,a,No,No.
order_real,data/videos_real/int_100ms/real_100_00325.avi,100,1,0,-0.92,-9.3028,-11.8574,-12.0293,-11.459,8,b,No,No.
order_real,data/videos_real/int_100ms/real_100_00325_flip.avi,100,0,0,-0.9601,-9.324,-11.8709,-12.0818,-11.4881,8,b,No,No.
order_real,data/videos_real/int_100ms/real_100_00337.avi,100,1,0,-0.319,-9.574,-12.3396,-11.7146,-12.0037,8,b,No,No.
order_real,data/videos_real/int_100ms/real_100_00337_flip.avi,100,0,0,-0.3358,-9.5761,-12.3496,-11.709,-12.0136,8,b,No,No.
order_real,data/videos_real/int_100ms/real_100_00349.avi,100,0,1,0.1236,-8.976,-11.4916,-11.9681,-11.3978,8,a,Yes,Yes
order_real,data/videos_real/int_100ms/real_100_00349_flip.avi,100,1,1,0.148,-8.9668,-11.498,-11.9511,-11.3886,8,a,Yes,Yes
order_real,data/videos_real/int_100ms/real_100_00361.avi,100,1,1,0.0007,-9.3735,-12.5766,-11.7641,-12.1157,8,a,Yes,Yes.
order_real,data/videos_real/int_100ms/real_100_00361_flip.avi,100,0,1,-0.0163,-9.3293,-12.5325,-11.7278,-12.0793,8,a,Yes,Yes.
order_real,data/videos_real/int_100ms/real_100_00373.avi,100,1,0,-0.3789,-8.9864,-11.5645,-11.8379,-11.3145,8,a,No,No.
order_real,data/videos_real/int_100ms/real_100_00373_flip.avi,100,0,0,-0.381,-8.9953,-11.5422,-11.8234,-11.3156,8,a,No,No.
order_real,data/videos_real/int_100ms/real_100_00385.avi,100,0,0,-0.7282,-9.0771,-11.6006,-12.0928,-11.3818,8,a,No,No.
order_real,data/videos_real/int_100ms/real_100_00385_flip.avi,100,1,0,-0.7738,-9.0627,-11.6017,-12.0861,-11.3596,8,a,No,No.
order_real,data/videos_real/int_100ms/real_100_00397.avi,100,1,0,-0.6618,-9.1319,-11.0772,-11.7647,-10.9132,8,a,No,No
order_real,data/videos_real/int_100ms/real_100_00397_flip.avi,100,0,0,-0.6569,-9.1702,-11.1468,-11.8108,-10.9671,8,a,No,No
order_real,data/videos_real/int_100ms/real_100_00409.avi,100,0,0,-0.5919,-8.9321,-11.2446,-11.7524,-11.2524,8,b,No,No.
order_real,data/videos_real/int_100ms/real_100_00409_flip.avi,100,1,0,-0.5884,-8.9607,-11.2888,-11.7888,-11.281,8,b,No,No.
order_real,data/videos_real/int_100ms/real_100_00421.avi,100,1,0,-0.0692,-9.1327,-11.6171,-12.203,-11.2577,8,b,No,No.
order_real,data/videos_real/int_100ms/real_100_00421_flip.avi,100,0,1,-0.0378,-9.1544,-11.6544,-12.2403,-11.2715,8,b,Yes,Yes.
order_real,data/videos_real/int_100ms/real_100_00433.avi,100,0,0,-0.8925,-8.6319,-11.1944,-11.6476,-10.9288,8,b,No,No.
order_real,data/videos_real/int_100ms/real_100_00433_flip.avi,100,1,0,-0.8775,-8.6062,-11.1844,-11.6297,-10.9266,8,b,No,No.
order_real,data/videos_real/int_100ms/real_100_00445.avi,100,1,1,0.5863,-9.0708,-12.2973,-12.3598,-11.6489,8,a,Yes,Yes
order_real,data/videos_real/int_100ms/real_100_00445_flip.avi,100,0,1,0.5747,-9.1056,-12.3322,-12.3869,-11.6838,8,a,Yes,Yes
order_real,data/videos_real/int_100ms/real_100_00457.avi,100,0,1,0.1771,-9.1597,-11.73,-12.2534,-11.3393,8,a,Yes,Yes.
order_real,data/videos_real/int_100ms/real_100_00457_flip.avi,100,1,1,0.1493,-9.1716,-11.7107,-12.2497,-11.3435,8,a,Yes,Yes.
order_real,data/videos_real/int_100ms/real_100_00469.avi,100,0,0,-0.0553,-9.6334,-12.5709,-12.1803,-12.0865,8,a,No,No.
order_real,data/videos_real/int_100ms/real_100_00469_flip.avi,100,1,1,0.0044,-9.5729,-12.5572,-12.151,-12.065,8,a,Yes,Yes
order_real,data/videos_real/int_100ms/real_100_00481.avi,100,0,0,-0.4115,-9.3849,-12.0178,-12.3224,-11.5959,8,a,No,No.
order_real,data/videos_real/int_100ms/real_100_00481_flip.avi,100,1,0,-0.3967,-9.3692,-11.9942,-12.3067,-11.5801,8,a,No,No.
order_real,data/videos_real/int_100ms/real_100_00493.avi,100,0,0,-0.4368,-9.0702,-11.578,-11.8905,-11.2968,8,a,No,No.
order_real,data/videos_real/int_100ms/real_100_00493_flip.avi,100,1,0,-0.4246,-9.0783,-11.5861,-11.8986,-11.3049,8,a,No,No.
order_real,data/videos_real/int_100ms/real_100_00505.avi,100,1,0,-0.9864,-9.2119,-11.6806,-12.04,-11.415,8,b,No,No.
order_real,data/videos_real/int_100ms/real_100_00505_flip.avi,100,0,0,-0.9867,-9.2185,-11.6717,-12.0388,-11.4138,8,b,No,No.
order_real,data/videos_real/int_100ms/real_100_00517.avi,100,0,0,-0.4317,-8.9737,-11.7393,-12.0675,-11.4425,8,b,No,No.
order_real,data/videos_real/int_100ms/real_100_00517_flip.avi,100,1,0,-0.433,-8.9664,-11.7164,-12.0524,-11.4274,8,b,No,No.
order_real,data/videos_real/int_100ms/real_100_00529.avi,100,1,0,-0.8673,-8.8441,-11.3832,-11.8441,-11.2113,8,b,No,No.
order_real,data/videos_real/int_100ms/real_100_00529_flip.avi,100,0,0,-0.9127,-8.8164,-11.3164,-11.8008,-11.168,8,b,No,No.
order_real,data/videos_real/int_100ms/real_100_00541.avi,100,1,0,-0.1409,-9.4282,-12.0454,-12.5922,-12.1157,8,a,No,No.
order_real,data/videos_real/int_100ms/real_100_00541_flip.avi,100,0,0,-0.0793,-9.4877,-12.0658,-12.644,-12.1205,8,a,No,No.
order_real,data/videos_real/int_100ms/real_100_00553.avi,100,0,0,-0.6177,-8.8539,-11.1742,-11.8695,-11.2055,8,a,No,No.
order_real,data/videos_real/int_100ms/real_100_00553_flip.avi,100,1,0,-0.6351,-8.8558,-11.1839,-11.8714,-11.2073,8,a,No,No.
order_real,data/videos_real/int_100ms/real_100_00565.avi,100,0,1,0.0094,-9.1514,-11.9404,-12.1592,-11.3701,8,a,Yes,Yes.
order_real,data/videos_real/int_100ms/real_100_00565_flip.avi,100,1,1,0.013,-9.1574,-11.9543,-12.1574,-11.3684,8,a,Yes,Yes.
order_real,data/videos_real/int_100ms/real_100_00577.avi,100,0,0,-0.2055,-8.9231,-11.3293,-12.3371,-11.1653,8,b,No,No.
order_real,data/videos_real/int_100ms/real_100_00577_flip.avi,100,1,0,-0.1606,-8.9426,-11.4035,-12.3488,-11.1926,8,b,No,No.
order_real,data/videos_real/int_100ms/real_100_00589.avi,100,0,0,-0.4467,-9.2042,-11.4776,-12.0011,-11.4776,8,a,No,No
order_real,data/videos_real/int_100ms/real_100_00589_flip.avi,100,1,0,-0.416,-9.2182,-11.4994,-12.0307,-11.4994,8,a,No,No.
order_real,data/videos_real/int_200ms/real_200_00002.avi,200,1,0,-0.2834,-9.2518,-11.6425,-12.1503,-11.6346,8,b,No,No.
order_rev,data/videos_real/int_200ms/real_200_00002.avi,200,1,0,-0.8055,-9.3679,-12.1491,-12.5163,-11.8054,8,b,No,No.
moved_real,data/videos_real/int_200ms/real_200_00002.avi,200,1,1,0.0062,-9.0474,-12.0786,-12.0474,-11.5317,8,b,Yes,Yes.
moved_twin,data/twin_real/real_200_00002.avi,200,0,0,-1.052,-9.275,-12.4078,-12.4469,-11.7281,8,b,No,No
order_twin,data/twin_real/real_200_00002.avi,200,-1,0,-0.2071,-9.2141,-11.5813,-12.0891,-11.5266,8,b,No,No.
bind_twin,data/twin_real/real_200_00002.avi,200,0,0,-0.7578,-9.9787,-11.9318,-12.4865,-12.0256,8,b,No,No
order_real,data/videos_real/int_200ms/real_200_00002_flip.avi,200,0,0,-0.2717,-9.2382,-11.6367,-12.1445,-11.6054,8,b,No,No.
order_real,data/videos_real/int_200ms/real_200_00014.avi,200,1,0,-0.2851,-8.707,-10.957,-11.5898,-11.0039,8,a,No,No.
order_rev,data/videos_real/int_200ms/real_200_00014.avi,200,1,0,-0.8419,-8.8209,-11.0944,-11.6569,-10.9459,8,a,No,No.
moved_real,data/videos_real/int_200ms/real_200_00014.avi,200,1,1,0.9002,-9.0239,-11.6176,-11.7661,-11.3364,8,a,Yes,Yes
moved_twin,data/twin_real/real_200_00014.avi,200,0,1,0.7637,-8.9842,-11.453,-11.6717,-11.2498,8,a,Yes,Yes
order_twin,data/twin_real/real_200_00014.avi,200,-1,0,-0.3838,-8.6182,-10.8057,-11.4385,-10.876,8,a,No,No.
bind_twin,data/twin_real/real_200_00014.avi,200,1,1,0.199,-9.5365,-11.4037,-11.8959,-11.6927,8,a,Yes,Yes
order_real,data/videos_real/int_200ms/real_200_00014_flip.avi,200,0,0,-0.2967,-8.7431,-10.9931,-11.6337,-11.0478,8,a,No,No.
order_real,data/videos_real/int_200ms/real_200_00026.avi,200,1,0,-0.5389,-9.0656,-11.5265,-12.0031,-11.5265,8,b,No,No.
order_rev,data/videos_real/int_200ms/real_200_00026.avi,200,1,0,-0.5642,-8.8561,-11.6921,-12.0827,-11.4186,8,b,No,No. The signer moved before the
moved_real,data/videos_real/int_200ms/real_200_00026.avi,200,1,1,0.2478,-8.7382,-11.7148,-11.9414,-11.621,8,b,Yes,Yes.
moved_twin,data/twin_real/real_200_00026.avi,200,0,1,0.4837,-8.7243,-11.6697,-11.8962,-11.6853,8,b,Yes,Yes.
order_twin,data/twin_real/real_200_00026.avi,200,-1,0,-0.4629,-8.9272,-11.3725,-11.896,-11.4897,8,b,No,No.
bind_twin,data/twin_real/real_200_00026.avi,200,0,1,0.212,-9.9311,-12.5951,-12.9467,-12.6576,8,b,Yes,Yes.
order_real,data/videos_real/int_200ms/real_200_00026_flip.avi,200,0,0,-0.5681,-9.1196,-11.6118,-12.0571,-11.5806,8,b,No,No.
order_real,data/videos_real/int_200ms/real_200_00038.avi,200,0,0,-0.5709,-9.4541,-12.3057,-12.4072,-11.7275,8,b,No,No.
order_rev,data/videos_real/int_200ms/real_200_00038.avi,200,0,0,-0.6225,-9.3814,-12.3032,-12.3657,-11.811,8,b,No,No.
moved_real,data/videos_real/int_200ms/real_200_00038.avi,200,1,1,0.2774,-9.1397,-12.3897,-12.3428,-11.8428,8,b,Yes,Yes.
moved_twin,data/twin_real/real_200_00038.avi,200,0,1,0.3448,-9.1766,-12.6532,-12.6376,-12.0047,8,b,Yes,Yes.
order_twin,data/twin_real/real_200_00038.avi,200,-1,0,-0.3822,-9.3797,-12.2625,-12.3953,-11.7313,8,b,No,No.
bind_twin,data/twin_real/real_200_00038.avi,200,0,0,-1.9865,-10.5105,-13.2527,-13.1433,-12.6902,8,b,No,No
order_real,data/videos_real/int_200ms/real_200_00038_flip.avi,200,1,0,-0.4925,-9.4195,-12.2789,-12.3805,-11.7164,8,b,No,No.
order_real,data/videos_real/int_200ms/real_200_00050.avi,200,1,0,-0.142,-9.1124,-11.9327,-12.0655,-11.5109,8,a,No,No.
order_rev,data/videos_real/int_200ms/real_200_00050.avi,200,1,0,-0.6619,-8.6714,-11.7027,-11.773,-11.0386,8,a,No,No.
moved_real,data/videos_real/int_200ms/real_200_00050.avi,200,1,0,-0.2588,-9.1234,-12.4124,-12.5218,-11.8734,8,a,No,No.
moved_twin,data/twin_real/real_200_00050.avi,200,0,0,-0.4028,-9.1145,-12.4895,-12.5285,-11.8488,8,a,No,No.
order_twin,data/twin_real/real_200_00050.avi,200,-1,0,-0.1132,-9.1559,-11.9918,-12.0699,-11.5309,8,a,No,No.
bind_twin,data/twin_real/real_200_00050.avi,200,1,0,-0.6787,-9.8014,-12.2389,-12.5983,-11.9967,8,a,No,No
order_real,data/videos_real/int_200ms/real_200_00050_flip.avi,200,0,0,-0.1261,-9.1863,-12.0222,-12.1004,-11.5535,8,a,No,No.
order_real,data/videos_real/int_200ms/real_200_00062.avi,200,1,1,0.5191,-9.3501,-11.7095,-12.2563,-11.6313,8,a,Yes,Yes
order_rev,data/videos_real/int_200ms/real_200_00062.avi,200,1,1,0.5728,-9.6203,-12.6125,-12.6437,-12.0422,8,a,Yes,Yes.
moved_real,data/videos_real/int_200ms/real_200_00062.avi,200,1,1,0.85,-9.0392,-11.8517,-11.9532,-11.422,8,a,Yes,Yes
moved_twin,data/twin_real/real_200_00062.avi,200,0,1,1.2123,-9.1796,-12.078,-12.2186,-11.7421,8,a,Yes,Yes
order_twin,data/twin_real/real_200_00062.avi,200,-1,1,0.6164,-9.2734,-11.5859,-12.2187,-11.5781,8,a,Yes,Yes
bind_twin,data/twin_real/real_200_00062.avi,200,1,1,0.9376,-10.0161,-12.7348,-13.3286,-12.7817,8,a,Yes,Yes
order_real,data/videos_real/int_200ms/real_200_00062_flip.avi,200,0,1,0.5213,-9.3489,-11.7005,-12.263,-11.638,8,a,Yes,Yes
order_real,data/videos_real/int_200ms/real_200_00074.avi,200,0,0,-0.7775,-9.1115,-11.6896,-11.5646,-11.5178,8,b,No,No.
order_rev,data/videos_real/int_200ms/real_200_00074.avi,200,0,0,-0.4304,-9.0317,-11.7114,-11.6645,-11.4692,8,b,No,No.
moved_real,data/videos_real/int_200ms/real_200_00074.avi,200,1,1,1.1744,-9.331,-12.3076,-12.1514,-11.9014,8,b,Yes,Yes
moved_twin,data/twin_real/real_200_00074.avi,200,0,1,1.1218,-9.3083,-12.1599,-12.1208,-11.7693,8,b,Yes,Yes
order_twin,data/twin_real/real_200_00074.avi,200,-1,0,-0.8692,-9.1212,-11.6602,-11.5899,-11.4962,8,b,No,No.
bind_twin,data/twin_real/real_200_00074.avi,200,0,0,-1.5606,-10.1192,-12.416,-12.5098,-12.0801,8,b,No,No
order_real,data/videos_real/int_200ms/real_200_00074_flip.avi,200,1,0,-0.8072,-9.1086,-11.6945,-11.5617,-11.5305,8,b,No,No.
order_real,data/videos_real/int_200ms/real_200_00086.avi,200,0,0,-0.9493,-9.431,-11.8216,-12.5091,-11.4857,8,b,No,No.
order_rev,data/videos_real/int_200ms/real_200_00086.avi,200,0,0,-0.5835,-9.0702,-11.3827,-12.117,-10.992,8,b,No,No.
moved_real,data/videos_real/int_200ms/real_200_00086.avi,200,1,1,1.3339,-9.6324,-12.4761,-12.562,-12.2495,8,b,Yes,Yes
moved_twin,data/twin_real/real_200_00086.avi,200,0,1,1.4058,-9.7611,-12.5111,-12.6049,-12.2846,8,b,Yes,Yes
order_twin,data/twin_real/real_200_00086.avi,200,-1,0,-0.9116,-9.3975,-11.7569,-12.421,-11.421,8,b,No,No
bind_twin,data/twin_real/real_200_00086.avi,200,0,0,-0.8115,-10.4425,-12.6769,-12.9113,-12.3409,8,b,No,No
order_real,data/videos_real/int_200ms/real_200_00086_flip.avi,200,1,0,-0.9337,-9.4354,-11.8338,-12.5135,-11.5135,8,b,No,No.
order_real,data/videos_real/int_200ms/real_200_00098.avi,200,1,1,0.0014,-9.0667,-11.6917,-11.9574,-11.3636,8,a,Yes,Yes.
order_rev,data/videos_real/int_200ms/real_200_00098.avi,200,1,0,-0.8119,-8.9815,-11.7236,-11.8955,-11.3721,8,a,No,No.
moved_real,data/videos_real/int_200ms/real_200_00098.avi,200,1,0,-0.763,-9.0332,-12.2051,-12.1816,-11.627,8,a,No,No.
moved_twin,data/twin_real/real_200_00098.avi,200,0,0,-0.8593,-9.0985,-12.2782,-12.2704,-11.6141,8,a,No,No.
order_twin,data/twin_real/real_200_00098.avi,200,-1,0,-0.2836,-9.0216,-11.5606,-11.8966,-11.2091,8,a,No,No.
bind_twin,data/twin_real/real_200_00098.avi,200,1,0,-2.2374,-10.3004,-12.7614,-12.8942,-12.3629,8,a,No,No
order_real,data/videos_real/int_200ms/real_200_00098_flip.avi,200,0,1,0.017,-9.0889,-11.7217,-11.9717,-11.3936,8,a,Yes,Yes.
order_real,data/videos_real/int_200ms/real_200_00110.avi,200,0,1,0.3316,-8.8839,-11.6183,-11.9933,-11.6496,8,a,Yes,Yes
order_rev,data/videos_real/int_200ms/real_200_00110.avi,200,0,1,-0.0337,-8.987,-12.1511,-11.8151,-11.6667,8,a,Yes,Yes.
moved_real,data/videos_real/int_200ms/real_200_00110.avi,200,1,1,1.0237,-8.6995,-11.7776,-11.8401,-11.4495,8,a,Yes,Yes.
moved_twin,data/twin_real/real_200_00110.avi,200,0,1,1.1177,-8.6587,-11.8227,-11.9712,-11.5259,8,a,Yes,Yes
order_twin,data/twin_real/real_200_00110.avi,200,-1,1,0.3373,-8.7938,-11.5517,-11.9188,-11.6376,8,a,Yes,Yes.
bind_twin,data/twin_real/real_200_00110.avi,200,1,1,-0.0748,-9.2073,-11.762,-12.1917,-11.762,8,a,Yes,Yes
order_real,data/videos_real/int_200ms/real_200_00110_flip.avi,200,1,1,0.3147,-8.889,-11.6156,-12.0062,-11.6546,8,a,Yes,Yes
order_real,data/videos_real/int_200ms/real_200_00122.avi,200,1,0,-0.6357,-8.9021,-11.9178,-12.1209,-11.5037,8,a,No,No.
order_rev,data/videos_real/int_200ms/real_200_00122.avi,200,1,0,-0.4576,-8.6708,-11.4521,-11.8662,-11.0068,8,a,No,No.
moved_real,data/videos_real/int_200ms/real_200_00122.avi,200,1,1,0.1835,-8.7192,-11.8286,-11.7036,-11.2974,8,a,Yes,Yes
moved_twin,data/twin_real/real_200_00122.avi,200,0,1,0.2093,-8.5665,-11.7696,-11.6759,-11.2149,8,a,Yes,Yes
order_twin,data/twin_real/real_200_00122.avi,200,-1,0,-0.6632,-8.7621,-11.7699,-11.9574,-11.3324,8,a,No,No.
bind_twin,data/twin_real/real_200_00122.avi,200,1,1,0.0999,-8.985,-11.5241,-11.8131,-11.5788,8,a,Yes,Yes
order_real,data/videos_real/int_200ms/real_200_00122_flip.avi,200,0,0,-0.6513,-8.8747,-11.8825,-12.0935,-11.4763,8,a,No,No.
order_real,data/videos_real/int_200ms/real_200_00134.avi,200,1,1,-0.0164,-9.2368,-12.0493,-12.1821,-11.4712,8,b,Yes,Yes.
order_rev,data/videos_real/int_200ms/real_200_00134.avi,200,1,0,-0.7412,-9.0278,-11.8247,-12.1919,-11.1919,8,b,No,No.
moved_real,data/videos_real/int_200ms/real_200_00134.avi,200,1,1,1.4931,-9.2051,-12.3457,-12.2364,-11.5489,8,b,Yes,Yes.
moved_twin,data/twin_real/real_200_00134.avi,200,0,1,1.07,-9.0379,-12.3269,-12.1941,-11.3894,8,b,Yes,Yes.
order_twin,data/twin_real/real_200_00134.avi,200,-1,0,-0.2932,-9.1962,-12.0165,-12.1259,-11.3446,8,b,No,No.
bind_twin,data/twin_real/real_200_00134.avi,200,0,0,-1.0297,-9.8315,-12.3159,-12.6674,-11.7612,8,b,No,No
order_real,data/videos_real/int_200ms/real_200_00134_flip.avi,200,0,0,-0.1723,-9.1707,-11.9754,-12.1082,-11.3894,8,b,No,No.
order_real,data/videos_real/int_200ms/real_200_00146.avi,200,1,0,-0.1506,-8.7785,-11.6301,-11.7629,-11.2004,8,b,No,No.
order_rev,data/videos_real/int_200ms/real_200_00146.avi,200,1,0,-0.8551,-8.8387,-11.745,-12.0028,-11.2137,8,b,No,No. The signer was pointing at
moved_real,data/videos_real/int_200ms/real_200_00146.avi,200,1,1,1.2561,-8.7628,-11.7237,-11.8721,-11.4581,8,b,Yes,Yes.
moved_twin,data/twin_real/real_200_00146.avi,200,0,1,0.8678,-8.7389,-11.8171,-11.8249,-11.4889,8,b,Yes,Yes.
order_twin,data/twin_real/real_200_00146.avi,200,-1,0,-0.2794,-8.5688,-11.3578,-11.4828,-10.9985,8,b,No,No.
bind_twin,data/twin_real/real_200_00146.avi,200,0,0,-0.1198,-9.7047,-12.2047,-12.3922,-11.9938,8,b,No,No
order_real,data/videos_real/int_200ms/real_200_00146_flip.avi,200,0,0,-0.1698,-8.7811,-11.6483,-11.7576,-11.1873,8,b,No,No.
order_real,data/videos_real/int_200ms/real_200_00158.avi,200,1,1,-0.0621,-8.7233,-11.9186,-12.0748,-11.4576,8,a,Yes,Yes.
order_rev,data/videos_real/int_200ms/real_200_00158.avi,200,1,1,1.017,-9.2164,-12.3414,-12.5445,-11.8961,8,a,Yes,Yes.
moved_real,data/videos_real/int_200ms/real_200_00158.avi,200,1,0,-0.308,-8.7011,-12.0292,-12.0448,-11.3573,8,a,No,No.
moved_twin,data/twin_real/real_200_00158.avi,200,0,0,-0.8023,-8.5693,-12.0615,-12.1084,-11.3037,8,a,No,No.
order_twin,data/twin_real/real_200_00158.avi,200,-1,0,-0.2866,-8.6206,-11.9956,-12.1206,-11.5191,8,a,No,No.
bind_twin,data/twin_real/real_200_00158.avi,200,1,0,-0.2128,-9.5137,-12.3027,-12.6308,-12.1387,8,a,No,No
order_real,data/videos_real/int_200ms/real_200_00158_flip.avi,200,0,1,-0.0324,-8.6929,-11.8726,-12.0445,-11.4351,8,a,Yes,Yes.
order_real,data/videos_real/int_200ms/real_200_00170.avi,200,0,0,-0.6628,-8.9094,-11.6516,-11.5891,-11.0969,8,a,No,No.
order_rev,data/videos_real/int_200ms/real_200_00170.avi,200,0,0,-0.8347,-8.5067,-11.827,-11.5067,-10.8817,8,a,No,No.
moved_real,data/videos_real/int_200ms/real_200_00170.avi,200,1,1,0.1778,-8.4298,-11.5314,-11.2814,-10.9454,8,a,Yes,Yes.
moved_twin,data/twin_real/real_200_00170.avi,200,0,1,0.2697,-8.3504,-11.5145,-11.3036,-10.9598,8,a,Yes,Yes.
order_twin,data/twin_real/real_200_00170.avi,200,-1,0,-0.6363,-8.9303,-11.7585,-11.6569,-11.1569,8,a,No,No.
bind_twin,data/twin_real/real_200_00170.avi,200,1,1,0.4279,-9.131,-11.6778,-11.8419,-11.6856,8,a,Yes,Yes
order_real,data/videos_real/int_200ms/real_200_00170_flip.avi,200,1,0,-0.6635,-8.94,-11.6822,-11.6431,-11.1431,8,a,No,No.
order_real,data/videos_real/int_200ms/real_200_00182.avi,200,1,1,0.3137,-9.7228,-12.5197,-12.0588,-12.1447,8,a,Yes,Yes.
order_rev,data/videos_real/int_200ms/real_200_00182.avi,200,1,0,-0.6741,-8.9595,-11.9282,-11.9048,-11.6548,8,a,No,No.
moved_real,data/videos_real/int_200ms/real_200_00182.avi,200,1,1,3.367,-9.8224,-13.1817,-12.1192,-12.8458,8,a,Yes,Yes.
moved_twin,data/twin_real/real_200_00182.avi,200,0,1,2.7876,-9.8076,-13.0732,-12.0576,-12.7139,8,a,Yes,Yes.
order_twin,data/twin_real/real_200_00182.avi,200,-1,1,0.1401,-9.7521,-12.6037,-12.088,-12.174,8,a,Yes,Yes.
bind_twin,data/twin_real/real_200_00182.avi,200,1,0,-0.6993,-10.2368,-12.8774,-12.2758,-12.5883,8,a,No,No
order_real,data/videos_real/int_200ms/real_200_00182_flip.avi,200,0,1,0.343,-9.7466,-12.5591,-12.0747,-12.1762,8,a,Yes,Yes.
order_real,data/videos_real/int_200ms/real_200_00194.avi,200,1,1,-0.0355,-8.7784,-11.4112,-11.3956,-11.2315,8,b,Yes,Yes.
order_rev,data/videos_real/int_200ms/real_200_00194.avi,200,1,1,-0.0248,-9.1562,-12.3437,-11.8672,-11.8906,8,b,Yes,Yes.
moved_real,data/videos_real/int_200ms/real_200_00194.avi,200,1,1,2.5332,-9.1641,-12.1953,-12.0469,-11.6875,8,b,Yes,Yes.
moved_twin,data/twin_real/real_200_00194.avi,200,0,1,2.3924,-9.1674,-12.1284,-12.019,-11.6596,8,b,Yes,Yes.
order_twin,data/twin_real/real_200_00194.avi,200,-1,1,0.033,-8.7331,-11.28,-11.2722,-11.1472,8,b,Yes,Yes.
bind_twin,data/twin_real/real_200_00194.avi,200,0,1,0.1432,-9.3992,-11.8836,-12.1961,-11.8054,8,b,Yes,Yes
order_real,data/videos_real/int_200ms/real_200_00194_flip.avi,200,0,1,0.0126,-8.7707,-11.38,-11.3879,-11.2238,8,b,Yes,Yes.
order_real,data/videos_real/int_200ms/real_200_00206.avi,200,0,0,-0.6203,-9.1841,-11.9263,-11.4732,-11.5825,8,b,No,No.
order_rev,data/videos_real/int_200ms/real_200_00206.avi,200,0,0,-0.9637,-8.8938,-11.7219,-11.8469,-11.4641,8,b,No,No.
moved_real,data/videos_real/int_200ms/real_200_00206.avi,200,1,1,1.5685,-9.4436,-12.5139,-11.4592,-12.0998,8,b,Yes,Yes.
moved_twin,data/twin_real/real_200_00206.avi,200,0,1,0.915,-9.3121,-12.4293,-11.484,-11.9684,8,b,Yes,Yes.
order_twin,data/twin_real/real_200_00206.avi,200,-1,0,-0.7275,-9.1935,-11.9826,-11.506,-11.6467,8,b,No,No.
bind_twin,data/twin_real/real_200_00206.avi,200,0,0,-0.6648,-10.1207,-12.4176,-11.7379,-12.2379,8,b,No,No
order_real,data/videos_real/int_200ms/real_200_00206_flip.avi,200,1,0,-0.6071,-9.1676,-11.9097,-11.441,-11.5738,8,b,No,No.
order_real,data/videos_real/int_200ms/real_200_00218.avi,200,0,0,-0.7816,-9.5234,-12.4141,-12.6406,-11.9844,8,a,No,No.
order_rev,data/videos_real/int_200ms/real_200_00218.avi,200,0,0,-0.4008,-8.8539,-12.0257,-12.0335,-11.5492,8,a,No,No. The boxer remains stationary
moved_real,data/videos_real/int_200ms/real_200_00218.avi,200,1,1,0.5573,-8.9559,-11.9872,-12.0653,-11.6356,8,a,Yes,Yes.
moved_twin,data/twin_real/real_200_00218.avi,200,0,1,0.3225,-8.9667,-11.9276,-11.9901,-11.5995,8,a,Yes,Yes.
order_twin,data/twin_real/real_200_00218.avi,200,-1,0,-0.7759,-9.507,-12.4054,-12.5304,-11.9913,8,a,No,No.
bind_twin,data/twin_real/real_200_00218.avi,200,1,1,-0.0884,-9.6014,-12.4061,-12.5701,-12.2342,8,a,Yes,Yes
order_real,data/videos_real/int_200ms/real_200_00218_flip.avi,200,1,0,-0.7192,-9.5093,-12.4155,-12.6577,-12.0093,8,a,No,No.
order_real,data/videos_real/int_200ms/real_200_00230.avi,200,1,0,-1.3318,-9.2497,-11.8356,-12.0778,-11.5231,8,b,No,No.
order_rev,data/videos_real/int_200ms/real_200_00230.avi,200,1,0,-0.5308,-8.8009,-11.4181,-11.8478,-11.129,8,b,No,No.
moved_real,data/videos_real/int_200ms/real_200_00230.avi,200,1,1,0.7826,-8.4816,-11.341,-11.2707,-10.9582,8,b,Yes,Yes
moved_twin,data/twin_real/real_200_00230.avi,200,0,1,0.3529,-8.4993,-11.554,-11.4134,-10.9368,8,b,Yes,Yes.
order_twin,data/twin_real/real_200_00230.avi,200,-1,0,-1.4376,-9.1795,-11.7108,-12.0936,-11.4452,8,b,No,No.
bind_twin,data/twin_real/real_200_00230.avi,200,0,0,-0.2544,-9.3338,-11.5369,-11.9432,-11.5057,8,b,No,No
order_real,data/videos_real/int_200ms/real_200_00230_flip.avi,200,0,0,-1.368,-9.1708,-11.7568,-12.0224,-11.4599,8,b,No,No.
order_real,data/videos_real/int_200ms/real_200_00242.avi,200,1,0,-0.6927,-9.0262,-11.6668,-11.4246,-11.3309,8,b,No,No.
order_real,data/videos_real/int_200ms/real_200_00242_flip.avi,200,0,0,-0.6792,-9.0325,-11.6653,-11.4231,-11.3137,8,b,No,No.
order_real,data/videos_real/int_200ms/real_200_00254.avi,200,1,0,-0.2721,-9.4912,-12.1396,-12.4131,-11.6631,8,b,No,No.
order_real,data/videos_real/int_200ms/real_200_00254_flip.avi,200,0,0,-0.2731,-9.4921,-12.1405,-12.414,-11.6796,8,b,No,No.
order_real,data/videos_real/int_200ms/real_200_00266.avi,200,0,1,0.0694,-8.9558,-11.4792,-11.948,-11.3621,8,a,Yes,Yes
order_real,data/videos_real/int_200ms/real_200_00266_flip.avi,200,1,1,0.0836,-8.9635,-11.4713,-11.9635,-11.3776,8,a,Yes,Yes
order_real,data/videos_real/int_200ms/real_200_00278.avi,200,1,0,-0.5236,-9.2091,-11.8653,-11.7637,-11.3262,8,b,No,No.
order_real,data/videos_real/int_200ms/real_200_00278_flip.avi,200,0,0,-0.4601,-9.2088,-11.8963,-11.7869,-11.3338,8,b,No,No.
order_real,data/videos_real/int_200ms/real_200_00290.avi,200,1,0,-0.4741,-8.8407,-11.622,-12.2704,-11.0438,8,b,No,No.
order_real,data/videos_real/int_200ms/real_200_00290_flip.avi,200,0,0,-0.461,-8.8248,-11.6061,-12.2623,-11.0358,8,b,No,No.
order_real,data/videos_real/int_200ms/real_200_00302.avi,200,0,0,-0.2782,-9.1644,-11.7269,-12.2191,-10.9925,8,b,No,No.
order_real,data/videos_real/int_200ms/real_200_00302_flip.avi,200,1,0,-0.2903,-9.2011,-11.748,-12.2402,-11.0136,8,b,No,No.
order_real,data/videos_real/int_200ms/real_200_00314.avi,200,1,1,0.0775,-9.4151,-11.712,-11.9308,-11.5401,8,a,Yes,Yes
order_real,data/videos_real/int_200ms/real_200_00314_flip.avi,200,0,1,0.0555,-9.4085,-11.721,-11.9476,-11.5413,8,a,Yes,Yes
order_real,data/videos_real/int_200ms/real_200_00326.avi,200,1,0,-0.3478,-9.2531,-11.7922,-12.1359,-11.2219,8,a,No,No.
order_real,data/videos_real/int_200ms/real_200_00326_flip.avi,200,0,0,-0.329,-9.2651,-11.812,-12.1323,-11.2416,8,a,No,No.
order_real,data/videos_real/int_200ms/real_200_00338.avi,200,0,0,-0.3135,-9.6564,-12.4845,-12.2189,-11.9455,8,a,No,No.
order_real,data/videos_real/int_200ms/real_200_00338_flip.avi,200,1,0,-0.329,-9.6347,-12.4706,-12.2206,-11.9394,8,a,No,No.
order_real,data/videos_real/int_200ms/real_200_00350.avi,200,1,1,0.0875,-9.1389,-12.1233,-12.0295,-11.553,8,a,Yes,Yes.
order_real,data/videos_real/int_200ms/real_200_00350_flip.avi,200,0,1,0.0886,-9.1541,-12.1229,-12.0369,-11.5682,8,a,Yes,Yes.
order_real,data/videos_real/int_200ms/real_200_00362.avi,200,1,0,-0.4865,-9.5287,-11.7865,-12.5131,-11.3334,8,a,No,No
order_real,data/videos_real/int_200ms/real_200_00362_flip.avi,200,0,0,-0.4462,-9.5199,-11.809,-12.5043,-11.3324,8,a,No,No
order_real,data/videos_real/int_200ms/real_200_00374.avi,200,0,0,-0.3199,-8.7897,-11.4069,-11.7819,-11.0787,8,a,No,No.
order_real,data/videos_real/int_200ms/real_200_00374_flip.avi,200,1,0,-0.2815,-8.784,-11.4403,-11.7919,-11.1122,8,a,No,No.
order_real,data/videos_real/int_200ms/real_200_00386.avi,200,0,1,0.0659,-8.9051,-11.616,-12.0301,-11.6004,8,b,Yes,Yes.
order_real,data/videos_real/int_200ms/real_200_00386_flip.avi,200,1,1,0.0708,-8.899,-11.649,-12.063,-11.6177,8,b,Yes,Yes.
order_real,data/videos_real/int_200ms/real_200_00398.avi,200,1,0,-0.2614,-9.4164,-12.143,-12.2992,-11.4946,8,b,No,No.
order_real,data/videos_real/int_200ms/real_200_00398_flip.avi,200,0,0,-0.1695,-9.4283,-12.1861,-12.2955,-11.5298,8,b,No,No.
order_real,data/videos_real/int_200ms/real_200_00410.avi,200,0,0,-0.4664,-9.3965,-12.0684,-12.3731,-11.8496,8,b,No,"No, the bowling pins did"
order_real,data/videos_real/int_200ms/real_200_00410_flip.avi,200,1,0,-0.3486,-9.3096,-12.0518,-12.2939,-11.7939,8,b,No,"No, the bowling pins did"
order_real,data/videos_real/int_200ms/real_200_00422.avi,200,0,0,-0.1224,-9.2051,-11.8301,-12.1505,-11.838,8,b,No,No.
order_real,data/videos_real/int_200ms/real_200_00422_flip.avi,200,1,0,-0.1186,-9.3148,-11.932,-12.2523,-11.8929,8,b,No,No.
order_real,data/videos_real/int_200ms/real_200_00434.avi,200,1,0,-0.0718,-9.9434,-13.0293,-12.6856,-12.6153,8,a,No,"No, the kittens did not"
order_real,data/videos_real/int_200ms/real_200_00434_flip.avi,200,0,0,-0.0571,-9.936,-13.0219,-12.6704,-12.6079,8,a,No,No.
order_real,data/videos_real/int_200ms/real_200_00446.avi,200,1,0,-0.7804,-9.2002,-11.6924,-12.2705,-11.3564,8,a,No,No.
order_real,data/videos_real/int_200ms/real_200_00446_flip.avi,200,0,0,-0.8448,-9.1899,-11.6977,-12.2602,-11.3305,8,a,No,No.
order_real,data/videos_real/int_200ms/real_200_00458.avi,200,1,0,-0.3964,-9.4902,-11.7011,-12.4668,-11.2636,8,a,No,No
order_real,data/videos_real/int_200ms/real_200_00458_flip.avi,200,0,0,-0.4102,-9.4825,-11.6934,-12.459,-11.2559,8,a,No,No
order_real,data/videos_real/int_200ms/real_200_00470.avi,200,0,0,-0.5367,-9.2313,-11.8485,-12.3798,-11.4266,8,a,No,No.
order_real,data/videos_real/int_200ms/real_200_00470_flip.avi,200,1,0,-0.5545,-9.2114,-11.8286,-12.352,-11.3989,8,a,No,No.
order_real,data/videos_real/int_200ms/real_200_00482.avi,200,1,1,-0.0086,-9.1616,-12.0131,-12.2631,-11.5288,8,a,Yes,Yes
order_real,data/videos_real/int_200ms/real_200_00482_flip.avi,200,0,1,-0.0135,-9.1345,-11.9939,-12.2205,-11.5017,8,a,Yes,Yes
order_real,data/videos_real/int_200ms/real_200_00494.avi,200,0,1,-0.0179,-9.2683,-11.4948,-12.4089,-11.5339,8,b,Yes,Yes.
order_real,data/videos_real/int_200ms/real_200_00494_flip.avi,200,1,1,0.0143,-9.2739,-11.5239,-12.4302,-11.5396,8,b,Yes,Yes.
order_real,data/videos_real/int_200ms/real_200_00506.avi,200,1,0,-0.2052,-8.9054,-11.7179,-12.0694,-11.4991,8,b,No,No.
order_real,data/videos_real/int_200ms/real_200_00506_flip.avi,200,0,0,-0.202,-8.9193,-11.7475,-12.0834,-11.5287,8,b,No,No.
order_real,data/videos_real/int_200ms/real_200_00518.avi,200,1,0,-0.5996,-8.9686,-11.8201,-12.1873,-11.5076,8,b,No,No.
order_real,data/videos_real/int_200ms/real_200_00518_flip.avi,200,0,0,-0.6004,-8.9687,-11.8047,-12.1875,-11.5078,8,b,No,No.
order_real,data/videos_real/int_200ms/real_200_00530.avi,200,0,0,-0.7764,-9.4951,-12.1592,-12.6123,-11.7763,8,b,No,No.
order_real,data/videos_real/int_200ms/real_200_00530_flip.avi,200,1,0,-0.8139,-9.4215,-12.1012,-12.5465,-11.7184,8,b,No,No.
order_real,data/videos_real/int_200ms/real_200_00542.avi,200,1,1,0.1506,-8.7971,-11.508,-12.0393,-11.094,8,a,Yes,Yes
order_real,data/videos_real/int_200ms/real_200_00542_flip.avi,200,0,1,0.1777,-8.8009,-11.5587,-12.0431,-11.1134,8,a,Yes,Yes
order_real,data/videos_real/int_200ms/real_200_00554.avi,200,0,0,-0.8777,-9.1885,-11.587,-12.1963,-11.4385,8,b,No,No.
order_real,data/videos_real/int_200ms/real_200_00554_flip.avi,200,1,0,-0.8949,-9.1854,-11.5995,-12.1932,-11.4432,8,b,No,No.
order_real,data/videos_real/int_200ms/real_200_00566.avi,200,1,0,-0.8481,-8.8958,-11.9661,-11.5598,-11.2395,8,a,No,No.
order_real,data/videos_real/int_200ms/real_200_00566_flip.avi,200,0,0,-0.9075,-8.9082,-11.9629,-11.541,-11.2207,8,a,No,No.
order_real,data/videos_real/int_200ms/real_200_00578.avi,200,1,1,-0.0737,-8.6395,-11.1785,-11.4051,-10.9832,8,b,Yes,Yes
order_real,data/videos_real/int_200ms/real_200_00578_flip.avi,200,0,1,-0.0731,-8.6324,-11.1636,-11.3902,-10.9605,8,b,Yes,Yes
order_real,data/videos_real/int_200ms/real_200_00590.avi,200,0,1,0.5555,-8.4398,-11.2836,-11.4008,-11.2914,8,a,Yes,Yes
order_real,data/videos_real/int_200ms/real_200_00590_flip.avi,200,1,1,0.5628,-8.4252,-11.2455,-11.394,-11.2846,8,a,Yes,Yes
order_real,data/videos_real/int_333ms/real_333_00003.avi,333,0,0,-0.4963,-9.2445,-12.0648,-12.1898,-11.682,8,a,No,No.
order_rev,data/videos_real/int_333ms/real_333_00003.avi,333,0,1,0.0215,-8.8612,-11.705,-12.1034,-11.7987,8,a,Yes,Yes
moved_real,data/videos_real/int_333ms/real_333_00003.avi,333,1,1,0.8644,-9.3072,-12.7525,-12.4947,-11.9947,8,a,Yes,Yes.
moved_twin,data/twin_real/real_333_00003.avi,333,0,1,0.157,-9.1667,-12.5573,-12.2917,-11.7214,8,a,Yes,Yes.
order_twin,data/twin_real/real_333_00003.avi,333,-1,0,-0.6152,-9.1659,-12.0097,-12.0566,-11.5175,8,a,No,No
bind_twin,data/twin_real/real_333_00003.avi,333,1,0,-0.1766,-9.8747,-12.5622,-12.6325,-12.1559,8,a,No,No
order_real,data/videos_real/int_333ms/real_333_00003_flip.avi,333,1,0,-0.6071,-9.1923,-11.997,-12.1298,-11.6298,8,a,No,No.
order_real,data/videos_real/int_333ms/real_333_00015.avi,333,0,0,-0.3408,-9.3381,-12.0022,-12.0412,-11.7365,8,b,No,No.
order_rev,data/videos_real/int_333ms/real_333_00015.avi,333,0,0,-0.2426,-9.2557,-12.2401,-11.9667,-11.7714,8,b,No,No. The carpenter continues working
moved_real,data/videos_real/int_333ms/real_333_00015.avi,333,1,1,0.8162,-9.0881,-12.1272,-12.049,-11.6975,8,b,Yes,Yes.
moved_twin,data/twin_real/real_333_00015.avi,333,0,1,0.5707,-9.0465,-12.2027,-12.1246,-11.5855,8,b,Yes,Yes.
order_twin,data/twin_real/real_333_00015.avi,333,-1,0,-0.3385,-9.2685,-11.9481,-11.9872,-11.6356,8,b,No,No.
bind_twin,data/twin_real/real_333_00015.avi,333,0,0,-1.9077,-10.1311,-13.0686,-13.2015,-12.6702,8,b,No,No.
order_real,data/videos_real/int_333ms/real_333_00015_flip.avi,333,1,0,-0.3513,-9.3757,-12.0476,-12.0554,-11.7741,8,b,No,No.
order_real,data/videos_real/int_333ms/real_333_00027.avi,333,0,0,-0.3669,-8.861,-11.486,-11.986,-11.3845,8,a,No,No.
order_rev,data/videos_real/int_333ms/real_333_00027.avi,333,0,0,-0.4717,-8.9858,-11.9468,-12.1108,-11.4858,8,a,No,No.
moved_real,data/videos_real/int_333ms/real_333_00027.avi,333,1,1,0.2816,-8.9507,-11.9351,-11.9742,-11.4351,8,a,Yes,Yes
moved_twin,data/twin_real/real_333_00027.avi,333,0,1,0.0945,-8.9229,-11.876,-11.8917,-11.3135,8,a,Yes,Yes
order_twin,data/twin_real/real_333_00027.avi,333,-1,0,-0.4327,-8.7932,-11.5041,-11.9416,-11.3088,8,a,No,No.
bind_twin,data/twin_real/real_333_00027.avi,333,1,1,0.2432,-9.622,-11.7549,-12.1845,-11.8955,8,a,Yes,Yes
order_real,data/videos_real/int_333ms/real_333_00027_flip.avi,333,1,0,-0.3386,-8.8315,-11.4175,-11.9644,-11.3628,8,a,No,No.
order_real,data/videos_real/int_333ms/real_333_00039.avi,333,0,0,-0.3022,-9.3001,-11.8079,-11.9407,-11.386,8,b,No,No.
order_rev,data/videos_real/int_333ms/real_333_00039.avi,333,0,0,-0.7098,-9.4046,-12.139,-12.1937,-11.5296,8,b,No,No.
moved_real,data/videos_real/int_333ms/real_333_00039.avi,333,1,1,2.1923,-9.7691,-12.8081,-12.5503,-12.1753,8,b,Yes,Yes.
moved_twin,data/twin_real/real_333_00039.avi,333,0,1,2.3093,-9.6262,-12.6809,-12.4309,-12.0403,8,b,Yes,Yes.
order_twin,data/twin_real/real_333_00039.avi,333,-1,0,-0.3029,-9.2062,-11.8234,-11.9327,-11.3468,8,b,No,No.
bind_twin,data/twin_real/real_333_00039.avi,333,0,0,-1.2746,-10.0012,-12.3059,-12.595,-11.8762,8,b,No,No
order_real,data/videos_real/int_333ms/real_333_00039_flip.avi,333,1,0,-0.3009,-9.2991,-11.7991,-11.9397,-11.385,8,b,No,No.
order_real,data/videos_real/int_333ms/real_333_00051.avi,333,1,0,-0.6394,-9.1076,-11.4435,-12.1935,-11.1701,8,a,No,No.
order_rev,data/videos_real/int_333ms/real_333_00051.avi,333,1,0,-0.3354,-9.1806,-11.9384,-12.2665,-11.3368,8,a,No,No.
moved_real,data/videos_real/int_333ms/real_333_00051.avi,333,1,1,1.2921,-8.8792,-11.5902,-11.9105,-11.4417,8,a,Yes,Yes.
moved_twin,data/twin_real/real_333_00051.avi,333,0,1,0.8207,-8.8679,-11.7429,-11.9226,-11.3523,8,a,Yes,Yes.
order_twin,data/twin_real/real_333_00051.avi,333,-1,0,-0.8112,-9.1162,-11.413,-12.1005,-11.0693,8,a,No,No.
bind_twin,data/twin_real/real_333_00051.avi,333,1,1,0.0757,-9.8479,-11.9964,-12.4261,-12.0433,8,a,Yes,Yes
order_real,data/videos_real/int_333ms/real_333_00051_flip.avi,333,0,0,-0.6455,-9.0746,-11.4105,-12.1527,-11.1449,8,a,No,No.
order_real,data/videos_real/int_333ms/real_333_00063.avi,333,1,0,-1.0952,-9.3118,-11.8665,-12.3665,-11.4681,8,a,No,No.
order_rev,data/videos_real/int_333ms/real_333_00063.avi,333,1,0,-0.5517,-9.1038,-11.7992,-12.4476,-11.4085,8,a,No,No. The ballerina moved before
moved_real,data/videos_real/int_333ms/real_333_00063.avi,333,1,1,1.4752,-9.4746,-12.1386,-12.2871,-11.5996,8,a,Yes,Yes.
moved_twin,data/twin_real/real_333_00063.avi,333,0,1,0.7778,-9.1602,-11.8712,-12.0899,-11.2071,8,a,Yes,Yes.
order_twin,data/twin_real/real_333_00063.avi,333,-1,0,-1.0842,-9.3004,-11.8239,-12.3942,-11.4411,8,a,No,No.
bind_twin,data/twin_real/real_333_00063.avi,333,1,1,0.155,-9.5143,-11.944,-12.4284,-11.8425,8,a,Yes,Yes
order_real,data/videos_real/int_333ms/real_333_00063_flip.avi,333,0,0,-1.0648,-9.2827,-11.8608,-12.3608,-11.4702,8,a,No,No.
order_real,data/videos_real/int_333ms/real_333_00075.avi,333,0,1,-0.0243,-9.08,-11.8066,-12.3534,-11.3378,8,b,Yes,Yes.
order_rev,data/videos_real/int_333ms/real_333_00075.avi,333,0,0,-0.2158,-8.9956,-12.2222,-12.5659,-11.4566,8,b,No,No.
moved_real,data/videos_real/int_333ms/real_333_00075.avi,333,1,1,1.749,-8.9666,-12.1776,-12.1854,-11.5526,8,b,Yes,Yes
moved_twin,data/twin_real/real_333_00075.avi,333,0,1,1.3805,-8.9821,-12.1383,-12.1305,-11.5211,8,b,Yes,Yes
order_twin,data/twin_real/real_333_00075.avi,333,-1,1,0.0583,-9.121,-11.8085,-12.3632,-11.3632,8,b,Yes,Yes.
bind_twin,data/twin_real/real_333_00075.avi,333,0,0,-0.9542,-9.719,-11.9768,-12.5862,-11.6878,8,b,No,No
order_real,data/videos_real/int_333ms/real_333_00075_flip.avi,333,1,1,-0.0084,-9.0818,-11.7615,-12.3552,-11.3084,8,b,Yes,Yes.
order_real,data/videos_real/int_333ms/real_333_00087.avi,333,0,0,-0.2718,-8.9616,-11.2584,-11.6647,-11.0084,8,b,No,No.
order_rev,data/videos_real/int_333ms/real_333_00087.avi,333,0,0,-0.743,-9.0342,-11.7373,-12.0498,-11.1592,8,b,No,No.
moved_real,data/videos_real/int_333ms/real_333_00087.avi,333,1,1,2.2409,-9.1155,-11.6155,-11.6312,-11.4983,8,b,Yes,Yes.
moved_twin,data/twin_real/real_333_00087.avi,333,0,1,2.6452,-9.1579,-11.8845,-11.572,-11.5876,8,b,Yes,Yes.
order_twin,data/twin_real/real_333_00087.avi,333,-1,1,-0.0259,-8.9872,-11.3076,-11.6122,-10.9872,8,b,Yes,Yes.
bind_twin,data/twin_real/real_333_00087.avi,333,0,0,-0.8516,-9.6883,-11.7742,-12.3445,-11.618,8,b,No,No
order_real,data/videos_real/int_333ms/real_333_00087_flip.avi,333,1,0,-0.2426,-8.954,-11.2353,-11.6415,-10.9931,8,b,No,No.
order_real,data/videos_real/int_333ms/real_333_00099.avi,333,0,0,-0.729,-9.3957,-11.8957,-12.4973,-11.4739,8,b,No,No.
order_rev,data/videos_real/int_333ms/real_333_00099.avi,333,0,0,-0.5749,-8.7223,-11.4957,-12.027,-11.1129,8,b,No,No.
moved_real,data/videos_real/int_333ms/real_333_00099.avi,333,1,0,-0.1823,-9.235,-12.5163,-12.6335,-12.1256,8,b,No,No
moved_twin,data/twin_real/real_333_00099.avi,333,0,0,-0.1692,-9.2192,-12.4301,-12.5708,-12.0317,8,b,No,No.
order_twin,data/twin_real/real_333_00099.avi,333,-1,0,-0.8024,-9.4446,-11.9133,-12.5305,-11.4915,8,b,No,No.
bind_twin,data/twin_real/real_333_00099.avi,333,0,0,-1.5052,-10.2361,-12.8142,-13.1111,-12.4783,8,b,No,No
order_real,data/videos_real/int_333ms/real_333_00099_flip.avi,333,1,0,-0.7455,-9.3998,-11.892,-12.4936,-11.4702,8,b,No,No.
order_real,data/videos_real/int_333ms/real_333_00111.avi,333,1,0,-0.5081,-9.4597,-12.2487,-12.2097,-11.7253,8,b,No,No.
order_rev,data/videos_real/int_333ms/real_333_00111.avi,333,1,0,-0.5812,-8.7565,-12.0846,-11.9049,-11.444,8,b,No,No. The boxer moved before the
moved_real,data/videos_real/int_333ms/real_333_00111.avi,333,1,1,-0.0931,-9.3085,-12.7226,-12.3007,-11.832,8,b,Yes,Yes.
moved_twin,data/twin_real/real_333_00111.avi,333,0,1,0.0333,-9.1984,-12.6516,-12.2141,-11.8313,8,b,Yes,Yes.
order_twin,data/twin_real/real_333_00111.avi,333,-1,0,-0.4114,-9.5438,-12.4735,-12.3641,-11.9032,8,b,No,No.
bind_twin,data/twin_real/real_333_00111.avi,333,0,0,-1.7362,-10.7397,-13.7085,-13.5366,-12.9663,8,b,No,No
order_real,data/videos_real/int_333ms/real_333_00111_flip.avi,333,0,0,-0.503,-9.4803,-12.3318,-12.2928,-11.8397,8,b,No,No.
order_real,data/videos_real/int_333ms/real_333_00123.avi,333,0,1,0.0277,-8.8201,-11.406,-12.242,-11.3826,8,b,Yes,Yes.
order_rev,data/videos_real/int_333ms/real_333_00123.avi,333,0,0,-0.393,-8.6706,-11.6628,-12.1706,-11.1863,8,b,No,No.
moved_real,data/videos_real/int_333ms/real_333_00123.avi,333,1,1,2.5126,-9.2384,-11.9103,-12.1681,-11.5744,8,b,Yes,Yes
moved_twin,data/twin_real/real_333_00123.avi,333,0,1,1.9767,-9.0473,-11.7426,-12.1801,-11.3051,8,b,Yes,Yes
order_twin,data/twin_real/real_333_00123.avi,333,-1,0,-0.1053,-8.751,-11.4776,-12.2276,-11.337,8,b,No,No.
bind_twin,data/twin_real/real_333_00123.avi,333,0,1,-0.0682,-8.9518,-11.4362,-12.1003,-11.405,8,b,Yes,Yes
order_real,data/videos_real/int_333ms/real_333_00123_flip.avi,333,1,1,0.0766,-8.8338,-11.4276,-12.2635,-11.412,8,b,Yes,Yes.
order_real,data/videos_real/int_333ms/real_333_00135.avi,333,0,0,-1.149,-9.8156,-12.4406,-12.8546,-11.9953,8,b,No,No.
order_rev,data/videos_real/int_333ms/real_333_00135.avi,333,0,0,-0.6213,-9.2819,-12.1569,-12.4616,-11.571,8,b,No,No. The dancer moves before the
moved_real,data/videos_real/int_333ms/real_333_00135.avi,333,1,1,1.0709,-9.2367,-12.1742,-12.2367,-11.9867,8,b,Yes,Yes.
moved_twin,data/twin_real/real_333_00135.avi,333,0,1,0.0916,-9.0578,-12.1985,-12.261,-11.8547,8,b,Yes,Yes.
order_twin,data/twin_real/real_333_00135.avi,333,-1,0,-1.1485,-9.7547,-12.4266,-12.8172,-12.0594,8,b,No,No.
bind_twin,data/twin_real/real_333_00135.avi,333,0,0,-0.4555,-9.9473,-12.6114,-12.9473,-12.4551,8,b,No,No
order_real,data/videos_real/int_333ms/real_333_00135_flip.avi,333,1,0,-1.1349,-9.8203,-12.4609,-12.8593,-12.0156,8,b,No,No.
order_real,data/videos_real/int_333ms/real_333_00147.avi,333,0,0,-0.1489,-8.8994,-11.7979,-12.1416,-11.626,8,b,No,No.
order_rev,data/videos_real/int_333ms/real_333_00147.avi,333,0,0,-1.2626,-8.5733,-11.753,-11.8623,-11.2295,8,b,No,No.
moved_real,data/videos_real/int_333ms/real_333_00147.avi,333,1,1,0.4069,-8.6551,-11.6083,-11.8895,-11.4833,8,b,Yes,Yes.
moved_twin,data/twin_real/real_333_00147.avi,333,0,1,0.2351,-8.6762,-11.7387,-11.9184,-11.4731,8,b,Yes,Yes.
order_twin,data/twin_real/real_333_00147.avi,333,-1,0,-0.1698,-9.0,-11.9375,-12.1875,-11.6797,8,b,No,No.
bind_twin,data/twin_real/real_333_00147.avi,333,0,0,-1.6573,-9.8752,-12.5783,-12.9143,-12.2815,8,b,No,No
order_real,data/videos_real/int_333ms/real_333_00147_flip.avi,333,1,0,-0.1489,-8.8415,-11.7946,-12.1306,-11.6228,8,b,No,No.
order_real,data/videos_real/int_333ms/real_333_00159.avi,333,0,0,-0.4615,-8.6145,-11.5207,-11.8176,-11.2786,8,b,No,No.
order_rev,data/videos_real/int_333ms/real_333_00159.avi,333,0,0,-0.4638,-8.719,-11.719,-11.9378,-11.2112,8,b,No,No.
moved_real,data/videos_real/int_333ms/real_333_00159.avi,333,1,1,0.4663,-8.7034,-11.758,-11.8049,-11.3049,8,b,Yes,Yes
moved_twin,data/twin_real/real_333_00159.avi,333,0,1,0.0972,-8.4146,-11.6021,-11.7818,-11.188,8,b,Yes,Yes
order_twin,data/twin_real/real_333_00159.avi,333,-1,0,-0.6198,-8.4598,-11.4051,-11.788,-11.2098,8,b,No,No.
bind_twin,data/twin_real/real_333_00159.avi,333,0,0,-0.4419,-8.942,-11.442,-11.8404,-11.5748,8,b,No,No
order_real,data/videos_real/int_333ms/real_333_00159_flip.avi,333,1,0,-0.4119,-8.7234,-11.5906,-11.8718,-11.3328,8,b,No,No.
order_real,data/videos_real/int_333ms/real_333_00171.avi,333,1,0,-0.4653,-8.8443,-11.4225,-11.7897,-11.1256,8,a,No,No
order_rev,data/videos_real/int_333ms/real_333_00171.avi,333,1,0,-0.5931,-8.5851,-11.546,-11.7804,-11.0147,8,a,No,No
moved_real,data/videos_real/int_333ms/real_333_00171.avi,333,1,1,0.2495,-8.2574,-11.4058,-11.4371,-10.8902,8,a,Yes,Yes
moved_twin,data/twin_real/real_333_00171.avi,333,0,0,-0.5665,-8.1112,-11.5722,-11.5878,-10.8768,8,a,No,No.
order_twin,data/twin_real/real_333_00171.avi,333,-1,0,-0.6001,-8.6068,-11.3881,-11.7553,-11.099,8,a,No,No
bind_twin,data/twin_real/real_333_00171.avi,333,1,0,-0.5926,-8.8732,-11.631,-12.2013,-11.6701,8,a,No,No
order_real,data/videos_real/int_333ms/real_333_00171_flip.avi,333,0,0,-0.4466,-8.794,-11.4346,-11.8096,-11.1378,8,a,No,No
order_real,data/videos_real/int_333ms/real_333_00183.avi,333,0,0,-0.2186,-8.3555,-11.0743,-11.4805,-11.0743,8,b,No,No.
order_rev,data/videos_real/int_333ms/real_333_00183.avi,333,0,0,-0.3754,-8.6471,-11.4284,-11.9909,-11.3034,8,b,No,No.
moved_real,data/videos_real/int_333ms/real_333_00183.avi,333,1,1,0.7721,-8.5057,-11.3495,-11.5917,-11.2635,8,b,Yes,Yes
moved_twin,data/twin_real/real_333_00183.avi,333,0,1,0.8032,-8.6424,-11.6658,-11.5877,-11.2674,8,b,Yes,Yes
order_twin,data/twin_real/real_333_00183.avi,333,-1,0,-0.3382,-8.5958,-11.3692,-11.5567,-11.127,8,b,No,No.
bind_twin,data/twin_real/real_333_00183.avi,333,0,0,-0.1992,-9.5977,-11.9649,-12.2774,-11.9337,8,b,No,No
order_real,data/videos_real/int_333ms/real_333_00183_flip.avi,333,1,0,-0.2222,-8.3581,-11.069,-11.4753,-11.069,8,b,No,No.
order_real,data/videos_real/int_333ms/real_333_00195.avi,333,0,0,-0.6473,-9.5548,-12.2267,-12.6017,-11.9298,8,b,No,No.
order_rev,data/videos_real/int_333ms/real_333_00195.avi,333,0,1,-0.0002,-9.1211,-11.9961,-12.3711,-11.668,8,b,Yes,Yes.
moved_real,data/videos_real/int_333ms/real_333_00195.avi,333,1,1,1.1125,-9.1296,-12.2546,-12.1921,-11.9343,8,b,Yes,Yes.
moved_twin,data/twin_real/real_333_00195.avi,333,0,1,0.9076,-8.9179,-11.9648,-11.957,-11.7148,8,b,Yes,Yes.
order_twin,data/twin_real/real_333_00195.avi,333,-1,0,-0.7379,-9.2971,-11.8752,-12.2815,-11.6487,8,b,No,No.
bind_twin,data/twin_real/real_333_00195.avi,333,0,0,-0.1802,-9.8478,-12.4963,-12.7306,-12.3713,8,b,No,No
order_real,data/videos_real/int_333ms/real_333_00195_flip.avi,333,1,0,-0.646,-9.5385,-12.2026,-12.5776,-11.9057,8,b,No,No.
order_real,data/videos_real/int_333ms/real_333_00207.avi,333,1,0,-0.5814,-8.8609,-11.4859,-11.8843,-11.15,8,a,No,No.
order_rev,data/videos_real/int_333ms/real_333_00207.avi,333,1,0,-0.7265,-8.9651,-11.6213,-11.9885,-11.1369,8,a,No,No
moved_real,data/videos_real/int_333ms/real_333_00207.avi,333,1,1,0.2583,-8.8545,-11.7841,-11.7529,-11.2529,8,a,Yes,Yes
moved_twin,data/twin_real/real_333_00207.avi,333,0,1,-0.0883,-8.8272,-11.874,-11.8662,-11.3193,8,a,Yes,Yes
order_twin,data/twin_real/real_333_00207.avi,333,-1,0,-0.6335,-8.7781,-11.5828,-11.9187,-11.239,8,a,No,No.
bind_twin,data/twin_real/real_333_00207.avi,333,1,0,-0.6972,-9.403,-11.7702,-12.0436,-11.6217,8,a,No,No
order_real,data/videos_real/int_333ms/real_333_00207_flip.avi,333,0,0,-0.611,-8.8639,-11.5123,-11.8951,-11.1529,8,a,No,No.
order_real,data/videos_real/int_333ms/real_333_00219.avi,333,0,0,-0.2766,-9.1966,-11.9075,-12.5403,-11.3919,8,a,No,No.
order_rev,data/videos_real/int_333ms/real_333_00219.avi,333,0,0,-0.8602,-9.0279,-12.0357,-12.2779,-11.2701,8,a,No,No.
moved_real,data/videos_real/int_333ms/real_333_00219.avi,333,1,1,3.2195,-9.6473,-12.6316,-12.3894,-12.0691,8,a,Yes,Yes.
moved_twin,data/twin_real/real_333_00219.avi,333,0,1,2.6655,-9.5113,-12.4488,-12.23,-11.855,8,a,Yes,Yes.
order_twin,data/twin_real/real_333_00219.avi,333,-1,0,-0.2829,-9.2175,-11.905,-12.5925,-11.3894,8,a,No,No.
bind_twin,data/twin_real/real_333_00219.avi,333,1,0,-0.1958,-9.5468,-12.0468,-12.4218,-11.8437,8,a,No,No
order_real,data/videos_real/int_333ms/real_333_00219_flip.avi,333,1,0,-0.2496,-9.1834,-11.9256,-12.535,-11.3944,8,a,No,No.
order_real,data/videos_real/int_333ms/real_333_00231.avi,333,0,0,-1.5434,-9.27,-11.9575,-12.1606,-11.4418,8,a,No,No.
order_rev,data/videos_real/int_333ms/real_333_00231.avi,333,0,0,-0.7266,-9.0267,-11.9408,-12.2299,-11.2846,8,a,No,No.
moved_real,data/videos_real/int_333ms/real_333_00231.avi,333,1,0,-0.3141,-8.7766,-11.9406,-11.8078,-11.3625,8,a,No,No.
moved_twin,data/twin_real/real_333_00231.avi,333,0,0,-0.8999,-8.7856,-11.9731,-11.9028,-11.3481,8,a,No,No.
order_twin,data/twin_real/real_333_00231.avi,333,-1,0,-1.6092,-9.3575,-12.006,-12.2638,-11.4981,8,a,No,No.
bind_twin,data/twin_real/real_333_00231.avi,333,1,1,0.135,-9.7325,-12.3262,-12.6153,-12.2794,8,a,Yes,Yes
order_real,data/videos_real/int_333ms/real_333_00231_flip.avi,333,1,0,-1.6028,-9.2799,-11.9596,-12.1627,-11.444,8,a,No,No.
order_real,data/videos_real/int_333ms/real_333_00243.avi,333,1,0,-0.5104,-8.7801,-11.5223,-11.5301,-11.0848,8,a,No,No.
order_real,data/videos_real/int_333ms/real_333_00243_flip.avi,333,0,0,-0.5139,-8.7593,-11.5015,-11.5171,-11.064,8,a,No,No.
order_real,data/videos_real/int_333ms/real_333_00255.avi,333,0,0,-0.4861,-8.7296,-11.628,-11.964,-11.2999,8,a,No,No
order_real,data/videos_real/int_333ms/real_333_00255_flip.avi,333,1,0,-0.4808,-8.7945,-11.6617,-12.0132,-11.3414,8,a,No,No
order_real,data/videos_real/int_333ms/real_333_00267.avi,333,0,0,-0.5737,-8.8108,-11.3576,-11.5217,-11.1154,8,b,No,No.
order_real,data/videos_real/int_333ms/real_333_00267_flip.avi,333,1,0,-0.5586,-8.8008,-11.3477,-11.5195,-11.1055,8,b,No,No
order_real,data/videos_real/int_333ms/real_333_00279.avi,333,0,0,-0.3642,-9.0487,-11.1034,-11.8612,-11.0799,8,a,No,No.
order_real,data/videos_real/int_333ms/real_333_00279_flip.avi,333,1,0,-0.3702,-9.0297,-11.0922,-11.85,-11.0688,8,a,No,No.
order_real,data/videos_real/int_333ms/real_333_00291.avi,333,0,1,-0.044,-9.0489,-11.9083,-11.1348,-11.4708,8,b,Yes,Yes.
order_real,data/videos_real/int_333ms/real_333_00291_flip.avi,333,1,1,-0.0128,-9.086,-11.9376,-11.1563,-11.5001,8,b,Yes,Yes.
order_real,data/videos_real/int_333ms/real_333_00303.avi,333,0,0,-0.7838,-9.5413,-12.471,-12.6585,-12.0178,8,a,No,No.
order_real,data/videos_real/int_333ms/real_333_00303_flip.avi,333,1,0,-0.7653,-9.5238,-12.4144,-12.6488,-12.0004,8,a,No,No.
order_real,data/videos_real/int_333ms/real_333_00315.avi,333,1,1,0.0405,-9.8538,-13.0569,-12.2835,-12.3616,8,a,Yes,Yes.
order_real,data/videos_real/int_333ms/real_333_00315_flip.avi,333,0,1,0.0087,-9.8827,-13.0702,-12.3124,-12.3671,8,a,Yes,Yes.
order_real,data/videos_real/int_333ms/real_333_00327.avi,333,1,0,-0.4623,-9.4951,-12.2451,-12.5576,-11.831,8,b,No,No.
order_real,data/videos_real/int_333ms/real_333_00327_flip.avi,333,0,0,-0.4944,-9.498,-12.2558,-12.5371,-11.8339,8,b,No,No.
order_real,data/videos_real/int_333ms/real_333_00339.avi,333,0,1,0.1054,-9.1308,-11.873,-12.2401,-11.6855,8,b,Yes,Yes.
order_real,data/videos_real/int_333ms/real_333_00339_flip.avi,333,1,1,0.0925,-9.1914,-11.9336,-12.2774,-11.7617,8,b,Yes,Yes.
order_real,data/videos_real/int_333ms/real_333_00351.avi,333,0,0,-1.1668,-9.1349,-11.588,-12.0099,-11.2442,8,b,No,No.
order_real,data/videos_real/int_333ms/real_333_00351_flip.avi,333,1,0,-1.1082,-9.0999,-11.5374,-11.9593,-11.2014,8,b,No,No
order_real,data/videos_real/int_333ms/real_333_00363.avi,333,0,1,0.1871,-8.6881,-11.2975,-11.4694,-11.0241,8,b,Yes,Yes
order_real,data/videos_real/int_333ms/real_333_00363_flip.avi,333,1,1,0.1715,-8.6576,-11.2826,-11.4389,-11.0014,8,b,Yes,Yes
order_real,data/videos_real/int_333ms/real_333_00375.avi,333,1,0,-0.4847,-9.0794,-11.4544,-12.2356,-11.2825,8,a,No,No.
order_real,data/videos_real/int_333ms/real_333_00375_flip.avi,333,0,0,-0.5144,-9.1051,-11.4957,-12.2535,-11.316,8,a,No,No.
order_real,data/videos_real/int_333ms/real_333_00387.avi,333,1,0,-0.3608,-8.827,-11.4833,-12.1083,-10.9676,8,b,No,No.
order_real,data/videos_real/int_333ms/real_333_00387_flip.avi,333,0,0,-0.3486,-8.8188,-11.4438,-12.0922,-10.9672,8,b,No,No.
order_real,data/videos_real/int_333ms/real_333_00399.avi,333,0,0,-0.7193,-9.4527,-12.1246,-12.5543,-11.9371,8,b,No,No.
order_real,data/videos_real/int_333ms/real_333_00399_flip.avi,333,1,0,-0.705,-9.4557,-12.1432,-12.5495,-11.9401,8,b,No,No.
order_real,data/videos_real/int_333ms/real_333_00411.avi,333,0,1,0.0419,-9.2839,-12.2527,-11.4792,-11.9011,8,b,Yes,Yes.
order_real,data/videos_real/int_333ms/real_333_00411_flip.avi,333,1,1,0.0859,-9.262,-12.1995,-11.4651,-11.8479,8,b,Yes,Yes.
order_real,data/videos_real/int_333ms/real_333_00423.avi,333,0,0,-0.7761,-8.9468,-11.4468,-11.978,-11.2827,8,a,No,No.
order_real,data/videos_real/int_333ms/real_333_00423_flip.avi,333,1,0,-0.807,-8.9452,-11.453,-11.9764,-11.2577,8,a,No,No.
order_real,data/videos_real/int_333ms/real_333_00435.avi,333,0,0,-0.5589,-9.1816,-11.8926,-12.166,-11.4238,8,b,No,No
order_real,data/videos_real/int_333ms/real_333_00435_flip.avi,333,1,0,-0.5402,-9.1779,-11.8888,-12.1779,-11.4201,8,b,No,No
order_real,data/videos_real/int_333ms/real_333_00447.avi,333,1,1,0.8618,-8.8402,-12.184,-12.4496,-11.6215,8,a,Yes,Yes.
order_real,data/videos_real/int_333ms/real_333_00447_flip.avi,333,0,1,0.8512,-8.8449,-12.1808,-12.4465,-11.634,8,a,Yes,Yes.
order_real,data/videos_real/int_333ms/real_333_00459.avi,333,1,0,-0.8536,-8.711,-11.6485,-11.086,-11.2345,8,b,No,No.
order_real,data/videos_real/int_333ms/real_333_00459_flip.avi,333,0,0,-0.8506,-8.7257,-11.6475,-11.1007,-11.2178,8,b,No,No.
order_real,data/videos_real/int_333ms/real_333_00471.avi,333,1,0,-0.5364,-9.1912,-11.9334,-12.2068,-11.449,8,b,No,No
order_real,data/videos_real/int_333ms/real_333_00471_flip.avi,333,0,0,-0.5862,-9.1908,-11.9174,-12.183,-11.4408,8,b,No,No
order_real,data/videos_real/int_333ms/real_333_00483.avi,333,1,0,-0.661,-9.3933,-11.8464,-12.2526,-11.4167,8,a,No,No
order_real,data/videos_real/int_333ms/real_333_00483_flip.avi,333,0,0,-0.6176,-9.3892,-11.8267,-12.2173,-11.397,8,a,No,No
order_real,data/videos_real/int_333ms/real_333_00495.avi,333,0,0,-0.6295,-9.4371,-12.0778,-12.4293,-11.4762,8,b,No,No.
order_real,data/videos_real/int_333ms/real_333_00495_flip.avi,333,1,0,-0.6108,-9.4513,-12.0685,-12.4513,-11.4982,8,b,No,No.
order_real,data/videos_real/int_333ms/real_333_00507.avi,333,0,0,-0.6727,-8.5802,-11.1114,-11.502,-10.9708,8,b,No,No.
order_real,data/videos_real/int_333ms/real_333_00507_flip.avi,333,1,0,-0.7052,-8.5625,-11.0782,-11.4844,-10.9453,8,b,No,No.
order_real,data/videos_real/int_333ms/real_333_00519.avi,333,1,1,0.0529,-8.9482,-11.3935,-11.6122,-11.331,8,b,Yes,Yes
order_real,data/videos_real/int_333ms/real_333_00519_flip.avi,333,0,1,-0.0246,-8.9469,-11.3922,-11.6109,-11.3297,8,b,Yes,Yes
order_real,data/videos_real/int_333ms/real_333_00531.avi,333,0,0,-0.6059,-8.6863,-11.2254,-11.9207,-11.1004,8,b,No,No.
order_real,data/videos_real/int_333ms/real_333_00531_flip.avi,333,1,0,-0.6056,-8.67,-11.2247,-11.9043,-11.0684,8,b,No,No.
order_real,data/videos_real/int_333ms/real_333_00543.avi,333,0,0,-0.3633,-8.9964,-11.5042,-11.5198,-11.4573,8,a,No,No.
order_real,data/videos_real/int_333ms/real_333_00543_flip.avi,333,1,0,-0.3654,-8.9447,-11.4681,-11.476,-11.4135,8,a,No,No.
order_real,data/videos_real/int_333ms/real_333_00555.avi,333,0,1,0.1034,-9.1638,-11.5622,-12.1872,-11.4763,8,a,Yes,Yes
order_real,data/videos_real/int_333ms/real_333_00555_flip.avi,333,1,1,0.1009,-9.1572,-11.5634,-12.1962,-11.4775,8,a,Yes,Yes
order_real,data/videos_real/int_333ms/real_333_00567.avi,333,1,0,-0.5135,-9.4367,-11.7414,-12.4758,-11.6711,8,b,No,No.
order_real,data/videos_real/int_333ms/real_333_00567_flip.avi,333,0,0,-0.5149,-9.4373,-11.7264,-12.4842,-11.6795,8,b,No,No.
order_real,data/videos_real/int_333ms/real_333_00579.avi,333,1,0,-0.4745,-8.9371,-11.9762,-11.7184,-11.3512,8,b,No,No.
order_real,data/videos_real/int_333ms/real_333_00579_flip.avi,333,0,0,-0.4739,-8.9281,-11.9437,-11.6625,-11.3266,8,b,No,No.
order_real,data/videos_real/int_333ms/real_333_00591.avi,333,0,0,-0.8279,-9.1506,-11.7444,-11.9944,-11.4163,8,b,No,No.
order_real,data/videos_real/int_333ms/real_333_00591_flip.avi,333,1,0,-0.7856,-9.1378,-11.7159,-11.9659,-11.3878,8,b,No,No.
order_real,data/videos_real/int_500ms/real_500_00004.avi,500,1,0,-0.2802,-9.2879,-11.8348,-12.4911,-11.6864,8,b,No,No.
order_rev,data/videos_real/int_500ms/real_500_00004.avi,500,1,0,-0.4229,-9.1055,-11.6367,-12.3711,-11.4102,8,b,No,No.
moved_real,data/videos_real/int_500ms/real_500_00004.avi,500,1,1,1.1976,-8.9844,-11.8438,-12.1797,-11.6328,8,b,Yes,Yes.
moved_twin,data/twin_real/real_500_00004.avi,500,0,1,0.7329,-8.8641,-11.6219,-11.9344,-11.3641,8,b,Yes,Yes
order_twin,data/twin_real/real_500_00004.avi,500,-1,0,-0.6018,-9.2275,-11.5869,-12.2353,-11.4384,8,b,No,No
bind_twin,data/twin_real/real_500_00004.avi,500,0,0,-0.3098,-9.6826,-11.6905,-12.2373,-11.7842,8,b,No,No
order_real,data/videos_real/int_500ms/real_500_00004_flip.avi,500,0,0,-0.326,-9.2372,-11.8153,-12.4559,-11.659,8,b,No,No.
order_real,data/videos_real/int_500ms/real_500_00016.avi,500,1,0,-0.2819,-9.2351,-12.532,-12.0086,-12.0008,8,a,No,No.
order_rev,data/videos_real/int_500ms/real_500_00016.avi,500,1,0,-0.6501,-8.3439,-12.1017,-11.7111,-11.3361,8,a,No,No.
moved_real,data/videos_real/int_500ms/real_500_00016.avi,500,1,1,0.8465,-8.8539,-11.9555,-11.768,-11.7289,8,a,Yes,Yes.
moved_twin,data/twin_real/real_500_00016.avi,500,0,1,0.233,-8.9375,-11.8515,-11.8437,-11.664,8,a,Yes,Yes.
order_twin,data/twin_real/real_500_00016.avi,500,-1,0,-0.3519,-9.3429,-12.4133,-11.9914,-11.9992,8,a,No,No.
bind_twin,data/twin_real/real_500_00016.avi,500,1,1,1.6958,-10.078,-12.6952,-12.7186,-12.8436,8,a,Yes,Yes
order_real,data/videos_real/int_500ms/real_500_00016_flip.avi,500,0,0,-0.2819,-9.2144,-12.4801,-11.9879,-11.9723,8,a,No,No.
order_real,data/videos_real/int_500ms/real_500_00028.avi,500,0,0,-0.5155,-9.1932,-11.8573,-11.7244,-11.3416,8,b,No,No
order_rev,data/videos_real/int_500ms/real_500_00028.avi,500,0,0,-1.0017,-8.9115,-11.7397,-11.8803,-11.06,8,b,No,No.
moved_real,data/videos_real/int_500ms/real_500_00028.avi,500,1,1,1.7225,-8.9312,-12.2359,-11.6031,-11.7594,8,b,Yes,Yes
moved_twin,data/twin_real/real_500_00028.avi,500,0,1,1.5374,-8.9075,-12.2668,-11.5793,-11.7121,8,b,Yes,Yes.
order_twin,data/twin_real/real_500_00028.avi,500,-1,0,-0.5896,-9.2053,-11.9475,-11.799,-11.3615,8,b,No,No.
bind_twin,data/twin_real/real_500_00028.avi,500,0,0,-0.5982,-9.6831,-12.0971,-11.8628,-11.8706,8,b,No,No
order_real,data/videos_real/int_500ms/real_500_00028_flip.avi,500,1,0,-0.515,-9.1776,-11.8573,-11.7323,-11.326,8,b,No,No
order_real,data/videos_real/int_500ms/real_500_00040.avi,500,1,0,-0.7316,-9.3657,-11.6938,-12.0297,-11.3891,8,a,No,No
order_rev,data/videos_real/int_500ms/real_500_00040.avi,500,1,0,-0.4551,-9.0748,-11.7779,-12.0357,-11.356,8,a,No,No
moved_real,data/videos_real/int_500ms/real_500_00040.avi,500,1,0,-0.3478,-8.9796,-11.8312,-11.7531,-11.4171,8,a,No,No
moved_twin,data/twin_real/real_500_00040.avi,500,0,0,-0.2848,-8.9693,-11.9224,-11.8365,-11.4693,8,a,No,No.
order_twin,data/twin_real/real_500_00040.avi,500,-1,0,-0.6197,-9.3841,-11.7591,-12.0872,-11.4388,8,a,No,No
bind_twin,data/twin_real/real_500_00040.avi,500,1,0,-0.2448,-9.952,-12.5614,-12.8661,-12.4364,8,a,No,No
order_real,data/videos_real/int_500ms/real_500_00040_flip.avi,500,0,0,-0.7265,-9.4075,-11.7357,-12.0794,-11.4232,8,a,No,No
order_real,data/videos_real/int_500ms/real_500_00052.avi,500,1,0,-0.6481,-9.0112,-11.4253,-11.9956,-11.1518,8,b,No,No.
order_rev,data/videos_real/int_500ms/real_500_00052.avi,500,1,0,-0.4728,-9.0388,-11.4763,-11.9997,-11.1091,8,b,No,No. The dancer moved before the
moved_real,data/videos_real/int_500ms/real_500_00052.avi,500,1,1,1.6241,-9.103,-11.8452,-11.8296,-11.564,8,b,Yes,Yes.
moved_twin,data/twin_real/real_500_00052.avi,500,0,1,1.4466,-8.857,-11.7086,-11.7086,-11.3961,8,b,Yes,Yes.
order_twin,data/twin_real/real_500_00052.avi,500,-1,0,-0.7166,-8.812,-11.2495,-11.9214,-10.9761,8,b,No,No.
bind_twin,data/twin_real/real_500_00052.avi,500,0,0,-0.3003,-9.3385,-11.4635,-11.8463,-11.487,8,b,No,No
order_real,data/videos_real/int_500ms/real_500_00052_flip.avi,500,0,0,-0.7376,-8.9473,-11.3614,-11.9551,-11.0801,8,b,No,No.
order_real,data/videos_real/int_500ms/real_500_00064.avi,500,0,0,-0.6491,-8.9742,-11.3649,-12.0055,-11.3336,8,a,No,No.
order_rev,data/videos_real/int_500ms/real_500_00064.avi,500,0,0,-0.6272,-8.7297,-11.4797,-11.8547,-11.0579,8,a,No,No.
moved_real,data/videos_real/int_500ms/real_500_00064.avi,500,1,1,0.4569,-8.8252,-11.4189,-11.8017,-11.333,8,a,Yes,Yes
moved_twin,data/twin_real/real_500_00064.avi,500,0,1,0.4892,-8.9763,-11.5544,-11.8903,-11.406,8,a,Yes,Yes
order_twin,data/twin_real/real_500_00064.avi,500,-1,0,-0.6487,-8.9022,-11.2616,-11.9257,-11.2225,8,a,No,No.
bind_twin,data/twin_real/real_500_00064.avi,500,1,1,0.1055,-9.6358,-11.4952,-12.2217,-11.8077,8,a,Yes,Yes
order_real,data/videos_real/int_500ms/real_500_00064_flip.avi,500,1,0,-0.6385,-8.937,-11.2573,-11.9292,-11.2886,8,a,No,No.
order_real,data/videos_real/int_500ms/real_500_00076.avi,500,1,1,0.0592,-9.5875,-12.2984,-12.3765,-12.0093,8,a,Yes,Yes.
order_rev,data/videos_real/int_500ms/real_500_00076.avi,500,1,1,-0.0706,-9.4373,-12.2185,-12.3201,-11.9373,8,a,Yes,Yes
moved_real,data/videos_real/int_500ms/real_500_00076.avi,500,1,1,1.0063,-9.6078,-12.8109,-12.6391,-12.0844,8,a,Yes,Yes.
moved_twin,data/twin_real/real_500_00076.avi,500,0,1,0.243,-9.5766,-12.8031,-12.6,-11.9984,8,a,Yes,Yes.
order_twin,data/twin_real/real_500_00076.avi,500,-1,0,-0.1325,-9.6106,-12.2512,-12.2981,-11.9074,8,a,No,"No, the metal droplets did"
bind_twin,data/twin_real/real_500_00076.avi,500,1,0,-0.6635,-10.2462,-12.8477,-12.8868,-12.3946,8,a,No,No
order_real,data/videos_real/int_500ms/real_500_00076_flip.avi,500,0,1,0.0728,-9.5805,-12.307,-12.393,-12.0023,8,a,Yes,Yes.
order_real,data/videos_real/int_500ms/real_500_00088.avi,500,0,0,-0.5418,-8.9997,-11.6325,-12.0622,-11.5466,8,b,No,No.
order_rev,data/videos_real/int_500ms/real_500_00088.avi,500,0,0,-0.4607,-9.5308,-12.3902,-12.648,-11.9293,8,b,No,"No, the squirrel did not"
moved_real,data/videos_real/int_500ms/real_500_00088.avi,500,1,1,0.86,-9.1891,-12.3453,-12.1891,-11.8219,8,b,Yes,Yes.
moved_twin,data/twin_real/real_500_00088.avi,500,0,1,0.9712,-9.3782,-12.4095,-12.2141,-11.9251,8,b,Yes,Yes.
order_twin,data/twin_real/real_500_00088.avi,500,-1,0,-0.5106,-9.0619,-11.6713,-11.9994,-11.5619,8,b,No,No.
bind_twin,data/twin_real/real_500_00088.avi,500,0,1,-0.0955,-9.6385,-12.0682,-12.2323,-11.8729,8,b,Yes,Yes
order_real,data/videos_real/int_500ms/real_500_00088_flip.avi,500,1,0,-0.4801,-9.0245,-11.6495,-12.0792,-11.5636,8,b,No,No.
order_real,data/videos_real/int_500ms/real_500_00100.avi,500,1,1,-0.0724,-9.2362,-11.7128,-12.0175,-11.619,8,b,Yes,Yes
order_rev,data/videos_real/int_500ms/real_500_00100.avi,500,1,1,-0.0723,-9.6881,-12.5631,-12.8521,-12.1412,8,b,Yes,Yes
moved_real,data/videos_real/int_500ms/real_500_00100.avi,500,1,1,-0.0207,-9.2161,-12.2004,-12.1379,-11.5989,8,b,Yes,Yes.
moved_twin,data/twin_real/real_500_00100.avi,500,0,0,-0.3161,-9.2963,-12.2181,-12.2181,-11.5619,8,b,No,No
order_twin,data/twin_real/real_500_00100.avi,500,-1,1,-0.1156,-9.2636,-11.6699,-12.0292,-11.5292,8,b,Yes,Yes
bind_twin,data/twin_real/real_500_00100.avi,500,0,0,-0.846,-10.1021,-12.5396,-12.7896,-12.2505,8,b,No,No
order_real,data/videos_real/int_500ms/real_500_00100_flip.avi,500,0,0,-0.1109,-9.2606,-11.7528,-12.0731,-11.659,8,b,No,No.
order_real,data/videos_real/int_500ms/real_500_00112.avi,500,0,0,-1.0622,-9.0616,-11.5928,-11.8585,-11.1788,8,b,No,No
order_rev,data/videos_real/int_500ms/real_500_00112.avi,500,0,0,-0.4974,-8.9913,-11.5538,-11.921,-11.1945,8,b,No,No. The man exercising started
moved_real,data/videos_real/int_500ms/real_500_00112.avi,500,1,1,1.1391,-8.7236,-11.6064,-11.5986,-11.3329,8,b,Yes,Yes
moved_twin,data/twin_real/real_500_00112.avi,500,0,1,0.7264,-8.5215,-11.5371,-11.5371,-11.1231,8,b,Yes,Yes.
order_twin,data/twin_real/real_500_00112.avi,500,-1,0,-1.101,-9.1096,-11.7736,-11.9846,-11.2815,8,b,No,No
bind_twin,data/twin_real/real_500_00112.avi,500,0,0,-0.7927,-9.1323,-11.3745,-11.7417,-11.187,8,b,No,No
order_real,data/videos_real/int_500ms/real_500_00112_flip.avi,500,1,0,-1.0793,-9.0897,-11.6288,-11.871,-11.1913,8,b,No,No
order_real,data/videos_real/int_500ms/real_500_00124.avi,500,1,0,-0.43,-8.8391,-11.4094,-11.8469,-11.3235,8,b,No,No.
order_rev,data/videos_real/int_500ms/real_500_00124.avi,500,1,0,-0.754,-9.0396,-11.899,-12.149,-11.5006,8,b,No,No.
moved_real,data/videos_real/int_500ms/real_500_00124.avi,500,1,1,0.2395,-9.1572,-12.0166,-12.0244,-11.5322,8,b,Yes,Yes
moved_twin,data/twin_real/real_500_00124.avi,500,0,1,0.1246,-9.1538,-11.9741,-11.9741,-11.4741,8,b,Yes,Yes
order_twin,data/twin_real/real_500_00124.avi,500,-1,0,-0.5009,-8.9037,-11.4115,-11.8724,-11.3177,8,b,No,No.
bind_twin,data/twin_real/real_500_00124.avi,500,0,0,-0.7915,-9.7699,-11.9418,-12.2543,-11.809,8,b,No,No
order_real,data/videos_real/int_500ms/real_500_00124_flip.avi,500,0,0,-0.446,-8.8413,-11.3959,-11.8491,-11.3178,8,b,No,No.
order_real,data/videos_real/int_500ms/real_500_00136.avi,500,0,0,-0.2159,-8.6751,-11.4485,-11.8157,-11.1438,8,b,No,No.
order_rev,data/videos_real/int_500ms/real_500_00136.avi,500,0,0,-0.5411,-8.7266,-11.7734,-12.0781,-11.1953,8,b,No,No. The squirrel is seen
moved_real,data/videos_real/int_500ms/real_500_00136.avi,500,1,1,1.0173,-8.5168,-11.634,-11.6261,-11.3136,8,b,Yes,Yes
moved_twin,data/twin_real/real_500_00136.avi,500,0,1,0.9136,-8.5044,-11.6528,-11.6528,-11.3012,8,b,Yes,Yes
order_twin,data/twin_real/real_500_00136.avi,500,-1,0,-0.2603,-8.6808,-11.5089,-11.8371,-11.1496,8,b,No,No.
bind_twin,data/twin_real/real_500_00136.avi,500,0,0,-0.4124,-9.4016,-11.7376,-12.136,-11.7298,8,b,No,No
order_real,data/videos_real/int_500ms/real_500_00136_flip.avi,500,1,0,-0.2223,-8.7162,-11.5052,-11.8568,-11.1927,8,b,No,No.
order_real,data/videos_real/int_500ms/real_500_00148.avi,500,1,1,-0.0714,-9.1056,-11.715,-11.8868,-11.2853,8,a,Yes,Yes
order_rev,data/videos_real/int_500ms/real_500_00148.avi,500,1,1,0.7064,-9.0901,-12.1135,-12.1916,-11.6369,8,a,Yes,Yes.
moved_real,data/videos_real/int_500ms/real_500_00148.avi,500,1,1,0.1897,-8.8939,-11.9173,-11.7923,-11.3392,8,a,Yes,Yes
moved_twin,data/twin_real/real_500_00148.avi,500,0,1,0.2655,-8.8046,-11.8671,-11.7187,-11.3124,8,a,Yes,Yes
order_twin,data/twin_real/real_500_00148.avi,500,-1,1,-0.0018,-9.0995,-11.7791,-11.9354,-11.3807,8,a,Yes,Yes
bind_twin,data/twin_real/real_500_00148.avi,500,1,0,-1.5765,-10.0575,-12.4169,-12.4325,-11.9872,8,a,No,No
order_real,data/videos_real/int_500ms/real_500_00148_flip.avi,500,0,1,-0.1094,-9.1382,-11.7398,-11.9429,-11.3257,8,a,Yes,Yes
order_real,data/videos_real/int_500ms/real_500_00160.avi,500,1,1,0.0281,-9.1751,-11.3079,-12.0892,-11.1986,8,a,Yes,Yes
order_rev,data/videos_real/int_500ms/real_500_00160.avi,500,1,0,-0.512,-9.2283,-12.2205,-12.3455,-11.6346,8,a,No,No.
moved_real,data/videos_real/int_500ms/real_500_00160.avi,500,1,1,0.4425,-8.851,-11.5073,-11.8198,-11.0854,8,a,Yes,Yes
moved_twin,data/twin_real/real_500_00160.avi,500,0,1,0.1419,-8.8269,-11.6941,-11.8972,-11.1316,8,a,Yes,Yes.
order_twin,data/twin_real/real_500_00160.avi,500,-1,1,0.0231,-9.1012,-11.3981,-12.1559,-11.2497,8,a,Yes,Yes
bind_twin,data/twin_real/real_500_00160.avi,500,1,1,1.3042,-9.7067,-12.0192,-12.7458,-12.2927,8,a,Yes,Yes
order_real,data/videos_real/int_500ms/real_500_00160_flip.avi,500,0,1,0.0146,-9.2055,-11.3383,-12.1118,-11.229,8,a,Yes,Yes
order_real,data/videos_real/int_500ms/real_500_00172.avi,500,1,0,-0.4465,-9.2755,-12.3145,-11.8458,-11.9317,8,a,No,No.
order_rev,data/videos_real/int_500ms/real_500_00172.avi,500,1,0,-1.0935,-8.4295,-11.8904,-11.6248,-11.242,8,a,No,No.
moved_real,data/videos_real/int_500ms/real_500_00172.avi,500,1,1,0.6284,-8.999,-11.8115,-11.7802,-11.749,8,a,Yes,Yes.
moved_twin,data/twin_real/real_500_00172.avi,500,0,1,0.5564,-8.9149,-11.6493,-11.6493,-11.5946,8,a,Yes,Yes.
order_twin,data/twin_real/real_500_00172.avi,500,-1,0,-0.5009,-9.1377,-12.1299,-11.7002,-11.7862,8,a,No,No.
bind_twin,data/twin_real/real_500_00172.avi,500,1,1,1.7968,-9.9609,-12.5859,-12.4609,-12.8047,8,a,Yes,Yes
order_real,data/videos_real/int_500ms/real_500_00172_flip.avi,500,0,0,-0.4285,-9.3246,-12.2778,-11.8715,-11.9184,8,a,No,No.
order_real,data/videos_real/int_500ms/real_500_00184.avi,500,1,0,-0.6047,-9.5769,-12.155,-12.5379,-11.7722,8,a,No,No.
order_rev,data/videos_real/int_500ms/real_500_00184.avi,500,1,0,-0.2255,-9.4165,-12.2759,-12.6431,-11.9478,8,a,No,"No, the guitarist moved before the"
moved_real,data/videos_real/int_500ms/real_500_00184.avi,500,1,0,-0.598,-8.9996,-12.2964,-12.148,-11.6402,8,a,No,No.
moved_twin,data/twin_real/real_500_00184.avi,500,0,0,-0.7878,-9.1623,-12.2092,-12.053,-11.592,8,a,No,No.
order_twin,data/twin_real/real_500_00184.avi,500,-1,0,-0.6709,-9.4848,-11.8988,-12.266,-11.5707,8,a,No,No.
bind_twin,data/twin_real/real_500_00184.avi,500,1,0,-1.5163,-10.3166,-13.2697,-13.1369,-12.8479,8,a,No,"No, the man is not exercis"
order_real,data/videos_real/int_500ms/real_500_00184_flip.avi,500,0,0,-0.6215,-9.5722,-12.1504,-12.5176,-11.7597,8,a,No,No.
order_real,data/videos_real/int_500ms/real_500_00196.avi,500,0,1,-0.0267,-9.2601,-11.3773,-12.1507,-11.2445,8,a,Yes,Yes
order_rev,data/videos_real/int_500ms/real_500_00196.avi,500,0,0,-0.6199,-9.326,-12.2557,-12.412,-11.6932,8,a,No,No.
moved_real,data/videos_real/int_500ms/real_500_00196.avi,500,1,1,0.7372,-8.9668,-11.6543,-11.8418,-11.2793,8,a,Yes,Yes
moved_twin,data/twin_real/real_500_00196.avi,500,0,1,0.9831,-9.1223,-11.7941,-11.9113,-11.3957,8,a,Yes,Yes
order_twin,data/twin_real/real_500_00196.avi,500,-1,1,-0.0008,-9.2311,-11.3639,-12.0749,-11.1921,8,a,Yes,Yes
bind_twin,data/twin_real/real_500_00196.avi,500,1,1,0.9206,-9.7896,-11.9692,-12.5396,-12.1255,8,a,Yes,Yes
order_real,data/videos_real/int_500ms/real_500_00196_flip.avi,500,1,1,-0.0282,-9.2224,-11.3708,-12.1286,-11.2224,8,a,Yes,Yes
order_real,data/videos_real/int_500ms/real_500_00208.avi,500,1,0,-1.0122,-9.5784,-12.0393,-12.4221,-11.6018,8,b,No,No
order_rev,data/videos_real/int_500ms/real_500_00208.avi,500,1,0,-0.3984,-9.1125,-11.6671,-12.1828,-11.3703,8,b,No,No.
moved_real,data/videos_real/int_500ms/real_500_00208.avi,500,1,1,1.0307,-8.8904,-11.5154,-11.7654,-11.2732,8,b,Yes,Yes
moved_twin,data/twin_real/real_500_00208.avi,500,0,1,1.6953,-9.0864,-11.641,-11.8285,-11.4926,8,b,Yes,Yes
order_twin,data/twin_real/real_500_00208.avi,500,-1,0,-0.8758,-9.6378,-12.0519,-12.5128,-11.6535,8,b,No,No
bind_twin,data/twin_real/real_500_00208.avi,500,0,0,-0.7176,-9.5214,-11.5839,-11.9432,-11.4432,8,b,No,No
order_real,data/videos_real/int_500ms/real_500_00208_flip.avi,500,0,0,-0.966,-9.5602,-12.0368,-12.4196,-11.6071,8,b,No,No
order_real,data/videos_real/int_500ms/real_500_00220.avi,500,0,1,0.0358,-8.9204,-11.6157,-12.4907,-11.4126,8,b,Yes,Yes.
order_rev,data/videos_real/int_500ms/real_500_00220.avi,500,0,0,-0.2438,-8.5676,-11.9582,-12.4738,-11.4269,8,b,No,No. The juggler moves before
moved_real,data/videos_real/int_500ms/real_500_00220.avi,500,1,1,2.8482,-9.6733,-12.4389,-12.4545,-11.8842,8,b,Yes,Yes.
moved_twin,data/twin_real/real_500_00220.avi,500,0,1,2.3702,-9.632,-12.3507,-12.546,-11.8351,8,b,Yes,Yes.
order_twin,data/twin_real/real_500_00220.avi,500,-1,1,0.1218,-8.9042,-11.6073,-12.4901,-11.4901,8,b,Yes,Yes.
bind_twin,data/twin_real/real_500_00220.avi,500,0,1,0.0503,-9.4444,-12.0537,-12.4678,-11.8272,8,b,Yes,Yes
order_real,data/videos_real/int_500ms/real_500_00220_flip.avi,500,1,1,0.0807,-8.9276,-11.5995,-12.4823,-11.4354,8,b,Yes,Yes.
order_real,data/videos_real/int_500ms/real_500_00232.avi,500,1,0,-0.7597,-8.5472,-11.0785,-11.6176,-10.9379,8,a,No,No.
order_rev,data/videos_real/int_500ms/real_500_00232.avi,500,1,0,-0.7707,-8.4209,-11.4677,-11.7021,-10.9443,8,a,No,No.
moved_real,data/videos_real/int_500ms/real_500_00232.avi,500,1,1,0.2485,-8.4859,-11.2281,-11.5563,-11.1344,8,a,Yes,Yes.
moved_twin,data/twin_real/real_500_00232.avi,500,0,1,0.2418,-8.4829,-11.2173,-11.5298,-11.0923,8,a,Yes,Yes.
order_twin,data/twin_real/real_500_00232.avi,500,-1,0,-0.7459,-8.4762,-11.0543,-11.5621,-10.9215,8,a,No,No.
bind_twin,data/twin_real/real_500_00232.avi,500,1,0,-0.2743,-9.3601,-11.8289,-12.3055,-11.8601,8,a,No,No
order_real,data/videos_real/int_500ms/real_500_00232_flip.avi,500,0,0,-0.8039,-8.5773,-11.0695,-11.632,-10.9523,8,a,No,No.
order_real,data/videos_real/int_500ms/real_500_00244.avi,500,1,0,-0.7563,-9.0508,-11.7618,-11.9649,-11.3712,8,b,No,No.
order_real,data/videos_real/int_500ms/real_500_00244_flip.avi,500,0,0,-0.7875,-9.0025,-11.7212,-11.9165,-11.3306,8,b,No,No.
order_real,data/videos_real/int_500ms/real_500_00256.avi,500,1,0,-0.14,-9.445,-12.4762,-11.9528,-11.9215,8,b,No,No.
order_real,data/videos_real/int_500ms/real_500_00256_flip.avi,500,0,0,-0.1099,-9.4061,-12.4607,-11.9217,-11.9061,8,b,No,No.
order_real,data/videos_real/int_500ms/real_500_00268.avi,500,0,0,-0.2792,-9.5712,-12.3759,-12.0478,-12.0556,8,a,No,"No, the kittens did not"
order_real,data/videos_real/int_500ms/real_500_00268_flip.avi,500,1,0,-0.203,-9.5003,-12.3206,-11.9847,-12.0159,8,a,No,"No, the kittens did not"
order_real,data/videos_real/int_500ms/real_500_00280.avi,500,0,1,-0.0409,-9.0446,-11.9587,-12.6227,-11.7868,8,a,Yes,Yes.
order_real,data/videos_real/int_500ms/real_500_00280_flip.avi,500,1,1,-0.0253,-9.0775,-11.9603,-12.6478,-11.7884,8,a,Yes,Yes.
order_real,data/videos_real/int_500ms/real_500_00292.avi,500,0,0,-0.9063,-8.6147,-11.7319,-11.8725,-11.2475,8,a,No,No.
order_real,data/videos_real/int_500ms/real_500_00292_flip.avi,500,1,0,-0.8698,-8.6504,-11.7832,-11.9082,-11.2989,8,a,No,No.
order_real,data/videos_real/int_500ms/real_500_00304.avi,500,1,0,-0.9985,-9.4022,-11.6522,-12.3397,-11.3084,8,a,No,No.
order_real,data/videos_real/int_500ms/real_500_00304_flip.avi,500,0,0,-0.9844,-9.4313,-11.6734,-12.3609,-11.3141,8,a,No,No.
order_real,data/videos_real/int_500ms/real_500_00316.avi,500,1,0,-0.8489,-9.046,-11.5069,-11.9991,-11.2413,8,a,No,No.
order_real,data/videos_real/int_500ms/real_500_00316_flip.avi,500,0,0,-0.8024,-9.0376,-11.5063,-12.0063,-11.2407,8,a,No,No.
order_real,data/videos_real/int_500ms/real_500_00328.avi,500,0,0,-0.3527,-9.3016,-11.872,-12.247,-11.7235,8,b,No,No.
order_real,data/videos_real/int_500ms/real_500_00328_flip.avi,500,1,0,-0.3987,-9.3434,-11.8981,-12.2653,-11.7496,8,b,No,No.
order_real,data/videos_real/int_500ms/real_500_00340.avi,500,0,0,-0.3837,-9.8997,-12.8919,-12.9153,-12.2747,8,a,No,No.
order_real,data/videos_real/int_500ms/real_500_00340_flip.avi,500,1,0,-0.3994,-9.8864,-12.8864,-12.8942,-12.277,8,a,No,No.
order_real,data/videos_real/int_500ms/real_500_00352.avi,500,1,0,-0.2108,-8.6121,-11.5105,-12.0027,-11.2683,8,b,No,No.
order_real,data/videos_real/int_500ms/real_500_00352_flip.avi,500,0,0,-0.3029,-8.6663,-11.5179,-12.0257,-11.2757,8,b,No,No.
order_real,data/videos_real/int_500ms/real_500_00364.avi,500,0,0,-0.857,-9.1551,-11.6629,-11.5145,-11.4676,8,b,No,No
order_real,data/videos_real/int_500ms/real_500_00364_flip.avi,500,1,0,-0.819,-9.1531,-11.6844,-11.5437,-11.5047,8,b,No,No
order_real,data/videos_real/int_500ms/real_500_00376.avi,500,1,0,-0.8279,-8.9932,-11.6885,-11.7901,-11.0557,8,a,No,No.
order_real,data/videos_real/int_500ms/real_500_00376_flip.avi,500,0,0,-0.8242,-9.0132,-11.7241,-11.8179,-11.0835,8,a,No,No.
order_real,data/videos_real/int_500ms/real_500_00388.avi,500,1,0,-0.3207,-8.7984,-11.525,-11.4625,-11.2984,8,a,No,No.
order_real,data/videos_real/int_500ms/real_500_00388_flip.avi,500,0,0,-0.303,-8.8184,-11.5371,-11.5293,-11.3262,8,a,No,No.
order_real,data/videos_real/int_500ms/real_500_00400.avi,500,0,0,-0.3175,-8.9008,-11.7211,-11.4711,-11.2524,8,b,No,No.
order_real,data/videos_real/int_500ms/real_500_00400_flip.avi,500,1,0,-0.3056,-8.8941,-11.7301,-11.4645,-11.2613,8,b,No,No.
order_real,data/videos_real/int_500ms/real_500_00412.avi,500,1,0,-0.7005,-8.9362,-11.8112,-12.0299,-11.4205,8,b,No,No.
order_real,data/videos_real/int_500ms/real_500_00412_flip.avi,500,0,0,-0.7324,-8.9279,-11.7951,-11.9982,-11.4045,8,b,No,No.
order_real,data/videos_real/int_500ms/real_500_00424.avi,500,1,0,-0.1964,-8.7801,-11.7098,-12.1864,-11.4754,8,b,No,No.
order_real,data/videos_real/int_500ms/real_500_00424_flip.avi,500,0,0,-0.2258,-8.8168,-11.7309,-12.2231,-11.4887,8,b,No,No.
order_real,data/videos_real/int_500ms/real_500_00436.avi,500,0,0,-0.2492,-8.838,-11.4786,-12.0489,-11.4161,8,b,No,No.
order_real,data/videos_real/int_500ms/real_500_00436_flip.avi,500,1,0,-0.1957,-8.8306,-11.5103,-12.065,-11.4244,8,b,No,No.
order_real,data/videos_real/int_500ms/real_500_00448.avi,500,1,1,-0.0688,-9.0783,-11.7658,-12.2111,-11.6798,8,a,Yes,Yes
order_real,data/videos_real/int_500ms/real_500_00448_flip.avi,500,0,0,-0.1097,-9.0836,-11.7946,-12.2242,-11.693,8,a,No,No.
order_real,data/videos_real/int_500ms/real_500_00460.avi,500,1,0,-0.8634,-9.2499,-11.6874,-11.9452,-11.5077,8,b,No,No.
order_real,data/videos_real/int_500ms/real_500_00460_flip.avi,500,0,0,-0.7563,-9.2459,-11.6912,-11.9568,-11.5349,8,b,No,No.
order_real,data/videos_real/int_500ms/real_500_00472.avi,500,1,0,-0.4762,-8.9852,-11.2665,-11.8446,-11.0399,8,a,No,No.
order_real,data/videos_real/int_500ms/real_500_00472_flip.avi,500,0,0,-0.5197,-9.0036,-11.2692,-11.863,-11.0661,8,a,No,No.
order_real,data/videos_real/int_500ms/real_500_00484.avi,500,1,0,-0.1958,-9.1955,-11.8986,-12.4924,-11.8127,8,b,No,No
order_real,data/videos_real/int_500ms/real_500_00484_flip.avi,500,0,0,-0.1724,-9.1903,-11.9637,-12.5496,-11.87,8,b,No,No.
order_real,data/videos_real/int_500ms/real_500_00496.avi,500,0,1,-0.0066,-9.2792,-11.6933,-11.9355,-11.7949,8,b,Yes,Yes.
order_real,data/videos_real/int_500ms/real_500_00496_flip.avi,500,1,1,-0.0542,-9.3009,-11.7696,-11.9649,-11.8243,8,b,Yes,Yes
order_real,data/videos_real/int_500ms/real_500_00508.avi,500,0,0,-0.6556,-9.5457,-12.4597,-12.0847,-12.1707,8,b,No,No.
order_real,data/videos_real/int_500ms/real_500_00508_flip.avi,500,1,0,-0.6083,-9.5159,-12.4455,-12.0393,-12.1721,8,b,No,No.
order_real,data/videos_real/int_500ms/real_500_00520.avi,500,1,1,0.3632,-8.6326,-11.2107,-11.7888,-11.0466,8,a,Yes,Yes.
order_real,data/videos_real/int_500ms/real_500_00520_flip.avi,500,0,1,0.3907,-8.7022,-11.2725,-11.835,-11.1006,8,a,Yes,Yes.
order_real,data/videos_real/int_500ms/real_500_00532.avi,500,0,0,-0.6942,-8.8372,-11.6888,-12.1575,-11.0247,8,b,No,No.
order_real,data/videos_real/int_500ms/real_500_00532_flip.avi,500,1,0,-0.7231,-8.8794,-11.7075,-12.1997,-11.0513,8,b,No,No.
order_real,data/videos_real/int_500ms/real_500_00544.avi,500,1,0,-0.5247,-9.4939,-12.2517,-12.5564,-11.8142,8,b,No,No.
order_real,data/videos_real/int_500ms/real_500_00544_flip.avi,500,0,0,-0.484,-9.3472,-12.0738,-12.4097,-11.7144,8,b,No,No.
order_real,data/videos_real/int_500ms/real_500_00556.avi,500,1,1,0.4762,-8.9949,-11.6902,-12.0887,-11.5965,8,a,Yes,Yes.
order_real,data/videos_real/int_500ms/real_500_00556_flip.avi,500,0,1,0.5264,-8.9921,-11.7265,-12.0859,-11.625,8,a,Yes,Yes.
order_real,data/videos_real/int_500ms/real_500_00568.avi,500,0,0,-0.8784,-9.3622,-12.159,-11.6903,-11.7059,8,b,No,No.
order_real,data/videos_real/int_500ms/real_500_00568_flip.avi,500,1,0,-0.8494,-9.3341,-12.0919,-11.631,-11.67,8,b,No,No.
order_real,data/videos_real/int_500ms/real_500_00580.avi,500,0,0,-0.5336,-8.9405,-11.4248,-11.9405,-11.3701,8,a,No,No.
order_real,data/videos_real/int_500ms/real_500_00580_flip.avi,500,1,0,-0.5304,-8.946,-11.4303,-11.946,-11.3678,8,a,No,No.
order_real,data/videos_real/int_500ms/real_500_00592.avi,500,0,1,0.6125,-8.9868,-11.0883,-11.2368,-11.018,8,a,Yes,Yes
order_real,data/videos_real/int_500ms/real_500_00592_flip.avi,500,1,1,0.6125,-9.0028,-11.0966,-11.245,-11.0263,8,a,Yes,Yes
order_real,data/videos_real/int_1000ms/real_1000_00005.avi,1000,1,0,-0.3784,-8.9981,-11.4981,-11.6153,-11.1778,8,b,No,No
order_rev,data/videos_real/int_1000ms/real_1000_00005.avi,1000,1,0,-0.5294,-8.9052,-11.5849,-11.9287,-10.9834,8,b,No,No. The bass player remains in the
moved_real,data/videos_real/int_1000ms/real_1000_00005.avi,1000,1,1,1.2593,-8.7528,-11.8075,-11.5263,-11.2997,8,b,Yes,Yes
moved_twin,data/twin_real/real_1000_00005.avi,1000,0,1,1.6569,-8.8219,-11.8297,-11.4703,-11.3766,8,b,Yes,Yes.
order_twin,data/twin_real/real_1000_00005.avi,1000,-1,0,-0.3093,-8.9861,-11.4549,-11.6033,-11.1736,8,b,No,No.
bind_twin,data/twin_real/real_1000_00005.avi,1000,0,0,-0.4973,-9.39,-11.6634,-11.7493,-11.515,8,b,No,No
order_real,data/videos_real/int_1000ms/real_1000_00005_flip.avi,1000,0,0,-0.3279,-8.9523,-11.4601,-11.5539,-11.1632,8,b,No,No
order_real,data/videos_real/int_1000ms/real_1000_00017.avi,1000,1,0,-0.1163,-8.654,-11.2711,-11.4743,-10.943,8,b,No,No.
order_rev,data/videos_real/int_1000ms/real_1000_00017.avi,1000,1,0,-0.5476,-8.8232,-11.6748,-11.7607,-10.9639,8,b,No,No. The signer is already in
moved_real,data/videos_real/int_1000ms/real_1000_00017.avi,1000,1,1,1.2368,-8.7502,-11.7112,-11.5862,-11.2971,8,b,Yes,Yes.
moved_twin,data/twin_real/real_1000_00017.avi,1000,0,1,1.0457,-8.5286,-11.6068,-11.5365,-11.2552,8,b,Yes,Yes.
order_twin,data/twin_real/real_1000_00017.avi,1000,-1,1,-0.0667,-8.465,-11.1134,-11.34,-10.8868,8,b,Yes,Yes
bind_twin,data/twin_real/real_1000_00017.avi,1000,0,0,-0.3231,-9.3179,-11.6069,-11.7397,-11.5444,8,b,No,No
order_real,data/videos_real/int_1000ms/real_1000_00017_flip.avi,1000,0,0,-0.2114,-8.7052,-11.4318,-11.5802,-11.0802,8,b,No,No.
order_real,data/videos_real/int_1000ms/real_1000_00029.avi,1000,1,0,-0.9774,-9.8693,-12.2911,-12.7677,-11.9552,8,b,No,No.
order_rev,data/videos_real/int_1000ms/real_1000_00029.avi,1000,1,0,-0.2804,-9.5867,-12.1804,-12.6492,-11.7742,8,b,No,No. The ballerina moved before
moved_real,data/videos_real/int_1000ms/real_1000_00029.avi,1000,1,1,0.4962,-9.1105,-11.8136,-11.9386,-11.4152,8,b,Yes,Yes.
moved_twin,data/twin_real/real_1000_00029.avi,1000,0,0,-0.2273,-8.8963,-11.74,-11.8728,-11.1775,8,b,No,No.
order_twin,data/twin_real/real_1000_00029.avi,1000,-1,0,-1.0694,-9.7504,-12.2817,-12.7738,-11.852,8,b,No,No.
bind_twin,data/twin_real/real_1000_00029.avi,1000,0,0,-1.907,-10.1861,-12.9205,-13.1783,-12.6471,8,b,No,No
order_real,data/videos_real/int_1000ms/real_1000_00029_flip.avi,1000,0,0,-1.0106,-9.8167,-12.2464,-12.7386,-11.887,8,b,No,No.
order_real,data/videos_real/int_1000ms/real_1000_00041.avi,1000,0,0,-0.1792,-9.5345,-11.7611,-12.6361,-11.8548,8,a,No,"No, the bowling pins did"
order_rev,data/videos_real/int_1000ms/real_1000_00041.avi,1000,0,0,-0.1592,-9.1477,-12.4681,-12.4681,-11.9056,8,a,No,No.
moved_real,data/videos_real/int_1000ms/real_1000_00041.avi,1000,1,1,0.4673,-9.2932,-12.4494,-12.4573,-11.7932,8,a,Yes,Yes.
moved_twin,data/twin_real/real_1000_00041.avi,1000,0,1,0.1269,-9.3158,-12.5111,-12.4642,-11.808,8,a,Yes,Yes.
order_twin,data/twin_real/real_1000_00041.avi,1000,-1,0,-0.2777,-9.4714,-11.8073,-12.5808,-11.7917,8,a,No,"No, the bowling pins did"
bind_twin,data/twin_real/real_1000_00041.avi,1000,1,1,0.8206,-9.9894,-12.3957,-12.7785,-12.4113,8,a,Yes,Yes
order_real,data/videos_real/int_1000ms/real_1000_00041_flip.avi,1000,1,0,-0.1517,-9.4796,-11.7765,-12.589,-11.8156,8,a,No,"No, the bowling pins did"
order_real,data/videos_real/int_1000ms/real_1000_00053.avi,1000,1,1,-0.0004,-9.5357,-12.5357,-12.0747,-12.0825,8,a,Yes,Yes.
order_rev,data/videos_real/int_1000ms/real_1000_00053.avi,1000,1,0,-0.4064,-8.8264,-11.8029,-11.8108,-11.3967,8,a,No,No. The guitarist was playing the
moved_real,data/videos_real/int_1000ms/real_1000_00053.avi,1000,1,1,3.2988,-9.5795,-12.9779,-11.931,-12.6576,8,a,Yes,Yes.
moved_twin,data/twin_real/real_1000_00053.avi,1000,0,1,1.7311,-9.3776,-12.7213,-11.7604,-12.2916,8,a,Yes,Yes.
order_twin,data/twin_real/real_1000_00053.avi,1000,-1,0,-0.0869,-9.5517,-12.5517,-12.1845,-12.0985,8,a,No,No.
bind_twin,data/twin_real/real_1000_00053.avi,1000,1,0,-1.3258,-10.1093,-12.914,-12.4453,-12.5546,8,a,No,No
order_real,data/videos_real/int_1000ms/real_1000_00053_flip.avi,1000,0,1,0.0546,-9.4986,-12.4986,-12.0298,-12.0533,8,a,Yes,Yes.
order_real,data/videos_real/int_1000ms/real_1000_00065.avi,1000,0,0,-0.0859,-8.9662,-11.638,-11.9896,-11.7083,8,b,No,No.
order_rev,data/videos_real/int_1000ms/real_1000_00065.avi,1000,0,0,-0.5308,-9.0588,-12.2463,-12.3635,-11.7697,8,b,No,No.
moved_real,data/videos_real/int_1000ms/real_1000_00065.avi,1000,1,0,-0.467,-9.1151,-12.3963,-12.4432,-11.9432,8,b,No,No
moved_twin,data/twin_real/real_1000_00065.avi,1000,0,1,0.03,-9.1219,-12.2078,-12.2625,-11.7703,8,b,Yes,Yes
order_twin,data/twin_real/real_1000_00065.avi,1000,-1,1,-0.0539,-9.008,-11.6252,-11.8127,-11.5471,8,b,Yes,Yes
bind_twin,data/twin_real/real_1000_00065.avi,1000,0,0,-1.4751,-9.7852,-12.2149,-12.4102,-11.8711,8,b,No,No
order_real,data/videos_real/int_1000ms/real_1000_00065_flip.avi,1000,1,0,-0.0757,-8.986,-11.6266,-11.9391,-11.6735,8,b,No,No.
order_real,data/videos_real/int_1000ms/real_1000_00077.avi,1000,0,1,0.3796,-9.427,-12.6224,-12.7474,-12.177,8,a,Yes,Yes.
order_rev,data/videos_real/int_1000ms/real_1000_00077.avi,1000,0,0,-0.1807,-9.1031,-12.2594,-12.4234,-11.8844,8,a,No,No. The man exercising continues
moved_real,data/videos_real/int_1000ms/real_1000_00077.avi,1000,1,1,0.6443,-8.7393,-12.1924,-12.1612,-11.5831,8,a,Yes,Yes.
moved_twin,data/twin_real/real_1000_00077.avi,1000,0,1,0.3323,-8.7242,-12.2398,-12.232,-11.5445,8,a,Yes,Yes.
order_twin,data/twin_real/real_1000_00077.avi,1000,-1,1,0.4373,-9.4803,-12.6678,-12.8006,-12.1756,8,a,Yes,Yes.
bind_twin,data/twin_real/real_1000_00077.avi,1000,1,1,0.0496,-9.8115,-12.5224,-12.9052,-12.374,8,a,Yes,Yes
order_real,data/videos_real/int_1000ms/real_1000_00077_flip.avi,1000,1,1,0.3897,-9.4148,-12.6257,-12.7273,-12.157,8,a,Yes,Yes.
order_real,data/videos_real/int_1000ms/real_1000_00089.avi,1000,0,0,-0.1413,-9.4552,-12.3849,-12.2208,-12.3224,8,b,No,No.
order_rev,data/videos_real/int_1000ms/real_1000_00089.avi,1000,0,1,-0.062,-8.5392,-11.7345,-12.0627,-11.5548,8,b,Yes,Yes.
moved_real,data/videos_real/int_1000ms/real_1000_00089.avi,1000,1,1,1.5132,-9.3228,-12.0962,-12.229,-12.2212,8,b,Yes,Yes.
moved_twin,data/twin_real/real_1000_00089.avi,1000,0,1,1.5173,-9.3003,-12.1049,-12.2065,-12.1753,8,b,Yes,Yes.
order_twin,data/twin_real/real_1000_00089.avi,1000,-1,0,-0.1557,-9.4675,-12.3894,-12.2254,-12.3113,8,b,No,No.
bind_twin,data/twin_real/real_1000_00089.avi,1000,0,0,-0.0895,-9.9743,-12.5915,-12.6384,-12.5681,8,b,No,No
order_real,data/videos_real/int_1000ms/real_1000_00089_flip.avi,1000,1,0,-0.1246,-9.4163,-12.346,-12.2054,-12.3148,8,b,No,No.
order_real,data/videos_real/int_1000ms/real_1000_00101.avi,1000,0,1,0.2979,-8.9325,-11.409,-12.1747,-11.3622,8,a,Yes,Yes.
order_rev,data/videos_real/int_1000ms/real_1000_00101.avi,1000,0,0,-0.6854,-8.7133,-11.6664,-12.0883,-11.2836,8,a,No,No. The signer moved before the
moved_real,data/videos_real/int_1000ms/real_1000_00101.avi,1000,1,1,2.3615,-9.5742,-12.1523,-12.2773,-11.9258,8,a,Yes,Yes.
moved_twin,data/twin_real/real_1000_00101.avi,1000,0,1,2.3552,-9.6673,-12.3079,-12.4173,-11.9876,8,a,Yes,"Yes, the judo fighters"
order_twin,data/twin_real/real_1000_00101.avi,1000,-1,1,0.2149,-8.9458,-11.4067,-12.1176,-11.3051,8,a,Yes,Yes.
bind_twin,data/twin_real/real_1000_00101.avi,1000,1,1,0.6013,-9.9198,-12.4198,-12.7088,-12.3182,8,a,Yes,Yes
order_real,data/videos_real/int_1000ms/real_1000_00101_flip.avi,1000,1,1,0.3793,-8.9361,-11.4595,-12.1861,-11.3892,8,a,Yes,Yes.
order_real,data/videos_real/int_1000ms/real_1000_00113.avi,1000,1,0,-0.5507,-9.2558,-12.0058,-11.9042,-11.8183,8,a,No,No.
order_rev,data/videos_real/int_1000ms/real_1000_00113.avi,1000,1,0,-1.0218,-8.5184,-11.6277,-11.8074,-11.198,8,a,No,No. The video shows that the bass
moved_real,data/videos_real/int_1000ms/real_1000_00113.avi,1000,1,1,1.3096,-9.0903,-11.8638,-11.9185,-11.8794,8,a,Yes,Yes.
moved_twin,data/twin_real/real_1000_00113.avi,1000,0,1,0.7476,-8.7959,-11.7412,-11.8194,-11.6241,8,a,Yes,Yes.
order_twin,data/twin_real/real_1000_00113.avi,1000,-1,0,-0.6306,-9.2123,-12.0404,-12.0092,-11.8529,8,a,No,No.
bind_twin,data/twin_real/real_1000_00113.avi,1000,1,1,1.1606,-9.7542,-12.2855,-12.5667,-12.4652,8,a,Yes,Yes
order_real,data/videos_real/int_1000ms/real_1000_00113_flip.avi,1000,0,0,-0.6088,-9.3445,-12.0711,-11.9773,-11.8523,8,a,No,No.
order_real,data/videos_real/int_1000ms/real_1000_00125.avi,1000,0,0,-0.1375,-9.3258,-11.9742,-12.2867,-11.7789,8,b,No,No.
order_rev,data/videos_real/int_1000ms/real_1000_00125.avi,1000,0,0,-0.5703,-9.2391,-12.0047,-12.45,-11.7625,8,b,No,No.
moved_real,data/videos_real/int_1000ms/real_1000_00125.avi,1000,1,1,1.071,-9.4332,-12.7847,-12.7847,-12.0347,8,b,Yes,Yes.
moved_twin,data/twin_real/real_1000_00125.avi,1000,0,1,0.3973,-9.1831,-12.5737,-12.5424,-11.7768,8,b,Yes,Yes.
order_twin,data/twin_real/real_1000_00125.avi,1000,-1,0,-0.2229,-9.2048,-11.8845,-12.1657,-11.6735,8,b,No,No.
bind_twin,data/twin_real/real_1000_00125.avi,1000,0,0,-1.3457,-10.3301,-13.0332,-13.1582,-12.4942,8,b,No,No
order_real,data/videos_real/int_1000ms/real_1000_00125_flip.avi,1000,1,0,-0.1386,-9.3243,-11.9962,-12.293,-11.7774,8,b,No,No.
order_real,data/videos_real/int_1000ms/real_1000_00137.avi,1000,0,0,-1.5887,-9.276,-11.9245,-12.151,-11.4089,8,a,No,No.
order_rev,data/videos_real/int_1000ms/real_1000_00137.avi,1000,0,0,-0.7113,-9.0552,-11.9693,-12.2505,-11.2818,8,a,No,No.
moved_real,data/videos_real/int_1000ms/real_1000_00137.avi,1000,1,0,-0.5071,-8.7889,-11.9686,-11.8436,-11.328,8,a,No,No.
moved_twin,data/twin_real/real_1000_00137.avi,1000,0,0,-0.8999,-8.7856,-11.9731,-11.9028,-11.3481,8,a,No,No.
order_twin,data/twin_real/real_1000_00137.avi,1000,-1,0,-1.6092,-9.3575,-12.006,-12.2638,-11.4981,8,a,No,No.
bind_twin,data/twin_real/real_1000_00137.avi,1000,1,1,0.135,-9.7325,-12.3262,-12.6153,-12.2794,8,a,Yes,Yes
order_real,data/videos_real/int_1000ms/real_1000_00137_flip.avi,1000,1,0,-1.5536,-9.2628,-11.9581,-12.1768,-11.4581,8,a,No,No.
order_real,data/videos_real/int_1000ms/real_1000_00149.avi,1000,0,0,-0.4838,-8.8401,-11.5276,-11.7151,-11.4651,8,b,No,No.
order_rev,data/videos_real/int_1000ms/real_1000_00149.avi,1000,0,0,-1.0637,-9.4314,-12.2439,-12.197,-11.908,8,b,No,No. The kittens were already
moved_real,data/videos_real/int_1000ms/real_1000_00149.avi,1000,1,0,-0.4226,-8.9363,-12.116,-11.9598,-11.5066,8,b,No,No
moved_twin,data/twin_real/real_1000_00149.avi,1000,0,0,-0.366,-9.0422,-12.2219,-12.1047,-11.6594,8,b,No,No
order_twin,data/twin_real/real_1000_00149.avi,1000,-1,0,-0.5625,-8.9523,-11.6086,-11.843,-11.5305,8,b,No,No.
bind_twin,data/twin_real/real_1000_00149.avi,1000,0,0,-1.0873,-9.857,-12.2242,-12.4274,-12.0914,8,b,No,No
order_real,data/videos_real/int_1000ms/real_1000_00149_flip.avi,1000,1,0,-0.516,-8.8382,-11.5492,-11.7211,-11.4632,8,b,No,No.
order_real,data/videos_real/int_1000ms/real_1000_00161.avi,1000,0,0,-1.0235,-9.5929,-12.2413,-12.6163,-11.8742,8,a,No,No.
order_rev,data/videos_real/int_1000ms/real_1000_00161.avi,1000,0,0,-0.4229,-9.1779,-11.8498,-12.3888,-11.6388,8,a,No,No. The ballerina begins her
moved_real,data/videos_real/int_1000ms/real_1000_00161.avi,1000,1,0,-0.8469,-8.9334,-12.1834,-12.1991,-11.6912,8,a,No,No.
moved_twin,data/twin_real/real_1000_00161.avi,1000,0,0,-0.4563,-8.9977,-12.0524,-12.068,-11.6383,8,a,No,No.
order_twin,data/twin_real/real_1000_00161.avi,1000,-1,0,-1.0788,-9.6497,-12.1966,-12.556,-11.845,8,a,No,No.
bind_twin,data/twin_real/real_1000_00161.avi,1000,1,0,-0.6682,-10.01,-12.7913,-13.0256,-12.6897,8,a,No,No
order_real,data/videos_real/int_1000ms/real_1000_00161_flip.avi,1000,1,0,-0.987,-9.674,-12.3146,-12.713,-11.9396,8,a,No,No.
order_real,data/videos_real/int_1000ms/real_1000_00173.avi,1000,1,0,-0.4855,-8.4231,-11.259,-11.6028,-11.0012,8,a,No,No.
order_rev,data/videos_real/int_1000ms/real_1000_00173.avi,1000,1,0,-0.7219,-8.3071,-11.5337,-11.7915,-11.0728,8,a,No,No.
moved_real,data/videos_real/int_1000ms/real_1000_00173.avi,1000,1,1,0.5756,-8.4925,-11.4222,-11.68,-11.18,8,a,Yes,Yes.
moved_twin,data/twin_real/real_1000_00173.avi,1000,0,1,0.9866,-8.6449,-11.5042,-11.6761,-11.2933,8,a,Yes,Yes
order_twin,data/twin_real/real_1000_00173.avi,1000,-1,0,-0.5041,-8.4499,-11.2467,-11.5202,-10.9499,8,a,No,No.
bind_twin,data/twin_real/real_1000_00173.avi,1000,1,0,-0.2353,-9.5144,-11.8112,-12.2409,-11.7722,8,a,No,No
order_real,data/videos_real/int_1000ms/real_1000_00173_flip.avi,1000,0,0,-0.4739,-8.366,-11.2332,-11.5925,-10.9753,8,a,No,No.
order_real,data/videos_real/int_1000ms/real_1000_00185.avi,1000,0,0,-0.6028,-9.4201,-12.2873,-12.3811,-11.7092,8,b,No,No.
order_rev,data/videos_real/int_1000ms/real_1000_00185.avi,1000,0,0,-0.6373,-9.4145,-12.3286,-12.3677,-11.8286,8,b,No,No.
moved_real,data/videos_real/int_1000ms/real_1000_00185.avi,1000,1,1,0.3346,-9.1104,-12.3213,-12.2901,-11.7979,8,b,Yes,Yes.
moved_twin,data/twin_real/real_1000_00185.avi,1000,0,1,0.3448,-9.1766,-12.6532,-12.6376,-12.0047,8,b,Yes,Yes.
order_twin,data/twin_real/real_1000_00185.avi,1000,-1,0,-0.3822,-9.3797,-12.2625,-12.3953,-11.7313,8,b,No,No.
bind_twin,data/twin_real/real_1000_00185.avi,1000,0,0,-1.9865,-10.5105,-13.2527,-13.1433,-12.6902,8,b,No,No
order_real,data/videos_real/int_1000ms/real_1000_00185_flip.avi,1000,1,0,-0.4772,-9.431,-12.2513,-12.3606,-11.7122,8,b,No,No.
order_real,data/videos_real/int_1000ms/real_1000_00197.avi,1000,0,0,-0.6853,-8.6995,-11.5277,-11.9105,-11.1214,8,a,No,No.
order_rev,data/videos_real/int_1000ms/real_1000_00197.avi,1000,0,0,-0.4137,-8.6984,-11.8625,-12.05,-11.2687,8,a,No,No.
moved_real,data/videos_real/int_1000ms/real_1000_00197.avi,1000,1,1,0.2993,-8.6604,-11.7698,-11.8089,-11.2229,8,a,Yes,Yes.
moved_twin,data/twin_real/real_1000_00197.avi,1000,0,1,0.9812,-8.7883,-11.7336,-11.9055,-11.3508,8,a,Yes,Yes
order_twin,data/twin_real/real_1000_00197.avi,1000,-1,0,-0.4259,-8.6291,-11.3088,-11.7463,-10.9885,8,a,No,No.
bind_twin,data/twin_real/real_1000_00197.avi,1000,1,1,0.1165,-9.3249,-11.7468,-12.1062,-11.6374,8,a,Yes,Yes
order_real,data/videos_real/int_1000ms/real_1000_00197_flip.avi,1000,1,0,-0.7123,-8.6891,-11.5719,-11.9157,-11.1501,8,a,No,No.
order_real,data/videos_real/int_1000ms/real_1000_00209.avi,1000,1,0,-0.5795,-8.797,-11.3439,-11.7501,-10.6408,8,a,No,No
order_rev,data/videos_real/int_1000ms/real_1000_00209.avi,1000,1,0,-0.2806,-8.338,-11.0568,-11.5568,-10.3693,8,a,No,No
moved_real,data/videos_real/int_1000ms/real_1000_00209.avi,1000,1,1,0.4747,-8.516,-11.4301,-11.4457,-10.5317,8,a,Yes,Yes
moved_twin,data/twin_real/real_1000_00209.avi,1000,0,1,0.7249,-8.5696,-11.5149,-11.4992,-10.7102,8,a,Yes,Yes
order_twin,data/twin_real/real_1000_00209.avi,1000,-1,0,-0.2836,-8.8632,-11.496,-11.9178,-10.8788,8,a,No,No
bind_twin,data/twin_real/real_1000_00209.avi,1000,1,0,-0.9197,-9.3281,-11.5546,-11.8281,-11.0937,8,a,No,No
order_real,data/videos_real/int_1000ms/real_1000_00209_flip.avi,1000,0,0,-0.473,-8.7941,-11.3644,-11.7628,-10.6847,8,a,No,No
order_real,data/videos_real/int_1000ms/real_1000_00221.avi,1000,1,0,-0.5375,-9.2547,-11.6219,-12.2547,-11.5047,8,a,No,No.
order_rev,data/videos_real/int_1000ms/real_1000_00221.avi,1000,1,0,-0.4628,-9.0597,-11.5987,-12.2472,-11.3487,8,a,No,No.
moved_real,data/videos_real/int_1000ms/real_1000_00221.avi,1000,1,1,0.4609,-8.8224,-11.5177,-11.8692,-11.2989,8,a,Yes,Yes.
moved_twin,data/twin_real/real_1000_00221.avi,1000,0,1,0.7798,-8.711,-11.4923,-11.8126,-11.2735,8,a,Yes,Yes.
order_twin,data/twin_real/real_1000_00221.avi,1000,-1,0,-0.5078,-9.2222,-11.7378,-12.2612,-11.5112,8,a,No,No.
bind_twin,data/twin_real/real_1000_00221.avi,1000,1,0,-0.3765,-9.6079,-11.6626,-12.3189,-11.811,8,a,No,No
order_real,data/videos_real/int_1000ms/real_1000_00221_flip.avi,1000,0,0,-0.5924,-9.2738,-11.5629,-12.266,-11.4613,8,a,No,No.
order_real,data/videos_real/int_1000ms/real_1000_00233.avi,1000,1,1,-0.0369,-8.8346,-12.0065,-12.1706,-11.8737,8,b,Yes,Yes
order_rev,data/videos_real/int_1000ms/real_1000_00233.avi,1000,1,0,-0.259,-8.6519,-12.0347,-12.3238,-11.5034,8,b,No,No.
moved_real,data/videos_real/int_1000ms/real_1000_00233.avi,1000,1,1,0.3142,-8.3607,-12.1498,-12.0248,-11.6342,8,b,Yes,Yes.
moved_twin,data/twin_real/real_1000_00233.avi,1000,0,0,-0.5861,-8.3572,-12.1385,-11.9744,-11.576,8,b,No,No.
order_twin,data/twin_real/real_1000_00233.avi,1000,-1,0,-0.3427,-8.7758,-11.8851,-12.1039,-11.7758,8,b,No,No.
bind_twin,data/twin_real/real_1000_00233.avi,1000,0,0,-0.8905,-9.5086,-12.3679,-12.6883,-12.1414,8,b,No,No.
order_real,data/videos_real/int_1000ms/real_1000_00233_flip.avi,1000,0,0,-0.225,-8.7744,-11.9384,-12.1494,-11.8291,8,b,No,No.
order_real,data/videos_real/int_1000ms/real_1000_00245.avi,1000,0,0,-0.2357,-9.063,-11.3833,-11.563,-11.0396,8,a,No,No
order_real,data/videos_real/int_1000ms/real_1000_00245_flip.avi,1000,1,0,-0.271,-9.1033,-11.4861,-11.6189,-11.1033,8,a,No,No
order_real,data/videos_real/int_1000ms/real_1000_00257.avi,1000,0,0,-0.8536,-8.9652,-11.8246,-12.1527,-11.0902,8,b,No,No.
order_real,data/videos_real/int_1000ms/real_1000_00257_flip.avi,1000,1,0,-0.885,-8.9799,-11.7924,-12.1517,-11.0892,8,b,No,No.
order_real,data/videos_real/int_1000ms/real_1000_00269.avi,1000,0,0,-0.5292,-9.6372,-11.9341,-12.3716,-11.5747,8,a,No,No
order_real,data/videos_real/int_1000ms/real_1000_00269_flip.avi,1000,1,0,-0.5542,-9.7043,-12.048,-12.384,-11.5949,8,a,No,No
order_real,data/videos_real/int_1000ms/real_1000_00281.avi,1000,1,0,-0.7396,-9.394,-11.7221,-12.1908,-11.183,8,a,No,No
order_real,data/videos_real/int_1000ms/real_1000_00281_flip.avi,1000,0,0,-0.699,-9.352,-11.6254,-12.1176,-11.1254,8,a,No,No
order_real,data/videos_real/int_1000ms/real_1000_00293.avi,1000,1,0,-0.5325,-10.1914,-13.332,-12.8242,-12.7226,8,a,No,"No, the kittens did not"
order_real,data/videos_real/int_1000ms/real_1000_00293_flip.avi,1000,0,0,-0.598,-10.1863,-13.2801,-12.8269,-12.6863,8,a,No,"No, the kittens did not"
order_real,data/videos_real/int_1000ms/real_1000_00305.avi,1000,0,1,0.6395,-9.3905,-12.4686,-11.6639,-12.0624,8,b,Yes,Yes.
order_real,data/videos_real/int_1000ms/real_1000_00305_flip.avi,1000,1,1,0.5659,-9.3801,-12.4816,-11.6144,-12.0441,8,b,Yes,Yes.
order_real,data/videos_real/int_1000ms/real_1000_00317.avi,1000,0,0,-0.8735,-9.2336,-11.7101,-12.1789,-11.2492,8,b,No,No
order_real,data/videos_real/int_1000ms/real_1000_00317_flip.avi,1000,1,0,-0.7862,-9.2354,-11.6729,-12.1729,-11.2745,8,b,No,No
order_real,data/videos_real/int_1000ms/real_1000_00329.avi,1000,0,0,-1.3093,-9.3489,-12.0129,-12.4583,-11.6614,8,b,No,No.
order_real,data/videos_real/int_1000ms/real_1000_00329_flip.avi,1000,1,0,-1.3407,-9.2969,-11.9766,-12.3985,-11.625,8,b,No,No.
order_real,data/videos_real/int_1000ms/real_1000_00341.avi,1000,0,0,-0.7044,-9.3057,-11.9151,-12.1494,-11.0869,8,a,No,No
order_real,data/videos_real/int_1000ms/real_1000_00341_flip.avi,1000,1,0,-0.7399,-9.2924,-11.8549,-12.0971,-11.0268,8,a,No,No
order_real,data/videos_real/int_1000ms/real_1000_00353.avi,1000,0,0,-0.9434,-8.9915,-11.2571,-11.8196,-11.2962,8,b,No,No.
order_real,data/videos_real/int_1000ms/real_1000_00353_flip.avi,1000,1,0,-0.9263,-8.9867,-11.2367,-11.8539,-11.3226,8,b,No,No.
order_real,data/videos_real/int_1000ms/real_1000_00365.avi,1000,0,1,-0.0074,-8.9093,-11.589,-11.7218,-11.1515,8,a,Yes,Yes
order_real,data/videos_real/int_1000ms/real_1000_00365_flip.avi,1000,1,1,-0.1149,-8.8636,-11.512,-11.7308,-11.0901,8,a,Yes,Yes
order_real,data/videos_real/int_1000ms/real_1000_00377.avi,1000,0,0,-0.2339,-8.8722,-11.7863,-11.7784,-11.3175,8,a,No,No.
order_real,data/videos_real/int_1000ms/real_1000_00377_flip.avi,1000,1,0,-0.252,-8.8595,-11.7657,-11.7814,-11.3204,8,a,No,No.
order_real,data/videos_real/int_1000ms/real_1000_00389.avi,1000,1,0,-0.9071,-9.8062,-12.5328,-12.2203,-11.8609,8,a,No,No.
order_real,data/videos_real/int_1000ms/real_1000_00389_flip.avi,1000,0,0,-0.9164,-9.7572,-12.4604,-12.1322,-11.7885,8,a,No,No.
order_real,data/videos_real/int_1000ms/real_1000_00401.avi,1000,1,0,-0.1458,-8.7496,-11.5309,-11.8902,-11.1949,8,a,No,No.
order_real,data/videos_real/int_1000ms/real_1000_00401_flip.avi,1000,0,1,-0.0833,-8.7924,-11.5268,-11.933,-11.2377,8,a,Yes,Yes.
order_real,data/videos_real/int_1000ms/real_1000_00413.avi,1000,1,0,-1.0694,-9.0561,-11.6967,-11.6264,-11.4077,8,a,No,No.
order_real,data/videos_real/int_1000ms/real_1000_00413_flip.avi,1000,0,0,-1.1646,-8.997,-11.6454,-11.5204,-11.3329,8,a,No,No.
order_real,data/videos_real/int_1000ms/real_1000_00425.avi,1000,1,0,-0.3598,-9.9449,-12.8746,-12.4606,-12.3277,8,a,No,"No, the cat did not move before"
order_real,data/videos_real/int_1000ms/real_1000_00425_flip.avi,1000,0,0,-0.4848,-9.8584,-12.8272,-12.3819,-12.2881,8,a,No,No.
order_real,data/videos_real/int_1000ms/real_1000_00437.avi,1000,1,0,-0.3978,-8.9943,-11.5724,-11.7599,-11.1115,8,a,No,No.
order_real,data/videos_real/int_1000ms/real_1000_00437_flip.avi,1000,0,0,-0.4387,-8.981,-11.5748,-11.7779,-11.1216,8,a,No,No.
order_real,data/videos_real/int_1000ms/real_1000_00449.avi,1000,0,0,-0.1365,-8.7943,-11.3568,-11.6224,-11.349,8,b,No,No.
order_real,data/videos_real/int_1000ms/real_1000_00449_flip.avi,1000,1,0,-0.1202,-8.8326,-11.3794,-11.6216,-11.3716,8,b,No,No.
order_real,data/videos_real/int_1000ms/real_1000_00461.avi,1000,1,0,-0.3272,-9.4289,-12.2258,-11.9445,-11.7648,8,a,No,No.
order_real,data/videos_real/int_1000ms/real_1000_00461_flip.avi,1000,0,0,-0.2512,-9.4322,-12.2291,-11.9244,-11.7681,8,a,No,No.
order_real,data/videos_real/int_1000ms/real_1000_00473.avi,1000,0,0,-0.4468,-9.4753,-11.6393,-12.2175,-11.3971,8,a,No,No
order_real,data/videos_real/int_1000ms/real_1000_00473_flip.avi,1000,1,0,-0.4329,-9.476,-11.6479,-12.2416,-11.4135,8,a,No,No
order_real,data/videos_real/int_1000ms/real_1000_00485.avi,1000,1,0,-0.7304,-8.9165,-11.5727,-11.5962,-11.0805,8,a,No,No.
order_real,data/videos_real/int_1000ms/real_1000_00485_flip.avi,1000,0,0,-0.7082,-8.9304,-11.6413,-11.6491,-11.1257,8,a,No,No.
order_real,data/videos_real/int_1000ms/real_1000_00497.avi,1000,0,1,0.8046,-9.1776,-11.8729,-12.2323,-11.7558,8,a,Yes,Yes.
order_real,data/videos_real/int_1000ms/real_1000_00497_flip.avi,1000,1,1,0.6689,-9.1722,-11.8441,-12.2503,-11.7347,8,a,Yes,Yes.
order_real,data/videos_real/int_1000ms/real_1000_00509.avi,1000,0,0,-0.2765,-8.7237,-11.4659,-11.6534,-11.2237,8,a,No,No.
order_real,data/videos_real/int_1000ms/real_1000_00509_flip.avi,1000,1,0,-0.2901,-8.7509,-11.5166,-11.6963,-11.2431,8,a,No,No.
order_real,data/videos_real/int_1000ms/real_1000_00521.avi,1000,1,0,-0.7385,-9.0414,-11.6274,-11.5571,-11.4555,8,a,No,No.
order_real,data/videos_real/int_1000ms/real_1000_00521_flip.avi,1000,0,0,-0.6801,-8.9365,-11.46,-11.4209,-11.3428,8,a,No,No.
order_real,data/videos_real/int_1000ms/real_1000_00533.avi,1000,1,0,-1.0547,-8.8762,-11.3528,-11.759,-11.1419,8,b,No,No.
order_real,data/videos_real/int_1000ms/real_1000_00533_flip.avi,1000,0,0,-1.1177,-8.7785,-11.2863,-11.7004,-11.0754,8,b,No,No.
order_real,data/videos_real/int_1000ms/real_1000_00545.avi,1000,1,0,-0.9865,-8.6562,-11.4843,-11.7187,-11.3124,8,b,No,No.
order_real,data/videos_real/int_1000ms/real_1000_00545_flip.avi,1000,0,0,-0.9783,-8.6133,-11.457,-11.668,-11.2695,8,b,No,No.
order_real,data/videos_real/int_1000ms/real_1000_00557.avi,1000,0,1,0.0072,-9.3645,-11.8958,-12.1849,-11.638,8,b,Yes,Yes
order_real,data/videos_real/int_1000ms/real_1000_00557_flip.avi,1000,1,1,-0.0064,-9.3197,-11.8587,-12.1556,-11.6166,8,b,Yes,Yes
order_real,data/videos_real/int_1000ms/real_1000_00569.avi,1000,1,0,-0.3958,-9.0007,-11.5789,-11.7742,-11.1179,8,a,No,No.
order_real,data/videos_real/int_1000ms/real_1000_00569_flip.avi,1000,0,0,-0.4529,-9.0191,-11.5894,-11.8003,-11.1441,8,a,No,No.
order_real,data/videos_real/int_1000ms/real_1000_00581.avi,1000,1,0,-0.8246,-9.089,-11.4405,-11.878,-10.7608,8,a,No,No
order_real,data/videos_real/int_1000ms/real_1000_00581_flip.avi,1000,0,0,-0.7523,-9.075,-11.4969,-11.9422,-10.8328,8,a,No,No.
order_real,data/videos_real/int_1000ms/real_1000_00593.avi,1000,1,0,-0.4889,-9.2326,-11.4826,-11.9826,-11.2872,8,a,No,No
order_real,data/videos_real/int_1000ms/real_1000_00593_flip.avi,1000,0,0,-0.5073,-9.2064,-11.4408,-11.9486,-11.2533,8,a,No,No
order_real,data/videos_real/int_1500ms/real_1500_00006.avi,1500,0,1,0.5323,-9.0281,-11.3406,-11.8406,-11.3172,8,a,Yes,Yes.
order_rev,data/videos_real/int_1500ms/real_1500_00006.avi,1500,0,0,-0.3297,-9.3547,-12.1594,-12.5422,-11.6204,8,a,No,No.
moved_real,data/videos_real/int_1500ms/real_1500_00006.avi,1500,1,1,1.0561,-8.7407,-11.7719,-11.7641,-11.436,8,a,Yes,Yes
moved_twin,data/twin_real/real_1500_00006.avi,1500,0,1,-0.1898,-8.6488,-11.7738,-11.7191,-11.1722,8,a,Yes,Yes.
order_twin,data/twin_real/real_1500_00006.avi,1500,-1,1,0.2685,-9.0552,-11.3911,-11.9302,-11.3052,8,a,Yes,Yes
bind_twin,data/twin_real/real_1500_00006.avi,1500,1,1,0.56,-9.5447,-11.9432,-12.4119,-12.0916,8,a,Yes,Yes
order_real,data/videos_real/int_1500ms/real_1500_00006_flip.avi,1500,1,1,0.4902,-8.9922,-11.3515,-11.789,-11.2968,8,a,Yes,Yes
order_real,data/videos_real/int_1500ms/real_1500_00018.avi,1500,1,0,-0.1745,-8.8406,-11.7546,-11.8015,-11.4578,8,a,No,No.
order_rev,data/videos_real/int_1500ms/real_1500_00018.avi,1500,1,0,-0.4695,-9.2379,-12.5191,-12.3316,-11.777,8,a,No,No. The metal droplets did
moved_real,data/videos_real/int_1500ms/real_1500_00018.avi,1500,1,1,0.4197,-8.7415,-11.9837,-11.8197,-11.4681,8,a,Yes,Yes
moved_twin,data/twin_real/real_1500_00018.avi,1500,0,1,-0.1107,-8.5944,-11.8522,-11.6725,-11.2584,8,a,Yes,Yes.
order_twin,data/twin_real/real_1500_00018.avi,1500,-1,0,-0.2097,-8.8383,-11.7367,-11.8071,-11.4399,8,a,No,No.
bind_twin,data/twin_real/real_1500_00018.avi,1500,1,1,-0.0762,-9.4205,-12.1002,-12.3033,-11.983,8,a,Yes,Yes
order_real,data/videos_real/int_1500ms/real_1500_00018_flip.avi,1500,0,0,-0.2228,-8.8424,-11.7174,-11.7721,-11.3971,8,a,No,No.
order_real,data/videos_real/int_1500ms/real_1500_00030.avi,1500,0,0,-0.396,-9.3639,-11.6139,-12.2389,-11.3718,8,a,No,No.
order_rev,data/videos_real/int_1500ms/real_1500_00030.avi,1500,0,0,-0.6902,-9.3974,-11.9443,-12.538,-11.6396,8,a,No,No.
moved_real,data/videos_real/int_1500ms/real_1500_00030.avi,1500,1,1,0.7252,-8.974,-11.7709,-11.9349,-11.4115,8,a,Yes,Yes.
moved_twin,data/twin_real/real_1500_00030.avi,1500,0,1,0.3902,-9.0232,-11.8591,-11.9841,-11.3747,8,a,Yes,Yes.
order_twin,data/twin_real/real_1500_00030.avi,1500,-1,0,-0.3133,-9.3862,-11.605,-12.2378,-11.3472,8,a,No,No.
bind_twin,data/twin_real/real_1500_00030.avi,1500,1,0,-0.921,-10.0992,-12.7711,-13.1149,-12.4664,8,a,No,No
order_real,data/videos_real/int_1500ms/real_1500_00030_flip.avi,1500,1,0,-0.4765,-9.3867,-11.6602,-12.2773,-11.4414,8,a,No,No.
order_real,data/videos_real/int_1500ms/real_1500_00042.avi,1500,1,0,-0.272,-8.9415,-11.3243,-11.5118,-10.8556,8,a,No,No.
order_rev,data/videos_real/int_1500ms/real_1500_00042.avi,1500,1,0,-0.6137,-9.093,-11.7492,-11.7649,-11.218,8,a,No,No.
moved_real,data/videos_real/int_1500ms/real_1500_00042.avi,1500,1,1,1.3021,-9.3569,-12.0991,-12.0132,-11.3647,8,a,Yes,Yes
moved_twin,data/twin_real/real_1500_00042.avi,1500,0,1,1.5811,-9.4332,-12.2223,-12.152,-11.5035,8,a,Yes,Yes
order_twin,data/twin_real/real_1500_00042.avi,1500,-1,0,-0.1995,-8.9941,-11.4863,-11.6191,-10.9863,8,a,No,No.
bind_twin,data/twin_real/real_1500_00042.avi,1500,1,0,-1.3017,-9.8293,-12.0558,-12.3527,-11.6965,8,a,No,No
order_real,data/videos_real/int_1500ms/real_1500_00042_flip.avi,1500,0,0,-0.2143,-8.9729,-11.3791,-11.512,-10.9026,8,a,No,No.
order_real,data/videos_real/int_1500ms/real_1500_00054.avi,1500,1,0,-0.3099,-8.4578,-11.1062,-11.7,-10.8562,8,a,No,No.
order_rev,data/videos_real/int_1500ms/real_1500_00054.avi,1500,1,0,-0.1178,-8.2329,-10.936,-11.6547,-10.6938,8,a,No,No.
moved_real,data/videos_real/int_1500ms/real_1500_00054.avi,1500,1,1,0.6872,-8.4382,-11.4304,-11.6804,-10.9851,8,a,Yes,Yes.
moved_twin,data/twin_real/real_1500_00054.avi,1500,0,1,0.7257,-8.4051,-11.3191,-11.5691,-10.9363,8,a,Yes,Yes.
order_twin,data/twin_real/real_1500_00054.avi,1500,-1,0,-0.3414,-8.3738,-11.0457,-11.6082,-10.8035,8,a,No,No.
bind_twin,data/twin_real/real_1500_00054.avi,1500,1,1,-0.1343,-9.363,-11.5583,-11.8943,-11.5114,8,a,Yes,Yes
order_real,data/videos_real/int_1500ms/real_1500_00054_flip.avi,1500,0,0,-0.3395,-8.5104,-11.1432,-11.7213,-10.901,8,a,No,No.
order_real,data/videos_real/int_1500ms/real_1500_00066.avi,1500,0,0,-0.7311,-9.0364,-11.3333,-12.0755,-11.5052,8,a,No,No.
order_rev,data/videos_real/int_1500ms/real_1500_00066.avi,1500,0,0,-0.7236,-8.9304,-11.6413,-11.9617,-11.321,8,a,No,No.
moved_real,data/videos_real/int_1500ms/real_1500_00066.avi,1500,1,1,0.8113,-8.6294,-11.1215,-11.4419,-11.2856,8,a,Yes,Yes.
moved_twin,data/twin_real/real_1500_00066.avi,1500,0,1,0.5229,-8.7449,-11.2918,-11.5886,-11.2996,8,a,Yes,Yes
order_twin,data/twin_real/real_1500_00066.avi,1500,-1,0,-0.9389,-9.0688,-11.3344,-12.0297,-11.4125,8,a,No,No.
bind_twin,data/twin_real/real_1500_00066.avi,1500,1,1,0.4059,-9.7078,-11.6531,-12.1063,-11.9422,8,a,Yes,Yes
order_real,data/videos_real/int_1500ms/real_1500_00066_flip.avi,1500,1,0,-0.7374,-9.1139,-11.442,-12.1451,-11.5904,8,a,No,No.
order_real,data/videos_real/int_1500ms/real_1500_00078.avi,1500,0,0,-0.4081,-9.5588,-12.426,-12.176,-12.176,8,b,No,No.
order_rev,data/videos_real/int_1500ms/real_1500_00078.avi,1500,0,1,-0.2523,-8.7983,-11.7436,-12.0327,-11.5483,8,b,Yes,Yes
moved_real,data/videos_real/int_1500ms/real_1500_00078.avi,1500,1,1,1.4862,-9.397,-12.2564,-12.0689,-12.2095,8,b,Yes,Yes
moved_twin,data/twin_real/real_1500_00078.avi,1500,0,1,1.57,-9.4671,-12.3108,-12.1077,-12.2093,8,b,Yes,Yes
order_twin,data/twin_real/real_1500_00078.avi,1500,-1,0,-0.4284,-9.5093,-12.3062,-12.1421,-12.0484,8,b,No,No.
bind_twin,data/twin_real/real_1500_00078.avi,1500,0,0,-0.2468,-10.1192,-12.5176,-12.5098,-12.4629,8,b,No,No
order_real,data/videos_real/int_1500ms/real_1500_00078_flip.avi,1500,1,0,-0.3486,-9.5015,-12.3921,-12.1187,-12.1499,8,b,No,No.
order_real,data/videos_real/int_1500ms/real_1500_00090.avi,1500,1,0,-0.3493,-8.8294,-11.3528,-11.9231,-11.4153,8,b,No,No.
order_rev,data/videos_real/int_1500ms/real_1500_00090.avi,1500,1,0,-0.3659,-8.6513,-11.5341,-11.8701,-11.2998,8,b,No,No.
moved_real,data/videos_real/int_1500ms/real_1500_00090.avi,1500,1,1,0.6414,-8.4737,-10.9893,-11.3721,-11.0909,8,b,Yes,Yes.
moved_twin,data/twin_real/real_1500_00090.avi,1500,0,1,0.1347,-8.5057,-11.1463,-11.4744,-11.0369,8,b,Yes,Yes.
order_twin,data/twin_real/real_1500_00090.avi,1500,-1,0,-0.4963,-8.8348,-11.3895,-11.9051,-11.366,8,b,No,No.
bind_twin,data/twin_real/real_1500_00090.avi,1500,0,1,0.3632,-9.2296,-11.5108,-11.9718,-11.7686,8,b,Yes,Yes
order_real,data/videos_real/int_1500ms/real_1500_00090_flip.avi,1500,0,0,-0.4568,-8.8652,-11.4433,-12.0214,-11.4668,8,b,No,No.
order_real,data/videos_real/int_1500ms/real_1500_00102.avi,1500,0,0,-0.4891,-9.1077,-11.5921,-11.9202,-11.2796,8,a,No,No.
order_rev,data/videos_real/int_1500ms/real_1500_00102.avi,1500,0,0,-0.7406,-8.6382,-11.6382,-11.8569,-11.1382,8,a,No,No.
moved_real,data/videos_real/int_1500ms/real_1500_00102.avi,1500,1,1,0.601,-8.529,-11.8102,-11.6618,-11.3727,8,a,Yes,Yes.
moved_twin,data/twin_real/real_1500_00102.avi,1500,0,1,0.4618,-8.5794,-11.8529,-11.7279,-11.3685,8,a,Yes,Yes.
order_twin,data/twin_real/real_1500_00102.avi,1500,-1,0,-0.5293,-9.1474,-11.6396,-11.9911,-11.3115,8,a,No,No.
bind_twin,data/twin_real/real_1500_00102.avi,1500,1,1,0.4227,-9.656,-12.4685,-12.6169,-12.3435,8,a,Yes,Yes
order_real,data/videos_real/int_1500ms/real_1500_00102_flip.avi,1500,1,0,-0.4277,-9.0455,-11.5845,-11.9127,-11.2877,8,a,No,No.
order_real,data/videos_real/int_1500ms/real_1500_00114.avi,1500,1,1,0.1831,-8.7663,-11.6413,-11.8757,-11.2897,8,b,Yes,Yes
order_rev,data/videos_real/int_1500ms/real_1500_00114.avi,1500,1,1,-0.1044,-8.6091,-11.5231,-12.1169,-11.195,8,b,Yes,Yes
moved_real,data/videos_real/int_1500ms/real_1500_00114.avi,1500,1,1,0.4857,-8.7695,-11.8633,-11.8242,-11.332,8,b,Yes,Yes.
moved_twin,data/twin_real/real_1500_00114.avi,1500,0,1,0.3805,-8.7087,-11.7399,-11.6931,-11.1931,8,b,Yes,Yes.
order_twin,data/twin_real/real_1500_00114.avi,1500,-1,1,0.3307,-8.6571,-11.3992,-11.6414,-11.0555,8,b,Yes,Yes
bind_twin,data/twin_real/real_1500_00114.avi,1500,0,0,-1.085,-9.7748,-12.0717,-12.4936,-11.9467,8,b,No,No
order_real,data/videos_real/int_1500ms/real_1500_00114_flip.avi,1500,0,1,0.3877,-8.699,-11.5662,-11.8084,-11.2615,8,b,Yes,Yes.
order_real,data/videos_real/int_1500ms/real_1500_00126.avi,1500,0,0,-0.1319,-8.812,-11.8042,-12.2573,-11.7026,8,a,No,No.
order_rev,data/videos_real/int_1500ms/real_1500_00126.avi,1500,0,0,-0.428,-9.0374,-12.0374,-12.4515,-11.639,8,a,No,No.
moved_real,data/videos_real/int_1500ms/real_1500_00126.avi,1500,1,1,-0.0867,-8.8259,-11.904,-11.9275,-11.404,8,a,Yes,Yes
moved_twin,data/twin_real/real_1500_00126.avi,1500,0,0,-0.3477,-8.5949,-11.759,-11.7355,-11.2355,8,a,No,No
order_twin,data/twin_real/real_1500_00126.avi,1500,-1,0,-0.4055,-8.5888,-11.7059,-12.0966,-11.5419,8,a,No,No.
bind_twin,data/twin_real/real_1500_00126.avi,1500,1,1,-0.0653,-8.9964,-11.348,-11.7621,-11.4261,8,a,Yes,Yes
order_real,data/videos_real/int_1500ms/real_1500_00126_flip.avi,1500,1,0,-0.2215,-8.804,-11.804,-12.1868,-11.6243,8,a,No,No.
order_real,data/videos_real/int_1500ms/real_1500_00138.avi,1500,1,1,0.5224,-8.5719,-11.2204,-11.7985,-11.3297,8,b,Yes,Yes
order_rev,data/videos_real/int_1500ms/real_1500_00138.avi,1500,1,0,-0.3179,-8.9375,-11.9531,-12.164,-11.4375,8,b,No,No.
moved_real,data/videos_real/int_1500ms/real_1500_00138.avi,1500,1,1,0.5673,-8.4854,-11.3604,-11.6963,-11.1338,8,b,Yes,Yes
moved_twin,data/twin_real/real_1500_00138.avi,1500,0,1,0.3809,-8.4356,-11.2638,-11.5919,-11.0684,8,b,Yes,Yes
order_twin,data/twin_real/real_1500_00138.avi,1500,-1,1,0.4142,-8.5863,-11.1722,-11.7426,-11.3363,8,b,Yes,Yes
bind_twin,data/twin_real/real_1500_00138.avi,1500,0,0,-0.3238,-9.2255,-11.5224,-11.8193,-11.5458,8,b,No,No
order_real,data/videos_real/int_1500ms/real_1500_00138_flip.avi,1500,0,1,0.5877,-8.4629,-11.0332,-11.7207,-11.2832,8,b,Yes,Yes
order_real,data/videos_real/int_1500ms/real_1500_00150.avi,1500,0,0,-0.9539,-9.1309,-12.1075,-12.42,-11.6075,8,a,No,No.
order_rev,data/videos_real/int_1500ms/real_1500_00150.avi,1500,0,0,-1.0343,-8.7115,-11.7897,-12.1022,-11.235,8,a,No,No.
moved_real,data/videos_real/int_1500ms/real_1500_00150.avi,1500,1,0,-0.7563,-8.584,-12.084,-11.9668,-11.3496,8,a,No,No.
moved_twin,data/twin_real/real_1500_00150.avi,1500,0,0,-1.0622,-8.2979,-12.1963,-11.9932,-11.3135,8,a,No,No.
order_twin,data/twin_real/real_1500_00150.avi,1500,-1,0,-1.068,-8.8649,-12.0914,-12.357,-11.5133,8,a,No,No.
bind_twin,data/twin_real/real_1500_00150.avi,1500,1,0,-1.2672,-9.3938,-12.5345,-12.8704,-12.2298,8,a,No,No
order_real,data/videos_real/int_1500ms/real_1500_00150_flip.avi,1500,1,0,-0.8229,-9.2012,-12.1778,-12.4668,-11.67,8,a,No,No.
order_real,data/videos_real/int_1500ms/real_1500_00162.avi,1500,0,0,-0.9251,-9.2305,-11.5742,-12.207,-11.3945,8,b,No,No.
order_rev,data/videos_real/int_1500ms/real_1500_00162.avi,1500,0,0,-0.789,-9.3062,-12.0718,-12.5406,-11.6109,8,b,No,No. The bass player remains stationary
moved_real,data/videos_real/int_1500ms/real_1500_00162.avi,1500,1,1,0.0349,-8.8193,-11.874,-11.9755,-11.3427,8,b,Yes,Yes.
moved_twin,data/twin_real/real_1500_00162.avi,1500,0,0,-0.5919,-8.7857,-12.0904,-12.1373,-11.317,8,b,No,No.
order_twin,data/twin_real/real_1500_00162.avi,1500,-1,0,-0.9009,-9.1856,-11.545,-12.2013,-11.3028,8,b,No,No.
bind_twin,data/twin_real/real_1500_00162.avi,1500,0,0,-1.8833,-10.2029,-13.2498,-13.3982,-12.7263,8,b,No,No
order_real,data/videos_real/int_1500ms/real_1500_00162_flip.avi,1500,1,0,-0.819,-9.2561,-11.5764,-12.1702,-11.4124,8,b,No,No.
order_real,data/videos_real/int_1500ms/real_1500_00174.avi,1500,1,0,-0.6376,-8.8156,-11.6437,-11.9015,-11.2218,8,a,No,No.
order_rev,data/videos_real/int_1500ms/real_1500_00174.avi,1500,1,0,-0.5725,-8.6717,-11.6404,-11.8982,-11.1014,8,a,No,No. The archer is already in
moved_real,data/videos_real/int_1500ms/real_1500_00174.avi,1500,1,1,0.441,-8.4543,-11.4777,-11.6652,-11.1887,8,a,Yes,Yes.
moved_twin,data/twin_real/real_1500_00174.avi,1500,0,1,0.6843,-8.7261,-11.8121,-11.7965,-11.3668,8,a,Yes,Yes.
order_twin,data/twin_real/real_1500_00174.avi,1500,-1,0,-0.7995,-9.0525,-11.8104,-12.0057,-11.3416,8,a,No,No.
bind_twin,data/twin_real/real_1500_00174.avi,1500,1,1,-0.0188,-9.3396,-12.2146,-12.4099,-12.074,8,a,Yes,Yes
order_real,data/videos_real/int_1500ms/real_1500_00174_flip.avi,1500,0,0,-0.7298,-8.8284,-11.6722,-11.8675,-11.2347,8,a,No,No.
order_real,data/videos_real/int_1500ms/real_1500_00186.avi,1500,1,1,0.0058,-9.0224,-11.5067,-11.3896,-11.2567,8,a,Yes,Yes
order_rev,data/videos_real/int_1500ms/real_1500_00186.avi,1500,1,1,0.792,-9.4824,-12.4355,-11.8965,-12.0449,8,a,Yes,Yes
moved_real,data/videos_real/int_1500ms/real_1500_00186.avi,1500,1,1,1.1494,-9.1141,-12.1844,-11.9657,-11.7391,8,a,Yes,Yes
moved_twin,data/twin_real/real_1500_00186.avi,1500,0,1,0.232,-9.0558,-12.0948,-11.9464,-11.6183,8,a,Yes,Yes
order_twin,data/twin_real/real_1500_00186.avi,1500,-1,1,-0.0076,-9.075,-11.4656,-11.4266,-11.3094,8,a,Yes,Yes
bind_twin,data/twin_real/real_1500_00186.avi,1500,1,0,-0.3647,-9.7609,-12.1828,-12.4563,-12.0734,8,a,No,No
order_real,data/videos_real/int_1500ms/real_1500_00186_flip.avi,1500,0,1,-0.0098,-9.0358,-11.4968,-11.403,-11.278,8,a,Yes,Yes
order_real,data/videos_real/int_1500ms/real_1500_00198.avi,1500,1,0,-0.7561,-9.7656,-12.2031,-12.4375,-11.9531,8,b,No,No.
order_rev,data/videos_real/int_1500ms/real_1500_00198.avi,1500,1,0,-0.8452,-9.3297,-11.9703,-12.3922,-11.4859,8,b,No,No
moved_real,data/videos_real/int_1500ms/real_1500_00198.avi,1500,1,1,0.0758,-9.0787,-11.9693,-11.9224,-11.6178,8,b,Yes,Yes
moved_twin,data/twin_real/real_1500_00198.avi,1500,0,0,-0.2589,-9.3194,-12.1553,-11.9991,-11.6788,8,b,No,No
order_twin,data/twin_real/real_1500_00198.avi,1500,-1,0,-0.7419,-9.9608,-12.4608,-12.6171,-12.1405,8,b,No,No
bind_twin,data/twin_real/real_1500_00198.avi,1500,0,1,0.3607,-9.9699,-12.3683,-12.7589,-12.3293,8,b,Yes,Yes
order_real,data/videos_real/int_1500ms/real_1500_00198_flip.avi,1500,0,0,-0.6906,-9.9881,-12.4959,-12.6209,-12.1365,8,b,No,No.
order_real,data/videos_real/int_1500ms/real_1500_00210.avi,1500,0,1,0.2905,-9.0714,-11.9621,-11.7433,-11.3996,8,b,Yes,Yes.
order_rev,data/videos_real/int_1500ms/real_1500_00210.avi,1500,0,0,-0.7392,-8.799,-11.5412,-11.7521,-11.1662,8,b,No,No.
moved_real,data/videos_real/int_1500ms/real_1500_00210.avi,1500,1,1,1.4394,-9.2859,-12.4734,-12.2155,-11.9187,8,b,Yes,Yes.
moved_twin,data/twin_real/real_1500_00210.avi,1500,0,1,1.0286,-9.1889,-12.4623,-12.2358,-11.853,8,b,Yes,Yes.
order_twin,data/twin_real/real_1500_00210.avi,1500,-1,1,0.2067,-9.0918,-12.0606,-11.8184,-11.4512,8,b,Yes,Yes.
bind_twin,data/twin_real/real_1500_00210.avi,1500,0,0,-1.2719,-10.1134,-12.5978,-12.9337,-12.2697,8,b,No,No
order_real,data/videos_real/int_1500ms/real_1500_00210_flip.avi,1500,1,1,0.2944,-9.0952,-11.978,-11.7749,-11.4155,8,b,Yes,Yes.
order_real,data/videos_real/int_1500ms/real_1500_00222.avi,1500,0,0,-0.5499,-9.1045,-11.5342,-12.1983,-11.2842,8,a,No,No.
order_rev,data/videos_real/int_1500ms/real_1500_00222.avi,1500,0,0,-0.4795,-8.8564,-11.6845,-11.9657,-11.1532,8,a,No,No. The archer moved before the
moved_real,data/videos_real/int_1500ms/real_1500_00222.avi,1500,1,1,1.4099,-9.4661,-12.1067,-12.4348,-11.6614,8,a,Yes,Yes.
moved_twin,data/twin_real/real_1500_00222.avi,1500,0,1,1.4119,-9.3418,-11.9199,-12.2949,-11.4277,8,a,Yes,Yes.
order_twin,data/twin_real/real_1500_00222.avi,1500,-1,0,-0.6285,-9.0803,-11.4631,-12.135,-11.1818,8,a,No,No.
bind_twin,data/twin_real/real_1500_00222.avi,1500,1,1,0.4077,-9.3654,-11.7717,-12.2951,-11.7639,8,a,Yes,Yes
order_real,data/videos_real/int_1500ms/real_1500_00222_flip.avi,1500,1,0,-0.4161,-9.066,-11.4645,-12.152,-11.2457,8,a,No,No.
order_real,data/videos_real/int_1500ms/real_1500_00234.avi,1500,0,0,-0.7224,-9.4219,-11.8906,-12.3985,-11.3203,8,b,No,No
order_rev,data/videos_real/int_1500ms/real_1500_00234.avi,1500,0,0,-0.5584,-8.7572,-11.4447,-11.9369,-11.0853,8,b,No,No.
moved_real,data/videos_real/int_1500ms/real_1500_00234.avi,1500,1,0,-0.1244,-9.3252,-12.5673,-12.6064,-12.0439,8,b,No,No
moved_twin,data/twin_real/real_1500_00234.avi,1500,0,0,-0.2838,-9.3062,-12.5484,-12.5797,-12.025,8,b,No,No
order_twin,data/twin_real/real_1500_00234.avi,1500,-1,0,-0.7911,-9.4224,-11.8756,-12.3599,-11.2584,8,b,No,No
bind_twin,data/twin_real/real_1500_00234.avi,1500,0,0,-1.682,-10.1786,-12.7021,-12.8817,-12.2646,8,b,No,No
order_real,data/videos_real/int_1500ms/real_1500_00234_flip.avi,1500,1,0,-0.74,-9.4036,-11.8724,-12.3802,-11.3333,8,b,No,No
order_real,data/videos_real/int_1500ms/real_1500_00246.avi,1500,0,1,0.2704,-9.3328,-11.8953,-12.5672,-11.9734,8,a,Yes,Yes.
order_real,data/videos_real/int_1500ms/real_1500_00246_flip.avi,1500,1,1,0.1318,-9.2738,-11.7817,-12.477,-11.9145,8,a,Yes,Yes.
order_real,data/videos_real/int_1500ms/real_1500_00258.avi,1500,0,1,0.1355,-8.926,-11.5276,-11.8166,-11.5901,8,a,Yes,Yes.
order_real,data/videos_real/int_1500ms/real_1500_00258_flip.avi,1500,1,1,0.0837,-8.9106,-11.5981,-11.8168,-11.6059,8,a,Yes,Yes.
order_real,data/videos_real/int_1500ms/real_1500_00270.avi,1500,1,1,-0.0978,-9.1047,-11.3234,-12.0734,-11.0422,8,a,Yes,Yes
order_real,data/videos_real/int_1500ms/real_1500_00270_flip.avi,1500,0,0,-0.162,-9.0173,-11.2751,-11.9938,-10.9626,8,a,No,No.
order_real,data/videos_real/int_1500ms/real_1500_00282.avi,1500,1,0,-0.4389,-9.5241,-11.8132,-12.3835,-11.5554,8,b,No,No.
order_real,data/videos_real/int_1500ms/real_1500_00282_flip.avi,1500,0,0,-0.5182,-9.4803,-11.7537,-12.3865,-11.5506,8,b,No,No.
order_real,data/videos_real/int_1500ms/real_1500_00294.avi,1500,1,0,-0.4245,-8.9244,-11.4635,-11.9635,-11.2525,8,b,No,No.
order_real,data/videos_real/int_1500ms/real_1500_00294_flip.avi,1500,0,0,-0.6174,-8.9796,-11.5655,-12.0187,-11.253,8,b,No,No.
order_real,data/videos_real/int_1500ms/real_1500_00306.avi,1500,1,0,-0.6443,-9.1793,-12.0465,-12.2418,-11.5934,8,a,No,No
order_real,data/videos_real/int_1500ms/real_1500_00306_flip.avi,1500,0,0,-0.6656,-9.1102,-12.0243,-12.2118,-11.5555,8,a,No,No
order_real,data/videos_real/int_1500ms/real_1500_00318.avi,1500,0,0,-0.299,-8.9883,-11.5195,-11.9805,-11.2539,8,a,No,No.
order_real,data/videos_real/int_1500ms/real_1500_00318_flip.avi,1500,1,0,-0.1952,-8.9859,-11.4937,-11.9391,-11.2359,8,a,No,No.
order_real,data/videos_real/int_1500ms/real_1500_00330.avi,1500,0,0,-0.6485,-9.3862,-11.8237,-12.2143,-11.3784,8,a,No,No
order_real,data/videos_real/int_1500ms/real_1500_00330_flip.avi,1500,1,0,-0.6754,-9.3716,-11.8482,-12.2466,-11.4263,8,a,No,No
order_real,data/videos_real/int_1500ms/real_1500_00342.avi,1500,0,0,-0.5753,-9.5277,-12.0355,-12.5042,-11.5902,8,b,No,No
order_real,data/videos_real/int_1500ms/real_1500_00342_flip.avi,1500,1,0,-0.4656,-9.5599,-12.0052,-12.513,-11.5755,8,b,No,No
order_real,data/videos_real/int_1500ms/real_1500_00354.avi,1500,1,0,-1.1781,-9.4856,-11.6575,-12.2044,-11.095,8,a,No,No
order_real,data/videos_real/int_1500ms/real_1500_00354_flip.avi,1500,0,0,-1.1317,-9.4965,-11.6997,-12.2387,-11.145,8,a,No,No
order_real,data/videos_real/int_1500ms/real_1500_00366.avi,1500,1,0,-0.3646,-9.2919,-12.0732,-12.0732,-11.5732,8,a,No,No.
order_real,data/videos_real/int_1500ms/real_1500_00366_flip.avi,1500,0,0,-0.3647,-9.2471,-12.0206,-12.0049,-11.5284,8,a,No,No.
order_real,data/videos_real/int_1500ms/real_1500_00378.avi,1500,0,0,-0.5397,-9.6877,-12.5393,-12.3752,-11.8596,8,b,No,No.
order_real,data/videos_real/int_1500ms/real_1500_00378_flip.avi,1500,1,0,-0.4444,-9.6868,-12.4915,-12.3353,-11.8665,8,b,No,No.
order_real,data/videos_real/int_1500ms/real_1500_00390.avi,1500,1,0,-0.2724,-9.8365,-12.61,-12.3131,-11.9459,8,a,No,No.
order_real,data/videos_real/int_1500ms/real_1500_00390_flip.avi,1500,0,0,-0.2487,-9.8522,-12.5475,-12.3053,-11.9147,8,a,No,"No, the cat moved after the dan"
order_real,data/videos_real/int_1500ms/real_1500_00402.avi,1500,1,0,-0.8501,-9.2249,-11.6546,-11.9358,-11.4983,8,b,No,No.
order_real,data/videos_real/int_1500ms/real_1500_00402_flip.avi,1500,0,0,-0.7977,-9.2673,-11.7126,-11.986,-11.5485,8,b,No,No.
order_real,data/videos_real/int_1500ms/real_1500_00414.avi,1500,0,0,-0.8326,-9.5807,-11.862,-12.487,-11.6823,8,b,No,No
order_real,data/videos_real/int_1500ms/real_1500_00414_flip.avi,1500,1,0,-0.7748,-9.6387,-11.959,-12.545,-11.7246,8,b,No,No
order_real,data/videos_real/int_1500ms/real_1500_00426.avi,1500,1,1,0.1185,-9.6436,-12.4405,-11.9483,-12.0811,8,a,Yes,Yes.
order_real,data/videos_real/int_1500ms/real_1500_00426_flip.avi,1500,0,1,0.0963,-9.5194,-12.2694,-11.8007,-11.9803,8,a,Yes,Yes.
order_real,data/videos_real/int_1500ms/real_1500_00438.avi,1500,1,1,0.1835,-9.1246,-11.4762,-12.2731,-11.2653,8,b,Yes,Yes.
order_real,data/videos_real/int_1500ms/real_1500_00438_flip.avi,1500,0,1,0.1453,-9.0999,-11.389,-12.2249,-11.2796,8,b,Yes,Yes.
order_real,data/videos_real/int_1500ms/real_1500_00450.avi,1500,0,0,-0.2495,-9.1497,-11.5325,-11.7122,-11.4309,8,a,No,No.
order_real,data/videos_real/int_1500ms/real_1500_00450_flip.avi,1500,1,0,-0.3401,-9.155,-11.5534,-11.6706,-11.4128,8,a,No,No.
order_real,data/videos_real/int_1500ms/real_1500_00462.avi,1500,0,1,0.081,-9.247,-11.9189,-12.0439,-11.4033,8,b,Yes,Yes.
order_real,data/videos_real/int_1500ms/real_1500_00462_flip.avi,1500,1,1,-0.0147,-9.2693,-12.0036,-12.0896,-11.449,8,b,Yes,Yes.
order_real,data/videos_real/int_1500ms/real_1500_00474.avi,1500,0,0,-0.5526,-8.8653,-11.6934,-12.0763,-11.2247,8,a,No,No.
order_real,data/videos_real/int_1500ms/real_1500_00474_flip.avi,1500,1,0,-0.4587,-8.7804,-11.6867,-11.9992,-11.2335,8,a,No,No.
order_real,data/videos_real/int_1500ms/real_1500_00486.avi,1500,0,0,-0.2944,-9.1035,-11.6192,-11.7051,-11.3457,8,b,No,No.
order_real,data/videos_real/int_1500ms/real_1500_00486_flip.avi,1500,1,0,-0.2527,-9.1161,-11.6943,-11.6864,-11.3505,8,b,No,No.
order_real,data/videos_real/int_1500ms/real_1500_00498.avi,1500,1,0,-0.1632,-8.9114,-11.2396,-11.8099,-11.1614,8,b,No,No.
order_real,data/videos_real/int_1500ms/real_1500_00498_flip.avi,1500,0,0,-0.3,-8.9149,-11.2743,-11.8524,-11.1805,8,b,No,No.
order_real,data/videos_real/int_1500ms/real_1500_00510.avi,1500,0,0,-0.882,-9.587,-12.0635,-12.376,-11.6885,8,b,No,No
order_real,data/videos_real/int_1500ms/real_1500_00510_flip.avi,1500,1,0,-0.8699,-9.6531,-12.1062,-12.4812,-11.7312,8,b,No,No
order_real,data/videos_real/int_1500ms/real_1500_00522.avi,1500,1,0,-0.1196,-8.7537,-11.7068,-12.1522,-11.4568,8,b,No,No.
order_real,data/videos_real/int_1500ms/real_1500_00522_flip.avi,1500,0,0,-0.2412,-8.8014,-11.7077,-12.1921,-11.4577,8,b,No,No.
order_real,data/videos_real/int_1500ms/real_1500_00534.avi,1500,1,0,-0.2281,-8.9392,-11.2283,-11.6345,-10.9783,8,b,No,No.
order_real,data/videos_real/int_1500ms/real_1500_00534_flip.avi,1500,0,0,-0.2223,-8.9672,-11.2719,-11.6782,-11.0297,8,b,No,No.
order_real,data/videos_real/int_1500ms/real_1500_00546.avi,1500,0,1,0.0255,-8.9838,-11.6244,-12.3197,-11.3978,8,a,Yes,Yes.
order_real,data/videos_real/int_1500ms/real_1500_00546_flip.avi,1500,1,1,0.1828,-8.9274,-11.5758,-12.3258,-11.3961,8,a,Yes,Yes.
order_real,data/videos_real/int_1500ms/real_1500_00558.avi,1500,0,0,-0.7535,-9.4841,-11.945,-12.3591,-11.5622,8,a,No,No.
order_real,data/videos_real/int_1500ms/real_1500_00558_flip.avi,1500,1,0,-0.7242,-9.4499,-11.8952,-12.3093,-11.528,8,a,No,No.
order_real,data/videos_real/int_1500ms/real_1500_00570.avi,1500,0,0,-0.9516,-9.3277,-11.6402,-12.1949,-11.2652,8,b,No,No
order_real,data/videos_real/int_1500ms/real_1500_00570_flip.avi,1500,1,0,-0.8994,-9.2765,-11.589,-12.1515,-11.2453,8,b,No,No
order_real,data/videos_real/int_1500ms/real_1500_00582.avi,1500,0,1,0.3091,-9.1224,-12.2474,-12.3021,-11.6771,8,a,Yes,Yes
order_real,data/videos_real/int_1500ms/real_1500_00582_flip.avi,1500,1,1,0.42,-9.1268,-12.3065,-12.3221,-11.744,8,a,Yes,Yes
order_real,data/videos_real/int_1500ms/real_1500_00594.avi,1500,1,1,0.3013,-9.3297,-11.6344,-11.986,-11.5563,8,a,Yes,Yes
order_real,data/videos_real/int_1500ms/real_1500_00594_flip.avi,1500,0,1,0.2952,-9.3394,-11.6441,-12.0035,-11.5504,8,a,Yes,Yes
order_real,data/videos_real/int_2000ms/real_2000_00007.avi,2000,1,0,-0.4864,-8.4046,-11.7562,-11.5609,-10.9359,8,a,No,No.
order_rev,data/videos_real/int_2000ms/real_2000_00007.avi,2000,1,0,-0.9391,-8.3962,-11.6149,-11.5837,-10.9118,8,a,No,No.
moved_real,data/videos_real/int_2000ms/real_2000_00007.avi,2000,1,1,-0.083,-8.0401,-11.8135,-11.8135,-11.087,8,a,Yes,Yes.
moved_twin,data/twin_real/real_2000_00007.avi,2000,0,1,-0.0138,-7.9898,-11.7945,-11.7945,-11.2163,8,a,Yes,Yes.
order_twin,data/twin_real/real_2000_00007.avi,2000,-1,0,-0.5717,-8.0623,-11.5155,-11.4217,-10.9764,8,a,No,No.
bind_twin,data/twin_real/real_2000_00007.avi,2000,1,1,0.3129,-8.7118,-11.8524,-12.2118,-11.7431,8,a,Yes,Yes
order_real,data/videos_real/int_2000ms/real_2000_00007_flip.avi,2000,0,0,-0.2477,-8.5223,-11.9051,-11.7645,-11.0614,8,a,No,No.
order_real,data/videos_real/int_2000ms/real_2000_00019.avi,2000,1,0,-0.4982,-8.6912,-11.2928,-11.8553,-11.16,8,a,No,No.
order_rev,data/videos_real/int_2000ms/real_2000_00019.avi,2000,1,0,-0.55,-9.082,-11.8554,-12.1992,-11.5429,8,a,No,"No, the squirrel did not"
moved_real,data/videos_real/int_2000ms/real_2000_00019.avi,2000,1,1,0.245,-8.7288,-11.7835,-11.8304,-11.2679,8,a,Yes,Yes.
moved_twin,data/twin_real/real_2000_00019.avi,2000,0,1,0.5867,-8.8326,-11.7623,-11.8326,-11.3873,8,a,Yes,Yes.
order_twin,data/twin_real/real_2000_00019.avi,2000,-1,0,-0.4619,-8.8037,-11.3506,-11.9209,-11.2725,8,a,No,No.
bind_twin,data/twin_real/real_2000_00019.avi,2000,1,1,1.609,-9.4348,-11.8879,-12.1926,-12.0285,8,a,Yes,Yes
order_real,data/videos_real/int_2000ms/real_2000_00019_flip.avi,2000,0,0,-0.5255,-8.6684,-11.2856,-11.8325,-11.2231,8,a,No,No.
order_real,data/videos_real/int_2000ms/real_2000_00031.avi,2000,0,0,-0.1251,-9.1923,-12.0673,-12.1142,-11.5517,8,a,No,No.
order_rev,data/videos_real/int_2000ms/real_2000_00031.avi,2000,0,0,-0.6787,-8.7723,-11.827,-11.8582,-11.1316,8,a,No,No.
moved_real,data/videos_real/int_2000ms/real_2000_00031.avi,2000,1,0,-0.237,-9.2417,-12.6324,-12.6324,-11.9996,8,a,No,No.
moved_twin,data/twin_real/real_2000_00031.avi,2000,0,0,-0.4028,-9.1145,-12.4895,-12.5285,-11.8488,8,a,No,No.
order_twin,data/twin_real/real_2000_00031.avi,2000,-1,0,-0.1132,-9.1559,-11.9918,-12.0699,-11.5309,8,a,No,No.
bind_twin,data/twin_real/real_2000_00031.avi,2000,1,0,-0.6787,-9.8014,-12.2389,-12.5983,-11.9967,8,a,No,No
order_real,data/videos_real/int_2000ms/real_2000_00031_flip.avi,2000,1,0,-0.0823,-9.1632,-12.007,-12.0851,-11.5382,8,a,No,No.
order_real,data/videos_real/int_2000ms/real_2000_00043.avi,2000,1,0,-0.6869,-9.5683,-12.2714,-12.5917,-11.9355,8,b,No,No. The archer is shown in
order_rev,data/videos_real/int_2000ms/real_2000_00043.avi,2000,1,0,-1.1525,-9.5395,-12.5395,-12.7036,-11.9457,8,b,No,No. The man exercising was
moved_real,data/videos_real/int_2000ms/real_2000_00043.avi,2000,1,1,0.5327,-9.3358,-12.1014,-12.2108,-11.7577,8,b,Yes,Yes.
moved_twin,data/twin_real/real_2000_00043.avi,2000,0,1,0.5143,-9.2365,-11.9709,-12.1115,-11.6427,8,b,Yes,Yes.
order_twin,data/twin_real/real_2000_00043.avi,2000,-1,0,-0.7434,-9.4857,-12.1654,-12.5248,-11.8217,8,b,No,No. The archer is shown in
bind_twin,data/twin_real/real_2000_00043.avi,2000,0,0,-0.7815,-9.7585,-12.2664,-12.3054,-12.0789,8,b,No,No
order_real,data/videos_real/int_2000ms/real_2000_00043_flip.avi,2000,0,0,-0.6183,-9.4949,-12.2136,-12.5183,-11.8542,8,b,No,No. The archer is shown in
order_real,data/videos_real/int_2000ms/real_2000_00055.avi,2000,1,0,-0.6189,-9.4773,-11.8288,-12.5163,-11.3601,8,a,No,No.
order_rev,data/videos_real/int_2000ms/real_2000_00055.avi,2000,1,0,-0.7388,-9.4217,-12.2186,-12.4373,-11.4686,8,a,No,No.
moved_real,data/videos_real/int_2000ms/real_2000_00055.avi,2000,1,1,2.3053,-9.4977,-12.3102,-12.3102,-12.0602,8,a,Yes,Yes
moved_twin,data/twin_real/real_2000_00055.avi,2000,0,1,2.3206,-9.5275,-12.3712,-12.3712,-12.1603,8,a,Yes,Yes
order_twin,data/twin_real/real_2000_00055.avi,2000,-1,0,-0.6863,-9.4649,-11.8242,-12.4805,-11.3399,8,a,No,No
bind_twin,data/twin_real/real_2000_00055.avi,2000,1,0,-0.8922,-9.9375,-12.1719,-12.6797,-12.086,8,a,No,No
order_real,data/videos_real/int_2000ms/real_2000_00055_flip.avi,2000,0,0,-0.6393,-9.4186,-11.7233,-12.403,-11.3014,8,a,No,No
order_real,data/videos_real/int_2000ms/real_2000_00067.avi,2000,1,0,-1.1367,-9.4182,-11.8635,-12.5666,-11.4104,8,a,No,No.
order_rev,data/videos_real/int_2000ms/real_2000_00067.avi,2000,1,0,-0.6095,-9.2294,-11.831,-12.3388,-11.4091,8,a,No,No. The dancer moved before the
moved_real,data/videos_real/int_2000ms/real_2000_00067.avi,2000,1,1,1.2131,-9.4744,-12.0057,-12.2713,-11.826,8,a,Yes,Yes.
moved_twin,data/twin_real/real_2000_00067.avi,2000,0,1,0.2496,-9.1258,-11.8601,-12.0867,-11.3992,8,a,Yes,Yes.
order_twin,data/twin_real/real_2000_00067.avi,2000,-1,0,-1.1349,-9.3504,-11.8191,-12.4832,-11.3504,8,a,No,No.
bind_twin,data/twin_real/real_2000_00067.avi,2000,1,0,-0.5248,-9.7821,-12.2665,-12.5868,-12.1649,8,a,No,No
order_real,data/videos_real/int_2000ms/real_2000_00067_flip.avi,2000,0,0,-1.1239,-9.4551,-11.8379,-12.5488,-11.3457,8,a,No,No.
order_real,data/videos_real/int_2000ms/real_2000_00079.avi,2000,0,0,-0.8998,-9.2241,-12.0757,-12.4116,-11.4038,8,b,No,No.
order_rev,data/videos_real/int_2000ms/real_2000_00079.avi,2000,0,0,-0.4898,-9.0731,-12.034,-12.5575,-11.2528,8,b,No,No.
moved_real,data/videos_real/int_2000ms/real_2000_00079.avi,2000,1,1,1.3823,-9.125,-12.1875,-12.1328,-11.5469,8,b,Yes,Yes.
moved_twin,data/twin_real/real_2000_00079.avi,2000,0,1,1.1909,-9.0661,-12.1052,-12.0583,-11.488,8,b,Yes,Yes.
order_twin,data/twin_real/real_2000_00079.avi,2000,-1,0,-0.6719,-9.1758,-11.9648,-12.3945,-11.3633,8,b,No,No.
bind_twin,data/twin_real/real_2000_00079.avi,2000,0,0,-0.738,-9.4701,-12.0483,-12.4311,-11.5795,8,b,No,No
order_real,data/videos_real/int_2000ms/real_2000_00079_flip.avi,2000,1,0,-0.9925,-9.3049,-12.094,-12.5236,-11.4143,8,b,No,No.
order_real,data/videos_real/int_2000ms/real_2000_00091.avi,2000,1,0,-0.254,-8.8583,-11.4833,-12.0301,-11.4208,8,a,No,No.
order_rev,data/videos_real/int_2000ms/real_2000_00091.avi,2000,1,0,-0.2354,-8.8206,-11.9612,-12.2581,-11.5159,8,a,No,No.
moved_real,data/videos_real/int_2000ms/real_2000_00091.avi,2000,1,1,0.8005,-8.7342,-11.828,-11.9061,-11.4998,8,a,Yes,Yes
moved_twin,data/twin_real/real_2000_00091.avi,2000,0,1,0.3624,-8.7942,-11.8098,-11.8879,-11.427,8,a,Yes,Yes
order_twin,data/twin_real/real_2000_00091.avi,2000,-1,0,-0.3657,-8.9621,-11.5246,-12.0793,-11.4621,8,a,No,No.
bind_twin,data/twin_real/real_2000_00091.avi,2000,1,1,-0.0381,-9.7256,-12.0146,-12.3818,-12.0302,8,a,Yes,Yes
order_real,data/videos_real/int_2000ms/real_2000_00091_flip.avi,2000,0,0,-0.3028,-8.6955,-11.4299,-11.9299,-11.2971,8,a,No,No.
order_real,data/videos_real/int_2000ms/real_2000_00103.avi,2000,0,0,-0.5404,-9.1506,-12.0334,-12.3381,-11.6194,8,b,No,No.
order_rev,data/videos_real/int_2000ms/real_2000_00103.avi,2000,0,0,-1.1471,-8.8581,-11.9518,-12.194,-11.3737,8,b,No,No.
moved_real,data/videos_real/int_2000ms/real_2000_00103.avi,2000,1,1,0.0574,-8.7421,-12.1093,-12.0859,-11.5312,8,b,Yes,Yes.
moved_twin,data/twin_real/real_2000_00103.avi,2000,0,0,-0.0864,-8.8413,-12.2319,-12.1538,-11.6226,8,b,No,No.
order_twin,data/twin_real/real_2000_00103.avi,2000,-1,0,-0.4984,-9.1691,-12.091,-12.4035,-11.6691,8,b,No,No.
bind_twin,data/twin_real/real_2000_00103.avi,2000,0,0,-1.582,-9.9076,-12.642,-12.8764,-12.228,8,b,No,No
order_real,data/videos_real/int_2000ms/real_2000_00103_flip.avi,2000,1,0,-0.6475,-9.1433,-12.0652,-12.3386,-11.6043,8,b,No,No.
order_real,data/videos_real/int_2000ms/real_2000_00115.avi,2000,1,0,-0.8633,-9.1501,-11.7438,-11.986,-11.3923,8,b,No,No.
order_rev,data/videos_real/int_2000ms/real_2000_00115.avi,2000,1,0,-0.4491,-9.0619,-11.5307,-12.14,-11.3197,8,b,No,No.
moved_real,data/videos_real/int_2000ms/real_2000_00115.avi,2000,1,1,0.6517,-8.7282,-11.4704,-11.7048,-11.2595,8,b,Yes,Yes
moved_twin,data/twin_real/real_2000_00115.avi,2000,0,1,0.9834,-8.7894,-11.5472,-11.6644,-11.2972,8,b,Yes,Yes.
order_twin,data/twin_real/real_2000_00115.avi,2000,-1,0,-0.7281,-9.1665,-11.7602,-12.0258,-11.4555,8,b,No,No.
bind_twin,data/twin_real/real_2000_00115.avi,2000,0,1,-0.0319,-9.4213,-11.6167,-11.8901,-11.6167,8,b,Yes,Yes
order_real,data/videos_real/int_2000ms/real_2000_00115_flip.avi,2000,0,0,-0.8393,-9.2017,-11.8892,-12.0377,-11.5064,8,b,No,No.
order_real,data/videos_real/int_2000ms/real_2000_00127.avi,2000,0,0,-0.5946,-8.6385,-10.9979,-11.5604,-11.0447,8,b,No,No.
order_rev,data/videos_real/int_2000ms/real_2000_00127.avi,2000,0,0,-0.7519,-8.6872,-11.7263,-11.9372,-11.2575,8,b,No,No.
moved_real,data/videos_real/int_2000ms/real_2000_00127.avi,2000,1,1,-0.0949,-8.7759,-11.5806,-11.9321,-11.3071,8,b,Yes,Yes
moved_twin,data/twin_real/real_2000_00127.avi,2000,0,1,-0.096,-8.7169,-11.5607,-11.8732,-11.256,8,b,Yes,Yes
order_twin,data/twin_real/real_2000_00127.avi,2000,-1,0,-0.6295,-8.5891,-11.0032,-11.5423,-11.0266,8,b,No,No.
bind_twin,data/twin_real/real_2000_00127.avi,2000,0,0,-0.6841,-9.1277,-11.2683,-11.9402,-11.5027,8,b,No,No
order_real,data/videos_real/int_2000ms/real_2000_00127_flip.avi,2000,1,0,-0.5746,-8.6077,-11.0217,-11.5842,-11.0374,8,b,No,No.
order_real,data/videos_real/int_2000ms/real_2000_00139.avi,2000,1,0,-0.1083,-9.0972,-11.6051,-12.3238,-11.4957,8,a,No,No.
order_rev,data/videos_real/int_2000ms/real_2000_00139.avi,2000,1,0,-0.4303,-8.7819,-11.6647,-12.1569,-11.1804,8,a,No,No.
moved_real,data/videos_real/int_2000ms/real_2000_00139.avi,2000,1,1,2.0541,-9.245,-11.8544,-12.034,-11.4559,8,a,Yes,Yes.
moved_twin,data/twin_real/real_2000_00139.avi,2000,0,1,1.8532,-9.1902,-11.7761,-12.0105,-11.3699,8,a,Yes,Yes.
order_twin,data/twin_real/real_2000_00139.avi,2000,-1,0,-0.2523,-9.1084,-11.6631,-12.3506,-11.5146,8,a,No,No.
bind_twin,data/twin_real/real_2000_00139.avi,2000,1,1,0.1291,-9.2719,-11.7172,-12.3266,-11.6235,8,a,Yes,Yes
order_real,data/videos_real/int_2000ms/real_2000_00139_flip.avi,2000,0,0,-0.2944,-9.1029,-11.5717,-12.3685,-11.4467,8,a,No,No.
order_real,data/videos_real/int_2000ms/real_2000_00151.avi,2000,0,0,-0.6804,-9.29,-11.9697,-12.2354,-11.5166,8,b,No,No
order_rev,data/videos_real/int_2000ms/real_2000_00151.avi,2000,0,0,-0.6351,-8.6625,-11.6079,-11.9829,-11.1157,8,b,No,No
moved_real,data/videos_real/int_2000ms/real_2000_00151.avi,2000,1,0,-0.5517,-8.8719,-12.2312,-12.2234,-11.6844,8,b,No,No
moved_twin,data/twin_real/real_2000_00151.avi,2000,0,0,-0.8702,-8.9046,-12.2796,-12.1937,-11.6546,8,b,No,No
order_twin,data/twin_real/real_2000_00151.avi,2000,-1,0,-0.7048,-9.2523,-11.893,-12.143,-11.4398,8,b,No,No
bind_twin,data/twin_real/real_2000_00151.avi,2000,0,0,-1.3653,-9.7683,-12.3073,-12.5339,-11.9636,8,b,No,No
order_real,data/videos_real/int_2000ms/real_2000_00151_flip.avi,2000,1,0,-0.6557,-9.1455,-11.8565,-12.1065,-11.4502,8,b,No,No
order_real,data/videos_real/int_2000ms/real_2000_00163.avi,2000,0,0,-0.4723,-9.4037,-12.0209,-12.5521,-11.8021,8,a,No,No. The guitarist is playing the
order_rev,data/videos_real/int_2000ms/real_2000_00163.avi,2000,0,0,-0.8118,-9.2179,-12.1241,-12.3351,-11.6163,8,a,No,No. The man exercising was
moved_real,data/videos_real/int_2000ms/real_2000_00163.avi,2000,1,1,1.7937,-9.1149,-12.193,-12.107,-11.9586,8,a,Yes,Yes.
moved_twin,data/twin_real/real_2000_00163.avi,2000,0,1,1.0754,-9.0779,-12.1169,-11.9763,-11.781,8,a,Yes,Yes.
order_twin,data/twin_real/real_2000_00163.avi,2000,-1,0,-0.6205,-9.2935,-12.0356,-12.4419,-11.8013,8,a,No,No. The guitarist remains stationary
bind_twin,data/twin_real/real_2000_00163.avi,2000,1,0,-0.4614,-9.7511,-12.1105,-12.2824,-11.923,8,a,No,No
order_real,data/videos_real/int_2000ms/real_2000_00163_flip.avi,2000,1,0,-0.4408,-9.3187,-11.9749,-12.4749,-11.7483,8,a,No,No. The guitarist is playing the
order_real,data/videos_real/int_2000ms/real_2000_00175.avi,2000,0,0,-0.4485,-9.3892,-12.1392,-12.233,-11.4517,8,b,No,No.
order_rev,data/videos_real/int_2000ms/real_2000_00175.avi,2000,0,0,-1.1732,-8.8465,-11.6121,-11.9324,-10.8934,8,b,No,No.
moved_real,data/videos_real/int_2000ms/real_2000_00175.avi,2000,1,1,0.8776,-9.3364,-12.3911,-12.2427,-11.5708,8,b,Yes,Yes.
moved_twin,data/twin_real/real_2000_00175.avi,2000,0,1,0.4548,-8.9842,-12.0857,-11.992,-11.3357,8,b,Yes,Yes.
order_twin,data/twin_real/real_2000_00175.avi,2000,-1,0,-0.4592,-9.1077,-12.0061,-12.1155,-11.3655,8,b,No,No.
bind_twin,data/twin_real/real_2000_00175.avi,2000,0,0,-0.9677,-10.0124,-12.2703,-12.5828,-11.9499,8,b,No,No
order_real,data/videos_real/int_2000ms/real_2000_00175_flip.avi,2000,1,0,-0.5067,-9.2822,-12.1806,-12.2665,-11.5009,8,b,No,No.
order_real,data/videos_real/int_2000ms/real_2000_00187.avi,2000,1,0,-0.674,-9.2312,-11.7859,-12.2156,-11.6531,8,b,No,No.
order_rev,data/videos_real/int_2000ms/real_2000_00187.avi,2000,1,0,-0.5989,-8.8385,-11.5182,-12.026,-11.3854,8,b,No,No. The man exercising is
moved_real,data/videos_real/int_2000ms/real_2000_00187.avi,2000,1,1,0.7857,-8.7134,-11.5884,-11.7759,-11.44,8,b,Yes,Yes.
moved_twin,data/twin_real/real_2000_00187.avi,2000,0,1,0.4863,-8.4787,-11.5255,-11.6662,-11.338,8,b,Yes,Yes.
order_twin,data/twin_real/real_2000_00187.avi,2000,-1,0,-0.7392,-9.0791,-11.6651,-12.1338,-11.626,8,b,No,No.
bind_twin,data/twin_real/real_2000_00187.avi,2000,0,0,-0.5973,-9.3097,-11.8176,-12.0519,-11.8097,8,b,No,No
order_real,data/videos_real/int_2000ms/real_2000_00187_flip.avi,2000,0,0,-0.7207,-9.1787,-11.7334,-12.1943,-11.624,8,b,No,No.
order_real,data/videos_real/int_2000ms/real_2000_00199.avi,2000,1,0,-0.9723,-9.7106,-12.3668,-12.8277,-11.9215,8,b,No,No.
order_rev,data/videos_real/int_2000ms/real_2000_00199.avi,2000,1,0,-0.6234,-9.288,-12.1239,-12.4833,-11.5458,8,b,No,No. The dancer moved before the
moved_real,data/videos_real/int_2000ms/real_2000_00199.avi,2000,1,1,1.3529,-9.3516,-12.2266,-12.3125,-12.0938,8,b,Yes,Yes.
moved_twin,data/twin_real/real_2000_00199.avi,2000,0,1,0.4477,-9.1747,-12.0809,-12.2763,-11.87,8,b,Yes,Yes.
order_twin,data/twin_real/real_2000_00199.avi,2000,-1,0,-0.9357,-9.7096,-12.3111,-12.7877,-11.9361,8,b,No,No.
bind_twin,data/twin_real/real_2000_00199.avi,2000,0,0,-0.1438,-10.0488,-12.666,-13.0175,-12.5722,8,b,No,No
order_real,data/videos_real/int_2000ms/real_2000_00199_flip.avi,2000,0,0,-1.0857,-9.7164,-12.357,-12.7789,-11.9195,8,b,No,No.
order_real,data/videos_real/int_2000ms/real_2000_00211.avi,2000,0,0,-0.5222,-9.6419,-11.7825,-12.6575,-11.8372,8,b,No,"No, the bowling pins did"
order_rev,data/videos_real/int_2000ms/real_2000_00211.avi,2000,0,0,-0.2739,-9.3568,-12.5599,-12.6458,-11.9583,8,b,No,No.
moved_real,data/videos_real/int_2000ms/real_2000_00211.avi,2000,1,1,0.6394,-9.4662,-12.5677,-12.5521,-11.8802,8,b,Yes,"Yes, the bowling pins moved"
moved_twin,data/twin_real/real_2000_00211.avi,2000,0,1,0.1391,-9.4166,-12.4791,-12.4712,-11.7681,8,b,Yes,"Yes, the bowling pins moved"
order_twin,data/twin_real/real_2000_00211.avi,2000,-1,0,-0.5011,-9.5133,-11.7867,-12.568,-11.7086,8,b,No,"No, the bowling pins did"
bind_twin,data/twin_real/real_2000_00211.avi,2000,0,0,-0.9292,-10.1499,-12.5405,-12.7827,-12.2358,8,b,No,No
order_real,data/videos_real/int_2000ms/real_2000_00211_flip.avi,2000,1,0,-0.3684,-9.6177,-11.8365,-12.6099,-11.7818,8,b,No,"No, the bowling pins did"
order_real,data/videos_real/int_2000ms/real_2000_00223.avi,2000,1,0,-0.6839,-9.6502,-12.4159,-12.5643,-11.9784,8,b,No,No.
order_rev,data/videos_real/int_2000ms/real_2000_00223.avi,2000,1,0,-0.1042,-9.1503,-12.4315,-12.4549,-11.869,8,b,No,"No, the boxer does not move"
moved_real,data/videos_real/int_2000ms/real_2000_00223.avi,2000,1,1,1.996,-9.4825,-12.5528,-12.3106,-12.2012,8,b,Yes,Yes.
moved_twin,data/twin_real/real_2000_00223.avi,2000,0,1,1.6983,-9.2121,-12.2199,-12.1028,-11.8606,8,b,Yes,Yes.
order_twin,data/twin_real/real_2000_00223.avi,2000,-1,0,-0.4461,-9.458,-12.1689,-12.4267,-11.7861,8,b,No,No.
bind_twin,data/twin_real/real_2000_00223.avi,2000,0,0,-1.957,-10.2431,-13.1494,-13.2978,-12.7353,8,b,No,No.
order_real,data/videos_real/int_2000ms/real_2000_00223_flip.avi,2000,0,0,-0.7126,-9.6612,-12.4425,-12.6221,-12.0128,8,b,No,No.
order_real,data/videos_real/int_2000ms/real_2000_00235.avi,2000,0,0,-0.7299,-9.0563,-11.9782,-11.736,-11.6344,8,a,No,No.
order_rev,data/videos_real/int_2000ms/real_2000_00235.avi,2000,0,0,-0.7909,-8.9908,-12.1549,-11.9908,-11.4127,8,a,No,No.
moved_real,data/videos_real/int_2000ms/real_2000_00235.avi,2000,1,1,0.3707,-8.6746,-11.9402,-11.2839,-11.3777,8,a,Yes,Yes.
moved_twin,data/twin_real/real_2000_00235.avi,2000,0,1,0.1524,-8.7021,-12.0537,-11.2959,-11.3271,8,a,Yes,Yes.
order_twin,data/twin_real/real_2000_00235.avi,2000,-1,0,-0.7399,-9.1148,-12.0289,-11.7398,-11.6305,8,a,No,No.
bind_twin,data/twin_real/real_2000_00235.avi,2000,1,1,-0.0604,-9.4113,-11.9738,-11.6769,-11.8644,8,a,Yes,Yes
order_real,data/videos_real/int_2000ms/real_2000_00235_flip.avi,2000,1,0,-0.6378,-9.0529,-11.9825,-11.7247,-11.6466,8,a,No,No.
order_real,data/videos_real/int_2000ms/real_2000_00247.avi,2000,1,0,-0.7323,-9.521,-11.6772,-12.4819,-11.3335,8,a,No,No
order_real,data/videos_real/int_2000ms/real_2000_00247_flip.avi,2000,0,0,-0.7597,-9.4996,-11.6481,-12.4293,-11.2809,8,a,No,No
order_real,data/videos_real/int_2000ms/real_2000_00259.avi,2000,0,0,-0.6707,-9.1443,-11.9646,-12.1599,-11.6365,8,b,No,No.
order_real,data/videos_real/int_2000ms/real_2000_00259_flip.avi,2000,1,0,-0.6111,-9.1438,-11.9485,-12.1516,-11.5969,8,b,No,No.
order_real,data/videos_real/int_2000ms/real_2000_00271.avi,2000,0,0,-0.134,-8.872,-11.9657,-12.2314,-11.661,8,b,No,No.
order_real,data/videos_real/int_2000ms/real_2000_00271_flip.avi,2000,1,1,0.0154,-9.0327,-12.1265,-12.4234,-11.7984,8,b,Yes,Yes.
order_real,data/videos_real/int_2000ms/real_2000_00283.avi,2000,0,0,-0.7592,-8.8967,-11.4514,-11.9123,-11.2404,8,b,No,No.
order_real,data/videos_real/int_2000ms/real_2000_00283_flip.avi,2000,1,0,-0.8396,-8.8797,-11.3797,-11.8406,-11.1531,8,b,No,No.
order_real,data/videos_real/int_2000ms/real_2000_00295.avi,2000,1,1,-0.0762,-9.2002,-11.6768,-12.2393,-11.3252,8,a,Yes,Yes.
order_real,data/videos_real/int_2000ms/real_2000_00295_flip.avi,2000,0,1,-0.0493,-9.1871,-11.6871,-12.2496,-11.3121,8,a,Yes,Yes.
order_real,data/videos_real/int_2000ms/real_2000_00307.avi,2000,0,0,-0.4995,-9.1125,-11.6984,-12.0422,-11.4484,8,a,No,No.
order_real,data/videos_real/int_2000ms/real_2000_00307_flip.avi,2000,1,0,-0.4306,-9.1816,-11.83,-12.1659,-11.5175,8,a,No,No.
order_real,data/videos_real/int_2000ms/real_2000_00319.avi,2000,1,0,-0.1911,-8.7093,-11.6156,-11.7796,-11.1937,8,a,No,No.
order_real,data/videos_real/int_2000ms/real_2000_00319_flip.avi,2000,0,1,-0.0847,-8.8092,-11.7233,-11.8717,-11.317,8,a,Yes,Yes
order_real,data/videos_real/int_2000ms/real_2000_00331.avi,2000,0,0,-0.4799,-8.8408,-11.7315,-12.0205,-11.3877,8,b,No,No.
order_real,data/videos_real/int_2000ms/real_2000_00331_flip.avi,2000,1,0,-0.6001,-8.7891,-11.586,-11.9766,-11.2891,8,b,No,No.
order_real,data/videos_real/int_2000ms/real_2000_00343.avi,2000,0,0,-0.4169,-8.9161,-11.8458,-11.9629,-11.4786,8,a,No,No.
order_real,data/videos_real/int_2000ms/real_2000_00343_flip.avi,2000,1,0,-0.3804,-9.0185,-11.9248,-12.0029,-11.5576,8,a,No,No.
order_real,data/videos_real/int_2000ms/real_2000_00355.avi,2000,1,0,-0.8036,-8.928,-11.553,-11.8733,-11.3108,8,b,No,No.
order_real,data/videos_real/int_2000ms/real_2000_00355_flip.avi,2000,0,0,-0.6346,-8.9271,-11.5364,-11.8958,-11.3489,8,b,No,No.
order_real,data/videos_real/int_2000ms/real_2000_00367.avi,2000,1,0,-0.8613,-8.5932,-11.2494,-11.4057,-11.0541,8,b,No,No.
order_real,data/videos_real/int_2000ms/real_2000_00367_flip.avi,2000,0,0,-0.8842,-8.5074,-11.1558,-11.3824,-10.9449,8,b,No,No.
order_real,data/videos_real/int_2000ms/real_2000_00379.avi,2000,1,0,-0.8664,-9.0137,-11.5372,-11.3653,-11.2247,8,b,No,No.
order_real,data/videos_real/int_2000ms/real_2000_00379_flip.avi,2000,0,0,-0.9676,-9.039,-11.6171,-11.4375,-11.2734,8,b,No,No.
order_real,data/videos_real/int_2000ms/real_2000_00391.avi,2000,1,1,-0.0381,-9.0981,-11.7465,-12.1528,-11.8559,8,a,Yes,Yes.
order_real,data/videos_real/int_2000ms/real_2000_00391_flip.avi,2000,0,0,-0.093,-9.0214,-11.6152,-12.0292,-11.6933,8,a,No,No.
order_real,data/videos_real/int_2000ms/real_2000_00403.avi,2000,1,0,-0.2187,-8.895,-11.2544,-11.2153,-11.2231,8,a,No,No.
order_real,data/videos_real/int_2000ms/real_2000_00403_flip.avi,2000,0,0,-0.2297,-8.9752,-11.3814,-11.3267,-11.3033,8,a,No,No.
order_real,data/videos_real/int_2000ms/real_2000_00415.avi,2000,1,1,0.2878,-9.1898,-11.8382,-12.1273,-11.3304,8,a,Yes,Yes.
order_real,data/videos_real/int_2000ms/real_2000_00415_flip.avi,2000,0,1,0.4369,-9.2036,-11.8754,-12.1332,-11.3832,8,a,Yes,Yes.
order_real,data/videos_real/int_2000ms/real_2000_00427.avi,2000,1,0,-0.5499,-8.5301,-10.6161,-11.413,-10.7489,8,b,No,No.
order_real,data/videos_real/int_2000ms/real_2000_00427_flip.avi,2000,0,0,-0.6596,-8.6445,-10.7773,-11.5195,-10.8007,8,b,No,No.
order_real,data/videos_real/int_2000ms/real_2000_00439.avi,2000,1,0,-0.3802,-8.6904,-11.8779,-11.6982,-11.2685,8,b,No,No.
order_real,data/videos_real/int_2000ms/real_2000_00439_flip.avi,2000,0,0,-0.401,-8.713,-11.8693,-11.6818,-11.2521,8,b,No,No.
order_real,data/videos_real/int_2000ms/real_2000_00451.avi,2000,0,0,-0.1231,-8.3071,-10.729,-11.4556,-10.7837,8,b,No,No.
order_real,data/videos_real/int_2000ms/real_2000_00451_flip.avi,2000,1,1,-0.1141,-8.3016,-10.6454,-11.3876,-10.7313,8,b,Yes,Yes
order_real,data/videos_real/int_2000ms/real_2000_00463.avi,2000,1,0,-0.4882,-9.1131,-11.7693,-12.16,-11.535,8,b,No,No.
order_real,data/videos_real/int_2000ms/real_2000_00463_flip.avi,2000,0,0,-0.5238,-9.1525,-11.7932,-12.1604,-11.4963,8,b,No,No.
order_real,data/videos_real/int_2000ms/real_2000_00475.avi,2000,0,0,-0.4318,-9.1143,-11.3174,-12.0362,-11.1612,8,b,No,No.
order_real,data/videos_real/int_2000ms/real_2000_00475_flip.avi,2000,1,0,-0.4823,-9.0679,-11.271,-12.0444,-11.1382,8,b,No,No.
order_real,data/videos_real/int_2000ms/real_2000_00487.avi,2000,1,0,-0.6689,-9.3344,-11.8579,-12.3735,-11.6157,8,a,No,No.
order_real,data/videos_real/int_2000ms/real_2000_00487_flip.avi,2000,0,0,-0.7611,-9.433,-11.8783,-12.4643,-11.6752,8,a,No,No.
order_real,data/videos_real/int_2000ms/real_2000_00499.avi,2000,1,1,-0.0157,-8.7454,-11.7454,-12.0891,-11.4329,8,b,Yes,Yes
order_real,data/videos_real/int_2000ms/real_2000_00499_flip.avi,2000,0,1,-0.1077,-8.7645,-11.7332,-12.1473,-11.4207,8,b,Yes,Yes
order_real,data/videos_real/int_2000ms/real_2000_00511.avi,2000,1,0,-0.0721,-9.1975,-12.3459,-12.6584,-11.6428,8,a,No,No.
order_real,data/videos_real/int_2000ms/real_2000_00511_flip.avi,2000,0,0,-0.1885,-9.1561,-12.1718,-12.5858,-11.5311,8,a,No,No.
order_real,data/videos_real/int_2000ms/real_2000_00523.avi,2000,1,0,-0.186,-8.7882,-11.1085,-11.7022,-11.085,8,a,No,No.
order_real,data/videos_real/int_2000ms/real_2000_00523_flip.avi,2000,0,0,-0.3774,-8.7704,-11.0829,-11.7235,-11.0672,8,a,No,No.
order_real,data/videos_real/int_2000ms/real_2000_00535.avi,2000,1,0,-0.1446,-9.0883,-11.7524,-11.5024,-11.4711,8,b,No,No.
order_real,data/videos_real/int_2000ms/real_2000_00535_flip.avi,2000,0,0,-0.2283,-9.1087,-11.7259,-11.6009,-11.5072,8,b,No,No.
order_real,data/videos_real/int_2000ms/real_2000_00547.avi,2000,1,0,-0.532,-8.3174,-10.9112,-11.4346,-10.9034,8,b,No,No.
order_real,data/videos_real/int_2000ms/real_2000_00547_flip.avi,2000,0,0,-0.5897,-8.4259,-10.9728,-11.5197,-10.9103,8,b,No,No.
order_real,data/videos_real/int_2000ms/real_2000_00559.avi,2000,1,0,-0.6935,-8.6036,-11.1661,-11.5567,-10.9864,8,b,No,No.
order_real,data/videos_real/int_2000ms/real_2000_00559_flip.avi,2000,0,0,-0.7762,-8.671,-11.3663,-11.6163,-11.1007,8,b,No,No.
order_real,data/videos_real/int_2000ms/real_2000_00571.avi,2000,0,0,-1.0166,-9.3164,-11.9023,-12.3164,-11.3242,8,b,No,No.
order_real,data/videos_real/int_2000ms/real_2000_00571_flip.avi,2000,1,0,-0.953,-9.2959,-11.8428,-12.3193,-11.3037,8,b,No,No.
order_real,data/videos_real/int_2000ms/real_2000_00583.avi,2000,1,0,-0.1365,-9.0685,-11.8341,-12.4201,-11.5919,8,b,No,No.
order_real,data/videos_real/int_2000ms/real_2000_00583_flip.avi,2000,0,0,-0.26,-9.0734,-11.8156,-12.4016,-11.5813,8,b,No,No.
order_real,data/videos_real/int_2000ms/real_2000_00595.avi,2000,0,0,-0.7606,-9.3128,-12.1097,-12.305,-11.5316,8,b,No,No.
order_real,data/videos_real/int_2000ms/real_2000_00595_flip.avi,2000,1,0,-0.7788,-9.3451,-12.1263,-12.3216,-11.5482,8,b,No,No.
order_real,data/videos_real/int_3000ms/real_3000_00008.avi,3000,1,0,-0.4419,-8.7529,-11.3154,-12.1201,-11.0498,8,a,No,No
order_rev,data/videos_real/int_3000ms/real_3000_00008.avi,3000,1,0,-0.4489,-8.8233,-11.7842,-12.1827,-11.167,8,a,No,No.
moved_real,data/videos_real/int_3000ms/real_3000_00008.avi,3000,1,1,0.6134,-8.7506,-11.6334,-11.9771,-11.3756,8,a,Yes,Yes.
moved_twin,data/twin_real/real_3000_00008.avi,3000,0,1,0.7473,-8.6796,-11.5624,-11.8749,-11.289,8,a,Yes,Yes
order_twin,data/twin_real/real_3000_00008.avi,3000,-1,0,-0.3566,-8.7267,-11.2345,-12.047,-10.9454,8,a,No,No
bind_twin,data/twin_real/real_3000_00008.avi,3000,1,1,0.0119,-9.4874,-11.7921,-12.2765,-11.8781,8,a,Yes,Yes
order_real,data/videos_real/int_3000ms/real_3000_00008_flip.avi,3000,0,0,-0.5173,-8.7319,-11.3647,-12.1225,-11.0288,8,a,No,No
order_real,data/videos_real/int_3000ms/real_3000_00020.avi,3000,1,0,-0.2895,-9.5106,-12.3778,-12.0731,-12.1981,8,b,No,No.
order_rev,data/videos_real/int_3000ms/real_3000_00020.avi,3000,1,0,-0.278,-8.5696,-11.8352,-11.9055,-11.4446,8,b,No,No. The weightlifter continues
moved_real,data/videos_real/int_3000ms/real_3000_00020.avi,3000,1,1,1.7752,-9.2419,-12.1638,-11.8278,-12.1716,8,b,Yes,Yes.
moved_twin,data/twin_real/real_3000_00020.avi,3000,0,1,1.4109,-9.141,-12.141,-11.7816,-12.0941,8,b,Yes,Yes.
order_twin,data/twin_real/real_3000_00020.avi,3000,-1,0,-0.3529,-9.5096,-12.3378,-12.1346,-12.1581,8,b,No,No.
bind_twin,data/twin_real/real_3000_00020.avi,3000,0,1,0.0932,-9.8108,-12.3655,-12.639,-12.3968,8,b,Yes,Yes
order_real,data/videos_real/int_3000ms/real_3000_00020_flip.avi,3000,0,0,-0.4244,-9.5028,-12.3465,-12.0809,-12.1747,8,b,No,No.
order_real,data/videos_real/int_3000ms/real_3000_00032.avi,3000,0,1,0.0356,-9.0511,-11.4964,-12.1371,-11.223,8,a,Yes,Yes.
order_rev,data/videos_real/int_3000ms/real_3000_00032.avi,3000,0,0,-0.818,-8.9337,-11.6134,-12.1525,-11.3087,8,a,No,No.
moved_real,data/videos_real/int_3000ms/real_3000_00032.avi,3000,1,1,2.849,-9.5297,-12.436,-12.3422,-12.0375,8,a,Yes,Yes.
moved_twin,data/twin_real/real_3000_00032.avi,3000,0,1,3.188,-9.6037,-12.3694,-12.3928,-12.0803,8,a,Yes,Yes.
order_twin,data/twin_real/real_3000_00032.avi,3000,-1,1,-0.0151,-9.0427,-11.4099,-12.0818,-11.1521,8,a,Yes,Yes.
bind_twin,data/twin_real/real_3000_00032.avi,3000,1,1,0.1788,-9.7361,-11.8767,-12.2283,-11.7361,8,a,Yes,Yes
order_real,data/videos_real/int_3000ms/real_3000_00032_flip.avi,3000,1,1,0.0939,-9.0461,-11.3586,-12.0774,-11.1242,8,a,Yes,Yes.
order_real,data/videos_real/int_3000ms/real_3000_00044.avi,3000,1,1,0.1157,-9.4141,-11.4844,-12.2578,-11.7734,8,b,Yes,Yes.
order_rev,data/videos_real/int_3000ms/real_3000_00044.avi,3000,1,0,-0.634,-9.3342,-12.1858,-12.2483,-11.6389,8,b,No,"No, the woman in the video moved"
moved_real,data/videos_real/int_3000ms/real_3000_00044.avi,3000,1,1,2.511,-9.724,-12.9193,-12.9505,-12.5755,8,b,Yes,"Yes, the bowling pins moved"
moved_twin,data/twin_real/real_3000_00044.avi,3000,0,1,2.6434,-9.7691,-12.9332,-13.0269,-12.6597,8,b,Yes,"Yes, the bowling pins moved"
order_twin,data/twin_real/real_3000_00044.avi,3000,-1,1,0.0095,-9.3961,-11.4586,-12.3102,-11.818,8,b,Yes,Yes.
bind_twin,data/twin_real/real_3000_00044.avi,3000,0,0,-0.567,-10.1959,-12.5787,-12.7662,-12.3678,8,b,No,No
order_real,data/videos_real/int_3000ms/real_3000_00044_flip.avi,3000,0,1,0.161,-9.4475,-11.596,-12.2991,-11.8538,8,b,Yes,Yes.
order_real,data/videos_real/int_3000ms/real_3000_00056.avi,3000,0,0,-0.409,-9.9475,-12.6896,-12.5881,-12.4396,8,a,No,No.
order_rev,data/videos_real/int_3000ms/real_3000_00056.avi,3000,0,0,-0.2697,-8.9053,-12.1162,-12.1162,-11.7334,8,a,No,No. The weightlifter remains
moved_real,data/videos_real/int_3000ms/real_3000_00056.avi,3000,1,1,0.5053,-9.5412,-12.4865,-12.3693,-12.3459,8,a,Yes,Yes.
moved_twin,data/twin_real/real_3000_00056.avi,3000,0,1,0.5303,-9.532,-12.407,-12.3366,-12.2898,8,a,Yes,Yes.
order_twin,data/twin_real/real_3000_00056.avi,3000,-1,0,-0.41,-9.8934,-12.5262,-12.5574,-12.2996,8,a,No,No.
bind_twin,data/twin_real/real_3000_00056.avi,3000,1,1,0.63,-10.246,-12.66,-12.66,-12.6757,8,a,Yes,Yes
order_real,data/videos_real/int_3000ms/real_3000_00056_flip.avi,3000,1,0,-0.3605,-9.8795,-12.6139,-12.5514,-12.3717,8,a,No,No.
order_real,data/videos_real/int_3000ms/real_3000_00068.avi,3000,1,1,0.0992,-9.373,-11.5996,-11.9355,-11.7793,8,a,Yes,Yes.
order_rev,data/videos_real/int_3000ms/real_3000_00068.avi,3000,1,1,0.1613,-9.3827,-12.3202,-12.0077,-11.9062,8,a,Yes,Yes.
moved_real,data/videos_real/int_3000ms/real_3000_00068.avi,3000,1,1,1.467,-9.5077,-12.8124,-12.5702,-12.3046,8,a,Yes,"Yes, the bowling pins moved"
moved_twin,data/twin_real/real_3000_00068.avi,3000,0,1,2.1068,-9.6828,-12.9796,-12.7296,-12.4874,8,a,Yes,"Yes, the bowling pins moved"
order_twin,data/twin_real/real_3000_00068.avi,3000,-1,1,0.1701,-9.3344,-11.6157,-11.8032,-11.7016,8,a,Yes,Yes.
bind_twin,data/twin_real/real_3000_00068.avi,3000,1,1,1.3818,-9.9912,-12.4912,-12.7256,-12.5693,8,a,Yes,Yes
order_real,data/videos_real/int_3000ms/real_3000_00068_flip.avi,3000,0,1,0.1966,-9.4127,-11.6862,-11.9127,-11.8034,8,a,Yes,Yes.
order_real,data/videos_real/int_3000ms/real_3000_00080.avi,3000,1,0,-0.3999,-8.6638,-11.5622,-11.4919,-11.2966,8,a,No,No.
order_rev,data/videos_real/int_3000ms/real_3000_00080.avi,3000,1,0,-0.5434,-9.0061,-11.8967,-12.1623,-11.5452,8,a,No,No.
moved_real,data/videos_real/int_3000ms/real_3000_00080.avi,3000,1,1,0.4794,-8.6339,-11.9855,-11.5792,-11.4073,8,a,Yes,Yes.
moved_twin,data/twin_real/real_3000_00080.avi,3000,0,1,0.4308,-8.7367,-12.1429,-11.721,-11.471,8,a,Yes,Yes.
order_twin,data/twin_real/real_3000_00080.avi,3000,-1,0,-0.3653,-8.7982,-11.6732,-11.6263,-11.3763,8,a,No,No.
bind_twin,data/twin_real/real_3000_00080.avi,3000,1,1,1.5023,-9.6889,-12.3608,-12.0092,-12.3061,8,a,Yes,Yes
order_real,data/videos_real/int_3000ms/real_3000_00080_flip.avi,3000,0,0,-0.5406,-8.5608,-11.3811,-11.2874,-11.1702,8,a,No,No.
order_real,data/videos_real/int_3000ms/real_3000_00092.avi,3000,0,0,-0.6984,-9.6158,-12.4752,-12.7643,-11.8033,8,a,No,No.
order_rev,data/videos_real/int_3000ms/real_3000_00092.avi,3000,0,0,-0.7118,-9.1877,-12.0549,-12.2892,-11.4845,8,a,No,No.
moved_real,data/videos_real/int_3000ms/real_3000_00092.avi,3000,1,1,0.3578,-9.0715,-12.5403,-12.3762,-11.8215,8,a,Yes,Yes.
moved_twin,data/twin_real/real_3000_00092.avi,3000,0,1,0.5712,-8.9942,-12.5176,-12.252,-11.7754,8,a,Yes,Yes.
order_twin,data/twin_real/real_3000_00092.avi,3000,-1,0,-0.6513,-9.5258,-12.432,-12.6976,-11.7367,8,a,No,No.
bind_twin,data/twin_real/real_3000_00092.avi,3000,1,0,-0.4769,-9.806,-12.3998,-12.8529,-12.1654,8,a,No,No
order_real,data/videos_real/int_3000ms/real_3000_00092_flip.avi,3000,1,0,-0.696,-9.5188,-12.4172,-12.675,-11.7532,8,a,No,No.
order_real,data/videos_real/int_3000ms/real_3000_00104.avi,3000,0,0,-0.8989,-9.5907,-12.1688,-12.2782,-11.6844,8,b,No,No
order_rev,data/videos_real/int_3000ms/real_3000_00104.avi,3000,0,1,-0.049,-9.125,-11.8828,-12.1406,-11.4921,8,b,Yes,Yes
moved_real,data/videos_real/int_3000ms/real_3000_00104.avi,3000,1,1,1.6168,-9.4744,-12.5135,-12.2166,-12.0448,8,b,Yes,Yes.
moved_twin,data/twin_real/real_3000_00104.avi,3000,0,1,1.5303,-9.3246,-12.3246,-11.9808,-11.8246,8,b,Yes,Yes
order_twin,data/twin_real/real_3000_00104.avi,3000,-1,0,-0.8591,-9.436,-11.9047,-12.0766,-11.475,8,b,No,No
bind_twin,data/twin_real/real_3000_00104.avi,3000,0,0,-1.5783,-10.2413,-12.796,-12.8116,-12.4366,8,b,No,No
order_real,data/videos_real/int_3000ms/real_3000_00104_flip.avi,3000,1,0,-0.8106,-9.6281,-12.1906,-12.2999,-11.7218,8,b,No,No
order_real,data/videos_real/int_3000ms/real_3000_00116.avi,3000,0,0,-0.3191,-9.585,-12.2725,-12.1866,-12.1787,8,b,No,No.
order_rev,data/videos_real/int_3000ms/real_3000_00116.avi,3000,0,1,0.0708,-8.7253,-11.7722,-12.3347,-11.5769,8,b,Yes,Yes.
moved_real,data/videos_real/int_3000ms/real_3000_00116.avi,3000,1,1,1.2491,-9.6818,-12.7053,-12.5256,-12.5334,8,b,Yes,Yes.
moved_twin,data/twin_real/real_3000_00116.avi,3000,0,1,0.8555,-9.6667,-12.7683,-12.573,-12.5026,8,b,Yes,Yes.
order_twin,data/twin_real/real_3000_00116.avi,3000,-1,0,-0.3962,-9.6336,-12.4148,-12.3367,-12.2429,8,b,No,No.
bind_twin,data/twin_real/real_3000_00116.avi,3000,0,0,-1.3648,-10.3365,-13.1177,-12.9771,-12.7505,8,b,No,No
order_real,data/videos_real/int_3000ms/real_3000_00116_flip.avi,3000,1,0,-0.2855,-9.5673,-12.2782,-12.1767,-12.2235,8,b,No,No.
order_real,data/videos_real/int_3000ms/real_3000_00128.avi,3000,0,0,-0.5463,-8.9658,-11.5361,-12.1846,-11.2549,8,b,No,No.
order_rev,data/videos_real/int_3000ms/real_3000_00128.avi,3000,0,0,-0.6101,-8.7109,-11.5859,-11.9219,-11.0469,8,b,No,No. The archer moved before the
moved_real,data/videos_real/int_3000ms/real_3000_00128.avi,3000,1,1,1.8685,-9.3174,-12.0517,-12.4033,-11.5986,8,b,Yes,Yes.
moved_twin,data/twin_real/real_3000_00128.avi,3000,0,1,1.5099,-9.1609,-11.9656,-12.4109,-11.4968,8,b,Yes,Yes.
order_twin,data/twin_real/real_3000_00128.avi,3000,-1,0,-0.6117,-8.9599,-11.624,-12.1943,-11.2958,8,b,No,No.
bind_twin,data/twin_real/real_3000_00128.avi,3000,0,1,-0.0744,-8.9797,-11.4953,-12.0266,-11.4406,8,b,Yes,Yes
order_real,data/videos_real/int_3000ms/real_3000_00128_flip.avi,3000,1,0,-0.4234,-8.8472,-11.4018,-12.1206,-11.1987,8,b,No,No.
order_real,data/videos_real/int_3000ms/real_3000_00140.avi,3000,0,0,-0.5372,-8.9145,-11.6332,-12.102,-11.0786,8,a,No,No.
order_rev,data/videos_real/int_3000ms/real_3000_00140.avi,3000,0,0,-0.8108,-8.9447,-11.8588,-12.1947,-11.3119,8,a,No,No. The man exercising in
moved_real,data/videos_real/int_3000ms/real_3000_00140.avi,3000,1,1,-0.0176,-8.3784,-11.5034,-11.6987,-10.8706,8,a,Yes,Yes.
moved_twin,data/twin_real/real_3000_00140.avi,3000,0,1,0.064,-8.3253,-11.4737,-11.6456,-10.9737,8,a,Yes,Yes.
order_twin,data/twin_real/real_3000_00140.avi,3000,-1,0,-0.5434,-8.9351,-11.6695,-12.1382,-11.2632,8,a,No,No.
bind_twin,data/twin_real/real_3000_00140.avi,3000,1,0,-0.4535,-9.236,-11.5563,-11.8844,-11.3141,8,a,No,No
order_real,data/videos_real/int_3000ms/real_3000_00140_flip.avi,3000,1,0,-0.7356,-9.0675,-11.6612,-12.1612,-11.1456,8,a,No,No.
order_real,data/videos_real/int_3000ms/real_3000_00152.avi,3000,1,0,-0.7207,-9.121,-11.7226,-11.6991,-11.2148,8,a,No,No.
order_rev,data/videos_real/int_3000ms/real_3000_00152.avi,3000,1,0,-1.2373,-8.875,-11.6094,-11.4219,-11.1016,8,a,No,No.
moved_real,data/videos_real/int_3000ms/real_3000_00152.avi,3000,1,1,0.0043,-9.204,-11.8993,-11.8915,-11.3915,8,a,Yes,Yes.
moved_twin,data/twin_real/real_3000_00152.avi,3000,0,1,0.0005,-9.1701,-11.8889,-11.8889,-11.3654,8,a,Yes,Yes.
order_twin,data/twin_real/real_3000_00152.avi,3000,-1,0,-0.7211,-9.0603,-11.6931,-11.6619,-11.1853,8,a,No,No.
bind_twin,data/twin_real/real_3000_00152.avi,3000,1,0,-0.4581,-9.6345,-11.9704,-12.1111,-11.8923,8,a,No,No
order_real,data/videos_real/int_3000ms/real_3000_00152_flip.avi,3000,0,0,-0.6774,-9.0936,-11.6483,-11.6718,-11.1796,8,a,No,No.
order_real,data/videos_real/int_3000ms/real_3000_00164.avi,3000,1,0,-0.6778,-8.7084,-11.3881,-11.6693,-11.0912,8,b,No,No.
order_rev,data/videos_real/int_3000ms/real_3000_00164.avi,3000,1,0,-0.7373,-8.917,-11.6748,-12.0342,-11.1514,8,b,No,No.
moved_real,data/videos_real/int_3000ms/real_3000_00164.avi,3000,1,1,0.2137,-8.8959,-11.8022,-11.5912,-11.2241,8,b,Yes,Yes.
moved_twin,data/twin_real/real_3000_00164.avi,3000,0,1,0.5601,-9.0389,-11.8592,-11.6951,-11.328,8,b,Yes,Yes
order_twin,data/twin_real/real_3000_00164.avi,3000,-1,0,-0.5826,-8.8042,-11.5152,-11.8198,-11.1948,8,b,No,No.
bind_twin,data/twin_real/real_3000_00164.avi,3000,0,0,-1.7305,-10.2799,-12.6549,-12.7956,-12.2565,8,b,No,No
order_real,data/videos_real/int_3000ms/real_3000_00164_flip.avi,3000,0,0,-0.6081,-8.6994,-11.3869,-11.6134,-11.0822,8,b,No,No.
order_real,data/videos_real/int_3000ms/real_3000_00176.avi,3000,1,0,-0.7482,-8.9297,-11.4219,-11.9688,-11.25,8,a,No,No.
order_rev,data/videos_real/int_3000ms/real_3000_00176.avi,3000,1,0,-0.8384,-8.939,-11.8218,-12.103,-11.2671,8,a,No,No. The weightlifter is
moved_real,data/videos_real/int_3000ms/real_3000_00176.avi,3000,1,1,0.4894,-8.8021,-11.849,-11.7787,-11.4193,8,a,Yes,Yes.
moved_twin,data/twin_real/real_3000_00176.avi,3000,0,1,0.3889,-8.7282,-11.7126,-11.7126,-11.2673,8,a,Yes,Yes
order_twin,data/twin_real/real_3000_00176.avi,3000,-1,0,-0.8157,-8.976,-11.4604,-11.9994,-11.2494,8,a,No,No.
bind_twin,data/twin_real/real_3000_00176.avi,3000,1,0,-0.443,-9.5028,-11.7606,-12.1356,-11.7059,8,a,No,No
order_real,data/videos_real/int_3000ms/real_3000_00176_flip.avi,3000,0,0,-0.7722,-8.9455,-11.469,-11.969,-11.2815,8,a,No,No.
order_real,data/videos_real/int_3000ms/real_3000_00188.avi,3000,1,0,-0.3304,-9.4339,-12.1292,-12.3324,-11.7542,8,a,No,No
order_rev,data/videos_real/int_3000ms/real_3000_00188.avi,3000,1,0,-1.1701,-9.64,-12.4369,-12.4994,-11.8353,8,a,No,No.
moved_real,data/videos_real/int_3000ms/real_3000_00188.avi,3000,1,1,0.1447,-9.3405,-12.1764,-11.9811,-11.6764,8,a,Yes,Yes
moved_twin,data/twin_real/real_3000_00188.avi,3000,0,1,0.0051,-9.1739,-12.0255,-11.838,-11.5021,8,a,Yes,Yes
order_twin,data/twin_real/real_3000_00188.avi,3000,-1,0,-0.3315,-9.3345,-11.9361,-12.1392,-11.6158,8,a,No,No
bind_twin,data/twin_real/real_3000_00188.avi,3000,1,0,-0.2726,-9.83,-12.1503,-12.2128,-12.0018,8,a,No,No
order_real,data/videos_real/int_3000ms/real_3000_00188_flip.avi,3000,0,0,-0.4656,-9.4737,-12.2315,-12.4659,-11.8331,8,a,No,"No, the archer did not move"
order_real,data/videos_real/int_3000ms/real_3000_00200.avi,3000,0,0,-0.33,-8.9266,-11.7157,-12.1766,-11.4657,8,b,No,No.
order_rev,data/videos_real/int_3000ms/real_3000_00200.avi,3000,0,0,-0.4407,-8.9442,-11.7411,-12.202,-11.1942,8,b,No,No.
moved_real,data/videos_real/int_3000ms/real_3000_00200.avi,3000,1,1,0.1608,-8.8663,-12.0851,-12.171,-11.4601,8,b,Yes,Yes.
moved_twin,data/twin_real/real_3000_00200.avi,3000,0,0,-0.1954,-8.6848,-12.1302,-12.2395,-11.3411,8,b,No,No.
order_twin,data/twin_real/real_3000_00200.avi,3000,-1,0,-0.6082,-8.8968,-11.7797,-12.2406,-11.3968,8,b,No,No.
bind_twin,data/twin_real/real_3000_00200.avi,3000,0,0,-0.9821,-9.5078,-12.0546,-12.6953,-11.8984,8,b,No,No
order_real,data/videos_real/int_3000ms/real_3000_00200_flip.avi,3000,1,0,-0.2545,-9.0415,-11.8306,-12.2837,-11.5103,8,b,No,No.
order_real,data/videos_real/int_3000ms/real_3000_00212.avi,3000,0,0,-0.4689,-9.4564,-12.1361,-12.4174,-11.6752,8,a,No,No.
order_rev,data/videos_real/int_3000ms/real_3000_00212.avi,3000,0,0,-0.6369,-9.1682,-11.9651,-12.1604,-11.5667,8,a,No,No.
moved_real,data/videos_real/int_3000ms/real_3000_00212.avi,3000,1,1,0.2341,-9.3045,-12.4685,-12.4138,-11.9607,8,a,Yes,Yes.
moved_twin,data/twin_real/real_3000_00212.avi,3000,0,1,0.09,-9.4093,-12.5655,-12.5343,-12.0577,8,a,Yes,Yes.
order_twin,data/twin_real/real_3000_00212.avi,3000,-1,0,-0.4565,-9.4555,-12.1039,-12.4008,-11.6508,8,a,No,No.
bind_twin,data/twin_real/real_3000_00212.avi,3000,1,0,-1.921,-10.4866,-12.9319,-13.01,-12.5413,8,a,No,No
order_real,data/videos_real/int_3000ms/real_3000_00212_flip.avi,3000,1,0,-0.3812,-9.3603,-11.9931,-12.2978,-11.5946,8,a,No,No.
order_real,data/videos_real/int_3000ms/real_3000_00224.avi,3000,1,0,-0.2127,-8.8098,-11.552,-12.0442,-11.4427,8,b,No,No.
order_rev,data/videos_real/int_3000ms/real_3000_00224.avi,3000,1,0,-0.3212,-8.9078,-12.1031,-12.4078,-11.6187,8,b,No,No.
moved_real,data/videos_real/int_3000ms/real_3000_00224.avi,3000,1,0,-0.3093,-8.6706,-12.0221,-11.9596,-11.2956,8,b,No,No.
moved_twin,data/twin_real/real_3000_00224.avi,3000,0,0,-0.3774,-8.7544,-11.9732,-12.0357,-11.3169,8,b,No,No.
order_twin,data/twin_real/real_3000_00224.avi,3000,-1,0,-0.343,-8.942,-11.4733,-12.0436,-11.403,8,b,No,No.
bind_twin,data/twin_real/real_3000_00224.avi,3000,0,0,-0.6976,-9.8025,-12.115,-12.5369,-12.0916,8,b,No,No
order_real,data/videos_real/int_3000ms/real_3000_00224_flip.avi,3000,0,0,-0.2713,-8.7672,-11.4313,-12.0172,-11.3609,8,b,No,No.
order_real,data/videos_real/int_3000ms/real_3000_00236.avi,3000,0,0,-0.1748,-9.6771,-12.4817,-12.2396,-11.8958,8,a,No,No.
order_rev,data/videos_real/int_3000ms/real_3000_00236.avi,3000,0,0,-0.5148,-8.9189,-11.6377,-11.8564,-11.1924,8,a,No,No.
moved_real,data/videos_real/int_3000ms/real_3000_00236.avi,3000,1,1,3.3476,-9.9275,-13.1931,-12.3494,-12.7947,8,a,Yes,Yes.
moved_twin,data/twin_real/real_3000_00236.avi,3000,0,1,3.0986,-9.8371,-13.1418,-12.2746,-12.6886,8,a,Yes,Yes.
order_twin,data/twin_real/real_3000_00236.avi,3000,-1,0,-0.162,-9.6791,-12.5931,-12.1634,-11.9212,8,a,No,No.
bind_twin,data/twin_real/real_3000_00236.avi,3000,1,0,-0.9108,-10.1274,-12.7289,-12.268,-12.3539,8,a,No,No
order_real,data/videos_real/int_3000ms/real_3000_00236_flip.avi,3000,1,0,-0.2252,-9.6274,-12.4165,-12.0806,-11.7993,8,a,No,No.
order_real,data/videos_real/int_3000ms/real_3000_00248.avi,3000,1,1,0.4382,-9.5139,-12.5999,-12.2795,-12.3499,8,a,Yes,Yes.
order_real,data/videos_real/int_3000ms/real_3000_00248_flip.avi,3000,0,1,0.5154,-9.483,-12.569,-12.1705,-12.2486,8,a,Yes,Yes.
order_real,data/videos_real/int_3000ms/real_3000_00260.avi,3000,1,0,-0.1735,-9.053,-12.0921,-12.1624,-11.6077,8,b,No,No.
order_real,data/videos_real/int_3000ms/real_3000_00260_flip.avi,3000,0,0,-0.1248,-9.0134,-12.0759,-12.1774,-11.6228,8,b,No,No.
order_real,data/videos_real/int_3000ms/real_3000_00272.avi,3000,0,0,-0.366,-8.835,-11.6397,-11.6554,-11.3975,8,a,No,No.
order_real,data/videos_real/int_3000ms/real_3000_00272_flip.avi,3000,1,0,-0.3627,-8.7666,-11.4776,-11.5791,-11.2588,8,a,No,No.
order_real,data/videos_real/int_3000ms/real_3000_00284.avi,3000,0,0,-0.1866,-8.5743,-11.418,-11.7696,-11.1134,8,b,No,No.
order_real,data/videos_real/int_3000ms/real_3000_00284_flip.avi,3000,1,0,-0.2636,-8.6154,-11.4982,-11.7717,-11.1154,8,b,No,No.
order_real,data/videos_real/int_3000ms/real_3000_00296.avi,3000,0,1,0.0421,-9.0673,-12.0282,-12.0438,-11.5204,8,b,Yes,Yes.
order_real,data/videos_real/int_3000ms/real_3000_00296_flip.avi,3000,1,0,-0.1055,-9.0981,-12.1059,-12.0746,-11.5121,8,b,No,No.
order_real,data/videos_real/int_3000ms/real_3000_00308.avi,3000,0,0,-0.9224,-8.9238,-11.2597,-11.7129,-10.6816,8,b,No,No.
order_real,data/videos_real/int_3000ms/real_3000_00308_flip.avi,3000,1,0,-0.7846,-8.836,-11.2188,-11.7266,-10.6641,8,b,No,No.
order_real,data/videos_real/int_3000ms/real_3000_00320.avi,3000,0,1,0.0883,-8.9652,-11.5824,-12.2465,-11.6215,8,b,Yes,Yes
order_real,data/videos_real/int_3000ms/real_3000_00320_flip.avi,3000,1,0,-0.0625,-9.1125,-11.6594,-12.3547,-11.6828,8,b,No,No.
order_real,data/videos_real/int_3000ms/real_3000_00332.avi,3000,0,0,-0.5055,-9.1433,-11.7058,-11.7214,-11.3777,8,b,No,No.
order_real,data/videos_real/int_3000ms/real_3000_00332_flip.avi,3000,1,0,-0.6142,-9.1427,-11.674,-11.7443,-11.3849,8,b,No,No.
order_real,data/videos_real/int_3000ms/real_3000_00344.avi,3000,0,0,-0.2392,-8.9993,-11.3509,-11.5071,-11.1087,8,a,No,No
order_real,data/videos_real/int_3000ms/real_3000_00344_flip.avi,3000,1,1,-0.1095,-8.9618,-11.2509,-11.3759,-11.0243,8,a,Yes,Yes
order_real,data/videos_real/int_3000ms/real_3000_00356.avi,3000,0,0,-0.6805,-9.7658,-12.3283,-12.7502,-11.7423,8,a,No,No.
order_real,data/videos_real/int_3000ms/real_3000_00356_flip.avi,3000,1,0,-0.7867,-9.6152,-12.2089,-12.6777,-11.623,8,a,No,No.
order_real,data/videos_real/int_3000ms/real_3000_00368.avi,3000,0,1,0.3157,-8.9536,-11.5474,-11.9067,-11.4146,8,a,Yes,Yes.
order_real,data/videos_real/int_3000ms/real_3000_00368_flip.avi,3000,1,1,0.4961,-8.9075,-11.4935,-11.72,-11.306,8,a,Yes,Yes.
order_real,data/videos_real/int_3000ms/real_3000_00380.avi,3000,0,1,0.055,-9.2424,-12.1486,-11.8752,-11.7033,8,a,Yes,Yes.
order_real,data/videos_real/int_3000ms/real_3000_00380_flip.avi,3000,1,1,0.0712,-9.2263,-12.1638,-11.8122,-11.7263,8,a,Yes,Yes.
order_real,data/videos_real/int_3000ms/real_3000_00392.avi,3000,1,0,-0.8052,-8.9136,-11.5698,-11.8745,-11.312,8,b,No,No.
order_real,data/videos_real/int_3000ms/real_3000_00392_flip.avi,3000,0,0,-0.6043,-8.9162,-11.5256,-11.885,-11.3381,8,b,No,No.
order_real,data/videos_real/int_3000ms/real_3000_00404.avi,3000,0,0,-0.3184,-8.6515,-11.3781,-11.8937,-11.2609,8,a,No,No.
order_real,data/videos_real/int_3000ms/real_3000_00404_flip.avi,3000,1,0,-0.282,-8.9179,-11.5273,-12.082,-11.4726,8,a,No,No.
order_real,data/videos_real/int_3000ms/real_3000_00416.avi,3000,0,0,-0.2962,-9.0507,-11.285,-11.785,-11.285,8,a,No,No
order_real,data/videos_real/int_3000ms/real_3000_00416_flip.avi,3000,1,0,-0.3138,-9.0255,-11.213,-11.7443,-11.2599,8,a,No,No
order_real,data/videos_real/int_3000ms/real_3000_00428.avi,3000,0,0,-0.1291,-9.4224,-12.4693,-12.6568,-11.9693,8,b,No,No.
order_real,data/videos_real/int_3000ms/real_3000_00428_flip.avi,3000,1,0,-0.1076,-9.4658,-12.497,-12.6611,-11.9892,8,b,No,No.
order_real,data/videos_real/int_3000ms/real_3000_00440.avi,3000,1,0,-0.5288,-8.7644,-11.28,-11.7253,-10.8894,8,b,No,No.
order_real,data/videos_real/int_3000ms/real_3000_00440_flip.avi,3000,0,0,-0.526,-8.769,-11.2768,-11.8471,-10.933,8,b,No,No.
order_real,data/videos_real/int_3000ms/real_3000_00452.avi,3000,0,1,0.3052,-8.9846,-11.4455,-12.0393,-11.2502,8,b,Yes,Yes.
order_real,data/videos_real/int_3000ms/real_3000_00452_flip.avi,3000,1,1,0.2884,-9.0046,-11.4499,-12.0593,-11.2389,8,b,Yes,Yes.
order_real,data/videos_real/int_3000ms/real_3000_00464.avi,3000,0,0,-0.2594,-9.5331,-11.5175,-12.455,-11.7206,8,b,No,"No, the bowling pins did"
order_real,data/videos_real/int_3000ms/real_3000_00464_flip.avi,3000,1,0,-0.1945,-9.5402,-11.5792,-12.4621,-11.7355,8,b,No,"No, the bowling pins did"
order_real,data/videos_real/int_3000ms/real_3000_00476.avi,3000,1,0,-0.5962,-8.9623,-11.5561,-11.8686,-11.0014,8,a,No,No.
order_real,data/videos_real/int_3000ms/real_3000_00476_flip.avi,3000,0,0,-0.295,-9.002,-11.6661,-11.963,-11.1348,8,a,No,No.
order_real,data/videos_real/int_3000ms/real_3000_00488.avi,3000,0,0,-0.9928,-9.0299,-11.7877,-12.0377,-11.3893,8,a,No,No.
order_real,data/videos_real/int_3000ms/real_3000_00488_flip.avi,3000,1,0,-0.8558,-9.1668,-11.9871,-12.1668,-11.5653,8,a,No,No.
order_real,data/videos_real/int_3000ms/real_3000_00500.avi,3000,0,0,-0.3961,-9.1109,-11.7593,-12.0875,-11.1812,8,b,No,No.
order_real,data/videos_real/int_3000ms/real_3000_00500_flip.avi,3000,1,0,-0.6157,-9.1304,-11.7241,-12.1226,-11.2163,8,b,No,No.
order_real,data/videos_real/int_3000ms/real_3000_00512.avi,3000,1,0,-0.1237,-9.3333,-12.0442,-12.7005,-11.8411,8,a,No,No.
order_real,data/videos_real/int_3000ms/real_3000_00512_flip.avi,3000,0,0,-0.1309,-9.2004,-12.0129,-12.6613,-11.8488,8,a,No,No.
order_real,data/videos_real/int_3000ms/real_3000_00524.avi,3000,0,0,-0.7204,-9.5997,-12.5059,-12.1934,-12.1544,8,b,No,No.
order_real,data/videos_real/int_3000ms/real_3000_00524_flip.avi,3000,1,0,-0.6719,-9.5451,-12.4748,-12.131,-12.131,8,b,No,No.
order_real,data/videos_real/int_3000ms/real_3000_00536.avi,3000,1,0,-0.5719,-9.5056,-12.2165,-12.3337,-11.7556,8,b,No,No
order_real,data/videos_real/int_3000ms/real_3000_00536_flip.avi,3000,0,0,-0.7215,-9.5945,-12.3288,-12.4226,-11.8132,8,b,No,No
order_real,data/videos_real/int_3000ms/real_3000_00548.avi,3000,0,0,-0.4567,-9.3489,-12.2239,-12.0911,-11.927,8,a,No,No.
order_real,data/videos_real/int_3000ms/real_3000_00548_flip.avi,3000,1,0,-0.3285,-9.3627,-12.183,-12.0815,-11.9252,8,a,No,No.
order_real,data/videos_real/int_3000ms/real_3000_00560.avi,3000,0,0,-0.357,-8.6795,-11.2889,-11.7577,-10.8514,8,a,No,No.
order_real,data/videos_real/int_3000ms/real_3000_00560_flip.avi,3000,1,0,-0.3305,-8.6001,-11.1705,-11.7095,-10.8345,8,a,No,No.
order_real,data/videos_real/int_3000ms/real_3000_00572.avi,3000,1,0,-0.3769,-8.8207,-11.4535,-11.6644,-11.1176,8,a,No,No.
order_real,data/videos_real/int_3000ms/real_3000_00572_flip.avi,3000,0,0,-0.343,-8.7198,-11.3917,-11.6104,-11.0245,8,a,No,No.
order_real,data/videos_real/int_3000ms/real_3000_00584.avi,3000,0,1,0.1327,-9.5297,-12.686,-11.9203,-12.2328,8,a,Yes,Yes.
order_real,data/videos_real/int_3000ms/real_3000_00584_flip.avi,3000,1,1,0.0682,-9.5883,-12.7446,-12.0727,-12.268,8,a,Yes,Yes.
order_real,data/videos_real/int_3000ms/real_3000_00596.avi,3000,0,0,-0.4242,-8.7657,-11.711,-11.6329,-11.2345,8,b,No,No.
order_real,data/videos_real/int_3000ms/real_3000_00596_flip.avi,3000,1,0,-0.3391,-8.6574,-11.548,-11.5402,-11.1496,8,b,No,No.
order_real,data/videos_real/int_5000ms/real_5000_00009.avi,5000,0,0,-0.1108,-9.376,-11.8995,-12.5166,-11.7745,8,b,No,No
order_rev,data/videos_real/int_5000ms/real_5000_00009.avi,5000,0,0,-0.2787,-9.252,-11.9083,-12.4552,-11.6349,8,b,No,No.
moved_real,data/videos_real/int_5000ms/real_5000_00009.avi,5000,1,1,1.204,-9.2381,-11.9803,-12.1913,-11.66,8,b,Yes,Yes
moved_twin,data/twin_real/real_5000_00009.avi,5000,0,1,1.2207,-9.0308,-11.6324,-12.0074,-11.4761,8,b,Yes,Yes
order_twin,data/twin_real/real_5000_00009.avi,5000,-1,1,-0.0522,-9.1523,-11.5507,-12.3086,-11.5351,8,b,Yes,Yes
bind_twin,data/twin_real/real_5000_00009.avi,5000,0,1,0.1545,-9.6608,-11.6842,-12.2623,-11.778,8,b,Yes,Yes
order_real,data/videos_real/int_5000ms/real_5000_00009_flip.avi,5000,1,1,-0.0494,-9.2045,-11.603,-12.3764,-11.5873,8,b,Yes,Yes
order_real,data/videos_real/int_5000ms/real_5000_00021.avi,5000,0,0,-0.5973,-9.3736,-12.1704,-12.4751,-11.7876,8,a,No,No.
order_rev,data/videos_real/int_5000ms/real_5000_00021.avi,5000,0,0,-0.4226,-8.7597,-11.9472,-11.9628,-11.4159,8,a,No,No. The boxer remains stationary
moved_real,data/videos_real/int_5000ms/real_5000_00021.avi,5000,1,1,0.7027,-8.9509,-11.8806,-11.9118,-11.5837,8,a,Yes,Yes.
moved_twin,data/twin_real/real_5000_00021.avi,5000,0,1,1.2914,-8.9877,-12.0267,-12.0345,-11.7299,8,a,Yes,Yes.
order_twin,data/twin_real/real_5000_00021.avi,5000,-1,0,-0.589,-9.2998,-12.2686,-12.417,-11.792,8,a,No,No.
bind_twin,data/twin_real/real_5000_00021.avi,5000,1,1,-0.0736,-9.7252,-12.4596,-12.7018,-12.2564,8,a,Yes,Yes.
order_real,data/videos_real/int_5000ms/real_5000_00021_flip.avi,5000,1,0,-0.5651,-9.4903,-12.295,-12.584,-11.9043,8,a,No,No.
order_real,data/videos_real/int_5000ms/real_5000_00033.avi,5000,0,0,-0.2893,-8.6641,-11.8751,-11.8126,-11.3204,8,b,No,No.
order_rev,data/videos_real/int_5000ms/real_5000_00033.avi,5000,0,0,-0.6146,-8.5995,-11.8495,-11.9511,-11.2324,8,b,No,No. The horse does not move after
moved_real,data/videos_real/int_5000ms/real_5000_00033.avi,5000,1,1,0.0022,-8.2907,-11.736,-11.6188,-11.0875,8,b,Yes,Yes.
moved_twin,data/twin_real/real_5000_00033.avi,5000,0,1,-0.189,-8.2339,-11.7182,-11.6011,-11.062,8,b,Yes,Yes.
order_twin,data/twin_real/real_5000_00033.avi,5000,-1,0,-0.3716,-8.5384,-11.7259,-11.7024,-11.2181,8,b,No,No.
bind_twin,data/twin_real/real_5000_00033.avi,5000,0,1,0.5256,-9.3887,-12.1074,-12.4433,-12.0996,8,b,Yes,Yes
order_real,data/videos_real/int_5000ms/real_5000_00033_flip.avi,5000,1,0,-0.3411,-8.7262,-11.9137,-11.859,-11.3825,8,b,No,No.
order_real,data/videos_real/int_5000ms/real_5000_00045.avi,5000,0,1,0.004,-8.8367,-11.3602,-11.8992,-11.2508,8,b,Yes,Yes
order_rev,data/videos_real/int_5000ms/real_5000_00045.avi,5000,0,0,-0.228,-8.739,-11.6843,-12.0124,-11.2078,8,b,No,No. The guitarist is playing the
moved_real,data/videos_real/int_5000ms/real_5000_00045.avi,5000,1,1,0.4925,-8.4358,-11.3187,-11.678,-11.1312,8,b,Yes,Yes.
moved_twin,data/twin_real/real_5000_00045.avi,5000,0,1,0.4471,-8.6261,-11.6183,-11.8136,-11.2746,8,b,Yes,Yes.
order_twin,data/twin_real/real_5000_00045.avi,5000,-1,1,0.031,-8.9546,-11.4,-11.9703,-11.2671,8,b,Yes,Yes
bind_twin,data/twin_real/real_5000_00045.avi,5000,0,0,-0.8594,-9.5343,-11.9796,-12.1046,-11.7765,8,b,No,No
order_real,data/videos_real/int_5000ms/real_5000_00045_flip.avi,5000,1,1,-0.1062,-8.7814,-11.1955,-11.8751,-11.1095,8,b,Yes,Yes
order_real,data/videos_real/int_5000ms/real_5000_00057.avi,5000,1,0,-0.4825,-9.7185,-12.5935,-12.07,-12.1403,8,a,No,No.
order_rev,data/videos_real/int_5000ms/real_5000_00057.avi,5000,1,0,-0.4407,-8.9655,-11.9108,-11.903,-11.567,8,a,No,No.
moved_real,data/videos_real/int_5000ms/real_5000_00057.avi,5000,1,1,1.0008,-9.5197,-12.7775,-11.6603,-12.3009,8,a,Yes,Yes.
moved_twin,data/twin_real/real_5000_00057.avi,5000,0,1,0.5252,-9.4545,-12.6654,-11.5561,-12.1732,8,a,Yes,Yes.
order_twin,data/twin_real/real_5000_00057.avi,5000,-1,0,-0.3901,-9.6267,-12.4157,-11.8376,-12.0017,8,a,No,No
bind_twin,data/twin_real/real_5000_00057.avi,5000,1,1,1.4215,-10.2615,-12.7693,-11.949,-12.7693,8,a,Yes,Yes
order_real,data/videos_real/int_5000ms/real_5000_00057_flip.avi,5000,0,0,-0.4803,-9.7175,-12.5144,-12.0691,-12.0691,8,a,No,"No, the cat did not move before"
order_real,data/videos_real/int_5000ms/real_5000_00069.avi,5000,1,0,-1.2097,-9.2869,-11.7401,-12.2869,-11.3494,8,b,No,No.
order_rev,data/videos_real/int_5000ms/real_5000_00069.avi,5000,1,0,-0.9344,-9.0299,-11.6393,-12.194,-11.1471,8,b,No,No.
moved_real,data/videos_real/int_5000ms/real_5000_00069.avi,5000,1,1,0.0978,-8.8845,-11.9314,-12.0251,-11.3376,8,b,Yes,Yes.
moved_twin,data/twin_real/real_5000_00069.avi,5000,0,0,-0.4141,-8.8925,-12.0331,-12.1581,-11.3691,8,b,No,No.
order_twin,data/twin_real/real_5000_00069.avi,5000,-1,0,-1.3045,-9.3684,-11.8371,-12.3371,-11.3293,8,b,No,No.
bind_twin,data/twin_real/real_5000_00069.avi,5000,0,0,-1.6693,-9.9238,-12.2675,-12.666,-12.0644,8,b,No,No
order_real,data/videos_real/int_5000ms/real_5000_00069_flip.avi,5000,0,0,-1.1426,-9.3202,-11.7264,-12.2811,-11.2967,8,b,No,No.
order_real,data/videos_real/int_5000ms/real_5000_00081.avi,5000,0,0,-0.7666,-9.3483,-11.5045,-12.2389,-11.0436,8,a,No,No
order_rev,data/videos_real/int_5000ms/real_5000_00081.avi,5000,0,0,-1.0345,-9.0129,-11.5051,-12.1847,-11.0519,8,a,No,No.
moved_real,data/videos_real/int_5000ms/real_5000_00081.avi,5000,1,1,1.1166,-9.304,-11.9525,-12.179,-11.3431,8,a,Yes,Yes.
moved_twin,data/twin_real/real_5000_00081.avi,5000,0,1,1.7209,-9.3912,-12.0006,-12.2193,-11.4928,8,a,Yes,Yes
order_twin,data/twin_real/real_5000_00081.avi,5000,-1,0,-0.7107,-9.2479,-11.5213,-12.24,-11.0525,8,a,No,No.
bind_twin,data/twin_real/real_5000_00081.avi,5000,1,0,-0.7489,-9.7971,-12.0003,-12.4299,-11.6878,8,a,No,No
order_real,data/videos_real/int_5000ms/real_5000_00081_flip.avi,5000,1,0,-0.6049,-9.3315,-11.5815,-12.269,-11.0893,8,a,No,No.
order_real,data/videos_real/int_5000ms/real_5000_00093.avi,5000,1,0,-0.4774,-9.2578,-11.8359,-12.3203,-11.2734,8,a,No,No.
order_rev,data/videos_real/int_5000ms/real_5000_00093.avi,5000,1,0,-0.5335,-9.1575,-11.8606,-12.4465,-11.2668,8,a,No,No.
moved_real,data/videos_real/int_5000ms/real_5000_00093.avi,5000,1,1,1.4166,-9.4141,-12.1719,-12.2891,-11.5001,8,a,Yes,Yes
moved_twin,data/twin_real/real_5000_00093.avi,5000,0,1,1.3347,-9.4149,-12.1884,-12.2118,-11.4462,8,a,Yes,Yes
order_twin,data/twin_real/real_5000_00093.avi,5000,-1,0,-0.3129,-9.2419,-11.7809,-12.2419,-11.2106,8,a,No,No.
bind_twin,data/twin_real/real_5000_00093.avi,5000,1,0,-1.0189,-9.6971,-12.0174,-12.3377,-11.5955,8,a,No,No
order_real,data/videos_real/int_5000ms/real_5000_00093_flip.avi,5000,0,1,0.0152,-9.2077,-11.817,-12.2233,-11.2936,8,a,Yes,Yes.
order_real,data/videos_real/int_5000ms/real_5000_00105.avi,5000,1,0,-0.413,-9.2358,-11.9311,-12.3843,-11.7514,8,a,No,No. The guitarist is playing the
order_rev,data/videos_real/int_5000ms/real_5000_00105.avi,5000,1,0,-0.8943,-9.0848,-12.0692,-12.2098,-11.5926,8,a,No,No. The man exercising moved
moved_real,data/videos_real/int_5000ms/real_5000_00105.avi,5000,1,1,1.476,-8.9221,-11.9065,-11.9143,-11.7034,8,a,Yes,Yes.
moved_twin,data/twin_real/real_5000_00105.avi,5000,0,1,0.9423,-8.8389,-11.7921,-11.7842,-11.5342,8,a,Yes,Yes.
order_twin,data/twin_real/real_5000_00105.avi,5000,-1,0,-0.5075,-9.2027,-11.9606,-12.3356,-11.7496,8,a,No,No. The guitarist is playing the
bind_twin,data/twin_real/real_5000_00105.avi,5000,1,0,-0.7697,-9.6578,-12.025,-12.2125,-11.8453,8,a,No,No
order_real,data/videos_real/int_5000ms/real_5000_00105_flip.avi,5000,0,0,-0.3776,-9.3754,-12.1097,-12.5082,-11.8441,8,a,No,No. The guitarist is playing the
order_real,data/videos_real/int_5000ms/real_5000_00117.avi,5000,0,0,-0.4504,-9.1407,-12.1485,-11.2267,-11.8282,8,b,No,No.
order_rev,data/videos_real/int_5000ms/real_5000_00117.avi,5000,0,0,-0.6857,-8.4226,-11.8054,-11.321,-11.2585,8,b,No,No. The boxer continues with his
moved_real,data/videos_real/int_5000ms/real_5000_00117.avi,5000,1,1,-0.0646,-8.7924,-12.0893,-10.9174,-11.6205,8,b,Yes,Yes.
moved_twin,data/twin_real/real_5000_00117.avi,5000,0,1,-0.1138,-8.8848,-12.0176,-10.9473,-11.5489,8,b,Yes,Yes.
order_twin,data/twin_real/real_5000_00117.avi,5000,-1,0,-0.5647,-9.1564,-11.9923,-11.172,-11.6642,8,b,No,No.
bind_twin,data/twin_real/real_5000_00117.avi,5000,0,0,-1.6741,-9.8798,-12.3173,-11.7548,-12.1298,8,b,No,No
order_real,data/videos_real/int_5000ms/real_5000_00117_flip.avi,5000,1,0,-0.2512,-9.1799,-12.133,-11.3752,-11.8439,8,b,No,No.
order_real,data/videos_real/int_5000ms/real_5000_00129.avi,5000,0,0,-0.3494,-8.9853,-11.6103,-12.0322,-11.3213,8,a,No,No.
order_rev,data/videos_real/int_5000ms/real_5000_00129.avi,5000,0,0,-0.5585,-8.8735,-11.6469,-12.186,-11.3422,8,a,No,No.
moved_real,data/videos_real/int_5000ms/real_5000_00129.avi,5000,1,1,0.041,-8.6917,-11.9417,-11.8792,-11.3402,8,a,Yes,Yes
moved_twin,data/twin_real/real_5000_00129.avi,5000,0,0,-0.2246,-8.7197,-11.9853,-11.9462,-11.3837,8,a,No,No
order_twin,data/twin_real/real_5000_00129.avi,5000,-1,0,-0.3372,-9.0015,-11.5796,-12.0484,-11.3218,8,a,No,No.
bind_twin,data/twin_real/real_5000_00129.avi,5000,1,0,-0.7993,-9.8603,-12.0869,-12.4853,-12.04,8,a,No,No
order_real,data/videos_real/int_5000ms/real_5000_00129_flip.avi,5000,1,0,-0.2702,-9.1225,-11.7006,-12.0522,-11.3725,8,a,No,No.
order_real,data/videos_real/int_5000ms/real_5000_00141.avi,5000,0,1,0.2356,-9.1125,-11.4719,-11.5891,-11.3391,8,a,Yes,Yes
order_rev,data/videos_real/int_5000ms/real_5000_00141.avi,5000,0,1,0.1446,-9.438,-12.149,-11.9536,-11.8755,8,a,Yes,Yes
moved_real,data/videos_real/int_5000ms/real_5000_00141.avi,5000,1,1,1.2226,-9.1083,-12.0536,-12.0145,-11.6942,8,a,Yes,Yes
moved_twin,data/twin_real/real_5000_00141.avi,5000,0,1,1.1042,-9.0743,-11.918,-11.8946,-11.543,8,a,Yes,Yes
order_twin,data/twin_real/real_5000_00141.avi,5000,-1,1,0.3472,-9.0448,-11.3338,-11.451,-11.2401,8,a,Yes,Yes
bind_twin,data/twin_real/real_5000_00141.avi,5000,1,0,-0.36,-9.7635,-12.2479,-12.5682,-12.1307,8,a,No,No
order_real,data/videos_real/int_5000ms/real_5000_00141_flip.avi,5000,1,1,0.069,-9.1819,-11.4475,-11.5334,-11.3303,8,a,Yes,Yes
order_real,data/videos_real/int_5000ms/real_5000_00153.avi,5000,0,1,0.7432,-9.2369,-11.9712,-12.2837,-11.7916,8,a,Yes,"Yes, the bowling pins moved"
order_rev,data/videos_real/int_5000ms/real_5000_00153.avi,5000,0,0,-0.1918,-8.8903,-11.7966,-11.7809,-11.1247,8,a,No,No.
moved_real,data/videos_real/int_5000ms/real_5000_00153.avi,5000,1,1,2.0092,-9.7632,-13.0289,-12.982,-12.482,8,a,Yes,"Yes, the bowling pins moved"
moved_twin,data/twin_real/real_5000_00153.avi,5000,0,1,1.9971,-9.6016,-12.8516,-12.8595,-12.3673,8,a,Yes,"Yes, the bowling pins moved"
order_twin,data/twin_real/real_5000_00153.avi,5000,-1,1,0.7216,-9.1047,-11.8938,-12.1985,-11.6985,8,a,Yes,Yes.
bind_twin,data/twin_real/real_5000_00153.avi,5000,1,1,0.8112,-9.9839,-12.4136,-12.812,-12.4136,8,a,Yes,Yes
order_real,data/videos_real/int_5000ms/real_5000_00153_flip.avi,5000,1,1,0.6602,-9.2125,-11.8844,-12.2594,-11.6891,8,a,Yes,Yes.
order_real,data/videos_real/int_5000ms/real_5000_00165.avi,5000,1,1,0.2662,-8.6758,-11.293,-11.9258,-11.004,8,b,Yes,Yes.
order_rev,data/videos_real/int_5000ms/real_5000_00165.avi,5000,1,0,-0.661,-8.5777,-11.5542,-12.0542,-10.9996,8,b,No,No.
moved_real,data/videos_real/int_5000ms/real_5000_00165.avi,5000,1,1,2.4316,-9.3751,-12.297,-12.1407,-11.7736,8,b,Yes,Yes.
moved_twin,data/twin_real/real_5000_00165.avi,5000,0,1,2.1634,-9.3606,-12.1731,-12.1262,-11.7122,8,b,Yes,Yes.
order_twin,data/twin_real/real_5000_00165.avi,5000,-1,1,0.133,-8.624,-11.1396,-11.8349,-10.9756,8,b,Yes,Yes.
bind_twin,data/twin_real/real_5000_00165.avi,5000,0,0,-0.312,-9.4819,-11.9819,-12.3256,-11.7866,8,b,No,No
order_real,data/videos_real/int_5000ms/real_5000_00165_flip.avi,5000,0,1,0.0067,-8.5965,-11.1902,-11.8543,-10.9559,8,b,Yes,Yes.
order_real,data/videos_real/int_5000ms/real_5000_00177.avi,5000,0,0,-0.2852,-9.1093,-11.6406,-11.5312,-11.4296,8,a,No,No.
order_rev,data/videos_real/int_5000ms/real_5000_00177.avi,5000,0,0,-0.4852,-9.0884,-11.8853,-11.5963,-11.5259,8,a,No,No.
moved_real,data/videos_real/int_5000ms/real_5000_00177.avi,5000,1,1,0.9222,-9.4789,-12.3461,-12.2055,-11.9477,8,a,Yes,Yes
moved_twin,data/twin_real/real_5000_00177.avi,5000,0,1,0.8254,-9.2953,-12.2172,-12.1078,-11.7719,8,a,Yes,Yes.
order_twin,data/twin_real/real_5000_00177.avi,5000,-1,0,-0.254,-8.9842,-11.6171,-11.5702,-11.4139,8,a,No,No.
bind_twin,data/twin_real/real_5000_00177.avi,5000,1,0,-0.5808,-9.7127,-12.0642,-12.2049,-11.947,8,a,No,No
order_real,data/videos_real/int_5000ms/real_5000_00177_flip.avi,5000,1,0,-0.3342,-9.0439,-11.6298,-11.497,-11.4189,8,a,No,No.
order_real,data/videos_real/int_5000ms/real_5000_00189.avi,5000,1,1,-0.1383,-8.2879,-10.577,-11.3582,-10.6863,8,b,Yes,Yes
order_rev,data/videos_real/int_5000ms/real_5000_00189.avi,5000,1,0,-0.3354,-8.5028,-11.0731,-11.5966,-11.0106,8,b,No,No.
moved_real,data/videos_real/int_5000ms/real_5000_00189.avi,5000,1,1,0.8096,-8.383,-11.0705,-11.5471,-10.9924,8,b,Yes,Yes
moved_twin,data/twin_real/real_5000_00189.avi,5000,0,1,0.6115,-8.4974,-11.3412,-11.8724,-11.1927,8,b,Yes,Yes.
order_twin,data/twin_real/real_5000_00189.avi,5000,-1,1,-0.0674,-8.4275,-11.0134,-11.7244,-10.9744,8,b,Yes,Yes
bind_twin,data/twin_real/real_5000_00189.avi,5000,0,0,-0.5806,-9.2926,-11.7067,-12.1129,-11.6754,8,b,No,No
order_real,data/videos_real/int_5000ms/real_5000_00189_flip.avi,5000,0,0,-0.1271,-8.3603,-10.8291,-11.5634,-10.8603,8,b,No,No.
order_real,data/videos_real/int_5000ms/real_5000_00201.avi,5000,0,0,-0.5389,-9.3362,-12.094,-11.9299,-12.008,8,b,No,No.
order_rev,data/videos_real/int_5000ms/real_5000_00201.avi,5000,0,0,-0.863,-8.6302,-11.7162,-11.9349,-11.3958,8,b,No,No. The bass player continues playing the
moved_real,data/videos_real/int_5000ms/real_5000_00201.avi,5000,1,1,1.7181,-9.2928,-12.0662,-12.0819,-12.1834,8,b,Yes,Yes.
moved_twin,data/twin_real/real_5000_00201.avi,5000,0,1,1.7348,-9.2376,-12.0813,-12.0579,-12.1595,8,b,Yes,Yes.
order_twin,data/twin_real/real_5000_00201.avi,5000,-1,0,-0.4884,-9.3248,-12.1529,-11.9498,-12.0123,8,b,No,No.
bind_twin,data/twin_real/real_5000_00201.avi,5000,0,0,-0.4194,-10.1273,-12.8148,-12.7679,-12.6273,8,b,No,No
order_real,data/videos_real/int_5000ms/real_5000_00201_flip.avi,5000,1,0,-0.4752,-9.2286,-12.0411,-11.8536,-11.9396,8,b,No,No.
order_real,data/videos_real/int_5000ms/real_5000_00213.avi,5000,0,0,-0.7632,-8.6873,-11.6326,-11.8592,-11.1561,8,a,No,No.
order_rev,data/videos_real/int_5000ms/real_5000_00213.avi,5000,0,0,-0.2104,-8.838,-11.588,-12.0489,-11.0568,8,a,No,No.
moved_real,data/videos_real/int_5000ms/real_5000_00213.avi,5000,1,1,1.3126,-8.9008,-11.8617,-12.0571,-11.5024,8,a,Yes,Yes.
moved_twin,data/twin_real/real_5000_00213.avi,5000,0,1,0.8342,-8.8303,-11.7913,-12.1428,-11.385,8,a,Yes,Yes.
order_twin,data/twin_real/real_5000_00213.avi,5000,-1,0,-0.9694,-8.9321,-11.8462,-12.0884,-11.3071,8,a,No,No.
bind_twin,data/twin_real/real_5000_00213.avi,5000,1,0,-0.8411,-9.4228,-11.704,-12.0399,-11.4618,8,a,No,No
order_real,data/videos_real/int_5000ms/real_5000_00213_flip.avi,5000,1,0,-0.898,-8.9465,-11.6965,-12.0012,-11.2355,8,a,No,No.
order_real,data/videos_real/int_5000ms/real_5000_00225.avi,5000,0,0,-0.4884,-9.5422,-12.0344,-12.5422,-11.8001,8,a,No,No.
order_rev,data/videos_real/int_5000ms/real_5000_00225.avi,5000,0,0,-0.6975,-9.3731,-11.9825,-12.5762,-11.6231,8,a,No,No. The woman exercising started
moved_real,data/videos_real/int_5000ms/real_5000_00225.avi,5000,1,1,1.1483,-9.3784,-12.3394,-12.3316,-11.9097,8,a,Yes,Yes
moved_twin,data/twin_real/real_5000_00225.avi,5000,0,1,1.0141,-9.1119,-12.1119,-12.0806,-11.6822,8,a,Yes,Yes
order_twin,data/twin_real/real_5000_00225.avi,5000,-1,0,-0.5173,-9.5739,-12.1677,-12.5973,-11.8473,8,a,No,No.
bind_twin,data/twin_real/real_5000_00225.avi,5000,1,0,-1.0484,-10.2219,-12.6672,-12.925,-12.3391,8,a,No,No
order_real,data/videos_real/int_5000ms/real_5000_00225_flip.avi,5000,1,0,-0.4946,-9.5919,-12.2325,-12.6388,-11.8966,8,a,No,No.
order_real,data/videos_real/int_5000ms/real_5000_00237.avi,5000,1,0,-0.5532,-8.7605,-11.0652,-11.6042,-11.0964,8,b,No,No.
order_rev,data/videos_real/int_5000ms/real_5000_00237.avi,5000,1,0,-0.642,-8.9234,-11.4,-11.9312,-11.1187,8,b,No,No.
moved_real,data/videos_real/int_5000ms/real_5000_00237.avi,5000,1,1,0.3566,-8.6372,-11.2622,-11.5982,-11.2232,8,b,Yes,Yes
moved_twin,data/twin_real/real_5000_00237.avi,5000,0,1,0.4664,-8.5285,-11.216,-11.4973,-11.1301,8,b,Yes,Yes
order_twin,data/twin_real/real_5000_00237.avi,5000,-1,0,-0.6153,-8.7616,-11.1054,-11.6444,-11.1132,8,b,No,No.
bind_twin,data/twin_real/real_5000_00237.avi,5000,0,1,-0.0511,-9.3084,-11.1756,-11.9412,-11.5584,8,b,Yes,Yes
order_real,data/videos_real/int_5000ms/real_5000_00237_flip.avi,5000,0,0,-0.6079,-8.8893,-11.2175,-11.7721,-11.2565,8,b,No,No.
order_real,data/videos_real/int_5000ms/real_5000_00249.avi,5000,1,0,-0.511,-8.8434,-11.3356,-11.4215,-11.3903,8,b,No,No.
order_real,data/videos_real/int_5000ms/real_5000_00249_flip.avi,5000,0,0,-0.6078,-8.8306,-11.2837,-11.3853,-11.315,8,b,No,No.
order_real,data/videos_real/int_5000ms/real_5000_00261.avi,5000,0,0,-0.4809,-8.6253,-11.4143,-11.7893,-11.1253,8,a,No,No
order_real,data/videos_real/int_5000ms/real_5000_00261_flip.avi,5000,1,0,-0.4908,-8.801,-11.4025,-11.7385,-11.09,8,a,No,No
order_real,data/videos_real/int_5000ms/real_5000_00273.avi,5000,1,1,0.0719,-9.4192,-12.2786,-12.5208,-12.0052,8,a,Yes,Yes.
order_real,data/videos_real/int_5000ms/real_5000_00273_flip.avi,5000,0,1,0.2012,-9.417,-12.3623,-12.5967,-12.0967,8,a,Yes,Yes.
order_real,data/videos_real/int_5000ms/real_5000_00285.avi,5000,1,0,-0.4709,-8.9297,-11.414,-11.8672,-11.1797,8,b,No,No.
order_real,data/videos_real/int_5000ms/real_5000_00285_flip.avi,5000,0,0,-0.6211,-9.0728,-11.69,-11.979,-11.2837,8,b,No,No.
order_real,data/videos_real/int_5000ms/real_5000_00297.avi,5000,1,0,-0.8218,-8.8758,-11.6492,-12.157,-11.1492,8,b,No,No.
order_real,data/videos_real/int_5000ms/real_5000_00297_flip.avi,5000,0,0,-0.7191,-9.1206,-11.6596,-12.1206,-11.1831,8,b,No,No.
order_real,data/videos_real/int_5000ms/real_5000_00309.avi,5000,1,1,0.1286,-8.8282,-11.5078,-11.9063,-11.211,8,b,Yes,Yes.
order_real,data/videos_real/int_5000ms/real_5000_00309_flip.avi,5000,0,1,-0.0113,-8.9177,-11.5584,-12.0505,-11.2459,8,b,Yes,Yes.
order_real,data/videos_real/int_5000ms/real_5000_00321.avi,5000,1,0,-0.3819,-9.6173,-12.672,-12.5783,-12.1173,8,a,No,No.
order_real,data/videos_real/int_5000ms/real_5000_00321_flip.avi,5000,0,0,-0.2845,-9.6261,-12.7121,-12.6418,-12.1886,8,a,No,"No, the squirrel does not"
order_real,data/videos_real/int_5000ms/real_5000_00333.avi,5000,0,0,-0.4052,-8.8115,-11.499,-11.7256,-11.1553,8,a,No,No.
order_real,data/videos_real/int_5000ms/real_5000_00333_flip.avi,5000,1,0,-0.4049,-8.8013,-11.4184,-11.7622,-11.145,8,a,No,No.
order_real,data/videos_real/int_5000ms/real_5000_00345.avi,5000,1,1,0.1032,-8.8569,-11.8257,-12.2085,-11.5366,8,b,Yes,Yes.
order_real,data/videos_real/int_5000ms/real_5000_00345_flip.avi,5000,0,1,0.0303,-9.0918,-11.9981,-12.2949,-11.6074,8,b,Yes,Yes.
order_real,data/videos_real/int_5000ms/real_5000_00357.avi,5000,0,0,-0.0528,-9.6948,-12.0308,-12.8667,-11.9214,8,a,No,"No, the bowling pins did"
order_real,data/videos_real/int_5000ms/real_5000_00357_flip.avi,5000,1,1,-0.0096,-9.6458,-11.9114,-12.8333,-11.9192,8,a,Yes,Yes.
order_real,data/videos_real/int_5000ms/real_5000_00369.avi,5000,0,0,-0.5719,-9.4445,-12.1008,-12.0695,-11.8429,8,a,No,No.
order_real,data/videos_real/int_5000ms/real_5000_00369_flip.avi,5000,1,0,-0.4292,-9.3881,-12.0912,-11.974,-11.8334,8,a,No,No.
order_real,data/videos_real/int_5000ms/real_5000_00381.avi,5000,0,1,0.0756,-9.0743,-12.004,-12.1915,-11.4571,8,a,Yes,Yes
order_real,data/videos_real/int_5000ms/real_5000_00381_flip.avi,5000,1,1,0.3675,-9.1122,-12.0966,-12.2216,-11.5341,8,a,Yes,Yes
order_real,data/videos_real/int_5000ms/real_5000_00393.avi,5000,0,0,-0.243,-9.2222,-12.144,-12.4175,-11.5347,8,b,No,No.
order_real,data/videos_real/int_5000ms/real_5000_00393_flip.avi,5000,1,0,-0.1926,-9.1605,-11.9027,-12.309,-11.3793,8,b,No,No.
order_real,data/videos_real/int_5000ms/real_5000_00405.avi,5000,1,1,-0.1343,-8.5216,-10.8263,-11.6075,-10.7638,8,a,Yes,Yes
order_real,data/videos_real/int_5000ms/real_5000_00405_flip.avi,5000,0,1,-0.1888,-8.5421,-10.9014,-11.5655,-10.8155,8,a,Yes,Yes
order_real,data/videos_real/int_5000ms/real_5000_00417.avi,5000,1,0,-0.4397,-8.9425,-11.4503,-11.9894,-11.38,8,b,No,No.
order_real,data/videos_real/int_5000ms/real_5000_00417_flip.avi,5000,0,0,-0.4988,-9.0075,-11.5075,-12.0778,-11.445,8,b,No,No.
order_real,data/videos_real/int_5000ms/real_5000_00429.avi,5000,1,0,-0.8756,-9.2657,-11.8203,-12.2969,-11.2969,8,b,No,No.
order_real,data/videos_real/int_5000ms/real_5000_00429_flip.avi,5000,0,0,-1.0155,-9.3763,-11.9701,-12.3607,-11.3763,8,b,No,No.
order_real,data/videos_real/int_5000ms/real_5000_00441.avi,5000,0,0,-0.2008,-8.9677,-11.4911,-11.9989,-11.1161,8,a,No,No.
order_real,data/videos_real/int_5000ms/real_5000_00441_flip.avi,5000,1,0,-0.3664,-8.9285,-11.4597,-11.866,-11.0222,8,a,No,No.
order_real,data/videos_real/int_5000ms/real_5000_00453.avi,5000,0,0,-0.1491,-9.66,-12.7147,-12.6131,-12.2459,8,a,No,No.
order_real,data/videos_real/int_5000ms/real_5000_00453_flip.avi,5000,1,0,-0.1202,-9.6663,-12.6663,-12.5648,-12.1507,8,a,No,No.
order_real,data/videos_real/int_5000ms/real_5000_00465.avi,5000,0,0,-0.6384,-9.0505,-11.3552,-11.9568,-11.1834,8,a,No,No.
order_real,data/videos_real/int_5000ms/real_5000_00465_flip.avi,5000,1,0,-0.6894,-9.019,-11.2456,-11.8081,-11.0971,8,a,No,No
order_real,data/videos_real/int_5000ms/real_5000_00477.avi,5000,0,0,-0.4839,-8.9547,-11.3062,-11.1422,-11.1656,8,a,No,No.
order_real,data/videos_real/int_5000ms/real_5000_00477_flip.avi,5000,1,0,-0.2138,-9.0078,-11.336,-11.1485,-11.1953,8,a,No,No.
order_real,data/videos_real/int_5000ms/real_5000_00489.avi,5000,0,0,-0.6561,-9.2348,-11.6958,-12.0942,-11.4536,8,b,No,No.
order_real,data/videos_real/int_5000ms/real_5000_00489_flip.avi,5000,1,0,-0.6402,-9.2164,-11.5836,-12.0914,-11.4273,8,b,No,No.
order_real,data/videos_real/int_5000ms/real_5000_00501.avi,5000,1,0,-0.328,-8.6323,-11.4761,-11.5776,-11.1011,8,a,No,No
order_real,data/videos_real/int_5000ms/real_5000_00501_flip.avi,5000,0,1,-0.0468,-8.7522,-11.6585,-11.7835,-11.2679,8,a,Yes,Yes
order_real,data/videos_real/int_5000ms/real_5000_00513.avi,5000,1,1,0.1169,-9.2334,-12.1943,-11.3896,-11.8349,8,b,Yes,Yes.
order_real,data/videos_real/int_5000ms/real_5000_00513_flip.avi,5000,0,1,0.0389,-9.2686,-12.2061,-11.5108,-11.8389,8,b,Yes,Yes.
order_real,data/videos_real/int_5000ms/real_5000_00525.avi,5000,1,0,-0.0791,-8.8485,-11.6844,-12.4188,-11.6141,8,b,No,No.
order_real,data/videos_real/int_5000ms/real_5000_00525_flip.avi,5000,0,0,-0.2243,-8.8708,-11.6911,-12.4411,-11.613,8,b,No,No.
order_real,data/videos_real/int_5000ms/real_5000_00537.avi,5000,1,0,-0.1378,-8.9534,-11.2893,-11.7971,-11.2659,8,b,No,No.
order_real,data/videos_real/int_5000ms/real_5000_00537_flip.avi,5000,0,1,0.0095,-8.9601,-11.2648,-11.757,-11.3351,8,b,Yes,Yes.
order_real,data/videos_real/int_5000ms/real_5000_00549.avi,5000,0,0,-0.0963,-8.7138,-11.5185,-11.6045,-11.3076,8,b,No,No.
order_real,data/videos_real/int_5000ms/real_5000_00549_flip.avi,5000,1,0,-0.118,-8.7904,-11.5482,-11.6575,-11.3685,8,b,No,No.
order_real,data/videos_real/int_5000ms/real_5000_00561.avi,5000,0,0,-0.7483,-9.3468,-11.9484,-12.3156,-11.5734,8,a,No,No.
order_real,data/videos_real/int_5000ms/real_5000_00561_flip.avi,5000,1,0,-0.6533,-9.278,-11.9186,-12.2936,-11.567,8,a,No,No.
order_real,data/videos_real/int_5000ms/real_5000_00573.avi,5000,0,1,-0.0809,-8.6739,-11.2052,-11.4474,-10.9943,8,b,Yes,Yes
order_real,data/videos_real/int_5000ms/real_5000_00573_flip.avi,5000,1,0,-0.1438,-8.4742,-11.0445,-11.2789,-10.8492,8,b,No,No
order_real,data/videos_real/int_5000ms/real_5000_00585.avi,5000,0,0,-1.0002,-9.0791,-11.4385,-12.0713,-10.9541,8,b,No,No.
order_real,data/videos_real/int_5000ms/real_5000_00585_flip.avi,5000,1,0,-1.2309,-9.0811,-11.4639,-12.1045,-10.9717,8,b,No,No.
order_real,data/videos_real/int_5000ms/real_5000_00597.avi,5000,0,0,-0.192,-8.5891,-11.3157,-11.6594,-11.136,8,a,No,No.
order_real,data/videos_real/int_5000ms/real_5000_00597_flip.avi,5000,1,1,-0.0197,-8.4289,-11.2336,-11.4993,-11.0461,8,a,Yes,Yes
order_real,data/videos_real/int_7000ms/real_7000_00010.avi,7000,1,0,-0.8735,-9.5573,-12.0261,-12.5807,-11.4714,8,b,No,No.
order_rev,data/videos_real/int_7000ms/real_7000_00010.avi,7000,1,0,-0.9635,-9.2632,-11.7632,-12.6147,-11.396,8,b,No,No.
moved_real,data/videos_real/int_7000ms/real_7000_00010.avi,7000,1,1,2.2033,-9.8359,-12.7265,-12.7343,-12.1171,8,b,Yes,Yes.
moved_twin,data/twin_real/real_7000_00010.avi,7000,0,1,2.6524,-9.7735,-12.7423,-12.6407,-12.211,8,b,Yes,Yes.
order_twin,data/twin_real/real_7000_00010.avi,7000,-1,0,-0.6827,-9.3329,-11.8173,-12.3485,-11.3251,8,b,No,No.
bind_twin,data/twin_real/real_7000_00010.avi,7000,0,0,-1.067,-9.9862,-12.3143,-12.6346,-11.8768,8,b,No,No
order_real,data/videos_real/int_7000ms/real_7000_00010_flip.avi,7000,0,0,-0.7179,-9.3474,-11.8239,-12.3943,-11.3239,8,b,No,No.
order_real,data/videos_real/int_7000ms/real_7000_00022.avi,7000,1,0,-0.5975,-9.4518,-12.4831,-12.5846,-11.9206,8,b,No,No.
order_rev,data/videos_real/int_7000ms/real_7000_00022.avi,7000,1,0,-0.9962,-8.8911,-11.9458,-12.2504,-11.5239,8,b,No,No.
moved_real,data/videos_real/int_7000ms/real_7000_00022.avi,7000,1,1,1.0367,-9.1638,-12.3513,-12.2263,-11.8513,8,b,Yes,Yes.
moved_twin,data/twin_real/real_7000_00022.avi,7000,0,1,0.0605,-8.7711,-12.1851,-12.1148,-11.5992,8,b,Yes,Yes.
order_twin,data/twin_real/real_7000_00022.avi,7000,-1,0,-0.6682,-9.2905,-12.392,-12.5639,-11.8452,8,b,No,No.
bind_twin,data/twin_real/real_7000_00022.avi,7000,0,0,-1.3734,-9.8624,-12.7218,-12.9561,-12.3858,8,b,No,No
order_real,data/videos_real/int_7000ms/real_7000_00022_flip.avi,7000,0,0,-0.5771,-9.29,-12.3134,-12.4931,-11.79,8,b,No,No.
order_real,data/videos_real/int_7000ms/real_7000_00034.avi,7000,0,0,-0.4498,-9.5816,-12.2144,-12.5972,-11.8629,8,a,No,No.
order_rev,data/videos_real/int_7000ms/real_7000_00034.avi,7000,0,0,-0.4699,-9.2131,-12.2288,-12.2366,-11.8772,8,a,No,No.
moved_real,data/videos_real/int_7000ms/real_7000_00034.avi,7000,1,0,-0.5383,-9.2764,-12.378,-12.628,-12.003,8,a,No,No.
moved_twin,data/twin_real/real_7000_00034.avi,7000,0,0,-0.6952,-9.3808,-12.4668,-12.7089,-11.9511,8,a,No,No.
order_twin,data/twin_real/real_7000_00034.avi,7000,-1,0,-0.4802,-9.5304,-12.0929,-12.5617,-11.7257,8,a,No,No.
bind_twin,data/twin_real/real_7000_00034.avi,7000,1,0,-1.2958,-10.197,-12.486,-12.861,-12.3298,8,a,No,No
order_real,data/videos_real/int_7000ms/real_7000_00034_flip.avi,7000,1,0,-0.4452,-9.572,-12.0877,-12.5486,-11.7361,8,a,No,No.
order_real,data/videos_real/int_7000ms/real_7000_00046.avi,7000,1,0,-0.4028,-8.7265,-11.4374,-11.8046,-11.2968,8,a,No,No.
order_rev,data/videos_real/int_7000ms/real_7000_00046.avi,7000,1,0,-0.4841,-8.8471,-12.105,-12.23,-11.5034,8,a,No,No.
moved_real,data/videos_real/int_7000ms/real_7000_00046.avi,7000,1,0,-0.268,-8.7512,-11.97,-11.8528,-11.2903,8,a,No,No.
moved_twin,data/twin_real/real_7000_00046.avi,7000,0,0,-1.2119,-8.6126,-11.9016,-11.7298,-11.1126,8,a,No,No.
order_twin,data/twin_real/real_7000_00046.avi,7000,-1,0,-0.7025,-8.4241,-11.1975,-11.5491,-10.9866,8,a,No,No.
bind_twin,data/twin_real/real_7000_00046.avi,7000,1,0,-1.3038,-9.4451,-12.281,-12.4295,-12.0779,8,a,No,No
order_real,data/videos_real/int_7000ms/real_7000_00046_flip.avi,7000,0,0,-0.6327,-8.3836,-11.2429,-11.5632,-11.0164,8,a,No,No.
order_real,data/videos_real/int_7000ms/real_7000_00058.avi,7000,0,0,-0.7321,-9.2514,-12.1889,-12.2983,-11.7436,8,b,No,No.
order_rev,data/videos_real/int_7000ms/real_7000_00058.avi,7000,0,0,-0.2399,-8.7581,-12.0003,-11.9456,-11.4846,8,b,No,No. The boxer remains stationary
moved_real,data/videos_real/int_7000ms/real_7000_00058.avi,7000,1,1,0.7388,-8.8108,-11.9436,-11.8499,-11.6077,8,b,Yes,Yes.
moved_twin,data/twin_real/real_7000_00058.avi,7000,0,1,0.5465,-8.8242,-11.9883,-11.957,-11.6211,8,b,Yes,Yes.
order_twin,data/twin_real/real_7000_00058.avi,7000,-1,0,-0.43,-9.1381,-12.06,-12.2318,-11.6772,8,b,No,No.
bind_twin,data/twin_real/real_7000_00058.avi,7000,0,0,-0.3039,-9.5226,-12.4132,-12.6476,-12.171,8,b,No,No.
order_real,data/videos_real/int_7000ms/real_7000_00058_flip.avi,7000,1,0,-0.5948,-9.3221,-12.1814,-12.3455,-11.7283,8,b,No,No.
order_real,data/videos_real/int_7000ms/real_7000_00070.avi,7000,0,1,0.1126,-8.7283,-11.6814,-11.4314,-11.4627,8,a,Yes,Yes.
order_rev,data/videos_real/int_7000ms/real_7000_00070.avi,7000,0,0,-0.7665,-8.8698,-11.9714,-11.948,-11.1667,8,a,No,No.
moved_real,data/videos_real/int_7000ms/real_7000_00070.avi,7000,1,1,0.1298,-8.3091,-11.7778,-11.1997,-11.1685,8,a,Yes,Yes.
moved_twin,data/twin_real/real_7000_00070.avi,7000,0,1,0.4267,-8.2987,-11.7206,-11.2128,-11.1034,8,a,Yes,Yes.
order_twin,data/twin_real/real_7000_00070.avi,7000,-1,1,0.1274,-8.6654,-11.5404,-11.4232,-11.3138,8,a,Yes,Yes.
bind_twin,data/twin_real/real_7000_00070.avi,7000,1,1,0.3162,-9.0901,-11.6917,-11.6292,-11.6917,8,a,Yes,Yes
order_real,data/videos_real/int_7000ms/real_7000_00070_flip.avi,7000,1,1,0.0268,-8.7976,-11.7117,-11.532,-11.4695,8,a,Yes,Yes.
order_real,data/videos_real/int_7000ms/real_7000_00082.avi,7000,1,0,-0.7309,-9.1572,-11.7744,-12.5244,-11.3369,8,a,No,No.
order_rev,data/videos_real/int_7000ms/real_7000_00082.avi,7000,1,0,-0.9178,-8.7271,-11.6021,-12.2662,-11.1255,8,a,No,No.
moved_real,data/videos_real/int_7000ms/real_7000_00082.avi,7000,1,1,0.5844,-8.6461,-11.3883,-11.9039,-10.982,8,a,Yes,Yes
moved_twin,data/twin_real/real_7000_00082.avi,7000,0,1,0.7921,-8.5226,-11.2648,-11.8195,-10.882,8,a,Yes,Yes
order_twin,data/twin_real/real_7000_00082.avi,7000,-1,0,-0.5008,-9.0756,-11.7318,-12.3724,-11.2865,8,a,No,No.
bind_twin,data/twin_real/real_7000_00082.avi,7000,1,0,-0.4483,-8.8348,-11.3895,-12.0301,-11.1317,8,a,No,No
order_real,data/videos_real/int_7000ms/real_7000_00082_flip.avi,7000,0,0,-0.6153,-9.0624,-11.8437,-12.4765,-11.2655,8,a,No,No.
order_real,data/videos_real/int_7000ms/real_7000_00094.avi,7000,1,0,-0.2038,-8.795,-11.6388,-11.9122,-11.3263,8,a,No,No.
order_rev,data/videos_real/int_7000ms/real_7000_00094.avi,7000,1,0,-0.7638,-8.7632,-11.9663,-12.2007,-11.3257,8,a,No,No.
moved_real,data/videos_real/int_7000ms/real_7000_00094.avi,7000,1,1,0.488,-8.529,-11.7322,-11.7712,-11.3025,8,a,Yes,Yes
moved_twin,data/twin_real/real_7000_00094.avi,7000,0,1,0.5407,-8.633,-11.7971,-11.7971,-11.3752,8,a,Yes,Yes
order_twin,data/twin_real/real_7000_00094.avi,7000,-1,0,-0.2009,-8.9552,-11.713,-12.088,-11.4552,8,a,No,No.
bind_twin,data/twin_real/real_7000_00094.avi,7000,1,0,-0.1956,-9.6857,-12.0998,-12.3967,-12.0217,8,a,No,No
order_real,data/videos_real/int_7000ms/real_7000_00094_flip.avi,7000,0,0,-0.2588,-8.6638,-11.531,-11.8122,-11.2263,8,a,No,No.
order_real,data/videos_real/int_7000ms/real_7000_00106.avi,7000,0,0,-0.198,-8.7097,-11.78,-12.2175,-11.7019,8,a,No,No.
order_rev,data/videos_real/int_7000ms/real_7000_00106.avi,7000,0,0,-0.5241,-8.9472,-12.0019,-12.3769,-11.5722,8,a,No,No.
moved_real,data/videos_real/int_7000ms/real_7000_00106.avi,7000,1,0,-0.2795,-8.7026,-11.8432,-11.8432,-11.3354,8,a,No,No
moved_twin,data/twin_real/real_7000_00106.avi,7000,0,0,-0.3477,-8.5949,-11.759,-11.7355,-11.2355,8,a,No,No
order_twin,data/twin_real/real_7000_00106.avi,7000,-1,0,-0.4055,-8.5888,-11.7059,-12.0966,-11.5419,8,a,No,No.
bind_twin,data/twin_real/real_7000_00106.avi,7000,1,1,-0.0653,-8.9964,-11.348,-11.7621,-11.4261,8,a,Yes,Yes
order_real,data/videos_real/int_7000ms/real_7000_00106_flip.avi,7000,1,0,-0.2502,-8.85,-11.8578,-12.2093,-11.639,8,a,No,No.
order_real,data/videos_real/int_7000ms/real_7000_00118.avi,7000,0,1,-0.0535,-8.7806,-11.4368,-11.9056,-10.929,8,b,Yes,Yes.
order_rev,data/videos_real/int_7000ms/real_7000_00118.avi,7000,0,0,-0.89,-8.8353,-11.6869,-12.015,-10.976,8,b,No,No.
moved_real,data/videos_real/int_7000ms/real_7000_00118.avi,7000,1,1,2.1992,-9.2625,-12.2781,-12.114,-11.5437,8,b,Yes,Yes
moved_twin,data/twin_real/real_7000_00118.avi,7000,0,1,1.9332,-9.1717,-12.2655,-12.1249,-11.4374,8,b,Yes,Yes.
order_twin,data/twin_real/real_7000_00118.avi,7000,-1,1,-0.0081,-8.8373,-11.5795,-12.1029,-11.1029,8,b,Yes,Yes.
bind_twin,data/twin_real/real_7000_00118.avi,7000,0,1,0.5113,-9.2245,-11.7088,-11.912,-11.4823,8,b,Yes,Yes
order_real,data/videos_real/int_7000ms/real_7000_00118_flip.avi,7000,1,1,0.0126,-8.662,-11.3495,-11.7402,-10.787,8,b,Yes,Yes.
order_real,data/videos_real/int_7000ms/real_7000_00130.avi,7000,1,1,-0.0049,-8.8621,-11.1278,-11.8778,-10.9481,8,a,Yes,Yes.
order_rev,data/videos_real/int_7000ms/real_7000_00130.avi,7000,1,0,-1.19,-8.9926,-11.7973,-12.1176,-11.1723,8,a,No,No.
moved_real,data/videos_real/int_7000ms/real_7000_00130.avi,7000,1,1,1.9029,-8.751,-11.4463,-11.5791,-11.2197,8,a,Yes,Yes.
moved_twin,data/twin_real/real_7000_00130.avi,7000,0,1,2.1069,-8.9154,-11.6107,-11.6342,-11.4154,8,a,Yes,Yes
order_twin,data/twin_real/real_7000_00130.avi,7000,-1,1,0.0142,-8.9287,-11.2334,-11.8662,-11.0224,8,a,Yes,Yes
bind_twin,data/twin_real/real_7000_00130.avi,7000,1,1,0.541,-9.7161,-11.9505,-12.3411,-11.9895,8,a,Yes,Yes
order_real,data/videos_real/int_7000ms/real_7000_00130_flip.avi,7000,0,1,0.0102,-8.9558,-11.2371,-11.8465,-11.0027,8,a,Yes,Yes.
order_real,data/videos_real/int_7000ms/real_7000_00142.avi,7000,1,0,-0.5791,-9.1037,-11.7365,-11.4162,-11.4552,8,b,No,No.
order_rev,data/videos_real/int_7000ms/real_7000_00142.avi,7000,1,0,-0.9628,-8.7589,-11.4777,-11.7042,-11.2824,8,b,No,No.
moved_real,data/videos_real/int_7000ms/real_7000_00142.avi,7000,1,1,1.5441,-9.3428,-12.2959,-11.3428,-12.0147,8,b,Yes,Yes.
moved_twin,data/twin_real/real_7000_00142.avi,7000,0,1,0.915,-9.3121,-12.4293,-11.484,-11.9684,8,b,Yes,Yes.
order_twin,data/twin_real/real_7000_00142.avi,7000,-1,0,-0.7275,-9.1935,-11.9826,-11.506,-11.6467,8,b,No,No.
bind_twin,data/twin_real/real_7000_00142.avi,7000,0,0,-0.6648,-10.1207,-12.4176,-11.7379,-12.2379,8,b,No,No
order_real,data/videos_real/int_7000ms/real_7000_00142_flip.avi,7000,0,0,-0.7731,-9.2221,-12.0346,-11.5736,-11.6205,8,b,No,No.
order_real,data/videos_real/int_7000ms/real_7000_00154.avi,7000,1,0,-0.3363,-8.8074,-11.9949,-12.3387,-11.573,8,b,No,No.
order_rev,data/videos_real/int_7000ms/real_7000_00154.avi,7000,1,0,-0.7595,-8.5928,-11.8662,-11.9756,-11.2334,8,b,No,No.
moved_real,data/videos_real/int_7000ms/real_7000_00154.avi,7000,1,1,0.4927,-8.3824,-12.3199,-12.148,-11.6246,8,b,Yes,Yes.
moved_twin,data/twin_real/real_7000_00154.avi,7000,0,0,-0.1038,-8.5688,-12.2797,-12.186,-11.5453,8,b,No,No.
order_twin,data/twin_real/real_7000_00154.avi,7000,-1,0,-0.4545,-9.0956,-12.0487,-12.494,-11.6503,8,b,No,No.
bind_twin,data/twin_real/real_7000_00154.avi,7000,0,0,-1.3822,-9.9477,-12.7915,-12.893,-12.3305,8,b,No,No
order_real,data/videos_real/int_7000ms/real_7000_00154_flip.avi,7000,0,0,-0.3848,-8.9367,-11.921,-12.3351,-11.5382,8,b,No,No.
order_real,data/videos_real/int_7000ms/real_7000_00166.avi,7000,1,0,-0.7327,-9.4104,-12.1213,-12.3245,-11.5979,8,a,No,No.
order_rev,data/videos_real/int_7000ms/real_7000_00166.avi,7000,1,0,-0.2958,-9.0838,-12.1073,-12.3495,-11.6073,8,a,No,No
moved_real,data/videos_real/int_7000ms/real_7000_00166.avi,7000,1,1,0.906,-9.168,-12.4414,-12.4102,-11.7227,8,a,Yes,Yes.
moved_twin,data/twin_real/real_7000_00166.avi,7000,0,1,0.8098,-8.9722,-12.1363,-12.2457,-11.5582,8,a,Yes,Yes.
order_twin,data/twin_real/real_7000_00166.avi,7000,-1,0,-0.7719,-9.3079,-11.8861,-12.2064,-11.4642,8,a,No,No.
bind_twin,data/twin_real/real_7000_00166.avi,7000,1,0,-0.4341,-10.0549,-12.6174,-12.8205,-12.3518,8,a,No,No
order_real,data/videos_real/int_7000ms/real_7000_00166_flip.avi,7000,0,0,-0.7936,-9.3811,-11.9904,-12.2482,-11.5451,8,a,No,No.
order_real,data/videos_real/int_7000ms/real_7000_00178.avi,7000,1,0,-0.4368,-9.0366,-11.4976,-12.0523,-11.3179,8,a,No,No.
order_rev,data/videos_real/int_7000ms/real_7000_00178.avi,7000,1,0,-0.2715,-8.8586,-11.4992,-12.1555,-11.2648,8,a,No,No. The juggler started performing
moved_real,data/videos_real/int_7000ms/real_7000_00178.avi,7000,1,1,1.703,-8.9854,-11.8682,-11.9698,-11.4463,8,a,Yes,Yes.
moved_twin,data/twin_real/real_7000_00178.avi,7000,0,1,1.094,-8.7952,-11.8733,-11.967,-11.3342,8,a,Yes,Yes.
order_twin,data/twin_real/real_7000_00178.avi,7000,-1,0,-0.6637,-9.0064,-11.4595,-12.0689,-11.2564,8,a,No,No.
bind_twin,data/twin_real/real_7000_00178.avi,7000,1,0,-0.8378,-9.5045,-11.7623,-12.0513,-11.5826,8,a,No,No
order_real,data/videos_real/int_7000ms/real_7000_00178_flip.avi,7000,0,0,-0.692,-9.1076,-11.5607,-12.1701,-11.381,8,a,No,No.
order_real,data/videos_real/int_7000ms/real_7000_00190.avi,7000,1,1,0.087,-9.3365,-11.9771,-12.2583,-11.2974,8,a,Yes,Yes
order_rev,data/videos_real/int_7000ms/real_7000_00190.avi,7000,1,1,0.2743,-9.3717,-12.1998,-12.606,-11.6998,8,a,Yes,Yes.
moved_real,data/videos_real/int_7000ms/real_7000_00190.avi,7000,1,1,1.4824,-9.4276,-12.3963,-12.3495,-11.5916,8,a,Yes,Yes
moved_twin,data/twin_real/real_7000_00190.avi,7000,0,1,2.4543,-9.4474,-12.4864,-12.2989,-11.8145,8,a,Yes,Yes
order_twin,data/twin_real/real_7000_00190.avi,7000,-1,1,0.2543,-9.2578,-11.9218,-12.2109,-11.2499,8,a,Yes,Yes.
bind_twin,data/twin_real/real_7000_00190.avi,7000,1,0,-1.4513,-9.8914,-12.2195,-12.657,-11.7352,8,a,No,No
order_real,data/videos_real/int_7000ms/real_7000_00190_flip.avi,7000,0,1,0.0776,-9.2578,-11.8906,-12.1796,-11.2265,8,a,Yes,Yes.
order_real,data/videos_real/int_7000ms/real_7000_00202.avi,7000,1,0,-0.8091,-9.176,-11.5901,-12.1526,-11.2073,8,b,No,No
order_rev,data/videos_real/int_7000ms/real_7000_00202.avi,7000,1,0,-0.5625,-8.957,-11.3398,-11.9492,-10.8476,8,b,No,No
moved_real,data/videos_real/int_7000ms/real_7000_00202.avi,7000,1,1,0.4255,-9.1843,-11.8405,-11.9421,-11.4577,8,b,Yes,Yes
moved_twin,data/twin_real/real_7000_00202.avi,7000,0,1,-0.0611,-9.1364,-11.9411,-11.9332,-11.4098,8,b,Yes,Yes
order_twin,data/twin_real/real_7000_00202.avi,7000,-1,0,-0.9553,-9.1132,-11.6132,-12.0976,-11.1366,8,b,No,No
bind_twin,data/twin_real/real_7000_00202.avi,7000,0,0,-1.0732,-9.4977,-11.5993,-11.9821,-11.443,8,b,No,No
order_real,data/videos_real/int_7000ms/real_7000_00202_flip.avi,7000,0,0,-0.7152,-9.2533,-11.7689,-12.2142,-11.308,8,b,No,No
order_real,data/videos_real/int_7000ms/real_7000_00214.avi,7000,1,0,-0.3481,-8.2371,-10.823,-11.2605,-10.8933,8,a,No,No.
order_rev,data/videos_real/int_7000ms/real_7000_00214.avi,7000,1,0,-0.9753,-8.6147,-11.3725,-11.5834,-10.9897,8,a,No,No.
moved_real,data/videos_real/int_7000ms/real_7000_00214.avi,7000,1,1,1.0102,-8.6296,-11.3327,-11.6139,-11.2858,8,a,Yes,Yes.
moved_twin,data/twin_real/real_7000_00214.avi,7000,0,1,0.8873,-8.7146,-11.5115,-11.699,-11.3084,8,a,Yes,Yes.
order_twin,data/twin_real/real_7000_00214.avi,7000,-1,0,-0.3224,-8.2634,-10.7478,-11.1696,-10.7946,8,a,No,No.
bind_twin,data/twin_real/real_7000_00214.avi,7000,1,1,0.3123,-9.6086,-11.7883,-12.0851,-11.882,8,a,Yes,Yes
order_real,data/videos_real/int_7000ms/real_7000_00214_flip.avi,7000,0,0,-0.3818,-8.511,-10.9954,-11.4094,-10.9954,8,a,No,No.
order_real,data/videos_real/int_7000ms/real_7000_00226.avi,7000,0,0,-1.0837,-9.3265,-11.7874,-12.2484,-10.9202,8,a,No,No.
order_rev,data/videos_real/int_7000ms/real_7000_00226.avi,7000,0,0,-0.2231,-8.8412,-11.3803,-11.9193,-10.7553,8,a,No,No.
moved_real,data/videos_real/int_7000ms/real_7000_00226.avi,7000,1,1,1.2021,-8.4992,-11.3898,-11.4055,-10.7023,8,a,Yes,Yes
moved_twin,data/twin_real/real_7000_00226.avi,7000,0,1,0.9698,-8.4809,-11.6372,-11.4809,-10.6997,8,a,Yes,Yes.
order_twin,data/twin_real/real_7000_00226.avi,7000,-1,0,-1.1574,-9.3363,-11.9535,-12.3442,-11.016,8,a,No,No.
bind_twin,data/twin_real/real_7000_00226.avi,7000,1,1,-0.0434,-9.3292,-11.5949,-11.8058,-11.1808,8,a,Yes,Yes
order_real,data/videos_real/int_7000ms/real_7000_00226_flip.avi,7000,1,0,-1.344,-9.3506,-11.7334,-12.1631,-10.8428,8,a,No,No.
order_real,data/videos_real/int_7000ms/real_7000_00238.avi,7000,1,0,-0.1402,-8.8262,-11.4747,-12.2481,-11.3965,8,a,No,No.
order_rev,data/videos_real/int_7000ms/real_7000_00238.avi,7000,1,0,-0.6163,-8.9548,-11.697,-12.0954,-11.3454,8,a,No,No. The archer moves before the
moved_real,data/videos_real/int_7000ms/real_7000_00238.avi,7000,1,1,1.215,-8.8925,-11.8612,-12.1737,-11.5643,8,a,Yes,Yes.
moved_twin,data/twin_real/real_7000_00238.avi,7000,0,1,1.4987,-8.8917,-11.9308,-12.1339,-11.6261,8,a,Yes,Yes.
order_twin,data/twin_real/real_7000_00238.avi,7000,-1,1,-0.0499,-8.67,-11.4044,-12.1309,-11.3419,8,a,Yes,Yes
bind_twin,data/twin_real/real_7000_00238.avi,7000,1,1,0.3597,-9.503,-12.1202,-12.5186,-12.0733,8,a,Yes,Yes
order_real,data/videos_real/int_7000ms/real_7000_00238_flip.avi,7000,0,1,-0.0319,-8.9919,-11.7497,-12.4763,-11.6169,8,a,Yes,Yes.
order_real,data/videos_real/int_7000ms/real_7000_00250.avi,7000,0,0,-0.6227,-9.2195,-11.7507,-12.071,-11.1726,8,a,No,No
order_real,data/videos_real/int_7000ms/real_7000_00250_flip.avi,7000,1,0,-0.5794,-9.1209,-11.66,-12.0818,-11.074,8,a,No,No
order_real,data/videos_real/int_7000ms/real_7000_00262.avi,7000,0,0,-0.148,-9.0389,-11.5624,-12.1014,-11.6014,8,a,No,No.
order_real,data/videos_real/int_7000ms/real_7000_00262_flip.avi,7000,1,0,-0.2099,-9.0917,-11.6464,-12.1932,-11.6229,8,a,No,No.
order_real,data/videos_real/int_7000ms/real_7000_00274.avi,7000,0,1,-0.0052,-8.571,-11.61,-11.8991,-11.3991,8,a,Yes,Yes
order_real,data/videos_real/int_7000ms/real_7000_00274_flip.avi,7000,1,1,0.0665,-8.461,-11.4532,-11.8047,-11.3282,8,a,Yes,Yes
order_real,data/videos_real/int_7000ms/real_7000_00286.avi,7000,1,0,-0.3971,-9.3401,-11.8869,-12.2698,-11.5666,8,a,No,No.
order_real,data/videos_real/int_7000ms/real_7000_00286_flip.avi,7000,0,0,-0.568,-9.382,-11.9132,-12.2648,-11.5929,8,a,No,No.
order_real,data/videos_real/int_7000ms/real_7000_00298.avi,7000,1,0,-0.2342,-8.6288,-11.3242,-11.6601,-11.2773,8,a,No,No.
order_real,data/videos_real/int_7000ms/real_7000_00298_flip.avi,7000,0,0,-0.2379,-8.7069,-11.3084,-11.6756,-11.3163,8,a,No,No.
order_real,data/videos_real/int_7000ms/real_7000_00310.avi,7000,1,1,0.0597,-8.5626,-11.5079,-11.7657,-11.1876,8,b,Yes,Yes
order_real,data/videos_real/int_7000ms/real_7000_00310_flip.avi,7000,0,0,-0.095,-8.7869,-11.5994,-11.8494,-11.2712,8,b,No,No.
order_real,data/videos_real/int_7000ms/real_7000_00322.avi,7000,0,0,-0.3753,-8.6205,-11.847,-12.433,-11.558,8,a,No,No.
order_real,data/videos_real/int_7000ms/real_7000_00322_flip.avi,7000,1,1,0.2151,-8.8786,-12.0505,-12.6911,-11.7771,8,a,Yes,Yes.
order_real,data/videos_real/int_7000ms/real_7000_00334.avi,7000,0,0,-0.9048,-9.1237,-11.6315,-11.4206,-11.4128,8,b,No,No.
order_real,data/videos_real/int_7000ms/real_7000_00334_flip.avi,7000,1,0,-0.8682,-9.3669,-11.8044,-11.656,-11.5779,8,b,No,No
order_real,data/videos_real/int_7000ms/real_7000_00346.avi,7000,1,0,-0.9102,-8.8511,-11.3277,-11.8589,-11.0621,8,b,No,No.
order_real,data/videos_real/int_7000ms/real_7000_00346_flip.avi,7000,0,0,-0.6209,-8.9305,-11.4383,-11.9851,-11.1805,8,b,No,No.
order_real,data/videos_real/int_7000ms/real_7000_00358.avi,7000,0,0,-0.2557,-9.0238,-11.5785,-11.7426,-11.391,8,b,No,No.
order_real,data/videos_real/int_7000ms/real_7000_00358_flip.avi,7000,1,0,-0.4213,-8.7826,-11.4311,-11.6264,-11.2358,8,b,No,No.
order_real,data/videos_real/int_7000ms/real_7000_00370.avi,7000,0,1,0.0146,-9.2725,-11.5928,-11.8194,-11.2569,8,a,Yes,Yes
order_real,data/videos_real/int_7000ms/real_7000_00370_flip.avi,7000,1,1,-0.0546,-9.3288,-11.7585,-12.0241,-11.4225,8,a,Yes,Yes
order_real,data/videos_real/int_7000ms/real_7000_00382.avi,7000,0,0,-0.597,-8.9228,-11.4853,-12.1728,-11.3369,8,a,No,No.
order_real,data/videos_real/int_7000ms/real_7000_00382_flip.avi,7000,1,0,-0.5664,-8.9731,-11.4106,-12.1293,-11.2699,8,a,No,No.
order_real,data/videos_real/int_7000ms/real_7000_00394.avi,7000,1,0,-0.9743,-9.8191,-12.5379,-12.9832,-12.1629,8,b,No,No.
order_real,data/videos_real/int_7000ms/real_7000_00394_flip.avi,7000,0,0,-1.028,-9.7739,-12.4849,-12.9224,-12.1645,8,b,No,No.
order_real,data/videos_real/int_7000ms/real_7000_00406.avi,7000,0,0,-0.2878,-9.13,-11.544,-12.0362,-10.9737,8,a,No,No
order_real,data/videos_real/int_7000ms/real_7000_00406_flip.avi,7000,1,0,-0.1722,-8.8801,-11.1145,-11.7473,-10.6145,8,a,No,No
order_real,data/videos_real/int_7000ms/real_7000_00418.avi,7000,0,0,-0.9187,-10.0671,-12.5983,-13.0046,-12.1374,8,b,No,No.
order_real,data/videos_real/int_7000ms/real_7000_00418_flip.avi,7000,1,0,-1.0113,-10.0412,-12.5021,-12.9084,-12.1584,8,b,No,No.
order_real,data/videos_real/int_7000ms/real_7000_00430.avi,7000,1,0,-0.5319,-8.7656,-10.9766,-11.8281,-11.1016,8,a,No,No.
order_real,data/videos_real/int_7000ms/real_7000_00430_flip.avi,7000,0,0,-0.7084,-8.8623,-11.0654,-11.8857,-11.0889,8,a,No,No.
order_real,data/videos_real/int_7000ms/real_7000_00442.avi,7000,1,0,-0.6332,-9.3388,-11.5497,-12.1044,-11.2997,8,a,No,No
order_real,data/videos_real/int_7000ms/real_7000_00442_flip.avi,7000,0,0,-0.541,-9.4108,-11.5983,-12.2077,-11.317,8,a,No,No
order_real,data/videos_real/int_7000ms/real_7000_00454.avi,7000,1,0,-0.5058,-8.8823,-11.3901,-11.5151,-11.0776,8,b,No,No.
order_real,data/videos_real/int_7000ms/real_7000_00454_flip.avi,7000,0,0,-0.6201,-8.8707,-11.402,-11.4567,-11.0582,8,b,No,No.
order_real,data/videos_real/int_7000ms/real_7000_00466.avi,7000,0,0,-0.2865,-9.412,-11.9588,-12.3104,-11.4276,8,a,No,No.
order_real,data/videos_real/int_7000ms/real_7000_00466_flip.avi,7000,1,0,-0.3273,-9.4797,-11.9641,-12.2766,-11.425,8,a,No,No.
order_real,data/videos_real/int_7000ms/real_7000_00478.avi,7000,1,1,0.0927,-8.9462,-11.8134,-12.1571,-11.4618,8,b,Yes,Yes.
order_real,data/videos_real/int_7000ms/real_7000_00478_flip.avi,7000,0,1,0.0754,-8.7652,-11.7808,-12.0543,-11.3668,8,b,Yes,Yes.
order_real,data/videos_real/int_7000ms/real_7000_00490.avi,7000,0,0,-0.2291,-8.446,-11.4773,-11.1101,-11.1726,8,b,No,No.
order_real,data/videos_real/int_7000ms/real_7000_00490_flip.avi,7000,1,0,-0.3531,-8.4323,-11.4088,-11.0182,-11.1354,8,b,No,No.
order_real,data/videos_real/int_7000ms/real_7000_00502.avi,7000,0,0,-0.5594,-9.2685,-12.1201,-12.1435,-11.7919,8,b,No,No.
order_real,data/videos_real/int_7000ms/real_7000_00502_flip.avi,7000,1,0,-0.3605,-9.2216,-11.9794,-12.0419,-11.6904,8,b,No,No.
order_real,data/videos_real/int_7000ms/real_7000_00514.avi,7000,0,0,-1.0829,-9.009,-11.6809,-11.5168,-11.3918,8,a,No,No.
order_real,data/videos_real/int_7000ms/real_7000_00514_flip.avi,7000,1,0,-0.8745,-9.0416,-11.6666,-11.6119,-11.3931,8,a,No,No.
order_real,data/videos_real/int_7000ms/real_7000_00526.avi,7000,1,0,-0.8969,-9.0925,-11.6003,-12.1472,-11.405,8,a,No,No.
order_real,data/videos_real/int_7000ms/real_7000_00526_flip.avi,7000,0,0,-0.8743,-9.0643,-11.744,-12.0799,-11.4393,8,a,No,No.
order_real,data/videos_real/int_7000ms/real_7000_00538.avi,7000,0,0,-0.5542,-9.6214,-12.0276,-12.5511,-11.5667,8,b,No,No
order_real,data/videos_real/int_7000ms/real_7000_00538_flip.avi,7000,1,0,-0.4777,-9.635,-12.0256,-12.4709,-11.5256,8,b,No,No
order_real,data/videos_real/int_7000ms/real_7000_00550.avi,7000,0,0,-0.5618,-9.1526,-11.6682,-11.9494,-11.0588,8,b,No,No
order_real,data/videos_real/int_7000ms/real_7000_00550_flip.avi,7000,1,0,-0.5404,-9.2541,-11.7541,-12.1213,-11.1838,8,b,No,No
order_real,data/videos_real/int_7000ms/real_7000_00562.avi,7000,1,0,-0.2327,-9.3525,-12.2432,-11.9463,-11.8916,8,a,No,No.
order_real,data/videos_real/int_7000ms/real_7000_00562_flip.avi,7000,0,0,-0.315,-9.534,-12.4012,-12.0574,-12.0027,8,a,No,No.
order_real,data/videos_real/int_7000ms/real_7000_00574.avi,7000,0,1,0.1173,-8.6375,-11.4969,-11.9422,-11.0672,8,a,Yes,Yes
order_real,data/videos_real/int_7000ms/real_7000_00574_flip.avi,7000,1,1,0.204,-8.935,-11.5444,-12.1616,-11.1928,8,a,Yes,Yes
order_real,data/videos_real/int_7000ms/real_7000_00586.avi,7000,1,0,-0.1099,-8.7383,-11.6758,-11.2148,-11.4023,8,a,No,No.
order_real,data/videos_real/int_7000ms/real_7000_00586_flip.avi,7000,0,1,-0.1191,-8.7339,-11.5308,-11.1167,-11.2964,8,a,Yes,Yes.
order_real,data/videos_real/int_7000ms/real_7000_00598.avi,7000,1,0,-0.4487,-9.5076,-11.7341,-12.3982,-11.1794,8,a,No,No
order_real,data/videos_real/int_7000ms/real_7000_00598_flip.avi,7000,0,0,-0.3966,-9.4592,-11.6857,-12.3888,-11.1623,8,a,No,No
order_real,data/videos_real/int_10000ms/real_10000_00011.avi,10000,0,0,-0.4003,-8.9645,-11.3864,-11.9332,-11.3786,8,a,No,No.
order_rev,data/videos_real/int_10000ms/real_10000_00011.avi,10000,0,0,-0.6208,-8.8595,-11.5548,-12.047,-11.3986,8,a,No,No.
moved_real,data/videos_real/int_10000ms/real_10000_00011.avi,10000,1,1,0.521,-9.0249,-11.9311,-12.1265,-11.6577,8,a,Yes,Yes
moved_twin,data/twin_real/real_10000_00011.avi,10000,0,1,0.3857,-9.0453,-11.8969,-12.0844,-11.5453,8,a,Yes,Yes
order_twin,data/twin_real/real_10000_00011.avi,10000,-1,0,-0.4598,-8.9886,-11.4495,-12.012,-11.4026,8,a,No,No.
bind_twin,data/twin_real/real_10000_00011.avi,10000,1,1,1.5568,-10.0411,-12.1895,-12.6817,-12.4786,8,a,Yes,Yes
order_real,data/videos_real/int_10000ms/real_10000_00011_flip.avi,10000,1,0,-0.2486,-9.0354,-11.4494,-12.0354,-11.4338,8,a,No,No.
order_real,data/videos_real/int_10000ms/real_10000_00023.avi,10000,0,0,-0.6697,-8.5114,-11.5896,-11.3708,-10.9411,8,b,No,No.
order_rev,data/videos_real/int_10000ms/real_10000_00023.avi,10000,0,0,-1.1402,-8.5568,-11.6036,-11.5802,-10.8614,8,b,No,No.
moved_real,data/videos_real/int_10000ms/real_10000_00023.avi,10000,1,1,-0.0353,-8.3522,-11.6568,-11.5475,-11.024,8,b,Yes,Yes.
moved_twin,data/twin_real/real_10000_00023.avi,10000,0,1,0.3233,-8.371,-11.5741,-11.5272,-11.0741,8,b,Yes,Yes.
order_twin,data/twin_real/real_10000_00023.avi,10000,-1,0,-0.3153,-8.493,-11.4774,-11.3524,-10.8993,8,b,No,No.
bind_twin,data/twin_real/real_10000_00023.avi,10000,0,1,0.2733,-9.1772,-11.81,-12.0678,-11.7553,8,b,Yes,Yes
order_real,data/videos_real/int_10000ms/real_10000_00023_flip.avi,10000,1,0,-0.8215,-8.5588,-11.6291,-11.3322,-10.926,8,b,No,No.
order_real,data/videos_real/int_10000ms/real_10000_00035.avi,10000,1,0,-0.4418,-9.0699,-11.9684,-12.0152,-11.5465,8,b,No,No.
order_rev,data/videos_real/int_10000ms/real_10000_00035.avi,10000,1,0,-0.5002,-9.0015,-11.7437,-12.2281,-11.5484,8,b,No,No.
moved_real,data/videos_real/int_10000ms/real_10000_00035.avi,10000,1,1,0.3866,-8.915,-12.2275,-11.9541,-11.5791,8,b,Yes,Yes.
moved_twin,data/twin_real/real_10000_00035.avi,10000,0,1,-0.1537,-9.0053,-12.1225,-12.0287,-11.4194,8,b,Yes,Yes
order_twin,data/twin_real/real_10000_00035.avi,10000,-1,0,-0.599,-9.0913,-11.6616,-11.9741,-11.3569,8,b,No,No.
bind_twin,data/twin_real/real_10000_00035.avi,10000,0,0,-2.0651,-10.3429,-12.7648,-12.9288,-12.4445,8,b,No,No
order_real,data/videos_real/int_10000ms/real_10000_00035_flip.avi,10000,0,0,-0.3727,-9.0272,-11.6991,-12.0272,-11.4178,8,b,No,No.
order_real,data/videos_real/int_10000ms/real_10000_00047.avi,10000,0,0,-0.7715,-9.5971,-11.9956,-12.3862,-11.6049,8,a,No,No.
order_rev,data/videos_real/int_10000ms/real_10000_00047.avi,10000,0,0,-0.2761,-8.7332,-11.3738,-11.6629,-11.2254,8,a,No,No. The ballerina moved before
moved_real,data/videos_real/int_10000ms/real_10000_00047.avi,10000,1,1,0.3073,-9.1989,-12.238,-12.1833,-11.6208,8,a,Yes,Yes
moved_twin,data/twin_real/real_10000_00047.avi,10000,0,1,0.0667,-9.358,-12.522,-12.5064,-11.7955,8,a,Yes,Yes.
order_twin,data/twin_real/real_10000_00047.avi,10000,-1,0,-0.7112,-9.7716,-12.2794,-12.631,-11.8341,8,a,No,No.
bind_twin,data/twin_real/real_10000_00047.avi,10000,1,1,1.0825,-10.2327,-12.7718,-13.0296,-12.6546,8,a,Yes,Yes
order_real,data/videos_real/int_10000ms/real_10000_00047_flip.avi,10000,1,0,-0.8186,-9.6987,-12.0659,-12.5034,-11.6909,8,a,No,No.
order_real,data/videos_real/int_10000ms/real_10000_00059.avi,10000,0,0,-0.5456,-8.6356,-11.1044,-11.5497,-11.0809,8,a,No,No.
order_rev,data/videos_real/int_10000ms/real_10000_00059.avi,10000,0,1,-0.0402,-8.8183,-11.7792,-12.1855,-11.4589,8,a,Yes,Yes.
moved_real,data/videos_real/int_10000ms/real_10000_00059.avi,10000,1,1,0.3703,-8.7264,-11.5702,-11.8045,-11.2733,8,a,Yes,Yes
moved_twin,data/twin_real/real_10000_00059.avi,10000,0,1,0.4964,-8.8308,-11.5965,-11.8152,-11.3152,8,a,Yes,Yes
order_twin,data/twin_real/real_10000_00059.avi,10000,-1,0,-0.5104,-8.7851,-11.168,-11.6601,-11.1289,8,a,No,No.
bind_twin,data/twin_real/real_10000_00059.avi,10000,1,1,1.887,-9.9712,-12.104,-12.5806,-12.4946,8,a,Yes,Yes
order_real,data/videos_real/int_10000ms/real_10000_00059_flip.avi,10000,1,0,-0.3591,-8.6227,-11.0914,-11.6461,-11.1539,8,a,No,No.
order_real,data/videos_real/int_10000ms/real_10000_00071.avi,10000,1,1,0.0849,-9.064,-11.8531,-11.9312,-11.4312,8,b,Yes,Yes.
order_rev,data/videos_real/int_10000ms/real_10000_00071.avi,10000,1,0,-0.6273,-8.7095,-11.5376,-11.7407,-11.1079,8,b,No,No.
moved_real,data/videos_real/int_10000ms/real_10000_00071.avi,10000,1,1,0.7034,-9.0939,-12.2189,-12.3205,-11.8127,8,b,Yes,Yes.
moved_twin,data/twin_real/real_10000_00071.avi,10000,0,1,0.0505,-9.2035,-12.266,-12.3831,-11.7113,8,b,Yes,Yes.
order_twin,data/twin_real/real_10000_00071.avi,10000,-1,1,-0.0779,-9.0711,-11.6961,-11.7664,-11.2195,8,b,Yes,Yes.
bind_twin,data/twin_real/real_10000_00071.avi,10000,0,0,-1.121,-9.9548,-12.3142,-12.697,-12.0407,8,b,No,No
order_real,data/videos_real/int_10000ms/real_10000_00071_flip.avi,10000,0,0,-0.1889,-9.0154,-11.7029,-11.7967,-11.2654,8,b,No,No.
order_real,data/videos_real/int_10000ms/real_10000_00083.avi,10000,0,0,-0.8824,-9.0148,-11.4914,-11.9055,-11.1867,8,a,No,No.
order_rev,data/videos_real/int_10000ms/real_10000_00083.avi,10000,0,0,-0.4472,-9.0021,-11.5021,-12.1037,-11.3381,8,a,No,No.
moved_real,data/videos_real/int_10000ms/real_10000_00083.avi,10000,1,1,0.693,-8.9437,-11.8109,-11.8968,-11.3499,8,a,Yes,Yes
moved_twin,data/twin_real/real_10000_00083.avi,10000,0,1,1.0088,-8.9687,-11.8593,-11.9296,-11.4296,8,a,Yes,Yes
order_twin,data/twin_real/real_10000_00083.avi,10000,-1,0,-0.7836,-8.9931,-11.5244,-11.9463,-11.2353,8,a,No,No.
bind_twin,data/twin_real/real_10000_00083.avi,10000,1,0,-0.6231,-9.5421,-11.8078,-12.0343,-11.6515,8,a,No,No
order_real,data/videos_real/int_10000ms/real_10000_00083_flip.avi,10000,1,0,-0.8656,-8.9816,-11.4504,-11.8957,-11.1926,8,a,No,No.
order_real,data/videos_real/int_10000ms/real_10000_00095.avi,10000,1,0,-0.2058,-8.6021,-11.0396,-11.7349,-11.1021,8,b,No,No.
order_rev,data/videos_real/int_10000ms/real_10000_00095.avi,10000,1,0,-0.6062,-9.3561,-12.3873,-12.5514,-11.8483,8,b,No,No.
moved_real,data/videos_real/int_10000ms/real_10000_00095.avi,10000,1,1,-0.0685,-8.554,-11.5618,-11.9211,-11.2415,8,b,Yes,Yes
moved_twin,data/twin_real/real_10000_00095.avi,10000,0,1,0.1752,-8.5828,-11.4813,-11.8563,-11.2,8,b,Yes,Yes
order_twin,data/twin_real/real_10000_00095.avi,10000,-1,0,-0.112,-8.5867,-11.1335,-11.7742,-11.1257,8,b,No,No.
bind_twin,data/twin_real/real_10000_00095.avi,10000,0,1,-0.0987,-9.3408,-11.6689,-12.0205,-11.708,8,b,Yes,Yes
order_real,data/videos_real/int_10000ms/real_10000_00095_flip.avi,10000,0,0,-0.2038,-8.6065,-11.083,-11.7862,-11.1612,8,b,No,No.
order_real,data/videos_real/int_10000ms/real_10000_00107.avi,10000,0,0,-1.648,-8.8398,-11.7539,-11.8242,-11.2695,8,b,No,No.
order_rev,data/videos_real/int_10000ms/real_10000_00107.avi,10000,0,0,-1.8939,-9.3829,-12.9063,-12.7032,-12.0704,8,b,No,No.
moved_real,data/videos_real/int_10000ms/real_10000_00107.avi,10000,1,0,-1.8279,-8.5959,-12.135,-11.8694,-11.1272,8,b,No,No.
moved_twin,data/twin_real/real_10000_00107.avi,10000,0,0,-2.1518,-8.4634,-12.1041,-11.8697,-11.1822,8,b,No,No.
order_twin,data/twin_real/real_10000_00107.avi,10000,-1,0,-1.7446,-8.7078,-11.7703,-11.8719,-11.3562,8,b,No,No.
bind_twin,data/twin_real/real_10000_00107.avi,10000,0,1,0.449,-8.7096,-11.5221,-11.9439,-11.608,8,b,Yes,Yes
order_real,data/videos_real/int_10000ms/real_10000_00107_flip.avi,10000,1,0,-1.9364,-8.9008,-11.8617,-11.8773,-11.3695,8,b,No,No.
order_real,data/videos_real/int_10000ms/real_10000_00119.avi,10000,0,0,-0.4203,-9.4042,-11.7011,-12.0683,-11.4042,8,a,No,No
order_rev,data/videos_real/int_10000ms/real_10000_00119.avi,10000,0,0,-0.3407,-9.2921,-11.8311,-12.0655,-11.4874,8,a,No,No
moved_real,data/videos_real/int_10000ms/real_10000_00119.avi,10000,1,1,0.1695,-9.0976,-11.4804,-11.7382,-11.3085,8,a,Yes,Yes
moved_twin,data/twin_real/real_10000_00119.avi,10000,0,1,-0.0411,-9.0099,-11.4943,-11.8302,-11.3458,8,a,Yes,Yes
order_twin,data/twin_real/real_10000_00119.avi,10000,-1,0,-0.3364,-9.1916,-11.4572,-11.9259,-11.3009,8,a,No,No
bind_twin,data/twin_real/real_10000_00119.avi,10000,1,0,-0.2076,-10.3446,-12.9383,-13.1337,-12.7977,8,a,No,No
order_real,data/videos_real/int_10000ms/real_10000_00119_flip.avi,10000,1,0,-0.1794,-9.155,-11.4206,-11.944,-11.2878,8,a,No,No
order_real,data/videos_real/int_10000ms/real_10000_00131.avi,10000,0,0,-0.5767,-9.6538,-12.4116,-12.3491,-11.9741,8,b,No,No.
order_rev,data/videos_real/int_10000ms/real_10000_00131.avi,10000,0,0,-0.5573,-9.5544,-12.2731,-12.3434,-11.9372,8,b,No,No. The man exercising moved
moved_real,data/videos_real/int_10000ms/real_10000_00131.avi,10000,1,1,0.3847,-9.5512,-12.7231,-12.4965,-11.9731,8,b,Yes,Yes.
moved_twin,data/twin_real/real_10000_00131.avi,10000,0,1,0.2668,-9.49,-12.7009,-12.5134,-11.9509,8,b,Yes,Yes.
order_twin,data/twin_real/real_10000_00131.avi,10000,-1,0,-0.2708,-9.6288,-12.3319,-12.3085,-11.9413,8,b,No,No.
bind_twin,data/twin_real/real_10000_00131.avi,10000,0,0,-1.1801,-10.4742,-13.0601,-13.1304,-12.607,8,b,No,No
order_real,data/videos_real/int_10000ms/real_10000_00131_flip.avi,10000,1,0,-0.5868,-9.6648,-12.4148,-12.3836,-11.9539,8,b,No,No.
order_real,data/videos_real/int_10000ms/real_10000_00143.avi,10000,0,1,0.9319,-9.2886,-12.0776,-11.2573,-11.6011,8,b,Yes,Yes.
order_rev,data/videos_real/int_10000ms/real_10000_00143.avi,10000,0,0,-0.3345,-8.5719,-11.3298,-11.3766,-11.0641,8,b,No,No.
moved_real,data/videos_real/int_10000ms/real_10000_00143.avi,10000,1,1,3.199,-9.544,-12.6455,-11.6065,-12.3877,8,b,Yes,Yes
moved_twin,data/twin_real/real_10000_00143.avi,10000,0,1,3.3347,-9.5171,-12.7827,-11.6577,-12.4311,8,b,Yes,Yes.
order_twin,data/twin_real/real_10000_00143.avi,10000,-1,1,0.9523,-9.2228,-12.0744,-11.2541,-11.5588,8,b,Yes,Yes.
bind_twin,data/twin_real/real_10000_00143.avi,10000,0,0,-0.273,-9.8271,-12.1396,-11.6943,-12.1006,8,b,No,No
order_real,data/videos_real/int_10000ms/real_10000_00143_flip.avi,10000,1,1,0.7667,-9.4017,-12.2688,-11.3548,-11.6985,8,b,Yes,Yes.
order_real,data/videos_real/int_10000ms/real_10000_00155.avi,10000,0,0,-0.1061,-9.4366,-12.2413,-12.2959,-11.5069,8,b,No,No.
order_rev,data/videos_real/int_10000ms/real_10000_00155.avi,10000,0,0,-0.8412,-9.1381,-11.9663,-12.3334,-11.31,8,b,No,No
moved_real,data/videos_real/int_10000ms/real_10000_00155.avi,10000,1,1,2.9672,-9.6921,-12.8562,-12.5749,-12.1374,8,b,Yes,Yes.
moved_twin,data/twin_real/real_10000_00155.avi,10000,0,1,3.2889,-9.7707,-13.0363,-12.6222,-12.2628,8,b,Yes,Yes.
order_twin,data/twin_real/real_10000_00155.avi,10000,-1,1,-0.0529,-9.4707,-12.1816,-12.2285,-11.4707,8,b,Yes,Yes.
bind_twin,data/twin_real/real_10000_00155.avi,10000,0,0,-0.8508,-10.0011,-12.423,-12.6886,-11.8995,8,b,No,No
order_real,data/videos_real/int_10000ms/real_10000_00155_flip.avi,10000,1,0,-0.1429,-9.4511,-12.123,-12.3495,-11.4902,8,b,No,No.
order_real,data/videos_real/int_10000ms/real_10000_00167.avi,10000,1,1,0.2356,-9.2478,-11.6228,-12.0134,-11.1462,8,a,Yes,Yes.
order_rev,data/videos_real/int_10000ms/real_10000_00167.avi,10000,1,0,-0.7139,-9.2868,-12.115,-12.4431,-11.4275,8,a,No,No. The metal droplets moved
moved_real,data/videos_real/int_10000ms/real_10000_00167.avi,10000,1,1,2.4674,-9.7867,-12.607,-12.318,-11.9273,8,a,Yes,Yes
moved_twin,data/twin_real/real_10000_00167.avi,10000,0,1,2.3872,-9.5117,-12.418,-12.0898,-11.7539,8,a,Yes,Yes
order_twin,data/twin_real/real_10000_00167.avi,10000,-1,1,0.2358,-9.1061,-11.5671,-11.903,-11.0671,8,a,Yes,Yes.
bind_twin,data/twin_real/real_10000_00167.avi,10000,1,0,-1.0272,-9.9183,-12.1449,-12.5512,-11.723,8,a,No,No
order_real,data/videos_real/int_10000ms/real_10000_00167_flip.avi,10000,0,1,0.3244,-9.1716,-11.5779,-11.9685,-11.1013,8,a,Yes,Yes.
order_real,data/videos_real/int_10000ms/real_10000_00179.avi,10000,0,1,-0.06,-9.1092,-11.9764,-12.117,-11.3592,8,b,Yes,Yes.
order_rev,data/videos_real/int_10000ms/real_10000_00179.avi,10000,0,0,-0.7781,-8.9612,-11.6956,-12.0471,-11.0627,8,b,No,No
moved_real,data/videos_real/int_10000ms/real_10000_00179.avi,10000,1,1,1.7128,-9.1821,-12.3071,-12.1586,-11.518,8,b,Yes,Yes.
moved_twin,data/twin_real/real_10000_00179.avi,10000,0,1,1.07,-9.0379,-12.3269,-12.1941,-11.3894,8,b,Yes,Yes.
order_twin,data/twin_real/real_10000_00179.avi,10000,-1,0,-0.2932,-9.1962,-12.0165,-12.1259,-11.3446,8,b,No,No.
bind_twin,data/twin_real/real_10000_00179.avi,10000,0,0,-1.0297,-9.8315,-12.3159,-12.6674,-11.7612,8,b,No,No
order_real,data/videos_real/int_10000ms/real_10000_00179_flip.avi,10000,1,0,-0.309,-9.2069,-11.9569,-12.0741,-11.3866,8,b,No,No.
order_real,data/videos_real/int_10000ms/real_10000_00191.avi,10000,0,0,-0.3679,-8.5596,-11.8018,-11.9814,-11.5986,8,a,No,No.
order_rev,data/videos_real/int_10000ms/real_10000_00191.avi,10000,0,0,-0.3764,-8.5895,-11.9567,-12.0583,-11.402,8,a,No,No.
moved_real,data/videos_real/int_10000ms/real_10000_00191.avi,10000,1,0,-0.7817,-8.276,-12.0338,-11.8697,-11.3697,8,a,No,No.
moved_twin,data/twin_real/real_10000_00191.avi,10000,0,0,-1.1808,-8.7382,-12.3085,-12.1054,-11.5663,8,a,No,No.
order_twin,data/twin_real/real_10000_00191.avi,10000,-1,0,-0.3558,-8.721,-11.6272,-11.9553,-11.51,8,a,No,No.
bind_twin,data/twin_real/real_10000_00191.avi,10000,1,0,-1.6255,-10.0058,-13.0214,-13.123,-12.6386,8,a,No,No.
order_real,data/videos_real/int_10000ms/real_10000_00191_flip.avi,10000,1,1,-0.0125,-8.8431,-11.6868,-12.1321,-11.5852,8,a,Yes,Yes
order_real,data/videos_real/int_10000ms/real_10000_00203.avi,10000,0,0,-0.6979,-9.3685,-12.0716,-12.1263,-11.6575,8,b,No,No.
order_rev,data/videos_real/int_10000ms/real_10000_00203.avi,10000,0,0,-0.1903,-9.2573,-12.0229,-11.9058,-11.7417,8,b,No,No. The archer moved before the
moved_real,data/videos_real/int_10000ms/real_10000_00203.avi,10000,1,1,0.4237,-9.3083,-12.6676,-12.3317,-11.9645,8,b,Yes,Yes.
moved_twin,data/twin_real/real_10000_00203.avi,10000,0,1,0.4798,-9.1864,-12.6317,-12.2645,-11.8505,8,b,Yes,Yes.
order_twin,data/twin_real/real_10000_00203.avi,10000,-1,0,-0.6586,-9.2662,-12.0787,-12.1021,-11.61,8,b,No,No.
bind_twin,data/twin_real/real_10000_00203.avi,10000,0,0,-1.0803,-10.3934,-13.3231,-13.1434,-12.7293,8,b,No,No
order_real,data/videos_real/int_10000ms/real_10000_00203_flip.avi,10000,1,0,-0.7412,-9.2826,-12.0326,-12.1186,-11.5951,8,b,No,No.
order_real,data/videos_real/int_10000ms/real_10000_00215.avi,10000,0,0,-0.2352,-8.852,-11.0707,-11.8286,-11.1567,8,a,No,No.
order_rev,data/videos_real/int_10000ms/real_10000_00215.avi,10000,0,0,-0.4208,-8.8623,-11.5732,-12.0967,-11.4248,8,a,No,No.
moved_real,data/videos_real/int_10000ms/real_10000_00215.avi,10000,1,1,-0.0654,-8.7435,-11.556,-11.845,-11.1888,8,a,Yes,Yes
moved_twin,data/twin_real/real_10000_00215.avi,10000,0,0,-0.7183,-9.0658,-12.019,-12.2299,-11.519,8,a,No,No.
order_twin,data/twin_real/real_10000_00215.avi,10000,-1,0,-0.2987,-9.0724,-11.3771,-12.088,-11.338,8,a,No,No.
bind_twin,data/twin_real/real_10000_00215.avi,10000,1,1,1.331,-9.9443,-12.0771,-12.7177,-12.4755,8,a,Yes,Yes
order_real,data/videos_real/int_10000ms/real_10000_00215_flip.avi,10000,1,0,-0.3471,-8.9724,-11.3083,-11.9099,-11.1989,8,a,No,No.
order_real,data/videos_real/int_10000ms/real_10000_00227.avi,10000,0,0,-1.0026,-9.7631,-12.2396,-12.5365,-11.9584,8,b,No,No.
order_rev,data/videos_real/int_10000ms/real_10000_00227.avi,10000,0,0,-0.4579,-9.5022,-12.1897,-12.6741,-11.8616,8,b,No,No. The ballerina moves before
moved_real,data/videos_real/int_10000ms/real_10000_00227.avi,10000,1,1,-0.0351,-9.0593,-12.1686,-11.9968,-11.7624,8,b,Yes,Yes.
moved_twin,data/twin_real/real_10000_00227.avi,10000,0,0,-0.1895,-9.0813,-12.1282,-11.9719,-11.7454,8,b,No,No.
order_twin,data/twin_real/real_10000_00227.avi,10000,-1,0,-1.219,-9.7827,-12.2202,-12.5327,-11.9233,8,b,No,No.
bind_twin,data/twin_real/real_10000_00227.avi,10000,0,0,-0.6514,-10.0267,-12.6126,-12.7923,-12.4798,8,b,No,No
order_real,data/videos_real/int_10000ms/real_10000_00227_flip.avi,10000,1,0,-1.1751,-9.6702,-12.1702,-12.5608,-11.8264,8,b,No,No.
order_real,data/videos_real/int_10000ms/real_10000_00239.avi,10000,1,1,0.3995,-9.1304,-12.1929,-12.3882,-11.6382,8,a,Yes,Yes
order_rev,data/videos_real/int_10000ms/real_10000_00239.avi,10000,1,1,0.0688,-8.9409,-11.8549,-12.269,-11.2377,8,a,Yes,Yes.
moved_real,data/videos_real/int_10000ms/real_10000_00239.avi,10000,1,1,2.0365,-9.0653,-12.2606,-12.1669,-11.6903,8,a,Yes,Yes
moved_twin,data/twin_real/real_10000_00239.avi,10000,0,1,0.8307,-8.7303,-12.0428,-12.1287,-11.3865,8,a,Yes,Yes
order_twin,data/twin_real/real_10000_00239.avi,10000,-1,1,0.3381,-9.073,-12.0574,-12.4089,-11.5339,8,a,Yes,Yes
bind_twin,data/twin_real/real_10000_00239.avi,10000,1,0,-1.1735,-9.914,-12.6015,-12.9765,-12.2343,8,a,No,No
order_real,data/videos_real/int_10000ms/real_10000_00239_flip.avi,10000,0,1,0.4457,-9.294,-12.2783,-12.5127,-11.7471,8,a,Yes,Yes
order_real,data/videos_real/int_10000ms/real_10000_00251.avi,10000,1,0,-0.3592,-9.2233,-11.8874,-12.0749,-11.2389,8,a,No,No.
order_real,data/videos_real/int_10000ms/real_10000_00251_flip.avi,10000,0,1,0.029,-9.2682,-11.8932,-12.112,-11.2526,8,a,Yes,Yes.
order_real,data/videos_real/int_10000ms/real_10000_00263.avi,10000,1,1,-0.0289,-9.3085,-12.246,-12.4335,-11.7851,8,b,Yes,Yes.
order_real,data/videos_real/int_10000ms/real_10000_00263_flip.avi,10000,0,0,-0.2328,-9.1957,-12.1957,-12.3675,-11.7347,8,b,No,No.
order_real,data/videos_real/int_10000ms/real_10000_00275.avi,10000,0,1,0.1339,-9.1108,-11.5327,-11.9858,-11.1342,8,a,Yes,Yes.
order_real,data/videos_real/int_10000ms/real_10000_00275_flip.avi,10000,1,1,0.0586,-9.1457,-11.4973,-11.9973,-11.1457,8,a,Yes,Yes.
order_real,data/videos_real/int_10000ms/real_10000_00287.avi,10000,0,0,-0.7123,-9.2558,-12.0917,-12.3027,-11.7089,8,a,No,No.
order_real,data/videos_real/int_10000ms/real_10000_00287_flip.avi,10000,1,0,-0.975,-9.2996,-12.0574,-12.2449,-11.6277,8,a,No,No.
order_real,data/videos_real/int_10000ms/real_10000_00299.avi,10000,1,0,-0.452,-8.9157,-11.6266,-12.2985,-11.0719,8,b,No,No.
order_real,data/videos_real/int_10000ms/real_10000_00299_flip.avi,10000,0,0,-0.4386,-8.8015,-11.7311,-12.2858,-11.1061,8,b,No,No.
order_real,data/videos_real/int_10000ms/real_10000_00311.avi,10000,1,0,-0.2279,-9.539,-12.3984,-12.1406,-12.2031,8,b,No,No.
order_real,data/videos_real/int_10000ms/real_10000_00311_flip.avi,10000,0,0,-0.4388,-9.5033,-12.3471,-12.0736,-12.1752,8,b,No,No.
order_real,data/videos_real/int_10000ms/real_10000_00323.avi,10000,0,1,0.0413,-9.0348,-11.5114,-11.6051,-11.3942,8,b,Yes,Yes
order_real,data/videos_real/int_10000ms/real_10000_00323_flip.avi,10000,1,1,0.0879,-9.1299,-11.7002,-11.7471,-11.5049,8,b,Yes,Yes
order_real,data/videos_real/int_10000ms/real_10000_00335.avi,10000,1,0,-0.5558,-9.2205,-11.9237,-11.9471,-11.408,8,a,No,No.
order_real,data/videos_real/int_10000ms/real_10000_00335_flip.avi,10000,0,0,-0.5542,-9.2404,-11.8576,-11.8732,-11.4592,8,a,No,No.
order_real,data/videos_real/int_10000ms/real_10000_00347.avi,10000,0,0,-0.4131,-8.8926,-11.6114,-11.8067,-11.3223,8,b,No,No. The archer was already in
order_real,data/videos_real/int_10000ms/real_10000_00347_flip.avi,10000,1,0,-0.5327,-9.0131,-11.6772,-11.8881,-11.3256,8,b,No,No.
order_real,data/videos_real/int_10000ms/real_10000_00359.avi,10000,1,1,0.0847,-8.9196,-11.8571,-11.8884,-11.3571,8,b,Yes,Yes.
order_real,data/videos_real/int_10000ms/real_10000_00359_flip.avi,10000,0,0,-0.169,-8.9826,-11.7091,-11.7247,-11.3341,8,b,No,No.
order_real,data/videos_real/int_10000ms/real_10000_00371.avi,10000,0,0,-0.312,-9.388,-11.8724,-12.2318,-11.4427,8,a,No,No
order_real,data/videos_real/int_10000ms/real_10000_00371_flip.avi,10000,1,0,-0.5236,-9.355,-11.8394,-12.2379,-11.3941,8,a,No,No
order_real,data/videos_real/int_10000ms/real_10000_00383.avi,10000,0,0,-0.1671,-8.8862,-11.2455,-11.5893,-11.0346,8,b,No,No.
order_real,data/videos_real/int_10000ms/real_10000_00383_flip.avi,10000,1,1,-0.0492,-8.7704,-11.1454,-11.4188,-10.95,8,b,Yes,Yes.
order_real,data/videos_real/int_10000ms/real_10000_00395.avi,10000,1,0,-0.5078,-9.0148,-11.7414,-12.0695,-11.3351,8,b,No,No.
order_real,data/videos_real/int_10000ms/real_10000_00395_flip.avi,10000,0,0,-0.5052,-8.9211,-11.9211,-12.1086,-11.4367,8,b,No,No.
order_real,data/videos_real/int_10000ms/real_10000_00407.avi,10000,0,0,-0.2476,-9.1169,-11.5232,-12.1404,-11.3357,8,b,No,No.
order_real,data/videos_real/int_10000ms/real_10000_00407_flip.avi,10000,1,1,0.2693,-9.1106,-11.5168,-12.0246,-11.4074,8,b,Yes,Yes.
order_real,data/videos_real/int_10000ms/real_10000_00419.avi,10000,1,0,-0.7497,-9.1982,-11.1826,-11.7529,-11.1357,8,a,No,No.
order_real,data/videos_real/int_10000ms/real_10000_00419_flip.avi,10000,0,0,-0.773,-9.1059,-11.059,-11.7231,-11.0747,8,a,No,No.
order_real,data/videos_real/int_10000ms/real_10000_00431.avi,10000,1,1,0.0335,-9.182,-12.0023,-12.2914,-11.3461,8,b,Yes,Yes.
order_real,data/videos_real/int_10000ms/real_10000_00431_flip.avi,10000,0,1,-0.0074,-9.3303,-12.0725,-12.346,-11.4632,8,b,Yes,Yes.
order_real,data/videos_real/int_10000ms/real_10000_00443.avi,10000,1,0,-0.7396,-8.9313,-11.5485,-11.5798,-11.072,8,a,No,No.
order_real,data/videos_real/int_10000ms/real_10000_00443_flip.avi,10000,0,0,-0.6485,-8.9069,-11.6335,-11.6257,-11.1569,8,a,No,No.
order_real,data/videos_real/int_10000ms/real_10000_00455.avi,10000,1,0,-0.467,-9.1505,-11.3692,-11.9005,-11.1192,8,a,No,No
order_real,data/videos_real/int_10000ms/real_10000_00455_flip.avi,10000,0,0,-0.4206,-9.1347,-11.3847,-11.8535,-11.0957,8,a,No,No
order_real,data/videos_real/int_10000ms/real_10000_00467.avi,10000,0,0,-0.2509,-9.6798,-12.4376,-12.2892,-12.297,8,b,No,No.
order_real,data/videos_real/int_10000ms/real_10000_00467_flip.avi,10000,1,0,-0.2619,-9.6613,-12.3957,-12.2082,-12.2003,8,b,No,No.
order_real,data/videos_real/int_10000ms/real_10000_00479.avi,10000,0,0,-0.6565,-8.9901,-11.6385,-12.3338,-11.4432,8,a,No,No.
order_real,data/videos_real/int_10000ms/real_10000_00479_flip.avi,10000,1,0,-0.2165,-9.1429,-11.7523,-12.4554,-11.5726,8,a,No,No.
order_real,data/videos_real/int_10000ms/real_10000_00491.avi,10000,0,1,0.1002,-9.6347,-12.4394,-12.0175,-12.0879,8,b,Yes,Yes
order_real,data/videos_real/int_10000ms/real_10000_00491_flip.avi,10000,1,1,0.1802,-9.4387,-12.1106,-11.7668,-11.8215,8,b,Yes,Yes
order_real,data/videos_real/int_10000ms/real_10000_00503.avi,10000,0,1,0.7883,-9.4899,-12.5368,-11.7165,-12.1462,8,b,Yes,Yes.
order_real,data/videos_real/int_10000ms/real_10000_00503_flip.avi,10000,1,1,0.4834,-9.5169,-12.6263,-11.6419,-12.1028,8,b,Yes,Yes.
order_real,data/videos_real/int_10000ms/real_10000_00515.avi,10000,0,0,-0.3733,-9.467,-12.5451,-11.6545,-11.9983,8,a,No,No.
order_real,data/videos_real/int_10000ms/real_10000_00515_flip.avi,10000,1,0,-0.2454,-9.6573,-12.7979,-11.9854,-12.251,8,a,No,No.
order_real,data/videos_real/int_10000ms/real_10000_00527.avi,10000,0,0,-0.3343,-9.03,-11.4363,-11.9909,-11.1863,8,b,No,No.
order_real,data/videos_real/int_10000ms/real_10000_00527_flip.avi,10000,1,1,0.0108,-8.9715,-11.2918,-11.8777,-11.1746,8,b,Yes,Yes.
order_real,data/videos_real/int_10000ms/real_10000_00539.avi,10000,0,1,0.2481,-9.5894,-12.8003,-12.8628,-12.3003,8,a,Yes,Yes.
order_real,data/videos_real/int_10000ms/real_10000_00539_flip.avi,10000,1,1,0.3171,-9.3623,-12.7216,-12.7373,-12.2607,8,a,Yes,Yes.
order_real,data/videos_real/int_10000ms/real_10000_00551.avi,10000,1,0,-0.3938,-8.7359,-11.4703,-11.6656,-11.0172,8,b,No,No.
order_real,data/videos_real/int_10000ms/real_10000_00551_flip.avi,10000,0,1,-0.0026,-9.1034,-11.6971,-11.9081,-11.3456,8,b,Yes,Yes
order_real,data/videos_real/int_10000ms/real_10000_00563.avi,10000,0,0,-0.3145,-9.2225,-12.2069,-12.41,-11.6209,8,b,No,No.
order_real,data/videos_real/int_10000ms/real_10000_00563_flip.avi,10000,1,0,-0.179,-9.2196,-12.2196,-12.4227,-11.6962,8,b,No,No.
order_real,data/videos_real/int_10000ms/real_10000_00575.avi,10000,1,0,-0.3328,-8.8525,-11.5635,-11.7588,-11.2354,8,b,No,No.
order_real,data/videos_real/int_10000ms/real_10000_00575_flip.avi,10000,0,1,-0.0585,-8.875,-11.6172,-11.7422,-11.3125,8,b,Yes,Yes
order_real,data/videos_real/int_10000ms/real_10000_00587.avi,10000,0,0,-0.3652,-9.0488,-12.0644,-11.7441,-11.791,8,a,No,No.
order_real,data/videos_real/int_10000ms/real_10000_00587_flip.avi,10000,1,0,-0.4139,-9.1191,-11.9784,-11.7128,-11.6816,8,a,No,No.
order_real,data/videos_real/int_10000ms/real_10000_00599.avi,10000,0,1,-0.0368,-8.7614,-11.7146,-11.8396,-11.3239,8,a,Yes,Yes
order_real,data/videos_real/int_10000ms/real_10000_00599_flip.avi,10000,1,0,-0.2807,-8.6375,-11.5281,-11.6687,-11.1062,8,a,No,No.
order_blank,data/blank_videos/blank/blank_0000.mp4,0,-1,0,-0.8907,-9.0641,-11.2126,-11.7907,-10.9469,8,a,No,No
order_blank,data/blank_videos/blank/blank_0001.mp4,0,-1,0,-0.9529,-8.8201,-11.2029,-11.2966,-10.8357,8,a,No,No
order_blank,data/blank_videos/blank/blank_0002.mp4,0,-1,0,-0.574,-8.7835,-11.0648,-10.9788,-10.932,8,a,No,No
order_blank,data/blank_videos/blank/blank_0003.mp4,0,-1,0,-0.6999,-8.6455,-10.8174,-11.3174,-10.8174,8,a,No,No
order_blank,data/blank_videos/blank/blank_0004.mp4,0,-1,0,-0.5715,-8.7456,-10.9956,-11.6597,-10.4331,8,a,No,No
order_blank,data/blank_videos/blank/blank_0005.mp4,0,-1,0,-0.6037,-8.6571,-10.8055,-11.5008,-10.6258,8,a,No,No
order_blank,data/blank_videos/blank/blank_0006.mp4,0,-1,0,-0.4518,-8.8261,-11.4276,-11.7323,-11.1542,8,a,No,No
order_blank,data/blank_videos/blank/blank_0007.mp4,0,-1,0,-0.63,-8.5982,-11.1138,-11.5123,-10.8248,8,a,No,No
order_blank,data/blank_videos/blank/blank_0008.mp4,0,-1,0,-0.4056,-8.7563,-11.0375,-11.3813,-10.9594,8,a,No,No
order_blank,data/blank_videos/blank/blank_0009.mp4,0,-1,0,-0.6844,-8.8497,-11.2247,-11.7012,-10.9981,8,a,No,No
order_blank,data/blank_videos/blank/blank_0010.mp4,0,-1,0,-0.515,-8.7118,-11.0243,-11.5634,-10.9071,8,a,No,No
order_blank,data/blank_videos/blank/blank_0011.mp4,0,-1,0,-0.4783,-8.5911,-10.8723,-11.427,-10.7161,8,a,No,No
order_blank,data/blank_videos/blank/blank_0012.mp4,0,-1,0,-0.6184,-8.7876,-11.2329,-11.7407,-11.0532,8,a,No,No
order_blank,data/blank_videos/blank/blank_0013.mp4,0,-1,0,-0.7147,-8.6652,-10.9152,-11.5246,-10.634,8,a,No,No
order_blank,data/blank_videos/blank/blank_0014.mp4,0,-1,0,-0.6561,-8.6426,-10.877,-11.5957,-10.7442,8,a,No,No
order_blank,data/blank_videos/blank/blank_0015.mp4,0,-1,0,-0.6045,-8.9213,-11.3198,-11.7807,-11.0854,8,a,No,No
order_blank,data/blank_videos/blank/blank_0016.mp4,0,-1,0,-0.6225,-8.8745,-10.6558,-11.7026,-10.8042,8,a,No,No
order_blank,data/blank_videos/blank/blank_0017.mp4,0,-1,0,-0.4774,-8.7923,-10.4564,-11.6595,-10.6751,8,a,No,No
order_blank,data/blank_videos/blank/blank_0018.mp4,0,-1,0,-0.6756,-8.814,-10.6968,-11.7515,-10.728,8,a,No,No
order_blank,data/blank_videos/blank/blank_0019.mp4,0,-1,0,-0.8724,-8.9844,-10.9688,-11.3907,-10.7813,8,a,No,No
order_blank,data/blank_videos/blank/blank_0020.mp4,0,-1,0,-0.3832,-8.9384,-10.5243,-10.8915,-10.7587,8,a,No,No
order_blank,data/blank_videos/blank/blank_0021.mp4,0,-1,0,-0.6257,-8.4974,-10.1927,-11.0521,-10.4349,8,a,No,No
order_blank,data/blank_videos/blank/blank_0022.mp4,0,-1,0,-0.6843,-8.8225,-10.6897,-11.7288,-10.635,8,a,No,No
order_blank,data/blank_videos/blank/blank_0023.mp4,0,-1,0,-0.3221,-8.9722,-10.6909,-11.769,-10.9331,8,a,No,No
order_blank,data/blank_videos/blank/blank_0024.mp4,0,-1,0,-0.7636,-8.7672,-10.7203,-11.8062,-10.8453,8,a,No,No.
order_blank,data/blank_videos/blank/blank_0025.mp4,0,-1,0,-0.6854,-8.8905,-10.7108,-11.8045,-10.8905,8,a,No,No
order_blank,data/blank_videos/blank/blank_0026.mp4,0,-1,0,-0.4282,-8.8323,-10.6136,-11.6683,-10.8323,8,a,No,No
order_blank,data/blank_videos/blank/blank_0027.mp4,0,-1,0,-0.7039,-9.0618,-11.1009,-11.8743,-11.0384,8,a,No,No
order_blank,data/blank_videos/blank/blank_0028.mp4,0,-1,0,-0.6202,-8.7991,-10.6507,-11.721,-10.76,8,a,No,No
order_blank,data/blank_videos/blank/blank_0029.mp4,0,-1,0,-0.5715,-8.9175,-10.6909,-11.7925,-10.9019,8,a,No,No
order_blank,data/blank_videos/blank/blank_0030.mp4,0,-1,0,-0.7322,-8.869,-10.869,-11.6971,-10.7049,8,a,No,No
order_blank,data/blank_videos/blank/blank_0031.mp4,0,-1,0,-0.8954,-8.8643,-10.8018,-11.7862,-10.7862,8,a,No,No
order_blank,data/blank_videos/blank/blank_0032.mp4,0,-1,0,-0.6346,-9.036,-11.0828,-11.9032,-11.0282,8,a,No,No
order_blank,data/blank_videos/blank/blank_0033.mp4,0,-1,0,-0.668,-8.7421,-10.6171,-11.6249,-10.8436,8,a,No,No
order_blank,data/blank_videos/blank/blank_0034.mp4,0,-1,0,-0.5059,-8.3092,-10.2936,-11.2623,-10.5827,8,a,No,No
order_blank,data/blank_videos/blank/blank_0035.mp4,0,-1,0,-0.2794,-8.6777,-10.3652,-10.7792,-10.7167,8,a,No,No
order_blank,data/blank_videos/blank/blank_0036.mp4,0,-1,0,-0.5411,-8.632,-10.4836,-11.6086,-10.8117,8,a,No,No
order_blank,data/blank_videos/blank/blank_0037.mp4,0,-1,0,-0.3545,-8.4248,-10.1982,-11.0576,-10.6669,8,a,No,No
order_blank,data/blank_videos/blank/blank_0038.mp4,0,-1,0,-0.4083,-8.6851,-10.7554,-11.5445,-10.8101,8,a,No,No
order_blank,data/blank_videos/blank/blank_0039.mp4,0,-1,0,-0.3557,-8.4763,-10.5232,-11.4138,-10.7107,8,a,No,No
order_blank,data/blank_videos/blank/blank_0040.mp4,0,-1,0,-0.4043,-8.5482,-10.4388,-11.5013,-10.7435,8,a,No,No
order_blank,data/blank_videos/blank/blank_0041.mp4,0,-1,0,-0.446,-8.3395,-10.4489,-11.4332,-10.6286,8,a,No,No
order_blank,data/blank_videos/blank/blank_0042.mp4,0,-1,0,-0.492,-8.7103,-10.8665,-11.6165,-10.8743,8,a,No,No
order_blank,data/blank_videos/blank/blank_0043.mp4,0,-1,0,-0.3954,-8.4483,-10.4639,-11.3233,-10.7061,8,a,No,No
order_blank,data/blank_videos/blank/blank_0044.mp4,0,-1,0,-0.5928,-8.4473,-10.7129,-11.4395,-10.7364,8,a,No,No
order_blank,data/blank_videos/blank/blank_0045.mp4,0,-1,0,-0.6456,-8.5338,-10.7916,-11.3854,-10.7604,8,a,No,No
order_blank,data/blank_videos/blank/blank_0046.mp4,0,-1,0,-0.5169,-8.6532,-10.9189,-11.6845,-10.5204,8,a,No,No
order_blank,data/blank_videos/blank/blank_0047.mp4,0,-1,0,-0.6266,-8.6259,-10.7119,-11.4697,-10.7431,8,a,No,No
order_blank,data/blank_videos/blank/blank_0048.mp4,0,-1,0,-0.5088,-8.4739,-11.1614,-11.4661,-11.0676,8,a,No,No.
order_blank,data/blank_videos/blank/blank_0049.mp4,0,-1,0,-0.7257,-8.7372,-11.1513,-11.7216,-11.1122,8,a,No,No
