item,path,interval_ms,gt,pred,margin,lpA,lpB,lpC,lpD,n_frames,queried,top_token,response
order_real,data/videos_real/int_67ms/real_67_00000.avi,67,0,0,-2.588,-12.0495,-11.4869,-13.0468,-12.6735,8,b,NO,NO.
order_rev,data/videos_real/int_67ms/real_67_00000.avi,67,0,0,-2.1023,-11.7567,-11.5691,-12.6595,-12.3492,8,b,NO,NO.
moved_real,data/videos_real/int_67ms/real_67_00000.avi,67,1,0,-0.2621,-11.4008,-11.4005,-12.4908,-11.8997,8,b,NO,NO.
moved_twin,data/twin_real/real_67_00000.avi,67,0,0,-1.4196,-11.4214,-11.5461,-12.5748,-12.0454,8,b,NO,NO.
order_twin,data/twin_real/real_67_00000.avi,67,-1,0,-3.0809,-12.1009,-11.6633,-13.0364,-12.7252,8,b,NO,NO.
bind_twin,data/twin_real/real_67_00000.avi,67,0,0,-6.6138,-14.1813,-13.9312,-14.93,-15.0556,8,b,NO,NO.
order_real,data/videos_real/int_67ms/real_67_00000_flip.avi,67,1,0,-2.689,-12.0812,-11.5811,-13.0785,-12.7053,8,b,NO,NO.
order_real,data/videos_real/int_67ms/real_67_00012.avi,67,1,0,-1.8877,-11.72,-11.4699,-12.8734,-12.4065,8,b,NO,NO.
order_rev,data/videos_real/int_67ms/real_67_00012.avi,67,1,0,-0.5806,-11.6895,-11.6894,-12.5924,-12.1259,8,b,NO,NO.
moved_real,data/videos_real/int_67ms/real_67_00012.avi,67,1,0,-2.2946,-12.1741,-12.1114,-13.328,-12.7358,8,b,NO,NO.
moved_twin,data/twin_real/real_67_00012.avi,67,0,0,-1.7778,-11.7858,-11.7231,-12.8769,-12.3161,8,b,NO,NO.
order_twin,data/twin_real/real_67_00012.avi,67,-1,0,-2.241,-11.4713,-11.4086,-12.6565,-12.2829,8,b,NO,NO.
bind_twin,data/twin_real/real_67_00012.avi,67,0,0,-4.237,-13.4274,-12.8024,-14.1134,-14.0516,8,b,NO,NO.
order_real,data/videos_real/int_67ms/real_67_00012_flip.avi,67,0,0,-2.1025,-11.6943,-11.5066,-12.848,-12.3808,8,b,NO,NO.
order_real,data/videos_real/int_67ms/real_67_00024.avi,67,1,0,-2.2213,-11.953,-11.3281,-12.857,-12.3274,8,b,NO,NO.
order_rev,data/videos_real/int_67ms/real_67_00024.avi,67,1,0,-2.439,-11.7872,-11.6621,-12.9411,-12.4738,8,b,NO,NO.
moved_real,data/videos_real/int_67ms/real_67_00024.avi,67,1,0,-0.8381,-11.4265,-11.5512,-12.7971,-11.9878,8,b,NO,NO.
moved_twin,data/twin_real/real_67_00024.avi,67,0,0,-1.2954,-11.2375,-11.6746,-12.765,-11.9863,8,b,NO,NO.
order_twin,data/twin_real/real_67_00024.avi,67,-1,0,-2.8466,-11.9061,-11.656,-13.0294,-12.468,8,b,NO,NO.
bind_twin,data/twin_real/real_67_00024.avi,67,0,1,0.8107,-11.5321,-11.2822,-12.4978,-12.0309,8,b,YES,YES.
order_real,data/videos_real/int_67ms/real_67_00024_flip.avi,67,0,0,-2.0963,-11.9036,-11.2162,-12.7763,-12.278,8,b,NO,NO.
order_real,data/videos_real/int_67ms/real_67_00036.avi,67,0,0,-1.4907,-11.636,-10.761,-12.5703,-12.1352,8,b,NO,NO.
order_rev,data/videos_real/int_67ms/real_67_00036.avi,67,0,0,-0.9021,-11.4087,-11.2836,-12.312,-11.9703,8,b,NO,NO.
moved_real,data/videos_real/int_67ms/real_67_00036.avi,67,1,1,0.5925,-11.5088,-11.5085,-12.6302,-11.883,8,b,YES,YES.
moved_twin,data/twin_real/real_67_00036.avi,67,0,0,-0.9892,-11.3225,-11.5096,-12.4443,-11.8527,8,b,NO,NO.
order_twin,data/twin_real/real_67_00036.avi,67,-1,0,-1.4907,-11.5116,-10.7617,-12.3521,-11.9795,8,b,NO,NO.
bind_twin,data/twin_real/real_67_00036.avi,67,0,0,-5.4759,-13.7807,-13.7806,-14.7796,-14.6552,8,b,NO,NO.
order_real,data/videos_real/int_67ms/real_67_00036_flip.avi,67,1,0,-1.3979,-11.5292,-10.6542,-12.4635,-12.0284,8,b,NO,NO.
order_real,data/videos_real/int_67ms/real_67_00048.avi,67,1,0,-2.3225,-11.7233,-11.2857,-12.627,-12.1601,8,b,NO,NO.
order_rev,data/videos_real/int_67ms/real_67_00048.avi,67,1,0,-2.4023,-11.7779,-11.7153,-12.7757,-12.2147,8,b,NO,NO.
moved_real,data/videos_real/int_67ms/real_67_00048.avi,67,1,1,0.8521,-11.7019,-11.9515,-13.0105,-12.1386,8,b,YES,YES.
moved_twin,data/twin_real/real_67_00048.avi,67,0,1,0.4875,-11.5457,-11.7953,-12.7916,-11.9823,8,b,YES,YES.
order_twin,data/twin_real/real_67_00048.avi,67,-1,0,-2.1143,-11.619,-11.2439,-12.5538,-12.1182,8,b,NO,NO.
bind_twin,data/twin_real/real_67_00048.avi,67,0,0,-7.3821,-14.5026,-14.4401,-15.2518,-15.1897,8,b,NO,NO.
order_real,data/videos_real/int_67ms/real_67_00048_flip.avi,67,0,0,-2.2394,-11.8557,-11.3556,-12.7906,-12.2925,8,b,NO,NO.
order_real,data/videos_real/int_67ms/real_67_00060.avi,67,0,0,-1.9022,-12.0178,-11.2053,-13.1392,-12.6419,8,a,NO,NO.
order_rev,data/videos_real/int_67ms/real_67_00060.avi,67,0,0,-2.5809,-12.0042,-11.8166,-13.0647,-12.7533,8,a,NO,NO.
moved_real,data/videos_real/int_67ms/real_67_00060.avi,67,1,0,-0.2865,-11.6007,-11.7877,-13.1274,-12.3182,8,a,NO,NO.
moved_twin,data/twin_real/real_67_00060.avi,67,0,0,-1.8938,-11.6736,-12.0483,-13.1706,-12.5476,8,a,NO,NO.
order_twin,data/twin_real/real_67_00060.avi,67,-1,0,-2.2774,-11.9139,-11.2263,-13.1922,-12.663,8,a,NO,NO.
bind_twin,data/twin_real/real_67_00060.avi,67,1,1,2.6556,-12.3353,-12.4602,-13.7079,-13.2092,8,a,YES,YES.
order_real,data/videos_real/int_67ms/real_67_00060_flip.avi,67,1,0,-1.6523,-11.9915,-11.179,-13.144,-12.678,8,a,NO,NO.
order_real,data/videos_real/int_67ms/real_67_00072.avi,67,0,0,-2.3646,-11.8441,-11.344,-12.8416,-12.4682,8,a,NO,NO.
order_rev,data/videos_real/int_67ms/real_67_00072.avi,67,0,0,-0.8305,-11.6071,-11.2946,-12.4476,-12.0437,8,a,NO,NO.
moved_real,data/videos_real/int_67ms/real_67_00072.avi,67,1,0,-2.2513,-11.9526,-11.9524,-13.1062,-12.5144,8,a,NO,NO.
moved_twin,data/twin_real/real_67_00072.avi,67,0,0,-1.7395,-11.7289,-11.8536,-12.8824,-12.2905,8,a,NO,NO.
order_twin,data/twin_real/real_67_00072.avi,67,-1,0,-1.9896,-11.6955,-11.2578,-12.6614,-12.2882,8,a,NO,NO.
bind_twin,data/twin_real/real_67_00072.avi,67,1,1,2.8923,-12.7907,-12.9156,-14.1005,-13.5397,8,a,YES,YES.
order_real,data/videos_real/int_67ms/real_67_00072_flip.avi,67,1,0,-2.3381,-11.82,-11.2575,-12.7863,-12.3817,8,a,NO,NO.
order_real,data/videos_real/int_67ms/real_67_00084.avi,67,1,0,-0.8306,-11.545,-10.7326,-12.5415,-12.0129,8,a,NO,NO.
order_rev,data/videos_real/int_67ms/real_67_00084.avi,67,1,0,-0.8378,-11.7127,-11.5877,-12.7096,-12.2742,8,a,NO,NO.
moved_real,data/videos_real/int_67ms/real_67_00084.avi,67,1,0,-1.1141,-11.4767,-11.6014,-12.8167,-12.0695,8,a,NO,NO.
moved_twin,data/twin_real/real_67_00084.avi,67,0,0,-2.1264,-11.7153,-12.0899,-13.119,-12.4644,8,a,NO,NO.
order_twin,data/twin_real/real_67_00084.avi,67,-1,0,-1.5035,-11.6765,-10.9265,-12.7048,-12.2069,8,a,NO,NO.
bind_twin,data/twin_real/real_67_00084.avi,67,1,1,1.4099,-11.7478,-11.8101,-12.9325,-12.4341,8,a,YES,YES.
order_real,data/videos_real/int_67ms/real_67_00084_flip.avi,67,0,0,-0.9555,-11.4468,-10.6343,-12.412,-11.8834,8,a,NO,NO.
order_real,data/videos_real/int_67ms/real_67_00096.avi,67,0,0,-1.5393,-11.6357,-11.0107,-12.5391,-11.9476,8,b,NO,NO.
order_rev,data/videos_real/int_67ms/real_67_00096.avi,67,0,0,-1.3063,-11.4614,-11.3987,-12.8017,-12.2415,8,b,NO,NO.
moved_real,data/videos_real/int_67ms/real_67_00096.avi,67,1,1,1.2174,-11.7016,-11.7638,-12.9484,-12.0135,8,b,YES,YES.
moved_twin,data/twin_real/real_67_00096.avi,67,0,0,-1.3836,-11.4151,-11.7271,-12.818,-12.1017,8,b,NO,NO.
order_twin,data/twin_real/real_67_00096.avi,67,-1,0,-2.3228,-11.9097,-11.4722,-13.064,-12.4717,8,b,NO,NO.
bind_twin,data/twin_real/real_67_00096.avi,67,0,0,-8.1249,-15.0383,-14.5383,-15.8501,-15.9754,8,b,NO,NO.
order_real,data/videos_real/int_67ms/real_67_00096_flip.avi,67,1,0,-1.5883,-11.6273,-11.0022,-12.5617,-12.0015,8,b,NO,NO.
order_real,data/videos_real/int_67ms/real_67_00108.avi,67,1,0,-1.2885,-11.3112,-10.6861,-12.1519,-11.6231,8,a,NO,NO.
order_rev,data/videos_real/int_67ms/real_67_00108.avi,67,1,0,-0.9469,-11.459,-11.1465,-12.268,-11.8331,8,a,NO,NO.
moved_real,data/videos_real/int_67ms/real_67_00108.avi,67,1,0,-1.6427,-11.6489,-11.3988,-12.5528,-11.9609,8,a,NO,NO.
moved_twin,data/twin_real/real_67_00108.avi,67,0,0,-2.6335,-11.8849,-11.8847,-12.8206,-12.3219,8,a,NO,NO.
order_twin,data/twin_real/real_67_00108.avi,67,-1,0,-1.8614,-11.3993,-10.8992,-12.1158,-11.7112,8,a,NO,NO.
bind_twin,data/twin_real/real_67_00108.avi,67,1,1,2.7775,-12.1318,-12.2566,-13.5049,-13.006,8,a,YES,YES.
order_real,data/videos_real/int_67ms/real_67_00108_flip.avi,67,0,0,-1.4135,-11.4101,-10.7226,-12.2196,-11.722,8,a,NO,NO.
order_real,data/videos_real/int_67ms/real_67_00120.avi,67,0,0,-2.3139,-12.0476,-11.3601,-13.0452,-12.6719,8,b,NO,NO.
order_rev,data/videos_real/int_67ms/real_67_00120.avi,67,0,0,-1.652,-11.5555,-11.3679,-12.4899,-12.1795,8,b,NO,NO.
moved_real,data/videos_real/int_67ms/real_67_00120.avi,67,1,0,-0.9309,-11.3672,-11.3046,-12.5518,-11.929,8,b,NO,NO.
moved_twin,data/twin_real/real_67_00120.avi,67,0,0,-1.6977,-11.7972,-11.797,-12.9202,-12.4216,8,b,NO,NO.
order_twin,data/twin_real/real_67_00120.avi,67,-1,0,-2.9391,-12.1918,-11.7542,-13.2525,-12.8787,8,b,NO,NO.
bind_twin,data/twin_real/real_67_00120.avi,67,0,0,-2.8895,-11.9489,-11.4489,-12.8842,-12.6354,8,b,NO,NO.
order_real,data/videos_real/int_67ms/real_67_00120_flip.avi,67,1,0,-2.421,-11.9375,-11.3125,-12.9354,-12.5619,8,b,NO,NO.
order_real,data/videos_real/int_67ms/real_67_00132.avi,67,1,0,-1.6974,-11.6107,-11.1106,-12.6705,-12.1724,8,a,NO,NO.
order_rev,data/videos_real/int_67ms/real_67_00132.avi,67,1,0,-0.3659,-11.5222,-11.4596,-12.5819,-12.1464,8,a,NO,NO.
moved_real,data/videos_real/int_67ms/real_67_00132.avi,67,1,0,-0.8641,-11.1703,-11.5448,-12.823,-12.0442,8,a,NO,NO.
moved_twin,data/twin_real/real_67_00132.avi,67,0,0,-3.7491,-12.1229,-12.7476,-13.6838,-13.1848,8,a,NO,NO.
order_twin,data/twin_real/real_67_00132.avi,67,-1,0,-2.8382,-11.9089,-11.8463,-13.2198,-12.7209,8,a,NO,NO.
bind_twin,data/twin_real/real_67_00132.avi,67,1,1,4.2617,-13.044,-13.6688,-14.6672,-14.1057,8,a,YES,YES.
order_real,data/videos_real/int_67ms/real_67_00132_flip.avi,67,0,0,-1.7771,-11.7235,-11.2234,-12.8144,-12.3163,8,a,NO,NO.
order_real,data/videos_real/int_67ms/real_67_00144.avi,67,1,0,-2.3766,-11.5665,-11.5038,-12.9704,-12.5031,8,a,NO,NO.
order_rev,data/videos_real/int_67ms/real_67_00144.avi,67,1,0,-1.6019,-11.7795,-11.6543,-12.9326,-12.5284,8,a,NO,NO.
moved_real,data/videos_real/int_67ms/real_67_00144.avi,67,1,0,-3.0741,-11.9978,-12.3726,-13.5582,-13.0596,8,a,NO,NO.
moved_twin,data/twin_real/real_67_00144.avi,67,0,0,-2.7949,-11.7625,-12.1997,-13.2917,-12.6993,8,a,NO,NO.
order_twin,data/twin_real/real_67_00144.avi,67,-1,0,-2.823,-11.4373,-11.4995,-12.8416,-12.4364,8,a,NO,NO.
bind_twin,data/twin_real/real_67_00144.avi,67,1,1,0.2851,-11.4916,-11.3039,-12.3933,-11.99,8,a,YES,YES.
order_real,data/videos_real/int_67ms/real_67_00144_flip.avi,67,0,0,-2.1026,-11.6939,-11.5062,-13.066,-12.5679,8,a,NO,NO.
order_real,data/videos_real/int_67ms/real_67_00156.avi,67,1,0,-2.8132,-11.8868,-11.1994,-12.76,-12.3239,8,b,NO,NO.
order_rev,data/videos_real/int_67ms/real_67_00156.avi,67,1,0,-1.5266,-11.3278,-11.1402,-12.1689,-11.8581,8,b,NO,NO.
moved_real,data/videos_real/int_67ms/real_67_00156.avi,67,1,0,-2.2579,-11.7284,-11.6658,-12.6328,-12.1654,8,b,NO,NO.
moved_twin,data/twin_real/real_67_00156.avi,67,0,0,-2.7262,-11.9721,-11.9095,-12.7519,-12.3467,8,b,NO,NO.
order_twin,data/twin_real/real_67_00156.avi,67,-1,0,-2.8519,-11.9472,-11.1972,-12.6955,-12.3218,8,b,NO,NO.
bind_twin,data/twin_real/real_67_00156.avi,67,0,0,-5.0064,-13.213,-12.463,-13.7743,-13.5875,8,b,NO,NO
order_real,data/videos_real/int_67ms/real_67_00156_flip.avi,67,0,0,-2.8518,-12.0096,-11.2596,-12.8203,-12.3842,8,b,NO,NO.
order_real,data/videos_real/int_67ms/real_67_00168.avi,67,1,0,-1.8065,-11.188,-11.1878,-12.4975,-12.0931,8,a,NO,NO.
order_rev,data/videos_real/int_67ms/real_67_00168.avi,67,1,0,-0.3659,-11.6464,-11.5213,-12.7684,-12.3955,8,a,NO,NO.
moved_real,data/videos_real/int_67ms/real_67_00168.avi,67,1,0,-1.1241,-11.3508,-11.4755,-12.4723,-12.0371,8,a,NO,NO.
moved_twin,data/twin_real/real_67_00168.avi,67,0,0,-1.8451,-11.5273,-11.8394,-12.7436,-12.4013,8,a,NO,NO.
order_twin,data/twin_real/real_67_00168.avi,67,-1,0,-2.0568,-10.9696,-11.2818,-12.3114,-12.0311,8,a,NO,NO.
bind_twin,data/twin_real/real_67_00168.avi,67,1,1,3.7637,-12.6868,-12.8117,-13.81,-13.6235,8,a,YES,YES
order_real,data/videos_real/int_67ms/real_67_00168_flip.avi,67,0,0,-1.8064,-11.0631,-11.1252,-12.404,-12.0307,8,a,NO,NO.
order_real,data/videos_real/int_67ms/real_67_00180.avi,67,0,1,0.7489,-11.4278,-11.0528,-12.4552,-11.8021,8,a,YES,YES.
order_rev,data/videos_real/int_67ms/real_67_00180.avi,67,0,1,0.2468,-11.5494,-11.237,-12.5465,-12.1113,8,a,YES,YES.
moved_real,data/videos_real/int_67ms/real_67_00180.avi,67,1,0,-0.0498,-11.5476,-11.7348,-12.7935,-11.9843,8,a,NO,NO.
moved_twin,data/twin_real/real_67_00180.avi,67,0,0,-0.8352,-11.4629,-11.6499,-12.5526,-12.0242,8,a,NO,NO.
order_twin,data/twin_real/real_67_00180.avi,67,-1,0,-0.181,-11.1431,-10.8304,-12.2015,-11.6733,8,a,NO,NO.
bind_twin,data/twin_real/real_67_00180.avi,67,1,1,5.2708,-13.429,-14.0538,-14.8026,-14.6158,8,a,YES,YES.
order_real,data/videos_real/int_67ms/real_67_00180_flip.avi,67,1,1,0.7728,-11.4824,-11.1698,-12.5722,-11.9191,8,a,YES,YES.
order_real,data/videos_real/int_67ms/real_67_00192.avi,67,1,0,-1.8304,-11.7062,-11.0188,-12.641,-12.0805,8,b,NO,NO.
order_rev,data/videos_real/int_67ms/real_67_00192.avi,67,1,0,-2.4315,-11.6183,-11.3682,-12.4597,-11.9301,8,b,NO,NO.
moved_real,data/videos_real/int_67ms/real_67_00192.avi,67,1,0,-1.3642,-11.9193,-11.8567,-12.9481,-12.356,8,b,NO,NO.
moved_twin,data/twin_real/real_67_00192.avi,67,0,0,-1.8378,-12.0001,-11.875,-12.967,-12.3745,8,b,NO,NO.
order_twin,data/twin_real/real_67_00192.avi,67,-1,0,-1.9713,-11.7931,-10.9807,-12.7595,-12.1675,8,b,NO,NO.
bind_twin,data/twin_real/real_67_00192.avi,67,0,0,-6.1213,-14.1196,-13.8696,-14.9313,-14.8692,8,b,NO,NO
order_real,data/videos_real/int_67ms/real_67_00192_flip.avi,67,0,0,-1.6156,-11.739,-10.9267,-12.6423,-12.0509,8,b,NO,NO.
order_real,data/videos_real/int_67ms/real_67_00204.avi,67,0,0,-0.8366,-11.0917,-10.3417,-11.9947,-11.591,8,a,NO,NO.
order_rev,data/videos_real/int_67ms/real_67_00204.avi,67,0,0,-0.4769,-11.4374,-11.1874,-12.466,-12.1242,8,a,NO,NO.
moved_real,data/videos_real/int_67ms/real_67_00204.avi,67,1,0,-0.8178,-11.2836,-11.4084,-12.4993,-12.0639,8,a,NO,NO.
moved_twin,data/twin_real/real_67_00204.avi,67,0,0,-1.4376,-11.2202,-11.5324,-12.5301,-12.1567,8,a,NO,NO.
order_twin,data/twin_real/real_67_00204.avi,67,-1,0,-0.9622,-11.1797,-10.4922,-12.1762,-11.7414,8,a,NO,NO.
bind_twin,data/twin_real/real_67_00204.avi,67,1,1,4.0111,-12.6153,-12.8028,-13.9263,-13.8022,8,a,YES,YES
order_real,data/videos_real/int_67ms/real_67_00204_flip.avi,67,1,0,-0.92,-11.1914,-10.4415,-12.0944,-11.6908,8,a,NO,NO.
order_real,data/videos_real/int_67ms/real_67_00216.avi,67,1,0,-1.1021,-11.4305,-10.8055,-12.3635,-11.8355,8,a,NO,NO.
order_rev,data/videos_real/int_67ms/real_67_00216.avi,67,1,0,-1.0636,-11.5635,-11.3759,-12.466,-12.0624,8,a,NO,NO.
moved_real,data/videos_real/int_67ms/real_67_00216.avi,67,1,0,-0.4023,-11.3938,-11.4871,-12.5138,-11.8298,8,a,NO,NO.
moved_twin,data/twin_real/real_67_00216.avi,67,0,0,-0.6524,-11.1139,-11.3946,-12.3597,-11.7374,8,a,NO,NO.
order_twin,data/twin_real/real_67_00216.avi,67,-1,0,-1.4773,-11.3491,-10.7866,-12.3145,-11.8792,8,a,NO,NO.
bind_twin,data/twin_real/real_67_00216.avi,67,1,1,3.8959,-12.5694,-13.0067,-13.9425,-13.506,8,a,YES,YES.
order_real,data/videos_real/int_67ms/real_67_00216_flip.avi,67,0,0,-1.0124,-11.4535,-10.8284,-12.3865,-11.8896,8,a,NO,NO.
order_real,data/videos_real/int_67ms/real_67_00228.avi,67,1,0,-1.1141,-11.6018,-11.0392,-12.7542,-12.0071,8,b,NO,NO.
order_rev,data/videos_real/int_67ms/real_67_00228.avi,67,1,0,-1.1708,-11.6857,-11.4981,-12.7445,-12.2471,8,b,NO,NO.
moved_real,data/videos_real/int_67ms/real_67_00228.avi,67,1,1,0.9672,-12.014,-12.0764,-13.3538,-12.4507,8,b,YES,YES.
moved_twin,data/twin_real/real_67_00228.avi,67,0,0,-1.8391,-11.8383,-12.088,-13.1164,-12.4937,8,b,NO,NO.
order_twin,data/twin_real/real_67_00228.avi,67,-1,0,-1.9629,-11.7345,-11.3594,-12.8883,-12.1714,8,b,NO,NO.
bind_twin,data/twin_real/real_67_00228.avi,67,0,0,-6.3747,-14.102,-13.5396,-14.726,-14.789,8,b,NO,NO
order_real,data/videos_real/int_67ms/real_67_00228_flip.avi,67,0,0,-1.2126,-11.6142,-11.0516,-12.7977,-12.0508,8,b,NO,NO.
order_real,data/videos_real/int_67ms/real_67_00240.avi,67,0,0,-0.3399,-11.2649,-10.8272,-12.3861,-11.764,8,a,NO,NO.
order_real,data/videos_real/int_67ms/real_67_00240_flip.avi,67,1,0,-0.2794,-11.4153,-10.9152,-12.5051,-11.8519,8,a,NO,NO.
order_real,data/videos_real/int_67ms/real_67_00252.avi,67,1,0,-1.546,-11.5466,-11.1715,-12.6995,-11.9833,8,a,NO,NO.
order_real,data/videos_real/int_67ms/real_67_00252_flip.avi,67,0,0,-1.3138,-11.5051,-11.0675,-12.6267,-11.9418,8,a,NO,NO.
order_real,data/videos_real/int_67ms/real_67_00264.avi,67,0,0,-2.0395,-11.6883,-11.1257,-12.6855,-12.0626,8,a,NO,NO.
order_real,data/videos_real/int_67ms/real_67_00264_flip.avi,67,1,0,-2.2045,-11.7634,-11.2008,-12.7605,-12.1377,8,a,NO,NO.
order_real,data/videos_real/int_67ms/real_67_00276.avi,67,1,0,-1.5027,-11.8019,-10.8021,-12.5482,-12.0512,8,a,NO,NO.
order_real,data/videos_real/int_67ms/real_67_00276_flip.avi,67,0,0,-1.3775,-11.7012,-10.7637,-12.4786,-11.9816,8,a,NO,NO.
order_real,data/videos_real/int_67ms/real_67_00288.avi,67,1,0,-1.2528,-11.268,-10.7055,-12.1704,-11.33,8,a,NO,NO.
order_real,data/videos_real/int_67ms/real_67_00288_flip.avi,67,0,0,-1.1921,-11.2197,-10.6571,-12.1219,-11.2816,8,a,NO,NO.
order_real,data/videos_real/int_67ms/real_67_00300.avi,67,1,0,-0.6278,-11.4049,-10.3426,-12.3075,-11.7478,8,a,NO,NO.
order_real,data/videos_real/int_67ms/real_67_00300_flip.avi,67,0,0,-0.6568,-11.3329,-10.2082,-12.1731,-11.6134,8,a,NO,NO.
order_real,data/videos_real/int_67ms/real_67_00312.avi,67,1,0,-2.6016,-11.73,-11.23,-12.7593,-12.2294,8,b,NO,NO.
order_real,data/videos_real/int_67ms/real_67_00312_flip.avi,67,0,0,-2.6143,-11.8249,-11.2624,-12.7917,-12.2618,8,b,NO,NO.
order_real,data/videos_real/int_67ms/real_67_00324.avi,67,0,0,-1.9312,-11.545,-11.0449,-12.4795,-12.0752,8,a,NO,NO.
order_real,data/videos_real/int_67ms/real_67_00324_flip.avi,67,1,0,-2.1031,-11.558,-11.0579,-12.4927,-12.0571,8,a,NO,NO.
order_real,data/videos_real/int_67ms/real_67_00336.avi,67,1,0,-2.6374,-12.0227,-11.4602,-12.958,-12.5845,8,b,NO,NO.
order_real,data/videos_real/int_67ms/real_67_00336_flip.avi,67,0,0,-2.2622,-11.7409,-11.1159,-12.6758,-12.3339,8,b,NO,NO.
order_real,data/videos_real/int_67ms/real_67_00348.avi,67,0,0,-2.7366,-11.7533,-11.4406,-12.8761,-12.2527,8,a,NO,NO.
order_real,data/videos_real/int_67ms/real_67_00348_flip.avi,67,1,0,-2.7366,-11.878,-11.5029,-12.9695,-12.3774,8,a,NO,NO.
order_real,data/videos_real/int_67ms/real_67_00360.avi,67,1,0,-1.7129,-11.4575,-10.9575,-12.33,-11.8942,8,a,NO,NO.
order_real,data/videos_real/int_67ms/real_67_00360_flip.avi,67,0,0,-1.796,-11.57,-11.0075,-12.38,-11.9442,8,a,NO,NO.
order_real,data/videos_real/int_67ms/real_67_00372.avi,67,0,0,-1.0007,-11.543,-10.7306,-12.3205,-11.8546,8,b,NO,NO.
order_real,data/videos_real/int_67ms/real_67_00372_flip.avi,67,1,0,-1.1019,-11.6174,-10.805,-12.3949,-11.929,8,b,NO,NO.
order_real,data/videos_real/int_67ms/real_67_00384.avi,67,0,0,-1.186,-11.8042,-11.0543,-12.7081,-12.3036,8,b,NO,NO.
order_real,data/videos_real/int_67ms/real_67_00384_flip.avi,67,1,0,-1.0961,-11.8259,-11.0759,-12.7297,-12.3252,8,b,NO,NO.
order_real,data/videos_real/int_67ms/real_67_00396.avi,67,0,0,-2.0723,-11.5612,-10.9987,-12.4647,-12.0603,8,a,NO,NO.
order_real,data/videos_real/int_67ms/real_67_00396_flip.avi,67,1,0,-1.9472,-11.5137,-10.9511,-12.448,-12.0128,8,a,NO,NO.
order_real,data/videos_real/int_67ms/real_67_00408.avi,67,0,0,-0.8969,-11.4638,-10.4639,-12.3044,-11.9318,8,b,NO,NO.
order_real,data/videos_real/int_67ms/real_67_00408_flip.avi,67,1,0,-0.8648,-11.4107,-10.4108,-12.2827,-11.8476,8,b,NO,NO.
order_real,data/videos_real/int_67ms/real_67_00420.avi,67,0,0,-0.2126,-11.26,-10.6351,-12.3182,-11.5404,8,a,NO,NO.
order_real,data/videos_real/int_67ms/real_67_00420_flip.avi,67,1,0,-0.1887,-11.309,-10.684,-12.3671,-11.5893,8,a,NO,NO.
order_real,data/videos_real/int_67ms/real_67_00432.avi,67,0,0,-1.8397,-11.4367,-11.0615,-12.4964,-12.0609,8,b,NO,NO.
order_real,data/videos_real/int_67ms/real_67_00432_flip.avi,67,1,0,-1.664,-11.4898,-11.0522,-12.5181,-12.114,8,b,NO,NO.
order_real,data/videos_real/int_67ms/real_67_00444.avi,67,0,0,-0.1257,-11.4236,-11.0485,-12.6698,-11.9852,8,a,NO,NO.
order_real,data/videos_real/int_67ms/real_67_00444_flip.avi,67,1,0,-0.1711,-11.5898,-11.2147,-12.8048,-12.0889,8,a,NO,NO.
order_real,data/videos_real/int_67ms/real_67_00456.avi,67,0,0,-1.5071,-11.4225,-10.7975,-12.3885,-11.7344,8,a,NO,NO.
order_real,data/videos_real/int_67ms/real_67_00456_flip.avi,67,1,0,-1.4778,-11.3988,-10.8363,-12.3336,-11.7107,8,a,NO,NO.
order_real,data/videos_real/int_67ms/real_67_00468.avi,67,0,0,-0.9141,-11.4665,-10.9664,-12.5569,-11.716,8,a,NO,NO.
order_real,data/videos_real/int_67ms/real_67_00468_flip.avi,67,1,0,-1.0214,-11.4722,-10.9721,-12.5626,-11.7216,8,a,NO,NO.
order_real,data/videos_real/int_67ms/real_67_00480.avi,67,0,0,-2.3646,-11.8441,-11.344,-12.8416,-12.4682,8,a,NO,NO.
order_real,data/videos_real/int_67ms/real_67_00480_flip.avi,67,1,0,-2.3381,-11.82,-11.2575,-12.7863,-12.3817,8,a,NO,NO.
order_real,data/videos_real/int_67ms/real_67_00492.avi,67,0,0,-1.0877,-11.5826,-10.7701,-12.4842,-11.9564,8,a,NO,NO.
order_real,data/videos_real/int_67ms/real_67_00492_flip.avi,67,1,0,-1.2512,-11.606,-10.9185,-12.539,-11.9798,8,a,NO,NO.
order_real,data/videos_real/int_67ms/real_67_00504.avi,67,1,0,-2.2131,-11.7689,-11.4562,-13.0159,-12.5802,8,a,NO,NO.
order_real,data/videos_real/int_67ms/real_67_00504_flip.avi,67,0,0,-2.2131,-11.7688,-11.5186,-13.0469,-12.5801,8,a,NO,NO.
order_real,data/videos_real/int_67ms/real_67_00516.avi,67,0,0,-1.9628,-11.7976,-11.2975,-12.7631,-12.2029,8,b,NO,NO.
order_real,data/videos_real/int_67ms/real_67_00516_flip.avi,67,1,0,-1.9628,-11.6728,-11.2352,-12.6695,-12.1406,8,b,NO,NO.
order_real,data/videos_real/int_67ms/real_67_00528.avi,67,0,0,-1.0898,-11.3299,-10.9546,-12.4195,-11.6416,8,a,NO,NO.
order_real,data/videos_real/int_67ms/real_67_00528_flip.avi,67,1,0,-0.9428,-11.2825,-10.8448,-12.3411,-11.5318,8,a,NO,NO.
order_real,data/videos_real/int_67ms/real_67_00540.avi,67,1,0,-0.2406,-11.5137,-10.8887,-12.4784,-12.0127,8,a,NO,NO.
order_real,data/videos_real/int_67ms/real_67_00540_flip.avi,67,0,0,-0.4904,-11.6613,-10.9114,-12.5011,-12.0042,8,a,NO,NO.
order_real,data/videos_real/int_67ms/real_67_00552.avi,67,0,0,-1.3522,-11.6844,-10.8719,-12.6498,-12.121,8,b,NO,NO.
order_real,data/videos_real/int_67ms/real_67_00552_flip.avi,67,1,0,-1.2126,-11.4894,-10.7393,-12.4547,-11.926,8,b,NO,NO.
order_real,data/videos_real/int_67ms/real_67_00564.avi,67,0,0,-1.8823,-11.4892,-11.0516,-12.3923,-11.8009,8,a,NO,NO.
order_real,data/videos_real/int_67ms/real_67_00564_flip.avi,67,1,0,-2.0074,-11.5357,-11.1606,-12.439,-11.8475,8,a,NO,NO.
order_real,data/videos_real/int_67ms/real_67_00576.avi,67,0,0,-1.6974,-11.4864,-11.0488,-12.5143,-11.8606,8,a,NO,NO.
order_real,data/videos_real/int_67ms/real_67_00576_flip.avi,67,1,0,-1.6973,-11.4244,-10.9867,-12.4209,-11.7984,8,a,NO,NO.
order_real,data/videos_real/int_67ms/real_67_00588.avi,67,0,0,-1.0112,-11.5164,-10.7039,-12.4192,-11.8907,8,b,NO,NO.
order_real,data/videos_real/int_67ms/real_67_00588_flip.avi,67,1,0,-1.2118,-11.4908,-10.6784,-12.3939,-11.8651,8,b,NO,NO.
order_real,data/videos_real/int_100ms/real_100_00001.avi,100,1,0,-1.8821,-11.7383,-11.2383,-12.6732,-12.1751,8,b,NO,NO.
order_rev,data/videos_real/int_100ms/real_100_00001.avi,100,1,0,-0.8377,-11.4002,-11.3376,-12.6156,-12.2741,8,b,NO,NO.
moved_real,data/videos_real/int_100ms/real_100_00001.avi,100,1,0,-1.1847,-11.5324,-11.5322,-12.7474,-12.2187,8,b,NO,NO.
moved_twin,data/twin_real/real_100_00001.avi,100,0,0,-2.3386,-12.0321,-12.2818,-13.28,-12.9062,8,b,NO,NO.
order_twin,data/twin_real/real_100_00001.avi,100,-1,0,-2.3066,-11.5664,-11.3787,-12.6584,-12.1283,8,b,NO,NO.
bind_twin,data/twin_real/real_100_00001.avi,100,0,0,-5.737,-13.5412,-12.8538,-14.2903,-14.3531,8,b,NO,NO.
order_real,data/videos_real/int_100ms/real_100_00001_flip.avi,100,0,0,-2.0271,-11.8159,-11.3783,-12.7821,-12.2527,8,b,NO,NO.
order_real,data/videos_real/int_100ms/real_100_00013.avi,100,0,0,-3.4913,-12.2108,-11.8982,-13.5216,-13.2101,8,b,NO,NO.
order_rev,data/videos_real/int_100ms/real_100_00013.avi,100,0,0,-2.8228,-11.6866,-11.749,-13.1213,-12.6857,8,b,NO,NO.
moved_real,data/videos_real/int_100ms/real_100_00013.avi,100,1,0,-1.7394,-11.7283,-11.853,-13.0379,-12.5397,8,b,NO,NO.
moved_twin,data/twin_real/real_100_00013.avi,100,0,0,-2.0564,-11.8408,-11.9656,-13.0571,-12.5899,8,b,NO,NO.
order_twin,data/twin_real/real_100_00013.avi,100,-1,0,-3.9718,-12.3672,-12.1171,-13.6782,-13.429,8,b,NO,NO.
bind_twin,data/twin_real/real_100_00013.avi,100,0,0,-7.9999,-14.8202,-15.0077,-15.757,-15.9448,8,b,NO,NO.
order_real,data/videos_real/int_100ms/real_100_00013_flip.avi,100,1,0,-3.3467,-12.2583,-11.8832,-13.5065,-13.1951,8,b,NO,NO.
order_real,data/videos_real/int_100ms/real_100_00025.avi,100,0,0,-0.8819,-11.4441,-10.7565,-12.7209,-11.9117,8,a,NO,NO.
order_rev,data/videos_real/int_100ms/real_100_00025.avi,100,0,0,-1.6483,-11.9033,-11.8407,-13.0565,-12.5274,8,a,NO,NO.
moved_real,data/videos_real/int_100ms/real_100_00025.avi,100,1,0,-0.864,-11.6076,-11.6072,-12.8217,-12.0438,8,a,NO,NO.
moved_twin,data/twin_real/real_100_00025.avi,100,0,0,-2.1377,-11.691,-11.9408,-12.9388,-12.3151,8,a,NO,NO.
order_twin,data/twin_real/real_100_00025.avi,100,-1,0,-1.6522,-11.6178,-11.1802,-12.8958,-12.1793,8,a,NO,NO.
bind_twin,data/twin_real/real_100_00025.avi,100,1,1,3.8991,-13.069,-13.5063,-14.5672,-13.8807,8,a,YES,YES.
order_real,data/videos_real/int_100ms/real_100_00025_flip.avi,100,1,0,-0.9019,-11.5336,-10.8461,-12.7795,-11.9701,8,a,NO,NO.
order_real,data/videos_real/int_100ms/real_100_00037.avi,100,0,0,-1.5115,-11.592,-10.7795,-12.4329,-11.9664,8,b,NO,NO.
order_rev,data/videos_real/int_100ms/real_100_00037.avi,100,0,1,0.0895,-11.6668,-11.3544,-12.6016,-12.1662,8,b,NO,YES.
moved_real,data/videos_real/int_100ms/real_100_00037.avi,100,1,0,-0.7252,-11.1815,-10.8688,-12.1477,-11.5559,8,b,NO,NO.
moved_twin,data/twin_real/real_100_00037.avi,100,0,0,-1.6974,-11.3961,-11.1459,-12.4564,-11.8331,8,b,NO,NO.
order_twin,data/twin_real/real_100_00037.avi,100,-1,0,-2.1608,-11.8995,-11.0246,-12.7101,-12.2117,8,b,NO,NO.
bind_twin,data/twin_real/real_100_00037.avi,100,0,0,-4.6407,-13.4212,-12.4837,-13.983,-13.7335,8,b,NO,NO.
order_real,data/videos_real/int_100ms/real_100_00037_flip.avi,100,1,0,-1.2616,-11.5173,-10.6424,-12.3582,-11.8917,8,b,NO,NO.
order_real,data/videos_real/int_100ms/real_100_00049.avi,100,1,0,-1.6153,-11.7393,-10.802,-12.5486,-12.051,8,b,NO,NO.
order_rev,data/videos_real/int_100ms/real_100_00049.avi,100,1,0,-1.3223,-11.554,-11.3664,-12.4256,-11.8655,8,b,NO,NO.
moved_real,data/videos_real/int_100ms/real_100_00049.avi,100,1,0,-1.4619,-11.8742,-11.5616,-12.6842,-12.1235,8,b,NO,NO.
moved_twin,data/twin_real/real_100_00049.avi,100,0,0,-1.6809,-11.8295,-11.6419,-12.6396,-12.1414,8,b,NO,NO.
order_twin,data/twin_real/real_100_00049.avi,100,-1,0,-1.7127,-11.5822,-10.7698,-12.3918,-11.894,8,b,NO,NO.
bind_twin,data/twin_real/real_100_00049.avi,100,0,0,-5.605,-13.6667,-13.0418,-14.2283,-14.2913,8,b,NO,NO
order_real,data/videos_real/int_100ms/real_100_00049_flip.avi,100,0,0,-1.705,-11.7872,-10.9123,-12.5965,-12.0989,8,b,NO,NO.
order_real,data/videos_real/int_100ms/real_100_00061.avi,100,0,0,-1.589,-11.2886,-10.7886,-12.0987,-11.5381,8,a,NO,NO.
order_rev,data/videos_real/int_100ms/real_100_00061.avi,100,0,0,-0.8372,-11.4634,-11.2134,-12.3665,-11.9002,8,a,NO,NO.
moved_real,data/videos_real/int_100ms/real_100_00061.avi,100,1,0,-2.1135,-11.8685,-11.681,-12.7418,-12.1181,8,a,NO,NO.
moved_twin,data/twin_real/real_100_00061.avi,100,0,0,-2.213,-11.7947,-11.9196,-12.8868,-12.2317,8,a,NO,NO.
order_twin,data/twin_real/real_100_00061.avi,100,-1,0,-1.9017,-11.333,-10.7081,-12.05,-11.5826,8,a,NO,NO.
bind_twin,data/twin_real/real_100_00061.avi,100,1,0,0.0618,-11.3094,-10.9344,-12.3385,-11.7461,8,a,NO,NO.
order_real,data/videos_real/int_100ms/real_100_00061_flip.avi,100,1,0,-1.7356,-11.2924,-10.7924,-12.1651,-11.6043,8,a,NO,NO.
order_real,data/videos_real/int_100ms/real_100_00073.avi,100,1,0,-0.8223,-11.6822,-11.0573,-12.5225,-11.994,8,b,NO,NO.
order_rev,data/videos_real/int_100ms/real_100_00073.avi,100,1,0,-1.4628,-11.6866,-11.499,-12.7146,-12.2792,8,b,NO,NO.
moved_real,data/videos_real/int_100ms/real_100_00073.avi,100,1,0,-1.2862,-11.7225,-11.5974,-12.7512,-12.1594,8,b,NO,NO.
moved_twin,data/twin_real/real_100_00073.avi,100,0,0,-0.9485,-11.6576,-11.5325,-12.6236,-11.9695,8,b,NO,NO.
order_twin,data/twin_real/real_100_00073.avi,100,-1,0,-1.0013,-11.48,-10.9801,-12.2587,-11.8856,8,b,NO,NO.
bind_twin,data/twin_real/real_100_00073.avi,100,0,0,-3.7273,-12.4551,-11.9551,-13.203,-12.9542,8,b,NO,NO.
order_real,data/videos_real/int_100ms/real_100_00073_flip.avi,100,0,0,-0.6972,-11.7221,-10.9723,-12.5623,-12.0339,8,b,NO,NO.
order_real,data/videos_real/int_100ms/real_100_00085.avi,100,1,0,-2.1322,-12.0201,-11.3326,-12.9864,-12.5819,8,b,NO,NO.
order_rev,data/videos_real/int_100ms/real_100_00085.avi,100,1,0,-1.2894,-11.4976,-11.435,-12.4943,-12.0592,8,b,NO,NO.
moved_real,data/videos_real/int_100ms/real_100_00085.avi,100,1,0,-0.935,-11.4091,-11.4712,-12.8121,-12.1269,8,b,NO,NO.
moved_twin,data/twin_real/real_100_00085.avi,100,0,0,-3.0889,-12.0467,-12.6088,-13.6385,-13.046,8,b,NO,NO.
order_twin,data/twin_real/real_100_00085.avi,100,-1,0,-2.6026,-12.0868,-11.6493,-13.2723,-12.7737,8,b,NO,NO.
bind_twin,data/twin_real/real_100_00085.avi,100,0,0,-5.4856,-13.6172,-13.4296,-14.4912,-14.554,8,b,NO,NO.
order_real,data/videos_real/int_100ms/real_100_00085_flip.avi,100,0,0,-2.4022,-12.1526,-11.5901,-13.1814,-12.7769,8,b,NO,NO.
order_real,data/videos_real/int_100ms/real_100_00097.avi,100,1,0,-1.6645,-11.2407,-11.1155,-12.4568,-12.021,8,a,NO,NO.
order_rev,data/videos_real/int_100ms/real_100_00097.avi,100,1,0,-0.3868,-11.7582,-11.5706,-12.6937,-12.3202,8,a,NO,NO.
moved_real,data/videos_real/int_100ms/real_100_00097.avi,100,1,0,-2.0086,-11.8794,-11.8791,-12.8769,-12.3162,8,a,NO,NO.
moved_twin,data/twin_real/real_100_00097.avi,100,0,0,-2.7689,-12.1562,-12.4059,-13.2483,-12.7806,8,a,NO,NO.
order_twin,data/twin_real/real_100_00097.avi,100,-1,0,-2.7722,-11.5369,-11.7241,-12.9103,-12.4113,8,a,NO,NO.
bind_twin,data/twin_real/real_100_00097.avi,100,1,1,0.9184,-11.8573,-11.7321,-12.6044,-12.2625,8,a,YES,YES.
order_real,data/videos_real/int_100ms/real_100_00097_flip.avi,100,0,0,-1.7719,-11.3217,-11.134,-12.4444,-12.0084,8,a,NO,NO.
order_real,data/videos_real/int_100ms/real_100_00109.avi,100,1,0,-1.43,-11.219,-10.9063,-12.3722,-11.9679,8,a,NO,NO.
order_rev,data/videos_real/int_100ms/real_100_00109.avi,100,1,0,-1.9785,-11.8206,-11.9454,-13.0689,-12.6948,8,a,NO,NO.
moved_real,data/videos_real/int_100ms/real_100_00109.avi,100,1,0,-0.9051,-11.3802,-11.6298,-12.533,-11.9102,8,a,NO,NO.
moved_twin,data/twin_real/real_100_00109.avi,100,0,0,-0.9051,-11.2556,-11.5052,-12.471,-11.848,8,a,NO,NO.
order_twin,data/twin_real/real_100_00109.avi,100,-1,0,-1.8403,-11.2489,-10.9987,-12.3092,-11.998,8,a,NO,NO.
bind_twin,data/twin_real/real_100_00109.avi,100,1,1,2.4236,-12.2133,-12.2133,-13.4613,-13.0249,8,a,YES,YES.
order_real,data/videos_real/int_100ms/real_100_00109_flip.avi,100,0,0,-1.3785,-11.1782,-10.803,-12.3313,-11.8646,8,a,NO,NO.
order_real,data/videos_real/int_100ms/real_100_00121.avi,100,0,0,-0.6509,-11.2395,-10.552,-12.1423,-11.6762,8,b,NO,NO.
order_rev,data/videos_real/int_100ms/real_100_00121.avi,100,0,0,-1.2121,-11.2401,-11.0525,-12.2991,-11.9265,8,b,NO,NO.
moved_real,data/videos_real/int_100ms/real_100_00121.avi,100,1,1,0.2069,-11.1557,-11.0931,-12.2149,-11.6237,8,b,YES,YES.
moved_twin,data/twin_real/real_100_00121.avi,100,0,0,-1.9117,-11.5283,-11.7155,-12.5884,-12.0589,8,b,NO,NO.
order_twin,data/twin_real/real_100_00121.avi,100,-1,0,-1.1641,-11.0903,-10.5277,-12.0564,-11.5272,8,b,NO,NO.
bind_twin,data/twin_real/real_100_00121.avi,100,0,0,-3.8731,-12.2748,-11.6498,-12.7736,-12.7117,8,b,NO,NO.
order_real,data/videos_real/int_100ms/real_100_00121_flip.avi,100,1,0,-0.6249,-11.2844,-10.472,-12.0937,-11.6276,8,b,NO,NO.
order_real,data/videos_real/int_100ms/real_100_00133.avi,100,0,0,-0.2529,-11.2404,-10.4281,-12.0495,-11.4585,8,a,NO,NO.
order_rev,data/videos_real/int_100ms/real_100_00133.avi,100,0,0,-1.3652,-11.598,-11.1606,-12.5324,-12.1284,8,a,NO,NO.
moved_real,data/videos_real/int_100ms/real_100_00133.avi,100,1,1,0.2925,-11.5771,-11.5144,-12.6043,-11.7013,8,a,YES,YES.
moved_twin,data/twin_real/real_100_00133.avi,100,0,0,-0.5184,-11.254,-11.4411,-12.3751,-11.5654,8,a,NO,NO.
order_twin,data/twin_real/real_100_00133.avi,100,-1,0,-0.6519,-11.1149,-10.49,-11.9243,-11.3641,8,a,NO,NO.
bind_twin,data/twin_real/real_100_00133.avi,100,1,1,3.6459,-12.5751,-12.7625,-13.9485,-13.3868,8,a,YES,YES.
order_real,data/videos_real/int_100ms/real_100_00133_flip.avi,100,1,1,0.0839,-11.3211,-10.5088,-12.1615,-11.5081,8,a,NO,YES.
order_real,data/videos_real/int_100ms/real_100_00145.avi,100,0,0,0.0373,-11.1912,-10.6911,-12.5309,-11.8152,8,a,NO,NO.
order_rev,data/videos_real/int_100ms/real_100_00145.avi,100,0,0,-1.1281,-11.3584,-11.1708,-12.4171,-11.9823,8,a,NO,NO.
moved_real,data/videos_real/int_100ms/real_100_00145.avi,100,1,1,0.9675,-11.4526,-11.7022,-13.0112,-12.0142,8,a,YES,YES.
moved_twin,data/twin_real/real_100_00145.avi,100,0,1,0.4636,-11.2435,-11.5556,-12.7394,-11.8674,8,a,YES,YES.
order_twin,data/twin_real/real_100_00145.avi,100,-1,0,-0.3822,-11.0556,-10.618,-12.3956,-11.7109,8,a,NO,NO.
bind_twin,data/twin_real/real_100_00145.avi,100,1,1,3.0247,-12.1113,-12.1112,-13.4844,-12.9231,8,a,YES,YES.
order_real,data/videos_real/int_100ms/real_100_00145_flip.avi,100,1,0,0.0372,-11.1913,-10.6287,-12.531,-11.8152,8,a,NO,NO.
order_real,data/videos_real/int_100ms/real_100_00157.avi,100,1,0,-2.1282,-12.0249,-11.2749,-12.9595,-12.5866,8,b,NO,NO.
order_rev,data/videos_real/int_100ms/real_100_00157.avi,100,1,0,-1.727,-11.6807,-11.3682,-12.521,-12.2109,8,b,NO,NO.
moved_real,data/videos_real/int_100ms/real_100_00157.avi,100,1,0,-2.1607,-12.0244,-11.8368,-12.866,-12.3989,8,b,NO,NO.
moved_twin,data/twin_real/real_100_00157.avi,100,0,0,-2.6612,-12.0451,-11.9824,-12.9809,-12.5446,8,b,NO,NO.
order_twin,data/twin_real/real_100_00157.avi,100,-1,0,-2.523,-11.9463,-11.3837,-12.9441,-12.5706,8,b,NO,NO.
bind_twin,data/twin_real/real_100_00157.avi,100,0,0,-7.1216,-14.737,-14.1745,-15.4236,-15.4865,8,b,NO,NO.
order_real,data/videos_real/int_100ms/real_100_00157_flip.avi,100,0,0,-2.1478,-12.0424,-11.2924,-12.9458,-12.5416,8,b,NO,NO.
order_real,data/videos_real/int_100ms/real_100_00169.avi,100,1,0,-1.5009,-11.9296,-11.3046,-12.8948,-12.335,8,b,NO,NO.
order_rev,data/videos_real/int_100ms/real_100_00169.avi,100,1,0,-1.6974,-11.6727,-11.3601,-12.6069,-12.1094,8,b,NO,NO.
moved_real,data/videos_real/int_100ms/real_100_00169.avi,100,1,0,-0.3126,-11.9911,-11.9283,-13.018,-12.2714,8,b,NO,NO.
moved_twin,data/twin_real/real_100_00169.avi,100,0,0,-2.6463,-12.4585,-12.7708,-13.7691,-13.2079,8,b,NO,NO.
order_twin,data/twin_real/real_100_00169.avi,100,-1,0,-2.699,-12.0807,-11.8931,-13.2039,-12.7051,8,b,NO,NO.
bind_twin,data/twin_real/real_100_00169.avi,100,0,0,-7.3918,-14.8295,-14.7045,-15.6412,-15.7665,8,b,NO,NO
order_real,data/videos_real/int_100ms/real_100_00169_flip.avi,100,0,0,-1.614,-11.874,-11.3114,-12.9016,-12.3418,8,b,NO,NO.
order_real,data/videos_real/int_100ms/real_100_00181.avi,100,0,0,-0.0637,-11.3049,-10.8674,-12.5194,-11.8039,8,a,NO,NO.
order_rev,data/videos_real/int_100ms/real_100_00181.avi,100,0,0,-0.6519,-11.6116,-11.3615,-12.5454,-12.173,8,a,NO,NO.
moved_real,data/videos_real/int_100ms/real_100_00181.avi,100,1,1,1.5676,-11.8717,-12.0589,-13.1497,-12.3084,8,a,YES,YES.
moved_twin,data/twin_real/real_100_00181.avi,100,0,0,-0.1231,-11.2992,-11.4239,-12.2956,-11.7355,8,a,NO,NO.
order_twin,data/twin_real/real_100_00181.avi,100,-1,0,-0.3247,-10.899,-10.8987,-12.0827,-11.4914,8,a,NO,NO.
bind_twin,data/twin_real/real_100_00181.avi,100,1,1,4.0256,-12.8793,-13.1917,-14.1902,-13.8162,8,a,YES,YES.
order_real,data/videos_real/int_100ms/real_100_00181_flip.avi,100,1,0,-0.2768,-11.3209,-10.9457,-12.5034,-11.7884,8,a,NO,NO.
order_real,data/videos_real/int_100ms/real_100_00193.avi,100,0,0,-0.4088,-10.9922,-10.3672,-11.7708,-11.2418,8,a,NO,NO.
order_rev,data/videos_real/int_100ms/real_100_00193.avi,100,0,0,-0.5244,-11.5326,-10.8452,-12.2802,-11.9072,8,a,NO,NO.
moved_real,data/videos_real/int_100ms/real_100_00193.avi,100,1,0,-0.1705,-11.5874,-11.431,-12.3652,-11.743,8,a,NO,NO.
moved_twin,data/twin_real/real_100_00193.avi,100,0,0,-1.4125,-11.4499,-11.3248,-12.0414,-11.6057,8,a,NO,NO.
order_twin,data/twin_real/real_100_00193.avi,100,-1,0,-0.9728,-10.9225,-10.2976,-11.5768,-11.1723,8,a,NO,NO.
bind_twin,data/twin_real/real_100_00193.avi,100,1,1,5.6445,-13.4786,-13.7911,-14.7902,-14.4782,8,a,YES,YES
order_real,data/videos_real/int_100ms/real_100_00193_flip.avi,100,1,0,-0.6001,-11.1454,-10.4579,-11.8616,-11.3637,8,a,NO,NO.
order_real,data/videos_real/int_100ms/real_100_00205.avi,100,0,0,-1.6974,-11.8603,-11.2353,-12.8257,-12.3593,8,b,NO,NO.
order_rev,data/videos_real/int_100ms/real_100_00205.avi,100,0,0,-1.3224,-11.6164,-11.3662,-12.644,-12.2402,8,b,NO,NO.
moved_real,data/videos_real/int_100ms/real_100_00205.avi,100,1,0,-1.1336,-11.5334,-11.658,-12.8736,-12.1886,8,b,NO,NO.
moved_twin,data/twin_real/real_100_00205.avi,100,0,0,-1.2588,-11.4417,-11.6914,-12.7826,-12.1283,8,b,NO,NO.
order_twin,data/twin_real/real_100_00205.avi,100,-1,0,-1.9211,-11.802,-11.302,-12.8617,-12.3948,8,b,NO,NO.
bind_twin,data/twin_real/real_100_00205.avi,100,0,0,-7.1247,-14.6958,-14.2582,-15.4449,-15.4453,8,b,NO,NO.
order_real,data/videos_real/int_100ms/real_100_00205_flip.avi,100,1,0,-1.7132,-11.7321,-11.1071,-12.6976,-12.2312,8,b,NO,NO.
order_real,data/videos_real/int_100ms/real_100_00217.avi,100,0,0,-0.322,-11.426,-10.4886,-12.3597,-11.7378,8,a,NO,NO.
order_rev,data/videos_real/int_100ms/real_100_00217.avi,100,0,0,-1.1368,-11.297,-10.9844,-12.1372,-11.7023,8,a,NO,NO.
moved_real,data/videos_real/int_100ms/real_100_00217.avi,100,1,1,0.8668,-11.4721,-11.4093,-12.5932,-11.9086,8,a,YES,YES.
moved_twin,data/twin_real/real_100_00217.avi,100,0,0,-1.4041,-11.5277,-11.5274,-12.4931,-11.9019,8,a,NO,NO.
order_twin,data/twin_real/real_100_00217.avi,100,-1,0,-1.4142,-11.3485,-10.5361,-12.1271,-11.6292,8,a,NO,NO.
bind_twin,data/twin_real/real_100_00217.avi,100,1,1,1.5759,-11.8305,-11.643,-12.8593,-12.3297,8,a,YES,YES.
order_real,data/videos_real/int_100ms/real_100_00217_flip.avi,100,1,0,-0.463,-11.3684,-10.4935,-12.2708,-11.7426,8,a,NO,NO.
order_real,data/videos_real/int_100ms/real_100_00229.avi,100,1,0,-3.1974,-12.1061,-11.3561,-13.0418,-12.6056,8,b,NO,NO.
order_rev,data/videos_real/int_100ms/real_100_00229.avi,100,1,0,-1.5721,-11.4441,-11.2565,-12.4716,-12.0368,8,b,NO,NO.
moved_real,data/videos_real/int_100ms/real_100_00229.avi,100,1,0,-1.0558,-11.5836,-11.396,-12.6117,-12.0827,8,b,NO,NO.
moved_twin,data/twin_real/real_100_00229.avi,100,0,0,-1.3386,-11.6116,-11.6739,-12.7652,-12.2981,8,b,NO,NO.
order_twin,data/twin_real/real_100_00229.avi,100,-1,0,-3.1978,-12.0434,-11.6683,-13.1043,-12.7303,8,b,NO,NO.
bind_twin,data/twin_real/real_100_00229.avi,100,0,0,-7.4999,-15.008,-15.0079,-15.8821,-16.0699,8,b,NO,NO.
order_real,data/videos_real/int_100ms/real_100_00229_flip.avi,100,0,0,-3.1709,-12.1431,-11.3931,-13.0164,-12.6426,8,b,NO,NO.
order_real,data/videos_real/int_100ms/real_100_00241.avi,100,0,0,-1.4314,-11.1873,-10.8747,-12.5586,-11.9986,8,a,NO,NO.
order_real,data/videos_real/int_100ms/real_100_00241_flip.avi,100,1,0,-1.3966,-11.1986,-10.9484,-12.601,-12.0099,8,a,NO,NO.
order_real,data/videos_real/int_100ms/real_100_00253.avi,100,0,0,-2.8383,-11.5345,-11.6593,-13.0016,-12.5338,8,b,NO,NO.
order_real,data/videos_real/int_100ms/real_100_00253_flip.avi,100,1,0,-2.4632,-11.4348,-11.3721,-12.7765,-12.309,8,b,NO,NO.
order_real,data/videos_real/int_100ms/real_100_00265.avi,100,0,0,-0.8526,-11.4239,-10.8614,-12.3261,-11.7978,8,a,NO,NO.
order_real,data/videos_real/int_100ms/real_100_00265_flip.avi,100,1,0,-0.7768,-11.4471,-10.9471,-12.3805,-11.8522,8,a,NO,NO.
order_real,data/videos_real/int_100ms/real_100_00277.avi,100,1,0,-1.2365,-11.696,-11.1334,-12.8485,-12.2576,8,a,NO,NO.
order_real,data/videos_real/int_100ms/real_100_00277_flip.avi,100,0,0,-1.3967,-11.6974,-11.1347,-12.8187,-12.2277,8,a,NO,NO.
order_real,data/videos_real/int_100ms/real_100_00289.avi,100,0,0,-1.2052,-11.7575,-11.0076,-12.6599,-12.1628,8,b,NO,NO.
order_real,data/videos_real/int_100ms/real_100_00289_flip.avi,100,1,0,-1.1021,-11.6792,-10.9293,-12.5817,-12.0845,8,b,NO,NO.
order_real,data/videos_real/int_100ms/real_100_00301.avi,100,0,0,-1.4631,-11.2502,-11.0,-12.5283,-12.0304,8,a,NO,NO.
order_real,data/videos_real/int_100ms/real_100_00301_flip.avi,100,1,0,-1.4212,-11.383,-11.0703,-12.6608,-12.1318,8,a,NO,NO.
order_real,data/videos_real/int_100ms/real_100_00313.avi,100,1,0,-0.5722,-11.3289,-11.0787,-12.5744,-11.859,8,a,NO,NO.
order_real,data/videos_real/int_100ms/real_100_00313_flip.avi,100,0,0,-0.7125,-11.2541,-10.879,-12.4686,-11.8155,8,a,NO,NO.
order_real,data/videos_real/int_100ms/real_100_00325.avi,100,1,0,-1.6279,-11.8426,-10.7803,-12.5896,-12.1232,8,b,NO,NO.
order_real,data/videos_real/int_100ms/real_100_00325_flip.avi,100,0,0,-1.5031,-11.7394,-10.802,-12.5485,-12.1135,8,b,NO,NO.
order_real,data/videos_real/int_100ms/real_100_00337.avi,100,1,0,-0.2257,-11.2314,-10.419,-11.9159,-11.4184,8,b,NO,NO.
order_real,data/videos_real/int_100ms/real_100_00337_flip.avi,100,0,0,-0.011,-11.2698,-10.4574,-11.9543,-11.4568,8,b,NO,NO.
order_real,data/videos_real/int_100ms/real_100_00349.avi,100,0,0,-0.8613,-11.5445,-10.9819,-12.5402,-11.9809,8,a,NO,NO.
order_real,data/videos_real/int_100ms/real_100_00349_flip.avi,100,1,0,-1.2363,-11.5095,-11.0094,-12.5055,-11.946,8,a,NO,NO.
order_real,data/videos_real/int_100ms/real_100_00361.avi,100,1,0,-1.2532,-11.0192,-10.8314,-11.8915,-11.3935,8,a,NO,NO.
order_real,data/videos_real/int_100ms/real_100_00361_flip.avi,100,0,0,-1.2267,-11.0047,-10.8795,-11.8772,-11.4103,8,a,NO,NO.
order_real,data/videos_real/int_100ms/real_100_00373.avi,100,1,0,-2.0007,-11.9791,-11.2916,-13.1321,-12.7281,8,a,NO,NO.
order_real,data/videos_real/int_100ms/real_100_00373_flip.avi,100,0,0,-1.9212,-12.1139,-11.4263,-13.2354,-12.8003,8,a,NO,NO.
order_real,data/videos_real/int_100ms/real_100_00385.avi,100,0,0,-0.7279,-11.4621,-10.8997,-12.6145,-11.9299,8,a,NO,NO.
order_real,data/videos_real/int_100ms/real_100_00385_flip.avi,100,1,0,-0.603,-11.4421,-10.9422,-12.5634,-11.91,8,a,NO,NO.
order_real,data/videos_real/int_100ms/real_100_00397.avi,100,1,0,-1.3966,-11.4489,-10.9488,-12.6006,-11.9477,8,a,NO,NO.
order_real,data/videos_real/int_100ms/real_100_00397_flip.avi,100,0,0,-1.5216,-11.4876,-10.9874,-12.6395,-12.0176,8,a,NO,NO.
order_real,data/videos_real/int_100ms/real_100_00409.avi,100,0,0,-2.2573,-11.8828,-11.5702,-13.0362,-12.5693,8,b,NO,NO.
order_real,data/videos_real/int_100ms/real_100_00409_flip.avi,100,1,0,-2.1814,-11.828,-11.4529,-12.9501,-12.4832,8,b,NO,NO.
order_real,data/videos_real/int_100ms/real_100_00421.avi,100,1,0,-1.2726,-11.5553,-10.6179,-12.4898,-11.9296,8,b,NO,NO.
order_real,data/videos_real/int_100ms/real_100_00421_flip.avi,100,0,0,-1.2406,-11.5624,-10.6875,-12.5281,-11.9367,8,b,NO,NO.
order_real,data/videos_real/int_100ms/real_100_00433.avi,100,0,0,-1.1014,-11.5717,-11.0716,-12.4745,-11.7585,8,b,NO,NO.
order_real,data/videos_real/int_100ms/real_100_00433_flip.avi,100,1,0,-1.1516,-11.5303,-10.9677,-12.4331,-11.7171,8,b,NO,NO.
order_real,data/videos_real/int_100ms/real_100_00445.avi,100,1,0,-1.001,-11.4805,-10.6055,-12.4753,-11.9167,8,a,NO,NO.
order_real,data/videos_real/int_100ms/real_100_00445_flip.avi,100,0,0,-0.8521,-11.4987,-10.6237,-12.5245,-11.966,8,a,NO,NO.
order_real,data/videos_real/int_100ms/real_100_00457.avi,100,0,0,-1.2054,-11.4458,-10.6959,-12.349,-11.6952,8,a,NO,NO.
order_real,data/videos_real/int_100ms/real_100_00457_flip.avi,100,1,0,-1.3522,-11.311,-10.686,-12.2143,-11.654,8,a,NO,NO.
order_real,data/videos_real/int_100ms/real_100_00469.avi,100,0,0,-0.0441,-11.3776,-10.7525,-12.2789,-11.6891,8,a,NO,NO.
order_real,data/videos_real/int_100ms/real_100_00469_flip.avi,100,1,0,-0.2507,-11.3063,-10.7437,-12.2389,-11.6802,8,a,NO,NO.
order_real,data/videos_real/int_100ms/real_100_00481.avi,100,0,0,-0.9891,-11.3847,-11.0719,-12.6298,-11.9771,8,a,NO,NO.
order_real,data/videos_real/int_100ms/real_100_00481_flip.avi,100,1,0,-0.7512,-11.4283,-11.0531,-12.7046,-11.9895,8,a,NO,NO.
order_real,data/videos_real/int_100ms/real_100_00493.avi,100,0,0,-0.2056,-11.1547,-10.7171,-12.4013,-11.8724,8,a,NO,NO.
order_real,data/videos_real/int_100ms/real_100_00493_flip.avi,100,1,0,-0.6672,-11.2232,-10.7231,-12.5008,-11.9409,8,a,NO,NO.
order_real,data/videos_real/int_100ms/real_100_00505.avi,100,1,0,-1.5455,-11.6723,-10.9223,-12.6062,-12.0777,8,b,NO,NO.
order_real,data/videos_real/int_100ms/real_100_00505_flip.avi,100,0,0,-1.4473,-11.6543,-10.9668,-12.6193,-12.0909,8,b,NO,NO.
order_real,data/videos_real/int_100ms/real_100_00517.avi,100,0,0,-2.7864,-11.788,-11.2254,-13.0662,-12.5683,8,b,NO,NO.
order_real,data/videos_real/int_100ms/real_100_00517_flip.avi,100,1,0,-3.0364,-11.8997,-11.3996,-13.2093,-12.7113,8,b,NO,NO.
order_real,data/videos_real/int_100ms/real_100_00529.avi,100,1,0,-0.7505,-11.5538,-10.6165,-12.3319,-11.8658,8,b,NO,NO.
order_real,data/videos_real/int_100ms/real_100_00529_flip.avi,100,0,0,-0.837,-11.5893,-10.652,-12.3363,-11.9012,8,b,NO,NO.
order_real,data/videos_real/int_100ms/real_100_00541.avi,100,1,0,-1.6028,-11.5639,-10.9388,-12.5918,-12.0006,8,a,NO,NO.
order_real,data/videos_real/int_100ms/real_100_00541_flip.avi,100,0,0,-1.1517,-11.5302,-10.8427,-12.4644,-11.9356,8,a,NO,NO.
order_real,data/videos_real/int_100ms/real_100_00553.avi,100,0,0,-1.9497,-11.4224,-11.2346,-12.5444,-12.0151,8,a,NO,NO.
order_real,data/videos_real/int_100ms/real_100_00553_flip.avi,100,1,0,-1.8247,-11.439,-11.2513,-12.5609,-12.0941,8,a,NO,NO.
order_real,data/videos_real/int_100ms/real_100_00565.avi,100,0,0,-1.5112,-11.468,-10.4057,-12.309,-11.6863,8,a,NO,NO.
order_real,data/videos_real/int_100ms/real_100_00565_flip.avi,100,1,0,-1.5355,-11.4872,-10.4873,-12.3906,-11.7367,8,a,NO,NO.
order_real,data/videos_real/int_100ms/real_100_00577.avi,100,0,0,-1.8377,-11.6884,-11.0634,-12.7481,-12.2502,8,b,NO,NO.
order_real,data/videos_real/int_100ms/real_100_00577_flip.avi,100,1,0,-1.8222,-11.6548,-10.9674,-12.6831,-12.2166,8,b,NO,NO.
order_real,data/videos_real/int_100ms/real_100_00589.avi,100,0,0,-2.5882,-11.8622,-11.737,-13.2973,-12.7987,8,a,NO,NO.
order_real,data/videos_real/int_100ms/real_100_00589_flip.avi,100,1,0,-2.1891,-11.872,-11.6843,-13.2442,-12.7459,8,a,NO,NO.
order_real,data/videos_real/int_200ms/real_200_00002.avi,200,1,0,-2.2512,-11.8902,-11.2027,-12.7005,-12.2647,8,b,NO,NO.
order_rev,data/videos_real/int_200ms/real_200_00002.avi,200,1,0,-1.1011,-11.323,-11.1354,-12.2252,-11.7594,8,b,NO,NO.
moved_real,data/videos_real/int_200ms/real_200_00002.avi,200,1,0,0.1135,-11.2073,-11.0821,-12.2355,-11.7065,8,b,NO,NO.
moved_twin,data/twin_real/real_200_00002.avi,200,0,0,-1.239,-11.3848,-11.447,-12.5695,-11.9777,8,b,NO,NO.
order_twin,data/twin_real/real_200_00002.avi,200,-1,0,-2.611,-12.1524,-11.5899,-13.0256,-12.6518,8,b,NO,NO.
bind_twin,data/twin_real/real_200_00002.avi,200,0,0,-6.4874,-14.1261,-14.001,-15.0001,-15.1254,8,b,NO,NO.
order_real,data/videos_real/int_200ms/real_200_00002_flip.avi,200,0,0,-2.3304,-11.9622,-11.2747,-12.7724,-12.3366,8,b,NO,NO.
order_real,data/videos_real/int_200ms/real_200_00014.avi,200,1,0,-1.796,-11.7568,-11.0067,-12.7846,-12.2871,8,a,NO,NO.
order_rev,data/videos_real/int_200ms/real_200_00014.avi,200,1,0,-2.116,-11.6085,-11.4834,-12.6374,-12.4199,8,a,NO,NO.
moved_real,data/videos_real/int_200ms/real_200_00014.avi,200,1,0,-1.6131,-11.5098,-11.6969,-12.8502,-12.2586,8,a,NO,NO.
moved_twin,data/twin_real/real_200_00014.avi,200,0,0,-1.8523,-11.2039,-11.6408,-12.7008,-12.2025,8,a,NO,NO.
order_twin,data/twin_real/real_200_00014.avi,200,-1,0,-2.4478,-11.8371,-11.212,-12.9284,-12.5238,8,a,NO,NO.
bind_twin,data/twin_real/real_200_00014.avi,200,1,1,2.5171,-12.321,-12.5083,-13.5999,-13.1324,8,a,YES,YES.
order_real,data/videos_real/int_200ms/real_200_00014_flip.avi,200,0,0,-1.8225,-11.6547,-10.9671,-12.7138,-12.2163,8,a,NO,NO.
order_real,data/videos_real/int_200ms/real_200_00026.avi,200,1,0,-1.0409,-11.4503,-10.2631,-12.1037,-11.7309,8,b,NO,NO.
order_rev,data/videos_real/int_200ms/real_200_00026.avi,200,1,0,-0.4206,-11.2346,-10.9221,-12.2004,-11.7651,8,b,NO,NO.
moved_real,data/videos_real/int_200ms/real_200_00026.avi,200,1,0,-1.0268,-11.437,-11.4994,-12.5899,-11.9674,8,b,NO,NO.
moved_twin,data/twin_real/real_200_00026.avi,200,0,0,-1.1011,-11.4475,-11.5722,-12.6319,-11.9154,8,b,NO,NO.
order_twin,data/twin_real/real_200_00026.avi,200,-1,0,-2.015,-11.5845,-10.5846,-12.1766,-11.8966,8,b,NO,NO.
bind_twin,data/twin_real/real_200_00026.avi,200,0,0,-3.9868,-12.8068,-12.6193,-13.4313,-13.3065,8,b,NO,NO.
order_real,data/videos_real/int_200ms/real_200_00026_flip.avi,200,0,0,-1.0144,-11.3949,-10.2701,-12.0796,-11.738,8,b,NO,NO.
order_real,data/videos_real/int_200ms/real_200_00038.avi,200,0,0,-1.4616,-11.5631,-10.7507,-12.4661,-11.9687,8,b,NO,NO.
order_rev,data/videos_real/int_200ms/real_200_00038.avi,200,0,0,-1.2713,-11.4736,-11.2236,-12.4703,-12.0352,8,b,NO,NO.
moved_real,data/videos_real/int_200ms/real_200_00038.avi,200,1,0,-1.9185,-11.8631,-11.9878,-13.1408,-12.4873,8,b,NO,NO.
moved_twin,data/twin_real/real_200_00038.avi,200,0,0,-3.2143,-12.1666,-12.6038,-13.602,-13.1035,8,b,NO,NO.
order_twin,data/twin_real/real_200_00038.avi,200,-1,0,-2.3872,-11.6672,-11.0422,-12.7274,-12.2292,8,b,NO,NO.
bind_twin,data/twin_real/real_200_00038.avi,200,0,0,-8.6454,-15.0022,-15.0021,-15.9388,-16.0642,8,b,NO,NO.
order_real,data/videos_real/int_200ms/real_200_00038_flip.avi,200,1,0,-1.5448,-11.6101,-10.7977,-12.5132,-11.9845,8,b,NO,NO.
order_real,data/videos_real/int_200ms/real_200_00050.avi,200,1,0,-1.7394,-11.48,-10.9174,-12.6942,-12.135,8,a,NO,NO.
order_rev,data/videos_real/int_200ms/real_200_00050.avi,200,1,0,-0.8113,-11.7176,-11.5925,-12.7768,-12.3415,8,a,NO,NO.
moved_real,data/videos_real/int_200ms/real_200_00050.avi,200,1,0,-1.5506,-11.3846,-11.5717,-12.8178,-12.1332,8,a,NO,NO.
moved_twin,data/twin_real/real_200_00050.avi,200,0,0,-1.8007,-11.283,-11.6263,-12.7166,-12.0317,8,a,NO,NO.
order_twin,data/twin_real/real_200_00050.avi,200,-1,0,-2.0726,-11.4367,-11.0615,-12.6517,-12.123,8,a,NO,NO.
bind_twin,data/twin_real/real_200_00050.avi,200,1,1,4.895,-12.7383,-13.5506,-14.6738,-14.1124,8,a,YES,YES.
order_real,data/videos_real/int_200ms/real_200_00050_flip.avi,200,0,0,-1.6975,-11.424,-10.9238,-12.6694,-12.1102,8,a,NO,NO.
order_real,data/videos_real/int_200ms/real_200_00062.avi,200,1,0,-1.6975,-11.6733,-11.1107,-12.6698,-12.1722,8,a,NO,NO.
order_rev,data/videos_real/int_200ms/real_200_00062.avi,200,1,0,-1.2511,-11.481,-11.4808,-12.4153,-11.9799,8,a,NO,NO.
moved_real,data/videos_real/int_200ms/real_200_00062.avi,200,1,0,-1.0566,-11.5834,-11.7705,-12.7047,-12.1446,8,a,NO,NO.
moved_twin,data/twin_real/real_200_00062.avi,200,0,0,-0.8836,-11.2897,-11.6642,-12.5049,-11.9756,8,a,NO,NO.
order_twin,data/twin_real/real_200_00062.avi,200,-1,0,-1.8764,-11.621,-11.1209,-12.6182,-12.1826,8,a,NO,NO.
bind_twin,data/twin_real/real_200_00062.avi,200,1,1,0.7771,-11.7586,-11.6961,-12.6,-12.226,8,a,YES,YES.
order_real,data/videos_real/int_200ms/real_200_00062_flip.avi,200,0,0,-1.6144,-11.6244,-11.0617,-12.652,-12.1545,8,a,NO,NO.
order_real,data/videos_real/int_200ms/real_200_00074.avi,200,0,0,-2.2042,-11.6006,-10.7257,-12.2861,-11.9127,8,b,NO,NO.
order_rev,data/videos_real/int_200ms/real_200_00074.avi,200,0,0,-2.1014,-11.4451,-11.0702,-12.3178,-12.0069,8,b,NO,NO.
moved_real,data/videos_real/int_200ms/real_200_00074.avi,200,1,0,-1.8616,-11.7225,-11.5349,-12.6577,-12.1593,8,b,NO,NO.
moved_twin,data/twin_real/real_200_00074.avi,200,0,0,-1.536,-11.5857,-11.5231,-12.5523,-12.0537,8,b,NO,NO.
order_twin,data/twin_real/real_200_00074.avi,200,-1,0,-2.3649,-11.7725,-10.8352,-12.396,-12.0222,8,b,NO,NO.
bind_twin,data/twin_real/real_200_00074.avi,200,0,0,-5.6158,-13.5063,-12.8813,-14.1928,-14.0684,8,b,NO,NO.
order_real,data/videos_real/int_200ms/real_200_00074_flip.avi,200,1,0,-2.2043,-11.7252,-10.8503,-12.3795,-12.0373,8,b,NO,NO.
order_real,data/videos_real/int_200ms/real_200_00086.avi,200,0,0,-2.1502,-11.9272,-11.1147,-12.8619,-12.4265,8,b,NO,NO.
order_rev,data/videos_real/int_200ms/real_200_00086.avi,200,0,0,-0.5322,-11.5634,-11.1884,-12.4972,-11.9687,8,b,NO,NO.
moved_real,data/videos_real/int_200ms/real_200_00086.avi,200,1,0,-2.5174,-11.9863,-11.7987,-12.8906,-12.3609,8,b,NO,NO.
moved_twin,data/twin_real/real_200_00086.avi,200,0,0,-2.4881,-11.897,-11.7093,-12.7386,-12.209,8,b,NO,NO.
order_twin,data/twin_real/real_200_00086.avi,200,-1,0,-2.0413,-11.7675,-11.0799,-12.7959,-12.2668,8,b,NO,NO.
bind_twin,data/twin_real/real_200_00086.avi,200,0,0,-5.2431,-13.5326,-12.4702,-14.0942,-14.0946,8,b,NO,NO.
order_real,data/videos_real/int_200ms/real_200_00086_flip.avi,200,1,0,-2.1818,-12.0346,-11.2222,-12.9381,-12.4715,8,b,NO,NO.
order_real,data/videos_real/int_200ms/real_200_00098.avi,200,1,0,-1.2534,-11.6022,-11.0396,-12.8792,-12.3508,8,a,NO,NO.
order_rev,data/videos_real/int_200ms/real_200_00098.avi,200,1,0,-2.0963,-11.903,-11.7154,-12.9623,-12.5269,8,a,NO,NO.
moved_real,data/videos_real/int_200ms/real_200_00098.avi,200,1,1,1.0376,-11.6112,-12.0481,-13.2312,-12.3911,8,a,YES,YES.
moved_twin,data/twin_real/real_200_00098.avi,200,0,0,-1.438,-11.2193,-11.75,-12.8406,-12.1243,8,a,NO,NO.
order_twin,data/twin_real/real_200_00098.avi,200,-1,0,-1.8903,-11.5363,-11.1611,-12.9391,-12.3788,8,a,NO,NO.
bind_twin,data/twin_real/real_200_00098.avi,200,1,1,4.2635,-12.9898,-13.802,-14.6125,-14.1763,8,a,YES,YES.
order_real,data/videos_real/int_200ms/real_200_00098_flip.avi,200,0,0,-1.2534,-11.5398,-11.0396,-12.848,-12.2884,8,a,NO,NO.
order_real,data/videos_real/int_200ms/real_200_00110.avi,200,0,0,-0.632,-11.3365,-10.8988,-12.4259,-11.8977,8,a,NO,NO.
order_rev,data/videos_real/int_200ms/real_200_00110.avi,200,0,0,-0.6143,-11.3752,-11.4375,-12.4961,-12.1551,8,a,NO,NO.
moved_real,data/videos_real/int_200ms/real_200_00110.avi,200,1,0,-1.4632,-11.4004,-11.525,-12.6152,-12.0865,8,a,NO,NO.
moved_twin,data/twin_real/real_200_00110.avi,200,0,0,-2.1615,-11.712,-12.0241,-12.9279,-12.4609,8,a,NO,NO.
order_twin,data/twin_real/real_200_00110.avi,200,-1,0,-0.8224,-11.2454,-10.9327,-12.3351,-11.8379,8,a,NO,NO.
bind_twin,data/twin_real/real_200_00110.avi,200,1,1,2.2774,-12.4037,-12.5286,-13.7766,-13.3402,8,a,YES,YES.
order_real,data/videos_real/int_200ms/real_200_00110_flip.avi,200,1,0,-0.632,-11.3364,-10.9612,-12.457,-11.8976,8,a,NO,NO.
order_real,data/videos_real/int_200ms/real_200_00122.avi,200,1,0,-1.0875,-11.5198,-10.8947,-12.5157,-11.9875,8,a,NO,NO.
order_rev,data/videos_real/int_200ms/real_200_00122.avi,200,1,1,0.6099,-11.6261,-11.3761,-12.8104,-12.1879,8,a,YES,YES.
moved_real,data/videos_real/int_200ms/real_200_00122.avi,200,1,0,-1.8377,-11.7142,-11.589,-12.7115,-12.1509,8,a,NO,NO.
moved_twin,data/twin_real/real_200_00122.avi,200,0,0,-2.2391,-11.5437,-11.7933,-12.8224,-12.168,8,a,NO,NO.
order_twin,data/twin_real/real_200_00122.avi,200,-1,0,-1.7625,-11.4881,-11.113,-12.7038,-12.1435,8,a,NO,NO.
bind_twin,data/twin_real/real_200_00122.avi,200,1,1,1.8998,-11.5869,-11.8992,-12.9284,-12.4608,8,a,YES,YES.
order_real,data/videos_real/int_200ms/real_200_00122_flip.avi,200,0,0,-1.2124,-11.5521,-10.927,-12.5792,-12.051,8,a,NO,NO.
order_real,data/videos_real/int_200ms/real_200_00134.avi,200,1,0,-1.6016,-11.7634,-10.8885,-12.6036,-12.0127,8,b,NO,NO.
order_rev,data/videos_real/int_200ms/real_200_00134.avi,200,1,0,-1.9769,-11.6464,-11.4588,-12.5804,-12.1454,8,b,NO,NO.
moved_real,data/videos_real/int_200ms/real_200_00134.avi,200,1,0,-0.1979,-11.5545,-11.4918,-12.7068,-11.6164,8,b,NO,NO.
moved_twin,data/twin_real/real_200_00134.avi,200,0,0,-1.9315,-11.6699,-11.857,-12.7919,-11.9817,8,b,NO,NO.
order_twin,data/twin_real/real_200_00134.avi,200,-1,0,-2.1478,-11.7304,-11.2304,-12.5716,-12.1047,8,b,NO,NO.
bind_twin,data/twin_real/real_200_00134.avi,200,0,0,-4.7031,-12.9739,-12.224,-13.5349,-13.4107,8,b,NO,NO.
order_real,data/videos_real/int_200ms/real_200_00134_flip.avi,200,0,0,-1.3869,-11.7402,-10.8653,-12.5801,-11.9582,8,b,NO,NO.
order_real,data/videos_real/int_200ms/real_200_00146.avi,200,1,0,-1.2271,-11.5251,-10.4627,-12.366,-11.8994,8,b,NO,NO.
order_rev,data/videos_real/int_200ms/real_200_00146.avi,200,1,0,-0.7572,-11.5442,-11.3567,-12.3535,-11.9184,8,b,NO,NO.
moved_real,data/videos_real/int_200ms/real_200_00146.avi,200,1,1,0.2058,-11.4442,-11.444,-12.6901,-11.9432,8,b,YES,YES.
moved_twin,data/twin_real/real_200_00146.avi,200,0,0,-0.2862,-11.4145,-11.4767,-12.7234,-12.0385,8,b,NO,NO.
order_twin,data/twin_real/real_200_00146.avi,200,-1,0,-1.5963,-11.598,-10.598,-12.5328,-12.0972,8,b,NO,NO.
bind_twin,data/twin_real/real_200_00146.avi,200,0,0,-5.487,-13.9171,-13.3546,-14.5411,-14.4166,8,b,NO,NO.
order_real,data/videos_real/int_200ms/real_200_00146_flip.avi,200,0,0,-1.2406,-11.6252,-10.5004,-12.4346,-11.9682,8,b,NO,NO.
order_real,data/videos_real/int_200ms/real_200_00158.avi,200,1,0,-0.6373,-11.5669,-10.8169,-12.532,-11.9723,8,a,NO,NO.
order_rev,data/videos_real/int_200ms/real_200_00158.avi,200,1,0,-0.2758,-11.7563,-11.6311,-12.8152,-12.5052,8,a,NO,NO.
moved_real,data/videos_real/int_200ms/real_200_00158.avi,200,1,0,-0.1433,-11.4718,-11.4091,-12.686,-11.9081,8,a,NO,NO.
moved_twin,data/twin_real/real_200_00158.avi,200,0,0,-1.5088,-11.5166,-11.7038,-12.7636,-12.1406,8,a,NO,NO.
order_twin,data/twin_real/real_200_00158.avi,200,-1,0,-1.2128,-11.5516,-10.9264,-12.6733,-12.1131,8,a,NO,NO.
bind_twin,data/twin_real/real_200_00158.avi,200,1,0,-0.5248,-11.4715,-10.9715,-12.2184,-11.8765,8,a,NO,NO.
order_real,data/videos_real/int_200ms/real_200_00158_flip.avi,200,0,0,-0.751,-11.4909,-10.7408,-12.5497,-11.9587,8,a,NO,NO.
order_real,data/videos_real/int_200ms/real_200_00170.avi,200,0,0,-0.6973,-11.3479,-10.7229,-12.3436,-11.8154,8,a,NO,NO.
order_rev,data/videos_real/int_200ms/real_200_00170.avi,200,0,0,-1.2128,-11.676,-11.5509,-12.6726,-12.2062,8,a,NO,NO.
moved_real,data/videos_real/int_200ms/real_200_00170.avi,200,1,0,-1.0874,-11.5196,-11.5193,-12.5474,-12.0185,8,a,NO,NO.
moved_twin,data/twin_real/real_200_00170.avi,200,0,0,-1.7512,-11.576,-11.7631,-12.7602,-12.2935,8,a,NO,NO.
order_twin,data/twin_real/real_200_00170.avi,200,-1,0,-1.6711,-11.4012,-10.9636,-12.5228,-12.1187,8,a,NO,NO.
bind_twin,data/twin_real/real_200_00170.avi,200,1,1,4.4006,-13.0611,-13.7484,-14.5592,-14.1852,8,a,YES,YES.
order_real,data/videos_real/int_200ms/real_200_00170_flip.avi,200,1,0,-0.8223,-11.308,-10.7455,-12.3661,-11.869,8,a,NO,NO.
order_real,data/videos_real/int_200ms/real_200_00182.avi,200,1,0,-0.9306,-11.1199,-10.4948,-12.0219,-11.5564,8,a,NO,NO.
order_rev,data/videos_real/int_200ms/real_200_00182.avi,200,1,0,-0.6259,-11.3453,-11.1578,-12.279,-11.9381,8,a,NO,NO.
moved_real,data/videos_real/int_200ms/real_200_00182.avi,200,1,0,-0.6239,-11.3724,-11.5282,-12.4308,-11.9023,8,a,NO,NO.
moved_twin,data/twin_real/real_200_00182.avi,200,0,0,-1.6819,-11.4559,-11.7056,-12.5154,-12.0798,8,a,NO,NO.
order_twin,data/twin_real/real_200_00182.avi,200,-1,0,-1.1809,-11.1174,-10.4924,-11.9887,-11.5852,8,a,NO,NO.
bind_twin,data/twin_real/real_200_00182.avi,200,1,1,3.8868,-12.6756,-13.1754,-14.0489,-13.6748,8,a,YES,YES.
order_real,data/videos_real/int_200ms/real_200_00182_flip.avi,200,0,0,-0.726,-11.12,-10.37,-12.0217,-11.5876,8,a,NO,NO.
order_real,data/videos_real/int_200ms/real_200_00194.avi,200,1,0,-2.0713,-11.6866,-10.8117,-12.4033,-11.9987,8,b,NO,NO.
order_rev,data/videos_real/int_200ms/real_200_00194.avi,200,1,0,-1.5559,-11.3513,-11.2887,-12.3488,-11.9131,8,b,NO,NO.
moved_real,data/videos_real/int_200ms/real_200_00194.avi,200,1,1,0.8524,-11.3902,-11.2651,-12.7314,-11.8273,8,b,YES,YES.
moved_twin,data/twin_real/real_200_00194.avi,200,0,0,-2.8397,-11.7213,-11.7211,-12.5636,-12.0335,8,b,NO,NO.
order_twin,data/twin_real/real_200_00194.avi,200,-1,0,-2.1131,-11.4947,-10.7448,-12.2117,-11.7444,8,b,NO,NO.
bind_twin,data/twin_real/real_200_00194.avi,200,0,0,-3.8956,-12.3735,-11.8735,-12.9974,-12.8106,8,b,NO,NO
order_real,data/videos_real/int_200ms/real_200_00194_flip.avi,200,0,0,-2.0256,-11.6294,-10.817,-12.346,-11.9415,8,b,NO,NO.
order_real,data/videos_real/int_200ms/real_200_00206.avi,200,0,0,-1.6264,-11.5946,-10.5948,-12.0924,-11.7193,8,b,NO,NO.
order_rev,data/videos_real/int_200ms/real_200_00206.avi,200,0,0,-1.7639,-11.617,-10.9921,-12.1775,-11.8665,8,b,NO,NO.
moved_real,data/videos_real/int_200ms/real_200_00206.avi,200,1,1,0.3424,-11.6719,-11.297,-12.2936,-11.6715,8,b,YES,YES.
moved_twin,data/twin_real/real_200_00206.avi,200,0,0,-1.1306,-11.4741,-11.2866,-12.0341,-11.5986,8,b,NO,NO.
order_twin,data/twin_real/real_200_00206.avi,200,-1,0,-1.6249,-11.1615,-10.4742,-11.6597,-11.4112,8,b,NO,NO.
bind_twin,data/twin_real/real_200_00206.avi,200,0,0,-6.518,-14.3411,-13.5911,-14.8406,-14.9033,8,b,NO,NO
order_real,data/videos_real/int_200ms/real_200_00206_flip.avi,200,1,0,-1.7387,-11.5339,-10.5341,-12.0629,-11.721,8,b,NO,NO.
order_real,data/videos_real/int_200ms/real_200_00218.avi,200,0,0,-1.7408,-11.7194,-10.907,-12.7163,-12.2498,8,a,NO,NO.
order_rev,data/videos_real/int_200ms/real_200_00218.avi,200,0,0,-1.2535,-11.7263,-11.4763,-12.7235,-12.2878,8,a,NO,NO.
moved_real,data/videos_real/int_200ms/real_200_00218.avi,200,1,0,-0.1372,-11.5813,-11.706,-13.0151,-12.2366,8,a,NO,NO.
moved_twin,data/twin_real/real_200_00218.avi,200,0,0,-0.4028,-11.5793,-11.8289,-13.0444,-12.3281,8,a,NO,NO.
order_twin,data/twin_real/real_200_00218.avi,200,-1,0,-2.2276,-11.8687,-11.3061,-12.9288,-12.4928,8,a,NO,NO.
bind_twin,data/twin_real/real_200_00218.avi,200,1,0,-3.0499,-12.6118,-12.4243,-13.3598,-13.1732,8,a,NO,NO.
order_real,data/videos_real/int_200ms/real_200_00218_flip.avi,200,1,0,-1.8659,-11.7641,-11.0141,-12.7301,-12.3256,8,a,NO,NO.
order_real,data/videos_real/int_200ms/real_200_00230.avi,200,1,0,-0.8862,-11.364,-10.3641,-12.2047,-11.8009,8,b,NO,NO.
order_rev,data/videos_real/int_200ms/real_200_00230.avi,200,1,0,-0.9187,-11.4786,-11.1036,-12.444,-11.9779,8,b,NO,NO.
moved_real,data/videos_real/int_200ms/real_200_00230.avi,200,1,0,-0.0616,-11.2953,-11.0453,-12.23,-11.6698,8,b,NO,NO.
moved_twin,data/twin_real/real_200_00230.avi,200,0,0,-2.4661,-11.7412,-11.6162,-12.6455,-12.0534,8,b,NO,NO.
order_twin,data/twin_real/real_200_00230.avi,200,-1,0,-2.1371,-11.5662,-10.9413,-12.4707,-12.0034,8,b,NO,NO.
bind_twin,data/twin_real/real_200_00230.avi,200,0,0,-4.5311,-13.1105,-12.0481,-13.6721,-13.5477,8,b,NO,NO.
order_real,data/videos_real/int_200ms/real_200_00230_flip.avi,200,0,0,-1.0115,-11.5157,-10.4534,-12.4187,-11.9838,8,b,NO,NO.
order_real,data/videos_real/int_200ms/real_200_00242.avi,200,1,0,-1.715,-11.4547,-10.8296,-12.389,-12.0161,8,b,NO,NO.
order_real,data/videos_real/int_200ms/real_200_00242_flip.avi,200,0,0,-1.9651,-11.545,-10.9824,-12.5109,-12.1065,8,b,NO,NO.
order_real,data/videos_real/int_200ms/real_200_00254.avi,200,1,0,-3.9146,-12.0844,-11.5219,-13.1457,-12.7091,8,b,NO,NO.
order_real,data/videos_real/int_200ms/real_200_00254_flip.avi,200,0,0,-3.6118,-12.0289,-11.5289,-13.1524,-12.716,8,b,NO,NO.
order_real,data/videos_real/int_200ms/real_200_00266.avi,200,0,0,-0.4558,-11.7983,-11.2982,-13.0451,-12.4849,8,a,NO,NO.
order_real,data/videos_real/int_200ms/real_200_00266_flip.avi,200,1,0,-0.4557,-11.8606,-11.3605,-13.076,-12.5471,8,a,NO,NO.
order_real,data/videos_real/int_200ms/real_200_00278.avi,200,1,0,-1.1004,-11.431,-10.6186,-12.1156,-11.5868,8,b,NO,NO.
order_real,data/videos_real/int_200ms/real_200_00278_flip.avi,200,0,0,-1.3746,-11.5178,-10.7055,-12.2028,-11.7049,8,b,NO,NO.
order_real,data/videos_real/int_200ms/real_200_00290.avi,200,1,0,-1.2264,-11.4799,-10.73,-12.3514,-11.698,8,b,NO,NO.
order_real,data/videos_real/int_200ms/real_200_00290_flip.avi,200,0,0,-1.306,-11.5871,-10.8996,-12.4897,-11.8364,8,b,NO,NO.
order_real,data/videos_real/int_200ms/real_200_00302.avi,200,0,0,-1.2907,-11.4528,-10.3905,-12.3249,-11.4525,8,b,NO,NO.
order_real,data/videos_real/int_200ms/real_200_00302_flip.avi,200,1,0,-1.2641,-11.5832,-10.4584,-12.3616,-11.5204,8,b,NO,NO.
order_real,data/videos_real/int_200ms/real_200_00314.avi,200,1,0,-1.0876,-11.4573,-10.8947,-12.5154,-11.9872,8,a,NO,NO.
order_real,data/videos_real/int_200ms/real_200_00314_flip.avi,200,0,0,-1.4312,-11.4369,-10.9992,-12.5577,-12.0293,8,a,NO,NO.
order_real,data/videos_real/int_200ms/real_200_00326.avi,200,1,0,-1.227,-11.5248,-11.1497,-12.5525,-11.7117,8,a,NO,NO.
order_real,data/videos_real/int_200ms/real_200_00326_flip.avi,200,0,0,-1.2512,-11.4807,-11.1056,-12.5712,-11.6676,8,a,NO,NO.
order_real,data/videos_real/int_200ms/real_200_00338.avi,200,0,0,-0.7265,-11.351,-10.6011,-12.222,-11.7876,8,a,NO,NO.
order_real,data/videos_real/int_200ms/real_200_00338_flip.avi,200,1,0,-0.522,-11.4005,-10.6507,-12.2403,-11.806,8,a,NO,NO.
order_real,data/videos_real/int_200ms/real_200_00350.avi,200,1,0,-1.4472,-11.4051,-10.905,-12.401,-11.904,8,a,NO,NO.
order_real,data/videos_real/int_200ms/real_200_00350_flip.avi,200,0,0,-1.5276,-11.3903,-10.8902,-12.3865,-11.9205,8,a,NO,NO.
order_real,data/videos_real/int_200ms/real_200_00362.avi,200,1,0,-1.3457,-11.3957,-10.4583,-12.3617,-11.8639,8,a,NO,NO.
order_real,data/videos_real/int_200ms/real_200_00362_flip.avi,200,0,0,-1.4708,-11.4335,-10.4336,-12.3684,-11.8704,8,a,NO,NO.
order_real,data/videos_real/int_200ms/real_200_00374.avi,200,0,0,-1.7959,-11.6319,-11.1318,-12.6917,-12.2561,8,a,NO,NO.
order_real,data/videos_real/int_200ms/real_200_00374_flip.avi,200,1,0,-1.5563,-11.5383,-10.9757,-12.6293,-12.1,8,a,NO,NO.
order_real,data/videos_real/int_200ms/real_200_00386.avi,200,0,0,-1.7769,-11.4744,-10.8493,-12.4089,-12.0047,8,b,NO,NO.
order_real,data/videos_real/int_200ms/real_200_00386_flip.avi,200,1,0,-1.6015,-11.4687,-10.8436,-12.3718,-11.9678,8,b,NO,NO.
order_real,data/videos_real/int_200ms/real_200_00398.avi,200,1,0,-1.6017,-11.6387,-10.6389,-12.4483,-11.8257,8,b,NO,NO.
order_real,data/videos_real/int_200ms/real_200_00398_flip.avi,200,0,0,-1.9383,-11.7764,-10.9016,-12.586,-11.9634,8,b,NO,NO.
order_real,data/videos_real/int_200ms/real_200_00410.avi,200,0,0,-2.7961,-12.1611,-11.911,-13.4091,-12.973,8,b,NO,NO.
order_real,data/videos_real/int_200ms/real_200_00410_flip.avi,200,1,0,-2.1975,-11.9216,-11.6715,-13.1692,-12.6709,8,b,NO,NO.
order_real,data/videos_real/int_200ms/real_200_00422.avi,200,0,0,-2.6373,-12.1474,-11.2724,-13.083,-12.5219,8,b,NO,NO.
order_real,data/videos_real/int_200ms/real_200_00422_flip.avi,200,1,0,-2.197,-11.9225,-11.11,-12.7953,-12.3593,8,b,NO,NO.
order_real,data/videos_real/int_200ms/real_200_00434.avi,200,1,0,-0.9895,-11.0111,-10.9483,-12.4138,-11.9162,8,a,NO,NO.
order_real,data/videos_real/int_200ms/real_200_00434_flip.avi,200,0,0,-1.602,-11.0324,-11.1571,-12.4356,-12.0,8,a,NO,NO.
order_real,data/videos_real/int_200ms/real_200_00446.avi,200,1,0,-0.9623,-11.5529,-10.8029,-12.4558,-11.9896,8,a,NO,NO.
order_real,data/videos_real/int_200ms/real_200_00446_flip.avi,200,0,0,-0.8516,-11.4362,-10.6238,-12.3077,-11.8729,8,a,NO,NO.
order_real,data/videos_real/int_200ms/real_200_00458.avi,200,1,0,-0.501,-11.2043,-10.6418,-12.2947,-11.7347,8,a,NO,NO.
order_real,data/videos_real/int_200ms/real_200_00458_flip.avi,200,0,0,-0.626,-11.2836,-10.6586,-12.3428,-11.7828,8,a,NO,NO.
order_real,data/videos_real/int_200ms/real_200_00470.avi,200,0,0,-0.963,-11.3285,-10.766,-12.294,-11.7653,8,a,NO,NO.
order_real,data/videos_real/int_200ms/real_200_00470_flip.avi,200,1,0,-0.963,-11.391,-10.8285,-12.3252,-11.7966,8,a,NO,NO.
order_real,data/videos_real/int_200ms/real_200_00482.avi,200,1,0,-1.3099,-11.0682,-10.693,-12.3145,-11.5985,8,a,NO,NO.
order_real,data/videos_real/int_200ms/real_200_00482_flip.avi,200,0,0,-1.1465,-11.0668,-10.6291,-12.3128,-11.5971,8,a,NO,NO.
order_real,data/videos_real/int_200ms/real_200_00494.avi,200,0,0,-2.5229,-12.1336,-11.2586,-12.8817,-12.5081,8,b,NO,NO.
order_real,data/videos_real/int_200ms/real_200_00494_flip.avi,200,1,0,-2.6375,-12.272,-11.3346,-13.02,-12.6465,8,b,NO,NO.
order_real,data/videos_real/int_200ms/real_200_00506.avi,200,1,0,-1.9903,-11.9355,-11.0606,-12.8075,-12.2473,8,b,NO,NO.
order_real,data/videos_real/int_200ms/real_200_00506_flip.avi,200,0,0,-2.2269,-11.9316,-11.1191,-12.7726,-12.2434,8,b,NO,NO.
order_real,data/videos_real/int_200ms/real_200_00518.avi,200,1,0,-1.7134,-11.4828,-11.1702,-12.5733,-12.0444,8,b,NO,NO.
order_real,data/videos_real/int_200ms/real_200_00518_flip.avi,200,0,0,-1.7133,-11.4828,-11.1701,-12.5731,-12.013,8,b,NO,NO.
order_real,data/videos_real/int_200ms/real_200_00530.avi,200,0,0,-1.3756,-11.7044,-10.8919,-12.5448,-12.1098,8,b,NO,NO.
order_real,data/videos_real/int_200ms/real_200_00530_flip.avi,200,1,0,-1.5221,-11.6933,-10.8183,-12.5338,-12.13,8,b,NO,NO.
order_real,data/videos_real/int_200ms/real_200_00542.avi,200,1,0,-1.3965,-11.5111,-10.8235,-12.4758,-11.8226,8,a,NO,NO.
order_real,data/videos_real/int_200ms/real_200_00542_flip.avi,200,0,0,-1.3965,-11.5731,-10.8855,-12.6313,-11.8847,8,a,NO,NO.
order_real,data/videos_real/int_200ms/real_200_00554.avi,200,0,0,-1.7522,-11.8237,-11.0112,-12.6331,-12.1356,8,b,NO,NO.
order_real,data/videos_real/int_200ms/real_200_00554_flip.avi,200,1,0,-1.5433,-11.7113,-10.8988,-12.552,-12.0857,8,b,NO,NO.
order_real,data/videos_real/int_200ms/real_200_00566.avi,200,1,0,-0.8378,-11.4639,-10.8388,-12.5534,-12.0563,8,a,NO,NO.
order_real,data/videos_real/int_200ms/real_200_00566_flip.avi,200,0,0,-0.671,-11.5794,-10.8919,-12.669,-12.1095,8,a,NO,NO.
order_real,data/videos_real/int_200ms/real_200_00578.avi,200,1,0,-1.0149,-11.5184,-10.5185,-12.3588,-11.8302,8,b,NO,NO.
order_real,data/videos_real/int_200ms/real_200_00578_flip.avi,200,0,0,-1.0226,-11.4913,-10.4289,-12.2693,-11.7719,8,b,NO,NO.
order_real,data/videos_real/int_200ms/real_200_00590.avi,200,0,0,-0.2151,-11.3184,-10.9431,-12.5954,-11.8486,8,a,NO,NO.
order_real,data/videos_real/int_200ms/real_200_00590_flip.avi,200,1,0,0.1033,-11.2859,-10.9731,-12.5004,-11.7849,8,a,NO,NO.
order_real,data/videos_real/int_333ms/real_333_00003.avi,333,0,0,-2.6846,-11.5187,-10.956,-12.6412,-12.0181,8,a,NO,NO.
order_rev,data/videos_real/int_333ms/real_333_00003.avi,333,0,0,-2.5741,-11.4255,-11.3003,-12.579,-12.081,8,a,NO,NO.
moved_real,data/videos_real/int_333ms/real_333_00003.avi,333,1,1,0.1612,-11.7546,-11.6919,-12.7201,-11.8166,8,a,NO,YES.
moved_twin,data/twin_real/real_333_00003.avi,333,0,0,-3.3971,-12.4458,-12.6331,-13.6313,-12.9453,8,a,NO,NO.
order_twin,data/twin_real/real_333_00003.avi,333,-1,0,-4.0749,-11.9919,-11.7418,-13.3654,-12.7415,8,a,NO,NO.
bind_twin,data/twin_real/real_333_00003.avi,333,1,1,1.6255,-11.7834,-11.9083,-12.6561,-12.2201,8,a,YES,YES.
order_real,data/videos_real/int_333ms/real_333_00003_flip.avi,333,1,0,-2.977,-11.6061,-11.231,-12.9163,-12.293,8,a,NO,NO.
order_real,data/videos_real/int_333ms/real_333_00015.avi,333,0,0,-2.3381,-11.8821,-11.382,-12.88,-12.444,8,b,NO,NO.
order_rev,data/videos_real/int_333ms/real_333_00015.avi,333,0,0,-1.9389,-11.3393,-11.4016,-12.4301,-12.0881,8,b,NO,NO.
moved_real,data/videos_real/int_333ms/real_333_00015.avi,333,1,0,-0.6994,-11.4432,-11.5054,-12.5648,-11.9422,8,b,NO,NO.
moved_twin,data/twin_real/real_333_00015.avi,333,0,0,-0.8246,-11.5279,-11.7151,-12.7746,-12.1206,8,b,NO,NO.
order_twin,data/twin_real/real_333_00015.avi,333,-1,0,-2.5729,-11.7652,-11.515,-12.857,-12.452,8,b,NO,NO.
bind_twin,data/twin_real/real_333_00015.avi,333,0,0,-3.9469,-12.8342,-12.7091,-13.8329,-13.7083,8,b,NO,NO.
order_real,data/videos_real/int_333ms/real_333_00015_flip.avi,333,1,0,-2.3308,-11.8996,-11.3371,-12.8662,-12.4615,8,b,NO,NO.
order_real,data/videos_real/int_333ms/real_333_00027.avi,333,0,0,-1.7536,-11.3632,-10.8631,-12.3604,-11.8623,8,a,NO,NO.
order_rev,data/videos_real/int_333ms/real_333_00027.avi,333,0,0,-1.2265,-11.3549,-11.2297,-12.3202,-11.9476,8,a,NO,NO.
moved_real,data/videos_real/int_333ms/real_333_00027.avi,333,1,0,-2.1619,-11.6863,-11.6235,-12.7465,-12.248,8,a,NO,NO.
moved_twin,data/twin_real/real_333_00027.avi,333,0,0,-3.2873,-11.8629,-12.0502,-12.9865,-12.6123,8,a,NO,NO.
order_twin,data/twin_real/real_333_00027.avi,333,-1,0,-2.6402,-11.1587,-11.096,-12.0948,-11.8456,8,a,NO,NO.
bind_twin,data/twin_real/real_333_00027.avi,333,1,1,3.5344,-12.7242,-13.0991,-14.0975,-13.6609,8,a,YES,YES.
order_real,data/videos_real/int_333ms/real_333_00027_flip.avi,333,1,0,-1.8103,-11.2927,-10.98,-12.3524,-11.8855,8,a,NO,NO.
order_real,data/videos_real/int_333ms/real_333_00039.avi,333,0,0,-1.9761,-11.4603,-10.5854,-12.2078,-11.7099,8,b,NO,NO.
order_rev,data/videos_real/int_333ms/real_333_00039.avi,333,0,0,-1.8517,-11.3511,-11.2885,-12.286,-11.9129,8,b,NO,NO.
moved_real,data/videos_real/int_333ms/real_333_00039.avi,333,1,0,-0.9181,-11.6042,-11.2917,-12.4763,-11.8224,8,b,NO,NO.
moved_twin,data/twin_real/real_333_00039.avi,333,0,0,-2.0613,-11.8748,-11.6872,-12.7163,-11.9995,8,b,NO,NO.
order_twin,data/twin_real/real_333_00039.avi,333,-1,0,-2.0002,-11.4811,-10.6687,-12.2287,-11.6683,8,b,NO,NO.
bind_twin,data/twin_real/real_333_00039.avi,333,0,0,-4.3615,-12.7383,-11.9259,-13.1744,-13.1128,8,b,NO,NO.
order_real,data/videos_real/int_333ms/real_333_00039_flip.avi,333,1,0,-1.7262,-11.3696,-10.4948,-12.1481,-11.6192,8,b,NO,NO.
order_real,data/videos_real/int_333ms/real_333_00051.avi,333,1,0,-1.8766,-11.4331,-11.3703,-12.7742,-12.1822,8,a,NO,NO.
order_rev,data/videos_real/int_333ms/real_333_00051.avi,333,1,0,-2.6892,-12.1433,-11.9557,-13.3912,-12.8301,8,a,NO,NO.
moved_real,data/videos_real/int_333ms/real_333_00051.avi,333,1,0,-2.4029,-11.6532,-11.9028,-13.1193,-12.4648,8,a,NO,NO.
moved_twin,data/twin_real/real_333_00051.avi,333,0,0,-2.528,-11.7057,-12.0803,-13.1717,-12.5797,8,a,NO,NO.
order_twin,data/twin_real/real_333_00051.avi,333,-1,0,-2.2276,-11.4311,-11.6182,-12.9594,-12.3674,8,a,NO,NO.
bind_twin,data/twin_real/real_333_00051.avi,333,1,1,0.1562,-11.4731,-11.4103,-12.4377,-11.9716,8,a,YES,YES.
order_real,data/videos_real/int_333ms/real_333_00051_flip.avi,333,0,0,-1.8765,-11.4332,-11.308,-12.7428,-12.1822,8,a,NO,NO.
order_real,data/videos_real/int_333ms/real_333_00063.avi,333,1,0,-0.8758,-11.5775,-10.8275,-12.5114,-12.0454,8,a,NO,NO.
order_rev,data/videos_real/int_333ms/real_333_00063.avi,333,1,0,-1.0877,-11.5811,-11.2061,-12.7027,-12.2052,8,a,NO,NO.
moved_real,data/videos_real/int_333ms/real_333_00063.avi,333,1,1,1.1737,-11.5867,-11.7115,-13.084,-12.1487,8,a,YES,YES.
moved_twin,data/twin_real/real_333_00063.avi,333,0,0,-2.5441,-11.5521,-11.8642,-12.7997,-12.2388,8,a,NO,NO.
order_twin,data/twin_real/real_333_00063.avi,333,-1,0,-1.7272,-11.6805,-11.1805,-12.6779,-12.1799,8,a,NO,NO.
bind_twin,data/twin_real/real_333_00063.avi,333,1,1,5.1351,-13.4668,-14.0292,-15.0903,-14.6536,8,a,YES,YES.
order_real,data/videos_real/int_333ms/real_333_00063_flip.avi,333,0,0,-0.7124,-11.5039,-10.6914,-12.4065,-11.9405,8,a,NO,NO.
order_real,data/videos_real/int_333ms/real_333_00075.avi,333,0,0,-2.3139,-11.9852,-11.3602,-13.0135,-12.3595,8,b,NO,NO.
order_rev,data/videos_real/int_333ms/real_333_00075.avi,333,0,0,-1.4891,-11.5213,-11.3961,-12.4862,-11.9889,8,b,NO,NO.
moved_real,data/videos_real/int_333ms/real_333_00075.avi,333,1,0,-0.6522,-11.55,-11.5497,-12.7335,-11.8304,8,b,NO,NO.
moved_twin,data/twin_real/real_333_00075.avi,333,0,0,-2.6821,-11.8494,-12.2865,-13.1908,-12.4737,8,b,NO,NO.
order_twin,data/twin_real/real_333_00075.avi,333,-1,0,-2.8878,-12.0072,-11.6322,-13.0677,-12.4442,8,b,NO,NO.
bind_twin,data/twin_real/real_333_00075.avi,333,0,0,-6.9928,-14.6183,-14.4932,-15.3671,-15.1802,8,b,NO,NO.
order_real,data/videos_real/int_333ms/real_333_00075_flip.avi,333,1,0,-2.0459,-11.9119,-11.2244,-12.8774,-12.2237,8,b,NO,NO.
order_real,data/videos_real/int_333ms/real_333_00087.avi,333,0,0,-2.898,-12.4221,-11.6096,-13.2947,-12.9214,8,b,NO,NO.
order_rev,data/videos_real/int_333ms/real_333_00087.avi,333,0,0,-2.0722,-11.8103,-11.4976,-12.7129,-12.3404,8,b,NO,NO.
moved_real,data/videos_real/int_333ms/real_333_00087.avi,333,1,1,1.5345,-12.1224,-11.9972,-13.4319,-12.3094,8,b,YES,YES.
moved_twin,data/twin_real/real_333_00087.avi,333,0,0,-0.6047,-11.4123,-11.4744,-12.6277,-11.9739,8,b,NO,NO.
order_twin,data/twin_real/real_333_00087.avi,333,-1,0,-3.4168,-12.4883,-11.8632,-13.4239,-13.1126,8,b,NO,NO.
bind_twin,data/twin_real/real_333_00087.avi,333,0,0,-7.5049,-15.0928,-14.5302,-15.7794,-15.9048,8,b,NO,NO
order_real,data/videos_real/int_333ms/real_333_00087_flip.avi,333,1,0,-2.9076,-12.4646,-11.5271,-13.3371,-12.9639,8,b,NO,NO.
order_real,data/videos_real/int_333ms/real_333_00099.avi,333,0,0,-2.2126,-11.7693,-11.3317,-12.9533,-12.3935,8,b,NO,NO.
order_rev,data/videos_real/int_333ms/real_333_00099.avi,333,0,0,-1.7266,-11.6347,-11.5096,-12.7564,-12.0089,8,b,NO,NO.
moved_real,data/videos_real/int_333ms/real_333_00099.avi,333,1,0,-1.2385,-11.4477,-11.4474,-12.6943,-12.1342,8,b,NO,NO.
moved_twin,data/twin_real/real_333_00099.avi,333,0,0,-2.114,-11.6811,-11.8058,-12.897,-12.3677,8,b,NO,NO.
order_twin,data/twin_real/real_333_00099.avi,333,-1,0,-2.7627,-11.8271,-11.6395,-13.1058,-12.5139,8,b,NO,NO.
bind_twin,data/twin_real/real_333_00099.avi,333,0,0,-5.8806,-13.9782,-13.6031,-14.8521,-14.7276,8,b,NO,NO.
order_real,data/videos_real/int_333ms/real_333_00099_flip.avi,333,1,0,-2.8873,-12.0075,-11.5699,-13.1925,-12.6319,8,b,NO,NO.
order_real,data/videos_real/int_333ms/real_333_00111.avi,333,1,0,-3.3877,-12.1737,-11.861,-13.5465,-12.9231,8,b,NO,NO.
order_rev,data/videos_real/int_333ms/real_333_00111.avi,333,1,0,-3.1326,-12.1375,-11.8249,-13.448,-13.0118,8,b,NO,NO.
moved_real,data/videos_real/int_333ms/real_333_00111.avi,333,1,0,-0.9112,-11.8159,-12.0655,-13.0933,-12.3775,8,b,NO,NO.
moved_twin,data/twin_real/real_333_00111.avi,333,0,0,-1.8765,-11.9949,-12.432,-13.4297,-12.8689,8,b,NO,NO.
order_twin,data/twin_real/real_333_00111.avi,333,-1,0,-4.2539,-12.4877,-12.4251,-14.0489,-13.4872,8,b,NO,NO.
bind_twin,data/twin_real/real_333_00111.avi,333,0,0,-6.4699,-14.302,-13.9894,-15.3009,-15.1139,8,b,NO,NO
order_real,data/videos_real/int_333ms/real_333_00111_flip.avi,333,0,0,-3.4776,-12.2333,-11.7957,-13.4814,-12.9203,8,b,NO,NO.
order_real,data/videos_real/int_333ms/real_333_00123.avi,333,0,0,-1.361,-11.9979,-11.1855,-13.0269,-12.5598,8,b,NO,NO.
order_rev,data/videos_real/int_333ms/real_333_00123.avi,333,0,0,-1.439,-11.8538,-11.7912,-13.0694,-12.6652,8,b,NO,NO.
moved_real,data/videos_real/int_333ms/real_333_00123.avi,333,1,0,-1.8246,-11.5633,-11.563,-13.0604,-12.25,8,b,NO,NO.
moved_twin,data/twin_real/real_333_00123.avi,333,0,0,-1.9206,-11.5681,-11.7554,-13.128,-12.3798,8,b,NO,NO.
order_twin,data/twin_real/real_333_00123.avi,333,-1,0,-2.012,-12.3021,-11.6146,-13.5189,-12.989,8,b,NO,NO.
bind_twin,data/twin_real/real_333_00123.avi,333,0,0,-1.6684,-11.5033,-11.0658,-12.3445,-12.0023,8,b,NO,NO.
order_real,data/videos_real/int_333ms/real_333_00123_flip.avi,333,1,0,-1.6285,-12.0288,-11.2788,-13.0889,-12.5907,8,b,NO,NO.
order_real,data/videos_real/int_333ms/real_333_00135.avi,333,0,0,-2.1154,-11.7343,-10.9844,-12.482,-11.9839,8,b,NO,NO.
order_rev,data/videos_real/int_333ms/real_333_00135.avi,333,0,0,-2.3378,-11.5704,-11.4452,-12.7552,-12.257,8,b,NO,NO.
moved_real,data/videos_real/int_333ms/real_333_00135.avi,333,1,0,-1.0736,-11.3965,-11.4587,-12.6738,-11.8955,8,b,NO,NO.
moved_twin,data/twin_real/real_333_00135.avi,333,0,0,-1.1694,-11.391,-11.5157,-12.5124,-11.8276,8,b,NO,NO.
order_twin,data/twin_real/real_333_00135.avi,333,-1,0,-2.3656,-11.6476,-11.0227,-12.3958,-11.9597,8,b,NO,NO.
bind_twin,data/twin_real/real_333_00135.avi,333,0,0,-2.5868,-11.9053,-11.4054,-12.6225,-12.2172,8,b,NO,NO.
order_real,data/videos_real/int_333ms/real_333_00135_flip.avi,333,1,0,-1.7725,-11.715,-10.9651,-12.5249,-11.9645,8,b,NO,NO.
order_real,data/videos_real/int_333ms/real_333_00147.avi,333,0,0,-1.1021,-11.4298,-10.9297,-12.5199,-11.9288,8,b,NO,NO.
order_rev,data/videos_real/int_333ms/real_333_00147.avi,333,0,0,-1.3063,-11.3996,-11.2744,-12.5207,-12.0233,8,b,NO,NO.
moved_real,data/videos_real/int_333ms/real_333_00147.avi,333,1,1,0.124,-11.3613,-11.486,-12.6386,-11.8916,8,b,NO,YES.
moved_twin,data/twin_real/real_333_00147.avi,333,0,0,-0.0363,-11.3422,-11.5293,-12.6196,-11.9347,8,b,NO,NO.
order_twin,data/twin_real/real_333_00147.avi,333,-1,0,-1.5126,-11.4667,-11.1541,-12.5891,-12.0908,8,b,NO,NO.
bind_twin,data/twin_real/real_333_00147.avi,333,0,0,-8.7591,-15.1176,-14.93,-15.7419,-15.9297,8,b,NO,NO.
order_real,data/videos_real/int_333ms/real_333_00147_flip.avi,333,1,0,-1.1156,-11.5295,-10.9044,-12.6818,-12.0909,8,b,NO,NO.
order_real,data/videos_real/int_333ms/real_333_00159.avi,333,0,0,-2.3758,-12.0661,-11.3785,-13.0323,-12.5028,8,b,NO,NO.
order_rev,data/videos_real/int_333ms/real_333_00159.avi,333,0,0,-0.7126,-11.4409,-11.3157,-12.4053,-11.8771,8,b,NO,NO.
moved_real,data/videos_real/int_333ms/real_333_00159.avi,333,1,0,0.0093,-11.4434,-11.5056,-12.6898,-12.0049,8,b,NO,NO.
moved_twin,data/twin_real/real_333_00159.avi,333,0,0,-1.5014,-11.5545,-11.7417,-12.7084,-12.1785,8,b,NO,NO.
order_twin,data/twin_real/real_333_00159.avi,333,-1,0,-2.7509,-12.0389,-11.5389,-12.9745,-12.4758,8,b,NO,NO.
bind_twin,data/twin_real/real_333_00159.avi,333,0,0,-7.7422,-15.0384,-14.9759,-15.85,-15.9753,8,b,NO,NO.
order_real,data/videos_real/int_333ms/real_333_00159_flip.avi,333,1,0,-2.5222,-12.2801,-11.4676,-13.1529,-12.6544,8,b,NO,NO.
order_real,data/videos_real/int_333ms/real_333_00171.avi,333,1,0,-0.4019,-11.3937,-10.7062,-12.3894,-11.7988,8,a,NO,NO.
order_rev,data/videos_real/int_333ms/real_333_00171.avi,333,1,0,-0.6671,-11.6593,-11.3468,-12.6559,-12.2521,8,a,NO,NO.
moved_real,data/videos_real/int_333ms/real_333_00171.avi,333,1,0,-2.0184,-11.6588,-11.721,-12.781,-12.158,8,a,NO,NO.
moved_twin,data/twin_real/real_333_00171.avi,333,0,0,-2.528,-12.0181,-12.1428,-13.0788,-12.5174,8,a,NO,NO.
order_twin,data/twin_real/real_333_00171.avi,333,-1,0,-0.9312,-11.4926,-10.8676,-12.4576,-11.8665,8,a,NO,NO.
bind_twin,data/twin_real/real_333_00171.avi,333,1,1,1.1597,-11.951,-11.8883,-12.9481,-12.4497,8,a,YES,YES.
order_real,data/videos_real/int_333ms/real_333_00171_flip.avi,333,0,0,-0.306,-11.4003,-10.7128,-12.3957,-11.7742,8,a,NO,NO.
order_real,data/videos_real/int_333ms/real_333_00183.avi,333,0,0,-3.456,-12.2743,-11.9617,-13.5849,-13.2735,8,b,NO,NO.
order_rev,data/videos_real/int_333ms/real_333_00183.avi,333,0,0,-2.4315,-11.6176,-11.6174,-13.0204,-12.5541,8,b,NO,NO.
moved_real,data/videos_real/int_333ms/real_333_00183.avi,333,1,0,-1.9767,-11.9126,-11.9749,-13.191,-12.6616,8,b,NO,NO.
moved_twin,data/twin_real/real_333_00183.avi,333,0,0,-2.0564,-11.8408,-11.9656,-13.0571,-12.5899,8,b,NO,NO.
order_twin,data/twin_real/real_333_00183.avi,333,-1,0,-3.9718,-12.3672,-12.1171,-13.6782,-13.429,8,b,NO,NO.
bind_twin,data/twin_real/real_333_00183.avi,333,0,0,-7.9999,-14.8202,-15.0077,-15.757,-15.9448,8,b,NO,NO.
order_real,data/videos_real/int_333ms/real_333_00183_flip.avi,333,1,0,-3.2538,-12.3241,-11.949,-13.5722,-13.2608,8,b,NO,NO.
order_real,data/videos_real/int_333ms/real_333_00195.avi,333,0,0,-1.7393,-11.6674,-11.1673,-12.6639,-12.1039,8,b,NO,NO.
order_rev,data/videos_real/int_333ms/real_333_00195.avi,333,0,0,-1.0875,-11.3951,-11.2076,-12.3913,-11.769,8,b,NO,NO.
moved_real,data/videos_real/int_333ms/real_333_00195.avi,333,1,0,-0.7774,-11.5088,-11.6335,-12.7239,-11.9454,8,b,NO,NO.
moved_twin,data/twin_real/real_333_00195.avi,333,0,0,-0.947,-11.5833,-11.708,-12.7363,-12.0199,8,b,NO,NO.
order_twin,data/twin_real/real_333_00195.avi,333,-1,0,-2.2771,-11.8524,-11.3523,-12.7559,-12.289,8,b,NO,NO.
bind_twin,data/twin_real/real_333_00195.avi,333,0,0,-3.2069,-12.6409,-12.1409,-13.3273,-13.0154,8,b,NO,NO.
order_real,data/videos_real/int_333ms/real_333_00195_flip.avi,333,1,0,-2.0724,-11.7486,-11.2485,-12.7453,-12.1852,8,b,NO,NO.
order_real,data/videos_real/int_333ms/real_333_00207.avi,333,1,0,-1.4628,-11.5623,-10.9997,-12.5588,-12.03,8,a,NO,NO.
order_rev,data/videos_real/int_333ms/real_333_00207.avi,333,1,1,0.2962,-11.6223,-11.4349,-12.6195,-11.9966,8,a,YES,YES.
moved_real,data/videos_real/int_333ms/real_333_00207.avi,333,1,0,-1.9768,-12.0378,-12.0376,-13.1606,-12.5996,8,a,NO,NO.
moved_twin,data/twin_real/real_333_00207.avi,333,0,0,-2.0036,-12.1006,-12.2254,-13.349,-12.7875,8,a,NO,NO.
order_twin,data/twin_real/real_333_00207.avi,333,-1,0,-1.546,-11.4848,-10.9847,-12.4814,-11.9214,8,a,NO,NO.
bind_twin,data/twin_real/real_333_00207.avi,333,1,1,2.1497,-11.9945,-12.3067,-13.3356,-12.8059,8,a,YES,YES.
order_real,data/videos_real/int_333ms/real_333_00207_flip.avi,333,0,0,-1.3224,-11.5545,-10.9919,-12.613,-12.0223,8,a,NO,NO.
order_real,data/videos_real/int_333ms/real_333_00219.avi,333,0,0,-1.4771,-11.5357,-10.8483,-12.533,-12.0663,8,a,NO,NO.
order_rev,data/videos_real/int_333ms/real_333_00219.avi,333,0,0,-1.6158,-11.8007,-11.6131,-12.8608,-12.2376,8,a,NO,NO.
moved_real,data/videos_real/int_333ms/real_333_00219.avi,333,1,1,0.235,-11.3384,-11.5881,-12.8975,-12.0251,8,a,YES,YES.
moved_twin,data/twin_real/real_333_00219.avi,333,0,0,-3.1623,-11.9302,-12.2425,-13.1785,-12.6172,8,a,NO,NO.
order_twin,data/twin_real/real_333_00219.avi,333,-1,0,-2.1159,-11.6088,-11.0463,-12.7005,-12.1708,8,a,NO,NO.
bind_twin,data/twin_real/real_333_00219.avi,333,1,1,5.0114,-13.6582,-14.0331,-15.1569,-14.7201,8,a,YES,YES.
order_real,data/videos_real/int_333ms/real_333_00219_flip.avi,333,1,0,-1.3656,-11.5981,-10.8482,-12.5951,-12.0974,8,a,NO,NO.
order_real,data/videos_real/int_333ms/real_333_00231.avi,333,0,0,-0.2406,-11.4518,-10.7018,-12.4788,-11.8882,8,a,NO,NO.
order_rev,data/videos_real/int_333ms/real_333_00231.avi,333,0,0,-0.2127,-11.5083,-11.1332,-12.4737,-12.0075,8,a,NO,NO.
moved_real,data/videos_real/int_333ms/real_333_00231.avi,333,1,1,0.0893,-11.4687,-11.3434,-12.6517,-11.9363,8,a,NO,YES.
moved_twin,data/twin_real/real_333_00231.avi,333,0,0,-1.1685,-11.1245,-11.374,-12.4331,-11.7796,8,a,NO,NO.
order_twin,data/twin_real/real_333_00231.avi,333,-1,0,-1.1023,-11.3048,-10.8671,-12.6138,-12.0225,8,a,NO,NO.
bind_twin,data/twin_real/real_333_00231.avi,333,1,1,4.2571,-12.9157,-13.353,-14.6015,-14.1023,8,a,YES,YES.
order_real,data/videos_real/int_333ms/real_333_00231_flip.avi,333,1,0,-0.5123,-11.4252,-10.8001,-12.5458,-11.9865,8,a,NO,NO.
order_real,data/videos_real/int_333ms/real_333_00243.avi,333,1,0,-1.0883,-11.4202,-10.7951,-12.3541,-11.8567,8,a,NO,NO.
order_real,data/videos_real/int_333ms/real_333_00243_flip.avi,333,0,0,-1.0562,-11.4587,-10.7712,-12.3928,-11.9264,8,a,NO,NO.
order_real,data/videos_real/int_333ms/real_333_00255.avi,333,0,0,-1.8516,-11.7424,-11.1173,-12.7704,-12.2415,8,a,NO,NO.
order_real,data/videos_real/int_333ms/real_333_00255_flip.avi,333,1,0,-1.7512,-11.8255,-11.2005,-12.8535,-12.3247,8,a,NO,NO.
order_real,data/videos_real/int_333ms/real_333_00267.avi,333,0,0,-2.9173,-12.2963,-11.7963,-13.2315,-12.8581,8,b,NO,NO.
order_real,data/videos_real/int_333ms/real_333_00267_flip.avi,333,1,0,-2.8308,-12.301,-11.801,-13.2363,-12.8627,8,b,NO,NO.
order_real,data/videos_real/int_333ms/real_333_00279.avi,333,0,0,-0.7862,-11.4178,-10.6678,-12.2891,-11.7605,8,a,NO,NO.
order_real,data/videos_real/int_333ms/real_333_00279_flip.avi,333,1,0,-0.6259,-11.4705,-10.6581,-12.3726,-11.8132,8,a,NO,NO.
order_real,data/videos_real/int_333ms/real_333_00291.avi,333,0,0,-2.3376,-11.6954,-11.1329,-12.5058,-12.1324,8,b,NO,NO.
order_real,data/videos_real/int_333ms/real_333_00291_flip.avi,333,1,0,-2.477,-11.7848,-11.1599,-12.5951,-12.2217,8,b,NO,NO.
order_real,data/videos_real/int_333ms/real_333_00303.avi,333,0,0,-1.9713,-11.9182,-11.1058,-12.8214,-12.4172,8,a,NO,NO.
order_real,data/videos_real/int_333ms/real_333_00303_flip.avi,333,1,0,-2.0807,-11.925,-11.1126,-12.8909,-12.4242,8,a,NO,NO.
order_real,data/videos_real/int_333ms/real_333_00315.avi,333,1,1,0.3522,-11.5055,-11.1304,-12.4695,-11.8796,8,a,YES,YES.
order_real,data/videos_real/int_333ms/real_333_00315_flip.avi,333,0,0,-0.0227,-11.615,-11.1149,-12.5787,-12.0202,8,a,NO,NO.
order_real,data/videos_real/int_333ms/real_333_00327.avi,333,1,0,-1.7508,-11.8884,-11.3882,-12.885,-12.2938,8,b,NO,NO.
order_real,data/videos_real/int_333ms/real_333_00327_flip.avi,333,0,0,-1.6259,-11.9703,-11.4077,-12.9667,-12.4069,8,b,NO,NO.
order_real,data/videos_real/int_333ms/real_333_00339.avi,333,0,0,-2.0126,-11.8914,-11.4538,-13.1695,-12.5781,8,b,NO,NO.
order_real,data/videos_real/int_333ms/real_333_00339_flip.avi,333,1,0,-2.1022,-11.9437,-11.4436,-13.1903,-12.6303,8,b,NO,NO.
order_real,data/videos_real/int_333ms/real_333_00351.avi,333,0,0,-1.6887,-11.6864,-10.999,-12.5897,-11.9983,8,b,NO,NO.
order_real,data/videos_real/int_333ms/real_333_00351_flip.avi,333,1,0,-1.777,-11.6612,-10.9737,-12.5956,-12.0354,8,b,NO,NO.
order_real,data/videos_real/int_333ms/real_333_00363.avi,333,0,0,-1.7956,-11.6945,-11.007,-12.5661,-12.1311,8,b,NO,NO.
order_real,data/videos_real/int_333ms/real_333_00363_flip.avi,333,1,0,-1.5875,-11.6645,-11.0395,-12.567,-12.1011,8,b,NO,NO.
order_real,data/videos_real/int_333ms/real_333_00375.avi,333,1,0,-2.3065,-11.5667,-11.1916,-12.5642,-12.2845,8,a,NO,NO.
order_real,data/videos_real/int_333ms/real_333_00375_flip.avi,333,0,0,-2.0886,-11.496,-11.0584,-12.4932,-12.2137,8,a,NO,NO.
order_real,data/videos_real/int_333ms/real_333_00387.avi,333,1,0,-1.0875,-11.4572,-10.7072,-12.578,-11.8314,8,b,NO,NO.
order_real,data/videos_real/int_333ms/real_333_00387_flip.avi,333,0,0,-1.2125,-11.5517,-10.8642,-12.6105,-11.8635,8,b,NO,NO.
order_real,data/videos_real/int_333ms/real_333_00399.avi,333,0,0,-2.8657,-12.1119,-11.4244,-13.141,-12.6738,8,b,NO,NO.
order_real,data/videos_real/int_333ms/real_333_00399_flip.avi,333,1,0,-2.9772,-12.1279,-11.3154,-13.0947,-12.6273,8,b,NO,NO.
order_real,data/videos_real/int_333ms/real_333_00411.avi,333,0,0,-2.3837,-11.7166,-11.2789,-12.9324,-12.4033,8,b,NO,NO.
order_real,data/videos_real/int_333ms/real_333_00411_flip.avi,333,1,0,-1.9892,-11.6956,-11.1955,-12.7862,-12.2574,8,b,NO,NO.
order_real,data/videos_real/int_333ms/real_333_00423.avi,333,0,0,-1.5072,-11.4849,-11.1098,-12.4816,-12.0463,8,a,NO,NO.
order_real,data/videos_real/int_333ms/real_333_00423_flip.avi,333,1,0,-1.1813,-11.4902,-11.0526,-12.4866,-11.9891,8,a,NO,NO.
order_real,data/videos_real/int_333ms/real_333_00435.avi,333,0,0,-2.1711,-11.8984,-11.1484,-13.0206,-12.3977,8,b,NO,NO.
order_real,data/videos_real/int_333ms/real_333_00435_flip.avi,333,1,0,-2.1976,-11.9221,-11.2346,-13.0132,-12.4838,8,b,NO,NO.
order_real,data/videos_real/int_333ms/real_333_00447.avi,333,1,0,-0.4311,-11.4112,-11.0984,-12.5942,-11.9725,8,a,NO,NO.
order_real,data/videos_real/int_333ms/real_333_00447_flip.avi,333,0,0,-0.2265,-11.2474,-10.9971,-12.5244,-11.8401,8,a,NO,NO.
order_real,data/videos_real/int_333ms/real_333_00459.avi,333,1,0,-2.2712,-11.7619,-11.1993,-12.7589,-12.2611,8,b,NO,NO.
order_real,data/videos_real/int_333ms/real_333_00459_flip.avi,333,0,0,-2.1638,-11.7999,-11.1748,-12.7032,-12.2366,8,b,NO,NO.
order_real,data/videos_real/int_333ms/real_333_00471.avi,333,1,0,-1.9629,-11.8593,-11.0468,-12.9503,-12.3586,8,b,NO,NO.
order_real,data/videos_real/int_333ms/real_333_00471_flip.avi,333,0,0,-1.9628,-11.7972,-11.0472,-12.8882,-12.2964,8,b,NO,NO.
order_real,data/videos_real/int_333ms/real_333_00483.avi,333,1,0,-2.1285,-11.3154,-11.1277,-12.6869,-12.1893,8,a,NO,NO.
order_real,data/videos_real/int_333ms/real_333_00483_flip.avi,333,0,0,-2.2151,-11.3927,-11.205,-12.733,-12.2666,8,a,NO,NO.
order_real,data/videos_real/int_333ms/real_333_00495.avi,333,0,0,-2.7409,-12.1817,-11.4942,-13.1482,-12.7435,8,b,NO,NO.
order_real,data/videos_real/int_333ms/real_333_00495_flip.avi,333,1,0,-2.9773,-12.1904,-11.5653,-13.157,-12.7522,8,b,NO,NO.
order_real,data/videos_real/int_333ms/real_333_00507.avi,333,0,0,-2.1024,-12.0685,-11.5059,-13.1909,-12.6928,8,b,NO,NO.
order_real,data/videos_real/int_333ms/real_333_00507_flip.avi,333,1,0,-1.8379,-12.0626,-11.375,-13.1534,-12.6867,8,b,NO,NO.
order_real,data/videos_real/int_333ms/real_333_00519.avi,333,1,0,-2.9377,-12.1923,-11.1924,-12.8781,-12.5045,8,b,NO,NO.
order_real,data/videos_real/int_333ms/real_333_00519_flip.avi,333,0,0,-2.7385,-12.0665,-11.0041,-12.7522,-12.3786,8,b,NO,NO.
order_real,data/videos_real/int_333ms/real_333_00531.avi,333,0,0,-1.6812,-11.7048,-11.2047,-12.6702,-12.079,8,b,NO,NO.
order_real,data/videos_real/int_333ms/real_333_00531_flip.avi,333,1,0,-1.8821,-11.7382,-11.2381,-12.7348,-12.1749,8,b,NO,NO.
order_real,data/videos_real/int_333ms/real_333_00543.avi,333,0,0,-1.6965,-11.4245,-10.737,-12.141,-11.7364,8,a,NO,NO.
order_real,data/videos_real/int_333ms/real_333_00543_flip.avi,333,1,0,-1.6959,-11.3625,-10.6126,-12.0478,-11.6121,8,a,NO,NO.
order_real,data/videos_real/int_333ms/real_333_00555.avi,333,0,0,-0.7408,-11.6975,-11.1974,-12.8503,-12.2591,8,a,NO,NO.
order_real,data/videos_real/int_333ms/real_333_00555_flip.avi,333,1,0,-0.9557,-11.7578,-11.3202,-12.973,-12.3818,8,a,NO,NO.
order_real,data/videos_real/int_333ms/real_333_00567.avi,333,1,0,-2.227,-11.9933,-11.1183,-12.866,-12.4926,8,b,NO,NO.
order_real,data/videos_real/int_333ms/real_333_00567_flip.avi,333,0,0,-2.2406,-12.0326,-11.1577,-12.9678,-12.5944,8,b,NO,NO.
order_real,data/videos_real/int_333ms/real_333_00579.avi,333,1,0,-2.713,-12.2285,-11.541,-13.1015,-12.7279,8,b,NO,NO.
order_real,data/videos_real/int_333ms/real_333_00579_flip.avi,333,0,0,-2.713,-12.2286,-11.5411,-13.1016,-12.7904,8,b,NO,NO.
order_real,data/videos_real/int_333ms/real_333_00591.avi,333,0,0,-1.4772,-11.7229,-11.0354,-12.6879,-12.1282,8,b,NO,NO.
order_real,data/videos_real/int_333ms/real_333_00591_flip.avi,333,1,0,-1.3657,-11.7857,-11.0357,-12.7186,-12.1907,8,b,NO,NO.
order_real,data/videos_real/int_500ms/real_500_00004.avi,500,1,0,-1.1658,-11.7303,-10.6055,-12.5082,-12.0421,8,b,NO,NO.
order_rev,data/videos_real/int_500ms/real_500_00004.avi,500,1,0,-2.2508,-11.7033,-11.5156,-12.607,-12.2649,8,b,NO,NO.
moved_real,data/videos_real/int_500ms/real_500_00004.avi,500,1,1,1.174,-12.1491,-11.8991,-13.0527,-12.2736,8,b,YES,YES.
moved_twin,data/twin_real/real_500_00004.avi,500,0,0,-0.3971,-11.5108,-11.3231,-12.3513,-11.7599,8,b,NO,NO.
order_twin,data/twin_real/real_500_00004.avi,500,-1,0,-1.2727,-11.6179,-10.8054,-12.4272,-11.992,8,b,NO,NO.
bind_twin,data/twin_real/real_500_00004.avi,500,0,0,-5.8707,-14.065,-13.3775,-14.7515,-14.8144,8,b,NO,NO
order_real,data/videos_real/int_500ms/real_500_00004_flip.avi,500,0,0,-1.0493,-11.6809,-10.6185,-12.4902,-11.9927,8,b,NO,NO.
order_real,data/videos_real/int_500ms/real_500_00016.avi,500,1,0,-2.3379,-11.6332,-11.258,-12.7553,-12.4136,8,a,NO,NO.
order_rev,data/videos_real/int_500ms/real_500_00016.avi,500,1,0,-1.0036,-11.7248,-11.5996,-12.7534,-12.4115,8,a,NO,NO.
moved_real,data/videos_real/int_500ms/real_500_00016.avi,500,1,0,-1.286,-11.4113,-11.536,-12.5644,-12.0978,8,a,NO,NO.
moved_twin,data/twin_real/real_500_00016.avi,500,0,0,-1.9319,-11.3578,-11.6699,-12.574,-12.2318,8,a,NO,NO.
order_twin,data/twin_real/real_500_00016.avi,500,-1,0,-2.4316,-11.3691,-11.2438,-12.5539,-12.2119,8,a,NO,NO.
bind_twin,data/twin_real/real_500_00016.avi,500,1,1,3.9074,-12.5908,-12.9032,-13.8391,-13.6525,8,a,YES,YES
order_real,data/videos_real/int_500ms/real_500_00016_flip.avi,500,0,0,-1.9629,-11.4856,-10.9855,-12.5764,-12.2347,8,a,NO,NO.
order_real,data/videos_real/int_500ms/real_500_00028.avi,500,0,0,-1.5781,-11.7707,-10.7084,-12.5177,-12.0825,8,b,NO,NO.
order_rev,data/videos_real/int_500ms/real_500_00028.avi,500,0,0,-1.0803,-11.6625,-11.2876,-12.3781,-11.9117,8,b,NO,NO.
moved_real,data/videos_real/int_500ms/real_500_00028.avi,500,1,0,-0.8603,-11.9355,-11.5605,-12.6207,-12.06,8,b,NO,NO.
moved_twin,data/twin_real/real_500_00028.avi,500,0,0,-2.3874,-12.1661,-11.9785,-12.7897,-12.4157,8,b,NO,NO.
order_twin,data/twin_real/real_500_00028.avi,500,-1,0,-2.3462,-11.7543,-10.9418,-12.5021,-12.0662,8,b,NO,NO.
bind_twin,data/twin_real/real_500_00028.avi,500,0,0,-3.8369,-12.8525,-12.2276,-13.4135,-13.2268,8,b,NO,NO.
order_real,data/videos_real/int_500ms/real_500_00028_flip.avi,500,1,0,-1.5029,-11.8016,-10.7393,-12.5485,-12.1133,8,b,NO,NO.
order_real,data/videos_real/int_500ms/real_500_00040.avi,500,1,0,-0.6142,-11.5014,-10.9388,-12.4971,-11.8441,8,a,NO,NO.
order_rev,data/videos_real/int_500ms/real_500_00040.avi,500,1,0,-0.311,-11.5256,-11.338,-12.4912,-12.0559,8,a,NO,NO.
moved_real,data/videos_real/int_500ms/real_500_00040.avi,500,1,0,-1.2127,-11.4528,-11.6085,-12.6357,-11.9826,8,a,NO,NO.
moved_twin,data/twin_real/real_500_00040.avi,500,0,0,-1.9766,-11.7887,-11.9759,-12.942,-12.2877,8,a,NO,NO.
order_twin,data/twin_real/real_500_00040.avi,500,-1,0,-1.2128,-11.4276,-10.9275,-12.4243,-11.8329,8,a,NO,NO.
bind_twin,data/twin_real/real_500_00040.avi,500,1,1,4.3888,-13.2921,-13.7295,-14.8528,-14.2911,8,a,YES,YES.
order_real,data/videos_real/int_500ms/real_500_00040_flip.avi,500,0,0,-0.8762,-11.5154,-10.8904,-12.48,-11.8581,8,a,NO,NO.
order_real,data/videos_real/int_500ms/real_500_00052.avi,500,1,0,-1.2129,-11.5773,-10.8274,-12.3867,-11.9517,8,b,NO,NO.
order_rev,data/videos_real/int_500ms/real_500_00052.avi,500,1,0,-1.3377,-11.5245,-11.2744,-12.5215,-11.9924,8,b,NO,NO.
moved_real,data/videos_real/int_500ms/real_500_00052.avi,500,1,0,-0.7581,-11.452,-11.2019,-12.4485,-11.8263,8,b,NO,NO.
moved_twin,data/twin_real/real_500_00052.avi,500,0,0,-1.5365,-11.5231,-11.5229,-12.645,-12.0223,8,b,NO,NO.
order_twin,data/twin_real/real_500_00052.avi,500,-1,0,-1.3381,-11.4876,-10.9251,-12.3596,-11.8619,8,b,NO,NO.
bind_twin,data/twin_real/real_500_00052.avi,500,0,0,-1.4413,-11.4432,-11.0056,-12.2522,-11.8171,8,b,NO,NO.
order_real,data/videos_real/int_500ms/real_500_00052_flip.avi,500,0,0,-1.3057,-11.6494,-10.837,-12.4277,-11.9613,8,b,NO,NO.
order_real,data/videos_real/int_500ms/real_500_00064.avi,500,0,0,-1.0562,-11.521,-11.0834,-12.5481,-11.9887,8,a,NO,NO.
order_rev,data/videos_real/int_500ms/real_500_00064.avi,500,0,1,0.4213,-11.8203,-11.5078,-12.755,-12.3196,8,a,YES,YES.
moved_real,data/videos_real/int_500ms/real_500_00064.avi,500,1,0,-2.3518,-11.8742,-11.9364,-13.2153,-12.6858,8,a,NO,NO.
moved_twin,data/twin_real/real_500_00064.avi,500,0,0,-2.4896,-11.7713,-12.0211,-13.144,-12.7079,8,a,NO,NO.
order_twin,data/twin_real/real_500_00064.avi,500,-1,0,-1.2507,-11.4185,-11.0435,-12.4153,-11.9487,8,a,NO,NO.
bind_twin,data/twin_real/real_500_00064.avi,500,1,1,4.64,-13.3604,-13.8602,-14.8584,-14.3594,8,a,YES,YES.
order_real,data/videos_real/int_500ms/real_500_00064_flip.avi,500,1,0,-1.3062,-11.5246,-11.087,-12.552,-11.9923,8,a,NO,NO.
order_real,data/videos_real/int_500ms/real_500_00076.avi,500,1,0,-1.0559,-11.2723,-10.9596,-12.3313,-11.7089,8,a,NO,NO.
order_rev,data/videos_real/int_500ms/real_500_00076.avi,500,1,0,-2.1972,-11.922,-11.6094,-12.8881,-12.546,8,a,NO,NO.
moved_real,data/videos_real/int_500ms/real_500_00076.avi,500,1,1,1.3338,-12.0249,-12.0872,-13.1157,-12.2119,8,a,YES,YES.
moved_twin,data/twin_real/real_500_00076.avi,500,0,0,-2.6527,-12.1346,-12.3218,-13.3198,-12.634,8,a,NO,NO.
order_twin,data/twin_real/real_500_00076.avi,500,-1,0,-3.0076,-11.52,-11.5823,-12.8307,-12.2694,8,a,NO,NO.
bind_twin,data/twin_real/real_500_00076.avi,500,1,1,3.0221,-12.4941,-12.8688,-13.5546,-13.0558,8,a,YES,YES.
order_real,data/videos_real/int_500ms/real_500_00076_flip.avi,500,0,0,-1.2889,-11.3115,-11.0613,-12.402,-11.7794,8,a,NO,NO.
order_real,data/videos_real/int_500ms/real_500_00088.avi,500,0,0,-1.9144,-11.5165,-11.0164,-12.545,-12.1407,8,b,NO,NO.
order_rev,data/videos_real/int_500ms/real_500_00088.avi,500,0,0,-1.3761,-11.2675,-11.1424,-12.2953,-11.7978,8,b,NO,NO.
moved_real,data/videos_real/int_500ms/real_500_00088.avi,500,1,0,-0.373,-11.2525,-11.1898,-12.3117,-11.7204,8,b,NO,NO.
moved_twin,data/twin_real/real_500_00088.avi,500,0,0,-0.3056,-11.3382,-11.2131,-12.2414,-11.6188,8,b,NO,NO.
order_twin,data/twin_real/real_500_00088.avi,500,-1,0,-1.9865,-11.5699,-11.0698,-12.5357,-12.0691,8,b,NO,NO.
bind_twin,data/twin_real/real_500_00088.avi,500,0,0,-5.6026,-13.6169,-13.2418,-14.1782,-14.2414,8,b,NO,NO.
order_real,data/videos_real/int_500ms/real_500_00088_flip.avi,500,1,0,-2.1322,-11.5836,-11.0835,-12.6433,-12.2078,8,b,NO,NO.
order_real,data/videos_real/int_500ms/real_500_00100.avi,500,1,0,-2.3761,-11.8791,-11.3165,-12.7827,-12.3783,8,b,NO,NO.
order_rev,data/videos_real/int_500ms/real_500_00100.avi,500,1,0,-1.2586,-11.1932,-11.1305,-12.283,-11.8168,8,b,NO,NO.
moved_real,data/videos_real/int_500ms/real_500_00100.avi,500,1,0,-0.4468,-11.3753,-11.5,-12.6213,-11.8743,8,b,NO,NO.
moved_twin,data/twin_real/real_500_00100.avi,500,0,0,-2.0507,-11.6243,-11.9365,-12.9032,-12.3735,8,b,NO,NO.
order_twin,data/twin_real/real_500_00100.avi,500,-1,0,-2.6024,-11.9622,-11.5246,-12.9598,-12.5239,8,b,NO,NO.
bind_twin,data/twin_real/real_500_00100.avi,500,0,0,-7.3793,-14.9762,-14.8511,-15.8505,-16.1006,8,b,NO,NO.
order_real,data/videos_real/int_500ms/real_500_00100_flip.avi,500,0,0,-2.2512,-11.8278,-11.3278,-12.8252,-12.3895,8,b,NO,NO.
order_real,data/videos_real/int_500ms/real_500_00112.avi,500,0,0,-1.5723,-11.6312,-11.1312,-12.6593,-11.8181,8,b,NO,NO.
order_rev,data/videos_real/int_500ms/real_500_00112.avi,500,0,0,-1.5071,-11.5471,-11.3595,-12.5745,-12.0147,8,b,NO,NO.
moved_real,data/videos_real/int_500ms/real_500_00112.avi,500,1,0,-1.286,-11.6598,-11.6596,-12.9069,-11.9093,8,b,NO,NO.
moved_twin,data/twin_real/real_500_00112.avi,500,0,0,-1.919,-11.7783,-11.7781,-12.9947,-11.9029,8,b,NO,NO.
order_twin,data/twin_real/real_500_00112.avi,500,-1,0,-1.777,-11.5987,-11.2237,-12.6274,-11.7857,8,b,NO,NO.
bind_twin,data/twin_real/real_500_00112.avi,500,0,0,-5.0997,-13.0087,-12.4462,-13.8822,-13.4457,8,b,NO,NO.
order_real,data/videos_real/int_500ms/real_500_00112_flip.avi,500,1,0,-1.5269,-11.7015,-11.2014,-12.698,-11.8883,8,b,NO,NO.
order_real,data/videos_real/int_500ms/real_500_00124.avi,500,1,0,-2.9316,-12.2096,-11.647,-13.2698,-12.8963,8,b,NO,NO.
order_rev,data/videos_real/int_500ms/real_500_00124.avi,500,1,0,-2.2135,-11.6075,-11.4823,-12.5421,-12.1689,8,b,NO,NO.
moved_real,data/videos_real/int_500ms/real_500_00124.avi,500,1,0,-1.6644,-11.6771,-11.6768,-12.8618,-12.3635,8,b,NO,NO.
moved_twin,data/twin_real/real_500_00124.avi,500,0,0,-1.8247,-11.7505,-11.8752,-12.8419,-12.3121,8,b,NO,NO.
order_twin,data/twin_real/real_500_00124.avi,500,-1,0,-2.9025,-12.1193,-11.6817,-13.1174,-12.7436,8,b,NO,NO.
bind_twin,data/twin_real/real_500_00124.avi,500,0,0,-7.1312,-14.8057,-14.8056,-15.6174,-15.8052,8,b,NO,NO.
order_real,data/videos_real/int_500ms/real_500_00124_flip.avi,500,0,0,-2.9023,-12.1819,-11.6193,-13.1794,-12.806,8,b,NO,NO.
order_real,data/videos_real/int_500ms/real_500_00136.avi,500,0,0,-2.4765,-11.8642,-11.2391,-12.8302,-12.3635,8,b,NO,NO.
order_rev,data/videos_real/int_500ms/real_500_00136.avi,500,0,0,-1.3511,-11.3909,-11.2033,-12.3242,-11.9833,8,b,NO,NO.
moved_real,data/videos_real/int_500ms/real_500_00136.avi,500,1,0,-2.4629,-11.8977,-11.8975,-12.8643,-12.3347,8,b,NO,NO.
moved_twin,data/twin_real/real_500_00136.avi,500,0,0,-2.5084,-11.8943,-11.8316,-12.7363,-12.3313,8,b,NO,NO.
order_twin,data/twin_real/real_500_00136.avi,500,-1,0,-2.4628,-11.9344,-11.2469,-12.807,-12.3712,8,b,NO,NO.
bind_twin,data/twin_real/real_500_00136.avi,500,0,0,-5.3364,-13.3983,-12.5859,-13.8971,-13.8352,8,b,NO,NO
order_real,data/videos_real/int_500ms/real_500_00136_flip.avi,500,1,0,-2.3373,-12.0073,-11.2573,-12.8796,-12.3817,8,b,NO,NO.
order_real,data/videos_real/int_500ms/real_500_00148.avi,500,1,0,-1.9313,-11.5446,-11.2319,-12.6667,-12.0438,8,a,NO,NO.
order_rev,data/videos_real/int_500ms/real_500_00148.avi,500,1,1,0.3598,-11.6591,-11.6589,-12.9053,-12.4081,8,a,YES,YES.
moved_real,data/videos_real/int_500ms/real_500_00148.avi,500,1,0,-2.6338,-11.885,-12.0721,-13.0702,-12.5717,8,a,NO,NO.
moved_twin,data/twin_real/real_500_00148.avi,500,0,0,-2.6692,-12.0427,-12.2298,-13.2279,-12.7293,8,a,NO,NO.
order_twin,data/twin_real/real_500_00148.avi,500,-1,0,-2.0566,-11.4673,-11.2796,-12.59,-12.0291,8,a,NO,NO.
bind_twin,data/twin_real/real_500_00148.avi,500,1,1,4.2713,-12.9947,-13.4945,-14.6806,-14.119,8,a,YES,YES.
order_real,data/videos_real/int_500ms/real_500_00148_flip.avi,500,0,0,-1.9768,-11.6013,-11.3511,-12.7546,-12.1005,8,a,NO,NO.
order_real,data/videos_real/int_500ms/real_500_00160.avi,500,1,0,-0.8752,-11.4533,-10.5159,-12.2626,-11.7027,8,a,NO,NO.
order_rev,data/videos_real/int_500ms/real_500_00160.avi,500,1,0,-0.5728,-11.4029,-10.9655,-12.3055,-11.8397,8,a,NO,NO.
moved_real,data/videos_real/int_500ms/real_500_00160.avi,500,1,1,0.0613,-11.8076,-11.4951,-12.6799,-11.9947,8,a,NO,YES.
moved_twin,data/twin_real/real_500_00160.avi,500,0,0,-3.4959,-12.7575,-12.5074,-13.5687,-13.0698,8,a,NO,NO.
order_twin,data/twin_real/real_500_00160.avi,500,-1,0,-2.4624,-11.7102,-11.0227,-12.5211,-12.0224,8,a,NO,NO.
bind_twin,data/twin_real/real_500_00160.avi,500,1,1,5.1444,-13.4277,-13.4901,-14.6763,-14.1771,8,a,YES,YES
order_real,data/videos_real/int_500ms/real_500_00160_flip.avi,500,0,0,-1.238,-11.5107,-10.5732,-12.3515,-11.8226,8,a,NO,NO.
order_real,data/videos_real/int_500ms/real_500_00172.avi,500,1,0,-1.3763,-11.4548,-11.0171,-12.6694,-12.2659,8,a,NO,NO.
order_rev,data/videos_real/int_500ms/real_500_00172.avi,500,1,0,-1.2536,-11.7887,-11.7885,-12.848,-12.5063,8,a,NO,NO.
moved_real,data/videos_real/int_500ms/real_500_00172.avi,500,1,0,-0.9434,-11.4957,-11.6203,-12.7108,-12.182,8,a,NO,NO.
moved_twin,data/twin_real/real_500_00172.avi,500,0,0,-1.6821,-11.2682,-11.7053,-12.5781,-12.2671,8,a,NO,NO.
order_twin,data/twin_real/real_500_00172.avi,500,-1,0,-1.8381,-11.5017,-11.2515,-12.6858,-12.3444,8,a,NO,NO.
bind_twin,data/twin_real/real_500_00172.avi,500,1,1,4.2694,-12.9443,-13.3192,-14.1301,-14.006,8,a,YES,YES.
order_real,data/videos_real/int_500ms/real_500_00172_flip.avi,500,0,0,-1.3763,-11.4549,-11.0172,-12.5759,-12.1724,8,a,NO,NO.
order_real,data/videos_real/int_500ms/real_500_00184.avi,500,1,0,-1.3522,-11.6229,-10.9355,-12.4014,-11.9971,8,a,NO,NO.
order_rev,data/videos_real/int_500ms/real_500_00184.avi,500,1,0,-0.8607,-11.3743,-11.1242,-12.3714,-11.9983,8,a,NO,NO.
moved_real,data/videos_real/int_500ms/real_500_00184.avi,500,1,0,-0.3217,-11.302,-11.3642,-12.4545,-11.7384,8,a,NO,NO.
moved_twin,data/twin_real/real_500_00184.avi,500,0,0,-1.8382,-11.5894,-11.8391,-12.7119,-12.2134,8,a,NO,NO.
order_twin,data/twin_real/real_500_00184.avi,500,-1,0,-2.1523,-11.6774,-11.3648,-12.5503,-12.2391,8,a,NO,NO.
bind_twin,data/twin_real/real_500_00184.avi,500,1,0,-2.1903,-12.0014,-11.5639,-12.5622,-12.313,8,a,NO,NO.
order_real,data/videos_real/int_500ms/real_500_00184_flip.avi,500,0,0,-1.5459,-11.5477,-10.9228,-12.4509,-12.0155,8,a,NO,NO.
order_real,data/videos_real/int_500ms/real_500_00196.avi,500,0,0,-1.2253,-11.4182,-10.4182,-12.228,-11.73,8,a,NO,NO.
order_rev,data/videos_real/int_500ms/real_500_00196.avi,500,0,0,-0.7764,-11.4468,-11.0718,-12.3813,-11.8837,8,a,NO,NO.
moved_real,data/videos_real/int_500ms/real_500_00196.avi,500,1,0,-0.5486,-11.7029,-11.3278,-12.575,-11.9523,8,a,NO,NO.
moved_twin,data/twin_real/real_500_00196.avi,500,0,0,-1.9282,-11.8584,-11.5458,-12.6997,-12.108,8,a,NO,NO.
order_twin,data/twin_real/real_500_00196.avi,500,-1,0,-1.7882,-11.4716,-10.7216,-12.2818,-11.7836,8,a,NO,NO.
bind_twin,data/twin_real/real_500_00196.avi,500,1,1,4.8952,-13.2457,-13.3705,-14.4317,-13.9325,8,a,YES,YES.
order_real,data/videos_real/int_500ms/real_500_00196_flip.avi,500,1,0,-1.0864,-11.4579,-10.458,-12.2988,-11.7698,8,a,NO,NO.
order_real,data/videos_real/int_500ms/real_500_00208.avi,500,1,0,-0.9017,-11.4718,-10.9717,-12.4054,-11.6585,8,b,NO,NO.
order_rev,data/videos_real/int_500ms/real_500_00208.avi,500,1,0,-1.2955,-11.5335,-11.221,-12.4673,-11.8451,8,b,NO,NO.
moved_real,data/videos_real/int_500ms/real_500_00208.avi,500,1,0,-1.1607,-11.5018,-11.3142,-12.6235,-11.6263,8,b,NO,NO.
moved_twin,data/twin_real/real_500_00208.avi,500,0,0,-1.6521,-11.5557,-11.4305,-12.6154,-11.6178,8,b,NO,NO.
order_twin,data/twin_real/real_500_00208.avi,500,-1,0,-1.2569,-11.4107,-10.9106,-12.2512,-11.535,8,b,NO,NO.
bind_twin,data/twin_real/real_500_00208.avi,500,0,0,-3.6066,-12.5458,-11.8585,-13.2941,-12.9202,8,b,NO,NO.
order_real,data/videos_real/int_500ms/real_500_00208_flip.avi,500,0,0,-1.0721,-11.4878,-10.9877,-12.4216,-11.7369,8,b,NO,NO.
order_real,data/videos_real/int_500ms/real_500_00220.avi,500,0,0,-1.9389,-11.9005,-11.2755,-12.929,-12.5247,8,b,NO,NO.
order_rev,data/videos_real/int_500ms/real_500_00220.avi,500,0,0,-1.814,-11.7922,-11.7295,-12.9766,-12.6036,8,b,NO,NO.
moved_real,data/videos_real/int_500ms/real_500_00220.avi,500,1,0,-0.2622,-11.3383,-11.2132,-12.7096,-11.9624,8,b,NO,NO.
moved_twin,data/twin_real/real_500_00220.avi,500,0,0,-1.3643,-11.4204,-11.4827,-12.7611,-12.107,8,b,NO,NO.
order_twin,data/twin_real/real_500_00220.avi,500,-1,0,-2.3465,-12.0657,-11.4407,-13.1572,-12.7526,8,b,NO,NO.
bind_twin,data/twin_real/real_500_00220.avi,500,0,0,-5.1134,-13.4702,-13.0328,-14.3443,-14.2822,8,b,NO,NO.
order_real,data/videos_real/int_500ms/real_500_00220_flip.avi,500,1,0,-2.1024,-11.8813,-11.1938,-12.9102,-12.568,8,b,NO,NO.
order_real,data/videos_real/int_500ms/real_500_00232.avi,500,1,0,-2.5726,-11.6401,-11.5148,-12.8876,-12.4517,8,a,NO,NO.
order_rev,data/videos_real/int_500ms/real_500_00232.avi,500,1,0,-2.213,-12.018,-11.7054,-13.0788,-12.6424,8,a,NO,NO.
moved_real,data/videos_real/int_500ms/real_500_00232.avi,500,1,0,-3.6531,-12.6533,-12.6532,-13.7769,-13.3404,8,a,NO,NO.
moved_twin,data/twin_real/real_500_00232.avi,500,0,0,-3.5633,-12.5307,-12.6555,-13.7166,-13.2177,8,a,NO,NO.
order_twin,data/twin_real/real_500_00232.avi,500,-1,0,-2.8766,-11.7196,-11.5944,-12.9678,-12.5314,8,a,NO,NO.
bind_twin,data/twin_real/real_500_00232.avi,500,1,1,0.6693,-11.7811,-11.4061,-12.4653,-12.03,8,a,YES,YES.
order_real,data/videos_real/int_500ms/real_500_00232_flip.avi,500,0,0,-2.3519,-11.4373,-11.3121,-12.685,-12.249,8,a,NO,NO.
order_real,data/videos_real/int_500ms/real_500_00244.avi,500,1,0,-0.5711,-11.2049,-10.455,-12.1079,-11.6417,8,b,NO,NO.
order_real,data/videos_real/int_500ms/real_500_00244_flip.avi,500,0,0,-0.6962,-11.1621,-10.3497,-12.0338,-11.5989,8,b,NO,NO.
order_real,data/videos_real/int_500ms/real_500_00256.avi,500,1,0,-1.587,-11.6031,-10.7283,-12.2564,-11.9149,8,b,NO,NO.
order_real,data/videos_real/int_500ms/real_500_00256_flip.avi,500,0,0,-1.4883,-11.3977,-10.6477,-12.2069,-11.8032,8,b,NO,NO.
order_real,data/videos_real/int_500ms/real_500_00268.avi,500,0,0,-0.6006,-11.1451,-10.2077,-11.9854,-11.6132,8,a,NO,NO.
order_real,data/videos_real/int_500ms/real_500_00268_flip.avi,500,1,0,-1.0001,-11.1693,-10.4818,-12.0723,-11.6999,8,a,NO,NO.
order_real,data/videos_real/int_500ms/real_500_00280.avi,500,0,0,-0.4022,-11.5173,-11.1422,-12.6387,-12.0475,8,a,NO,NO.
order_real,data/videos_real/int_500ms/real_500_00280_flip.avi,500,1,0,-0.3531,-11.5371,-11.2245,-12.7205,-12.0985,8,a,NO,NO.
order_real,data/videos_real/int_500ms/real_500_00292.avi,500,0,0,-1.0876,-11.5199,-10.9573,-12.5468,-12.0499,8,a,NO,NO.
order_real,data/videos_real/int_500ms/real_500_00292_flip.avi,500,1,0,-0.977,-11.587,-11.0244,-12.6143,-12.1171,8,a,NO,NO.
order_real,data/videos_real/int_500ms/real_500_00304.avi,500,1,0,-1.4471,-11.4048,-10.6548,-12.4017,-11.8728,8,a,NO,NO.
order_real,data/videos_real/int_500ms/real_500_00304_flip.avi,500,0,0,-1.1012,-11.3228,-10.5728,-12.2882,-11.7595,8,a,NO,NO.
order_real,data/videos_real/int_500ms/real_500_00316.avi,500,1,0,-0.463,-11.3065,-10.6816,-12.1468,-11.5559,8,a,NO,NO.
order_real,data/videos_real/int_500ms/real_500_00316_flip.avi,500,0,0,-0.6992,-11.2571,-10.8195,-12.1288,-11.569,8,a,NO,NO.
order_real,data/videos_real/int_500ms/real_500_00328.avi,500,0,0,-3.4623,-12.3202,-11.5078,-13.069,-12.57,8,b,NO,NO.
order_real,data/videos_real/int_500ms/real_500_00328_flip.avi,500,1,0,-3.3373,-12.1995,-11.3871,-12.9482,-12.4492,8,b,NO,NO.
order_real,data/videos_real/int_500ms/real_500_00340.avi,500,0,0,-0.5125,-11.238,-11.1128,-12.4843,-11.8931,8,a,NO,NO.
order_real,data/videos_real/int_500ms/real_500_00340_flip.avi,500,1,0,-0.7055,-11.2106,-11.0853,-12.4881,-11.9282,8,a,NO,NO.
order_real,data/videos_real/int_500ms/real_500_00352.avi,500,1,0,-2.6891,-12.2061,-11.5811,-13.2978,-12.8929,8,b,NO,NO.
order_real,data/videos_real/int_500ms/real_500_00352_flip.avi,500,0,0,-2.741,-12.2436,-11.6811,-13.3665,-12.9305,8,b,NO,NO.
order_real,data/videos_real/int_500ms/real_500_00364.avi,500,0,0,-2.2407,-11.9082,-11.0332,-12.7492,-12.4074,8,b,NO,NO.
order_real,data/videos_real/int_500ms/real_500_00364_flip.avi,500,1,0,-2.2052,-11.9742,-10.9743,-12.7217,-12.411,8,b,NO,NO.
order_real,data/videos_real/int_500ms/real_500_00376.avi,500,1,0,-1.2125,-11.552,-10.8645,-12.3299,-11.7388,8,a,NO,NO.
order_real,data/videos_real/int_500ms/real_500_00376_flip.avi,500,0,0,-1.4625,-11.4378,-10.8128,-12.2157,-11.6246,8,a,NO,NO.
order_real,data/videos_real/int_500ms/real_500_00388.avi,500,1,0,-0.829,-11.4594,-10.9593,-12.4871,-11.8959,8,a,NO,NO.
order_real,data/videos_real/int_500ms/real_500_00388_flip.avi,500,0,0,-0.704,-11.499,-10.9364,-12.4641,-11.8419,8,a,NO,NO.
order_real,data/videos_real/int_500ms/real_500_00400.avi,500,0,0,-1.6807,-11.6429,-10.7055,-12.3899,-11.8298,8,b,NO,NO.
order_real,data/videos_real/int_500ms/real_500_00400_flip.avi,500,1,0,-1.6514,-11.6809,-10.681,-12.3344,-11.8053,8,b,NO,NO.
order_real,data/videos_real/int_500ms/real_500_00412.avi,500,1,0,-1.1887,-11.7205,-11.2204,-12.6861,-12.1572,8,b,NO,NO.
order_real,data/videos_real/int_500ms/real_500_00412_flip.avi,500,0,0,-1.227,-11.5873,-11.0248,-12.5216,-12.024,8,b,NO,NO.
order_real,data/videos_real/int_500ms/real_500_00424.avi,500,1,0,-2.6287,-12.2311,-11.731,-13.5102,-13.1053,8,b,NO,NO.
order_real,data/videos_real/int_500ms/real_500_00424_flip.avi,500,0,0,-2.3525,-12.0438,-11.5437,-13.3227,-12.918,8,b,NO,NO.
order_real,data/videos_real/int_500ms/real_500_00436.avi,500,0,0,-2.3379,-12.0693,-11.4443,-12.9733,-12.5685,8,b,NO,NO.
order_real,data/videos_real/int_500ms/real_500_00436_flip.avi,500,1,0,-2.439,-12.0992,-11.4742,-13.0343,-12.5984,8,b,NO,NO.
order_real,data/videos_real/int_500ms/real_500_00448.avi,500,1,0,-1.7268,-11.6354,-11.1977,-12.7572,-12.2281,8,a,NO,NO.
order_real,data/videos_real/int_500ms/real_500_00448_flip.avi,500,0,0,-1.777,-11.7237,-11.0987,-12.8142,-12.254,8,a,NO,NO.
order_real,data/videos_real/int_500ms/real_500_00460.avi,500,1,0,-2.8526,-12.3836,-11.7586,-13.5372,-13.1328,8,b,NO,NO.
order_real,data/videos_real/int_500ms/real_500_00460_flip.avi,500,0,0,-2.9391,-12.2542,-11.7541,-13.5329,-13.0659,8,b,NO,NO.
order_real,data/videos_real/int_500ms/real_500_00472.avi,500,1,0,-0.2573,-11.4198,-10.7948,-12.5099,-11.8565,8,a,NO,NO.
order_real,data/videos_real/int_500ms/real_500_00472_flip.avi,500,0,0,-0.0395,-11.4279,-10.8653,-12.5488,-11.9269,8,a,NO,NO.
order_real,data/videos_real/int_500ms/real_500_00484.avi,500,1,0,-1.902,-11.9559,-11.2059,-12.9215,-12.4549,8,b,NO,NO.
order_real,data/videos_real/int_500ms/real_500_00484_flip.avi,500,0,0,-1.8063,-11.9357,-11.1857,-12.87,-12.4347,8,b,NO,NO.
order_real,data/videos_real/int_500ms/real_500_00496.avi,500,0,0,-3.1889,-12.3054,-11.6179,-13.2411,-12.8049,8,b,NO,NO.
order_real,data/videos_real/int_500ms/real_500_00496_flip.avi,500,1,0,-3.0879,-12.2087,-11.4588,-13.1444,-12.7707,8,b,NO,NO.
order_real,data/videos_real/int_500ms/real_500_00508.avi,500,0,0,-2.3655,-11.6479,-10.8355,-12.6764,-12.241,8,b,NO,NO.
order_real,data/videos_real/int_500ms/real_500_00508_flip.avi,500,1,0,-2.1372,-11.6291,-10.8166,-12.6886,-12.2533,8,b,NO,NO.
order_real,data/videos_real/int_500ms/real_500_00520.avi,500,1,0,-0.9903,-11.3129,-10.3754,-12.2163,-11.8434,8,a,NO,NO.
order_real,data/videos_real/int_500ms/real_500_00520_flip.avi,500,0,0,-1.0028,-11.2904,-10.3529,-12.2249,-11.8209,8,a,NO,NO.
order_real,data/videos_real/int_500ms/real_500_00532.avi,500,0,0,-1.5876,-11.7268,-11.0394,-12.7233,-12.1011,8,b,NO,NO.
order_real,data/videos_real/int_500ms/real_500_00532_flip.avi,500,1,0,-1.626,-11.7829,-11.0954,-12.7793,-12.1572,8,b,NO,NO.
order_real,data/videos_real/int_500ms/real_500_00544.avi,500,1,0,-1.501,-11.9296,-11.4295,-12.9571,-12.3661,8,b,NO,NO.
order_real,data/videos_real/int_500ms/real_500_00544_flip.avi,500,0,0,-1.876,-11.9332,-11.4331,-12.9923,-12.4011,8,b,NO,NO.
order_real,data/videos_real/int_500ms/real_500_00556.avi,500,1,0,-1.5723,-11.8185,-11.1934,-12.6582,-12.1299,8,a,NO,NO.
order_real,data/videos_real/int_500ms/real_500_00556_flip.avi,500,0,0,-1.5725,-11.8184,-11.1934,-12.7207,-12.1923,8,a,NO,NO.
order_real,data/videos_real/int_500ms/real_500_00568.avi,500,0,0,-1.5553,-11.3524,-10.6649,-12.224,-11.7267,8,b,NO,NO.
order_real,data/videos_real/int_500ms/real_500_00568_flip.avi,500,1,0,-1.3507,-11.3912,-10.6413,-12.2005,-11.703,8,b,NO,NO.
order_real,data/videos_real/int_500ms/real_500_00580.avi,500,0,0,-1.5217,-11.3004,-10.8627,-12.3284,-11.8618,8,a,NO,NO.
order_real,data/videos_real/int_500ms/real_500_00580_flip.avi,500,1,0,-1.9352,-11.4007,-11.0255,-12.3979,-11.931,8,a,NO,NO.
order_real,data/videos_real/int_500ms/real_500_00592.avi,500,0,0,-1.4176,-11.3853,-10.323,-11.9454,-11.4476,8,a,NO,NO.
order_real,data/videos_real/int_500ms/real_500_00592_flip.avi,500,1,0,-1.0844,-11.397,-10.1473,-11.9881,-11.4592,8,a,NO,NO.
order_real,data/videos_real/int_1000ms/real_1000_00005.avi,1000,1,0,-1.251,-11.4812,-10.7312,-12.3834,-11.9176,8,b,NO,NO.
order_rev,data/videos_real/int_1000ms/real_1000_00005.avi,1000,1,0,-2.1144,-11.6187,-11.556,-12.6157,-12.2738,8,b,NO,NO.
moved_real,data/videos_real/int_1000ms/real_1000_00005.avi,1000,1,1,0.3253,-11.5618,-11.5615,-12.6204,-12.0294,8,b,YES,YES.
moved_twin,data/twin_real/real_1000_00005.avi,1000,0,0,-1.0121,-11.5778,-11.5151,-12.4492,-11.9829,8,b,NO,NO.
order_twin,data/twin_real/real_1000_00005.avi,1000,-1,0,-1.4895,-11.4589,-11.0212,-12.3619,-11.9891,8,b,NO,NO.
bind_twin,data/twin_real/real_1000_00005.avi,1000,0,0,-5.2497,-13.763,-13.013,-14.3243,-14.3872,8,b,NO,NO.
order_real,data/videos_real/int_1000ms/real_1000_00005_flip.avi,1000,0,0,-1.1373,-11.6705,-10.9829,-12.6036,-12.1068,8,b,NO,NO.
order_real,data/videos_real/int_1000ms/real_1000_00017.avi,1000,1,0,-1.0221,-11.4297,-10.3674,-12.2075,-11.7415,8,b,NO,NO.
order_rev,data/videos_real/int_1000ms/real_1000_00017.avi,1000,1,0,-0.5722,-11.328,-11.1405,-12.2933,-11.8272,8,b,NO,NO.
moved_real,data/videos_real/int_1000ms/real_1000_00017.avi,1000,1,0,-0.5621,-11.5191,-11.4565,-12.516,-11.8934,8,b,NO,NO.
moved_twin,data/twin_real/real_1000_00017.avi,1000,0,0,-1.1611,-11.5014,-11.5012,-12.5296,-11.8756,8,b,NO,NO.
order_twin,data/twin_real/real_1000_00017.avi,1000,-1,0,-1.4339,-11.4409,-10.3786,-12.1572,-11.6904,8,b,NO,NO.
bind_twin,data/twin_real/real_1000_00017.avi,1000,0,0,-4.7316,-13.3395,-12.6521,-13.9634,-13.8391,8,b,NO,NO.
order_real,data/videos_real/int_1000ms/real_1000_00017_flip.avi,1000,0,0,-1.139,-11.4881,-10.3633,-12.1722,-11.7374,8,b,NO,NO.
order_real,data/videos_real/int_1000ms/real_1000_00029.avi,1000,1,0,-1.2821,-11.7208,-10.7209,-12.6236,-12.1575,8,b,NO,NO.
order_rev,data/videos_real/int_1000ms/real_1000_00029.avi,1000,1,0,-1.666,-11.5065,-11.1316,-12.5343,-12.193,8,b,NO,NO.
moved_real,data/videos_real/int_1000ms/real_1000_00029.avi,1000,1,1,0.6136,-11.4392,-11.3766,-12.3427,-11.7511,8,b,YES,YES.
moved_twin,data/twin_real/real_1000_00029.avi,1000,0,0,-0.1981,-11.5542,-11.554,-12.6446,-12.022,8,b,NO,NO.
order_twin,data/twin_real/real_1000_00029.avi,1000,-1,0,-1.6576,-11.8373,-11.0873,-12.803,-12.3677,8,b,NO,NO.
bind_twin,data/twin_real/real_1000_00029.avi,1000,0,0,-1.189,-12.1805,-11.5555,-13.0215,-12.6794,8,b,NO,NO.
order_real,data/videos_real/int_1000ms/real_1000_00029_flip.avi,1000,0,0,-1.1661,-11.792,-10.7296,-12.6947,-12.2287,8,b,NO,NO.
order_real,data/videos_real/int_1000ms/real_1000_00041.avi,1000,0,0,-1.3966,-11.4475,-10.8849,-12.7255,-12.1341,8,a,NO,NO.
order_rev,data/videos_real/int_1000ms/real_1000_00041.avi,1000,0,0,-1.4143,-11.5961,-11.5334,-12.6554,-12.0952,8,a,NO,NO.
moved_real,data/videos_real/int_1000ms/real_1000_00041.avi,1000,1,0,-1.2685,-11.6565,-11.5938,-12.9348,-12.2806,8,a,NO,NO.
moved_twin,data/twin_real/real_1000_00041.avi,1000,0,0,-3.1532,-12.2323,-12.2946,-13.5431,-12.9193,8,a,NO,NO.
order_twin,data/twin_real/real_1000_00041.avi,1000,-1,0,-2.8619,-11.808,-11.4954,-12.9938,-12.495,8,a,NO,NO.
bind_twin,data/twin_real/real_1000_00041.avi,1000,1,1,3.3148,-12.4622,-12.6495,-13.8353,-13.4613,8,a,YES,YES.
order_real,data/videos_real/int_1000ms/real_1000_00041_flip.avi,1000,1,0,-1.965,-11.6694,-11.1067,-12.9477,-12.3561,8,a,NO,NO.
order_real,data/videos_real/int_1000ms/real_1000_00053.avi,1000,1,0,-1.4903,-11.699,-11.0114,-12.6015,-12.2292,8,a,NO,NO.
order_rev,data/videos_real/int_1000ms/real_1000_00053.avi,1000,1,0,-1.9711,-11.7308,-11.3558,-12.5719,-12.23,8,a,NO,NO.
moved_real,data/videos_real/int_1000ms/real_1000_00053.avi,1000,1,1,0.5601,-11.9071,-11.9068,-12.8414,-12.1563,8,a,YES,YES.
moved_twin,data/twin_real/real_1000_00053.avi,1000,0,0,-1.1426,-11.6243,-11.5615,-12.3404,-11.8736,8,a,NO,NO.
order_twin,data/twin_real/real_1000_00053.avi,1000,-1,0,-1.4888,-11.3351,-10.8351,-12.1447,-11.8343,8,a,NO,NO.
bind_twin,data/twin_real/real_1000_00053.avi,1000,1,1,4.6441,-12.9815,-13.2939,-14.2305,-14.0434,8,a,YES,YES.
order_real,data/videos_real/int_1000ms/real_1000_00053_flip.avi,1000,0,0,-1.2616,-11.6423,-10.8299,-12.4825,-12.1102,8,a,NO,NO.
order_real,data/videos_real/int_1000ms/real_1000_00065.avi,1000,0,0,-2.4536,-11.3593,-10.9217,-12.5445,-11.9836,8,b,NO,NO.
order_rev,data/videos_real/int_1000ms/real_1000_00065.avi,1000,0,0,-2.5215,-11.6782,-11.6156,-12.8007,-12.3026,8,b,NO,NO.
moved_real,data/videos_real/int_1000ms/real_1000_00065.avi,1000,1,0,-0.9762,-11.2532,-11.253,-12.4992,-11.8147,8,b,NO,NO.
moved_twin,data/twin_real/real_1000_00065.avi,1000,0,0,-2.0219,-11.3526,-11.4149,-12.537,-11.9455,8,b,NO,NO.
order_twin,data/twin_real/real_1000_00065.avi,1000,-1,0,-3.2956,-11.5927,-11.3426,-12.8409,-12.2797,8,b,NO,NO.
bind_twin,data/twin_real/real_1000_00065.avi,1000,0,0,-5.4003,-13.2902,-12.9152,-14.164,-13.9772,8,b,NO,NO.
order_real,data/videos_real/int_1000ms/real_1000_00065_flip.avi,1000,1,0,-2.6015,-11.4413,-10.8787,-12.6263,-12.0032,8,b,NO,NO.
order_real,data/videos_real/int_1000ms/real_1000_00077.avi,1000,0,0,-0.2406,-11.389,-10.8266,-12.603,-11.8878,8,a,NO,NO.
order_rev,data/videos_real/int_1000ms/real_1000_00077.avi,1000,0,0,-0.8222,-11.5566,-11.3066,-12.553,-12.1493,8,a,NO,NO.
moved_real,data/videos_real/int_1000ms/real_1000_00077.avi,1000,1,1,1.3144,-11.8832,-11.883,-13.1613,-12.2575,8,a,YES,YES.
moved_twin,data/twin_real/real_1000_00077.avi,1000,0,0,-0.498,-11.2034,-11.328,-12.3869,-11.7334,8,a,NO,NO.
order_twin,data/twin_real/real_1000_00077.avi,1000,-1,0,-0.2771,-11.1337,-10.946,-12.3792,-11.7572,8,a,NO,NO.
bind_twin,data/twin_real/real_1000_00077.avi,1000,1,1,3.3871,-12.4427,-12.63,-13.8155,-13.3793,8,a,YES,YES.
order_real,data/videos_real/int_1000ms/real_1000_00077_flip.avi,1000,1,0,0.0093,-11.3817,-10.8817,-12.5956,-11.8805,8,a,NO,NO.
order_real,data/videos_real/int_1000ms/real_1000_00089.avi,1000,0,0,-1.9114,-11.6168,-10.9918,-12.8013,-12.2723,8,b,NO,NO.
order_rev,data/videos_real/int_1000ms/real_1000_00089.avi,1000,0,0,-1.8379,-11.8131,-11.6255,-12.8416,-12.4683,8,b,NO,NO.
moved_real,data/videos_real/int_1000ms/real_1000_00089.avi,1000,1,1,0.2273,-11.5586,-11.621,-12.8366,-12.2453,8,b,YES,YES.
moved_twin,data/twin_real/real_1000_00089.avi,1000,0,0,-1.6817,-11.6428,-11.7676,-12.8584,-12.2982,8,b,NO,NO.
order_twin,data/twin_real/real_1000_00089.avi,1000,-1,0,-2.7627,-11.8901,-11.515,-13.0755,-12.5769,8,b,NO,NO.
bind_twin,data/twin_real/real_1000_00089.avi,1000,0,0,-7.261,-14.6011,-14.2261,-15.2878,-15.2882,8,b,NO,NO
order_real,data/videos_real/int_1000ms/real_1000_00089_flip.avi,1000,1,0,-2.1374,-11.6288,-11.1288,-12.7823,-12.3156,8,b,NO,NO.
order_real,data/videos_real/int_1000ms/real_1000_00101.avi,1000,0,0,-1.4554,-11.4558,-10.6432,-12.5463,-11.955,8,a,NO,NO.
order_rev,data/videos_real/int_1000ms/real_1000_00101.avi,1000,0,0,-0.6024,-11.5161,-11.4536,-12.5446,-12.2027,8,a,NO,NO.
moved_real,data/videos_real/int_1000ms/real_1000_00101.avi,1000,1,0,-0.7267,-11.118,-11.3051,-12.583,-11.7731,8,a,NO,NO.
moved_twin,data/twin_real/real_1000_00101.avi,1000,0,0,-2.2383,-11.429,-11.8036,-12.8327,-12.1157,8,a,NO,NO.
order_twin,data/twin_real/real_1000_00101.avi,1000,-1,0,-1.561,-11.5415,-10.7291,-12.6323,-12.0408,8,a,NO,NO.
bind_twin,data/twin_real/real_1000_00101.avi,1000,1,1,3.6389,-12.931,-13.3059,-14.4295,-13.9304,8,a,YES,YES.
order_real,data/videos_real/int_1000ms/real_1000_00101_flip.avi,1000,1,0,-1.3521,-11.4978,-10.6853,-12.5882,-11.997,8,a,NO,NO.
order_real,data/videos_real/int_1000ms/real_1000_00113.avi,1000,1,0,-0.7394,-11.3341,-10.834,-12.7046,-12.1141,8,a,NO,NO.
order_rev,data/videos_real/int_1000ms/real_1000_00113.avi,1000,1,0,-1.189,-11.5949,-11.5322,-12.779,-12.375,8,a,NO,NO.
moved_real,data/videos_real/int_1000ms/real_1000_00113.avi,1000,1,0,-0.4028,-11.1432,-11.5178,-12.7955,-12.1731,8,a,NO,NO.
moved_twin,data/twin_real/real_1000_00113.avi,1000,0,0,-2.2689,-11.4452,-12.0073,-13.0988,-12.7565,8,a,NO,NO.
order_twin,data/twin_real/real_1000_00113.avi,1000,-1,0,-1.8826,-11.1773,-11.1769,-12.7051,-12.2073,8,a,NO,NO.
bind_twin,data/twin_real/real_1000_00113.avi,1000,1,1,3.0267,-12.3606,-12.4855,-13.546,-13.3597,8,a,YES,YES.
order_real,data/videos_real/int_1000ms/real_1000_00113_flip.avi,1000,0,0,-1.1813,-11.303,-10.9278,-12.7672,-12.2079,8,a,NO,NO.
order_real,data/videos_real/int_1000ms/real_1000_00125.avi,1000,0,0,-3.1711,-12.1433,-11.4558,-13.1412,-12.5803,8,b,NO,NO.
order_rev,data/videos_real/int_1000ms/real_1000_00125.avi,1000,0,0,-2.0876,-11.6574,-11.4073,-12.8729,-12.3439,8,b,NO,NO.
moved_real,data/videos_real/int_1000ms/real_1000_00125.avi,1000,1,0,-0.1612,-11.9683,-11.9056,-13.0903,-12.405,8,b,NO,NO.
moved_twin,data/twin_real/real_1000_00125.avi,1000,0,0,-2.0746,-12.0934,-12.2182,-13.3097,-12.7177,8,b,NO,NO.
order_twin,data/twin_real/real_1000_00125.avi,1000,-1,0,-3.9214,-12.3086,-11.871,-13.4946,-12.9956,8,b,NO,NO.
bind_twin,data/twin_real/real_1000_00125.avi,1000,0,0,-6.7389,-13.9311,-13.681,-14.9925,-15.0554,8,b,NO,NO
order_real,data/videos_real/int_1000ms/real_1000_00125_flip.avi,1000,1,0,-3.1889,-12.181,-11.556,-13.21,-12.618,8,b,NO,NO.
order_real,data/videos_real/int_1000ms/real_1000_00137.avi,1000,0,0,-0.477,-11.3763,-10.6887,-12.4657,-11.844,8,a,NO,NO.
order_rev,data/videos_real/int_1000ms/real_1000_00137.avi,1000,0,0,-0.3377,-11.5166,-11.1415,-12.5133,-12.0783,8,a,NO,NO.
moved_real,data/videos_real/int_1000ms/real_1000_00137.avi,1000,1,0,-0.2855,-11.3535,-11.2906,-12.505,-11.7898,8,a,NO,NO.
moved_twin,data/twin_real/real_1000_00137.avi,1000,0,0,-1.1685,-11.1245,-11.374,-12.4331,-11.7796,8,a,NO,NO.
order_twin,data/twin_real/real_1000_00137.avi,1000,-1,0,-1.1023,-11.3048,-10.8671,-12.6138,-12.0225,8,a,NO,NO.
bind_twin,data/twin_real/real_1000_00137.avi,1000,1,1,4.2571,-12.9157,-13.353,-14.6015,-14.1023,8,a,YES,YES.
order_real,data/videos_real/int_1000ms/real_1000_00137_flip.avi,1000,1,0,-0.3522,-11.4879,-10.8004,-12.6397,-12.0492,8,a,NO,NO.
order_real,data/videos_real/int_1000ms/real_1000_00149.avi,1000,0,0,-2.7273,-11.9543,-11.2044,-12.9836,-12.4539,8,b,NO,NO.
order_rev,data/videos_real/int_1000ms/real_1000_00149.avi,1000,0,0,-1.9075,-11.552,-11.6143,-12.6742,-12.1761,8,b,NO,NO.
moved_real,data/videos_real/int_1000ms/real_1000_00149.avi,1000,1,0,-0.3971,-11.5725,-11.5099,-12.5075,-11.8844,8,b,NO,NO.
moved_twin,data/twin_real/real_1000_00149.avi,1000,0,0,-1.897,-11.6976,-11.6976,-12.6022,-12.0098,8,b,NO,NO.
order_twin,data/twin_real/real_1000_00149.avi,1000,-1,0,-3.3783,-12.008,-11.2581,-12.8819,-12.3828,8,b,NO,NO.
bind_twin,data/twin_real/real_1000_00149.avi,1000,0,0,-8.6273,-15.4239,-14.8614,-16.1731,-16.4233,8,b,NO,NO
order_real,data/videos_real/int_1000ms/real_1000_00149_flip.avi,1000,1,0,-2.7271,-11.9545,-11.2045,-12.9212,-12.3915,8,b,NO,NO.
order_real,data/videos_real/int_1000ms/real_1000_00161.avi,1000,0,0,-0.1239,-11.5145,-10.7023,-12.1988,-11.7326,8,a,NO,NO.
order_rev,data/videos_real/int_1000ms/real_1000_00161.avi,1000,0,0,-0.8605,-11.7477,-11.1853,-12.6203,-12.1846,8,a,NO,NO.
moved_real,data/videos_real/int_1000ms/real_1000_00161.avi,1000,1,0,-0.3721,-11.3151,-11.4398,-12.561,-11.9077,8,a,NO,NO.
moved_twin,data/twin_real/real_1000_00161.avi,1000,0,0,-0.9191,-11.3938,-11.5809,-12.515,-11.9552,8,a,NO,NO.
order_twin,data/twin_real/real_1000_00161.avi,1000,-1,0,-0.4553,-11.4253,-10.6755,-12.2034,-11.7371,8,a,NO,NO.
bind_twin,data/twin_real/real_1000_00161.avi,1000,1,1,0.3169,-11.2802,-10.8428,-11.7779,-11.5292,8,a,YES,YES.
order_real,data/videos_real/int_1000ms/real_1000_00161_flip.avi,1000,1,0,0.1103,-11.5215,-10.7717,-12.2995,-11.7709,8,a,NO,NO.
order_real,data/videos_real/int_1000ms/real_1000_00173.avi,1000,1,0,-2.0219,-11.6009,-11.1008,-12.6295,-12.1002,8,a,NO,NO.
order_rev,data/videos_real/int_1000ms/real_1000_00173.avi,1000,1,0,0.1215,-11.6059,-11.4184,-12.6653,-12.1052,8,a,NO,NO.
moved_real,data/videos_real/int_1000ms/real_1000_00173.avi,1000,1,0,-2.5278,-12.0806,-12.0179,-13.2033,-12.6424,8,a,NO,NO.
moved_twin,data/twin_real/real_1000_00173.avi,1000,0,0,-2.7515,-12.1017,-12.2264,-13.256,-12.7259,8,a,NO,NO.
order_twin,data/twin_real/real_1000_00173.avi,1000,-1,0,-2.352,-11.5628,-11.2501,-12.5918,-12.1245,8,a,NO,NO.
bind_twin,data/twin_real/real_1000_00173.avi,1000,1,1,4.2645,-13.2354,-13.5478,-14.7337,-14.1098,8,a,YES,YES.
order_real,data/videos_real/int_1000ms/real_1000_00173_flip.avi,1000,0,0,-2.0394,-11.5015,-11.0014,-12.53,-12.0007,8,a,NO,NO.
order_real,data/videos_real/int_1000ms/real_1000_00185.avi,1000,0,0,-0.961,-11.3671,-10.4922,-12.2074,-11.7102,8,b,NO,NO.
order_rev,data/videos_real/int_1000ms/real_1000_00185.avi,1000,0,0,-1.0207,-11.2849,-11.0349,-12.2191,-11.8465,8,b,NO,NO.
moved_real,data/videos_real/int_1000ms/real_1000_00185.avi,1000,1,0,-0.1523,-11.6253,-11.7499,-12.9647,-12.2804,8,b,NO,NO.
moved_twin,data/twin_real/real_1000_00185.avi,1000,0,0,-3.2143,-12.1666,-12.6038,-13.602,-13.1035,8,b,NO,NO.
order_twin,data/twin_real/real_1000_00185.avi,1000,-1,0,-2.3872,-11.6672,-11.0422,-12.7274,-12.2292,8,b,NO,NO.
bind_twin,data/twin_real/real_1000_00185.avi,1000,0,0,-8.6454,-15.0022,-15.0021,-15.9388,-16.0642,8,b,NO,NO.
order_real,data/videos_real/int_1000ms/real_1000_00185_flip.avi,1000,1,0,-0.851,-11.4991,-10.6243,-12.3394,-11.8735,8,b,NO,NO.
order_real,data/videos_real/int_1000ms/real_1000_00197.avi,1000,0,0,-0.8057,-11.3433,-10.5933,-12.2142,-11.6237,8,a,NO,NO.
order_rev,data/videos_real/int_1000ms/real_1000_00197.avi,1000,0,0,-0.2406,-11.5752,-11.2001,-12.5094,-12.0119,8,a,NO,NO.
moved_real,data/videos_real/int_1000ms/real_1000_00197.avi,1000,1,0,-0.8729,-11.3896,-11.2019,-12.3547,-11.6388,8,a,NO,NO.
moved_twin,data/twin_real/real_1000_00197.avi,1000,0,0,-1.8383,-11.6516,-11.6514,-12.6803,-12.026,8,a,NO,NO.
order_twin,data/twin_real/real_1000_00197.avi,1000,-1,0,-1.527,-11.5148,-10.8898,-12.4182,-11.9203,8,a,NO,NO.
bind_twin,data/twin_real/real_1000_00197.avi,1000,1,1,0.3107,-11.5701,-11.1326,-12.4102,-11.975,8,a,YES,YES.
order_real,data/videos_real/int_1000ms/real_1000_00197_flip.avi,1000,1,0,-0.8057,-11.3433,-10.5932,-12.2454,-11.6237,8,a,NO,NO.
order_real,data/videos_real/int_1000ms/real_1000_00209.avi,1000,1,0,-0.4629,-11.1815,-10.8063,-12.2712,-11.4933,8,a,NO,NO.
order_rev,data/videos_real/int_1000ms/real_1000_00209.avi,1000,1,0,-0.2508,-11.3046,-11.0545,-12.395,-11.8038,8,a,NO,NO.
moved_real,data/videos_real/int_1000ms/real_1000_00209.avi,1000,1,0,-0.643,-11.3951,-11.3323,-12.5788,-11.6446,8,a,NO,NO.
moved_twin,data/twin_real/real_1000_00209.avi,1000,0,0,-1.2773,-11.4391,-11.5013,-12.5924,-11.6262,8,a,NO,NO.
order_twin,data/twin_real/real_1000_00209.avi,1000,-1,0,-0.9019,-11.1598,-10.8471,-12.2813,-11.534,8,a,NO,NO.
bind_twin,data/twin_real/real_1000_00209.avi,1000,1,1,1.1898,-11.5994,-11.5368,-12.6283,-11.8489,8,a,YES,YES.
order_real,data/videos_real/int_1000ms/real_1000_00209_flip.avi,1000,0,0,-0.5557,-11.2391,-10.9264,-12.36,-11.6133,8,a,NO,NO.
order_real,data/videos_real/int_1000ms/real_1000_00221.avi,1000,1,0,-2.2961,-11.6368,-11.2617,-12.6967,-12.261,8,a,NO,NO.
order_rev,data/videos_real/int_1000ms/real_1000_00221.avi,1000,1,1,0.3596,-11.784,-11.7215,-12.8437,-12.4081,8,a,YES,YES.
moved_real,data/videos_real/int_1000ms/real_1000_00221.avi,1000,1,0,-2.1527,-11.802,-11.7393,-13.0179,-12.4574,8,a,NO,NO.
moved_twin,data/twin_real/real_1000_00221.avi,1000,0,0,-2.009,-11.6298,-11.7545,-12.7835,-12.1914,8,a,NO,NO.
order_twin,data/twin_real/real_1000_00221.avi,1000,-1,0,-2.7898,-11.2514,-11.2511,-12.4682,-12.1256,8,a,NO,NO.
bind_twin,data/twin_real/real_1000_00221.avi,1000,1,1,2.4049,-12.72,-12.7823,-13.7798,-13.2815,8,a,YES,YES.
order_real,data/videos_real/int_1000ms/real_1000_00221_flip.avi,1000,0,0,-2.1712,-11.5242,-11.274,-12.7088,-12.2731,8,a,NO,NO.
order_real,data/videos_real/int_1000ms/real_1000_00233.avi,1000,1,0,-2.6323,-11.7907,-11.1031,-12.8192,-12.2899,8,b,NO,NO.
order_rev,data/videos_real/int_1000ms/real_1000_00233.avi,1000,1,0,-0.7122,-11.0678,-10.8802,-12.0636,-11.5666,8,b,NO,NO.
moved_real,data/videos_real/int_1000ms/real_1000_00233.avi,1000,1,0,-0.9626,-11.3912,-11.4534,-12.5751,-11.9525,8,b,NO,NO.
moved_twin,data/twin_real/real_1000_00233.avi,1000,0,0,-1.7348,-11.4073,-11.7819,-12.7482,-12.1249,8,b,NO,NO.
order_twin,data/twin_real/real_1000_00233.avi,1000,-1,0,-3.0222,-11.7732,-11.3356,-12.7714,-12.335,8,b,NO,NO.
bind_twin,data/twin_real/real_1000_00233.avi,1000,0,0,-5.6307,-13.5415,-13.6039,-14.5408,-14.4785,8,b,NO,NO.
order_real,data/videos_real/int_1000ms/real_1000_00233_flip.avi,1000,0,0,-2.5396,-11.7044,-11.2043,-12.7643,-12.266,8,b,NO,NO.
order_real,data/videos_real/int_1000ms/real_1000_00245.avi,1000,0,0,-0.7127,-11.566,-10.8786,-12.5299,-11.9398,8,a,NO,NO.
order_real,data/videos_real/int_1000ms/real_1000_00245_flip.avi,1000,1,0,-0.7959,-11.5394,-10.8519,-12.5344,-11.9444,8,a,NO,NO.
order_real,data/videos_real/int_1000ms/real_1000_00257.avi,1000,0,0,-1.3224,-11.7411,-11.0536,-12.7685,-12.1464,8,b,NO,NO.
order_real,data/videos_real/int_1000ms/real_1000_00257_flip.avi,1000,1,0,-1.421,-11.8194,-11.132,-12.847,-12.2249,8,b,NO,NO.
order_real,data/videos_real/int_1000ms/real_1000_00269.avi,1000,0,1,0.1345,-11.5709,-11.0084,-12.5668,-11.9762,8,a,NO,YES.
order_real,data/videos_real/int_1000ms/real_1000_00269_flip.avi,1000,1,1,0.2468,-11.488,-10.988,-12.4837,-11.8932,8,a,YES,YES.
order_real,data/videos_real/int_1000ms/real_1000_00281.avi,1000,1,1,0.1131,-11.2707,-10.3959,-12.0479,-11.3949,8,a,NO,YES.
order_real,data/videos_real/int_1000ms/real_1000_00281_flip.avi,1000,0,0,0.1025,-11.4303,-10.5556,-12.2075,-11.5546,8,a,NO,NO.
order_real,data/videos_real/int_1000ms/real_1000_00293.avi,1000,1,0,-1.6264,-11.1598,-11.0345,-12.5006,-12.0338,8,a,NO,NO.
order_real,data/videos_real/int_1000ms/real_1000_00293_flip.avi,1000,0,0,-1.6145,-11.126,-11.0632,-12.5604,-12.0624,8,a,NO,NO.
order_real,data/videos_real/int_1000ms/real_1000_00305.avi,1000,0,0,-1.0876,-11.5196,-10.957,-12.4845,-11.9875,8,b,NO,NO.
order_real,data/videos_real/int_1000ms/real_1000_00305_flip.avi,1000,1,0,-0.7271,-11.5371,-10.8497,-12.4395,-11.9426,8,b,NO,NO.
order_real,data/videos_real/int_1000ms/real_1000_00317.avi,1000,0,0,-1.1369,-11.6086,-10.9211,-12.5108,-12.0451,8,b,NO,NO.
order_real,data/videos_real/int_1000ms/real_1000_00317_flip.avi,1000,1,0,-1.1474,-11.6469,-10.8345,-12.4867,-12.0522,8,b,NO,NO.
order_real,data/videos_real/int_1000ms/real_1000_00329.avi,1000,0,0,-1.1012,-11.5556,-10.7431,-12.4271,-11.9298,8,b,NO,NO.
order_real,data/videos_real/int_1000ms/real_1000_00329_flip.avi,1000,1,0,-0.8753,-11.4537,-10.7037,-12.3878,-11.828,8,b,NO,NO.
order_real,data/videos_real/int_1000ms/real_1000_00341.avi,1000,0,0,-1.1928,-11.2808,-11.0305,-12.3709,-11.5925,8,a,NO,NO.
order_real,data/videos_real/int_1000ms/real_1000_00341_flip.avi,1000,1,0,-1.0678,-11.3113,-11.0611,-12.4012,-11.623,8,a,NO,NO.
order_real,data/videos_real/int_1000ms/real_1000_00353.avi,1000,0,0,-1.5444,-11.7106,-11.0231,-12.5828,-12.1473,8,b,NO,NO.
order_real,data/videos_real/int_1000ms/real_1000_00353_flip.avi,1000,1,0,-1.5445,-11.7105,-11.0855,-12.5827,-12.1472,8,b,NO,NO.
order_real,data/videos_real/int_1000ms/real_1000_00365.avi,1000,0,0,-1.001,-11.3553,-10.7303,-12.3826,-11.8543,8,a,NO,NO.
order_real,data/videos_real/int_1000ms/real_1000_00365_flip.avi,1000,1,0,-1.0455,-11.3434,-10.7183,-12.4327,-11.8735,8,a,NO,NO.
order_real,data/videos_real/int_1000ms/real_1000_00377.avi,1000,0,0,-1.2045,-11.5466,-11.0464,-12.6059,-12.0455,8,a,NO,NO.
order_real,data/videos_real/int_1000ms/real_1000_00377_flip.avi,1000,1,0,-1.3296,-11.4567,-11.019,-12.5787,-11.9558,8,a,NO,NO.
order_real,data/videos_real/int_1000ms/real_1000_00389.avi,1000,1,0,-0.5001,-11.0805,-10.5181,-11.9214,-11.4238,8,a,NO,NO.
order_real,data/videos_real/int_1000ms/real_1000_00389_flip.avi,1000,0,0,-0.4613,-11.0952,-10.5327,-11.9361,-11.4385,8,a,NO,NO.
order_real,data/videos_real/int_1000ms/real_1000_00401.avi,1000,1,0,-1.5394,-11.698,-11.1354,-12.8198,-12.2596,8,a,NO,NO.
order_real,data/videos_real/int_1000ms/real_1000_00401_flip.avi,1000,0,0,-1.7716,-11.6336,-11.071,-12.7868,-12.2577,8,a,NO,NO.
order_real,data/videos_real/int_1000ms/real_1000_00413.avi,1000,1,0,-1.4142,-11.472,-10.9094,-12.4372,-12.0021,8,a,NO,NO.
order_real,data/videos_real/int_1000ms/real_1000_00413_flip.avi,1000,0,0,-1.1811,-11.4903,-10.8653,-12.455,-12.0203,8,a,NO,NO.
order_real,data/videos_real/int_1000ms/real_1000_00425.avi,1000,1,0,-0.056,-11.1397,-10.8897,-11.9808,-11.4516,8,a,NO,NO.
order_real,data/videos_real/int_1000ms/real_1000_00425_flip.avi,1000,0,0,0.0531,-11.0405,-10.7904,-11.8814,-11.3836,8,a,NO,NO.
order_real,data/videos_real/int_1000ms/real_1000_00437.avi,1000,1,0,-2.4313,-11.8055,-11.3054,-12.7714,-12.3047,8,a,NO,NO.
order_real,data/videos_real/int_1000ms/real_1000_00437_flip.avi,1000,0,0,-2.4021,-11.7163,-11.2162,-12.7132,-12.2466,8,a,NO,NO.
order_real,data/videos_real/int_1000ms/real_1000_00449.avi,1000,0,0,-3.1524,-12.1076,-11.8575,-13.3558,-12.7944,8,b,NO,NO.
order_real,data/videos_real/int_1000ms/real_1000_00449_flip.avi,1000,1,0,-3.0075,-12.0807,-11.7681,-13.2664,-12.705,8,b,NO,NO.
order_real,data/videos_real/int_1000ms/real_1000_00461.avi,1000,1,0,-0.6965,-11.162,-10.4121,-12.0956,-11.63,8,a,NO,NO.
order_real,data/videos_real/int_1000ms/real_1000_00461_flip.avi,1000,0,0,-0.776,-11.1987,-10.3863,-12.0699,-11.6042,8,a,NO,NO.
order_real,data/videos_real/int_1000ms/real_1000_00473.avi,1000,0,0,-0.1369,-11.3958,-10.6459,-12.2664,-11.6137,8,a,NO,NO.
order_real,data/videos_real/int_1000ms/real_1000_00473_flip.avi,1000,1,0,-0.2618,-11.4017,-10.7143,-12.2726,-11.6509,8,a,NO,NO.
order_real,data/videos_real/int_1000ms/real_1000_00485.avi,1000,1,0,-0.6974,-11.2855,-10.7229,-12.3746,-11.8466,8,a,NO,NO.
order_real,data/videos_real/int_1000ms/real_1000_00485_flip.avi,1000,0,0,-0.9019,-11.4714,-10.8464,-12.4671,-12.0325,8,a,NO,NO.
order_real,data/videos_real/int_1000ms/real_1000_00497.avi,1000,0,0,-1.7272,-11.6181,-11.0554,-12.8328,-12.3356,8,a,NO,NO.
order_real,data/videos_real/int_1000ms/real_1000_00497_flip.avi,1000,1,0,-1.6614,-11.7144,-11.0269,-12.898,-12.4008,8,a,NO,NO.
order_real,data/videos_real/int_1000ms/real_1000_00509.avi,1000,0,0,-1.0034,-11.4767,-10.6017,-12.66,-12.1005,8,a,NO,NO.
order_real,data/videos_real/int_1000ms/real_1000_00509_flip.avi,1000,1,0,-1.0963,-11.5773,-10.6398,-12.7293,-12.1387,8,a,NO,NO.
order_real,data/videos_real/int_1000ms/real_1000_00521.avi,1000,1,0,-1.8505,-11.6017,-10.727,-12.1311,-11.7889,8,a,NO,NO.
order_real,data/videos_real/int_1000ms/real_1000_00521_flip.avi,1000,0,0,-2.2038,-11.5386,-10.6637,-12.0993,-11.7257,8,a,NO,NO.
order_real,data/videos_real/int_1000ms/real_1000_00533.avi,1000,1,0,-1.1318,-11.7514,-11.0015,-12.6543,-12.1881,8,b,NO,NO.
order_real,data/videos_real/int_1000ms/real_1000_00533_flip.avi,1000,0,0,-1.1318,-11.5644,-10.877,-12.5611,-12.0636,8,b,NO,NO.
order_real,data/videos_real/int_1000ms/real_1000_00545.avi,1000,1,0,-3.4912,-12.3358,-11.8982,-13.5843,-13.1477,8,b,NO,NO.
order_real,data/videos_real/int_1000ms/real_1000_00545_flip.avi,1000,0,0,-3.2412,-12.0945,-11.7819,-13.4678,-12.9688,8,b,NO,NO.
order_real,data/videos_real/int_1000ms/real_1000_00557.avi,1000,0,0,-1.8639,-11.7742,-11.0242,-12.677,-12.2108,8,b,NO,NO.
order_real,data/videos_real/int_1000ms/real_1000_00557_flip.avi,1000,1,0,-2.1139,-11.8063,-11.1188,-12.7406,-12.243,8,b,NO,NO.
order_real,data/videos_real/int_1000ms/real_1000_00569.avi,1000,1,0,-2.3063,-11.7539,-11.1913,-12.6884,-12.253,8,a,NO,NO.
order_real,data/videos_real/int_1000ms/real_1000_00569_flip.avi,1000,0,0,-2.3516,-11.75,-11.1875,-12.6843,-12.2178,8,a,NO,NO.
order_real,data/videos_real/int_1000ms/real_1000_00581.avi,1000,1,0,-0.6799,-11.1649,-10.7897,-12.2861,-11.539,8,a,NO,NO.
order_real,data/videos_real/int_1000ms/real_1000_00581_flip.avi,1000,0,0,-0.59,-11.1689,-10.7938,-12.2276,-11.4807,8,a,NO,NO.
order_real,data/videos_real/int_1000ms/real_1000_00593.avi,1000,1,0,-0.3138,-11.5657,-11.0656,-12.6866,-12.0959,8,a,NO,NO.
order_real,data/videos_real/int_1000ms/real_1000_00593_flip.avi,1000,0,0,-0.4209,-11.6083,-11.1082,-12.6665,-12.1072,8,a,NO,NO.
order_real,data/videos_real/int_1500ms/real_1500_00006.avi,1500,0,0,-1.7371,-11.6059,-10.5436,-12.2907,-11.7305,8,a,NO,NO.
order_rev,data/videos_real/int_1500ms/real_1500_00006.avi,1500,0,0,-0.0651,-11.7443,-11.2445,-12.6163,-12.0562,8,a,NO,NO.
moved_real,data/videos_real/int_1500ms/real_1500_00006.avi,1500,1,1,0.7785,-11.9466,-11.6964,-12.7878,-12.0711,8,a,YES,YES.
moved_twin,data/twin_real/real_1500_00006.avi,1500,0,0,-2.4468,-12.2242,-12.0365,-13.0973,-12.4739,8,a,NO,NO.
order_twin,data/twin_real/real_1500_00006.avi,1500,-1,0,-2.6833,-11.7683,-10.8308,-12.5789,-11.9555,8,a,NO,NO.
bind_twin,data/twin_real/real_1500_00006.avi,1500,1,1,5.0447,-13.5873,-13.7747,-14.8987,-14.5243,8,a,YES,YES
order_real,data/videos_real/int_1500ms/real_1500_00006_flip.avi,1500,1,0,-1.5704,-11.6014,-10.5079,-12.317,-11.726,8,a,NO,NO.
order_real,data/videos_real/int_1500ms/real_1500_00018.avi,1500,1,0,-1.0216,-11.4099,-10.7848,-12.7184,-12.0338,8,a,NO,NO.
order_rev,data/videos_real/int_1500ms/real_1500_00018.avi,1500,1,0,-1.6888,-11.6861,-11.6234,-12.839,-12.3102,8,a,NO,NO.
moved_real,data/videos_real/int_1500ms/real_1500_00018.avi,1500,1,0,-0.1932,-11.3934,-11.4556,-12.764,-11.9235,8,a,NO,NO.
moved_twin,data/twin_real/real_1500_00018.avi,1500,0,0,-0.4028,-11.0825,-11.4258,-12.4538,-11.7063,8,a,NO,NO.
order_twin,data/twin_real/real_1500_00018.avi,1500,-1,0,-1.6118,-11.5608,-11.1232,-12.8395,-12.2787,8,a,NO,NO.
bind_twin,data/twin_real/real_1500_00018.avi,1500,1,1,3.7741,-12.8218,-13.1341,-14.3827,-13.821,8,a,YES,YES.
order_real,data/videos_real/int_1500ms/real_1500_00018_flip.avi,1500,0,0,-1.1114,-11.4765,-10.8513,-12.7538,-12.0379,8,a,NO,NO.
order_real,data/videos_real/int_1500ms/real_1500_00030.avi,1500,0,0,-0.8523,-11.6849,-10.9974,-12.6186,-12.0589,8,a,NO,NO.
order_rev,data/videos_real/int_1500ms/real_1500_00030.avi,1500,0,0,-1.861,-11.6025,-11.4149,-12.6309,-12.1953,8,a,NO,NO.
moved_real,data/videos_real/int_1500ms/real_1500_00030.avi,1500,1,1,0.4409,-11.6017,-11.6639,-12.5981,-11.9131,8,a,YES,YES.
moved_twin,data/twin_real/real_1500_00030.avi,1500,0,0,-0.169,-11.3405,-11.5276,-12.4932,-11.9016,8,a,NO,NO.
order_twin,data/twin_real/real_1500_00030.avi,1500,-1,0,-1.1978,-11.4572,-10.8947,-12.3917,-11.9249,8,a,NO,NO.
bind_twin,data/twin_real/real_1500_00030.avi,1500,1,1,0.1784,-11.7916,-11.5415,-12.4764,-12.1339,8,a,YES,YES.
order_real,data/videos_real/int_1500ms/real_1500_00030_flip.avi,1500,1,0,-0.8226,-11.5573,-10.9947,-12.5225,-11.9625,8,a,NO,NO.
order_real,data/videos_real/int_1500ms/real_1500_00042.avi,1500,1,0,-1.7945,-11.2744,-10.8368,-12.1153,-11.5238,8,a,NO,NO.
order_rev,data/videos_real/int_1500ms/real_1500_00042.avi,1500,1,0,-0.6522,-11.5497,-11.1747,-12.2965,-11.8615,8,a,NO,NO.
moved_real,data/videos_real/int_1500ms/real_1500_00042.avi,1500,1,0,-3.0851,-12.1452,-12.2075,-13.2057,-12.5197,8,a,NO,NO.
moved_twin,data/twin_real/real_1500_00042.avi,1500,0,0,-3.1335,-12.2325,-12.2948,-13.2929,-12.6069,8,a,NO,NO.
order_twin,data/twin_real/real_1500_00042.avi,1500,-1,0,-2.1284,-11.3157,-11.0031,-12.0951,-11.5653,8,a,NO,NO.
bind_twin,data/twin_real/real_1500_00042.avi,1500,1,1,0.9005,-11.3975,-11.1474,-12.1767,-11.5218,8,a,YES,YES.
order_real,data/videos_real/int_1500ms/real_1500_00042_flip.avi,1500,0,0,-1.8962,-11.305,-10.805,-12.1152,-11.5545,8,a,NO,NO.
order_real,data/videos_real/int_1500ms/real_1500_00054.avi,1500,1,0,-0.5737,-10.9889,-10.5511,-12.0478,-11.3944,8,a,NO,NO.
order_rev,data/videos_real/int_1500ms/real_1500_00054.avi,1500,1,0,-1.1972,-11.2073,-11.0821,-12.2987,-11.7067,8,a,NO,NO.
moved_real,data/videos_real/int_1500ms/real_1500_00054.avi,1500,1,1,0.5112,-11.3,-11.2997,-12.4531,-11.6742,8,a,YES,YES.
moved_twin,data/twin_real/real_1500_00054.avi,1500,0,0,-0.164,-11.1829,-11.245,-12.2425,-11.5884,8,a,NO,NO.
order_twin,data/twin_real/real_1500_00054.avi,1500,-1,0,-0.789,-11.0059,-10.4433,-11.9409,-11.318,8,a,NO,NO.
bind_twin,data/twin_real/real_1500_00054.avi,1500,1,0,-2.4022,-12.4026,-12.0276,-13.0261,-12.7146,8,a,NO,NO.
order_real,data/videos_real/int_1500ms/real_1500_00054_flip.avi,1500,0,0,-0.4761,-11.2693,-10.6443,-12.2659,-11.5812,8,a,NO,NO.
order_real,data/videos_real/int_1500ms/real_1500_00066.avi,1500,0,0,-1.4314,-11.5607,-11.3104,-12.7759,-12.247,8,a,NO,NO.
order_rev,data/videos_real/int_1500ms/real_1500_00066.avi,1500,0,0,-2.1712,-12.1472,-11.7721,-13.2698,-12.8339,8,a,NO,NO.
moved_real,data/videos_real/int_1500ms/real_1500_00066.avi,1500,1,0,-1.9893,-11.7574,-11.8195,-13.1294,-12.5065,8,a,NO,NO.
moved_twin,data/twin_real/real_1500_00066.avi,1500,0,0,-2.528,-11.7681,-12.1427,-13.2657,-12.7047,8,a,NO,NO.
order_twin,data/twin_real/real_1500_00066.avi,1500,-1,0,-1.8066,-11.4981,-11.4353,-12.8075,-12.247,8,a,NO,NO.
bind_twin,data/twin_real/real_1500_00066.avi,1500,1,1,0.0486,-11.4594,-11.459,-12.4549,-12.0826,8,a,NO,YES.
order_real,data/videos_real/int_1500ms/real_1500_00066_flip.avi,1500,1,0,-1.3519,-11.5765,-11.3262,-12.7917,-12.2628,8,a,NO,NO.
order_real,data/videos_real/int_1500ms/real_1500_00078.avi,1500,0,0,-1.9312,-11.5448,-11.2322,-12.667,-12.2003,8,b,NO,NO.
order_rev,data/videos_real/int_1500ms/real_1500_00078.avi,1500,0,0,-2.5396,-11.8286,-11.7659,-13.0138,-12.5777,8,b,NO,NO.
moved_real,data/videos_real/int_1500ms/real_1500_00078.avi,1500,1,1,0.3522,-11.5052,-11.63,-12.7208,-12.1918,8,b,YES,YES.
moved_twin,data/twin_real/real_1500_00078.avi,1500,0,0,-2.0684,-11.6601,-11.9098,-12.7825,-12.4405,8,b,NO,NO.
order_twin,data/twin_real/real_1500_00078.avi,1500,-1,0,-2.8646,-11.6849,-11.6848,-12.8393,-12.4968,8,b,NO,NO.
bind_twin,data/twin_real/real_1500_00078.avi,1500,0,0,-7.3864,-14.5082,-14.0707,-15.1324,-15.2578,8,b,NO,NO
order_real,data/videos_real/int_1500ms/real_1500_00078_flip.avi,1500,1,0,-1.9627,-11.61,-11.3599,-12.7946,-12.328,8,b,NO,NO.
order_real,data/videos_real/int_1500ms/real_1500_00090.avi,1500,1,0,-3.3663,-12.2148,-11.9646,-13.5881,-13.2139,8,b,NO,NO.
order_rev,data/videos_real/int_1500ms/real_1500_00090.avi,1500,1,0,-2.6675,-12.2481,-12.123,-13.3083,-12.9971,8,b,NO,NO.
moved_real,data/videos_real/int_1500ms/real_1500_00090.avi,1500,1,0,-2.3786,-12.0003,-12.1875,-13.4041,-12.8119,8,b,NO,NO.
moved_twin,data/twin_real/real_1500_00090.avi,1500,0,0,-2.6161,-12.0641,-12.3763,-13.4997,-13.0008,8,b,NO,NO.
order_twin,data/twin_real/real_1500_00090.avi,1500,-1,0,-3.8311,-12.2646,-12.202,-13.6383,-13.2639,8,b,NO,NO.
bind_twin,data/twin_real/real_1500_00090.avi,1500,0,0,-5.4803,-13.5421,-13.417,-14.5409,-14.5414,8,b,NO,NO.
order_real,data/videos_real/int_1500ms/real_1500_00090_flip.avi,1500,0,0,-3.4912,-12.2733,-12.0856,-13.6465,-13.2724,8,b,NO,NO.
order_real,data/videos_real/int_1500ms/real_1500_00102.avi,1500,0,0,-0.3876,-11.3487,-10.9736,-12.595,-11.9414,8,a,NO,NO.
order_rev,data/videos_real/int_1500ms/real_1500_00102.avi,1500,0,0,-1.6258,-11.7198,-11.5947,-12.8423,-12.4689,8,a,NO,NO.
moved_real,data/videos_real/int_1500ms/real_1500_00102.avi,1500,1,0,-0.5273,-11.221,-11.5017,-12.6538,-11.8134,8,a,NO,NO.
moved_twin,data/twin_real/real_1500_00102.avi,1500,0,0,-0.5184,-11.0042,-11.5348,-12.4691,-11.7529,8,a,NO,NO.
order_twin,data/twin_real/real_1500_00102.avi,1500,-1,0,-0.6712,-11.0804,-10.8927,-12.3897,-11.8293,8,a,NO,NO.
bind_twin,data/twin_real/real_1500_00102.avi,1500,1,1,3.7686,-12.629,-12.9414,-14.1901,-13.6908,8,a,YES,YES.
order_real,data/videos_real/int_1500ms/real_1500_00102_flip.avi,1500,1,0,-0.3659,-11.2111,-10.7735,-12.4577,-11.8664,8,a,NO,NO.
order_real,data/videos_real/int_1500ms/real_1500_00114.avi,1500,1,0,-1.8379,-11.6884,-11.2507,-12.7792,-12.3749,8,b,NO,NO.
order_rev,data/videos_real/int_1500ms/real_1500_00114.avi,1500,1,0,-1.1521,-11.3425,-11.2798,-12.5887,-12.1537,8,b,NO,NO.
moved_real,data/videos_real/int_1500ms/real_1500_00114.avi,1500,1,0,-0.9143,-11.4037,-11.4035,-12.6818,-12.0278,8,b,NO,NO.
moved_twin,data/twin_real/real_1500_00114.avi,1500,0,0,-1.0884,-11.4191,-11.4814,-12.7288,-12.137,8,b,NO,NO.
order_twin,data/twin_real/real_1500_00114.avi,1500,-1,0,-2.2276,-11.8682,-11.4931,-13.0535,-12.6175,8,b,NO,NO.
bind_twin,data/twin_real/real_1500_00114.avi,1500,0,0,-2.8015,-12.0533,-11.7408,-12.8637,-12.5524,8,b,NO,NO.
order_real,data/videos_real/int_1500ms/real_1500_00114_flip.avi,1500,0,0,-1.8139,-11.7924,-11.2923,-12.852,-12.4165,8,b,NO,NO.
order_real,data/videos_real/int_1500ms/real_1500_00126.avi,1500,0,0,-1.681,-11.518,-10.8929,-12.483,-11.9546,8,a,NO,NO.
order_rev,data/videos_real/int_1500ms/real_1500_00126.avi,1500,0,1,0.11,-11.5827,-11.4576,-12.6102,-12.0818,8,a,NO,YES.
moved_real,data/videos_real/int_1500ms/real_1500_00126.avi,1500,1,0,-1.5391,-11.636,-11.6357,-12.7575,-12.1037,8,a,NO,NO.
moved_twin,data/twin_real/real_1500_00126.avi,1500,0,0,-2.4197,-12.0384,-12.2257,-13.1612,-12.6002,8,a,NO,NO.
order_twin,data/twin_real/real_1500_00126.avi,1500,-1,0,-2.2959,-11.8236,-11.386,-12.8518,-12.3228,8,a,NO,NO.
bind_twin,data/twin_real/real_1500_00126.avi,1500,1,1,0.9238,-11.6524,-11.777,-12.7738,-12.2759,8,a,YES,YES.
order_real,data/videos_real/int_1500ms/real_1500_00126_flip.avi,1500,1,0,-1.8528,-11.713,-11.0254,-12.7094,-12.1808,8,a,NO,NO.
order_real,data/videos_real/int_1500ms/real_1500_00138.avi,1500,1,0,-1.6514,-11.6182,-10.6807,-12.6151,-11.9925,8,b,NO,NO.
order_rev,data/videos_real/int_1500ms/real_1500_00138.avi,1500,1,0,-0.7725,-11.5003,-11.4377,-12.6215,-12.0619,8,b,NO,NO.
moved_real,data/videos_real/int_1500ms/real_1500_00138.avi,1500,1,1,0.3525,-11.5679,-11.5052,-12.752,-11.8797,8,b,YES,YES.
moved_twin,data/twin_real/real_1500_00138.avi,1500,0,0,-0.9112,-11.3798,-11.5044,-12.5022,-11.8166,8,b,NO,NO.
order_twin,data/twin_real/real_1500_00138.avi,1500,-1,0,-2.0268,-11.691,-11.0034,-12.6886,-12.1279,8,b,NO,NO.
bind_twin,data/twin_real/real_1500_00138.avi,1500,0,0,-4.2273,-12.8783,-12.2533,-13.502,-13.3777,8,b,NO,NO.
order_real,data/videos_real/int_1500ms/real_1500_00138_flip.avi,1500,0,0,-1.6512,-11.6183,-10.6808,-12.5529,-11.9303,8,b,NO,NO.
order_real,data/videos_real/int_1500ms/real_1500_00150.avi,1500,0,0,-0.3519,-11.4262,-10.8012,-12.4525,-11.8312,8,a,NO,NO.
order_rev,data/videos_real/int_1500ms/real_1500_00150.avi,1500,0,1,0.1133,-11.8664,-11.554,-12.7694,-12.428,8,a,NO,YES.
moved_real,data/videos_real/int_1500ms/real_1500_00150.avi,1500,1,0,-1.0562,-11.6461,-11.4584,-12.4863,-11.9888,8,a,NO,NO.
moved_twin,data/twin_real/real_1500_00150.avi,1500,0,0,-1.7491,-11.6027,-11.6649,-12.5686,-12.0392,8,a,NO,NO.
order_twin,data/twin_real/real_1500_00150.avi,1500,-1,0,-0.6612,-11.3036,-10.8348,-12.2369,-11.7088,8,a,NO,NO.
bind_twin,data/twin_real/real_1500_00150.avi,1500,1,1,5.8825,-14.0813,-14.6437,-15.6424,-15.1431,8,a,YES,YES.
order_real,data/videos_real/int_1500ms/real_1500_00150_flip.avi,1500,1,0,-0.5008,-11.3917,-10.8292,-12.4492,-11.828,8,a,NO,NO.
order_real,data/videos_real/int_1500ms/real_1500_00162.avi,1500,0,0,-1.439,-11.7295,-11.1669,-12.7576,-12.2911,8,b,NO,NO.
order_rev,data/videos_real/int_1500ms/real_1500_00162.avi,1500,0,0,-1.8523,-11.4132,-11.3506,-12.4728,-12.0684,8,b,NO,NO.
moved_real,data/videos_real/int_1500ms/real_1500_00162.avi,1500,1,0,-0.4026,-11.6423,-11.7045,-12.6696,-12.0475,8,b,NO,NO.
moved_twin,data/twin_real/real_1500_00162.avi,1500,0,0,-1.2267,-11.5418,-11.7914,-12.726,-12.0096,8,b,NO,NO.
order_twin,data/twin_real/real_1500_00162.avi,1500,-1,0,-2.0077,-11.4731,-11.2854,-12.6583,-12.2223,8,b,NO,NO.
bind_twin,data/twin_real/real_1500_00162.avi,1500,0,0,-4.8555,-13.313,-13.1255,-14.2498,-14.3124,8,b,NO,NO.
order_real,data/videos_real/int_1500ms/real_1500_00162_flip.avi,1500,1,0,-1.4629,-11.6243,-11.0617,-12.6522,-12.1235,8,b,NO,NO.
order_real,data/videos_real/int_1500ms/real_1500_00174.avi,1500,1,0,-0.2128,-11.1971,-10.697,-12.4432,-11.7898,8,a,NO,NO.
order_rev,data/videos_real/int_1500ms/real_1500_00174.avi,1500,1,0,-1.2505,-11.6051,-11.2926,-12.5708,-12.0418,8,a,NO,NO.
moved_real,data/videos_real/int_1500ms/real_1500_00174.avi,1500,1,1,0.6023,-11.285,-11.5346,-12.7806,-11.9713,8,a,YES,YES.
moved_twin,data/twin_real/real_1500_00174.avi,1500,0,0,-0.6015,-11.0365,-11.3486,-12.4078,-11.754,8,a,NO,NO.
order_twin,data/twin_real/real_1500_00174.avi,1500,-1,0,-0.5273,-11.0956,-10.7829,-12.3733,-11.7818,8,a,NO,NO.
bind_twin,data/twin_real/real_1500_00174.avi,1500,1,1,3.3942,-12.52,-12.5824,-14.0808,-13.5817,8,a,YES,YES.
order_real,data/videos_real/int_1500ms/real_1500_00174_flip.avi,1500,0,0,-0.1888,-11.309,-10.8089,-12.4612,-11.8079,8,a,NO,NO.
order_real,data/videos_real/int_1500ms/real_1500_00186.avi,1500,1,0,-0.861,-11.4202,-10.7327,-12.3225,-11.8256,8,a,NO,NO.
order_rev,data/videos_real/int_1500ms/real_1500_00186.avi,1500,1,0,0.029,-11.5585,-11.3085,-12.4924,-12.12,8,a,NO,NO.
moved_real,data/videos_real/int_1500ms/real_1500_00186.avi,1500,1,0,-0.5881,-11.5084,-11.633,-12.7546,-12.1635,8,a,NO,NO.
moved_twin,data/twin_real/real_1500_00186.avi,1500,0,0,-2.6237,-11.9202,-12.2949,-13.3864,-12.8568,8,a,NO,NO.
order_twin,data/twin_real/real_1500_00186.avi,1500,-1,0,-1.3629,-11.3068,-10.9317,-12.2725,-11.8683,8,a,NO,NO.
bind_twin,data/twin_real/real_1500_00186.avi,1500,1,1,5.0091,-13.4049,-14.0298,-15.091,-14.654,8,a,YES,YES.
order_real,data/videos_real/int_1500ms/real_1500_00186_flip.avi,1500,0,0,-1.128,-11.4216,-10.7965,-12.3553,-11.9206,8,a,NO,NO.
order_real,data/videos_real/int_1500ms/real_1500_00198.avi,1500,1,0,-1.6278,-11.8426,-11.0303,-12.6206,-12.2169,8,b,NO,NO.
order_rev,data/videos_real/int_1500ms/real_1500_00198.avi,1500,1,0,-0.352,-11.3625,-11.2373,-12.3589,-11.9552,8,b,NO,NO.
moved_real,data/videos_real/int_1500ms/real_1500_00198.avi,1500,1,1,0.1245,-11.4863,-11.4861,-12.5454,-11.8605,8,b,NO,YES.
moved_twin,data/twin_real/real_1500_00198.avi,1500,0,0,-1.8379,-11.5892,-11.714,-12.5866,-12.0885,8,b,NO,NO.
order_twin,data/twin_real/real_1500_00198.avi,1500,-1,0,-2.2728,-11.9051,-11.3426,-12.6842,-12.2796,8,b,NO,NO.
bind_twin,data/twin_real/real_1500_00198.avi,1500,0,0,-7.1269,-14.6595,-14.222,-15.4714,-15.5965,8,b,NO,NO.
order_real,data/videos_real/int_1500ms/real_1500_00198_flip.avi,1500,0,0,-1.4072,-11.7576,-11.0078,-12.5352,-12.1006,8,b,NO,NO.
order_real,data/videos_real/int_1500ms/real_1500_00210.avi,1500,0,0,-2.7513,-12.1019,-11.6019,-12.9744,-12.5386,8,b,NO,NO.
order_rev,data/videos_real/int_1500ms/real_1500_00210.avi,1500,0,0,-2.2574,-11.6957,-11.633,-12.6302,-12.2571,8,b,NO,NO.
moved_real,data/videos_real/int_1500ms/real_1500_00210.avi,1500,1,0,-0.3932,-11.4879,-11.6126,-12.7337,-12.0182,8,b,NO,NO.
moved_twin,data/twin_real/real_1500_00210.avi,1500,0,0,-1.0506,-11.4918,-11.679,-12.676,-12.0534,8,b,NO,NO.
order_twin,data/twin_real/real_1500_00210.avi,1500,-1,0,-2.9775,-12.128,-11.7529,-12.9385,-12.6272,8,b,NO,NO.
bind_twin,data/twin_real/real_1500_00210.avi,1500,0,0,-8.7535,-15.1871,-15.187,-15.9988,-16.1241,8,b,NO,NO.
order_real,data/videos_real/int_1500ms/real_1500_00210_flip.avi,1500,1,0,-2.5125,-12.1564,-11.5939,-12.9975,-12.5931,8,b,NO,NO.
order_real,data/videos_real/int_1500ms/real_1500_00222.avi,1500,0,0,-0.6031,-11.4419,-11.0042,-12.6879,-12.0033,8,a,NO,NO.
order_rev,data/videos_real/int_1500ms/real_1500_00222.avi,1500,0,0,-0.8971,-11.6709,-11.4208,-12.7618,-12.2326,8,a,NO,NO.
moved_real,data/videos_real/int_1500ms/real_1500_00222.avi,1500,1,0,-0.9846,-10.9391,-11.1261,-12.4975,-11.719,8,a,NO,NO.
moved_twin,data/twin_real/real_1500_00222.avi,1500,0,0,-1.6398,-11.1426,-11.3921,-12.6705,-11.8915,8,a,NO,NO.
order_twin,data/twin_real/real_1500_00222.avi,1500,-1,0,-1.0074,-11.4086,-11.0334,-12.6862,-12.0325,8,a,NO,NO.
bind_twin,data/twin_real/real_1500_00222.avi,1500,1,1,3.6435,-12.507,-12.8194,-14.0679,-13.5688,8,a,YES,YES.
order_real,data/videos_real/int_1500ms/real_1500_00222_flip.avi,1500,1,0,-0.7045,-11.5611,-11.0609,-12.7447,-12.1225,8,a,NO,NO.
order_real,data/videos_real/int_1500ms/real_1500_00234.avi,1500,0,0,-2.3761,-11.8791,-11.379,-12.9702,-12.4409,8,b,NO,NO.
order_rev,data/videos_real/int_1500ms/real_1500_00234.avi,1500,0,0,-2.6977,-11.9438,-11.8812,-12.8794,-12.2558,8,b,NO,NO.
moved_real,data/videos_real/int_1500ms/real_1500_00234.avi,1500,1,0,-1.8759,-11.6834,-11.8082,-12.9303,-12.37,8,b,NO,NO.
moved_twin,data/twin_real/real_1500_00234.avi,1500,0,0,-2.4113,-11.8137,-11.9385,-13.0298,-12.5004,8,b,NO,NO.
order_twin,data/twin_real/real_1500_00234.avi,1500,-1,0,-2.5125,-11.7818,-11.2817,-12.873,-12.3436,8,b,NO,NO.
bind_twin,data/twin_real/real_1500_00234.avi,1500,0,0,-5.4942,-13.8433,-13.2183,-14.6548,-14.4678,8,b,NO,NO.
order_real,data/videos_real/int_1500ms/real_1500_00234_flip.avi,1500,1,0,-2.1259,-11.7785,-11.091,-12.7755,-12.2154,8,b,NO,NO.
order_real,data/videos_real/int_1500ms/real_1500_00246.avi,1500,0,0,-2.9775,-12.1273,-11.7522,-13.3757,-12.8769,8,a,NO,NO.
order_real,data/videos_real/int_1500ms/real_1500_00246_flip.avi,1500,1,0,-3.0016,-12.0251,-11.7126,-13.3986,-12.8372,8,a,NO,NO.
order_real,data/videos_real/int_1500ms/real_1500_00258.avi,1500,0,0,-1.2818,-11.5342,-10.5968,-12.4691,-11.9087,8,a,NO,NO.
order_real,data/videos_real/int_1500ms/real_1500_00258_flip.avi,1500,1,0,-1.2721,-11.618,-10.6181,-12.5216,-11.9612,8,a,NO,NO.
order_real,data/videos_real/int_1500ms/real_1500_00270.avi,1500,1,0,-0.4308,-11.2245,-10.537,-12.1269,-11.4113,8,a,NO,NO.
order_real,data/videos_real/int_1500ms/real_1500_00270_flip.avi,1500,0,0,-0.681,-11.2581,-10.5706,-12.223,-11.5073,8,a,NO,NO.
order_real,data/videos_real/int_1500ms/real_1500_00282.avi,1500,1,0,-1.8059,-11.7487,-11.0612,-12.5897,-12.1229,8,b,NO,NO.
order_real,data/videos_real/int_1500ms/real_1500_00282_flip.avi,1500,0,0,-2.6022,-12.0871,-11.3995,-12.8976,-12.524,8,b,NO,NO.
order_real,data/videos_real/int_1500ms/real_1500_00294.avi,1500,1,0,-2.1109,-12.0713,-11.3838,-13.225,-12.758,8,b,NO,NO.
order_real,data/videos_real/int_1500ms/real_1500_00294_flip.avi,1500,0,0,-2.0417,-12.0789,-11.454,-13.1702,-12.7032,8,b,NO,NO.
order_real,data/videos_real/int_1500ms/real_1500_00306.avi,1500,1,0,-1.4144,-11.4099,-10.9723,-12.4688,-11.9401,8,a,NO,NO.
order_real,data/videos_real/int_1500ms/real_1500_00306_flip.avi,1500,0,0,-1.4313,-11.3747,-10.937,-12.4021,-11.8735,8,a,NO,NO.
order_real,data/videos_real/int_1500ms/real_1500_00318.avi,1500,0,0,-0.9131,-11.5299,-10.5924,-12.4329,-11.7793,8,a,NO,NO.
order_real,data/videos_real/int_1500ms/real_1500_00318_flip.avi,1500,1,0,-0.7121,-11.4045,-10.467,-12.3076,-11.5915,8,a,NO,NO.
order_real,data/videos_real/int_1500ms/real_1500_00330.avi,1500,0,0,-1.6282,-11.1954,-10.8203,-12.4416,-12.0068,8,a,NO,NO.
order_real,data/videos_real/int_1500ms/real_1500_00330_flip.avi,1500,1,0,-1.7534,-11.1758,-10.8631,-12.5158,-12.0497,8,a,NO,NO.
order_real,data/videos_real/int_1500ms/real_1500_00342.avi,1500,0,0,-1.7865,-11.5086,-11.071,-12.5064,-11.883,8,b,NO,NO.
order_real,data/videos_real/int_1500ms/real_1500_00342_flip.avi,1500,1,0,-1.6022,-11.5133,-11.0133,-12.4174,-11.7628,8,b,NO,NO.
order_real,data/videos_real/int_1500ms/real_1500_00354.avi,1500,1,0,-1.5562,-11.4765,-10.9765,-12.4105,-11.7257,8,a,NO,NO.
order_real,data/videos_real/int_1500ms/real_1500_00354_flip.avi,1500,0,0,-1.1321,-11.3777,-10.8151,-12.2491,-11.5956,8,a,NO,NO.
order_real,data/videos_real/int_1500ms/real_1500_00366.avi,1500,1,0,-1.414,-11.4727,-10.9727,-12.4688,-11.597,8,a,NO,NO.
order_real,data/videos_real/int_1500ms/real_1500_00366_flip.avi,1500,0,0,-1.0387,-11.4335,-10.871,-12.4286,-11.5889,8,a,NO,NO.
order_real,data/videos_real/int_1500ms/real_1500_00378.avi,1500,0,0,-3.0127,-12.1263,-11.7512,-13.374,-12.8131,8,b,NO,NO.
order_real,data/videos_real/int_1500ms/real_1500_00378_flip.avi,1500,1,0,-3.0808,-12.1014,-11.7263,-13.318,-12.7883,8,b,NO,NO.
order_real,data/videos_real/int_1500ms/real_1500_00390.avi,1500,1,0,-1.0116,-11.2663,-10.5789,-12.1383,-11.7032,8,a,NO,NO.
order_real,data/videos_real/int_1500ms/real_1500_00390_flip.avi,1500,0,0,-1.2614,-11.2682,-10.4558,-12.1403,-11.7051,8,a,NO,NO.
order_real,data/videos_real/int_1500ms/real_1500_00402.avi,1500,1,0,-2.9559,-12.419,-11.7939,-13.5419,-13.2307,8,b,NO,NO.
order_real,data/videos_real/int_1500ms/real_1500_00402_flip.avi,1500,0,0,-2.9391,-12.3791,-11.754,-13.5641,-13.1283,8,b,NO,NO.
order_real,data/videos_real/int_1500ms/real_1500_00414.avi,1500,0,0,-1.6155,-11.7392,-11.1142,-12.6424,-12.2384,8,b,NO,NO.
order_real,data/videos_real/int_1500ms/real_1500_00414_flip.avi,1500,1,0,-1.3134,-11.5685,-11.006,-12.534,-12.0676,8,b,NO,NO.
order_real,data/videos_real/int_1500ms/real_1500_00426.avi,1500,1,1,0.2737,-11.0635,-10.9383,-12.1849,-11.5938,8,a,YES,YES.
order_real,data/videos_real/int_1500ms/real_1500_00426_flip.avi,1500,0,1,0.5618,-11.0321,-10.7821,-12.0291,-11.469,8,a,YES,YES.
order_real,data/videos_real/int_1500ms/real_1500_00438.avi,1500,1,0,-2.0123,-11.8919,-11.017,-12.6397,-12.2663,8,b,NO,NO.
order_real,data/videos_real/int_1500ms/real_1500_00438_flip.avi,1500,0,0,-2.3875,-11.9789,-11.2288,-12.8518,-12.4783,8,b,NO,NO.
order_real,data/videos_real/int_1500ms/real_1500_00450.avi,1500,0,0,-1.6458,-11.4662,-10.7787,-12.2759,-11.7782,8,a,NO,NO.
order_real,data/videos_real/int_1500ms/real_1500_00450_flip.avi,1500,1,0,-1.0385,-11.3707,-10.6832,-12.2425,-11.7763,8,a,NO,NO.
order_real,data/videos_real/int_1500ms/real_1500_00462.avi,1500,0,0,-1.7511,-11.6388,-11.0762,-12.729,-12.2315,8,b,NO,NO.
order_real,data/videos_real/int_1500ms/real_1500_00462_flip.avi,1500,1,0,-1.8137,-11.7305,-11.1679,-12.8518,-12.3544,8,b,NO,NO.
order_real,data/videos_real/int_1500ms/real_1500_00474.avi,1500,0,0,-0.6809,-11.3205,-10.6955,-12.1927,-11.6637,8,a,NO,NO.
order_real,data/videos_real/int_1500ms/real_1500_00474_flip.avi,1500,1,0,-0.7129,-11.4043,-10.7169,-12.2763,-11.7475,8,a,NO,NO.
order_real,data/videos_real/int_1500ms/real_1500_00486.avi,1500,0,0,-2.7057,-12.246,-11.5585,-13.1185,-12.6204,8,b,NO,NO.
order_real,data/videos_real/int_1500ms/real_1500_00486_flip.avi,1500,1,0,-2.7056,-12.1836,-11.4962,-13.0249,-12.558,8,b,NO,NO.
order_real,data/videos_real/int_1500ms/real_1500_00498.avi,1500,1,0,-2.0878,-11.9692,-11.2817,-12.9044,-12.5311,8,b,NO,NO.
order_real,data/videos_real/int_1500ms/real_1500_00498_flip.avi,1500,0,0,-2.0878,-11.9069,-11.2194,-12.7796,-12.4063,8,b,NO,NO.
order_real,data/videos_real/int_1500ms/real_1500_00510.avi,1500,0,0,-1.7054,-11.9119,-11.0995,-12.7838,-12.2236,8,b,NO,NO.
order_real,data/videos_real/int_1500ms/real_1500_00510_flip.avi,1500,1,0,-1.8462,-11.9342,-11.1843,-12.7751,-12.246,8,b,NO,NO.
order_real,data/videos_real/int_1500ms/real_1500_00522.avi,1500,1,0,-2.3982,-12.1432,-11.6431,-13.422,-13.0173,8,b,NO,NO.
order_real,data/videos_real/int_1500ms/real_1500_00522_flip.avi,1500,0,0,-2.5809,-12.129,-11.629,-13.408,-13.0033,8,b,NO,NO.
order_real,data/videos_real/int_1500ms/real_1500_00534.avi,1500,1,0,-3.023,-12.4783,-11.6033,-13.3511,-13.0401,8,b,NO,NO.
order_real,data/videos_real/int_1500ms/real_1500_00534_flip.avi,1500,0,0,-3.0327,-12.5208,-11.6458,-13.3935,-13.0202,8,b,NO,NO.
order_real,data/videos_real/int_1500ms/real_1500_00546.avi,1500,0,0,-1.1975,-11.4567,-11.019,-12.5785,-12.0807,8,a,NO,NO.
order_real,data/videos_real/int_1500ms/real_1500_00546_flip.avi,1500,1,0,-1.2961,-11.4708,-11.0332,-12.6861,-12.1261,8,a,NO,NO.
order_real,data/videos_real/int_1500ms/real_1500_00558.avi,1500,0,0,-0.9888,-11.3236,-10.6986,-12.2885,-11.7914,8,a,NO,NO.
order_real,data/videos_real/int_1500ms/real_1500_00558_flip.avi,1500,1,0,-0.6968,-11.2866,-10.5992,-12.3132,-11.7855,8,a,NO,NO.
order_real,data/videos_real/int_1500ms/real_1500_00570.avi,1500,0,0,-1.6709,-11.6505,-11.1505,-12.8976,-12.3371,8,b,NO,NO.
order_real,data/videos_real/int_1500ms/real_1500_00570_flip.avi,1500,1,0,-1.9022,-11.8307,-11.2682,-13.0156,-12.455,8,b,NO,NO.
order_real,data/videos_real/int_1500ms/real_1500_00582.avi,1500,0,0,-0.5009,-11.3912,-10.7662,-12.5738,-11.89,8,a,NO,NO.
order_real,data/videos_real/int_1500ms/real_1500_00582_flip.avi,1500,1,0,-0.5011,-11.3912,-10.8286,-12.6049,-11.9524,8,a,NO,NO.
order_real,data/videos_real/int_1500ms/real_1500_00594.avi,1500,1,0,-1.1283,-11.4214,-10.8588,-12.5737,-11.8266,8,a,NO,NO.
order_real,data/videos_real/int_1500ms/real_1500_00594_flip.avi,1500,0,0,-1.0034,-11.3288,-10.7662,-12.5744,-11.8588,8,a,NO,NO.
order_real,data/videos_real/int_2000ms/real_2000_00007.avi,2000,1,0,-2.1022,-11.8818,-11.0068,-12.7224,-12.3184,8,a,NO,NO.
order_rev,data/videos_real/int_2000ms/real_2000_00007.avi,2000,1,0,-1.2054,-11.6324,-11.2574,-12.348,-12.069,8,a,NO,NO.
moved_real,data/videos_real/int_2000ms/real_2000_00007.avi,2000,1,1,0.4506,-11.6361,-11.6359,-12.7265,-12.0103,8,a,YES,YES.
moved_twin,data/twin_real/real_2000_00007.avi,2000,0,0,-1.3087,-11.6532,-11.5905,-12.4943,-12.0274,8,a,NO,NO.
order_twin,data/twin_real/real_2000_00007.avi,2000,-1,0,-2.0807,-11.8003,-11.0504,-12.5167,-12.1746,8,a,NO,NO.
bind_twin,data/twin_real/real_2000_00007.avi,2000,1,1,2.6476,-12.32,-12.1949,-13.5054,-13.1316,8,a,YES,YES.
order_real,data/videos_real/int_2000ms/real_2000_00007_flip.avi,2000,0,0,-1.8377,-11.6888,-10.8763,-12.5917,-12.1254,8,a,NO,NO.
order_real,data/videos_real/int_2000ms/real_2000_00019.avi,2000,1,0,-1.0323,-11.0056,-10.6304,-11.8773,-11.3799,8,a,NO,NO.
order_rev,data/videos_real/int_2000ms/real_2000_00019.avi,2000,1,0,-0.1969,-11.1688,-10.9188,-12.1026,-11.6367,8,a,NO,NO.
moved_real,data/videos_real/int_2000ms/real_2000_00019.avi,2000,1,0,-1.7034,-11.4445,-11.4442,-12.4416,-11.8813,8,a,NO,NO.
moved_twin,data/twin_real/real_2000_00019.avi,2000,0,0,-1.3812,-11.2432,-11.1805,-12.1777,-11.6175,8,a,NO,NO.
order_twin,data/twin_real/real_2000_00019.avi,2000,-1,0,-1.1239,-10.9261,-10.4885,-11.7982,-11.3629,8,a,NO,NO.
bind_twin,data/twin_real/real_2000_00019.avi,2000,1,1,0.9778,-10.9196,-10.9195,-11.8552,-11.5439,8,a,YES,YES.
order_real,data/videos_real/int_2000ms/real_2000_00019_flip.avi,2000,0,0,-0.6548,-11.0235,-10.5859,-11.9575,-11.3977,8,a,NO,NO.
order_real,data/videos_real/int_2000ms/real_2000_00031.avi,2000,0,0,-1.6976,-11.3615,-10.8613,-12.6385,-12.079,8,a,NO,NO.
order_rev,data/videos_real/int_2000ms/real_2000_00031.avi,2000,0,0,-0.6889,-11.6109,-11.4857,-12.6387,-12.1724,8,a,NO,NO.
moved_real,data/videos_real/int_2000ms/real_2000_00031.avi,2000,1,0,-1.6757,-11.3015,-11.6135,-12.7974,-12.1126,8,a,NO,NO.
moved_twin,data/twin_real/real_2000_00031.avi,2000,0,0,-1.8007,-11.283,-11.6263,-12.7166,-12.0317,8,a,NO,NO.
order_twin,data/twin_real/real_2000_00031.avi,2000,-1,0,-2.0726,-11.4367,-11.0615,-12.6517,-12.123,8,a,NO,NO.
bind_twin,data/twin_real/real_2000_00031.avi,2000,1,1,4.895,-12.7383,-13.5506,-14.6738,-14.1124,8,a,YES,YES.
order_real,data/videos_real/int_2000ms/real_2000_00031_flip.avi,2000,1,0,-1.8225,-11.5925,-11.0299,-12.7756,-12.2475,8,a,NO,NO.
order_real,data/videos_real/int_2000ms/real_2000_00043.avi,2000,1,0,-2.1709,-11.9608,-11.1483,-12.9267,-12.335,8,b,NO,NO.
order_rev,data/videos_real/int_2000ms/real_2000_00043.avi,2000,1,0,-2.1025,-11.8194,-11.7567,-12.7545,-12.256,8,b,NO,NO.
moved_real,data/videos_real/int_2000ms/real_2000_00043.avi,2000,1,1,1.0093,-11.8144,-11.6894,-12.9678,-12.1888,8,b,YES,YES.
moved_twin,data/twin_real/real_2000_00043.avi,2000,0,0,-0.6013,-11.659,-11.5339,-12.5936,-11.9707,8,b,NO,NO.
order_twin,data/twin_real/real_2000_00043.avi,2000,-1,0,-2.2961,-11.8862,-11.1362,-12.8214,-12.2605,8,b,NO,NO.
bind_twin,data/twin_real/real_2000_00043.avi,2000,0,0,-6.6246,-13.8405,-13.528,-14.5271,-14.4651,8,b,NO,NO
order_real,data/videos_real/int_2000ms/real_2000_00043_flip.avi,2000,0,0,-2.0459,-11.9121,-11.0372,-12.7844,-12.2239,8,b,NO,NO.
order_real,data/videos_real/int_2000ms/real_2000_00055.avi,2000,1,0,-1.7493,-11.7901,-10.9777,-12.6627,-12.1022,8,a,NO,NO.
order_rev,data/videos_real/int_2000ms/real_2000_00055.avi,2000,1,0,-1.6576,-11.5877,-11.4001,-12.554,-12.0245,8,a,NO,NO.
moved_real,data/videos_real/int_2000ms/real_2000_00055.avi,2000,1,0,-1.2618,-11.7042,-11.5791,-12.5761,-11.9848,8,a,NO,NO.
moved_twin,data/twin_real/real_2000_00055.avi,2000,0,0,-2.1819,-11.8905,-12.1403,-12.9817,-12.3899,8,a,NO,NO.
order_twin,data/twin_real/real_2000_00055.avi,2000,-1,0,-2.1481,-11.7302,-11.1677,-12.7905,-12.1672,8,a,NO,NO.
bind_twin,data/twin_real/real_2000_00055.avi,2000,1,0,-1.0814,-11.8957,-11.3333,-12.6425,-12.2693,8,a,NO,NO.
order_real,data/videos_real/int_2000ms/real_2000_00055_flip.avi,2000,0,0,-1.64,-11.6981,-10.8856,-12.6016,-12.0725,8,a,NO,NO.
order_real,data/videos_real/int_2000ms/real_2000_00067.avi,2000,1,0,-1.7571,-11.3195,-10.7569,-12.4415,-11.8187,8,a,NO,NO.
order_rev,data/videos_real/int_2000ms/real_2000_00067.avi,2000,1,0,-1.1812,-11.4271,-11.1771,-12.5177,-11.8014,8,a,NO,NO.
moved_real,data/videos_real/int_2000ms/real_2000_00067.avi,2000,1,0,-1.213,-11.4525,-11.5147,-12.6366,-11.9203,8,a,NO,NO.
moved_twin,data/twin_real/real_2000_00067.avi,2000,0,0,-2.0881,-11.6831,-11.7454,-12.7745,-12.1825,8,a,NO,NO.
order_twin,data/twin_real/real_2000_00067.avi,2000,-1,0,-1.9208,-11.3038,-10.7413,-12.3637,-11.8031,8,a,NO,NO.
bind_twin,data/twin_real/real_2000_00067.avi,2000,1,1,1.6604,-11.9536,-11.7661,-13.1077,-12.5153,8,a,YES,YES.
order_real,data/videos_real/int_2000ms/real_2000_00067_flip.avi,2000,0,0,-1.8529,-11.4012,-10.8387,-12.5233,-11.9005,8,a,NO,NO.
order_real,data/videos_real/int_2000ms/real_2000_00079.avi,2000,0,0,-2.3784,-12.0009,-11.5009,-13.0923,-12.5004,8,b,NO,NO.
order_rev,data/videos_real/int_2000ms/real_2000_00079.avi,2000,0,0,-2.0878,-11.6574,-11.4698,-12.6548,-12.2192,8,b,NO,NO.
moved_real,data/videos_real/int_2000ms/real_2000_00079.avi,2000,1,0,-1.7197,-11.857,-11.7944,-12.8856,-12.169,8,b,NO,NO.
moved_twin,data/twin_real/real_2000_00079.avi,2000,0,0,-2.5946,-12.2632,-12.2006,-13.1366,-12.5129,8,b,NO,NO.
order_twin,data/twin_real/real_2000_00079.avi,2000,-1,0,-2.64,-12.0258,-11.5259,-13.0242,-12.4006,8,b,NO,NO.
bind_twin,data/twin_real/real_2000_00079.avi,2000,0,0,-3.3189,-12.4291,-11.3668,-12.8652,-12.4912,8,b,NO,NO.
order_real,data/videos_real/int_2000ms/real_2000_00079_flip.avi,2000,1,0,-2.2728,-11.9051,-11.2801,-12.8715,-12.2796,8,b,NO,NO.
order_real,data/videos_real/int_2000ms/real_2000_00091.avi,2000,1,0,-1.7716,-11.6339,-11.0088,-12.5682,-12.1016,8,a,NO,NO.
order_rev,data/videos_real/int_2000ms/real_2000_00091.avi,2000,1,0,-1.4632,-11.3378,-11.3377,-12.3348,-12.0555,8,a,NO,NO.
moved_real,data/videos_real/int_2000ms/real_2000_00091.avi,2000,1,0,-1.9045,-11.758,-11.6953,-12.7864,-12.2571,8,a,NO,NO.
moved_twin,data/twin_real/real_2000_00091.avi,2000,0,0,-2.7378,-11.8271,-11.8894,-12.7318,-12.4514,8,a,NO,NO.
order_twin,data/twin_real/real_2000_00091.avi,2000,-1,0,-2.3104,-11.4851,-11.1724,-12.3582,-11.9844,8,a,NO,NO.
bind_twin,data/twin_real/real_2000_00091.avi,2000,1,1,2.671,-12.4186,-12.4185,-13.5418,-13.1678,8,a,YES,YES.
order_real,data/videos_real/int_2000ms/real_2000_00091_flip.avi,2000,0,0,-1.7716,-11.5091,-10.9465,-12.475,-12.0394,8,a,NO,NO.
order_real,data/videos_real/int_2000ms/real_2000_00103.avi,2000,0,0,-2.4906,-11.887,-11.1995,-12.7908,-12.4488,8,b,NO,NO.
order_rev,data/videos_real/int_2000ms/real_2000_00103.avi,2000,0,0,-2.1814,-11.6411,-11.516,-12.4826,-12.0778,8,b,NO,NO.
moved_real,data/videos_real/int_2000ms/real_2000_00103.avi,2000,1,1,0.2738,-11.7938,-11.5438,-12.728,-12.0432,8,b,YES,YES.
moved_twin,data/twin_real/real_2000_00103.avi,2000,0,0,-1.5179,-11.6079,-11.6076,-12.636,-12.0134,8,b,NO,NO.
order_twin,data/twin_real/real_2000_00103.avi,2000,-1,0,-2.5365,-11.7418,-11.2418,-12.646,-12.3662,8,b,NO,NO.
bind_twin,data/twin_real/real_2000_00103.avi,2000,0,0,-7.2587,-14.3298,-13.8297,-15.1415,-15.2668,8,b,NO,NO
order_real,data/videos_real/int_2000ms/real_2000_00103_flip.avi,2000,1,0,-2.5012,-11.8692,-11.3068,-12.7732,-12.431,8,b,NO,NO.
order_real,data/videos_real/int_2000ms/real_2000_00115.avi,2000,1,0,-1.3616,-11.5449,-11.2948,-12.5421,-11.9816,8,b,NO,NO.
order_rev,data/videos_real/int_2000ms/real_2000_00115.avi,2000,1,0,-1.6975,-11.4236,-11.4858,-12.5142,-11.985,8,b,NO,NO.
moved_real,data/videos_real/int_2000ms/real_2000_00115.avi,2000,1,0,-1.2683,-11.5949,-11.7821,-12.7481,-12.0941,8,b,NO,NO.
moved_twin,data/twin_real/real_2000_00115.avi,2000,0,0,-0.9473,-11.5208,-11.5831,-12.6116,-11.9887,8,b,NO,NO.
order_twin,data/twin_real/real_2000_00115.avi,2000,-1,0,-1.3616,-11.4825,-11.2324,-12.4173,-11.8567,8,b,NO,NO.
bind_twin,data/twin_real/real_2000_00115.avi,2000,0,0,-3.6065,-12.4831,-11.9831,-13.2937,-12.9824,8,b,NO,NO.
order_real,data/videos_real/int_2000ms/real_2000_00115_flip.avi,2000,0,0,-1.1323,-11.564,-11.1889,-12.5296,-11.9694,8,b,NO,NO.
order_real,data/videos_real/int_2000ms/real_2000_00127.avi,2000,0,0,-2.9479,-12.1169,-11.7418,-13.3021,-12.9285,8,b,NO,NO.
order_rev,data/videos_real/int_2000ms/real_2000_00127.avi,2000,0,0,-1.6324,-11.5254,-11.5876,-12.5841,-12.2427,8,b,NO,NO.
moved_real,data/videos_real/int_2000ms/real_2000_00127.avi,2000,1,0,-2.3228,-11.9097,-12.0345,-13.2823,-12.7837,8,b,NO,NO.
moved_twin,data/twin_real/real_2000_00127.avi,2000,0,0,-2.5092,-11.8308,-12.1429,-13.2661,-12.7673,8,b,NO,NO.
order_twin,data/twin_real/real_2000_00127.avi,2000,-1,0,-3.3383,-12.1365,-11.8864,-13.3845,-12.9483,8,b,NO,NO.
bind_twin,data/twin_real/real_2000_00127.avi,2000,0,0,-7.7499,-15.049,-15.0489,-15.9231,-16.0485,8,b,NO,NO.
order_real,data/videos_real/int_2000ms/real_2000_00127_flip.avi,2000,1,0,-2.5463,-12.0526,-11.5524,-13.1749,-12.8016,8,b,NO,NO.
order_real,data/videos_real/int_2000ms/real_2000_00139.avi,2000,1,0,-0.3524,-11.6742,-11.2366,-12.8272,-12.1734,8,a,NO,NO.
order_rev,data/videos_real/int_2000ms/real_2000_00139.avi,2000,1,0,-0.7056,-11.7086,-11.5211,-12.7684,-12.3328,8,a,NO,NO.
moved_real,data/videos_real/int_2000ms/real_2000_00139.avi,2000,1,0,-1.884,-11.645,-11.7697,-12.8926,-12.2067,8,a,NO,NO.
moved_twin,data/twin_real/real_2000_00139.avi,2000,0,0,-2.999,-11.8364,-12.1487,-13.1786,-12.5234,8,a,NO,NO.
order_twin,data/twin_real/real_2000_00139.avi,2000,-1,0,-1.4389,-11.7294,-11.2293,-12.8517,-12.2287,8,a,NO,NO.
bind_twin,data/twin_real/real_2000_00139.avi,2000,1,1,2.5364,-12.9685,-12.7185,-14.0293,-13.5928,8,a,YES,YES.
order_real,data/videos_real/int_2000ms/real_2000_00139_flip.avi,2000,0,0,-1.0459,-11.5299,-11.0298,-12.6203,-12.0603,8,a,NO,NO.
order_real,data/videos_real/int_2000ms/real_2000_00151.avi,2000,0,0,-2.2392,-11.731,-11.3558,-12.853,-12.3551,8,b,NO,NO.
order_rev,data/videos_real/int_2000ms/real_2000_00151.avi,2000,0,0,-1.4626,-11.5616,-11.4989,-12.6208,-12.2169,8,b,NO,NO.
moved_real,data/videos_real/int_2000ms/real_2000_00151.avi,2000,1,0,-1.393,-11.5066,-11.5689,-12.6592,-12.0993,8,b,NO,NO.
moved_twin,data/twin_real/real_2000_00151.avi,2000,0,0,-1.2261,-11.4175,-11.4797,-12.5386,-11.9788,8,b,NO,NO.
order_twin,data/twin_real/real_2000_00151.avi,2000,-1,0,-2.4028,-11.7785,-11.4034,-12.9319,-12.4652,8,b,NO,NO.
bind_twin,data/twin_real/real_2000_00151.avi,2000,0,0,-6.2628,-14.0809,-13.8934,-14.8923,-14.9553,8,b,NO,NO.
order_real,data/videos_real/int_2000ms/real_2000_00151_flip.avi,2000,1,0,-2.1141,-11.6815,-11.119,-12.8031,-12.3368,8,b,NO,NO.
order_real,data/videos_real/int_2000ms/real_2000_00163.avi,2000,0,0,-2.0219,-11.4142,-11.0391,-12.4427,-12.0694,8,a,NO,NO.
order_rev,data/videos_real/int_2000ms/real_2000_00163.avi,2000,0,0,-1.564,-11.5199,-11.3323,-12.2678,-11.9566,8,a,NO,NO.
moved_real,data/videos_real/int_2000ms/real_2000_00163.avi,2000,1,0,-2.227,-11.659,-11.7837,-12.9683,-12.4704,8,a,NO,NO.
moved_twin,data/twin_real/real_2000_00163.avi,2000,0,0,-2.1022,-11.5472,-11.7344,-12.8257,-12.3274,8,a,NO,NO.
order_twin,data/twin_real/real_2000_00163.avi,2000,-1,0,-2.4433,-11.4112,-11.2235,-12.4092,-12.0978,8,a,NO,NO.
bind_twin,data/twin_real/real_2000_00163.avi,2000,1,1,2.0345,-12.0263,-12.0886,-13.1488,-12.7126,8,a,YES,YES.
order_real,data/videos_real/int_2000ms/real_2000_00163_flip.avi,2000,1,0,-2.0396,-11.5018,-11.1266,-12.5614,-12.1882,8,a,NO,NO.
order_real,data/videos_real/int_2000ms/real_2000_00175.avi,2000,0,0,-1.713,-11.5454,-10.9203,-12.4483,-11.7947,8,b,NO,NO.
order_rev,data/videos_real/int_2000ms/real_2000_00175.avi,2000,0,0,-1.8178,-11.4779,-11.3527,-12.4431,-11.7895,8,b,NO,NO.
moved_real,data/videos_real/int_2000ms/real_2000_00175.avi,2000,1,1,0.9199,-11.6872,-11.8744,-13.1833,-12.0615,8,b,YES,YES.
moved_twin,data/twin_real/real_2000_00175.avi,2000,0,0,-0.8731,-11.3892,-11.6388,-12.6662,-11.7008,8,b,NO,NO.
order_twin,data/twin_real/real_2000_00175.avi,2000,-1,0,-1.8515,-11.4931,-11.0556,-12.4277,-11.7425,8,b,NO,NO.
bind_twin,data/twin_real/real_2000_00175.avi,2000,0,0,-7.88,-14.6518,-14.7767,-15.7758,-15.5263,8,b,NO,NO.
order_real,data/videos_real/int_2000ms/real_2000_00175_flip.avi,2000,1,0,-1.5559,-11.5388,-10.9137,-12.4729,-11.7881,8,b,NO,NO.
order_real,data/videos_real/int_2000ms/real_2000_00187.avi,2000,1,0,-0.9856,-11.4475,-10.5102,-12.226,-11.7594,8,b,NO,NO.
order_rev,data/videos_real/int_2000ms/real_2000_00187.avi,2000,1,0,-1.6506,-11.4314,-11.2439,-12.3042,-11.8682,8,b,NO,NO.
moved_real,data/videos_real/int_2000ms/real_2000_00187.avi,2000,1,1,0.4134,-11.4633,-11.1509,-12.3667,-11.8377,8,b,YES,YES.
moved_twin,data/twin_real/real_2000_00187.avi,2000,0,0,-1.1225,-11.4473,-11.3222,-12.4445,-11.7905,8,b,NO,NO.
order_twin,data/twin_real/real_2000_00187.avi,2000,-1,0,-1.414,-11.4728,-10.7854,-12.3455,-11.816,8,b,NO,NO.
bind_twin,data/twin_real/real_2000_00187.avi,2000,0,0,-2.6781,-11.852,-11.2895,-12.5371,-12.1013,8,b,NO,NO.
order_real,data/videos_real/int_2000ms/real_2000_00187_flip.avi,2000,0,0,-0.9134,-11.4052,-10.6553,-12.3082,-11.7795,8,b,NO,NO.
order_real,data/videos_real/int_2000ms/real_2000_00199.avi,2000,1,0,-2.1402,-11.6941,-11.1316,-12.7546,-12.0686,8,b,NO,NO.
order_rev,data/videos_real/int_2000ms/real_2000_00199.avi,2000,1,0,-2.1024,-11.5695,-11.4444,-12.5673,-12.0062,8,b,NO,NO.
moved_real,data/videos_real/int_2000ms/real_2000_00199.avi,2000,1,0,-1.8098,-11.5417,-11.729,-12.7884,-12.0409,8,b,NO,NO.
moved_twin,data/twin_real/real_2000_00199.avi,2000,0,0,-1.1995,-11.5526,-11.6149,-12.7677,-12.0203,8,b,NO,NO.
order_twin,data/twin_real/real_2000_00199.avi,2000,-1,0,-2.2058,-11.6621,-11.0996,-12.6601,-12.0366,8,b,NO,NO.
bind_twin,data/twin_real/real_2000_00199.avi,2000,0,0,-0.2157,-11.2865,-10.7866,-12.0024,-11.5667,8,b,NO,NO.
order_real,data/videos_real/int_2000ms/real_2000_00199_flip.avi,2000,0,0,-1.9714,-11.8555,-11.1056,-12.853,-12.2299,8,b,NO,NO.
order_real,data/videos_real/int_2000ms/real_2000_00211.avi,2000,0,0,-2.2718,-11.8861,-11.386,-13.0087,-12.448,8,b,NO,NO.
order_rev,data/videos_real/int_2000ms/real_2000_00211.avi,2000,0,0,-2.2718,-11.6364,-11.6362,-12.7898,-12.1981,8,b,NO,NO.
moved_real,data/videos_real/int_2000ms/real_2000_00211.avi,2000,1,0,-0.9627,-11.9884,-11.8007,-13.0476,-12.4251,8,b,NO,NO.
moved_twin,data/twin_real/real_2000_00211.avi,2000,0,0,-2.7689,-12.3432,-12.343,-13.4661,-12.905,8,b,NO,NO.
order_twin,data/twin_real/real_2000_00211.avi,2000,-1,0,-3.2138,-11.9791,-11.7914,-13.2275,-12.7286,8,b,NO,NO.
bind_twin,data/twin_real/real_2000_00211.avi,2000,0,0,-6.9033,-14.2434,-13.8684,-14.9926,-15.0554,8,b,NO,NO.
order_real,data/videos_real/int_2000ms/real_2000_00211_flip.avi,2000,1,0,-2.2366,-11.9167,-11.2916,-13.0702,-12.6034,8,b,NO,NO.
order_real,data/videos_real/int_2000ms/real_2000_00223.avi,2000,1,0,-1.838,-11.813,-11.1879,-12.8727,-12.4372,8,b,NO,NO.
order_rev,data/videos_real/int_2000ms/real_2000_00223.avi,2000,1,0,-1.8306,-11.4565,-11.2689,-12.5789,-12.268,8,b,NO,NO.
moved_real,data/videos_real/int_2000ms/real_2000_00223.avi,2000,1,0,-0.7265,-11.4916,-11.6163,-12.6442,-12.0532,8,b,NO,NO.
moved_twin,data/twin_real/real_2000_00223.avi,2000,0,0,-1.1236,-11.5085,-11.8829,-12.8794,-12.1947,8,b,NO,NO.
order_twin,data/twin_real/real_2000_00223.avi,2000,-1,0,-2.081,-11.6747,-11.3621,-13.0473,-12.6114,8,b,NO,NO.
bind_twin,data/twin_real/real_2000_00223.avi,2000,0,0,-1.4189,-11.6099,-11.3598,-12.4814,-12.1397,8,b,NO,NO.
order_real,data/videos_real/int_2000ms/real_2000_00223_flip.avi,2000,0,0,-1.421,-11.6322,-10.9447,-12.7539,-12.2876,8,b,NO,NO.
order_real,data/videos_real/int_2000ms/real_2000_00235.avi,2000,0,0,-0.6465,-11.3987,-11.0235,-12.3322,-11.8663,8,a,NO,NO.
order_rev,data/videos_real/int_2000ms/real_2000_00235.avi,2000,0,0,-1.5272,-11.701,-11.3885,-12.5423,-12.2002,8,a,NO,NO.
moved_real,data/videos_real/int_2000ms/real_2000_00235.avi,2000,1,0,-2.1851,-11.8708,-11.8706,-12.8683,-12.4325,8,a,NO,NO.
moved_twin,data/twin_real/real_2000_00235.avi,2000,0,0,-2.2348,-11.7205,-11.8453,-12.8121,-12.3447,8,a,NO,NO.
order_twin,data/twin_real/real_2000_00235.avi,2000,-1,0,-1.0033,-11.2042,-10.8916,-12.1383,-11.7031,8,a,NO,NO.
bind_twin,data/twin_real/real_2000_00235.avi,2000,1,1,4.6548,-13.08,-13.5799,-14.7034,-14.5165,8,a,YES,YES.
order_real,data/videos_real/int_2000ms/real_2000_00235_flip.avi,2000,1,0,-0.7149,-11.3759,-10.9382,-12.3406,-11.8747,8,a,NO,NO.
order_real,data/videos_real/int_2000ms/real_2000_00247.avi,2000,1,0,-1.1975,-11.2078,-10.7701,-12.4541,-11.863,8,a,NO,NO.
order_real,data/videos_real/int_2000ms/real_2000_00247_flip.avi,2000,0,0,-0.9893,-11.2598,-10.7597,-12.475,-11.8838,8,a,NO,NO.
order_real,data/videos_real/int_2000ms/real_2000_00259.avi,2000,0,0,-2.1712,-11.7734,-11.2109,-12.7399,-12.2727,8,b,NO,NO.
order_real,data/videos_real/int_2000ms/real_2000_00259_flip.avi,2000,1,0,-2.5642,-11.8404,-11.3404,-12.8698,-12.4023,8,b,NO,NO.
order_real,data/videos_real/int_2000ms/real_2000_00271.avi,2000,0,0,-1.1887,-11.6581,-10.8456,-12.6234,-12.0323,8,b,NO,NO.
order_real,data/videos_real/int_2000ms/real_2000_00271_flip.avi,2000,1,0,-1.0876,-11.5822,-10.7073,-12.4849,-11.8939,8,b,NO,NO.
order_real,data/videos_real/int_2000ms/real_2000_00283.avi,2000,0,0,-1.5594,-11.4568,-10.7693,-12.3283,-11.5187,8,b,NO,NO.
order_real,data/videos_real/int_2000ms/real_2000_00283_flip.avi,2000,1,0,-1.5594,-11.3943,-10.7692,-12.3597,-11.5187,8,b,NO,NO.
order_real,data/videos_real/int_2000ms/real_2000_00295.avi,2000,1,0,-1.4772,-11.3487,-10.8486,-12.5017,-12.0351,8,a,NO,NO.
order_real,data/videos_real/int_2000ms/real_2000_00295_flip.avi,2000,0,0,-1.7054,-11.4754,-10.9129,-12.5973,-12.1307,8,a,NO,NO.
order_real,data/videos_real/int_2000ms/real_2000_00307.avi,2000,0,0,-1.236,-11.4639,-11.2763,-12.7111,-12.0569,8,a,NO,NO.
order_real,data/videos_real/int_2000ms/real_2000_00307_flip.avi,2000,1,0,-1.1157,-11.4046,-11.1544,-12.6511,-12.0599,8,a,NO,NO.
order_real,data/videos_real/int_2000ms/real_2000_00319.avi,2000,1,0,-0.7272,-11.3496,-10.912,-12.4396,-11.8799,8,a,NO,NO.
order_real,data/videos_real/int_2000ms/real_2000_00319_flip.avi,2000,0,0,-0.3379,-11.3926,-10.8926,-12.545,-11.954,8,a,NO,NO.
order_real,data/videos_real/int_2000ms/real_2000_00331.avi,2000,0,0,-1.4211,-11.6948,-11.1947,-12.6611,-12.2253,8,b,NO,NO.
order_real,data/videos_real/int_2000ms/real_2000_00331_flip.avi,2000,1,0,-1.5187,-11.5452,-11.1076,-12.5429,-12.107,8,b,NO,NO.
order_real,data/videos_real/int_2000ms/real_2000_00343.avi,2000,0,0,-1.4313,-11.4366,-10.8741,-12.5897,-11.9046,8,a,NO,NO.
order_real,data/videos_real/int_2000ms/real_2000_00343_flip.avi,2000,1,0,-1.4313,-11.5613,-10.8738,-12.7454,-11.998,8,a,NO,NO.
order_real,data/videos_real/int_2000ms/real_2000_00355.avi,2000,1,0,-2.3059,-11.754,-11.1289,-12.6576,-11.8161,8,b,NO,NO.
order_real,data/videos_real/int_2000ms/real_2000_00355_flip.avi,2000,0,0,-2.2569,-11.6962,-11.0712,-12.5998,-11.6959,8,b,NO,NO.
order_real,data/videos_real/int_2000ms/real_2000_00367.avi,2000,1,0,-1.0724,-11.6119,-10.987,-12.6085,-12.1423,8,b,NO,NO.
order_real,data/videos_real/int_2000ms/real_2000_00367_flip.avi,2000,0,0,-1.0725,-11.6744,-11.0494,-12.6708,-12.1735,8,b,NO,NO.
order_real,data/videos_real/int_2000ms/real_2000_00379.avi,2000,1,0,-1.9713,-11.8555,-11.168,-12.7277,-12.2298,8,b,NO,NO.
order_real,data/videos_real/int_2000ms/real_2000_00379_flip.avi,2000,0,0,-2.1861,-11.7692,-11.0817,-12.6415,-12.206,8,b,NO,NO.
order_real,data/videos_real/int_2000ms/real_2000_00391.avi,2000,1,0,-2.3972,-11.4388,-11.1887,-12.8737,-12.1881,8,a,NO,NO.
order_real,data/videos_real/int_2000ms/real_2000_00391_flip.avi,2000,0,0,-2.2157,-11.2687,-11.081,-12.7347,-12.0179,8,a,NO,NO.
order_real,data/videos_real/int_2000ms/real_2000_00403.avi,2000,1,0,-0.6826,-11.0537,-10.3039,-11.7694,-11.2409,8,a,NO,NO.
order_real,data/videos_real/int_2000ms/real_2000_00403_flip.avi,2000,0,0,-0.572,-11.085,-10.2415,-11.7693,-11.2722,8,a,NO,NO.
order_real,data/videos_real/int_2000ms/real_2000_00415.avi,2000,1,0,-1.4489,-11.5011,-10.6886,-12.3725,-11.7192,8,a,NO,NO.
order_real,data/videos_real/int_2000ms/real_2000_00415_flip.avi,2000,0,0,-1.574,-11.4161,-10.6661,-12.3194,-11.6655,8,a,NO,NO.
order_real,data/videos_real/int_2000ms/real_2000_00427.avi,2000,1,0,-2.658,-11.9173,-11.7921,-13.165,-12.7913,8,b,NO,NO.
order_real,data/videos_real/int_2000ms/real_2000_00427_flip.avi,2000,0,0,-2.4079,-11.9357,-11.8105,-13.1828,-12.8095,8,b,NO,NO.
order_real,data/videos_real/int_2000ms/real_2000_00439.avi,2000,1,0,-1.3223,-11.6169,-10.7419,-12.4261,-11.991,8,b,NO,NO.
order_real,data/videos_real/int_2000ms/real_2000_00439_flip.avi,2000,0,0,-1.2125,-11.6145,-10.802,-12.361,-11.8949,8,b,NO,NO.
order_real,data/videos_real/int_2000ms/real_2000_00451.avi,2000,0,0,-2.8661,-12.4235,-11.6734,-13.7339,-13.2978,8,b,NO,NO.
order_real,data/videos_real/int_2000ms/real_2000_00451_flip.avi,2000,1,0,-2.8465,-12.4675,-11.7174,-13.7154,-13.2793,8,b,NO,NO.
order_real,data/videos_real/int_2000ms/real_2000_00463.avi,2000,1,0,-2.3246,-11.6321,-11.4444,-12.91,-12.3811,8,b,NO,NO.
order_real,data/videos_real/int_2000ms/real_2000_00463_flip.avi,2000,0,0,-2.5746,-11.6746,-11.5494,-12.8904,-12.4237,8,b,NO,NO.
order_real,data/videos_real/int_2000ms/real_2000_00475.avi,2000,0,0,-1.6569,-11.7757,-10.8384,-12.4913,-12.1188,8,b,NO,NO.
order_real,data/videos_real/int_2000ms/real_2000_00475_flip.avi,2000,1,0,-1.407,-11.6954,-10.6956,-12.4111,-11.976,8,b,NO,NO.
order_real,data/videos_real/int_2000ms/real_2000_00487.avi,2000,1,0,-2.1977,-11.4859,-11.1732,-12.5772,-12.1725,8,a,NO,NO.
order_real,data/videos_real/int_2000ms/real_2000_00487_flip.avi,2000,0,0,-2.213,-11.52,-11.2699,-12.6425,-12.2691,8,a,NO,NO.
order_real,data/videos_real/int_2000ms/real_2000_00499.avi,2000,1,0,-0.7725,-11.6881,-10.8756,-12.6213,-12.0622,8,b,NO,NO.
order_real,data/videos_real/int_2000ms/real_2000_00499_flip.avi,2000,0,0,-0.6691,-11.6187,-10.8687,-12.6143,-12.0552,8,b,NO,NO.
order_real,data/videos_real/int_2000ms/real_2000_00511.avi,2000,1,0,-1.1154,-11.5298,-10.7174,-12.6504,-12.0287,8,a,NO,NO.
order_real,data/videos_real/int_2000ms/real_2000_00511_flip.avi,2000,0,0,-0.989,-11.3852,-10.7602,-12.537,-11.9153,8,a,NO,NO.
order_real,data/videos_real/int_2000ms/real_2000_00523.avi,2000,1,0,-1.588,-11.9759,-11.0384,-13.0348,-12.5686,8,a,NO,NO.
order_real,data/videos_real/int_2000ms/real_2000_00523_flip.avi,2000,0,0,-1.6144,-11.9982,-11.0607,-12.9942,-12.4971,8,a,NO,NO.
order_real,data/videos_real/int_2000ms/real_2000_00535.avi,2000,1,0,-2.4621,-11.685,-10.8726,-12.4335,-11.9971,8,b,NO,NO.
order_real,data/videos_real/int_2000ms/real_2000_00535_flip.avi,2000,0,0,-2.5118,-11.9691,-10.9693,-12.6552,-12.2188,8,b,NO,NO.
order_real,data/videos_real/int_2000ms/real_2000_00547.avi,2000,1,0,-2.8661,-12.049,-11.8613,-13.3592,-13.0479,8,b,NO,NO.
order_real,data/videos_real/int_2000ms/real_2000_00547_flip.avi,2000,0,0,-2.6287,-11.9815,-11.7314,-13.2603,-12.9179,8,b,NO,NO.
order_real,data/videos_real/int_2000ms/real_2000_00559.avi,2000,1,0,-2.4546,-11.8659,-11.4908,-12.9886,-12.6151,8,b,NO,NO.
order_real,data/videos_real/int_2000ms/real_2000_00559_flip.avi,2000,0,0,-2.7773,-12.0641,-11.7514,-13.2181,-12.8132,8,b,NO,NO.
order_real,data/videos_real/int_2000ms/real_2000_00571.avi,2000,0,0,-1.5011,-11.7424,-11.1174,-12.7387,-12.0853,8,b,NO,NO.
order_real,data/videos_real/int_2000ms/real_2000_00571_flip.avi,2000,1,0,-1.4627,-11.7496,-11.0621,-12.7144,-12.0924,8,b,NO,NO.
order_real,data/videos_real/int_2000ms/real_2000_00583.avi,2000,1,0,-2.7515,-12.2885,-11.726,-13.3489,-13.0377,8,b,NO,NO.
order_real,data/videos_real/int_2000ms/real_2000_00583_flip.avi,2000,0,0,-2.814,-12.3233,-11.7608,-13.3837,-13.0101,8,b,NO,NO.
order_real,data/videos_real/int_2000ms/real_2000_00595.avi,2000,0,0,-1.7125,-11.8941,-11.3316,-12.8591,-12.3619,8,b,NO,NO.
order_real,data/videos_real/int_2000ms/real_2000_00595_flip.avi,2000,1,0,-1.6373,-11.8195,-11.257,-12.8471,-12.2874,8,b,NO,NO.
order_real,data/videos_real/int_3000ms/real_3000_00008.avi,3000,1,0,-0.4771,-11.1266,-10.3765,-12.4035,-11.7504,8,a,NO,NO.
order_rev,data/videos_real/int_3000ms/real_3000_00008.avi,3000,1,0,-1.0876,-11.332,-11.3943,-12.5157,-11.9247,8,a,NO,NO.
moved_real,data/videos_real/int_3000ms/real_3000_00008.avi,3000,1,0,-0.7263,-11.2424,-11.492,-12.7068,-11.8663,8,a,NO,NO.
moved_twin,data/twin_real/real_3000_00008.avi,3000,0,0,-1.0086,-11.2534,-11.5029,-12.6869,-11.8773,8,a,NO,NO.
order_twin,data/twin_real/real_3000_00008.avi,3000,-1,0,-1.0563,-11.1468,-10.5217,-12.4557,-11.8021,8,a,NO,NO.
bind_twin,data/twin_real/real_3000_00008.avi,3000,1,1,2.5223,-12.2743,-12.2118,-13.553,-12.8986,8,a,YES,YES.
order_real,data/videos_real/int_3000ms/real_3000_00008_flip.avi,3000,0,0,-0.8223,-11.1834,-10.4959,-12.3673,-11.7761,8,a,NO,NO.
order_real,data/videos_real/int_3000ms/real_3000_00020.avi,3000,1,0,-1.9892,-11.6338,-11.0087,-12.7556,-12.2579,8,b,NO,NO.
order_rev,data/videos_real/int_3000ms/real_3000_00020.avi,3000,1,0,-2.0462,-11.7867,-11.5991,-12.909,-12.3484,8,b,NO,NO.
moved_real,data/videos_real/int_3000ms/real_3000_00020.avi,3000,1,0,-0.5629,-11.4564,-11.6436,-12.734,-12.1742,8,b,NO,NO.
moved_twin,data/twin_real/real_3000_00020.avi,3000,0,0,-1.2686,-11.4703,-11.7824,-12.8418,-12.3129,8,b,NO,NO.
order_twin,data/twin_real/real_3000_00020.avi,3000,-1,0,-2.2268,-11.7615,-11.2614,-12.8838,-12.4793,8,b,NO,NO.
bind_twin,data/twin_real/real_3000_00020.avi,3000,0,0,-5.732,-13.7712,-13.4586,-14.5824,-14.4581,8,b,NO,NO
order_real,data/videos_real/int_3000ms/real_3000_00020_flip.avi,3000,0,0,-1.7391,-11.6677,-10.9178,-12.7265,-12.2293,8,b,NO,NO.
order_real,data/videos_real/int_3000ms/real_3000_00032.avi,3000,0,0,-1.671,-11.4017,-10.7767,-12.2431,-11.7136,8,a,NO,NO.
order_rev,data/videos_real/int_3000ms/real_3000_00032.avi,3000,0,0,-0.8522,-11.5603,-11.2479,-12.276,-11.8096,8,a,NO,NO.
moved_real,data/videos_real/int_3000ms/real_3000_00032.avi,3000,1,0,-1.7685,-11.7543,-11.8165,-12.8449,-12.066,8,a,NO,NO.
moved_twin,data/twin_real/real_3000_00032.avi,3000,0,0,-1.8837,-11.7703,-11.895,-12.7988,-12.0196,8,a,NO,NO.
order_twin,data/twin_real/real_3000_00032.avi,3000,-1,0,-1.814,-11.6056,-11.0431,-12.5406,-11.98,8,a,NO,NO.
bind_twin,data/twin_real/real_3000_00032.avi,3000,1,1,0.6451,-11.8272,-11.5146,-12.8233,-12.1696,8,a,YES,YES.
order_real,data/videos_real/int_3000ms/real_3000_00032_flip.avi,3000,1,0,-1.689,-11.4994,-10.8744,-12.4345,-11.8114,8,a,NO,NO.
order_real,data/videos_real/int_3000ms/real_3000_00044.avi,3000,1,0,-1.8641,-11.3993,-10.9616,-12.4906,-11.9612,8,b,NO,NO.
order_rev,data/videos_real/int_3000ms/real_3000_00044.avi,3000,1,0,-1.3244,-11.1511,-11.2134,-12.1481,-11.6503,8,b,NO,NO.
moved_real,data/videos_real/int_3000ms/real_3000_00044.avi,3000,1,0,-2.1823,-11.9523,-12.0145,-13.1685,-12.5765,8,b,NO,NO.
moved_twin,data/twin_real/real_3000_00044.avi,3000,0,0,-2.2689,-11.8814,-12.1311,-13.2227,-12.6306,8,b,NO,NO.
order_twin,data/twin_real/real_3000_00044.avi,3000,-1,0,-2.2394,-11.6681,-11.2305,-12.7285,-12.2301,8,b,NO,NO.
bind_twin,data/twin_real/real_3000_00044.avi,3000,0,0,-4.2816,-13.0151,-12.6401,-13.826,-13.6395,8,b,NO,NO.
order_real,data/videos_real/int_3000ms/real_3000_00044_flip.avi,3000,0,0,-2.1017,-11.5243,-11.0242,-12.5847,-12.0863,8,b,NO,NO.
order_real,data/videos_real/int_3000ms/real_3000_00056.avi,3000,0,0,-1.5011,-11.3063,-10.8686,-12.5216,-12.0241,8,a,NO,NO.
order_rev,data/videos_real/int_3000ms/real_3000_00056.avi,3000,0,0,-0.6607,-11.7191,-11.469,-12.6853,-12.2809,8,a,NO,NO.
moved_real,data/videos_real/int_3000ms/real_3000_00056.avi,3000,1,0,-1.9191,-11.7167,-11.8414,-12.8077,-12.4033,8,a,NO,NO.
moved_twin,data/twin_real/real_3000_00056.avi,3000,0,0,-2.1613,-11.6499,-11.9621,-12.8663,-12.5553,8,a,NO,NO.
order_twin,data/twin_real/real_3000_00056.avi,3000,-1,0,-1.1262,-11.1365,-10.8863,-12.4141,-11.8855,8,a,NO,NO.
bind_twin,data/twin_real/real_3000_00056.avi,3000,1,1,4.7595,-13.1602,-13.5976,-14.5338,-14.347,8,a,YES,YES
order_real,data/videos_real/int_3000ms/real_3000_00056_flip.avi,3000,1,0,-1.1141,-11.2283,-10.7906,-12.4744,-11.946,8,a,NO,NO.
order_real,data/videos_real/int_3000ms/real_3000_00068.avi,3000,1,0,-1.715,-11.579,-11.2039,-12.7013,-12.2033,8,a,NO,NO.
order_rev,data/videos_real/int_3000ms/real_3000_00068.avi,3000,1,0,-1.3965,-11.5723,-11.5096,-12.5689,-12.0714,8,a,NO,NO.
moved_real,data/videos_real/int_3000ms/real_3000_00068.avi,3000,1,0,-2.028,-11.94,-11.9398,-13.0315,-12.5642,8,a,NO,NO.
moved_twin,data/twin_real/real_3000_00068.avi,3000,0,0,-2.6992,-12.2052,-12.33,-13.3909,-12.9546,8,a,NO,NO.
order_twin,data/twin_real/real_3000_00068.avi,3000,-1,0,-2.6118,-11.761,-11.5733,-12.9465,-12.5104,8,a,NO,NO.
bind_twin,data/twin_real/real_3000_00068.avi,3000,1,1,3.7866,-13.0929,-13.4053,-14.4664,-14.1546,8,a,YES,YES.
order_real,data/videos_real/int_3000ms/real_3000_00068_flip.avi,3000,0,0,-2.2152,-11.5792,-11.3291,-12.8582,-12.391,8,a,NO,NO.
order_real,data/videos_real/int_3000ms/real_3000_00080.avi,3000,1,0,-1.965,-11.3582,-10.9206,-12.3242,-11.9198,8,a,NO,NO.
order_rev,data/videos_real/int_3000ms/real_3000_00080.avi,3000,1,1,0.4848,-11.5475,-11.485,-12.6068,-12.1716,8,a,YES,YES.
moved_real,data/videos_real/int_3000ms/real_3000_00080.avi,3000,1,0,-2.1754,-11.7987,-11.861,-12.7961,-12.3291,8,a,NO,NO.
moved_twin,data/twin_real/real_3000_00080.avi,3000,0,0,-2.3247,-11.5073,-11.8195,-12.6929,-12.2564,8,a,NO,NO.
order_twin,data/twin_real/real_3000_00080.avi,3000,-1,0,-1.9653,-11.1088,-10.8587,-12.0133,-11.733,8,a,NO,NO.
bind_twin,data/twin_real/real_3000_00080.avi,3000,1,1,3.5378,-12.3062,-12.6186,-13.6797,-13.3054,8,a,YES,YES.
order_real,data/videos_real/int_3000ms/real_3000_00080_flip.avi,3000,0,0,-1.6116,-11.3741,-10.9364,-12.3711,-11.9043,8,a,NO,NO.
order_real,data/videos_real/int_3000ms/real_3000_00092.avi,3000,0,0,-1.1525,-11.3434,-10.9683,-12.4334,-11.8112,8,a,NO,NO.
order_rev,data/videos_real/int_3000ms/real_3000_00092.avi,3000,0,0,-0.8781,-11.6356,-11.3856,-12.5383,-12.0723,8,a,NO,NO.
moved_real,data/videos_real/int_3000ms/real_3000_00092.avi,3000,1,0,-1.3926,-11.7563,-11.6936,-12.7837,-12.1616,8,a,NO,NO.
moved_twin,data/twin_real/real_3000_00092.avi,3000,0,0,-1.6523,-11.6805,-11.8052,-12.7089,-12.1797,8,a,NO,NO.
order_twin,data/twin_real/real_3000_00092.avi,3000,-1,0,-1.1373,-11.2967,-10.9217,-12.2626,-11.7647,8,a,NO,NO.
bind_twin,data/twin_real/real_3000_00092.avi,3000,1,1,5.5109,-13.5275,-14.0899,-15.0262,-14.6519,8,a,YES,YES.
order_real,data/videos_real/int_3000ms/real_3000_00092_flip.avi,3000,1,0,-1.1523,-11.2814,-10.9063,-12.2779,-11.7181,8,a,NO,NO.
order_real,data/videos_real/int_3000ms/real_3000_00104.avi,3000,0,0,-1.4773,-11.7849,-10.9724,-13.0305,-12.4088,8,b,NO,NO.
order_rev,data/videos_real/int_3000ms/real_3000_00104.avi,3000,0,0,-1.0803,-11.4132,-11.2257,-12.5342,-11.9433,8,b,NO,NO.
moved_real,data/videos_real/int_3000ms/real_3000_00104.avi,3000,1,0,-0.1141,-11.3933,-11.4555,-12.7642,-11.8924,8,b,NO,NO.
moved_twin,data/twin_real/real_3000_00104.avi,3000,0,0,-1.7778,-11.5986,-11.9107,-12.9705,-12.3163,8,b,NO,NO.
order_twin,data/twin_real/real_3000_00104.avi,3000,-1,0,-2.5014,-11.869,-11.4314,-13.0846,-12.5244,8,b,NO,NO.
bind_twin,data/twin_real/real_3000_00104.avi,3000,0,0,-3.2949,-12.7625,-12.2625,-13.698,-13.2616,8,b,NO,NO.
order_real,data/videos_real/int_3000ms/real_3000_00104_flip.avi,3000,1,0,-2.4556,-12.0765,-11.389,-13.1985,-12.763,8,b,NO,NO.
order_real,data/videos_real/int_3000ms/real_3000_00116.avi,3000,0,0,-2.1376,-11.8782,-11.503,-13.0621,-12.5959,8,b,NO,NO.
order_rev,data/videos_real/int_3000ms/real_3000_00116.avi,3000,0,0,-2.7733,-12.1791,-12.1789,-13.3956,-13.0532,8,b,NO,NO.
moved_real,data/videos_real/int_3000ms/real_3000_00116.avi,3000,1,0,-1.5684,-11.7302,-11.9798,-13.0076,-12.4479,8,b,NO,NO.
moved_twin,data/twin_real/real_3000_00116.avi,3000,0,0,-1.5365,-11.5487,-11.9233,-12.889,-12.4225,8,b,NO,NO.
order_twin,data/twin_real/real_3000_00116.avi,3000,-1,0,-2.3877,-11.9169,-11.6667,-13.1012,-12.6658,8,b,NO,NO.
bind_twin,data/twin_real/real_3000_00116.avi,3000,0,0,-6.755,-14.4026,-14.2776,-15.2141,-15.2146,8,b,NO,NO
order_real,data/videos_real/int_3000ms/real_3000_00116_flip.avi,3000,1,0,-2.1263,-11.841,-11.4658,-13.0247,-12.5586,8,b,NO,NO.
order_real,data/videos_real/int_3000ms/real_3000_00128.avi,3000,0,0,-1.4907,-11.6986,-10.8237,-12.6642,-12.1353,8,b,NO,NO.
order_rev,data/videos_real/int_3000ms/real_3000_00128.avi,3000,0,0,-1.5271,-11.6387,-11.5136,-12.7918,-12.2941,8,b,NO,NO.
moved_real,data/videos_real/int_3000ms/real_3000_00128.avi,3000,1,0,-0.8221,-11.3705,-11.1829,-12.5234,-11.8072,8,b,NO,NO.
moved_twin,data/twin_real/real_3000_00128.avi,3000,0,0,-1.727,-11.4087,-11.5334,-12.7494,-12.0016,8,b,NO,NO.
order_twin,data/twin_real/real_3000_00128.avi,3000,-1,0,-1.7732,-11.8391,-11.1516,-13.0238,-12.4009,8,b,NO,NO.
bind_twin,data/twin_real/real_3000_00128.avi,3000,0,0,-3.999,-12.4591,-11.8343,-13.208,-12.9586,8,b,NO,NO.
order_real,data/videos_real/int_3000ms/real_3000_00128_flip.avi,3000,1,0,-1.3657,-11.6603,-10.8478,-12.7195,-12.1907,8,b,NO,NO.
order_real,data/videos_real/int_3000ms/real_3000_00140.avi,3000,0,0,-1.7345,-11.3452,-10.8451,-12.3111,-11.6571,8,a,NO,NO.
order_rev,data/videos_real/int_3000ms/real_3000_00140.avi,3000,0,0,-0.7769,-11.1977,-11.0725,-12.0074,-11.4469,8,a,NO,NO.
moved_real,data/videos_real/int_3000ms/real_3000_00140.avi,3000,1,0,-1.8509,-11.4934,-11.4931,-12.4906,-11.6804,8,a,NO,NO.
moved_twin,data/twin_real/real_3000_00140.avi,3000,0,0,-2.2376,-11.4293,-11.6165,-12.7392,-11.9287,8,a,NO,NO.
order_twin,data/twin_real/real_3000_00140.avi,3000,-1,0,-1.8975,-11.4298,-11.1171,-12.5523,-11.8667,8,a,NO,NO.
bind_twin,data/twin_real/real_3000_00140.avi,3000,1,1,2.3106,-11.3663,-11.5536,-12.7395,-11.9908,8,a,YES,YES.
order_real,data/videos_real/int_3000ms/real_3000_00140_flip.avi,3000,1,0,-1.6471,-11.2794,-10.9042,-12.3702,-11.6537,8,a,NO,NO.
order_real,data/videos_real/int_3000ms/real_3000_00152.avi,3000,1,0,-0.5638,-11.468,-10.9055,-12.4955,-11.8421,8,a,NO,NO.
order_rev,data/videos_real/int_3000ms/real_3000_00152.avi,3000,1,0,-1.7408,-11.7189,-11.4063,-12.4976,-12.1556,8,a,NO,NO.
moved_real,data/videos_real/int_3000ms/real_3000_00152.avi,3000,1,0,-1.0085,-11.3788,-11.3161,-12.5003,-11.8153,8,a,NO,NO.
moved_twin,data/twin_real/real_3000_00152.avi,3000,0,0,-1.9768,-11.6637,-11.7885,-12.6932,-12.1006,8,a,NO,NO.
order_twin,data/twin_real/real_3000_00152.avi,3000,-1,0,-0.9022,-11.3463,-10.9712,-12.4053,-11.7827,8,a,NO,NO.
bind_twin,data/twin_real/real_3000_00152.avi,3000,1,1,1.0615,-11.8365,-11.524,-12.6154,-12.1479,8,a,YES,YES.
order_real,data/videos_real/int_3000ms/real_3000_00152_flip.avi,3000,0,0,-0.2958,-11.2856,-10.7856,-12.313,-11.5972,8,a,NO,NO.
order_real,data/videos_real/int_3000ms/real_3000_00164.avi,3000,1,0,-2.4896,-11.8339,-11.5213,-12.988,-12.6455,8,b,NO,NO.
order_rev,data/videos_real/int_3000ms/real_3000_00164.avi,3000,1,0,-2.5223,-11.9052,-11.7177,-13.0907,-12.7795,8,b,NO,NO.
moved_real,data/videos_real/int_3000ms/real_3000_00164.avi,3000,1,0,-1.1337,-11.5956,-11.6579,-12.7489,-12.2822,8,b,NO,NO.
moved_twin,data/twin_real/real_3000_00164.avi,3000,0,0,-0.9475,-11.583,-11.7078,-12.6741,-12.1759,8,b,NO,NO.
order_twin,data/twin_real/real_3000_00164.avi,3000,-1,0,-2.5729,-11.8901,-11.5775,-13.0444,-12.7018,8,b,NO,NO.
bind_twin,data/twin_real/real_3000_00164.avi,3000,0,0,-5.4779,-13.18,-12.68,-13.8667,-13.867,8,b,NO,NO.
order_real,data/videos_real/int_3000ms/real_3000_00164_flip.avi,3000,0,0,-2.3382,-11.8822,-11.5696,-13.0364,-12.6939,8,b,NO,NO.
order_real,data/videos_real/int_3000ms/real_3000_00176.avi,3000,1,0,-1.6018,-11.5929,-11.2178,-12.5899,-12.092,8,a,NO,NO.
order_rev,data/videos_real/int_3000ms/real_3000_00176.avi,3000,1,0,-0.5789,-11.7771,-11.5271,-12.8682,-12.4638,8,a,NO,NO.
moved_real,data/videos_real/int_3000ms/real_3000_00176.avi,3000,1,0,-2.3646,-11.9686,-12.1558,-13.2788,-12.7801,8,a,NO,NO.
moved_twin,data/twin_real/real_3000_00176.avi,3000,0,0,-2.2515,-11.5783,-11.8905,-12.9199,-12.4835,8,a,NO,NO.
order_twin,data/twin_real/real_3000_00176.avi,3000,-1,0,-1.8826,-11.3642,-11.1141,-12.4246,-12.0196,8,a,NO,NO.
bind_twin,data/twin_real/real_3000_00176.avi,3000,1,1,2.7671,-12.4292,-12.7415,-13.7393,-13.2406,8,a,YES,YES.
order_real,data/videos_real/int_3000ms/real_3000_00176_flip.avi,3000,0,0,-1.2895,-11.3109,-10.9982,-12.3076,-11.8722,8,a,NO,NO.
order_real,data/videos_real/int_3000ms/real_3000_00188.avi,3000,1,0,-1.2769,-11.6265,-11.0016,-12.6849,-12.0006,8,a,NO,NO.
order_rev,data/videos_real/int_3000ms/real_3000_00188.avi,3000,1,0,-0.9556,-11.6951,-11.5701,-12.9104,-12.4129,8,a,NO,NO.
moved_real,data/videos_real/int_3000ms/real_3000_00188.avi,3000,1,0,-1.8641,-11.9609,-11.8982,-12.9583,-12.2728,8,a,NO,NO.
moved_twin,data/twin_real/real_3000_00188.avi,3000,0,0,-3.028,-12.2379,-12.4252,-13.3614,-12.7999,8,a,NO,NO.
order_twin,data/twin_real/real_3000_00188.avi,3000,-1,0,-2.2774,-11.6025,-11.3524,-12.7561,-12.1641,8,a,NO,NO.
bind_twin,data/twin_real/real_3000_00188.avi,3000,1,1,3.2743,-12.9748,-13.1622,-14.3473,-13.7237,8,a,YES,YES.
order_real,data/videos_real/int_3000ms/real_3000_00188_flip.avi,3000,0,0,-1.5724,-11.6314,-11.0064,-12.7526,-12.1304,8,a,NO,NO.
order_real,data/videos_real/int_3000ms/real_3000_00200.avi,3000,0,0,-2.9912,-12.2924,-11.8549,-13.416,-12.9794,8,b,NO,NO.
order_rev,data/videos_real/int_3000ms/real_3000_00200.avi,3000,0,0,-2.3309,-12.024,-12.1489,-13.2721,-12.8359,8,b,NO,NO.
moved_real,data/videos_real/int_3000ms/real_3000_00200.avi,3000,1,0,-1.7622,-11.8623,-11.7372,-12.9223,-12.3616,8,b,NO,NO.
moved_twin,data/twin_real/real_3000_00200.avi,3000,0,0,-1.9434,-11.9239,-11.7988,-12.9219,-12.3609,8,b,NO,NO.
order_twin,data/twin_real/real_3000_00200.avi,3000,-1,0,-3.283,-12.448,-12.0105,-13.6343,-13.1351,8,b,NO,NO.
bind_twin,data/twin_real/real_3000_00200.avi,3000,0,0,-4.3567,-12.9061,-12.4687,-13.655,-13.4681,8,b,NO,NO.
order_real,data/videos_real/int_3000ms/real_3000_00200_flip.avi,3000,1,0,-2.6161,-12.2516,-11.7516,-13.3749,-12.8761,8,b,NO,NO.
order_real,data/videos_real/int_3000ms/real_3000_00212.avi,3000,0,0,-1.2392,-11.5722,-11.197,-12.7549,-12.1333,8,a,NO,NO.
order_rev,data/videos_real/int_3000ms/real_3000_00212.avi,3000,0,0,-1.9211,-11.7393,-11.6142,-12.8297,-12.3632,8,a,NO,NO.
moved_real,data/videos_real/int_3000ms/real_3000_00212.avi,3000,1,0,-1.3422,-11.6414,-11.891,-13.0744,-12.2965,8,a,NO,NO.
moved_twin,data/twin_real/real_3000_00212.avi,3000,0,0,-2.7495,-12.0323,-12.4071,-13.4361,-12.8441,8,a,NO,NO.
order_twin,data/twin_real/real_3000_00212.avi,3000,-1,0,-1.9894,-11.4457,-11.3829,-12.817,-12.257,8,a,NO,NO.
bind_twin,data/twin_real/real_3000_00212.avi,3000,1,1,4.6419,-13.1779,-13.8027,-14.6135,-14.1771,8,a,YES,YES.
order_real,data/videos_real/int_3000ms/real_3000_00212_flip.avi,3000,1,0,-1.3935,-11.3819,-11.1317,-12.5651,-11.9744,8,a,NO,NO.
order_real,data/videos_real/int_3000ms/real_3000_00224.avi,3000,1,0,-2.2272,-12.0557,-11.3682,-12.9592,-12.4924,8,b,NO,NO.
order_rev,data/videos_real/int_3000ms/real_3000_00224.avi,3000,1,0,-0.7123,-11.5032,-11.2531,-12.5297,-12.0644,8,b,NO,NO.
moved_real,data/videos_real/int_3000ms/real_3000_00224.avi,3000,1,0,-0.8511,-11.2039,-11.3285,-12.4189,-11.7966,8,b,NO,NO.
moved_twin,data/twin_real/real_3000_00224.avi,3000,0,0,-1.6337,-11.3698,-11.6819,-12.6797,-12.1501,8,b,NO,NO.
order_twin,data/twin_real/real_3000_00224.avi,3000,-1,0,-2.491,-12.0734,-11.5734,-13.0089,-12.5103,8,b,NO,NO.
bind_twin,data/twin_real/real_3000_00224.avi,3000,0,0,-7.1177,-14.6806,-14.868,-15.6171,-15.8673,8,b,NO,NO.
order_real,data/videos_real/int_3000ms/real_3000_00224_flip.avi,3000,0,0,-2.3379,-12.0694,-11.5069,-13.0045,-12.5686,8,b,NO,NO.
order_real,data/videos_real/int_3000ms/real_3000_00236.avi,3000,0,0,-0.9887,-11.3232,-10.7606,-12.288,-11.8534,8,a,NO,NO.
order_rev,data/videos_real/int_3000ms/real_3000_00236.avi,3000,0,0,-1.7507,-11.5763,-11.3262,-12.4168,-11.9817,8,a,NO,NO.
moved_real,data/videos_real/int_3000ms/real_3000_00236.avi,3000,1,0,-0.1929,-11.6428,-11.705,-12.6385,-12.0791,8,a,NO,NO.
moved_twin,data/twin_real/real_3000_00236.avi,3000,0,0,-0.4428,-11.6002,-11.6624,-12.4716,-11.943,8,a,NO,NO.
order_twin,data/twin_real/real_3000_00236.avi,3000,-1,0,-1.0359,-11.4087,-10.7837,-12.2802,-11.8766,8,a,NO,NO.
bind_twin,data/twin_real/real_3000_00236.avi,3000,1,1,4.388,-13.1676,-13.4175,-14.2913,-14.167,8,a,YES,YES.
order_real,data/videos_real/int_3000ms/real_3000_00236_flip.avi,3000,1,0,-1.1367,-11.4216,-10.6716,-12.3243,-11.8583,8,a,NO,NO.
order_real,data/videos_real/int_3000ms/real_3000_00248.avi,3000,1,0,-1.6321,-11.2141,-10.9015,-12.2739,-11.9007,8,a,NO,NO.
order_real,data/videos_real/int_3000ms/real_3000_00248_flip.avi,3000,0,0,-1.6321,-11.2766,-11.0265,-12.3053,-11.932,8,a,NO,NO.
order_real,data/videos_real/int_3000ms/real_3000_00260.avi,3000,1,0,-2.6616,-11.7327,-11.6076,-13.2299,-12.607,8,b,NO,NO.
order_real,data/videos_real/int_3000ms/real_3000_00260_flip.avi,3000,0,0,-2.7513,-11.7895,-11.6643,-13.2244,-12.6638,8,b,NO,NO.
order_real,data/videos_real/int_3000ms/real_3000_00272.avi,3000,0,0,-1.1813,-11.3652,-11.0524,-12.5485,-12.0202,8,a,NO,NO.
order_real,data/videos_real/int_3000ms/real_3000_00272_flip.avi,3000,1,0,-1.1811,-11.3655,-10.9903,-12.4863,-11.9268,8,a,NO,NO.
order_real,data/videos_real/int_3000ms/real_3000_00284.avi,3000,0,0,-1.3763,-11.6411,-11.0785,-12.7001,-12.2338,8,b,NO,NO.
order_real,data/videos_real/int_3000ms/real_3000_00284_flip.avi,3000,1,0,-1.7129,-11.6439,-11.1438,-12.8281,-12.268,8,b,NO,NO.
order_real,data/videos_real/int_3000ms/real_3000_00296.avi,3000,0,0,-1.8763,-11.6835,-11.3708,-12.7741,-12.1826,8,b,NO,NO.
order_real,data/videos_real/int_3000ms/real_3000_00296_flip.avi,3000,1,0,-1.9116,-11.7412,-11.4285,-12.832,-12.2403,8,b,NO,NO.
order_real,data/videos_real/int_3000ms/real_3000_00308.avi,3000,0,0,-1.4626,-11.749,-10.999,-12.7149,-11.9985,8,b,NO,NO.
order_real,data/videos_real/int_3000ms/real_3000_00308_flip.avi,3000,1,0,-1.2957,-11.7827,-10.9702,-12.6545,-11.9696,8,b,NO,NO.
order_real,data/videos_real/int_3000ms/real_3000_00320.avi,3000,0,0,-3.2132,-12.2036,-11.8284,-13.3894,-12.828,8,b,NO,NO.
order_real,data/videos_real/int_3000ms/real_3000_00320_flip.avi,3000,1,0,-3.2276,-12.3039,-11.8039,-13.4274,-12.9284,8,b,NO,NO.
order_real,data/videos_real/int_3000ms/real_3000_00332.avi,3000,0,0,-1.2511,-11.6054,-10.9803,-12.5394,-12.0732,8,b,NO,NO.
order_real,data/videos_real/int_3000ms/real_3000_00332_flip.avi,3000,1,0,-0.9627,-11.7395,-11.1145,-12.5795,-12.0823,8,b,NO,NO.
order_real,data/videos_real/int_3000ms/real_3000_00344.avi,3000,0,0,-2.2512,-11.8901,-11.1401,-12.8564,-12.3895,8,a,NO,NO.
order_real,data/videos_real/int_3000ms/real_3000_00344_flip.avi,3000,1,0,-1.5012,-11.6794,-11.0542,-12.6762,-12.1785,8,a,NO,NO.
order_real,data/videos_real/int_3000ms/real_3000_00356.avi,3000,0,0,-1.0872,-11.0842,-10.6466,-12.1435,-11.6147,8,a,NO,NO.
order_real,data/videos_real/int_3000ms/real_3000_00356_flip.avi,3000,1,0,-1.2387,-11.0746,-10.5746,-12.165,-11.5738,8,a,NO,NO.
order_real,data/videos_real/int_3000ms/real_3000_00368.avi,3000,0,0,-1.0213,-11.3477,-10.8476,-12.5938,-11.9405,8,a,NO,NO.
order_real,data/videos_real/int_3000ms/real_3000_00368_flip.avi,3000,1,0,-0.9493,-11.4295,-10.9293,-12.7068,-12.0222,8,a,NO,NO.
order_real,data/videos_real/int_3000ms/real_3000_00380.avi,3000,0,0,-2.1377,-11.379,-11.2538,-12.8447,-12.3156,8,a,NO,NO.
order_real,data/videos_real/int_3000ms/real_3000_00380_flip.avi,3000,1,0,-2.0231,-11.3075,-11.1823,-12.8044,-12.3066,8,a,NO,NO.
order_real,data/videos_real/int_3000ms/real_3000_00392.avi,3000,1,0,-2.5877,-11.925,-11.4249,-12.9538,-11.9871,8,b,NO,NO.
order_real,data/videos_real/int_3000ms/real_3000_00392_flip.avi,3000,0,0,-2.1973,-11.6104,-11.0479,-12.5764,-11.6725,8,b,NO,NO.
order_real,data/videos_real/int_3000ms/real_3000_00404.avi,3000,0,0,-1.8514,-11.7426,-11.0551,-12.6459,-12.2104,8,a,NO,NO.
order_real,data/videos_real/int_3000ms/real_3000_00404_flip.avi,3000,1,0,-1.6994,-11.5823,-10.9572,-12.4856,-12.019,8,a,NO,NO.
order_real,data/videos_real/int_3000ms/real_3000_00416.avi,3000,0,0,-2.5809,-12.1917,-11.5667,-13.2827,-12.8782,8,a,NO,NO.
order_real,data/videos_real/int_3000ms/real_3000_00416_flip.avi,3000,1,0,-2.439,-12.0992,-11.4742,-13.2212,-12.7857,8,a,NO,NO.
order_real,data/videos_real/int_3000ms/real_3000_00428.avi,3000,0,0,-1.1018,-11.43,-10.9299,-12.4262,-11.8665,8,b,NO,NO.
order_real,data/videos_real/int_3000ms/real_3000_00428_flip.avi,3000,1,0,-0.6282,-11.4668,-10.9667,-12.5256,-11.9346,8,b,NO,NO.
order_real,data/videos_real/int_3000ms/real_3000_00440.avi,3000,1,0,-1.0258,-11.8112,-10.9363,-12.7455,-12.3416,8,b,NO,NO.
order_real,data/videos_real/int_3000ms/real_3000_00440_flip.avi,3000,0,0,-1.5805,-11.6827,-10.9952,-12.6486,-12.2444,8,b,NO,NO.
order_real,data/videos_real/int_3000ms/real_3000_00452.avi,3000,0,0,-1.8517,-11.8044,-11.3043,-12.77,-12.1787,8,b,NO,NO.
order_real,data/videos_real/int_3000ms/real_3000_00452_flip.avi,3000,1,0,-1.8063,-11.7483,-11.1857,-12.714,-12.185,8,b,NO,NO.
order_real,data/videos_real/int_3000ms/real_3000_00464.avi,3000,0,0,-2.852,-11.8388,-11.4637,-13.0869,-12.5258,8,b,NO,NO.
order_real,data/videos_real/int_3000ms/real_3000_00464_flip.avi,3000,1,0,-1.9313,-11.544,-11.1063,-12.8224,-12.2932,8,b,NO,NO.
order_real,data/videos_real/int_3000ms/real_3000_00476.avi,3000,1,0,-1.5213,-11.3623,-10.7997,-12.4528,-11.6741,8,a,NO,NO.
order_real,data/videos_real/int_3000ms/real_3000_00476_flip.avi,3000,0,0,-1.1463,-11.254,-10.6289,-12.313,-11.5658,8,a,NO,NO.
order_real,data/videos_real/int_3000ms/real_3000_00488.avi,3000,0,0,-1.101,-11.51,-10.5102,-12.3814,-11.8843,8,a,NO,NO.
order_real,data/videos_real/int_3000ms/real_3000_00488_flip.avi,3000,1,0,-0.5718,-11.5783,-10.5785,-12.5117,-11.9838,8,a,NO,NO.
order_real,data/videos_real/int_3000ms/real_3000_00500.avi,3000,0,0,-3.2621,-12.7135,-12.151,-13.899,-13.4004,8,b,NO,NO.
order_real,data/videos_real/int_3000ms/real_3000_00500_flip.avi,3000,1,0,-3.167,-12.6221,-12.1221,-13.87,-13.309,8,b,NO,NO.
order_real,data/videos_real/int_3000ms/real_3000_00512.avi,3000,1,0,-0.6116,-11.3133,-11.0006,-12.3719,-11.8122,8,a,NO,NO.
order_real,data/videos_real/int_3000ms/real_3000_00512_flip.avi,3000,0,0,-0.5072,-11.2568,-10.8816,-12.3779,-11.787,8,a,NO,NO.
order_real,data/videos_real/int_3000ms/real_3000_00524.avi,3000,0,0,-2.552,-11.82,-11.195,-12.8802,-12.5069,8,b,NO,NO.
order_real,data/videos_real/int_3000ms/real_3000_00524_flip.avi,3000,1,0,-1.7753,-11.7871,-10.7872,-12.7213,-12.2864,8,b,NO,NO.
order_real,data/videos_real/int_3000ms/real_3000_00536.avi,3000,1,0,-1.4313,-11.3745,-11.1245,-12.4031,-11.9361,8,b,NO,NO.
order_real,data/videos_real/int_3000ms/real_3000_00536_flip.avi,3000,0,0,-1.4633,-11.3385,-11.0259,-12.3979,-11.9,8,b,NO,NO.
order_real,data/videos_real/int_3000ms/real_3000_00548.avi,3000,0,0,-2.556,-11.7336,-11.0461,-12.7627,-12.1082,8,a,NO,NO.
order_real,data/videos_real/int_3000ms/real_3000_00548_flip.avi,3000,1,0,-1.4015,-11.6007,-10.7882,-12.6291,-11.9751,8,a,NO,NO.
order_real,data/videos_real/int_3000ms/real_3000_00560.avi,3000,0,0,-1.4144,-11.41,-10.7849,-12.5628,-11.9404,8,a,NO,NO.
order_real,data/videos_real/int_3000ms/real_3000_00560_flip.avi,3000,1,0,-1.1975,-11.4572,-10.8321,-12.6097,-12.0187,8,a,NO,NO.
order_real,data/videos_real/int_3000ms/real_3000_00572.avi,3000,1,0,-1.1703,-11.2663,-10.7662,-12.1382,-11.6093,8,a,NO,NO.
order_real,data/videos_real/int_3000ms/real_3000_00572_flip.avi,3000,0,0,-0.8244,-11.3419,-10.5919,-12.2132,-11.6536,8,a,NO,NO.
order_real,data/videos_real/int_3000ms/real_3000_00584.avi,3000,0,1,0.5232,-11.1944,-10.8819,-12.1918,-11.5689,8,a,YES,YES.
order_real,data/videos_real/int_3000ms/real_3000_00584_flip.avi,3000,1,1,0.5111,-11.2373,-10.8623,-12.2346,-11.6118,8,a,YES,YES.
order_real,data/videos_real/int_3000ms/real_3000_00596.avi,3000,0,0,-2.2896,-11.7873,-11.3497,-12.8784,-12.4114,8,b,NO,NO.
order_real,data/videos_real/int_3000ms/real_3000_00596_flip.avi,3000,1,0,-2.0564,-11.7791,-11.2791,-12.8076,-12.3408,8,b,NO,NO.
order_real,data/videos_real/int_5000ms/real_5000_00009.avi,5000,0,0,-2.5638,-11.9652,-11.3401,-12.9626,-12.5893,8,b,NO,NO.
order_rev,data/videos_real/int_5000ms/real_5000_00009.avi,5000,0,0,-1.6144,-11.4992,-11.499,-12.5275,-12.092,8,b,NO,NO.
moved_real,data/videos_real/int_5000ms/real_5000_00009.avi,5000,1,0,-0.4622,-11.53,-11.4673,-12.6515,-11.9041,8,b,NO,NO.
moved_twin,data/twin_real/real_5000_00009.avi,5000,0,0,-0.6155,-11.553,-11.4903,-12.6428,-11.8957,8,b,NO,NO.
order_twin,data/twin_real/real_5000_00009.avi,5000,-1,0,-2.2626,-11.9278,-11.3028,-12.8938,-12.4893,8,b,NO,NO.
bind_twin,data/twin_real/real_5000_00009.avi,5000,0,0,-5.1192,-13.5951,-13.0951,-14.2814,-14.282,8,b,NO,NO
order_real,data/videos_real/int_5000ms/real_5000_00009_flip.avi,5000,1,0,-2.0124,-11.8296,-11.2045,-12.8267,-12.4535,8,b,NO,NO.
order_real,data/videos_real/int_5000ms/real_5000_00021.avi,5000,0,0,-1.7213,-11.8276,-10.9526,-12.8242,-12.2642,8,a,NO,NO.
order_rev,data/videos_real/int_5000ms/real_5000_00021.avi,5000,0,0,-1.0806,-11.5374,-11.3498,-12.5968,-12.0989,8,a,NO,NO.
moved_real,data/videos_real/int_5000ms/real_5000_00021.avi,5000,1,1,0.4676,-11.5546,-11.7417,-12.9259,-12.116,8,a,YES,YES.
moved_twin,data/twin_real/real_5000_00021.avi,5000,0,1,0.3842,-11.3991,-11.5863,-12.7399,-12.0231,8,a,YES,YES.
order_twin,data/twin_real/real_5000_00021.avi,5000,-1,0,-1.9775,-11.7714,-11.0213,-12.7064,-12.2081,8,a,NO,NO.
bind_twin,data/twin_real/real_5000_00021.avi,5000,1,0,-3.0575,-12.7223,-12.4722,-13.4702,-13.1588,8,a,NO,NO.
order_real,data/videos_real/int_5000ms/real_5000_00021_flip.avi,5000,1,0,-1.8308,-11.7688,-10.9563,-12.7034,-12.2055,8,a,NO,NO.
order_real,data/videos_real/int_5000ms/real_5000_00033.avi,5000,0,0,-2.8228,-11.9365,-11.3114,-13.0907,-12.6233,8,b,NO,NO.
order_rev,data/videos_real/int_5000ms/real_5000_00033.avi,5000,0,0,-2.0878,-11.4704,-11.5327,-12.6233,-12.2193,8,b,NO,NO.
moved_real,data/videos_real/int_5000ms/real_5000_00033.avi,5000,1,1,1.7049,-11.6612,-11.911,-13.3773,-12.5355,8,b,YES,YES.
moved_twin,data/twin_real/real_5000_00033.avi,5000,0,1,0.3714,-11.06,-11.4971,-12.713,-12.0276,8,b,YES,YES.
order_twin,data/twin_real/real_5000_00033.avi,5000,-1,0,-3.2413,-12.0319,-11.7818,-13.3429,-12.9063,8,b,NO,NO.
bind_twin,data/twin_real/real_5000_00033.avi,5000,0,0,-8.1205,-14.6953,-14.3827,-15.382,-15.6322,8,b,NO,NO.
order_real,data/videos_real/int_5000ms/real_5000_00033_flip.avi,5000,1,0,-2.8382,-12.0339,-11.5338,-13.2194,-12.7832,8,b,NO,NO.
order_real,data/videos_real/int_5000ms/real_5000_00045.avi,5000,0,0,-0.7125,-11.3791,-10.5041,-12.4061,-11.9405,8,b,NO,NO.
order_rev,data/videos_real/int_5000ms/real_5000_00045.avi,5000,0,0,-1.5394,-11.2613,-11.3235,-12.4454,-11.9477,8,b,NO,NO.
moved_real,data/videos_real/int_5000ms/real_5000_00045.avi,5000,1,1,1.599,-11.5996,-11.7869,-13.0654,-12.2239,8,b,YES,YES.
moved_twin,data/twin_real/real_5000_00045.avi,5000,0,1,0.3627,-11.3463,-11.4085,-12.5927,-11.8454,8,b,YES,YES.
order_twin,data/twin_real/real_5000_00045.avi,5000,-1,0,-1.2127,-11.3648,-10.6773,-12.3616,-11.9264,8,b,NO,NO.
bind_twin,data/twin_real/real_5000_00045.avi,5000,0,0,-4.8548,-13.0436,-12.5436,-13.9798,-13.6681,8,b,NO,NO.
order_real,data/videos_real/int_5000ms/real_5000_00045_flip.avi,5000,1,0,-0.8374,-11.4642,-10.5268,-12.3979,-11.932,8,b,NO,NO.
order_real,data/videos_real/int_5000ms/real_5000_00057.avi,5000,1,0,-1.859,-11.2035,-10.9534,-12.0145,-11.5782,8,a,NO,NO.
order_rev,data/videos_real/int_5000ms/real_5000_00057.avi,5000,1,0,-1.5953,-11.7227,-11.1602,-12.4708,-12.0972,8,a,NO,NO.
moved_real,data/videos_real/int_5000ms/real_5000_00057.avi,5000,1,0,-1.6984,-12.0204,-11.8953,-12.7991,-12.145,8,a,NO,NO.
moved_twin,data/twin_real/real_5000_00057.avi,5000,0,0,-0.199,-11.4409,-11.3471,-12.0317,-11.5341,8,a,NO,NO.
order_twin,data/twin_real/real_5000_00057.avi,5000,-1,0,-0.638,-10.7684,-10.5808,-11.5162,-11.1429,8,a,NO,NO.
bind_twin,data/twin_real/real_5000_00057.avi,5000,1,1,4.9155,-13.1006,-13.3506,-14.3495,-14.0378,8,a,YES,YES
order_real,data/videos_real/int_5000ms/real_5000_00057_flip.avi,5000,0,0,-0.2118,-11.0381,-10.7255,-11.8164,-11.3812,8,a,NO,NO.
order_real,data/videos_real/int_5000ms/real_5000_00069.avi,5000,1,0,-2.5153,-12.2217,-11.4718,-13.1575,-12.7837,8,b,NO,NO.
order_rev,data/videos_real/int_5000ms/real_5000_00069.avi,5000,1,0,-1.4312,-11.499,-11.3738,-12.5269,-11.998,8,b,NO,NO.
moved_real,data/videos_real/int_5000ms/real_5000_00069.avi,5000,1,0,-0.789,-11.3167,-11.3165,-12.6258,-11.8783,8,b,NO,NO.
moved_twin,data/twin_real/real_5000_00069.avi,5000,0,0,-0.9144,-11.3411,-11.341,-12.6507,-11.9653,8,b,NO,NO.
order_twin,data/twin_real/real_5000_00069.avi,5000,-1,0,-2.6484,-12.4195,-11.7321,-13.3553,-12.919,8,b,NO,NO.
bind_twin,data/twin_real/real_5000_00069.avi,5000,0,0,-2.6876,-12.0072,-11.7572,-13.005,-12.6313,8,b,NO,NO.
order_real,data/videos_real/int_5000ms/real_5000_00069_flip.avi,5000,0,0,-2.3902,-12.1693,-11.3568,-13.1051,-12.6688,8,b,NO,NO.
order_real,data/videos_real/int_5000ms/real_5000_00081.avi,5000,0,0,-1.1518,-11.4682,-10.7807,-12.4953,-11.7174,8,a,NO,NO.
order_rev,data/videos_real/int_5000ms/real_5000_00081.avi,5000,0,0,-0.1103,-11.6922,-11.3798,-12.6271,-12.0667,8,a,NO,NO.
moved_real,data/videos_real/int_5000ms/real_5000_00081.avi,5000,1,0,-1.2069,-11.5279,-11.5276,-12.7114,-11.9019,8,a,NO,NO.
moved_twin,data/twin_real/real_5000_00081.avi,5000,0,0,-2.7486,-11.9126,-12.2872,-13.2851,-12.5993,8,a,NO,NO.
order_twin,data/twin_real/real_5000_00081.avi,5000,-1,0,-1.4021,-11.4132,-10.9131,-12.4412,-11.725,8,a,NO,NO.
bind_twin,data/twin_real/real_5000_00081.avi,5000,1,1,4.267,-12.9324,-13.1823,-14.3682,-13.6817,8,a,YES,YES.
order_real,data/videos_real/int_5000ms/real_5000_00081_flip.avi,5000,1,0,-0.736,-11.3969,-10.7093,-12.4547,-11.6772,8,a,NO,NO.
order_real,data/videos_real/int_5000ms/real_5000_00093.avi,5000,1,0,-1.1971,-11.5196,-11.2069,-12.6102,-11.769,8,a,NO,NO.
order_rev,data/videos_real/int_5000ms/real_5000_00093.avi,5000,1,0,-0.9103,-11.7659,-11.391,-12.7011,-12.1405,8,a,NO,NO.
moved_real,data/videos_real/int_5000ms/real_5000_00093.avi,5000,1,0,-1.2214,-11.8003,-11.4878,-12.5476,-11.7374,8,a,NO,NO.
moved_twin,data/twin_real/real_5000_00093.avi,5000,0,0,-2.143,-11.8948,-11.8321,-12.7989,-11.9569,8,a,NO,NO.
order_twin,data/twin_real/real_5000_00093.avi,5000,-1,0,-1.9629,-11.6723,-11.3597,-12.7951,-11.9844,8,a,NO,NO.
bind_twin,data/twin_real/real_5000_00093.avi,5000,1,0,-0.5625,-11.7231,-11.0357,-12.2522,-11.6601,8,a,NO,NO.
order_real,data/videos_real/int_5000ms/real_5000_00093_flip.avi,5000,0,0,-0.8062,-11.4664,-11.0913,-12.6818,-11.8408,8,a,NO,NO.
order_real,data/videos_real/int_5000ms/real_5000_00105.avi,5000,1,0,-2.4867,-11.584,-11.1464,-12.5509,-12.2083,8,a,NO,NO.
order_rev,data/videos_real/int_5000ms/real_5000_00105.avi,5000,1,0,-1.9775,-11.7713,-11.5837,-12.5509,-12.2706,8,a,NO,NO.
moved_real,data/videos_real/int_5000ms/real_5000_00105.avi,5000,1,0,-2.2133,-11.6075,-11.7323,-12.855,-12.4503,8,a,NO,NO.
moved_twin,data/twin_real/real_5000_00105.avi,5000,0,0,-2.6529,-11.8226,-11.9474,-12.9146,-12.5719,8,a,NO,NO.
order_twin,data/twin_real/real_5000_00105.avi,5000,-1,0,-2.5273,-11.5822,-11.2071,-12.4555,-12.0816,8,a,NO,NO.
bind_twin,data/twin_real/real_5000_00105.avi,5000,1,1,3.1452,-12.4612,-12.5861,-13.7721,-13.273,8,a,YES,YES.
order_real,data/videos_real/int_5000ms/real_5000_00105_flip.avi,5000,0,0,-2.1256,-11.7165,-11.154,-12.6826,-12.2782,8,a,NO,NO.
order_real,data/videos_real/int_5000ms/real_5000_00117.avi,5000,0,0,-1.1138,-11.3529,-10.7904,-12.2249,-11.7272,8,b,NO,NO.
order_rev,data/videos_real/int_5000ms/real_5000_00117.avi,5000,0,0,-1.6972,-11.6106,-11.3605,-12.5141,-12.0473,8,b,NO,NO.
moved_real,data/videos_real/int_5000ms/real_5000_00117.avi,5000,1,1,0.3482,-11.6377,-11.6375,-12.665,-11.887,8,b,YES,YES.
moved_twin,data/twin_real/real_5000_00117.avi,5000,0,0,-0.5562,-11.4888,-11.5511,-12.4541,-11.8317,8,b,NO,NO.
order_twin,data/twin_real/real_5000_00117.avi,5000,-1,0,-1.4773,-11.3489,-10.9739,-12.1906,-11.7859,8,b,NO,NO.
bind_twin,data/twin_real/real_5000_00117.avi,5000,0,0,-7.2666,-14.3923,-13.5174,-14.9542,-15.142,8,b,NO,NO
order_real,data/videos_real/int_5000ms/real_5000_00117_flip.avi,5000,1,0,-0.9889,-11.385,-11.0098,-12.3818,-11.8217,8,b,NO,NO.
order_real,data/videos_real/int_5000ms/real_5000_00129.avi,5000,0,0,-1.3968,-11.4482,-10.8856,-12.5388,-12.0098,8,a,NO,NO.
order_rev,data/videos_real/int_5000ms/real_5000_00129.avi,5000,0,0,-1.4632,-11.4625,-11.3374,-12.5835,-12.18,8,a,NO,NO.
moved_real,data/videos_real/int_5000ms/real_5000_00129.avi,5000,1,0,-1.4768,-11.4502,-11.5749,-12.6973,-12.0744,8,a,NO,NO.
moved_twin,data/twin_real/real_5000_00129.avi,5000,0,0,-2.3246,-11.7563,-12.006,-13.1602,-12.568,8,a,NO,NO.
order_twin,data/twin_real/real_5000_00129.avi,5000,-1,0,-2.2774,-11.602,-11.2269,-12.7876,-12.2889,8,a,NO,NO.
bind_twin,data/twin_real/real_5000_00129.avi,5000,1,1,1.9185,-11.6273,-11.8771,-12.969,-12.5013,8,a,YES,YES.
order_real,data/videos_real/int_5000ms/real_5000_00129_flip.avi,5000,1,0,-1.6522,-11.555,-11.1174,-12.8332,-12.2416,8,a,NO,NO.
order_real,data/videos_real/int_5000ms/real_5000_00141.avi,5000,0,0,-0.9883,-11.2604,-10.5728,-12.1945,-11.6972,8,a,NO,NO.
order_rev,data/videos_real/int_5000ms/real_5000_00141.avi,5000,0,0,-1.3516,-11.4976,-11.2476,-12.2137,-11.872,8,a,NO,NO.
moved_real,data/videos_real/int_5000ms/real_5000_00141.avi,5000,1,0,-0.2265,-11.4791,-11.5413,-12.5694,-11.822,8,a,NO,NO.
moved_twin,data/twin_real/real_5000_00141.avi,5000,0,0,-1.6013,-11.2196,-11.5943,-12.4673,-11.9374,8,a,NO,NO.
order_twin,data/twin_real/real_5000_00141.avi,5000,-1,0,-1.9313,-11.2961,-10.6711,-11.9507,-11.6082,8,a,NO,NO.
bind_twin,data/twin_real/real_5000_00141.avi,5000,1,0,-1.4463,-11.405,-11.2176,-12.0602,-11.8419,8,a,NO,NO.
order_real,data/videos_real/int_5000ms/real_5000_00141_flip.avi,5000,1,0,-1.4013,-11.2272,-10.4772,-12.037,-11.6016,8,a,NO,NO.
order_real,data/videos_real/int_5000ms/real_5000_00153.avi,5000,0,0,-1.6157,-11.8636,-11.1136,-12.9845,-12.425,8,a,NO,NO.
order_rev,data/videos_real/int_5000ms/real_5000_00153.avi,5000,0,0,-1.2393,-11.5093,-11.4466,-12.599,-12.0395,8,a,NO,NO.
moved_real,data/videos_real/int_5000ms/real_5000_00153.avi,5000,1,0,-1.0592,-12.0849,-11.9597,-13.1441,-12.459,8,a,NO,NO.
moved_twin,data/twin_real/real_5000_00153.avi,5000,0,0,-2.4584,-12.3062,-12.3061,-13.3664,-12.743,8,a,NO,NO.
order_twin,data/twin_real/real_5000_00153.avi,5000,-1,0,-2.1376,-11.6281,-11.1905,-12.7815,-12.2522,8,a,NO,NO.
bind_twin,data/twin_real/real_5000_00153.avi,5000,1,1,3.6538,-12.7759,-12.9008,-14.2115,-13.775,8,a,YES,YES.
order_real,data/videos_real/int_5000ms/real_5000_00153_flip.avi,5000,1,0,-2.1022,-11.6943,-11.1317,-12.8474,-12.2559,8,a,NO,NO.
order_real,data/videos_real/int_5000ms/real_5000_00165.avi,5000,1,0,-1.4985,-11.2711,-10.1462,-12.0188,-11.7081,8,b,NO,NO.
order_rev,data/videos_real/int_5000ms/real_5000_00165.avi,5000,1,0,-1.2512,-11.3559,-11.1684,-12.3537,-11.8554,8,b,NO,NO.
moved_real,data/videos_real/int_5000ms/real_5000_00165.avi,5000,1,0,-2.2935,-11.4483,-11.4481,-12.3212,-11.8228,8,b,NO,NO.
moved_twin,data/twin_real/real_5000_00165.avi,5000,0,0,-1.4489,-11.1891,-11.1889,-12.4046,-11.7196,8,b,NO,NO.
order_twin,data/twin_real/real_5000_00165.avi,5000,-1,0,-1.5322,-11.4851,-10.2977,-12.2639,-11.8908,8,b,NO,NO.
bind_twin,data/twin_real/real_5000_00165.avi,5000,0,0,-4.7369,-13.1095,-12.7345,-13.921,-13.6716,8,b,NO,NO.
order_real,data/videos_real/int_5000ms/real_5000_00165_flip.avi,5000,0,0,-1.5249,-11.4536,-10.2663,-12.1699,-11.8593,8,b,NO,NO.
order_real,data/videos_real/int_5000ms/real_5000_00177.avi,5000,0,0,-0.9304,-11.3681,-10.7431,-12.1777,-11.6174,8,a,NO,NO.
order_rev,data/videos_real/int_5000ms/real_5000_00177.avi,5000,0,0,-0.8518,-11.4975,-11.3099,-12.4317,-11.9966,8,a,NO,NO.
moved_real,data/videos_real/int_5000ms/real_5000_00177.avi,5000,1,0,-1.1133,-11.6646,-11.477,-12.5992,-11.9138,8,a,NO,NO.
moved_twin,data/twin_real/real_5000_00177.avi,5000,0,0,-2.4025,-11.8409,-11.9033,-12.8394,-12.2154,8,a,NO,NO.
order_twin,data/twin_real/real_5000_00177.avi,5000,-1,0,-1.6317,-11.1528,-10.6528,-11.8384,-11.4023,8,a,NO,NO.
bind_twin,data/twin_real/real_5000_00177.avi,5000,1,1,1.7946,-11.8951,-11.7076,-13.1747,-12.5195,8,a,YES,YES.
order_real,data/videos_real/int_5000ms/real_5000_00177_flip.avi,5000,1,0,-1.4011,-11.3517,-10.7892,-12.1928,-11.6636,8,a,NO,NO.
order_real,data/videos_real/int_5000ms/real_5000_00189.avi,5000,1,0,-2.7058,-12.3705,-11.5579,-13.5557,-13.1197,8,b,NO,NO.
order_rev,data/videos_real/int_5000ms/real_5000_00189.avi,5000,1,0,-1.6145,-11.2492,-11.4364,-12.6522,-12.123,8,b,NO,NO.
moved_real,data/videos_real/int_5000ms/real_5000_00189.avi,5000,1,1,1.1019,-11.571,-11.8207,-13.0676,-12.1327,8,b,YES,YES.
moved_twin,data/twin_real/real_5000_00189.avi,5000,0,1,1.3754,-11.4798,-11.8545,-13.0707,-12.2914,8,b,YES,YES.
order_twin,data/twin_real/real_5000_00189.avi,5000,-1,0,-3.1247,-12.5456,-11.858,-13.9188,-13.4824,8,b,NO,NO.
bind_twin,data/twin_real/real_5000_00189.avi,5000,0,0,-4.9783,-13.3361,-13.1485,-14.2721,-14.1479,8,b,NO,NO.
order_real,data/videos_real/int_5000ms/real_5000_00189_flip.avi,5000,0,0,-3.0966,-12.3928,-11.6427,-13.7035,-13.2672,8,b,NO,NO.
order_real,data/videos_real/int_5000ms/real_5000_00201.avi,5000,0,0,-2.2685,-11.8198,-11.3197,-13.0354,-12.5065,8,b,NO,NO.
order_rev,data/videos_real/int_5000ms/real_5000_00201.avi,5000,0,0,-3.2628,-12.053,-11.9904,-13.1449,-12.8023,8,b,NO,NO.
moved_real,data/videos_real/int_5000ms/real_5000_00201.avi,5000,1,0,-0.7863,-11.6042,-11.604,-12.7573,-12.2283,8,b,NO,NO.
moved_twin,data/twin_real/real_5000_00201.avi,5000,0,0,-2.182,-11.6411,-11.8908,-12.9198,-12.5152,8,b,NO,NO.
order_twin,data/twin_real/real_5000_00201.avi,5000,-1,0,-2.4989,-11.6179,-11.4302,-12.9277,-12.4608,8,b,NO,NO.
bind_twin,data/twin_real/real_5000_00201.avi,5000,0,0,-5.2736,-13.9307,-13.5556,-14.4921,-14.5552,8,b,NO,NO
order_real,data/videos_real/int_5000ms/real_5000_00201_flip.avi,5000,1,0,-2.0185,-11.5967,-11.0966,-12.8747,-12.377,8,b,NO,NO.
order_real,data/videos_real/int_5000ms/real_5000_00213.avi,5000,0,0,-0.6996,-11.4429,-11.0053,-12.5024,-11.911,8,a,NO,NO.
order_rev,data/videos_real/int_5000ms/real_5000_00213.avi,5000,0,0,-0.6284,-11.5281,-11.4031,-12.6192,-12.1524,8,a,NO,NO.
moved_real,data/videos_real/int_5000ms/real_5000_00213.avi,5000,1,0,-0.7681,-11.6037,-11.541,-12.6624,-12.0091,8,a,NO,NO.
moved_twin,data/twin_real/real_5000_00213.avi,5000,0,0,-1.3836,-11.4789,-11.4787,-12.3824,-11.8845,8,a,NO,NO.
order_twin,data/twin_real/real_5000_00213.avi,5000,-1,0,-1.3787,-11.3658,-10.9906,-12.3323,-11.8964,8,a,NO,NO.
bind_twin,data/twin_real/real_5000_00213.avi,5000,1,0,-0.3754,-11.4409,-11.0033,-11.9076,-11.5652,8,a,NO,NO.
order_real,data/videos_real/int_5000ms/real_5000_00213_flip.avi,5000,1,0,-1.2894,-11.4978,-11.0602,-12.5264,-11.9972,8,a,NO,NO.
order_real,data/videos_real/int_5000ms/real_5000_00225.avi,5000,0,0,-2.3062,-11.5044,-11.2543,-12.5956,-12.1286,8,a,NO,NO.
order_rev,data/videos_real/int_5000ms/real_5000_00225.avi,5000,0,0,-0.2278,-11.4036,-11.2785,-12.4005,-11.9652,8,a,NO,NO.
moved_real,data/videos_real/int_5000ms/real_5000_00225.avi,5000,1,0,-2.6991,-11.8534,-11.9157,-12.8515,-12.4153,8,a,NO,NO.
moved_twin,data/twin_real/real_5000_00225.avi,5000,0,0,-2.4878,-11.7818,-11.9689,-12.9044,-12.3436,8,a,NO,NO.
order_twin,data/twin_real/real_5000_00225.avi,5000,-1,0,-2.0218,-11.4138,-11.2262,-12.6298,-12.1004,8,a,NO,NO.
bind_twin,data/twin_real/real_5000_00225.avi,5000,1,1,4.7757,-13.1825,-13.7448,-14.931,-14.3694,8,a,YES,YES.
order_real,data/videos_real/int_5000ms/real_5000_00225_flip.avi,5000,1,0,-1.7569,-11.3197,-10.9446,-12.4105,-11.9126,8,a,NO,NO.
order_real,data/videos_real/int_5000ms/real_5000_00237.avi,5000,1,0,-2.6523,-12.0717,-11.6341,-13.2257,-12.7585,8,b,NO,NO.
order_rev,data/videos_real/int_5000ms/real_5000_00237.avi,5000,1,0,-1.3531,-11.6097,-11.547,-12.638,-12.2961,8,b,NO,NO.
moved_real,data/videos_real/int_5000ms/real_5000_00237.avi,5000,1,0,-2.2896,-11.7242,-11.9115,-13.1907,-12.6609,8,b,NO,NO.
moved_twin,data/twin_real/real_5000_00237.avi,5000,0,0,-2.7397,-12.1283,-12.3156,-13.4391,-13.0026,8,b,NO,NO.
order_twin,data/twin_real/real_5000_00237.avi,5000,-1,0,-2.9479,-11.9298,-11.7422,-13.1155,-12.6791,8,b,NO,NO.
bind_twin,data/twin_real/real_5000_00237.avi,5000,0,0,-6.4885,-14.0905,-13.778,-14.9021,-14.965,8,b,NO,NO.
order_real,data/videos_real/int_5000ms/real_5000_00237_flip.avi,5000,0,0,-2.6523,-12.0094,-11.6343,-13.1321,-12.696,8,b,NO,NO.
order_real,data/videos_real/int_5000ms/real_5000_00249.avi,5000,1,0,-2.1522,-11.9264,-11.4888,-12.9857,-12.6128,8,b,NO,NO.
order_real,data/videos_real/int_5000ms/real_5000_00249_flip.avi,5000,0,0,-1.9144,-11.6414,-11.1413,-12.7006,-12.2965,8,b,NO,NO.
order_real,data/videos_real/int_5000ms/real_5000_00261.avi,5000,0,0,-0.6319,-11.4619,-10.6495,-12.4263,-11.8359,8,a,NO,NO.
order_real,data/videos_real/int_5000ms/real_5000_00261_flip.avi,5000,1,0,-0.5882,-11.3226,-10.5101,-12.3182,-11.6965,8,a,NO,NO.
order_real,data/videos_real/int_5000ms/real_5000_00273.avi,5000,1,0,-1.9314,-11.2953,-11.1702,-12.5734,-12.1067,8,a,NO,NO.
order_real,data/videos_real/int_5000ms/real_5000_00273_flip.avi,5000,0,0,-1.7895,-11.0975,-11.0348,-12.4692,-12.0025,8,a,NO,NO.
order_real,data/videos_real/int_5000ms/real_5000_00285.avi,5000,1,0,-2.5446,-11.9665,-11.2165,-12.9014,-12.4033,8,b,NO,NO.
order_real,data/videos_real/int_5000ms/real_5000_00285_flip.avi,5000,0,0,-2.824,-12.0733,-11.3858,-13.0087,-12.5727,8,b,NO,NO.
order_real,data/videos_real/int_5000ms/real_5000_00297.avi,5000,1,0,-0.8899,-11.6775,-10.8026,-12.6423,-12.0517,8,b,NO,NO.
order_real,data/videos_real/int_5000ms/real_5000_00297_flip.avi,5000,0,0,-1.0226,-11.8024,-10.865,-12.6424,-12.1141,8,b,NO,NO.
order_real,data/videos_real/int_5000ms/real_5000_00309.avi,5000,1,0,-2.0228,-12.181,-11.1811,-13.022,-12.4929,8,b,NO,NO.
order_real,data/videos_real/int_5000ms/real_5000_00309_flip.avi,5000,0,0,-2.3872,-12.1663,-11.2913,-12.945,-12.4782,8,b,NO,NO.
order_real,data/videos_real/int_5000ms/real_5000_00321.avi,5000,1,0,-0.4313,-11.2867,-11.0366,-12.4076,-11.7544,8,a,NO,NO.
order_real,data/videos_real/int_5000ms/real_5000_00321_flip.avi,5000,0,0,-0.2128,-11.4469,-11.0719,-12.5986,-11.9145,8,a,NO,NO.
order_real,data/videos_real/int_5000ms/real_5000_00333.avi,5000,0,0,-1.5073,-11.485,-11.1098,-12.5128,-11.9838,8,a,NO,NO.
order_real,data/videos_real/int_5000ms/real_5000_00333_flip.avi,5000,1,0,-1.6467,-11.466,-11.0908,-12.4935,-11.9337,8,a,NO,NO.
order_real,data/videos_real/int_5000ms/real_5000_00345.avi,5000,1,0,-1.6013,-11.4687,-10.9686,-12.5906,-11.9992,8,b,NO,NO.
order_real,data/videos_real/int_5000ms/real_5000_00345_flip.avi,5000,0,0,-1.6144,-11.6242,-11.2491,-12.7463,-12.2171,8,b,NO,NO.
order_real,data/videos_real/int_5000ms/real_5000_00357.avi,5000,0,0,-1.7534,-12.0718,-11.5717,-13.2248,-12.6959,8,a,NO,NO.
order_real,data/videos_real/int_5000ms/real_5000_00357_flip.avi,5000,1,0,-1.4387,-11.7296,-11.2295,-12.8825,-12.2911,8,a,NO,NO.
order_real,data/videos_real/int_5000ms/real_5000_00369.avi,5000,0,0,-1.286,-11.2248,-10.7246,-12.4089,-11.8489,8,a,NO,NO.
order_real,data/videos_real/int_5000ms/real_5000_00369_flip.avi,5000,1,0,-1.8935,-11.2384,-11.1132,-12.4856,-11.9251,8,a,NO,NO.
order_real,data/videos_real/int_5000ms/real_5000_00381.avi,5000,0,0,-1.1707,-11.6237,-10.9363,-12.5581,-11.998,8,a,NO,NO.
order_real,data/videos_real/int_5000ms/real_5000_00381_flip.avi,5000,1,0,-1.0457,-11.5303,-10.9052,-12.4954,-11.9044,8,a,NO,NO.
order_real,data/videos_real/int_5000ms/real_5000_00393.avi,5000,0,0,-2.431,-11.681,-10.931,-12.647,-11.993,8,b,NO,NO.
order_real,data/videos_real/int_5000ms/real_5000_00393_flip.avi,5000,1,0,-2.3517,-11.7496,-11.1245,-12.8406,-12.1865,8,b,NO,NO.
order_real,data/videos_real/int_5000ms/real_5000_00405.avi,5000,1,0,-1.6992,-11.6444,-10.9567,-12.5783,-12.0186,8,a,NO,NO.
order_real,data/videos_real/int_5000ms/real_5000_00405_flip.avi,5000,0,0,-1.3061,-11.7114,-10.9613,-12.6764,-12.1479,8,a,NO,NO.
order_real,data/videos_real/int_5000ms/real_5000_00417.avi,5000,1,0,-2.5461,-12.1152,-11.4901,-13.0502,-12.7393,8,b,NO,NO.
order_real,data/videos_real/int_5000ms/real_5000_00417_flip.avi,5000,0,0,-2.8523,-12.1343,-11.4468,-13.0075,-12.6962,8,b,NO,NO.
order_real,data/videos_real/int_5000ms/real_5000_00429.avi,5000,1,0,-1.5638,-11.8317,-11.1443,-12.7969,-12.1434,8,b,NO,NO.
order_real,data/videos_real/int_5000ms/real_5000_00429_flip.avi,5000,0,0,-1.5723,-11.7562,-11.0687,-12.7213,-12.0367,8,b,NO,NO.
order_real,data/videos_real/int_5000ms/real_5000_00441.avi,5000,0,0,-1.5805,-11.6206,-10.9956,-12.7112,-12.2134,8,a,NO,NO.
order_real,data/videos_real/int_5000ms/real_5000_00441_flip.avi,5000,1,0,-1.1156,-11.5919,-10.8419,-12.6508,-12.1533,8,a,NO,NO.
order_real,data/videos_real/int_5000ms/real_5000_00453.avi,5000,0,0,-0.1375,-11.2082,-10.9581,-12.3602,-11.707,8,a,NO,NO.
order_real,data/videos_real/int_5000ms/real_5000_00453_flip.avi,5000,1,0,-0.5877,-11.3594,-11.0467,-12.5112,-11.8582,8,a,NO,NO.
order_real,data/videos_real/int_5000ms/real_5000_00465.avi,5000,0,0,-1.3225,-11.3048,-10.8673,-12.3646,-11.8041,8,a,NO,NO.
order_real,data/videos_real/int_5000ms/real_5000_00465_flip.avi,5000,1,0,-1.1974,-11.3327,-10.8952,-12.3922,-11.8319,8,a,NO,NO.
order_real,data/videos_real/int_5000ms/real_5000_00477.avi,5000,0,0,-0.7861,-11.1647,-10.2587,-11.88,-11.4143,8,a,NO,NO.
order_real,data/videos_real/int_5000ms/real_5000_00477_flip.avi,5000,1,0,-0.7543,-11.0798,-10.2363,-11.7952,-11.3606,8,a,NO,NO.
order_real,data/videos_real/int_5000ms/real_5000_00489.avi,5000,0,0,-1.8376,-11.8756,-11.2506,-12.8102,-12.2499,8,b,NO,NO.
order_real,data/videos_real/int_5000ms/real_5000_00489_flip.avi,5000,1,0,-1.7392,-11.8539,-11.1665,-12.8197,-12.2282,8,b,NO,NO.
order_real,data/videos_real/int_5000ms/real_5000_00501.avi,5000,1,0,-0.3641,-11.4084,-10.9708,-12.5295,-11.9387,8,a,NO,NO.
order_real,data/videos_real/int_5000ms/real_5000_00501_flip.avi,5000,0,0,-0.1889,-11.4333,-10.9333,-12.6167,-12.0259,8,a,NO,NO.
order_real,data/videos_real/int_5000ms/real_5000_00513.avi,5000,1,0,-2.0561,-11.5299,-11.0923,-12.7453,-12.1541,8,b,NO,NO.
order_real,data/videos_real/int_5000ms/real_5000_00513_flip.avi,5000,0,0,-2.8385,-11.7476,-11.31,-12.9642,-12.3721,8,b,NO,NO.
order_real,data/videos_real/int_5000ms/real_5000_00525.avi,5000,1,0,-1.8063,-11.6862,-11.0611,-12.7142,-12.2165,8,b,NO,NO.
order_real,data/videos_real/int_5000ms/real_5000_00525_flip.avi,5000,0,0,-1.6812,-11.6428,-10.9553,-12.6391,-12.1418,8,b,NO,NO.
order_real,data/videos_real/int_5000ms/real_5000_00537.avi,5000,1,0,-3.1706,-12.2678,-11.3303,-13.0786,-12.6424,8,b,NO,NO.
order_real,data/videos_real/int_5000ms/real_5000_00537_flip.avi,5000,0,0,-3.0723,-12.3608,-11.3609,-13.1718,-12.798,8,b,NO,NO.
order_real,data/videos_real/int_5000ms/real_5000_00549.avi,5000,0,0,-2.796,-11.9739,-11.4114,-12.9715,-12.4732,8,b,NO,NO.
order_real,data/videos_real/int_5000ms/real_5000_00549_flip.avi,5000,1,0,-2.6671,-11.9986,-11.4986,-13.0584,-12.4979,8,b,NO,NO.
order_real,data/videos_real/int_5000ms/real_5000_00561.avi,5000,0,0,-0.1974,-11.4178,-10.9802,-12.6005,-11.9166,8,a,NO,NO.
order_real,data/videos_real/int_5000ms/real_5000_00561_flip.avi,5000,1,0,-0.6811,-11.1336,-10.7584,-12.3785,-11.6947,8,a,NO,NO.
order_real,data/videos_real/int_5000ms/real_5000_00573.avi,5000,0,0,-1.2623,-11.3301,-10.4552,-12.171,-11.642,8,b,NO,NO.
order_real,data/videos_real/int_5000ms/real_5000_00573_flip.avi,5000,1,0,-1.3978,-11.5296,-10.5922,-12.4015,-11.9039,8,b,NO,NO.
order_real,data/videos_real/int_5000ms/real_5000_00585.avi,5000,0,0,-1.5007,-11.5551,-10.9301,-12.5206,-11.6796,8,b,NO,NO.
order_real,data/videos_real/int_5000ms/real_5000_00585_flip.avi,5000,1,0,-1.5121,-11.5915,-10.9665,-12.5258,-11.6535,8,b,NO,NO.
order_real,data/videos_real/int_5000ms/real_5000_00597.avi,5000,0,0,-1.3379,-11.4618,-11.0242,-12.8639,-12.2731,8,a,NO,NO.
order_real,data/videos_real/int_5000ms/real_5000_00597_flip.avi,5000,1,0,-1.5726,-11.3813,-10.9436,-12.8463,-12.2864,8,a,NO,NO.
order_real,data/videos_real/int_7000ms/real_7000_00010.avi,7000,1,0,-1.4157,-11.6139,-10.6142,-12.2988,-11.801,8,b,NO,NO.
order_rev,data/videos_real/int_7000ms/real_7000_00010.avi,7000,1,0,-2.1239,-11.8674,-11.3675,-12.709,-12.3667,8,b,NO,NO.
moved_real,data/videos_real/int_7000ms/real_7000_00010.avi,7000,1,0,-0.0639,-11.6838,-11.3089,-12.4309,-11.6211,8,b,NO,NO.
moved_twin,data/twin_real/real_7000_00010.avi,7000,0,0,-1.5955,-11.7271,-11.4771,-12.4123,-11.7893,8,b,NO,NO.
order_twin,data/twin_real/real_7000_00010.avi,7000,-1,0,-1.9068,-11.5528,-10.7405,-12.2067,-11.8024,8,b,NO,NO.
bind_twin,data/twin_real/real_7000_00010.avi,7000,0,0,-5.7694,-13.5422,-12.6673,-14.1037,-14.0418,8,b,NO,NO.
order_real,data/videos_real/int_7000ms/real_7000_00010_flip.avi,7000,0,0,-1.2813,-11.4728,-10.4106,-12.0325,-11.535,8,b,NO,NO.
order_real,data/videos_real/int_7000ms/real_7000_00022.avi,7000,1,0,-1.5722,-11.5694,-11.0069,-12.5351,-11.9749,8,b,NO,NO.
order_rev,data/videos_real/int_7000ms/real_7000_00022.avi,7000,1,0,-1.0876,-11.644,-11.5189,-12.6403,-12.2054,8,b,NO,NO.
moved_real,data/videos_real/int_7000ms/real_7000_00022.avi,7000,1,0,-0.0271,-11.4981,-11.4354,-12.4943,-11.8098,8,b,NO,NO.
moved_twin,data/twin_real/real_7000_00022.avi,7000,0,0,-1.6337,-11.682,-11.8692,-12.8041,-12.1812,8,b,NO,NO.
order_twin,data/twin_real/real_7000_00022.avi,7000,-1,0,-1.8644,-11.5868,-11.3367,-12.5843,-12.1485,8,b,NO,NO.
bind_twin,data/twin_real/real_7000_00022.avi,7000,0,0,-8.0078,-14.8203,-14.7577,-15.6319,-15.7573,8,b,NO,NO.
order_real,data/videos_real/int_7000ms/real_7000_00022_flip.avi,7000,0,0,-1.2267,-11.4801,-11.0425,-12.4766,-11.9478,8,b,NO,NO.
order_real,data/videos_real/int_7000ms/real_7000_00034.avi,7000,0,0,-1.1137,-11.5399,-11.0397,-12.6917,-12.0389,8,a,NO,NO.
order_rev,data/videos_real/int_7000ms/real_7000_00034.avi,7000,0,0,-1.3222,-11.4291,-11.1166,-12.3636,-11.8659,8,a,NO,NO.
moved_real,data/videos_real/int_7000ms/real_7000_00034.avi,7000,1,0,-0.7138,-11.8399,-11.8396,-12.9923,-12.2453,8,a,NO,NO.
moved_twin,data/twin_real/real_7000_00034.avi,7000,0,0,-2.313,-11.8486,-12.2858,-13.2209,-12.629,8,a,NO,NO.
order_twin,data/twin_real/real_7000_00034.avi,7000,-1,0,-1.2684,-11.2833,-11.0957,-12.5297,-11.8761,8,a,NO,NO.
bind_twin,data/twin_real/real_7000_00034.avi,7000,1,1,3.7694,-12.6482,-13.2105,-13.9587,-13.6473,8,a,YES,YES.
order_real,data/videos_real/int_7000ms/real_7000_00034_flip.avi,7000,1,1,0.2595,-11.3279,-11.0778,-12.48,-11.7958,8,a,YES,YES.
order_real,data/videos_real/int_7000ms/real_7000_00046.avi,7000,1,0,-2.353,-11.7826,-11.3451,-12.6865,-12.0946,8,a,NO,NO.
order_rev,data/videos_real/int_7000ms/real_7000_00046.avi,7000,1,0,-0.5226,-11.337,-11.2744,-12.4888,-11.9296,8,a,NO,NO.
moved_real,data/videos_real/int_7000ms/real_7000_00046.avi,7000,1,0,-2.4878,-11.8439,-11.9687,-12.9357,-12.2809,8,a,NO,NO.
moved_twin,data/twin_real/real_7000_00046.avi,7000,0,0,-2.2894,-11.725,-11.7873,-12.6919,-12.0369,8,a,NO,NO.
order_twin,data/twin_real/real_7000_00046.avi,7000,-1,0,-2.0219,-11.5384,-11.1007,-12.5359,-11.9127,8,a,NO,NO.
bind_twin,data/twin_real/real_7000_00046.avi,7000,1,1,1.0844,-11.7711,-11.5835,-12.7683,-12.1451,8,a,YES,YES.
order_real,data/videos_real/int_7000ms/real_7000_00046_flip.avi,7000,0,0,-2.1322,-11.7081,-11.208,-12.7987,-12.1449,8,a,NO,NO.
order_real,data/videos_real/int_7000ms/real_7000_00058.avi,7000,0,0,-2.0809,-11.8625,-11.4248,-13.1097,-12.6115,8,b,NO,NO.
order_rev,data/videos_real/int_7000ms/real_7000_00058.avi,7000,0,0,-2.3141,-11.8601,-11.8599,-13.0451,-12.6092,8,b,NO,NO.
moved_real,data/videos_real/int_7000ms/real_7000_00058.avi,7000,1,0,-0.3516,-11.318,-11.6924,-12.9693,-12.1291,8,b,NO,NO.
moved_twin,data/twin_real/real_7000_00058.avi,7000,0,0,-0.8246,-11.3408,-11.7778,-12.9306,-12.152,8,b,NO,NO.
order_twin,data/twin_real/real_7000_00058.avi,7000,-1,0,-2.456,-11.8892,-11.5141,-13.0746,-12.6384,8,b,NO,NO.
bind_twin,data/twin_real/real_7000_00058.avi,7000,0,1,3.524,-12.7164,-12.9038,-14.2768,-13.8403,8,b,YES,YES.
order_real,data/videos_real/int_7000ms/real_7000_00058_flip.avi,7000,1,0,-2.111,-12.0091,-11.509,-13.0692,-12.6333,8,b,NO,NO.
order_real,data/videos_real/int_7000ms/real_7000_00070.avi,7000,0,0,-1.1284,-11.5455,-11.1703,-12.6358,-12.1382,8,a,NO,NO.
order_rev,data/videos_real/int_7000ms/real_7000_00070.avi,7000,0,0,-1.189,-11.5947,-11.5321,-12.6239,-12.2191,8,a,NO,NO.
moved_real,data/videos_real/int_7000ms/real_7000_00070.avi,7000,1,0,-1.556,-11.6629,-11.6001,-12.6913,-12.1621,8,a,NO,NO.
moved_twin,data/twin_real/real_7000_00070.avi,7000,0,0,-2.2268,-11.8235,-11.8857,-12.7899,-12.3852,8,a,NO,NO.
order_twin,data/twin_real/real_7000_00070.avi,7000,-1,0,-2.1118,-11.6798,-11.4297,-12.8026,-12.3666,8,a,NO,NO.
bind_twin,data/twin_real/real_7000_00070.avi,7000,1,0,-0.9062,-11.6903,-11.2528,-12.3756,-12.0645,8,a,NO,NO.
order_real,data/videos_real/int_7000ms/real_7000_00070_flip.avi,7000,1,0,-1.5679,-11.517,-11.1419,-12.5766,-12.1099,8,a,NO,NO.
order_real,data/videos_real/int_7000ms/real_7000_00082.avi,7000,1,1,0.1775,-11.4788,-11.0413,-12.5684,-11.728,8,a,NO,YES.
order_rev,data/videos_real/int_7000ms/real_7000_00082.avi,7000,1,0,-1.2213,-11.9828,-11.5454,-12.9803,-12.4821,8,a,NO,NO.
moved_real,data/videos_real/int_7000ms/real_7000_00082.avi,7000,1,0,-0.4698,-11.5537,-11.6782,-12.9235,-11.9275,8,a,NO,NO.
moved_twin,data/twin_real/real_7000_00082.avi,7000,0,0,-1.057,-11.3956,-11.7077,-12.829,-11.9569,8,a,NO,NO.
order_twin,data/twin_real/real_7000_00082.avi,7000,-1,0,-0.3141,-11.3159,-11.0658,-12.5311,-11.7837,8,a,NO,NO.
bind_twin,data/twin_real/real_7000_00082.avi,7000,1,1,2.5217,-12.7105,-12.7104,-13.8329,-13.2095,8,a,YES,YES.
order_real,data/videos_real/int_7000ms/real_7000_00082_flip.avi,7000,0,0,-0.3224,-11.4258,-10.8633,-12.5156,-11.7375,8,a,NO,NO.
order_real,data/videos_real/int_7000ms/real_7000_00094.avi,7000,1,0,-2.6974,-11.8195,-11.2569,-12.6925,-12.2564,8,a,NO,NO.
order_rev,data/videos_real/int_7000ms/real_7000_00094.avi,7000,1,0,-1.0361,-11.5951,-11.2826,-12.4044,-12.0942,8,a,NO,NO.
moved_real,data/videos_real/int_7000ms/real_7000_00094.avi,7000,1,0,-2.8828,-12.1203,-11.9327,-12.8684,-12.3699,8,a,NO,NO.
moved_twin,data/twin_real/real_7000_00094.avi,7000,0,0,-2.9307,-12.2725,-12.2098,-13.0208,-12.5221,8,a,NO,NO.
order_twin,data/twin_real/real_7000_00094.avi,7000,-1,0,-2.3968,-11.6883,-11.2507,-12.4988,-12.1252,8,a,NO,NO.
bind_twin,data/twin_real/real_7000_00094.avi,7000,1,1,4.9071,-13.3753,-13.7502,-14.8741,-14.3122,8,a,YES,YES.
order_real,data/videos_real/int_7000ms/real_7000_00094_flip.avi,7000,0,0,-2.9146,-11.9305,-11.5553,-12.9284,-12.5548,8,a,NO,NO.
order_real,data/videos_real/int_7000ms/real_7000_00106.avi,7000,0,0,-1.9017,-11.5819,-10.9569,-12.5786,-12.0498,8,a,NO,NO.
order_rev,data/videos_real/int_7000ms/real_7000_00106.avi,7000,0,1,0.3392,-11.6801,-11.555,-12.7389,-12.1792,8,a,YES,YES.
moved_real,data/videos_real/int_7000ms/real_7000_00106.avi,7000,1,0,-2.0723,-11.6859,-11.8107,-12.8084,-12.2476,8,a,NO,NO.
moved_twin,data/twin_real/real_7000_00106.avi,7000,0,0,-2.4197,-12.0384,-12.2257,-13.1612,-12.6002,8,a,NO,NO.
order_twin,data/twin_real/real_7000_00106.avi,7000,-1,0,-2.2959,-11.8236,-11.386,-12.8518,-12.3228,8,a,NO,NO.
bind_twin,data/twin_real/real_7000_00106.avi,7000,1,1,0.9238,-11.6524,-11.777,-12.7738,-12.2759,8,a,YES,YES.
order_real,data/videos_real/int_7000ms/real_7000_00106_flip.avi,7000,1,0,-1.7364,-11.6036,-11.1034,-12.6936,-12.1339,8,a,NO,NO.
order_real,data/videos_real/int_7000ms/real_7000_00118.avi,7000,0,0,-1.7405,-11.8439,-10.9065,-12.6541,-12.0935,8,b,NO,NO.
order_rev,data/videos_real/int_7000ms/real_7000_00118.avi,7000,0,0,-1.3064,-11.6484,-11.6482,-12.7706,-12.0853,8,b,NO,NO.
moved_real,data/videos_real/int_7000ms/real_7000_00118.avi,7000,1,0,-1.4763,-11.4903,-11.6775,-12.7688,-11.9896,8,b,NO,NO.
moved_twin,data/twin_real/real_7000_00118.avi,7000,0,0,-2.1238,-11.7137,-12.0884,-13.2426,-12.2756,8,b,NO,NO.
order_twin,data/twin_real/real_7000_00118.avi,7000,-1,0,-2.0638,-11.8232,-11.0732,-12.8208,-12.1352,8,b,NO,NO.
bind_twin,data/twin_real/real_7000_00118.avi,7000,0,0,-4.9927,-13.1826,-12.9951,-14.2438,-13.4947,8,b,NO,NO.
order_real,data/videos_real/int_7000ms/real_7000_00118_flip.avi,7000,1,0,-1.8377,-11.7507,-11.0007,-12.7793,-12.1876,8,b,NO,NO.
order_real,data/videos_real/int_7000ms/real_7000_00130.avi,7000,1,0,-1.0438,-11.3829,-10.3206,-12.2227,-11.4449,8,a,NO,NO.
order_rev,data/videos_real/int_7000ms/real_7000_00130.avi,7000,1,0,-0.2997,-11.4969,-11.2469,-12.6494,-11.9961,8,a,NO,NO.
moved_real,data/videos_real/int_7000ms/real_7000_00130.avi,7000,1,0,-0.1977,-11.4923,-11.3046,-12.5197,-11.4918,8,a,NO,NO.
moved_twin,data/twin_real/real_7000_00130.avi,7000,0,0,-1.8121,-11.7187,-11.7185,-12.7783,-11.7808,8,a,NO,NO.
order_twin,data/twin_real/real_7000_00130.avi,7000,-1,0,-1.387,-11.4287,-10.4914,-12.3315,-11.5532,8,a,NO,NO.
bind_twin,data/twin_real/real_7000_00130.avi,7000,1,1,4.3856,-12.9142,-13.2266,-14.4126,-13.6637,8,a,YES,YES.
order_real,data/videos_real/int_7000ms/real_7000_00130_flip.avi,7000,0,0,-0.6254,-11.4089,-10.4091,-12.3108,-11.5332,8,a,NO,NO.
order_real,data/videos_real/int_7000ms/real_7000_00142.avi,7000,1,0,-2.3514,-11.4213,-10.7339,-12.0449,-11.7335,8,b,NO,NO.
order_rev,data/videos_real/int_7000ms/real_7000_00142.avi,7000,1,0,-2.8134,-11.8241,-11.3866,-12.635,-12.2612,8,b,NO,NO.
moved_real,data/videos_real/int_7000ms/real_7000_00142.avi,7000,1,0,-1.5932,-11.7538,-11.5662,-12.2829,-11.8784,8,b,NO,NO.
moved_twin,data/twin_real/real_7000_00142.avi,7000,0,0,-1.1306,-11.4741,-11.2866,-12.0341,-11.5986,8,b,NO,NO.
order_twin,data/twin_real/real_7000_00142.avi,7000,-1,0,-1.6249,-11.1615,-10.4742,-11.6597,-11.4112,8,b,NO,NO.
bind_twin,data/twin_real/real_7000_00142.avi,7000,0,0,-6.518,-14.3411,-13.5911,-14.8406,-14.9033,8,b,NO,NO
order_real,data/videos_real/int_7000ms/real_7000_00142_flip.avi,7000,0,0,-1.5208,-11.4453,-10.4456,-11.9431,-11.6325,8,b,NO,NO.
order_real,data/videos_real/int_7000ms/real_7000_00154.avi,7000,1,0,-2.5364,-11.8666,-11.2416,-12.7705,-12.4909,8,b,NO,NO.
order_rev,data/videos_real/int_7000ms/real_7000_00154.avi,7000,1,0,-2.6645,-11.758,-11.6953,-12.5685,-12.2572,8,b,NO,NO.
moved_real,data/videos_real/int_7000ms/real_7000_00154.avi,7000,1,1,1.5836,-11.8523,-12.1021,-13.0992,-12.3516,8,b,YES,YES.
moved_twin,data/twin_real/real_7000_00154.avi,7000,0,0,-0.4758,-11.3318,-11.394,-12.2348,-11.6747,8,b,NO,NO.
order_twin,data/twin_real/real_7000_00154.avi,7000,-1,0,-2.3517,-11.6877,-11.3125,-12.5605,-12.3119,8,b,NO,NO.
bind_twin,data/twin_real/real_7000_00154.avi,7000,0,0,-5.6243,-13.5546,-12.7421,-14.2412,-14.0542,8,b,NO,NO
order_real,data/videos_real/int_7000ms/real_7000_00154_flip.avi,7000,0,0,-2.5119,-11.907,-11.0945,-12.7482,-12.4063,8,b,NO,NO.
order_real,data/videos_real/int_7000ms/real_7000_00166.avi,7000,1,0,-2.7512,-11.977,-11.7269,-13.0998,-12.414,8,a,NO,NO.
order_rev,data/videos_real/int_7000ms/real_7000_00166.avi,7000,1,0,-2.7213,-12.1628,-11.7878,-13.161,-12.7248,8,a,NO,NO.
moved_real,data/videos_real/int_7000ms/real_7000_00166.avi,7000,1,0,-3.1435,-12.5746,-12.637,-13.5727,-12.9492,8,a,NO,NO.
moved_twin,data/twin_real/real_7000_00166.avi,7000,0,0,-3.9703,-12.8963,-13.1462,-14.0824,-13.5209,8,a,NO,NO.
order_twin,data/twin_real/real_7000_00166.avi,7000,-1,0,-3.2626,-12.178,-11.8654,-13.3637,-12.6776,8,a,NO,NO.
bind_twin,data/twin_real/real_7000_00166.avi,7000,1,1,2.2915,-12.5626,-12.5625,-13.3106,-12.8744,8,a,YES,YES.
order_real,data/videos_real/int_7000ms/real_7000_00166_flip.avi,7000,0,0,-1.5873,-11.6028,-11.0402,-12.6306,-11.8833,8,a,NO,NO.
order_real,data/videos_real/int_7000ms/real_7000_00178.avi,7000,1,0,-0.7529,-11.2158,-10.4659,-12.0251,-11.5902,8,a,NO,NO.
order_rev,data/videos_real/int_7000ms/real_7000_00178.avi,7000,1,0,-0.6016,-11.3923,-11.0174,-12.2641,-11.8291,8,a,NO,NO.
moved_real,data/videos_real/int_7000ms/real_7000_00178.avi,7000,1,0,-0.8234,-11.2801,-11.0925,-12.2144,-11.6544,8,a,NO,NO.
moved_twin,data/twin_real/real_7000_00178.avi,7000,0,0,-0.7507,-11.2419,-11.1792,-12.1454,-11.5538,8,a,NO,NO.
order_twin,data/twin_real/real_7000_00178.avi,7000,-1,0,-1.1644,-11.4018,-10.8393,-12.1802,-11.8073,8,a,NO,NO.
bind_twin,data/twin_real/real_7000_00178.avi,7000,1,0,-1.6519,-11.743,-11.3054,-12.4287,-11.9923,8,a,NO,NO.
order_real,data/videos_real/int_7000ms/real_7000_00178_flip.avi,7000,0,0,-0.9307,-11.3062,-10.4938,-12.0223,-11.6182,8,a,NO,NO.
order_real,data/videos_real/int_7000ms/real_7000_00190.avi,7000,1,0,-0.2269,-11.3542,-10.7916,-12.4128,-11.541,8,a,NO,NO.
order_rev,data/videos_real/int_7000ms/real_7000_00190.avi,7000,1,1,0.3392,-11.7418,-11.6792,-12.9574,-12.3661,8,a,YES,YES.
moved_real,data/videos_real/int_7000ms/real_7000_00190.avi,7000,1,0,-0.6929,-11.5102,-11.5099,-12.6625,-11.6968,8,a,NO,NO.
moved_twin,data/twin_real/real_7000_00190.avi,7000,0,0,-2.1617,-11.8111,-11.9358,-12.8399,-12.0604,8,a,NO,NO.
order_twin,data/twin_real/real_7000_00190.avi,7000,-1,0,-1.1993,-11.1791,-10.9289,-12.2701,-11.3661,8,a,NO,NO.
bind_twin,data/twin_real/real_7000_00190.avi,7000,1,1,2.0492,-11.8761,-11.751,-12.8119,-12.188,8,a,YES,YES.
order_real,data/videos_real/int_7000ms/real_7000_00190_flip.avi,7000,0,0,-0.5723,-11.3288,-10.8287,-12.3877,-11.5156,8,a,NO,NO.
order_real,data/videos_real/int_7000ms/real_7000_00202.avi,7000,1,0,-0.762,-11.7132,-10.9008,-12.4904,-11.9936,8,b,NO,NO.
order_rev,data/videos_real/int_7000ms/real_7000_00202.avi,7000,1,0,-0.1475,-11.4933,-11.1184,-12.3953,-11.7737,8,b,NO,NO.
moved_real,data/videos_real/int_7000ms/real_7000_00202.avi,7000,1,0,-1.2678,-11.7203,-11.4702,-12.4986,-11.9696,8,b,NO,NO.
moved_twin,data/twin_real/real_7000_00202.avi,7000,0,0,-1.7777,-11.7236,-11.7233,-12.6585,-12.1602,8,b,NO,NO.
order_twin,data/twin_real/real_7000_00202.avi,7000,-1,0,-1.2778,-11.4395,-11.0643,-12.3425,-11.8448,8,b,NO,NO.
bind_twin,data/twin_real/real_7000_00202.avi,7000,0,0,-4.3412,-13.2653,-12.7653,-14.1385,-13.827,8,b,NO,NO.
order_real,data/videos_real/int_7000ms/real_7000_00202_flip.avi,7000,0,0,-1.2619,-11.5799,-10.83,-12.3887,-11.8916,8,b,NO,NO.
order_real,data/videos_real/int_7000ms/real_7000_00214.avi,7000,1,0,-1.6395,-11.3243,-10.6368,-12.2282,-11.8237,8,a,NO,NO.
order_rev,data/videos_real/int_7000ms/real_7000_00214.avi,7000,1,0,-1.4205,-11.7567,-11.3818,-12.7541,-12.381,8,a,NO,NO.
moved_real,data/videos_real/int_7000ms/real_7000_00214.avi,7000,1,0,-2.0178,-11.5965,-11.6587,-12.8437,-12.3456,8,a,NO,NO.
moved_twin,data/twin_real/real_7000_00214.avi,7000,0,0,-2.0182,-11.5338,-11.7835,-12.875,-12.283,8,a,NO,NO.
order_twin,data/twin_real/real_7000_00214.avi,7000,-1,0,-1.8657,-11.2029,-10.6404,-12.1385,-11.7024,8,a,NO,NO.
bind_twin,data/twin_real/real_7000_00214.avi,7000,1,1,0.3061,-11.0774,-10.8274,-11.8871,-11.639,8,a,YES,YES.
order_real,data/videos_real/int_7000ms/real_7000_00214_flip.avi,7000,0,0,-1.6271,-11.22,-10.2826,-11.9676,-11.532,8,a,NO,NO.
order_real,data/videos_real/int_7000ms/real_7000_00226.avi,7000,0,0,-0.6461,-11.2747,-10.6496,-12.2393,-11.4615,8,a,NO,NO.
order_rev,data/videos_real/int_7000ms/real_7000_00226.avi,7000,0,0,-0.2388,-11.3986,-11.0236,-12.3639,-11.7729,8,a,NO,NO.
moved_real,data/videos_real/int_7000ms/real_7000_00226.avi,7000,1,0,-0.8723,-11.3278,-11.0777,-12.2311,-11.4524,8,a,NO,NO.
moved_twin,data/twin_real/real_7000_00226.avi,7000,0,0,-2.1807,-11.6419,-11.5168,-12.546,-11.6417,8,a,NO,NO.
order_twin,data/twin_real/real_7000_00226.avi,7000,-1,0,-1.588,-11.4407,-11.0655,-12.3754,-11.6276,8,a,NO,NO.
bind_twin,data/twin_real/real_7000_00226.avi,7000,1,1,2.2954,-11.5893,-11.4018,-12.5879,-11.9639,8,a,YES,YES.
order_real,data/videos_real/int_7000ms/real_7000_00226_flip.avi,7000,1,0,-0.8961,-11.3202,-10.7576,-12.3786,-11.5695,8,a,NO,NO.
order_real,data/videos_real/int_7000ms/real_7000_00238.avi,7000,1,0,-1.1468,-11.4405,-11.0028,-12.5926,-12.033,8,a,NO,NO.
order_rev,data/videos_real/int_7000ms/real_7000_00238.avi,7000,1,0,-1.189,-11.8443,-11.7192,-12.9668,-12.5309,8,a,NO,NO.
moved_real,data/videos_real/int_7000ms/real_7000_00238.avi,7000,1,0,-0.6016,-11.5343,-11.6589,-12.8732,-12.0953,8,a,NO,NO.
moved_twin,data/twin_real/real_7000_00238.avi,7000,0,0,-1.0217,-11.4722,-11.6593,-12.7809,-12.0959,8,a,NO,NO.
order_twin,data/twin_real/real_7000_00238.avi,7000,-1,0,-1.4652,-11.3723,-11.0595,-12.5252,-12.0587,8,a,NO,NO.
bind_twin,data/twin_real/real_7000_00238.avi,7000,1,1,2.4024,-12.5952,-12.5951,-13.9673,-13.4066,8,a,YES,YES.
order_real,data/videos_real/int_7000ms/real_7000_00238_flip.avi,7000,0,0,-0.7718,-11.2952,-10.92,-12.4784,-11.9189,8,a,NO,NO.
order_real,data/videos_real/int_7000ms/real_7000_00250.avi,7000,0,0,-0.7264,-11.2884,-10.5384,-12.1907,-11.6625,8,a,NO,NO.
order_real,data/videos_real/int_7000ms/real_7000_00250_flip.avi,7000,1,0,-0.8649,-11.2239,-10.4115,-12.0952,-11.6292,8,a,NO,NO.
order_real,data/videos_real/int_7000ms/real_7000_00262.avi,7000,0,0,-1.1284,-11.445,-10.5701,-12.5041,-11.9129,8,a,NO,NO.
order_real,data/videos_real/int_7000ms/real_7000_00262_flip.avi,7000,1,0,-1.2056,-11.3838,-10.6963,-12.4117,-11.9141,8,a,NO,NO.
order_real,data/videos_real/int_7000ms/real_7000_00274.avi,7000,0,0,-0.4143,-11.1376,-10.6375,-12.4774,-11.6991,8,a,NO,NO.
order_real,data/videos_real/int_7000ms/real_7000_00274_flip.avi,7000,1,0,-0.4313,-11.2861,-10.7859,-12.5632,-11.8475,8,a,NO,NO.
order_real,data/videos_real/int_7000ms/real_7000_00286.avi,7000,1,0,-1.2505,-11.2952,-10.5453,-12.2912,-11.7941,8,a,NO,NO.
order_real,data/videos_real/int_7000ms/real_7000_00286_flip.avi,7000,0,0,-1.1362,-11.3603,-10.423,-12.3251,-11.8281,8,a,NO,NO.
order_real,data/videos_real/int_7000ms/real_7000_00298.avi,7000,1,0,-1.7409,-12.031,-11.2186,-13.0587,-12.6237,8,a,NO,NO.
order_real,data/videos_real/int_7000ms/real_7000_00298_flip.avi,7000,0,0,-1.7058,-12.0363,-11.2239,-13.033,-12.5978,8,a,NO,NO.
order_real,data/videos_real/int_7000ms/real_7000_00310.avi,7000,1,0,-1.4892,-11.5214,-11.1462,-12.6429,-12.0517,8,b,NO,NO.
order_real,data/videos_real/int_7000ms/real_7000_00310_flip.avi,7000,0,0,-1.614,-11.6245,-11.1244,-12.7144,-12.0923,8,b,NO,NO.
order_real,data/videos_real/int_7000ms/real_7000_00322.avi,7000,0,0,-0.921,-11.5641,-11.064,-12.7165,-12.188,8,a,NO,NO.
order_real,data/videos_real/int_7000ms/real_7000_00322_flip.avi,7000,1,0,-0.3307,-11.5994,-11.2244,-12.7207,-12.1297,8,a,NO,NO.
order_real,data/videos_real/int_7000ms/real_7000_00334.avi,7000,0,0,-1.9764,-11.8964,-10.8965,-12.6123,-12.2083,8,b,NO,NO.
order_real,data/videos_real/int_7000ms/real_7000_00334_flip.avi,7000,1,0,-1.8304,-11.8935,-11.0811,-12.6716,-12.33,8,b,NO,NO.
order_real,data/videos_real/int_7000ms/real_7000_00346.avi,7000,1,0,-1.8224,-11.6547,-11.2171,-12.6518,-11.9041,8,b,NO,NO.
order_real,data/videos_real/int_7000ms/real_7000_00346_flip.avi,7000,0,0,-1.2391,-11.5726,-10.9475,-12.5377,-11.8844,8,b,NO,NO.
order_real,data/videos_real/int_7000ms/real_7000_00358.avi,7000,0,0,-1.3642,-11.6707,-10.8583,-12.5423,-12.0449,8,b,NO,NO.
order_real,data/videos_real/int_7000ms/real_7000_00358_flip.avi,7000,1,0,-1.4473,-11.5921,-10.8421,-12.4329,-11.9664,8,b,NO,NO.
order_real,data/videos_real/int_7000ms/real_7000_00370.avi,7000,0,0,-2.2274,-11.8061,-11.306,-13.0533,-12.6177,8,a,NO,NO.
order_real,data/videos_real/int_7000ms/real_7000_00370_flip.avi,7000,1,0,-2.6286,-12.1065,-11.7939,-13.4475,-12.9805,8,a,NO,NO.
order_real,data/videos_real/int_7000ms/real_7000_00382.avi,7000,0,0,-1.0393,-11.3081,-10.7456,-12.2113,-11.7761,8,a,NO,NO.
order_real,data/videos_real/int_7000ms/real_7000_00382_flip.avi,7000,1,0,-1.1641,-11.4645,-10.7146,-12.2424,-11.7763,8,a,NO,NO.
order_real,data/videos_real/int_7000ms/real_7000_00394.avi,7000,1,0,-2.2058,-11.5372,-11.2246,-12.7538,-12.1616,8,b,NO,NO.
order_real,data/videos_real/int_7000ms/real_7000_00394_flip.avi,7000,0,0,-1.9994,-11.8815,-11.194,-12.7853,-12.2558,8,b,NO,NO.
order_real,data/videos_real/int_7000ms/real_7000_00406.avi,7000,0,0,-1.213,-11.2658,-10.8282,-12.3248,-11.6088,8,a,NO,NO.
order_real,data/videos_real/int_7000ms/real_7000_00406_flip.avi,7000,1,0,-1.1811,-11.241,-10.8659,-12.3313,-11.584,8,a,NO,NO.
order_real,data/videos_real/int_7000ms/real_7000_00418.avi,7000,0,0,-0.9071,-11.6907,-10.6909,-12.5929,-12.0961,8,b,NO,NO.
order_real,data/videos_real/int_7000ms/real_7000_00418_flip.avi,7000,1,0,-1.0029,-11.6635,-10.8511,-12.5352,-12.1316,8,b,NO,NO.
order_real,data/videos_real/int_7000ms/real_7000_00430.avi,7000,1,0,-1.7511,-11.4523,-10.8898,-12.3244,-11.6392,8,a,NO,NO.
order_real,data/videos_real/int_7000ms/real_7000_00430_flip.avi,7000,0,0,-1.3376,-11.5251,-10.8376,-12.3969,-11.6495,8,a,NO,NO.
order_real,data/videos_real/int_7000ms/real_7000_00442.avi,7000,1,0,-1.8764,-11.8083,-11.3082,-12.8049,-12.2448,8,a,NO,NO.
order_real,data/videos_real/int_7000ms/real_7000_00442_flip.avi,7000,0,0,-1.8308,-11.7064,-11.2062,-12.828,-12.2678,8,a,NO,NO.
order_real,data/videos_real/int_7000ms/real_7000_00454.avi,7000,1,0,-2.564,-12.0898,-11.5273,-13.1183,-12.5266,8,b,NO,NO.
order_real,data/videos_real/int_7000ms/real_7000_00454_flip.avi,7000,0,0,-3.331,-12.3409,-11.9659,-13.4643,-13.0278,8,b,NO,NO.
order_real,data/videos_real/int_7000ms/real_7000_00466.avi,7000,0,0,-0.0459,-11.4623,-10.9,-12.4889,-11.7738,8,a,NO,NO.
order_real,data/videos_real/int_7000ms/real_7000_00466_flip.avi,7000,1,0,-0.2893,-11.3139,-11.0013,-12.497,-11.7815,8,a,NO,NO.
order_real,data/videos_real/int_7000ms/real_7000_00478.avi,7000,1,0,-2.3659,-12.0838,-11.3963,-12.9873,-12.6454,8,b,NO,NO.
order_real,data/videos_real/int_7000ms/real_7000_00478_flip.avi,7000,0,0,-2.439,-11.9744,-11.4118,-12.909,-12.5359,8,b,NO,NO.
order_real,data/videos_real/int_7000ms/real_7000_00490.avi,7000,0,0,-2.0559,-11.9041,-11.1541,-12.7139,-12.2784,8,b,NO,NO.
order_real,data/videos_real/int_7000ms/real_7000_00490_flip.avi,7000,1,0,-2.3397,-11.7554,-11.0678,-12.6905,-12.2547,8,b,NO,NO.
order_real,data/videos_real/int_7000ms/real_7000_00502.avi,7000,0,0,-2.4171,-11.7677,-11.0803,-12.6095,-12.2046,8,b,NO,NO.
order_real,data/videos_real/int_7000ms/real_7000_00502_flip.avi,7000,1,0,-2.5221,-12.0306,-11.4056,-12.9658,-12.5923,8,b,NO,NO.
order_real,data/videos_real/int_7000ms/real_7000_00514.avi,7000,0,0,-1.197,-11.5198,-10.7698,-12.4532,-12.0185,8,a,NO,NO.
order_real,data/videos_real/int_7000ms/real_7000_00514_flip.avi,7000,1,0,-1.7769,-11.5365,-10.9739,-12.4706,-12.0667,8,a,NO,NO.
order_real,data/videos_real/int_7000ms/real_7000_00526.avi,7000,1,0,-0.6323,-11.3985,-11.0859,-12.5821,-11.9287,8,a,NO,NO.
order_real,data/videos_real/int_7000ms/real_7000_00526_flip.avi,7000,0,0,-0.8823,-11.3813,-10.8813,-12.5338,-11.8804,8,a,NO,NO.
order_real,data/videos_real/int_7000ms/real_7000_00538.avi,7000,0,0,-1.5011,-11.3682,-10.8057,-12.3034,-11.6177,8,b,NO,NO.
order_real,data/videos_real/int_7000ms/real_7000_00538_flip.avi,7000,1,0,-1.6021,-11.6382,-11.0757,-12.4799,-11.8877,8,b,NO,NO.
order_real,data/videos_real/int_7000ms/real_7000_00550.avi,7000,0,0,-1.6155,-11.6766,-10.7392,-12.5175,-11.9261,8,b,NO,NO.
order_real,data/videos_real/int_7000ms/real_7000_00550_flip.avi,7000,1,0,-1.762,-11.6756,-10.8007,-12.5164,-11.9875,8,b,NO,NO.
order_real,data/videos_real/int_7000ms/real_7000_00562.avi,7000,1,0,-0.8222,-11.3707,-10.9331,-12.3351,-11.8072,8,a,NO,NO.
order_real,data/videos_real/int_7000ms/real_7000_00562_flip.avi,7000,0,0,-0.0008,-11.298,-10.798,-12.356,-11.6721,8,a,NO,NO.
order_real,data/videos_real/int_7000ms/real_7000_00574.avi,7000,0,0,-1.7716,-11.696,-11.0709,-12.6921,-12.0076,8,a,NO,NO.
order_real,data/videos_real/int_7000ms/real_7000_00574_flip.avi,7000,1,0,-1.7534,-11.55,-10.9873,-12.6398,-11.9241,8,a,NO,NO.
order_real,data/videos_real/int_7000ms/real_7000_00586.avi,7000,1,0,-1.2129,-11.3278,-10.6403,-12.2936,-11.7646,8,a,NO,NO.
order_real,data/videos_real/int_7000ms/real_7000_00586_flip.avi,7000,0,0,-1.6705,-11.5885,-10.776,-12.4609,-12.0253,8,a,NO,NO.
order_real,data/videos_real/int_7000ms/real_7000_00598.avi,7000,1,0,-0.0586,-11.2676,-10.5177,-12.1077,-11.5481,8,a,NO,NO.
order_real,data/videos_real/int_7000ms/real_7000_00598_flip.avi,7000,0,0,-0.3019,-11.1765,-10.4267,-12.0168,-11.4258,8,a,NO,NO.
order_real,data/videos_real/int_10000ms/real_10000_00011.avi,10000,0,0,-1.4632,-11.5252,-11.0251,-12.4909,-12.0555,8,a,NO,NO.
order_rev,data/videos_real/int_10000ms/real_10000_00011.avi,10000,0,0,-0.3898,-11.5383,-11.1634,-12.4721,-12.0686,8,a,NO,NO.
moved_real,data/videos_real/int_10000ms/real_10000_00011.avi,10000,1,0,-2.1616,-11.8114,-11.6863,-12.8401,-12.3418,8,a,NO,NO.
moved_twin,data/twin_real/real_10000_00011.avi,10000,0,0,-2.8005,-11.8123,-11.7497,-12.7794,-12.3742,8,a,NO,NO.
order_twin,data/twin_real/real_10000_00011.avi,10000,-1,0,-2.2135,-11.3583,-11.0457,-12.2313,-11.8576,8,a,NO,NO.
bind_twin,data/twin_real/real_10000_00011.avi,10000,1,1,2.3945,-12.026,-12.0884,-13.2119,-12.7753,8,a,YES,YES.
order_real,data/videos_real/int_10000ms/real_10000_00011_flip.avi,10000,1,0,-1.8383,-11.4647,-11.0271,-12.3997,-11.9952,8,a,NO,NO.
order_real,data/videos_real/int_10000ms/real_10000_00023.avi,10000,0,0,-2.7731,-12.1796,-11.5545,-13.0523,-12.6788,8,b,NO,NO.
order_rev,data/videos_real/int_10000ms/real_10000_00023.avi,10000,0,0,-1.8064,-11.5609,-11.4358,-12.4953,-12.216,8,b,NO,NO.
moved_real,data/videos_real/int_10000ms/real_10000_00023.avi,10000,1,0,-0.536,-11.6271,-11.5643,-12.8417,-12.0636,8,b,NO,NO.
moved_twin,data/twin_real/real_10000_00023.avi,10000,0,0,-2.5955,-12.0133,-12.5128,-13.4173,-12.8874,8,b,NO,NO.
order_twin,data/twin_real/real_10000_00023.avi,10000,-1,0,-3.0966,-12.1433,-11.7682,-13.1411,-12.7675,8,b,NO,NO.
bind_twin,data/twin_real/real_10000_00023.avi,10000,0,0,-6.9824,-14.2149,-14.2148,-14.964,-15.2143,8,b,NO,NO.
order_real,data/videos_real/int_10000ms/real_10000_00023_flip.avi,10000,1,0,-2.2625,-11.9278,-11.3027,-12.9246,-12.4892,8,b,NO,NO.
order_real,data/videos_real/int_10000ms/real_10000_00035.avi,10000,1,0,-2.6976,-11.944,-11.4439,-12.9421,-12.5059,8,b,NO,NO.
order_rev,data/videos_real/int_10000ms/real_10000_00035.avi,10000,1,0,-1.5389,-11.3868,-11.2617,-12.4142,-12.0419,8,b,NO,NO.
moved_real,data/videos_real/int_10000ms/real_10000_00035.avi,10000,1,0,-1.4764,-11.326,-11.4507,-12.4794,-11.919,8,b,NO,NO.
moved_twin,data/twin_real/real_10000_00035.avi,10000,0,0,-1.3628,-11.1815,-11.3687,-12.5224,-11.9306,8,b,NO,NO.
order_twin,data/twin_real/real_10000_00035.avi,10000,-1,0,-2.7275,-11.8916,-11.5165,-13.0147,-12.516,8,b,NO,NO.
bind_twin,data/twin_real/real_10000_00035.avi,10000,0,0,-7.8718,-14.7365,-14.6114,-15.4857,-15.7359,8,b,NO,NO.
order_real,data/videos_real/int_10000ms/real_10000_00035_flip.avi,10000,0,0,-2.2273,-11.9933,-11.2434,-12.9287,-12.4302,8,b,NO,NO.
order_real,data/videos_real/int_10000ms/real_10000_00047.avi,10000,0,0,-1.4764,-11.5533,-10.8658,-12.5501,-11.9588,8,a,NO,NO.
order_rev,data/videos_real/int_10000ms/real_10000_00047.avi,10000,0,0,-1.6373,-12.0061,-11.3812,-13.0348,-12.568,8,a,NO,NO.
moved_real,data/videos_real/int_10000ms/real_10000_00047.avi,10000,1,0,-0.7857,-11.8288,-11.6411,-12.7316,-12.0468,8,a,NO,NO.
moved_twin,data/twin_real/real_10000_00047.avi,10000,0,0,-3.2143,-12.2915,-12.6037,-13.6958,-13.1033,8,a,NO,NO.
order_twin,data/twin_real/real_10000_00047.avi,10000,-1,0,-2.9771,-11.7081,-11.4579,-13.0497,-12.5198,8,a,NO,NO.
bind_twin,data/twin_real/real_10000_00047.avi,10000,1,1,1.9099,-12.1908,-12.503,-13.2191,-12.8145,8,a,YES,YES.
order_real,data/videos_real/int_10000ms/real_10000_00047_flip.avi,10000,1,0,-1.1373,-11.4832,-10.983,-12.6983,-12.0448,8,a,NO,NO.
order_real,data/videos_real/int_10000ms/real_10000_00059.avi,10000,0,0,-2.0461,-11.5373,-11.0996,-12.7222,-12.2239,8,a,NO,NO.
order_rev,data/videos_real/int_10000ms/real_10000_00059.avi,10000,0,0,-0.9386,-11.5347,-11.2222,-12.625,-12.1587,8,a,NO,NO.
moved_real,data/videos_real/int_10000ms/real_10000_00059.avi,10000,1,0,-1.3639,-11.6702,-11.5449,-12.7298,-12.1069,8,a,NO,NO.
moved_twin,data/twin_real/real_10000_00059.avi,10000,0,0,-2.5279,-11.6434,-11.8306,-13.0161,-12.4551,8,a,NO,NO.
order_twin,data/twin_real/real_10000_00059.avi,10000,-1,0,-2.9912,-11.7305,-11.6053,-12.9787,-12.6047,8,a,NO,NO.
bind_twin,data/twin_real/real_10000_00059.avi,10000,1,1,0.055,-11.1901,-11.0648,-12.155,-11.72,8,a,NO,YES.
order_real,data/videos_real/int_10000ms/real_10000_00059_flip.avi,10000,1,0,-2.338,-11.5076,-11.1948,-12.7548,-12.2566,8,a,NO,NO.
order_real,data/videos_real/int_10000ms/real_10000_00071.avi,10000,1,0,-1.8977,-11.8849,-11.1349,-12.7254,-12.3214,8,b,NO,NO.
order_rev,data/videos_real/int_10000ms/real_10000_00071.avi,10000,1,0,-0.7125,-11.3158,-11.1907,-12.3431,-11.9395,8,b,NO,NO.
moved_real,data/videos_real/int_10000ms/real_10000_00071.avi,10000,1,0,-0.286,-11.5395,-11.6018,-12.6605,-11.976,8,b,NO,NO.
moved_twin,data/twin_real/real_10000_00071.avi,10000,0,0,-0.4377,-11.3168,-11.5039,-12.5316,-11.847,8,b,NO,NO.
order_twin,data/twin_real/real_10000_00071.avi,10000,-1,0,-2.5522,-11.9445,-11.507,-12.8482,-12.5061,8,b,NO,NO.
bind_twin,data/twin_real/real_10000_00071.avi,10000,0,0,-8.6438,-14.7767,-14.6516,-15.4634,-15.5888,8,b,NO,NO.
order_real,data/videos_real/int_10000ms/real_10000_00071_flip.avi,10000,0,0,-2.251,-11.8284,-11.2034,-12.7003,-12.2651,8,b,NO,NO.
order_real,data/videos_real/int_10000ms/real_10000_00083.avi,10000,0,0,-0.5556,-11.3021,-10.6147,-12.2361,-11.6452,8,a,NO,NO.
order_rev,data/videos_real/int_10000ms/real_10000_00083.avi,10000,0,0,-1.2727,-11.6796,-11.4296,-12.7392,-12.3662,8,a,NO,NO.
moved_real,data/videos_real/int_10000ms/real_10000_00083.avi,10000,1,0,-1.0897,-11.3938,-11.3311,-12.4844,-11.8306,8,a,NO,NO.
moved_twin,data/twin_real/real_10000_00083.avi,10000,0,0,-1.2949,-11.4248,-11.5496,-12.6405,-11.9552,8,a,NO,NO.
order_twin,data/twin_real/real_10000_00083.avi,10000,-1,0,-0.7716,-11.358,-10.9204,-12.261,-11.7322,8,a,NO,NO.
bind_twin,data/twin_real/real_10000_00083.avi,10000,1,1,0.8485,-11.5226,-11.3349,-12.551,-12.084,8,a,YES,YES.
order_real,data/videos_real/int_10000ms/real_10000_00083_flip.avi,10000,1,0,-0.8963,-11.1959,-10.6959,-12.0679,-11.5078,8,a,NO,NO.
order_real,data/videos_real/int_10000ms/real_10000_00095.avi,10000,1,0,-1.921,-11.6771,-10.9896,-12.7992,-12.3013,8,b,NO,NO.
order_rev,data/videos_real/int_10000ms/real_10000_00095.avi,10000,1,0,-1.0877,-11.5191,-11.5189,-12.6086,-12.0805,8,b,NO,NO.
moved_real,data/videos_real/int_10000ms/real_10000_00095.avi,10000,1,0,-0.2623,-11.4008,-11.463,-12.6783,-11.9311,8,b,NO,NO.
moved_twin,data/twin_real/real_10000_00095.avi,10000,0,1,0.3157,-11.2774,-11.4021,-12.5868,-11.9014,8,b,YES,YES.
order_twin,data/twin_real/real_10000_00095.avi,10000,-1,0,-2.1159,-11.671,-11.046,-12.7936,-12.3577,8,b,NO,NO.
bind_twin,data/twin_real/real_10000_00095.avi,10000,0,0,-6.9879,-14.4189,-14.1064,-15.2304,-15.2934,8,b,NO,NO.
order_real,data/videos_real/int_10000ms/real_10000_00095_flip.avi,10000,0,0,-1.9208,-11.7398,-10.8648,-12.7682,-12.3015,8,b,NO,NO.
order_real,data/videos_real/int_10000ms/real_10000_00107.avi,10000,0,0,-2.6161,-12.3141,-11.7515,-13.4052,-13.0631,8,b,NO,NO.
order_rev,data/videos_real/int_10000ms/real_10000_00107.avi,10000,0,0,-1.9023,-11.8309,-11.7682,-12.8273,-12.4547,8,b,NO,NO.
moved_real,data/videos_real/int_10000ms/real_10000_00107.avi,10000,1,1,0.0925,-11.7785,-11.5284,-12.9312,-12.2776,8,b,NO,YES.
moved_twin,data/twin_real/real_10000_00107.avi,10000,0,0,-1.0364,-11.5945,-11.6567,-12.8099,-12.2496,8,b,NO,NO.
order_twin,data/twin_real/real_10000_00107.avi,10000,-1,0,-3.2217,-12.3253,-12.0752,-13.5107,-13.1995,8,b,NO,NO.
bind_twin,data/twin_real/real_10000_00107.avi,10000,0,0,-8.8793,-15.7881,-15.788,-16.5997,-16.9125,8,b,NO,NO.
order_real,data/videos_real/int_10000ms/real_10000_00107_flip.avi,10000,1,0,-2.8309,-12.2383,-11.8007,-13.4235,-12.9875,8,b,NO,NO.
order_real,data/videos_real/int_10000ms/real_10000_00119.avi,10000,0,0,-0.4621,-11.2198,-10.4698,-12.0911,-11.5003,8,a,NO,NO.
order_rev,data/videos_real/int_10000ms/real_10000_00119.avi,10000,0,1,0.3533,-11.4646,-11.2147,-12.4624,-11.9641,8,a,YES,YES.
moved_real,data/videos_real/int_10000ms/real_10000_00119.avi,10000,1,0,-0.5869,-11.1979,-11.3851,-12.6313,-11.7906,8,a,NO,NO.
moved_twin,data/twin_real/real_10000_00119.avi,10000,0,0,-1.5083,-11.4543,-11.8913,-12.9819,-12.2031,8,a,NO,NO.
order_twin,data/twin_real/real_10000_00119.avi,10000,-1,0,-0.8376,-11.2151,-10.5902,-12.212,-11.6519,8,a,NO,NO.
bind_twin,data/twin_real/real_10000_00119.avi,10000,1,1,5.1342,-13.5916,-14.2165,-15.2152,-14.7158,8,a,YES,YES.
order_real,data/videos_real/int_10000ms/real_10000_00119_flip.avi,10000,1,0,-0.3303,-11.2265,-10.6015,-12.2851,-11.632,8,a,NO,NO.
order_real,data/videos_real/int_10000ms/real_10000_00131.avi,10000,0,0,-2.9143,-11.7432,-11.618,-13.0848,-12.6175,8,b,NO,NO.
order_rev,data/videos_real/int_10000ms/real_10000_00131.avi,10000,0,0,-3.3183,-12.0486,-11.8609,-13.4217,-12.9854,8,b,NO,NO.
moved_real,data/videos_real/int_10000ms/real_10000_00131.avi,10000,1,1,0.9969,-12.0978,-12.2226,-13.376,-12.5971,8,b,YES,YES.
moved_twin,data/twin_real/real_10000_00131.avi,10000,0,0,-1.3639,-11.7948,-11.9195,-12.8545,-12.3252,8,b,NO,NO.
order_twin,data/twin_real/real_10000_00131.avi,10000,-1,0,-3.3766,-11.9481,-11.948,-13.2905,-12.8226,8,b,NO,NO.
bind_twin,data/twin_real/real_10000_00131.avi,10000,0,0,-6.6178,-14.1767,-14.0517,-15.1132,-14.9887,8,b,NO,NO
order_real,data/videos_real/int_10000ms/real_10000_00131_flip.avi,10000,1,0,-2.3307,-11.8372,-11.6496,-13.1161,-12.5241,8,b,NO,NO.
order_real,data/videos_real/int_10000ms/real_10000_00143.avi,10000,0,0,-3.1161,-12.3494,-11.9743,-13.3472,-13.0361,8,b,NO,NO.
order_rev,data/videos_real/int_10000ms/real_10000_00143.avi,10000,0,0,-2.2773,-11.7892,-11.789,-12.7552,-12.3507,8,b,NO,NO.
moved_real,data/videos_real/int_10000ms/real_10000_00143.avi,10000,1,1,0.7271,-11.6787,-11.9283,-13.0492,-12.2402,8,b,YES,YES.
moved_twin,data/twin_real/real_10000_00143.avi,10000,0,0,-0.1613,-11.532,-11.7816,-12.7775,-12.062,8,b,NO,NO.
order_twin,data/twin_real/real_10000_00143.avi,10000,-1,0,-2.9911,-12.2301,-11.9176,-13.1654,-12.8544,8,b,NO,NO.
bind_twin,data/twin_real/real_10000_00143.avi,10000,0,0,-8.6365,-15.1951,-15.2575,-16.0067,-16.1946,8,b,NO,NO.
order_real,data/videos_real/int_10000ms/real_10000_00143_flip.avi,10000,1,0,-2.8525,-12.1966,-11.634,-13.1317,-12.8833,8,b,NO,NO.
order_real,data/videos_real/int_10000ms/real_10000_00155.avi,10000,0,0,-1.6278,-11.7181,-10.7184,-12.4339,-11.7803,8,b,NO,NO.
order_rev,data/videos_real/int_10000ms/real_10000_00155.avi,10000,0,0,-1.9904,-11.4988,-11.1239,-12.3707,-11.9667,8,b,NO,NO.
moved_real,data/videos_real/int_10000ms/real_10000_00155.avi,10000,1,0,-0.2183,-11.4412,-11.1599,-12.3438,-11.3782,8,b,NO,NO.
moved_twin,data/twin_real/real_10000_00155.avi,10000,0,0,-1.3167,-11.5924,-11.4673,-12.5272,-11.6546,8,b,NO,NO.
order_twin,data/twin_real/real_10000_00155.avi,10000,-1,0,-2.3897,-11.7955,-11.0456,-12.5747,-12.0451,8,b,NO,NO.
bind_twin,data/twin_real/real_10000_00155.avi,10000,0,0,-3.4298,-12.3206,-11.5708,-12.8188,-12.5699,8,b,NO,NO.
order_real,data/videos_real/int_10000ms/real_10000_00155_flip.avi,10000,1,0,-1.7263,-11.5569,-10.682,-12.3663,-11.8375,8,b,NO,NO.
order_real,data/videos_real/int_10000ms/real_10000_00167.avi,10000,1,0,-0.8595,-11.2862,-10.6611,-12.4075,-11.6916,8,a,NO,NO.
order_rev,data/videos_real/int_10000ms/real_10000_00167.avi,10000,1,0,-0.3519,-11.4249,-11.1749,-12.3593,-11.9241,8,a,NO,NO.
moved_real,data/videos_real/int_10000ms/real_10000_00167.avi,10000,1,1,0.4081,-11.4533,-11.5155,-12.6365,-11.671,8,a,YES,YES.
moved_twin,data/twin_real/real_10000_00167.avi,10000,0,0,-1.9191,-11.3645,-11.739,-12.7362,-12.0196,8,a,NO,NO.
order_twin,data/twin_real/real_10000_00167.avi,10000,-1,0,-1.5302,-11.3617,-10.799,-12.4211,-11.7671,8,a,NO,NO.
bind_twin,data/twin_real/real_10000_00167.avi,10000,1,1,3.0582,-12.347,-12.7218,-13.7824,-13.0961,8,a,YES,YES.
order_real,data/videos_real/int_10000ms/real_10000_00167_flip.avi,10000,0,0,-0.9767,-11.3777,-10.6901,-12.4988,-11.783,8,a,NO,NO.
order_real,data/videos_real/int_10000ms/real_10000_00179.avi,10000,0,0,-1.9904,-11.8105,-11.1856,-12.7137,-12.1224,8,b,NO,NO.
order_rev,data/videos_real/int_10000ms/real_10000_00179.avi,10000,0,0,-2.2406,-11.6584,-11.4708,-12.624,-12.22,8,b,NO,NO.
moved_real,data/videos_real/int_10000ms/real_10000_00179.avi,10000,1,0,-1.1425,-11.5623,-11.4996,-12.6212,-11.6867,8,b,NO,NO.
moved_twin,data/twin_real/real_10000_00179.avi,10000,0,0,-1.9315,-11.6699,-11.857,-12.7919,-11.9817,8,b,NO,NO.
order_twin,data/twin_real/real_10000_00179.avi,10000,-1,0,-2.1478,-11.7304,-11.2304,-12.5716,-12.1047,8,b,NO,NO.
bind_twin,data/twin_real/real_10000_00179.avi,10000,0,0,-4.7031,-12.9739,-12.224,-13.5349,-13.4107,8,b,NO,NO.
order_real,data/videos_real/int_10000ms/real_10000_00179_flip.avi,10000,1,0,-1.3867,-11.8028,-10.803,-12.5803,-11.9897,8,b,NO,NO.
order_real,data/videos_real/int_10000ms/real_10000_00191.avi,10000,0,0,-2.4389,-11.9748,-11.1623,-13.0034,-12.4741,8,a,NO,NO.
order_rev,data/videos_real/int_10000ms/real_10000_00191.avi,10000,0,0,-0.6573,-11.021,-11.0209,-12.1423,-11.7074,8,a,NO,NO.
moved_real,data/videos_real/int_10000ms/real_10000_00191.avi,10000,1,0,-1.1802,-11.5535,-11.4908,-12.5504,-11.8339,8,a,NO,NO.
moved_twin,data/twin_real/real_10000_00191.avi,10000,0,0,-2.1015,-11.8367,-11.9615,-12.8031,-12.2734,8,a,NO,NO.
order_twin,data/twin_real/real_10000_00191.avi,10000,-1,0,-2.8067,-11.7797,-11.3421,-12.653,-12.279,8,a,NO,NO.
bind_twin,data/twin_real/real_10000_00191.avi,10000,1,0,-0.8155,-11.4508,-11.2632,-12.1048,-11.7621,8,a,NO,NO.
order_real,data/videos_real/int_10000ms/real_10000_00191_flip.avi,10000,1,0,-2.1813,-11.8282,-11.1407,-12.7005,-12.2024,8,a,NO,NO.
order_real,data/videos_real/int_10000ms/real_10000_00203.avi,10000,0,0,-3.3524,-12.1748,-11.8622,-13.5165,-12.9867,8,b,NO,NO.
order_rev,data/videos_real/int_10000ms/real_10000_00203.avi,10000,0,0,-2.5726,-11.952,-11.7019,-13.2309,-12.7012,8,b,NO,NO.
moved_real,data/videos_real/int_10000ms/real_10000_00203.avi,10000,1,1,0.8334,-12.2758,-12.5879,-13.7097,-12.8999,8,b,YES,YES.
moved_twin,data/twin_real/real_10000_00203.avi,10000,0,0,-0.6666,-12.059,-12.3712,-13.3056,-12.683,8,b,NO,NO.
order_twin,data/twin_real/real_10000_00203.avi,10000,-1,0,-3.5503,-12.4064,-12.3438,-13.811,-13.2183,8,b,NO,NO.
bind_twin,data/twin_real/real_10000_00203.avi,10000,0,0,-6.7356,-14.3016,-14.3639,-15.4255,-15.2384,8,b,NO,NO
order_real,data/videos_real/int_10000ms/real_10000_00203_flip.avi,10000,1,0,-2.7918,-12.0167,-11.7041,-13.2956,-12.766,8,b,NO,NO.
order_real,data/videos_real/int_10000ms/real_10000_00215.avi,10000,0,0,-0.5721,-11.5782,-10.7657,-12.4494,-11.8586,8,a,NO,NO.
order_rev,data/videos_real/int_10000ms/real_10000_00215.avi,10000,0,0,-0.3517,-11.488,-11.1756,-12.3904,-11.8621,8,a,NO,NO.
moved_real,data/videos_real/int_10000ms/real_10000_00215.avi,10000,1,0,0.1131,-11.3944,-11.394,-12.5783,-11.8622,8,a,NO,NO.
moved_twin,data/twin_real/real_10000_00215.avi,10000,0,0,-2.2684,-11.6324,-11.7571,-12.9111,-12.2566,8,a,NO,NO.
order_twin,data/twin_real/real_10000_00215.avi,10000,-1,0,-1.4312,-11.3745,-10.9368,-12.3399,-11.7486,8,a,NO,NO.
bind_twin,data/twin_real/real_10000_00215.avi,10000,1,1,3.1496,-12.4253,-12.8001,-13.9229,-13.3617,8,a,YES,YES.
order_real,data/videos_real/int_10000ms/real_10000_00215_flip.avi,10000,1,0,-0.3058,-11.2752,-10.5877,-12.1466,-11.587,8,a,NO,NO.
order_real,data/videos_real/int_10000ms/real_10000_00227.avi,10000,0,0,-2.1744,-12.1744,-11.237,-12.8282,-12.4239,8,b,NO,NO.
order_rev,data/videos_real/int_10000ms/real_10000_00227.avi,10000,0,0,-2.7531,-11.6618,-11.4117,-12.6903,-12.4109,8,b,NO,NO.
moved_real,data/videos_real/int_10000ms/real_10000_00227.avi,10000,1,0,-0.7848,-11.73,-11.4799,-12.6019,-12.0105,8,b,NO,NO.
moved_twin,data/twin_real/real_10000_00227.avi,10000,0,0,-1.1005,-11.5723,-11.5096,-12.5069,-11.9466,8,b,NO,NO.
order_twin,data/twin_real/real_10000_00227.avi,10000,-1,0,-2.4164,-12.1677,-11.293,-12.7597,-12.3549,8,b,NO,NO.
bind_twin,data/twin_real/real_10000_00227.avi,10000,0,0,-4.4952,-13.394,-12.8315,-14.0807,-13.8936,8,b,NO,NO.
order_real,data/videos_real/int_10000ms/real_10000_00227_flip.avi,10000,1,0,-1.4986,-11.8941,-10.9568,-12.6724,-12.206,8,b,NO,NO.
order_real,data/videos_real/int_10000ms/real_10000_00239.avi,10000,1,0,-0.8516,-11.6396,-10.9521,-12.7917,-12.0762,8,a,NO,NO.
order_rev,data/videos_real/int_10000ms/real_10000_00239.avi,10000,1,1,0.8756,-11.8878,-11.8252,-13.1972,-12.637,8,a,YES,YES.
moved_real,data/videos_real/int_10000ms/real_10000_00239.avi,10000,1,0,-0.3356,-11.5169,-11.5791,-12.7618,-11.9531,8,a,NO,NO.
moved_twin,data/twin_real/real_10000_00239.avi,10000,0,0,-1.4048,-11.34,-11.5271,-12.4618,-11.839,8,a,NO,NO.
order_twin,data/twin_real/real_10000_00239.avi,10000,-1,0,-1.5886,-11.5025,-11.0649,-12.5618,-11.8767,8,a,NO,NO.
bind_twin,data/twin_real/real_10000_00239.avi,10000,1,1,1.7845,-11.8951,-11.8949,-13.1105,-12.7063,8,a,YES,YES.
order_real,data/videos_real/int_10000ms/real_10000_00239_flip.avi,10000,0,0,-1.0601,-11.5006,-10.8754,-12.6836,-11.9682,8,a,NO,NO.
order_real,data/videos_real/int_10000ms/real_10000_00251.avi,10000,1,0,-1.572,-11.3825,-10.7575,-12.2542,-11.663,8,a,NO,NO.
order_real,data/videos_real/int_10000ms/real_10000_00251_flip.avi,10000,0,0,-0.9308,-11.3062,-10.5563,-12.2083,-11.5553,8,a,NO,NO.
order_real,data/videos_real/int_10000ms/real_10000_00263.avi,10000,1,0,-2.2495,-12.3535,-11.7285,-13.4452,-12.9779,8,b,NO,NO.
order_real,data/videos_real/int_10000ms/real_10000_00263_flip.avi,10000,0,0,-2.6482,-12.1247,-11.6871,-13.3102,-12.9366,8,b,NO,NO.
order_real,data/videos_real/int_10000ms/real_10000_00275.avi,10000,0,0,-0.6849,-11.3619,-10.7368,-12.5451,-11.736,8,a,NO,NO.
order_real,data/videos_real/int_10000ms/real_10000_00275_flip.avi,10000,1,0,-0.56,-11.3426,-10.8425,-12.6196,-11.8104,8,a,NO,NO.
order_real,data/videos_real/int_10000ms/real_10000_00287.avi,10000,0,0,-0.2717,-11.2943,-10.9191,-12.3215,-11.6997,8,a,NO,NO.
order_real,data/videos_real/int_10000ms/real_10000_00287_flip.avi,10000,1,0,-1.0679,-11.3115,-10.9988,-12.4017,-11.7794,8,a,NO,NO.
order_real,data/videos_real/int_10000ms/real_10000_00299.avi,10000,1,0,-1.0723,-11.4877,-10.7378,-12.4843,-11.8307,8,b,NO,NO.
order_real,data/videos_real/int_10000ms/real_10000_00299_flip.avi,10000,0,0,-1.6813,-11.58,-11.0175,-12.5459,-11.8919,8,b,NO,NO.
order_real,data/videos_real/int_10000ms/real_10000_00311.avi,10000,1,0,-1.9892,-11.696,-11.0709,-12.8801,-12.3513,8,b,NO,NO.
order_real,data/videos_real/int_10000ms/real_10000_00311_flip.avi,10000,0,0,-1.9765,-11.7268,-11.1018,-12.8172,-12.3509,8,b,NO,NO.
order_real,data/videos_real/int_10000ms/real_10000_00323.avi,10000,0,0,-2.4763,-11.8644,-11.1769,-12.8616,-12.2388,8,b,NO,NO.
order_real,data/videos_real/int_10000ms/real_10000_00323_flip.avi,10000,1,0,-2.0878,-11.7457,-11.0581,-12.8358,-12.2447,8,b,NO,NO.
order_real,data/videos_real/int_10000ms/real_10000_00335.avi,10000,1,0,-2.4391,-11.7255,-11.2254,-12.5982,-12.2247,8,a,NO,NO.
order_real,data/videos_real/int_10000ms/real_10000_00335_flip.avi,10000,0,0,-2.1471,-11.8146,-11.2521,-12.6873,-12.2514,8,a,NO,NO.
order_real,data/videos_real/int_10000ms/real_10000_00347.avi,10000,0,0,-2.1977,-12.0465,-11.5464,-13.2317,-12.6083,8,b,NO,NO.
order_real,data/videos_real/int_10000ms/real_10000_00347_flip.avi,10000,1,0,-2.088,-12.0943,-11.4693,-13.123,-12.5312,8,b,NO,NO.
order_real,data/videos_real/int_10000ms/real_10000_00359.avi,10000,1,0,-2.6403,-12.3379,-11.7129,-13.3353,-12.8995,8,b,NO,NO.
order_real,data/videos_real/int_10000ms/real_10000_00359_flip.avi,10000,0,0,-2.741,-12.2436,-11.7436,-13.2723,-12.8052,8,b,NO,NO.
order_real,data/videos_real/int_10000ms/real_10000_00371.avi,10000,0,0,-0.522,-11.2136,-10.4012,-12.0849,-11.5566,8,a,NO,NO.
order_real,data/videos_real/int_10000ms/real_10000_00371_flip.avi,10000,1,0,-1.1262,-11.3851,-10.885,-12.5062,-11.9465,8,a,NO,NO.
order_real,data/videos_real/int_10000ms/real_10000_00383.avi,10000,0,0,-2.8765,-12.1567,-11.4066,-13.0919,-12.7185,8,b,NO,NO.
order_real,data/videos_real/int_10000ms/real_10000_00383_flip.avi,10000,1,0,-2.7625,-12.1392,-11.3267,-12.9495,-12.5761,8,b,NO,NO.
order_real,data/videos_real/int_10000ms/real_10000_00395.avi,10000,1,0,-0.8781,-11.8856,-11.0107,-12.757,-12.291,8,b,NO,NO.
order_real,data/videos_real/int_10000ms/real_10000_00395_flip.avi,10000,0,0,-1.5874,-11.8516,-11.0392,-12.6927,-12.2885,8,b,NO,NO.
order_real,data/videos_real/int_10000ms/real_10000_00407.avi,10000,0,0,-2.8872,-12.0698,-11.1323,-12.8806,-12.4444,8,b,NO,NO.
order_real,data/videos_real/int_10000ms/real_10000_00407_flip.avi,10000,1,0,-3.0231,-12.4783,-11.6033,-13.2892,-12.9153,8,b,NO,NO.
order_real,data/videos_real/int_10000ms/real_10000_00419.avi,10000,1,0,-2.1891,-11.4355,-11.4977,-12.8079,-12.4343,8,a,NO,NO.
order_real,data/videos_real/int_10000ms/real_10000_00419_flip.avi,10000,0,0,-2.3878,-11.3548,-11.3546,-12.7275,-12.2913,8,a,NO,NO.
order_real,data/videos_real/int_10000ms/real_10000_00431.avi,10000,1,0,-1.2269,-11.7118,-11.0868,-12.7703,-12.0234,8,b,NO,NO.
order_real,data/videos_real/int_10000ms/real_10000_00431_flip.avi,10000,0,0,-1.3377,-11.5868,-11.0867,-12.7082,-11.8985,8,b,NO,NO.
order_real,data/videos_real/int_10000ms/real_10000_00443.avi,10000,1,0,-1.7365,-11.541,-10.9784,-12.6625,-12.1649,8,a,NO,NO.
order_real,data/videos_real/int_10000ms/real_10000_00443_flip.avi,10000,0,0,-0.8225,-11.3702,-10.8077,-12.4597,-11.9939,8,a,NO,NO.
order_real,data/videos_real/int_10000ms/real_10000_00455.avi,10000,1,0,-0.9471,-11.3971,-10.7097,-12.3924,-11.6462,8,a,NO,NO.
order_real,data/videos_real/int_10000ms/real_10000_00455_flip.avi,10000,0,0,-0.5876,-11.4219,-10.7969,-12.4485,-11.671,8,a,NO,NO.
order_real,data/videos_real/int_10000ms/real_10000_00467.avi,10000,0,0,-2.3649,-12.0847,-11.2099,-12.926,-12.4593,8,b,NO,NO.
order_real,data/videos_real/int_10000ms/real_10000_00467_flip.avi,10000,1,0,-2.3016,-11.8408,-11.0283,-12.9008,-12.3715,8,b,NO,NO.
order_real,data/videos_real/int_10000ms/real_10000_00479.avi,10000,0,0,-0.2123,-11.5095,-10.822,-12.4435,-11.8836,8,a,NO,NO.
order_real,data/videos_real/int_10000ms/real_10000_00479_flip.avi,10000,1,0,-0.0446,-11.7507,-11.1881,-12.7151,-12.1558,8,a,NO,NO.
order_real,data/videos_real/int_10000ms/real_10000_00491.avi,10000,0,0,-1.8815,-11.6136,-11.1136,-12.5174,-12.0506,8,b,NO,NO.
order_real,data/videos_real/int_10000ms/real_10000_00491_flip.avi,10000,1,0,-1.4016,-11.4758,-10.8508,-12.348,-11.8502,8,b,NO,NO.
order_real,data/videos_real/int_10000ms/real_10000_00503.avi,10000,0,0,-1.0562,-11.4587,-10.8962,-12.4235,-11.8953,8,b,NO,NO.
order_real,data/videos_real/int_10000ms/real_10000_00503_flip.avi,10000,1,0,-1.4894,-11.5838,-11.1462,-12.612,-12.1455,8,b,NO,NO.
order_real,data/videos_real/int_10000ms/real_10000_00515.avi,10000,0,0,-1.5592,-11.3325,-11.0198,-12.3292,-11.8005,8,a,NO,NO.
order_real,data/videos_real/int_10000ms/real_10000_00515_flip.avi,10000,1,0,-3.2269,-11.9468,-12.0091,-13.0704,-12.6339,8,a,NO,NO.
order_real,data/videos_real/int_10000ms/real_10000_00527.avi,10000,0,0,-1.9902,-11.9355,-10.8731,-12.7453,-12.3724,8,b,NO,NO.
order_real,data/videos_real/int_10000ms/real_10000_00527_flip.avi,10000,1,0,-1.5441,-11.5863,-10.7113,-12.5208,-12.0856,8,b,NO,NO.
order_real,data/videos_real/int_10000ms/real_10000_00539.avi,10000,0,0,-0.3061,-11.2129,-10.7753,-12.4583,-11.7117,8,a,NO,NO.
order_real,data/videos_real/int_10000ms/real_10000_00539_flip.avi,10000,1,1,0.1622,-11.3818,-11.1941,-12.6586,-11.9744,8,a,NO,YES.
order_real,data/videos_real/int_10000ms/real_10000_00551.avi,10000,1,0,-2.3524,-12.1066,-11.544,-13.0416,-12.6683,8,b,NO,NO.
order_real,data/videos_real/int_10000ms/real_10000_00551_flip.avi,10000,0,0,-2.6713,-12.1687,-11.6686,-13.2601,-12.8555,8,b,NO,NO.
order_real,data/videos_real/int_10000ms/real_10000_00563.avi,10000,0,0,-2.515,-11.9725,-11.1601,-13.0016,-12.3471,8,b,NO,NO.
order_real,data/videos_real/int_10000ms/real_10000_00563_flip.avi,10000,1,0,-2.3969,-11.8321,-10.8947,-12.6426,-11.9569,8,b,NO,NO.
order_real,data/videos_real/int_10000ms/real_10000_00575.avi,10000,1,0,-2.4477,-12.0241,-11.5865,-13.084,-12.6484,8,b,NO,NO.
order_real,data/videos_real/int_10000ms/real_10000_00575_flip.avi,10000,0,0,-2.5728,-12.0144,-11.7018,-13.1998,-12.7637,8,b,NO,NO.
order_real,data/videos_real/int_10000ms/real_10000_00587.avi,10000,0,0,-1.4865,-11.3962,-10.8961,-12.424,-11.8951,8,a,NO,NO.
order_real,data/videos_real/int_10000ms/real_10000_00587_flip.avi,10000,1,0,-1.34,-11.3975,-10.9599,-12.4561,-11.9274,8,a,NO,NO.
order_real,data/videos_real/int_10000ms/real_10000_00599.avi,10000,0,0,-0.4476,-11.3749,-10.9373,-12.652,-12.0611,8,a,NO,NO.
order_real,data/videos_real/int_10000ms/real_10000_00599_flip.avi,10000,1,0,-0.8518,-11.3903,-11.0153,-12.543,-11.9831,8,a,NO,NO.
order_blank,data/blank_videos/blank/blank_0000.mp4,0,-1,0,-1.2386,-11.5962,-11.4709,-13.1556,-12.6261,8,a,NO,NO.
order_blank,data/blank_videos/blank/blank_0001.mp4,0,-1,0,-1.466,-11.6018,-11.6016,-13.0682,-12.7566,8,a,NO,NO.
order_blank,data/blank_videos/blank/blank_0002.mp4,0,-1,0,-1.4665,-11.5249,-11.5246,-12.9275,-12.492,8,a,NO,NO.
order_blank,data/blank_videos/blank/blank_0003.mp4,0,-1,0,-1.0949,-11.3428,-11.2176,-12.7141,-12.341,8,a,NO,NO.
order_blank,data/blank_videos/blank/blank_0004.mp4,0,-1,0,-1.2259,-11.4744,-11.3492,-13.0336,-12.4105,8,a,NO,NO.
order_blank,data/blank_videos/blank/blank_0005.mp4,0,-1,0,-1.2231,-11.4241,-11.2989,-12.8897,-12.485,8,a,NO,NO.
order_blank,data/blank_videos/blank/blank_0006.mp4,0,-1,0,-1.0774,-11.4092,-11.4713,-12.999,-12.4075,8,a,NO,NO.
order_blank,data/blank_videos/blank/blank_0007.mp4,0,-1,0,-1.6148,-11.9498,-11.9496,-13.8218,-13.1049,8,a,NO,NO.
order_blank,data/blank_videos/blank/blank_0008.mp4,0,-1,0,-2.2357,-11.8416,-11.7789,-13.4326,-12.8405,8,a,NO,NO.
order_blank,data/blank_videos/blank/blank_0009.mp4,0,-1,0,-1.5981,-11.5377,-11.5375,-13.1285,-12.6923,8,a,NO,NO.
order_blank,data/blank_videos/blank/blank_0010.mp4,0,-1,0,-1.1121,-11.7621,-11.6368,-13.2579,-12.6042,8,a,NO,NO.
order_blank,data/blank_videos/blank/blank_0011.mp4,0,-1,0,-0.9758,-11.4125,-11.0374,-12.7528,-12.1926,8,a,NO,NO.
order_blank,data/blank_videos/blank/blank_0012.mp4,0,-1,0,-1.5949,-11.6749,-11.6121,-13.1714,-12.611,8,a,NO,NO.
order_blank,data/blank_videos/blank/blank_0013.mp4,0,-1,0,-1.3409,-11.5019,-11.3768,-12.9993,-12.5319,8,a,NO,NO.
order_blank,data/blank_videos/blank/blank_0014.mp4,0,-1,0,-0.8409,-11.5656,-11.4405,-13.0935,-12.533,8,a,NO,NO.
order_blank,data/blank_videos/blank/blank_0015.mp4,0,-1,0,-1.8481,-11.4378,-11.5001,-13.1226,-12.655,8,a,NO,NO.
order_blank,data/blank_videos/blank/blank_0016.mp4,0,-1,0,-1.2285,-11.7755,-11.1505,-13.1473,-12.5556,8,a,NO,NO.
order_blank,data/blank_videos/blank/blank_0017.mp4,0,-1,0,-0.7309,-11.4666,-10.8416,-12.6515,-12.1843,8,a,NO,NO.
order_blank,data/blank_videos/blank/blank_0018.mp4,0,-1,0,-0.4731,-11.5876,-10.7126,-12.8341,-12.2739,8,a,NO,NO.
order_blank,data/blank_videos/blank/blank_0019.mp4,0,-1,0,-0.8559,-11.7391,-11.2389,-13.0169,-12.6127,8,a,NO,NO.
order_blank,data/blank_videos/blank/blank_0020.mp4,0,-1,0,-1.348,-11.6464,-11.2712,-12.8613,-12.4887,8,a,NO,NO.
order_blank,data/blank_videos/blank/blank_0021.mp4,0,-1,0,-0.7259,-11.4873,-10.9246,-12.7646,-12.3608,8,a,NO,NO.
order_blank,data/blank_videos/blank/blank_0022.mp4,0,-1,0,-0.7386,-11.3584,-10.8582,-12.6365,-12.2007,8,a,NO,NO.
order_blank,data/blank_videos/blank/blank_0023.mp4,0,-1,0,-0.9731,-11.6113,-11.1112,-12.9198,-12.3599,8,a,NO,NO.
order_blank,data/blank_videos/blank/blank_0024.mp4,0,-1,0,-1.4999,-11.9699,-11.5323,-13.6544,-13.0624,8,a,NO,NO.
order_blank,data/blank_videos/blank/blank_0025.mp4,0,-1,0,-1.2398,-11.7734,-11.0858,-13.083,-12.616,8,a,NO,NO.
order_blank,data/blank_videos/blank/blank_0026.mp4,0,-1,0,-1.4998,-11.6296,-11.0669,-13.0636,-12.4722,8,a,NO,NO.
order_blank,data/blank_videos/blank/blank_0027.mp4,0,-1,0,-1.726,-11.6309,-11.3807,-13.0656,-12.6607,8,a,NO,NO.
order_blank,data/blank_videos/blank/blank_0028.mp4,0,-1,0,-0.7284,-11.6011,-10.8512,-12.7226,-12.1314,8,a,NO,NO.
order_blank,data/blank_videos/blank/blank_0029.mp4,0,-1,0,-1.3621,-11.8305,-11.3928,-13.1393,-12.7042,8,a,NO,NO.
order_blank,data/blank_videos/blank/blank_0030.mp4,0,-1,0,-0.8558,-11.6147,-10.9897,-12.8301,-12.3324,8,a,NO,NO.
order_blank,data/blank_videos/blank/blank_0031.mp4,0,-1,0,-0.4808,-11.6169,-11.0543,-13.0195,-12.4281,8,a,NO,NO.
order_blank,data/blank_videos/blank/blank_0032.mp4,0,-1,0,-1.9872,-11.5445,-11.4193,-13.1357,-12.6993,8,a,NO,NO.
order_blank,data/blank_videos/blank/blank_0033.mp4,0,-1,0,-1.9618,-11.723,-11.0979,-13.2205,-12.7531,8,a,NO,NO.
order_blank,data/blank_videos/blank/blank_0034.mp4,0,-1,0,-1.9823,-11.4627,-11.2125,-13.0853,-12.6489,8,a,NO,NO.
order_blank,data/blank_videos/blank/blank_0035.mp4,0,-1,0,-1.9803,-11.5428,-11.2301,-12.9464,-12.5728,8,a,NO,NO.
order_blank,data/blank_videos/blank/blank_0036.mp4,0,-1,0,-1.9574,-11.5483,-11.1106,-13.2022,-12.7345,8,a,NO,NO.
order_blank,data/blank_videos/blank/blank_0037.mp4,0,-1,0,-2.6107,-11.9357,-11.5606,-13.5273,-12.9349,8,a,NO,NO.
order_blank,data/blank_videos/blank/blank_0038.mp4,0,-1,0,-2.7165,-11.6316,-11.5064,-13.4107,-13.0365,8,a,NO,NO.
order_blank,data/blank_videos/blank/blank_0039.mp4,0,-1,0,-1.7127,-11.3749,-10.8123,-12.7475,-12.2801,8,a,NO,NO.
order_blank,data/blank_videos/blank/blank_0040.mp4,0,-1,0,-1.9802,-11.6673,-11.2296,-13.1644,-12.6973,8,a,NO,NO.
order_blank,data/blank_videos/blank/blank_0041.mp4,0,-1,0,-1.7231,-11.7671,-11.2046,-13.2643,-12.7659,8,a,NO,NO.
order_blank,data/blank_videos/blank/blank_0042.mp4,0,-1,0,-2.6091,-11.4521,-11.2645,-13.2627,-12.8884,8,a,NO,NO.
order_blank,data/blank_videos/blank/blank_0043.mp4,0,-1,0,-1.9665,-11.5737,-11.1985,-13.04,-12.6661,8,a,NO,NO.
order_blank,data/blank_videos/blank/blank_0044.mp4,0,-1,0,-1.2199,-11.4374,-10.8123,-12.809,-12.3734,8,a,NO,NO.
order_blank,data/blank_videos/blank/blank_0045.mp4,0,-1,0,-1.5774,-11.4289,-11.1162,-12.9571,-12.5523,8,a,NO,NO.
order_blank,data/blank_videos/blank/blank_0046.mp4,0,-1,0,-1.4574,-11.3756,-11.0004,-12.9037,-12.3429,8,a,NO,NO.
order_blank,data/blank_videos/blank/blank_0047.mp4,0,-1,0,-1.5774,-11.4293,-11.0541,-12.8638,-12.5214,8,a,NO,NO.
order_blank,data/blank_videos/blank/blank_0048.mp4,0,-1,0,-1.5774,-11.5533,-11.2406,-13.1747,-12.6766,8,a,NO,NO.
order_blank,data/blank_videos/blank/blank_0049.mp4,0,-1,0,-1.7073,-11.3954,-11.2077,-12.9554,-12.519,8,a,NO,NO.
