item,path,interval_ms,gt,pred,margin,lpA,lpB,lpC,lpD,n_frames,queried,top_token,response
order_real,data/videos_v3/int_67ms/v3_67_00000.avi,67,1,0,-13.7483,-28.0,-28.625,-33.5,-33.75,8,b,NO,NO
order_real,data/videos_v3/int_67ms/v3_67_00001.avi,67,1,0,-8.7367,-23.2511,-23.0011,-26.751,-27.6886,8,b,NO,NO
order_real,data/videos_v3/int_67ms/v3_67_00002.avi,67,1,0,-14.9965,-26.0001,-27.7501,-33.0001,-32.0001,8,a,NO,NO
order_real,data/videos_v3/int_67ms/v3_67_00003.avi,67,0,0,-5.2447,-21.0059,-21.2559,-25.3807,-25.6933,8,a,NO,NO
order_real,data/videos_v3/int_67ms/v3_67_00004.avi,67,0,0,-10.9677,-24.1265,-24.5015,-29.2515,-28.939,8,b,NO,NO
order_real,data/videos_v3/int_67ms/v3_67_00005.avi,67,0,0,-12.4942,-25.3752,-26.5002,-31.1251,-31.1252,8,a,NO,NO
order_real,data/videos_v3/int_67ms/v3_67_00006.avi,67,1,0,-13.2481,-26.375,-26.75,-32.75,-31.625,8,b,NO,NO
order_real,data/videos_v3/int_67ms/v3_67_00007.avi,67,0,0,-9.7444,-23.5004,-24.1254,-29.1253,-28.7504,8,b,NO,NO
order_real,data/videos_v3/int_67ms/v3_67_00008.avi,67,1,0,-9.2489,-27.1252,-26.8752,-32.1251,-31.6877,8,b,NO,NO
order_real,data/videos_v3/int_67ms/v3_67_00009.avi,67,0,0,-4.2498,-25.0143,-24.3893,-29.5767,-29.3893,8,b,NO,NO
order_real,data/videos_v3/int_67ms/v3_67_00010.avi,67,1,0,-13.7487,-27.5,-27.875,-32.75,-32.75,8,b,NO,NO
order_real,data/videos_v3/int_67ms/v3_67_00011.avi,67,1,0,-13.2492,-27.75,-28.375,-34.5,-33.375,8,a,NO,NO
order_real,data/videos_v3/int_67ms/v3_67_00012.avi,67,0,0,-6.2463,-23.3773,-22.7524,-28.1272,-27.6898,8,b,NO,NO
order_real,data/videos_v3/int_67ms/v3_67_00013.avi,67,0,0,-3.9993,-24.7058,-22.7683,-27.3307,-27.7683,8,a,NO,NO
order_real,data/videos_v3/int_67ms/v3_67_00014.avi,67,1,0,-7.2475,-23.126,-23.126,-27.751,-27.626,8,b,NO,NO
order_real,data/videos_v3/int_67ms/v3_67_00015.avi,67,0,0,-12.2484,-26.1251,-27.1251,-32.8751,-31.6251,8,b,NO,NO
order_real,data/videos_v3/int_67ms/v3_67_00016.avi,67,1,0,-5.7435,-22.2544,-21.6294,-26.5042,-26.3168,8,a,NO,NO
order_real,data/videos_v3/int_67ms/v3_67_00017.avi,67,1,0,-11.9986,-26.5001,-27.0001,-32.5001,-31.8751,8,b,NO,NO
order_real,data/videos_v3/int_67ms/v3_67_00018.avi,67,0,0,-6.8689,-22.1267,-22.0017,-26.4391,-26.5642,8,a,NO,NO
order_real,data/videos_v3/int_67ms/v3_67_00019.avi,67,1,0,-11.2456,-26.1253,-26.3753,-31.8127,-30.8753,8,a,NO,NO
order_real,data/videos_v3/int_67ms/v3_67_00020.avi,67,0,0,-11.2491,-28.0,-28.125,-34.75,-33.25,8,a,NO,NO
order_real,data/videos_v3/int_67ms/v3_67_00021.avi,67,0,0,-14.2473,-26.2501,-27.1251,-33.0001,-32.0001,8,a,NO,NO
order_real,data/videos_v3/int_67ms/v3_67_00022.avi,67,0,0,-0.7496,-22.2621,-20.2621,-25.637,-24.9496,8,b,NO,NO
order_real,data/videos_v3/int_67ms/v3_67_00023.avi,67,1,0,-0.7498,-22.387,-21.137,-25.8244,-25.6995,8,b,NO,NO
order_real,data/videos_v3/int_67ms/v3_67_00024.avi,67,1,0,-10.7481,-27.0001,-27.2501,-33.25,-31.8751,8,a,NO,NO
order_real,data/videos_v3/int_67ms/v3_67_00025.avi,67,1,0,-7.498,-24.1258,-23.8758,-28.9382,-28.5633,8,a,NO,NO
order_real,data/videos_v3/int_67ms/v3_67_00026.avi,67,0,0,-12.7476,-26.3751,-26.3751,-30.875,-31.4376,8,b,NO,NO
order_real,data/videos_v3/int_67ms/v3_67_00027.avi,67,1,0,-9.2436,-23.5004,-23.5004,-28.6878,-28.0004,8,a,NO,NO
order_real,data/videos_v3/int_67ms/v3_67_00028.avi,67,0,0,-11.7455,-25.5002,-26.0002,-31.2501,-30.8752,8,a,NO,NO
order_real,data/videos_v3/int_67ms/v3_67_00029.avi,67,1,0,-8.9957,-23.7505,-24.1255,-28.5629,-28.5629,8,b,NO,NO
order_real,data/videos_v3/int_67ms/v3_67_00030.avi,67,0,0,-9.4989,-26.8751,-27.2502,-32.8126,-31.5626,8,a,NO,NO
order_real,data/videos_v3/int_67ms/v3_67_00031.avi,67,0,0,-13.9985,-27.2501,-28.2501,-33.875,-32.7501,8,b,NO,NO
order_real,data/videos_v3/int_67ms/v3_67_00032.avi,67,0,0,-10.4961,-24.2503,-24.0003,-29.3752,-29.1253,8,b,NO,NO
order_real,data/videos_v3/int_67ms/v3_67_00033.avi,67,0,1,0.0003,-21.4435,-20.1935,-25.4434,-24.631,8,a,NO,YES
order_real,data/videos_v3/int_67ms/v3_67_00034.avi,67,0,0,-12.2487,-26.1251,-26.7501,-32.5001,-31.3751,8,b,NO,NO
order_real,data/videos_v3/int_67ms/v3_67_00035.avi,67,0,0,-9.4986,-26.0002,-25.7502,-31.5002,-30.1877,8,b,NO,NO
order_real,data/videos_v3/int_67ms/v3_67_00036.avi,67,1,1,4.75,-25.7587,-23.8837,-29.0087,-28.5712,8,a,YES,YES
order_real,data/videos_v3/int_67ms/v3_67_00037.avi,67,0,1,5.5001,-25.7542,-24.2542,-29.5667,-28.7542,8,b,YES,YES
order_real,data/videos_v3/int_67ms/v3_67_00038.avi,67,1,0,-10.7493,-27.6251,-27.3751,-33.9375,-32.8751,8,b,NO,NO
order_real,data/videos_v3/int_67ms/v3_67_00039.avi,67,1,0,-9.4989,-26.0001,-26.3752,-31.6251,-31.4376,8,a,NO,NO
order_real,data/videos_v3/int_67ms/v3_67_00040.avi,67,0,0,-8.7443,-23.0004,-22.7504,-27.9378,-27.5629,8,b,NO,NO
order_real,data/videos_v3/int_67ms/v3_67_00041.avi,67,0,0,-9.9919,-23.3756,-24.1256,-28.0631,-28.5631,8,a,NO,NO
order_real,data/videos_v3/int_67ms/v3_67_00042.avi,67,1,0,-11.9989,-27.0001,-27.1251,-32.375,-32.1251,8,b,NO,NO
order_real,data/videos_v3/int_67ms/v3_67_00043.avi,67,0,1,0.5001,-22.5992,-21.2242,-25.6617,-25.7242,8,a,YES,YES
order_real,data/videos_v3/int_67ms/v3_67_00044.avi,67,1,0,-14.9987,-29.125,-30.125,-35.875,-34.75,8,a,NO,NO
order_real,data/videos_v3/int_67ms/v3_67_00045.avi,67,1,0,-9.4994,-26.1251,-26.3751,-31.6251,-31.5001,8,a,NO,NO
order_real,data/videos_v3/int_67ms/v3_67_00046.avi,67,1,0,-9.9986,-26.2502,-26.5002,-32.0626,-31.1252,8,a,NO,NO
order_real,data/videos_v3/int_67ms/v3_67_00047.avi,67,0,0,-6.2485,-24.5021,-24.1271,-28.8771,-29.0646,8,b,NO,NO
order_real,data/videos_v3/int_67ms/v3_67_00048.avi,67,1,0,-13.4992,-26.75,-27.375,-33.375,-32.5,8,b,NO,NO
order_real,data/videos_v3/int_67ms/v3_67_00049.avi,67,0,1,1.5003,-23.0767,-22.4517,-27.2642,-26.2642,8,a,YES,YES
order_real,data/videos_v3/int_67ms/v3_67_00050.avi,67,1,0,-13.2343,-24.6253,-26.1253,-30.3753,-30.7503,8,a,NO,NO
order_real,data/videos_v3/int_67ms/v3_67_00051.avi,67,0,0,-10.7394,-25.3756,-25.3756,-30.6255,-30.0006,8,a,NO,NO
order_real,data/videos_v3/int_67ms/v3_67_00052.avi,67,0,0,-10.855,-22.5006,-23.5006,-28.063,-27.7506,8,b,NO,NO
order_real,data/videos_v3/int_67ms/v3_67_00053.avi,67,1,0,-11.2437,-25.6254,-26.0004,-31.2504,-30.4379,8,a,NO,NO
order_real,data/videos_v3/int_67ms/v3_67_00054.avi,67,1,0,-13.9917,-26.0003,-27.0003,-32.3753,-31.3753,8,a,NO,NO
order_real,data/videos_v3/int_67ms/v3_67_00055.avi,67,1,0,-9.4994,-25.7501,-25.7501,-31.2501,-30.1876,8,a,NO,NO
order_real,data/videos_v3/int_67ms/v3_67_00056.avi,67,0,0,-8.497,-25.7504,-24.7504,-30.6253,-30.0004,8,a,NO,NO
order_real,data/videos_v3/int_67ms/v3_67_00057.avi,67,0,0,-6.9983,-23.2512,-23.1262,-27.4386,-27.8137,8,a,NO,NO
order_real,data/videos_v3/int_67ms/v3_67_00058.avi,67,1,0,-7.4931,-23.1263,-23.1263,-27.1887,-27.3137,8,b,NO,NO
order_real,data/videos_v3/int_67ms/v3_67_00059.avi,67,1,0,-13.9969,-26.6251,-27.5001,-33.5,-32.7501,8,b,NO,NO
order_real,data/videos_v3/int_67ms/v3_67_00060.avi,67,0,0,-11.4878,-23.5003,-24.2503,-29.0003,-28.6878,8,b,NO,NO
order_real,data/videos_v3/int_67ms/v3_67_00061.avi,67,1,0,-6.9996,-26.6259,-25.2509,-30.1259,-30.5009,8,a,NO,NO
order_real,data/videos_v3/int_67ms/v3_67_00062.avi,67,0,0,-7.7418,-22.5009,-22.8759,-28.0007,-27.6258,8,a,NO,NO
order_real,data/videos_v3/int_67ms/v3_67_00063.avi,67,0,0,-3.2491,-22.1633,-21.0384,-26.1632,-25.6633,8,b,NO,NO
order_real,data/videos_v3/int_67ms/v3_67_00064.avi,67,1,0,-12.7476,-26.75,-27.375,-31.75,-32.0,8,a,NO,NO
order_real,data/videos_v3/int_67ms/v3_67_00065.avi,67,0,0,-8.4967,-23.2505,-24.7505,-29.563,-28.938,8,a,NO,NO
order_real,data/videos_v3/int_67ms/v3_67_00066.avi,67,0,0,-13.9799,-25.0004,-26.5004,-31.3754,-31.5004,8,a,NO,NO
order_real,data/videos_v3/int_67ms/v3_67_00067.avi,67,1,0,-9.4994,-26.1251,-25.7501,-31.4376,-30.6876,8,a,NO,NO
order_real,data/videos_v3/int_67ms/v3_67_00068.avi,67,0,0,-4.4995,-22.5112,-22.3862,-27.1986,-27.0737,8,b,NO,NO
order_real,data/videos_v3/int_67ms/v3_67_00069.avi,67,0,0,-12.4992,-26.5,-26.75,-31.25,-31.75,8,a,NO,NO
order_real,data/videos_v3/int_67ms/v3_67_00070.avi,67,1,0,-4.9975,-23.507,-22.8821,-27.2569,-27.1945,8,b,NO,NO
order_real,data/videos_v3/int_67ms/v3_67_00071.avi,67,0,0,-4.4992,-24.0112,-22.8863,-28.3236,-27.6362,8,b,NO,NO
order_real,data/videos_v3/int_67ms/v3_67_00072.avi,67,1,0,-13.7484,-27.1251,-27.5001,-33.5001,-32.3751,8,a,NO,NO
order_real,data/videos_v3/int_67ms/v3_67_00073.avi,67,0,0,-8.7456,-23.7504,-23.8754,-28.1253,-28.5629,8,b,NO,NO
order_real,data/videos_v3/int_67ms/v3_67_00074.avi,67,1,0,-12.7449,-25.7502,-26.2502,-31.8752,-31.0002,8,a,NO,NO
order_real,data/videos_v3/int_67ms/v3_67_00075.avi,67,1,0,-8.6169,-23.0007,-23.0007,-28.0006,-27.7507,8,a,NO,NO
order_real,data/videos_v3/int_67ms/v3_67_00076.avi,67,0,0,-8.4909,-22.8759,-23.3759,-27.9383,-27.8134,8,a,NO,NO
order_real,data/videos_v3/int_67ms/v3_67_00077.avi,67,1,0,-3.7471,-21.649,-20.649,-25.5864,-25.5865,8,a,NO,NO
order_real,data/videos_v3/int_67ms/v3_67_00078.avi,67,1,0,-9.8498,-22.8762,-23.3762,-28.1886,-28.0012,8,a,NO,NO
order_real,data/videos_v3/int_67ms/v3_67_00079.avi,67,1,0,-9.2419,-24.3756,-23.7506,-28.813,-28.6256,8,a,NO,NO
order_real,data/videos_v3/int_67ms/v3_67_00080.avi,67,0,0,-7.7483,-25.0007,-24.8757,-28.7507,-29.5007,8,a,NO,NO
order_real,data/videos_v3/int_67ms/v3_67_00081.avi,67,0,0,-10.9846,-23.6257,-24.0007,-29.0632,-28.5007,8,a,NO,NO
order_real,data/videos_v3/int_67ms/v3_67_00082.avi,67,1,0,-11.7493,-27.1251,-28.0001,-33.5001,-32.2501,8,a,NO,NO
order_real,data/videos_v3/int_67ms/v3_67_00083.avi,67,0,0,-5.7442,-21.3791,-21.5041,-25.1915,-25.8165,8,a,NO,NO
order_real,data/videos_v3/int_67ms/v3_67_00084.avi,67,0,0,-13.9942,-26.6251,-28.0001,-33.3751,-33.0001,8,b,NO,NO
order_real,data/videos_v3/int_67ms/v3_67_00085.avi,67,1,0,-13.7493,-28.75,-28.5,-33.625,-33.5,8,b,NO,NO
order_real,data/videos_v3/int_67ms/v3_67_00086.avi,67,1,0,-8.9989,-24.8752,-24.8752,-29.2502,-29.5627,8,b,NO,NO
order_real,data/videos_v3/int_67ms/v3_67_00087.avi,67,1,0,-11.2442,-24.8752,-24.6252,-30.0001,-29.8752,8,a,NO,NO
order_real,data/videos_v3/int_67ms/v3_67_00088.avi,67,1,0,-9.2451,-23.8754,-23.7504,-29.0629,-28.3754,8,a,NO,NO
order_real,data/videos_v3/int_67ms/v3_67_00089.avi,67,1,0,-8.4951,-24.6255,-24.6255,-29.9379,-29.438,8,a,NO,NO
order_real,data/videos_v3/int_67ms/v3_67_00090.avi,67,1,0,-13.4987,-27.875,-28.125,-33.5,-33.375,8,b,NO,NO
order_real,data/videos_v3/int_67ms/v3_67_00091.avi,67,0,0,-11.245,-24.3753,-25.5003,-30.6877,-30.3128,8,a,NO,NO
order_real,data/videos_v3/int_67ms/v3_67_00092.avi,67,0,0,-8.2458,-22.7507,-22.7507,-27.7506,-27.5632,8,a,NO,NO
order_real,data/videos_v3/int_67ms/v3_67_00093.avi,67,1,0,-8.4867,-25.3761,-24.6261,-29.3136,-29.3761,8,b,NO,NO
order_real,data/videos_v3/int_67ms/v3_67_00094.avi,67,0,0,-6.7493,-24.6263,-25.6263,-29.6887,-29.6888,8,a,NO,NO
order_real,data/videos_v3/int_67ms/v3_67_00095.avi,67,1,0,-12.2465,-25.7501,-26.2501,-32.1251,-31.6251,8,a,NO,NO
order_real,data/videos_v3/int_67ms/v3_67_00096.avi,67,0,0,-9.6026,-22.251,-23.001,-27.0634,-27.626,8,a,NO,NO
order_real,data/videos_v3/int_67ms/v3_67_00097.avi,67,0,0,-8.7466,-24.2504,-24.1254,-29.5629,-29.1254,8,a,NO,NO
order_real,data/videos_v3/int_67ms/v3_67_00098.avi,67,0,0,-6.498,-25.2517,-24.1267,-30.1891,-28.8767,8,b,NO,NO
order_real,data/videos_v3/int_67ms/v3_67_00099.avi,67,1,0,-4.2481,-22.6394,-21.3894,-26.8268,-26.2644,8,b,NO,NO
order_real,data/videos_v3/int_100ms/v3_100_00100.avi,100,0,0,-9.7437,-23.7505,-23.7505,-28.7504,-28.313,8,b,NO,NO
order_real,data/videos_v3/int_100ms/v3_100_00101.avi,100,1,0,-7.7493,-26.7505,-26.2505,-32.6879,-31.563,8,a,NO,NO
order_real,data/videos_v3/int_100ms/v3_100_00102.avi,100,1,0,-5.2477,-22.6307,-21.7557,-26.5681,-26.4432,8,a,NO,NO
order_real,data/videos_v3/int_100ms/v3_100_00103.avi,100,0,0,-4.7496,-23.3837,-22.6337,-28.0086,-27.4462,8,b,NO,NO
order_real,data/videos_v3/int_100ms/v3_100_00104.avi,100,0,0,-10.4846,-24.2507,-24.6257,-29.5006,-29.1882,8,b,NO,NO
order_real,data/videos_v3/int_100ms/v3_100_00105.avi,100,1,0,-12.4942,-25.5001,-25.6251,-31.6876,-31.1251,8,b,NO,NO
order_real,data/videos_v3/int_100ms/v3_100_00106.avi,100,1,0,-11.2496,-27.875,-27.875,-34.0,-33.125,8,a,NO,NO
order_real,data/videos_v3/int_100ms/v3_100_00107.avi,100,0,0,-15.2487,-27.25,-28.875,-34.375,-33.625,8,a,NO,NO
order_real,data/videos_v3/int_100ms/v3_100_00108.avi,100,1,0,-10.7465,-25.3752,-25.3752,-31.1251,-30.1877,8,a,NO,NO
order_real,data/videos_v3/int_100ms/v3_100_00109.avi,100,0,0,-3.9989,-21.6434,-21.6434,-26.5807,-26.0809,8,a,NO,NO
order_real,data/videos_v3/int_100ms/v3_100_00110.avi,100,0,0,-6.7474,-23.8764,-22.5014,-27.1888,-27.4389,8,b,NO,NO
order_real,data/videos_v3/int_100ms/v3_100_00111.avi,100,1,0,-11.7486,-26.8751,-27.6251,-32.6251,-32.2501,8,b,NO,NO
order_real,data/videos_v3/int_100ms/v3_100_00112.avi,100,1,0,-7.2462,-23.001,-22.751,-27.6884,-27.501,8,b,NO,NO
order_real,data/videos_v3/int_100ms/v3_100_00113.avi,100,0,1,-0.2496,-23.0762,-22.2013,-27.5137,-26.7637,8,b,NO,YES
order_real,data/videos_v3/int_100ms/v3_100_00114.avi,100,0,0,-6.4997,-25.7515,-24.2515,-31.1265,-29.814,8,b,NO,NO
order_real,data/videos_v3/int_100ms/v3_100_00115.avi,100,0,0,-12.9976,-26.7501,-27.8751,-33.2501,-32.3751,8,b,NO,NO
order_real,data/videos_v3/int_100ms/v3_100_00116.avi,100,1,0,-14.7475,-28.0,-28.5,-35.125,-34.125,8,b,NO,NO
order_real,data/videos_v3/int_100ms/v3_100_00117.avi,100,1,0,-10.4984,-25.5001,-25.5001,-29.7501,-30.4376,8,b,NO,NO
order_real,data/videos_v3/int_100ms/v3_100_00118.avi,100,1,0,-9.8577,-23.876,-24.001,-28.8759,-28.4384,8,b,NO,NO
order_real,data/videos_v3/int_100ms/v3_100_00119.avi,100,1,1,0.0002,-21.1933,-20.3183,-25.1932,-24.5683,8,a,NO,YES
order_real,data/videos_v3/int_100ms/v3_100_00120.avi,100,0,0,-5.2472,-22.2556,-21.7556,-26.9429,-26.6306,8,b,NO,NO
order_real,data/videos_v3/int_100ms/v3_100_00121.avi,100,0,0,-7.4883,-23.2514,-22.8765,-27.4389,-27.3139,8,a,NO,NO
order_real,data/videos_v3/int_100ms/v3_100_00122.avi,100,1,0,-9.2469,-25.1252,-24.5002,-29.1252,-30.0002,8,b,NO,NO
order_real,data/videos_v3/int_100ms/v3_100_00123.avi,100,1,0,-6.7462,-23.5015,-23.5015,-28.5014,-28.0015,8,a,NO,NO
order_real,data/videos_v3/int_100ms/v3_100_00124.avi,100,0,0,-2.2494,-21.7254,-20.9754,-25.1003,-25.7879,8,b,NO,NO
order_real,data/videos_v3/int_100ms/v3_100_00125.avi,100,0,0,-2.4996,-22.204,-21.204,-25.3915,-26.0165,8,b,NO,NO
order_real,data/videos_v3/int_100ms/v3_100_00126.avi,100,0,0,-2.9994,-22.0488,-21.2988,-26.0487,-25.9238,8,b,NO,NO
order_real,data/videos_v3/int_100ms/v3_100_00127.avi,100,0,0,-5.2488,-24.6304,-24.0054,-28.6929,-28.8179,8,a,NO,NO
order_real,data/videos_v3/int_100ms/v3_100_00128.avi,100,1,0,-8.2471,-25.2505,-25.1255,-28.8755,-29.813,8,a,NO,NO
order_real,data/videos_v3/int_100ms/v3_100_00129.avi,100,1,0,-8.2487,-25.0005,-24.8755,-29.8129,-29.2504,8,a,NO,NO
order_real,data/videos_v3/int_100ms/v3_100_00130.avi,100,0,0,-11.7379,-24.0004,-24.5004,-28.8129,-29.0629,8,a,NO,NO
order_real,data/videos_v3/int_100ms/v3_100_00131.avi,100,1,0,-5.748,-23.3784,-22.5034,-27.5658,-27.0034,8,a,NO,NO
order_real,data/videos_v3/int_100ms/v3_100_00132.avi,100,0,0,-6.249,-23.6271,-23.2521,-27.4395,-28.0646,8,b,NO,NO
order_real,data/videos_v3/int_100ms/v3_100_00133.avi,100,1,0,-10.9987,-26.0001,-26.6251,-32.3751,-31.5001,8,b,NO,NO
order_real,data/videos_v3/int_100ms/v3_100_00134.avi,100,1,0,-4.999,-23.6319,-22.0069,-27.6943,-27.1319,8,b,NO,NO
order_real,data/videos_v3/int_100ms/v3_100_00135.avi,100,0,0,-8.9989,-25.0002,-24.3752,-29.1252,-29.2502,8,b,NO,NO
order_real,data/videos_v3/int_100ms/v3_100_00136.avi,100,1,0,-7.9944,-24.0007,-23.5007,-28.8756,-28.2507,8,a,NO,NO
order_real,data/videos_v3/int_100ms/v3_100_00137.avi,100,1,0,-10.247,-25.3752,-26.0002,-30.2502,-30.3752,8,b,NO,NO
order_real,data/videos_v3/int_100ms/v3_100_00138.avi,100,1,0,-5.4967,-24.0043,-23.5044,-27.1918,-28.6293,8,a,NO,NO
order_real,data/videos_v3/int_100ms/v3_100_00139.avi,100,0,0,-11.4969,-25.6251,-27.1251,-31.8126,-31.6251,8,a,NO,NO
order_real,data/videos_v3/int_100ms/v3_100_00140.avi,100,1,0,-6.2467,-22.7523,-22.1273,-25.7522,-26.7522,8,b,NO,NO
order_real,data/videos_v3/int_100ms/v3_100_00141.avi,100,0,0,-7.7473,-23.7506,-24.1256,-29.313,-29.0006,8,b,NO,NO
order_real,data/videos_v3/int_100ms/v3_100_00142.avi,100,0,0,-8.9935,-23.6254,-23.5004,-28.8128,-28.3754,8,a,NO,NO
order_real,data/videos_v3/int_100ms/v3_100_00143.avi,100,1,0,-13.4955,-25.0001,-25.7501,-31.2501,-30.6251,8,b,NO,NO
order_real,data/videos_v3/int_100ms/v3_100_00144.avi,100,0,0,-10.2455,-25.5002,-25.7502,-31.1876,-30.2502,8,a,NO,NO
order_real,data/videos_v3/int_100ms/v3_100_00145.avi,100,1,0,-5.744,-22.129,-21.379,-25.6914,-25.629,8,b,NO,NO
order_real,data/videos_v3/int_100ms/v3_100_00146.avi,100,1,0,-14.7376,-25.0002,-26.3752,-32.1251,-31.5002,8,b,NO,NO
order_real,data/videos_v3/int_100ms/v3_100_00147.avi,100,0,0,-7.9927,-23.5007,-23.7507,-27.5631,-28.5007,8,a,NO,NO
order_real,data/videos_v3/int_100ms/v3_100_00148.avi,100,0,0,-14.7492,-29.375,-30.125,-35.375,-34.625,8,b,NO,NO
order_real,data/videos_v3/int_100ms/v3_100_00149.avi,100,0,0,-3.4992,-22.1549,-21.2799,-25.4048,-26.0299,8,a,NO,NO
order_real,data/videos_v3/int_100ms/v3_100_00150.avi,100,0,0,-2.9993,-21.6738,-20.2988,-25.7987,-25.4863,8,b,NO,NO
order_real,data/videos_v3/int_100ms/v3_100_00151.avi,100,1,0,-12.9904,-25.0002,-26.1252,-30.2502,-30.6252,8,b,NO,NO
order_real,data/videos_v3/int_100ms/v3_100_00152.avi,100,0,0,-14.4987,-27.0,-27.75,-34.0,-33.0,8,a,NO,NO
order_real,data/videos_v3/int_100ms/v3_100_00153.avi,100,0,0,-12.4916,-24.0003,-25.1253,-29.5002,-29.6878,8,b,NO,NO
order_real,data/videos_v3/int_100ms/v3_100_00154.avi,100,1,0,-5.7495,-25.0032,-23.5032,-29.4406,-28.8782,8,b,NO,NO
order_real,data/videos_v3/int_100ms/v3_100_00155.avi,100,0,0,-9.7486,-25.3752,-24.6252,-29.7501,-29.5627,8,b,NO,NO
order_real,data/videos_v3/int_100ms/v3_100_00156.avi,100,0,0,-11.463,-23.6262,-24.3762,-29.1886,-28.6887,8,b,NO,NO
order_real,data/videos_v3/int_100ms/v3_100_00157.avi,100,0,0,-7.867,-22.7511,-22.3761,-27.1884,-27.1885,8,a,NO,NO
order_real,data/videos_v3/int_100ms/v3_100_00158.avi,100,1,0,-5.7484,-24.8783,-23.8783,-29.0032,-28.6283,8,a,NO,NO
order_real,data/videos_v3/int_100ms/v3_100_00159.avi,100,1,0,-10.7301,-23.7507,-24.3757,-29.1882,-29.2507,8,a,NO,NO
order_real,data/videos_v3/int_100ms/v3_100_00160.avi,100,0,0,-7.7474,-24.3757,-25.0007,-29.7506,-29.4382,8,a,NO,NO
order_real,data/videos_v3/int_100ms/v3_100_00161.avi,100,1,0,-11.4973,-25.0001,-25.6251,-30.6876,-30.2501,8,b,NO,NO
order_real,data/videos_v3/int_100ms/v3_100_00162.avi,100,0,0,-4.2487,-22.6394,-21.6394,-26.1393,-26.6394,8,b,NO,NO
order_real,data/videos_v3/int_100ms/v3_100_00163.avi,100,1,0,-11.9711,-24.2509,-24.8759,-30.1259,-29.8134,8,a,NO,NO
order_real,data/videos_v3/int_100ms/v3_100_00164.avi,100,0,0,-5.9989,-23.3777,-23.0027,-27.7526,-27.2527,8,b,NO,NO
order_real,data/videos_v3/int_100ms/v3_100_00165.avi,100,0,0,-12.4981,-27.2501,-28.0001,-34.0,-33.0001,8,b,NO,NO
order_real,data/videos_v3/int_100ms/v3_100_00166.avi,100,1,0,-9.7466,-25.0003,-25.3753,-30.3127,-30.0003,8,a,NO,NO
order_real,data/videos_v3/int_100ms/v3_100_00167.avi,100,0,0,-8.4971,-23.5005,-23.5005,-28.438,-28.063,8,b,NO,NO
order_real,data/videos_v3/int_100ms/v3_100_00168.avi,100,1,1,0.7502,-22.8871,-21.8872,-26.0746,-26.3871,8,b,YES,YES
order_real,data/videos_v3/int_100ms/v3_100_00169.avi,100,1,0,-7.7482,-25.2506,-24.8756,-31.0005,-30.0005,8,a,NO,NO
order_real,data/videos_v3/int_100ms/v3_100_00170.avi,100,1,0,-9.4962,-26.5003,-27.0003,-31.6253,-31.1878,8,b,NO,NO
order_real,data/videos_v3/int_100ms/v3_100_00171.avi,100,0,0,-1.9991,-21.6273,-20.2523,-24.6897,-25.0023,8,b,NO,NO
order_real,data/videos_v3/int_100ms/v3_100_00172.avi,100,1,0,-11.9987,-27.125,-27.0,-31.25,-32.25,8,a,NO,NO
order_real,data/videos_v3/int_100ms/v3_100_00173.avi,100,0,0,-6.4972,-23.0019,-22.5019,-26.1894,-27.4394,8,a,NO,NO
order_real,data/videos_v3/int_100ms/v3_100_00174.avi,100,0,0,-8.7457,-23.2505,-24.5005,-29.5004,-29.0005,8,a,NO,NO
order_real,data/videos_v3/int_100ms/v3_100_00175.avi,100,0,0,-11.7406,-26.2503,-26.3753,-32.0003,-31.4378,8,a,NO,NO
order_real,data/videos_v3/int_100ms/v3_100_00176.avi,100,0,0,-7.4987,-24.6257,-24.6258,-29.6882,-29.1882,8,a,NO,NO
order_real,data/videos_v3/int_100ms/v3_100_00177.avi,100,0,0,-12.2493,-28.0,-28.125,-32.75,-32.625,8,a,NO,NO
order_real,data/videos_v3/int_100ms/v3_100_00178.avi,100,0,0,-12.4982,-26.6251,-27.1251,-32.7501,-31.6251,8,b,NO,NO
order_real,data/videos_v3/int_100ms/v3_100_00179.avi,100,0,0,-3.4992,-22.905,-21.405,-26.9048,-26.4675,8,b,NO,NO
order_real,data/videos_v3/int_100ms/v3_100_00180.avi,100,1,0,-10.7477,-24.6252,-25.6252,-30.5626,-30.0627,8,b,NO,NO
order_real,data/videos_v3/int_100ms/v3_100_00181.avi,100,1,0,-8.3529,-21.7514,-22.5014,-26.8137,-26.6889,8,a,NO,NO
order_real,data/videos_v3/int_100ms/v3_100_00182.avi,100,1,0,-15.746,-28.125,-29.25,-35.375,-34.375,8,a,NO,NO
order_real,data/videos_v3/int_100ms/v3_100_00183.avi,100,0,0,-7.2494,-26.3758,-25.8758,-30.6882,-30.5633,8,b,NO,NO
order_real,data/videos_v3/int_100ms/v3_100_00184.avi,100,0,0,-1.7493,-21.5355,-20.5355,-25.7854,-25.0979,8,a,NO,NO
order_real,data/videos_v3/int_100ms/v3_100_00185.avi,100,0,0,-5.4964,-22.8796,-22.0046,-27.067,-27.0045,8,a,NO,NO
order_real,data/videos_v3/int_100ms/v3_100_00186.avi,100,1,0,-7.4978,-24.0008,-24.5008,-29.1883,-29.2508,8,a,NO,NO
order_real,data/videos_v3/int_100ms/v3_100_00187.avi,100,0,0,-6.2474,-24.3772,-23.8772,-27.7522,-29.0022,8,a,NO,NO
order_real,data/videos_v3/int_100ms/v3_100_00188.avi,100,1,0,-14.2469,-26.125,-26.625,-33.0,-31.875,8,b,NO,NO
order_real,data/videos_v3/int_100ms/v3_100_00189.avi,100,0,0,-6.2423,-22.5028,-21.7529,-27.1277,-26.9403,8,b,NO,NO
order_real,data/videos_v3/int_100ms/v3_100_00190.avi,100,1,0,-5.2484,-24.5054,-23.3804,-28.6303,-27.8804,8,a,NO,NO
order_real,data/videos_v3/int_100ms/v3_100_00191.avi,100,1,0,-7.2479,-26.8758,-26.1258,-32.3758,-31.3758,8,a,NO,NO
order_real,data/videos_v3/int_100ms/v3_100_00192.avi,100,1,0,-7.9961,-24.2506,-24.0006,-29.0005,-28.2506,8,a,NO,NO
order_real,data/videos_v3/int_100ms/v3_100_00193.avi,100,1,0,-6.7498,-25.5012,-24.5012,-29.1887,-29.5012,8,a,NO,NO
order_real,data/videos_v3/int_100ms/v3_100_00194.avi,100,1,0,-13.7481,-26.0,-25.875,-32.125,-31.0,8,a,NO,NO
order_real,data/videos_v3/int_100ms/v3_100_00195.avi,100,1,0,-11.4949,-25.6252,-25.6252,-30.2502,-30.6877,8,a,NO,NO
order_real,data/videos_v3/int_100ms/v3_100_00196.avi,100,0,0,-8.9993,-25.6252,-24.8752,-28.8752,-29.8127,8,a,NO,NO
order_real,data/videos_v3/int_100ms/v3_100_00197.avi,100,1,0,-6.2478,-25.0022,-24.2523,-29.6896,-29.0022,8,a,NO,NO
order_real,data/videos_v3/int_100ms/v3_100_00198.avi,100,1,0,-10.7456,-24.2503,-24.7503,-29.6877,-29.3753,8,a,NO,NO
order_real,data/videos_v3/int_100ms/v3_100_00199.avi,100,0,0,-14.4976,-27.0001,-27.6251,-33.875,-33.0001,8,b,NO,NO
order_real,data/videos_v3/int_200ms/v3_200_00200.avi,200,0,0,-0.4996,-22.7243,-22.4743,-27.9118,-26.9743,8,b,NO,NO
order_real,data/videos_v3/int_200ms/v3_200_00201.avi,200,0,0,-10.5782,-23.7519,-24.127,-28.2519,-28.6894,8,a,NO,NO
order_real,data/videos_v3/int_200ms/v3_200_00202.avi,200,1,0,-15.7478,-28.75,-29.5,-35.875,-35.0,8,a,NO,NO
order_real,data/videos_v3/int_200ms/v3_200_00203.avi,200,1,0,-3.997,-21.5188,-20.8938,-25.8312,-25.6438,8,a,NO,NO
order_real,data/videos_v3/int_200ms/v3_200_00204.avi,200,1,0,-1.4998,-23.5765,-22.3265,-27.889,-26.9515,8,a,NO,NO
order_real,data/videos_v3/int_200ms/v3_200_00205.avi,200,1,0,-11.4976,-25.5001,-26.2501,-31.1251,-31.1251,8,a,NO,NO
order_real,data/videos_v3/int_200ms/v3_200_00206.avi,200,1,0,-10.7496,-28.25,-28.5,-34.125,-33.875,8,b,NO,NO
order_real,data/videos_v3/int_200ms/v3_200_00207.avi,200,0,0,-10.4848,-24.3759,-25.0009,-30.1259,-29.5634,8,b,NO,NO
order_real,data/videos_v3/int_200ms/v3_200_00208.avi,200,0,0,-11.2455,-26.0001,-25.6251,-32.2501,-31.1876,8,b,NO,NO
order_real,data/videos_v3/int_200ms/v3_200_00209.avi,200,1,0,-14.4955,-26.1251,-26.8751,-31.7501,-31.8751,8,a,NO,NO
order_real,data/videos_v3/int_200ms/v3_200_00210.avi,200,1,0,-15.2376,-26.3751,-27.2501,-33.3751,-32.3751,8,a,NO,NO
order_real,data/videos_v3/int_200ms/v3_200_00211.avi,200,0,0,-6.9978,-23.6262,-23.8762,-28.7511,-28.4387,8,b,NO,NO
order_real,data/videos_v3/int_200ms/v3_200_00212.avi,200,0,0,-7.7482,-23.2506,-24.1256,-29.2505,-29.0006,8,a,NO,NO
order_real,data/videos_v3/int_200ms/v3_200_00213.avi,200,1,0,-12.4992,-27.625,-28.25,-34.125,-33.0,8,b,NO,NO
order_real,data/videos_v3/int_200ms/v3_200_00214.avi,200,1,0,-9.9989,-26.3751,-25.8751,-32.3751,-31.5001,8,b,NO,NO
order_real,data/videos_v3/int_200ms/v3_200_00215.avi,200,1,0,-7.7381,-22.8761,-22.8761,-27.626,-27.3136,8,b,NO,NO
order_real,data/videos_v3/int_200ms/v3_200_00216.avi,200,1,0,-3.2486,-23.4133,-22.4134,-27.4757,-26.6008,8,a,NO,NO
order_real,data/videos_v3/int_200ms/v3_200_00217.avi,200,0,0,-8.2446,-24.0008,-23.7508,-27.5007,-28.1883,8,b,NO,NO
order_real,data/videos_v3/int_200ms/v3_200_00218.avi,200,1,0,-10.9862,-24.7504,-25.2504,-30.5629,-29.9379,8,a,NO,NO
order_real,data/videos_v3/int_200ms/v3_200_00219.avi,200,1,0,-15.2454,-27.5001,-28.6251,-34.625,-33.8751,8,b,NO,NO
order_real,data/videos_v3/int_200ms/v3_200_00220.avi,200,0,0,-10.4774,-22.3757,-23.2507,-28.1257,-27.7507,8,b,NO,NO
order_real,data/videos_v3/int_200ms/v3_200_00221.avi,200,1,0,-7.9974,-24.0005,-23.6255,-27.1255,-28.438,8,a,NO,NO
order_real,data/videos_v3/int_200ms/v3_200_00222.avi,200,1,0,-13.4989,-27.625,-28.125,-34.0,-32.875,8,b,NO,NO
order_real,data/videos_v3/int_200ms/v3_200_00223.avi,200,1,0,-14.7478,-27.875,-29.125,-35.0,-33.875,8,a,NO,NO
order_real,data/videos_v3/int_200ms/v3_200_00224.avi,200,1,0,-12.9979,-26.3751,-27.5001,-33.0,-32.1251,8,a,NO,NO
order_real,data/videos_v3/int_200ms/v3_200_00225.avi,200,0,0,-7.9865,-23.751,-23.501,-27.376,-27.9385,8,a,NO,NO
order_real,data/videos_v3/int_200ms/v3_200_00226.avi,200,0,0,-13.3456,-24.0004,-25.5004,-29.6879,-29.9379,8,b,NO,NO
order_real,data/videos_v3/int_200ms/v3_200_00227.avi,200,0,0,-0.9995,-21.8135,-21.0635,-25.626,-25.876,8,b,NO,NO
order_real,data/videos_v3/int_200ms/v3_200_00228.avi,200,1,0,-6.867,-22.3767,-22.1267,-26.7516,-26.5642,8,a,NO,NO
order_real,data/videos_v3/int_200ms/v3_200_00229.avi,200,1,0,-17.4968,-28.75,-30.125,-36.75,-35.25,8,a,NO,NO
order_real,data/videos_v3/int_200ms/v3_200_00230.avi,200,1,0,-5.4984,-23.3794,-23.5044,-28.0668,-28.1919,8,b,NO,NO
order_real,data/videos_v3/int_200ms/v3_200_00231.avi,200,0,0,-9.6113,-23.6256,-23.6256,-27.438,-28.3131,8,b,NO,NO
order_real,data/videos_v3/int_200ms/v3_200_00232.avi,200,0,0,-8.744,-22.7509,-23.6259,-28.3133,-27.8134,8,a,NO,NO
order_real,data/videos_v3/int_200ms/v3_200_00233.avi,200,1,0,-14.996,-27.1251,-28.3751,-34.625,-33.8751,8,b,NO,NO
order_real,data/videos_v3/int_200ms/v3_200_00234.avi,200,0,0,-11.2362,-22.8754,-23.6254,-28.6879,-28.5629,8,a,NO,NO
order_real,data/videos_v3/int_200ms/v3_200_00235.avi,200,1,0,-4.2496,-24.7643,-24.5143,-29.4518,-29.3268,8,b,NO,NO
order_real,data/videos_v3/int_200ms/v3_200_00236.avi,200,1,0,-13.2491,-28.5,-29.5,-35.625,-34.375,8,a,NO,NO
order_real,data/videos_v3/int_200ms/v3_200_00237.avi,200,1,1,-0.2499,-21.9511,-20.5761,-26.2635,-25.3261,8,b,NO,YES
order_real,data/videos_v3/int_200ms/v3_200_00238.avi,200,0,0,-8.4966,-23.5005,-23.2505,-27.8129,-28.4379,8,b,NO,NO
order_real,data/videos_v3/int_200ms/v3_200_00239.avi,200,1,0,-4.2484,-22.2645,-22.1395,-27.2019,-26.702,8,b,NO,NO
order_real,data/videos_v3/int_200ms/v3_200_00240.avi,200,1,0,-12.2496,-28.0,-28.0,-33.875,-32.875,8,a,NO,NO
order_real,data/videos_v3/int_200ms/v3_200_00241.avi,200,0,0,-11.7245,-24.6259,-25.6259,-30.5634,-30.1884,8,a,NO,NO
order_real,data/videos_v3/int_200ms/v3_200_00242.avi,200,0,0,-8.9982,-24.1252,-25.2502,-30.3752,-30.0627,8,b,NO,NO
order_real,data/videos_v3/int_200ms/v3_200_00243.avi,200,0,0,-12.9844,-24.3754,-25.7504,-30.5629,-30.1254,8,a,NO,NO
order_real,data/videos_v3/int_200ms/v3_200_00244.avi,200,0,0,-3.9985,-22.0186,-21.2686,-26.5184,-26.0811,8,a,NO,NO
order_real,data/videos_v3/int_200ms/v3_200_00245.avi,200,0,0,-6.9978,-24.3762,-24.3762,-29.8137,-29.1887,8,a,NO,NO
order_real,data/videos_v3/int_200ms/v3_200_00246.avi,200,1,0,-7.4896,-23.6263,-23.0013,-28.3761,-27.8137,8,b,NO,NO
order_real,data/videos_v3/int_200ms/v3_200_00247.avi,200,0,0,-7.9946,-24.5009,-23.7509,-28.9383,-28.6884,8,a,NO,NO
order_real,data/videos_v3/int_200ms/v3_200_00248.avi,200,0,0,-6.7422,-21.8771,-21.6271,-26.4393,-26.127,8,b,NO,NO
order_real,data/videos_v3/int_200ms/v3_200_00249.avi,200,1,0,-9.9993,-26.7501,-26.7501,-31.3126,-31.5626,8,a,NO,NO
order_real,data/videos_v3/int_200ms/v3_200_00250.avi,200,0,0,-8.4986,-24.1254,-24.1254,-29.1253,-28.9378,8,b,NO,NO
order_real,data/videos_v3/int_200ms/v3_200_00251.avi,200,0,0,-12.2465,-26.5001,-27.0001,-32.0001,-31.6251,8,b,NO,NO
order_real,data/videos_v3/int_200ms/v3_200_00252.avi,200,1,0,-11.7465,-26.0001,-26.7501,-32.2501,-31.2501,8,b,NO,NO
order_real,data/videos_v3/int_200ms/v3_200_00253.avi,200,0,0,-7.9948,-23.626,-23.001,-28.001,-27.6885,8,a,NO,NO
order_real,data/videos_v3/int_200ms/v3_200_00254.avi,200,1,0,-12.4955,-25.6252,-26.0002,-31.5002,-31.0002,8,a,NO,NO
order_real,data/videos_v3/int_200ms/v3_200_00255.avi,200,0,0,-11.2494,-26.6251,-27.0001,-31.875,-31.7501,8,b,NO,NO
order_real,data/videos_v3/int_200ms/v3_200_00256.avi,200,0,0,-8.7466,-23.0004,-23.8754,-29.0003,-28.5003,8,a,NO,NO
order_real,data/videos_v3/int_200ms/v3_200_00257.avi,200,1,0,-7.4993,-24.0006,-23.6256,-29.063,-28.3131,8,a,NO,NO
order_real,data/videos_v3/int_200ms/v3_200_00258.avi,200,0,0,-9.9966,-25.0002,-25.2502,-29.8127,-29.8752,8,b,NO,NO
order_real,data/videos_v3/int_200ms/v3_200_00259.avi,200,1,0,-13.496,-26.1251,-26.8751,-32.5626,-32.2501,8,a,NO,NO
order_real,data/videos_v3/int_200ms/v3_200_00260.avi,200,1,0,-10.9926,-26.3753,-26.5003,-32.5002,-31.7503,8,b,NO,NO
order_real,data/videos_v3/int_200ms/v3_200_00261.avi,200,1,0,-8.9966,-23.7503,-24.6253,-28.6878,-29.1253,8,b,NO,NO
order_real,data/videos_v3/int_200ms/v3_200_00262.avi,200,0,0,-14.4973,-26.2501,-26.7501,-32.0001,-31.5001,8,b,NO,NO
order_real,data/videos_v3/int_200ms/v3_200_00263.avi,200,0,0,-12.4983,-26.6251,-27.2501,-32.0,-32.1251,8,a,NO,NO
order_real,data/videos_v3/int_200ms/v3_200_00264.avi,200,0,0,-7.4921,-23.5013,-23.6263,-28.7512,-28.6887,8,a,NO,NO
order_real,data/videos_v3/int_200ms/v3_200_00265.avi,200,0,0,-7.2478,-25.751,-25.626,-31.1259,-30.4385,8,b,NO,NO
order_real,data/videos_v3/int_200ms/v3_200_00266.avi,200,1,0,-12.4965,-26.1252,-27.0002,-32.6251,-31.7502,8,b,NO,NO
order_real,data/videos_v3/int_200ms/v3_200_00267.avi,200,0,0,-7.4967,-23.2509,-23.7509,-27.7508,-28.3134,8,a,NO,NO
order_real,data/videos_v3/int_200ms/v3_200_00268.avi,200,0,0,-5.4984,-23.3794,-23.2544,-28.5668,-28.0669,8,b,NO,NO
order_real,data/videos_v3/int_200ms/v3_200_00269.avi,200,0,0,-9.4945,-24.3755,-24.3755,-29.3129,-29.1255,8,a,NO,NO
order_real,data/videos_v3/int_200ms/v3_200_00270.avi,200,1,0,-5.4988,-25.0042,-24.3792,-27.2542,-29.1917,8,b,NO,NO
order_real,data/videos_v3/int_200ms/v3_200_00271.avi,200,1,0,-12.4996,-28.0,-29.125,-34.875,-33.625,8,b,NO,NO
order_real,data/videos_v3/int_200ms/v3_200_00272.avi,200,1,0,-12.746,-25.5001,-26.2501,-32.0001,-31.5001,8,a,NO,NO
order_real,data/videos_v3/int_200ms/v3_200_00273.avi,200,1,0,-9.4825,-24.7508,-24.7508,-29.9382,-29.7508,8,b,NO,NO
order_real,data/videos_v3/int_200ms/v3_200_00274.avi,200,0,0,-8.4882,-23.8759,-23.5009,-27.5633,-28.3134,8,b,NO,NO
order_real,data/videos_v3/int_200ms/v3_200_00275.avi,200,1,0,-13.2483,-27.125,-27.125,-34.0,-32.5,8,a,NO,NO
order_real,data/videos_v3/int_200ms/v3_200_00276.avi,200,1,0,-10.2491,-25.8751,-25.5001,-31.6251,-30.7501,8,a,NO,NO
order_real,data/videos_v3/int_200ms/v3_200_00277.avi,200,0,0,-9.7418,-23.8755,-24.2505,-29.0629,-28.6255,8,b,NO,NO
order_real,data/videos_v3/int_200ms/v3_200_00278.avi,200,1,0,-5.4989,-23.7543,-23.5043,-28.1917,-28.0668,8,b,NO,NO
order_real,data/videos_v3/int_200ms/v3_200_00279.avi,200,1,0,-8.4929,-24.1257,-23.6258,-27.5007,-28.2507,8,a,NO,NO
order_real,data/videos_v3/int_200ms/v3_200_00280.avi,200,0,0,-2.2496,-23.7254,-22.1004,-27.5378,-26.6629,8,a,NO,NO
order_real,data/videos_v3/int_200ms/v3_200_00281.avi,200,1,0,-9.998,-25.7502,-25.8752,-31.0627,-30.3752,8,b,NO,NO
order_real,data/videos_v3/int_200ms/v3_200_00282.avi,200,0,0,-4.9996,-23.7568,-22.2568,-26.8817,-27.1943,8,b,NO,NO
order_real,data/videos_v3/int_200ms/v3_200_00283.avi,200,1,0,-13.9985,-28.5,-29.5,-35.875,-34.375,8,a,NO,NO
order_real,data/videos_v3/int_200ms/v3_200_00284.avi,200,0,0,-9.7444,-23.1254,-23.3754,-27.4378,-28.1254,8,a,NO,NO
order_real,data/videos_v3/int_200ms/v3_200_00285.avi,200,0,0,-8.9864,-23.5007,-24.2507,-29.3131,-29.2506,8,a,NO,NO
order_real,data/videos_v3/int_200ms/v3_200_00286.avi,200,1,0,-13.9976,-26.5,-27.5,-32.875,-32.25,8,b,NO,NO
order_real,data/videos_v3/int_200ms/v3_200_00287.avi,200,0,0,-9.7395,-24.0006,-24.1256,-28.188,-28.8756,8,a,NO,NO
order_real,data/videos_v3/int_200ms/v3_200_00288.avi,200,1,0,-9.2496,-26.2501,-25.6251,-31.8751,-30.9376,8,a,NO,NO
order_real,data/videos_v3/int_200ms/v3_200_00289.avi,200,0,0,-3.9996,-24.0182,-23.8932,-29.6432,-28.8307,8,a,NO,NO
order_real,data/videos_v3/int_200ms/v3_200_00290.avi,200,1,0,-10.4928,-23.8755,-24.8755,-29.7504,-29.313,8,a,NO,NO
order_real,data/videos_v3/int_200ms/v3_200_00291.avi,200,0,0,-4.4979,-21.7614,-21.7614,-25.6363,-26.0114,8,b,NO,NO
order_real,data/videos_v3/int_200ms/v3_200_00292.avi,200,0,0,-5.4996,-23.8791,-24.1292,-29.5666,-28.5041,8,a,NO,NO
order_real,data/videos_v3/int_200ms/v3_200_00293.avi,200,1,0,-6.7451,-22.8765,-21.8766,-26.1265,-26.939,8,b,NO,NO
order_real,data/videos_v3/int_200ms/v3_200_00294.avi,200,1,0,-14.2479,-27.2501,-28.7501,-34.625,-33.7501,8,b,NO,NO
order_real,data/videos_v3/int_200ms/v3_200_00295.avi,200,1,0,-14.249,-29.0,-29.75,-35.75,-34.625,8,a,NO,NO
order_real,data/videos_v3/int_200ms/v3_200_00296.avi,200,0,1,1.2501,-22.6895,-20.127,-24.9395,-24.627,8,a,YES,YES
order_real,data/videos_v3/int_200ms/v3_200_00297.avi,200,0,0,-4.4994,-22.8862,-22.5113,-27.1362,-27.3237,8,a,NO,NO
order_real,data/videos_v3/int_200ms/v3_200_00298.avi,200,1,0,-12.2465,-25.8751,-26.1251,-31.6251,-30.7501,8,a,NO,NO
order_real,data/videos_v3/int_200ms/v3_200_00299.avi,200,1,0,-6.4997,-25.1265,-25.6265,-30.0015,-30.439,8,a,NO,NO
order_real,data/videos_v3/int_333ms/v3_333_00300.avi,333,1,1,0.5002,-22.8493,-21.0993,-27.0992,-26.0368,8,b,YES,YES
order_real,data/videos_v3/int_333ms/v3_333_00301.avi,333,0,1,3.5,-24.9048,-24.1548,-29.9673,-28.5298,8,a,YES,YES
order_real,data/videos_v3/int_333ms/v3_333_00302.avi,333,0,0,-9.9943,-24.5003,-24.6253,-30.0003,-29.4378,8,a,NO,NO
order_real,data/videos_v3/int_333ms/v3_333_00303.avi,333,0,0,-9.7395,-23.1256,-23.2506,-28.2505,-28.2506,8,a,NO,NO
order_real,data/videos_v3/int_333ms/v3_333_00304.avi,333,0,0,-7.9948,-24.126,-23.876,-28.6259,-28.251,8,a,NO,NO
order_real,data/videos_v3/int_333ms/v3_333_00305.avi,333,1,0,-3.7483,-22.0235,-20.5236,-24.211,-25.2735,8,a,NO,NO
order_real,data/videos_v3/int_333ms/v3_333_00306.avi,333,0,0,-8.9865,-23.2508,-23.5008,-27.4383,-28.1883,8,b,NO,NO
order_real,data/videos_v3/int_333ms/v3_333_00307.avi,333,0,0,-10.9862,-23.6254,-24.6254,-29.6879,-29.6254,8,a,NO,NO
order_real,data/videos_v3/int_333ms/v3_333_00308.avi,333,0,0,-11.5961,-23.5009,-24.1259,-28.7509,-28.2509,8,a,NO,NO
order_real,data/videos_v3/int_333ms/v3_333_00309.avi,333,1,0,-8.2462,-23.1255,-23.1255,-27.188,-27.8755,8,a,NO,NO
order_real,data/videos_v3/int_333ms/v3_333_00310.avi,333,0,0,-11.7405,-24.6253,-25.1253,-29.5003,-29.6253,8,a,NO,NO
order_real,data/videos_v3/int_333ms/v3_333_00311.avi,333,0,0,-7.2429,-24.0013,-23.7513,-28.6261,-28.6262,8,a,NO,NO
order_real,data/videos_v3/int_333ms/v3_333_00312.avi,333,0,0,-11.4905,-25.0003,-25.2503,-29.5002,-30.5628,8,b,NO,NO
order_real,data/videos_v3/int_333ms/v3_333_00313.avi,333,1,0,-13.7491,-29.25,-29.75,-35.125,-34.625,8,a,NO,NO
order_real,data/videos_v3/int_333ms/v3_333_00314.avi,333,1,0,-13.2455,-26.3751,-27.2501,-31.8751,-32.1251,8,a,NO,NO
order_real,data/videos_v3/int_333ms/v3_333_00315.avi,333,1,0,-9.9863,-24.1256,-24.5006,-29.6255,-29.1256,8,a,NO,NO
order_real,data/videos_v3/int_333ms/v3_333_00316.avi,333,1,0,-3.7492,-24.0235,-22.7735,-28.6484,-27.8984,8,b,NO,NO
order_real,data/videos_v3/int_333ms/v3_333_00317.avi,333,1,0,-10.2494,-26.8751,-26.1251,-32.5,-31.3751,8,a,NO,NO
order_real,data/videos_v3/int_333ms/v3_333_00318.avi,333,1,0,-9.2496,-26.0001,-25.6252,-30.2501,-30.4376,8,b,NO,NO
order_real,data/videos_v3/int_333ms/v3_333_00319.avi,333,0,0,-8.6159,-23.0009,-22.6259,-26.4383,-27.1884,8,b,NO,NO
order_real,data/videos_v3/int_333ms/v3_333_00320.avi,333,1,0,-15.4959,-27.625,-28.25,-34.75,-33.625,8,b,NO,NO
order_real,data/videos_v3/int_333ms/v3_333_00321.avi,333,1,0,-3.9995,-23.5183,-22.7683,-28.2057,-27.6433,8,a,NO,NO
order_real,data/videos_v3/int_333ms/v3_333_00322.avi,333,1,0,-15.7472,-27.125,-27.75,-34.125,-33.375,8,b,NO,NO
order_real,data/videos_v3/int_333ms/v3_333_00323.avi,333,0,0,-4.2493,-23.0144,-23.0144,-26.5143,-27.4519,8,b,NO,NO
order_real,data/videos_v3/int_333ms/v3_333_00324.avi,333,1,0,-16.2481,-29.5,-30.625,-37.125,-35.875,8,a,NO,NO
order_real,data/videos_v3/int_333ms/v3_333_00325.avi,333,0,0,-5.9953,-23.003,-22.628,-26.8154,-27.3155,8,b,NO,NO
order_real,data/videos_v3/int_333ms/v3_333_00326.avi,333,0,0,-2.4997,-23.329,-21.829,-27.0789,-26.454,8,a,NO,NO
order_real,data/videos_v3/int_333ms/v3_333_00327.avi,333,1,0,-7.2466,-24.8759,-24.2509,-28.0634,-29.2509,8,b,NO,NO
order_real,data/videos_v3/int_333ms/v3_333_00328.avi,333,1,0,-9.9965,-24.6252,-24.2502,-29.9377,-29.3127,8,b,NO,NO
order_real,data/videos_v3/int_333ms/v3_333_00329.avi,333,1,0,-10.9987,-27.0001,-26.3751,-31.9376,-31.8126,8,b,NO,NO
order_real,data/videos_v3/int_333ms/v3_333_00330.avi,333,0,0,-5.4987,-22.8793,-22.3793,-27.5667,-27.1293,8,a,NO,NO
order_real,data/videos_v3/int_333ms/v3_333_00331.avi,333,1,0,-9.9928,-24.2505,-24.3755,-29.5629,-29.5005,8,b,NO,NO
order_real,data/videos_v3/int_333ms/v3_333_00332.avi,333,0,0,-7.2468,-23.5011,-22.7511,-27.9385,-27.5636,8,a,NO,NO
order_real,data/videos_v3/int_333ms/v3_333_00333.avi,333,0,0,-6.9993,-25.876,-25.376,-29.9384,-29.9385,8,b,NO,NO
order_real,data/videos_v3/int_333ms/v3_333_00334.avi,333,1,0,-13.2492,-27.5,-27.75,-33.625,-33.0,8,b,NO,NO
order_real,data/videos_v3/int_333ms/v3_333_00335.avi,333,0,0,-14.4925,-25.6251,-26.3751,-31.8751,-31.1251,8,b,NO,NO
order_real,data/videos_v3/int_333ms/v3_333_00336.avi,333,0,0,-7.4987,-25.3758,-26.2508,-31.0632,-31.2507,8,b,NO,NO
order_real,data/videos_v3/int_333ms/v3_333_00337.avi,333,1,0,-10.4845,-24.8756,-25.1256,-29.563,-29.8756,8,a,NO,NO
order_real,data/videos_v3/int_333ms/v3_333_00338.avi,333,1,0,-5.2482,-23.3807,-22.5057,-27.7555,-27.3181,8,b,NO,NO
order_real,data/videos_v3/int_333ms/v3_333_00339.avi,333,0,0,-2.499,-21.8293,-21.5793,-25.8292,-26.0793,8,a,NO,NO
order_real,data/videos_v3/int_333ms/v3_333_00340.avi,333,1,0,-2.2492,-22.3505,-20.9755,-26.4754,-25.538,8,b,NO,NO
order_real,data/videos_v3/int_333ms/v3_333_00341.avi,333,1,0,-11.9942,-25.3752,-25.6252,-30.6251,-31.0627,8,b,NO,NO
order_real,data/videos_v3/int_333ms/v3_333_00342.avi,333,0,0,-10.4893,-23.2504,-24.2504,-28.5003,-29.1254,8,a,NO,NO
order_real,data/videos_v3/int_333ms/v3_333_00343.avi,333,1,0,-6.4946,-23.6271,-23.5021,-28.4395,-28.3145,8,b,NO,NO
order_real,data/videos_v3/int_333ms/v3_333_00344.avi,333,0,0,-8.4977,-24.0004,-24.5004,-29.7503,-29.3129,8,b,NO,NO
order_real,data/videos_v3/int_333ms/v3_333_00345.avi,333,0,0,-11.9824,-23.3756,-24.1256,-28.7505,-28.6256,8,a,NO,NO
order_real,data/videos_v3/int_333ms/v3_333_00346.avi,333,1,0,-11.9942,-24.7502,-25.2502,-30.6876,-30.0627,8,b,NO,NO
order_real,data/videos_v3/int_333ms/v3_333_00347.avi,333,0,0,-8.2367,-22.7512,-22.5012,-27.126,-26.7511,8,b,NO,NO
order_real,data/videos_v3/int_333ms/v3_333_00348.avi,333,0,0,-2.4997,-22.704,-22.704,-27.7665,-27.0165,8,b,NO,NO
order_real,data/videos_v3/int_333ms/v3_333_00349.avi,333,0,0,-10.4942,-24.3752,-25.2502,-30.0002,-29.8127,8,b,NO,NO
order_real,data/videos_v3/int_333ms/v3_333_00350.avi,333,0,0,-7.4979,-22.626,-23.751,-28.4384,-27.876,8,b,NO,NO
order_real,data/videos_v3/int_333ms/v3_333_00351.avi,333,0,0,-11.2427,-25.3753,-25.2503,-30.5628,-30.1878,8,b,NO,NO
order_real,data/videos_v3/int_333ms/v3_333_00352.avi,333,0,0,-9.2437,-23.1255,-24.0005,-28.438,-28.438,8,b,NO,NO
order_real,data/videos_v3/int_333ms/v3_333_00353.avi,333,1,0,-12.4954,-24.5001,-24.8751,-30.8126,-30.1876,8,a,NO,NO
order_real,data/videos_v3/int_333ms/v3_333_00354.avi,333,0,0,-4.9969,-22.6948,-21.3823,-25.3822,-26.4448,8,b,NO,NO
order_real,data/videos_v3/int_333ms/v3_333_00355.avi,333,0,0,-5.7475,-21.8785,-22.1285,-26.4408,-26.7534,8,a,NO,NO
order_real,data/videos_v3/int_333ms/v3_333_00356.avi,333,1,0,-11.9987,-27.1251,-28.0001,-33.5001,-32.6251,8,b,NO,NO
order_real,data/videos_v3/int_333ms/v3_333_00357.avi,333,1,0,-11.4942,-24.8752,-24.8752,-29.2502,-29.6252,8,b,NO,NO
order_real,data/videos_v3/int_333ms/v3_333_00358.avi,333,0,0,-6.499,-24.8766,-24.7516,-30.1266,-29.1891,8,a,NO,NO
order_real,data/videos_v3/int_333ms/v3_333_00359.avi,333,1,0,-12.4904,-24.5003,-25.1253,-31.1252,-29.8753,8,b,NO,NO
order_real,data/videos_v3/int_333ms/v3_333_00360.avi,333,1,0,-14.7341,-26.7502,-28.0002,-32.8752,-32.8752,8,a,NO,NO
order_real,data/videos_v3/int_333ms/v3_333_00361.avi,333,1,0,-9.7219,-22.502,-22.752,-27.6268,-27.3145,8,a,NO,NO
order_real,data/videos_v3/int_333ms/v3_333_00362.avi,333,1,0,-11.7496,-29.5,-29.5,-34.75,-35.0,8,a,NO,NO
order_real,data/videos_v3/int_333ms/v3_333_00363.avi,333,0,0,-8.9988,-24.8753,-24.8753,-29.3127,-29.5003,8,a,NO,NO
order_real,data/videos_v3/int_333ms/v3_333_00364.avi,333,1,0,-16.2475,-28.625,-29.5,-34.875,-35.0,8,a,NO,NO
order_real,data/videos_v3/int_333ms/v3_333_00365.avi,333,1,0,-1.9988,-21.6899,-20.3774,-24.8773,-25.0649,8,a,NO,NO
order_real,data/videos_v3/int_333ms/v3_333_00366.avi,333,1,0,-9.2494,-26.0001,-26.3751,-31.7501,-31.0626,8,b,NO,NO
order_real,data/videos_v3/int_333ms/v3_333_00367.avi,333,0,0,0.5007,-20.8497,-19.8497,-24.7871,-24.1622,8,a,YES,NO
order_real,data/videos_v3/int_333ms/v3_333_00368.avi,333,0,0,-2.7498,-23.937,-24.187,-29.562,-29.062,8,a,NO,NO
order_real,data/videos_v3/int_333ms/v3_333_00369.avi,333,0,0,-11.249,-26.5001,-27.1251,-31.6876,-31.7501,8,a,NO,NO
order_real,data/videos_v3/int_333ms/v3_333_00370.avi,333,0,0,-5.2486,-24.5054,-23.7554,-28.3178,-29.1304,8,a,NO,NO
order_real,data/videos_v3/int_333ms/v3_333_00371.avi,333,0,1,6.0,-27.5025,-26.3775,-31.5025,-30.8775,8,b,YES,YES
order_real,data/videos_v3/int_333ms/v3_333_00372.avi,333,0,0,-3.4989,-21.9052,-21.6552,-25.7176,-26.2802,8,b,NO,NO
order_real,data/videos_v3/int_333ms/v3_333_00373.avi,333,0,0,-7.7456,-24.7506,-24.3756,-30.1256,-29.4381,8,b,NO,NO
order_real,data/videos_v3/int_333ms/v3_333_00374.avi,333,0,0,-14.7415,-26.3752,-27.0002,-32.3751,-31.7502,8,b,NO,NO
order_real,data/videos_v3/int_333ms/v3_333_00375.avi,333,1,0,-14.2472,-27.3751,-27.8751,-33.875,-33.1251,8,a,NO,NO
order_real,data/videos_v3/int_333ms/v3_333_00376.avi,333,1,0,-14.249,-28.125,-29.375,-35.0,-33.75,8,b,NO,NO
order_real,data/videos_v3/int_333ms/v3_333_00377.avi,333,1,0,-12.9981,-26.6251,-27.2501,-32.9376,-31.8751,8,b,NO,NO
order_real,data/videos_v3/int_333ms/v3_333_00378.avi,333,1,0,-16.9903,-26.1251,-27.5001,-34.1251,-33.1251,8,b,NO,NO
order_real,data/videos_v3/int_333ms/v3_333_00379.avi,333,1,0,-11.7486,-26.2501,-27.5001,-32.8751,-32.1251,8,b,NO,NO
order_real,data/videos_v3/int_333ms/v3_333_00380.avi,333,1,0,-9.2489,-27.6252,-27.6252,-32.8751,-32.3752,8,a,NO,NO
order_real,data/videos_v3/int_333ms/v3_333_00381.avi,333,1,0,-11.2455,-25.1252,-25.2502,-30.6251,-30.1877,8,a,NO,NO
order_real,data/videos_v3/int_333ms/v3_333_00382.avi,333,1,0,-14.7441,-26.8751,-28.1251,-32.5001,-32.7501,8,a,NO,NO
order_real,data/videos_v3/int_333ms/v3_333_00383.avi,333,0,0,-1.7493,-22.1605,-21.0356,-26.223,-25.5355,8,a,NO,NO
order_real,data/videos_v3/int_333ms/v3_333_00384.avi,333,0,0,-8.4978,-25.5005,-26.1255,-31.1254,-30.7505,8,b,NO,NO
order_real,data/videos_v3/int_333ms/v3_333_00385.avi,333,1,0,-8.9988,-25.6252,-26.2502,-30.2502,-30.3752,8,a,NO,NO
order_real,data/videos_v3/int_333ms/v3_333_00386.avi,333,0,0,-2.749,-21.4998,-20.3123,-25.5621,-25.1248,8,b,NO,NO
order_real,data/videos_v3/int_333ms/v3_333_00387.avi,333,1,0,-6.7487,-23.2514,-22.3764,-27.7513,-27.3764,8,a,NO,NO
order_real,data/videos_v3/int_333ms/v3_333_00388.avi,333,1,0,-9.233,-22.5013,-23.0013,-27.0012,-27.4387,8,b,NO,NO
order_real,data/videos_v3/int_333ms/v3_333_00389.avi,333,0,0,-8.7401,-23.7513,-23.7513,-28.5637,-28.2513,8,b,NO,NO
order_real,data/videos_v3/int_333ms/v3_333_00390.avi,333,0,0,-5.2489,-23.0055,-22.3805,-27.5679,-27.1929,8,b,NO,NO
order_real,data/videos_v3/int_333ms/v3_333_00391.avi,333,0,0,-9.4966,-23.8753,-23.8753,-28.7502,-28.4378,8,b,NO,NO
order_real,data/videos_v3/int_333ms/v3_333_00392.avi,333,1,0,-3.7486,-24.1485,-22.6485,-28.0234,-27.336,8,b,NO,NO
order_real,data/videos_v3/int_333ms/v3_333_00393.avi,333,1,0,-2.9995,-22.7987,-22.0487,-27.1737,-27.1112,8,a,NO,NO
order_real,data/videos_v3/int_333ms/v3_333_00394.avi,333,0,0,-8.9906,-22.3755,-22.7506,-27.3755,-27.188,8,b,NO,NO
order_real,data/videos_v3/int_333ms/v3_333_00395.avi,333,1,0,-15.2448,-26.6251,-27.5001,-33.5001,-32.7501,8,a,NO,NO
order_real,data/videos_v3/int_333ms/v3_333_00396.avi,333,1,0,-12.2449,-26.0002,-27.2502,-31.8751,-31.7502,8,b,NO,NO
order_real,data/videos_v3/int_333ms/v3_333_00397.avi,333,0,0,-2.2498,-23.1003,-22.7253,-27.9753,-27.1628,8,a,NO,NO
order_real,data/videos_v3/int_333ms/v3_333_00398.avi,333,0,0,-1.2499,-23.252,-20.877,-26.6894,-25.6895,8,b,NO,NO
order_real,data/videos_v3/int_333ms/v3_333_00399.avi,333,0,0,-11.2449,-24.8751,-25.7501,-30.9376,-30.5626,8,b,NO,NO
order_real,data/videos_v3/int_500ms/v3_500_00400.avi,500,0,0,-6.2389,-22.8784,-23.0034,-27.8158,-27.5034,8,b,NO,NO
order_real,data/videos_v3/int_500ms/v3_500_00401.avi,500,0,0,-5.2485,-23.7554,-23.1304,-28.4428,-28.1304,8,b,NO,NO
order_real,data/videos_v3/int_500ms/v3_500_00402.avi,500,1,0,-12.4992,-27.875,-28.25,-33.625,-33.5,8,b,NO,NO
order_real,data/videos_v3/int_500ms/v3_500_00403.avi,500,1,0,-11.9926,-27.8753,-27.5003,-32.5627,-32.3753,8,a,NO,NO
order_real,data/videos_v3/int_500ms/v3_500_00404.avi,500,1,0,-11.7469,-25.6251,-26.0001,-31.7501,-31.2501,8,a,NO,NO
order_real,data/videos_v3/int_500ms/v3_500_00405.avi,500,1,0,-7.9944,-23.5007,-23.5007,-28.8756,-28.5007,8,a,NO,NO
order_real,data/videos_v3/int_500ms/v3_500_00406.avi,500,1,0,-13.7485,-28.125,-29.0,-34.0,-33.875,8,a,NO,NO
order_real,data/videos_v3/int_500ms/v3_500_00407.avi,500,1,0,-10.7491,-27.3751,-28.0001,-32.7501,-32.7501,8,a,NO,NO
order_real,data/videos_v3/int_500ms/v3_500_00408.avi,500,1,0,-14.7455,-26.3751,-27.3751,-33.2501,-32.3751,8,b,NO,NO
order_real,data/videos_v3/int_500ms/v3_500_00409.avi,500,1,0,-9.747,-24.8753,-25.3753,-29.7502,-30.1878,8,b,NO,NO
order_real,data/videos_v3/int_500ms/v3_500_00410.avi,500,0,0,-6.749,-24.2514,-24.0014,-28.8138,-28.8764,8,a,NO,NO
order_real,data/videos_v3/int_500ms/v3_500_00411.avi,500,0,0,-6.2497,-25.002,-24.127,-28.5645,-29.0645,8,b,NO,NO
order_real,data/videos_v3/int_500ms/v3_500_00412.avi,500,0,0,-9.6101,-24.1262,-23.8762,-27.9386,-28.1887,8,b,NO,NO
order_real,data/videos_v3/int_500ms/v3_500_00413.avi,500,0,0,-8.9966,-25.2504,-25.5004,-30.6253,-29.9379,8,b,NO,NO
order_real,data/videos_v3/int_500ms/v3_500_00414.avi,500,0,0,-9.9991,-25.7501,-26.8751,-31.0001,-31.1251,8,a,NO,NO
order_real,data/videos_v3/int_500ms/v3_500_00415.avi,500,1,0,-11.2486,-25.5001,-26.1251,-31.6251,-30.8751,8,b,NO,NO
order_real,data/videos_v3/int_500ms/v3_500_00416.avi,500,1,0,-4.2492,-23.2644,-22.1394,-27.5768,-27.0769,8,a,NO,NO
order_real,data/videos_v3/int_500ms/v3_500_00417.avi,500,0,0,-7.9909,-22.626,-22.876,-27.9385,-27.626,8,a,NO,NO
order_real,data/videos_v3/int_500ms/v3_500_00418.avi,500,1,0,-12.7481,-27.3751,-28.2501,-34.125,-32.8751,8,b,NO,NO
order_real,data/videos_v3/int_500ms/v3_500_00419.avi,500,1,0,-12.4995,-28.625,-28.625,-35.375,-34.125,8,a,NO,NO
order_real,data/videos_v3/int_500ms/v3_500_00420.avi,500,0,0,-11.4904,-23.3753,-24.1253,-29.2502,-28.6253,8,b,NO,NO
order_real,data/videos_v3/int_500ms/v3_500_00421.avi,500,1,0,-11.4985,-27.2501,-27.3751,-33.9375,-32.3751,8,b,NO,NO
order_real,data/videos_v3/int_500ms/v3_500_00422.avi,500,1,0,-14.7478,-27.625,-27.875,-33.875,-33.25,8,b,NO,NO
order_real,data/videos_v3/int_500ms/v3_500_00423.avi,500,1,0,-12.4949,-25.6252,-26.2502,-31.8126,-31.1252,8,b,NO,NO
order_real,data/videos_v3/int_500ms/v3_500_00424.avi,500,0,0,-4.7496,-23.7587,-23.1337,-27.0711,-28.5087,8,b,NO,NO
order_real,data/videos_v3/int_500ms/v3_500_00425.avi,500,1,0,-14.996,-25.8751,-27.1251,-33.1251,-32.0001,8,a,NO,NO
order_real,data/videos_v3/int_500ms/v3_500_00426.avi,500,1,0,-13.4948,-27.1251,-27.6251,-33.5626,-32.9376,8,a,NO,NO
order_real,data/videos_v3/int_500ms/v3_500_00427.avi,500,1,0,-12.4969,-26.0001,-27.5001,-31.7501,-31.7501,8,b,NO,NO
order_real,data/videos_v3/int_500ms/v3_500_00428.avi,500,1,0,-8.2446,-23.0008,-23.3758,-27.3132,-27.6258,8,b,NO,NO
order_real,data/videos_v3/int_500ms/v3_500_00429.avi,500,0,0,-8.7457,-25.1255,-24.7505,-29.7504,-30.0005,8,b,NO,NO
order_real,data/videos_v3/int_500ms/v3_500_00430.avi,500,1,0,-10.4989,-27.2501,-27.7501,-31.1251,-32.5001,8,a,NO,NO
order_real,data/videos_v3/int_500ms/v3_500_00431.avi,500,1,0,-14.7403,-25.2502,-26.3752,-31.7501,-30.8752,8,b,NO,NO
order_real,data/videos_v3/int_500ms/v3_500_00432.avi,500,1,0,-10.9993,-28.6251,-28.7501,-34.375,-33.5001,8,b,NO,NO
order_real,data/videos_v3/int_500ms/v3_500_00433.avi,500,1,0,-9.997,-24.8752,-25.5002,-29.5002,-30.2502,8,a,NO,NO
order_real,data/videos_v3/int_500ms/v3_500_00434.avi,500,1,0,-13.746,-27.3751,-27.8751,-34.0626,-33.0001,8,a,NO,NO
order_real,data/videos_v3/int_500ms/v3_500_00435.avi,500,0,0,-9.4825,-23.2508,-22.8758,-28.3757,-28.0008,8,a,NO,NO
order_real,data/videos_v3/int_500ms/v3_500_00436.avi,500,1,0,-14.9983,-28.875,-29.75,-36.125,-34.5,8,b,NO,NO
order_real,data/videos_v3/int_500ms/v3_500_00437.avi,500,0,0,-13.2343,-23.8753,-25.3753,-29.2503,-29.9378,8,b,NO,NO
order_real,data/videos_v3/int_500ms/v3_500_00438.avi,500,1,0,-7.233,-22.6269,-22.8769,-26.8143,-27.5019,8,a,NO,NO
order_real,data/videos_v3/int_500ms/v3_500_00439.avi,500,0,0,-12.2455,-25.1251,-26.3751,-31.2501,-31.3126,8,b,NO,NO
order_real,data/videos_v3/int_500ms/v3_500_00440.avi,500,1,0,-13.7479,-27.6251,-28.6251,-34.125,-32.7501,8,a,NO,NO
order_real,data/videos_v3/int_500ms/v3_500_00441.avi,500,0,0,-5.2483,-23.0054,-23.2554,-28.1304,-28.0679,8,b,NO,NO
order_real,data/videos_v3/int_500ms/v3_500_00442.avi,500,1,0,-9.2486,-24.8752,-24.6252,-29.2502,-29.4377,8,b,NO,NO
order_real,data/videos_v3/int_500ms/v3_500_00443.avi,500,0,0,-12.2442,-24.6252,-25.5002,-30.4377,-29.7502,8,b,NO,NO
order_real,data/videos_v3/int_500ms/v3_500_00444.avi,500,0,0,-9.2418,-23.1255,-23.6255,-28.0629,-28.1255,8,a,NO,NO
order_real,data/videos_v3/int_500ms/v3_500_00445.avi,500,1,0,-11.4973,-27.1251,-27.8751,-32.1251,-32.2501,8,a,NO,NO
order_real,data/videos_v3/int_500ms/v3_500_00446.avi,500,1,0,-11.7492,-26.6251,-27.1251,-32.0,-32.1251,8,a,NO,NO
order_real,data/videos_v3/int_500ms/v3_500_00447.avi,500,0,0,-9.4906,-23.7504,-24.3754,-29.5628,-29.4379,8,a,NO,NO
order_real,data/videos_v3/int_500ms/v3_500_00448.avi,500,0,0,-9.7471,-24.7503,-24.6253,-30.0628,-29.3753,8,b,NO,NO
order_real,data/videos_v3/int_500ms/v3_500_00449.avi,500,0,0,-10.2416,-23.8752,-24.6252,-29.8752,-29.7502,8,a,NO,NO
order_real,data/videos_v3/int_500ms/v3_500_00450.avi,500,1,0,-11.7491,-26.625,-26.25,-32.75,-31.75,8,b,NO,NO
order_real,data/videos_v3/int_500ms/v3_500_00451.avi,500,1,0,-12.2494,-27.625,-28.125,-33.875,-33.25,8,a,NO,NO
order_real,data/videos_v3/int_500ms/v3_500_00452.avi,500,1,0,-14.9987,-28.25,-29.0,-34.875,-34.625,8,b,NO,NO
order_real,data/videos_v3/int_500ms/v3_500_00453.avi,500,0,0,-11.4892,-23.6253,-24.3753,-29.5002,-29.2503,8,b,NO,NO
order_real,data/videos_v3/int_500ms/v3_500_00454.avi,500,1,0,-11.749,-26.7501,-27.8751,-33.5625,-32.5001,8,a,NO,NO
order_real,data/videos_v3/int_500ms/v3_500_00455.avi,500,0,0,-4.9995,-23.6319,-23.7569,-27.9443,-28.4444,8,b,NO,NO
order_real,data/videos_v3/int_500ms/v3_500_00456.avi,500,0,0,-6.7438,-22.5017,-21.7517,-27.3141,-26.8767,8,a,NO,NO
order_real,data/videos_v3/int_500ms/v3_500_00457.avi,500,0,0,-6.7421,-21.752,-22.002,-26.4393,-26.4394,8,b,NO,NO
order_real,data/videos_v3/int_500ms/v3_500_00458.avi,500,1,0,-8.995,-22.8754,-23.6254,-28.3128,-28.3129,8,a,NO,NO
order_real,data/videos_v3/int_500ms/v3_500_00459.avi,500,1,0,-13.7491,-28.25,-28.5,-34.875,-33.875,8,a,NO,NO
order_real,data/videos_v3/int_500ms/v3_500_00460.avi,500,1,0,-14.2494,-29.5,-30.125,-36.375,-35.25,8,a,NO,NO
order_real,data/videos_v3/int_500ms/v3_500_00461.avi,500,1,0,-12.4942,-25.7502,-26.3752,-32.1876,-30.8752,8,b,NO,NO
order_real,data/videos_v3/int_500ms/v3_500_00462.avi,500,1,0,-9.4748,-24.5012,-24.3762,-29.4387,-29.0637,8,a,NO,NO
order_real,data/videos_v3/int_500ms/v3_500_00463.avi,500,0,0,-1.4997,-22.9515,-22.2016,-27.514,-26.7641,8,a,NO,NO
order_real,data/videos_v3/int_500ms/v3_500_00464.avi,500,1,0,-11.7491,-28.5001,-28.7501,-34.9375,-33.8751,8,a,NO,NO
order_real,data/videos_v3/int_500ms/v3_500_00465.avi,500,0,0,-6.9895,-24.3765,-23.8765,-29.5014,-29.2515,8,b,NO,NO
order_real,data/videos_v3/int_500ms/v3_500_00466.avi,500,0,0,-11.9954,-26.6251,-27.0001,-32.9376,-32.0001,8,a,NO,NO
order_real,data/videos_v3/int_500ms/v3_500_00467.avi,500,1,0,-4.4986,-23.5113,-23.7613,-28.9487,-28.5113,8,a,NO,NO
order_real,data/videos_v3/int_500ms/v3_500_00468.avi,500,0,0,-9.7393,-22.0005,-22.8755,-27.4379,-27.063,8,b,NO,NO
order_real,data/videos_v3/int_500ms/v3_500_00469.avi,500,0,0,-10.4971,-25.0003,-25.3753,-30.2502,-29.7503,8,b,NO,NO
order_real,data/videos_v3/int_500ms/v3_500_00470.avi,500,1,0,-13.9954,-26.2501,-27.0001,-31.7501,-31.7501,8,b,NO,NO
order_real,data/videos_v3/int_500ms/v3_500_00471.avi,500,1,0,-1.7494,-21.4105,-20.6605,-25.9105,-25.348,8,a,NO,NO
order_real,data/videos_v3/int_500ms/v3_500_00472.avi,500,1,0,-8.7466,-24.1254,-23.7504,-27.8129,-28.6254,8,a,NO,NO
order_real,data/videos_v3/int_500ms/v3_500_00473.avi,500,0,0,-3.9973,-22.1437,-21.1437,-26.206,-26.4561,8,b,NO,NO
order_real,data/videos_v3/int_500ms/v3_500_00474.avi,500,0,0,-11.2379,-23.0006,-23.6256,-28.0005,-27.813,8,b,NO,NO
order_real,data/videos_v3/int_500ms/v3_500_00475.avi,500,0,0,-9.2429,-25.1256,-25.1256,-30.6256,-30.0006,8,b,NO,NO
order_real,data/videos_v3/int_500ms/v3_500_00476.avi,500,1,0,-15.4954,-26.6251,-27.3751,-32.625,-32.6251,8,a,NO,NO
order_real,data/videos_v3/int_500ms/v3_500_00477.avi,500,1,0,-12.996,-25.5001,-26.0001,-31.6251,-30.8751,8,a,NO,NO
order_real,data/videos_v3/int_500ms/v3_500_00478.avi,500,1,0,-10.9949,-25.1252,-25.5002,-31.2501,-30.3752,8,a,NO,NO
order_real,data/videos_v3/int_500ms/v3_500_00479.avi,500,1,0,-13.7465,-26.8751,-27.3751,-33.5001,-32.7501,8,a,NO,NO
order_real,data/videos_v3/int_500ms/v3_500_00480.avi,500,0,0,0.7501,-23.5119,-23.8869,-29.5119,-28.3869,8,b,YES,NO
order_real,data/videos_v3/int_500ms/v3_500_00481.avi,500,0,0,-4.9983,-23.7569,-23.1319,-26.8819,-28.2569,8,a,NO,NO
order_real,data/videos_v3/int_500ms/v3_500_00482.avi,500,0,0,-10.7276,-23.7509,-24.3759,-29.5009,-28.9384,8,b,NO,NO
order_real,data/videos_v3/int_500ms/v3_500_00483.avi,500,0,0,-10.7443,-25.7502,-26.0002,-30.7502,-30.8752,8,a,NO,NO
order_real,data/videos_v3/int_500ms/v3_500_00484.avi,500,0,0,-1.7498,-23.5353,-23.0353,-27.4103,-27.7228,8,a,NO,NO
order_real,data/videos_v3/int_500ms/v3_500_00485.avi,500,0,0,-6.2435,-21.3781,-21.2531,-26.1279,-25.8156,8,a,NO,NO
order_real,data/videos_v3/int_500ms/v3_500_00486.avi,500,0,0,-6.2474,-24.3771,-23.5021,-27.5646,-28.4396,8,a,NO,NO
order_real,data/videos_v3/int_500ms/v3_500_00487.avi,500,0,0,-10.2442,-23.7502,-24.6252,-29.4377,-29.3127,8,a,NO,NO
order_real,data/videos_v3/int_500ms/v3_500_00488.avi,500,1,0,-16.2448,-26.8751,-28.0001,-33.375,-33.1251,8,a,NO,NO
order_real,data/videos_v3/int_500ms/v3_500_00489.avi,500,1,0,-10.497,-24.8752,-24.8752,-28.9377,-29.8127,8,a,NO,NO
order_real,data/videos_v3/int_500ms/v3_500_00490.avi,500,0,0,-4.7442,-22.0096,-21.7596,-26.822,-26.6345,8,a,NO,NO
order_real,data/videos_v3/int_500ms/v3_500_00491.avi,500,1,0,-9.4992,-25.3752,-25.1252,-30.7501,-30.0002,8,a,NO,NO
order_real,data/videos_v3/int_500ms/v3_500_00492.avi,500,0,0,-6.4994,-24.6266,-24.5016,-30.1266,-29.2516,8,a,NO,NO
order_real,data/videos_v3/int_500ms/v3_500_00493.avi,500,1,0,-12.2494,-27.75,-27.875,-34.0625,-32.875,8,b,NO,NO
order_real,data/videos_v3/int_500ms/v3_500_00494.avi,500,0,0,-10.8495,-23.5009,-23.7509,-28.5634,-28.3134,8,a,NO,NO
order_real,data/videos_v3/int_500ms/v3_500_00495.avi,500,1,0,-9.9942,-24.1252,-24.3752,-29.8752,-29.0002,8,a,NO,NO
order_real,data/videos_v3/int_500ms/v3_500_00496.avi,500,1,0,-10.4989,-26.8751,-27.5001,-32.1251,-32.1251,8,b,NO,NO
order_real,data/videos_v3/int_500ms/v3_500_00497.avi,500,1,0,-9.7417,-23.8754,-24.1254,-28.0628,-28.7504,8,b,NO,NO
order_real,data/videos_v3/int_500ms/v3_500_00498.avi,500,0,0,-8.4978,-23.6255,-23.5005,-28.3129,-28.1879,8,a,NO,NO
order_real,data/videos_v3/int_500ms/v3_500_00499.avi,500,0,0,-4.9975,-24.257,-23.1321,-28.1945,-28.132,8,b,NO,NO
order_real,data/videos_v3/int_1000ms/v3_1000_00500.avi,1000,1,0,-12.7494,-29.375,-29.75,-35.9375,-34.625,8,b,NO,NO
order_real,data/videos_v3/int_1000ms/v3_1000_00501.avi,1000,0,0,-11.2345,-23.1256,-23.7506,-28.7505,-28.6881,8,a,NO,NO
order_real,data/videos_v3/int_1000ms/v3_1000_00502.avi,1000,1,0,-9.7489,-26.6251,-26.3751,-30.8126,-31.1251,8,a,NO,NO
order_real,data/videos_v3/int_1000ms/v3_1000_00503.avi,1000,0,0,-2.9996,-23.5487,-24.1737,-29.4237,-28.9237,8,a,NO,NO
order_real,data/videos_v3/int_1000ms/v3_1000_00504.avi,1000,1,0,-11.249,-28.7501,-28.8751,-33.0001,-34.0001,8,b,NO,NO
order_real,data/videos_v3/int_1000ms/v3_1000_00505.avi,1000,1,0,-6.4994,-24.8766,-24.8766,-30.2515,-29.6891,8,b,NO,NO
order_real,data/videos_v3/int_1000ms/v3_1000_00506.avi,1000,1,0,-6.4996,-25.3766,-24.7516,-28.3766,-29.1891,8,b,NO,NO
order_real,data/videos_v3/int_1000ms/v3_1000_00507.avi,1000,0,0,-11.4745,-24.0009,-25.0009,-29.8758,-29.3759,8,a,NO,NO
order_real,data/videos_v3/int_1000ms/v3_1000_00508.avi,1000,0,0,-5.9975,-22.8782,-23.2532,-27.8781,-27.8782,8,b,NO,NO
order_real,data/videos_v3/int_1000ms/v3_1000_00509.avi,1000,0,0,-2.2497,-23.2253,-21.9753,-26.7253,-26.9753,8,a,NO,NO
order_real,data/videos_v3/int_1000ms/v3_1000_00510.avi,1000,0,0,-9.2473,-23.2502,-24.0002,-29.1252,-28.5627,8,a,NO,NO
order_real,data/videos_v3/int_1000ms/v3_1000_00511.avi,1000,1,0,-4.7497,-25.1337,-24.1337,-29.1336,-29.1337,8,b,NO,NO
order_real,data/videos_v3/int_1000ms/v3_1000_00512.avi,1000,1,0,-8.7461,-23.7504,-23.6254,-29.2503,-28.6254,8,b,NO,NO
order_real,data/videos_v3/int_1000ms/v3_1000_00513.avi,1000,0,0,-7.2469,-23.6263,-23.7513,-28.7512,-28.4387,8,a,NO,NO
order_real,data/videos_v3/int_1000ms/v3_1000_00514.avi,1000,1,0,-14.4972,-27.7501,-28.7501,-35.0,-33.5001,8,b,NO,NO
order_real,data/videos_v3/int_1000ms/v3_1000_00515.avi,1000,0,0,-11.4747,-23.0012,-23.7512,-28.5011,-28.0637,8,b,NO,NO
order_real,data/videos_v3/int_1000ms/v3_1000_00516.avi,1000,1,0,-8.7428,-23.6256,-23.8756,-28.5005,-27.8756,8,a,NO,NO
order_real,data/videos_v3/int_1000ms/v3_1000_00517.avi,1000,1,0,-12.7476,-27.0001,-28.0001,-33.75,-32.6251,8,b,NO,NO
order_real,data/videos_v3/int_1000ms/v3_1000_00518.avi,1000,0,0,-12.6049,-23.1256,-24.1256,-29.188,-28.563,8,a,NO,NO
order_real,data/videos_v3/int_1000ms/v3_1000_00519.avi,1000,0,0,-4.7489,-22.2589,-22.7589,-27.7588,-27.2588,8,a,NO,NO
order_real,data/videos_v3/int_1000ms/v3_1000_00520.avi,1000,0,0,-14.246,-26.7501,-27.6251,-33.6251,-32.5001,8,b,NO,NO
order_real,data/videos_v3/int_1000ms/v3_1000_00521.avi,1000,0,0,-5.9931,-22.1282,-21.8782,-25.8781,-26.8781,8,b,NO,NO
order_real,data/videos_v3/int_1000ms/v3_1000_00522.avi,1000,1,0,-19.4959,-28.0,-28.875,-35.5,-34.375,8,b,NO,NO
order_real,data/videos_v3/int_1000ms/v3_1000_00523.avi,1000,1,0,-8.2482,-24.0004,-23.2504,-28.8753,-28.3129,8,b,NO,NO
order_real,data/videos_v3/int_1000ms/v3_1000_00524.avi,1000,0,0,-10.8556,-23.3762,-24.2512,-28.5011,-28.9387,8,b,NO,NO
order_real,data/videos_v3/int_1000ms/v3_1000_00525.avi,1000,1,0,-10.2495,-26.5001,-26.0001,-30.8125,-31.0001,8,a,NO,NO
order_real,data/videos_v3/int_1000ms/v3_1000_00526.avi,1000,1,0,-16.9968,-27.375,-28.625,-34.625,-33.75,8,b,NO,NO
order_real,data/videos_v3/int_1000ms/v3_1000_00527.avi,1000,1,0,-12.4917,-25.2503,-25.7503,-31.3753,-30.5628,8,a,NO,NO
order_real,data/videos_v3/int_1000ms/v3_1000_00528.avi,1000,1,0,-11.7496,-27.75,-28.25,-34.0625,-32.75,8,b,NO,NO
order_real,data/videos_v3/int_1000ms/v3_1000_00529.avi,1000,0,0,-12.9861,-25.0003,-25.5003,-30.8128,-30.6878,8,a,NO,NO
order_real,data/videos_v3/int_1000ms/v3_1000_00530.avi,1000,0,0,-6.9989,-25.376,-25.501,-30.626,-30.3135,8,b,NO,NO
order_real,data/videos_v3/int_1000ms/v3_1000_00531.avi,1000,0,0,-8.7491,-25.6252,-25.3753,-30.0627,-30.0002,8,a,NO,NO
order_real,data/videos_v3/int_1000ms/v3_1000_00532.avi,1000,1,0,-12.4942,-25.3751,-25.7501,-30.0001,-31.0001,8,b,NO,NO
order_real,data/videos_v3/int_1000ms/v3_1000_00533.avi,1000,0,0,-9.7462,-23.6253,-24.8753,-29.5628,-29.4378,8,a,NO,NO
order_real,data/videos_v3/int_1000ms/v3_1000_00534.avi,1000,1,0,-11.7469,-26.1251,-27.0001,-32.3751,-31.6251,8,a,NO,NO
order_real,data/videos_v3/int_1000ms/v3_1000_00535.avi,1000,0,0,-11.7324,-23.3756,-24.1256,-28.6255,-28.9381,8,a,NO,NO
order_real,data/videos_v3/int_1000ms/v3_1000_00536.avi,1000,0,0,-6.499,-24.7517,-23.5017,-29.2516,-28.3142,8,b,NO,NO
order_real,data/videos_v3/int_1000ms/v3_1000_00537.avi,1000,1,0,-13.4994,-28.625,-29.0,-35.25,-33.875,8,b,NO,NO
order_real,data/videos_v3/int_1000ms/v3_1000_00538.avi,1000,0,0,-5.2493,-24.1304,-24.1304,-29.6928,-28.8803,8,a,NO,NO
order_real,data/videos_v3/int_1000ms/v3_1000_00539.avi,1000,1,0,-13.7483,-26.25,-27.75,-31.875,-32.0,8,a,NO,NO
order_real,data/videos_v3/int_1000ms/v3_1000_00540.avi,1000,0,0,-13.4821,-24.1253,-25.7503,-30.5002,-30.5628,8,a,NO,NO
order_real,data/videos_v3/int_1000ms/v3_1000_00541.avi,1000,1,0,-16.2481,-29.125,-30.25,-36.5,-34.875,8,b,NO,NO
order_real,data/videos_v3/int_1000ms/v3_1000_00542.avi,1000,1,0,-13.4981,-26.3751,-27.0001,-31.7501,-31.7501,8,b,NO,NO
order_real,data/videos_v3/int_1000ms/v3_1000_00543.avi,1000,0,0,-7.9971,-24.0006,-24.5006,-29.688,-29.5006,8,b,NO,NO
order_real,data/videos_v3/int_1000ms/v3_1000_00544.avi,1000,0,0,-6.9987,-23.2513,-24.0013,-28.5638,-28.2513,8,b,NO,NO
order_real,data/videos_v3/int_1000ms/v3_1000_00545.avi,1000,0,0,-7.7421,-22.6261,-22.7511,-27.5635,-27.0636,8,a,NO,NO
order_real,data/videos_v3/int_1000ms/v3_1000_00546.avi,1000,0,0,-4.4988,-24.1362,-23.8862,-29.4486,-28.9487,8,b,NO,NO
order_real,data/videos_v3/int_1000ms/v3_1000_00547.avi,1000,1,0,-12.7489,-27.75,-28.625,-34.25,-33.625,8,a,NO,NO
order_real,data/videos_v3/int_1000ms/v3_1000_00548.avi,1000,1,0,-14.7476,-27.25,-27.75,-34.4375,-33.0,8,b,NO,NO
order_real,data/videos_v3/int_1000ms/v3_1000_00549.avi,1000,1,0,-10.9998,-29.75,-29.625,-35.375,-35.0,8,b,NO,NO
order_real,data/videos_v3/int_1000ms/v3_1000_00550.avi,1000,1,0,-13.2469,-27.0001,-27.8751,-33.7501,-32.5001,8,b,NO,NO
order_real,data/videos_v3/int_1000ms/v3_1000_00551.avi,1000,0,0,-5.4986,-24.8792,-24.5042,-30.1916,-29.3792,8,b,NO,NO
order_real,data/videos_v3/int_1000ms/v3_1000_00552.avi,1000,1,0,-14.2434,-26.2501,-27.8751,-32.8751,-32.3751,8,b,NO,NO
order_real,data/videos_v3/int_1000ms/v3_1000_00553.avi,1000,0,0,-10.2445,-25.2505,-25.3755,-30.8129,-30.063,8,b,NO,NO
order_real,data/videos_v3/int_1000ms/v3_1000_00554.avi,1000,0,0,-1.9992,-21.8774,-20.0024,-25.6897,-24.9399,8,b,NO,NO
order_real,data/videos_v3/int_1000ms/v3_1000_00555.avi,1000,1,0,-14.7448,-27.3751,-28.5001,-33.6251,-33.8751,8,a,NO,NO
order_real,data/videos_v3/int_1000ms/v3_1000_00556.avi,1000,0,0,-5.9975,-22.8778,-22.5028,-26.6902,-27.1903,8,b,NO,NO
order_real,data/videos_v3/int_1000ms/v3_1000_00557.avi,1000,1,0,-13.7472,-26.5001,-27.1251,-33.0625,-32.1251,8,a,NO,NO
order_real,data/videos_v3/int_1000ms/v3_1000_00558.avi,1000,1,0,-14.746,-27.5,-28.25,-34.625,-33.75,8,a,NO,NO
order_real,data/videos_v3/int_1000ms/v3_1000_00559.avi,1000,1,0,-13.2342,-24.2503,-25.6253,-30.2502,-30.3753,8,b,NO,NO
order_real,data/videos_v3/int_1000ms/v3_1000_00560.avi,1000,1,0,-17.2459,-27.375,-28.375,-35.0,-33.75,8,a,NO,NO
order_real,data/videos_v3/int_1000ms/v3_1000_00561.avi,1000,1,0,-13.4989,-27.75,-28.625,-34.625,-33.125,8,a,NO,NO
order_real,data/videos_v3/int_1000ms/v3_1000_00562.avi,1000,0,0,-10.2324,-24.3756,-24.7506,-30.2505,-29.5631,8,a,NO,NO
order_real,data/videos_v3/int_1000ms/v3_1000_00563.avi,1000,0,0,-9.2463,-24.7505,-24.6255,-29.938,-29.438,8,b,NO,NO
order_real,data/videos_v3/int_1000ms/v3_1000_00564.avi,1000,0,0,-9.2395,-22.6256,-23.1256,-27.1256,-27.5006,8,b,NO,NO
order_real,data/videos_v3/int_1000ms/v3_1000_00565.avi,1000,0,0,-3.9969,-22.0187,-21.3937,-26.456,-26.0812,8,b,NO,NO
order_real,data/videos_v3/int_1000ms/v3_1000_00566.avi,1000,1,0,-6.7471,-24.1264,-23.0014,-27.7514,-27.8139,8,a,NO,NO
order_real,data/videos_v3/int_1000ms/v3_1000_00567.avi,1000,1,0,-15.2472,-26.25,-27.25,-33.125,-32.5,8,a,NO,NO
order_real,data/videos_v3/int_1000ms/v3_1000_00568.avi,1000,1,0,-13.9991,-28.375,-28.0,-34.875,-33.625,8,a,NO,NO
order_real,data/videos_v3/int_1000ms/v3_1000_00569.avi,1000,1,0,-7.9984,-25.1255,-24.2505,-30.0004,-29.4379,8,b,NO,NO
order_real,data/videos_v3/int_1000ms/v3_1000_00570.avi,1000,1,0,-11.4878,-23.3753,-24.5003,-28.6878,-29.1878,8,a,NO,NO
order_real,data/videos_v3/int_1000ms/v3_1000_00571.avi,1000,0,0,-10.7348,-23.3759,-24.1259,-28.6884,-28.5009,8,a,NO,NO
order_real,data/videos_v3/int_1000ms/v3_1000_00572.avi,1000,0,0,-10.2379,-23.5005,-24.3755,-28.6879,-29.063,8,a,NO,NO
order_real,data/videos_v3/int_1000ms/v3_1000_00573.avi,1000,0,0,-6.2489,-24.6271,-24.5021,-28.8146,-28.9396,8,a,NO,NO
order_real,data/videos_v3/int_1000ms/v3_1000_00574.avi,1000,0,0,-5.7479,-22.3786,-22.2536,-27.3785,-27.1911,8,a,NO,NO
order_real,data/videos_v3/int_1000ms/v3_1000_00575.avi,1000,1,0,-9.9993,-26.5001,-26.3751,-32.0001,-31.2501,8,b,NO,NO
order_real,data/videos_v3/int_1000ms/v3_1000_00576.avi,1000,0,0,-10.7435,-23.6253,-24.0003,-28.0002,-28.8128,8,b,NO,NO
order_real,data/videos_v3/int_1000ms/v3_1000_00577.avi,1000,0,0,-6.9986,-23.6262,-24.1262,-29.1261,-28.6887,8,b,NO,NO
order_real,data/videos_v3/int_1000ms/v3_1000_00578.avi,1000,1,0,-11.4934,-24.6252,-24.3752,-29.9377,-29.4377,8,a,NO,NO
order_real,data/videos_v3/int_1000ms/v3_1000_00579.avi,1000,0,0,-5.7452,-21.7536,-21.8786,-25.941,-26.5036,8,b,NO,NO
order_real,data/videos_v3/int_1000ms/v3_1000_00580.avi,1000,0,0,-8.995,-24.0004,-24.2504,-29.0628,-29.0629,8,a,NO,NO
order_real,data/videos_v3/int_1000ms/v3_1000_00581.avi,1000,1,0,-14.4976,-27.1251,-28.2501,-33.1251,-33.0001,8,a,NO,NO
order_real,data/videos_v3/int_1000ms/v3_1000_00582.avi,1000,1,0,-14.4933,-26.1251,-26.7501,-32.7501,-31.6251,8,b,NO,NO
order_real,data/videos_v3/int_1000ms/v3_1000_00583.avi,1000,1,0,-8.9984,-24.8752,-25.2502,-29.5627,-29.8752,8,a,NO,NO
order_real,data/videos_v3/int_1000ms/v3_1000_00584.avi,1000,1,0,-9.2493,-26.6251,-26.2501,-32.1251,-31.0626,8,a,NO,NO
order_real,data/videos_v3/int_1000ms/v3_1000_00585.avi,1000,1,0,-11.9981,-26.7501,-27.1251,-31.7501,-31.7501,8,a,NO,NO
order_real,data/videos_v3/int_1000ms/v3_1000_00586.avi,1000,1,0,-14.2481,-27.125,-28.375,-32.875,-33.0,8,b,NO,NO
order_real,data/videos_v3/int_1000ms/v3_1000_00587.avi,1000,1,0,-11.2461,-25.2502,-25.2502,-31.1251,-30.5002,8,a,NO,NO
order_real,data/videos_v3/int_1000ms/v3_1000_00588.avi,1000,1,0,-14.9985,-27.875,-28.625,-33.875,-33.875,8,b,NO,NO
order_real,data/videos_v3/int_1000ms/v3_1000_00589.avi,1000,0,0,-8.9833,-23.5016,-23.8766,-28.439,-28.3141,8,b,NO,NO
order_real,data/videos_v3/int_1000ms/v3_1000_00590.avi,1000,1,0,-12.2465,-25.5001,-26.0001,-31.8751,-30.8751,8,a,NO,NO
order_real,data/videos_v3/int_1000ms/v3_1000_00591.avi,1000,0,0,-12.9934,-25.5002,-26.3752,-31.5627,-31.2502,8,b,NO,NO
order_real,data/videos_v3/int_1000ms/v3_1000_00592.avi,1000,0,0,-11.4973,-25.7501,-26.7501,-31.7501,-31.2501,8,a,NO,NO
order_real,data/videos_v3/int_1000ms/v3_1000_00593.avi,1000,0,0,-5.4971,-22.6294,-22.0044,-27.3168,-26.9419,8,a,NO,NO
order_real,data/videos_v3/int_1000ms/v3_1000_00594.avi,1000,0,0,-12.9989,-27.3751,-27.5001,-33.8125,-32.5001,8,a,NO,NO
order_real,data/videos_v3/int_1000ms/v3_1000_00595.avi,1000,0,0,-4.4998,-24.7611,-24.5111,-30.6361,-29.8861,8,a,NO,NO
order_real,data/videos_v3/int_1000ms/v3_1000_00596.avi,1000,0,0,-8.7461,-23.8754,-24.1254,-28.6253,-29.2503,8,a,NO,NO
order_real,data/videos_v3/int_1000ms/v3_1000_00597.avi,1000,1,0,-14.9976,-26.625,-27.625,-33.875,-32.625,8,b,NO,NO
order_real,data/videos_v3/int_1000ms/v3_1000_00598.avi,1000,0,0,-13.3457,-23.7506,-24.8756,-29.813,-29.6255,8,b,NO,NO
order_real,data/videos_v3/int_1000ms/v3_1000_00599.avi,1000,0,0,-8.9994,-26.3752,-26.8752,-32.6252,-31.3752,8,a,NO,NO
order_real,data/videos_v3/int_1500ms/v3_1500_00600.avi,1500,0,0,-13.9992,-28.25,-28.875,-34.0,-34.0,8,a,NO,NO
order_real,data/videos_v3/int_1500ms/v3_1500_00601.avi,1500,1,0,-12.2476,-26.1251,-27.0001,-31.7501,-31.7501,8,b,NO,NO
order_real,data/videos_v3/int_1500ms/v3_1500_00602.avi,1500,1,0,-13.2481,-26.2501,-26.3751,-32.4375,-31.5001,8,a,NO,NO
order_real,data/videos_v3/int_1500ms/v3_1500_00603.avi,1500,1,0,-12.2481,-26.0,-25.75,-32.375,-31.25,8,b,NO,NO
order_real,data/videos_v3/int_1500ms/v3_1500_00604.avi,1500,1,0,-10.2407,-25.0006,-24.8756,-30.2505,-29.3756,8,a,NO,NO
order_real,data/videos_v3/int_1500ms/v3_1500_00605.avi,1500,0,0,-5.9958,-22.0029,-21.7529,-26.9403,-26.7529,8,a,NO,NO
order_real,data/videos_v3/int_1500ms/v3_1500_00606.avi,1500,0,0,-10.9995,-27.125,-27.3751,-33.0,-31.9375,8,b,NO,NO
order_real,data/videos_v3/int_1500ms/v3_1500_00607.avi,1500,1,0,-16.4968,-26.625,-28.0,-33.875,-33.125,8,b,NO,NO
order_real,data/videos_v3/int_1500ms/v3_1500_00608.avi,1500,0,0,-13.7493,-27.75,-28.0,-34.0,-32.875,8,a,NO,NO
order_real,data/videos_v3/int_1500ms/v3_1500_00609.avi,1500,0,0,-4.7495,-22.7587,-22.6337,-27.8211,-27.3212,8,b,NO,NO
order_real,data/videos_v3/int_1500ms/v3_1500_00610.avi,1500,1,0,-5.9988,-24.3776,-23.3776,-28.5025,-28.3151,8,a,NO,NO
order_real,data/videos_v3/int_1500ms/v3_1500_00611.avi,1500,0,0,-5.9985,-23.8777,-22.5027,-28.1901,-27.7527,8,b,NO,NO
order_real,data/videos_v3/int_1500ms/v3_1500_00612.avi,1500,0,0,-7.9957,-22.2508,-22.5008,-27.0007,-27.1882,8,b,NO,NO
order_real,data/videos_v3/int_1500ms/v3_1500_00613.avi,1500,0,0,-9.6169,-23.3756,-23.3756,-28.188,-27.8131,8,a,NO,NO
order_real,data/videos_v3/int_1500ms/v3_1500_00614.avi,1500,1,0,-8.4988,-25.5004,-25.0004,-29.8753,-29.9379,8,b,NO,NO
order_real,data/videos_v3/int_1500ms/v3_1500_00615.avi,1500,1,0,-11.9965,-26.5002,-26.7502,-32.6876,-31.6252,8,a,NO,NO
order_real,data/videos_v3/int_1500ms/v3_1500_00616.avi,1500,0,0,-12.4961,-26.8752,-27.2502,-33.1252,-32.4377,8,b,NO,NO
order_real,data/videos_v3/int_1500ms/v3_1500_00617.avi,1500,0,0,-7.9981,-23.5006,-24.6256,-28.6881,-28.8756,8,a,NO,NO
order_real,data/videos_v3/int_1500ms/v3_1500_00618.avi,1500,1,0,-7.748,-23.5006,-23.0006,-27.2505,-27.9381,8,b,NO,NO
order_real,data/videos_v3/int_1500ms/v3_1500_00619.avi,1500,1,0,-13.4996,-28.875,-29.75,-35.625,-34.75,8,b,NO,NO
order_real,data/videos_v3/int_1500ms/v3_1500_00620.avi,1500,0,0,-11.2495,-26.6251,-26.6251,-32.0,-31.5001,8,a,NO,NO
order_real,data/videos_v3/int_1500ms/v3_1500_00621.avi,1500,0,0,-11.4825,-25.8757,-25.6257,-30.1257,-30.2507,8,a,NO,NO
order_real,data/videos_v3/int_1500ms/v3_1500_00622.avi,1500,1,0,-14.4948,-27.0001,-27.7501,-34.1251,-32.7501,8,b,NO,NO
order_real,data/videos_v3/int_1500ms/v3_1500_00623.avi,1500,1,0,-15.4987,-27.75,-28.625,-34.875,-33.75,8,b,NO,NO
order_real,data/videos_v3/int_1500ms/v3_1500_00624.avi,1500,1,0,-9.9926,-25.1253,-25.1253,-29.3128,-30.0628,8,a,NO,NO
order_real,data/videos_v3/int_1500ms/v3_1500_00625.avi,1500,1,0,-8.2428,-23.0007,-22.6257,-28.1255,-27.5007,8,b,NO,NO
order_real,data/videos_v3/int_1500ms/v3_1500_00626.avi,1500,1,0,-7.7462,-23.6258,-23.2508,-27.7507,-27.8132,8,a,NO,NO
order_real,data/videos_v3/int_1500ms/v3_1500_00627.avi,1500,0,0,-5.7497,-24.5033,-25.1283,-30.6282,-29.8158,8,b,NO,NO
order_real,data/videos_v3/int_1500ms/v3_1500_00628.avi,1500,1,0,-11.4976,-25.0001,-26.0001,-30.8751,-30.6251,8,b,NO,NO
order_real,data/videos_v3/int_1500ms/v3_1500_00629.avi,1500,1,0,-15.2486,-26.7501,-28.0001,-33.5,-32.7501,8,b,NO,NO
order_real,data/videos_v3/int_1500ms/v3_1500_00630.avi,1500,0,0,-10.9986,-25.0001,-26.0001,-30.3751,-30.6251,8,a,NO,NO
order_real,data/videos_v3/int_1500ms/v3_1500_00631.avi,1500,1,0,-13.746,-25.3751,-26.0001,-31.6251,-31.0001,8,a,NO,NO
order_real,data/videos_v3/int_1500ms/v3_1500_00632.avi,1500,1,0,-18.2424,-26.0,-27.625,-33.5,-32.75,8,a,NO,NO
order_real,data/videos_v3/int_1500ms/v3_1500_00633.avi,1500,1,0,-14.746,-26.6251,-27.8751,-33.7501,-32.3751,8,a,NO,NO
order_real,data/videos_v3/int_1500ms/v3_1500_00634.avi,1500,0,0,-7.9983,-24.7505,-24.6255,-29.2505,-29.063,8,a,NO,NO
order_real,data/videos_v3/int_1500ms/v3_1500_00635.avi,1500,0,0,-13.9942,-25.0002,-25.6252,-30.5001,-30.2502,8,b,NO,NO
order_real,data/videos_v3/int_1500ms/v3_1500_00636.avi,1500,1,0,-11.2443,-25.2502,-25.2502,-29.4377,-30.3127,8,a,NO,NO
order_real,data/videos_v3/int_1500ms/v3_1500_00637.avi,1500,1,0,-14.2493,-28.5,-29.125,-34.375,-34.25,8,b,NO,NO
order_real,data/videos_v3/int_1500ms/v3_1500_00638.avi,1500,0,0,-13.2489,-26.7501,-27.3751,-33.375,-32.3751,8,a,NO,NO
order_real,data/videos_v3/int_1500ms/v3_1500_00639.avi,1500,1,0,-10.9998,-27.625,-28.25,-33.5,-33.375,8,a,NO,NO
order_real,data/videos_v3/int_1500ms/v3_1500_00640.avi,1500,1,0,-10.2481,-24.7501,-24.5001,-30.6251,-30.0001,8,a,NO,NO
order_real,data/videos_v3/int_1500ms/v3_1500_00641.avi,1500,1,0,-11.7489,-26.5001,-26.7501,-32.6251,-31.5001,8,a,NO,NO
order_real,data/videos_v3/int_1500ms/v3_1500_00642.avi,1500,0,0,-7.2485,-24.5009,-23.6259,-27.6884,-28.7509,8,a,NO,NO
order_real,data/videos_v3/int_1500ms/v3_1500_00643.avi,1500,0,0,-8.7467,-25.2504,-25.0004,-29.7504,-29.8129,8,a,NO,NO
order_real,data/videos_v3/int_1500ms/v3_1500_00644.avi,1500,1,0,-14.2489,-27.875,-28.75,-33.75,-33.5,8,b,NO,NO
order_real,data/videos_v3/int_1500ms/v3_1500_00645.avi,1500,0,0,-2.7494,-23.4372,-22.9372,-28.6871,-27.8747,8,a,NO,NO
order_real,data/videos_v3/int_1500ms/v3_1500_00646.avi,1500,0,0,-4.9975,-23.757,-22.1321,-26.8194,-26.757,8,b,NO,NO
order_real,data/videos_v3/int_1500ms/v3_1500_00647.avi,1500,1,0,-9.7484,-26.5002,-26.0002,-32.6876,-31.1252,8,b,NO,NO
order_real,data/videos_v3/int_1500ms/v3_1500_00648.avi,1500,0,0,-7.7463,-24.0008,-24.0009,-28.2508,-28.5008,8,b,NO,NO
order_real,data/videos_v3/int_1500ms/v3_1500_00649.avi,1500,0,0,-6.4995,-24.0016,-24.8766,-29.8141,-29.8766,8,b,NO,NO
order_real,data/videos_v3/int_1500ms/v3_1500_00650.avi,1500,1,0,-12.7485,-27.6251,-27.3751,-33.5,-32.2501,8,a,NO,NO
order_real,data/videos_v3/int_1500ms/v3_1500_00651.avi,1500,1,0,-8.4988,-25.8754,-25.5004,-29.6253,-30.2504,8,a,NO,NO
order_real,data/videos_v3/int_1500ms/v3_1500_00652.avi,1500,1,0,-11.2479,-25.7501,-26.7501,-32.125,-31.6251,8,a,NO,NO
order_real,data/videos_v3/int_1500ms/v3_1500_00653.avi,1500,1,0,-13.7495,-28.75,-29.0,-35.125,-34.0,8,b,NO,NO
order_real,data/videos_v3/int_1500ms/v3_1500_00654.avi,1500,1,0,-8.4989,-26.0003,-25.1253,-29.9378,-29.8128,8,b,NO,NO
order_real,data/videos_v3/int_1500ms/v3_1500_00655.avi,1500,1,0,-7.9971,-24.7507,-24.0007,-28.3756,-28.9381,8,b,NO,NO
order_real,data/videos_v3/int_1500ms/v3_1500_00656.avi,1500,1,0,-6.9911,-23.0018,-22.5018,-27.7516,-27.0018,8,b,NO,NO
order_real,data/videos_v3/int_1500ms/v3_1500_00657.avi,1500,1,0,-10.7493,-26.0001,-26.1251,-31.8125,-30.9376,8,b,NO,NO
order_real,data/videos_v3/int_1500ms/v3_1500_00658.avi,1500,0,0,-8.7471,-25.3754,-25.7504,-31.0004,-30.6879,8,b,NO,NO
order_real,data/videos_v3/int_1500ms/v3_1500_00659.avi,1500,1,0,-14.2493,-27.625,-28.625,-34.5,-33.625,8,a,NO,NO
order_real,data/videos_v3/int_1500ms/v3_1500_00660.avi,1500,0,0,-14.246,-26.2501,-27.1251,-31.7501,-31.8751,8,a,NO,NO
order_real,data/videos_v3/int_1500ms/v3_1500_00661.avi,1500,1,0,-14.2487,-27.2501,-28.6251,-34.125,-32.8751,8,a,NO,NO
order_real,data/videos_v3/int_1500ms/v3_1500_00662.avi,1500,0,0,-15.7448,-25.7501,-27.1251,-32.0,-31.8751,8,b,NO,NO
order_real,data/videos_v3/int_1500ms/v3_1500_00663.avi,1500,0,0,-8.4974,-23.1254,-23.1254,-28.1253,-27.7504,8,a,NO,NO
order_real,data/videos_v3/int_1500ms/v3_1500_00664.avi,1500,0,0,-12.1112,-23.8754,-24.8754,-29.6879,-29.2504,8,a,NO,NO
order_real,data/videos_v3/int_1500ms/v3_1500_00665.avi,1500,1,0,-14.4948,-26.8751,-27.6251,-33.5001,-32.8751,8,a,NO,NO
order_real,data/videos_v3/int_1500ms/v3_1500_00666.avi,1500,0,0,-10.2477,-24.8752,-25.1252,-29.5002,-29.6877,8,b,NO,NO
order_real,data/videos_v3/int_1500ms/v3_1500_00667.avi,1500,1,0,-8.9986,-25.6252,-24.8752,-31.5627,-30.5002,8,a,NO,NO
order_real,data/videos_v3/int_1500ms/v3_1500_00668.avi,1500,1,0,-18.2472,-27.25,-28.875,-34.625,-34.125,8,b,NO,NO
order_real,data/videos_v3/int_1500ms/v3_1500_00669.avi,1500,1,0,-13.4996,-28.375,-28.75,-34.875,-33.625,8,b,NO,NO
order_real,data/videos_v3/int_1500ms/v3_1500_00670.avi,1500,1,0,-14.2473,-26.6251,-27.3751,-33.1251,-32.0001,8,b,NO,NO
order_real,data/videos_v3/int_1500ms/v3_1500_00671.avi,1500,0,0,-9.3701,-23.2505,-23.1255,-27.8754,-27.7505,8,b,NO,NO
order_real,data/videos_v3/int_1500ms/v3_1500_00672.avi,1500,0,0,-9.2444,-24.0005,-23.7505,-28.438,-28.438,8,a,NO,NO
order_real,data/videos_v3/int_1500ms/v3_1500_00673.avi,1500,0,0,-14.2449,-26.5001,-27.5001,-33.2501,-32.2501,8,a,NO,NO
order_real,data/videos_v3/int_1500ms/v3_1500_00674.avi,1500,1,0,-6.4974,-23.8767,-23.0018,-28.6891,-27.7517,8,a,NO,NO
order_real,data/videos_v3/int_1500ms/v3_1500_00675.avi,1500,0,0,-6.9993,-24.001,-24.626,-29.501,-28.9385,8,b,NO,NO
order_real,data/videos_v3/int_1500ms/v3_1500_00676.avi,1500,1,0,-11.496,-26.3751,-27.5001,-33.0001,-32.1251,8,a,NO,NO
order_real,data/videos_v3/int_1500ms/v3_1500_00677.avi,1500,1,0,-8.7494,-26.8752,-26.7502,-32.4377,-31.3127,8,a,NO,NO
order_real,data/videos_v3/int_1500ms/v3_1500_00678.avi,1500,0,0,-7.7495,-25.3755,-26.0005,-30.8754,-30.8755,8,a,NO,NO
order_real,data/videos_v3/int_1500ms/v3_1500_00679.avi,1500,1,0,-13.249,-27.5,-28.0,-33.0,-32.875,8,b,NO,NO
order_real,data/videos_v3/int_1500ms/v3_1500_00680.avi,1500,1,0,-11.2427,-24.5003,-24.2503,-29.6253,-29.0003,8,a,NO,NO
order_real,data/videos_v3/int_1500ms/v3_1500_00681.avi,1500,1,0,-11.7479,-26.0001,-25.8751,-31.5625,-31.0001,8,b,NO,NO
order_real,data/videos_v3/int_1500ms/v3_1500_00682.avi,1500,1,0,-10.4993,-27.2501,-27.5001,-31.75,-32.3126,8,a,NO,NO
order_real,data/videos_v3/int_1500ms/v3_1500_00683.avi,1500,0,0,-8.8556,-22.0013,-22.7513,-27.2512,-27.4388,8,b,NO,NO
order_real,data/videos_v3/int_1500ms/v3_1500_00684.avi,1500,0,0,-9.9972,-25.8751,-26.6251,-31.0001,-31.7501,8,a,NO,NO
order_real,data/videos_v3/int_1500ms/v3_1500_00685.avi,1500,1,0,-13.7455,-25.8751,-26.3751,-32.0626,-31.5001,8,b,NO,NO
order_real,data/videos_v3/int_1500ms/v3_1500_00686.avi,1500,0,0,-6.4952,-21.752,-21.502,-26.0643,-26.1269,8,a,NO,NO
order_real,data/videos_v3/int_1500ms/v3_1500_00687.avi,1500,1,0,-11.9995,-28.75,-28.875,-34.25,-34.0,8,b,NO,NO
order_real,data/videos_v3/int_1500ms/v3_1500_00688.avi,1500,0,0,-6.9953,-22.8765,-23.2515,-27.8764,-27.6264,8,a,NO,NO
order_real,data/videos_v3/int_1500ms/v3_1500_00689.avi,1500,0,0,-11.4916,-24.6253,-25.2503,-30.7502,-30.4378,8,a,NO,NO
order_real,data/videos_v3/int_1500ms/v3_1500_00690.avi,1500,1,0,-11.2393,-25.0003,-25.8753,-31.5003,-30.4378,8,a,NO,NO
order_real,data/videos_v3/int_1500ms/v3_1500_00691.avi,1500,1,0,-14.4993,-28.125,-28.875,-34.875,-33.75,8,a,NO,NO
order_real,data/videos_v3/int_1500ms/v3_1500_00692.avi,1500,1,0,-6.7489,-23.7513,-22.7513,-28.3136,-28.0012,8,b,NO,NO
order_real,data/videos_v3/int_1500ms/v3_1500_00693.avi,1500,1,0,-14.4942,-25.7501,-27.1251,-32.6251,-32.1251,8,b,NO,NO
order_real,data/videos_v3/int_1500ms/v3_1500_00694.avi,1500,1,0,-14.7481,-27.25,-28.25,-34.375,-33.375,8,b,NO,NO
order_real,data/videos_v3/int_1500ms/v3_1500_00695.avi,1500,0,0,-12.4991,-26.75,-27.625,-32.375,-32.5,8,b,NO,NO
order_real,data/videos_v3/int_1500ms/v3_1500_00696.avi,1500,0,0,-4.7466,-21.6968,-20.6343,-25.6965,-25.2593,8,b,NO,NO
order_real,data/videos_v3/int_1500ms/v3_1500_00697.avi,1500,0,0,-12.2492,-27.0,-26.75,-32.9375,-32.25,8,a,NO,NO
order_real,data/videos_v3/int_1500ms/v3_1500_00698.avi,1500,0,0,-11.7493,-26.75,-26.75,-31.9375,-31.75,8,a,NO,NO
order_real,data/videos_v3/int_1500ms/v3_1500_00699.avi,1500,1,0,-12.9989,-27.3751,-27.7501,-34.25,-32.8751,8,b,NO,NO
order_real,data/videos_v3/int_2000ms/v3_2000_00700.avi,2000,0,1,2.0,-23.002,-22.127,-26.5645,-26.377,8,b,YES,YES
order_real,data/videos_v3/int_2000ms/v3_2000_00701.avi,2000,1,0,-6.2488,-25.2521,-25.2521,-28.627,-29.8145,8,b,NO,NO
order_real,data/videos_v3/int_2000ms/v3_2000_00702.avi,2000,0,0,-12.2494,-28.0,-28.0,-34.125,-32.875,8,b,NO,NO
order_real,data/videos_v3/int_2000ms/v3_2000_00703.avi,2000,1,0,-12.7495,-28.0,-28.25,-34.5,-33.25,8,b,NO,NO
order_real,data/videos_v3/int_2000ms/v3_2000_00704.avi,2000,1,0,-13.496,-25.2501,-25.6251,-31.5001,-31.0001,8,a,NO,NO
order_real,data/videos_v3/int_2000ms/v3_2000_00705.avi,2000,1,0,-19.7403,-27.25,-29.0,-34.75,-33.625,8,b,NO,NO
order_real,data/videos_v3/int_2000ms/v3_2000_00706.avi,2000,0,0,-15.7454,-27.3751,-28.0001,-34.125,-33.2501,8,a,NO,NO
order_real,data/videos_v3/int_2000ms/v3_2000_00707.avi,2000,0,0,-13.7476,-26.7501,-27.2501,-33.125,-32.3751,8,a,NO,NO
order_real,data/videos_v3/int_2000ms/v3_2000_00708.avi,2000,0,0,-10.2497,-27.0001,-26.3751,-31.7501,-31.6251,8,a,NO,NO
order_real,data/videos_v3/int_2000ms/v3_2000_00709.avi,2000,0,0,-12.4979,-27.5001,-27.6251,-33.1251,-33.0001,8,b,NO,NO
order_real,data/videos_v3/int_2000ms/v3_2000_00710.avi,2000,1,0,-7.7493,-25.5005,-24.8755,-30.688,-30.0005,8,a,NO,NO
order_real,data/videos_v3/int_2000ms/v3_2000_00711.avi,2000,0,0,-10.9991,-25.2501,-25.0001,-30.5001,-29.8126,8,a,NO,NO
order_real,data/videos_v3/int_2000ms/v3_2000_00712.avi,2000,1,0,-12.9992,-27.125,-27.5,-33.25,-32.25,8,a,NO,NO
order_real,data/videos_v3/int_2000ms/v3_2000_00713.avi,2000,0,0,-11.2482,-25.3751,-26.3751,-31.5001,-30.8751,8,a,NO,NO
order_real,data/videos_v3/int_2000ms/v3_2000_00714.avi,2000,0,0,-11.4997,-29.125,-28.875,-34.625,-33.875,8,b,NO,NO
order_real,data/videos_v3/int_2000ms/v3_2000_00715.avi,2000,1,0,-13.4965,-26.1251,-26.2501,-32.3751,-31.6251,8,b,NO,NO
order_real,data/videos_v3/int_2000ms/v3_2000_00716.avi,2000,1,0,-11.999,-26.6251,-27.5001,-33.25,-32.0001,8,b,NO,NO
order_real,data/videos_v3/int_2000ms/v3_2000_00717.avi,2000,1,0,-11.2479,-26.8751,-26.8751,-33.6251,-32.3126,8,a,NO,NO
order_real,data/videos_v3/int_2000ms/v3_2000_00718.avi,2000,1,0,-13.4942,-25.0001,-25.8751,-31.5626,-31.0001,8,b,NO,NO
order_real,data/videos_v3/int_2000ms/v3_2000_00719.avi,2000,1,0,-14.4987,-27.25,-27.75,-32.125,-32.625,8,b,NO,NO
order_real,data/videos_v3/int_2000ms/v3_2000_00720.avi,2000,1,0,-14.2483,-28.0001,-28.6251,-34.5,-33.3751,8,b,NO,NO
order_real,data/videos_v3/int_2000ms/v3_2000_00721.avi,2000,1,0,-12.2492,-28.375,-29.25,-34.5,-33.875,8,a,NO,NO
order_real,data/videos_v3/int_2000ms/v3_2000_00722.avi,2000,1,0,-14.9955,-26.0001,-27.0001,-32.8751,-31.6251,8,a,NO,NO
order_real,data/videos_v3/int_2000ms/v3_2000_00723.avi,2000,0,0,-13.7492,-28.0,-28.125,-34.5,-33.25,8,a,NO,NO
order_real,data/videos_v3/int_2000ms/v3_2000_00724.avi,2000,0,0,-14.9976,-26.375,-27.5,-33.25,-32.625,8,a,NO,NO
order_real,data/videos_v3/int_2000ms/v3_2000_00725.avi,2000,0,0,-6.4974,-24.3767,-24.1267,-29.3141,-28.5642,8,a,NO,NO
order_real,data/videos_v3/int_2000ms/v3_2000_00726.avi,2000,0,0,-8.9979,-26.2502,-25.6252,-32.3126,-31.1252,8,a,NO,NO
order_real,data/videos_v3/int_2000ms/v3_2000_00727.avi,2000,0,0,-10.9879,-23.7504,-24.2504,-29.2504,-28.8129,8,a,NO,NO
order_real,data/videos_v3/int_2000ms/v3_2000_00728.avi,2000,1,0,-6.9982,-24.126,-24.001,-29.3135,-28.6885,8,b,NO,NO
order_real,data/videos_v3/int_2000ms/v3_2000_00729.avi,2000,1,0,-8.11,-22.3764,-21.8765,-27.0013,-26.4389,8,b,NO,NO
order_real,data/videos_v3/int_2000ms/v3_2000_00730.avi,2000,1,0,-12.9989,-27.0,-27.625,-32.625,-32.625,8,a,NO,NO
order_real,data/videos_v3/int_2000ms/v3_2000_00731.avi,2000,1,0,-12.2495,-27.75,-28.125,-34.5,-33.5,8,b,NO,NO
order_real,data/videos_v3/int_2000ms/v3_2000_00732.avi,2000,1,0,-10.9991,-26.3751,-26.8751,-32.6876,-31.7501,8,b,NO,NO
order_real,data/videos_v3/int_2000ms/v3_2000_00733.avi,2000,1,0,-12.7465,-25.0001,-26.2501,-31.0001,-30.8751,8,a,NO,NO
order_real,data/videos_v3/int_2000ms/v3_2000_00734.avi,2000,0,0,-12.2465,-25.7501,-25.8751,-32.3126,-31.0626,8,b,NO,NO
order_real,data/videos_v3/int_2000ms/v3_2000_00735.avi,2000,1,0,-8.9986,-26.0002,-25.7502,-32.0002,-30.5627,8,b,NO,NO
order_real,data/videos_v3/int_2000ms/v3_2000_00736.avi,2000,1,0,-14.7454,-26.8751,-27.7501,-33.6251,-32.6251,8,b,NO,NO
order_real,data/videos_v3/int_2000ms/v3_2000_00737.avi,2000,1,0,-12.2392,-23.6253,-24.8753,-30.0002,-29.1878,8,a,NO,NO
order_real,data/videos_v3/int_2000ms/v3_2000_00738.avi,2000,1,0,-12.7492,-26.875,-27.25,-33.0,-32.0,8,b,NO,NO
order_real,data/videos_v3/int_2000ms/v3_2000_00739.avi,2000,1,0,-9.2482,-26.6252,-26.2502,-32.9376,-31.5002,8,b,NO,NO
order_real,data/videos_v3/int_2000ms/v3_2000_00740.avi,2000,0,0,-14.4978,-28.0,-28.25,-34.875,-33.5,8,a,NO,NO
order_real,data/videos_v3/int_2000ms/v3_2000_00741.avi,2000,0,0,-10.4984,-24.5001,-25.0002,-29.5001,-29.5001,8,b,NO,NO
order_real,data/videos_v3/int_2000ms/v3_2000_00742.avi,2000,0,0,-13.9955,-26.5001,-27.0001,-33.0626,-32.0001,8,a,NO,NO
order_real,data/videos_v3/int_2000ms/v3_2000_00743.avi,2000,1,0,-8.2491,-25.1253,-25.6253,-31.1878,-30.6253,8,a,NO,NO
order_real,data/videos_v3/int_2000ms/v3_2000_00744.avi,2000,1,0,-15.4988,-28.125,-30.0,-34.375,-34.5,8,a,NO,NO
order_real,data/videos_v3/int_2000ms/v3_2000_00745.avi,2000,1,0,-13.2497,-28.25,-29.125,-34.875,-33.625,8,a,NO,NO
order_real,data/videos_v3/int_2000ms/v3_2000_00746.avi,2000,1,0,-10.4961,-24.1252,-24.2502,-28.9376,-29.1877,8,b,NO,NO
order_real,data/videos_v3/int_2000ms/v3_2000_00747.avi,2000,1,0,-11.9995,-27.75,-28.0,-32.875,-32.875,8,b,NO,NO
order_real,data/videos_v3/int_2000ms/v3_2000_00748.avi,2000,1,0,-12.2486,-26.1251,-26.6251,-31.3751,-31.6251,8,b,NO,NO
order_real,data/videos_v3/int_2000ms/v3_2000_00749.avi,2000,0,0,-14.9972,-27.6251,-28.3751,-34.125,-33.1251,8,b,NO,NO
order_real,data/videos_v3/int_2000ms/v3_2000_00750.avi,2000,1,0,-11.2486,-27.1251,-27.6251,-33.7501,-32.2501,8,b,NO,NO
order_real,data/videos_v3/int_2000ms/v3_2000_00751.avi,2000,1,0,-12.9997,-28.375,-28.875,-35.25,-34.0,8,a,NO,NO
order_real,data/videos_v3/int_2000ms/v3_2000_00752.avi,2000,0,0,-13.746,-26.1251,-27.2501,-32.8751,-32.0001,8,b,NO,NO
order_real,data/videos_v3/int_2000ms/v3_2000_00753.avi,2000,1,0,-10.7486,-26.2501,-25.8751,-31.7501,-30.8126,8,a,NO,NO
order_real,data/videos_v3/int_2000ms/v3_2000_00754.avi,2000,1,0,-16.2483,-27.5,-28.875,-34.625,-33.625,8,a,NO,NO
order_real,data/videos_v3/int_2000ms/v3_2000_00755.avi,2000,1,0,-11.2481,-25.6251,-25.7501,-31.75,-30.7501,8,a,NO,NO
order_real,data/videos_v3/int_2000ms/v3_2000_00756.avi,2000,1,0,-11.9965,-26.0002,-25.8752,-31.3126,-31.0002,8,b,NO,NO
order_real,data/videos_v3/int_2000ms/v3_2000_00757.avi,2000,1,0,-12.2473,-26.5001,-26.8751,-31.8751,-31.3126,8,b,NO,NO
order_real,data/videos_v3/int_2000ms/v3_2000_00758.avi,2000,1,0,-12.2483,-26.6251,-26.7501,-32.875,-31.8751,8,b,NO,NO
order_real,data/videos_v3/int_2000ms/v3_2000_00759.avi,2000,0,0,-7.9971,-23.6257,-23.7507,-28.5006,-28.1882,8,a,NO,NO
order_real,data/videos_v3/int_2000ms/v3_2000_00760.avi,2000,1,0,-10.9994,-28.2501,-28.3751,-33.5001,-33.1251,8,a,NO,NO
order_real,data/videos_v3/int_2000ms/v3_2000_00761.avi,2000,1,0,-17.4959,-27.375,-28.75,-34.0,-33.75,8,b,NO,NO
order_real,data/videos_v3/int_2000ms/v3_2000_00762.avi,2000,0,1,0.2503,-21.7012,-21.0762,-24.9512,-25.0762,8,a,YES,YES
order_real,data/videos_v3/int_2000ms/v3_2000_00763.avi,2000,0,0,-7.9982,-26.8754,-25.7504,-31.3753,-30.4379,8,b,NO,NO
order_real,data/videos_v3/int_2000ms/v3_2000_00764.avi,2000,0,0,-2.7495,-22.1872,-21.3122,-26.2496,-25.9372,8,b,NO,NO
order_real,data/videos_v3/int_2000ms/v3_2000_00765.avi,2000,1,0,-15.7492,-29.375,-29.75,-36.0,-34.625,8,a,NO,NO
order_real,data/videos_v3/int_2000ms/v3_2000_00766.avi,2000,1,0,-2.4993,-22.1416,-20.5791,-25.204,-25.4541,8,a,NO,NO
order_real,data/videos_v3/int_2000ms/v3_2000_00767.avi,2000,0,0,-14.7487,-28.3751,-29.1251,-34.875,-33.7501,8,b,NO,NO
order_real,data/videos_v3/int_2000ms/v3_2000_00768.avi,2000,0,0,-12.2473,-27.5002,-28.1252,-32.6251,-32.6252,8,b,NO,NO
order_real,data/videos_v3/int_2000ms/v3_2000_00769.avi,2000,0,0,-15.999,-28.875,-30.125,-36.0,-35.125,8,b,NO,NO
order_real,data/videos_v3/int_2000ms/v3_2000_00770.avi,2000,0,0,-13.7481,-27.75,-28.625,-34.5,-33.625,8,b,NO,NO
order_real,data/videos_v3/int_2000ms/v3_2000_00771.avi,2000,0,0,-9.4994,-26.6251,-25.7501,-31.3751,-31.1251,8,a,NO,NO
order_real,data/videos_v3/int_2000ms/v3_2000_00772.avi,2000,1,0,-13.2473,-25.7501,-26.3751,-32.0001,-31.2501,8,a,NO,NO
order_real,data/videos_v3/int_2000ms/v3_2000_00773.avi,2000,0,0,-13.9993,-28.0,-29.125,-35.375,-34.0,8,a,NO,NO
order_real,data/videos_v3/int_2000ms/v3_2000_00774.avi,2000,0,0,-16.496,-26.1251,-27.3751,-32.2501,-32.1251,8,b,NO,NO
order_real,data/videos_v3/int_2000ms/v3_2000_00775.avi,2000,1,0,-13.4976,-26.5001,-28.2501,-32.3751,-32.5001,8,b,NO,NO
order_real,data/videos_v3/int_2000ms/v3_2000_00776.avi,2000,1,0,-12.9976,-27.2501,-27.7501,-32.6251,-32.3751,8,b,NO,NO
order_real,data/videos_v3/int_2000ms/v3_2000_00777.avi,2000,1,0,-14.7469,-26.0001,-27.0001,-32.5,-31.8751,8,b,NO,NO
order_real,data/videos_v3/int_2000ms/v3_2000_00778.avi,2000,0,0,-4.7433,-22.6346,-21.2596,-26.1969,-26.197,8,a,NO,NO
order_real,data/videos_v3/int_2000ms/v3_2000_00779.avi,2000,0,0,-12.2494,-27.625,-28.25,-33.875,-32.5,8,a,NO,NO
order_real,data/videos_v3/int_2000ms/v3_2000_00780.avi,2000,1,0,-15.9903,-25.8751,-27.5001,-32.7501,-32.1251,8,b,NO,NO
order_real,data/videos_v3/int_2000ms/v3_2000_00781.avi,2000,1,0,-7.498,-24.0007,-23.3757,-28.8756,-28.4382,8,b,NO,NO
order_real,data/videos_v3/int_2000ms/v3_2000_00782.avi,2000,0,0,-10.9989,-27.3751,-28.0001,-33.5625,-32.7501,8,a,NO,NO
order_real,data/videos_v3/int_2000ms/v3_2000_00783.avi,2000,0,0,-13.746,-26.0001,-27.0001,-32.3751,-31.5001,8,b,NO,NO
order_real,data/videos_v3/int_2000ms/v3_2000_00784.avi,2000,0,0,-8.7496,-26.7502,-25.8752,-32.8752,-31.3752,8,b,NO,NO
order_real,data/videos_v3/int_2000ms/v3_2000_00785.avi,2000,1,0,-10.2493,-26.7501,-26.5001,-30.75,-31.7501,8,b,NO,NO
order_real,data/videos_v3/int_2000ms/v3_2000_00786.avi,2000,1,0,-14.4983,-27.5,-28.375,-34.25,-33.0,8,b,NO,NO
order_real,data/videos_v3/int_2000ms/v3_2000_00787.avi,2000,1,0,-8.747,-23.3754,-23.2504,-28.8128,-28.0628,8,a,NO,NO
order_real,data/videos_v3/int_2000ms/v3_2000_00788.avi,2000,0,0,-13.749,-27.25,-28.125,-33.125,-32.625,8,b,NO,NO
order_real,data/videos_v3/int_2000ms/v3_2000_00789.avi,2000,0,0,-12.748,-26.0002,-26.7502,-32.3751,-31.3752,8,b,NO,NO
order_real,data/videos_v3/int_2000ms/v3_2000_00790.avi,2000,1,0,-16.2449,-27.2501,-28.3751,-34.3751,-33.1251,8,b,NO,NO
order_real,data/videos_v3/int_2000ms/v3_2000_00791.avi,2000,0,0,-12.2479,-25.7501,-26.3751,-30.2501,-30.8751,8,a,NO,NO
order_real,data/videos_v3/int_2000ms/v3_2000_00792.avi,2000,1,0,-16.2485,-28.875,-29.625,-35.75,-34.75,8,b,NO,NO
order_real,data/videos_v3/int_2000ms/v3_2000_00793.avi,2000,1,0,-12.4976,-24.8751,-25.2501,-31.0625,-30.1251,8,a,NO,NO
order_real,data/videos_v3/int_2000ms/v3_2000_00794.avi,2000,1,0,-11.7493,-27.0,-27.625,-33.5,-32.375,8,a,NO,NO
order_real,data/videos_v3/int_2000ms/v3_2000_00795.avi,2000,1,0,-14.4925,-25.5001,-26.7501,-31.5001,-31.5001,8,b,NO,NO
order_real,data/videos_v3/int_2000ms/v3_2000_00796.avi,2000,0,0,-11.7455,-24.8752,-24.8752,-30.4376,-29.9377,8,a,NO,NO
order_real,data/videos_v3/int_2000ms/v3_2000_00797.avi,2000,1,0,-11.9994,-28.0,-28.375,-33.25,-33.25,8,b,NO,NO
order_real,data/videos_v3/int_2000ms/v3_2000_00798.avi,2000,0,0,-13.7465,-26.8751,-27.7501,-32.875,-32.6251,8,a,NO,NO
order_real,data/videos_v3/int_2000ms/v3_2000_00799.avi,2000,1,0,-11.2476,-26.1251,-26.3751,-31.3126,-30.8751,8,b,NO,NO
order_real,data/videos_v3/int_3000ms/v3_3000_00800.avi,3000,0,0,-12.4955,-25.0001,-25.2501,-30.0001,-30.2501,8,a,NO,NO
order_real,data/videos_v3/int_3000ms/v3_3000_00801.avi,3000,1,0,-12.9994,-27.5,-27.625,-33.25,-32.75,8,a,NO,NO
order_real,data/videos_v3/int_3000ms/v3_3000_00802.avi,3000,0,0,-14.7415,-26.1251,-27.7501,-33.3751,-32.3751,8,a,NO,NO
order_real,data/videos_v3/int_3000ms/v3_3000_00803.avi,3000,0,0,-12.9991,-26.75,-27.75,-33.125,-32.5,8,a,NO,NO
order_real,data/videos_v3/int_3000ms/v3_3000_00804.avi,3000,1,0,-14.7449,-24.8751,-26.5001,-31.2501,-31.0001,8,b,NO,NO
order_real,data/videos_v3/int_3000ms/v3_3000_00805.avi,3000,1,0,-14.9948,-25.6251,-27.6251,-32.2501,-32.0001,8,a,NO,NO
order_real,data/videos_v3/int_3000ms/v3_3000_00806.avi,3000,0,0,-15.2472,-27.7501,-28.3751,-34.375,-33.3751,8,b,NO,NO
order_real,data/videos_v3/int_3000ms/v3_3000_00807.avi,3000,1,0,-12.4973,-26.0001,-26.5001,-30.7501,-31.2501,8,b,NO,NO
order_real,data/videos_v3/int_3000ms/v3_3000_00808.avi,3000,1,0,-10.9995,-27.5,-27.1251,-32.375,-32.5001,8,a,NO,NO
order_real,data/videos_v3/int_3000ms/v3_3000_00809.avi,3000,1,0,-13.499,-28.2501,-29.0001,-34.875,-33.6251,8,a,NO,NO
order_real,data/videos_v3/int_3000ms/v3_3000_00810.avi,3000,1,0,-9.7497,-27.5001,-27.0001,-31.7501,-31.9376,8,a,NO,NO
order_real,data/videos_v3/int_3000ms/v3_3000_00811.avi,3000,0,0,-14.9955,-26.5001,-27.7501,-33.6251,-32.6251,8,b,NO,NO
order_real,data/videos_v3/int_3000ms/v3_3000_00812.avi,3000,1,0,-9.4961,-24.2503,-24.0003,-29.5002,-29.0628,8,b,NO,NO
order_real,data/videos_v3/int_3000ms/v3_3000_00813.avi,3000,0,0,-11.2476,-26.5001,-26.1251,-32.3751,-31.3751,8,a,NO,NO
order_real,data/videos_v3/int_3000ms/v3_3000_00814.avi,3000,0,0,-12.4973,-25.3751,-26.1251,-30.6251,-31.0001,8,a,NO,NO
order_real,data/videos_v3/int_3000ms/v3_3000_00815.avi,3000,1,0,-14.4969,-27.6251,-28.5001,-34.375,-33.2501,8,a,NO,NO
order_real,data/videos_v3/int_3000ms/v3_3000_00816.avi,3000,1,0,-13.9981,-26.3751,-27.5001,-31.8751,-32.0001,8,a,NO,NO
order_real,data/videos_v3/int_3000ms/v3_3000_00817.avi,3000,0,0,-15.2487,-27.75,-28.75,-34.625,-33.875,8,b,NO,NO
order_real,data/videos_v3/int_3000ms/v3_3000_00818.avi,3000,1,0,-13.4987,-26.5001,-27.6251,-32.3751,-32.1251,8,a,NO,NO
order_real,data/videos_v3/int_3000ms/v3_3000_00819.avi,3000,0,0,-8.9995,-25.5002,-25.6252,-31.2502,-30.3127,8,b,NO,NO
order_real,data/videos_v3/int_3000ms/v3_3000_00820.avi,3000,0,0,-13.9985,-27.75,-28.75,-34.5,-33.625,8,a,NO,NO
order_real,data/videos_v3/int_3000ms/v3_3000_00821.avi,3000,0,0,-12.4976,-25.7501,-26.3751,-31.0001,-31.0001,8,a,NO,NO
order_real,data/videos_v3/int_3000ms/v3_3000_00822.avi,3000,1,0,-13.7481,-27.5001,-28.7501,-34.875,-33.3751,8,a,NO,NO
order_real,data/videos_v3/int_3000ms/v3_3000_00823.avi,3000,1,0,-11.9994,-27.625,-27.7501,-32.375,-32.7501,8,b,NO,NO
order_real,data/videos_v3/int_3000ms/v3_3000_00824.avi,3000,0,0,-10.7488,-25.7501,-25.3751,-31.4376,-30.3126,8,a,NO,NO
order_real,data/videos_v3/int_3000ms/v3_3000_00825.avi,3000,0,0,-13.2492,-28.0,-28.5,-33.75,-33.375,8,b,NO,NO
order_real,data/videos_v3/int_3000ms/v3_3000_00826.avi,3000,1,0,-14.2489,-27.8751,-28.3751,-34.625,-33.5001,8,b,NO,NO
order_real,data/videos_v3/int_3000ms/v3_3000_00827.avi,3000,1,0,-11.9969,-26.2501,-25.6251,-32.0001,-31.1876,8,a,NO,NO
order_real,data/videos_v3/int_3000ms/v3_3000_00828.avi,3000,1,0,-10.999,-26.6251,-26.8751,-32.875,-32.2501,8,a,NO,NO
order_real,data/videos_v3/int_3000ms/v3_3000_00829.avi,3000,0,0,-13.246,-25.6251,-26.0001,-32.2501,-31.0001,8,a,NO,NO
order_real,data/videos_v3/int_3000ms/v3_3000_00830.avi,3000,1,0,-12.4984,-27.5001,-28.0001,-34.1251,-32.6251,8,b,NO,NO
order_real,data/videos_v3/int_3000ms/v3_3000_00831.avi,3000,1,0,-13.4989,-27.625,-28.625,-34.5,-33.25,8,b,NO,NO
order_real,data/videos_v3/int_3000ms/v3_3000_00832.avi,3000,1,0,-10.4995,-27.6251,-27.2501,-33.25,-32.1251,8,a,NO,NO
order_real,data/videos_v3/int_3000ms/v3_3000_00833.avi,3000,0,0,-10.9976,-26.6251,-26.2501,-31.3126,-31.4376,8,a,NO,NO
order_real,data/videos_v3/int_3000ms/v3_3000_00834.avi,3000,0,0,-14.4941,-26.2501,-27.8751,-33.6251,-32.6251,8,a,NO,NO
order_real,data/videos_v3/int_3000ms/v3_3000_00835.avi,3000,1,0,-14.4981,-26.75,-27.75,-33.875,-33.0,8,a,NO,NO
order_real,data/videos_v3/int_3000ms/v3_3000_00836.avi,3000,0,0,-17.4972,-28.125,-30.125,-35.5,-34.75,8,b,NO,NO
order_real,data/videos_v3/int_3000ms/v3_3000_00837.avi,3000,0,0,-12.749,-27.6251,-28.2501,-33.0001,-33.0001,8,a,NO,NO
order_real,data/videos_v3/int_3000ms/v3_3000_00838.avi,3000,0,0,-10.2495,-27.6251,-27.3751,-33.8125,-32.5001,8,a,NO,NO
order_real,data/videos_v3/int_3000ms/v3_3000_00839.avi,3000,1,0,-13.9987,-27.875,-28.375,-33.5,-33.125,8,b,NO,NO
order_real,data/videos_v3/int_3000ms/v3_3000_00840.avi,3000,1,0,-14.996,-26.7501,-27.6251,-32.6251,-32.1251,8,b,NO,NO
order_real,data/videos_v3/int_3000ms/v3_3000_00841.avi,3000,1,0,-13.246,-26.0001,-26.8751,-32.5001,-31.6251,8,a,NO,NO
order_real,data/videos_v3/int_3000ms/v3_3000_00842.avi,3000,0,0,-13.4965,-26.3751,-26.8751,-31.7501,-31.8751,8,b,NO,NO
order_real,data/videos_v3/int_3000ms/v3_3000_00843.avi,3000,0,0,-12.2497,-28.875,-28.875,-35.75,-34.375,8,a,NO,NO
order_real,data/videos_v3/int_3000ms/v3_3000_00844.avi,3000,0,0,-15.2465,-27.2501,-27.8751,-33.8751,-32.7501,8,a,NO,NO
order_real,data/videos_v3/int_3000ms/v3_3000_00845.avi,3000,0,0,-13.7489,-26.875,-28.25,-34.0,-33.125,8,b,NO,NO
order_real,data/videos_v3/int_3000ms/v3_3000_00846.avi,3000,1,0,-11.7484,-25.7501,-26.0001,-31.8126,-30.8751,8,a,NO,NO
order_real,data/videos_v3/int_3000ms/v3_3000_00847.avi,3000,0,0,-11.2496,-27.875,-28.125,-34.6875,-33.375,8,a,NO,NO
order_real,data/videos_v3/int_3000ms/v3_3000_00848.avi,3000,0,0,-16.2454,-27.1251,-27.6251,-33.7501,-32.7501,8,b,NO,NO
order_real,data/videos_v3/int_3000ms/v3_3000_00849.avi,3000,0,0,-14.4942,-26.0001,-26.7501,-32.6251,-31.8751,8,b,NO,NO
order_real,data/videos_v3/int_3000ms/v3_3000_00850.avi,3000,1,0,-11.2494,-26.875,-27.875,-33.125,-32.875,8,a,NO,NO
order_real,data/videos_v3/int_3000ms/v3_3000_00851.avi,3000,1,0,-13.2495,-28.125,-28.875,-35.0,-33.875,8,b,NO,NO
order_real,data/videos_v3/int_3000ms/v3_3000_00852.avi,3000,1,0,-6.7496,-25.2512,-24.5012,-30.0637,-29.3137,8,b,NO,NO
order_real,data/videos_v3/int_3000ms/v3_3000_00853.avi,3000,0,0,-14.7494,-29.125,-30.5,-36.125,-34.875,8,a,NO,NO
order_real,data/videos_v3/int_3000ms/v3_3000_00854.avi,3000,0,0,-13.4989,-29.625,-29.875,-35.5,-34.875,8,a,NO,NO
order_real,data/videos_v3/int_3000ms/v3_3000_00855.avi,3000,0,0,-15.7481,-27.75,-28.625,-34.5,-33.75,8,a,NO,NO
order_real,data/videos_v3/int_3000ms/v3_3000_00856.avi,3000,1,0,-13.4989,-28.7501,-29.2501,-35.3125,-34.0001,8,b,NO,NO
order_real,data/videos_v3/int_3000ms/v3_3000_00857.avi,3000,0,0,-13.4991,-27.625,-27.25,-33.75,-32.625,8,b,NO,NO
order_real,data/videos_v3/int_3000ms/v3_3000_00858.avi,3000,0,0,-11.2469,-26.6251,-26.5001,-33.2501,-32.0001,8,a,NO,NO
order_real,data/videos_v3/int_3000ms/v3_3000_00859.avi,3000,0,0,-12.7406,-24.6253,-25.5003,-30.0003,-29.7503,8,a,NO,NO
order_real,data/videos_v3/int_3000ms/v3_3000_00860.avi,3000,1,0,-15.4979,-27.75,-29.125,-34.75,-34.0,8,b,NO,NO
order_real,data/videos_v3/int_3000ms/v3_3000_00861.avi,3000,1,0,-12.2469,-26.3751,-26.5001,-32.3751,-31.3751,8,a,NO,NO
order_real,data/videos_v3/int_3000ms/v3_3000_00862.avi,3000,0,0,-11.9979,-25.6251,-26.5001,-30.7501,-31.0001,8,a,NO,NO
order_real,data/videos_v3/int_3000ms/v3_3000_00863.avi,3000,1,0,-10.7469,-25.0001,-25.2501,-29.5626,-30.1251,8,a,NO,NO
order_real,data/videos_v3/int_3000ms/v3_3000_00864.avi,3000,0,0,-6.2468,-23.8773,-22.7524,-28.2522,-27.3148,8,a,NO,NO
order_real,data/videos_v3/int_3000ms/v3_3000_00865.avi,3000,1,0,-13.7491,-29.125,-29.625,-35.5,-34.25,8,a,NO,NO
order_real,data/videos_v3/int_3000ms/v3_3000_00866.avi,3000,0,0,-14.9993,-28.625,-29.375,-34.0,-34.5,8,b,NO,NO
order_real,data/videos_v3/int_3000ms/v3_3000_00867.avi,3000,0,0,-11.9993,-27.5001,-28.0001,-34.0001,-32.8751,8,b,NO,NO
order_real,data/videos_v3/int_3000ms/v3_3000_00868.avi,3000,0,0,-10.4984,-26.3751,-26.2501,-31.8126,-31.6876,8,a,NO,NO
order_real,data/videos_v3/int_3000ms/v3_3000_00869.avi,3000,0,0,-13.7479,-27.2501,-27.8751,-33.8751,-32.8751,8,b,NO,NO
order_real,data/videos_v3/int_3000ms/v3_3000_00870.avi,3000,0,0,-11.2493,-28.0,-28.5,-34.9375,-33.5,8,a,NO,NO
order_real,data/videos_v3/int_3000ms/v3_3000_00871.avi,3000,1,0,-12.2487,-26.5,-26.25,-32.75,-31.875,8,a,NO,NO
order_real,data/videos_v3/int_3000ms/v3_3000_00872.avi,3000,0,0,-13.499,-27.75,-28.0,-34.125,-33.0,8,b,NO,NO
order_real,data/videos_v3/int_3000ms/v3_3000_00873.avi,3000,0,0,-9.7489,-25.5001,-24.7501,-30.1251,-30.1876,8,a,NO,NO
order_real,data/videos_v3/int_3000ms/v3_3000_00874.avi,3000,0,0,-12.4984,-27.0001,-27.5001,-32.8751,-32.3751,8,b,NO,NO
order_real,data/videos_v3/int_3000ms/v3_3000_00875.avi,3000,0,0,-12.2487,-27.5,-28.125,-34.0625,-33.5,8,a,NO,NO
order_real,data/videos_v3/int_3000ms/v3_3000_00876.avi,3000,0,0,-14.499,-28.25,-29.0,-35.125,-33.75,8,b,NO,NO
order_real,data/videos_v3/int_3000ms/v3_3000_00877.avi,3000,1,0,-10.9979,-25.1251,-26.0001,-29.8751,-30.3751,8,b,NO,NO
order_real,data/videos_v3/int_3000ms/v3_3000_00878.avi,3000,0,0,-12.4991,-27.2501,-27.6251,-33.5,-32.6251,8,b,NO,NO
order_real,data/videos_v3/int_3000ms/v3_3000_00879.avi,3000,0,0,-15.4983,-28.7501,-29.0001,-34.5,-34.1251,8,a,NO,NO
order_real,data/videos_v3/int_3000ms/v3_3000_00880.avi,3000,0,0,-13.2495,-28.25,-28.5,-34.75,-33.625,8,b,NO,NO
order_real,data/videos_v3/int_3000ms/v3_3000_00881.avi,3000,0,0,-9.4997,-27.3751,-27.0001,-32.5626,-32.1251,8,b,NO,NO
order_real,data/videos_v3/int_3000ms/v3_3000_00882.avi,3000,0,0,-13.2495,-27.875,-28.125,-34.5,-33.125,8,b,NO,NO
order_real,data/videos_v3/int_3000ms/v3_3000_00883.avi,3000,1,0,-12.9904,-24.5002,-25.1252,-29.8752,-29.7502,8,a,NO,NO
order_real,data/videos_v3/int_3000ms/v3_3000_00884.avi,3000,0,0,-11.2489,-27.2501,-27.2501,-33.625,-32.1876,8,a,NO,NO
order_real,data/videos_v3/int_3000ms/v3_3000_00885.avi,3000,1,0,-13.2476,-26.3751,-26.7501,-32.7501,-31.6251,8,a,NO,NO
order_real,data/videos_v3/int_3000ms/v3_3000_00886.avi,3000,0,0,-14.7476,-26.75,-27.875,-33.125,-32.875,8,b,NO,NO
order_real,data/videos_v3/int_3000ms/v3_3000_00887.avi,3000,1,0,-14.9979,-26.7501,-27.6251,-32.7501,-32.6251,8,b,NO,NO
order_real,data/videos_v3/int_3000ms/v3_3000_00888.avi,3000,0,0,-12.999,-26.875,-27.125,-33.375,-32.375,8,b,NO,NO
order_real,data/videos_v3/int_3000ms/v3_3000_00889.avi,3000,1,0,-14.7449,-26.2501,-26.8751,-33.0001,-31.8751,8,b,NO,NO
order_real,data/videos_v3/int_3000ms/v3_3000_00890.avi,3000,1,0,-12.2483,-26.8751,-26.8751,-33.375,-32.1251,8,a,NO,NO
order_real,data/videos_v3/int_3000ms/v3_3000_00891.avi,3000,0,0,-12.2493,-27.0,-27.125,-33.3125,-32.375,8,b,NO,NO
order_real,data/videos_v3/int_3000ms/v3_3000_00892.avi,3000,0,0,-13.2442,-24.7501,-25.7501,-30.2501,-30.5001,8,a,NO,NO
order_real,data/videos_v3/int_3000ms/v3_3000_00893.avi,3000,0,0,-17.2441,-27.5,-29.375,-35.5,-34.125,8,a,NO,NO
order_real,data/videos_v3/int_3000ms/v3_3000_00894.avi,3000,0,0,-12.4986,-28.2501,-28.3751,-33.6251,-33.1251,8,b,NO,NO
order_real,data/videos_v3/int_3000ms/v3_3000_00895.avi,3000,0,0,-14.9989,-27.0,-28.125,-33.75,-32.75,8,b,NO,NO
order_real,data/videos_v3/int_3000ms/v3_3000_00896.avi,3000,0,0,-9.4987,-25.8751,-25.0001,-31.5626,-30.3751,8,a,NO,NO
order_real,data/videos_v3/int_3000ms/v3_3000_00897.avi,3000,0,0,-13.2479,-26.6251,-27.6251,-33.5001,-32.5001,8,a,NO,NO
order_real,data/videos_v3/int_3000ms/v3_3000_00898.avi,3000,0,0,-12.2494,-27.875,-27.5,-32.375,-32.75,8,b,NO,NO
order_real,data/videos_v3/int_3000ms/v3_3000_00899.avi,3000,1,0,-11.9979,-24.7501,-26.0001,-30.3751,-30.6251,8,b,NO,NO
order_real,data/videos_v3/int_5000ms/v3_5000_00900.avi,5000,1,0,-12.2498,-29.0,-29.25,-34.875,-34.625,8,b,NO,NO
order_real,data/videos_v3/int_5000ms/v3_5000_00901.avi,5000,0,0,-8.4988,-25.7503,-25.5003,-29.4378,-30.3753,8,b,NO,NO
order_real,data/videos_v3/int_5000ms/v3_5000_00902.avi,5000,0,0,-9.9996,-27.2501,-27.0001,-33.0626,-32.0001,8,b,NO,NO
order_real,data/videos_v3/int_5000ms/v3_5000_00903.avi,5000,1,0,-11.9969,-24.5001,-25.2501,-30.4376,-30.0001,8,b,NO,NO
order_real,data/videos_v3/int_5000ms/v3_5000_00904.avi,5000,1,0,-10.7489,-26.2501,-26.1251,-31.875,-31.2501,8,a,NO,NO
order_real,data/videos_v3/int_5000ms/v3_5000_00905.avi,5000,1,0,-13.2469,-27.0001,-28.6251,-34.1251,-32.7501,8,a,NO,NO
order_real,data/videos_v3/int_5000ms/v3_5000_00906.avi,5000,0,0,-14.4969,-27.5001,-27.8751,-34.2501,-32.8751,8,a,NO,NO
order_real,data/videos_v3/int_5000ms/v3_5000_00907.avi,5000,0,0,-14.7494,-28.125,-28.625,-34.625,-33.5,8,a,NO,NO
order_real,data/videos_v3/int_5000ms/v3_5000_00908.avi,5000,1,0,-10.4955,-24.1252,-24.2502,-29.1251,-29.2502,8,b,NO,NO
order_real,data/videos_v3/int_5000ms/v3_5000_00909.avi,5000,0,0,-14.2472,-26.2501,-27.3751,-33.0,-32.2501,8,a,NO,NO
order_real,data/videos_v3/int_5000ms/v3_5000_00910.avi,5000,1,0,-12.7489,-28.375,-28.625,-34.8125,-33.5,8,a,NO,NO
order_real,data/videos_v3/int_5000ms/v3_5000_00911.avi,5000,1,0,-12.4984,-28.0001,-28.2501,-34.2501,-33.1251,8,a,NO,NO
order_real,data/videos_v3/int_5000ms/v3_5000_00912.avi,5000,1,0,-9.4988,-26.5002,-26.0002,-31.9376,-31.0627,8,a,NO,NO
order_real,data/videos_v3/int_5000ms/v3_5000_00913.avi,5000,0,0,-9.748,-25.8753,-25.3753,-31.5627,-30.5003,8,a,NO,NO
order_real,data/videos_v3/int_5000ms/v3_5000_00914.avi,5000,0,0,-13.2404,-24.2502,-24.8752,-30.5002,-29.8752,8,a,NO,NO
order_real,data/videos_v3/int_5000ms/v3_5000_00915.avi,5000,1,0,-16.4948,-26.5001,-27.7501,-32.625,-33.0001,8,b,NO,NO
order_real,data/videos_v3/int_5000ms/v3_5000_00916.avi,5000,1,0,-12.7479,-27.3751,-27.7501,-33.6251,-32.6251,8,b,NO,NO
order_real,data/videos_v3/int_5000ms/v3_5000_00917.avi,5000,0,0,-11.7496,-27.6251,-27.7501,-33.5625,-32.6876,8,a,NO,NO
order_real,data/videos_v3/int_5000ms/v3_5000_00918.avi,5000,0,0,-12.4994,-27.0,-27.75,-33.875,-32.75,8,a,NO,NO
order_real,data/videos_v3/int_5000ms/v3_5000_00919.avi,5000,1,0,-13.4955,-25.6252,-26.2502,-32.2501,-31.0002,8,b,NO,NO
order_real,data/videos_v3/int_5000ms/v3_5000_00920.avi,5000,0,0,-10.2493,-27.8751,-27.6251,-32.0626,-32.5626,8,b,NO,NO
order_real,data/videos_v3/int_5000ms/v3_5000_00921.avi,5000,0,0,-14.4969,-26.7501,-27.2501,-32.6251,-32.1251,8,a,NO,NO
order_real,data/videos_v3/int_5000ms/v3_5000_00922.avi,5000,0,0,-10.9969,-28.2501,-28.0001,-34.0626,-33.1251,8,b,NO,NO
order_real,data/videos_v3/int_5000ms/v3_5000_00923.avi,5000,1,0,-8.2462,-25.1256,-24.2506,-28.938,-28.7506,8,a,NO,NO
order_real,data/videos_v3/int_5000ms/v3_5000_00924.avi,5000,0,0,-14.9989,-28.625,-29.75,-35.375,-34.25,8,a,NO,NO
order_real,data/videos_v3/int_5000ms/v3_5000_00925.avi,5000,0,0,-13.9965,-26.0001,-26.6251,-32.3751,-31.6251,8,a,NO,NO
order_real,data/videos_v3/int_5000ms/v3_5000_00926.avi,5000,0,0,-10.2493,-27.0001,-26.8751,-32.6251,-31.4376,8,a,NO,NO
order_real,data/videos_v3/int_5000ms/v3_5000_00927.avi,5000,0,0,-12.7495,-28.25,-28.375,-33.125,-33.875,8,a,NO,NO
order_real,data/videos_v3/int_5000ms/v3_5000_00928.avi,5000,0,0,-13.9983,-27.75,-27.625,-32.625,-32.875,8,a,NO,NO
order_real,data/videos_v3/int_5000ms/v3_5000_00929.avi,5000,0,0,-12.2496,-27.0,-27.0,-33.0625,-32.25,8,b,NO,NO
order_real,data/videos_v3/int_5000ms/v3_5000_00930.avi,5000,1,0,-11.749,-27.8751,-28.0001,-34.5625,-33.1251,8,a,NO,NO
order_real,data/videos_v3/int_5000ms/v3_5000_00931.avi,5000,1,0,-11.4961,-24.7502,-25.2502,-29.6251,-29.6252,8,b,NO,NO
order_real,data/videos_v3/int_5000ms/v3_5000_00932.avi,5000,0,0,-15.2487,-28.375,-29.0,-34.875,-33.625,8,b,NO,NO
order_real,data/videos_v3/int_5000ms/v3_5000_00933.avi,5000,1,0,-9.7489,-25.6251,-25.7501,-31.1251,-30.8751,8,b,NO,NO
order_real,data/videos_v3/int_5000ms/v3_5000_00934.avi,5000,0,0,-12.2485,-27.1251,-27.3751,-32.625,-32.1251,8,a,NO,NO
order_real,data/videos_v3/int_5000ms/v3_5000_00935.avi,5000,0,0,-14.7476,-29.125,-29.625,-36.5625,-35.0,8,b,NO,NO
order_real,data/videos_v3/int_5000ms/v3_5000_00936.avi,5000,1,0,-13.4976,-27.2501,-27.6251,-34.375,-33.1251,8,a,NO,NO
order_real,data/videos_v3/int_5000ms/v3_5000_00937.avi,5000,0,0,-12.9997,-28.375,-28.875,-35.0,-33.875,8,b,NO,NO
order_real,data/videos_v3/int_5000ms/v3_5000_00938.avi,5000,1,0,-13.2489,-27.0001,-27.7501,-33.625,-32.6251,8,b,NO,NO
order_real,data/videos_v3/int_5000ms/v3_5000_00939.avi,5000,1,0,-13.7492,-27.625,-28.375,-34.375,-33.25,8,b,NO,NO
order_real,data/videos_v3/int_5000ms/v3_5000_00940.avi,5000,0,0,-11.9995,-28.125,-29.0,-33.875,-33.875,8,a,NO,NO
order_real,data/videos_v3/int_5000ms/v3_5000_00941.avi,5000,1,0,-8.7496,-26.5002,-26.0002,-30.8752,-31.0002,8,a,NO,NO
order_real,data/videos_v3/int_5000ms/v3_5000_00942.avi,5000,1,0,-13.2472,-26.8751,-27.2501,-33.3125,-32.3751,8,b,NO,NO
order_real,data/videos_v3/int_5000ms/v3_5000_00943.avi,5000,0,0,-13.4954,-27.0001,-27.5001,-33.9375,-32.7501,8,a,NO,NO
order_real,data/videos_v3/int_5000ms/v3_5000_00944.avi,5000,0,0,-17.2475,-28.125,-29.375,-35.375,-34.5,8,a,NO,NO
order_real,data/videos_v3/int_5000ms/v3_5000_00945.avi,5000,0,0,-11.2494,-27.2501,-27.0001,-33.3125,-32.2501,8,a,NO,NO
order_real,data/videos_v3/int_5000ms/v3_5000_00946.avi,5000,1,0,-13.246,-25.3751,-26.5001,-31.8751,-31.1251,8,a,NO,NO
order_real,data/videos_v3/int_5000ms/v3_5000_00947.avi,5000,1,0,-11.996,-26.7501,-26.8751,-33.2501,-32.2501,8,b,NO,NO
order_real,data/videos_v3/int_5000ms/v3_5000_00948.avi,5000,0,0,-11.7479,-26.3751,-26.3751,-31.2501,-31.3751,8,a,NO,NO
order_real,data/videos_v3/int_5000ms/v3_5000_00949.avi,5000,0,0,-12.2456,-25.8752,-25.5002,-30.7502,-30.6252,8,a,NO,NO
order_real,data/videos_v3/int_5000ms/v3_5000_00950.avi,5000,0,0,-10.7479,-26.2501,-26.6251,-32.3751,-31.1251,8,b,NO,NO
order_real,data/videos_v3/int_5000ms/v3_5000_00951.avi,5000,0,0,-13.4987,-26.875,-27.375,-33.5,-32.375,8,b,NO,NO
order_real,data/videos_v3/int_5000ms/v3_5000_00952.avi,5000,0,0,-14.4985,-28.125,-29.0,-34.875,-33.5,8,a,NO,NO
order_real,data/videos_v3/int_5000ms/v3_5000_00953.avi,5000,0,0,-13.2493,-29.375,-29.625,-36.5,-34.875,8,b,NO,NO
order_real,data/videos_v3/int_5000ms/v3_5000_00954.avi,5000,1,0,-11.2494,-27.8751,-28.3751,-33.5001,-33.1251,8,b,NO,NO
order_real,data/videos_v3/int_5000ms/v3_5000_00955.avi,5000,0,0,-11.9994,-27.25,-27.875,-33.75,-32.875,8,a,NO,NO
order_real,data/videos_v3/int_5000ms/v3_5000_00956.avi,5000,0,0,-13.9943,-26.2502,-26.7502,-32.7502,-31.7502,8,a,NO,NO
order_real,data/videos_v3/int_5000ms/v3_5000_00957.avi,5000,0,0,-12.4969,-25.2501,-26.2501,-30.6251,-30.8751,8,a,NO,NO
order_real,data/videos_v3/int_5000ms/v3_5000_00958.avi,5000,1,0,-7.9957,-23.1257,-23.3757,-28.2506,-27.9381,8,b,NO,NO
order_real,data/videos_v3/int_5000ms/v3_5000_00959.avi,5000,0,0,-10.4965,-26.2502,-25.7502,-32.1876,-30.9377,8,b,NO,NO
order_real,data/videos_v3/int_5000ms/v3_5000_00960.avi,5000,1,0,-9.4984,-24.8752,-24.6252,-29.5002,-29.1877,8,b,NO,NO
order_real,data/videos_v3/int_5000ms/v3_5000_00961.avi,5000,0,0,-11.7495,-27.125,-27.75,-33.75,-32.625,8,a,NO,NO
order_real,data/videos_v3/int_5000ms/v3_5000_00962.avi,5000,0,0,-11.4979,-26.0001,-26.3751,-32.1251,-31.1876,8,b,NO,NO
order_real,data/videos_v3/int_5000ms/v3_5000_00963.avi,5000,1,0,-10.7489,-26.1251,-26.2501,-31.9376,-31.1876,8,b,NO,NO
order_real,data/videos_v3/int_5000ms/v3_5000_00964.avi,5000,0,0,-12.2496,-29.625,-29.75,-35.25,-34.75,8,b,NO,NO
order_real,data/videos_v3/int_5000ms/v3_5000_00965.avi,5000,0,0,-12.2485,-27.5,-28.0,-33.375,-33.125,8,a,NO,NO
order_real,data/videos_v3/int_5000ms/v3_5000_00966.avi,5000,1,0,-5.2497,-24.6303,-24.6303,-29.3802,-29.3803,8,a,NO,NO
order_real,data/videos_v3/int_5000ms/v3_5000_00967.avi,5000,0,0,-11.7496,-28.5,-28.875,-35.625,-34.375,8,b,NO,NO
order_real,data/videos_v3/int_5000ms/v3_5000_00968.avi,5000,0,0,-10.9996,-27.375,-27.5,-32.125,-32.125,8,a,NO,NO
order_real,data/videos_v3/int_5000ms/v3_5000_00969.avi,5000,1,0,-6.9938,-24.2514,-23.1265,-28.1888,-27.5639,8,b,NO,NO
order_real,data/videos_v3/int_5000ms/v3_5000_00970.avi,5000,1,0,-14.7473,-26.8751,-28.1251,-33.8751,-32.6251,8,a,NO,NO
order_real,data/videos_v3/int_5000ms/v3_5000_00971.avi,5000,0,0,-7.9982,-25.5005,-25.2505,-29.1254,-30.188,8,a,NO,NO
order_real,data/videos_v3/int_5000ms/v3_5000_00972.avi,5000,0,0,-14.9985,-27.875,-29.25,-33.625,-33.5,8,b,NO,NO
order_real,data/videos_v3/int_5000ms/v3_5000_00973.avi,5000,0,0,-12.9978,-27.0,-26.875,-31.75,-32.125,8,a,NO,NO
order_real,data/videos_v3/int_5000ms/v3_5000_00974.avi,5000,0,0,-12.2469,-26.3751,-26.7501,-32.5001,-31.3751,8,b,NO,NO
order_real,data/videos_v3/int_5000ms/v3_5000_00975.avi,5000,1,0,-9.9997,-27.5001,-27.0001,-32.1875,-31.7501,8,b,NO,NO
order_real,data/videos_v3/int_5000ms/v3_5000_00976.avi,5000,1,0,-12.249,-27.125,-28.0,-32.375,-32.875,8,a,NO,NO
order_real,data/videos_v3/int_5000ms/v3_5000_00977.avi,5000,0,0,-9.4993,-25.7501,-25.0001,-29.4376,-30.2501,8,b,NO,NO
order_real,data/videos_v3/int_5000ms/v3_5000_00978.avi,5000,0,0,-14.2465,-26.7501,-27.6251,-32.5001,-32.1251,8,a,NO,NO
order_real,data/videos_v3/int_5000ms/v3_5000_00979.avi,5000,1,0,-4.7469,-23.4467,-21.6342,-27.009,-26.2592,8,a,NO,NO
order_real,data/videos_v3/int_5000ms/v3_5000_00980.avi,5000,0,0,-15.4997,-29.625,-30.5,-36.0,-35.375,8,b,NO,NO
order_real,data/videos_v3/int_5000ms/v3_5000_00981.avi,5000,0,0,-15.2469,-27.375,-28.75,-34.75,-33.5,8,b,NO,NO
order_real,data/videos_v3/int_5000ms/v3_5000_00982.avi,5000,1,0,-12.4969,-25.8751,-26.0001,-30.8751,-30.8751,8,b,NO,NO
order_real,data/videos_v3/int_5000ms/v3_5000_00983.avi,5000,0,0,-13.9979,-27.1251,-27.6251,-33.75,-32.8751,8,b,NO,NO
order_real,data/videos_v3/int_5000ms/v3_5000_00984.avi,5000,0,0,-13.7479,-26.7501,-27.3751,-33.5001,-32.2501,8,b,NO,NO
order_real,data/videos_v3/int_5000ms/v3_5000_00985.avi,5000,0,0,-16.7464,-27.5,-29.375,-35.0,-34.0,8,a,NO,NO
order_real,data/videos_v3/int_5000ms/v3_5000_00986.avi,5000,0,0,-14.7469,-27.5001,-28.1251,-33.125,-33.2501,8,b,NO,NO
order_real,data/videos_v3/int_5000ms/v3_5000_00987.avi,5000,0,0,-13.7465,-26.0001,-27.1251,-33.0625,-32.0001,8,a,NO,NO
order_real,data/videos_v3/int_5000ms/v3_5000_00988.avi,5000,0,0,-12.7496,-29.75,-30.0,-35.625,-35.125,8,a,NO,NO
order_real,data/videos_v3/int_5000ms/v3_5000_00989.avi,5000,1,0,-16.496,-27.2501,-28.5001,-34.2501,-33.0001,8,a,NO,NO
order_real,data/videos_v3/int_5000ms/v3_5000_00990.avi,5000,0,0,-14.9985,-26.875,-27.75,-33.75,-32.875,8,a,NO,NO
order_real,data/videos_v3/int_5000ms/v3_5000_00991.avi,5000,0,0,-11.9996,-28.625,-29.0,-35.1875,-34.0,8,b,NO,NO
order_real,data/videos_v3/int_5000ms/v3_5000_00992.avi,5000,1,0,-9.4995,-26.7501,-26.2501,-32.6876,-31.5001,8,a,NO,NO
order_real,data/videos_v3/int_5000ms/v3_5000_00993.avi,5000,1,0,-12.2465,-25.2501,-25.0001,-29.5626,-30.0626,8,b,NO,NO
order_real,data/videos_v3/int_5000ms/v3_5000_00994.avi,5000,1,0,-14.9976,-27.25,-28.875,-34.5,-33.375,8,a,NO,NO
order_real,data/videos_v3/int_5000ms/v3_5000_00995.avi,5000,0,0,-14.2491,-27.875,-28.625,-34.5,-33.125,8,a,NO,NO
order_real,data/videos_v3/int_5000ms/v3_5000_00996.avi,5000,0,0,-12.9976,-27.2501,-27.5001,-34.0,-32.7501,8,a,NO,NO
order_real,data/videos_v3/int_5000ms/v3_5000_00997.avi,5000,0,0,-14.4965,-26.5001,-27.6251,-33.1251,-32.3751,8,b,NO,NO
order_real,data/videos_v3/int_5000ms/v3_5000_00998.avi,5000,1,0,-12.4994,-28.25,-28.875,-35.25,-33.875,8,b,NO,NO
order_real,data/videos_v3/int_5000ms/v3_5000_00999.avi,5000,0,0,-15.4981,-27.375,-27.875,-34.125,-33.125,8,b,NO,NO
order_real,data/videos_v3/int_7000ms/v3_7000_01000.avi,7000,1,0,-7.2492,-25.0008,-24.5008,-30.5007,-29.3133,8,b,NO,NO
order_real,data/videos_v3/int_7000ms/v3_7000_01001.avi,7000,1,0,-9.7492,-26.0001,-26.2501,-31.9376,-31.1876,8,b,NO,NO
order_real,data/videos_v3/int_7000ms/v3_7000_01002.avi,7000,1,0,-11.749,-28.2501,-28.3751,-33.3751,-33.2501,8,a,NO,NO
order_real,data/videos_v3/int_7000ms/v3_7000_01003.avi,7000,0,0,-13.746,-26.1252,-26.6252,-32.3751,-31.1252,8,b,NO,NO
order_real,data/videos_v3/int_7000ms/v3_7000_01004.avi,7000,0,0,-15.9985,-27.875,-29.0,-34.75,-33.625,8,a,NO,NO
order_real,data/videos_v3/int_7000ms/v3_7000_01005.avi,7000,0,0,-12.2479,-25.6251,-25.5001,-31.7501,-30.7501,8,b,NO,NO
order_real,data/videos_v3/int_7000ms/v3_7000_01006.avi,7000,0,0,-8.2484,-24.0004,-23.0004,-28.8128,-27.9379,8,a,NO,NO
order_real,data/videos_v3/int_7000ms/v3_7000_01007.avi,7000,0,0,-14.4994,-29.25,-30.25,-36.25,-35.0,8,b,NO,NO
order_real,data/videos_v3/int_7000ms/v3_7000_01008.avi,7000,1,0,-13.9995,-27.875,-28.875,-34.75,-33.75,8,a,NO,NO
order_real,data/videos_v3/int_7000ms/v3_7000_01009.avi,7000,0,0,-12.4965,-26.3752,-26.8752,-33.1251,-31.6252,8,a,NO,NO
order_real,data/videos_v3/int_7000ms/v3_7000_01010.avi,7000,0,0,-15.4942,-26.5001,-27.2501,-33.1251,-32.2501,8,a,NO,NO
order_real,data/videos_v3/int_7000ms/v3_7000_01011.avi,7000,0,0,-14.9969,-27.6251,-28.2501,-34.5001,-33.2501,8,b,NO,NO
order_real,data/videos_v3/int_7000ms/v3_7000_01012.avi,7000,1,0,-11.9992,-27.75,-27.875,-32.625,-33.0,8,a,NO,NO
order_real,data/videos_v3/int_7000ms/v3_7000_01013.avi,7000,0,0,-13.7496,-28.0,-28.625,-35.0,-33.75,8,a,NO,NO
order_real,data/videos_v3/int_7000ms/v3_7000_01014.avi,7000,0,0,-16.7464,-26.5,-27.875,-33.375,-32.5,8,b,NO,NO
order_real,data/videos_v3/int_7000ms/v3_7000_01015.avi,7000,0,0,-14.996,-26.2501,-27.3751,-33.2501,-32.1251,8,b,NO,NO
order_real,data/videos_v3/int_7000ms/v3_7000_01016.avi,7000,1,0,-7.4973,-23.5007,-23.1257,-28.7506,-27.9382,8,a,NO,NO
order_real,data/videos_v3/int_7000ms/v3_7000_01017.avi,7000,1,0,-10.9935,-25.3753,-25.1253,-29.8127,-30.2503,8,b,NO,NO
order_real,data/videos_v3/int_7000ms/v3_7000_01018.avi,7000,1,0,-15.9983,-29.125,-30.25,-35.5,-34.875,8,a,NO,NO
order_real,data/videos_v3/int_7000ms/v3_7000_01019.avi,7000,0,0,-14.2483,-28.5,-28.75,-35.3125,-34.0,8,a,NO,NO
order_real,data/videos_v3/int_7000ms/v3_7000_01020.avi,7000,1,0,-9.497,-26.2503,-25.6253,-31.6877,-30.5003,8,b,NO,NO
order_real,data/videos_v3/int_7000ms/v3_7000_01021.avi,7000,0,0,-12.4981,-26.3751,-26.8751,-31.625,-31.7501,8,a,NO,NO
order_real,data/videos_v3/int_7000ms/v3_7000_01022.avi,7000,0,0,-11.9985,-26.0001,-26.8751,-32.3125,-31.75,8,a,NO,NO
order_real,data/videos_v3/int_7000ms/v3_7000_01023.avi,7000,0,0,-7.9993,-26.3754,-25.7504,-32.0004,-30.8754,8,b,NO,NO
order_real,data/videos_v3/int_7000ms/v3_7000_01024.avi,7000,0,0,-14.9987,-27.75,-28.875,-34.75,-33.875,8,b,NO,NO
order_real,data/videos_v3/int_7000ms/v3_7000_01025.avi,7000,0,0,-15.246,-26.2501,-27.7501,-33.125,-32.8751,8,b,NO,NO
order_real,data/videos_v3/int_7000ms/v3_7000_01026.avi,7000,0,0,-12.9991,-28.25,-28.75,-34.375,-33.25,8,a,NO,NO
order_real,data/videos_v3/int_7000ms/v3_7000_01027.avi,7000,1,0,-11.7496,-27.2501,-27.5001,-33.5625,-32.2501,8,a,NO,NO
order_real,data/videos_v3/int_7000ms/v3_7000_01028.avi,7000,0,0,-12.2469,-26.2501,-26.7501,-33.0626,-31.7501,8,b,NO,NO
order_real,data/videos_v3/int_7000ms/v3_7000_01029.avi,7000,0,0,-13.9955,-26.3751,-27.1251,-32.0001,-31.6251,8,a,NO,NO
order_real,data/videos_v3/int_7000ms/v3_7000_01030.avi,7000,0,0,-9.7489,-25.7502,-25.7502,-30.8126,-30.5627,8,b,NO,NO
order_real,data/videos_v3/int_7000ms/v3_7000_01031.avi,7000,1,0,-13.2495,-27.875,-28.625,-33.875,-33.5,8,b,NO,NO
order_real,data/videos_v3/int_7000ms/v3_7000_01032.avi,7000,0,0,-13.499,-28.5,-29.0,-34.125,-34.125,8,b,NO,NO
order_real,data/videos_v3/int_7000ms/v3_7000_01033.avi,7000,0,0,-15.7455,-26.8751,-28.0001,-33.8751,-33.0001,8,a,NO,NO
order_real,data/videos_v3/int_7000ms/v3_7000_01034.avi,7000,1,0,-5.4994,-25.1291,-24.3792,-29.6916,-29.3791,8,b,NO,NO
order_real,data/videos_v3/int_7000ms/v3_7000_01035.avi,7000,1,0,-6.9997,-26.1259,-24.751,-30.4384,-30.1884,8,b,NO,NO
order_real,data/videos_v3/int_7000ms/v3_7000_01036.avi,7000,0,0,-12.9979,-26.5001,-27.3751,-33.1251,-32.1251,8,b,NO,NO
order_real,data/videos_v3/int_7000ms/v3_7000_01037.avi,7000,0,0,-13.9993,-28.125,-29.625,-34.5,-34.125,8,a,NO,NO
order_real,data/videos_v3/int_7000ms/v3_7000_01038.avi,7000,1,0,-16.7403,-25.1251,-26.8751,-32.6251,-31.7501,8,a,NO,NO
order_real,data/videos_v3/int_7000ms/v3_7000_01039.avi,7000,1,0,-9.4988,-24.8752,-25.7502,-30.5626,-30.0002,8,b,NO,NO
order_real,data/videos_v3/int_7000ms/v3_7000_01040.avi,7000,1,0,-14.4973,-27.6251,-28.1251,-34.5001,-33.3751,8,b,NO,NO
order_real,data/videos_v3/int_7000ms/v3_7000_01041.avi,7000,1,0,-15.2483,-26.625,-27.75,-32.25,-32.125,8,a,NO,NO
order_real,data/videos_v3/int_7000ms/v3_7000_01042.avi,7000,0,0,-13.2479,-27.2501,-28.2501,-34.0,-32.8751,8,a,NO,NO
order_real,data/videos_v3/int_7000ms/v3_7000_01043.avi,7000,0,0,-15.2492,-28.625,-29.0,-35.5,-34.125,8,b,NO,NO
order_real,data/videos_v3/int_7000ms/v3_7000_01044.avi,7000,0,0,-10.9992,-26.6251,-26.8751,-32.2501,-31.8751,8,a,NO,NO
order_real,data/videos_v3/int_7000ms/v3_7000_01045.avi,7000,0,0,-16.2434,-25.8751,-27.8751,-32.8751,-32.6251,8,b,NO,NO
order_real,data/videos_v3/int_7000ms/v3_7000_01046.avi,7000,1,0,-12.7495,-29.125,-30.125,-36.375,-34.875,8,a,NO,NO
order_real,data/videos_v3/int_7000ms/v3_7000_01047.avi,7000,1,0,-14.249,-28.125,-28.875,-34.75,-33.625,8,b,NO,NO
order_real,data/videos_v3/int_7000ms/v3_7000_01048.avi,7000,0,0,-11.2479,-27.0001,-27.0001,-32.5001,-32.1251,8,b,NO,NO
order_real,data/videos_v3/int_7000ms/v3_7000_01049.avi,7000,1,0,-14.7442,-25.5001,-27.1251,-31.8751,-31.8751,8,a,NO,NO
order_real,data/videos_v3/int_7000ms/v3_7000_01050.avi,7000,1,0,-13.2481,-26.5001,-26.6251,-32.7501,-31.6251,8,a,NO,NO
order_real,data/videos_v3/int_7000ms/v3_7000_01051.avi,7000,0,0,-14.4979,-26.5001,-27.6251,-32.375,-32.1251,8,a,NO,NO
order_real,data/videos_v3/int_7000ms/v3_7000_01052.avi,7000,1,0,-12.7442,-25.6251,-25.8751,-30.8751,-31.1251,8,b,NO,NO
order_real,data/videos_v3/int_7000ms/v3_7000_01053.avi,7000,0,0,-12.7473,-27.3751,-27.5001,-34.0001,-32.7501,8,b,NO,NO
order_real,data/videos_v3/int_7000ms/v3_7000_01054.avi,7000,1,0,-14.4989,-27.75,-29.25,-34.375,-34.0,8,b,NO,NO
order_real,data/videos_v3/int_7000ms/v3_7000_01055.avi,7000,0,0,-14.2465,-26.7501,-28.0001,-33.3751,-32.3751,8,b,NO,NO
order_real,data/videos_v3/int_7000ms/v3_7000_01056.avi,7000,1,0,-12.2481,-25.8751,-25.7501,-32.1251,-31.1251,8,a,NO,NO
order_real,data/videos_v3/int_7000ms/v3_7000_01057.avi,7000,1,0,-11.7493,-28.125,-28.75,-33.625,-33.75,8,b,NO,NO
order_real,data/videos_v3/int_7000ms/v3_7000_01058.avi,7000,0,0,-14.9941,-26.3751,-27.1251,-31.6251,-32.0001,8,a,NO,NO
order_real,data/videos_v3/int_7000ms/v3_7000_01059.avi,7000,1,0,-13.4994,-28.0,-28.25,-33.375,-32.875,8,b,NO,NO
order_real,data/videos_v3/int_7000ms/v3_7000_01060.avi,7000,0,0,-14.9981,-27.75,-28.5,-34.625,-33.625,8,a,NO,NO
order_real,data/videos_v3/int_7000ms/v3_7000_01061.avi,7000,0,0,-10.9973,-26.0001,-26.3751,-32.3751,-31.1251,8,a,NO,NO
order_real,data/videos_v3/int_7000ms/v3_7000_01062.avi,7000,0,0,-8.9986,-24.8752,-24.3752,-30.1252,-29.3127,8,a,NO,NO
order_real,data/videos_v3/int_7000ms/v3_7000_01063.avi,7000,0,0,-15.2472,-27.2501,-28.0001,-34.375,-33.2501,8,a,NO,NO
order_real,data/videos_v3/int_7000ms/v3_7000_01064.avi,7000,0,0,-15.9983,-27.75,-28.75,-35.0,-33.625,8,a,NO,NO
order_real,data/videos_v3/int_7000ms/v3_7000_01065.avi,7000,0,0,-12.2482,-26.6251,-26.7501,-33.3126,-31.7501,8,a,NO,NO
order_real,data/videos_v3/int_7000ms/v3_7000_01066.avi,7000,1,0,-8.4994,-26.6252,-25.1253,-30.0627,-30.5003,8,a,NO,NO
order_real,data/videos_v3/int_7000ms/v3_7000_01067.avi,7000,1,0,-10.749,-27.3751,-27.2501,-32.7501,-32.3751,8,a,NO,NO
order_real,data/videos_v3/int_7000ms/v3_7000_01068.avi,7000,0,0,-9.997,-26.3752,-26.0002,-31.3752,-31.0002,8,b,NO,NO
order_real,data/videos_v3/int_7000ms/v3_7000_01069.avi,7000,1,0,-12.996,-25.8751,-26.8751,-32.8751,-31.8751,8,a,NO,NO
order_real,data/videos_v3/int_7000ms/v3_7000_01070.avi,7000,1,0,-11.9982,-26.3751,-27.1251,-32.5626,-31.5001,8,a,NO,NO
order_real,data/videos_v3/int_7000ms/v3_7000_01071.avi,7000,1,0,-11.2487,-27.2501,-27.7501,-33.375,-32.5001,8,a,NO,NO
order_real,data/videos_v3/int_7000ms/v3_7000_01072.avi,7000,1,0,-14.749,-28.0,-29.125,-35.0,-33.75,8,a,NO,NO
order_real,data/videos_v3/int_7000ms/v3_7000_01073.avi,7000,1,0,-13.7487,-27.625,-28.25,-34.125,-32.875,8,a,NO,NO
order_real,data/videos_v3/int_7000ms/v3_7000_01074.avi,7000,0,0,-11.4996,-28.125,-28.25,-32.75,-32.875,8,b,NO,NO
order_real,data/videos_v3/int_7000ms/v3_7000_01075.avi,7000,0,0,-8.4996,-26.2502,-26.0002,-31.7502,-31.0002,8,a,NO,NO
order_real,data/videos_v3/int_7000ms/v3_7000_01076.avi,7000,0,0,-15.4992,-28.25,-29.0,-35.125,-33.875,8,a,NO,NO
order_real,data/videos_v3/int_7000ms/v3_7000_01077.avi,7000,1,0,-15.4903,-25.7501,-26.7501,-32.8751,-32.1251,8,b,NO,NO
order_real,data/videos_v3/int_7000ms/v3_7000_01078.avi,7000,0,0,-14.4954,-26.0001,-27.1251,-31.7501,-31.7501,8,b,NO,NO
order_real,data/videos_v3/int_7000ms/v3_7000_01079.avi,7000,1,0,-12.4976,-25.8751,-26.3751,-30.625,-31.1251,8,a,NO,NO
order_real,data/videos_v3/int_7000ms/v3_7000_01080.avi,7000,1,0,-12.4992,-28.375,-28.5,-34.125,-33.625,8,a,NO,NO
order_real,data/videos_v3/int_7000ms/v3_7000_01081.avi,7000,1,0,-12.9956,-24.8752,-25.7502,-31.0627,-30.1252,8,a,NO,NO
order_real,data/videos_v3/int_7000ms/v3_7000_01082.avi,7000,0,0,-11.7487,-26.2501,-26.7501,-32.625,-31.7501,8,b,NO,NO
order_real,data/videos_v3/int_7000ms/v3_7000_01083.avi,7000,1,0,-13.2494,-28.125,-28.5,-33.75,-33.5,8,a,NO,NO
order_real,data/videos_v3/int_7000ms/v3_7000_01084.avi,7000,1,0,-14.4934,-25.1252,-26.1252,-31.7501,-30.8752,8,b,NO,NO
order_real,data/videos_v3/int_7000ms/v3_7000_01085.avi,7000,0,0,-13.4965,-26.1251,-26.8751,-31.1251,-31.6251,8,a,NO,NO
order_real,data/videos_v3/int_7000ms/v3_7000_01086.avi,7000,0,0,-11.4981,-26.2501,-26.7501,-32.7501,-31.3751,8,a,NO,NO
order_real,data/videos_v3/int_7000ms/v3_7000_01087.avi,7000,0,0,-13.7434,-26.0002,-27.0002,-32.2501,-32.0002,8,a,NO,NO
order_real,data/videos_v3/int_7000ms/v3_7000_01088.avi,7000,1,0,-12.7489,-29.5001,-30.0001,-36.625,-35.1251,8,b,NO,NO
order_real,data/videos_v3/int_7000ms/v3_7000_01089.avi,7000,0,0,-13.4976,-26.2501,-27.3751,-33.0001,-32.0001,8,b,NO,NO
order_real,data/videos_v3/int_7000ms/v3_7000_01090.avi,7000,1,0,-11.4942,-25.1252,-24.8752,-29.3752,-30.1877,8,a,NO,NO
order_real,data/videos_v3/int_7000ms/v3_7000_01091.avi,7000,1,0,-15.7454,-26.1251,-27.7501,-32.8751,-32.3751,8,a,NO,NO
order_real,data/videos_v3/int_7000ms/v3_7000_01092.avi,7000,0,0,-14.7476,-26.75,-27.5,-33.5,-32.625,8,a,NO,NO
order_real,data/videos_v3/int_7000ms/v3_7000_01093.avi,7000,1,0,-13.9987,-27.625,-28.625,-33.25,-33.625,8,a,NO,NO
order_real,data/videos_v3/int_7000ms/v3_7000_01094.avi,7000,0,0,-12.4981,-27.25,-27.375,-33.4375,-32.5,8,a,NO,NO
order_real,data/videos_v3/int_7000ms/v3_7000_01095.avi,7000,0,0,-12.2492,-27.375,-27.75,-33.6875,-32.875,8,b,NO,NO
order_real,data/videos_v3/int_7000ms/v3_7000_01096.avi,7000,1,0,-11.7489,-25.8751,-26.6251,-32.0001,-31.1251,8,b,NO,NO
order_real,data/videos_v3/int_7000ms/v3_7000_01097.avi,7000,0,0,-16.4978,-27.0,-28.375,-33.875,-33.5,8,b,NO,NO
order_real,data/videos_v3/int_7000ms/v3_7000_01098.avi,7000,0,0,-10.4993,-27.2501,-26.6251,-33.0625,-32.0626,8,a,NO,NO
order_real,data/videos_v3/int_7000ms/v3_7000_01099.avi,7000,1,0,-15.996,-26.6251,-28.6251,-33.875,-33.1251,8,b,NO,NO
order_real,data/videos_v3/int_10000ms/v3_10000_01100.avi,10000,0,0,-9.4995,-27.5001,-27.0001,-33.6251,-32.5001,8,a,NO,NO
order_real,data/videos_v3/int_10000ms/v3_10000_01101.avi,10000,1,0,-17.9924,-27.1251,-28.7501,-35.0001,-33.8751,8,a,NO,NO
order_real,data/videos_v3/int_10000ms/v3_10000_01102.avi,10000,1,0,-12.9965,-25.6251,-26.2501,-32.1251,-31.0001,8,b,NO,NO
order_real,data/videos_v3/int_10000ms/v3_10000_01103.avi,10000,0,0,-12.2491,-26.5001,-27.0001,-32.875,-31.6251,8,b,NO,NO
order_real,data/videos_v3/int_10000ms/v3_10000_01104.avi,10000,1,0,-9.2479,-25.3752,-25.1252,-31.0626,-30.1252,8,a,NO,NO
order_real,data/videos_v3/int_10000ms/v3_10000_01105.avi,10000,0,0,-10.2482,-27.1252,-26.3752,-32.7501,-31.5627,8,b,NO,NO
order_real,data/videos_v3/int_10000ms/v3_10000_01106.avi,10000,0,0,-12.7492,-27.25,-27.5,-33.4375,-32.5,8,a,NO,NO
order_real,data/videos_v3/int_10000ms/v3_10000_01107.avi,10000,1,0,-13.9981,-26.6251,-27.2501,-33.1251,-32.0001,8,a,NO,NO
order_real,data/videos_v3/int_10000ms/v3_10000_01108.avi,10000,1,0,-8.497,-24.8754,-24.6254,-29.9378,-29.4379,8,a,NO,NO
order_real,data/videos_v3/int_10000ms/v3_10000_01109.avi,10000,0,0,-12.2491,-27.3751,-27.3751,-33.5625,-32.2501,8,a,NO,NO
order_real,data/videos_v3/int_10000ms/v3_10000_01110.avi,10000,1,0,-10.4995,-26.1251,-26.1251,-31.75,-31.0626,8,a,NO,NO
order_real,data/videos_v3/int_10000ms/v3_10000_01111.avi,10000,1,0,-12.7493,-27.25,-28.125,-34.0,-32.75,8,b,NO,NO
order_real,data/videos_v3/int_10000ms/v3_10000_01112.avi,10000,1,0,-8.9927,-22.7505,-23.0005,-27.2504,-27.5004,8,b,NO,NO
order_real,data/videos_v3/int_10000ms/v3_10000_01113.avi,10000,1,0,-9.7427,-24.8754,-24.3754,-30.2503,-29.5004,8,a,NO,NO
order_real,data/videos_v3/int_10000ms/v3_10000_01114.avi,10000,0,0,-11.7497,-28.875,-28.75,-35.375,-33.75,8,a,NO,NO
order_real,data/videos_v3/int_10000ms/v3_10000_01115.avi,10000,1,0,-14.4991,-27.5,-28.75,-34.625,-33.5,8,b,NO,NO
order_real,data/videos_v3/int_10000ms/v3_10000_01116.avi,10000,0,0,-14.2434,-25.7501,-26.7501,-32.6251,-31.8751,8,a,NO,NO
order_real,data/videos_v3/int_10000ms/v3_10000_01117.avi,10000,0,0,-14.9955,-25.7501,-27.1251,-32.1251,-31.7501,8,a,NO,NO
order_real,data/videos_v3/int_10000ms/v3_10000_01118.avi,10000,0,0,-9.7473,-24.5002,-24.5002,-29.8751,-29.3127,8,b,NO,NO
order_real,data/videos_v3/int_10000ms/v3_10000_01119.avi,10000,0,0,-13.4984,-27.8751,-28.6251,-34.625,-33.5001,8,b,NO,NO
order_real,data/videos_v3/int_10000ms/v3_10000_01120.avi,10000,0,0,-14.4972,-28.1251,-28.7501,-34.875,-33.5001,8,b,NO,NO
order_real,data/videos_v3/int_10000ms/v3_10000_01121.avi,10000,1,0,-13.4995,-29.125,-29.125,-34.25,-34.375,8,a,NO,NO
order_real,data/videos_v3/int_10000ms/v3_10000_01122.avi,10000,1,0,-12.9983,-26.875,-27.25,-33.25,-32.25,8,b,NO,NO
order_real,data/videos_v3/int_10000ms/v3_10000_01123.avi,10000,1,0,-13.2472,-26.5001,-26.8751,-33.0,-31.8751,8,a,NO,NO
order_real,data/videos_v3/int_10000ms/v3_10000_01124.avi,10000,1,0,-13.4969,-26.2501,-26.7501,-31.1251,-31.6251,8,b,NO,NO
order_real,data/videos_v3/int_10000ms/v3_10000_01125.avi,10000,0,0,-16.9954,-26.5,-27.875,-32.5,-32.75,8,b,NO,NO
order_real,data/videos_v3/int_10000ms/v3_10000_01126.avi,10000,0,0,-13.7455,-25.6252,-26.0002,-32.2501,-31.0002,8,b,NO,NO
order_real,data/videos_v3/int_10000ms/v3_10000_01127.avi,10000,1,0,-9.9976,-24.6252,-24.3752,-30.2501,-29.6252,8,b,NO,NO
order_real,data/videos_v3/int_10000ms/v3_10000_01128.avi,10000,1,0,-11.4994,-27.625,-27.875,-33.875,-32.875,8,b,NO,NO
order_real,data/videos_v3/int_10000ms/v3_10000_01129.avi,10000,0,0,-13.2492,-26.75,-27.25,-33.125,-32.125,8,a,NO,NO
order_real,data/videos_v3/int_10000ms/v3_10000_01130.avi,10000,0,0,-14.999,-28.25,-29.25,-35.5,-34.25,8,b,NO,NO
order_real,data/videos_v3/int_10000ms/v3_10000_01131.avi,10000,1,0,-12.4981,-26.0001,-26.1251,-32.125,-31.5001,8,b,NO,NO
order_real,data/videos_v3/int_10000ms/v3_10000_01132.avi,10000,0,0,-9.7492,-26.6251,-26.3751,-32.6876,-31.5626,8,a,NO,NO
order_real,data/videos_v3/int_10000ms/v3_10000_01133.avi,10000,0,0,-13.2481,-27.375,-27.5,-34.3125,-33.0,8,a,NO,NO
order_real,data/videos_v3/int_10000ms/v3_10000_01134.avi,10000,0,0,-12.7494,-28.0,-28.875,-34.5,-33.375,8,a,NO,NO
order_real,data/videos_v3/int_10000ms/v3_10000_01135.avi,10000,1,0,-17.746,-28.125,-29.625,-35.75,-34.75,8,a,NO,NO
order_real,data/videos_v3/int_10000ms/v3_10000_01136.avi,10000,0,0,-15.496,-27.1251,-27.7501,-33.6251,-32.7501,8,b,NO,NO
order_real,data/videos_v3/int_10000ms/v3_10000_01137.avi,10000,1,0,-9.9986,-24.8751,-25.2501,-30.6251,-29.7501,8,b,NO,NO
order_real,data/videos_v3/int_10000ms/v3_10000_01138.avi,10000,1,0,-13.496,-27.0001,-27.6251,-34.0001,-32.7501,8,b,NO,NO
order_real,data/videos_v3/int_10000ms/v3_10000_01139.avi,10000,1,0,-6.7491,-23.7513,-23.8763,-29.2512,-28.6263,8,a,NO,NO
order_real,data/videos_v3/int_10000ms/v3_10000_01140.avi,10000,0,0,-13.2485,-26.5,-27.75,-33.125,-32.25,8,b,NO,NO
order_real,data/videos_v3/int_10000ms/v3_10000_01141.avi,10000,0,0,-15.4948,-26.3751,-27.8751,-34.2501,-33.1251,8,a,NO,NO
order_real,data/videos_v3/int_10000ms/v3_10000_01142.avi,10000,0,0,-8.9991,-26.0002,-26.0002,-31.6877,-30.9377,8,a,NO,NO
order_real,data/videos_v3/int_10000ms/v3_10000_01143.avi,10000,1,0,-14.9979,-27.6251,-29.3751,-34.875,-33.7501,8,a,NO,NO
order_real,data/videos_v3/int_10000ms/v3_10000_01144.avi,10000,0,0,-12.7476,-27.1251,-27.1251,-33.5001,-32.2501,8,b,NO,NO
order_real,data/videos_v3/int_10000ms/v3_10000_01145.avi,10000,1,0,-14.7496,-28.75,-29.625,-35.75,-34.5,8,a,NO,NO
order_real,data/videos_v3/int_10000ms/v3_10000_01146.avi,10000,1,0,-8.9994,-26.5002,-25.7502,-31.2501,-31.0627,8,a,NO,NO
order_real,data/videos_v3/int_10000ms/v3_10000_01147.avi,10000,1,0,-8.4966,-24.0004,-24.3754,-28.8129,-29.1254,8,a,NO,NO
order_real,data/videos_v3/int_10000ms/v3_10000_01148.avi,10000,1,0,-9.4943,-25.2503,-25.3753,-31.0002,-30.5003,8,b,NO,NO
order_real,data/videos_v3/int_10000ms/v3_10000_01149.avi,10000,1,0,-11.9979,-25.6251,-26.6251,-32.0626,-31.3751,8,a,NO,NO
order_real,data/videos_v3/int_10000ms/v3_10000_01150.avi,10000,1,0,-13.7479,-28.0001,-28.2501,-34.5001,-33.0001,8,a,NO,NO
order_real,data/videos_v3/int_10000ms/v3_10000_01151.avi,10000,0,0,-12.9991,-27.125,-28.0,-32.75,-32.5,8,a,NO,NO
order_real,data/videos_v3/int_10000ms/v3_10000_01152.avi,10000,1,0,-11.9995,-27.75,-27.875,-34.0625,-32.875,8,a,NO,NO
order_real,data/videos_v3/int_10000ms/v3_10000_01153.avi,10000,0,0,-14.999,-27.875,-28.75,-34.875,-33.5,8,a,NO,NO
order_real,data/videos_v3/int_10000ms/v3_10000_01154.avi,10000,1,0,-11.2454,-24.1251,-24.6251,-29.8751,-29.3751,8,b,NO,NO
order_real,data/videos_v3/int_10000ms/v3_10000_01155.avi,10000,1,0,-14.9972,-27.0001,-28.5001,-33.875,-33.2501,8,a,NO,NO
order_real,data/videos_v3/int_10000ms/v3_10000_01156.avi,10000,1,0,-9.497,-24.8753,-24.6253,-30.5627,-29.7503,8,a,NO,NO
order_real,data/videos_v3/int_10000ms/v3_10000_01157.avi,10000,1,0,-12.999,-28.125,-28.25,-34.0,-33.5,8,a,NO,NO
order_real,data/videos_v3/int_10000ms/v3_10000_01158.avi,10000,1,0,-14.9954,-26.8751,-27.7501,-33.7501,-32.6251,8,a,NO,NO
order_real,data/videos_v3/int_10000ms/v3_10000_01159.avi,10000,0,0,-15.9954,-27.6251,-28.8751,-35.125,-33.8751,8,b,NO,NO
order_real,data/videos_v3/int_10000ms/v3_10000_01160.avi,10000,1,0,-11.2469,-24.6251,-24.5001,-30.4376,-29.6251,8,a,NO,NO
order_real,data/videos_v3/int_10000ms/v3_10000_01161.avi,10000,1,0,-4.2479,-22.452,-21.1396,-26.2018,-25.8895,8,a,NO,NO
order_real,data/videos_v3/int_10000ms/v3_10000_01162.avi,10000,1,0,-16.7476,-27.75,-29.75,-35.0,-33.875,8,a,NO,NO
order_real,data/videos_v3/int_10000ms/v3_10000_01163.avi,10000,0,0,-12.7443,-24.7502,-25.1252,-31.0002,-30.1252,8,b,NO,NO
order_real,data/videos_v3/int_10000ms/v3_10000_01164.avi,10000,1,0,-12.4992,-26.7501,-27.3751,-32.25,-32.3751,8,a,NO,NO
order_real,data/videos_v3/int_10000ms/v3_10000_01165.avi,10000,0,0,-12.4955,-24.7501,-25.3751,-30.0001,-30.2501,8,b,NO,NO
order_real,data/videos_v3/int_10000ms/v3_10000_01166.avi,10000,0,0,-16.7494,-28.75,-29.75,-35.5,-34.625,8,b,NO,NO
order_real,data/videos_v3/int_10000ms/v3_10000_01167.avi,10000,0,0,-13.7496,-28.5,-29.0,-35.125,-33.875,8,b,NO,NO
order_real,data/videos_v3/int_10000ms/v3_10000_01168.avi,10000,0,0,-12.4965,-26.1251,-26.7501,-32.3126,-31.2501,8,a,NO,NO
order_real,data/videos_v3/int_10000ms/v3_10000_01169.avi,10000,1,0,-11.4917,-24.0003,-24.3753,-30.0628,-29.3128,8,a,NO,NO
order_real,data/videos_v3/int_10000ms/v3_10000_01170.avi,10000,0,0,-13.9985,-27.5001,-28.1251,-34.0,-33.0001,8,a,NO,NO
order_real,data/videos_v3/int_10000ms/v3_10000_01171.avi,10000,0,0,-13.2473,-26.6251,-26.7501,-32.6876,-31.7501,8,a,NO,NO
order_real,data/videos_v3/int_10000ms/v3_10000_01172.avi,10000,1,0,-13.749,-28.125,-28.875,-34.5,-33.875,8,b,NO,NO
order_real,data/videos_v3/int_10000ms/v3_10000_01173.avi,10000,1,0,-12.9985,-26.375,-26.25,-32.625,-31.5,8,a,NO,NO
order_real,data/videos_v3/int_10000ms/v3_10000_01174.avi,10000,0,0,-11.9995,-27.375,-27.2501,-33.6875,-32.6251,8,b,NO,NO
order_real,data/videos_v3/int_10000ms/v3_10000_01175.avi,10000,0,0,-13.4969,-26.7501,-27.3751,-33.6251,-32.2501,8,b,NO,NO
order_real,data/videos_v3/int_10000ms/v3_10000_01176.avi,10000,1,0,-9.9973,-25.7502,-25.5002,-30.3126,-30.7502,8,a,NO,NO
order_real,data/videos_v3/int_10000ms/v3_10000_01177.avi,10000,0,0,-13.2495,-28.375,-28.875,-34.125,-34.125,8,a,NO,NO
order_real,data/videos_v3/int_10000ms/v3_10000_01178.avi,10000,1,0,-11.9993,-27.5001,-28.7501,-33.625,-33.1251,8,a,NO,NO
order_real,data/videos_v3/int_10000ms/v3_10000_01179.avi,10000,0,0,-15.496,-27.0001,-28.2501,-34.125,-33.0001,8,a,NO,NO
order_real,data/videos_v3/int_10000ms/v3_10000_01180.avi,10000,0,0,-13.2494,-28.5,-28.625,-34.0,-33.75,8,a,NO,NO
order_real,data/videos_v3/int_10000ms/v3_10000_01181.avi,10000,0,0,-4.4978,-23.8238,-21.8864,-26.7612,-26.5113,8,b,NO,NO
order_real,data/videos_v3/int_10000ms/v3_10000_01182.avi,10000,1,0,-8.2479,-24.7504,-24.5004,-28.8753,-29.1879,8,b,NO,NO
order_real,data/videos_v3/int_10000ms/v3_10000_01183.avi,10000,1,0,-7.9992,-25.7504,-25.1255,-30.5629,-29.8129,8,a,NO,NO
order_real,data/videos_v3/int_10000ms/v3_10000_01184.avi,10000,0,0,-17.7414,-26.1251,-28.1251,-33.5001,-32.6251,8,a,NO,NO
order_real,data/videos_v3/int_10000ms/v3_10000_01185.avi,10000,0,0,-12.9998,-29.0,-29.5,-35.875,-34.875,8,a,NO,NO
order_real,data/videos_v3/int_10000ms/v3_10000_01186.avi,10000,0,0,-15.9955,-27.2501,-28.0001,-34.0001,-33.0001,8,a,NO,NO
order_real,data/videos_v3/int_10000ms/v3_10000_01187.avi,10000,0,0,-13.2491,-27.0,-27.375,-33.75,-32.625,8,b,NO,NO
order_real,data/videos_v3/int_10000ms/v3_10000_01188.avi,10000,1,0,-10.9973,-25.7501,-25.5001,-32.1251,-30.9376,8,b,NO,NO
order_real,data/videos_v3/int_10000ms/v3_10000_01189.avi,10000,1,0,-14.7495,-30.0,-30.5,-35.75,-35.75,8,b,NO,NO
order_real,data/videos_v3/int_10000ms/v3_10000_01190.avi,10000,1,0,-9.4943,-23.3753,-23.5003,-28.0002,-28.3128,8,a,NO,NO
order_real,data/videos_v3/int_10000ms/v3_10000_01191.avi,10000,0,0,-12.9995,-28.125,-28.5,-33.75,-33.25,8,a,NO,NO
order_real,data/videos_v3/int_10000ms/v3_10000_01192.avi,10000,0,0,-10.7486,-26.5001,-26.3751,-31.8751,-31.1876,8,b,NO,NO
order_real,data/videos_v3/int_10000ms/v3_10000_01193.avi,10000,1,0,-10.7469,-25.3751,-25.1251,-31.6251,-30.6251,8,b,NO,NO
order_real,data/videos_v3/int_10000ms/v3_10000_01194.avi,10000,1,0,-10.4989,-25.5001,-25.5002,-31.5001,-30.5626,8,a,NO,NO
order_real,data/videos_v3/int_10000ms/v3_10000_01195.avi,10000,1,0,-11.7481,-25.6251,-25.2501,-31.6875,-30.6876,8,b,NO,NO
order_real,data/videos_v3/int_10000ms/v3_10000_01196.avi,10000,0,0,-12.9969,-25.6251,-26.0001,-31.9375,-31.1251,8,a,NO,NO
order_real,data/videos_v3/int_10000ms/v3_10000_01197.avi,10000,0,0,-14.996,-27.0001,-28.1251,-33.625,-32.6251,8,a,NO,NO
order_real,data/videos_v3/int_10000ms/v3_10000_01198.avi,10000,0,0,-12.4985,-27.1251,-27.1251,-33.5625,-32.3751,8,a,NO,NO
order_real,data/videos_v3/int_10000ms/v3_10000_01199.avi,10000,1,0,-10.9987,-26.2501,-26.8751,-32.6251,-31.5001,8,b,NO,NO
