task,idx,answer,pred,strict,correct,correct_strict,n_frames,response
Action Antonym,0,C,C,C,1,1,56,C) Piling something up
Action Antonym,1,B,C,C,0,0,32,C) Not sure
Action Antonym,2,C,C,C,1,1,56,C) Moving away from something with your camera
Action Antonym,3,B,B,B,1,1,56,B
Action Antonym,4,C,A,A,0,0,40,A) Not sure
Action Antonym,5,C,C,C,1,1,56,C) Piling something up
Action Antonym,6,C,C,C,1,1,56,C) Holding something next to something
Action Antonym,7,C,C,C,1,1,40,C) Pulling something from left to right
Action Antonym,8,A,A,A,1,1,32,A) Dropping something onto something
Action Antonym,9,A,A,A,1,1,32,A) Pretending to throw something
Action Antonym,10,B,B,B,1,1,40,B
Action Antonym,11,B,B,B,1,1,32,B) Pulling two ends of something so that it separates into two pieces
Action Antonym,12,A,A,A,1,1,48,A) Putting something in front of something
Action Antonym,13,A,A,A,1,1,48,A) Moving something and something closer to each other
Action Antonym,14,C,C,C,1,1,40,C) Pushing something from left to right
Action Antonym,15,C,C,C,1,1,16,C) Moving away from something with your camera
Action Antonym,16,A,A,A,1,1,40,A) Twisting something
Action Antonym,17,B,B,B,1,1,32,B) Taking something out of something
Action Antonym,18,B,A,A,0,0,48,A) Covering something
Action Antonym,19,C,C,C,1,1,64,C) Putting something onto something
Action Antonym,20,A,A,A,1,1,24,A) Pushing something off of something
Action Antonym,21,B,B,B,1,1,64,B
Action Antonym,22,C,C,C,1,1,56,C) Plugging something into something
Action Antonym,23,C,C,C,1,1,32,C) Covering something with something
Action Antonym,24,A,A,A,1,1,24,"A) Putting something that can't roll onto a slanted surface, so it stays where it is"
Action Antonym,25,B,B,B,1,1,64,B
Action Antonym,26,C,C,C,1,1,32,C) Turning something upside down
Action Antonym,27,A,A,A,1,1,40,A) Plugging something into something
Action Antonym,28,A,A,A,1,1,32,A) Tilting something with something on it slightly so it doesn't fall down
Action Antonym,29,A,A,A,1,1,56,A) Holding something in front of something
Action Antonym,30,A,A,A,1,1,64,A) Throwing something onto a surface
Action Antonym,31,C,C,C,1,1,24,C) Opening something
Action Antonym,32,C,C,C,1,1,56,C) Taking something out of something
Action Antonym,33,B,A,A,0,0,32,A) Straightening the camera downwards while filminging something
Action Antonym,34,A,A,A,1,1,48,A) Turning the camera left while filminging something
Action Antonym,35,A,A,A,1,1,48,A) Stuffing something into something
Action Antonym,36,B,B,B,1,1,8,B
Action Antonym,37,C,C,C,1,1,32,C) Dropping something onto something
Action Antonym,38,A,C,C,0,0,56,C) Not sure
Action Antonym,39,A,A,A,1,1,56,A) Throwing something in the air and letting it fall
Action Antonym,40,A,A,A,1,1,40,A) Bending something so that it deforms
Action Antonym,41,A,A,A,1,1,48,A) Putting something in front of something
Action Antonym,42,B,B,B,1,1,32,B
Action Antonym,43,B,B,B,1,1,56,B) Trying but failing to attach something to something because it doesn't stick
Action Antonym,44,B,B,B,1,1,56,B. Pouring something into something until it overflows
Action Antonym,45,B,B,B,1,1,40,B) Pretending to put something on a surface
Action Antonym,46,B,B,B,1,1,40,B) Pretending to throw something
Action Antonym,47,B,B,B,1,1,56,B
Action Antonym,48,A,A,A,1,1,40,A) Pushing something so that it falls off the table
Action Antonym,49,B,B,B,1,1,32,B
Action Antonym,50,C,C,C,1,1,40,C) Pouring something onto something
Action Antonym,51,C,C,C,1,1,32,C) Moving something towards the camera
Action Antonym,52,A,A,A,1,1,56,A) Piling something up
Action Antonym,53,A,A,A,1,1,64,A) Throwing something in the air and letting it fall
Action Antonym,54,C,C,C,1,1,40,C) Dropping something behind something
Action Antonym,55,B,B,B,1,1,56,B. Showing that something is empty
Action Antonym,56,B,A,A,0,0,56,A) Pushing something from left to right
Action Antonym,57,A,A,A,1,1,56,A) Dropping something in front of something
Action Antonym,58,A,A,A,1,1,16,A) Opening something
Action Antonym,59,A,A,A,1,1,32,A) Pushing something from left to right
Action Antonym,60,B,B,B,1,1,48,B
Action Antonym,61,B,B,B,1,1,56,B) Bending something so that it deforms
Action Antonym,62,A,A,A,1,1,24,A
Action Antonym,63,C,C,C,1,1,32,C) Taking something out of something
Action Antonym,64,C,C,C,1,1,56,C) Closing something
Action Antonym,65,A,A,A,1,1,40,A) Spilling something next to something
Action Antonym,66,A,A,A,1,1,32,A) Hitting something with something
Action Antonym,67,B,B,B,1,1,24,B
Action Antonym,68,C,C,C,1,1,48,C) Pushing something from right to left
Action Antonym,69,A,A,A,1,1,40,A) Moving something and something closer to each other
Action Antonym,70,C,C,C,1,1,64,C) Stuffing something into something
Action Antonym,71,B,B,B,1,1,64,B
Action Antonym,72,B,B,B,1,1,48,B. Stuffing something into something
Action Antonym,73,A,A,A,1,1,32,A) Throwing something onto a surface
Action Antonym,74,B,B,B,1,1,56,"B) Laying something on the table on its side, not upright"
Action Antonym,75,C,C,C,1,1,40,C) Picking something up
Action Antonym,76,C,C,C,1,1,56,C. Dropping something onto something
Action Antonym,77,B,B,B,1,1,48,B
Action Antonym,78,A,A,A,1,1,40,A) Holding something in front of something
Action Antonym,79,C,C,C,1,1,56,C) Showing something next to something
Action Antonym,80,B,B,B,1,1,32,B
Action Antonym,81,A,A,A,1,1,8,A) Pushing something so that it falls off the table
Action Antonym,82,C,C,C,1,1,64,C) Holding something behind something
Action Antonym,83,A,A,A,1,1,48,A) Attaching something to something
Action Antonym,84,B,B,B,1,1,32,B
Action Antonym,85,B,B,B,1,1,56,B) Putting something next to something
Action Antonym,86,C,A,A,0,0,40,A) Releasing something next to something
Action Antonym,87,B,B,B,1,1,48,B
Action Antonym,88,C,A,A,0,0,32,A) Pretending to open something without actually opening it
Action Antonym,89,B,B,B,1,1,48,B.
Action Antonym,90,B,B,B,1,1,32,B) Moving something and something closer to each other
Action Antonym,91,A,A,A,1,1,24,A) Putting something onto something
Action Antonym,92,C,C,C,1,1,56,C) Stuffing something into something
Action Antonym,93,C,C,C,1,1,64,C) Putting something underneath something
Action Antonym,94,B,B,B,1,1,48,B.
Action Antonym,95,A,B,B,0,0,40,B
Action Antonym,96,B,B,B,1,1,32,B
Action Antonym,97,C,C,C,1,1,40,C) Opening something
Action Antonym,98,B,A,A,0,0,40,A) Pretending to divest something behind something
Action Antonym,99,A,A,A,1,1,48,A) Pushing something so that it slightly moves
Action Antonym,100,C,C,C,1,1,56,"C) Putting something that can't roll onto a slanted surface, so it slides down"
Action Antonym,101,A,A,A,1,1,64,A) Throwing something onto a surface
Action Antonym,102,B,B,B,1,1,32,B
Action Antonym,103,A,A,A,1,1,32,A) Turning something upside down
Action Antonym,104,A,A,A,1,1,24,A) Putting something behind something
Action Antonym,105,A,A,A,1,1,8,A) Moving something towards the camera
Action Antonym,106,A,A,A,1,1,64,A) Pulling something from behind of something
Action Antonym,107,A,A,A,1,1,64,A) Moving something across a surface without it falling down
Action Antonym,108,C,C,C,1,1,40,"C) Lifting up one end of something, then letting it drop down"
Action Antonym,109,B,B,B,1,1,48,B
Action Antonym,110,A,A,A,1,1,56,A) Moving away from something with your camera
Action Antonym,111,C,C,C,1,1,40,C) Moving something across a surface without it falling down
Action Antonym,112,C,C,C,1,1,32,C) Tilting something with something on it until it falls off
Action Antonym,113,B,B,B,1,1,24,B
Action Antonym,114,B,B,B,1,1,24,B
Action Antonym,115,B,B,B,1,1,40,B) Scooping something up with something
Action Antonym,116,A,A,A,1,1,16,"A) Letting something roll up a slanted surface, so it rolls back down"
Action Antonym,117,B,B,B,1,1,64,B
Action Antonym,118,B,B,B,1,1,40,B
Action Antonym,119,B,B,B,1,1,56,B
Action Antonym,120,C,C,C,1,1,40,C) Picking something up
Action Antonym,121,B,A,A,0,0,64,A) Collecting something behind something
Action Antonym,122,C,C,C,1,1,40,C) Throwing something in the air and letting it fall
Action Antonym,123,A,A,A,1,1,16,A) Tippinging something over
Action Antonym,124,A,A,A,1,1,40,A) Moving something down
Action Antonym,125,A,A,A,1,1,48,A) Pouring something onto something
Action Antonym,126,A,A,A,1,1,32,A) Pulling something from right to left
Action Antonym,127,B,B,B,1,1,40,B
Action Antonym,128,A,A,A,1,1,40,A) Throwing something against something
Action Antonym,129,C,C,C,1,1,48,C) Covering something with something
Action Antonym,130,B,B,B,1,1,40,B
Action Antonym,131,C,C,C,1,1,32,C) Throwing something onto a surface
Action Antonym,132,C,C,C,1,1,48,C) Putting something underneath something
Action Antonym,133,A,A,A,1,1,40,"A) Putting something that can't roll onto a slanted surface, so it stays where it is"
Action Antonym,134,A,A,A,1,1,40,A) Tearing something just a little bit
Action Antonym,135,C,C,C,1,1,40,C) Moving something away from the camera
Action Antonym,136,C,C,C,1,1,32,C) Throwing something in the air and letting it fall
Action Antonym,137,C,C,C,1,1,32,C) Stuffing something into something
Action Antonym,138,C,C,C,1,1,56,C) Tearing something just a little bit
Action Antonym,139,B,B,B,1,1,64,B) Tearing something just a little bit
Action Antonym,140,B,B,B,1,1,32,B) Hitting something with something
Action Antonym,141,A,A,A,1,1,32,A) Holding something
Action Antonym,142,C,A,A,0,0,40,A) Straightening the camera right while filming something
Action Antonym,143,A,A,A,1,1,64,A) Throwing something against something
Action Antonym,144,A,A,A,1,1,56,A) Pulling something from left to right
Action Antonym,145,B,B,B,1,1,64,B) Moving something away from the camera
Action Antonym,146,A,A,A,1,1,40,A) Putting something into something
Action Antonym,147,A,A,A,1,1,40,A) Pushing something with something
Action Antonym,148,A,A,A,1,1,8,A) Plugging something into something
Action Antonym,149,B,B,B,1,1,32,B) Throwing something onto a surface
Action Antonym,150,A,A,A,1,1,48,A) Pretending to sprinkle air onto something
Action Antonym,151,A,A,A,1,1,24,A
Action Antonym,152,B,B,B,1,1,32,B. Lifting a surface with something on it until it starts sliding down
Action Antonym,153,B,B,B,1,1,56,B
Action Antonym,154,B,B,B,1,1,56,B
Action Antonym,155,C,C,C,1,1,32,"C) Letting something roll up a slanted surface, so it rolls back down"
Action Antonym,156,B,B,B,1,1,40,B
Action Antonym,157,A,A,A,1,1,32,A) Moving something down
Action Antonym,158,B,B,B,1,1,64,B. Holding something over something
Action Antonym,159,A,A,A,1,1,48,A) Bending something until it breaks
Action Antonym,160,A,C,C,0,0,32,C) Poking something so it slightly stays in place
Action Antonym,161,B,B,B,1,1,32,B
Action Antonym,162,A,A,A,1,1,48,A) Tearing something into two pieces
Action Antonym,163,C,C,C,1,1,56,C) Pretending to pick something up
Action Antonym,164,B,B,B,1,1,40,B) Covering something with something
Action Antonym,165,A,A,A,1,1,64,A) Lifting a surface with something on it but not enough for it to slide down
Action Antonym,166,A,A,A,1,1,32,A) Moving something towards the camera
Action Antonym,167,B,B,B,1,1,48,B
Action Antonym,168,A,A,A,1,1,40,A
Action Antonym,169,C,C,C,1,1,48,C) Pulling something from behind of something
Action Antonym,170,C,C,C,1,1,40,C) Moving something across a surface until it falls down
Action Antonym,171,C,C,C,1,1,48,C) Holding something
Action Antonym,172,C,A,A,0,0,40,A) Expanding something
Action Antonym,173,A,A,A,1,1,16,A) Throwing something in the air and letting it fall
Action Antonym,174,C,C,C,1,1,48,C) Holding something over something
Action Antonym,175,A,A,A,1,1,56,A) Opening something
Action Antonym,176,C,C,C,1,1,48,C) Pulling something from behind of something
Action Antonym,177,C,A,A,0,0,48,A) Pushing something from left to right
Action Antonym,178,C,C,C,1,1,48,C) Lifting a surface with something on it but not enough for it to slide down
Action Antonym,179,B,B,B,1,1,32,B. Picking something up
Action Antonym,180,C,C,C,1,1,56,C) Pushing something so it spins
Action Antonym,181,A,A,A,1,1,56,A) Covering something with something
Action Antonym,182,B,B,B,1,1,56,B) Throwing something in the air and letting it fall
Action Antonym,183,C,C,C,1,1,48,C) Putting something onto a slanted surface but it doesn't glide down
Action Antonym,184,C,C,C,1,1,48,C) Putting something on the edge of something so it is not supported and falls down
Action Antonym,185,A,A,A,1,1,64,A) Pushing something so that it falls off the table
Action Antonym,186,B,B,B,1,1,56,B) Holding something in front of something
Action Antonym,187,B,B,B,1,1,64,B
Action Antonym,188,B,B,B,1,1,56,B) Pretending to turn something upside down
Action Antonym,189,B,B,B,1,1,40,B
Action Antonym,190,A,A,A,1,1,32,A) Plugging something into something
Action Antonym,191,C,C,C,1,1,56,C) Pretending to spread air onto something
Action Antonym,192,A,A,A,1,1,32,A) Moving something away from the camera
Action Antonym,193,A,A,A,1,1,56,"A) Pretending to pour something out of something, but something is empty"
Action Antonym,194,C,C,C,1,1,56,"C) Putting something, something and something on the table"
Action Antonym,195,B,B,B,1,1,64,B) Pretending to put something underneath something
Action Antonym,196,A,A,A,1,1,56,A) Tearing something just a little bit
Action Antonym,197,A,A,A,1,1,40,A) Throwing something in the air and letting it fall
Action Antonym,198,B,A,A,0,0,56,A) Not sure
Action Antonym,199,A,A,A,1,1,64,A) Stuffing something into something
Fine-grained Action,0,A,A,A,1,1,24,A
Fine-grained Action,1,A,C,C,0,0,64,C) telephoning
Fine-grained Action,2,C,A,A,0,0,64,A) bubbling
Fine-grained Action,3,A,A,A,1,1,64,A
Fine-grained Action,4,A,A,A,1,1,64,A
Fine-grained Action,5,C,C,C,1,1,64,C
Fine-grained Action,6,D,B,B,0,0,64,B
Fine-grained Action,7,C,B,B,0,0,64,B
Fine-grained Action,8,B,B,B,1,1,64,B
Fine-grained Action,9,A,A,A,1,1,64,A) rocking
Fine-grained Action,10,C,B,B,0,0,64,B
Fine-grained Action,11,D,A,A,0,0,64,A) balancing
Fine-grained Action,12,B,B,B,1,1,64,B
Fine-grained Action,13,B,A,A,0,0,64,A) laughing
Fine-grained Action,14,A,C,C,0,0,64,C) adult female speaking
Fine-grained Action,15,B,C,C,0,0,64,C) shaking
Fine-grained Action,16,B,B,B,1,1,64,B
Fine-grained Action,17,A,C,C,0,0,64,C) opening
Fine-grained Action,18,A,D,D,0,0,64,D
Fine-grained Action,19,D,B,B,0,0,64,B
Fine-grained Action,20,C,C,C,1,1,64,C
Fine-grained Action,21,A,A,A,1,1,64,A
Fine-grained Action,22,C,D,D,0,0,64,D
Fine-grained Action,23,B,B,B,1,1,64,B
Fine-grained Action,24,B,B,B,1,1,64,B
Fine-grained Action,25,C,C,C,1,1,64,C
Fine-grained Action,26,A,D,D,0,0,64,D) scratching
Fine-grained Action,27,D,D,D,1,1,64,D) wrapping
Fine-grained Action,28,C,C,C,1,1,64,C) marrying
Fine-grained Action,29,B,A,A,0,0,64,A) hanging
Fine-grained Action,30,B,C,C,0,0,64,C) throwing
Fine-grained Action,31,A,A,A,1,1,64,A) baptizing
Fine-grained Action,32,C,B,B,0,0,64,B
Fine-grained Action,33,D,D,D,1,1,64,D) flying
Fine-grained Action,34,C,C,C,1,1,64,C
Fine-grained Action,35,D,D,D,1,1,64,D
Fine-grained Action,36,A,C,C,0,0,64,C) cleaning
Fine-grained Action,37,C,A,A,0,0,64,A) speaking
Fine-grained Action,38,A,A,A,1,1,64,A) stacking
Fine-grained Action,39,C,B,B,0,0,64,B
Fine-grained Action,40,A,C,C,0,0,64,C
Fine-grained Action,41,B,A,A,0,0,64,A
Fine-grained Action,42,C,B,B,0,0,64,B
Fine-grained Action,43,A,C,C,0,0,64,C
Fine-grained Action,44,B,A,A,0,0,64,A
Fine-grained Action,45,D,A,A,0,0,64,A
Fine-grained Action,46,D,D,D,1,1,64,D) waxing
Fine-grained Action,47,A,B,B,0,0,64,B
Fine-grained Action,48,C,C,C,1,1,64,C) instructing
Fine-grained Action,49,C,A,A,0,0,64,A) running
Fine-grained Action,50,C,D,D,0,0,64,D) snowing
Fine-grained Action,51,D,A,A,0,0,64,A) exiting
Fine-grained Action,52,B,B,B,1,1,64,B
Fine-grained Action,53,A,A,A,1,1,64,A) tuning
Fine-grained Action,54,C,C,C,1,1,64,C) skiing
Fine-grained Action,55,A,C,C,0,0,64,C) tearing
Fine-grained Action,56,C,C,C,1,1,64,C
Fine-grained Action,57,C,C,C,1,1,64,C) snapping
Fine-grained Action,58,A,A,A,1,1,64,A) sailing
Fine-grained Action,59,D,C,C,0,0,64,C
Fine-grained Action,60,A,A,A,1,1,64,A) clapping
Fine-grained Action,61,B,D,D,0,0,64,D) unpacking
Fine-grained Action,62,D,A,A,0,0,64,A
Fine-grained Action,63,B,B,B,1,1,64,B
Fine-grained Action,64,A,A,A,1,1,64,A) kissing
Fine-grained Action,65,D,D,D,1,1,64,D) climbing
Fine-grained Action,66,B,B,B,1,1,64,B
Fine-grained Action,67,C,C,C,1,1,64,C
Fine-grained Action,68,C,A,A,0,0,64,A) adult male speaking
Fine-grained Action,69,D,D,D,1,1,64,D) sitting
Fine-grained Action,70,A,D,D,0,0,64,D) feeding
Fine-grained Action,71,C,D,D,0,0,64,D) winking
Fine-grained Action,72,B,A,A,0,0,64,A) climbing
Fine-grained Action,73,C,B,B,0,0,64,B
Fine-grained Action,74,A,B,B,0,0,64,B
Fine-grained Action,75,C,C,C,1,1,64,C) winking
Fine-grained Action,76,B,B,B,1,1,40,B
Fine-grained Action,77,B,A,A,0,0,64,A
Fine-grained Action,78,A,D,D,0,0,64,D
Fine-grained Action,79,A,B,B,0,0,64,B
Fine-grained Action,80,B,B,B,1,1,64,B
Fine-grained Action,81,A,D,D,0,0,64,D) hanging
Fine-grained Action,82,A,A,A,1,1,64,A) waving
Fine-grained Action,83,C,B,B,0,0,64,B
Fine-grained Action,84,C,C,C,1,1,64,C) laughing
Fine-grained Action,85,C,B,B,0,0,64,B
Fine-grained Action,86,D,D,D,1,1,64,D) stretching
Fine-grained Action,87,B,C,C,0,0,64,C) swimming
Fine-grained Action,88,D,C,C,0,0,64,C) biting
Fine-grained Action,89,B,C,C,0,0,64,C
Fine-grained Action,90,C,A,A,0,0,64,A) smiling
Fine-grained Action,91,C,D,D,0,0,64,D
Fine-grained Action,92,B,D,D,0,0,64,D) massaging
Fine-grained Action,93,A,A,A,1,1,64,A) camping
Fine-grained Action,94,C,C,C,1,1,64,C) floating
Fine-grained Action,95,B,B,B,1,1,64,B
Fine-grained Action,96,C,D,D,0,0,64,D) pedaling
Fine-grained Action,97,A,B,B,0,0,64,B
Fine-grained Action,98,B,B,B,1,1,64,B
Fine-grained Action,99,B,C,C,0,0,64,C) fighting
Fine-grained Action,100,A,A,A,1,1,64,A) hugging
Fine-grained Action,101,B,B,B,1,1,64,B
Fine-grained Action,102,B,B,B,1,1,64,B
Fine-grained Action,103,C,C,C,1,1,64,C) guarding
Fine-grained Action,104,B,B,B,1,1,64,B
Fine-grained Action,105,B,C,C,0,0,64,C) rolling
Fine-grained Action,106,B,A,A,0,0,64,A
Fine-grained Action,107,B,A,A,0,0,64,A
Fine-grained Action,108,B,D,D,0,0,64,D
Fine-grained Action,109,C,C,C,1,1,64,C) hugging
Fine-grained Action,110,A,A,A,1,1,64,A) unloading
Fine-grained Action,111,A,A,A,1,1,64,A
Fine-grained Action,112,D,D,D,1,1,64,D) playing music
Fine-grained Action,113,D,A,A,0,0,64,A
Fine-grained Action,114,B,D,D,0,0,24,D
Fine-grained Action,115,D,A,A,0,0,64,A) frowning
Fine-grained Action,116,A,B,B,0,0,64,B
Fine-grained Action,117,A,B,B,0,0,64,B
Fine-grained Action,118,B,B,B,1,1,64,B
Fine-grained Action,119,A,D,D,0,0,64,D) laughing
Fine-grained Action,120,C,D,D,0,0,64,D) kicking
Fine-grained Action,121,A,A,A,1,1,64,A) punting
Fine-grained Action,122,B,B,B,1,1,64,B
Fine-grained Action,123,D,C,C,0,0,64,C) driving
Fine-grained Action,124,D,D,D,1,1,64,D
Fine-grained Action,125,D,D,D,1,1,64,D) rafting
Fine-grained Action,126,A,C,C,0,0,64,C
Fine-grained Action,127,A,A,A,1,1,64,A
Fine-grained Action,128,C,C,C,1,1,64,C) dragging
Fine-grained Action,129,A,D,D,0,0,64,D) kicking
Fine-grained Action,130,D,D,D,1,1,64,D
Fine-grained Action,131,B,B,B,1,1,64,B
Fine-grained Action,132,B,A,A,0,0,64,A) sneezing
Fine-grained Action,133,C,B,B,0,0,64,B
Fine-grained Action,134,C,C,C,1,1,64,C) driving
Fine-grained Action,135,D,D,D,1,1,64,D) drying
Fine-grained Action,136,C,C,C,1,1,64,C
Fine-grained Action,137,C,C,C,1,1,64,C) raining
Fine-grained Action,138,C,B,B,0,0,64,B
Fine-grained Action,139,D,A,A,0,0,64,A) eating
Fine-grained Action,140,B,B,B,1,1,64,B
Fine-grained Action,141,C,A,A,0,0,64,A) splashing
Fine-grained Action,142,C,C,C,1,1,64,C
Fine-grained Action,143,B,B,B,1,1,64,B
Fine-grained Action,144,C,C,C,1,1,64,C
Fine-grained Action,145,A,A,A,1,1,64,A) guarding
Fine-grained Action,146,B,B,B,1,1,64,B
Fine-grained Action,147,D,D,D,1,1,64,D
Fine-grained Action,148,A,B,B,0,0,64,B
Fine-grained Action,149,A,B,B,0,0,64,B
Fine-grained Action,150,D,A,A,0,0,64,A
Fine-grained Action,151,D,D,D,1,1,64,D
Fine-grained Action,152,B,A,A,0,0,64,A
Fine-grained Action,153,D,B,B,0,0,64,B
Fine-grained Action,154,D,B,B,0,0,64,B
Fine-grained Action,155,D,B,B,0,0,64,B
Fine-grained Action,156,A,A,A,1,1,64,A
Fine-grained Action,157,B,C,C,0,0,64,C
Fine-grained Action,158,C,B,B,0,0,64,B
Fine-grained Action,159,D,C,C,0,0,64,C
Fine-grained Action,160,D,A,A,0,0,64,A) swimming
Fine-grained Action,161,A,D,D,0,0,64,D) screwing
Fine-grained Action,162,D,D,D,1,1,64,D
Fine-grained Action,163,C,C,C,1,1,64,C
Fine-grained Action,164,D,B,B,0,0,64,B
Fine-grained Action,165,C,B,B,0,0,64,B
Fine-grained Action,166,B,D,D,0,0,64,D
Fine-grained Action,167,D,D,D,1,1,64,D
Fine-grained Action,168,A,A,A,1,1,64,A
Fine-grained Action,169,A,A,A,1,1,64,A
Fine-grained Action,170,B,B,B,1,1,64,B
Fine-grained Action,171,D,D,D,1,1,64,D
Fine-grained Action,172,C,B,B,0,0,64,B
Fine-grained Action,173,D,D,D,1,1,64,D) screwing
Fine-grained Action,174,C,C,C,1,1,64,C) eating
Fine-grained Action,175,A,A,A,1,1,64,A) giggling
Fine-grained Action,176,D,B,B,0,0,64,B
Fine-grained Action,177,C,C,C,1,1,64,C) sawing
Fine-grained Action,178,C,C,C,1,1,64,C
Fine-grained Action,179,D,A,A,0,0,64,A) guarding
Fine-grained Action,180,C,B,B,0,0,64,B
Fine-grained Action,181,C,A,A,0,0,64,A
Fine-grained Action,182,A,B,B,0,0,64,B
Fine-grained Action,183,B,D,D,0,0,64,D
Fine-grained Action,184,A,D,D,0,0,64,D) parading
Fine-grained Action,185,D,D,D,1,1,64,D
Fine-grained Action,186,A,B,B,0,0,64,B
Fine-grained Action,187,D,D,D,1,1,64,D
Fine-grained Action,188,C,C,C,1,1,64,C) baptizing
Fine-grained Action,189,C,C,C,1,1,64,C) drilling
Fine-grained Action,190,B,A,A,0,0,64,A) interviewing
Fine-grained Action,191,A,A,A,1,1,64,A) peeling
Fine-grained Action,192,D,C,C,0,0,64,C) bending
Fine-grained Action,193,C,D,D,0,0,64,D) taping
Fine-grained Action,194,B,A,A,0,0,64,A) child speaking
Fine-grained Action,195,D,C,C,0,0,64,C) licking
Fine-grained Action,196,D,D,D,1,1,64,D) rolling
Fine-grained Action,197,D,D,D,1,1,64,D
Fine-grained Action,198,D,A,A,0,0,64,A) gripping
Fine-grained Action,199,D,D,D,1,1,64,D
Unexpected Action,0,B,B,B,1,1,64,B) He is tappinging his own abdomen.
Unexpected Action,1,B,B,B,1,1,64,"B) The dog pulled the snake towards itself, making it jump."
Unexpected Action,2,C,A,A,0,0,64,A) He fell off the swing.
Unexpected Action,3,C,C,C,1,1,64,C) The person is shaking their buttocks amusingly.
Unexpected Action,4,C,C,C,1,1,64,C) Chopsticks and a spoon.
Unexpected Action,5,C,C,C,1,1,64,C) He is looking at the singer with disdain and a grimace.
Unexpected Action,6,A,A,A,1,1,64,A) The pedestrian removed the car door and pulled out the passenger.
Unexpected Action,7,A,C,C,0,0,64,C) Adult retaliated to a kid's snowball with a shovel full of snow.
Unexpected Action,8,A,A,A,1,1,64,A) A person wearing a teddy bear outfit grabs a balloon and spins around.
Unexpected Action,9,A,A,A,1,1,64,A) The man has the woman speak into a stethoscope.
Unexpected Action,10,D,D,D,1,1,64,D) The brick shifts causing the man on the pedestal to fall.
Unexpected Action,11,C,C,C,1,1,64,"C. The kid, in orange, tumbles left, grasping a pole."
Unexpected Action,12,D,A,A,0,0,64,A) The man unlocked the door with a key.
Unexpected Action,13,D,D,D,1,1,64,D) They quickly hid the ice cream inside the man's shirt.
Unexpected Action,14,B,B,B,1,1,64,B. His own face.
Unexpected Action,15,A,A,A,1,1,64,A) A dog is pulling a person dressed in a panda costume.
Unexpected Action,16,A,A,A,1,1,64,A) A voice calling out to her.
Unexpected Action,17,A,A,A,1,1,64,A) Making paddling gestures and moving in sync.
Unexpected Action,18,B,B,B,1,1,64,B. The cement truck ladder interacts with tunnel lights.
Unexpected Action,19,B,B,B,1,1,64,B. The dog raised its paw and pushed the kid.
Unexpected Action,20,A,A,A,1,1,64,"A) A car hit an-bike, another e-bike fell."
Unexpected Action,21,A,A,A,1,1,64,A) The person throws it at the soap dispenser.
Unexpected Action,22,C,C,C,1,1,64,C) The reversing camera showed a false proximity to the bushes.
Unexpected Action,23,A,A,A,1,1,64,"A) One of the men fumbled his jump, causing a big splash."
Unexpected Action,24,B,B,B,1,1,64,"B. Girl is adjusting her face, boy is shaking head."
Unexpected Action,25,C,A,A,0,0,48,A) The man playfully teases the dog with the chew toy.
Unexpected Action,26,C,D,D,0,0,64,D) The dog slips due to the snow.
Unexpected Action,27,D,D,D,1,1,64,D) It begins to paw at the water dish.
Unexpected Action,28,B,B,B,1,1,64,B) He fails to reclaim the microphone once handed to the speaker.
Unexpected Action,29,D,D,D,1,1,64,D) He gets his head stuck and spins around fruitlessly.
Unexpected Action,30,C,C,C,1,1,64,C. A blue shirt and black pants.
Unexpected Action,31,B,B,B,1,1,64,B) A dog grips bars and swings as another sleeps below.
Unexpected Action,32,A,A,A,1,1,64,A) The donkey starts munching on the grains on the plate.
Unexpected Action,33,D,D,D,1,1,64,"D) The man bends over, holding his groin."
Unexpected Action,34,C,C,C,1,1,64,"C) Dog trips, swing rotates and falls hilariously."
Unexpected Action,35,B,B,B,1,1,64,B) The cat is flailing after cup entrapment.
Unexpected Action,36,D,D,D,1,1,64,D) The man ends up falling down in a hilarious position.
Unexpected Action,37,D,D,D,1,1,64,D) Hairdresser accidentally makes customer bald.
Unexpected Action,38,D,B,B,0,0,64,B) Both were trying to grab the same object.
Unexpected Action,39,C,C,C,1,1,64,"C) The man is impersonating an an ostrich, and it's hilarious."
Unexpected Action,40,C,D,D,0,0,64,D) She is ascending to the sky with her feet facing upward.
Unexpected Action,41,D,D,D,1,1,64,D) The individual was startled by the person hiding under the cover.
Unexpected Action,42,C,C,C,1,1,64,C) The woman's obvious struggle and facial expressions.
Unexpected Action,43,C,C,C,1,1,64,C) The dog's fur stood straight up like a porcupine when it got wet.
Unexpected Action,44,D,D,D,1,1,64,D) The puppy stayed still and helped play elastic rope.
Unexpected Action,45,C,C,C,1,1,64,C) Someone struggling to find a broom that they themselves stored.
Unexpected Action,46,C,C,C,1,1,64,C) She smells her own feet.
Unexpected Action,47,C,C,C,1,1,64,C) Third woman repeatedly gets her head stuck.
Unexpected Action,48,B,B,B,1,1,64,B) The legs surprisingly belong to a balding old man.
Unexpected Action,49,B,B,B,1,1,64,B) Her hair and wild upper body movements.
Unexpected Action,50,B,B,B,1,1,64,B) The serious uniform he wears while dancing.
Unexpected Action,51,D,D,D,1,1,64,D) He mimicked mirror-gazing with swapped hands.
Unexpected Action,52,C,C,C,1,1,64,C) The dog hit the glass on its second try.
Unexpected Action,53,D,D,D,1,1,64,"D) He tried numerous times, then jumped low and stumbled."
Unexpected Action,54,C,C,C,1,1,64,C) The dog seems bewildered and disoriented.
Unexpected Action,55,A,A,A,1,1,64,A) The girl realizes her head has already been split by looking in a mirror.
Unexpected Action,56,A,A,A,1,1,64,A) The man accidentally hitting the car door generates fun.
Unexpected Action,57,C,C,C,1,1,64,C) Using flames to style his hair and the man's partial baldness.
Unexpected Action,58,A,A,A,1,1,64,A) A student eating noodles and making funny face.
Unexpected Action,59,B,B,B,1,1,64,B) A stuck basketball making a funny look.
Unexpected Action,60,C,C,C,1,1,64,"C) His left hand did not offer support during the fall, surprising him."
Unexpected Action,61,D,D,D,1,1,64,D) Two men hugged each other unexpectedlyly.
Unexpected Action,62,D,D,D,1,1,48,"D) The dog jumped high, its long tail spinning like a propeller."
Unexpected Action,63,B,B,B,1,1,64,B) The boyfriend not noticing his girlfriend kissing a stranger on kisscam.
Unexpected Action,64,D,D,D,1,1,64,D) Parrots utilizing sticks to scratch their heads.
Unexpected Action,65,C,C,C,1,1,64,C) The wall was surprisingly knocked down with ease.
Unexpected Action,66,B,B,B,1,1,64,B) The snow fell back onto the child's face unexpectedlyly.
Unexpected Action,67,D,D,D,1,1,64,"D) They crawl into a container marked with a ""W""."
Unexpected Action,68,C,C,C,1,1,64,C. A child dressed as a green waistband ran out and hopped onto the woman’s back.
Unexpected Action,69,D,D,D,1,1,64,D) He catches the ball in his mouth after hitting it from his feet.
Unexpected Action,70,A,A,A,1,1,64,A) There is a red mark on their chest.
Unexpected Action,71,D,D,D,1,1,64,D) A pink pair of pants covers the person's head.
Unexpected Action,72,D,C,C,0,0,64,C. She climbs into a carriage pulled by a brown horse.
Unexpected Action,73,B,B,B,1,1,64,B. A watermelon prop.
Unexpected Action,74,C,A,A,0,0,64,A) The man in front creates a circle while the person behind performs intricate maneuvers.
Unexpected Action,75,D,D,D,1,1,64,D) A square cardboard spinning with plastic threads.
Unexpected Action,76,B,B,B,1,1,64,B. Shifting a cigarette between a human head-shaped object and an ashtray.
Unexpected Action,77,C,C,C,1,1,64,C) She quickly turns a piece of cardboard into a functional desk with paper legs.
Unexpected Action,78,D,D,D,1,1,64,D) A child.
Unexpected Action,79,A,A,A,1,1,64,A) A black hexagon displayed various colored hands.
Unexpected Action,80,B,B,B,1,1,64,B) Two people begin to fight for it.
Unexpected Action,81,D,D,D,1,1,64,"D) Performer, dressed as a cactus, blooms and sings."
Unexpected Action,82,B,B,B,1,1,64,B. Four of them enter the white cloth bags.
Unexpected Action,83,A,A,A,1,1,64,A) The child is kneeling and blowing on a pinwheel.
Unexpected Action,84,D,D,D,1,1,64,"D) Child in orange-white-grey leather, another in white-orange, adult in black."
Unexpected Action,85,C,B,B,0,0,64,B. Constructed from metal and plastic.
Unexpected Action,86,D,D,D,1,1,64,D) A painting with yellow spots emerged and swayed.
Unexpected Action,87,D,D,D,1,1,64,D. The woman's head detached from her body and reattached seamlessly.
Unexpected Action,88,A,A,A,1,1,64,A) A man reports a TV theft wearing a cardboard TV.
Unexpected Action,89,B,B,B,1,1,64,B. They morph into shapes of mice and elephants.
Unexpected Action,90,B,B,B,1,1,64,B. She brings a red watering can and pours water into the pot.
Unexpected Action,91,C,C,C,1,1,64,"C) A chicken, clucking and running towards a brown table."
Unexpected Action,92,C,C,C,1,1,64,C. He executed a high-difficulty sitting maneuver.
Unexpected Action,93,A,C,C,0,0,64,C) They start dancing in front of the green mountains.
Unexpected Action,94,C,C,C,1,1,64,C) Individuals simulate making a giant sushi roll.
Unexpected Action,95,A,A,A,1,1,64,A) She waters the blue rectangular box at the center of the stage.
Unexpected Action,96,A,B,B,0,0,64,B) One of them vanished into thin air.
Unexpected Action,97,B,B,B,1,1,64,"B) The carp jumps once, climbs up the strip, falls and repeats the sequence twice."
Unexpected Action,98,D,B,B,0,0,64,"B) Fish pursued fly around, but failed to catch it."
Unexpected Action,99,A,A,A,1,1,64,A) Executes a handstand.
Unexpected Action,100,B,C,C,0,0,64,C) The use of themed costumes and props.
Unexpected Action,101,B,B,B,1,1,64,"B. Tree performer sways, kite performer flips kite."
Unexpected Action,102,D,D,D,1,1,64,D) Imitating the boiling of kerosene.
Unexpected Action,103,C,C,C,1,1,64,C) A man is performing both roles of a news anchor and a thief.
Unexpected Action,104,A,A,A,1,1,64,A) Three children imitating the distinct characteristics of different dogs using complex movements.
Unexpected Action,105,B,B,B,1,1,64,B. The flowing blue ribbon.
Unexpected Action,106,C,B,B,0,0,64,B) The fish jumps out of the water to catch the fly.
Unexpected Action,107,D,C,C,0,0,64,C) Children light real firecrackers.
Unexpected Action,108,D,D,D,1,1,64,"D) Forest background, lion roars, and woman's cry."
Unexpected Action,109,B,B,B,1,1,64,B.
Unexpected Action,110,C,A,A,0,0,64,A) By using stop motion animation with clay models.
Unexpected Action,111,A,C,C,0,0,64,C) The boxers are using remotely controlled robotic gloves.
Unexpected Action,112,B,D,D,0,0,64,D) The video is showing a real-life adaptation of Astro Boy.
Unexpected Action,113,D,D,D,1,1,64,D) Hidden crocodile prop and leaping frog used.
Unexpected Action,114,D,D,D,1,1,64,"D) A person dressed in black acts as the base, blending into the dark background."
Unexpected Action,115,C,C,C,1,1,64,C)Applying people wrapped in white cloth and props.
Unexpected Action,116,D,D,D,1,1,64,D) The child seems to be carrying an
Unexpected Action,117,B,B,B,1,1,64,B) The use of a real roaring tiger sound.
Unexpected Action,118,A,C,C,0,0,64,"C)Green line marks the runway, yellow dots are lights, and orange spots show night view."
Unexpected Action,119,D,B,B,0,0,64,B) They use it to mimic a tiger pacing back and forth.
Unexpected Action,120,C,C,C,1,1,64,C)A child wearing colorful clothes.
Unexpected Action,121,D,D,D,1,1,64,"D) Individuals dress as headsets, with a dummy, dancing and DJing."
Unexpected Action,122,D,A,A,0,0,64,A) The smoke coming off a burning cigarette.
Unexpected Action,123,D,D,D,1,1,64,D) Boy using model child to mimic drum sounds.
Unexpected Action,124,B,B,B,1,1,64,"B. Costumes and mimicry for keyboard, cello, violin."
Unexpected Action,125,B,B,B,1,1,64,B) He controls a nearby dummy using his hands and feet.
Unexpected Action,126,D,A,A,0,0,64,A) The sequence of red balls.
Unexpected Action,127,A,A,A,1,1,64,"A) One mimics a failed catch, another replicates a hook caught on stone."
Unexpected Action,128,B,B,B,1,1,64,B) A person in pink attire mimics an ice-cream cone.
Unexpected Action,129,D,A,A,0,0,64,A) People behind a clear board are using white balloons to replicate bubbles.
Unexpected Action,130,B,C,C,0,0,64,C) A simulated pencil.
Unexpected Action,131,D,D,D,1,1,64,D) Utilizing blue-painted men and a man in yellow trunks.
Unexpected Action,132,C,C,C,1,1,64,C) Creatively using cardboard combinations and sound effects.
Unexpected Action,133,C,C,C,1,1,64,"C. A man ignites a fuse, causing banknote explosion."
Unexpected Action,134,B,B,B,1,1,64,B) From a white paper with an an elephant print to a small elephant model.
Unexpected Action,135,A,A,A,1,1,64,A) Four silver pacifiers appear replacing the microphone.
Unexpected Action,136,D,D,D,1,1,64,"D) He propels it forward, shattering it and absorbing another man into it."
Unexpected Action,137,A,A,A,1,1,64,A) A man takes out a package from the decorations.
Unexpected Action,138,D,D,D,1,1,64,D) Flames ignited on the surface of the ball.
Unexpected Action,139,C,A,A,0,0,64,A) He kicks the ball out of frustration.
Unexpected Action,140,D,D,D,1,1,64,D) The balloon bursts turning the man's red shirt blue.
Unexpected Action,141,A,A,A,1,1,64,A) He played games and read an electronic book.
Unexpected Action,142,A,A,A,1,1,64,A) A large black hole is revealed behind a shifting bookshelf.
Unexpected Action,143,A,A,A,1,1,64,A) The man smears the person with his paintbrush.
Unexpected Action,144,B,B,B,1,1,64,B. A larger ball replaces the small one while in motion.
Unexpected Action,145,C,A,A,0,0,64,A) The person below seems to be fading away.
Unexpected Action,146,A,A,A,1,1,64,A) A ball appears in the hands of the little boy.
Unexpected Action,147,B,B,B,1,1,64,B. The individual transforms one poker card into another.
Unexpected Action,148,A,C,C,0,0,64,C) The twin brother is just an an illusion.
Unexpected Action,149,D,D,D,1,1,64,D. He wrapped his thumb and pushed through a hole.
Unexpected Action,150,A,A,A,1,1,64,"A) A man carrying toilet paper, retrieved by another hand from the screen."
Unexpected Action,151,D,B,B,0,0,64,B) Another person appears.
Unexpected Action,152,D,D,D,1,1,64,D) A gigantic basketball appears after a man throws a normal-sized one at the hoop.
Unexpected Action,153,B,C,C,0,0,64,C) He places the broom horizontally on the wall.
Unexpected Action,154,D,D,D,1,1,64,D) It turned into a cluster of coins.
Unexpected Action,155,B,C,C,0,0,64,C) A pile of coins and a stack of bills were produced.
Unexpected Action,156,B,B,B,1,1,64,B. The ball disappeared from his hand and appeared under the cup.
Unexpected Action,157,C,C,C,1,1,64,C) The paddles vanish and appear next to the kayak.
Unexpected Action,158,D,D,D,1,1,64,"D) As the balloon moves away, the man's mouth disappears from his face."
Unexpected Action,159,D,D,D,1,1,64,D) A man has his lower body inside a coffee cup.
Unexpected Action,160,A,A,A,1,1,64,A) The man makes an egg vanish and reappear in a bowl.
Unexpected Action,161,A,A,A,1,1,64,A) A lightning bolt emerges and strikes him.
Unexpected Action,162,D,D,D,1,1,64,"D) He twisted, flipped a peel; banana unscathed."
Unexpected Action,163,A,A,A,1,1,64,A) A person starts levitating while two others watch.
Unexpected Action,164,D,C,C,0,0,64,C) The black ring disappears from his index finger and appears on his thumb.
Unexpected Action,165,D,D,D,1,1,64,"D) A man, a child with a hat and an airplane."
Unexpected Action,166,A,A,A,1,1,64,A) A man disappeared after throwing
Unexpected Action,167,A,A,A,1,1,64,A) A model airplane cannot become a real airplane.
Unexpected Action,168,D,D,D,1,1,64,D) Objects defy gravity on screen.
Unexpected Action,169,B,B,B,1,1,64,B) Realistic representation of gigantic hands.
Unexpected Action,170,B,C,C,0,0,64,C) An alarm clock can change into a pile of coins.
Unexpected Action,171,C,C,C,1,1,64,C) Every roll has an equal and predetermined chance.
Unexpected Action,172,B,B,B,1,1,64,B. Man grabs ans through a phone screen.
Unexpected Action,173,A,A,A,1,1,64,A) The Rubik's cube was completely solved inside the bag.
Unexpected Action,174,A,B,B,0,0,64,B) The video includes three-dimensional objects being extracted from the mirror.
Unexpected Action,175,D,C,C,0,0,64,C) The transformation of a thin toilet paper roll into a thick one.
Unexpected Action,176,B,B,B,1,1,64,B
Unexpected Action,177,B,B,B,1,1,64,B) Leaping towards doors’s doesn’t change clothes.
Unexpected Action,178,D,D,D,1,1,64,D) Human buttocks serving as a foundation for fireworks.
Unexpected Action,179,A,A,A,1,1,64,A) Humans display supernatural powers.
Unexpected Action,180,C,B,B,0,0,64,B) The motion of shifting a coin to the left hand.
Unexpected Action,181,B,B,B,1,1,64,B) Because grasslands can not float in the sky.
Unexpected Action,182,B,C,C,0,0,64,C) The Rubik's cube can be solved by only rotating one face.
Unexpected Action,183,A,C,C,0,0,64,C) A football turns into a rabbit.
Unexpected Action,184,A,A,A,1,1,64,A) Objects do not possess the ability to teleport or change size drastically.
Unexpected Action,185,D,D,D,1,1,64,D) Band leaped between hands.
Unexpected Action,186,B,C,C,0,0,64,C) Objects can freely pass through one another.
Unexpected Action,187,A,A,A,1,1,64,A) Man avoids letting ring get caught in rope.
Unexpected Action,188,D,C,C,0,0,64,C) The cap was already placed there before the recording.
Unexpected Action,189,B,B,B,1,1,64,B) The object must still be present in the drawer.
Unexpected Action,190,B,B,B,1,1,64,B
Unexpected Action,191,C,C,C,1,1,64,C) Abrupt materialization or vanishing of objects.
Unexpected Action,192,C,C,C,1,1,64,C) Physical objects cannot enter or leave the computer screen in reality.
Unexpected Action,193,A,C,C,0,0,64,C) The windows are too high for him to reach.
Unexpected Action,194,B,B,B,1,1,64,B) People and cars are significantly larger than a toy block house.
Unexpected Action,195,C,B,B,0,0,64,B. Viewer's interaction affects the video content.
Unexpected Action,196,B,B,B,1,1,64,B) Objects cannot appear out of thin air.
Unexpected Action,197,A,A,A,1,1,64,A) Because things cannot appear out of thin air.
Unexpected Action,198,B,B,B,1,1,64,B) The location of a person cannot alter without movement.
Unexpected Action,199,D,D,D,1,1,64,D) A person is extracting toilet paper from computer internals.
Object Existence,0,B,B,B,1,1,64,B
Object Existence,1,C,A,A,0,0,64,A) no
Object Existence,2,A,A,A,1,1,64,A) no
Object Existence,3,C,C,C,1,1,64,C
Object Existence,4,B,B,B,1,1,64,B
Object Existence,5,A,A,A,1,1,64,A) no
Object Existence,6,A,B,B,0,0,64,B
Object Existence,7,C,C,C,1,1,64,C
Object Existence,8,C,C,C,1,1,64,C
Object Existence,9,C,C,C,1,1,64,C) no
Object Existence,10,B,B,B,1,1,64,B
Object Existence,11,B,B,B,1,1,64,B
Object Existence,12,B,B,B,1,1,64,B
Object Existence,13,B,B,B,1,1,64,B
Object Existence,14,B,B,B,1,1,64,B
Object Existence,15,C,C,C,1,1,64,C
Object Existence,16,B,B,B,1,1,64,B
Object Existence,17,C,C,C,1,1,64,C) no
Object Existence,18,C,C,C,1,1,64,C) yes
Object Existence,19,A,A,A,1,1,64,A) no
Object Existence,20,B,B,B,1,1,64,B
Object Existence,21,A,A,A,1,1,64,A) yes
Object Existence,22,B,B,B,1,1,64,B
Object Existence,23,C,C,C,1,1,64,C) no
Object Existence,24,C,C,C,1,1,64,C) no
Object Existence,25,C,C,C,1,1,64,C) yes
Object Existence,26,B,B,B,1,1,64,B
Object Existence,27,C,C,C,1,1,64,C) yes
Object Existence,28,C,C,C,1,1,64,C
Object Existence,29,B,B,B,1,1,64,B
Object Existence,30,C,C,C,1,1,64,C
Object Existence,31,B,B,B,1,1,64,B
Object Existence,32,C,C,C,1,1,64,C
Object Existence,33,A,A,A,1,1,64,A) no
Object Existence,34,A,A,A,1,1,64,A
Object Existence,35,C,C,C,1,1,64,C) no
Object Existence,36,C,C,C,1,1,64,C
Object Existence,37,C,C,C,1,1,64,C
Object Existence,38,B,B,B,1,1,64,B
Object Existence,39,B,B,B,1,1,64,B
Object Existence,40,C,C,C,1,1,64,C) yes
Object Existence,41,A,A,A,1,1,64,A) no
Object Existence,42,B,B,B,1,1,64,B
Object Existence,43,A,A,A,1,1,64,A
Object Existence,44,A,A,A,1,1,64,A
Object Existence,45,C,C,C,1,1,64,C) no
Object Existence,46,B,B,B,1,1,64,B
Object Existence,47,C,C,C,1,1,64,C
Object Existence,48,C,C,C,1,1,64,C) yes
Object Existence,49,C,C,C,1,1,64,C
Object Existence,50,A,A,A,1,1,64,A
Object Existence,51,A,A,A,1,1,64,A) no
Object Existence,52,C,C,C,1,1,64,C
Object Existence,53,A,A,A,1,1,64,A
Object Existence,54,A,A,A,1,1,64,A) no
Object Existence,55,C,C,C,1,1,64,C
Object Existence,56,C,C,C,1,1,64,C) yes
Object Existence,57,B,B,B,1,1,64,B
Object Existence,58,B,B,B,1,1,64,B
Object Existence,59,A,A,A,1,1,64,A
Object Existence,60,B,B,B,1,1,64,B
Object Existence,61,B,B,B,1,1,64,B
Object Existence,62,A,A,A,1,1,64,A) no
Object Existence,63,C,C,C,1,1,64,C) yes
Object Existence,64,A,A,A,1,1,64,A) no
Object Existence,65,A,A,A,1,1,64,A
Object Existence,66,A,A,A,1,1,64,A) no
Object Existence,67,B,B,B,1,1,64,B
Object Existence,68,B,B,B,1,1,64,B
Object Existence,69,C,C,C,1,1,64,C
Object Existence,70,B,B,B,1,1,64,B
Object Existence,71,B,B,B,1,1,64,B
Object Existence,72,C,C,C,1,1,64,C
Object Existence,73,A,A,A,1,1,64,A) no
Object Existence,74,A,A,A,1,1,64,A
Object Existence,75,A,A,A,1,1,64,A
Object Existence,76,C,C,C,1,1,64,C) yes
Object Existence,77,A,A,A,1,1,64,A
Object Existence,78,C,C,C,1,1,64,C
Object Existence,79,A,A,A,1,1,64,A
Object Existence,80,C,A,A,0,0,64,A
Object Existence,81,B,B,B,1,1,64,B
Object Existence,82,B,B,B,1,1,64,B
Object Existence,83,B,B,B,1,1,64,B
Object Existence,84,C,C,C,1,1,64,C) no
Object Existence,85,B,B,B,1,1,64,B
Object Existence,86,B,B,B,1,1,64,B
Object Existence,87,B,B,B,1,1,64,B
Object Existence,88,C,C,C,1,1,64,C) yes
Object Existence,89,A,A,A,1,1,64,A) yes
Object Existence,90,A,C,C,0,0,64,C) no
Object Existence,91,A,A,A,1,1,64,A
Object Existence,92,C,C,C,1,1,64,C) yes
Object Existence,93,A,A,A,1,1,64,A
Object Existence,94,C,C,C,1,1,64,C) no
Object Existence,95,A,A,A,1,1,64,A
Object Existence,96,B,B,B,1,1,64,B
Object Existence,97,C,C,C,1,1,64,C) yes
Object Existence,98,B,B,B,1,1,64,B
Object Existence,99,B,B,B,1,1,64,B
Object Existence,100,A,A,A,1,1,64,A) no
Object Existence,101,C,C,C,1,1,64,C) yes
Object Existence,102,C,C,C,1,1,64,C) yes
Object Existence,103,A,A,A,1,1,64,A) yes
Object Existence,104,B,B,B,1,1,64,B
Object Existence,105,A,A,A,1,1,64,A) no
Object Existence,106,C,C,C,1,1,64,C) yes
Object Existence,107,C,C,C,1,1,64,C) yes
Object Existence,108,A,A,A,1,1,64,A
Object Existence,109,A,A,A,1,1,64,A
Object Existence,110,B,B,B,1,1,64,B
Object Existence,111,B,B,B,1,1,64,B
Object Existence,112,B,B,B,1,1,64,B
Object Existence,113,A,A,A,1,1,64,A
Object Existence,114,B,B,B,1,1,64,B
Object Existence,115,C,C,C,1,1,64,C) no
Object Existence,116,B,B,B,1,1,64,B
Object Existence,117,A,A,A,1,1,64,A
Object Existence,118,A,A,A,1,1,64,A) no
Object Existence,119,C,C,C,1,1,64,C) yes
Object Existence,120,C,B,B,0,0,64,B
Object Existence,121,B,B,B,1,1,64,B
Object Existence,122,A,A,A,1,1,64,A) no
Object Existence,123,C,C,C,1,1,64,C
Object Existence,124,B,B,B,1,1,64,B
Object Existence,125,A,A,A,1,1,64,A) no
Object Existence,126,A,A,A,1,1,64,A
Object Existence,127,B,B,B,1,1,64,B
Object Existence,128,A,A,A,1,1,64,A
Object Existence,129,C,C,C,1,1,64,C) no
Object Existence,130,C,C,C,1,1,64,C) no
Object Existence,131,C,C,C,1,1,64,C) yes
Object Existence,132,B,B,B,1,1,64,B
Object Existence,133,C,C,C,1,1,64,C) no
Object Existence,134,B,B,B,1,1,64,B
Object Existence,135,A,A,A,1,1,64,A
Object Existence,136,B,B,B,1,1,64,B
Object Existence,137,B,B,B,1,1,64,B
Object Existence,138,A,A,A,1,1,64,A
Object Existence,139,C,C,C,1,1,64,C) yes
Object Existence,140,A,A,A,1,1,64,A
Object Existence,141,A,A,A,1,1,64,A
Object Existence,142,B,B,B,1,1,64,B
Object Existence,143,A,A,A,1,1,64,A) no
Object Existence,144,B,B,B,1,1,64,B
Object Existence,145,C,C,C,1,1,64,C
Object Existence,146,B,B,B,1,1,64,B
Object Existence,147,B,B,B,1,1,64,B
Object Existence,148,C,C,C,1,1,64,C) no
Object Existence,149,A,A,A,1,1,64,A) no
Object Existence,150,C,C,C,1,1,64,C) no
Object Existence,151,B,B,B,1,1,64,B
Object Existence,152,C,C,C,1,1,64,C) no
Object Existence,153,B,B,B,1,1,64,B
Object Existence,154,C,C,C,1,1,64,C) no
Object Existence,155,C,C,C,1,1,64,C
Object Existence,156,B,B,B,1,1,64,B
Object Existence,157,B,B,B,1,1,64,B
Object Existence,158,A,A,A,1,1,64,A) no
Object Existence,159,B,B,B,1,1,64,B
Object Existence,160,A,A,A,1,1,64,A) yes
Object Existence,161,A,A,A,1,1,64,A
Object Existence,162,C,C,C,1,1,64,C) yes
Object Existence,163,A,A,A,1,1,64,A
Object Existence,164,C,C,C,1,1,64,C
Object Existence,165,C,C,C,1,1,64,C) no
Object Existence,166,A,A,A,1,1,64,A
Object Existence,167,B,B,B,1,1,64,B
Object Existence,168,A,A,A,1,1,64,A) yes
Object Existence,169,C,C,C,1,1,64,C
Object Existence,170,C,C,C,1,1,64,C) yes
Object Existence,171,C,C,C,1,1,64,C) yes
Object Existence,172,A,A,A,1,1,64,A
Object Existence,173,A,A,A,1,1,64,A
Object Existence,174,B,B,B,1,1,64,B
Object Existence,175,C,C,C,1,1,64,C) yes
Object Existence,176,C,C,C,1,1,64,C) no
Object Existence,177,A,A,A,1,1,64,A
Object Existence,178,A,A,A,1,1,64,A
Object Existence,179,A,A,A,1,1,64,A) no
Object Existence,180,B,B,B,1,1,64,B
Object Existence,181,C,C,C,1,1,64,C) yes
Object Existence,182,C,C,C,1,1,64,C) no
Object Existence,183,A,A,A,1,1,64,A) no
Object Existence,184,C,C,C,1,1,64,C) yes
Object Existence,185,B,B,B,1,1,64,B
Object Existence,186,A,A,A,1,1,64,A
Object Existence,187,B,B,B,1,1,64,B
Object Existence,188,B,B,B,1,1,64,B
Object Existence,189,C,C,C,1,1,64,C) yes
Object Existence,190,B,B,B,1,1,64,B
Object Existence,191,B,B,B,1,1,64,B
Object Existence,192,C,C,C,1,1,64,C) no
Object Existence,193,C,C,C,1,1,64,C) yes
Object Existence,194,A,A,A,1,1,64,A) no
Object Existence,195,B,B,B,1,1,64,B
Object Existence,196,B,B,B,1,1,64,B
Object Existence,197,C,C,C,1,1,64,C) yes
Object Existence,198,C,C,C,1,1,64,C) no
Object Existence,199,A,A,A,1,1,64,A
Object Shuffle,0,B,C,C,0,0,64,C) Under the second object from the left.
Object Shuffle,1,C,C,C,1,1,64,C) Under the second object from the left.
Object Shuffle,2,A,B,B,0,0,64,B) Under the second object from the left.
Object Shuffle,3,A,A,A,1,1,64,A) Under the second object from the left.
Object Shuffle,4,A,B,B,0,0,64,B) Under the second object from the left.
Object Shuffle,5,A,B,B,0,0,64,B) Under the second object from the left.
Object Shuffle,6,C,B,B,0,0,64,B) Under the second object from the left.
Object Shuffle,7,B,B,B,1,1,64,B) Under the second object from the left.
Object Shuffle,8,C,A,A,0,0,64,A) Under the second object from the left.
Object Shuffle,9,B,C,C,0,0,64,C) Under the second object from the left.
Object Shuffle,10,B,C,C,0,0,64,C) Under the second object from the left.
Object Shuffle,11,B,A,A,0,0,64,A) Under the second object from the left.
Object Shuffle,12,C,A,A,0,0,64,A) Under the first object from the left.
Object Shuffle,13,B,B,B,1,1,64,B) Under the second object from the left.
Object Shuffle,14,C,B,B,0,0,64,B) Under the second object from the left.
Object Shuffle,15,A,A,A,1,1,64,A) Under the second object from the left.
Object Shuffle,16,A,B,B,0,0,64,B) Under the third object from the left.
Object Shuffle,17,B,A,A,0,0,64,A) Under the first object from the left.
Object Shuffle,18,C,C,C,1,1,64,C) Under the second object from the left.
Object Shuffle,19,A,B,B,0,0,64,B) Under the second object from the left.
Object Shuffle,20,B,B,B,1,1,64,B) Under the second object from the left.
Object Shuffle,21,C,A,A,0,0,64,A) Under the second object from the left.
Object Shuffle,22,A,A,A,1,1,64,A) Under the second object from the left.
Object Shuffle,23,C,C,C,1,1,64,C) Under the second object from the left.
Object Shuffle,24,A,A,A,1,1,64,A) Under the second object from the left.
Object Shuffle,25,B,A,A,0,0,64,A) Under the second object from the left.
Object Shuffle,26,A,B,B,0,0,64,B) Under the second object from the left.
Object Shuffle,27,A,A,A,1,1,64,A) Under the first object from the left.
Object Shuffle,28,B,A,A,0,0,64,A) Under the second object from the left.
Object Shuffle,29,C,A,A,0,0,64,A) Under the second object from the left.
Object Shuffle,30,C,C,C,1,1,64,C) Under the second object from the left.
Object Shuffle,31,C,B,B,0,0,64,B) Under the second object from the left.
Object Shuffle,32,B,A,A,0,0,64,A) Under the second object from the left.
Object Shuffle,33,A,A,A,1,1,64,A) Under the farthest object from the person.
Object Shuffle,34,C,A,A,0,0,64,A) Under the second object from the left.
Object Shuffle,35,B,B,B,1,1,64,B) Under the second object from the left.
Object Shuffle,36,B,A,A,0,0,64,A) Under the first object from the left.
Object Shuffle,37,B,A,A,0,0,64,A) Under the second object from the left.
Object Shuffle,38,C,C,C,1,1,64,C) Under the second object from the left.
Object Shuffle,39,B,B,B,1,1,64,B) Under the second object from the left.
Object Shuffle,40,C,B,B,0,0,64,B) Under the first object from the left.
Object Shuffle,41,A,B,B,0,0,64,B) Under the first object from the left.
Object Shuffle,42,A,A,A,1,1,64,A) Under the first object from the left.
Object Shuffle,43,C,C,C,1,1,64,C) Under the second object from the left.
Object Shuffle,44,C,A,A,0,0,64,A) Under the second object from the left.
Object Shuffle,45,A,C,C,0,0,64,C) Under the second object from the left.
Object Shuffle,46,B,B,B,1,1,64,B) Under the second object from the left.
Object Shuffle,47,A,B,B,0,0,64,B) Under the first object from the left.
Object Shuffle,48,C,B,B,0,0,64,B) Under the second object from the left.
Object Shuffle,49,B,A,A,0,0,64,A) Under the second object from the left.
Object Shuffle,50,A,C,C,0,0,64,C) Under the second object from the left.
Object Shuffle,51,A,A,A,1,1,64,A) Under the first object from the left.
Object Shuffle,52,B,C,C,0,0,64,C) Under the second object from the left.
Object Shuffle,53,C,C,C,1,1,64,C) Under the second object from the left.
Object Shuffle,54,A,C,C,0,0,64,C) Under the second object from the left.
Object Shuffle,55,A,B,B,0,0,64,B) Under the second object from the left.
Object Shuffle,56,B,C,C,0,0,64,C) Under the second object from the left.
Object Shuffle,57,B,B,B,1,1,64,B) Under the second object from the left.
Object Shuffle,58,A,A,A,1,1,64,A) Under the second object from the left.
Object Shuffle,59,B,A,A,0,0,64,A) Under the second object from the left.
Object Shuffle,60,B,A,A,0,0,64,A) Under the second object from the left.
Object Shuffle,61,B,A,A,0,0,64,A) Under the second object from the left.
Object Shuffle,62,C,C,C,1,1,64,C) Under the second object from the left.
Object Shuffle,63,C,C,C,1,1,64,C) Under the second object from the left.
Object Shuffle,64,C,C,C,1,1,64,C) Under the second object from the left.
Object Shuffle,65,C,A,A,0,0,64,A) Under the farthest object from the person.
Object Shuffle,66,A,B,B,0,0,64,B) Under the second object from the left.
Object Shuffle,67,B,A,A,0,0,64,A) Under the first object from the left.
Object Shuffle,68,A,B,B,0,0,64,B) Under the second object from the left.
Object Shuffle,69,B,A,A,0,0,64,A) Under the second object from the left.
Object Shuffle,70,C,C,C,1,1,64,C) Under the second object from the left.
Object Shuffle,71,A,A,A,1,1,64,A) Under the second object from the left.
Object Shuffle,72,A,B,B,0,0,64,B) Under the second object from the left.
Object Shuffle,73,C,B,B,0,0,64,B) Under the second object from the left.
Object Shuffle,74,C,B,B,0,0,64,B) Under the second object from the left.
Object Shuffle,75,A,B,B,0,0,64,B) Under the second object from the left.
Object Shuffle,76,A,A,A,1,1,64,A) Under the second object from the left.
Object Shuffle,77,C,A,A,0,0,64,A) Under the second object from the left.
Object Shuffle,78,C,C,C,1,1,64,C) Under the second object from the left.
Object Shuffle,79,A,C,C,0,0,64,C) Under the second object from the left.
Object Shuffle,80,B,C,C,0,0,64,C) Under the second object from the left.
Object Shuffle,81,C,C,C,1,1,64,C) Under the second object from the left.
Object Shuffle,82,A,C,C,0,0,64,C) Under the second object from the left.
Object Shuffle,83,B,B,B,1,1,64,B) Under the second object from the left.
Object Shuffle,84,A,B,B,0,0,64,B) Under the second object from the left.
Object Shuffle,85,C,C,C,1,1,64,C) Under the second object from the left.
Object Shuffle,86,C,A,A,0,0,64,A) Under the first object from the left.
Object Shuffle,87,B,A,A,0,0,64,A) Under the second object from the left.
Object Shuffle,88,A,B,B,0,0,64,B) Under the second object from the left.
Object Shuffle,89,B,B,B,1,1,64,B) Under the second object from the left.
Object Shuffle,90,A,A,A,1,1,64,A) Under the first object from the left.
Object Shuffle,91,A,B,B,0,0,64,B) Under the second object from the left.
Object Shuffle,92,C,B,B,0,0,64,B) Under the second object from the left.
Object Shuffle,93,A,C,C,0,0,64,C) Under the second object from the left.
Object Shuffle,94,B,B,B,1,1,64,B) Under the second object from the left.
Object Shuffle,95,A,C,C,0,0,64,C) Under the second object from the left.
Object Shuffle,96,A,A,A,1,1,64,A) Under the second object from the left.
Object Shuffle,97,B,B,B,1,1,64,B) Under the second object from the left.
Object Shuffle,98,A,A,A,1,1,64,A) Under the farthest object from the person.
Object Shuffle,99,C,A,A,0,0,64,A) Under the second object from the left.
Object Shuffle,100,C,A,A,0,0,64,A) Under the first object from the left.
Object Shuffle,101,B,B,B,1,1,64,B) Under the second object from the left.
Object Shuffle,102,A,A,A,1,1,64,A) Under the first object from the left.
Object Shuffle,103,B,A,A,0,0,64,A) Under the second object from the left.
Object Shuffle,104,C,A,A,0,0,64,A) Under the second object from the left.
Object Shuffle,105,B,B,B,1,1,64,B) Under the second object from the left.
Object Shuffle,106,A,A,A,1,1,64,A) Under the second object from the left.
Object Shuffle,107,B,C,C,0,0,64,C) Under the second object from the left.
Object Shuffle,108,B,A,A,0,0,64,A) Under the second object from the left.
Object Shuffle,109,A,B,B,0,0,64,B) Under the second object from the left.
Object Shuffle,110,B,A,A,0,0,64,A) Under the second object from the left.
Object Shuffle,111,C,A,A,0,0,64,A) Under the second object from the left.
Object Shuffle,112,A,A,A,1,1,64,A) Under the second object from the left.
Object Shuffle,113,C,C,C,1,1,64,C) Under the second object from the left.
Object Shuffle,114,C,C,C,1,1,64,C) Under the second object from the left.
Object Shuffle,115,A,A,A,1,1,64,A) Under the first object from the left.
Object Shuffle,116,C,A,A,0,0,64,A) Under the second object from the left.
Object Shuffle,117,A,A,A,1,1,64,A) Under the second object from the left.
Object Shuffle,118,C,C,C,1,1,64,C) Under the second object from the left.
Object Shuffle,119,B,C,C,0,0,64,C) Under the second object from the left.
Object Shuffle,120,A,A,A,1,1,64,A) Under the second object from the left.
Object Shuffle,121,C,A,A,0,0,64,A) Under the second object from the left.
Object Shuffle,122,C,C,C,1,1,64,C) Under the second object from the left.
Object Shuffle,123,A,B,B,0,0,64,B) Under the first object from the left.
Object Shuffle,124,A,A,A,1,1,64,A) Under the first object from the left.
Object Shuffle,125,A,A,A,1,1,64,A) Under the second object from the left.
Object Shuffle,126,B,A,A,0,0,64,A) Under the second object from the left.
Object Shuffle,127,A,B,B,0,0,64,B) Under the second object from the left.
Object Shuffle,128,A,B,B,0,0,64,B) Under the second object from the left.
Object Shuffle,129,C,C,C,1,1,64,C) Under the second object from the left.
Object Shuffle,130,B,B,B,1,1,64,B) Under the second object from the left.
Object Shuffle,131,B,B,B,1,1,64,B) Under the second object from the left.
Object Shuffle,132,B,B,B,1,1,64,B) Under the second object from the left.
Object Shuffle,133,C,C,C,1,1,64,C) Under the first object from the left.
Object Shuffle,134,B,B,B,1,1,64,B) Under the second object from the left.
Object Shuffle,135,C,A,A,0,0,64,A) Under the second object from the left.
Object Shuffle,136,A,B,B,0,0,64,B) Under the first object from the left.
Object Shuffle,137,C,B,B,0,0,64,B) Under the second object from the left.
Object Shuffle,138,A,C,C,0,0,64,C) Under the second object from the left.
Object Shuffle,139,A,A,A,1,1,64,A) Under the second object from the left.
Object Shuffle,140,B,C,C,0,0,64,C) Under the second object from the left.
Object Shuffle,141,C,C,C,1,1,64,C) Under the second object from the left.
Object Shuffle,142,C,A,A,0,0,64,A) Under the second object from the left.
Object Shuffle,143,A,B,B,0,0,64,B) Under the second object from the left.
Object Shuffle,144,A,A,A,1,1,64,A) Under the second object from the left.
Object Shuffle,145,A,B,B,0,0,64,B) Under the first object from the left.
Object Shuffle,146,A,B,B,0,0,64,B) Under the second object from the left.
Object Shuffle,147,A,A,A,1,1,64,A) Under the second object from the left.
Object Shuffle,148,A,C,C,0,0,64,C) Under the second object from the left.
Object Shuffle,149,C,A,A,0,0,64,A) Under the second object from the left.
Object Shuffle,150,B,B,B,1,1,64,B) Under the second object from the left.
Object Shuffle,151,C,C,C,1,1,64,C) Under the middle object.
Object Shuffle,152,A,A,A,1,1,64,A) Under the second object from the left.
Object Shuffle,153,A,A,A,1,1,64,A) Under the middle object.
Object Shuffle,154,C,A,A,0,0,64,A) Under the second object from the left.
Object Shuffle,155,B,A,A,0,0,64,A) Under the second object from the left.
Object Shuffle,156,A,A,A,1,1,64,A) Under the second object from the left.
Object Shuffle,157,A,A,A,1,1,64,A) Under the middle object.
Object Shuffle,158,A,B,B,0,0,64,B) Under the second object from the left.
Object Shuffle,159,A,A,A,1,1,64,A) Under the first object from the left.
Object Shuffle,160,B,C,C,0,0,64,C) Under the second object from the left.
Object Shuffle,161,A,B,B,0,0,64,B) Under the second object from the left.
Object Shuffle,162,B,B,B,1,1,64,B) Under the farthest object from the person.
Object Shuffle,163,A,A,A,1,1,64,A) Under the middle object.
Object Shuffle,164,B,C,C,0,0,64,C) Under the second object from the left.
Object Shuffle,165,A,B,B,0,0,64,B) Under the second object from the left.
Object Shuffle,166,A,C,C,0,0,64,C) Under the second object from the left.
Object Shuffle,167,B,C,C,0,0,64,C) Under the second object from the left.
Object Shuffle,168,C,B,B,0,0,64,B) Under the second object from the left.
Object Shuffle,169,B,C,C,0,0,64,C) Under the second object from the left.
Object Shuffle,170,A,C,C,0,0,64,C) Under the second object from the left.
Object Shuffle,171,A,C,C,0,0,64,C) Under the second object from the left.
Object Shuffle,172,A,B,B,0,0,64,B) Under the second object from the left.
Object Shuffle,173,A,C,C,0,0,64,C) Under the second object from the left.
Object Shuffle,174,C,A,A,0,0,64,A) Under the first object from the left.
Object Shuffle,175,C,A,A,0,0,64,A) Under the second object from the left.
Object Shuffle,176,A,A,A,1,1,64,A) Under the second object from the left.
Object Shuffle,177,C,B,B,0,0,64,B) Under the farthest object from the person.
Object Shuffle,178,B,C,C,0,0,64,C) Under the second object from the left.
Object Shuffle,179,A,A,A,1,1,64,A) Under the second object from the left.
Object Shuffle,180,C,B,B,0,0,64,B) Under the second object from the left.
Object Shuffle,181,B,B,B,1,1,64,B) Under the second object from the left.
Object Shuffle,182,C,A,A,0,0,64,A) Under the second object from the left.
Object Shuffle,183,C,A,A,0,0,64,A) Under the farthest object from the person.
Object Shuffle,184,C,C,C,1,1,64,C) Under the second object from the left.
Object Shuffle,185,C,C,C,1,1,64,C) Under the second object from the left.
Object Shuffle,186,C,A,A,0,0,64,A) Under the second object from the left.
Object Shuffle,187,A,B,B,0,0,64,B) Under the second object from the left.
Object Shuffle,188,C,A,A,0,0,64,A) Under the third object from the left.
Object Shuffle,189,B,B,B,1,1,64,B) Under the second object from the left.
Object Shuffle,190,A,B,B,0,0,64,B) Under the first object from the left.
Object Shuffle,191,C,C,C,1,1,64,C) Under the second object from the left.
Object Shuffle,192,A,B,B,0,0,64,B) Under the second object from the left.
Object Shuffle,193,B,B,B,1,1,64,B) Under the second object from the left.
Object Shuffle,194,C,B,B,0,0,64,B) Under the second object from the left.
Object Shuffle,195,C,A,A,0,0,64,A) Under the second object from the left.
Object Shuffle,196,A,A,A,1,1,64,A) Under the middle object.
Object Shuffle,197,C,B,B,0,0,64,B) Under the second object from the left.
Object Shuffle,198,C,C,C,1,1,64,C) Under the closest object to the person.
Object Shuffle,199,B,A,A,0,0,64,A) Under the second object from the left.
Moving Direction,0,A,A,A,1,1,64,A) The object is stationary.
Moving Direction,1,D,A,A,0,0,64,A) Up and to the right.
Moving Direction,2,D,A,A,0,0,64,A) Up and to the right.
Moving Direction,3,B,A,A,0,0,64,A) Up and to the right.
Moving Direction,4,A,A,A,1,1,64,A) The object is stationary.
Moving Direction,5,B,B,B,1,1,64,B
Moving Direction,6,B,B,B,1,1,64,B. The object is stationary.
Moving Direction,7,B,A,A,0,0,64,A) Down and to the right.
Moving Direction,8,D,C,C,0,0,64,C) Up and to the right.
Moving Direction,9,D,D,D,1,1,64,D) Up and to the right.
Moving Direction,10,B,B,B,1,1,64,B
Moving Direction,11,B,B,B,1,1,64,B
Moving Direction,12,A,A,A,1,1,64,A) The object is stationary.
Moving Direction,13,A,D,D,0,0,64,D) Up and to the right.
Moving Direction,14,C,A,A,0,0,64,A) The object is stationary.
Moving Direction,15,B,B,B,1,1,64,B
Moving Direction,16,A,A,A,1,1,64,A) Up and to the right.
Moving Direction,17,D,D,D,1,1,64,D) The object is stationary.
Moving Direction,18,C,A,A,0,0,64,A) Up and to the right.
Moving Direction,19,B,C,C,0,0,64,C) Down and to the right.
Moving Direction,20,A,A,A,1,1,64,A) Up and to the right.
Moving Direction,21,C,B,B,0,0,64,B) Up and to the right.
Moving Direction,22,C,A,A,0,0,64,A) Up and to the right.
Moving Direction,23,D,C,C,0,0,64,C) Down and to the right.
Moving Direction,24,A,A,A,1,1,64,A) The object is stationary.
Moving Direction,25,B,B,B,1,1,64,B
Moving Direction,26,A,A,A,1,1,64,A
Moving Direction,27,D,D,D,1,1,64,D) The object is stationary.
Moving Direction,28,A,B,B,0,0,64,B
Moving Direction,29,B,B,B,1,1,64,B. The object is stationary.
Moving Direction,30,D,A,A,0,0,64,A) Up and to the right.
Moving Direction,31,D,B,B,0,0,64,B
Moving Direction,32,D,D,D,1,1,64,D) The object is stationary.
Moving Direction,33,A,B,B,0,0,64,B
Moving Direction,34,C,C,C,1,1,64,C) The object is stationary.
Moving Direction,35,D,A,A,0,0,64,A) Up and to the left.
Moving Direction,36,A,C,C,0,0,64,C) Up and to the right.
Moving Direction,37,B,B,B,1,1,64,B
Moving Direction,38,B,A,A,0,0,64,A) Up and to the right.
Moving Direction,39,D,D,D,1,1,64,D) The object is stationary.
Moving Direction,40,A,C,C,0,0,64,C) Down and to the right.
Moving Direction,41,D,B,B,0,0,64,B
Moving Direction,42,D,B,B,0,0,64,B
Moving Direction,43,D,D,D,1,1,64,D) The object is stationary.
Moving Direction,44,A,A,A,1,1,64,A) The object is stationary.
Moving Direction,45,A,A,A,1,1,64,A) Down and to the right.
Moving Direction,46,B,B,B,1,1,64,B.
Moving Direction,47,A,B,B,0,0,64,B
Moving Direction,48,C,C,C,1,1,64,C) Up and to the left.
Moving Direction,49,A,D,D,0,0,64,D) Up and to the right.
Moving Direction,50,C,A,A,0,0,64,A) Up and to the left.
Moving Direction,51,C,B,B,0,0,64,B
Moving Direction,52,B,A,A,0,0,64,A) Down and to the right.
Moving Direction,53,B,B,B,1,1,64,B
Moving Direction,54,A,A,A,1,1,64,A) The object is stationary.
Moving Direction,55,A,B,B,0,0,64,B
Moving Direction,56,D,B,B,0,0,64,B
Moving Direction,57,C,A,A,0,0,64,A) Up and to the left.
Moving Direction,58,D,A,A,0,0,64,A
Moving Direction,59,C,C,C,1,1,64,C) Down and to the right.
Moving Direction,60,D,A,A,0,0,64,A) Up and to the right.
Moving Direction,61,D,D,D,1,1,64,D) Up and to the right.
Moving Direction,62,D,B,B,0,0,64,B
Moving Direction,63,B,B,B,1,1,64,B. The object is stationary.
Moving Direction,64,B,B,B,1,1,64,B
Moving Direction,65,D,A,A,0,0,64,A) Up and to the right.
Moving Direction,66,B,C,C,0,0,64,C) Up and to the right.
Moving Direction,67,C,C,C,1,1,64,C) Up and to the right.
Moving Direction,68,D,D,D,1,1,64,D) The object is stationary.
Moving Direction,69,C,A,A,0,0,64,A) Up and to the right.
Moving Direction,70,B,B,B,1,1,64,B) Down and to the left.
Moving Direction,71,B,C,C,0,0,64,C) Down and to the right.
Moving Direction,72,A,A,A,1,1,64,A) Down and to the left.
Moving Direction,73,C,A,A,0,0,64,A) Up and to the right.
Moving Direction,74,C,D,D,0,0,64,D) Up and to the right.
Moving Direction,75,A,C,C,0,0,64,C) Up and to the right.
Moving Direction,76,B,B,B,1,1,64,B) Down and to the right.
Moving Direction,77,C,A,A,0,0,64,A) Up and to the right.
Moving Direction,78,C,C,C,1,1,64,C) Up and to the right.
Moving Direction,79,C,B,B,0,0,64,B
Moving Direction,80,B,C,C,0,0,64,C) Up and to the right.
Moving Direction,81,A,A,A,1,1,64,A) Up and to the left.
Moving Direction,82,A,B,B,0,0,64,B) Up and to the right.
Moving Direction,83,C,C,C,1,1,64,C) The object is stationary.
Moving Direction,84,A,A,A,1,1,64,A) Up and to the right.
Moving Direction,85,A,A,A,1,1,64,A) The object is stationary.
Moving Direction,86,A,C,C,0,0,64,C) Up and to the right.
Moving Direction,87,B,C,C,0,0,64,C) Up and to the left.
Moving Direction,88,A,C,C,0,0,64,C) Up and to the right.
Moving Direction,89,A,A,A,1,1,64,A) Up and to the right.
Moving Direction,90,C,C,C,1,1,64,C) Up and to the right.
Moving Direction,91,A,A,A,1,1,64,A) Up and to the left.
Moving Direction,92,C,C,C,1,1,64,C) Up and to the right.
Moving Direction,93,B,B,B,1,1,64,B. The object is stationary.
Moving Direction,94,D,D,D,1,1,64,D) The object is stationary.
Moving Direction,95,B,B,B,1,1,64,B.
Moving Direction,96,D,B,B,0,0,64,B
Moving Direction,97,B,B,B,1,1,64,B
Moving Direction,98,D,D,D,1,1,64,D) The object is stationary.
Moving Direction,99,C,C,C,1,1,64,C) Down and to the right.
Moving Direction,100,B,D,D,0,0,64,D) Up and to the right.
Moving Direction,101,C,C,C,1,1,64,C) The object is stationary.
Moving Direction,102,C,B,B,0,0,64,B
Moving Direction,103,C,C,C,1,1,64,C) Down and to the right.
Moving Direction,104,D,D,D,1,1,64,D) The object is stationary.
Moving Direction,105,C,C,C,1,1,64,C) The object is stationary.
Moving Direction,106,A,B,B,0,0,64,B
Moving Direction,107,D,A,A,0,0,64,A) Up and to the right.
Moving Direction,108,B,A,A,0,0,64,A) Down and to the right.
Moving Direction,109,A,D,D,0,0,64,D) Up and to the right.
Moving Direction,110,D,C,C,0,0,64,C) Up and to the right.
Moving Direction,111,A,A,A,1,1,64,A) The object is stationary.
Moving Direction,112,A,B,B,0,0,64,B) Down and to the right.
Moving Direction,113,C,B,B,0,0,64,B
Moving Direction,114,B,A,A,0,0,64,A) Up and to the right.
Moving Direction,115,B,B,B,1,1,64,B.
Moving Direction,116,C,A,A,0,0,64,A) Up and to the right.
Moving Direction,117,A,C,C,0,0,64,C) Down and to the right.
Moving Direction,118,A,A,A,1,1,64,A) Up and to the right.
Moving Direction,119,B,B,B,1,1,64,B) Down and to the left.
Moving Direction,120,B,B,B,1,1,64,B) Up and to the right.
Moving Direction,121,B,B,B,1,1,64,B) Up and to the right.
Moving Direction,122,B,A,A,0,0,64,A) Down and to the right.
Moving Direction,123,C,C,C,1,1,64,C) The object is stationary.
Moving Direction,124,D,D,D,1,1,64,D) The object is stationary.
Moving Direction,125,A,A,A,1,1,64,A) The object is stationary.
Moving Direction,126,C,C,C,1,1,64,C) Up and to the right.
Moving Direction,127,C,C,C,1,1,64,C) The object is stationary.
Moving Direction,128,C,C,C,1,1,64,C) The object is stationary.
Moving Direction,129,C,A,A,0,0,64,A) Up and to the right.
Moving Direction,130,A,A,A,1,1,64,A) Up and to the right.
Moving Direction,131,D,D,D,1,1,64,D) The object is stationary.
Moving Direction,132,B,A,A,0,0,64,A) Up and to the right.
Moving Direction,133,C,B,B,0,0,64,B
Moving Direction,134,C,C,C,1,1,64,C) Up and to the right.
Moving Direction,135,A,C,C,0,0,64,C) Down and to the right.
Moving Direction,136,C,C,C,1,1,64,C) The object is stationary.
Moving Direction,137,A,A,A,1,1,64,A) The object is stationary.
Moving Direction,138,A,D,D,0,0,64,D) Up and to the left.
Moving Direction,139,A,A,A,1,1,64,A) Up and to the right.
Moving Direction,140,B,B,B,1,1,64,B
Moving Direction,141,B,B,B,1,1,64,B
Moving Direction,142,A,A,A,1,1,64,A) The object is stationary.
Moving Direction,143,D,D,D,1,1,64,D) The object is stationary.
Moving Direction,144,B,B,B,1,1,64,B
Moving Direction,145,D,A,A,0,0,64,A
Moving Direction,146,A,D,D,0,0,64,D) Up and to the right.
Moving Direction,147,B,B,B,1,1,64,B.
Moving Direction,148,A,A,A,1,1,64,A) Up and to the right.
Moving Direction,149,C,C,C,1,1,64,C) Up and to the right.
Moving Direction,150,C,B,B,0,0,64,B) Up and to the right.
Moving Direction,151,D,B,B,0,0,64,B
Moving Direction,152,D,B,B,0,0,64,B
Moving Direction,153,A,A,A,1,1,64,A
Moving Direction,154,D,D,D,1,1,64,D) The object is stationary.
Moving Direction,155,B,C,C,0,0,64,C) Up and to the right.
Moving Direction,156,B,B,B,1,1,64,B. The object is stationary.
Moving Direction,157,B,B,B,1,1,64,B
Moving Direction,158,B,B,B,1,1,64,B. The object is stationary.
Moving Direction,159,B,A,A,0,0,64,A) Up and to the right.
Moving Direction,160,A,A,A,1,1,64,A) The object is stationary.
Moving Direction,161,C,C,C,1,1,64,C) The object is stationary.
Moving Direction,162,A,A,A,1,1,64,A) Up and to the right.
Moving Direction,163,D,A,A,0,0,64,A) Up and to the left.
Moving Direction,164,D,C,C,0,0,64,C) Up and to the right.
Moving Direction,165,C,C,C,1,1,64,C) Up and to the left.
Moving Direction,166,D,D,D,1,1,64,D) Up and to the right.
Moving Direction,167,D,D,D,1,1,64,D) Up and to the right.
Moving Direction,168,A,B,B,0,0,64,B
Moving Direction,169,C,C,C,1,1,64,C) The object is stationary.
Moving Direction,170,A,B,B,0,0,64,B
Moving Direction,171,C,A,A,0,0,64,A) Up and to the right.
Moving Direction,172,A,A,A,1,1,64,A) Down and to the right.
Moving Direction,173,D,D,D,1,1,64,D) The object is stationary.
Moving Direction,174,D,D,D,1,1,64,D) Up and to the right.
Moving Direction,175,C,C,C,1,1,64,C) The object is stationary.
Moving Direction,176,C,A,A,0,0,64,A) Up and to the right.
Moving Direction,177,A,C,C,0,0,64,C) Up and to the right.
Moving Direction,178,B,A,A,0,0,64,A) Down and to the left.
Moving Direction,179,B,B,B,1,1,64,B
Moving Direction,180,B,D,D,0,0,64,D) Up and to the right.
Moving Direction,181,B,B,B,1,1,64,B. The object is stationary.
Moving Direction,182,B,B,B,1,1,64,B
Moving Direction,183,B,B,B,1,1,64,B
Moving Direction,184,C,A,A,0,0,64,A) Down and to the right.
Moving Direction,185,C,A,A,0,0,64,A
Moving Direction,186,B,C,C,0,0,64,C) Up and to the right.
Moving Direction,187,C,A,A,0,0,64,A) Down and to the right.
Moving Direction,188,A,A,A,1,1,64,A) The object is stationary.
Moving Direction,189,A,A,A,1,1,64,A) The object is stationary.
Moving Direction,190,C,C,C,1,1,64,C) Up and to the right.
Moving Direction,191,B,C,C,0,0,64,C) Down and to the right.
Moving Direction,192,C,C,C,1,1,64,C) The object is stationary.
Moving Direction,193,A,C,C,0,0,64,C) Down and to the right.
Moving Direction,194,D,D,D,1,1,64,D) The object is stationary.
Moving Direction,195,A,B,B,0,0,64,B
Moving Direction,196,C,B,B,0,0,64,B
Moving Direction,197,B,B,B,1,1,64,B
Moving Direction,198,A,B,B,0,0,64,B
Moving Direction,199,C,B,B,0,0,64,B
Scene Transition,0,C,B,B,0,0,64,B) From the kitchen to the dining area.
Scene Transition,1,D,D,D,1,1,64,D) From the creek to the stairs.
Scene Transition,2,A,A,A,1,1,64,A) From Dreadnought to Death Island.
Scene Transition,3,D,D,D,1,1,64,D) From the library to the conference room.
Scene Transition,4,C,C,C,1,1,64,C) From inside the bar to outside the bar.
Scene Transition,5,B,B,B,1,1,64,B) From the staircase to the gangway.
Scene Transition,6,A,A,A,1,1,64,A) From the French-Chinese home to the interview scene.
Scene Transition,7,A,A,A,1,1,64,A) From indoors to outdoors.
Scene Transition,8,C,C,C,1,1,64,C) From the broadcast room to the prison yard.
Scene Transition,9,B,B,B,1,1,64,B
Scene Transition,10,D,B,B,0,0,64,B) From the city to the countryside.
Scene Transition,11,C,B,B,0,0,64,B) From the kitchen to the backyard.
Scene Transition,12,C,C,C,1,1,64,C) From the elevator to the front of the Prophet's house.1.
Scene Transition,13,A,A,A,1,1,64,A) From the school bus to the playground.
Scene Transition,14,D,D,D,1,1,64,D) From the classroom to the projection room.
Scene Transition,15,A,A,A,1,1,64,A) From the land to the sea.
Scene Transition,16,C,C,C,1,1,64,C) From the suburban road to the helicopter above.1.
Scene Transition,17,D,D,D,1,1,64,D) From upstairs to the cabin.
Scene Transition,18,D,C,C,0,0,64,C) From the office to the parking lot.
Scene Transition,19,A,A,A,1,1,64,A) From Linggu to a room.
Scene Transition,20,B,B,B,1,1,64,B) From the fire scene to above the plane.
Scene Transition,21,D,D,D,1,1,64,D) From spaceship to Earth.
Scene Transition,22,C,C,C,1,1,64,C) From the street to the interior of the restaurant.
Scene Transition,23,C,C,C,1,1,64,C) From the kitchen to the hallway.
Scene Transition,24,D,D,D,1,1,64,D) From room to spaceship.
Scene Transition,25,A,A,A,1,1,64,A) From the car to the Nash's house.
Scene Transition,26,A,A,A,1,1,64,A) From the ground to the rooftop.
Scene Transition,27,A,A,A,1,1,64,A) From the room to the warehouse yard.
Scene Transition,28,C,C,C,1,1,64,C) From conversation scene to street scene.
Scene Transition,29,A,A,A,1,1,64,A) From the outside street to the inside office.
Scene Transition,30,C,C,C,1,1,64,C) From the airport to a room in New York City.
Scene Transition,31,D,C,C,0,0,64,C) From the office to the park.
Scene Transition,32,A,A,A,1,1,64,A) From the alley to the room.
Scene Transition,33,C,C,C,1,1,64,C) From outside to inside.
Scene Transition,34,A,A,A,1,1,64,A) From the house to the train.
Scene Transition,35,A,A,A,1,1,64,A) From outdoors to the restaurant.
Scene Transition,36,D,D,D,1,1,64,D) From Parker's room to the yard.
Scene Transition,37,D,D,D,1,1,64,D) From Taylor's room to the parking lot of the building.
Scene Transition,38,A,A,A,1,1,64,A) From home to outside.
Scene Transition,39,A,A,A,1,1,64,A) From Su San's thoughts to the scene outside the prison.
Scene Transition,40,A,A,A,1,1,64,A) From the room of Bi Ji to the town.
Scene Transition,41,C,C,C,1,1,64,C) From the city wall to the Fogwood Forest.
Scene Transition,42,A,A,A,1,1,64,A) From the entrance to the elevator to the entrance of the park.
Scene Transition,43,A,A,A,1,1,64,A) From home to the grassland.
Scene Transition,44,C,C,C,1,1,64,C) From New Orleans to the interior of a villa.
Scene Transition,45,B,B,B,1,1,64,B) From the kitchen to the rooftop.
Scene Transition,46,B,B,B,1,1,64,B) From the room to the street.
Scene Transition,47,C,C,C,1,1,64,C) From the street to the carriage.
Scene Transition,48,A,D,D,0,0,64,D) From the cafe to David's villa.
Scene Transition,49,C,C,C,1,1,64,C) From the surroundings to the secret chamber in the castle.
Scene Transition,50,C,C,C,1,1,64,C) From outside the city gate to inside the castle.1.
Scene Transition,51,B,B,B,1,1,64,B) From the edge of the flower garden to outside the Parker's house.
Scene Transition,52,A,A,A,1,1,64,A) From the road to the hotel.
Scene Transition,53,C,C,C,1,1,64,"C). FromTrue, from the Monkey King to the Bull Demon King.1."
Scene Transition,54,A,A,A,1,1,64,A) From outdoors to indoors.
Scene Transition,55,D,B,B,0,0,64,B) From a city to a countryside cottage.
Scene Transition,56,A,A,A,1,1,64,A) From the room to the city street.
Scene Transition,57,C,C,C,1,1,64,C) From the bottom of the ship to the ship's cabin.
Scene Transition,58,A,A,A,1,1,64,A) From the street to the temple fair.
Scene Transition,59,A,A,A,1,1,64,A) From the courtroom to the prison.
Scene Transition,60,B,B,B,1,1,64,B
Scene Transition,61,C,C,C,1,1,64,C) From outside to inside the house.
Scene Transition,62,A,A,A,1,1,64,A) From the doctor's office to the street.
Scene Transition,63,B,B,B,1,1,64,B) From the crowd to the sewer.
Scene Transition,64,B,B,B,1,1,64,B) From the dining table to the entrance of a fast-food restaurant.
Scene Transition,65,B,B,B,1,1,64,B) From room to ocean.
Scene Transition,66,A,A,A,1,1,64,A) From the rooftop to the bank.
Scene Transition,67,A,A,A,1,1,64,A) From Scarlett's house to New Orleans.1.
Scene Transition,68,C,C,C,1,1,64,C) From the blacksmith shop to the prison.
Scene Transition,69,D,D,D,1,1,64,D) From the school to the bathroom.
Scene Transition,70,C,C,C,1,1,64,C) From the elevator to the cockpit.
Scene Transition,71,C,C,C,1,1,64,C) From Mertok to the shore.
Scene Transition,72,D,D,D,1,1,64,D) From the doorbell to the indoors.
Scene Transition,73,C,C,C,1,1,64,C) From the basketball court to the grassland.
Scene Transition,74,B,B,B,1,1,64,B
Scene Transition,75,A,A,A,1,1,64,A) From the hole to the endless corridor.
Scene Transition,76,A,A,A,1,1,64,A) From the office to the airport terminal.
Scene Transition,77,D,A,A,0,0,64,A) From the beach to home.
Scene Transition,78,A,B,B,0,0,64,B) From the office to the park.
Scene Transition,79,B,B,B,1,1,64,B
Scene Transition,80,C,C,C,1,1,64,C) From the barbershop to the front of the glass window.
Scene Transition,81,A,A,A,1,1,64,A) From Susan's grave to the house.
Scene Transition,82,B,B,B,1,1,64,B) From the room to the outside of the building.
Scene Transition,83,D,D,D,1,1,64,D) From the bedroom to the telephone booth.
Scene Transition,84,D,D,D,1,1,64,D) From the beach to the restroom.
Scene Transition,85,C,C,C,1,1,64,C) From outside to inside the restaurant.
Scene Transition,86,C,C,C,1,1,64,C) From the sofa to the window.
Scene Transition,87,D,D,D,1,1,64,D) From the window to the breakfast table in the morning.
Scene Transition,88,B,B,B,1,1,64,B
Scene Transition,89,A,A,A,1,1,64,A) From the stairway to the night market on the other side of the river.
Scene Transition,90,B,B,B,1,1,64,B) From Bryce's house to the street.
Scene Transition,91,B,B,B,1,1,64,B. From the wall to the boat.
Scene Transition,92,A,B,B,0,0,64,B) From the mountains to the conference room.
Scene Transition,93,C,C,C,1,1,64,C) From the first floor to the second floor.
Scene Transition,94,C,C,C,1,1,64,C) From the room to the front porch.
Scene Transition,95,D,D,D,1,1,64,D) From the rooftop to the manager's office.
Scene Transition,96,B,B,B,1,1,64,B) From shoes to the building.
Scene Transition,97,C,C,C,1,1,64,C) From outdoor to indoor.
Scene Transition,98,A,A,A,1,1,64,A) From Shawn's car to a classroom.
Scene Transition,99,B,B,B,1,1,64,B) From a small boat to the royal harbor.
Scene Transition,100,A,A,A,1,1,64,A) From the Guptas' home to the airport lobby.1.
Scene Transition,101,A,A,A,1,1,64,A) From inside the car to outside.
Scene Transition,102,A,A,A,1,1,64,A) From beauty to the hotel suite.
Scene Transition,103,B,B,B,1,1,64,B) From the room to the stairs.
Scene Transition,104,D,D,D,1,1,64,D) From the room to the TV.
Scene Transition,105,B,B,B,1,1,64,B) From the carriage to the Bennet's household.
Scene Transition,106,D,D,D,1,1,64,D) From Frodo's pocket to the study balcony.
Scene Transition,107,B,B,B,1,1,64,B) From the cabin to the boiler room.
Scene Transition,108,D,D,D,1,1,64,D) From the campus to Mevis Prison.
Scene Transition,109,C,C,C,1,1,64,C) From Eve's room to the front of the amusement park.
Scene Transition,110,D,D,D,1,1,64,D) From the Imperial Stable to the Heavenly Palace Cloud.
Scene Transition,111,C,C,C,1,1,64,C) From dreams to the hotel lobby.1.
Scene Transition,112,B,B,B,1,1,64,B) From the restroom to room 4.
Scene Transition,113,D,D,D,1,1,64,D) From the staircase to the church.
Scene Transition,114,D,D,D,1,1,64,D) From the roof to an unknown location.
Scene Transition,115,C,C,C,1,1,64,C) From a building to the interior of the building.
Scene Transition,116,B,B,B,1,1,64,B) From the room to the banquet scene.
Scene Transition,117,A,A,A,1,1,64,A) From Sengel to Rohan.
Scene Transition,118,C,C,C,1,1,64,C) From True to Chongqing Tower.
Scene Transition,119,D,D,D,1,1,64,D) From the elevator to the robot channel.
Scene Transition,120,C,C,C,1,1,64,C) From the street to the train station.
Scene Transition,121,A,A,A,1,1,64,A) From the entrance of the cave to the interior of the cave.
Scene Transition,122,C,C,C,1,1,64,C) From rice paddy to big tree.
Scene Transition,123,A,A,A,1,1,64,A) From the Jade Emperor's Palace to Flower-Fruit Mountain.
Scene Transition,124,C,C,C,1,1,64,C) From the wall to the elevator.
Scene Transition,125,D,D,D,1,1,64,D) From Atlanta to Gettysburg.
Scene Transition,126,A,B,B,0,0,64,"B) From the security room to the school cafeteria.True,"
Scene Transition,127,D,D,D,1,1,64,D) From behind the rock to the shore.
Scene Transition,128,A,A,A,1,1,64,A) From the office to the window.
Scene Transition,129,B,B,B,1,1,64,B) From the police station to the warehouse.
Scene Transition,130,B,B,B,1,1,64,B) From elevator cabin to tower interior.
Scene Transition,131,A,B,B,0,0,64,B
Scene Transition,132,C,C,C,1,1,64,C) From prison to the bus.
Scene Transition,133,A,A,A,1,1,64,A) From the road to the van.
Scene Transition,134,A,A,A,1,1,64,A) From outside the window to the kitchen inside the house.
Scene Transition,135,D,D,D,1,1,64,D) From Ikea to Parker home.
Scene Transition,136,A,C,C,0,0,64,C) From the classroom to the library.
Scene Transition,137,A,A,A,1,1,64,A) From outside the train to the piano stage.
Scene Transition,138,C,C,C,1,1,64,C) From the airport to New York.
Scene Transition,139,A,A,A,1,1,64,A) From the room to the hospital corridor.
Scene Transition,140,A,A,A,1,1,64,A) From the sheriff's office to the streets.
Scene Transition,141,D,D,D,1,1,64,D) From the stairs to outside of the ship.1.
Scene Transition,142,A,A,A,1,1,64,A) From the fishing vessel to the yacht club.
Scene Transition,143,D,D,D,1,1,64,D) From Mondan's room to the sound of singing.
Scene Transition,144,D,D,D,1,1,64,D) From the bed to the train station.
Scene Transition,145,C,C,C,1,1,64,C) From the bedside to the embassy.
Scene Transition,146,B,B,B,1,1,64,B) From Saito's room to the airport.
Scene Transition,147,C,C,C,1,1,64,C) From the hospital corridor to the hospital entrance.
Scene Transition,148,C,C,C,1,1,64,C) From the staircase landing to the cafeteria entrance.
Scene Transition,149,B,B,B,1,1,64,B.
Scene Transition,150,C,C,C,1,1,64,C) From the home of Jiang Renhao to the Department of Education.
Scene Transition,151,A,A,A,1,1,64,A) From the stairs to the sunshine.
Scene Transition,152,B,B,B,1,1,64,B) From the courtroom to the prison.
Scene Transition,153,A,A,A,1,1,64,A) From indoors to garden scene.
Scene Transition,154,B,B,B,1,1,64,"B) From【True, from the bedroom to the living room.】1."
Scene Transition,155,C,C,C,1,1,64,C) From Loghan to Ganguo.
Scene Transition,156,B,B,B,1,1,64,B) From the office to the hallway.
Scene Transition,157,A,A,A,1,1,64,A) From the ward to the kitchen.
Scene Transition,158,C,B,B,0,0,64,B) From the city to the countryside.
Scene Transition,159,B,B,B,1,1,64,B) From inside the car to the grassland.
Scene Transition,160,B,D,D,0,0,64,D) From the forest to the city.
Scene Transition,161,C,D,D,0,0,64,D) From Paris to Rome.3.
Scene Transition,162,C,C,C,1,1,64,C) From the outside street to the inside of the hotel.
Scene Transition,163,B,B,B,1,1,64,B) From Evan's room to the prison corridor.
Scene Transition,164,A,A,A,1,1,64,A) From outside Liang's apartment to outside a taxi.
Scene Transition,165,A,A,A,1,1,64,A
Scene Transition,166,A,A,A,1,1,64,A) From ZuBao to NiuFu.
Scene Transition,167,A,A,A,1,1,64,A) From home to school.
Scene Transition,168,A,A,A,1,1,64,A) From indoors to a cliff on the mountain.
Scene Transition,169,D,D,D,1,1,64,D) From the castle to the riverside.
Scene Transition,170,A,A,A,1,1,64,A) From the street to the lakeside.
Scene Transition,171,C,C,C,1,1,64,C) From the car to the house.
Scene Transition,172,A,A,A,1,1,64,A) From the manager's office to McDonald's interior.
Scene Transition,173,D,D,D,1,1,64,D) From the skyscraper to the telephone booth.
Scene Transition,174,C,C,C,1,1,64,C) From the decoration shop to the secretary's office.
Scene Transition,175,B,B,B,1,1,64,B) From inside the tent to outside the tent.
Scene Transition,176,D,D,D,1,1,64,D) From the elevator to my own yard.
Scene Transition,177,A,A,A,1,1,64,A) From Taylor's house to Jack's room.
Scene Transition,178,C,C,C,1,1,64,C. From the TV screen to the beach pier.
Scene Transition,179,C,D,D,0,0,64,D) From school to park.
Scene Transition,180,B,B,B,1,1,64,B) From the House room to the Security Department Building.
Scene Transition,181,D,D,D,1,1,64,D) From the carriage to the Bennet household.
Scene Transition,182,B,B,B,1,1,64,B) From A-Pao's house to the newspaper office.
Scene Transition,183,C,C,C,1,1,64,C) From the security room to the front of the corridor.
Scene Transition,184,D,D,D,1,1,64,D) From the living room to the mother's room. 1.
Scene Transition,185,A,A,A,1,1,64,A) From the microphone scene to the walking scene.
Scene Transition,186,B,B,B,1,1,64,B) From the launch pad to space.
Scene Transition,187,B,B,B,1,1,64,B) From Earth to space.
Scene Transition,188,C,C,C,1,1,64,C) From Kelly's house to the girls' dorm bedroom.
Scene Transition,189,B,B,B,1,1,64,B) From indoors to outdoors.
Scene Transition,190,A,A,A,1,1,64,A) From the lawn to the bus platform.
Scene Transition,191,B,B,B,1,1,64,B) From the secretary's office to the elevator.
Scene Transition,192,D,D,D,1,1,64,D) From security guard to principal's office.
Scene Transition,193,B,B,B,1,1,64,B) From the entrance to the boiler room.
Scene Transition,194,A,A,A,1,1,64,A) From the beach to the alleyway.
Scene Transition,195,D,D,D,1,1,64,D) From one cave to another.
Scene Transition,196,A,A,A,1,1,64,"A) From the conversation, we switched to the Tian Gong."
Scene Transition,197,B,B,B,1,1,64,B) From outside the hotel to next to the car.
Scene Transition,198,D,D,D,1,1,64,D) From Molly's cabin to the mirror in front.
Scene Transition,199,A,A,A,1,1,64,A) From the building to the spaceship.
Action Count,0,A,A,A,1,1,64,A
Action Count,1,B,B,B,1,1,64,B
Action Count,2,B,B,B,1,1,64,B
Action Count,3,C,C,C,1,1,64,C) 6
Action Count,4,A,A,A,1,1,64,A) 2
Action Count,5,B,B,B,1,1,64,B
Action Count,6,A,A,A,1,1,64,A) 3
Action Count,7,A,C,C,0,0,64,C) 5
Action Count,8,A,B,B,0,0,64,B
Action Count,9,A,A,A,1,1,64,A) 3
Action Count,10,B,C,C,0,0,64,C) 2
Action Count,11,B,B,B,1,1,64,B
Action Count,12,C,C,C,1,1,64,C) 3
Action Count,13,C,C,C,1,1,64,C) 4
Action Count,14,C,C,C,1,1,64,C) 5
Action Count,15,B,C,C,0,0,64,C) 8
Action Count,16,A,A,A,1,1,64,A
Action Count,17,B,C,C,0,0,64,C) 4
Action Count,18,B,A,A,0,0,64,A
Action Count,19,C,A,A,0,0,64,A) 3
Action Count,20,B,B,B,1,1,64,B
Action Count,21,A,A,A,1,1,64,A) 2
Action Count,22,B,B,B,1,1,64,B
Action Count,23,C,C,C,1,1,64,C) 3
Action Count,24,C,A,A,0,0,64,A) 3
Action Count,25,C,B,B,0,0,64,B
Action Count,26,A,C,C,0,0,64,C) 3
Action Count,27,A,A,A,1,1,64,A) 3
Action Count,28,A,C,C,0,0,64,C
Action Count,29,B,A,A,0,0,64,A) 3
Action Count,30,C,C,C,1,1,64,C) 3
Action Count,31,B,A,A,0,0,64,A) 5
Action Count,32,C,C,C,1,1,64,C) 2
Action Count,33,B,B,B,1,1,64,B
Action Count,34,A,A,A,1,1,64,A
Action Count,35,B,B,B,1,1,64,B
Action Count,36,A,C,C,0,0,64,C) 4
Action Count,37,C,C,C,1,1,64,C) 2
Action Count,38,A,A,A,1,1,64,A) 6
Action Count,39,C,C,C,1,1,64,C) 8
Action Count,40,A,A,A,1,1,64,A
Action Count,41,B,A,A,0,0,64,A
Action Count,42,C,A,A,0,0,64,A) 3
Action Count,43,C,C,C,1,1,64,C) 2
Action Count,44,C,A,A,0,0,64,A) 2
Action Count,45,C,C,C,1,1,64,C) 2
Action Count,46,A,A,A,1,1,64,A) 3
Action Count,47,A,A,A,1,1,64,A) 2
Action Count,48,C,C,C,1,1,64,C) 3
Action Count,49,A,A,A,1,1,64,A) 3
Action Count,50,A,C,C,0,0,64,C) 5
Action Count,51,C,C,C,1,1,64,C) 3
Action Count,52,A,C,C,0,0,64,C) 3
Action Count,53,A,A,A,1,1,64,A) 2
Action Count,54,B,C,C,0,0,64,C) 6
Action Count,55,B,B,B,1,1,64,B
Action Count,56,A,A,A,1,1,64,A) 3
Action Count,57,B,B,B,1,1,64,B
Action Count,58,C,A,A,0,0,64,A) 3
Action Count,59,C,C,C,1,1,64,C) 2
Action Count,60,A,A,A,1,1,64,A) 6
Action Count,61,B,B,B,1,1,64,B
Action Count,62,A,B,B,0,0,64,B
Action Count,63,B,B,B,1,1,64,B
Action Count,64,B,A,A,0,0,64,A) 3
Action Count,65,B,A,A,0,0,64,A) 6
Action Count,66,C,C,C,1,1,64,C) 2
Action Count,67,C,C,C,1,1,64,C) 3
Action Count,68,A,B,B,0,0,64,B
Action Count,69,A,A,A,1,1,64,A
Action Count,70,B,B,B,1,1,64,B
Action Count,71,A,A,A,1,1,64,A) 3
Action Count,72,C,A,A,0,0,64,A) 5
Action Count,73,C,C,C,1,1,64,C) 3
Action Count,74,C,C,C,1,1,64,C) 3
Action Count,75,B,B,B,1,1,64,B
Action Count,76,B,B,B,1,1,64,B
Action Count,77,C,C,C,1,1,64,C) 3
Action Count,78,B,B,B,1,1,64,B
Action Count,79,B,A,A,0,0,64,A
Action Count,80,A,A,A,1,1,64,A) 5
Action Count,81,C,A,A,0,0,64,A) 3
Action Count,82,A,B,B,0,0,64,B
Action Count,83,C,C,C,1,1,64,C) 6
Action Count,84,B,B,B,1,1,64,B
Action Count,85,A,A,A,1,1,64,A) 3
Action Count,86,C,A,A,0,0,64,A) 3
Action Count,87,B,B,B,1,1,64,B
Action Count,88,B,B,B,1,1,64,B
Action Count,89,B,B,B,1,1,64,B
Action Count,90,B,A,A,0,0,64,A
Action Count,91,B,B,B,1,1,64,B
Action Count,92,A,C,C,0,0,64,C) 3
Action Count,93,A,A,A,1,1,64,A) 3
Action Count,94,B,B,B,1,1,64,B
Action Count,95,B,B,B,1,1,64,B
Action Count,96,A,B,B,0,0,64,B
Action Count,97,A,A,A,1,1,64,A) 3
Action Count,98,A,B,B,0,0,64,B
Action Count,99,C,C,C,1,1,64,C) 3
Action Count,100,A,A,A,1,1,64,A) 3
Action Count,101,A,C,C,0,0,64,C) 3
Action Count,102,A,B,B,0,0,64,B
Action Count,103,A,A,A,1,1,64,A) 3
Action Count,104,A,B,B,0,0,64,B
Action Count,105,A,A,A,1,1,64,A) 3
Action Count,106,C,A,A,0,0,64,A) 5
Action Count,107,B,A,A,0,0,64,A
Action Count,108,A,A,A,1,1,64,A) 3
Action Count,109,C,C,C,1,1,64,C) 2
Action Count,110,C,C,C,1,1,64,C) 3
Action Count,111,B,A,A,0,0,64,A
Action Count,112,A,B,B,0,0,64,B
Action Count,113,A,A,A,1,1,64,A) 3
Action Count,114,C,C,C,1,1,64,C) 6
Action Count,115,C,C,C,1,1,64,C) 3
Action Count,116,A,A,A,1,1,64,A
Action Count,117,B,B,B,1,1,64,B
Action Count,118,C,C,C,1,1,64,C) 3
Action Count,119,A,A,A,1,1,64,A) 2
Action Count,120,B,B,B,1,1,64,B
Action Count,121,B,A,A,0,0,64,A
Action Count,122,A,A,A,1,1,64,A
Action Count,123,A,C,C,0,0,64,C) 5
Action Count,124,B,B,B,1,1,64,B
Action Count,125,A,A,A,1,1,64,A
Action Count,126,A,A,A,1,1,64,A
Action Count,127,A,A,A,1,1,64,A
Action Count,128,B,B,B,1,1,64,B
Action Count,129,A,A,A,1,1,64,A) 6
Action Count,130,A,A,A,1,1,64,A
Action Count,131,C,C,C,1,1,64,C) 2
Action Count,132,B,C,C,0,0,64,C) 4
Action Count,133,A,A,A,1,1,64,A) 3
Action Count,134,A,A,A,1,1,64,A) 2
Action Count,135,B,B,B,1,1,64,B
Action Count,136,C,C,C,1,1,64,C) 3
Action Count,137,A,A,A,1,1,64,A) 3
Action Count,138,C,A,A,0,0,64,A
Action Count,139,B,B,B,1,1,64,B
Action Count,140,A,A,A,1,1,64,A
Action Count,141,A,B,B,0,0,64,B
Action Count,142,A,A,A,1,1,64,A) 3
Action Count,143,A,A,A,1,1,64,A) 2
Action Count,144,C,B,B,0,0,64,B
Action Count,145,A,A,A,1,1,64,A) 3
Action Count,146,A,B,B,0,0,64,B
Action Count,147,C,C,C,1,1,64,C) 3
Action Count,148,A,A,A,1,1,64,A
Action Count,149,B,B,B,1,1,64,B
Action Count,150,B,C,C,0,0,64,C) 7
Action Count,151,A,A,A,1,1,64,A
Action Count,152,A,A,A,1,1,64,A) 3
Action Count,153,A,A,A,1,1,64,A) 2
Action Count,154,B,B,B,1,1,64,B
Action Count,155,B,C,C,0,0,64,C
Action Count,156,C,C,C,1,1,64,C) 6
Action Count,157,B,B,B,1,1,64,B
Action Count,158,A,A,A,1,1,64,A
Action Count,159,C,B,B,0,0,64,B
Action Count,160,B,B,B,1,1,64,B
Action Count,161,A,A,A,1,1,64,A
Action Count,162,B,B,B,1,1,64,B
Action Count,163,B,B,B,1,1,64,B
Action Count,164,C,A,A,0,0,64,A
Action Count,165,B,B,B,1,1,64,B
Action Count,166,A,A,A,1,1,64,A) 4
Action Count,167,C,B,B,0,0,64,B
Action Count,168,A,A,A,1,1,64,A) 3
Action Count,169,A,A,A,1,1,64,A
Action Count,170,B,B,B,1,1,64,B
Action Count,171,B,B,B,1,1,64,B
Action Count,172,B,B,B,1,1,64,B
Action Count,173,C,C,C,1,1,64,C) 3
Action Count,174,C,A,A,0,0,64,A) 5
Action Count,175,B,B,B,1,1,64,B
Action Count,176,C,C,C,1,1,64,C
Action Count,177,C,B,B,0,0,64,B
Action Count,178,B,C,C,0,0,64,C) 3
Action Count,179,C,C,C,1,1,64,C) 3
Action Count,180,A,A,A,1,1,64,A) 3
Action Count,181,A,C,C,0,0,64,C
Action Count,182,C,C,C,1,1,64,C) 6
Action Count,183,A,A,A,1,1,64,A
Action Count,184,C,C,C,1,1,64,C) 2
Action Count,185,B,B,B,1,1,64,B
Action Count,186,C,C,C,1,1,64,C) 3
Action Count,187,A,A,A,1,1,64,A) 2
Action Count,188,C,B,B,0,0,64,B
Action Count,189,B,B,B,1,1,64,B
Action Count,190,C,B,B,0,0,64,B
Action Count,191,B,B,B,1,1,64,B
Action Count,192,C,C,C,1,1,64,C) 3
Action Count,193,B,B,B,1,1,64,B
Action Count,194,C,C,C,1,1,64,C) 3
Action Count,195,B,A,A,0,0,64,A
Action Count,196,A,A,A,1,1,64,A) 6
Action Count,197,A,B,B,0,0,64,B
Action Count,198,B,A,A,0,0,64,A
Action Count,199,C,A,A,0,0,64,A) 2
Moving Count,0,D,D,D,1,1,64,D
Moving Count,1,B,B,B,1,1,64,B
Moving Count,2,D,B,B,0,0,64,B
Moving Count,3,D,D,D,1,1,64,D
Moving Count,4,D,D,D,1,1,64,D) 0
Moving Count,5,B,B,B,1,1,64,B
Moving Count,6,C,C,C,1,1,64,C
Moving Count,7,B,B,B,1,1,64,B
Moving Count,8,B,A,A,0,0,64,A
Moving Count,9,C,C,C,1,1,64,C) 0
Moving Count,10,B,B,B,1,1,64,B
Moving Count,11,B,B,B,1,1,64,B
Moving Count,12,D,D,D,1,1,64,D
Moving Count,13,A,A,A,1,1,64,A
Moving Count,14,C,C,C,1,1,64,C
Moving Count,15,D,D,D,1,1,64,D) 0
Moving Count,16,D,D,D,1,1,64,D) 1
Moving Count,17,D,A,A,0,0,64,A
Moving Count,18,C,C,C,1,1,64,C) 2
Moving Count,19,D,D,D,1,1,64,D) 1
Moving Count,20,D,D,D,1,1,64,D) 1
Moving Count,21,D,D,D,1,1,64,D) 1
Moving Count,22,D,D,D,1,1,64,D
Moving Count,23,A,B,B,0,0,64,B
Moving Count,24,C,C,C,1,1,64,C) 2
Moving Count,25,B,B,B,1,1,64,B
Moving Count,26,A,A,A,1,1,64,A
Moving Count,27,C,C,C,1,1,64,C) 3
Moving Count,28,C,C,C,1,1,64,C) 2
Moving Count,29,A,A,A,1,1,64,A
Moving Count,30,B,A,A,0,0,64,A
Moving Count,31,C,C,C,1,1,64,C) 0
Moving Count,32,D,D,D,1,1,64,D) 1
Moving Count,33,B,B,B,1,1,64,B
Moving Count,34,B,B,B,1,1,64,B
Moving Count,35,C,C,C,1,1,64,C
Moving Count,36,B,B,B,1,1,64,B
Moving Count,37,D,D,D,1,1,64,D
Moving Count,38,D,D,D,1,1,64,D
Moving Count,39,C,C,C,1,1,64,C) 2
Moving Count,40,D,D,D,1,1,64,D
Moving Count,41,C,C,C,1,1,64,C
Moving Count,42,A,A,A,1,1,64,A
Moving Count,43,A,A,A,1,1,64,A
Moving Count,44,D,D,D,1,1,64,D
Moving Count,45,D,B,B,0,0,64,B
Moving Count,46,A,A,A,1,1,64,A
Moving Count,47,C,A,A,0,0,64,A
Moving Count,48,A,A,A,1,1,64,A
Moving Count,49,A,A,A,1,1,64,A) 0
Moving Count,50,A,C,C,0,0,64,C
Moving Count,51,C,C,C,1,1,64,C
Moving Count,52,C,C,C,1,1,64,C) 3
Moving Count,53,C,C,C,1,1,64,C
Moving Count,54,D,D,D,1,1,64,D
Moving Count,55,C,C,C,1,1,64,C
Moving Count,56,A,C,C,0,0,64,C
Moving Count,57,B,B,B,1,1,64,B) 2
Moving Count,58,A,A,A,1,1,64,A
Moving Count,59,D,D,D,1,1,64,D) 1
Moving Count,60,A,C,C,0,0,64,C) 0
Moving Count,61,B,B,B,1,1,64,B. 0
Moving Count,62,B,B,B,1,1,64,B
Moving Count,63,B,B,B,1,1,64,B
Moving Count,64,A,A,A,1,1,64,A
Moving Count,65,C,B,B,0,0,64,B
Moving Count,66,A,A,A,1,1,64,A
Moving Count,67,A,A,A,1,1,64,A
Moving Count,68,D,D,D,1,1,64,D) 4
Moving Count,69,A,A,A,1,1,64,A
Moving Count,70,D,D,D,1,1,64,D
Moving Count,71,D,D,D,1,1,64,D
Moving Count,72,C,C,C,1,1,64,C
Moving Count,73,A,A,A,1,1,64,A
Moving Count,74,A,A,A,1,1,64,A) 0
Moving Count,75,B,B,B,1,1,64,B
Moving Count,76,B,B,B,1,1,64,B
Moving Count,77,C,D,D,0,0,64,D
Moving Count,78,C,C,C,1,1,64,C. 0
Moving Count,79,C,C,C,1,1,64,C
Moving Count,80,B,B,B,1,1,64,B
Moving Count,81,C,C,C,1,1,64,C
Moving Count,82,A,A,A,1,1,64,A
Moving Count,83,B,B,B,1,1,64,B
Moving Count,84,A,A,A,1,1,64,A) 0
Moving Count,85,B,A,A,0,0,64,A
Moving Count,86,B,B,B,1,1,64,B
Moving Count,87,C,C,C,1,1,64,C
Moving Count,88,B,B,B,1,1,64,B
Moving Count,89,B,B,B,1,1,64,B
Moving Count,90,B,B,B,1,1,64,B
Moving Count,91,C,C,C,1,1,64,C
Moving Count,92,D,D,D,1,1,64,D
Moving Count,93,A,A,A,1,1,64,A
Moving Count,94,A,A,A,1,1,64,A
Moving Count,95,B,B,B,1,1,64,B
Moving Count,96,B,B,B,1,1,64,B
Moving Count,97,C,C,C,1,1,64,C
Moving Count,98,B,B,B,1,1,64,B
Moving Count,99,B,B,B,1,1,64,B
Moving Count,100,D,D,D,1,1,64,D
Moving Count,101,B,B,B,1,1,64,B
Moving Count,102,D,D,D,1,1,64,D
Moving Count,103,B,B,B,1,1,64,B
Moving Count,104,B,B,B,1,1,64,B
Moving Count,105,A,A,A,1,1,64,A
Moving Count,106,C,C,C,1,1,64,C
Moving Count,107,A,A,A,1,1,64,A
Moving Count,108,B,B,B,1,1,64,B
Moving Count,109,B,B,B,1,1,64,B
Moving Count,110,D,D,D,1,1,64,D) 3
Moving Count,111,C,C,C,1,1,64,C
Moving Count,112,A,A,A,1,1,64,A
Moving Count,113,C,C,C,1,1,64,C) 4
Moving Count,114,D,D,D,1,1,64,D) 0
Moving Count,115,D,D,D,1,1,64,D
Moving Count,116,A,A,A,1,1,64,A) 3
Moving Count,117,B,B,B,1,1,64,B
Moving Count,118,B,B,B,1,1,64,B
Moving Count,119,B,B,B,1,1,64,B
Moving Count,120,D,D,D,1,1,64,D
Moving Count,121,C,C,C,1,1,64,C) 2
Moving Count,122,A,A,A,1,1,64,A
Moving Count,123,D,D,D,1,1,64,D) 0
Moving Count,124,D,D,D,1,1,64,D) 4
Moving Count,125,D,D,D,1,1,64,D
Moving Count,126,B,B,B,1,1,64,B
Moving Count,127,D,D,D,1,1,64,D) 1
Moving Count,128,C,C,C,1,1,64,C
Moving Count,129,B,D,D,0,0,64,D
Moving Count,130,D,D,D,1,1,64,D) 0
Moving Count,131,A,A,A,1,1,64,A
Moving Count,132,C,C,C,1,1,64,C) 1
Moving Count,133,A,D,D,0,0,64,D
Moving Count,134,C,C,C,1,1,64,C) 2
Moving Count,135,D,D,D,1,1,64,D) 0
Moving Count,136,D,D,D,1,1,64,D) 3
Moving Count,137,B,B,B,1,1,64,B) 3
Moving Count,138,D,D,D,1,1,64,D) 0
Moving Count,139,D,D,D,1,1,64,D) 2
Moving Count,140,B,B,B,1,1,64,B
Moving Count,141,D,D,D,1,1,64,D
Moving Count,142,D,D,D,1,1,64,D) 2
Moving Count,143,D,D,D,1,1,64,D
Moving Count,144,A,A,A,1,1,64,A
Moving Count,145,C,C,C,1,1,64,C) 3
Moving Count,146,D,D,D,1,1,64,D
Moving Count,147,B,B,B,1,1,64,B
Moving Count,148,D,D,D,1,1,64,D) 1
Moving Count,149,A,C,C,0,0,64,C
Moving Count,150,B,A,A,0,0,64,A
Moving Count,151,C,D,D,0,0,64,D
Moving Count,152,A,B,B,0,0,64,B
Moving Count,153,D,A,A,0,0,64,A) 2
Moving Count,154,A,A,A,1,1,64,A
Moving Count,155,C,B,B,0,0,64,B
Moving Count,156,D,D,D,1,1,64,D
Moving Count,157,D,A,A,0,0,64,A
Moving Count,158,A,B,B,0,0,64,B
Moving Count,159,D,A,A,0,0,64,A
Moving Count,160,B,B,B,1,1,64,B
Moving Count,161,A,A,A,1,1,64,A
Moving Count,162,B,B,B,1,1,64,B. 0
Moving Count,163,D,D,D,1,1,64,D
Moving Count,164,A,A,A,1,1,64,A
Moving Count,165,D,C,C,0,0,64,C) 2
Moving Count,166,A,A,A,1,1,64,A
Moving Count,167,A,A,A,1,1,64,A
Moving Count,168,A,A,A,1,1,64,A) 0
Moving Count,169,C,C,C,1,1,64,C) 1
Moving Count,170,D,D,D,1,1,64,D) 3
Moving Count,171,D,D,D,1,1,64,D
Moving Count,172,C,C,C,1,1,64,C
Moving Count,173,C,C,C,1,1,64,C) 1
Moving Count,174,B,B,B,1,1,64,B
Moving Count,175,D,D,D,1,1,64,D
Moving Count,176,D,D,D,1,1,64,D
Moving Count,177,A,A,A,1,1,64,A
Moving Count,178,A,A,A,1,1,64,A
Moving Count,179,D,D,D,1,1,64,D
Moving Count,180,A,A,A,1,1,64,A) 3
Moving Count,181,C,C,C,1,1,64,C) 3
Moving Count,182,C,C,C,1,1,64,C
Moving Count,183,C,A,A,0,0,64,A
Moving Count,184,A,A,A,1,1,64,A) 0
Moving Count,185,A,A,A,1,1,64,A
Moving Count,186,D,B,B,0,0,64,B
Moving Count,187,C,C,C,1,1,64,C
Moving Count,188,A,B,B,0,0,64,B
Moving Count,189,C,D,D,0,0,64,D) 2
Moving Count,190,B,B,B,1,1,64,B
Moving Count,191,B,B,B,1,1,64,B
Moving Count,192,B,B,B,1,1,64,B
Moving Count,193,B,B,B,1,1,64,B
Moving Count,194,C,C,C,1,1,64,C
Moving Count,195,A,A,A,1,1,64,A
Moving Count,196,B,B,B,1,1,64,B
Moving Count,197,B,B,B,1,1,64,B
Moving Count,198,C,C,C,1,1,64,C) 3
Moving Count,199,D,D,D,1,1,64,D
Moving Attribute,0,A,A,A,1,1,64,A
Moving Attribute,1,B,B,B,1,1,64,B
Moving Attribute,2,B,B,B,1,1,64,B
Moving Attribute,3,B,B,B,1,1,64,B
Moving Attribute,4,A,A,A,1,1,64,A
Moving Attribute,5,B,B,B,1,1,64,B
Moving Attribute,6,B,B,B,1,1,64,B
Moving Attribute,7,C,A,A,0,0,64,A
Moving Attribute,8,B,B,B,1,1,64,B
Moving Attribute,9,C,C,C,1,1,64,C
Moving Attribute,10,A,A,A,1,1,64,A
Moving Attribute,11,A,A,A,1,1,64,A) cylinder
Moving Attribute,12,C,C,C,1,1,64,C) yellow
Moving Attribute,13,A,A,A,1,1,64,A) rubber
Moving Attribute,14,B,B,B,1,1,64,B
Moving Attribute,15,B,B,B,1,1,64,B
Moving Attribute,16,C,C,C,1,1,64,C) purple
Moving Attribute,17,B,B,B,1,1,64,B
Moving Attribute,18,C,C,C,1,1,64,C
Moving Attribute,19,B,B,B,1,1,64,B
Moving Attribute,20,D,D,D,1,1,64,D
Moving Attribute,21,B,B,B,1,1,64,B
Moving Attribute,22,B,B,B,1,1,64,B
Moving Attribute,23,A,A,A,1,1,64,A
Moving Attribute,24,A,A,A,1,1,64,A) green
Moving Attribute,25,A,A,A,1,1,64,A
Moving Attribute,26,B,B,B,1,1,64,B
Moving Attribute,27,C,C,C,1,1,64,C
Moving Attribute,28,A,A,A,1,1,64,A
Moving Attribute,29,A,A,A,1,1,64,A
Moving Attribute,30,B,B,B,1,1,64,B
Moving Attribute,31,B,B,B,1,1,64,B
Moving Attribute,32,C,C,C,1,1,64,C) brown
Moving Attribute,33,B,B,B,1,1,64,B
Moving Attribute,34,C,C,C,1,1,64,C
Moving Attribute,35,A,A,A,1,1,64,A) brown
Moving Attribute,36,C,C,C,1,1,64,C
Moving Attribute,37,B,B,B,1,1,64,B
Moving Attribute,38,A,A,A,1,1,64,A
Moving Attribute,39,A,A,A,1,1,64,A
Moving Attribute,40,C,C,C,1,1,64,C
Moving Attribute,41,C,C,C,1,1,64,C
Moving Attribute,42,A,A,A,1,1,64,A) red
Moving Attribute,43,D,D,D,1,1,64,D) gray
Moving Attribute,44,C,C,C,1,1,64,C) cylinder
Moving Attribute,45,B,B,B,1,1,64,B
Moving Attribute,46,A,A,A,1,1,64,A) cube
Moving Attribute,47,A,A,A,1,1,64,A
Moving Attribute,48,C,C,C,1,1,64,C
Moving Attribute,49,B,B,B,1,1,64,B
Moving Attribute,50,A,A,A,1,1,64,A
Moving Attribute,51,C,C,C,1,1,64,C) yellow
Moving Attribute,52,A,A,A,1,1,64,A) rubber
Moving Attribute,53,C,C,C,1,1,64,C
Moving Attribute,54,A,A,A,1,1,64,A
Moving Attribute,55,B,B,B,1,1,64,B
Moving Attribute,56,B,B,B,1,1,64,B
Moving Attribute,57,B,B,B,1,1,64,B
Moving Attribute,58,B,B,B,1,1,64,B
Moving Attribute,59,B,B,B,1,1,64,B
Moving Attribute,60,C,C,C,1,1,64,C) sphere
Moving Attribute,61,A,A,A,1,1,64,A) rubber
Moving Attribute,62,B,B,B,1,1,64,B
Moving Attribute,63,D,D,D,1,1,64,D
Moving Attribute,64,B,B,B,1,1,64,B
Moving Attribute,65,A,A,A,1,1,64,A
Moving Attribute,66,B,B,B,1,1,64,B
Moving Attribute,67,A,A,A,1,1,64,A
Moving Attribute,68,B,B,B,1,1,64,B
Moving Attribute,69,A,A,A,1,1,64,A
Moving Attribute,70,A,A,A,1,1,64,A) purple
Moving Attribute,71,A,A,A,1,1,64,A
Moving Attribute,72,C,C,C,1,1,64,C
Moving Attribute,73,A,A,A,1,1,64,A) green
Moving Attribute,74,C,C,C,1,1,64,C
Moving Attribute,75,B,B,B,1,1,64,B
Moving Attribute,76,C,C,C,1,1,64,C
Moving Attribute,77,A,A,A,1,1,64,A
Moving Attribute,78,B,B,B,1,1,64,B
Moving Attribute,79,B,B,B,1,1,64,B
Moving Attribute,80,B,B,B,1,1,64,B
Moving Attribute,81,A,A,A,1,1,64,A) red
Moving Attribute,82,A,A,A,1,1,64,A
Moving Attribute,83,B,B,B,1,1,64,B
Moving Attribute,84,C,C,C,1,1,64,C
Moving Attribute,85,B,B,B,1,1,64,B
Moving Attribute,86,D,D,D,1,1,64,D) yellow
Moving Attribute,87,C,C,C,1,1,64,C) yellow
Moving Attribute,88,A,A,A,1,1,64,A
Moving Attribute,89,C,C,C,1,1,64,C) red
Moving Attribute,90,B,B,B,1,1,64,B
Moving Attribute,91,A,A,A,1,1,64,A) brown
Moving Attribute,92,A,A,A,1,1,64,A
Moving Attribute,93,C,C,C,1,1,64,C) sphere
Moving Attribute,94,A,A,A,1,1,64,A) yellow
Moving Attribute,95,D,D,D,1,1,64,D
Moving Attribute,96,A,A,A,1,1,64,A
Moving Attribute,97,B,B,B,1,1,64,B
Moving Attribute,98,A,A,A,1,1,64,A) purple
Moving Attribute,99,B,B,B,1,1,64,B
Moving Attribute,100,A,B,B,0,0,64,B
Moving Attribute,101,B,B,B,1,1,64,B
Moving Attribute,102,B,A,A,0,0,64,A
Moving Attribute,103,C,C,C,1,1,64,C
Moving Attribute,104,A,A,A,1,1,64,A) cylinder
Moving Attribute,105,B,B,B,1,1,64,B
Moving Attribute,106,B,B,B,1,1,64,B
Moving Attribute,107,D,D,D,1,1,64,D
Moving Attribute,108,C,C,C,1,1,64,C
Moving Attribute,109,C,C,C,1,1,64,C
Moving Attribute,110,B,A,A,0,0,64,A) metal
Moving Attribute,111,B,B,B,1,1,64,B
Moving Attribute,112,B,B,B,1,1,64,B
Moving Attribute,113,A,A,A,1,1,64,A) red
Moving Attribute,114,B,B,B,1,1,64,B
Moving Attribute,115,C,C,C,1,1,64,C) sphere
Moving Attribute,116,C,C,C,1,1,64,C
Moving Attribute,117,B,B,B,1,1,64,B
Moving Attribute,118,B,B,B,1,1,64,B
Moving Attribute,119,C,C,C,1,1,64,C
Moving Attribute,120,C,C,C,1,1,64,C
Moving Attribute,121,C,C,C,1,1,64,C
Moving Attribute,122,A,A,A,1,1,64,A) green
Moving Attribute,123,B,B,B,1,1,64,B
Moving Attribute,124,B,B,B,1,1,64,B
Moving Attribute,125,B,B,B,1,1,64,B
Moving Attribute,126,A,A,A,1,1,64,A
Moving Attribute,127,C,C,C,1,1,64,C
Moving Attribute,128,B,B,B,1,1,64,B
Moving Attribute,129,C,C,C,1,1,64,C) green
Moving Attribute,130,B,B,B,1,1,64,B
Moving Attribute,131,A,A,A,1,1,64,A
Moving Attribute,132,B,B,B,1,1,64,B
Moving Attribute,133,B,B,B,1,1,64,B
Moving Attribute,134,B,B,B,1,1,64,B
Moving Attribute,135,B,B,B,1,1,64,B
Moving Attribute,136,C,C,C,1,1,64,C) cylinder
Moving Attribute,137,B,B,B,1,1,64,B
Moving Attribute,138,A,A,A,1,1,64,A) brown
Moving Attribute,139,B,B,B,1,1,64,B
Moving Attribute,140,A,A,A,1,1,64,A
Moving Attribute,141,A,A,A,1,1,64,A
Moving Attribute,142,A,A,A,1,1,64,A) gray
Moving Attribute,143,D,D,D,1,1,64,D
Moving Attribute,144,B,B,B,1,1,64,B
Moving Attribute,145,A,A,A,1,1,64,A) rubber
Moving Attribute,146,B,B,B,1,1,64,B
Moving Attribute,147,C,C,C,1,1,64,C
Moving Attribute,148,B,B,B,1,1,64,B
Moving Attribute,149,A,A,A,1,1,64,A
Moving Attribute,150,B,B,B,1,1,64,B
Moving Attribute,151,A,A,A,1,1,64,A
Moving Attribute,152,C,C,C,1,1,64,C
Moving Attribute,153,A,A,A,1,1,64,A
Moving Attribute,154,B,B,B,1,1,64,B
Moving Attribute,155,B,B,B,1,1,64,B
Moving Attribute,156,B,B,B,1,1,64,B
Moving Attribute,157,B,B,B,1,1,64,B
Moving Attribute,158,C,C,C,1,1,64,C
Moving Attribute,159,C,C,C,1,1,64,C
Moving Attribute,160,B,B,B,1,1,64,B
Moving Attribute,161,B,B,B,1,1,64,B
Moving Attribute,162,A,A,A,1,1,64,A
Moving Attribute,163,C,C,C,1,1,64,C
Moving Attribute,164,A,A,A,1,1,64,A
Moving Attribute,165,C,C,C,1,1,64,C
Moving Attribute,166,A,B,B,0,0,64,B
Moving Attribute,167,D,D,D,1,1,64,D
Moving Attribute,168,A,A,A,1,1,64,A
Moving Attribute,169,A,A,A,1,1,64,A
Moving Attribute,170,D,D,D,1,1,64,D
Moving Attribute,171,C,C,C,1,1,64,C
Moving Attribute,172,B,B,B,1,1,64,B
Moving Attribute,173,A,A,A,1,1,64,A
Moving Attribute,174,B,B,B,1,1,64,B
Moving Attribute,175,D,D,D,1,1,64,D
Moving Attribute,176,A,A,A,1,1,64,A) yellow
Moving Attribute,177,A,A,A,1,1,64,A
Moving Attribute,178,A,A,A,1,1,64,A) metal
Moving Attribute,179,B,B,B,1,1,64,B
Moving Attribute,180,C,C,C,1,1,64,C
Moving Attribute,181,B,B,B,1,1,64,B
Moving Attribute,182,A,A,A,1,1,64,A
Moving Attribute,183,B,B,B,1,1,64,B
Moving Attribute,184,C,C,C,1,1,64,C
Moving Attribute,185,C,C,C,1,1,64,C
Moving Attribute,186,A,A,A,1,1,64,A) red
Moving Attribute,187,A,A,A,1,1,64,A
Moving Attribute,188,B,B,B,1,1,64,B
Moving Attribute,189,B,B,B,1,1,64,B
Moving Attribute,190,B,B,B,1,1,64,B
Moving Attribute,191,B,B,B,1,1,64,B
Moving Attribute,192,B,B,B,1,1,64,B
Moving Attribute,193,A,A,A,1,1,64,A
Moving Attribute,194,B,B,B,1,1,64,B
Moving Attribute,195,C,C,C,1,1,64,C) cube
Moving Attribute,196,A,A,A,1,1,64,A
Moving Attribute,197,B,B,B,1,1,64,B
Moving Attribute,198,B,B,B,1,1,64,B
Moving Attribute,199,D,D,D,1,1,64,D) brown
State Change,0,B,B,B,1,1,64,B) The water seems hot.
State Change,1,C,C,C,1,1,64,C) The device worked when the person tried to turn it on.
State Change,2,B,B,B,1,1,64,B
State Change,3,A,C,C,0,0,64,C) The water seems cold.
State Change,4,A,A,A,1,1,64,A) The water seems hot.
State Change,5,A,A,A,1,1,64,"A) The electric device seemed plugged in, but it did not work most likely because it is broken or there is no electricity."
State Change,6,A,A,A,1,1,64,A
State Change,7,A,A,A,1,1,64,A) no
State Change,8,B,B,B,1,1,64,B
State Change,9,B,B,B,1,1,64,B) The device worked when the person tried to turn it on.
State Change,10,A,A,A,1,1,64,A) The water seems cold.
State Change,11,C,A,A,0,0,64,A
State Change,12,C,C,C,1,1,64,C) no
State Change,13,C,C,C,1,1,64,C
State Change,14,B,B,B,1,1,64,B
State Change,15,A,B,B,0,0,64,B) The device worked when the person tried to turn it on.
State Change,16,A,A,A,1,1,64,A) The device worked when the person tried to turn it on.
State Change,17,C,A,A,0,0,64,A) The device worked when the person tried to turn it on.
State Change,18,A,A,A,1,1,64,A) The electric device did not work most likely because it was already unplugged at the beginning of the video.
State Change,19,A,A,A,1,1,64,A
State Change,20,C,C,C,1,1,64,C) The device worked when the person tried to turn it on.
State Change,21,A,A,A,1,1,64,A) The device worked when the person tried to turn it on.
State Change,22,B,B,B,1,1,64,B) The device worked when the person tried to turn it on.
State Change,23,C,A,A,0,0,64,A) The device worked when the person tried to turn it on.
State Change,24,B,B,B,1,1,64,B) The water seems hot.
State Change,25,A,A,A,1,1,64,A) no
State Change,26,A,A,A,1,1,64,A
State Change,27,A,A,A,1,1,64,A) The water seems cold.
State Change,28,B,B,B,1,1,64,B
State Change,29,A,A,A,1,1,64,A
State Change,30,A,A,A,1,1,64,A
State Change,31,C,C,C,1,1,64,C) The device worked when the person tried to turn it on.
State Change,32,C,C,C,1,1,64,C) yes
State Change,33,A,A,A,1,1,64,A
State Change,34,C,C,C,1,1,64,C) The water seems cold.
State Change,35,B,C,C,0,0,64,C) The water seems hot.
State Change,36,A,A,A,1,1,64,A) The water seems cold.
State Change,37,A,A,A,1,1,64,A
State Change,38,B,B,B,1,1,64,B
State Change,39,C,A,A,0,0,64,A) no
State Change,40,A,A,A,1,1,64,A) The device worked when the person tried to turn it on.
State Change,41,A,A,A,1,1,64,A
State Change,42,B,B,B,1,1,64,B
State Change,43,A,A,A,1,1,64,A) The device worked when the person tried to turn it on.
State Change,44,A,A,A,1,1,64,A
State Change,45,A,A,A,1,1,64,A) The device worked when the person tried to turn it on.
State Change,46,B,B,B,1,1,64,B) The device worked when the person tried to turn it on.
State Change,47,C,C,C,1,1,64,C
State Change,48,C,C,C,1,1,64,C
State Change,49,B,B,B,1,1,64,B
State Change,50,C,C,C,1,1,64,C) no
State Change,51,C,A,A,0,0,64,A) The device worked when the person tried to turn it on.
State Change,52,A,A,A,1,1,64,A) The water seems cold.
State Change,53,C,A,A,0,0,64,A) The water seems cold.
State Change,54,A,A,A,1,1,64,A) The water seems hot.
State Change,55,A,A,A,1,1,64,A
State Change,56,A,A,A,1,1,64,A) The electric device did not work because the person unplugged the device during the video.
State Change,57,A,A,A,1,1,64,A
State Change,58,B,B,B,1,1,64,B) The water seems hot.
State Change,59,C,A,A,0,0,64,A) The water seems hot.
State Change,60,B,B,B,1,1,64,B) The water seems cold.
State Change,61,C,C,C,1,1,64,C) yes
State Change,62,A,B,B,0,0,64,B
State Change,63,B,B,B,1,1,64,B) The device worked when the person tried to turn it on.
State Change,64,A,C,C,0,0,64,C) The water seems cold.
State Change,65,C,C,C,1,1,64,C) The device worked when the person tried to turn it on.
State Change,66,C,C,C,1,1,64,C) yes
State Change,67,C,A,A,0,0,64,A) The device worked when the person tried to turn it on.
State Change,68,C,C,C,1,1,64,C) yes
State Change,69,B,C,C,0,0,64,C) The device worked when the person tried to turn it on.
State Change,70,A,A,A,1,1,64,A
State Change,71,C,A,A,0,0,64,A
State Change,72,A,A,A,1,1,64,A) The device worked when the person tried to turn it on.
State Change,73,A,A,A,1,1,64,A) The water seems cold.
State Change,74,B,B,B,1,1,64,B
State Change,75,B,B,B,1,1,64,B
State Change,76,C,B,B,0,0,64,B
State Change,77,B,A,A,0,0,64,A) The device worked when the person tried to turn it on.
State Change,78,A,B,B,0,0,64,B) The device worked when the person tried to turn it on.
State Change,79,A,A,A,1,1,64,A
State Change,80,A,A,A,1,1,64,A
State Change,81,C,C,C,1,1,64,C) The water seems hot.
State Change,82,B,B,B,1,1,64,B) The water seems hot.
State Change,83,B,B,B,1,1,64,B) The water seems cold.
State Change,84,C,C,C,1,1,64,C) Yes
State Change,85,B,B,B,1,1,64,B
State Change,86,B,A,A,0,0,64,A) The device worked when the person tried to turn it on.
State Change,87,A,A,A,1,1,64,A) The water seems cold.
State Change,88,B,B,B,1,1,64,B) The device worked when the person tried to turn it on.
State Change,89,B,B,B,1,1,64,B) The device worked when the person tried to turn it on.
State Change,90,C,C,C,1,1,64,C) The water seems cold.
State Change,91,C,A,A,0,0,64,A) The water seems cold.
State Change,92,B,B,B,1,1,64,B
State Change,93,A,A,A,1,1,64,A) The water seems hot.
State Change,94,B,B,B,1,1,64,B
State Change,95,C,C,C,1,1,64,C) yes
State Change,96,C,A,A,0,0,64,A) The water seems hot.
State Change,97,B,B,B,1,1,64,B
State Change,98,B,B,B,1,1,64,B) The device worked when the person tried to turn it on.
State Change,99,B,B,B,1,1,64,B
State Change,100,A,A,A,1,1,64,A
State Change,101,A,A,A,1,1,64,A) The water seems hot.
State Change,102,B,C,C,0,0,64,C
State Change,103,C,C,C,1,1,64,C) yes
State Change,104,A,B,B,0,0,64,B
State Change,105,A,A,A,1,1,64,A
State Change,106,B,B,B,1,1,64,B
State Change,107,B,B,B,1,1,64,B) The water seems hot.
State Change,108,A,A,A,1,1,64,A) The device worked when the person tried to turn it on.
State Change,109,B,B,B,1,1,64,B) The device worked when the person tried to turn it on.
State Change,110,C,C,C,1,1,64,C) No
State Change,111,C,C,C,1,1,64,C
State Change,112,B,A,A,0,0,64,A) The device worked when the person tried to turn it on.
State Change,113,B,B,B,1,1,64,B) The water seems hot.
State Change,114,A,A,A,1,1,64,A) no
State Change,115,C,C,C,1,1,64,C) yes
State Change,116,C,A,A,0,0,64,A) The water seems cold.
State Change,117,C,A,A,0,0,64,A) The water seems cold.
State Change,118,B,B,B,1,1,64,B
State Change,119,B,A,A,0,0,64,A) The device worked when the person tried to turn it on.
State Change,120,B,B,B,1,1,64,B
State Change,121,A,A,A,1,1,64,A
State Change,122,B,B,B,1,1,64,B) The device worked when the person tried to turn it on.
State Change,123,C,C,C,1,1,64,C) The device worked when the person tried to turn it on.
State Change,124,B,B,B,1,1,64,B) The device worked when the person tried to turn it on.
State Change,125,C,C,C,1,1,64,C
State Change,126,C,C,C,1,1,64,C) The water seems cold.
State Change,127,B,B,B,1,1,64,B) No water was poured.
State Change,128,C,C,C,1,1,64,C) The water seems cold.
State Change,129,A,B,B,0,0,64,B
State Change,130,B,B,B,1,1,64,B
State Change,131,A,A,A,1,1,64,A
State Change,132,B,B,B,1,1,64,B) The device worked when the person tried to turn it on.
State Change,133,B,B,B,1,1,64,B
State Change,134,B,B,B,1,1,64,B
State Change,135,C,C,C,1,1,64,C) The device worked when the person tried to turn it on.
State Change,136,C,B,B,0,0,64,B) The electric device did not work because the person unplugged the device during the video.
State Change,137,C,C,C,1,1,64,C) The water seems cold.
State Change,138,C,C,C,1,1,64,C
State Change,139,B,A,A,0,0,64,A) The water seems cold.
State Change,140,B,B,B,1,1,64,B) The device worked when the person tried to turn it on.
State Change,141,C,C,C,1,1,64,C
State Change,142,B,B,B,1,1,64,B
State Change,143,A,A,A,1,1,64,A
State Change,144,A,A,A,1,1,64,A) no
State Change,145,B,A,A,0,0,64,A) The water seems cold.
State Change,146,A,B,B,0,0,64,B) The water seems cold.
State Change,147,A,B,B,0,0,64,B) The device worked when the person tried to turn it on.
State Change,148,B,A,A,0,0,64,A) The water seems cold.
State Change,149,C,C,C,1,1,64,C) no
State Change,150,C,C,C,1,1,64,C) yes
State Change,151,B,B,B,1,1,64,B
State Change,152,C,B,B,0,0,64,B) The water seems hot.
State Change,153,A,A,A,1,1,64,A
State Change,154,C,C,C,1,1,64,C) yes
State Change,155,C,B,B,0,0,64,B) The device worked when the person tried to turn it on.
State Change,156,A,A,A,1,1,64,A) The water seems cold.
State Change,157,B,B,B,1,1,64,B
State Change,158,A,A,A,1,1,64,A
State Change,159,A,A,A,1,1,64,A
State Change,160,A,A,A,1,1,64,A) The water seems cold.
State Change,161,C,C,C,1,1,64,C
State Change,162,B,B,B,1,1,64,B) The device worked when the person tried to turn it on.
State Change,163,B,B,B,1,1,64,B
State Change,164,A,A,A,1,1,64,A) no
State Change,165,A,A,A,1,1,64,A) The device worked when the person tried to turn it on.
State Change,166,B,B,B,1,1,64,B
State Change,167,C,C,C,1,1,64,C) The device worked when the person tried to turn it on.
State Change,168,C,A,A,0,0,64,A) The water seems cold.
State Change,169,C,C,C,1,1,64,C) The water seems cold.
State Change,170,C,B,B,0,0,64,B) The device worked when the person tried to turn it on.
State Change,171,B,B,B,1,1,64,B
State Change,172,A,C,C,0,0,64,C) The water seems hot.
State Change,173,B,B,B,1,1,64,B) The device worked when the person tried to turn it on.
State Change,174,C,C,C,1,1,64,C
State Change,175,A,A,A,1,1,64,A
State Change,176,C,A,A,0,0,64,A) The water seems cold.
State Change,177,B,B,B,1,1,64,B
State Change,178,A,A,A,1,1,64,A) The device worked when the person tried to turn it on.
State Change,179,A,B,B,0,0,64,B) The device worked when the person tried to turn it on.
State Change,180,B,B,B,1,1,64,B) The device worked when the person tried to turn it on.
State Change,181,A,B,B,0,0,64,B) The water seems cold.
State Change,182,C,B,B,0,0,64,B
State Change,183,C,C,C,1,1,64,C) The device worked when the person tried to turn it on.
State Change,184,C,A,A,0,0,64,A) The device worked when the person tried to turn it on.
State Change,185,B,A,A,0,0,64,A) The device worked when the person tried to turn it on.
State Change,186,A,A,A,1,1,64,A
State Change,187,C,C,C,1,1,64,C) The device worked when the person tried to turn it on.
State Change,188,B,B,B,1,1,64,B) The device worked when the person tried to turn it on.
State Change,189,A,B,B,0,0,64,B) The water seems cold.
State Change,190,A,A,A,1,1,64,A) The device worked when the person tried to turn it on.
State Change,191,C,B,B,0,0,64,B) The device worked when the person tried to turn it on.
State Change,192,C,C,C,1,1,64,C
State Change,193,A,A,A,1,1,64,A) The water seems cold.
State Change,194,C,C,C,1,1,64,C) The device worked when the person tried to turn it on.
State Change,195,B,B,B,1,1,64,B) The device worked when the person tried to turn it on.
State Change,196,C,B,B,0,0,64,B) The device worked when the person tried to turn it on.
State Change,197,B,B,B,1,1,64,B) The device worked when the person tried to turn it on.
State Change,198,A,B,B,0,0,64,B
State Change,199,B,B,B,1,1,64,B
Character Order,0,A,A,A,1,1,64,A
Character Order,1,C,C,C,1,1,64,C
Character Order,2,A,A,A,1,1,64,A) amxbnj
Character Order,3,B,B,B,1,1,64,B
Character Order,4,C,C,C,1,1,64,C) hec
Character Order,5,A,A,A,1,1,64,A) dog
Character Order,6,C,A,A,0,0,64,A
Character Order,7,B,A,A,0,0,64,A) luber
Character Order,8,B,B,B,1,1,64,B
Character Order,9,C,C,C,1,1,64,C) ecb
Character Order,10,A,A,A,1,1,64,A) efgh
Character Order,11,B,C,C,0,0,64,C
Character Order,12,A,A,A,1,1,64,A
Character Order,13,B,B,B,1,1,64,B
Character Order,14,A,A,A,1,1,64,A) calypso
Character Order,15,C,B,B,0,0,64,B
Character Order,16,C,C,C,1,1,64,C) lvo
Character Order,17,C,C,C,1,1,64,C) am
Character Order,18,A,C,C,0,0,64,C
Character Order,19,A,A,A,1,1,64,A
Character Order,20,B,B,B,1,1,64,B
Character Order,21,A,A,A,1,1,64,A
Character Order,22,C,C,C,1,1,64,C) god
Character Order,23,C,C,C,1,1,64,C) dim
Character Order,24,C,C,C,1,1,64,C) alct
Character Order,25,C,B,B,0,0,64,B
Character Order,26,C,A,A,0,0,64,A
Character Order,27,B,C,C,0,0,64,C) cdf
Character Order,28,C,C,C,1,1,64,C) bag
Character Order,29,A,A,A,1,1,64,A) c
Character Order,30,B,B,B,1,1,64,B
Character Order,31,A,A,A,1,1,64,A) b
Character Order,32,C,A,A,0,0,64,A
Character Order,33,A,A,A,1,1,64,A) abc
Character Order,34,B,B,B,1,1,64,B
Character Order,35,A,A,A,1,1,64,A
Character Order,36,A,A,A,1,1,64,A) o
Character Order,37,B,C,C,0,0,64,C) ref
Character Order,38,C,C,C,1,1,64,C) o
Character Order,39,B,B,B,1,1,64,B
Character Order,40,C,C,C,1,1,64,C) jkl
Character Order,41,C,C,C,1,1,64,C) def
Character Order,42,C,C,C,1,1,64,C
Character Order,43,A,A,A,1,1,64,A
Character Order,44,A,B,B,0,0,64,B
Character Order,45,C,C,C,1,1,64,C) xhakmn
Character Order,46,A,A,A,1,1,64,A
Character Order,47,A,A,A,1,1,64,A
Character Order,48,A,B,B,0,0,64,B
Character Order,49,A,C,C,0,0,64,C
Character Order,50,B,B,B,1,1,64,B
Character Order,51,B,B,B,1,1,64,B
Character Order,52,C,C,C,1,1,64,C
Character Order,53,B,B,B,1,1,64,B
Character Order,54,C,A,A,0,0,64,A
Character Order,55,B,B,B,1,1,64,B
Character Order,56,B,B,B,1,1,64,B
Character Order,57,A,A,A,1,1,64,A) pmg
Character Order,58,A,A,A,1,1,64,A
Character Order,59,A,A,A,1,1,64,A) efg
Character Order,60,A,A,A,1,1,64,A) o
Character Order,61,A,A,A,1,1,64,A
Character Order,62,A,A,A,1,1,64,A) yxs
Character Order,63,B,B,B,1,1,64,B
Character Order,64,C,A,A,0,0,64,A) i
Character Order,65,A,A,A,1,1,64,A
Character Order,66,C,C,C,1,1,64,C
Character Order,67,A,B,B,0,0,64,B
Character Order,68,B,A,A,0,0,64,A) lhb
Character Order,69,B,B,B,1,1,64,B
Character Order,70,A,A,A,1,1,64,A
Character Order,71,C,C,C,1,1,64,C
Character Order,72,A,B,B,0,0,64,B
Character Order,73,C,C,C,1,1,64,C
Character Order,74,B,B,B,1,1,64,B
Character Order,75,C,B,B,0,0,64,B
Character Order,76,B,C,C,0,0,64,C
Character Order,77,A,A,A,1,1,64,A
Character Order,78,C,C,C,1,1,64,C
Character Order,79,B,B,B,1,1,64,B
Character Order,80,C,B,B,0,0,64,B
Character Order,81,B,B,B,1,1,64,B
Character Order,82,A,C,C,0,0,64,C
Character Order,83,C,C,C,1,1,64,C) l
Character Order,84,B,A,A,0,0,64,A) eta
Character Order,85,A,A,A,1,1,64,A) bcdef
Character Order,86,B,A,A,0,0,64,A
Character Order,87,A,C,C,0,0,64,C
Character Order,88,A,B,B,0,0,64,B
Character Order,89,A,B,B,0,0,64,B
Character Order,90,A,A,A,1,1,64,A) tism
Character Order,91,A,A,A,1,1,64,A) gab
Character Order,92,B,B,B,1,1,64,B
Character Order,93,B,C,C,0,0,64,C
Character Order,94,C,C,C,1,1,64,C) cat
Character Order,95,B,B,B,1,1,64,B
Character Order,96,C,C,C,1,1,64,C
Character Order,97,C,B,B,0,0,64,B
Character Order,98,A,A,A,1,1,64,A) abchij
Character Order,99,B,A,A,0,0,64,A
Character Order,100,A,A,A,1,1,64,A
Character Order,101,A,A,A,1,1,64,A) e
Character Order,102,B,B,B,1,1,64,B
Character Order,103,B,B,B,1,1,64,B
Character Order,104,C,C,C,1,1,64,C) am
Character Order,105,A,B,B,0,0,64,B
Character Order,106,B,B,B,1,1,64,B
Character Order,107,C,A,A,0,0,64,A) xqko
Character Order,108,B,B,B,1,1,64,B
Character Order,109,A,A,A,1,1,64,A) deu
Character Order,110,A,B,B,0,0,64,B
Character Order,111,A,A,A,1,1,64,A) o
Character Order,112,B,B,B,1,1,64,B
Character Order,113,B,B,B,1,1,64,B
Character Order,114,C,C,C,1,1,64,C
Character Order,115,C,C,C,1,1,64,C) abcdef
Character Order,116,A,A,A,1,1,64,A
Character Order,117,A,A,A,1,1,64,A
Character Order,118,A,C,C,0,0,64,C
Character Order,119,A,A,A,1,1,64,A) ghijkl
Character Order,120,A,A,A,1,1,64,A
Character Order,121,C,C,C,1,1,64,C
Character Order,122,A,C,C,0,0,64,C
Character Order,123,B,C,C,0,0,64,C
Character Order,124,B,B,B,1,1,64,B
Character Order,125,A,A,A,1,1,64,A) daobgc
Character Order,126,B,B,B,1,1,64,B
Character Order,127,A,A,A,1,1,64,A
Character Order,128,C,C,C,1,1,64,C) xyz
Character Order,129,A,A,A,1,1,64,A) sbeac
Character Order,130,C,C,C,1,1,64,C) cyoh
Character Order,131,B,C,C,0,0,64,C) j
Character Order,132,B,B,B,1,1,64,B
Character Order,133,B,A,A,0,0,64,A
Character Order,134,A,B,B,0,0,64,B
Character Order,135,C,B,B,0,0,64,B
Character Order,136,A,B,B,0,0,64,B
Character Order,137,C,C,C,1,1,64,C
Character Order,138,A,A,A,1,1,64,A
Character Order,139,A,C,C,0,0,64,C
Character Order,140,B,B,B,1,1,64,B
Character Order,141,A,A,A,1,1,64,A
Character Order,142,B,B,B,1,1,64,B
Character Order,143,A,A,A,1,1,64,A
Character Order,144,C,B,B,0,0,64,B
Character Order,145,C,C,C,1,1,64,C) love
Character Order,146,B,B,B,1,1,64,B
Character Order,147,A,A,A,1,1,64,A
Character Order,148,A,C,C,0,0,64,C
Character Order,149,C,C,C,1,1,64,C
Character Order,150,B,B,B,1,1,64,B
Character Order,151,A,A,A,1,1,64,A
Character Order,152,A,A,A,1,1,64,A) xvc
Character Order,153,B,B,B,1,1,64,B
Character Order,154,B,B,B,1,1,64,B
Character Order,155,C,C,C,1,1,64,C
Character Order,156,C,C,C,1,1,64,C
Character Order,157,B,B,B,1,1,64,B
Character Order,158,A,A,A,1,1,64,A) ant
Character Order,159,C,C,C,1,1,64,C
Character Order,160,C,A,A,0,0,64,A) haik
Character Order,161,C,A,A,0,0,64,A
Character Order,162,C,C,C,1,1,64,C) bavh
Character Order,163,A,A,A,1,1,64,A) jklmn
Character Order,164,B,B,B,1,1,64,B
Character Order,165,C,C,C,1,1,64,C
Character Order,166,C,A,A,0,0,64,A
Character Order,167,B,B,B,1,1,64,B
Character Order,168,A,B,B,0,0,64,B
Character Order,169,B,B,B,1,1,64,B
Character Order,170,B,B,B,1,1,64,B
Character Order,171,C,A,A,0,0,64,A
Character Order,172,B,B,B,1,1,64,B
Character Order,173,C,A,A,0,0,64,A) malin
Character Order,174,A,A,A,1,1,64,A) luper
Character Order,175,C,A,A,0,0,64,A
Character Order,176,B,B,B,1,1,64,B
Character Order,177,A,A,A,1,1,64,A) bcaogd
Character Order,178,B,B,B,1,1,64,B
Character Order,179,A,B,B,0,0,64,B
Character Order,180,A,A,A,1,1,64,A
Character Order,181,C,B,B,0,0,64,B
Character Order,182,B,B,B,1,1,64,B
Character Order,183,C,C,C,1,1,64,C
Character Order,184,C,C,C,1,1,64,C
Character Order,185,B,B,B,1,1,64,B
Character Order,186,A,C,C,0,0,64,C) afl
Character Order,187,C,C,C,1,1,64,C) o
Character Order,188,A,B,B,0,0,64,B
Character Order,189,B,C,C,0,0,64,C
Character Order,190,B,B,B,1,1,64,B. bcdef
Character Order,191,B,B,B,1,1,64,B
Character Order,192,B,C,C,0,0,64,C) rem
Character Order,193,C,B,B,0,0,64,B
Character Order,194,A,A,A,1,1,64,A) o
Character Order,195,C,C,C,1,1,64,C) dooc
Character Order,196,C,C,C,1,1,64,C
Character Order,197,B,B,B,1,1,64,B
Character Order,198,C,A,A,0,0,64,A
Character Order,199,C,C,C,1,1,64,C) pmoz
Egocentric Navigation,0,B,D,D,0,0,48,D) Stop
Egocentric Navigation,1,A,A,A,1,1,64,A
Egocentric Navigation,2,A,B,B,0,0,48,B
Egocentric Navigation,3,B,A,A,0,0,32,A) Stop
Egocentric Navigation,4,D,C,C,0,0,48,C) Stop
Egocentric Navigation,5,D,B,B,0,0,32,B) Stop
Egocentric Navigation,6,C,D,D,0,0,24,D) Stop
Egocentric Navigation,7,B,A,A,0,0,32,A) Move forward
Egocentric Navigation,8,C,D,D,0,0,48,D) Stop
Egocentric Navigation,9,A,B,B,0,0,40,B) Move forward
Egocentric Navigation,10,A,B,B,0,0,32,B) Stop
Egocentric Navigation,11,D,A,A,0,0,32,A) Turn right and move forward
Egocentric Navigation,12,C,B,B,0,0,32,B) Stop
Egocentric Navigation,13,D,D,D,1,1,32,D) Turn left and move forward
Egocentric Navigation,14,A,C,C,0,0,24,C) Stop
Egocentric Navigation,15,D,C,C,0,0,32,C) Stop
Egocentric Navigation,16,C,D,D,0,0,32,D) Stop
Egocentric Navigation,17,C,B,B,0,0,32,B
Egocentric Navigation,18,D,D,D,1,1,32,D) Turn left and move forward
Egocentric Navigation,19,B,D,D,0,0,40,D) Stop
Egocentric Navigation,20,A,B,B,0,0,56,B
Egocentric Navigation,21,B,D,D,0,0,48,D) Stop
Egocentric Navigation,22,A,D,D,0,0,24,D) Stop
Egocentric Navigation,23,C,D,D,0,0,32,D) Stop
Egocentric Navigation,24,D,C,C,0,0,40,C) Stop
Egocentric Navigation,25,B,C,C,0,0,40,C) Turn right and move forward
Egocentric Navigation,26,C,C,C,1,1,32,C) Turn left and move forward
Egocentric Navigation,27,B,C,C,0,0,32,C) Turn right and move forward
Egocentric Navigation,28,A,B,B,0,0,32,B) Stop
Egocentric Navigation,29,D,C,C,0,0,32,C) Stop
Egocentric Navigation,30,A,B,B,0,0,40,B
Egocentric Navigation,31,D,B,B,0,0,32,B
Egocentric Navigation,32,A,C,C,0,0,32,C) Move forward
Egocentric Navigation,33,C,A,A,0,0,32,A) Stop
Egocentric Navigation,34,C,D,D,0,0,48,D) Stop
Egocentric Navigation,35,C,D,D,0,0,32,D) Stop
Egocentric Navigation,36,D,C,C,0,0,32,C) Stop
Egocentric Navigation,37,D,A,A,0,0,32,A) Stop
Egocentric Navigation,38,B,D,D,0,0,56,D) Turn right and move forward
Egocentric Navigation,39,A,A,A,1,1,32,A) Turn left and move forward
Egocentric Navigation,40,A,A,A,1,1,40,A) Turn left and move forward
Egocentric Navigation,41,B,A,A,0,0,48,A) Stop
Egocentric Navigation,42,C,C,C,1,1,40,C) Turn left and move forward
Egocentric Navigation,43,C,C,C,1,1,32,C
Egocentric Navigation,44,B,C,C,0,0,48,C) Stop
Egocentric Navigation,45,B,B,B,1,1,48,B
Egocentric Navigation,46,A,D,D,0,0,56,D) Stop
Egocentric Navigation,47,D,D,D,1,1,48,D) Turn left and move forward
Egocentric Navigation,48,D,B,B,0,0,48,B
Egocentric Navigation,49,C,D,D,0,0,32,D) Stop
Egocentric Navigation,50,D,A,A,0,0,40,A) Stop
Egocentric Navigation,51,C,D,D,0,0,32,D) Turn left and move forward
Egocentric Navigation,52,A,A,A,1,1,48,A) Turn right and move forward
Egocentric Navigation,53,B,C,C,0,0,40,C) Stop
Egocentric Navigation,54,A,D,D,0,0,40,D) Stop
Egocentric Navigation,55,A,B,B,0,0,56,B) Stop
Egocentric Navigation,56,B,C,C,0,0,32,C) Stop
Egocentric Navigation,57,D,D,D,1,1,40,D) Turn right and move forward
Egocentric Navigation,58,C,A,A,0,0,24,A) Stop
Egocentric Navigation,59,D,B,B,0,0,32,B) Stop
Egocentric Navigation,60,D,B,B,0,0,64,B
Egocentric Navigation,61,C,D,D,0,0,56,D) Stop
Egocentric Navigation,62,D,B,B,0,0,32,B
Egocentric Navigation,63,D,C,C,0,0,32,C) Stop
Egocentric Navigation,64,D,B,B,0,0,32,B
Egocentric Navigation,65,C,C,C,1,1,48,C) Turn right and move forward
Egocentric Navigation,66,D,D,D,1,1,32,D) Turn right and move forward
Egocentric Navigation,67,B,C,C,0,0,32,C) Stop
Egocentric Navigation,68,D,C,C,0,0,40,C) Stop
Egocentric Navigation,69,A,B,B,0,0,32,B) Stop
Egocentric Navigation,70,B,A,A,0,0,24,A) Stop
Egocentric Navigation,71,D,A,A,0,0,32,A) Stop
Egocentric Navigation,72,B,A,A,0,0,32,A) Stop
Egocentric Navigation,73,D,B,B,0,0,32,B) Stop
Egocentric Navigation,74,D,D,D,1,1,32,D) Turn right and move forward
Egocentric Navigation,75,C,B,B,0,0,64,B
Egocentric Navigation,76,D,C,C,0,0,48,C) Stop
Egocentric Navigation,77,A,B,B,0,0,32,B
Egocentric Navigation,78,C,B,B,0,0,48,B) Stop
Egocentric Navigation,79,C,B,B,0,0,64,B
Egocentric Navigation,80,D,A,A,0,0,32,A) Stop
Egocentric Navigation,81,D,B,B,0,0,24,B
Egocentric Navigation,82,D,D,D,1,1,40,D) Turn right and move forward
Egocentric Navigation,83,D,A,A,0,0,40,A) Stop
Egocentric Navigation,84,A,A,A,1,1,32,A) Turn right and move forward
Egocentric Navigation,85,A,D,D,0,0,32,D) Stop
Egocentric Navigation,86,A,C,C,0,0,64,C) Stop
Egocentric Navigation,87,A,C,C,0,0,40,C) Stop
Egocentric Navigation,88,A,A,A,1,1,32,A) Turn right and move forward
Egocentric Navigation,89,D,C,C,0,0,40,C
Egocentric Navigation,90,D,A,A,0,0,64,A) Stop
Egocentric Navigation,91,D,B,B,0,0,48,B
Egocentric Navigation,92,D,A,A,0,0,40,A) Stop
Egocentric Navigation,93,D,D,D,1,1,32,D) Turn right and move forward
Egocentric Navigation,94,A,A,A,1,1,32,A) Turn right and move forward
Egocentric Navigation,95,D,B,B,0,0,56,B) Stop
Egocentric Navigation,96,C,B,B,0,0,48,B
Egocentric Navigation,97,C,A,A,0,0,48,A) Stop
Egocentric Navigation,98,C,A,A,0,0,40,A) Turn left and move forward
Egocentric Navigation,99,B,C,C,0,0,32,C) Stop
Egocentric Navigation,100,D,A,A,0,0,24,A
Egocentric Navigation,101,D,C,C,0,0,32,C) Stop
Egocentric Navigation,102,D,A,A,0,0,32,A) Stop
Egocentric Navigation,103,D,B,B,0,0,32,B) Stop
Egocentric Navigation,104,D,A,A,0,0,32,A) Turn right and move forward
Egocentric Navigation,105,B,C,C,0,0,32,C) Stop
Egocentric Navigation,106,A,D,D,0,0,56,D) Turn left and move forward
Egocentric Navigation,107,B,B,B,1,1,24,B
Egocentric Navigation,108,A,B,B,0,0,40,B
Egocentric Navigation,109,B,C,C,0,0,48,C
Egocentric Navigation,110,A,C,C,0,0,64,C
Egocentric Navigation,111,D,B,B,0,0,64,B) Stop
Egocentric Navigation,112,B,C,C,0,0,32,C) Stop
Egocentric Navigation,113,D,A,A,0,0,32,A) Stop
Egocentric Navigation,114,B,C,C,0,0,32,C) Stop
Egocentric Navigation,115,A,B,B,0,0,32,B
Egocentric Navigation,116,C,B,B,0,0,40,B
Egocentric Navigation,117,B,D,D,0,0,32,D) Stop
Egocentric Navigation,118,C,A,A,0,0,32,A
Egocentric Navigation,119,B,B,B,1,1,40,B
Egocentric Navigation,120,D,C,C,0,0,64,C) Stop
Egocentric Navigation,121,C,A,A,0,0,56,A) Stop
Egocentric Navigation,122,C,D,D,0,0,40,D) Stop
Egocentric Navigation,123,C,B,B,0,0,48,B
Egocentric Navigation,124,D,B,B,0,0,32,B) Stop
Egocentric Navigation,125,D,B,B,0,0,24,B
Egocentric Navigation,126,B,A,A,0,0,40,A) Turn right and move forward
Egocentric Navigation,127,B,D,D,0,0,48,D) Stop
Egocentric Navigation,128,B,A,A,0,0,48,A) Stop
Egocentric Navigation,129,D,C,C,0,0,32,C) Stop
Egocentric Navigation,130,B,A,A,0,0,56,A) Turn right and move forward
Egocentric Navigation,131,D,C,C,0,0,40,C
Egocentric Navigation,132,B,D,D,0,0,32,D) Stop
Egocentric Navigation,133,D,B,B,0,0,32,B
Egocentric Navigation,134,B,B,B,1,1,32,B) Move forward
Egocentric Navigation,135,C,A,A,0,0,40,A) Stop
Egocentric Navigation,136,B,A,A,0,0,40,A) Turn right and move forward
Egocentric Navigation,137,B,D,D,0,0,32,D) Stop
Egocentric Navigation,138,A,B,B,0,0,40,B) Stop
Egocentric Navigation,139,A,B,B,0,0,32,B
Egocentric Navigation,140,C,A,A,0,0,32,A) Turn right and move forward
Egocentric Navigation,141,B,D,D,0,0,32,D) Turn left and move forward
Egocentric Navigation,142,A,C,C,0,0,32,C) Stop
Egocentric Navigation,143,A,A,A,1,1,48,A) Move forward
Egocentric Navigation,144,C,A,A,0,0,40,A) Stop
Egocentric Navigation,145,A,D,D,0,0,24,D) Turn right and move forward
Egocentric Navigation,146,B,C,C,0,0,32,C) Turn left and move forward
Egocentric Navigation,147,C,B,B,0,0,32,B
Egocentric Navigation,148,B,D,D,0,0,32,D) Stop
Egocentric Navigation,149,D,B,B,0,0,56,B
Egocentric Navigation,150,C,D,D,0,0,48,D) Move forward
Egocentric Navigation,151,B,B,B,1,1,32,B) Stop
Egocentric Navigation,152,D,D,D,1,1,56,D) Stop
Egocentric Navigation,153,B,B,B,1,1,64,B
Egocentric Navigation,154,C,C,C,1,1,48,C) Stop
Egocentric Navigation,155,A,A,A,1,1,56,A) Stop
Egocentric Navigation,156,D,D,D,1,1,48,D) Stop
Egocentric Navigation,157,B,B,B,1,1,56,B) Stop
Egocentric Navigation,158,B,A,A,0,0,48,A) Turn left and move forward
Egocentric Navigation,159,A,D,D,0,0,64,D) Turn right and move forward
Egocentric Navigation,160,A,A,A,1,1,56,A) Stop
Egocentric Navigation,161,A,A,A,1,1,24,A) Stop
Egocentric Navigation,162,C,C,C,1,1,24,C) Stop
Egocentric Navigation,163,A,A,A,1,1,48,A) Stop
Egocentric Navigation,164,A,C,C,0,0,48,C) Move forward
Egocentric Navigation,165,A,C,C,0,0,48,C
Egocentric Navigation,166,A,A,A,1,1,48,A) Stop
Egocentric Navigation,167,B,B,B,1,1,32,B
Egocentric Navigation,168,D,D,D,1,1,48,D) Stop
Egocentric Navigation,169,C,A,A,0,0,40,A) Move forward
Egocentric Navigation,170,A,A,A,1,1,56,A) Stop
Egocentric Navigation,171,D,D,D,1,1,56,D) Stop
Egocentric Navigation,172,A,A,A,1,1,40,A) Stop
Egocentric Navigation,173,A,A,A,1,1,40,A) Stop
Egocentric Navigation,174,D,A,A,0,0,32,A) Turn left and move forward
Egocentric Navigation,175,C,C,C,1,1,24,C) Stop
Egocentric Navigation,176,A,B,B,0,0,40,B
Egocentric Navigation,177,C,C,C,1,1,48,C) Stop
Egocentric Navigation,178,A,A,A,1,1,56,A) Stop
Egocentric Navigation,179,A,A,A,1,1,32,A) Stop
Egocentric Navigation,180,C,C,C,1,1,32,C) Stop
Egocentric Navigation,181,A,A,A,1,1,40,A) Stop
Egocentric Navigation,182,B,B,B,1,1,40,B
Egocentric Navigation,183,B,B,B,1,1,56,B) Stop
Egocentric Navigation,184,A,B,B,0,0,24,B
Egocentric Navigation,185,B,B,B,1,1,64,B
Egocentric Navigation,186,B,B,B,1,1,32,B
Egocentric Navigation,187,D,D,D,1,1,32,D) Stop
Egocentric Navigation,188,B,B,B,1,1,64,B) Stop
Egocentric Navigation,189,C,C,C,1,1,56,C) Stop
Egocentric Navigation,190,C,B,B,0,0,24,B
Egocentric Navigation,191,C,C,C,1,1,48,C) Stop
Egocentric Navigation,192,C,C,C,1,1,48,C) Stop
Egocentric Navigation,193,B,B,B,1,1,32,B
Egocentric Navigation,194,A,A,A,1,1,40,A) Stop
Egocentric Navigation,195,C,C,C,1,1,48,C) Stop
Egocentric Navigation,196,D,B,B,0,0,56,B
Egocentric Navigation,197,D,D,D,1,1,40,D) Stop
Egocentric Navigation,198,D,D,D,1,1,56,D) Stop
Egocentric Navigation,199,D,D,D,1,1,48,D) Stop
Counterfactual Inference,0,D,D,D,1,1,64,D) The cyan rubber cube collides with the sphere
Counterfactual Inference,1,A,A,A,1,1,64,A) The yellow object and the brown cylinder collide
Counterfactual Inference,2,A,C,C,0,0,64,C) The rubber cube and the blue object collide
Counterfactual Inference,3,D,A,A,0,0,64,A) The red object and the brown cylinder collide
Counterfactual Inference,4,D,D,D,1,1,64,D) The purple metal object and the purple rubber cylinder collide
Counterfactual Inference,5,B,B,B,1,1,64,B
Counterfactual Inference,6,B,B,B,1,1,64,B) The brown object and the red object collide
Counterfactual Inference,7,B,B,B,1,1,64,B
Counterfactual Inference,8,B,B,B,1,1,64,B) The metal sphere and the cylinder collide
Counterfactual Inference,9,B,C,C,0,0,64,C) The cube and the metal cylinder collide
Counterfactual Inference,10,A,A,A,1,1,64,A) The cylinder and the cube collide
Counterfactual Inference,11,B,B,B,1,1,64,B
Counterfactual Inference,12,A,A,A,1,1,64,A) The green cylinder and the red cylinder collide
Counterfactual Inference,13,C,A,A,0,0,64,A) The gray metal object collides with the rubber cylinder
Counterfactual Inference,14,B,B,B,1,1,64,B
Counterfactual Inference,15,D,A,A,0,0,64,A) The red object collides with the rubber cube
Counterfactual Inference,16,A,A,A,1,1,64,A) The metal cylinder collides with the rubber cylinder
Counterfactual Inference,17,A,A,A,1,1,64,A) The sphere collides with the yellow cylinder
Counterfactual Inference,18,A,A,A,1,1,64,A) The gray object collides with the cyan object
Counterfactual Inference,19,B,B,B,1,1,64,B) The cyan cylinder and the yellow cylinder collide
Counterfactual Inference,20,A,D,D,0,0,64,D) The yellow cube and the blue cube collide
Counterfactual Inference,21,B,C,C,0,0,64,C) The sphere and the rubber object collide
Counterfactual Inference,22,C,C,C,1,1,64,C) The gray cube collides with the sphere
Counterfactual Inference,23,B,B,B,1,1,64,B
Counterfactual Inference,24,A,A,A,1,1,64,A) The brown cylinder and the sphere collide
Counterfactual Inference,25,A,A,A,1,1,64,A) The yellow sphere and the red object collide
Counterfactual Inference,26,A,A,A,1,1,64,A) The rubber sphere and the green sphere collide
Counterfactual Inference,27,A,A,A,1,1,64,A) The cylinder and the metal sphere collide
Counterfactual Inference,28,A,A,A,1,1,64,A) The green object collides with the yellow sphere
Counterfactual Inference,29,C,C,C,1,1,64,C) The brown cylinder and the cyan sphere collide
Counterfactual Inference,30,D,D,D,1,1,64,D) The gray cube and the red cube collide
Counterfactual Inference,31,A,B,B,0,0,64,B
Counterfactual Inference,32,A,D,D,0,0,64,D) The cyan cylinder collides with the blue object
Counterfactual Inference,33,C,C,C,1,1,64,C) The brown object collides with the red sphere
Counterfactual Inference,34,C,C,C,1,1,64,C) The metal cylinder collides with the cyan object
Counterfactual Inference,35,B,B,B,1,1,64,B
Counterfactual Inference,36,D,D,D,1,1,64,D) The cyan object and the brown sphere collide
Counterfactual Inference,37,B,B,B,1,1,64,B
Counterfactual Inference,38,A,A,A,1,1,64,A) The sphere and the brown object collide
Counterfactual Inference,39,A,A,A,1,1,64,A) The blue metal sphere and the gray sphere collide
Counterfactual Inference,40,B,B,B,1,1,64,B) The yellow object and the cylinder collide
Counterfactual Inference,41,C,C,C,1,1,64,C) The cube collides with the purple cylinder
Counterfactual Inference,42,B,A,A,0,0,64,A) The brown cylinder collides with the cyan cylinder
Counterfactual Inference,43,A,C,C,0,0,64,C) The cylinder collides with the cyan cube
Counterfactual Inference,44,A,A,A,1,1,64,A) The blue cylinder collides with the cyan cylinder
Counterfactual Inference,45,B,A,A,0,0,64,A) The brown sphere collides with the rubber sphere
Counterfactual Inference,46,C,C,C,1,1,64,C) The brown cylinder collides with the yellow object
Counterfactual Inference,47,D,A,A,0,0,64,A) The metal cylinder collides with the rubber sphere
Counterfactual Inference,48,B,B,B,1,1,64,B
Counterfactual Inference,49,B,B,B,1,1,64,B
Counterfactual Inference,50,B,B,B,1,1,64,B
Counterfactual Inference,51,D,D,D,1,1,64,D) The red object collides with the gray cube
Counterfactual Inference,52,A,A,A,1,1,64,A) The gray cube and the blue object collide
Counterfactual Inference,53,C,C,C,1,1,64,C) The yellow cylinder and the purple metal cube collide
Counterfactual Inference,54,D,B,B,0,0,64,B) The metal cylinder and the green object collide
Counterfactual Inference,55,A,A,A,1,1,64,A) The green object and the blue cylinder collide
Counterfactual Inference,56,A,A,A,1,1,64,A) The green cylinder and the gray sphere collide
Counterfactual Inference,57,B,B,B,1,1,64,B
Counterfactual Inference,58,B,C,C,0,0,64,C) The red sphere and the cube collide
Counterfactual Inference,59,C,C,C,1,1,64,C) The yellow object and the blue cylinder collide
Counterfactual Inference,60,B,B,B,1,1,64,B
Counterfactual Inference,61,C,C,C,1,1,64,C) The sphere collides with the cylinder
Counterfactual Inference,62,B,B,B,1,1,64,B
Counterfactual Inference,63,B,C,C,0,0,64,C) The cylinder and the gray sphere collide
Counterfactual Inference,64,C,C,C,1,1,64,C) The yellow sphere collides with the green sphere
Counterfactual Inference,65,A,A,A,1,1,64,A) The yellow object and the purple object collide
Counterfactual Inference,66,D,D,D,1,1,64,D) The cyan object and the cylinder collide
Counterfactual Inference,67,A,A,A,1,1,64,A) The purple cylinder collides with the cube
Counterfactual Inference,68,A,A,A,1,1,64,A) The cyan cube collides with the brown cylinder
Counterfactual Inference,69,D,D,D,1,1,64,D) The metal cube collides with the cylinder
Counterfactual Inference,70,C,C,C,1,1,64,C) The green object and the rubber sphere collide
Counterfactual Inference,71,C,C,C,1,1,64,C) The cube and the yellow sphere collide
Counterfactual Inference,72,A,A,A,1,1,64,A) The metal cylinder collides with the metal sphere
Counterfactual Inference,73,A,A,A,1,1,64,A) The cyan object and the cylinder collide
Counterfactual Inference,74,D,D,D,1,1,64,D) The cyan sphere and the yellow cylinder collide
Counterfactual Inference,75,C,C,C,1,1,64,C) The red cube and the yellow object collide
Counterfactual Inference,76,C,C,C,1,1,64,C) The metal object collides with the green cylinder
Counterfactual Inference,77,C,C,C,1,1,64,C) The green sphere and the gray object collide
Counterfactual Inference,78,C,D,D,0,0,64,D) The cube collides with the gray cylinder
Counterfactual Inference,79,B,B,B,1,1,64,B
Counterfactual Inference,80,A,A,A,1,1,64,A) The blue object collides with the red cylinder
Counterfactual Inference,81,A,A,A,1,1,64,(A) The cube collides with the gray cylinder
Counterfactual Inference,82,B,B,B,1,1,64,B) The brown sphere and the blue cylinder collide
Counterfactual Inference,83,B,B,B,1,1,64,B
Counterfactual Inference,84,A,A,A,1,1,64,A) The sphere and the yellow cylinder collide
Counterfactual Inference,85,A,A,A,1,1,64,A) The cyan cylinder collides with the brown cylinder
Counterfactual Inference,86,A,A,A,1,1,64,A) The blue cube and the purple object collide
Counterfactual Inference,87,C,C,C,1,1,64,C) The yellow object and the purple object collide
Counterfactual Inference,88,B,B,B,1,1,64,B
Counterfactual Inference,89,A,A,A,1,1,64,A) The cube and the gray sphere collide
Counterfactual Inference,90,B,C,C,0,0,64,C) The yellow cylinder collides with the gray cylinder
Counterfactual Inference,91,B,B,B,1,1,64,B
Counterfactual Inference,92,A,A,A,1,1,64,A) The cyan object and the green object collide
Counterfactual Inference,93,B,B,B,1,1,64,B
Counterfactual Inference,94,D,D,D,1,1,64,D) The cyan sphere collides with the gray sphere
Counterfactual Inference,95,D,D,D,1,1,64,D) The purple object and the cube collide
Counterfactual Inference,96,B,B,B,1,1,64,B
Counterfactual Inference,97,A,A,A,1,1,64,A) The yellow object and the green cylinder collide
Counterfactual Inference,98,A,A,A,1,1,64,A) The rubber cylinder collides with the cube
Counterfactual Inference,99,A,A,A,1,1,64,A) The red object and the brown cylinder collide
Counterfactual Inference,100,B,B,B,1,1,64,B
Counterfactual Inference,101,D,D,D,1,1,64,D) The brown object and the yellow sphere collide
Counterfactual Inference,102,D,D,D,1,1,64,D) The brown object collides with the red cylinder
Counterfactual Inference,103,A,A,A,1,1,64,A) The blue cube and the cylinder collide
Counterfactual Inference,104,B,B,B,1,1,64,B
Counterfactual Inference,105,D,D,D,1,1,64,D) The green object and the blue sphere collide
Counterfactual Inference,106,A,C,C,0,0,64,C) The red object collides with the cube
Counterfactual Inference,107,C,C,C,1,1,64,C) The brown cube and the purple object collide
Counterfactual Inference,108,A,A,A,1,1,64,A) The yellow cube collides with the yellow sphere
Counterfactual Inference,109,A,B,B,0,0,64,B) The blue sphere and the blue cube collide
Counterfactual Inference,110,B,A,A,0,0,64,A) The cube collides with the cyan sphere
Counterfactual Inference,111,A,A,A,1,1,64,A) The brown cube and the sphere collide
Counterfactual Inference,112,A,A,A,1,1,64,A
Counterfactual Inference,113,C,C,C,1,1,64,C) The metal sphere collides with the blue cylinder
Counterfactual Inference,114,C,C,C,1,1,64,C) The rubber cylinder and the metal cube collide
Counterfactual Inference,115,B,B,B,1,1,64,B
Counterfactual Inference,116,B,B,B,1,1,64,B
Counterfactual Inference,117,A,B,B,0,0,64,B
Counterfactual Inference,118,C,C,C,1,1,64,C) The metal object collides with the cyan cylinder
Counterfactual Inference,119,D,B,B,0,0,64,B) The cyan cube and the blue metal sphere collide
Counterfactual Inference,120,B,B,B,1,1,64,B
Counterfactual Inference,121,B,C,C,0,0,64,C) The cube collides with the metal sphere
Counterfactual Inference,122,A,B,B,0,0,64,B
Counterfactual Inference,123,C,C,C,1,1,64,C) The cyan cylinder collides with the cube
Counterfactual Inference,124,B,B,B,1,1,64,B) The gray sphere and the brown cube collide
Counterfactual Inference,125,A,A,A,1,1,64,A) The sphere and the yellow object collide
Counterfactual Inference,126,A,C,C,0,0,64,C) The cyan cube collides with the blue object
Counterfactual Inference,127,B,B,B,1,1,64,B
Counterfactual Inference,128,B,B,B,1,1,64,B
Counterfactual Inference,129,D,D,D,1,1,64,D) The sphere and the brown cylinder collide
Counterfactual Inference,130,A,A,A,1,1,64,A) The green sphere collides with the brown sphere
Counterfactual Inference,131,B,B,B,1,1,64,B
Counterfactual Inference,132,D,D,D,1,1,64,D) The cube collides with the red sphere
Counterfactual Inference,133,C,A,A,0,0,64,A) The sphere and the rubber cylinder collide
Counterfactual Inference,134,A,A,A,1,1,64,A) The cube collides with the blue object
Counterfactual Inference,135,A,A,A,1,1,64,A) The gray cylinder and the yellow object collide
Counterfactual Inference,136,A,A,A,1,1,64,A) The purple cylinder collides with the blue object
Counterfactual Inference,137,A,A,A,1,1,64,A) The cyan object and the brown cube collide
Counterfactual Inference,138,B,B,B,1,1,64,B) The gray object collides with the metal cube
Counterfactual Inference,139,C,C,C,1,1,64,C) The brown object and the yellow sphere collide
Counterfactual Inference,140,B,B,B,1,1,64,B
Counterfactual Inference,141,B,B,B,1,1,64,B
Counterfactual Inference,142,A,A,A,1,1,64,A) The purple sphere collides with the cyan sphere
Counterfactual Inference,143,B,B,B,1,1,64,B
Counterfactual Inference,144,C,C,C,1,1,64,C) The rubber sphere and the gray object collide
Counterfactual Inference,145,D,D,D,1,1,64,D) The purple cube and the red object collide
Counterfactual Inference,146,B,C,C,0,0,64,C) The metal cylinder collides with the rubber cylinder
Counterfactual Inference,147,A,A,A,1,1,64,A) The rubber sphere collides with the purple sphere
Counterfactual Inference,148,D,D,D,1,1,64,D) The yellow object and the cyan object collide
Counterfactual Inference,149,A,C,C,0,0,64,C) The cylinder and the metal object collide
Counterfactual Inference,150,B,B,B,1,1,64,B
Counterfactual Inference,151,A,A,A,1,1,64,A) The rubber cylinder collides with the sphere
Counterfactual Inference,152,A,A,A,1,1,64,A) The purple object collides with the gray sphere
Counterfactual Inference,153,A,A,A,1,1,64,A) The gray cylinder collides with the sphere
Counterfactual Inference,154,A,A,A,1,1,64,A) The rubber cylinder collides with the yellow object
Counterfactual Inference,155,B,B,B,1,1,64,B
Counterfactual Inference,156,B,B,B,1,1,64,B
Counterfactual Inference,157,A,A,A,1,1,64,A) The red object collides with the sphere
Counterfactual Inference,158,B,B,B,1,1,64,B) The red object and the yellow sphere collide
Counterfactual Inference,159,B,B,B,1,1,64,B
Counterfactual Inference,160,A,A,A,1,1,64,A) The blue object collides with the purple cylinder
Counterfactual Inference,161,A,A,A,1,1,64,A) The rubber cube collides with the gray object
Counterfactual Inference,162,A,A,A,1,1,64,A) The cyan cylinder collides with the yellow cylinder
Counterfactual Inference,163,B,B,B,1,1,64,B
Counterfactual Inference,164,A,A,A,1,1,64,A) The green object and the metal cylinder collide
Counterfactual Inference,165,C,C,C,1,1,64,C) The cube collides with the green cylinder
Counterfactual Inference,166,B,B,B,1,1,64,B
Counterfactual Inference,167,C,C,C,1,1,64,C) The gray cylinder collides with the yellow cylinder
Counterfactual Inference,168,B,B,B,1,1,64,B
Counterfactual Inference,169,A,A,A,1,1,64,A
Counterfactual Inference,170,A,A,A,1,1,64,A) The cyan object and the red cylinder collide
Counterfactual Inference,171,A,A,A,1,1,64,A) The blue cylinder collides with the rubber cube
Counterfactual Inference,172,A,A,A,1,1,64,A) The cube and the gray cylinder collide
Counterfactual Inference,173,D,D,D,1,1,64,D) The brown sphere and the gray cylinder collide
Counterfactual Inference,174,D,D,D,1,1,64,D) The blue cube and the brown object collide
Counterfactual Inference,175,A,C,C,0,0,64,C) The red sphere collides with the cylinder
Counterfactual Inference,176,A,C,C,0,0,64,C) The rubber cylinder collides with the green object
Counterfactual Inference,177,A,A,A,1,1,64,A) The red object and the cyan sphere collide
Counterfactual Inference,178,D,D,D,1,1,64,D) The sphere collides with the metal cube
Counterfactual Inference,179,B,B,B,1,1,64,B) The cylinder and the metal object collide
Counterfactual Inference,180,A,A,A,1,1,64,A) The metal object collides with the gray object
Counterfactual Inference,181,C,C,C,1,1,64,C) The yellow cylinder collides with the gray object
Counterfactual Inference,182,A,A,A,1,1,64,A
Counterfactual Inference,183,C,D,D,0,0,64,D) The blue sphere collides with the metal sphere
Counterfactual Inference,184,A,A,A,1,1,64,A
Counterfactual Inference,185,B,B,B,1,1,64,B) The yellow cube collides with the cylinder
Counterfactual Inference,186,A,A,A,1,1,64,A) The yellow cylinder collides with the yellow cube
Counterfactual Inference,187,A,A,A,1,1,64,A) The gray cube and the sphere collide
Counterfactual Inference,188,A,A,A,1,1,64,A) The cube and the brown cylinder collide
Counterfactual Inference,189,B,B,B,1,1,64,B) The brown object collides with the cube
Counterfactual Inference,190,A,C,C,0,0,64,C) The cyan cylinder collides with the sphere
Counterfactual Inference,191,A,A,A,1,1,64,A) The yellow sphere collides with the gray cylinder
Counterfactual Inference,192,D,D,D,1,1,64,D) The cyan sphere and the rubber sphere collide
Counterfactual Inference,193,B,B,B,1,1,64,B
Counterfactual Inference,194,B,B,B,1,1,64,B) The cube and the blue object collide
Counterfactual Inference,195,D,D,D,1,1,64,D) The green sphere collides with the red sphere
Counterfactual Inference,196,D,D,D,1,1,64,D) The metal sphere and the brown sphere collide
Counterfactual Inference,197,A,D,D,0,0,64,D) The blue object collides with the yellow object
Counterfactual Inference,198,B,B,B,1,1,64,B
Counterfactual Inference,199,C,C,C,1,1,64,C) The gray object collides with the sphere
