layer,accuracy,std,stage
0,0.923076923076923,0.15384615384615383,llm
3,0.923076923076923,0.15384615384615383,llm
6,0.923076923076923,0.15384615384615383,llm
9,0.923076923076923,0.15384615384615383,llm
12,0.923076923076923,0.15384615384615383,llm
15,0.923076923076923,0.15384615384615383,llm
18,0.923076923076923,0.15384615384615383,llm
21,0.923076923076923,0.15384615384615383,llm
24,0.923076923076923,0.15384615384615383,llm
27,0.923076923076923,0.15384615384615383,llm
