layer,accuracy,std,stage
0,0.46153846153846156,0.0,llm
4,0.46153846153846156,0.0,llm
8,0.46153846153846156,0.0,llm
12,0.46153846153846156,0.0,llm
16,0.46153846153846156,0.0,llm
20,0.46153846153846156,0.0,llm
24,0.46153846153846156,0.0,llm
28,0.46153846153846156,0.0,llm
31,0.46153846153846156,0.0,llm
